ISO-10303-21;
HEADER;
/* Generated by software containing ST-Developer
 * from STEP Tools, Inc. (www.steptools.com) 
 */

FILE_DESCRIPTION(
/* description */ (''),
/* implementation_level */ '2;1');

FILE_NAME(
/* name */ 'handle_inside.stp',
/* time_stamp */ '2026-01-23T14:07:50+09:00',
/* author */ ('hibik'),
/* organization */ (''),
/* preprocessor_version */ 'ST-DEVELOPER v20.1',
/* originating_system */ 'Autodesk Inventor 2026',
/* authorisation */ '');

FILE_SCHEMA (('AUTOMOTIVE_DESIGN { 1 0 10303 214 3 1 1 }'));
ENDSEC;

DATA;
#10=MECHANICAL_DESIGN_GEOMETRIC_PRESENTATION_REPRESENTATION('',(#13),#9929);
#11=SHAPE_REPRESENTATION_RELATIONSHIP('SRR','None',#9936,#12);
#12=ADVANCED_BREP_SHAPE_REPRESENTATION('',(#14),#9928);
#13=STYLED_ITEM('',(#9946),#14);
#14=MANIFOLD_SOLID_BREP('\X2\30BD30EA30C330C9\X0\1',#3839);
#15=(
BOUNDED_SURFACE()
B_SPLINE_SURFACE(2,2,((#9481,#9482,#9483),(#9484,#9485,#9486),(#9487,#9488,
#9489)),.UNSPECIFIED.,.F.,.F.,.F.)
B_SPLINE_SURFACE_WITH_KNOTS((3,3),(3,3),(-1.5707963267949,7.79479986889264E-15),
(-1.5707963267949,1.77647830969093E-15),.UNSPECIFIED.)
GEOMETRIC_REPRESENTATION_ITEM()
RATIONAL_B_SPLINE_SURFACE(((1.,0.707106781186547,1.),(0.707106781186533,
0.499999999999989,0.707106781186533),(1.,0.707106781186547,1.)))
REPRESENTATION_ITEM('')
SURFACE()
);
#16=(
BOUNDED_SURFACE()
B_SPLINE_SURFACE(1,2,((#9849,#9850,#9851),(#9852,#9853,#9854)),
 .UNSPECIFIED.,.F.,.F.,.F.)
B_SPLINE_SURFACE_WITH_KNOTS((2,2),(3,3),(0.0944476079848106,0.236119019962027),
(-2.37126381345215,-2.31253564126909),.UNSPECIFIED.)
GEOMETRIC_REPRESENTATION_ITEM()
RATIONAL_B_SPLINE_SURFACE(((1.,0.99956890620121,1.),(1.,0.99956890620121,
1.)))
REPRESENTATION_ITEM('')
SURFACE()
);
#17=(
BOUNDED_SURFACE()
B_SPLINE_SURFACE(1,2,((#9857,#9858,#9859),(#9860,#9861,#9862)),
 .UNSPECIFIED.,.F.,.F.,.F.)
B_SPLINE_SURFACE_WITH_KNOTS((2,2),(3,3),(0.09444760798481,0.236119019962025),
(2.93109204691908,3.04978975259345),.UNSPECIFIED.)
GEOMETRIC_REPRESENTATION_ITEM()
RATIONAL_B_SPLINE_SURFACE(((1.,0.998239373710308,1.),(1.,0.998239373710308,
1.)))
REPRESENTATION_ITEM('')
SURFACE()
);
#18=CONICAL_SURFACE('',#3947,20.,0.0698131700797732);
#19=CONICAL_SURFACE('',#3968,20.,0.0698131700797732);
#20=CONICAL_SURFACE('',#4074,20.,0.523598775598299);
#21=CONICAL_SURFACE('',#4089,20.,0.523598775598299);
#22=SPHERICAL_SURFACE('',#3931,3.99999999999999);
#23=SPHERICAL_SURFACE('',#3935,4.);
#24=SPHERICAL_SURFACE('',#3939,4.00000000000001);
#25=SPHERICAL_SURFACE('',#4103,0.999999999999997);
#26=SPHERICAL_SURFACE('',#4107,1.);
#27=SPHERICAL_SURFACE('',#4119,2.);
#28=B_SPLINE_SURFACE_WITH_KNOTS('',3,3,((#5181,#5182,#5183,#5184,#5185),
(#5186,#5187,#5188,#5189,#5190),(#5191,#5192,#5193,#5194,#5195),(#5196,
#5197,#5198,#5199,#5200),(#5201,#5202,#5203,#5204,#5205)),.UNSPECIFIED.,
 .F.,.F.,.F.,(4,1,4),(4,1,4),(0.,0.5,1.),(-0.255675549765253,0.881154744695492,
2.39692847064315),.UNSPECIFIED.);
#29=B_SPLINE_SURFACE_WITH_KNOTS('',3,3,((#5237,#5238,#5239,#5240),(#5241,
#5242,#5243,#5244),(#5245,#5246,#5247,#5248),(#5249,#5250,#5251,#5252)),
 .UNSPECIFIED.,.F.,.F.,.F.,(4,4),(4,4),(0.,1.),(0.,0.911414533875943),
 .UNSPECIFIED.);
#30=B_SPLINE_SURFACE_WITH_KNOTS('',3,3,((#5265,#5266,#5267,#5268),(#5269,
#5270,#5271,#5272),(#5273,#5274,#5275,#5276),(#5277,#5278,#5279,#5280)),
 .UNSPECIFIED.,.F.,.F.,.F.,(4,4),(4,4),(0.203244554351992,1.),(0.,1.),
 .UNSPECIFIED.);
#31=B_SPLINE_SURFACE_WITH_KNOTS('',3,3,((#5330,#5331,#5332,#5333),(#5334,
#5335,#5336,#5337),(#5338,#5339,#5340,#5341),(#5342,#5343,#5344,#5345)),
 .UNSPECIFIED.,.F.,.F.,.F.,(4,4),(4,4),(0.,1.),(0.,1.),.UNSPECIFIED.);
#32=B_SPLINE_SURFACE_WITH_KNOTS('',3,3,((#5347,#5348,#5349,#5350),(#5351,
#5352,#5353,#5354),(#5355,#5356,#5357,#5358),(#5359,#5360,#5361,#5362)),
 .UNSPECIFIED.,.F.,.F.,.F.,(4,4),(4,4),(0.,1.),(0.,1.),.UNSPECIFIED.);
#33=B_SPLINE_SURFACE_WITH_KNOTS('',3,3,((#5364,#5365,#5366,#5367),(#5368,
#5369,#5370,#5371),(#5372,#5373,#5374,#5375),(#5376,#5377,#5378,#5379)),
 .UNSPECIFIED.,.F.,.F.,.F.,(4,4),(4,4),(0.,1.),(0.,1.),.UNSPECIFIED.);
#34=B_SPLINE_SURFACE_WITH_KNOTS('',3,3,((#5383,#5384,#5385,#5386,#5387),
(#5388,#5389,#5390,#5391,#5392),(#5393,#5394,#5395,#5396,#5397),(#5398,
#5399,#5400,#5401,#5402),(#5403,#5404,#5405,#5406,#5407)),.UNSPECIFIED.,
 .F.,.F.,.F.,(4,1,4),(4,1,4),(0.,0.571428571428571,1.),(0.,0.319311833367072,
0.745060944523168),.UNSPECIFIED.);
#35=B_SPLINE_SURFACE_WITH_KNOTS('',3,3,((#5452,#5453,#5454,#5455),(#5456,
#5457,#5458,#5459),(#5460,#5461,#5462,#5463),(#5464,#5465,#5466,#5467),
(#5468,#5469,#5470,#5471)),.UNSPECIFIED.,.F.,.F.,.F.,(4,1,4),(4,4),(0.,
0.571428571428571,1.),(0.,1.65638522018248),.UNSPECIFIED.);
#36=B_SPLINE_SURFACE_WITH_KNOTS('',3,3,((#5483,#5484,#5485,#5486),(#5487,
#5488,#5489,#5490),(#5491,#5492,#5493,#5494),(#5495,#5496,#5497,#5498),
(#5499,#5500,#5501,#5502)),.UNSPECIFIED.,.F.,.F.,.F.,(4,1,4),(4,4),(0.,
0.571428571428571,1.),(0.,0.155642317400826),.UNSPECIFIED.);
#37=B_SPLINE_SURFACE_WITH_KNOTS('',3,3,((#5520,#5521,#5522,#5523,#5524),
(#5525,#5526,#5527,#5528,#5529),(#5530,#5531,#5532,#5533,#5534),(#5535,
#5536,#5537,#5538,#5539),(#5540,#5541,#5542,#5543,#5544)),.UNSPECIFIED.,
 .F.,.F.,.F.,(4,1,4),(4,1,4),(0.,0.571428571428571,1.),(0.,0.114853908586546,
0.267992453368606),.UNSPECIFIED.);
#38=B_SPLINE_SURFACE_WITH_KNOTS('',3,3,((#5558,#5559,#5560,#5561),(#5562,
#5563,#5564,#5565),(#5566,#5567,#5568,#5569),(#5570,#5571,#5572,#5573),
(#5574,#5575,#5576,#5577)),.UNSPECIFIED.,.F.,.F.,.F.,(4,1,4),(4,4),(0.,
0.571428571428571,1.),(0.,1.23265236863463),.UNSPECIFIED.);
#39=B_SPLINE_SURFACE_WITH_KNOTS('',3,3,((#5589,#5590,#5591,#5592,#5593,
#5594,#5595,#5596),(#5597,#5598,#5599,#5600,#5601,#5602,#5603,#5604),(#5605,
#5606,#5607,#5608,#5609,#5610,#5611,#5612),(#5613,#5614,#5615,#5616,#5617,
#5618,#5619,#5620),(#5621,#5622,#5623,#5624,#5625,#5626,#5627,#5628)),
 .UNSPECIFIED.,.F.,.F.,.F.,(4,1,4),(4,1,1,1,1,4),(0.,0.5,1.),(0.,0.486268830554748,
0.648358440739664,0.81044805092458,0.972537661109497,1.13462727129441),
 .UNSPECIFIED.);
#40=B_SPLINE_SURFACE_WITH_KNOTS('',3,3,((#5732,#5733,#5734,#5735),(#5736,
#5737,#5738,#5739),(#5740,#5741,#5742,#5743),(#5744,#5745,#5746,#5747),
(#5748,#5749,#5750,#5751)),.UNSPECIFIED.,.F.,.F.,.F.,(4,1,4),(4,4),(0.128764478918689,
0.502151130810679,1.),(2.03248553765026,2.51348976087213),.UNSPECIFIED.);
#41=B_SPLINE_SURFACE_WITH_KNOTS('',3,3,((#5784,#5785,#5786,#5787),(#5788,
#5789,#5790,#5791),(#5792,#5793,#5794,#5795),(#5796,#5797,#5798,#5799),
(#5800,#5801,#5802,#5803)),.UNSPECIFIED.,.F.,.F.,.F.,(4,1,4),(4,4),(0.,
0.571428571428571,1.),(8.41253044453065E-13,0.827690627095139),
 .UNSPECIFIED.);
#42=B_SPLINE_SURFACE_WITH_KNOTS('',3,3,((#5810,#5811,#5812,#5813),(#5814,
#5815,#5816,#5817),(#5818,#5819,#5820,#5821),(#5822,#5823,#5824,#5825)),
 .UNSPECIFIED.,.F.,.F.,.F.,(4,4),(4,4),(0.00971187637378987,0.0351583029859609),
(-0.128703990511225,-0.0873467835805061),.UNSPECIFIED.);
#43=B_SPLINE_SURFACE_WITH_KNOTS('',3,3,((#5841,#5842,#5843,#5844,#5845),
(#5846,#5847,#5848,#5849,#5850),(#5851,#5852,#5853,#5854,#5855),(#5856,
#5857,#5858,#5859,#5860)),.UNSPECIFIED.,.F.,.F.,.F.,(4,4),(4,1,4),(0.,1.),
(0.,0.157127638501599,0.366631156503731),.UNSPECIFIED.);
#44=B_SPLINE_SURFACE_WITH_KNOTS('',3,3,((#5912,#5913,#5914,#5915,#5916,
#5917),(#5918,#5919,#5920,#5921,#5922,#5923),(#5924,#5925,#5926,#5927,#5928,
#5929),(#5930,#5931,#5932,#5933,#5934,#5935)),.UNSPECIFIED.,.F.,.F.,.F.,
(4,4),(4,2,4),(0.,1.),(-0.000674708820828162,0.,0.119954874472592),
 .UNSPECIFIED.);
#45=B_SPLINE_SURFACE_WITH_KNOTS('',3,3,((#5952,#5953,#5954,#5955),(#5956,
#5957,#5958,#5959),(#5960,#5961,#5962,#5963),(#5964,#5965,#5966,#5967)),
 .UNSPECIFIED.,.F.,.F.,.F.,(4,4),(4,4),(0.,1.),(0.,0.0533488097583248),
 .UNSPECIFIED.);
#46=B_SPLINE_SURFACE_WITH_KNOTS('',3,3,((#5979,#5980,#5981,#5982,#5983,
#5984,#5985,#5986),(#5987,#5988,#5989,#5990,#5991,#5992,#5993,#5994),(#5995,
#5996,#5997,#5998,#5999,#6000,#6001,#6002),(#6003,#6004,#6005,#6006,#6007,
#6008,#6009,#6010)),.UNSPECIFIED.,.F.,.F.,.F.,(4,4),(4,1,1,2,4),(0.,1.),
(4.3496155629462E-11,1.84554929919159,2.46073239890762,3.07591549862366,
3.08305105554234),.UNSPECIFIED.);
#47=B_SPLINE_SURFACE_WITH_KNOTS('',3,3,((#6027,#6028,#6029,#6030),(#6031,
#6032,#6033,#6034),(#6035,#6036,#6037,#6038),(#6039,#6040,#6041,#6042)),
 .UNSPECIFIED.,.F.,.F.,.F.,(4,4),(4,4),(0.,1.),(0.245578645828605,1.),
 .UNSPECIFIED.);
#48=B_SPLINE_SURFACE_WITH_KNOTS('',3,3,((#6064,#6065,#6066,#6067),(#6068,
#6069,#6070,#6071),(#6072,#6073,#6074,#6075),(#6076,#6077,#6078,#6079)),
 .UNSPECIFIED.,.F.,.F.,.F.,(4,4),(4,4),(0.,1.),(0.0763105822123999,0.284132844919305),
 .UNSPECIFIED.);
#49=B_SPLINE_SURFACE_WITH_KNOTS('',3,3,((#6091,#6092,#6093,#6094,#6095,
#6096),(#6097,#6098,#6099,#6100,#6101,#6102),(#6103,#6104,#6105,#6106,#6107,
#6108),(#6109,#6110,#6111,#6112,#6113,#6114)),.UNSPECIFIED.,.F.,.F.,.F.,
(4,4),(4,2,4),(0.,1.),(-0.190606372257212,-0.189704868415231,0.),
 .UNSPECIFIED.);
#50=B_SPLINE_SURFACE_WITH_KNOTS('',3,3,((#6123,#6124,#6125,#6126),(#6127,
#6128,#6129,#6130),(#6131,#6132,#6133,#6134),(#6135,#6136,#6137,#6138),
(#6139,#6140,#6141,#6142)),.UNSPECIFIED.,.F.,.F.,.F.,(4,1,4),(4,4),(0.,
0.571428571428571,1.),(0.,0.204478475899218),.UNSPECIFIED.);
#51=B_SPLINE_SURFACE_WITH_KNOTS('',3,3,((#6149,#6150,#6151,#6152,#6153,
#6154,#6155,#6156,#6157,#6158,#6159),(#6160,#6161,#6162,#6163,#6164,#6165,
#6166,#6167,#6168,#6169,#6170),(#6171,#6172,#6173,#6174,#6175,#6176,#6177,
#6178,#6179,#6180,#6181),(#6182,#6183,#6184,#6185,#6186,#6187,#6188,#6189,
#6190,#6191,#6192),(#6193,#6194,#6195,#6196,#6197,#6198,#6199,#6200,#6201,
#6202,#6203)),.UNSPECIFIED.,.F.,.F.,.F.,(4,1,4),(4,1,1,1,1,1,2,4),(0.,0.571428571428571,
1.),(7.30748018813176E-12,0.598498651233966,1.79549595368728,2.09474527930061,
2.39399460491394,2.69324393052727,2.9924932561406,2.99661627322288),
 .UNSPECIFIED.);
#52=B_SPLINE_SURFACE_WITH_KNOTS('',3,3,((#6215,#6216,#6217,#6218),(#6219,
#6220,#6221,#6222),(#6223,#6224,#6225,#6226),(#6227,#6228,#6229,#6230)),
 .UNSPECIFIED.,.F.,.F.,.F.,(4,4),(4,4),(0.,1.),(0.,1.),.UNSPECIFIED.);
#53=B_SPLINE_SURFACE_WITH_KNOTS('',3,3,((#6277,#6278,#6279,#6280),(#6281,
#6282,#6283,#6284),(#6285,#6286,#6287,#6288),(#6289,#6290,#6291,#6292),
(#6293,#6294,#6295,#6296)),.UNSPECIFIED.,.F.,.F.,.F.,(4,1,4),(4,4),(0.,
0.571428571428571,1.),(0.286048138189266,0.813802893167415),
 .UNSPECIFIED.);
#54=B_SPLINE_SURFACE_WITH_KNOTS('',3,3,((#6315,#6316,#6317,#6318,#6319,
#6320,#6321,#6322),(#6323,#6324,#6325,#6326,#6327,#6328,#6329,#6330),(#6331,
#6332,#6333,#6334,#6335,#6336,#6337,#6338),(#6339,#6340,#6341,#6342,#6343,
#6344,#6345,#6346)),.UNSPECIFIED.,.F.,.F.,.F.,(4,4),(4,2,1,1,4),(0.,1.),
(-0.00477092705495874,0.,0.694579385597297,1.04186907839595,1.73644846399324),
 .UNSPECIFIED.);
#55=B_SPLINE_SURFACE_WITH_KNOTS('',3,3,((#6357,#6358,#6359,#6360),(#6361,
#6362,#6363,#6364),(#6365,#6366,#6367,#6368),(#6369,#6370,#6371,#6372)),
 .UNSPECIFIED.,.F.,.F.,.F.,(4,4),(4,4),(0.,1.),(4.81162500789122E-16,0.0768267734123874),
 .UNSPECIFIED.);
#56=B_SPLINE_SURFACE_WITH_KNOTS('',3,3,((#6379,#6380,#6381,#6382,#6383,
#6384),(#6385,#6386,#6387,#6388,#6389,#6390),(#6391,#6392,#6393,#6394,#6395,
#6396),(#6397,#6398,#6399,#6400,#6401,#6402)),.UNSPECIFIED.,.F.,.F.,.F.,
(4,4),(4,2,4),(0.,1.),(0.,1.53223322693975,1.5356569413981),
 .UNSPECIFIED.);
#57=B_SPLINE_SURFACE_WITH_KNOTS('',3,3,((#6409,#6410,#6411,#6412),(#6413,
#6414,#6415,#6416),(#6417,#6418,#6419,#6420),(#6421,#6422,#6423,#6424)),
 .UNSPECIFIED.,.F.,.F.,.F.,(4,4),(4,4),(0.217926675146843,0.996683656132562),
(-0.0632568384245108,1.),.UNSPECIFIED.);
#58=B_SPLINE_SURFACE_WITH_KNOTS('',3,3,((#6528,#6529,#6530,#6531),(#6532,
#6533,#6534,#6535),(#6536,#6537,#6538,#6539),(#6540,#6541,#6542,#6543),
(#6544,#6545,#6546,#6547)),.UNSPECIFIED.,.F.,.F.,.F.,(4,1,4),(4,4),(0.,
0.571428571428571,1.),(-0.0767808639594647,0.626888664371775),
 .UNSPECIFIED.);
#59=B_SPLINE_SURFACE_WITH_KNOTS('',3,3,((#6556,#6557,#6558,#6559,#6560,
#6561),(#6562,#6563,#6564,#6565,#6566,#6567),(#6568,#6569,#6570,#6571,#6572,
#6573),(#6574,#6575,#6576,#6577,#6578,#6579)),.UNSPECIFIED.,.F.,.F.,.F.,
(4,4),(4,2,4),(0.,1.),(-0.766626079703114,-0.763016521736479,0.0181618854195775),
 .UNSPECIFIED.);
#60=B_SPLINE_SURFACE_WITH_KNOTS('',3,3,((#6592,#6593,#6594,#6595,#6596),
(#6597,#6598,#6599,#6600,#6601),(#6602,#6603,#6604,#6605,#6606),(#6607,
#6608,#6609,#6610,#6611),(#6612,#6613,#6614,#6615,#6616)),.UNSPECIFIED.,
 .F.,.F.,.F.,(4,1,4),(4,1,4),(0.,0.571428571428571,1.),(1.35725352262181E-15,
0.158452707237403,0.369722983553938),.UNSPECIFIED.);
#61=B_SPLINE_SURFACE_WITH_KNOTS('',3,3,((#6633,#6634,#6635,#6636,#6637,
#6638),(#6639,#6640,#6641,#6642,#6643,#6644),(#6645,#6646,#6647,#6648,#6649,
#6650),(#6651,#6652,#6653,#6654,#6655,#6656)),.UNSPECIFIED.,.F.,.F.,.F.,
(4,4),(4,1,1,4),(0.,1.),(0.,0.254578873985726,0.424298123309543,0.59401737263336),
 .UNSPECIFIED.);
#62=B_SPLINE_SURFACE_WITH_KNOTS('',3,3,((#6672,#6673,#6674,#6675,#6676),
(#6677,#6678,#6679,#6680,#6681),(#6682,#6683,#6684,#6685,#6686),(#6687,
#6688,#6689,#6690,#6691)),.UNSPECIFIED.,.F.,.F.,.F.,(4,4),(4,1,4),(0.,1.),
(1.79215801017463E-11,0.113149208008122,0.264014818661723),
 .UNSPECIFIED.);
#63=B_SPLINE_SURFACE_WITH_KNOTS('',3,3,((#6705,#6706,#6707,#6708,#6709),
(#6710,#6711,#6712,#6713,#6714),(#6715,#6716,#6717,#6718,#6719),(#6720,
#6721,#6722,#6723,#6724)),.UNSPECIFIED.,.F.,.F.,.F.,(4,4),(4,1,4),(0.,1.),
(-1.40237067087943,-0.760313813758423,0.0957619957362588),.UNSPECIFIED.);
#64=B_SPLINE_SURFACE_WITH_KNOTS('',3,3,((#6745,#6746,#6747,#6748),(#6749,
#6750,#6751,#6752),(#6753,#6754,#6755,#6756),(#6757,#6758,#6759,#6760),
(#6761,#6762,#6763,#6764)),.UNSPECIFIED.,.F.,.F.,.F.,(4,1,4),(4,4),(0.0393112003293766,
0.451034971616787,1.),(-0.000373321472294547,1.),.UNSPECIFIED.);
#65=B_SPLINE_SURFACE_WITH_KNOTS('',3,3,((#6806,#6807,#6808,#6809),(#6810,
#6811,#6812,#6813),(#6814,#6815,#6816,#6817),(#6818,#6819,#6820,#6821),
(#6822,#6823,#6824,#6825)),.UNSPECIFIED.,.F.,.F.,.F.,(4,1,4),(4,4),(0.,
0.571428571428571,1.),(1.29781849169144,2.21479824196083),.UNSPECIFIED.);
#66=B_SPLINE_SURFACE_WITH_KNOTS('',3,3,((#6843,#6844,#6845,#6846),(#6847,
#6848,#6849,#6850),(#6851,#6852,#6853,#6854),(#6855,#6856,#6857,#6858)),
 .UNSPECIFIED.,.F.,.F.,.F.,(4,4),(4,4),(0.,1.),(0.27703178827794,0.549158197069852),
 .UNSPECIFIED.);
#67=B_SPLINE_SURFACE_WITH_KNOTS('',3,3,((#6865,#6866,#6867,#6868),(#6869,
#6870,#6871,#6872),(#6873,#6874,#6875,#6876),(#6877,#6878,#6879,#6880)),
 .UNSPECIFIED.,.F.,.F.,.F.,(4,4),(4,4),(0.0324516198746349,1.),(0.,0.0119034985690036),
 .UNSPECIFIED.);
#68=B_SPLINE_SURFACE_WITH_KNOTS('',3,3,((#6893,#6894,#6895,#6896,#6897),
(#6898,#6899,#6900,#6901,#6902),(#6903,#6904,#6905,#6906,#6907),(#6908,
#6909,#6910,#6911,#6912)),.UNSPECIFIED.,.F.,.F.,.F.,(4,4),(4,1,4),(0.,1.),
(0.380873272493502,1.11706364423786,2.09865080656368),.UNSPECIFIED.);
#69=B_SPLINE_SURFACE_WITH_KNOTS('',3,3,((#6922,#6923,#6924,#6925,#6926),
(#6927,#6928,#6929,#6930,#6931),(#6932,#6933,#6934,#6935,#6936),(#6937,
#6938,#6939,#6940,#6941),(#6942,#6943,#6944,#6945,#6946)),.UNSPECIFIED.,
 .F.,.F.,.F.,(4,1,4),(4,1,4),(0.,0.571428571428571,1.),(0.,0.55710690143227,
1.29991610334196),.UNSPECIFIED.);
#70=B_SPLINE_SURFACE_WITH_KNOTS('',3,3,((#6966,#6967,#6968,#6969,#6970),
(#6971,#6972,#6973,#6974,#6975),(#6976,#6977,#6978,#6979,#6980),(#6981,
#6982,#6983,#6984,#6985)),.UNSPECIFIED.,.F.,.F.,.F.,(4,4),(4,1,4),(0.,1.),
(0.480885535371001,0.829116707602057,1.29342493724347),.UNSPECIFIED.);
#71=B_SPLINE_SURFACE_WITH_KNOTS('',3,3,((#6991,#6992,#6993,#6994),(#6995,
#6996,#6997,#6998),(#6999,#7000,#7001,#7002),(#7003,#7004,#7005,#7006),
(#7007,#7008,#7009,#7010)),.UNSPECIFIED.,.F.,.F.,.F.,(4,1,4),(4,4),(0.,
0.571428571428571,1.),(0.573493328651991,1.87426808334828),
 .UNSPECIFIED.);
#72=B_SPLINE_SURFACE_WITH_KNOTS('',3,3,((#7021,#7022,#7023,#7024,#7025,
#7026),(#7027,#7028,#7029,#7030,#7031,#7032),(#7033,#7034,#7035,#7036,#7037,
#7038),(#7039,#7040,#7041,#7042,#7043,#7044),(#7045,#7046,#7047,#7048,#7049,
#7050)),.UNSPECIFIED.,.F.,.F.,.F.,(4,1,4),(4,1,1,4),(0.,0.571428571428571,
1.),(0.,0.144072076050303,0.43221622815091,1.00850453235212),
 .UNSPECIFIED.);
#73=B_SPLINE_SURFACE_WITH_KNOTS('',3,3,((#7062,#7063,#7064,#7065),(#7066,
#7067,#7068,#7069),(#7070,#7071,#7072,#7073),(#7074,#7075,#7076,#7077)),
 .UNSPECIFIED.,.F.,.F.,.F.,(4,4),(4,4),(0.188511982973076,0.78166624608148),
(0.345928452899989,0.931392868659535),.UNSPECIFIED.);
#74=B_SPLINE_SURFACE_WITH_KNOTS('',3,3,((#7084,#7085,#7086,#7087,#7088,
#7089,#7090,#7091),(#7092,#7093,#7094,#7095,#7096,#7097,#7098,#7099),(#7100,
#7101,#7102,#7103,#7104,#7105,#7106,#7107),(#7108,#7109,#7110,#7111,#7112,
#7113,#7114,#7115),(#7116,#7117,#7118,#7119,#7120,#7121,#7122,#7123)),
 .UNSPECIFIED.,.F.,.F.,.F.,(4,1,4),(4,1,1,1,1,4),(0.,0.571428571428571,
1.),(0.,0.084348490987238,0.126522736480857,0.253045472961714,0.42174245493619,
0.590439436910666),.UNSPECIFIED.);
#75=B_SPLINE_SURFACE_WITH_KNOTS('',3,3,((#7134,#7135,#7136,#7137,#7138,
#7139),(#7140,#7141,#7142,#7143,#7144,#7145),(#7146,#7147,#7148,#7149,#7150,
#7151),(#7152,#7153,#7154,#7155,#7156,#7157),(#7158,#7159,#7160,#7161,#7162,
#7163)),.UNSPECIFIED.,.F.,.F.,.F.,(4,1,4),(4,1,1,4),(0.,0.571428571428571,
1.),(17.2438683415522,17.6662603577472,18.0886523739422,18.7222403982347),
 .UNSPECIFIED.);
#76=B_SPLINE_SURFACE_WITH_KNOTS('',3,3,((#7176,#7177,#7178,#7179),(#7180,
#7181,#7182,#7183),(#7184,#7185,#7186,#7187),(#7188,#7189,#7190,#7191)),
 .UNSPECIFIED.,.F.,.F.,.F.,(4,4),(4,4),(0.608798459043695,1.),(-2.7054203082116E-14,
0.659727356826002),.UNSPECIFIED.);
#77=B_SPLINE_SURFACE_WITH_KNOTS('',3,3,((#7309,#7310,#7311,#7312,#7313,
#7314),(#7315,#7316,#7317,#7318,#7319,#7320),(#7321,#7322,#7323,#7324,#7325,
#7326),(#7327,#7328,#7329,#7330,#7331,#7332)),.UNSPECIFIED.,.F.,.F.,.F.,
(4,4),(4,1,1,4),(0.136619803916619,1.),(5.28181286273714E-14,0.0937667405259841,
0.14065011078895,0.328183591840812),.UNSPECIFIED.);
#78=B_SPLINE_SURFACE_WITH_KNOTS('',3,3,((#7339,#7340,#7341,#7342),(#7343,
#7344,#7345,#7346),(#7347,#7348,#7349,#7350),(#7351,#7352,#7353,#7354)),
 .UNSPECIFIED.,.F.,.F.,.F.,(4,4),(4,4),(0.0780468261548931,0.579485702312574),
(0.00650487175499313,0.64647141172164),.UNSPECIFIED.);
#79=B_SPLINE_SURFACE_WITH_KNOTS('',3,3,((#7355,#7356,#7357,#7358),(#7359,
#7360,#7361,#7362),(#7363,#7364,#7365,#7366),(#7367,#7368,#7369,#7370)),
 .UNSPECIFIED.,.F.,.F.,.F.,(4,4),(4,4),(0.,0.404764000366812),(-1.33200440854707E-16,
0.00857428293316893),.UNSPECIFIED.);
#80=B_SPLINE_SURFACE_WITH_KNOTS('',3,3,((#7379,#7380,#7381,#7382,#7383,
#7384,#7385),(#7386,#7387,#7388,#7389,#7390,#7391,#7392),(#7393,#7394,#7395,
#7396,#7397,#7398,#7399),(#7400,#7401,#7402,#7403,#7404,#7405,#7406),(#7407,
#7408,#7409,#7410,#7411,#7412,#7413)),.UNSPECIFIED.,.F.,.F.,.F.,(4,1,4),
(4,1,1,1,4),(0.,0.571428571428571,1.),(0.,0.172648812493971,0.345297624987942,
1.03589287496383,2.41708337491559),.UNSPECIFIED.);
#81=B_SPLINE_SURFACE_WITH_KNOTS('',3,3,((#7426,#7427,#7428,#7429),(#7430,
#7431,#7432,#7433),(#7434,#7435,#7436,#7437),(#7438,#7439,#7440,#7441)),
 .UNSPECIFIED.,.F.,.F.,.F.,(4,4),(4,4),(0.605049871669288,1.),(0.00859181090755163,
0.185021046350066),.UNSPECIFIED.);
#82=B_SPLINE_SURFACE_WITH_KNOTS('',3,3,((#7451,#7452,#7453,#7454,#7455),
(#7456,#7457,#7458,#7459,#7460),(#7461,#7462,#7463,#7464,#7465),(#7466,
#7467,#7468,#7469,#7470),(#7471,#7472,#7473,#7474,#7475),(#7476,#7477,#7478,
#7479,#7480),(#7481,#7482,#7483,#7484,#7485)),.UNSPECIFIED.,.F.,.F.,.F.,
(4,1,1,1,4),(4,1,4),(0.,0.285714285714286,0.571428571428571,0.857142857142857,
1.),(6.61675329077704,7.6044780623892,8.92144442453876),.UNSPECIFIED.);
#83=B_SPLINE_SURFACE_WITH_KNOTS('',3,3,((#7524,#7525,#7526,#7527),(#7528,
#7529,#7530,#7531),(#7532,#7533,#7534,#7535),(#7536,#7537,#7538,#7539)),
 .UNSPECIFIED.,.F.,.F.,.F.,(4,4),(4,4),(0.,0.18821155723574),(0.091028355397585,
0.990586622348148),.UNSPECIFIED.);
#84=B_SPLINE_SURFACE_WITH_KNOTS('',3,3,((#7563,#7564,#7565,#7566),(#7567,
#7568,#7569,#7570),(#7571,#7572,#7573,#7574),(#7575,#7576,#7577,#7578),
(#7579,#7580,#7581,#7582),(#7583,#7584,#7585,#7586)),.UNSPECIFIED.,.F.,
 .F.,.F.,(4,1,1,4),(4,4),(0.,0.285714285714286,0.571428571428571,1.),(0.,
1.),.UNSPECIFIED.);
#85=B_SPLINE_SURFACE_WITH_KNOTS('',3,3,((#7607,#7608,#7609,#7610),(#7611,
#7612,#7613,#7614),(#7615,#7616,#7617,#7618),(#7619,#7620,#7621,#7622)),
 .UNSPECIFIED.,.F.,.F.,.F.,(4,4),(4,4),(0.,0.229270840105741),(0.,1.),
 .UNSPECIFIED.);
#86=B_SPLINE_SURFACE_WITH_KNOTS('',3,3,((#7663,#7664,#7665,#7666),(#7667,
#7668,#7669,#7670),(#7671,#7672,#7673,#7674),(#7675,#7676,#7677,#7678)),
 .UNSPECIFIED.,.F.,.F.,.F.,(4,4),(4,4),(0.,1.),(0.,1.),.UNSPECIFIED.);
#87=B_SPLINE_SURFACE_WITH_KNOTS('',3,3,((#7682,#7683,#7684,#7685),(#7686,
#7687,#7688,#7689),(#7690,#7691,#7692,#7693),(#7694,#7695,#7696,#7697)),
 .UNSPECIFIED.,.F.,.F.,.F.,(4,4),(4,4),(0.,0.0077350569758336),(0.909013297158178,
1.),.UNSPECIFIED.);
#88=B_SPLINE_SURFACE_WITH_KNOTS('',3,3,((#7698,#7699,#7700,#7701),(#7702,
#7703,#7704,#7705),(#7706,#7707,#7708,#7709),(#7710,#7711,#7712,#7713)),
 .UNSPECIFIED.,.F.,.F.,.F.,(4,4),(4,4),(0.99873261179724,1.),(0.,0.0274356663981759),
 .UNSPECIFIED.);
#89=B_SPLINE_SURFACE_WITH_KNOTS('',3,3,((#7715,#7716,#7717,#7718),(#7719,
#7720,#7721,#7722),(#7723,#7724,#7725,#7726),(#7727,#7728,#7729,#7730),
(#7731,#7732,#7733,#7734),(#7735,#7736,#7737,#7738),(#7739,#7740,#7741,
#7742)),.UNSPECIFIED.,.F.,.F.,.F.,(4,1,1,1,4),(4,4),(0.,0.285714285714286,
0.571428571428571,0.714285714285714,1.),(0.,0.0639563284317582),
 .UNSPECIFIED.);
#90=B_SPLINE_SURFACE_WITH_KNOTS('',3,3,((#7748,#7749,#7750,#7751),(#7752,
#7753,#7754,#7755),(#7756,#7757,#7758,#7759),(#7760,#7761,#7762,#7763)),
 .UNSPECIFIED.,.F.,.F.,.F.,(4,4),(4,4),(0.,1.),(0.,0.063956328431764),
 .UNSPECIFIED.);
#91=B_SPLINE_SURFACE_WITH_KNOTS('',3,3,((#7765,#7766,#7767,#7768),(#7769,
#7770,#7771,#7772),(#7773,#7774,#7775,#7776),(#7777,#7778,#7779,#7780)),
 .UNSPECIFIED.,.F.,.F.,.F.,(4,4),(4,4),(0.,0.000738368857010122),(0.,0.0274356663981989),
 .UNSPECIFIED.);
#92=B_SPLINE_SURFACE_WITH_KNOTS('',3,3,((#7792,#7793,#7794,#7795),(#7796,
#7797,#7798,#7799),(#7800,#7801,#7802,#7803),(#7804,#7805,#7806,#7807)),
 .UNSPECIFIED.,.F.,.F.,.F.,(4,4),(4,4),(0.,1.),(0.417199098544436,0.487971218703701),
 .UNSPECIFIED.);
#93=B_SPLINE_SURFACE_WITH_KNOTS('',3,3,((#8021,#8022,#8023,#8024),(#8025,
#8026,#8027,#8028),(#8029,#8030,#8031,#8032),(#8033,#8034,#8035,#8036)),
 .UNSPECIFIED.,.F.,.F.,.F.,(4,4),(4,4),(0.,1.),(0.,1.),.UNSPECIFIED.);
#94=B_SPLINE_SURFACE_WITH_KNOTS('',3,3,((#8129,#8130,#8131,#8132),(#8133,
#8134,#8135,#8136),(#8137,#8138,#8139,#8140),(#8141,#8142,#8143,#8144),
(#8145,#8146,#8147,#8148)),.UNSPECIFIED.,.F.,.F.,.F.,(4,1,4),(4,4),(0.,
0.571428571428571,1.),(0.,1.),.UNSPECIFIED.);
#95=B_SPLINE_SURFACE_WITH_KNOTS('',3,3,((#8152,#8153,#8154,#8155),(#8156,
#8157,#8158,#8159),(#8160,#8161,#8162,#8163),(#8164,#8165,#8166,#8167)),
 .UNSPECIFIED.,.F.,.F.,.F.,(4,4),(4,4),(0.,1.),(0.,1.),.UNSPECIFIED.);
#96=B_SPLINE_SURFACE_WITH_KNOTS('',3,3,((#8169,#8170,#8171,#8172),(#8173,
#8174,#8175,#8176),(#8177,#8178,#8179,#8180),(#8181,#8182,#8183,#8184)),
 .UNSPECIFIED.,.F.,.F.,.F.,(4,4),(4,4),(0.0242971974203269,1.),(0.552624478545069,
1.),.UNSPECIFIED.);
#97=B_SPLINE_SURFACE_WITH_KNOTS('',3,3,((#8188,#8189,#8190,#8191),(#8192,
#8193,#8194,#8195),(#8196,#8197,#8198,#8199),(#8200,#8201,#8202,#8203)),
 .UNSPECIFIED.,.F.,.F.,.F.,(4,4),(4,4),(0.,1.),(0.500565645336525,1.),
 .UNSPECIFIED.);
#98=B_SPLINE_SURFACE_WITH_KNOTS('',3,3,((#8214,#8215,#8216,#8217),(#8218,
#8219,#8220,#8221),(#8222,#8223,#8224,#8225),(#8226,#8227,#8228,#8229)),
 .UNSPECIFIED.,.F.,.F.,.F.,(4,4),(4,4),(0.,1.),(0.,1.),.UNSPECIFIED.);
#99=B_SPLINE_SURFACE_WITH_KNOTS('',3,3,((#8235,#8236,#8237,#8238),(#8239,
#8240,#8241,#8242),(#8243,#8244,#8245,#8246),(#8247,#8248,#8249,#8250)),
 .UNSPECIFIED.,.F.,.F.,.F.,(4,4),(4,4),(0.,1.),(0.,1.),.UNSPECIFIED.);
#100=B_SPLINE_SURFACE_WITH_KNOTS('',3,3,((#8253,#8254,#8255,#8256),(#8257,
#8258,#8259,#8260),(#8261,#8262,#8263,#8264),(#8265,#8266,#8267,#8268),
(#8269,#8270,#8271,#8272)),.UNSPECIFIED.,.F.,.F.,.F.,(4,1,4),(4,4),(0.,
0.571428571428571,1.),(0.,1.),.UNSPECIFIED.);
#101=B_SPLINE_SURFACE_WITH_KNOTS('',3,3,((#8283,#8284,#8285,#8286),(#8287,
#8288,#8289,#8290),(#8291,#8292,#8293,#8294),(#8295,#8296,#8297,#8298),
(#8299,#8300,#8301,#8302),(#8303,#8304,#8305,#8306),(#8307,#8308,#8309,
#8310)),.UNSPECIFIED.,.F.,.F.,.F.,(4,1,1,1,4),(4,4),(0.,0.285714285714286,
0.571428571428571,0.714285714285714,1.),(0.,1.),.UNSPECIFIED.);
#102=B_SPLINE_SURFACE_WITH_KNOTS('',3,3,((#8312,#8313,#8314,#8315),(#8316,
#8317,#8318,#8319),(#8320,#8321,#8322,#8323),(#8324,#8325,#8326,#8327)),
 .UNSPECIFIED.,.F.,.F.,.F.,(4,4),(4,4),(0.,1.),(0.,1.),.UNSPECIFIED.);
#103=B_SPLINE_SURFACE_WITH_KNOTS('',3,3,((#8333,#8334,#8335,#8336),(#8337,
#8338,#8339,#8340),(#8341,#8342,#8343,#8344),(#8345,#8346,#8347,#8348)),
 .UNSPECIFIED.,.F.,.F.,.F.,(4,4),(4,4),(0.,1.),(0.,1.),.UNSPECIFIED.);
#104=B_SPLINE_SURFACE_WITH_KNOTS('',3,3,((#8362,#8363,#8364,#8365),(#8366,
#8367,#8368,#8369),(#8370,#8371,#8372,#8373),(#8374,#8375,#8376,#8377)),
 .UNSPECIFIED.,.F.,.F.,.F.,(4,4),(4,4),(0.,1.),(0.,1.),.UNSPECIFIED.);
#105=B_SPLINE_SURFACE_WITH_KNOTS('',3,3,((#8668,#8669,#8670,#8671,#8672),
(#8673,#8674,#8675,#8676,#8677),(#8678,#8679,#8680,#8681,#8682),(#8683,
#8684,#8685,#8686,#8687),(#8688,#8689,#8690,#8691,#8692)),.UNSPECIFIED.,
 .F.,.F.,.F.,(4,1,4),(4,1,4),(0.,0.571428571428571,1.),(0.578215850073801,
0.897817435378081,1.32395288245045),.UNSPECIFIED.);
#106=B_SPLINE_SURFACE_WITH_KNOTS('',3,3,((#8700,#8701,#8702,#8703),(#8704,
#8705,#8706,#8707),(#8708,#8709,#8710,#8711),(#8712,#8713,#8714,#8715),
(#8716,#8717,#8718,#8719)),.UNSPECIFIED.,.F.,.F.,.F.,(4,1,4),(4,4),(0.553004964066386,
0.744574265180792,1.),(0.0353274825357657,0.624130510681685),
 .UNSPECIFIED.);
#107=B_SPLINE_SURFACE_WITH_KNOTS('',3,3,((#8761,#8762,#8763,#8764,#8765),
(#8766,#8767,#8768,#8769,#8770),(#8771,#8772,#8773,#8774,#8775),(#8776,
#8777,#8778,#8779,#8780),(#8781,#8782,#8783,#8784,#8785),(#8786,#8787,#8788,
#8789,#8790)),.UNSPECIFIED.,.F.,.F.,.F.,(4,1,1,4),(4,1,4),(0.,0.285714285714286,
0.571428571428571,1.),(4.28146722290788,4.87597245015025,5.32185137058203),
 .UNSPECIFIED.);
#108=B_SPLINE_SURFACE_WITH_KNOTS('',3,3,((#8792,#8793,#8794,#8795,#8796,
#8797,#8798,#8799,#8800,#8801,#8802),(#8803,#8804,#8805,#8806,#8807,#8808,
#8809,#8810,#8811,#8812,#8813),(#8814,#8815,#8816,#8817,#8818,#8819,#8820,
#8821,#8822,#8823,#8824),(#8825,#8826,#8827,#8828,#8829,#8830,#8831,#8832,
#8833,#8834,#8835)),.UNSPECIFIED.,.F.,.F.,.F.,(4,4),(4,1,1,1,1,1,1,1,4),
(0.,1.),(1.41706237588967,1.6726762428479,1.92829010980613,2.05609704328524,
2.18390397676436,2.43951784372259,2.69513171068082,2.95074557763905,3.20635944459728),
 .UNSPECIFIED.);
#109=B_SPLINE_SURFACE_WITH_KNOTS('',3,3,((#8837,#8838,#8839,#8840,#8841),
(#8842,#8843,#8844,#8845,#8846),(#8847,#8848,#8849,#8850,#8851),(#8852,
#8853,#8854,#8855,#8856)),.UNSPECIFIED.,.F.,.F.,.F.,(4,4),(4,1,4),(0.,1.),
(0.,0.00923884500077988,0.0215573050018197),.UNSPECIFIED.);
#110=B_SPLINE_SURFACE_WITH_KNOTS('',3,3,((#8857,#8858,#8859,#8860,#8861,
#8862),(#8863,#8864,#8865,#8866,#8867,#8868),(#8869,#8870,#8871,#8872,#8873,
#8874),(#8875,#8876,#8877,#8878,#8879,#8880)),.UNSPECIFIED.,.F.,.F.,.F.,
(4,4),(4,2,4),(0.,1.),(-0.766566681605121,-0.765820412956276,-0.691702757151659),
 .UNSPECIFIED.);
#111=B_SPLINE_SURFACE_WITH_KNOTS('',3,3,((#8889,#8890,#8891,#8892,#8893),
(#8894,#8895,#8896,#8897,#8898),(#8899,#8900,#8901,#8902,#8903),(#8904,
#8905,#8906,#8907,#8908),(#8909,#8910,#8911,#8912,#8913)),.UNSPECIFIED.,
 .F.,.F.,.F.,(4,1,4),(4,1,4),(0.,0.5,1.),(1.96991073702954,2.06526937837506,
2.19241423350242),.UNSPECIFIED.);
#112=B_SPLINE_SURFACE_WITH_KNOTS('',3,3,((#8921,#8922,#8923,#8924,#8925,
#8926,#8927,#8928,#8929,#8930,#8931,#8932,#8933,#8934,#8935,#8936,#8937,
#8938,#8939,#8940,#8941,#8942,#8943,#8944,#8945),(#8946,#8947,#8948,#8949,
#8950,#8951,#8952,#8953,#8954,#8955,#8956,#8957,#8958,#8959,#8960,#8961,
#8962,#8963,#8964,#8965,#8966,#8967,#8968,#8969,#8970),(#8971,#8972,#8973,
#8974,#8975,#8976,#8977,#8978,#8979,#8980,#8981,#8982,#8983,#8984,#8985,
#8986,#8987,#8988,#8989,#8990,#8991,#8992,#8993,#8994,#8995),(#8996,#8997,
#8998,#8999,#9000,#9001,#9002,#9003,#9004,#9005,#9006,#9007,#9008,#9009,
#9010,#9011,#9012,#9013,#9014,#9015,#9016,#9017,#9018,#9019,#9020),(#9021,
#9022,#9023,#9024,#9025,#9026,#9027,#9028,#9029,#9030,#9031,#9032,#9033,
#9034,#9035,#9036,#9037,#9038,#9039,#9040,#9041,#9042,#9043,#9044,#9045)),
 .UNSPECIFIED.,.F.,.F.,.F.,(4,1,4),(4,2,1,1,1,1,1,1,1,1,1,1,1,1,1,1,1,1,
1,1,1,4),(0.,0.5,1.),(-0.173990203087663,-0.173751326584701,-0.173286683292933,
-0.172822040001165,-0.171892753417628,-0.170034180250555,-0.168175607083482,
-0.166317033916409,-0.162599887582263,-0.158882741248117,-0.151448448579824,
-0.144014155911532,-0.140297009577386,-0.129145570574947,-0.121711277906655,
-0.114276985238363,-0.0994083999017784,-0.0845398145651939,-0.0696712292286093,
-0.0548026438920248,-0.0399340585554402,-0.0250654732188557),
 .UNSPECIFIED.);
#113=B_SPLINE_SURFACE_WITH_KNOTS('',3,3,((#9194,#9195,#9196,#9197),(#9198,
#9199,#9200,#9201),(#9202,#9203,#9204,#9205),(#9206,#9207,#9208,#9209),
(#9210,#9211,#9212,#9213),(#9214,#9215,#9216,#9217)),.UNSPECIFIED.,.F.,
 .F.,.F.,(4,1,1,4),(4,4),(0.,0.285714285714286,0.571428571428571,1.),(1.3751358854131,
2.20489479397612),.UNSPECIFIED.);
#114=B_SPLINE_SURFACE_WITH_KNOTS('',3,3,((#9321,#9322,#9323,#9324,#9325,
#9326,#9327,#9328,#9329,#9330,#9331,#9332,#9333,#9334),(#9335,#9336,#9337,
#9338,#9339,#9340,#9341,#9342,#9343,#9344,#9345,#9346,#9347,#9348),(#9349,
#9350,#9351,#9352,#9353,#9354,#9355,#9356,#9357,#9358,#9359,#9360,#9361,
#9362),(#9363,#9364,#9365,#9366,#9367,#9368,#9369,#9370,#9371,#9372,#9373,
#9374,#9375,#9376),(#9377,#9378,#9379,#9380,#9381,#9382,#9383,#9384,#9385,
#9386,#9387,#9388,#9389,#9390),(#9391,#9392,#9393,#9394,#9395,#9396,#9397,
#9398,#9399,#9400,#9401,#9402,#9403,#9404)),.UNSPECIFIED.,.F.,.F.,.F.,(4,
1,1,4),(4,1,1,1,1,1,1,1,1,1,1,4),(0.,0.285714285714286,0.571428571428571,
1.),(-1.0792087041986,-0.925036032170232,-0.77086336014186,-0.616690688113488,
-0.462518016085116,-0.308345344056744,-0.154172672028372,-0.077086336014186,
-0.038543168007093,-0.0192715840035465,-0.00963579200177325,0.),
 .UNSPECIFIED.);
#115=B_SPLINE_SURFACE_WITH_KNOTS('',3,3,((#9444,#9445,#9446,#9447),(#9448,
#9449,#9450,#9451),(#9452,#9453,#9454,#9455),(#9456,#9457,#9458,#9459),
(#9460,#9461,#9462,#9463)),.UNSPECIFIED.,.F.,.F.,.F.,(4,1,4),(4,4),(0.,
0.571428571428571,1.),(4.02889902409494,4.8629531762388),.UNSPECIFIED.);
#116=B_SPLINE_SURFACE_WITH_KNOTS('',3,3,((#9522,#9523,#9524,#9525),(#9526,
#9527,#9528,#9529),(#9530,#9531,#9532,#9533),(#9534,#9535,#9536,#9537),
(#9538,#9539,#9540,#9541)),.UNSPECIFIED.,.F.,.F.,.F.,(4,1,4),(4,4),(0.,
0.571428571428571,1.),(1.31080699235724,4.03352547917748),.UNSPECIFIED.);
#117=B_SPLINE_SURFACE_WITH_KNOTS('',3,3,((#9549,#9550,#9551,#9552),(#9553,
#9554,#9555,#9556),(#9557,#9558,#9559,#9560),(#9561,#9562,#9563,#9564),
(#9565,#9566,#9567,#9568)),.UNSPECIFIED.,.F.,.F.,.F.,(4,1,4),(4,4),(0.,
0.5,1.),(-0.267893393681587,-0.195567301875822),.UNSPECIFIED.);
#118=B_SPLINE_SURFACE_WITH_KNOTS('',3,3,((#9571,#9572,#9573,#9574),(#9575,
#9576,#9577,#9578),(#9579,#9580,#9581,#9582),(#9583,#9584,#9585,#9586)),
 .UNSPECIFIED.,.F.,.F.,.F.,(4,4),(4,4),(0.,1.),(0.73417949547402,0.824420960017191),
 .UNSPECIFIED.);
#119=B_SPLINE_SURFACE_WITH_KNOTS('',3,3,((#9594,#9595,#9596,#9597),(#9598,
#9599,#9600,#9601),(#9602,#9603,#9604,#9605),(#9606,#9607,#9608,#9609),
(#9610,#9611,#9612,#9613),(#9614,#9615,#9616,#9617)),.UNSPECIFIED.,.F.,
 .F.,.F.,(4,1,1,4),(4,4),(0.,0.285714285714286,0.571428571428571,1.),(3.20002270988018,
3.50493725074321),.UNSPECIFIED.);
#120=B_SPLINE_SURFACE_WITH_KNOTS('',3,3,((#9637,#9638,#9639,#9640),(#9641,
#9642,#9643,#9644),(#9645,#9646,#9647,#9648),(#9649,#9650,#9651,#9652),
(#9653,#9654,#9655,#9656),(#9657,#9658,#9659,#9660),(#9661,#9662,#9663,
#9664)),.UNSPECIFIED.,.F.,.F.,.F.,(4,1,1,1,4),(4,4),(0.,0.285714285714286,
0.571428571428571,0.785714285714286,1.),(0.,0.55275328843916),
 .UNSPECIFIED.);
#121=B_SPLINE_SURFACE_WITH_KNOTS('',3,3,((#9673,#9674,#9675,#9676,#9677),
(#9678,#9679,#9680,#9681,#9682),(#9683,#9684,#9685,#9686,#9687),(#9688,
#9689,#9690,#9691,#9692),(#9693,#9694,#9695,#9696,#9697),(#9698,#9699,#9700,
#9701,#9702)),.UNSPECIFIED.,.F.,.F.,.F.,(4,1,1,4),(4,1,4),(0.0203530870325781,
0.30025220502327,0.580151323013962,1.),(9.64018658082953E-17,0.386643000857117,
0.90216700199994),.UNSPECIFIED.);
#122=B_SPLINE_SURFACE_WITH_KNOTS('',3,3,((#9712,#9713,#9714,#9715),(#9716,
#9717,#9718,#9719),(#9720,#9721,#9722,#9723),(#9724,#9725,#9726,#9727),
(#9728,#9729,#9730,#9731),(#9732,#9733,#9734,#9735)),.UNSPECIFIED.,.F.,
 .F.,.F.,(4,1,1,4),(4,4),(0.,0.285714285714286,0.571428571428571,1.),(0.948427838239876,
1.12182202239977),.UNSPECIFIED.);
#123=B_SPLINE_SURFACE_WITH_KNOTS('',3,3,((#9743,#9744,#9745,#9746),(#9747,
#9748,#9749,#9750),(#9751,#9752,#9753,#9754),(#9755,#9756,#9757,#9758)),
 .UNSPECIFIED.,.F.,.F.,.F.,(4,4),(4,4),(0.477761992503617,1.),(0.,0.399644255082359),
 .UNSPECIFIED.);
#124=B_SPLINE_SURFACE_WITH_KNOTS('',3,3,((#9769,#9770,#9771,#9772,#9773,
#9774),(#9775,#9776,#9777,#9778,#9779,#9780),(#9781,#9782,#9783,#9784,#9785,
#9786),(#9787,#9788,#9789,#9790,#9791,#9792),(#9793,#9794,#9795,#9796,#9797,
#9798),(#9799,#9800,#9801,#9802,#9803,#9804)),.UNSPECIFIED.,.F.,.F.,.F.,
(4,1,1,4),(4,1,1,4),(0.,0.285714285714286,0.571428571428571,1.),(0.252663168962776,
0.628934839238471,0.879782619422269,1.13063039960607),.UNSPECIFIED.);
#125=B_SPLINE_SURFACE_WITH_KNOTS('',3,3,((#9871,#9872,#9873,#9874,#9875),
(#9876,#9877,#9878,#9879,#9880),(#9881,#9882,#9883,#9884,#9885),(#9886,
#9887,#9888,#9889,#9890),(#9891,#9892,#9893,#9894,#9895),(#9896,#9897,#9898,
#9899,#9900)),.UNSPECIFIED.,.F.,.F.,.F.,(4,1,1,4),(4,1,4),(0.,0.285714285714286,
0.571428571428571,1.),(-1.5707963267949,-1.30406697455703,-0.948427838239876),
 .UNSPECIFIED.);
#126=ELLIPSE('',#3881,15.1244059150481,15.);
#127=ELLIPSE('',#3884,2.01658745533975,2.);
#128=ELLIPSE('',#3885,8.06634982135901,8.);
#129=ELLIPSE('',#3892,4.87563046383581,3.5);
#130=ELLIPSE('',#3893,7.98630253365939,3.5);
#131=ELLIPSE('',#3894,4.87563046383581,3.5);
#132=ELLIPSE('',#3898,14.4210005731465,12.5);
#133=ELLIPSE('',#3948,21.3707147653618,19.358145785572);
#134=ELLIPSE('',#3957,117.189802740179,15.);
#135=ELLIPSE('',#3959,117.189802740179,15.);
#136=ELLIPSE('',#3964,154.666328098641,27.866060828499);
#137=ELLIPSE('',#3965,50.1882820466024,48.);
#138=ELLIPSE('',#3966,33.4588546977349,32.);
#139=ELLIPSE('',#3970,10.9452153014055,8.99999999999999);
#140=ELLIPSE('',#3971,10.3078659372705,8.47592220716959);
#141=ELLIPSE('',#3972,11.52400097076,9.47592220716959);
#142=ELLIPSE('',#3973,12.161350334895,9.99999999999999);
#143=ELLIPSE('',#3975,11.52400097076,9.47592220716959);
#144=ELLIPSE('',#3977,48.0887043386324,43.2246735396485);
#145=ELLIPSE('',#3979,10.3078659372705,8.47592220716959);
#146=ELLIPSE('',#3983,12.1613503348949,9.99999999999999);
#147=ELLIPSE('',#3985,10.9452153014055,8.99999999999999);
#148=ELLIPSE('',#3987,9.12101275117122,7.5);
#149=ELLIPSE('',#3988,9.12101275117122,7.5);
#150=ELLIPSE('',#3990,263.538610689444,43.2246735396486);
#151=ELLIPSE('',#3991,7.33847046632043,2.);
#152=ELLIPSE('',#3992,15.2016879186187,12.5);
#153=ELLIPSE('',#3993,15.2016879186187,12.5);
#154=ELLIPSE('',#3995,174.667396651289,7.5);
#155=ELLIPSE('',#3996,8.65260034388793,7.5);
#156=ELLIPSE('',#3997,174.667396651287,7.5);
#157=ELLIPSE('',#3998,8.65260034388793,7.5);
#158=ELLIPSE('',#3999,174.667396651286,7.5);
#159=ELLIPSE('',#4000,174.667396651286,7.5);
#160=ELLIPSE('',#4001,15.0960493702695,7.5);
#161=ELLIPSE('',#4004,24.3193074523964,10.);
#162=ELLIPSE('',#4007,18.2394805892973,7.5);
#163=ELLIPSE('',#4014,131.403666572265,10.);
#164=ELLIPSE('',#4015,10.1542661188574,10.);
#165=ELLIPSE('',#4027,131.403666572266,10.);
#166=ELLIPSE('',#4043,105.871200199868,48.7262338329224);
#167=ELLIPSE('',#4052,87.6813402584227,52.9874244477694);
#168=ELLIPSE('',#4054,10.9204115829132,10.);
#169=ELLIPSE('',#4056,29.5775197894062,12.5);
#170=ELLIPSE('',#4057,29.5775197894062,12.5);
#171=ELLIPSE('',#4060,29.5775197894062,12.5);
#172=ELLIPSE('',#4061,207.396241479289,52.1900017382424);
#173=ELLIPSE('',#4062,10.0127613144539,9.);
#174=ELLIPSE('',#4064,291.112327752149,12.5);
#175=ELLIPSE('',#4069,21.1757612783763,18.4831575038367);
#176=ELLIPSE('',#4070,21.1757612783763,18.4831575038367);
#177=ELLIPSE('',#4072,20.1894008024052,17.5);
#178=ELLIPSE('',#4087,72.9051899234992,58.2246735396486);
#179=ELLIPSE('',#4088,19.9396816934698,12.);
#180=ELLIPSE('',#4113,1.4142135623731,1.);
#181=ELLIPSE('',#4115,1.66164014112248,1.);
#182=ELLIPSE('',#4122,52.1043535109046,50.);
#183=ELLIPSE('',#4128,61.5907989199039,43.2246735396485);
#184=ELLIPSE('',#4135,21.1757612783763,18.4831575038367);
#185=ELLIPSE('',#4141,21.1757612783763,18.4831575038367);
#186=ELLIPSE('',#4142,21.1757612783763,18.4831575038367);
#187=ELLIPSE('',#4149,31.5514652224606,30.);
#188=FACE_BOUND('',#918,.T.);
#189=FACE_BOUND('',#922,.T.);
#190=FACE_BOUND('',#932,.T.);
#191=FACE_BOUND('',#1039,.T.);
#192=CYLINDRICAL_SURFACE('',#3866,5.);
#193=CYLINDRICAL_SURFACE('',#3868,3.);
#194=CYLINDRICAL_SURFACE('',#3874,1.3);
#195=CYLINDRICAL_SURFACE('',#3889,14.3915475804031);
#196=CYLINDRICAL_SURFACE('',#3890,3.5);
#197=CYLINDRICAL_SURFACE('',#3899,1.75);
#198=CYLINDRICAL_SURFACE('',#3908,2.);
#199=CYLINDRICAL_SURFACE('',#3943,4.);
#200=CYLINDRICAL_SURFACE('',#3956,15.);
#201=CYLINDRICAL_SURFACE('',#3958,15.);
#202=CYLINDRICAL_SURFACE('',#3974,9.47592220716959);
#203=CYLINDRICAL_SURFACE('',#3978,8.47592220716959);
#204=CYLINDRICAL_SURFACE('',#3982,9.99999999999999);
#205=CYLINDRICAL_SURFACE('',#3984,8.99999999999999);
#206=CYLINDRICAL_SURFACE('',#3994,7.5);
#207=CYLINDRICAL_SURFACE('',#4005,7.5);
#208=CYLINDRICAL_SURFACE('',#4006,7.5);
#209=CYLINDRICAL_SURFACE('',#4013,10.);
#210=CYLINDRICAL_SURFACE('',#4039,10.);
#211=CYLINDRICAL_SURFACE('',#4041,10.);
#212=CYLINDRICAL_SURFACE('',#4045,8.);
#213=CYLINDRICAL_SURFACE('',#4049,2.);
#214=CYLINDRICAL_SURFACE('',#4053,10.);
#215=CYLINDRICAL_SURFACE('',#4055,12.5);
#216=CYLINDRICAL_SURFACE('',#4063,12.5);
#217=CYLINDRICAL_SURFACE('',#4080,1.);
#218=CYLINDRICAL_SURFACE('',#4090,1.);
#219=CYLINDRICAL_SURFACE('',#4094,1.);
#220=CYLINDRICAL_SURFACE('',#4097,2.);
#221=CYLINDRICAL_SURFACE('',#4100,1.);
#222=CYLINDRICAL_SURFACE('',#4111,1.);
#223=CYLINDRICAL_SURFACE('',#4112,1.);
#224=CYLINDRICAL_SURFACE('',#4114,1.);
#225=CYLINDRICAL_SURFACE('',#4121,50.);
#226=CYLINDRICAL_SURFACE('',#4124,50.);
#227=CYLINDRICAL_SURFACE('',#4129,43.2246735396485);
#228=CYLINDRICAL_SURFACE('',#4131,2.);
#229=CYLINDRICAL_SURFACE('',#4136,13.9999999999998);
#230=CYLINDRICAL_SURFACE('',#4137,2.);
#231=CYLINDRICAL_SURFACE('',#4150,30.);
#232=CYLINDRICAL_SURFACE('',#4161,12.);
#233=LINE('',#5013,#431);
#234=LINE('',#5015,#432);
#235=LINE('',#5017,#433);
#236=LINE('',#5024,#434);
#237=LINE('',#5025,#435);
#238=LINE('',#5028,#436);
#239=LINE('',#5031,#437);
#240=LINE('',#5034,#438);
#241=LINE('',#5042,#439);
#242=LINE('',#5044,#440);
#243=LINE('',#5046,#441);
#244=LINE('',#5047,#442);
#245=LINE('',#5051,#443);
#246=LINE('',#5054,#444);
#247=LINE('',#5056,#445);
#248=LINE('',#5058,#446);
#249=LINE('',#5059,#447);
#250=LINE('',#5088,#448);
#251=LINE('',#5089,#449);
#252=LINE('',#5093,#450);
#253=LINE('',#5094,#451);
#254=LINE('',#5116,#452);
#255=LINE('',#5118,#453);
#256=LINE('',#5126,#454);
#257=LINE('',#5128,#455);
#258=LINE('',#5132,#456);
#259=LINE('',#5136,#457);
#260=LINE('',#5138,#458);
#261=LINE('',#5145,#459);
#262=LINE('',#5147,#460);
#263=LINE('',#5158,#461);
#264=LINE('',#5169,#462);
#265=LINE('',#5171,#463);
#266=LINE('',#5175,#464);
#267=LINE('',#5176,#465);
#268=LINE('',#5180,#466);
#269=LINE('',#5259,#467);
#270=LINE('',#5261,#468);
#271=LINE('',#5263,#469);
#272=LINE('',#5264,#470);
#273=LINE('',#5282,#471);
#274=LINE('',#5284,#472);
#275=LINE('',#5285,#473);
#276=LINE('',#5291,#474);
#277=LINE('',#5293,#475);
#278=LINE('',#5294,#476);
#279=LINE('',#5296,#477);
#280=LINE('',#5298,#478);
#281=LINE('',#5326,#479);
#282=LINE('',#5328,#480);
#283=LINE('',#5329,#481);
#284=LINE('',#5346,#482);
#285=LINE('',#5363,#483);
#286=LINE('',#5381,#484);
#287=LINE('',#5382,#485);
#288=LINE('',#5518,#486);
#289=LINE('',#5519,#487);
#290=LINE('',#6256,#488);
#291=LINE('',#6842,#489);
#292=LINE('',#7020,#490);
#293=LINE('',#7605,#491);
#294=LINE('',#7606,#492);
#295=LINE('',#7659,#493);
#296=LINE('',#7662,#494);
#297=LINE('',#7680,#495);
#298=LINE('',#7681,#496);
#299=LINE('',#7714,#497);
#300=LINE('',#7744,#498);
#301=LINE('',#7747,#499);
#302=LINE('',#7824,#500);
#303=LINE('',#7828,#501);
#304=LINE('',#7832,#502);
#305=LINE('',#7835,#503);
#306=LINE('',#7838,#504);
#307=LINE('',#7841,#505);
#308=LINE('',#7844,#506);
#309=LINE('',#7846,#507);
#310=LINE('',#7848,#508);
#311=LINE('',#7850,#509);
#312=LINE('',#7852,#510);
#313=LINE('',#7853,#511);
#314=LINE('',#7855,#512);
#315=LINE('',#7858,#513);
#316=LINE('',#7861,#514);
#317=LINE('',#7865,#515);
#318=LINE('',#7866,#516);
#319=LINE('',#7869,#517);
#320=LINE('',#7870,#518);
#321=LINE('',#7874,#519);
#322=LINE('',#7877,#520);
#323=LINE('',#7881,#521);
#324=LINE('',#7885,#522);
#325=LINE('',#7909,#523);
#326=LINE('',#7929,#524);
#327=LINE('',#7933,#525);
#328=LINE('',#7936,#526);
#329=LINE('',#7960,#527);
#330=LINE('',#7982,#528);
#331=LINE('',#7986,#529);
#332=LINE('',#7990,#530);
#333=LINE('',#7992,#531);
#334=LINE('',#8020,#532);
#335=LINE('',#8038,#533);
#336=LINE('',#8040,#534);
#337=LINE('',#8042,#535);
#338=LINE('',#8043,#536);
#339=LINE('',#8046,#537);
#340=LINE('',#8048,#538);
#341=LINE('',#8050,#539);
#342=LINE('',#8052,#540);
#343=LINE('',#8053,#541);
#344=LINE('',#8056,#542);
#345=LINE('',#8057,#543);
#346=LINE('',#8060,#544);
#347=LINE('',#8064,#545);
#348=LINE('',#8066,#546);
#349=LINE('',#8068,#547);
#350=LINE('',#8075,#548);
#351=LINE('',#8077,#549);
#352=LINE('',#8078,#550);
#353=LINE('',#8081,#551);
#354=LINE('',#8082,#552);
#355=LINE('',#8114,#553);
#356=LINE('',#8117,#554);
#357=LINE('',#8119,#555);
#358=LINE('',#8120,#556);
#359=LINE('',#8122,#557);
#360=LINE('',#8125,#558);
#361=LINE('',#8126,#559);
#362=LINE('',#8127,#560);
#363=LINE('',#8151,#561);
#364=LINE('',#8168,#562);
#365=LINE('',#8186,#563);
#366=LINE('',#8187,#564);
#367=LINE('',#8207,#565);
#368=LINE('',#8209,#566);
#369=LINE('',#8212,#567);
#370=LINE('',#8213,#568);
#371=LINE('',#8231,#569);
#372=LINE('',#8233,#570);
#373=LINE('',#8234,#571);
#374=LINE('',#8251,#572);
#375=LINE('',#8252,#573);
#376=LINE('',#8276,#574);
#377=LINE('',#8311,#575);
#378=LINE('',#8328,#576);
#379=LINE('',#8358,#577);
#380=LINE('',#8359,#578);
#381=LINE('',#8361,#579);
#382=LINE('',#8447,#580);
#383=LINE('',#8450,#581);
#384=LINE('',#8453,#582);
#385=LINE('',#8455,#583);
#386=LINE('',#8457,#584);
#387=LINE('',#8459,#585);
#388=LINE('',#8488,#586);
#389=LINE('',#8556,#587);
#390=LINE('',#8570,#588);
#391=LINE('',#8576,#589);
#392=LINE('',#8578,#590);
#393=LINE('',#8584,#591);
#394=LINE('',#8641,#592);
#395=LINE('',#8645,#593);
#396=LINE('',#8647,#594);
#397=LINE('',#8667,#595);
#398=LINE('',#8723,#596);
#399=LINE('',#8724,#597);
#400=LINE('',#9161,#598);
#401=LINE('',#9165,#599);
#402=LINE('',#9272,#600);
#403=LINE('',#9276,#601);
#404=LINE('',#9285,#602);
#405=LINE('',#9287,#603);
#406=LINE('',#9289,#604);
#407=LINE('',#9290,#605);
#408=LINE('',#9292,#606);
#409=LINE('',#9496,#607);
#410=LINE('',#9499,#608);
#411=LINE('',#9501,#609);
#412=LINE('',#9502,#610);
#413=LINE('',#9516,#611);
#414=LINE('',#9589,#612);
#415=LINE('',#9711,#613);
#416=LINE('',#9742,#614);
#417=LINE('',#9765,#615);
#418=LINE('',#9768,#616);
#419=LINE('',#9820,#617);
#420=LINE('',#9824,#618);
#421=LINE('',#9827,#619);
#422=LINE('',#9831,#620);
#423=LINE('',#9834,#621);
#424=LINE('',#9840,#622);
#425=LINE('',#9843,#623);
#426=LINE('',#9847,#624);
#427=LINE('',#9848,#625);
#428=LINE('',#9855,#626);
#429=LINE('',#9863,#627);
#430=LINE('',#9866,#628);
#431=VECTOR('',#4172,10.);
#432=VECTOR('',#4173,10.);
#433=VECTOR('',#4174,10.);
#434=VECTOR('',#4175,10.);
#435=VECTOR('',#4176,10.);
#436=VECTOR('',#4179,10.);
#437=VECTOR('',#4182,10.);
#438=VECTOR('',#4185,10.);
#439=VECTOR('',#4196,10.);
#440=VECTOR('',#4197,10.);
#441=VECTOR('',#4198,10.);
#442=VECTOR('',#4199,10.);
#443=VECTOR('',#4204,1.3);
#444=VECTOR('',#4207,10.);
#445=VECTOR('',#4208,10.);
#446=VECTOR('',#4209,10.);
#447=VECTOR('',#4210,10.);
#448=VECTOR('',#4217,10.);
#449=VECTOR('',#4218,10.);
#450=VECTOR('',#4221,10.);
#451=VECTOR('',#4222,10.);
#452=VECTOR('',#4223,10.);
#453=VECTOR('',#4224,10.);
#454=VECTOR('',#4231,10.);
#455=VECTOR('',#4232,10.);
#456=VECTOR('',#4235,10.);
#457=VECTOR('',#4238,10.);
#458=VECTOR('',#4239,10.);
#459=VECTOR('',#4242,10.);
#460=VECTOR('',#4245,10.);
#461=VECTOR('',#4254,3.5);
#462=VECTOR('',#4267,10.);
#463=VECTOR('',#4268,10.);
#464=VECTOR('',#4271,10.);
#465=VECTOR('',#4272,10.);
#466=VECTOR('',#4277,1.75);
#467=VECTOR('',#4278,26.9877060280337);
#468=VECTOR('',#4279,10.);
#469=VECTOR('',#4280,10.);
#470=VECTOR('',#4281,28.1980453466738);
#471=VECTOR('',#4282,10.);
#472=VECTOR('',#4283,22.8706518189136);
#473=VECTOR('',#4284,10.);
#474=VECTOR('',#4289,10.);
#475=VECTOR('',#4290,10.);
#476=VECTOR('',#4291,10.);
#477=VECTOR('',#4292,10.);
#478=VECTOR('',#4293,10.);
#479=VECTOR('',#4298,10.);
#480=VECTOR('',#4299,10.);
#481=VECTOR('',#4300,10.);
#482=VECTOR('',#4301,22.6718568576772);
#483=VECTOR('',#4302,22.2461196653317);
#484=VECTOR('',#4303,26.8386003699821);
#485=VECTOR('',#4304,26.8386003699821);
#486=VECTOR('',#4315,10.);
#487=VECTOR('',#4316,10.);
#488=VECTOR('',#4337,21.3728131743272);
#489=VECTOR('',#4356,10.);
#490=VECTOR('',#4387,10.);
#491=VECTOR('',#4416,33.3599266960961);
#492=VECTOR('',#4417,33.3599266960961);
#493=VECTOR('',#4420,10.);
#494=VECTOR('',#4425,10.);
#495=VECTOR('',#4426,17.947887553096);
#496=VECTOR('',#4427,10.);
#497=VECTOR('',#4428,27.6188429908189);
#498=VECTOR('',#4429,26.8386003699821);
#499=VECTOR('',#4432,27.4052923774555);
#500=VECTOR('',#4451,10.);
#501=VECTOR('',#4454,10.);
#502=VECTOR('',#4457,10.);
#503=VECTOR('',#4460,10.);
#504=VECTOR('',#4463,10.);
#505=VECTOR('',#4466,10.);
#506=VECTOR('',#4469,10.);
#507=VECTOR('',#4470,10.);
#508=VECTOR('',#4471,10.);
#509=VECTOR('',#4472,28.1937563268134);
#510=VECTOR('',#4473,21.5254405897134);
#511=VECTOR('',#4474,18.854021573243);
#512=VECTOR('',#4475,10.);
#513=VECTOR('',#4478,10.);
#514=VECTOR('',#4481,10.);
#515=VECTOR('',#4486,10.);
#516=VECTOR('',#4487,10.);
#517=VECTOR('',#4490,10.);
#518=VECTOR('',#4491,10.);
#519=VECTOR('',#4496,10.);
#520=VECTOR('',#4499,10.);
#521=VECTOR('',#4504,10.);
#522=VECTOR('',#4507,10.);
#523=VECTOR('',#4516,10.);
#524=VECTOR('',#4517,10.);
#525=VECTOR('',#4520,10.);
#526=VECTOR('',#4523,10.);
#527=VECTOR('',#4536,10.);
#528=VECTOR('',#4543,10.);
#529=VECTOR('',#4546,10.);
#530=VECTOR('',#4551,10.);
#531=VECTOR('',#4552,10.);
#532=VECTOR('',#4557,10.);
#533=VECTOR('',#4558,10.);
#534=VECTOR('',#4559,10.);
#535=VECTOR('',#4560,10.);
#536=VECTOR('',#4561,10.);
#537=VECTOR('',#4564,10.);
#538=VECTOR('',#4565,10.);
#539=VECTOR('',#4566,10.);
#540=VECTOR('',#4567,10.);
#541=VECTOR('',#4568,10.);
#542=VECTOR('',#4571,10.);
#543=VECTOR('',#4572,10.);
#544=VECTOR('',#4575,10.);
#545=VECTOR('',#4578,10.);
#546=VECTOR('',#4579,10.);
#547=VECTOR('',#4580,10.);
#548=VECTOR('',#4581,10.);
#549=VECTOR('',#4582,10.);
#550=VECTOR('',#4583,10.);
#551=VECTOR('',#4586,10.);
#552=VECTOR('',#4587,10.);
#553=VECTOR('',#4602,10.);
#554=VECTOR('',#4605,10.);
#555=VECTOR('',#4606,10.);
#556=VECTOR('',#4607,30.4986149071403);
#557=VECTOR('',#4610,30.4986149071403);
#558=VECTOR('',#4613,10.);
#559=VECTOR('',#4614,10.);
#560=VECTOR('',#4615,10.);
#561=VECTOR('',#4620,10.4863541046791);
#562=VECTOR('',#4621,20.1512935461787);
#563=VECTOR('',#4622,12.1942445380187);
#564=VECTOR('',#4623,10.);
#565=VECTOR('',#4628,9.68051831329015);
#566=VECTOR('',#4629,10.);
#567=VECTOR('',#4632,10.);
#568=VECTOR('',#4633,10.);
#569=VECTOR('',#4634,17.3450190769515);
#570=VECTOR('',#4635,17.3450190769515);
#571=VECTOR('',#4636,10.);
#572=VECTOR('',#4637,18.1231697267698);
#573=VECTOR('',#4638,10.);
#574=VECTOR('',#4643,10.);
#575=VECTOR('',#4652,18.1368840769039);
#576=VECTOR('',#4653,47.9339323382059);
#577=VECTOR('',#4662,10.);
#578=VECTOR('',#4663,10.);
#579=VECTOR('',#4666,23.5223364539896);
#580=VECTOR('',#4681,10.);
#581=VECTOR('',#4684,10.);
#582=VECTOR('',#4687,10.);
#583=VECTOR('',#4688,30.);
#584=VECTOR('',#4689,10.);
#585=VECTOR('',#4690,10.);
#586=VECTOR('',#4699,10.);
#587=VECTOR('',#4704,10.);
#588=VECTOR('',#4713,10.);
#589=VECTOR('',#4720,10.);
#590=VECTOR('',#4721,10.);
#591=VECTOR('',#4726,10.);
#592=VECTOR('',#4733,10.);
#593=VECTOR('',#4736,10.);
#594=VECTOR('',#4737,10.);
#595=VECTOR('',#4746,10.);
#596=VECTOR('',#4753,10.);
#597=VECTOR('',#4754,10.);
#598=VECTOR('',#4769,10.);
#599=VECTOR('',#4772,10.);
#600=VECTOR('',#4777,10.);
#601=VECTOR('',#4780,10.);
#602=VECTOR('',#4785,10.);
#603=VECTOR('',#4786,10.);
#604=VECTOR('',#4787,10.);
#605=VECTOR('',#4788,10.);
#606=VECTOR('',#4789,10.);
#607=VECTOR('',#4808,10.);
#608=VECTOR('',#4811,10.);
#609=VECTOR('',#4812,10.);
#610=VECTOR('',#4813,10.);
#611=VECTOR('',#4826,10.);
#612=VECTOR('',#4847,10.);
#613=VECTOR('',#4866,10.);
#614=VECTOR('',#4875,10.);
#615=VECTOR('',#4878,10.);
#616=VECTOR('',#4881,10.);
#617=VECTOR('',#4886,10.);
#618=VECTOR('',#4891,10.);
#619=VECTOR('',#4894,10.);
#620=VECTOR('',#4899,10.);
#621=VECTOR('',#4904,10.);
#622=VECTOR('',#4909,2.);
#623=VECTOR('',#4912,2.);
#624=VECTOR('',#4917,10.);
#625=VECTOR('',#4918,10.);
#626=VECTOR('',#4919,10.);
#627=VECTOR('',#4922,10.);
#628=VECTOR('',#4927,10.);
#629=PLANE('',#3865);
#630=PLANE('',#3871);
#631=PLANE('',#3873);
#632=PLANE('',#3876);
#633=PLANE('',#3877);
#634=PLANE('',#3879);
#635=PLANE('',#3880);
#636=PLANE('',#3886);
#637=PLANE('',#3887);
#638=PLANE('',#3888);
#639=PLANE('',#3895);
#640=PLANE('',#3897);
#641=PLANE('',#3901);
#642=PLANE('',#3904);
#643=PLANE('',#3913);
#644=PLANE('',#3928);
#645=PLANE('',#3944);
#646=PLANE('',#3960);
#647=PLANE('',#3963);
#648=PLANE('',#3969);
#649=PLANE('',#3976);
#650=PLANE('',#3980);
#651=PLANE('',#3981);
#652=PLANE('',#3986);
#653=PLANE('',#3989);
#654=PLANE('',#4002);
#655=PLANE('',#4008);
#656=PLANE('',#4009);
#657=PLANE('',#4010);
#658=PLANE('',#4012);
#659=PLANE('',#4019);
#660=PLANE('',#4021);
#661=PLANE('',#4022);
#662=PLANE('',#4023);
#663=PLANE('',#4026);
#664=PLANE('',#4028);
#665=PLANE('',#4030);
#666=PLANE('',#4034);
#667=PLANE('',#4037);
#668=PLANE('',#4038);
#669=PLANE('',#4042);
#670=PLANE('',#4044);
#671=PLANE('',#4047);
#672=PLANE('',#4051);
#673=PLANE('',#4059);
#674=PLANE('',#4065);
#675=PLANE('',#4073);
#676=PLANE('',#4083);
#677=PLANE('',#4086);
#678=PLANE('',#4096);
#679=PLANE('',#4102);
#680=PLANE('',#4116);
#681=PLANE('',#4126);
#682=PLANE('',#4133);
#683=PLANE('',#4140);
#684=PLANE('',#4143);
#685=PLANE('',#4144);
#686=PLANE('',#4145);
#687=PLANE('',#4146);
#688=PLANE('',#4147);
#689=PLANE('',#4148);
#690=PLANE('',#4153);
#691=PLANE('',#4154);
#692=FACE_OUTER_BOUND('',#913,.T.);
#693=FACE_OUTER_BOUND('',#914,.T.);
#694=FACE_OUTER_BOUND('',#915,.T.);
#695=FACE_OUTER_BOUND('',#916,.T.);
#696=FACE_OUTER_BOUND('',#917,.T.);
#697=FACE_OUTER_BOUND('',#919,.T.);
#698=FACE_OUTER_BOUND('',#920,.T.);
#699=FACE_OUTER_BOUND('',#921,.T.);
#700=FACE_OUTER_BOUND('',#923,.T.);
#701=FACE_OUTER_BOUND('',#924,.T.);
#702=FACE_OUTER_BOUND('',#925,.T.);
#703=FACE_OUTER_BOUND('',#926,.T.);
#704=FACE_OUTER_BOUND('',#927,.T.);
#705=FACE_OUTER_BOUND('',#928,.T.);
#706=FACE_OUTER_BOUND('',#929,.T.);
#707=FACE_OUTER_BOUND('',#930,.T.);
#708=FACE_OUTER_BOUND('',#931,.T.);
#709=FACE_OUTER_BOUND('',#933,.T.);
#710=FACE_OUTER_BOUND('',#934,.T.);
#711=FACE_OUTER_BOUND('',#935,.T.);
#712=FACE_OUTER_BOUND('',#936,.T.);
#713=FACE_OUTER_BOUND('',#937,.T.);
#714=FACE_OUTER_BOUND('',#938,.T.);
#715=FACE_OUTER_BOUND('',#939,.T.);
#716=FACE_OUTER_BOUND('',#940,.T.);
#717=FACE_OUTER_BOUND('',#941,.T.);
#718=FACE_OUTER_BOUND('',#942,.T.);
#719=FACE_OUTER_BOUND('',#943,.T.);
#720=FACE_OUTER_BOUND('',#944,.T.);
#721=FACE_OUTER_BOUND('',#945,.T.);
#722=FACE_OUTER_BOUND('',#946,.T.);
#723=FACE_OUTER_BOUND('',#947,.T.);
#724=FACE_OUTER_BOUND('',#948,.T.);
#725=FACE_OUTER_BOUND('',#949,.T.);
#726=FACE_OUTER_BOUND('',#950,.T.);
#727=FACE_OUTER_BOUND('',#951,.T.);
#728=FACE_OUTER_BOUND('',#952,.T.);
#729=FACE_OUTER_BOUND('',#953,.T.);
#730=FACE_OUTER_BOUND('',#954,.T.);
#731=FACE_OUTER_BOUND('',#955,.T.);
#732=FACE_OUTER_BOUND('',#956,.T.);
#733=FACE_OUTER_BOUND('',#957,.T.);
#734=FACE_OUTER_BOUND('',#958,.T.);
#735=FACE_OUTER_BOUND('',#959,.T.);
#736=FACE_OUTER_BOUND('',#960,.T.);
#737=FACE_OUTER_BOUND('',#961,.T.);
#738=FACE_OUTER_BOUND('',#962,.T.);
#739=FACE_OUTER_BOUND('',#963,.T.);
#740=FACE_OUTER_BOUND('',#964,.T.);
#741=FACE_OUTER_BOUND('',#965,.T.);
#742=FACE_OUTER_BOUND('',#966,.T.);
#743=FACE_OUTER_BOUND('',#967,.T.);
#744=FACE_OUTER_BOUND('',#968,.T.);
#745=FACE_OUTER_BOUND('',#969,.T.);
#746=FACE_OUTER_BOUND('',#970,.T.);
#747=FACE_OUTER_BOUND('',#971,.T.);
#748=FACE_OUTER_BOUND('',#972,.T.);
#749=FACE_OUTER_BOUND('',#973,.T.);
#750=FACE_OUTER_BOUND('',#974,.T.);
#751=FACE_OUTER_BOUND('',#975,.T.);
#752=FACE_OUTER_BOUND('',#976,.T.);
#753=FACE_OUTER_BOUND('',#977,.T.);
#754=FACE_OUTER_BOUND('',#978,.T.);
#755=FACE_OUTER_BOUND('',#979,.T.);
#756=FACE_OUTER_BOUND('',#980,.T.);
#757=FACE_OUTER_BOUND('',#981,.T.);
#758=FACE_OUTER_BOUND('',#982,.T.);
#759=FACE_OUTER_BOUND('',#983,.T.);
#760=FACE_OUTER_BOUND('',#984,.T.);
#761=FACE_OUTER_BOUND('',#985,.T.);
#762=FACE_OUTER_BOUND('',#986,.T.);
#763=FACE_OUTER_BOUND('',#987,.T.);
#764=FACE_OUTER_BOUND('',#988,.T.);
#765=FACE_OUTER_BOUND('',#989,.T.);
#766=FACE_OUTER_BOUND('',#990,.T.);
#767=FACE_OUTER_BOUND('',#991,.T.);
#768=FACE_OUTER_BOUND('',#992,.T.);
#769=FACE_OUTER_BOUND('',#993,.T.);
#770=FACE_OUTER_BOUND('',#994,.T.);
#771=FACE_OUTER_BOUND('',#995,.T.);
#772=FACE_OUTER_BOUND('',#996,.T.);
#773=FACE_OUTER_BOUND('',#997,.T.);
#774=FACE_OUTER_BOUND('',#998,.T.);
#775=FACE_OUTER_BOUND('',#999,.T.);
#776=FACE_OUTER_BOUND('',#1000,.T.);
#777=FACE_OUTER_BOUND('',#1001,.T.);
#778=FACE_OUTER_BOUND('',#1002,.T.);
#779=FACE_OUTER_BOUND('',#1003,.T.);
#780=FACE_OUTER_BOUND('',#1004,.T.);
#781=FACE_OUTER_BOUND('',#1005,.T.);
#782=FACE_OUTER_BOUND('',#1006,.T.);
#783=FACE_OUTER_BOUND('',#1007,.T.);
#784=FACE_OUTER_BOUND('',#1008,.T.);
#785=FACE_OUTER_BOUND('',#1009,.T.);
#786=FACE_OUTER_BOUND('',#1010,.T.);
#787=FACE_OUTER_BOUND('',#1011,.T.);
#788=FACE_OUTER_BOUND('',#1012,.T.);
#789=FACE_OUTER_BOUND('',#1013,.T.);
#790=FACE_OUTER_BOUND('',#1014,.T.);
#791=FACE_OUTER_BOUND('',#1015,.T.);
#792=FACE_OUTER_BOUND('',#1016,.T.);
#793=FACE_OUTER_BOUND('',#1017,.T.);
#794=FACE_OUTER_BOUND('',#1018,.T.);
#795=FACE_OUTER_BOUND('',#1019,.T.);
#796=FACE_OUTER_BOUND('',#1020,.T.);
#797=FACE_OUTER_BOUND('',#1021,.T.);
#798=FACE_OUTER_BOUND('',#1022,.T.);
#799=FACE_OUTER_BOUND('',#1023,.T.);
#800=FACE_OUTER_BOUND('',#1024,.T.);
#801=FACE_OUTER_BOUND('',#1025,.T.);
#802=FACE_OUTER_BOUND('',#1026,.T.);
#803=FACE_OUTER_BOUND('',#1027,.T.);
#804=FACE_OUTER_BOUND('',#1028,.T.);
#805=FACE_OUTER_BOUND('',#1029,.T.);
#806=FACE_OUTER_BOUND('',#1030,.T.);
#807=FACE_OUTER_BOUND('',#1031,.T.);
#808=FACE_OUTER_BOUND('',#1032,.T.);
#809=FACE_OUTER_BOUND('',#1033,.T.);
#810=FACE_OUTER_BOUND('',#1034,.T.);
#811=FACE_OUTER_BOUND('',#1035,.T.);
#812=FACE_OUTER_BOUND('',#1036,.T.);
#813=FACE_OUTER_BOUND('',#1037,.T.);
#814=FACE_OUTER_BOUND('',#1038,.T.);
#815=FACE_OUTER_BOUND('',#1040,.T.);
#816=FACE_OUTER_BOUND('',#1041,.T.);
#817=FACE_OUTER_BOUND('',#1042,.T.);
#818=FACE_OUTER_BOUND('',#1043,.T.);
#819=FACE_OUTER_BOUND('',#1044,.T.);
#820=FACE_OUTER_BOUND('',#1045,.T.);
#821=FACE_OUTER_BOUND('',#1046,.T.);
#822=FACE_OUTER_BOUND('',#1047,.T.);
#823=FACE_OUTER_BOUND('',#1048,.T.);
#824=FACE_OUTER_BOUND('',#1049,.T.);
#825=FACE_OUTER_BOUND('',#1050,.T.);
#826=FACE_OUTER_BOUND('',#1051,.T.);
#827=FACE_OUTER_BOUND('',#1052,.T.);
#828=FACE_OUTER_BOUND('',#1053,.T.);
#829=FACE_OUTER_BOUND('',#1054,.T.);
#830=FACE_OUTER_BOUND('',#1055,.T.);
#831=FACE_OUTER_BOUND('',#1056,.T.);
#832=FACE_OUTER_BOUND('',#1057,.T.);
#833=FACE_OUTER_BOUND('',#1058,.T.);
#834=FACE_OUTER_BOUND('',#1059,.T.);
#835=FACE_OUTER_BOUND('',#1060,.T.);
#836=FACE_OUTER_BOUND('',#1061,.T.);
#837=FACE_OUTER_BOUND('',#1062,.T.);
#838=FACE_OUTER_BOUND('',#1063,.T.);
#839=FACE_OUTER_BOUND('',#1064,.T.);
#840=FACE_OUTER_BOUND('',#1065,.T.);
#841=FACE_OUTER_BOUND('',#1066,.T.);
#842=FACE_OUTER_BOUND('',#1067,.T.);
#843=FACE_OUTER_BOUND('',#1068,.T.);
#844=FACE_OUTER_BOUND('',#1069,.T.);
#845=FACE_OUTER_BOUND('',#1070,.T.);
#846=FACE_OUTER_BOUND('',#1071,.T.);
#847=FACE_OUTER_BOUND('',#1072,.T.);
#848=FACE_OUTER_BOUND('',#1073,.T.);
#849=FACE_OUTER_BOUND('',#1074,.T.);
#850=FACE_OUTER_BOUND('',#1075,.T.);
#851=FACE_OUTER_BOUND('',#1076,.T.);
#852=FACE_OUTER_BOUND('',#1077,.T.);
#853=FACE_OUTER_BOUND('',#1078,.T.);
#854=FACE_OUTER_BOUND('',#1079,.T.);
#855=FACE_OUTER_BOUND('',#1080,.T.);
#856=FACE_OUTER_BOUND('',#1081,.T.);
#857=FACE_OUTER_BOUND('',#1082,.T.);
#858=FACE_OUTER_BOUND('',#1083,.T.);
#859=FACE_OUTER_BOUND('',#1084,.T.);
#860=FACE_OUTER_BOUND('',#1085,.T.);
#861=FACE_OUTER_BOUND('',#1086,.T.);
#862=FACE_OUTER_BOUND('',#1087,.T.);
#863=FACE_OUTER_BOUND('',#1088,.T.);
#864=FACE_OUTER_BOUND('',#1089,.T.);
#865=FACE_OUTER_BOUND('',#1090,.T.);
#866=FACE_OUTER_BOUND('',#1091,.T.);
#867=FACE_OUTER_BOUND('',#1092,.T.);
#868=FACE_OUTER_BOUND('',#1093,.T.);
#869=FACE_OUTER_BOUND('',#1094,.T.);
#870=FACE_OUTER_BOUND('',#1095,.T.);
#871=FACE_OUTER_BOUND('',#1096,.T.);
#872=FACE_OUTER_BOUND('',#1097,.T.);
#873=FACE_OUTER_BOUND('',#1098,.T.);
#874=FACE_OUTER_BOUND('',#1099,.T.);
#875=FACE_OUTER_BOUND('',#1100,.T.);
#876=FACE_OUTER_BOUND('',#1101,.T.);
#877=FACE_OUTER_BOUND('',#1102,.T.);
#878=FACE_OUTER_BOUND('',#1103,.T.);
#879=FACE_OUTER_BOUND('',#1104,.T.);
#880=FACE_OUTER_BOUND('',#1105,.T.);
#881=FACE_OUTER_BOUND('',#1106,.T.);
#882=FACE_OUTER_BOUND('',#1107,.T.);
#883=FACE_OUTER_BOUND('',#1108,.T.);
#884=FACE_OUTER_BOUND('',#1109,.T.);
#885=FACE_OUTER_BOUND('',#1110,.T.);
#886=FACE_OUTER_BOUND('',#1111,.T.);
#887=FACE_OUTER_BOUND('',#1112,.T.);
#888=FACE_OUTER_BOUND('',#1113,.T.);
#889=FACE_OUTER_BOUND('',#1114,.T.);
#890=FACE_OUTER_BOUND('',#1115,.T.);
#891=FACE_OUTER_BOUND('',#1116,.T.);
#892=FACE_OUTER_BOUND('',#1117,.T.);
#893=FACE_OUTER_BOUND('',#1118,.T.);
#894=FACE_OUTER_BOUND('',#1119,.T.);
#895=FACE_OUTER_BOUND('',#1120,.T.);
#896=FACE_OUTER_BOUND('',#1121,.T.);
#897=FACE_OUTER_BOUND('',#1122,.T.);
#898=FACE_OUTER_BOUND('',#1123,.T.);
#899=FACE_OUTER_BOUND('',#1124,.T.);
#900=FACE_OUTER_BOUND('',#1125,.T.);
#901=FACE_OUTER_BOUND('',#1126,.T.);
#902=FACE_OUTER_BOUND('',#1127,.T.);
#903=FACE_OUTER_BOUND('',#1128,.T.);
#904=FACE_OUTER_BOUND('',#1129,.T.);
#905=FACE_OUTER_BOUND('',#1130,.T.);
#906=FACE_OUTER_BOUND('',#1131,.T.);
#907=FACE_OUTER_BOUND('',#1132,.T.);
#908=FACE_OUTER_BOUND('',#1133,.T.);
#909=FACE_OUTER_BOUND('',#1134,.T.);
#910=FACE_OUTER_BOUND('',#1135,.T.);
#911=FACE_OUTER_BOUND('',#1136,.T.);
#912=FACE_OUTER_BOUND('',#1137,.T.);
#913=EDGE_LOOP('',(#2430,#2431,#2432,#2433,#2434));
#914=EDGE_LOOP('',(#2435,#2436,#2437,#2438,#2439,#2440,#2441));
#915=EDGE_LOOP('',(#2442,#2443,#2444,#2445));
#916=EDGE_LOOP('',(#2446,#2447,#2448,#2449));
#917=EDGE_LOOP('',(#2450,#2451));
#918=EDGE_LOOP('',(#2452));
#919=EDGE_LOOP('',(#2453,#2454,#2455,#2456,#2457,#2458,#2459));
#920=EDGE_LOOP('',(#2460,#2461,#2462,#2463));
#921=EDGE_LOOP('',(#2464,#2465,#2466,#2467,#2468,#2469,#2470));
#922=EDGE_LOOP('',(#2471));
#923=EDGE_LOOP('',(#2472,#2473,#2474,#2475,#2476));
#924=EDGE_LOOP('',(#2477,#2478,#2479,#2480,#2481,#2482,#2483));
#925=EDGE_LOOP('',(#2484,#2485,#2486,#2487,#2488,#2489,#2490,#2491,#2492,
#2493,#2494,#2495,#2496,#2497,#2498,#2499,#2500,#2501,#2502));
#926=EDGE_LOOP('',(#2503,#2504,#2505,#2506));
#927=EDGE_LOOP('',(#2507,#2508,#2509,#2510,#2511,#2512));
#928=EDGE_LOOP('',(#2513,#2514,#2515,#2516));
#929=EDGE_LOOP('',(#2517,#2518,#2519,#2520));
#930=EDGE_LOOP('',(#2521,#2522,#2523,#2524,#2525,#2526));
#931=EDGE_LOOP('',(#2527));
#932=EDGE_LOOP('',(#2528));
#933=EDGE_LOOP('',(#2529,#2530,#2531,#2532,#2533,#2534));
#934=EDGE_LOOP('',(#2535,#2536,#2537,#2538));
#935=EDGE_LOOP('',(#2539,#2540,#2541,#2542,#2543));
#936=EDGE_LOOP('',(#2544,#2545,#2546,#2547,#2548,#2549));
#937=EDGE_LOOP('',(#2550,#2551,#2552,#2553));
#938=EDGE_LOOP('',(#2554,#2555,#2556,#2557,#2558,#2559,#2560,#2561,#2562));
#939=EDGE_LOOP('',(#2563,#2564,#2565,#2566,#2567,#2568,#2569,#2570,#2571));
#940=EDGE_LOOP('',(#2572,#2573,#2574,#2575));
#941=EDGE_LOOP('',(#2576,#2577,#2578,#2579));
#942=EDGE_LOOP('',(#2580,#2581,#2582,#2583,#2584));
#943=EDGE_LOOP('',(#2585,#2586,#2587,#2588,#2589));
#944=EDGE_LOOP('',(#2590,#2591,#2592,#2593));
#945=EDGE_LOOP('',(#2594,#2595,#2596,#2597));
#946=EDGE_LOOP('',(#2598,#2599,#2600,#2601));
#947=EDGE_LOOP('',(#2602,#2603,#2604,#2605));
#948=EDGE_LOOP('',(#2606,#2607,#2608,#2609));
#949=EDGE_LOOP('',(#2610,#2611,#2612,#2613,#2614,#2615,#2616,#2617));
#950=EDGE_LOOP('',(#2618,#2619,#2620,#2621));
#951=EDGE_LOOP('',(#2622,#2623,#2624,#2625,#2626,#2627,#2628,#2629,#2630));
#952=EDGE_LOOP('',(#2631,#2632,#2633,#2634));
#953=EDGE_LOOP('',(#2635,#2636,#2637));
#954=EDGE_LOOP('',(#2638,#2639,#2640,#2641,#2642));
#955=EDGE_LOOP('',(#2643,#2644,#2645));
#956=EDGE_LOOP('',(#2646,#2647,#2648,#2649));
#957=EDGE_LOOP('',(#2650,#2651,#2652));
#958=EDGE_LOOP('',(#2653,#2654,#2655,#2656,#2657,#2658));
#959=EDGE_LOOP('',(#2659,#2660,#2661,#2662));
#960=EDGE_LOOP('',(#2663,#2664,#2665));
#961=EDGE_LOOP('',(#2666,#2667,#2668,#2669));
#962=EDGE_LOOP('',(#2670,#2671,#2672));
#963=EDGE_LOOP('',(#2673,#2674,#2675,#2676,#2677,#2678,#2679,#2680,#2681));
#964=EDGE_LOOP('',(#2682,#2683,#2684,#2685,#2686,#2687));
#965=EDGE_LOOP('',(#2688,#2689,#2690));
#966=EDGE_LOOP('',(#2691,#2692,#2693,#2694));
#967=EDGE_LOOP('',(#2695,#2696,#2697));
#968=EDGE_LOOP('',(#2698,#2699,#2700,#2701,#2702,#2703,#2704,#2705,#2706,
#2707,#2708,#2709,#2710,#2711));
#969=EDGE_LOOP('',(#2712,#2713,#2714,#2715,#2716));
#970=EDGE_LOOP('',(#2717,#2718,#2719,#2720));
#971=EDGE_LOOP('',(#2721,#2722,#2723,#2724));
#972=EDGE_LOOP('',(#2725,#2726,#2727,#2728));
#973=EDGE_LOOP('',(#2729,#2730,#2731,#2732));
#974=EDGE_LOOP('',(#2733,#2734,#2735,#2736));
#975=EDGE_LOOP('',(#2737,#2738,#2739,#2740,#2741,#2742,#2743));
#976=EDGE_LOOP('',(#2744,#2745,#2746,#2747,#2748));
#977=EDGE_LOOP('',(#2749,#2750,#2751,#2752,#2753,#2754,#2755,#2756));
#978=EDGE_LOOP('',(#2757,#2758,#2759,#2760));
#979=EDGE_LOOP('',(#2761,#2762,#2763,#2764));
#980=EDGE_LOOP('',(#2765,#2766,#2767,#2768,#2769,#2770));
#981=EDGE_LOOP('',(#2771,#2772,#2773,#2774));
#982=EDGE_LOOP('',(#2775,#2776,#2777));
#983=EDGE_LOOP('',(#2778,#2779,#2780,#2781));
#984=EDGE_LOOP('',(#2782,#2783,#2784));
#985=EDGE_LOOP('',(#2785,#2786,#2787,#2788));
#986=EDGE_LOOP('',(#2789,#2790,#2791,#2792));
#987=EDGE_LOOP('',(#2793,#2794,#2795,#2796));
#988=EDGE_LOOP('',(#2797,#2798,#2799,#2800,#2801));
#989=EDGE_LOOP('',(#2802,#2803,#2804,#2805));
#990=EDGE_LOOP('',(#2806,#2807,#2808,#2809));
#991=EDGE_LOOP('',(#2810,#2811,#2812,#2813));
#992=EDGE_LOOP('',(#2814,#2815,#2816,#2817,#2818));
#993=EDGE_LOOP('',(#2819,#2820,#2821,#2822,#2823,#2824,#2825,#2826,#2827,
#2828));
#994=EDGE_LOOP('',(#2829,#2830,#2831));
#995=EDGE_LOOP('',(#2832,#2833,#2834,#2835,#2836,#2837,#2838,#2839,#2840));
#996=EDGE_LOOP('',(#2841,#2842,#2843));
#997=EDGE_LOOP('',(#2844,#2845,#2846,#2847,#2848,#2849));
#998=EDGE_LOOP('',(#2850,#2851,#2852,#2853));
#999=EDGE_LOOP('',(#2854,#2855,#2856,#2857,#2858,#2859,#2860));
#1000=EDGE_LOOP('',(#2861,#2862,#2863,#2864));
#1001=EDGE_LOOP('',(#2865,#2866,#2867,#2868,#2869,#2870,#2871,#2872,#2873,
#2874,#2875,#2876,#2877));
#1002=EDGE_LOOP('',(#2878,#2879,#2880));
#1003=EDGE_LOOP('',(#2881,#2882,#2883));
#1004=EDGE_LOOP('',(#2884,#2885,#2886,#2887,#2888,#2889,#2890,#2891,#2892));
#1005=EDGE_LOOP('',(#2893,#2894,#2895,#2896,#2897));
#1006=EDGE_LOOP('',(#2898,#2899,#2900,#2901,#2902,#2903));
#1007=EDGE_LOOP('',(#2904,#2905,#2906));
#1008=EDGE_LOOP('',(#2907,#2908,#2909,#2910));
#1009=EDGE_LOOP('',(#2911,#2912,#2913));
#1010=EDGE_LOOP('',(#2914,#2915));
#1011=EDGE_LOOP('',(#2916,#2917,#2918,#2919));
#1012=EDGE_LOOP('',(#2920,#2921,#2922,#2923,#2924));
#1013=EDGE_LOOP('',(#2925,#2926));
#1014=EDGE_LOOP('',(#2927,#2928,#2929,#2930,#2931,#2932));
#1015=EDGE_LOOP('',(#2933,#2934,#2935,#2936));
#1016=EDGE_LOOP('',(#2937,#2938,#2939));
#1017=EDGE_LOOP('',(#2940,#2941,#2942,#2943,#2944,#2945,#2946,#2947));
#1018=EDGE_LOOP('',(#2948,#2949,#2950,#2951));
#1019=EDGE_LOOP('',(#2952,#2953,#2954,#2955,#2956,#2957,#2958,#2959,#2960,
#2961,#2962,#2963));
#1020=EDGE_LOOP('',(#2964,#2965,#2966,#2967));
#1021=EDGE_LOOP('',(#2968,#2969,#2970,#2971));
#1022=EDGE_LOOP('',(#2972,#2973,#2974,#2975));
#1023=EDGE_LOOP('',(#2976,#2977,#2978,#2979));
#1024=EDGE_LOOP('',(#2980,#2981,#2982,#2983));
#1025=EDGE_LOOP('',(#2984,#2985,#2986,#2987,#2988,#2989,#2990,#2991));
#1026=EDGE_LOOP('',(#2992,#2993,#2994,#2995,#2996,#2997,#2998,#2999,#3000,
#3001,#3002,#3003,#3004,#3005,#3006,#3007));
#1027=EDGE_LOOP('',(#3008,#3009,#3010,#3011,#3012,#3013,#3014,#3015,#3016,
#3017,#3018,#3019));
#1028=EDGE_LOOP('',(#3020,#3021,#3022,#3023));
#1029=EDGE_LOOP('',(#3024,#3025,#3026,#3027));
#1030=EDGE_LOOP('',(#3028,#3029,#3030));
#1031=EDGE_LOOP('',(#3031,#3032,#3033,#3034,#3035,#3036));
#1032=EDGE_LOOP('',(#3037,#3038,#3039,#3040,#3041,#3042,#3043));
#1033=EDGE_LOOP('',(#3044,#3045,#3046,#3047));
#1034=EDGE_LOOP('',(#3048,#3049,#3050,#3051,#3052,#3053,#3054,#3055,#3056,
#3057,#3058));
#1035=EDGE_LOOP('',(#3059,#3060,#3061,#3062));
#1036=EDGE_LOOP('',(#3063,#3064,#3065,#3066,#3067,#3068,#3069,#3070,#3071));
#1037=EDGE_LOOP('',(#3072,#3073,#3074,#3075,#3076,#3077,#3078,#3079,#3080,
#3081,#3082,#3083,#3084,#3085));
#1038=EDGE_LOOP('',(#3086,#3087,#3088,#3089));
#1039=EDGE_LOOP('',(#3090));
#1040=EDGE_LOOP('',(#3091,#3092,#3093,#3094,#3095));
#1041=EDGE_LOOP('',(#3096,#3097,#3098,#3099));
#1042=EDGE_LOOP('',(#3100,#3101,#3102,#3103,#3104,#3105));
#1043=EDGE_LOOP('',(#3106,#3107,#3108,#3109));
#1044=EDGE_LOOP('',(#3110,#3111,#3112,#3113));
#1045=EDGE_LOOP('',(#3114,#3115,#3116,#3117));
#1046=EDGE_LOOP('',(#3118,#3119,#3120,#3121,#3122,#3123,#3124,#3125,#3126,
#3127,#3128,#3129,#3130,#3131,#3132,#3133));
#1047=EDGE_LOOP('',(#3134,#3135,#3136,#3137,#3138));
#1048=EDGE_LOOP('',(#3139,#3140,#3141,#3142,#3143));
#1049=EDGE_LOOP('',(#3144,#3145,#3146,#3147,#3148));
#1050=EDGE_LOOP('',(#3149,#3150,#3151,#3152,#3153,#3154));
#1051=EDGE_LOOP('',(#3155,#3156,#3157,#3158));
#1052=EDGE_LOOP('',(#3159,#3160,#3161,#3162,#3163));
#1053=EDGE_LOOP('',(#3164,#3165,#3166,#3167,#3168,#3169,#3170));
#1054=EDGE_LOOP('',(#3171,#3172,#3173,#3174,#3175,#3176));
#1055=EDGE_LOOP('',(#3177,#3178,#3179,#3180));
#1056=EDGE_LOOP('',(#3181,#3182,#3183,#3184,#3185,#3186));
#1057=EDGE_LOOP('',(#3187,#3188,#3189,#3190));
#1058=EDGE_LOOP('',(#3191,#3192,#3193,#3194,#3195,#3196,#3197));
#1059=EDGE_LOOP('',(#3198,#3199,#3200,#3201,#3202,#3203));
#1060=EDGE_LOOP('',(#3204,#3205));
#1061=EDGE_LOOP('',(#3206,#3207,#3208));
#1062=EDGE_LOOP('',(#3209,#3210,#3211,#3212));
#1063=EDGE_LOOP('',(#3213,#3214,#3215,#3216));
#1064=EDGE_LOOP('',(#3217,#3218,#3219,#3220,#3221,#3222,#3223,#3224));
#1065=EDGE_LOOP('',(#3225,#3226,#3227,#3228,#3229,#3230));
#1066=EDGE_LOOP('',(#3231,#3232,#3233,#3234,#3235));
#1067=EDGE_LOOP('',(#3236,#3237,#3238,#3239,#3240,#3241));
#1068=EDGE_LOOP('',(#3242,#3243,#3244,#3245,#3246,#3247,#3248));
#1069=EDGE_LOOP('',(#3249,#3250,#3251,#3252,#3253,#3254,#3255,#3256,#3257,
#3258));
#1070=EDGE_LOOP('',(#3259,#3260,#3261,#3262,#3263));
#1071=EDGE_LOOP('',(#3264,#3265,#3266,#3267,#3268,#3269,#3270,#3271,#3272,
#3273,#3274,#3275,#3276,#3277));
#1072=EDGE_LOOP('',(#3278,#3279,#3280,#3281));
#1073=EDGE_LOOP('',(#3282,#3283,#3284));
#1074=EDGE_LOOP('',(#3285,#3286,#3287,#3288));
#1075=EDGE_LOOP('',(#3289,#3290,#3291,#3292,#3293,#3294,#3295,#3296,#3297,
#3298,#3299,#3300));
#1076=EDGE_LOOP('',(#3301,#3302,#3303,#3304));
#1077=EDGE_LOOP('',(#3305,#3306,#3307,#3308,#3309,#3310,#3311,#3312));
#1078=EDGE_LOOP('',(#3313,#3314,#3315));
#1079=EDGE_LOOP('',(#3316,#3317,#3318));
#1080=EDGE_LOOP('',(#3319,#3320,#3321,#3322));
#1081=EDGE_LOOP('',(#3323,#3324,#3325,#3326));
#1082=EDGE_LOOP('',(#3327,#3328,#3329,#3330,#3331));
#1083=EDGE_LOOP('',(#3332,#3333,#3334,#3335,#3336,#3337,#3338));
#1084=EDGE_LOOP('',(#3339,#3340,#3341,#3342,#3343,#3344,#3345));
#1085=EDGE_LOOP('',(#3346,#3347,#3348,#3349,#3350,#3351,#3352,#3353,#3354,
#3355,#3356,#3357,#3358));
#1086=EDGE_LOOP('',(#3359,#3360,#3361,#3362,#3363));
#1087=EDGE_LOOP('',(#3364,#3365,#3366,#3367));
#1088=EDGE_LOOP('',(#3368,#3369,#3370,#3371,#3372,#3373,#3374));
#1089=EDGE_LOOP('',(#3375,#3376,#3377,#3378));
#1090=EDGE_LOOP('',(#3379,#3380,#3381,#3382));
#1091=EDGE_LOOP('',(#3383,#3384,#3385,#3386));
#1092=EDGE_LOOP('',(#3387,#3388,#3389,#3390));
#1093=EDGE_LOOP('',(#3391,#3392,#3393,#3394,#3395,#3396,#3397,#3398,#3399));
#1094=EDGE_LOOP('',(#3400,#3401,#3402,#3403,#3404));
#1095=EDGE_LOOP('',(#3405,#3406,#3407,#3408));
#1096=EDGE_LOOP('',(#3409,#3410,#3411));
#1097=EDGE_LOOP('',(#3412,#3413,#3414,#3415));
#1098=EDGE_LOOP('',(#3416,#3417,#3418));
#1099=EDGE_LOOP('',(#3419,#3420,#3421,#3422));
#1100=EDGE_LOOP('',(#3423,#3424,#3425,#3426,#3427,#3428));
#1101=EDGE_LOOP('',(#3429,#3430,#3431,#3432));
#1102=EDGE_LOOP('',(#3433,#3434,#3435,#3436));
#1103=EDGE_LOOP('',(#3437,#3438,#3439,#3440,#3441));
#1104=EDGE_LOOP('',(#3442,#3443,#3444,#3445,#3446,#3447,#3448,#3449));
#1105=EDGE_LOOP('',(#3450,#3451,#3452,#3453,#3454,#3455,#3456));
#1106=EDGE_LOOP('',(#3457,#3458,#3459,#3460,#3461));
#1107=EDGE_LOOP('',(#3462,#3463,#3464,#3465));
#1108=EDGE_LOOP('',(#3466,#3467,#3468));
#1109=EDGE_LOOP('',(#3469,#3470,#3471));
#1110=EDGE_LOOP('',(#3472,#3473,#3474,#3475));
#1111=EDGE_LOOP('',(#3476,#3477,#3478,#3479));
#1112=EDGE_LOOP('',(#3480,#3481,#3482));
#1113=EDGE_LOOP('',(#3483,#3484,#3485,#3486,#3487,#3488,#3489));
#1114=EDGE_LOOP('',(#3490,#3491,#3492,#3493,#3494,#3495));
#1115=EDGE_LOOP('',(#3496,#3497,#3498,#3499,#3500));
#1116=EDGE_LOOP('',(#3501,#3502,#3503,#3504));
#1117=EDGE_LOOP('',(#3505,#3506,#3507,#3508));
#1118=EDGE_LOOP('',(#3509,#3510,#3511,#3512,#3513));
#1119=EDGE_LOOP('',(#3514,#3515,#3516,#3517));
#1120=EDGE_LOOP('',(#3518,#3519,#3520,#3521,#3522));
#1121=EDGE_LOOP('',(#3523,#3524,#3525,#3526,#3527,#3528));
#1122=EDGE_LOOP('',(#3529,#3530,#3531,#3532,#3533));
#1123=EDGE_LOOP('',(#3534,#3535,#3536,#3537,#3538,#3539,#3540,#3541));
#1124=EDGE_LOOP('',(#3542,#3543,#3544,#3545,#3546));
#1125=EDGE_LOOP('',(#3547,#3548,#3549));
#1126=EDGE_LOOP('',(#3550,#3551,#3552,#3553));
#1127=EDGE_LOOP('',(#3554,#3555,#3556,#3557,#3558));
#1128=EDGE_LOOP('',(#3559,#3560,#3561,#3562));
#1129=EDGE_LOOP('',(#3563,#3564,#3565,#3566,#3567,#3568,#3569,#3570));
#1130=EDGE_LOOP('',(#3571,#3572,#3573,#3574));
#1131=EDGE_LOOP('',(#3575,#3576,#3577,#3578));
#1132=EDGE_LOOP('',(#3579,#3580,#3581,#3582,#3583));
#1133=EDGE_LOOP('',(#3584,#3585,#3586,#3587,#3588,#3589,#3590,#3591,#3592,
#3593,#3594));
#1134=EDGE_LOOP('',(#3595,#3596,#3597,#3598,#3599));
#1135=EDGE_LOOP('',(#3600,#3601,#3602,#3603,#3604));
#1136=EDGE_LOOP('',(#3605,#3606,#3607,#3608));
#1137=EDGE_LOOP('',(#3609,#3610,#3611));
#1138=CIRCLE('',#3863,3.);
#1139=CIRCLE('',#3864,7.89897948556636);
#1140=CIRCLE('',#3867,5.);
#1141=CIRCLE('',#3869,3.);
#1142=CIRCLE('',#3870,3.);
#1143=CIRCLE('',#3872,1.3);
#1144=CIRCLE('',#3875,1.3);
#1145=CIRCLE('',#3878,14.3915475804031);
#1146=CIRCLE('',#3882,15.2216079670277);
#1147=CIRCLE('',#3883,15.2216079670277);
#1148=CIRCLE('',#3891,3.5);
#1149=CIRCLE('',#3896,1.75);
#1150=CIRCLE('',#3900,1.75);
#1151=CIRCLE('',#3902,21.8380131378754);
#1152=CIRCLE('',#3903,21.8380131378754);
#1153=CIRCLE('',#3905,2.00000000000001);
#1154=CIRCLE('',#3906,2.00000000000001);
#1155=CIRCLE('',#3907,2.00000000000001);
#1156=CIRCLE('',#3909,1.99999999999999);
#1157=CIRCLE('',#3910,2.);
#1158=CIRCLE('',#3911,2.);
#1159=CIRCLE('',#3912,6.);
#1160=CIRCLE('',#3914,6.00000000000001);
#1161=CIRCLE('',#3915,4.);
#1162=CIRCLE('',#3916,2.);
#1163=CIRCLE('',#3917,2.);
#1164=CIRCLE('',#3918,2.00000000000001);
#1165=CIRCLE('',#3919,2.);
#1166=CIRCLE('',#3920,10.);
#1167=CIRCLE('',#3921,10.);
#1168=CIRCLE('',#3922,4.00000000000001);
#1169=CIRCLE('',#3923,4.00000000000001);
#1170=CIRCLE('',#3924,4.);
#1171=CIRCLE('',#3925,4.);
#1172=CIRCLE('',#3926,10.);
#1173=CIRCLE('',#3927,10.);
#1174=CIRCLE('',#3929,4.);
#1175=CIRCLE('',#3930,4.);
#1176=CIRCLE('',#3932,4.);
#1177=CIRCLE('',#3933,3.99999999999999);
#1178=CIRCLE('',#3934,3.99999999999999);
#1179=CIRCLE('',#3936,4.);
#1180=CIRCLE('',#3937,3.99999999999999);
#1181=CIRCLE('',#3938,4.);
#1182=CIRCLE('',#3940,4.);
#1183=CIRCLE('',#3941,4.00000000000001);
#1184=CIRCLE('',#3942,4.00000000000001);
#1185=CIRCLE('',#3945,6.);
#1186=CIRCLE('',#3946,2.);
#1187=CIRCLE('',#3949,19.9677908981748);
#1188=CIRCLE('',#3951,1.99999999999999);
#1189=CIRCLE('',#3952,20.2308681911256);
#1190=CIRCLE('',#3953,20.2308681911256);
#1191=CIRCLE('',#3954,5.);
#1192=CIRCLE('',#3955,5.00000000000001);
#1193=CIRCLE('',#3961,24.6309769812289);
#1194=CIRCLE('',#3962,24.6309769812289);
#1195=CIRCLE('',#3967,2.00000000000004);
#1196=CIRCLE('',#4003,7.5);
#1197=CIRCLE('',#4011,2.);
#1198=CIRCLE('',#4016,10.);
#1199=CIRCLE('',#4017,10.);
#1200=CIRCLE('',#4018,10.);
#1201=CIRCLE('',#4020,10.);
#1202=CIRCLE('',#4024,18.8067849672844);
#1203=CIRCLE('',#4025,11.2754643717875);
#1204=CIRCLE('',#4029,100.171395996801);
#1205=CIRCLE('',#4031,10.);
#1206=CIRCLE('',#4032,7.07978711090312);
#1207=CIRCLE('',#4033,100.171395996801);
#1208=CIRCLE('',#4035,10.);
#1209=CIRCLE('',#4036,10.);
#1210=CIRCLE('',#4040,10.);
#1211=CIRCLE('',#4046,8.);
#1212=CIRCLE('',#4048,51.2246735396485);
#1213=CIRCLE('',#4050,2.00000000000001);
#1214=CIRCLE('',#4058,12.5);
#1215=CIRCLE('',#4066,1.);
#1216=CIRCLE('',#4067,13.9999999999998);
#1217=CIRCLE('',#4068,2.);
#1218=CIRCLE('',#4071,1.);
#1219=CIRCLE('',#4075,1.);
#1220=CIRCLE('',#4076,0.999999999999999);
#1221=CIRCLE('',#4077,1.);
#1222=CIRCLE('',#4078,1.);
#1223=CIRCLE('',#4079,1.);
#1224=CIRCLE('',#4081,1.);
#1225=CIRCLE('',#4082,1.00000000000001);
#1226=CIRCLE('',#4084,62.);
#1227=CIRCLE('',#4085,50.);
#1228=CIRCLE('',#4091,1.);
#1229=CIRCLE('',#4092,1.);
#1230=CIRCLE('',#4093,2.);
#1231=CIRCLE('',#4095,1.);
#1232=CIRCLE('',#4098,2.);
#1233=CIRCLE('',#4099,2.);
#1234=CIRCLE('',#4101,1.);
#1235=CIRCLE('',#4104,1.);
#1236=CIRCLE('',#4105,0.999999999999997);
#1237=CIRCLE('',#4106,1.);
#1238=CIRCLE('',#4108,0.999999999999974);
#1239=CIRCLE('',#4109,1.);
#1240=CIRCLE('',#4110,1.);
#1241=CIRCLE('',#4117,2.);
#1242=CIRCLE('',#4118,2.);
#1243=CIRCLE('',#4120,2.);
#1244=CIRCLE('',#4123,2.00000000000001);
#1245=CIRCLE('',#4125,50.);
#1246=CIRCLE('',#4127,13.9999999999998);
#1247=CIRCLE('',#4130,43.2246735396485);
#1248=CIRCLE('',#4132,2.);
#1249=CIRCLE('',#4134,13.9999999999998);
#1250=CIRCLE('',#4138,2.);
#1251=CIRCLE('',#4139,2.);
#1252=CIRCLE('',#4151,30.);
#1253=CIRCLE('',#4156,12.);
#1254=CIRCLE('',#4157,12.);
#1255=CIRCLE('',#4160,12.);
#1256=B_SPLINE_CURVE_WITH_KNOTS('',3,(#4966,#4967,#4968,#4969,#4970,#4971,
#4972,#4973,#4974,#4975,#4976,#4977,#4978,#4979,#4980,#4981),
 .UNSPECIFIED.,.F.,.F.,(4,2,2,2,2,2,2,4),(0.742995294090826,0.837206195407481,
0.931417096724136,1.02649063304524,1.12156416936635,1.21596025722791,1.31035634508948,
1.39758442244119),.UNSPECIFIED.);
#1257=B_SPLINE_CURVE_WITH_KNOTS('',3,(#4985,#4986,#4987,#4988,#4989,#4990,
#4991,#4992,#4993,#4994,#4995,#4996,#4997,#4998,#4999,#5000,#5001,#5002,
#5003,#5004),.UNSPECIFIED.,.F.,.F.,(4,2,2,2,2,2,2,2,2,4),(1.04208303195395,
1.04372245347636,1.0655633272764,1.10042974942109,1.17576345234397,1.29201634844677,
1.6080927784116,1.91656824763967,2.10134385031917,2.18146409769883),
 .UNSPECIFIED.);
#1258=B_SPLINE_CURVE_WITH_KNOTS('',3,(#5006,#5007,#5008,#5009),
 .UNSPECIFIED.,.F.,.F.,(4,4),(2.16453434082998,2.24213260753762),
 .UNSPECIFIED.);
#1259=B_SPLINE_CURVE_WITH_KNOTS('',3,(#5019,#5020,#5021,#5022),
 .UNSPECIFIED.,.F.,.F.,(4,4),(-0.866735513346793,-0.363297027531431),
 .UNSPECIFIED.);
#1260=B_SPLINE_CURVE_WITH_KNOTS('',3,(#5065,#5066,#5067,#5068),
 .UNSPECIFIED.,.F.,.F.,(4,4),(-0.284999625603362,-0.123654291760705),
 .UNSPECIFIED.);
#1261=B_SPLINE_CURVE_WITH_KNOTS('',3,(#5070,#5071,#5072,#5073,#5074,#5075),
 .UNSPECIFIED.,.F.,.F.,(4,2,4),(-0.52034209788574,-0.261014929369539,0.),
 .UNSPECIFIED.);
#1262=B_SPLINE_CURVE_WITH_KNOTS('',3,(#5077,#5078,#5079,#5080,#5081,#5082),
 .UNSPECIFIED.,.F.,.F.,(4,2,4),(-1.79093228211327,-0.945014166958197,0.),
 .UNSPECIFIED.);
#1263=B_SPLINE_CURVE_WITH_KNOTS('',3,(#5083,#5084,#5085,#5086),
 .UNSPECIFIED.,.F.,.F.,(4,4),(-0.112282803124522,-0.0732306020881423),
 .UNSPECIFIED.);
#1264=B_SPLINE_CURVE_WITH_KNOTS('',3,(#5095,#5096,#5097,#5098),
 .UNSPECIFIED.,.F.,.F.,(4,4),(-0.973277664989859,-0.920341349470851),
 .UNSPECIFIED.);
#1265=B_SPLINE_CURVE_WITH_KNOTS('',3,(#5100,#5101,#5102,#5103,#5104,#5105,
#5106,#5107,#5108,#5109),.UNSPECIFIED.,.F.,.F.,(4,3,3,4),(-0.920341349470851,
-0.714285714285714,-0.428571428571429,0.),.UNSPECIFIED.);
#1266=B_SPLINE_CURVE_WITH_KNOTS('',3,(#5111,#5112,#5113,#5114),
 .UNSPECIFIED.,.F.,.F.,(4,4),(-1.,0.),.UNSPECIFIED.);
#1267=B_SPLINE_CURVE_WITH_KNOTS('',3,(#5139,#5140,#5141,#5142,#5143),
 .UNSPECIFIED.,.F.,.F.,(4,1,4),(-1.,-0.571428571428571,0.),
 .UNSPECIFIED.);
#1268=B_SPLINE_CURVE_WITH_KNOTS('',3,(#5148,#5149,#5150,#5151),
 .UNSPECIFIED.,.F.,.F.,(4,4),(-0.492458231254302,0.),.UNSPECIFIED.);
#1269=B_SPLINE_CURVE_WITH_KNOTS('',3,(#5208,#5209,#5210,#5211,#5212,#5213),
 .UNSPECIFIED.,.F.,.F.,(4,2,4),(0.,0.408938327243142,0.813729246205311),
 .UNSPECIFIED.);
#1270=B_SPLINE_CURVE_WITH_KNOTS('',3,(#5215,#5216,#5217,#5218,#5219),
 .UNSPECIFIED.,.F.,.F.,(4,1,4),(-2.39692847064315,-0.881154744695492,-4.03472278271497E-5),
 .UNSPECIFIED.);
#1271=B_SPLINE_CURVE_WITH_KNOTS('',3,(#5221,#5222,#5223,#5224),
 .UNSPECIFIED.,.F.,.F.,(4,4),(0.,0.252642312842947),.UNSPECIFIED.);
#1272=B_SPLINE_CURVE_WITH_KNOTS('',3,(#5226,#5227,#5228,#5229,#5230,#5231),
 .UNSPECIFIED.,.F.,.F.,(4,2,4),(0.,0.361145865446623,0.636425290037896),
 .UNSPECIFIED.);
#1273=B_SPLINE_CURVE_WITH_KNOTS('',3,(#5232,#5233,#5234,#5235,#5236),
 .UNSPECIFIED.,.F.,.F.,(4,1,4),(-0.119633226350277,0.881154744695492,2.22961327727136),
 .UNSPECIFIED.);
#1274=B_SPLINE_CURVE_WITH_KNOTS('',3,(#5254,#5255,#5256,#5257),
 .UNSPECIFIED.,.F.,.F.,(4,4),(-1.01646565697806,-0.585533410088532),
 .UNSPECIFIED.);
#1275=B_SPLINE_CURVE_WITH_KNOTS('',3,(#5303,#5304,#5305,#5306,#5307,#5308,
#5309,#5310,#5311,#5312,#5313,#5314,#5315),.UNSPECIFIED.,.F.,.F.,(4,3,3,
3,4),(-1.95158509811563,-1.39398935579688,-1.1151914846375,-0.557595742318752,
0.),.UNSPECIFIED.);
#1276=B_SPLINE_CURVE_WITH_KNOTS('',3,(#5317,#5318,#5319,#5320),
 .UNSPECIFIED.,.F.,.F.,(4,4),(-0.255650145079847,0.),.UNSPECIFIED.);
#1277=B_SPLINE_CURVE_WITH_KNOTS('',3,(#5321,#5322,#5323,#5324),
 .UNSPECIFIED.,.F.,.F.,(4,4),(-1.07076502646375,-0.255650145079847),
 .UNSPECIFIED.);
#1278=B_SPLINE_CURVE_WITH_KNOTS('',3,(#5410,#5411,#5412,#5413,#5414,#5415,
#5416,#5417,#5418,#5419,#5420,#5421),.UNSPECIFIED.,.F.,.F.,(4,2,2,2,2,4),
(0.,0.0607420433061569,0.115028330476974,0.174787082786955,0.233569050095757,
0.253463186195196),.UNSPECIFIED.);
#1279=B_SPLINE_CURVE_WITH_KNOTS('',3,(#5423,#5424,#5425,#5426,#5427,#5428,
#5429,#5430,#5431,#5432,#5433,#5434,#5435,#5436,#5437,#5438),
 .UNSPECIFIED.,.F.,.F.,(4,3,3,3,3,4),(-0.26184534751991,-0.250448515393591,
-0.249391677069545,-0.238275561587279,-0.229218778888507,-0.213949351810668),
 .UNSPECIFIED.);
#1280=B_SPLINE_CURVE_WITH_KNOTS('',3,(#5440,#5441,#5442,#5443,#5444),
 .UNSPECIFIED.,.F.,.F.,(4,1,4),(-0.698609225142323,-0.319311833367072,0.),
 .UNSPECIFIED.);
#1281=B_SPLINE_CURVE_WITH_KNOTS('',3,(#5447,#5448,#5449,#5450,#5451),
 .UNSPECIFIED.,.F.,.F.,(4,1,4),(0.,0.319311833367072,0.69533841477146),
 .UNSPECIFIED.);
#1282=B_SPLINE_CURVE_WITH_KNOTS('',3,(#5473,#5474,#5475,#5476),
 .UNSPECIFIED.,.F.,.F.,(4,4),(-1.65638522018248,0.),.UNSPECIFIED.);
#1283=B_SPLINE_CURVE_WITH_KNOTS('',3,(#5479,#5480,#5481,#5482),
 .UNSPECIFIED.,.F.,.F.,(4,4),(0.,1.65638522018248),.UNSPECIFIED.);
#1284=B_SPLINE_CURVE_WITH_KNOTS('',3,(#5504,#5505,#5506,#5507),
 .UNSPECIFIED.,.F.,.F.,(4,4),(-0.155642317400826,0.),.UNSPECIFIED.);
#1285=B_SPLINE_CURVE_WITH_KNOTS('',3,(#5510,#5511,#5512,#5513),
 .UNSPECIFIED.,.F.,.F.,(4,4),(0.,0.155642317400826),.UNSPECIFIED.);
#1286=B_SPLINE_CURVE_WITH_KNOTS('',3,(#5546,#5547,#5548,#5549,#5550),
 .UNSPECIFIED.,.F.,.F.,(4,1,4),(-0.267992453368606,-0.114853908586546,0.),
 .UNSPECIFIED.);
#1287=B_SPLINE_CURVE_WITH_KNOTS('',3,(#5553,#5554,#5555,#5556,#5557),
 .UNSPECIFIED.,.F.,.F.,(4,1,4),(0.,0.114853908586546,0.267992453368606),
 .UNSPECIFIED.);
#1288=B_SPLINE_CURVE_WITH_KNOTS('',3,(#5579,#5580,#5581,#5582),
 .UNSPECIFIED.,.F.,.F.,(4,4),(-1.23265236863463,0.),.UNSPECIFIED.);
#1289=B_SPLINE_CURVE_WITH_KNOTS('',3,(#5585,#5586,#5587,#5588),
 .UNSPECIFIED.,.F.,.F.,(4,4),(0.,1.23265236863463),.UNSPECIFIED.);
#1290=B_SPLINE_CURVE_WITH_KNOTS('',3,(#5631,#5632,#5633,#5634,#5635,#5636,
#5637,#5638,#5639,#5640),.UNSPECIFIED.,.F.,.F.,(4,3,3,4),(0.,0.0239591715340886,
0.0362270576214607,0.0379748056999512),.UNSPECIFIED.);
#1291=B_SPLINE_CURVE_WITH_KNOTS('',3,(#5642,#5643,#5644,#5645,#5646),
 .UNSPECIFIED.,.F.,.F.,(4,1,4),(0.888612475162958,0.972537661109497,1.00746202515735),
 .UNSPECIFIED.);
#1292=B_SPLINE_CURVE_WITH_KNOTS('',3,(#5648,#5649,#5650,#5651,#5652,#5653,
#5654,#5655,#5656,#5657,#5658,#5659,#5660,#5661,#5662,#5663,#5664,#5665,
#5666),.UNSPECIFIED.,.F.,.F.,(4,3,3,3,3,3,4),(-0.000914019592578237,0.,
0.00897489956642322,0.0498313801315529,0.0809454950814477,0.120747026327972,
0.144827269853199),.UNSPECIFIED.);
#1293=B_SPLINE_CURVE_WITH_KNOTS('',3,(#5667,#5668,#5669,#5670,#5671,#5672,
#5673,#5674),.UNSPECIFIED.,.F.,.F.,(4,1,1,1,1,4),(-1.13462727129441,-0.972537661109497,
-0.81044805092458,-0.648358440739664,-0.486268830554748,0.),
 .UNSPECIFIED.);
#1294=B_SPLINE_CURVE_WITH_KNOTS('',3,(#5676,#5677,#5678,#5679,#5680),
 .UNSPECIFIED.,.F.,.F.,(4,1,4),(0.,0.486268830554748,0.490603839325838),
 .UNSPECIFIED.);
#1295=B_SPLINE_CURVE_WITH_KNOTS('',3,(#5682,#5683,#5684,#5685,#5686,#5687,
#5688,#5689,#5690,#5691,#5692,#5693,#5694,#5695,#5696,#5697,#5698,#5699,
#5700,#5701,#5702,#5703,#5704,#5705,#5706,#5707,#5708,#5709,#5710,#5711,
#5712,#5713,#5714,#5715,#5716,#5717,#5718,#5719,#5720,#5721,#5722,#5723,
#5724,#5725,#5726,#5727),.UNSPECIFIED.,.F.,.F.,(4,3,3,3,3,3,3,3,3,3,3,3,
3,3,3,4),(-0.00366802978208529,0.,0.0373624114632854,0.0743422874839818,
0.110018630652974,0.123513839828854,0.156945902414113,0.188618980751425,
0.190377964999371,0.19340457393626,0.219378843239253,0.23758591032242,0.254679997173659,
0.277934799485486,0.30461316576155,0.331291532037614),.UNSPECIFIED.);
#1296=B_SPLINE_CURVE_WITH_KNOTS('',3,(#5728,#5729,#5730,#5731),
 .UNSPECIFIED.,.F.,.F.,(4,4),(0.,0.0118034723219571),.UNSPECIFIED.);
#1297=B_SPLINE_CURVE_WITH_KNOTS('',3,(#5753,#5754,#5755,#5756),
 .UNSPECIFIED.,.F.,.F.,(4,4),(2.03248553765026,2.51348976087213),
 .UNSPECIFIED.);
#1298=B_SPLINE_CURVE_WITH_KNOTS('',3,(#5759,#5760,#5761,#5762),
 .UNSPECIFIED.,.F.,.F.,(4,4),(0.,0.446238309957944),.UNSPECIFIED.);
#1299=B_SPLINE_CURVE_WITH_KNOTS('',3,(#5765,#5766,#5767,#5768),
 .UNSPECIFIED.,.F.,.F.,(4,4),(8.41253044453065E-13,0.234662580767172),
 .UNSPECIFIED.);
#1300=B_SPLINE_CURVE_WITH_KNOTS('',3,(#5770,#5771,#5772,#5773,#5774,#5775,
#5776,#5777),.UNSPECIFIED.,.F.,.F.,(4,1,1,1,1,4),(0.,0.084348490987238,
0.126522736480857,0.253045472961714,0.42174245493619,0.590439436910666),
 .UNSPECIFIED.);
#1301=B_SPLINE_CURVE_WITH_KNOTS('',3,(#5778,#5779,#5780,#5781,#5782,#5783),
 .UNSPECIFIED.,.F.,.F.,(4,1,1,4),(17.2438683415522,17.6662603577472,18.0886523739422,
18.7222403982347),.UNSPECIFIED.);
#1302=B_SPLINE_CURVE_WITH_KNOTS('',3,(#5805,#5806,#5807,#5808),
 .UNSPECIFIED.,.F.,.F.,(4,4),(-0.774099443594936,-8.41253044453065E-13),
 .UNSPECIFIED.);
#1303=B_SPLINE_CURVE_WITH_KNOTS('',3,(#5827,#5828,#5829,#5830),
 .UNSPECIFIED.,.F.,.F.,(4,4),(-0.150134089850646,-0.0374111953043991),
 .UNSPECIFIED.);
#1304=B_SPLINE_CURVE_WITH_KNOTS('',3,(#5831,#5832,#5833,#5834,#5835,#5836,
#5837,#5838,#5839,#5840),.UNSPECIFIED.,.F.,.F.,(4,3,3,4),(2.30234225583353,
2.30248897599796,2.38454584000968,2.46004991444245),.UNSPECIFIED.);
#1305=B_SPLINE_CURVE_WITH_KNOTS('',3,(#5864,#5865,#5866,#5867,#5868),
 .UNSPECIFIED.,.F.,.F.,(4,1,4),(0.,0.157127638501599,0.366631156503731),
 .UNSPECIFIED.);
#1306=B_SPLINE_CURVE_WITH_KNOTS('',3,(#5869,#5870,#5871,#5872,#5873,#5874,
#5875,#5876,#5877,#5878,#5879,#5880,#5881,#5882,#5883,#5884,#5885,#5886,
#5887,#5888,#5889,#5890,#5891,#5892,#5893,#5894,#5895,#5896,#5897,#5898,
#5899,#5900,#5901,#5902,#5903,#5904,#5905,#5906,#5907,#5908,#5909,#5910,
#5911),.UNSPECIFIED.,.F.,.F.,(4,3,3,3,3,3,3,3,3,3,3,3,3,3,4),(-0.297227966169572,
-0.284742699389299,-0.254278125528975,-0.225520540627555,-0.197088826237753,
-0.167941422524616,-0.146598656648376,-0.121418256103159,-0.0972116358510779,
-0.074264898847732,-0.0530590155469572,-0.0326942153452167,-0.0134084131869254,
0.,0.000857093665237841),.UNSPECIFIED.);
#1307=B_SPLINE_CURVE_WITH_KNOTS('',3,(#5940,#5941,#5942,#5943,#5944,#5945),
 .UNSPECIFIED.,.F.,.F.,(4,2,4),(-0.119954874472592,0.,0.000674708820828162),
 .UNSPECIFIED.);
#1308=B_SPLINE_CURVE_WITH_KNOTS('',3,(#5946,#5947,#5948,#5949,#5950,#5951),
 .UNSPECIFIED.,.F.,.F.,(4,2,4),(-0.000674708820828162,0.,0.119954874472592),
 .UNSPECIFIED.);
#1309=B_SPLINE_CURVE_WITH_KNOTS('',3,(#5971,#5972,#5973,#5974),
 .UNSPECIFIED.,.F.,.F.,(4,4),(-0.0533488097583248,0.),.UNSPECIFIED.);
#1310=B_SPLINE_CURVE_WITH_KNOTS('',3,(#5975,#5976,#5977,#5978),
 .UNSPECIFIED.,.F.,.F.,(4,4),(0.,0.0533488097583248),.UNSPECIFIED.);
#1311=B_SPLINE_CURVE_WITH_KNOTS('',3,(#6011,#6012,#6013,#6014,#6015,#6016,
#6017,#6018),.UNSPECIFIED.,.F.,.F.,(4,1,1,2,4),(4.3496155629462E-11,1.84554929919159,
2.46073239890762,3.07591549862366,3.08305105554234),.UNSPECIFIED.);
#1312=B_SPLINE_CURVE_WITH_KNOTS('',3,(#6019,#6020,#6021,#6022,#6023,#6024,
#6025,#6026),.UNSPECIFIED.,.F.,.F.,(4,2,1,1,4),(-3.08305105554234,-3.07591549862366,
-2.46073239890762,-1.84554929919159,-4.3496155629462E-11),.UNSPECIFIED.);
#1313=B_SPLINE_CURVE_WITH_KNOTS('',3,(#6044,#6045,#6046,#6047),
 .UNSPECIFIED.,.F.,.F.,(4,4),(-0.284132844919305,-0.0763105842509331),
 .UNSPECIFIED.);
#1314=B_SPLINE_CURVE_WITH_KNOTS('',3,(#6049,#6050,#6051,#6052),
 .UNSPECIFIED.,.F.,.F.,(4,4),(0.,0.204478475899218),.UNSPECIFIED.);
#1315=B_SPLINE_CURVE_WITH_KNOTS('',3,(#6053,#6054,#6055,#6056,#6057,#6058,
#6059,#6060,#6061,#6062,#6063),.UNSPECIFIED.,.F.,.F.,(4,2,1,1,1,1,1,4),
(-2.99661627322288,-2.9924932561406,-2.69324393052727,-2.39399460491394,
-2.09474527930061,-1.79549595368728,-0.598498651233966,-7.30748018813176E-12),
 .UNSPECIFIED.);
#1316=B_SPLINE_CURVE_WITH_KNOTS('',3,(#6081,#6082,#6083,#6084),
 .UNSPECIFIED.,.F.,.F.,(4,4),(0.114882735239395,0.135272321289043),
 .UNSPECIFIED.);
#1317=B_SPLINE_CURVE_WITH_KNOTS('',3,(#6085,#6086,#6087,#6088,#6089,#6090),
 .UNSPECIFIED.,.F.,.F.,(4,2,4),(0.,0.189704868415231,0.190606372257212),
 .UNSPECIFIED.);
#1318=B_SPLINE_CURVE_WITH_KNOTS('',3,(#6117,#6118,#6119,#6120,#6121,#6122),
 .UNSPECIFIED.,.F.,.F.,(4,2,4),(-0.190606372257212,-0.189704868415231,0.),
 .UNSPECIFIED.);
#1319=B_SPLINE_CURVE_WITH_KNOTS('',3,(#6144,#6145,#6146,#6147),
 .UNSPECIFIED.,.F.,.F.,(4,4),(-0.204478475899218,0.),.UNSPECIFIED.);
#1320=B_SPLINE_CURVE_WITH_KNOTS('',3,(#6204,#6205,#6206,#6207,#6208,#6209,
#6210,#6211,#6212,#6213,#6214),.UNSPECIFIED.,.F.,.F.,(4,1,1,1,1,1,2,4),
(7.30748018813176E-12,0.598498651233966,1.79549595368728,2.09474527930061,
2.39399460491394,2.69324393052727,2.9924932561406,2.99661627322288),
 .UNSPECIFIED.);
#1321=B_SPLINE_CURVE_WITH_KNOTS('',3,(#6232,#6233,#6234,#6235),
 .UNSPECIFIED.,.F.,.F.,(4,4),(-0.560276458634763,-0.286048138189266),
 .UNSPECIFIED.);
#1322=B_SPLINE_CURVE_WITH_KNOTS('',3,(#6237,#6238,#6239,#6240,#6241,#6242),
 .UNSPECIFIED.,.F.,.F.,(4,2,4),(-1.5356569413981,-1.53223322693975,0.),
 .UNSPECIFIED.);
#1323=B_SPLINE_CURVE_WITH_KNOTS('',3,(#6244,#6245,#6246,#6247,#6248,#6249),
 .UNSPECIFIED.,.F.,.F.,(4,2,4),(-0.0181618854195775,0.763016521736479,0.766626079703114),
 .UNSPECIFIED.);
#1324=B_SPLINE_CURVE_WITH_KNOTS('',3,(#6251,#6252,#6253,#6254),
 .UNSPECIFIED.,.F.,.F.,(4,4),(-0.177973496242896,-0.0214935484420105),
 .UNSPECIFIED.);
#1325=B_SPLINE_CURVE_WITH_KNOTS('',3,(#6258,#6259,#6260,#6261,#6262,#6263,
#6264,#6265,#6266,#6267,#6268,#6269,#6270),.UNSPECIFIED.,.F.,.F.,(4,3,3,
3,4),(0.00539873395709222,0.00572267408362975,0.0089082725111859,0.0131527060906269,
0.0185928610437296),.UNSPECIFIED.);
#1326=B_SPLINE_CURVE_WITH_KNOTS('',3,(#6271,#6272,#6273,#6274,#6275,#6276),
 .UNSPECIFIED.,.F.,.F.,(4,2,4),(-0.00239593770981554,0.,0.00319255661479339),
 .UNSPECIFIED.);
#1327=B_SPLINE_CURVE_WITH_KNOTS('',3,(#6298,#6299,#6300,#6301),
 .UNSPECIFIED.,.F.,.F.,(4,4),(0.585571049029614,0.813802893167415),
 .UNSPECIFIED.);
#1328=B_SPLINE_CURVE_WITH_KNOTS('',3,(#6303,#6304,#6305,#6306,#6307,#6308,
#6309,#6310),.UNSPECIFIED.,.F.,.F.,(4,1,1,2,4),(-1.73644846399324,-1.04186907839595,
-0.694579385597297,0.,0.00477092705495874),.UNSPECIFIED.);
#1329=B_SPLINE_CURVE_WITH_KNOTS('',3,(#6311,#6312,#6313,#6314),
 .UNSPECIFIED.,.F.,.F.,(4,4),(-0.0768267734123874,-4.81162500789122E-16),
 .UNSPECIFIED.);
#1330=B_SPLINE_CURVE_WITH_KNOTS('',3,(#6349,#6350,#6351,#6352,#6353,#6354,
#6355,#6356),.UNSPECIFIED.,.F.,.F.,(4,2,1,1,4),(-0.00477092705495874,0.,
0.694579385597297,1.04186907839595,1.73644846399324),.UNSPECIFIED.);
#1331=B_SPLINE_CURVE_WITH_KNOTS('',3,(#6375,#6376,#6377,#6378),
 .UNSPECIFIED.,.F.,.F.,(4,4),(4.81162500789122E-16,0.0768267734123874),
 .UNSPECIFIED.);
#1332=B_SPLINE_CURVE_WITH_KNOTS('',3,(#6403,#6404,#6405,#6406,#6407,#6408),
 .UNSPECIFIED.,.F.,.F.,(4,2,4),(0.,1.53223322693975,1.5356569413981),
 .UNSPECIFIED.);
#1333=B_SPLINE_CURVE_WITH_KNOTS('',3,(#6426,#6427,#6428,#6429,#6430,#6431,
#6432,#6433,#6434,#6435,#6436,#6437,#6438,#6439,#6440,#6441,#6442,#6443,
#6444,#6445,#6446,#6447),.UNSPECIFIED.,.F.,.F.,(4,3,3,3,3,3,3,4),(1.11390381876018,
1.12768332022059,1.15634806596324,1.18462115547463,1.23461524797495,1.28228088965273,
1.30608196454216,1.44381833919055),.UNSPECIFIED.);
#1334=B_SPLINE_CURVE_WITH_KNOTS('',3,(#6449,#6450,#6451,#6452,#6453,#6454,
#6455,#6456,#6457,#6458,#6459,#6460,#6461,#6462,#6463,#6464,#6465,#6466),
 .UNSPECIFIED.,.F.,.F.,(4,2,2,2,2,2,2,2,4),(-0.605780891381047,-0.446785678474907,
-0.245024962147466,-0.132612327855468,-0.0810060917794683,-0.0549513220140182,
-0.0384770452993765,-0.0264517580636944,0.),.UNSPECIFIED.);
#1335=B_SPLINE_CURVE_WITH_KNOTS('',3,(#6468,#6469,#6470,#6471,#6472,#6473),
 .UNSPECIFIED.,.F.,.F.,(4,2,4),(-1.00470012350729,-0.30727963526568,0.),
 .UNSPECIFIED.);
#1336=B_SPLINE_CURVE_WITH_KNOTS('',3,(#6475,#6476,#6477,#6478),
 .UNSPECIFIED.,.F.,.F.,(4,4),(-0.0350794269961457,0.),.UNSPECIFIED.);
#1337=B_SPLINE_CURVE_WITH_KNOTS('',3,(#6480,#6481,#6482,#6483,#6484,#6485,
#6486,#6487,#6488,#6489),.UNSPECIFIED.,.F.,.F.,(4,3,3,4),(0.699195828917334,
1.29129526621529,1.35228558345574,1.46274548565582),.UNSPECIFIED.);
#1338=B_SPLINE_CURVE_WITH_KNOTS('',3,(#6491,#6492,#6493,#6494,#6495,#6496,
#6497,#6498,#6499,#6500,#6501,#6502,#6503,#6504,#6505,#6506),
 .UNSPECIFIED.,.F.,.F.,(4,3,3,3,3,4),(0.,0.0768707446190471,0.0825355014325902,
0.144059214672345,0.22800061576847,0.235121734746422),.UNSPECIFIED.);
#1339=B_SPLINE_CURVE_WITH_KNOTS('',3,(#6508,#6509,#6510,#6511),
 .UNSPECIFIED.,.F.,.F.,(4,4),(0.0726534698664054,0.471404042714453),
 .UNSPECIFIED.);
#1340=B_SPLINE_CURVE_WITH_KNOTS('',3,(#6512,#6513,#6514,#6515,#6516,#6517),
 .UNSPECIFIED.,.F.,.F.,(4,2,4),(-0.766626079703114,-0.763016521736479,-0.043582000151545),
 .UNSPECIFIED.);
#1341=B_SPLINE_CURVE_WITH_KNOTS('',3,(#6519,#6520,#6521,#6522),
 .UNSPECIFIED.,.F.,.F.,(4,4),(-0.626888664371775,-0.202226209360774),
 .UNSPECIFIED.);
#1342=B_SPLINE_CURVE_WITH_KNOTS('',3,(#6523,#6524,#6525,#6526,#6527),
 .UNSPECIFIED.,.F.,.F.,(4,1,4),(-2.09865080656368,-1.11706364423786,-0.38087327334015),
 .UNSPECIFIED.);
#1343=B_SPLINE_CURVE_WITH_KNOTS('',3,(#6549,#6550,#6551,#6552),
 .UNSPECIFIED.,.F.,.F.,(4,4),(-0.0767808639594647,0.626888664371775),
 .UNSPECIFIED.);
#1344=B_SPLINE_CURVE_WITH_KNOTS('',3,(#6581,#6582,#6583,#6584),
 .UNSPECIFIED.,.F.,.F.,(4,4),(0.,0.0200029187391294),.UNSPECIFIED.);
#1345=B_SPLINE_CURVE_WITH_KNOTS('',3,(#6585,#6586,#6587,#6588,#6589,#6590,
#6591),.UNSPECIFIED.,.F.,.F.,(4,3,4),(0.0199522474503843,0.0742290723554595,
0.145496839508214),.UNSPECIFIED.);
#1346=B_SPLINE_CURVE_WITH_KNOTS('',3,(#6621,#6622,#6623,#6624,#6625),
 .UNSPECIFIED.,.F.,.F.,(4,1,4),(-0.369722983553938,-0.158452707237403,-1.35725352262181E-15),
 .UNSPECIFIED.);
#1347=B_SPLINE_CURVE_WITH_KNOTS('',3,(#6628,#6629,#6630,#6631,#6632),
 .UNSPECIFIED.,.F.,.F.,(4,1,4),(1.35725352262181E-15,0.158452707237403,
0.369722983553938),.UNSPECIFIED.);
#1348=B_SPLINE_CURVE_WITH_KNOTS('',3,(#6658,#6659,#6660,#6661,#6662,#6663),
 .UNSPECIFIED.,.F.,.F.,(4,1,1,4),(-0.59401737263336,-0.424298123309543,
-0.254578873985726,0.),.UNSPECIFIED.);
#1349=B_SPLINE_CURVE_WITH_KNOTS('',3,(#6666,#6667,#6668,#6669,#6670,#6671),
 .UNSPECIFIED.,.F.,.F.,(4,1,1,4),(0.,0.254578873985726,0.424298123309543,
0.553013936838336),.UNSPECIFIED.);
#1350=B_SPLINE_CURVE_WITH_KNOTS('',3,(#6695,#6696,#6697,#6698,#6699),
 .UNSPECIFIED.,.F.,.F.,(4,1,4),(-0.264014818661723,-0.113149208008122,-1.79215801017463E-11),
 .UNSPECIFIED.);
#1351=B_SPLINE_CURVE_WITH_KNOTS('',3,(#6700,#6701,#6702,#6703,#6704),
 .UNSPECIFIED.,.F.,.F.,(4,1,4),(1.79215801017463E-11,0.113149208008122,
0.264014818661723),.UNSPECIFIED.);
#1352=B_SPLINE_CURVE_WITH_KNOTS('',3,(#6727,#6728,#6729,#6730,#6731,#6732),
 .UNSPECIFIED.,.F.,.F.,(4,2,4),(0.,0.0532330215620907,0.0731716489272151),
 .UNSPECIFIED.);
#1353=B_SPLINE_CURVE_WITH_KNOTS('',3,(#6733,#6734,#6735,#6736,#6737),
 .UNSPECIFIED.,.F.,.F.,(4,1,4),(-0.0957619957362588,0.760313813758423,1.40237067087943),
 .UNSPECIFIED.);
#1354=B_SPLINE_CURVE_WITH_KNOTS('',3,(#6738,#6739,#6740,#6741,#6742,#6743,
#6744),.UNSPECIFIED.,.F.,.F.,(4,3,4),(2.29192259947656,2.80526096447087,
3.23875620196843),.UNSPECIFIED.);
#1355=B_SPLINE_CURVE_WITH_KNOTS('',3,(#6766,#6767,#6768,#6769,#6770,#6771,
#6772,#6773,#6774,#6775,#6776,#6777,#6778,#6779,#6780,#6781,#6782,#6783,
#6784,#6785,#6786,#6787,#6788,#6789,#6790,#6791,#6792,#6793,#6794,#6795,
#6796,#6797),.UNSPECIFIED.,.F.,.F.,(4,2,2,2,2,2,2,2,2,2,2,2,2,2,2,4),(0.,
1.87467238705072,2.96014950303561,3.37010891165571,3.56060631250255,3.98697771416451,
4.09725548945149,4.21365087177073,4.30818209445197,4.42735359572406,4.60667322428815,
4.91065931712265,5.49312490220208,6.63549447686,8.92068828975961,9.39715239781869),
 .UNSPECIFIED.);
#1356=B_SPLINE_CURVE_WITH_KNOTS('',3,(#6798,#6799,#6800,#6801),
 .UNSPECIFIED.,.F.,.F.,(4,4),(3.23875620196843,3.24015238098913),
 .UNSPECIFIED.);
#1357=B_SPLINE_CURVE_WITH_KNOTS('',3,(#6802,#6803,#6804,#6805),
 .UNSPECIFIED.,.F.,.F.,(4,4),(-2.21479824196083,-1.29781849169144),
 .UNSPECIFIED.);
#1358=B_SPLINE_CURVE_WITH_KNOTS('',3,(#6826,#6827,#6828,#6829),
 .UNSPECIFIED.,.F.,.F.,(4,4),(1.29781849169144,2.15341783257119),
 .UNSPECIFIED.);
#1359=B_SPLINE_CURVE_WITH_KNOTS('',3,(#6832,#6833,#6834,#6835),
 .UNSPECIFIED.,.F.,.F.,(4,4),(0.27703178827794,0.549158197069852),
 .UNSPECIFIED.);
#1360=B_SPLINE_CURVE_WITH_KNOTS('',3,(#6837,#6838,#6839,#6840,#6841),
 .UNSPECIFIED.,.F.,.F.,(4,1,4),(0.480885535371001,0.829116707602057,1.29342493724347),
 .UNSPECIFIED.);
#1361=B_SPLINE_CURVE_WITH_KNOTS('',3,(#6860,#6861,#6862,#6863),
 .UNSPECIFIED.,.F.,.F.,(4,4),(-0.549158197069852,-0.27703178827794),
 .UNSPECIFIED.);
#1362=B_SPLINE_CURVE_WITH_KNOTS('',3,(#6883,#6884,#6885,#6886),
 .UNSPECIFIED.,.F.,.F.,(4,4),(-0.0119034985690036,0.),.UNSPECIFIED.);
#1363=B_SPLINE_CURVE_WITH_KNOTS('',3,(#6913,#6914,#6915,#6916,#6917),
 .UNSPECIFIED.,.F.,.F.,(4,1,4),(0.380873272493502,1.11706364423786,2.05442750808431),
 .UNSPECIFIED.);
#1364=B_SPLINE_CURVE_WITH_KNOTS('',3,(#6948,#6949,#6950,#6951,#6952),
 .UNSPECIFIED.,.F.,.F.,(4,1,4),(-1.29991610334196,-0.55710690143227,0.),
 .UNSPECIFIED.);
#1365=B_SPLINE_CURVE_WITH_KNOTS('',3,(#6955,#6956,#6957,#6958,#6959),
 .UNSPECIFIED.,.F.,.F.,(4,1,4),(0.,0.55710690143227,1.29991610334196),
 .UNSPECIFIED.);
#1366=B_SPLINE_CURVE_WITH_KNOTS('',3,(#6986,#6987,#6988,#6989,#6990),
 .UNSPECIFIED.,.F.,.F.,(4,1,4),(-1.29342493724347,-0.829116707602057,-0.480885535371001),
 .UNSPECIFIED.);
#1367=B_SPLINE_CURVE_WITH_KNOTS('',3,(#7011,#7012,#7013,#7014),
 .UNSPECIFIED.,.F.,.F.,(4,4),(0.573493328651991,1.87426808334828),
 .UNSPECIFIED.);
#1368=B_SPLINE_CURVE_WITH_KNOTS('',3,(#7015,#7016,#7017,#7018),
 .UNSPECIFIED.,.F.,.F.,(4,4),(-1.87426808334828,-0.577600773937555),
 .UNSPECIFIED.);
#1369=B_SPLINE_CURVE_WITH_KNOTS('',3,(#7051,#7052,#7053,#7054,#7055),
 .UNSPECIFIED.,.F.,.F.,(4,1,4),(0.34824965697091,0.43221622815091,1.00850453235212),
 .UNSPECIFIED.);
#1370=B_SPLINE_CURVE_WITH_KNOTS('',3,(#7056,#7057,#7058,#7059,#7060,#7061),
 .UNSPECIFIED.,.F.,.F.,(4,1,1,4),(-1.00850453235212,-0.43221622815091,-0.144072076050303,
0.),.UNSPECIFIED.);
#1371=B_SPLINE_CURVE_WITH_KNOTS('',3,(#7078,#7079,#7080,#7081,#7082),
 .UNSPECIFIED.,.F.,.F.,(4,1,4),(0.841323087817742,1.03589287496383,2.37948381319769),
 .UNSPECIFIED.);
#1372=B_SPLINE_CURVE_WITH_KNOTS('',3,(#7125,#7126,#7127,#7128,#7129,#7130,
#7131,#7132),.UNSPECIFIED.,.F.,.F.,(4,1,1,1,1,4),(-0.590439436910666,-0.42174245493619,
-0.253045472961714,-0.126522736480857,-0.084348490987238,0.),
 .UNSPECIFIED.);
#1373=B_SPLINE_CURVE_WITH_KNOTS('',3,(#7165,#7166,#7167,#7168,#7169,#7170),
 .UNSPECIFIED.,.F.,.F.,(4,2,4),(0.,0.32423585791403,0.652022548522754),
 .UNSPECIFIED.);
#1374=B_SPLINE_CURVE_WITH_KNOTS('',3,(#7171,#7172,#7173,#7174,#7175),
 .UNSPECIFIED.,.F.,.F.,(4,1,4),(-18.7222403982347,-18.0886523739422,-17.7197317348278),
 .UNSPECIFIED.);
#1375=B_SPLINE_CURVE_WITH_KNOTS('',3,(#7193,#7194,#7195,#7196),
 .UNSPECIFIED.,.F.,.F.,(4,4),(0.23254446177192,0.243962275994063),
 .UNSPECIFIED.);
#1376=B_SPLINE_CURVE_WITH_KNOTS('',3,(#7198,#7199,#7200,#7201,#7202,#7203,
#7204),.UNSPECIFIED.,.F.,.F.,(4,3,4),(0.243962286865164,0.2656466268915,
0.277180442793891),.UNSPECIFIED.);
#1377=B_SPLINE_CURVE_WITH_KNOTS('',3,(#7206,#7207,#7208,#7209),
 .UNSPECIFIED.,.F.,.F.,(4,4),(-0.659727356826002,-0.423714806756495),
 .UNSPECIFIED.);
#1378=B_SPLINE_CURVE_WITH_KNOTS('',3,(#7211,#7212,#7213,#7214,#7215,#7216,
#7217,#7218,#7219,#7220,#7221,#7222,#7223,#7224,#7225,#7226,#7227,#7228,
#7229,#7230,#7231,#7232),.UNSPECIFIED.,.F.,.F.,(4,3,3,3,3,3,3,4),(-0.15589776910765,
-0.124704836475111,-0.122818805416873,-0.0951593603688223,-0.0739897441447791,
-0.0418341418568314,-0.0159486753647371,0.),.UNSPECIFIED.);
#1379=B_SPLINE_CURVE_WITH_KNOTS('',3,(#7233,#7234,#7235,#7236),
 .UNSPECIFIED.,.F.,.F.,(4,4),(-0.0757591402580727,0.),.UNSPECIFIED.);
#1380=B_SPLINE_CURVE_WITH_KNOTS('',3,(#7238,#7239,#7240,#7241),
 .UNSPECIFIED.,.F.,.F.,(4,4),(-0.423714806756495,2.7054203082116E-14),
 .UNSPECIFIED.);
#1381=B_SPLINE_CURVE_WITH_KNOTS('',3,(#7249,#7250,#7251,#7252),
 .UNSPECIFIED.,.F.,.F.,(4,4),(3.28710337670783,3.33331694555924),
 .UNSPECIFIED.);
#1382=B_SPLINE_CURVE_WITH_KNOTS('',3,(#7254,#7255,#7256,#7257,#7258,#7259),
 .UNSPECIFIED.,.F.,.F.,(4,2,4),(3.17965202632867,3.37538294031014,3.58492280039613),
 .UNSPECIFIED.);
#1383=B_SPLINE_CURVE_WITH_KNOTS('',3,(#7265,#7266,#7267,#7268,#7269,#7270,
#7271,#7272,#7273,#7274),.UNSPECIFIED.,.F.,.F.,(4,3,3,4),(0.160735982947899,
0.180592804996103,0.187517417639073,0.188159387970173),.UNSPECIFIED.);
#1384=B_SPLINE_CURVE_WITH_KNOTS('',3,(#7276,#7277,#7278,#7279,#7280,#7281,
#7282,#7283,#7284,#7285,#7286,#7287),.UNSPECIFIED.,.F.,.F.,(4,2,2,2,2,4),
(-0.00253852428351551,0.,0.334367006416122,0.5326320125888,0.747715064233784,
0.776230882728235),.UNSPECIFIED.);
#1385=B_SPLINE_CURVE_WITH_KNOTS('',3,(#7290,#7291,#7292,#7293,#7294,#7295,
#7296,#7297,#7298,#7299,#7300,#7301,#7302,#7303,#7304,#7305,#7306,#7307,
#7308),.UNSPECIFIED.,.F.,.F.,(4,3,3,3,3,3,4),(-0.000725156270855044,-3.77193935807707E-16,
0.0263805300691021,0.0522533742060127,0.0692331309271742,0.0935745307571068,
0.102342453921419),.UNSPECIFIED.);
#1386=B_SPLINE_CURVE_WITH_KNOTS('',3,(#7333,#7334,#7335,#7336,#7337,#7338),
 .UNSPECIFIED.,.F.,.F.,(4,1,1,4),(-0.328183591840812,-0.14065011078895,
-0.0937667405259841,-5.28181286273714E-14),.UNSPECIFIED.);
#1387=B_SPLINE_CURVE_WITH_KNOTS('',3,(#7374,#7375,#7376,#7377),
 .UNSPECIFIED.,.F.,.F.,(4,4),(-0.00857428293316893,1.33200440854707E-16),
 .UNSPECIFIED.);
#1388=B_SPLINE_CURVE_WITH_KNOTS('',3,(#7415,#7416,#7417,#7418),
 .UNSPECIFIED.,.F.,.F.,(4,4),(1.0088323632954,1.08475607442411),
 .UNSPECIFIED.);
#1389=B_SPLINE_CURVE_WITH_KNOTS('',3,(#7419,#7420,#7421,#7422,#7423,#7424,
#7425),.UNSPECIFIED.,.F.,.F.,(4,1,1,1,4),(-1.56464487726621,-1.03589287496383,
-0.345297624987942,-0.172648812493971,0.),.UNSPECIFIED.);
#1390=B_SPLINE_CURVE_WITH_KNOTS('',3,(#7443,#7444,#7445,#7446),
 .UNSPECIFIED.,.F.,.F.,(4,4),(0.00859181090755267,0.112175150828741),
 .UNSPECIFIED.);
#1391=B_SPLINE_CURVE_WITH_KNOTS('',3,(#7447,#7448,#7449,#7450),
 .UNSPECIFIED.,.F.,.F.,(4,4),(0.112177152084211,0.171974037462786),
 .UNSPECIFIED.);
#1392=B_SPLINE_CURVE_WITH_KNOTS('',3,(#7487,#7488,#7489,#7490),
 .UNSPECIFIED.,.F.,.F.,(4,4),(-8.45317799047941,-7.65438867735415),
 .UNSPECIFIED.);
#1393=B_SPLINE_CURVE_WITH_KNOTS('',3,(#7492,#7493,#7494,#7495),
 .UNSPECIFIED.,.F.,.F.,(4,4),(-1.03397174264525,-0.206514073536507),
 .UNSPECIFIED.);
#1394=B_SPLINE_CURVE_WITH_KNOTS('',3,(#7497,#7498,#7499,#7500,#7501,#7502,
#7503,#7504,#7505,#7506,#7507,#7508,#7509,#7510),.UNSPECIFIED.,.F.,.F.,
(4,2,2,2,2,2,4),(-1.53930401649661,-1.52807458691285,-1.25212036981193,
-0.977567498875916,-0.692294441946228,-0.371774922740169,-0.011176804666506),
 .UNSPECIFIED.);
#1395=B_SPLINE_CURVE_WITH_KNOTS('',3,(#7512,#7513,#7514,#7515,#7516),
 .UNSPECIFIED.,.F.,.F.,(4,1,4),(0.,0.00923884500077988,0.0176582986652551),
 .UNSPECIFIED.);
#1396=B_SPLINE_CURVE_WITH_KNOTS('',3,(#7517,#7518,#7519,#7520,#7521),
 .UNSPECIFIED.,.F.,.F.,(4,1,4),(6.63199160557297,7.6044780623892,8.88090615226302),
 .UNSPECIFIED.);
#1397=B_SPLINE_CURVE_WITH_KNOTS('',3,(#7541,#7542,#7543,#7544,#7545,#7546,
#7547,#7548,#7549,#7550,#7551,#7552),.UNSPECIFIED.,.F.,.F.,(4,2,2,2,2,4),
(-1.32060365005382,-1.03413457347696,-0.873482013122791,-0.700845324081157,
-0.434079897997236,0.),.UNSPECIFIED.);
#1398=B_SPLINE_CURVE_WITH_KNOTS('',3,(#7553,#7554,#7555,#7556,#7557,#7558,
#7559,#7560,#7561,#7562),.UNSPECIFIED.,.F.,.F.,(4,3,3,4),(0.,0.0596477349882965,
0.0925571294163882,0.11818409433302),.UNSPECIFIED.);
#1399=B_SPLINE_CURVE_WITH_KNOTS('',3,(#7588,#7589,#7590,#7591),
 .UNSPECIFIED.,.F.,.F.,(4,4),(0.,0.0819307276073862),.UNSPECIFIED.);
#1400=B_SPLINE_CURVE_WITH_KNOTS('',3,(#7592,#7593,#7594,#7595),
 .UNSPECIFIED.,.F.,.F.,(4,4),(0.,2.02582778732114),.UNSPECIFIED.);
#1401=B_SPLINE_CURVE_WITH_KNOTS('',3,(#7597,#7598,#7599,#7600,#7601,#7602,
#7603),.UNSPECIFIED.,.F.,.F.,(4,3,4),(0.,0.14914783816475,0.153494880793311),
 .UNSPECIFIED.);
#1402=B_SPLINE_CURVE_WITH_KNOTS('',3,(#7624,#7625,#7626,#7627,#7628,#7629,
#7630,#7631,#7632,#7633,#7634,#7635,#7636,#7637,#7638,#7639,#7640,#7641,
#7642,#7643,#7644,#7645),.UNSPECIFIED.,.F.,.F.,(4,3,3,3,3,3,3,4),(-1.60302371167208,
-1.43656668035075,-1.12093300153945,-0.947043408086111,-0.805299322728147,
-0.597109864760693,-0.350127208999598,0.),.UNSPECIFIED.);
#1403=B_SPLINE_CURVE_WITH_KNOTS('',3,(#7646,#7647,#7648,#7649,#7650,#7651,
#7652),.UNSPECIFIED.,.F.,.F.,(4,3,4),(-0.158013356139521,-0.049141648774557,
0.),.UNSPECIFIED.);
#1404=B_SPLINE_CURVE_WITH_KNOTS('',3,(#7653,#7654,#7655,#7656),
 .UNSPECIFIED.,.F.,.F.,(4,4),(0.,1.62804256342887),.UNSPECIFIED.);
#1405=B_SPLINE_CURVE_WITH_KNOTS('',3,(#7788,#7789,#7790,#7791),
 .UNSPECIFIED.,.F.,.F.,(4,4),(-0.974117466430076,-0.973768196323),
 .UNSPECIFIED.);
#1406=B_SPLINE_CURVE_WITH_KNOTS('',3,(#7809,#7810,#7811,#7812),
 .UNSPECIFIED.,.F.,.F.,(4,4),(0.448083521543837,0.487971218703701),
 .UNSPECIFIED.);
#1407=B_SPLINE_CURVE_WITH_KNOTS('',3,(#7815,#7816,#7817,#7818),
 .UNSPECIFIED.,.F.,.F.,(4,4),(0.,0.518713966611997),.UNSPECIFIED.);
#1408=B_SPLINE_CURVE_WITH_KNOTS('',3,(#7891,#7892,#7893,#7894,#7895,#7896,
#7897,#7898),.UNSPECIFIED.,.F.,.F.,(4,2,2,4),(-1.23468150880646,-1.22529137638815,
-0.677961341010173,0.),.UNSPECIFIED.);
#1409=B_SPLINE_CURVE_WITH_KNOTS('',3,(#7900,#7901,#7902,#7903,#7904,#7905),
 .UNSPECIFIED.,.F.,.F.,(4,2,4),(-0.502307405075427,-0.230141269179274,0.),
 .UNSPECIFIED.);
#1410=B_SPLINE_CURVE_WITH_KNOTS('',3,(#7911,#7912,#7913,#7914,#7915,#7916,
#7917,#7918,#7919,#7920),.UNSPECIFIED.,.F.,.F.,(4,2,2,2,4),(-0.699685515328542,
-0.301260384227052,-0.138640916106537,-0.0564938550816631,0.),
 .UNSPECIFIED.);
#1411=B_SPLINE_CURVE_WITH_KNOTS('',3,(#7922,#7923,#7924,#7925,#7926,#7927),
 .UNSPECIFIED.,.F.,.F.,(4,2,4),(-0.132300167129496,-0.0710696277910004,
0.),.UNSPECIFIED.);
#1412=B_SPLINE_CURVE_WITH_KNOTS('',3,(#7949,#7950,#7951,#7952,#7953,#7954,
#7955,#7956,#7957,#7958),.UNSPECIFIED.,.F.,.F.,(4,2,2,2,4),(-1.16248811315473,
-0.889079065138223,-0.597269918633557,-0.264695031043041,0.),
 .UNSPECIFIED.);
#1413=B_SPLINE_CURVE_WITH_KNOTS('',3,(#7962,#7963,#7964,#7965,#7966,#7967,
#7968,#7969,#7970,#7971,#7972,#7973,#7974,#7975),.UNSPECIFIED.,.F.,.F.,
(4,2,2,2,2,2,4),(-2.60294679750185,-2.46373877731509,-2.28211759281458,
-2.08096980145409,-1.77857531517993,-1.14794676829371,0.),.UNSPECIFIED.);
#1414=B_SPLINE_CURVE_WITH_KNOTS('',3,(#7993,#7994,#7995,#7996,#7997,#7998,
#7999,#8000,#8001,#8002,#8003,#8004,#8005,#8006,#8007,#8008,#8009,#8010,
#8011,#8012,#8013,#8014,#8015,#8016),.UNSPECIFIED.,.F.,.F.,(4,2,2,2,2,2,
2,2,2,2,2,4),(-2.21248617672937,-1.99624615800365,-1.79412361892806,-1.59760199833855,
-1.41853837262317,-1.18901268118973,-1.04978315479201,-0.94184407630472,
-0.825278024838767,-0.645597007767174,-0.289800365915272,0.),
 .UNSPECIFIED.);
#1415=B_SPLINE_CURVE_WITH_KNOTS('',3,(#8070,#8071,#8072,#8073),
 .UNSPECIFIED.,.F.,.F.,(4,4),(0.169097975814935,0.183481049516853),
 .UNSPECIFIED.);
#1416=B_SPLINE_CURVE_WITH_KNOTS('',3,(#8089,#8090,#8091,#8092,#8093,#8094),
 .UNSPECIFIED.,.F.,.F.,(4,2,4),(3.88464744165998,4.60910666084582,4.66983641587398),
 .UNSPECIFIED.);
#1417=B_SPLINE_CURVE_WITH_KNOTS('',3,(#8098,#8099,#8100,#8101,#8102),
 .UNSPECIFIED.,.F.,.F.,(4,1,4),(2.79775650158091,2.95074557763905,3.16918271558296),
 .UNSPECIFIED.);
#1418=B_SPLINE_CURVE_WITH_KNOTS('',3,(#8104,#8105,#8106,#8107,#8108),
 .UNSPECIFIED.,.F.,.F.,(4,1,4),(2.65583332190723,2.69513171068082,2.79775650158091),
 .UNSPECIFIED.);
#1419=B_SPLINE_CURVE_WITH_KNOTS('',3,(#8329,#8330,#8331,#8332),
 .UNSPECIFIED.,.F.,.F.,(4,4),(0.597845948726853,1.),.UNSPECIFIED.);
#1420=B_SPLINE_CURVE_WITH_KNOTS('',3,(#8349,#8350,#8351,#8352),
 .UNSPECIFIED.,.F.,.F.,(4,4),(-0.92178890310391,-0.648962838940228),
 .UNSPECIFIED.);
#1421=B_SPLINE_CURVE_WITH_KNOTS('',3,(#8380,#8381,#8382,#8383),
 .UNSPECIFIED.,.F.,.F.,(4,4),(1.74454577006677,1.86676971387391),
 .UNSPECIFIED.);
#1422=B_SPLINE_CURVE_WITH_KNOTS('',3,(#8385,#8386,#8387,#8388,#8389),
 .UNSPECIFIED.,.F.,.F.,(4,1,4),(1.41706237588967,1.6726762428479,1.74454577006678),
 .UNSPECIFIED.);
#1423=B_SPLINE_CURVE_WITH_KNOTS('',3,(#8392,#8393,#8394,#8395,#8396,#8397,
#8398,#8399),.UNSPECIFIED.,.F.,.F.,(4,1,1,1,1,4),(1.86676971387391,1.92829010980613,
2.05609704328524,2.18390397676436,2.43951784372259,2.65583332190723),
 .UNSPECIFIED.);
#1424=B_SPLINE_CURVE_WITH_KNOTS('',3,(#8403,#8404,#8405,#8406,#8407,#8408,
#8409,#8410,#8411,#8412,#8413,#8414,#8415,#8416,#8417,#8418,#8419,#8420,
#8421),.UNSPECIFIED.,.F.,.F.,(4,3,3,3,3,3,4),(0.,0.0150155477105594,0.0299297882835941,
0.0388256066802912,0.0527714172855727,0.0660917241144133,0.077173594676318),
 .UNSPECIFIED.);
#1425=B_SPLINE_CURVE_WITH_KNOTS('',3,(#8423,#8424,#8425,#8426,#8427,#8428,
#8429,#8430,#8431,#8432,#8433,#8434,#8435,#8436,#8437,#8438,#8439,#8440,
#8441,#8442,#8443,#8444),.UNSPECIFIED.,.F.,.F.,(4,3,3,3,3,3,3,4),(0.,0.0132196931165403,
0.0265675643790162,0.0291213067278244,0.0425676312586238,0.0557173153079143,
0.0594139078981318,0.0596836141327728),.UNSPECIFIED.);
#1426=B_SPLINE_CURVE_WITH_KNOTS('',3,(#8461,#8462,#8463,#8464,#8465,#8466,
#8467,#8468,#8469,#8470,#8471,#8472,#8473,#8474,#8475,#8476,#8477,#8478,
#8479,#8480,#8481,#8482),.UNSPECIFIED.,.F.,.F.,(4,3,3,3,3,3,3,4),(0.,0.0728281824427847,
0.146643140030752,0.222126370827196,0.298613974497705,0.376769625185399,
0.425922210248902,0.428303538476282),.UNSPECIFIED.);
#1427=B_SPLINE_CURVE_WITH_KNOTS('',3,(#8490,#8491,#8492,#8493,#8494,#8495,
#8496,#8497,#8498,#8499,#8500,#8501,#8502,#8503,#8504,#8505,#8506,#8507,
#8508,#8509,#8510,#8511,#8512,#8513,#8514,#8515,#8516,#8517,#8518,#8519,
#8520,#8521,#8522,#8523,#8524,#8525,#8526,#8527,#8528,#8529,#8530,#8531,
#8532,#8533,#8534,#8535,#8536,#8537,#8538,#8539,#8540,#8541),
 .UNSPECIFIED.,.F.,.F.,(4,3,3,3,3,3,3,3,3,3,3,3,3,3,3,3,3,4),(-0.154936957364904,
-0.140580354996401,-0.126979750152772,-0.117545507063035,-0.105482442065275,
-0.103697091756381,-0.0920823271247063,-0.0843085453265252,-0.0729536168908755,
-0.0620955265731621,-0.0601477486025839,-0.0557225271910117,-0.0424000007212061,
-0.029796191658243,-0.0290774742514005,-0.0175554310842016,-0.00560366575411026,
0.),.UNSPECIFIED.);
#1428=B_SPLINE_CURVE_WITH_KNOTS('',3,(#8545,#8546,#8547,#8548,#8549,#8550,
#8551,#8552,#8553,#8554),.UNSPECIFIED.,.F.,.F.,(4,2,2,2,4),(9.74485942740555,
9.7613715274474,10.3550043373999,10.6518207423762,10.6887152557796),
 .UNSPECIFIED.);
#1429=B_SPLINE_CURVE_WITH_KNOTS('',3,(#8559,#8560,#8561,#8562,#8563),
 .UNSPECIFIED.,.F.,.F.,(4,1,4),(-5.27529403807527,-4.87597245015025,-4.28146722290788),
 .UNSPECIFIED.);
#1430=B_SPLINE_CURVE_WITH_KNOTS('',3,(#8586,#8587,#8588,#8589,#8590,#8591,
#8592,#8593,#8594,#8595,#8596,#8597,#8598,#8599,#8600,#8601,#8602,#8603,
#8604,#8605,#8606,#8607,#8608,#8609,#8610),.UNSPECIFIED.,.F.,.F.,(4,1,1,
1,1,1,1,1,1,1,1,1,1,1,1,1,1,1,1,1,2,4),(0.0250654732188557,0.0399340585554402,
0.0548026438920248,0.0696712292286093,0.0845398145651939,0.0994083999017784,
0.114276985238363,0.121711277906655,0.129145570574947,0.140297009577386,
0.144014155911532,0.151448448579824,0.158882741248117,0.162599887582263,
0.166317033916409,0.168175607083482,0.170034180250555,0.171892753417628,
0.172822040001165,0.173286683292933,0.173751326584701,0.173990203087663),
 .UNSPECIFIED.);
#1431=B_SPLINE_CURVE_WITH_KNOTS('',3,(#8611,#8612,#8613,#8614,#8615),
 .UNSPECIFIED.,.F.,.F.,(4,1,4),(-2.19241423350242,-2.06526937837506,-1.96991073702954),
 .UNSPECIFIED.);
#1432=B_SPLINE_CURVE_WITH_KNOTS('',3,(#8618,#8619,#8620,#8621,#8622,#8623,
#8624,#8625,#8626,#8627,#8628,#8629,#8630,#8631,#8632),.UNSPECIFIED.,.F.,
 .F.,(4,2,2,3,2,2,4),(-0.146476283768283,-0.0851603536778766,-0.0425801768389383,
0.,0.0177772373756195,0.0355544747512391,0.0441901077663053),
 .UNSPECIFIED.);
#1433=B_SPLINE_CURVE_WITH_KNOTS('',3,(#8635,#8636,#8637,#8638,#8639),
 .UNSPECIFIED.,.F.,.F.,(4,1,4),(-1.32395288245045,-0.897817435378081,-0.578215850073801),
 .UNSPECIFIED.);
#1434=B_SPLINE_CURVE_WITH_KNOTS('',3,(#8657,#8658,#8659,#8660,#8661,#8662,
#8663,#8664,#8665,#8666),.UNSPECIFIED.,.F.,.F.,(4,2,2,2,4),(0.,0.0255375369004841,
0.0623409297335027,0.119296907422889,0.183358901540869),.UNSPECIFIED.);
#1435=B_SPLINE_CURVE_WITH_KNOTS('',3,(#8694,#8695,#8696,#8697,#8698),
 .UNSPECIFIED.,.F.,.F.,(4,1,4),(0.685585669129572,0.897817435378081,1.32395288245045),
 .UNSPECIFIED.);
#1436=B_SPLINE_CURVE_WITH_KNOTS('',3,(#8726,#8727,#8728,#8729,#8730,#8731,
#8732,#8733,#8734,#8735,#8736),.UNSPECIFIED.,.F.,.F.,(4,1,1,1,1,1,1,1,4),
(-3.20635944459728,-2.95074557763905,-2.69513171068082,-2.43951784372259,
-2.18390397676436,-2.05609704328524,-1.92829010980613,-1.6726762428479,
-1.41706237588967),.UNSPECIFIED.);
#1437=B_SPLINE_CURVE_WITH_KNOTS('',3,(#8738,#8739,#8740,#8741,#8742),
 .UNSPECIFIED.,.F.,.F.,(4,1,4),(4.28146722290788,4.87597245015025,5.3218513697572),
 .UNSPECIFIED.);
#1438=B_SPLINE_CURVE_WITH_KNOTS('',3,(#8744,#8745,#8746,#8747),
 .UNSPECIFIED.,.F.,.F.,(4,4),(0.73417949547402,0.824420960017191),
 .UNSPECIFIED.);
#1439=B_SPLINE_CURVE_WITH_KNOTS('',3,(#8748,#8749,#8750,#8751),
 .UNSPECIFIED.,.F.,.F.,(4,4),(1.31080699235724,4.03352547917748),
 .UNSPECIFIED.);
#1440=B_SPLINE_CURVE_WITH_KNOTS('',3,(#8753,#8754,#8755,#8756),
 .UNSPECIFIED.,.F.,.F.,(4,4),(-4.7216221330582,-4.03173404482707),
 .UNSPECIFIED.);
#1441=B_SPLINE_CURVE_WITH_KNOTS('',3,(#8757,#8758,#8759,#8760),
 .UNSPECIFIED.,.F.,.F.,(4,4),(4.72162204944448,4.83759348666593),
 .UNSPECIFIED.);
#1442=B_SPLINE_CURVE_WITH_KNOTS('',3,(#8883,#8884,#8885,#8886,#8887,#8888),
 .UNSPECIFIED.,.F.,.F.,(4,2,4),(0.691702757151659,0.765820412956276,0.766566681605121),
 .UNSPECIFIED.);
#1443=B_SPLINE_CURVE_WITH_KNOTS('',3,(#8916,#8917,#8918,#8919,#8920),
 .UNSPECIFIED.,.F.,.F.,(4,1,4),(1.96991073702954,2.06526937837506,2.19241423350242),
 .UNSPECIFIED.);
#1444=B_SPLINE_CURVE_WITH_KNOTS('',3,(#9048,#9049,#9050,#9051,#9052,#9053,
#9054,#9055,#9056,#9057,#9058,#9059,#9060,#9061,#9062,#9063,#9064,#9065,
#9066,#9067,#9068,#9069,#9070,#9071,#9072,#9073,#9074,#9075,#9076,#9077,
#9078,#9079,#9080,#9081,#9082,#9083,#9084,#9085,#9086,#9087,#9088,#9089,
#9090,#9091,#9092,#9093,#9094,#9095,#9096,#9097,#9098,#9099,#9100,#9101,
#9102,#9103,#9104,#9105,#9106,#9107,#9108,#9109,#9110,#9111,#9112,#9113,
#9114,#9115,#9116,#9117,#9118,#9119,#9120,#9121,#9122,#9123,#9124,#9125,
#9126,#9127,#9128,#9129,#9130,#9131,#9132,#9133,#9134,#9135,#9136,#9137,
#9138,#9139,#9140,#9141,#9142,#9143,#9144,#9145,#9146,#9147,#9148,#9149,
#9150),.UNSPECIFIED.,.F.,.F.,(4,3,3,3,3,3,3,3,3,3,3,3,3,3,3,3,3,3,3,3,3,
3,3,3,3,3,3,3,3,3,3,3,3,3,4),(0.349392389746864,0.353174331329413,0.356909026610564,
0.360668801400938,0.3645311280156,0.367525351203594,0.368596990294377,0.371092107304181,
0.372916056435815,0.373028012328079,0.375460673118856,0.37808584020964,
0.380762779925319,0.382499296390456,0.384137177644671,0.386769603016176,
0.387762151135229,0.38999235056892,0.392061427771336,0.394391758494815,
0.394610302430581,0.395924503811838,0.397508666984648,0.399013912271411,
0.400358078768884,0.40061409622589,0.402016083667582,0.402424107846653,
0.403490241090399,0.40409973238762,0.404526662821021,0.404796196512878,
0.404959811824529,0.405127346386119,0.405207859280227),.UNSPECIFIED.);
#1445=B_SPLINE_CURVE_WITH_KNOTS('',3,(#9154,#9155,#9156,#9157,#9158,#9159),
 .UNSPECIFIED.,.F.,.F.,(4,2,4),(0.430385636904203,0.478207092783149,0.528145568181034),
 .UNSPECIFIED.);
#1446=B_SPLINE_CURVE_WITH_KNOTS('',3,(#9166,#9167,#9168,#9169,#9170,#9171,
#9172,#9173,#9174,#9175,#9176,#9177,#9178,#9179,#9180,#9181,#9182,#9183,
#9184,#9185,#9186,#9187,#9188,#9189,#9190,#9191,#9192,#9193),
 .UNSPECIFIED.,.F.,.F.,(4,3,3,3,3,3,3,3,3,4),(-0.156463107019883,-0.152567114393948,
-0.136212833092426,-0.122912859270295,-0.106949422857525,-0.0915695653812501,
-0.0851031582953228,-0.0682619040822122,-0.0496086704448506,-0.0329171029399793),
 .UNSPECIFIED.);
#1447=B_SPLINE_CURVE_WITH_KNOTS('',3,(#9219,#9220,#9221,#9222,#9223,#9224,
#9225,#9226,#9227,#9228,#9229,#9230,#9231),.UNSPECIFIED.,.F.,.F.,(4,3,3,
3,4),(1.49963350200568,1.63287343763515,1.70082898679891,1.90431339921481,
1.95405245970943),.UNSPECIFIED.);
#1448=B_SPLINE_CURVE_WITH_KNOTS('',3,(#9233,#9234,#9235,#9236,#9237,#9238,
#9239,#9240,#9241,#9242,#9243,#9244,#9245,#9246,#9247,#9248),
 .UNSPECIFIED.,.F.,.F.,(4,3,3,3,3,4),(0.113662454246949,0.12285406902689,
0.137686075741004,0.147567398746388,0.161286746108052,0.171557698291889),
 .UNSPECIFIED.);
#1449=B_SPLINE_CURVE_WITH_KNOTS('',3,(#9250,#9251,#9252,#9253),
 .UNSPECIFIED.,.F.,.F.,(4,4),(1.93745966720927,2.20489479397612),
 .UNSPECIFIED.);
#1450=B_SPLINE_CURVE_WITH_KNOTS('',3,(#9256,#9257,#9258,#9259),
 .UNSPECIFIED.,.F.,.F.,(4,4),(-2.20489479397612,-1.51697852357736),
 .UNSPECIFIED.);
#1451=B_SPLINE_CURVE_WITH_KNOTS('',3,(#9260,#9261,#9262,#9263,#9264,#9265,
#9266,#9267,#9268,#9269),.UNSPECIFIED.,.F.,.F.,(4,2,2,2,4),(0.087988335043976,
0.0961106520623522,0.176388566314279,0.216930645756434,0.252978428611453),
 .UNSPECIFIED.);
#1452=B_SPLINE_CURVE_WITH_KNOTS('',3,(#9279,#9280,#9281,#9282),
 .UNSPECIFIED.,.F.,.F.,(4,4),(0.,0.191721709730178),.UNSPECIFIED.);
#1453=B_SPLINE_CURVE_WITH_KNOTS('',3,(#9297,#9298,#9299,#9300,#9301,#9302,
#9303,#9304,#9305,#9306,#9307,#9308,#9309,#9310),.UNSPECIFIED.,.F.,.F.,
(4,2,2,2,2,2,4),(4.52531730190102,5.09892443687862,5.7272730631735,5.93437330592716,
6.14147354868082,6.29227211744546,6.37587367364698),.UNSPECIFIED.);
#1454=B_SPLINE_CURVE_WITH_KNOTS('',3,(#9311,#9312,#9313,#9314,#9315,#9316,
#9317,#9318,#9319,#9320),.UNSPECIFIED.,.F.,.F.,(4,2,2,2,4),(17.7200271263178,
18.0972506658822,18.4744742054466,19.306544717815,20.0084811879236),
 .UNSPECIFIED.);
#1455=B_SPLINE_CURVE_WITH_KNOTS('',3,(#9405,#9406,#9407,#9408,#9409,#9410,
#9411,#9412,#9413,#9414),.UNSPECIFIED.,.F.,.F.,(4,2,2,2,4),(0.,0.0305296670970396,
0.0716925760141915,0.115353062876683,0.138398388649232),.UNSPECIFIED.);
#1456=B_SPLINE_CURVE_WITH_KNOTS('',3,(#9415,#9416,#9417,#9418,#9419,#9420),
 .UNSPECIFIED.,.F.,.F.,(4,1,1,4),(0.,0.00963579200177325,0.0192715840035465,
0.0360674296408781),.UNSPECIFIED.);
#1457=B_SPLINE_CURVE_WITH_KNOTS('',3,(#9422,#9423,#9424,#9425,#9426,#9427,
#9428,#9429,#9430,#9431,#9432,#9433,#9434,#9435,#9436,#9437,#9438,#9439,
#9440,#9441,#9442,#9443),.UNSPECIFIED.,.F.,.F.,(4,3,3,3,3,3,3,4),(0.0926886852595614,
0.096396065909191,0.100268811283325,0.116546726502805,0.133030205837468,
0.14611773017486,0.17803666778283,0.206428898522432),.UNSPECIFIED.);
#1458=B_SPLINE_CURVE_WITH_KNOTS('',3,(#9465,#9466,#9467,#9468,#9469,#9470,
#9471,#9472,#9473,#9474),.UNSPECIFIED.,.F.,.F.,(4,2,2,2,4),(0.,0.0538845810690286,
0.0973877300572337,0.132208262989005,0.166649370385043),.UNSPECIFIED.);
#1459=B_SPLINE_CURVE_WITH_KNOTS('',3,(#9475,#9476,#9477,#9478),
 .UNSPECIFIED.,.F.,.F.,(4,4),(4.07756784841514,4.76837182696484),
 .UNSPECIFIED.);
#1460=B_SPLINE_CURVE_WITH_KNOTS('',3,(#9508,#9509,#9510,#9511,#9512,#9513),
 .UNSPECIFIED.,.F.,.F.,(4,2,4),(0.342735349148745,0.34753618102784,0.349392389746864),
 .UNSPECIFIED.);
#1461=B_SPLINE_CURVE_WITH_KNOTS('',3,(#9542,#9543,#9544,#9545),
 .UNSPECIFIED.,.F.,.F.,(4,4),(-4.03352547917748,-1.45410240333467),
 .UNSPECIFIED.);
#1462=B_SPLINE_CURVE_WITH_KNOTS('',3,(#9619,#9620,#9621,#9622),
 .UNSPECIFIED.,.F.,.F.,(4,4),(-3.36160778533348,-3.26126863455519),
 .UNSPECIFIED.);
#1463=B_SPLINE_CURVE_WITH_KNOTS('',3,(#9623,#9624,#9625,#9626,#9627,#9628,
#9629,#9630,#9631,#9632,#9633,#9634,#9635,#9636),.UNSPECIFIED.,.F.,.F.,
(4,2,2,2,2,2,4),(0.,0.104284433352167,0.181584691205897,0.246058603166428,
0.309676607700236,0.368061723950905,0.430864888695283),.UNSPECIFIED.);
#1464=B_SPLINE_CURVE_WITH_KNOTS('',3,(#9668,#9669,#9670,#9671),
 .UNSPECIFIED.,.F.,.F.,(4,4),(-0.55275328843916,0.),.UNSPECIFIED.);
#1465=B_SPLINE_CURVE_WITH_KNOTS('',3,(#9703,#9704,#9705,#9706,#9707),
 .UNSPECIFIED.,.F.,.F.,(4,1,4),(-0.90216700199994,-0.386643000857117,-9.64018658082953E-17),
 .UNSPECIFIED.);
#1466=B_SPLINE_CURVE_WITH_KNOTS('',3,(#9759,#9760,#9761,#9762),
 .UNSPECIFIED.,.F.,.F.,(4,4),(-0.399644255082359,0.),.UNSPECIFIED.);
#1467=B_SPLINE_CURVE_WITH_KNOTS('',3,(#9807,#9808,#9809,#9810,#9811,#9812,
#9813,#9814,#9815,#9816,#9817,#9818),.UNSPECIFIED.,.F.,.F.,(4,2,2,2,2,4),
(-1.91302148700567,-1.91125475794448,-1.45687045373031,-0.892472395878785,
-0.432426668946972,-0.311874046863401),.UNSPECIFIED.);
#1468=B_SPLINE_CURVE_WITH_KNOTS('',3,(#9907,#9908,#9909,#9910,#9911,#9912,
#9913,#9914,#9915,#9916,#9917,#9918),.UNSPECIFIED.,.F.,.F.,(4,2,2,2,2,4),
(4.57385021930332,4.64354464279032,4.89300872407093,5.14247280535155,5.3995749789071,
5.65667715246265),.UNSPECIFIED.);
#1469=VERTEX_POINT('',#4964);
#1470=VERTEX_POINT('',#4965);
#1471=VERTEX_POINT('',#4982);
#1472=VERTEX_POINT('',#4984);
#1473=VERTEX_POINT('',#5005);
#1474=VERTEX_POINT('',#5012);
#1475=VERTEX_POINT('',#5014);
#1476=VERTEX_POINT('',#5016);
#1477=VERTEX_POINT('',#5018);
#1478=VERTEX_POINT('',#5023);
#1479=VERTEX_POINT('',#5027);
#1480=VERTEX_POINT('',#5029);
#1481=VERTEX_POINT('',#5033);
#1482=VERTEX_POINT('',#5038);
#1483=VERTEX_POINT('',#5041);
#1484=VERTEX_POINT('',#5043);
#1485=VERTEX_POINT('',#5045);
#1486=VERTEX_POINT('',#5049);
#1487=VERTEX_POINT('',#5053);
#1488=VERTEX_POINT('',#5055);
#1489=VERTEX_POINT('',#5057);
#1490=VERTEX_POINT('',#5063);
#1491=VERTEX_POINT('',#5064);
#1492=VERTEX_POINT('',#5069);
#1493=VERTEX_POINT('',#5076);
#1494=VERTEX_POINT('',#5087);
#1495=VERTEX_POINT('',#5091);
#1496=VERTEX_POINT('',#5092);
#1497=VERTEX_POINT('',#5099);
#1498=VERTEX_POINT('',#5110);
#1499=VERTEX_POINT('',#5115);
#1500=VERTEX_POINT('',#5117);
#1501=VERTEX_POINT('',#5119);
#1502=VERTEX_POINT('',#5121);
#1503=VERTEX_POINT('',#5123);
#1504=VERTEX_POINT('',#5125);
#1505=VERTEX_POINT('',#5127);
#1506=VERTEX_POINT('',#5129);
#1507=VERTEX_POINT('',#5131);
#1508=VERTEX_POINT('',#5133);
#1509=VERTEX_POINT('',#5135);
#1510=VERTEX_POINT('',#5137);
#1511=VERTEX_POINT('',#5155);
#1512=VERTEX_POINT('',#5157);
#1513=VERTEX_POINT('',#5159);
#1514=VERTEX_POINT('',#5161);
#1515=VERTEX_POINT('',#5165);
#1516=VERTEX_POINT('',#5168);
#1517=VERTEX_POINT('',#5170);
#1518=VERTEX_POINT('',#5172);
#1519=VERTEX_POINT('',#5174);
#1520=VERTEX_POINT('',#5178);
#1521=VERTEX_POINT('',#5206);
#1522=VERTEX_POINT('',#5207);
#1523=VERTEX_POINT('',#5214);
#1524=VERTEX_POINT('',#5220);
#1525=VERTEX_POINT('',#5225);
#1526=VERTEX_POINT('',#5253);
#1527=VERTEX_POINT('',#5258);
#1528=VERTEX_POINT('',#5260);
#1529=VERTEX_POINT('',#5262);
#1530=VERTEX_POINT('',#5281);
#1531=VERTEX_POINT('',#5283);
#1532=VERTEX_POINT('',#5287);
#1533=VERTEX_POINT('',#5288);
#1534=VERTEX_POINT('',#5290);
#1535=VERTEX_POINT('',#5292);
#1536=VERTEX_POINT('',#5295);
#1537=VERTEX_POINT('',#5297);
#1538=VERTEX_POINT('',#5301);
#1539=VERTEX_POINT('',#5302);
#1540=VERTEX_POINT('',#5316);
#1541=VERTEX_POINT('',#5325);
#1542=VERTEX_POINT('',#5327);
#1543=VERTEX_POINT('',#5380);
#1544=VERTEX_POINT('',#5408);
#1545=VERTEX_POINT('',#5409);
#1546=VERTEX_POINT('',#5422);
#1547=VERTEX_POINT('',#5439);
#1548=VERTEX_POINT('',#5445);
#1549=VERTEX_POINT('',#5472);
#1550=VERTEX_POINT('',#5477);
#1551=VERTEX_POINT('',#5503);
#1552=VERTEX_POINT('',#5508);
#1553=VERTEX_POINT('',#5515);
#1554=VERTEX_POINT('',#5516);
#1555=VERTEX_POINT('',#5545);
#1556=VERTEX_POINT('',#5551);
#1557=VERTEX_POINT('',#5578);
#1558=VERTEX_POINT('',#5583);
#1559=VERTEX_POINT('',#5629);
#1560=VERTEX_POINT('',#5630);
#1561=VERTEX_POINT('',#5641);
#1562=VERTEX_POINT('',#5647);
#1563=VERTEX_POINT('',#5675);
#1564=VERTEX_POINT('',#5681);
#1565=VERTEX_POINT('',#5752);
#1566=VERTEX_POINT('',#5757);
#1567=VERTEX_POINT('',#5764);
#1568=VERTEX_POINT('',#5769);
#1569=VERTEX_POINT('',#5804);
#1570=VERTEX_POINT('',#5826);
#1571=VERTEX_POINT('',#5861);
#1572=VERTEX_POINT('',#5863);
#1573=VERTEX_POINT('',#5936);
#1574=VERTEX_POINT('',#5937);
#1575=VERTEX_POINT('',#5939);
#1576=VERTEX_POINT('',#5968);
#1577=VERTEX_POINT('',#5969);
#1578=VERTEX_POINT('',#6043);
#1579=VERTEX_POINT('',#6048);
#1580=VERTEX_POINT('',#6080);
#1581=VERTEX_POINT('',#6115);
#1582=VERTEX_POINT('',#6143);
#1583=VERTEX_POINT('',#6231);
#1584=VERTEX_POINT('',#6236);
#1585=VERTEX_POINT('',#6243);
#1586=VERTEX_POINT('',#6250);
#1587=VERTEX_POINT('',#6255);
#1588=VERTEX_POINT('',#6257);
#1589=VERTEX_POINT('',#6297);
#1590=VERTEX_POINT('',#6302);
#1591=VERTEX_POINT('',#6347);
#1592=VERTEX_POINT('',#6373);
#1593=VERTEX_POINT('',#6425);
#1594=VERTEX_POINT('',#6448);
#1595=VERTEX_POINT('',#6467);
#1596=VERTEX_POINT('',#6474);
#1597=VERTEX_POINT('',#6479);
#1598=VERTEX_POINT('',#6490);
#1599=VERTEX_POINT('',#6507);
#1600=VERTEX_POINT('',#6518);
#1601=VERTEX_POINT('',#6548);
#1602=VERTEX_POINT('',#6553);
#1603=VERTEX_POINT('',#6580);
#1604=VERTEX_POINT('',#6617);
#1605=VERTEX_POINT('',#6618);
#1606=VERTEX_POINT('',#6620);
#1607=VERTEX_POINT('',#6626);
#1608=VERTEX_POINT('',#6657);
#1609=VERTEX_POINT('',#6664);
#1610=VERTEX_POINT('',#6692);
#1611=VERTEX_POINT('',#6693);
#1612=VERTEX_POINT('',#6725);
#1613=VERTEX_POINT('',#6726);
#1614=VERTEX_POINT('',#6765);
#1615=VERTEX_POINT('',#6831);
#1616=VERTEX_POINT('',#6836);
#1617=VERTEX_POINT('',#6859);
#1618=VERTEX_POINT('',#6881);
#1619=VERTEX_POINT('',#6888);
#1620=VERTEX_POINT('',#6891);
#1621=VERTEX_POINT('',#6919);
#1622=VERTEX_POINT('',#6947);
#1623=VERTEX_POINT('',#6953);
#1624=VERTEX_POINT('',#6961);
#1625=VERTEX_POINT('',#6963);
#1626=VERTEX_POINT('',#7124);
#1627=VERTEX_POINT('',#7164);
#1628=VERTEX_POINT('',#7192);
#1629=VERTEX_POINT('',#7197);
#1630=VERTEX_POINT('',#7205);
#1631=VERTEX_POINT('',#7210);
#1632=VERTEX_POINT('',#7237);
#1633=VERTEX_POINT('',#7244);
#1634=VERTEX_POINT('',#7245);
#1635=VERTEX_POINT('',#7247);
#1636=VERTEX_POINT('',#7260);
#1637=VERTEX_POINT('',#7262);
#1638=VERTEX_POINT('',#7264);
#1639=VERTEX_POINT('',#7275);
#1640=VERTEX_POINT('',#7288);
#1641=VERTEX_POINT('',#7371);
#1642=VERTEX_POINT('',#7373);
#1643=VERTEX_POINT('',#7414);
#1644=VERTEX_POINT('',#7442);
#1645=VERTEX_POINT('',#7486);
#1646=VERTEX_POINT('',#7491);
#1647=VERTEX_POINT('',#7496);
#1648=VERTEX_POINT('',#7511);
#1649=VERTEX_POINT('',#7540);
#1650=VERTEX_POINT('',#7587);
#1651=VERTEX_POINT('',#7596);
#1652=VERTEX_POINT('',#7604);
#1653=VERTEX_POINT('',#7623);
#1654=VERTEX_POINT('',#7658);
#1655=VERTEX_POINT('',#7679);
#1656=VERTEX_POINT('',#7743);
#1657=VERTEX_POINT('',#7745);
#1658=VERTEX_POINT('',#7782);
#1659=VERTEX_POINT('',#7784);
#1660=VERTEX_POINT('',#7786);
#1661=VERTEX_POINT('',#7808);
#1662=VERTEX_POINT('',#7820);
#1663=VERTEX_POINT('',#7821);
#1664=VERTEX_POINT('',#7823);
#1665=VERTEX_POINT('',#7825);
#1666=VERTEX_POINT('',#7827);
#1667=VERTEX_POINT('',#7829);
#1668=VERTEX_POINT('',#7831);
#1669=VERTEX_POINT('',#7833);
#1670=VERTEX_POINT('',#7837);
#1671=VERTEX_POINT('',#7839);
#1672=VERTEX_POINT('',#7843);
#1673=VERTEX_POINT('',#7845);
#1674=VERTEX_POINT('',#7847);
#1675=VERTEX_POINT('',#7849);
#1676=VERTEX_POINT('',#7851);
#1677=VERTEX_POINT('',#7854);
#1678=VERTEX_POINT('',#7856);
#1679=VERTEX_POINT('',#7860);
#1680=VERTEX_POINT('',#7864);
#1681=VERTEX_POINT('',#7868);
#1682=VERTEX_POINT('',#7872);
#1683=VERTEX_POINT('',#7876);
#1684=VERTEX_POINT('',#7880);
#1685=VERTEX_POINT('',#7882);
#1686=VERTEX_POINT('',#7884);
#1687=VERTEX_POINT('',#7888);
#1688=VERTEX_POINT('',#7890);
#1689=VERTEX_POINT('',#7899);
#1690=VERTEX_POINT('',#7906);
#1691=VERTEX_POINT('',#7908);
#1692=VERTEX_POINT('',#7910);
#1693=VERTEX_POINT('',#7921);
#1694=VERTEX_POINT('',#7928);
#1695=VERTEX_POINT('',#7930);
#1696=VERTEX_POINT('',#7932);
#1697=VERTEX_POINT('',#7934);
#1698=VERTEX_POINT('',#7938);
#1699=VERTEX_POINT('',#7939);
#1700=VERTEX_POINT('',#7941);
#1701=VERTEX_POINT('',#7943);
#1702=VERTEX_POINT('',#7945);
#1703=VERTEX_POINT('',#7947);
#1704=VERTEX_POINT('',#7959);
#1705=VERTEX_POINT('',#7961);
#1706=VERTEX_POINT('',#7976);
#1707=VERTEX_POINT('',#7980);
#1708=VERTEX_POINT('',#7981);
#1709=VERTEX_POINT('',#7983);
#1710=VERTEX_POINT('',#7985);
#1711=VERTEX_POINT('',#7989);
#1712=VERTEX_POINT('',#7991);
#1713=VERTEX_POINT('',#8018);
#1714=VERTEX_POINT('',#8037);
#1715=VERTEX_POINT('',#8039);
#1716=VERTEX_POINT('',#8041);
#1717=VERTEX_POINT('',#8045);
#1718=VERTEX_POINT('',#8047);
#1719=VERTEX_POINT('',#8049);
#1720=VERTEX_POINT('',#8051);
#1721=VERTEX_POINT('',#8055);
#1722=VERTEX_POINT('',#8059);
#1723=VERTEX_POINT('',#8061);
#1724=VERTEX_POINT('',#8063);
#1725=VERTEX_POINT('',#8065);
#1726=VERTEX_POINT('',#8067);
#1727=VERTEX_POINT('',#8069);
#1728=VERTEX_POINT('',#8074);
#1729=VERTEX_POINT('',#8076);
#1730=VERTEX_POINT('',#8080);
#1731=VERTEX_POINT('',#8084);
#1732=VERTEX_POINT('',#8086);
#1733=VERTEX_POINT('',#8088);
#1734=VERTEX_POINT('',#8095);
#1735=VERTEX_POINT('',#8097);
#1736=VERTEX_POINT('',#8103);
#1737=VERTEX_POINT('',#8109);
#1738=VERTEX_POINT('',#8113);
#1739=VERTEX_POINT('',#8115);
#1740=VERTEX_POINT('',#8118);
#1741=VERTEX_POINT('',#8124);
#1742=VERTEX_POINT('',#8149);
#1743=VERTEX_POINT('',#8185);
#1744=VERTEX_POINT('',#8206);
#1745=VERTEX_POINT('',#8208);
#1746=VERTEX_POINT('',#8210);
#1747=VERTEX_POINT('',#8230);
#1748=VERTEX_POINT('',#8232);
#1749=VERTEX_POINT('',#8274);
#1750=VERTEX_POINT('',#8278);
#1751=VERTEX_POINT('',#8280);
#1752=VERTEX_POINT('',#8354);
#1753=VERTEX_POINT('',#8379);
#1754=VERTEX_POINT('',#8384);
#1755=VERTEX_POINT('',#8401);
#1756=VERTEX_POINT('',#8446);
#1757=VERTEX_POINT('',#8448);
#1758=VERTEX_POINT('',#8452);
#1759=VERTEX_POINT('',#8454);
#1760=VERTEX_POINT('',#8456);
#1761=VERTEX_POINT('',#8458);
#1762=VERTEX_POINT('',#8460);
#1763=VERTEX_POINT('',#8487);
#1764=VERTEX_POINT('',#8489);
#1765=VERTEX_POINT('',#8544);
#1766=VERTEX_POINT('',#8555);
#1767=VERTEX_POINT('',#8557);
#1768=VERTEX_POINT('',#8565);
#1769=VERTEX_POINT('',#8567);
#1770=VERTEX_POINT('',#8569);
#1771=VERTEX_POINT('',#8573);
#1772=VERTEX_POINT('',#8575);
#1773=VERTEX_POINT('',#8577);
#1774=VERTEX_POINT('',#8579);
#1775=VERTEX_POINT('',#8581);
#1776=VERTEX_POINT('',#8583);
#1777=VERTEX_POINT('',#8585);
#1778=VERTEX_POINT('',#8634);
#1779=VERTEX_POINT('',#8640);
#1780=VERTEX_POINT('',#8642);
#1781=VERTEX_POINT('',#8644);
#1782=VERTEX_POINT('',#8646);
#1783=VERTEX_POINT('',#8648);
#1784=VERTEX_POINT('',#8650);
#1785=VERTEX_POINT('',#8652);
#1786=VERTEX_POINT('',#8654);
#1787=VERTEX_POINT('',#8656);
#1788=VERTEX_POINT('',#8693);
#1789=VERTEX_POINT('',#8722);
#1790=VERTEX_POINT('',#8737);
#1791=VERTEX_POINT('',#8743);
#1792=VERTEX_POINT('',#8752);
#1793=VERTEX_POINT('',#8881);
#1794=VERTEX_POINT('',#8914);
#1795=VERTEX_POINT('',#9046);
#1796=VERTEX_POINT('',#9152);
#1797=VERTEX_POINT('',#9153);
#1798=VERTEX_POINT('',#9160);
#1799=VERTEX_POINT('',#9162);
#1800=VERTEX_POINT('',#9164);
#1801=VERTEX_POINT('',#9218);
#1802=VERTEX_POINT('',#9232);
#1803=VERTEX_POINT('',#9249);
#1804=VERTEX_POINT('',#9255);
#1805=VERTEX_POINT('',#9271);
#1806=VERTEX_POINT('',#9273);
#1807=VERTEX_POINT('',#9275);
#1808=VERTEX_POINT('',#9277);
#1809=VERTEX_POINT('',#9284);
#1810=VERTEX_POINT('',#9286);
#1811=VERTEX_POINT('',#9288);
#1812=VERTEX_POINT('',#9291);
#1813=VERTEX_POINT('',#9294);
#1814=VERTEX_POINT('',#9296);
#1815=VERTEX_POINT('',#9464);
#1816=VERTEX_POINT('',#9490);
#1817=VERTEX_POINT('',#9494);
#1818=VERTEX_POINT('',#9498);
#1819=VERTEX_POINT('',#9500);
#1820=VERTEX_POINT('',#9507);
#1821=VERTEX_POINT('',#9518);
#1822=VERTEX_POINT('',#9588);
#1823=VERTEX_POINT('',#9618);
#1824=VERTEX_POINT('',#9665);
#1825=VERTEX_POINT('',#9667);
#1826=VERTEX_POINT('',#9736);
#1827=VERTEX_POINT('',#9740);
#1828=VERTEX_POINT('',#9764);
#1829=VERTEX_POINT('',#9766);
#1830=VERTEX_POINT('',#9805);
#1831=VERTEX_POINT('',#9823);
#1832=VERTEX_POINT('',#9825);
#1833=VERTEX_POINT('',#9830);
#1834=VERTEX_POINT('',#9836);
#1835=VERTEX_POINT('',#9837);
#1836=VERTEX_POINT('',#9839);
#1837=VERTEX_POINT('',#9841);
#1838=VERTEX_POINT('',#9845);
#1839=EDGE_CURVE('',#1469,#1470,#1256,.F.);
#1840=EDGE_CURVE('',#1471,#1469,#1138,.T.);
#1841=EDGE_CURVE('',#1471,#1472,#1257,.T.);
#1842=EDGE_CURVE('',#1472,#1473,#1258,.T.);
#1843=EDGE_CURVE('',#1473,#1470,#1139,.T.);
#1844=EDGE_CURVE('',#1474,#1473,#233,.T.);
#1845=EDGE_CURVE('',#1474,#1475,#234,.T.);
#1846=EDGE_CURVE('',#1476,#1475,#235,.T.);
#1847=EDGE_CURVE('',#1477,#1476,#1259,.T.);
#1848=EDGE_CURVE('',#1477,#1478,#236,.T.);
#1849=EDGE_CURVE('',#1470,#1478,#237,.T.);
#1850=EDGE_CURVE('',#1471,#1479,#238,.T.);
#1851=EDGE_CURVE('',#1479,#1480,#1140,.T.);
#1852=EDGE_CURVE('',#1480,#1472,#239,.T.);
#1853=EDGE_CURVE('',#1469,#1481,#240,.T.);
#1854=EDGE_CURVE('',#1479,#1481,#1141,.T.);
#1855=EDGE_CURVE('',#1469,#1471,#1142,.T.);
#1856=EDGE_CURVE('',#1482,#1482,#1143,.T.);
#1857=EDGE_CURVE('',#1480,#1483,#241,.T.);
#1858=EDGE_CURVE('',#1483,#1484,#242,.T.);
#1859=EDGE_CURVE('',#1484,#1485,#243,.T.);
#1860=EDGE_CURVE('',#1485,#1474,#244,.T.);
#1861=EDGE_CURVE('',#1486,#1486,#1144,.T.);
#1862=EDGE_CURVE('',#1486,#1482,#245,.T.);
#1863=EDGE_CURVE('',#1487,#1481,#246,.T.);
#1864=EDGE_CURVE('',#1488,#1487,#247,.T.);
#1865=EDGE_CURVE('',#1488,#1489,#248,.T.);
#1866=EDGE_CURVE('',#1489,#1483,#249,.T.);
#1867=EDGE_CURVE('',#1478,#1487,#1145,.T.);
#1868=EDGE_CURVE('',#1490,#1491,#1260,.T.);
#1869=EDGE_CURVE('',#1492,#1490,#1261,.T.);
#1870=EDGE_CURVE('',#1493,#1492,#1262,.T.);
#1871=EDGE_CURVE('',#1476,#1493,#1263,.T.);
#1872=EDGE_CURVE('',#1475,#1494,#250,.T.);
#1873=EDGE_CURVE('',#1494,#1491,#251,.T.);
#1874=EDGE_CURVE('',#1495,#1496,#252,.T.);
#1875=EDGE_CURVE('',#1489,#1496,#253,.T.);
#1876=EDGE_CURVE('',#1488,#1477,#1264,.T.);
#1877=EDGE_CURVE('',#1477,#1497,#1265,.T.);
#1878=EDGE_CURVE('',#1497,#1498,#1266,.T.);
#1879=EDGE_CURVE('',#1499,#1498,#254,.T.);
#1880=EDGE_CURVE('',#1500,#1499,#255,.T.);
#1881=EDGE_CURVE('',#1501,#1500,#126,.T.);
#1882=EDGE_CURVE('',#1501,#1502,#1146,.T.);
#1883=EDGE_CURVE('',#1502,#1503,#1147,.T.);
#1884=EDGE_CURVE('',#1504,#1503,#256,.T.);
#1885=EDGE_CURVE('',#1505,#1504,#257,.T.);
#1886=EDGE_CURVE('',#1506,#1505,#127,.T.);
#1887=EDGE_CURVE('',#1507,#1506,#258,.T.);
#1888=EDGE_CURVE('',#1508,#1507,#128,.T.);
#1889=EDGE_CURVE('',#1509,#1508,#259,.T.);
#1890=EDGE_CURVE('',#1510,#1509,#260,.T.);
#1891=EDGE_CURVE('',#1510,#1495,#1267,.T.);
#1892=EDGE_CURVE('',#1494,#1485,#261,.T.);
#1893=EDGE_CURVE('',#1496,#1484,#262,.T.);
#1894=EDGE_CURVE('',#1491,#1495,#1268,.T.);
#1895=EDGE_CURVE('',#1511,#1511,#1148,.T.);
#1896=EDGE_CURVE('',#1511,#1512,#263,.T.);
#1897=EDGE_CURVE('',#1513,#1512,#129,.T.);
#1898=EDGE_CURVE('',#1514,#1513,#130,.T.);
#1899=EDGE_CURVE('',#1512,#1514,#131,.T.);
#1900=EDGE_CURVE('',#1515,#1515,#1149,.T.);
#1901=EDGE_CURVE('',#1516,#1513,#264,.T.);
#1902=EDGE_CURVE('',#1517,#1516,#265,.T.);
#1903=EDGE_CURVE('',#1518,#1517,#132,.T.);
#1904=EDGE_CURVE('',#1518,#1519,#266,.T.);
#1905=EDGE_CURVE('',#1514,#1519,#267,.T.);
#1906=EDGE_CURVE('',#1520,#1520,#1150,.T.);
#1907=EDGE_CURVE('',#1520,#1515,#268,.T.);
#1908=EDGE_CURVE('',#1521,#1522,#1269,.T.);
#1909=EDGE_CURVE('',#1521,#1523,#1270,.T.);
#1910=EDGE_CURVE('',#1523,#1524,#1271,.T.);
#1911=EDGE_CURVE('',#1525,#1524,#1272,.T.);
#1912=EDGE_CURVE('',#1525,#1522,#1273,.T.);
#1913=EDGE_CURVE('',#1526,#1521,#1274,.T.);
#1914=EDGE_CURVE('',#1527,#1526,#269,.T.);
#1915=EDGE_CURVE('',#1527,#1528,#270,.T.);
#1916=EDGE_CURVE('',#1528,#1529,#271,.T.);
#1917=EDGE_CURVE('',#1523,#1529,#272,.T.);
#1918=EDGE_CURVE('',#1525,#1530,#273,.T.);
#1919=EDGE_CURVE('',#1531,#1530,#274,.T.);
#1920=EDGE_CURVE('',#1522,#1531,#275,.T.);
#1921=EDGE_CURVE('',#1532,#1533,#1151,.T.);
#1922=EDGE_CURVE('',#1534,#1532,#276,.T.);
#1923=EDGE_CURVE('',#1535,#1534,#277,.T.);
#1924=EDGE_CURVE('',#1530,#1535,#278,.T.);
#1925=EDGE_CURVE('',#1524,#1536,#279,.T.);
#1926=EDGE_CURVE('',#1537,#1536,#280,.T.);
#1927=EDGE_CURVE('',#1533,#1537,#1152,.T.);
#1928=EDGE_CURVE('',#1538,#1539,#1275,.T.);
#1929=EDGE_CURVE('',#1540,#1538,#1276,.T.);
#1930=EDGE_CURVE('',#1526,#1540,#1277,.T.);
#1931=EDGE_CURVE('',#1531,#1541,#281,.T.);
#1932=EDGE_CURVE('',#1541,#1542,#282,.T.);
#1933=EDGE_CURVE('',#1542,#1539,#283,.T.);
#1934=EDGE_CURVE('',#1541,#1535,#284,.T.);
#1935=EDGE_CURVE('',#1542,#1534,#285,.T.);
#1936=EDGE_CURVE('',#1543,#1532,#286,.T.);
#1937=EDGE_CURVE('',#1539,#1543,#287,.T.);
#1938=EDGE_CURVE('',#1544,#1545,#1278,.T.);
#1939=EDGE_CURVE('',#1546,#1545,#1279,.T.);
#1940=EDGE_CURVE('',#1546,#1547,#1280,.T.);
#1941=EDGE_CURVE('',#1547,#1548,#1153,.T.);
#1942=EDGE_CURVE('',#1548,#1544,#1281,.T.);
#1943=EDGE_CURVE('',#1547,#1549,#1282,.T.);
#1944=EDGE_CURVE('',#1549,#1550,#1154,.T.);
#1945=EDGE_CURVE('',#1550,#1548,#1283,.T.);
#1946=EDGE_CURVE('',#1549,#1551,#1284,.T.);
#1947=EDGE_CURVE('',#1551,#1552,#1155,.T.);
#1948=EDGE_CURVE('',#1552,#1550,#1285,.T.);
#1949=EDGE_CURVE('',#1553,#1554,#1156,.T.);
#1950=EDGE_CURVE('',#1554,#1552,#288,.T.);
#1951=EDGE_CURVE('',#1551,#1553,#289,.T.);
#1952=EDGE_CURVE('',#1553,#1555,#1286,.T.);
#1953=EDGE_CURVE('',#1555,#1556,#1157,.T.);
#1954=EDGE_CURVE('',#1556,#1554,#1287,.T.);
#1955=EDGE_CURVE('',#1555,#1557,#1288,.T.);
#1956=EDGE_CURVE('',#1557,#1558,#1158,.T.);
#1957=EDGE_CURVE('',#1558,#1556,#1289,.T.);
#1958=EDGE_CURVE('',#1559,#1560,#1290,.T.);
#1959=EDGE_CURVE('',#1560,#1561,#1291,.T.);
#1960=EDGE_CURVE('',#1561,#1562,#1292,.F.);
#1961=EDGE_CURVE('',#1562,#1558,#1293,.T.);
#1962=EDGE_CURVE('',#1557,#1563,#1294,.T.);
#1963=EDGE_CURVE('',#1563,#1564,#1295,.T.);
#1964=EDGE_CURVE('',#1564,#1559,#1296,.T.);
#1965=EDGE_CURVE('',#1548,#1565,#1297,.T.);
#1966=EDGE_CURVE('',#1566,#1565,#1159,.T.);
#1967=EDGE_CURVE('',#1566,#1544,#1298,.T.);
#1968=EDGE_CURVE('',#1567,#1558,#1299,.T.);
#1969=EDGE_CURVE('',#1568,#1567,#1300,.T.);
#1970=EDGE_CURVE('',#1565,#1568,#1301,.T.);
#1971=EDGE_CURVE('',#1562,#1569,#1302,.T.);
#1972=EDGE_CURVE('',#1567,#1569,#1160,.T.);
#1973=EDGE_CURVE('',#1570,#1560,#1303,.T.);
#1974=EDGE_CURVE('',#1561,#1570,#1304,.T.);
#1975=EDGE_CURVE('',#1559,#1571,#1161,.T.);
#1976=EDGE_CURVE('',#1571,#1572,#1305,.T.);
#1977=EDGE_CURVE('',#1572,#1570,#1306,.F.);
#1978=EDGE_CURVE('',#1573,#1574,#1162,.T.);
#1979=EDGE_CURVE('',#1574,#1575,#1307,.T.);
#1980=EDGE_CURVE('',#1575,#1573,#1308,.T.);
#1981=EDGE_CURVE('',#1576,#1577,#1163,.T.);
#1982=EDGE_CURVE('',#1577,#1574,#1309,.T.);
#1983=EDGE_CURVE('',#1573,#1576,#1310,.T.);
#1984=EDGE_CURVE('',#1576,#1502,#1311,.T.);
#1985=EDGE_CURVE('',#1502,#1577,#1312,.T.);
#1986=EDGE_CURVE('',#1578,#1573,#1313,.T.);
#1987=EDGE_CURVE('',#1579,#1578,#1314,.T.);
#1988=EDGE_CURVE('',#1503,#1579,#1315,.T.);
#1989=EDGE_CURVE('',#1575,#1580,#1316,.T.);
#1990=EDGE_CURVE('',#1578,#1580,#1317,.T.);
#1991=EDGE_CURVE('',#1581,#1578,#1164,.T.);
#1992=EDGE_CURVE('',#1580,#1581,#1318,.T.);
#1993=EDGE_CURVE('',#1581,#1582,#1319,.T.);
#1994=EDGE_CURVE('',#1582,#1579,#1165,.T.);
#1995=EDGE_CURVE('',#1582,#1503,#1320,.T.);
#1996=EDGE_CURVE('',#1583,#1582,#1321,.T.);
#1997=EDGE_CURVE('',#1584,#1583,#1322,.T.);
#1998=EDGE_CURVE('',#1585,#1584,#1323,.T.);
#1999=EDGE_CURVE('',#1586,#1585,#1324,.T.);
#2000=EDGE_CURVE('',#1586,#1587,#290,.T.);
#2001=EDGE_CURVE('',#1588,#1587,#1325,.T.);
#2002=EDGE_CURVE('',#1504,#1588,#1326,.T.);
#2003=EDGE_CURVE('',#1580,#1589,#1327,.T.);
#2004=EDGE_CURVE('',#1590,#1589,#1328,.T.);
#2005=EDGE_CURVE('',#1583,#1590,#1329,.T.);
#2006=EDGE_CURVE('',#1591,#1590,#1166,.T.);
#2007=EDGE_CURVE('',#1589,#1591,#1330,.T.);
#2008=EDGE_CURVE('',#1592,#1583,#1167,.T.);
#2009=EDGE_CURVE('',#1591,#1592,#1331,.T.);
#2010=EDGE_CURVE('',#1592,#1584,#1332,.T.);
#2011=EDGE_CURVE('',#1593,#1546,#1333,.T.);
#2012=EDGE_CURVE('',#1594,#1593,#1334,.T.);
#2013=EDGE_CURVE('',#1595,#1594,#1335,.T.);
#2014=EDGE_CURVE('',#1596,#1595,#1336,.T.);
#2015=EDGE_CURVE('',#1597,#1596,#1337,.T.);
#2016=EDGE_CURVE('',#1598,#1597,#1338,.T.);
#2017=EDGE_CURVE('',#1599,#1598,#1339,.T.);
#2018=EDGE_CURVE('',#1584,#1599,#1340,.T.);
#2019=EDGE_CURVE('',#1600,#1591,#1341,.T.);
#2020=EDGE_CURVE('',#1549,#1600,#1342,.T.);
#2021=EDGE_CURVE('',#1589,#1601,#1343,.T.);
#2022=EDGE_CURVE('',#1601,#1602,#1168,.F.);
#2023=EDGE_CURVE('',#1602,#1600,#1169,.F.);
#2024=EDGE_CURVE('',#1585,#1603,#1344,.T.);
#2025=EDGE_CURVE('',#1603,#1599,#1345,.T.);
#2026=EDGE_CURVE('',#1604,#1605,#1170,.T.);
#2027=EDGE_CURVE('',#1605,#1606,#1346,.T.);
#2028=EDGE_CURVE('',#1606,#1607,#1171,.T.);
#2029=EDGE_CURVE('',#1607,#1604,#1347,.T.);
#2030=EDGE_CURVE('',#1607,#1608,#1348,.T.);
#2031=EDGE_CURVE('',#1608,#1609,#1172,.T.);
#2032=EDGE_CURVE('',#1609,#1604,#1349,.T.);
#2033=EDGE_CURVE('',#1610,#1611,#1173,.T.);
#2034=EDGE_CURVE('',#1611,#1609,#1350,.T.);
#2035=EDGE_CURVE('',#1608,#1610,#1351,.T.);
#2036=EDGE_CURVE('',#1612,#1613,#1352,.T.);
#2037=EDGE_CURVE('',#1613,#1611,#1353,.T.);
#2038=EDGE_CURVE('',#1612,#1610,#1354,.T.);
#2039=EDGE_CURVE('',#1614,#1501,#1355,.T.);
#2040=EDGE_CURVE('',#1610,#1614,#1356,.T.);
#2041=EDGE_CURVE('',#1577,#1607,#1357,.T.);
#2042=EDGE_CURVE('',#1606,#1575,#1358,.T.);
#2043=EDGE_CURVE('',#1615,#1605,#1359,.T.);
#2044=EDGE_CURVE('',#1616,#1615,#1360,.T.);
#2045=EDGE_CURVE('',#1601,#1616,#291,.T.);
#2046=EDGE_CURVE('',#1604,#1617,#1361,.T.);
#2047=EDGE_CURVE('',#1617,#1615,#1174,.F.);
#2048=EDGE_CURVE('',#1564,#1618,#1175,.T.);
#2049=EDGE_CURVE('',#1618,#1571,#1362,.T.);
#2050=EDGE_CURVE('',#1619,#1601,#1176,.F.);
#2051=EDGE_CURVE('',#1600,#1619,#1177,.F.);
#2052=EDGE_CURVE('',#1602,#1620,#1178,.T.);
#2053=EDGE_CURVE('',#1619,#1551,#1363,.T.);
#2054=EDGE_CURVE('',#1615,#1621,#1179,.F.);
#2055=EDGE_CURVE('',#1621,#1617,#1180,.F.);
#2056=EDGE_CURVE('',#1617,#1622,#1364,.T.);
#2057=EDGE_CURVE('',#1622,#1623,#1181,.T.);
#2058=EDGE_CURVE('',#1623,#1621,#1365,.T.);
#2059=EDGE_CURVE('',#1616,#1624,#1182,.F.);
#2060=EDGE_CURVE('',#1625,#1616,#1183,.F.);
#2061=EDGE_CURVE('',#1624,#1625,#1184,.F.);
#2062=EDGE_CURVE('',#1621,#1625,#1366,.T.);
#2063=EDGE_CURVE('',#1553,#1624,#1367,.T.);
#2064=EDGE_CURVE('',#1625,#1555,#1368,.T.);
#2065=EDGE_CURVE('',#1624,#1619,#292,.T.);
#2066=EDGE_CURVE('',#1563,#1623,#1369,.T.);
#2067=EDGE_CURVE('',#1622,#1618,#1370,.T.);
#2068=EDGE_CURVE('',#1622,#1609,#1371,.T.);
#2069=EDGE_CURVE('',#1569,#1626,#1372,.T.);
#2070=EDGE_CURVE('',#1626,#1568,#1185,.T.);
#2071=EDGE_CURVE('',#1627,#1566,#1373,.T.);
#2072=EDGE_CURVE('',#1626,#1627,#1374,.T.);
#2073=EDGE_CURVE('',#1545,#1628,#1375,.T.);
#2074=EDGE_CURVE('',#1628,#1629,#1376,.T.);
#2075=EDGE_CURVE('',#1629,#1630,#1377,.T.);
#2076=EDGE_CURVE('',#1630,#1631,#1378,.T.);
#2077=EDGE_CURVE('',#1631,#1630,#1379,.T.);
#2078=EDGE_CURVE('',#1630,#1632,#1380,.T.);
#2079=EDGE_CURVE('',#1594,#1632,#1186,.T.);
#2080=EDGE_CURVE('',#1633,#1634,#133,.T.);
#2081=EDGE_CURVE('',#1635,#1634,#1187,.T.);
#2082=EDGE_CURVE('',#1633,#1635,#1381,.T.);
#2083=EDGE_CURVE('',#1634,#1627,#1382,.T.);
#2084=EDGE_CURVE('',#1626,#1636,#1188,.T.);
#2085=EDGE_CURVE('',#1636,#1637,#1189,.T.);
#2086=EDGE_CURVE('',#1638,#1637,#1383,.T.);
#2087=EDGE_CURVE('',#1639,#1638,#1384,.T.);
#2088=EDGE_CURVE('',#1639,#1640,#1190,.T.);
#2089=EDGE_CURVE('',#1635,#1640,#1385,.T.);
#2090=EDGE_CURVE('',#1569,#1636,#1386,.T.);
#2091=EDGE_CURVE('',#1618,#1641,#1191,.T.);
#2092=EDGE_CURVE('',#1641,#1642,#1387,.T.);
#2093=EDGE_CURVE('',#1642,#1571,#1192,.T.);
#2094=EDGE_CURVE('',#1643,#1613,#1388,.F.);
#2095=EDGE_CURVE('',#1643,#1641,#1389,.T.);
#2096=EDGE_CURVE('',#1642,#1644,#1390,.T.);
#2097=EDGE_CURVE('',#1644,#1572,#1391,.T.);
#2098=EDGE_CURVE('',#1641,#1645,#1392,.T.);
#2099=EDGE_CURVE('',#1645,#1646,#1393,.T.);
#2100=EDGE_CURVE('',#1646,#1647,#1394,.T.);
#2101=EDGE_CURVE('',#1648,#1647,#1395,.T.);
#2102=EDGE_CURVE('',#1648,#1636,#1396,.T.);
#2103=EDGE_CURVE('',#1643,#1645,#134,.T.);
#2104=EDGE_CURVE('',#1649,#1586,#1397,.T.);
#2105=EDGE_CURVE('',#1587,#1649,#1398,.T.);
#2106=EDGE_CURVE('',#1650,#1493,#1399,.T.);
#2107=EDGE_CURVE('',#1532,#1650,#1400,.T.);
#2108=EDGE_CURVE('',#1651,#1533,#1401,.T.);
#2109=EDGE_CURVE('',#1651,#1652,#293,.T.);
#2110=EDGE_CURVE('',#1652,#1497,#294,.T.);
#2111=EDGE_CURVE('',#1497,#1653,#1402,.T.);
#2112=EDGE_CURVE('',#1537,#1651,#1403,.T.);
#2113=EDGE_CURVE('',#1653,#1537,#1404,.T.);
#2114=EDGE_CURVE('',#1500,#1654,#295,.T.);
#2115=EDGE_CURVE('',#1654,#1612,#135,.T.);
#2116=EDGE_CURVE('',#1505,#1588,#296,.T.);
#2117=EDGE_CURVE('',#1655,#1536,#297,.T.);
#2118=EDGE_CURVE('',#1655,#1653,#298,.T.);
#2119=EDGE_CURVE('',#1630,#1631,#299,.T.);
#2120=EDGE_CURVE('',#1656,#1539,#300,.T.);
#2121=EDGE_CURVE('',#1656,#1657,#1193,.T.);
#2122=EDGE_CURVE('',#1657,#1538,#301,.T.);
#2123=EDGE_CURVE('',#1657,#1527,#1194,.T.);
#2124=EDGE_CURVE('',#1658,#1598,#136,.T.);
#2125=EDGE_CURVE('',#1659,#1658,#137,.T.);
#2126=EDGE_CURVE('',#1660,#1659,#138,.T.);
#2127=EDGE_CURVE('',#1603,#1660,#1405,.T.);
#2128=EDGE_CURVE('',#1597,#1661,#1406,.T.);
#2129=EDGE_CURVE('',#1661,#1658,#1195,.T.);
#2130=EDGE_CURVE('',#1661,#1596,#1407,.T.);
#2131=EDGE_CURVE('',#1662,#1663,#139,.T.);
#2132=EDGE_CURVE('',#1664,#1662,#302,.T.);
#2133=EDGE_CURVE('',#1665,#1664,#140,.T.);
#2134=EDGE_CURVE('',#1666,#1665,#303,.T.);
#2135=EDGE_CURVE('',#1667,#1666,#141,.T.);
#2136=EDGE_CURVE('',#1668,#1667,#304,.T.);
#2137=EDGE_CURVE('',#1669,#1668,#142,.T.);
#2138=EDGE_CURVE('',#1663,#1669,#305,.T.);
#2139=EDGE_CURVE('',#1666,#1670,#306,.T.);
#2140=EDGE_CURVE('',#1671,#1670,#143,.T.);
#2141=EDGE_CURVE('',#1667,#1671,#307,.T.);
#2142=EDGE_CURVE('',#1665,#1672,#308,.T.);
#2143=EDGE_CURVE('',#1673,#1672,#309,.T.);
#2144=EDGE_CURVE('',#1673,#1674,#310,.T.);
#2145=EDGE_CURVE('',#1674,#1675,#311,.T.);
#2146=EDGE_CURVE('',#1675,#1676,#312,.T.);
#2147=EDGE_CURVE('',#1676,#1510,#313,.T.);
#2148=EDGE_CURVE('',#1677,#1509,#314,.T.);
#2149=EDGE_CURVE('',#1678,#1677,#144,.T.);
#2150=EDGE_CURVE('',#1670,#1678,#315,.T.);
#2151=EDGE_CURVE('',#1664,#1679,#316,.T.);
#2152=EDGE_CURVE('',#1672,#1679,#145,.T.);
#2153=EDGE_CURVE('',#1662,#1680,#317,.T.);
#2154=EDGE_CURVE('',#1679,#1680,#318,.T.);
#2155=EDGE_CURVE('',#1681,#1671,#319,.T.);
#2156=EDGE_CURVE('',#1668,#1681,#320,.T.);
#2157=EDGE_CURVE('',#1682,#1681,#146,.T.);
#2158=EDGE_CURVE('',#1669,#1682,#321,.T.);
#2159=EDGE_CURVE('',#1663,#1683,#322,.T.);
#2160=EDGE_CURVE('',#1680,#1683,#147,.T.);
#2161=EDGE_CURVE('',#1683,#1684,#323,.T.);
#2162=EDGE_CURVE('',#1684,#1685,#148,.T.);
#2163=EDGE_CURVE('',#1685,#1686,#324,.T.);
#2164=EDGE_CURVE('',#1686,#1673,#149,.T.);
#2165=EDGE_CURVE('',#1687,#1678,#150,.T.);
#2166=EDGE_CURVE('',#1688,#1687,#1408,.T.);
#2167=EDGE_CURVE('',#1689,#1688,#1409,.T.);
#2168=EDGE_CURVE('',#1690,#1689,#151,.T.);
#2169=EDGE_CURVE('',#1691,#1690,#325,.T.);
#2170=EDGE_CURVE('',#1692,#1691,#1410,.T.);
#2171=EDGE_CURVE('',#1693,#1692,#1411,.T.);
#2172=EDGE_CURVE('',#1694,#1693,#326,.T.);
#2173=EDGE_CURVE('',#1695,#1694,#152,.T.);
#2174=EDGE_CURVE('',#1696,#1695,#327,.T.);
#2175=EDGE_CURVE('',#1697,#1696,#153,.T.);
#2176=EDGE_CURVE('',#1697,#1682,#328,.T.);
#2177=EDGE_CURVE('',#1698,#1699,#154,.T.);
#2178=EDGE_CURVE('',#1700,#1698,#155,.T.);
#2179=EDGE_CURVE('',#1701,#1700,#156,.T.);
#2180=EDGE_CURVE('',#1702,#1701,#157,.T.);
#2181=EDGE_CURVE('',#1703,#1702,#158,.T.);
#2182=EDGE_CURVE('',#1674,#1703,#1412,.T.);
#2183=EDGE_CURVE('',#1704,#1686,#329,.T.);
#2184=EDGE_CURVE('',#1705,#1704,#1413,.T.);
#2185=EDGE_CURVE('',#1706,#1705,#159,.T.);
#2186=EDGE_CURVE('',#1699,#1706,#160,.T.);
#2187=EDGE_CURVE('',#1707,#1708,#330,.T.);
#2188=EDGE_CURVE('',#1709,#1707,#1196,.T.);
#2189=EDGE_CURVE('',#1710,#1709,#331,.T.);
#2190=EDGE_CURVE('',#1708,#1710,#161,.T.);
#2191=EDGE_CURVE('',#1685,#1711,#332,.T.);
#2192=EDGE_CURVE('',#1712,#1684,#333,.T.);
#2193=EDGE_CURVE('',#1711,#1712,#1414,.T.);
#2194=EDGE_CURVE('',#1713,#1707,#162,.T.);
#2195=EDGE_CURVE('',#1709,#1713,#334,.T.);
#2196=EDGE_CURVE('',#1703,#1714,#335,.T.);
#2197=EDGE_CURVE('',#1714,#1715,#336,.T.);
#2198=EDGE_CURVE('',#1716,#1715,#337,.T.);
#2199=EDGE_CURVE('',#1675,#1716,#338,.T.);
#2200=EDGE_CURVE('',#1717,#1702,#339,.T.);
#2201=EDGE_CURVE('',#1718,#1717,#340,.T.);
#2202=EDGE_CURVE('',#1719,#1718,#341,.T.);
#2203=EDGE_CURVE('',#1720,#1719,#342,.T.);
#2204=EDGE_CURVE('',#1714,#1720,#343,.T.);
#2205=EDGE_CURVE('',#1721,#1701,#344,.T.);
#2206=EDGE_CURVE('',#1721,#1717,#345,.T.);
#2207=EDGE_CURVE('',#1700,#1722,#346,.T.);
#2208=EDGE_CURVE('',#1723,#1722,#1197,.T.);
#2209=EDGE_CURVE('',#1723,#1724,#347,.T.);
#2210=EDGE_CURVE('',#1724,#1725,#348,.T.);
#2211=EDGE_CURVE('',#1725,#1726,#349,.T.);
#2212=EDGE_CURVE('',#1727,#1726,#1415,.F.);
#2213=EDGE_CURVE('',#1727,#1728,#350,.T.);
#2214=EDGE_CURVE('',#1728,#1729,#351,.T.);
#2215=EDGE_CURVE('',#1729,#1721,#352,.T.);
#2216=EDGE_CURVE('',#1730,#1698,#353,.T.);
#2217=EDGE_CURVE('',#1722,#1730,#354,.T.);
#2218=EDGE_CURVE('',#1710,#1731,#163,.T.);
#2219=EDGE_CURVE('',#1731,#1732,#164,.T.);
#2220=EDGE_CURVE('',#1733,#1732,#1416,.T.);
#2221=EDGE_CURVE('',#1733,#1734,#1198,.T.);
#2222=EDGE_CURVE('',#1735,#1734,#1417,.T.);
#2223=EDGE_CURVE('',#1736,#1735,#1418,.T.);
#2224=EDGE_CURVE('',#1736,#1737,#1199,.T.);
#2225=EDGE_CURVE('',#1737,#1708,#1200,.T.);
#2226=EDGE_CURVE('',#1738,#1697,#355,.T.);
#2227=EDGE_CURVE('',#1739,#1738,#1201,.T.);
#2228=EDGE_CURVE('',#1731,#1739,#356,.T.);
#2229=EDGE_CURVE('',#1713,#1740,#357,.T.);
#2230=EDGE_CURVE('',#1740,#1712,#358,.T.);
#2231=EDGE_CURVE('',#1711,#1704,#359,.T.);
#2232=EDGE_CURVE('',#1719,#1741,#360,.T.);
#2233=EDGE_CURVE('',#1729,#1718,#361,.T.);
#2234=EDGE_CURVE('',#1728,#1741,#362,.T.);
#2235=EDGE_CURVE('',#1742,#1676,#1202,.T.);
#2236=EDGE_CURVE('',#1490,#1742,#363,.T.);
#2237=EDGE_CURVE('',#1498,#1655,#364,.T.);
#2238=EDGE_CURVE('',#1492,#1743,#365,.T.);
#2239=EDGE_CURVE('',#1650,#1743,#366,.T.);
#2240=EDGE_CURVE('',#1743,#1742,#1203,.T.);
#2241=EDGE_CURVE('',#1529,#1744,#367,.T.);
#2242=EDGE_CURVE('',#1744,#1745,#368,.T.);
#2243=EDGE_CURVE('',#1745,#1746,#165,.T.);
#2244=EDGE_CURVE('',#1646,#1746,#369,.T.);
#2245=EDGE_CURVE('',#1499,#1654,#370,.T.);
#2246=EDGE_CURVE('',#1743,#1747,#371,.T.);
#2247=EDGE_CURVE('',#1747,#1748,#372,.T.);
#2248=EDGE_CURVE('',#1748,#1532,#373,.T.);
#2249=EDGE_CURVE('',#1742,#1715,#374,.T.);
#2250=EDGE_CURVE('',#1715,#1748,#375,.T.);
#2251=EDGE_CURVE('',#1749,#1737,#1204,.T.);
#2252=EDGE_CURVE('',#1740,#1749,#376,.T.);
#2253=EDGE_CURVE('',#1745,#1750,#1205,.T.);
#2254=EDGE_CURVE('',#1751,#1744,#1206,.T.);
#2255=EDGE_CURVE('',#1750,#1751,#1207,.T.);
#2256=EDGE_CURVE('',#1527,#1751,#377,.T.);
#2257=EDGE_CURVE('',#1657,#1749,#378,.T.);
#2258=EDGE_CURVE('',#1705,#1657,#1419,.T.);
#2259=EDGE_CURVE('',#1750,#1737,#1420,.T.);
#2260=EDGE_CURVE('',#1752,#1736,#1208,.T.);
#2261=EDGE_CURVE('',#1750,#1752,#1209,.T.);
#2262=EDGE_CURVE('',#1719,#1656,#379,.T.);
#2263=EDGE_CURVE('',#1741,#1706,#380,.T.);
#2264=EDGE_CURVE('',#1720,#1748,#381,.T.);
#2265=EDGE_CURVE('',#1753,#1752,#1421,.T.);
#2266=EDGE_CURVE('',#1754,#1753,#1422,.T.);
#2267=EDGE_CURVE('',#1754,#1746,#1210,.T.);
#2268=EDGE_CURVE('',#1752,#1736,#1423,.T.);
#2269=EDGE_CURVE('',#1755,#1733,#166,.T.);
#2270=EDGE_CURVE('',#1755,#1734,#1424,.F.);
#2271=EDGE_CURVE('',#1754,#1647,#1425,.F.);
#2272=EDGE_CURVE('',#1507,#1756,#382,.T.);
#2273=EDGE_CURVE('',#1756,#1757,#1211,.T.);
#2274=EDGE_CURVE('',#1757,#1508,#383,.T.);
#2275=EDGE_CURVE('',#1758,#1506,#384,.T.);
#2276=EDGE_CURVE('',#1759,#1758,#385,.T.);
#2277=EDGE_CURVE('',#1760,#1759,#386,.T.);
#2278=EDGE_CURVE('',#1760,#1761,#387,.T.);
#2279=EDGE_CURVE('',#1762,#1761,#1426,.F.);
#2280=EDGE_CURVE('',#1756,#1762,#1212,.T.);
#2281=EDGE_CURVE('',#1758,#1649,#1213,.T.);
#2282=EDGE_CURVE('',#1763,#1739,#388,.T.);
#2283=EDGE_CURVE('',#1764,#1763,#1427,.T.);
#2284=EDGE_CURVE('',#1732,#1764,#167,.T.);
#2285=EDGE_CURVE('',#1765,#1738,#1428,.T.);
#2286=EDGE_CURVE('',#1765,#1766,#389,.T.);
#2287=EDGE_CURVE('',#1767,#1766,#168,.T.);
#2288=EDGE_CURVE('',#1763,#1767,#1429,.T.);
#2289=EDGE_CURVE('',#1768,#1696,#169,.T.);
#2290=EDGE_CURVE('',#1769,#1768,#170,.T.);
#2291=EDGE_CURVE('',#1770,#1769,#390,.T.);
#2292=EDGE_CURVE('',#1770,#1765,#1214,.T.);
#2293=EDGE_CURVE('',#1695,#1771,#171,.T.);
#2294=EDGE_CURVE('',#1772,#1771,#391,.T.);
#2295=EDGE_CURVE('',#1773,#1772,#392,.T.);
#2296=EDGE_CURVE('',#1774,#1773,#172,.T.);
#2297=EDGE_CURVE('',#1775,#1774,#173,.T.);
#2298=EDGE_CURVE('',#1776,#1775,#393,.T.);
#2299=EDGE_CURVE('',#1777,#1776,#1430,.T.);
#2300=EDGE_CURVE('',#1768,#1777,#1431,.T.);
#2301=EDGE_CURVE('',#1694,#1518,#174,.T.);
#2302=EDGE_CURVE('',#1771,#1517,#1432,.F.);
#2303=EDGE_CURVE('',#1778,#1693,#1433,.T.);
#2304=EDGE_CURVE('',#1779,#1778,#394,.T.);
#2305=EDGE_CURVE('',#1780,#1779,#1215,.T.);
#2306=EDGE_CURVE('',#1781,#1780,#395,.T.);
#2307=EDGE_CURVE('',#1781,#1782,#396,.T.);
#2308=EDGE_CURVE('',#1782,#1783,#1216,.T.);
#2309=EDGE_CURVE('',#1784,#1783,#1217,.T.);
#2310=EDGE_CURVE('',#1784,#1785,#175,.T.);
#2311=EDGE_CURVE('',#1785,#1786,#176,.T.);
#2312=EDGE_CURVE('',#1787,#1786,#1434,.F.);
#2313=EDGE_CURVE('',#1519,#1787,#397,.T.);
#2314=EDGE_CURVE('',#1692,#1788,#1435,.T.);
#2315=EDGE_CURVE('',#1788,#1778,#1218,.T.);
#2316=EDGE_CURVE('',#1691,#1788,#177,.T.);
#2317=EDGE_CURVE('',#1789,#1690,#398,.T.);
#2318=EDGE_CURVE('',#1788,#1789,#399,.T.);
#2319=EDGE_CURVE('',#1755,#1648,#1436,.T.);
#2320=EDGE_CURVE('',#1790,#1764,#1437,.T.);
#2321=EDGE_CURVE('',#1791,#1790,#1438,.T.);
#2322=EDGE_CURVE('',#1786,#1791,#1439,.T.);
#2323=EDGE_CURVE('',#1792,#1785,#1440,.T.);
#2324=EDGE_CURVE('',#1792,#1637,#1441,.T.);
#2325=EDGE_CURVE('',#1767,#1790,#1219,.F.);
#2326=EDGE_CURVE('',#1648,#1754,#1220,.T.);
#2327=EDGE_CURVE('',#1768,#1793,#1221,.T.);
#2328=EDGE_CURVE('',#1793,#1769,#1442,.T.);
#2329=EDGE_CURVE('',#1777,#1794,#1222,.T.);
#2330=EDGE_CURVE('',#1794,#1793,#1443,.T.);
#2331=EDGE_CURVE('',#1795,#1776,#1223,.F.);
#2332=EDGE_CURVE('',#1794,#1795,#1444,.T.);
#2333=EDGE_CURVE('',#1796,#1797,#1445,.T.);
#2334=EDGE_CURVE('',#1797,#1798,#400,.T.);
#2335=EDGE_CURVE('',#1798,#1799,#1224,.T.);
#2336=EDGE_CURVE('',#1799,#1800,#401,.T.);
#2337=EDGE_CURVE('',#1800,#1796,#1446,.T.);
#2338=EDGE_CURVE('',#1800,#1801,#1447,.T.);
#2339=EDGE_CURVE('',#1801,#1802,#1448,.T.);
#2340=EDGE_CURVE('',#1802,#1803,#1449,.T.);
#2341=EDGE_CURVE('',#1803,#1725,#1225,.T.);
#2342=EDGE_CURVE('',#1725,#1804,#1450,.T.);
#2343=EDGE_CURVE('',#1804,#1796,#1451,.F.);
#2344=EDGE_CURVE('',#1805,#1799,#402,.T.);
#2345=EDGE_CURVE('',#1806,#1805,#1226,.T.);
#2346=EDGE_CURVE('',#1807,#1806,#403,.T.);
#2347=EDGE_CURVE('',#1808,#1807,#1227,.T.);
#2348=EDGE_CURVE('',#1808,#1801,#1452,.T.);
#2349=EDGE_CURVE('',#1809,#1798,#404,.T.);
#2350=EDGE_CURVE('',#1810,#1809,#405,.T.);
#2351=EDGE_CURVE('',#1810,#1811,#406,.T.);
#2352=EDGE_CURVE('',#1724,#1811,#407,.T.);
#2353=EDGE_CURVE('',#1812,#1723,#408,.T.);
#2354=EDGE_CURVE('',#1761,#1812,#178,.T.);
#2355=EDGE_CURVE('',#1813,#1760,#179,.T.);
#2356=EDGE_CURVE('',#1814,#1813,#1453,.T.);
#2357=EDGE_CURVE('',#1805,#1814,#1454,.T.);
#2358=EDGE_CURVE('',#1638,#1726,#1455,.F.);
#2359=EDGE_CURVE('',#1803,#1639,#1456,.T.);
#2360=EDGE_CURVE('',#1640,#1802,#1457,.T.);
#2361=EDGE_CURVE('',#1785,#1815,#1458,.F.);
#2362=EDGE_CURVE('',#1815,#1727,#1459,.T.);
#2363=EDGE_CURVE('',#1789,#1779,#1228,.T.);
#2364=EDGE_CURVE('',#1816,#1780,#1229,.T.);
#2365=EDGE_CURVE('',#1789,#1816,#1230,.T.);
#2366=EDGE_CURVE('',#1817,#1781,#1231,.T.);
#2367=EDGE_CURVE('',#1816,#1817,#409,.T.);
#2368=EDGE_CURVE('',#1818,#1816,#410,.T.);
#2369=EDGE_CURVE('',#1818,#1819,#411,.T.);
#2370=EDGE_CURVE('',#1819,#1817,#412,.T.);
#2371=EDGE_CURVE('',#1812,#1689,#1232,.T.);
#2372=EDGE_CURVE('',#1730,#1818,#1233,.T.);
#2373=EDGE_CURVE('',#1820,#1794,#1460,.T.);
#2374=EDGE_CURVE('',#1770,#1820,#1234,.T.);
#2375=EDGE_CURVE('',#1766,#1820,#413,.T.);
#2376=EDGE_CURVE('',#1821,#1773,#1235,.F.);
#2377=EDGE_CURVE('',#1791,#1821,#1236,.F.);
#2378=EDGE_CURVE('',#1773,#1791,#1237,.F.);
#2379=EDGE_CURVE('',#1821,#1787,#1461,.T.);
#2380=EDGE_CURVE('',#1790,#1774,#1238,.F.);
#2381=EDGE_CURVE('',#1774,#1767,#1239,.F.);
#2382=EDGE_CURVE('',#1766,#1775,#1240,.T.);
#2383=EDGE_CURVE('',#1822,#1821,#414,.T.);
#2384=EDGE_CURVE('',#1772,#1822,#180,.T.);
#2385=EDGE_CURVE('',#1516,#1822,#181,.T.);
#2386=EDGE_CURVE('',#1808,#1823,#1462,.T.);
#2387=EDGE_CURVE('',#1823,#1633,#1463,.F.);
#2388=EDGE_CURVE('',#1595,#1824,#1241,.T.);
#2389=EDGE_CURVE('',#1824,#1825,#1464,.T.);
#2390=EDGE_CURVE('',#1825,#1661,#1242,.T.);
#2391=EDGE_CURVE('',#1632,#1824,#1465,.T.);
#2392=EDGE_CURVE('',#1825,#1658,#1243,.T.);
#2393=EDGE_CURVE('',#1807,#1823,#415,.T.);
#2394=EDGE_CURVE('',#1825,#1826,#182,.T.);
#2395=EDGE_CURVE('',#1826,#1659,#1244,.T.);
#2396=EDGE_CURVE('',#1827,#1824,#1245,.T.);
#2397=EDGE_CURVE('',#1827,#1826,#416,.T.);
#2398=EDGE_CURVE('',#1688,#1812,#1466,.T.);
#2399=EDGE_CURVE('',#1699,#1828,#417,.T.);
#2400=EDGE_CURVE('',#1829,#1828,#1246,.T.);
#2401=EDGE_CURVE('',#1819,#1829,#418,.T.);
#2402=EDGE_CURVE('',#1687,#1830,#183,.T.);
#2403=EDGE_CURVE('',#1762,#1830,#1467,.F.);
#2404=EDGE_CURVE('',#1757,#1677,#419,.T.);
#2405=EDGE_CURVE('',#1830,#1757,#1247,.T.);
#2406=EDGE_CURVE('',#1783,#1831,#420,.T.);
#2407=EDGE_CURVE('',#1831,#1832,#1248,.T.);
#2408=EDGE_CURVE('',#1832,#1784,#421,.T.);
#2409=EDGE_CURVE('',#1828,#1831,#1249,.T.);
#2410=EDGE_CURVE('',#1828,#1833,#422,.T.);
#2411=EDGE_CURVE('',#1833,#1832,#184,.T.);
#2412=EDGE_CURVE('',#1829,#1782,#423,.T.);
#2413=EDGE_CURVE('',#1834,#1835,#1250,.T.);
#2414=EDGE_CURVE('',#1835,#1836,#424,.T.);
#2415=EDGE_CURVE('',#1836,#1837,#1251,.T.);
#2416=EDGE_CURVE('',#1837,#1834,#425,.T.);
#2417=EDGE_CURVE('',#1836,#1838,#185,.T.);
#2418=EDGE_CURVE('',#1838,#1811,#426,.T.);
#2419=EDGE_CURVE('',#1837,#1810,#427,.T.);
#2420=EDGE_CURVE('',#1838,#1804,#428,.T.);
#2421=EDGE_CURVE('',#1797,#1835,#186,.T.);
#2422=EDGE_CURVE('',#1833,#1815,#429,.T.);
#2423=EDGE_CURVE('',#1834,#1809,#430,.T.);
#2424=EDGE_CURVE('',#1826,#1758,#187,.T.);
#2425=EDGE_CURVE('',#1759,#1827,#1252,.T.);
#2426=EDGE_CURVE('',#1629,#1806,#1468,.T.);
#2427=EDGE_CURVE('',#1805,#1632,#1253,.T.);
#2428=EDGE_CURVE('',#1814,#1827,#1254,.T.);
#2429=EDGE_CURVE('',#1813,#1759,#1255,.T.);
#2430=ORIENTED_EDGE('',*,*,#1839,.F.);
#2431=ORIENTED_EDGE('',*,*,#1840,.F.);
#2432=ORIENTED_EDGE('',*,*,#1841,.T.);
#2433=ORIENTED_EDGE('',*,*,#1842,.T.);
#2434=ORIENTED_EDGE('',*,*,#1843,.T.);
#2435=ORIENTED_EDGE('',*,*,#1843,.F.);
#2436=ORIENTED_EDGE('',*,*,#1844,.F.);
#2437=ORIENTED_EDGE('',*,*,#1845,.T.);
#2438=ORIENTED_EDGE('',*,*,#1846,.F.);
#2439=ORIENTED_EDGE('',*,*,#1847,.F.);
#2440=ORIENTED_EDGE('',*,*,#1848,.T.);
#2441=ORIENTED_EDGE('',*,*,#1849,.F.);
#2442=ORIENTED_EDGE('',*,*,#1850,.T.);
#2443=ORIENTED_EDGE('',*,*,#1851,.T.);
#2444=ORIENTED_EDGE('',*,*,#1852,.T.);
#2445=ORIENTED_EDGE('',*,*,#1841,.F.);
#2446=ORIENTED_EDGE('',*,*,#1853,.T.);
#2447=ORIENTED_EDGE('',*,*,#1854,.F.);
#2448=ORIENTED_EDGE('',*,*,#1850,.F.);
#2449=ORIENTED_EDGE('',*,*,#1855,.F.);
#2450=ORIENTED_EDGE('',*,*,#1840,.T.);
#2451=ORIENTED_EDGE('',*,*,#1855,.T.);
#2452=ORIENTED_EDGE('',*,*,#1856,.T.);
#2453=ORIENTED_EDGE('',*,*,#1852,.F.);
#2454=ORIENTED_EDGE('',*,*,#1857,.T.);
#2455=ORIENTED_EDGE('',*,*,#1858,.T.);
#2456=ORIENTED_EDGE('',*,*,#1859,.T.);
#2457=ORIENTED_EDGE('',*,*,#1860,.T.);
#2458=ORIENTED_EDGE('',*,*,#1844,.T.);
#2459=ORIENTED_EDGE('',*,*,#1842,.F.);
#2460=ORIENTED_EDGE('',*,*,#1861,.F.);
#2461=ORIENTED_EDGE('',*,*,#1862,.T.);
#2462=ORIENTED_EDGE('',*,*,#1856,.F.);
#2463=ORIENTED_EDGE('',*,*,#1862,.F.);
#2464=ORIENTED_EDGE('',*,*,#1863,.F.);
#2465=ORIENTED_EDGE('',*,*,#1864,.F.);
#2466=ORIENTED_EDGE('',*,*,#1865,.T.);
#2467=ORIENTED_EDGE('',*,*,#1866,.T.);
#2468=ORIENTED_EDGE('',*,*,#1857,.F.);
#2469=ORIENTED_EDGE('',*,*,#1851,.F.);
#2470=ORIENTED_EDGE('',*,*,#1854,.T.);
#2471=ORIENTED_EDGE('',*,*,#1861,.T.);
#2472=ORIENTED_EDGE('',*,*,#1853,.F.);
#2473=ORIENTED_EDGE('',*,*,#1839,.T.);
#2474=ORIENTED_EDGE('',*,*,#1849,.T.);
#2475=ORIENTED_EDGE('',*,*,#1867,.T.);
#2476=ORIENTED_EDGE('',*,*,#1863,.T.);
#2477=ORIENTED_EDGE('',*,*,#1868,.F.);
#2478=ORIENTED_EDGE('',*,*,#1869,.F.);
#2479=ORIENTED_EDGE('',*,*,#1870,.F.);
#2480=ORIENTED_EDGE('',*,*,#1871,.F.);
#2481=ORIENTED_EDGE('',*,*,#1846,.T.);
#2482=ORIENTED_EDGE('',*,*,#1872,.T.);
#2483=ORIENTED_EDGE('',*,*,#1873,.T.);
#2484=ORIENTED_EDGE('',*,*,#1874,.T.);
#2485=ORIENTED_EDGE('',*,*,#1875,.F.);
#2486=ORIENTED_EDGE('',*,*,#1865,.F.);
#2487=ORIENTED_EDGE('',*,*,#1876,.T.);
#2488=ORIENTED_EDGE('',*,*,#1877,.T.);
#2489=ORIENTED_EDGE('',*,*,#1878,.T.);
#2490=ORIENTED_EDGE('',*,*,#1879,.F.);
#2491=ORIENTED_EDGE('',*,*,#1880,.F.);
#2492=ORIENTED_EDGE('',*,*,#1881,.F.);
#2493=ORIENTED_EDGE('',*,*,#1882,.T.);
#2494=ORIENTED_EDGE('',*,*,#1883,.T.);
#2495=ORIENTED_EDGE('',*,*,#1884,.F.);
#2496=ORIENTED_EDGE('',*,*,#1885,.F.);
#2497=ORIENTED_EDGE('',*,*,#1886,.F.);
#2498=ORIENTED_EDGE('',*,*,#1887,.F.);
#2499=ORIENTED_EDGE('',*,*,#1888,.F.);
#2500=ORIENTED_EDGE('',*,*,#1889,.F.);
#2501=ORIENTED_EDGE('',*,*,#1890,.F.);
#2502=ORIENTED_EDGE('',*,*,#1891,.T.);
#2503=ORIENTED_EDGE('',*,*,#1845,.F.);
#2504=ORIENTED_EDGE('',*,*,#1860,.F.);
#2505=ORIENTED_EDGE('',*,*,#1892,.F.);
#2506=ORIENTED_EDGE('',*,*,#1872,.F.);
#2507=ORIENTED_EDGE('',*,*,#1892,.T.);
#2508=ORIENTED_EDGE('',*,*,#1859,.F.);
#2509=ORIENTED_EDGE('',*,*,#1893,.F.);
#2510=ORIENTED_EDGE('',*,*,#1874,.F.);
#2511=ORIENTED_EDGE('',*,*,#1894,.F.);
#2512=ORIENTED_EDGE('',*,*,#1873,.F.);
#2513=ORIENTED_EDGE('',*,*,#1875,.T.);
#2514=ORIENTED_EDGE('',*,*,#1893,.T.);
#2515=ORIENTED_EDGE('',*,*,#1858,.F.);
#2516=ORIENTED_EDGE('',*,*,#1866,.F.);
#2517=ORIENTED_EDGE('',*,*,#1876,.F.);
#2518=ORIENTED_EDGE('',*,*,#1864,.T.);
#2519=ORIENTED_EDGE('',*,*,#1867,.F.);
#2520=ORIENTED_EDGE('',*,*,#1848,.F.);
#2521=ORIENTED_EDGE('',*,*,#1895,.T.);
#2522=ORIENTED_EDGE('',*,*,#1896,.T.);
#2523=ORIENTED_EDGE('',*,*,#1897,.F.);
#2524=ORIENTED_EDGE('',*,*,#1898,.F.);
#2525=ORIENTED_EDGE('',*,*,#1899,.F.);
#2526=ORIENTED_EDGE('',*,*,#1896,.F.);
#2527=ORIENTED_EDGE('',*,*,#1895,.F.);
#2528=ORIENTED_EDGE('',*,*,#1900,.F.);
#2529=ORIENTED_EDGE('',*,*,#1898,.T.);
#2530=ORIENTED_EDGE('',*,*,#1901,.F.);
#2531=ORIENTED_EDGE('',*,*,#1902,.F.);
#2532=ORIENTED_EDGE('',*,*,#1903,.F.);
#2533=ORIENTED_EDGE('',*,*,#1904,.T.);
#2534=ORIENTED_EDGE('',*,*,#1905,.F.);
#2535=ORIENTED_EDGE('',*,*,#1906,.F.);
#2536=ORIENTED_EDGE('',*,*,#1907,.T.);
#2537=ORIENTED_EDGE('',*,*,#1900,.T.);
#2538=ORIENTED_EDGE('',*,*,#1907,.F.);
#2539=ORIENTED_EDGE('',*,*,#1908,.F.);
#2540=ORIENTED_EDGE('',*,*,#1909,.T.);
#2541=ORIENTED_EDGE('',*,*,#1910,.T.);
#2542=ORIENTED_EDGE('',*,*,#1911,.F.);
#2543=ORIENTED_EDGE('',*,*,#1912,.T.);
#2544=ORIENTED_EDGE('',*,*,#1909,.F.);
#2545=ORIENTED_EDGE('',*,*,#1913,.F.);
#2546=ORIENTED_EDGE('',*,*,#1914,.F.);
#2547=ORIENTED_EDGE('',*,*,#1915,.T.);
#2548=ORIENTED_EDGE('',*,*,#1916,.T.);
#2549=ORIENTED_EDGE('',*,*,#1917,.F.);
#2550=ORIENTED_EDGE('',*,*,#1912,.F.);
#2551=ORIENTED_EDGE('',*,*,#1918,.T.);
#2552=ORIENTED_EDGE('',*,*,#1919,.F.);
#2553=ORIENTED_EDGE('',*,*,#1920,.F.);
#2554=ORIENTED_EDGE('',*,*,#1921,.F.);
#2555=ORIENTED_EDGE('',*,*,#1922,.F.);
#2556=ORIENTED_EDGE('',*,*,#1923,.F.);
#2557=ORIENTED_EDGE('',*,*,#1924,.F.);
#2558=ORIENTED_EDGE('',*,*,#1918,.F.);
#2559=ORIENTED_EDGE('',*,*,#1911,.T.);
#2560=ORIENTED_EDGE('',*,*,#1925,.T.);
#2561=ORIENTED_EDGE('',*,*,#1926,.F.);
#2562=ORIENTED_EDGE('',*,*,#1927,.F.);
#2563=ORIENTED_EDGE('',*,*,#1928,.F.);
#2564=ORIENTED_EDGE('',*,*,#1929,.F.);
#2565=ORIENTED_EDGE('',*,*,#1930,.F.);
#2566=ORIENTED_EDGE('',*,*,#1913,.T.);
#2567=ORIENTED_EDGE('',*,*,#1908,.T.);
#2568=ORIENTED_EDGE('',*,*,#1920,.T.);
#2569=ORIENTED_EDGE('',*,*,#1931,.T.);
#2570=ORIENTED_EDGE('',*,*,#1932,.T.);
#2571=ORIENTED_EDGE('',*,*,#1933,.T.);
#2572=ORIENTED_EDGE('',*,*,#1931,.F.);
#2573=ORIENTED_EDGE('',*,*,#1919,.T.);
#2574=ORIENTED_EDGE('',*,*,#1924,.T.);
#2575=ORIENTED_EDGE('',*,*,#1934,.F.);
#2576=ORIENTED_EDGE('',*,*,#1932,.F.);
#2577=ORIENTED_EDGE('',*,*,#1934,.T.);
#2578=ORIENTED_EDGE('',*,*,#1923,.T.);
#2579=ORIENTED_EDGE('',*,*,#1935,.F.);
#2580=ORIENTED_EDGE('',*,*,#1933,.F.);
#2581=ORIENTED_EDGE('',*,*,#1935,.T.);
#2582=ORIENTED_EDGE('',*,*,#1922,.T.);
#2583=ORIENTED_EDGE('',*,*,#1936,.F.);
#2584=ORIENTED_EDGE('',*,*,#1937,.F.);
#2585=ORIENTED_EDGE('',*,*,#1938,.T.);
#2586=ORIENTED_EDGE('',*,*,#1939,.F.);
#2587=ORIENTED_EDGE('',*,*,#1940,.T.);
#2588=ORIENTED_EDGE('',*,*,#1941,.T.);
#2589=ORIENTED_EDGE('',*,*,#1942,.T.);
#2590=ORIENTED_EDGE('',*,*,#1941,.F.);
#2591=ORIENTED_EDGE('',*,*,#1943,.T.);
#2592=ORIENTED_EDGE('',*,*,#1944,.T.);
#2593=ORIENTED_EDGE('',*,*,#1945,.T.);
#2594=ORIENTED_EDGE('',*,*,#1944,.F.);
#2595=ORIENTED_EDGE('',*,*,#1946,.T.);
#2596=ORIENTED_EDGE('',*,*,#1947,.T.);
#2597=ORIENTED_EDGE('',*,*,#1948,.T.);
#2598=ORIENTED_EDGE('',*,*,#1949,.T.);
#2599=ORIENTED_EDGE('',*,*,#1950,.T.);
#2600=ORIENTED_EDGE('',*,*,#1947,.F.);
#2601=ORIENTED_EDGE('',*,*,#1951,.T.);
#2602=ORIENTED_EDGE('',*,*,#1949,.F.);
#2603=ORIENTED_EDGE('',*,*,#1952,.T.);
#2604=ORIENTED_EDGE('',*,*,#1953,.T.);
#2605=ORIENTED_EDGE('',*,*,#1954,.T.);
#2606=ORIENTED_EDGE('',*,*,#1953,.F.);
#2607=ORIENTED_EDGE('',*,*,#1955,.T.);
#2608=ORIENTED_EDGE('',*,*,#1956,.T.);
#2609=ORIENTED_EDGE('',*,*,#1957,.T.);
#2610=ORIENTED_EDGE('',*,*,#1958,.T.);
#2611=ORIENTED_EDGE('',*,*,#1959,.T.);
#2612=ORIENTED_EDGE('',*,*,#1960,.T.);
#2613=ORIENTED_EDGE('',*,*,#1961,.T.);
#2614=ORIENTED_EDGE('',*,*,#1956,.F.);
#2615=ORIENTED_EDGE('',*,*,#1962,.T.);
#2616=ORIENTED_EDGE('',*,*,#1963,.T.);
#2617=ORIENTED_EDGE('',*,*,#1964,.T.);
#2618=ORIENTED_EDGE('',*,*,#1942,.F.);
#2619=ORIENTED_EDGE('',*,*,#1965,.T.);
#2620=ORIENTED_EDGE('',*,*,#1966,.F.);
#2621=ORIENTED_EDGE('',*,*,#1967,.T.);
#2622=ORIENTED_EDGE('',*,*,#1945,.F.);
#2623=ORIENTED_EDGE('',*,*,#1948,.F.);
#2624=ORIENTED_EDGE('',*,*,#1950,.F.);
#2625=ORIENTED_EDGE('',*,*,#1954,.F.);
#2626=ORIENTED_EDGE('',*,*,#1957,.F.);
#2627=ORIENTED_EDGE('',*,*,#1968,.F.);
#2628=ORIENTED_EDGE('',*,*,#1969,.F.);
#2629=ORIENTED_EDGE('',*,*,#1970,.F.);
#2630=ORIENTED_EDGE('',*,*,#1965,.F.);
#2631=ORIENTED_EDGE('',*,*,#1961,.F.);
#2632=ORIENTED_EDGE('',*,*,#1971,.T.);
#2633=ORIENTED_EDGE('',*,*,#1972,.F.);
#2634=ORIENTED_EDGE('',*,*,#1968,.T.);
#2635=ORIENTED_EDGE('',*,*,#1959,.F.);
#2636=ORIENTED_EDGE('',*,*,#1973,.F.);
#2637=ORIENTED_EDGE('',*,*,#1974,.F.);
#2638=ORIENTED_EDGE('',*,*,#1958,.F.);
#2639=ORIENTED_EDGE('',*,*,#1975,.T.);
#2640=ORIENTED_EDGE('',*,*,#1976,.T.);
#2641=ORIENTED_EDGE('',*,*,#1977,.T.);
#2642=ORIENTED_EDGE('',*,*,#1973,.T.);
#2643=ORIENTED_EDGE('',*,*,#1978,.T.);
#2644=ORIENTED_EDGE('',*,*,#1979,.T.);
#2645=ORIENTED_EDGE('',*,*,#1980,.T.);
#2646=ORIENTED_EDGE('',*,*,#1981,.T.);
#2647=ORIENTED_EDGE('',*,*,#1982,.T.);
#2648=ORIENTED_EDGE('',*,*,#1978,.F.);
#2649=ORIENTED_EDGE('',*,*,#1983,.T.);
#2650=ORIENTED_EDGE('',*,*,#1984,.T.);
#2651=ORIENTED_EDGE('',*,*,#1985,.T.);
#2652=ORIENTED_EDGE('',*,*,#1981,.F.);
#2653=ORIENTED_EDGE('',*,*,#1984,.F.);
#2654=ORIENTED_EDGE('',*,*,#1983,.F.);
#2655=ORIENTED_EDGE('',*,*,#1986,.F.);
#2656=ORIENTED_EDGE('',*,*,#1987,.F.);
#2657=ORIENTED_EDGE('',*,*,#1988,.F.);
#2658=ORIENTED_EDGE('',*,*,#1883,.F.);
#2659=ORIENTED_EDGE('',*,*,#1980,.F.);
#2660=ORIENTED_EDGE('',*,*,#1989,.T.);
#2661=ORIENTED_EDGE('',*,*,#1990,.F.);
#2662=ORIENTED_EDGE('',*,*,#1986,.T.);
#2663=ORIENTED_EDGE('',*,*,#1991,.T.);
#2664=ORIENTED_EDGE('',*,*,#1990,.T.);
#2665=ORIENTED_EDGE('',*,*,#1992,.T.);
#2666=ORIENTED_EDGE('',*,*,#1991,.F.);
#2667=ORIENTED_EDGE('',*,*,#1993,.T.);
#2668=ORIENTED_EDGE('',*,*,#1994,.T.);
#2669=ORIENTED_EDGE('',*,*,#1987,.T.);
#2670=ORIENTED_EDGE('',*,*,#1995,.T.);
#2671=ORIENTED_EDGE('',*,*,#1988,.T.);
#2672=ORIENTED_EDGE('',*,*,#1994,.F.);
#2673=ORIENTED_EDGE('',*,*,#1995,.F.);
#2674=ORIENTED_EDGE('',*,*,#1996,.F.);
#2675=ORIENTED_EDGE('',*,*,#1997,.F.);
#2676=ORIENTED_EDGE('',*,*,#1998,.F.);
#2677=ORIENTED_EDGE('',*,*,#1999,.F.);
#2678=ORIENTED_EDGE('',*,*,#2000,.T.);
#2679=ORIENTED_EDGE('',*,*,#2001,.F.);
#2680=ORIENTED_EDGE('',*,*,#2002,.F.);
#2681=ORIENTED_EDGE('',*,*,#1884,.T.);
#2682=ORIENTED_EDGE('',*,*,#1993,.F.);
#2683=ORIENTED_EDGE('',*,*,#1992,.F.);
#2684=ORIENTED_EDGE('',*,*,#2003,.T.);
#2685=ORIENTED_EDGE('',*,*,#2004,.F.);
#2686=ORIENTED_EDGE('',*,*,#2005,.F.);
#2687=ORIENTED_EDGE('',*,*,#1996,.T.);
#2688=ORIENTED_EDGE('',*,*,#2006,.T.);
#2689=ORIENTED_EDGE('',*,*,#2004,.T.);
#2690=ORIENTED_EDGE('',*,*,#2007,.T.);
#2691=ORIENTED_EDGE('',*,*,#2008,.T.);
#2692=ORIENTED_EDGE('',*,*,#2005,.T.);
#2693=ORIENTED_EDGE('',*,*,#2006,.F.);
#2694=ORIENTED_EDGE('',*,*,#2009,.T.);
#2695=ORIENTED_EDGE('',*,*,#2010,.T.);
#2696=ORIENTED_EDGE('',*,*,#1997,.T.);
#2697=ORIENTED_EDGE('',*,*,#2008,.F.);
#2698=ORIENTED_EDGE('',*,*,#1940,.F.);
#2699=ORIENTED_EDGE('',*,*,#2011,.F.);
#2700=ORIENTED_EDGE('',*,*,#2012,.F.);
#2701=ORIENTED_EDGE('',*,*,#2013,.F.);
#2702=ORIENTED_EDGE('',*,*,#2014,.F.);
#2703=ORIENTED_EDGE('',*,*,#2015,.F.);
#2704=ORIENTED_EDGE('',*,*,#2016,.F.);
#2705=ORIENTED_EDGE('',*,*,#2017,.F.);
#2706=ORIENTED_EDGE('',*,*,#2018,.F.);
#2707=ORIENTED_EDGE('',*,*,#2010,.F.);
#2708=ORIENTED_EDGE('',*,*,#2009,.F.);
#2709=ORIENTED_EDGE('',*,*,#2019,.F.);
#2710=ORIENTED_EDGE('',*,*,#2020,.F.);
#2711=ORIENTED_EDGE('',*,*,#1943,.F.);
#2712=ORIENTED_EDGE('',*,*,#2007,.F.);
#2713=ORIENTED_EDGE('',*,*,#2021,.T.);
#2714=ORIENTED_EDGE('',*,*,#2022,.T.);
#2715=ORIENTED_EDGE('',*,*,#2023,.T.);
#2716=ORIENTED_EDGE('',*,*,#2019,.T.);
#2717=ORIENTED_EDGE('',*,*,#2024,.F.);
#2718=ORIENTED_EDGE('',*,*,#1998,.T.);
#2719=ORIENTED_EDGE('',*,*,#2018,.T.);
#2720=ORIENTED_EDGE('',*,*,#2025,.F.);
#2721=ORIENTED_EDGE('',*,*,#2026,.T.);
#2722=ORIENTED_EDGE('',*,*,#2027,.T.);
#2723=ORIENTED_EDGE('',*,*,#2028,.T.);
#2724=ORIENTED_EDGE('',*,*,#2029,.T.);
#2725=ORIENTED_EDGE('',*,*,#2029,.F.);
#2726=ORIENTED_EDGE('',*,*,#2030,.T.);
#2727=ORIENTED_EDGE('',*,*,#2031,.T.);
#2728=ORIENTED_EDGE('',*,*,#2032,.T.);
#2729=ORIENTED_EDGE('',*,*,#2033,.T.);
#2730=ORIENTED_EDGE('',*,*,#2034,.T.);
#2731=ORIENTED_EDGE('',*,*,#2031,.F.);
#2732=ORIENTED_EDGE('',*,*,#2035,.T.);
#2733=ORIENTED_EDGE('',*,*,#2036,.T.);
#2734=ORIENTED_EDGE('',*,*,#2037,.T.);
#2735=ORIENTED_EDGE('',*,*,#2033,.F.);
#2736=ORIENTED_EDGE('',*,*,#2038,.F.);
#2737=ORIENTED_EDGE('',*,*,#1985,.F.);
#2738=ORIENTED_EDGE('',*,*,#1882,.F.);
#2739=ORIENTED_EDGE('',*,*,#2039,.F.);
#2740=ORIENTED_EDGE('',*,*,#2040,.F.);
#2741=ORIENTED_EDGE('',*,*,#2035,.F.);
#2742=ORIENTED_EDGE('',*,*,#2030,.F.);
#2743=ORIENTED_EDGE('',*,*,#2041,.F.);
#2744=ORIENTED_EDGE('',*,*,#1982,.F.);
#2745=ORIENTED_EDGE('',*,*,#2041,.T.);
#2746=ORIENTED_EDGE('',*,*,#2028,.F.);
#2747=ORIENTED_EDGE('',*,*,#2042,.T.);
#2748=ORIENTED_EDGE('',*,*,#1979,.F.);
#2749=ORIENTED_EDGE('',*,*,#2027,.F.);
#2750=ORIENTED_EDGE('',*,*,#2043,.F.);
#2751=ORIENTED_EDGE('',*,*,#2044,.F.);
#2752=ORIENTED_EDGE('',*,*,#2045,.F.);
#2753=ORIENTED_EDGE('',*,*,#2021,.F.);
#2754=ORIENTED_EDGE('',*,*,#2003,.F.);
#2755=ORIENTED_EDGE('',*,*,#1989,.F.);
#2756=ORIENTED_EDGE('',*,*,#2042,.F.);
#2757=ORIENTED_EDGE('',*,*,#2026,.F.);
#2758=ORIENTED_EDGE('',*,*,#2046,.T.);
#2759=ORIENTED_EDGE('',*,*,#2047,.T.);
#2760=ORIENTED_EDGE('',*,*,#2043,.T.);
#2761=ORIENTED_EDGE('',*,*,#1964,.F.);
#2762=ORIENTED_EDGE('',*,*,#2048,.T.);
#2763=ORIENTED_EDGE('',*,*,#2049,.T.);
#2764=ORIENTED_EDGE('',*,*,#1975,.F.);
#2765=ORIENTED_EDGE('',*,*,#2050,.F.);
#2766=ORIENTED_EDGE('',*,*,#2051,.F.);
#2767=ORIENTED_EDGE('',*,*,#2023,.F.);
#2768=ORIENTED_EDGE('',*,*,#2052,.T.);
#2769=ORIENTED_EDGE('',*,*,#2052,.F.);
#2770=ORIENTED_EDGE('',*,*,#2022,.F.);
#2771=ORIENTED_EDGE('',*,*,#1946,.F.);
#2772=ORIENTED_EDGE('',*,*,#2020,.T.);
#2773=ORIENTED_EDGE('',*,*,#2051,.T.);
#2774=ORIENTED_EDGE('',*,*,#2053,.T.);
#2775=ORIENTED_EDGE('',*,*,#2054,.F.);
#2776=ORIENTED_EDGE('',*,*,#2047,.F.);
#2777=ORIENTED_EDGE('',*,*,#2055,.F.);
#2778=ORIENTED_EDGE('',*,*,#2055,.T.);
#2779=ORIENTED_EDGE('',*,*,#2056,.T.);
#2780=ORIENTED_EDGE('',*,*,#2057,.T.);
#2781=ORIENTED_EDGE('',*,*,#2058,.T.);
#2782=ORIENTED_EDGE('',*,*,#2059,.F.);
#2783=ORIENTED_EDGE('',*,*,#2060,.F.);
#2784=ORIENTED_EDGE('',*,*,#2061,.F.);
#2785=ORIENTED_EDGE('',*,*,#2054,.T.);
#2786=ORIENTED_EDGE('',*,*,#2062,.T.);
#2787=ORIENTED_EDGE('',*,*,#2060,.T.);
#2788=ORIENTED_EDGE('',*,*,#2044,.T.);
#2789=ORIENTED_EDGE('',*,*,#1952,.F.);
#2790=ORIENTED_EDGE('',*,*,#2063,.T.);
#2791=ORIENTED_EDGE('',*,*,#2061,.T.);
#2792=ORIENTED_EDGE('',*,*,#2064,.T.);
#2793=ORIENTED_EDGE('',*,*,#2059,.T.);
#2794=ORIENTED_EDGE('',*,*,#2065,.T.);
#2795=ORIENTED_EDGE('',*,*,#2050,.T.);
#2796=ORIENTED_EDGE('',*,*,#2045,.T.);
#2797=ORIENTED_EDGE('',*,*,#1963,.F.);
#2798=ORIENTED_EDGE('',*,*,#2066,.T.);
#2799=ORIENTED_EDGE('',*,*,#2057,.F.);
#2800=ORIENTED_EDGE('',*,*,#2067,.T.);
#2801=ORIENTED_EDGE('',*,*,#2048,.F.);
#2802=ORIENTED_EDGE('',*,*,#2032,.F.);
#2803=ORIENTED_EDGE('',*,*,#2068,.F.);
#2804=ORIENTED_EDGE('',*,*,#2056,.F.);
#2805=ORIENTED_EDGE('',*,*,#2046,.F.);
#2806=ORIENTED_EDGE('',*,*,#1951,.F.);
#2807=ORIENTED_EDGE('',*,*,#2053,.F.);
#2808=ORIENTED_EDGE('',*,*,#2065,.F.);
#2809=ORIENTED_EDGE('',*,*,#2063,.F.);
#2810=ORIENTED_EDGE('',*,*,#1972,.T.);
#2811=ORIENTED_EDGE('',*,*,#2069,.T.);
#2812=ORIENTED_EDGE('',*,*,#2070,.T.);
#2813=ORIENTED_EDGE('',*,*,#1969,.T.);
#2814=ORIENTED_EDGE('',*,*,#2071,.T.);
#2815=ORIENTED_EDGE('',*,*,#1966,.T.);
#2816=ORIENTED_EDGE('',*,*,#1970,.T.);
#2817=ORIENTED_EDGE('',*,*,#2070,.F.);
#2818=ORIENTED_EDGE('',*,*,#2072,.T.);
#2819=ORIENTED_EDGE('',*,*,#2011,.T.);
#2820=ORIENTED_EDGE('',*,*,#1939,.T.);
#2821=ORIENTED_EDGE('',*,*,#2073,.T.);
#2822=ORIENTED_EDGE('',*,*,#2074,.T.);
#2823=ORIENTED_EDGE('',*,*,#2075,.T.);
#2824=ORIENTED_EDGE('',*,*,#2076,.T.);
#2825=ORIENTED_EDGE('',*,*,#2077,.T.);
#2826=ORIENTED_EDGE('',*,*,#2078,.T.);
#2827=ORIENTED_EDGE('',*,*,#2079,.F.);
#2828=ORIENTED_EDGE('',*,*,#2012,.T.);
#2829=ORIENTED_EDGE('',*,*,#2080,.T.);
#2830=ORIENTED_EDGE('',*,*,#2081,.F.);
#2831=ORIENTED_EDGE('',*,*,#2082,.F.);
#2832=ORIENTED_EDGE('',*,*,#2083,.T.);
#2833=ORIENTED_EDGE('',*,*,#2072,.F.);
#2834=ORIENTED_EDGE('',*,*,#2084,.T.);
#2835=ORIENTED_EDGE('',*,*,#2085,.T.);
#2836=ORIENTED_EDGE('',*,*,#2086,.F.);
#2837=ORIENTED_EDGE('',*,*,#2087,.F.);
#2838=ORIENTED_EDGE('',*,*,#2088,.T.);
#2839=ORIENTED_EDGE('',*,*,#2089,.F.);
#2840=ORIENTED_EDGE('',*,*,#2081,.T.);
#2841=ORIENTED_EDGE('',*,*,#2069,.F.);
#2842=ORIENTED_EDGE('',*,*,#2090,.T.);
#2843=ORIENTED_EDGE('',*,*,#2084,.F.);
#2844=ORIENTED_EDGE('',*,*,#1955,.F.);
#2845=ORIENTED_EDGE('',*,*,#2064,.F.);
#2846=ORIENTED_EDGE('',*,*,#2062,.F.);
#2847=ORIENTED_EDGE('',*,*,#2058,.F.);
#2848=ORIENTED_EDGE('',*,*,#2066,.F.);
#2849=ORIENTED_EDGE('',*,*,#1962,.F.);
#2850=ORIENTED_EDGE('',*,*,#2049,.F.);
#2851=ORIENTED_EDGE('',*,*,#2091,.T.);
#2852=ORIENTED_EDGE('',*,*,#2092,.T.);
#2853=ORIENTED_EDGE('',*,*,#2093,.T.);
#2854=ORIENTED_EDGE('',*,*,#2037,.F.);
#2855=ORIENTED_EDGE('',*,*,#2094,.F.);
#2856=ORIENTED_EDGE('',*,*,#2095,.T.);
#2857=ORIENTED_EDGE('',*,*,#2091,.F.);
#2858=ORIENTED_EDGE('',*,*,#2067,.F.);
#2859=ORIENTED_EDGE('',*,*,#2068,.T.);
#2860=ORIENTED_EDGE('',*,*,#2034,.F.);
#2861=ORIENTED_EDGE('',*,*,#1976,.F.);
#2862=ORIENTED_EDGE('',*,*,#2093,.F.);
#2863=ORIENTED_EDGE('',*,*,#2096,.T.);
#2864=ORIENTED_EDGE('',*,*,#2097,.T.);
#2865=ORIENTED_EDGE('',*,*,#2097,.F.);
#2866=ORIENTED_EDGE('',*,*,#2096,.F.);
#2867=ORIENTED_EDGE('',*,*,#2092,.F.);
#2868=ORIENTED_EDGE('',*,*,#2098,.T.);
#2869=ORIENTED_EDGE('',*,*,#2099,.T.);
#2870=ORIENTED_EDGE('',*,*,#2100,.T.);
#2871=ORIENTED_EDGE('',*,*,#2101,.F.);
#2872=ORIENTED_EDGE('',*,*,#2102,.T.);
#2873=ORIENTED_EDGE('',*,*,#2090,.F.);
#2874=ORIENTED_EDGE('',*,*,#1971,.F.);
#2875=ORIENTED_EDGE('',*,*,#1960,.F.);
#2876=ORIENTED_EDGE('',*,*,#1974,.T.);
#2877=ORIENTED_EDGE('',*,*,#1977,.F.);
#2878=ORIENTED_EDGE('',*,*,#2095,.F.);
#2879=ORIENTED_EDGE('',*,*,#2103,.T.);
#2880=ORIENTED_EDGE('',*,*,#2098,.F.);
#2881=ORIENTED_EDGE('',*,*,#2104,.F.);
#2882=ORIENTED_EDGE('',*,*,#2105,.F.);
#2883=ORIENTED_EDGE('',*,*,#2000,.F.);
#2884=ORIENTED_EDGE('',*,*,#1871,.T.);
#2885=ORIENTED_EDGE('',*,*,#2106,.F.);
#2886=ORIENTED_EDGE('',*,*,#2107,.F.);
#2887=ORIENTED_EDGE('',*,*,#1921,.T.);
#2888=ORIENTED_EDGE('',*,*,#2108,.F.);
#2889=ORIENTED_EDGE('',*,*,#2109,.T.);
#2890=ORIENTED_EDGE('',*,*,#2110,.T.);
#2891=ORIENTED_EDGE('',*,*,#1877,.F.);
#2892=ORIENTED_EDGE('',*,*,#1847,.T.);
#2893=ORIENTED_EDGE('',*,*,#2111,.F.);
#2894=ORIENTED_EDGE('',*,*,#2110,.F.);
#2895=ORIENTED_EDGE('',*,*,#2109,.F.);
#2896=ORIENTED_EDGE('',*,*,#2112,.F.);
#2897=ORIENTED_EDGE('',*,*,#2113,.F.);
#2898=ORIENTED_EDGE('',*,*,#2038,.T.);
#2899=ORIENTED_EDGE('',*,*,#2040,.T.);
#2900=ORIENTED_EDGE('',*,*,#2039,.T.);
#2901=ORIENTED_EDGE('',*,*,#1881,.T.);
#2902=ORIENTED_EDGE('',*,*,#2114,.T.);
#2903=ORIENTED_EDGE('',*,*,#2115,.T.);
#2904=ORIENTED_EDGE('',*,*,#2002,.T.);
#2905=ORIENTED_EDGE('',*,*,#2116,.F.);
#2906=ORIENTED_EDGE('',*,*,#1885,.T.);
#2907=ORIENTED_EDGE('',*,*,#2113,.T.);
#2908=ORIENTED_EDGE('',*,*,#1926,.T.);
#2909=ORIENTED_EDGE('',*,*,#2117,.F.);
#2910=ORIENTED_EDGE('',*,*,#2118,.T.);
#2911=ORIENTED_EDGE('',*,*,#2112,.T.);
#2912=ORIENTED_EDGE('',*,*,#2108,.T.);
#2913=ORIENTED_EDGE('',*,*,#1927,.T.);
#2914=ORIENTED_EDGE('',*,*,#2076,.F.);
#2915=ORIENTED_EDGE('',*,*,#2119,.T.);
#2916=ORIENTED_EDGE('',*,*,#1928,.T.);
#2917=ORIENTED_EDGE('',*,*,#2120,.F.);
#2918=ORIENTED_EDGE('',*,*,#2121,.T.);
#2919=ORIENTED_EDGE('',*,*,#2122,.T.);
#2920=ORIENTED_EDGE('',*,*,#1929,.T.);
#2921=ORIENTED_EDGE('',*,*,#2122,.F.);
#2922=ORIENTED_EDGE('',*,*,#2123,.T.);
#2923=ORIENTED_EDGE('',*,*,#1914,.T.);
#2924=ORIENTED_EDGE('',*,*,#1930,.T.);
#2925=ORIENTED_EDGE('',*,*,#2077,.F.);
#2926=ORIENTED_EDGE('',*,*,#2119,.F.);
#2927=ORIENTED_EDGE('',*,*,#2017,.T.);
#2928=ORIENTED_EDGE('',*,*,#2124,.F.);
#2929=ORIENTED_EDGE('',*,*,#2125,.F.);
#2930=ORIENTED_EDGE('',*,*,#2126,.F.);
#2931=ORIENTED_EDGE('',*,*,#2127,.F.);
#2932=ORIENTED_EDGE('',*,*,#2025,.T.);
#2933=ORIENTED_EDGE('',*,*,#2016,.T.);
#2934=ORIENTED_EDGE('',*,*,#2128,.T.);
#2935=ORIENTED_EDGE('',*,*,#2129,.T.);
#2936=ORIENTED_EDGE('',*,*,#2124,.T.);
#2937=ORIENTED_EDGE('',*,*,#2015,.T.);
#2938=ORIENTED_EDGE('',*,*,#2130,.F.);
#2939=ORIENTED_EDGE('',*,*,#2128,.F.);
#2940=ORIENTED_EDGE('',*,*,#2131,.F.);
#2941=ORIENTED_EDGE('',*,*,#2132,.F.);
#2942=ORIENTED_EDGE('',*,*,#2133,.F.);
#2943=ORIENTED_EDGE('',*,*,#2134,.F.);
#2944=ORIENTED_EDGE('',*,*,#2135,.F.);
#2945=ORIENTED_EDGE('',*,*,#2136,.F.);
#2946=ORIENTED_EDGE('',*,*,#2137,.F.);
#2947=ORIENTED_EDGE('',*,*,#2138,.F.);
#2948=ORIENTED_EDGE('',*,*,#2135,.T.);
#2949=ORIENTED_EDGE('',*,*,#2139,.T.);
#2950=ORIENTED_EDGE('',*,*,#2140,.F.);
#2951=ORIENTED_EDGE('',*,*,#2141,.F.);
#2952=ORIENTED_EDGE('',*,*,#2134,.T.);
#2953=ORIENTED_EDGE('',*,*,#2142,.T.);
#2954=ORIENTED_EDGE('',*,*,#2143,.F.);
#2955=ORIENTED_EDGE('',*,*,#2144,.T.);
#2956=ORIENTED_EDGE('',*,*,#2145,.T.);
#2957=ORIENTED_EDGE('',*,*,#2146,.T.);
#2958=ORIENTED_EDGE('',*,*,#2147,.T.);
#2959=ORIENTED_EDGE('',*,*,#1890,.T.);
#2960=ORIENTED_EDGE('',*,*,#2148,.F.);
#2961=ORIENTED_EDGE('',*,*,#2149,.F.);
#2962=ORIENTED_EDGE('',*,*,#2150,.F.);
#2963=ORIENTED_EDGE('',*,*,#2139,.F.);
#2964=ORIENTED_EDGE('',*,*,#2133,.T.);
#2965=ORIENTED_EDGE('',*,*,#2151,.T.);
#2966=ORIENTED_EDGE('',*,*,#2152,.F.);
#2967=ORIENTED_EDGE('',*,*,#2142,.F.);
#2968=ORIENTED_EDGE('',*,*,#2132,.T.);
#2969=ORIENTED_EDGE('',*,*,#2153,.T.);
#2970=ORIENTED_EDGE('',*,*,#2154,.F.);
#2971=ORIENTED_EDGE('',*,*,#2151,.F.);
#2972=ORIENTED_EDGE('',*,*,#2136,.T.);
#2973=ORIENTED_EDGE('',*,*,#2141,.T.);
#2974=ORIENTED_EDGE('',*,*,#2155,.F.);
#2975=ORIENTED_EDGE('',*,*,#2156,.F.);
#2976=ORIENTED_EDGE('',*,*,#2137,.T.);
#2977=ORIENTED_EDGE('',*,*,#2156,.T.);
#2978=ORIENTED_EDGE('',*,*,#2157,.F.);
#2979=ORIENTED_EDGE('',*,*,#2158,.F.);
#2980=ORIENTED_EDGE('',*,*,#2131,.T.);
#2981=ORIENTED_EDGE('',*,*,#2159,.T.);
#2982=ORIENTED_EDGE('',*,*,#2160,.F.);
#2983=ORIENTED_EDGE('',*,*,#2153,.F.);
#2984=ORIENTED_EDGE('',*,*,#2160,.T.);
#2985=ORIENTED_EDGE('',*,*,#2161,.T.);
#2986=ORIENTED_EDGE('',*,*,#2162,.T.);
#2987=ORIENTED_EDGE('',*,*,#2163,.T.);
#2988=ORIENTED_EDGE('',*,*,#2164,.T.);
#2989=ORIENTED_EDGE('',*,*,#2143,.T.);
#2990=ORIENTED_EDGE('',*,*,#2152,.T.);
#2991=ORIENTED_EDGE('',*,*,#2154,.T.);
#2992=ORIENTED_EDGE('',*,*,#2157,.T.);
#2993=ORIENTED_EDGE('',*,*,#2155,.T.);
#2994=ORIENTED_EDGE('',*,*,#2140,.T.);
#2995=ORIENTED_EDGE('',*,*,#2150,.T.);
#2996=ORIENTED_EDGE('',*,*,#2165,.F.);
#2997=ORIENTED_EDGE('',*,*,#2166,.F.);
#2998=ORIENTED_EDGE('',*,*,#2167,.F.);
#2999=ORIENTED_EDGE('',*,*,#2168,.F.);
#3000=ORIENTED_EDGE('',*,*,#2169,.F.);
#3001=ORIENTED_EDGE('',*,*,#2170,.F.);
#3002=ORIENTED_EDGE('',*,*,#2171,.F.);
#3003=ORIENTED_EDGE('',*,*,#2172,.F.);
#3004=ORIENTED_EDGE('',*,*,#2173,.F.);
#3005=ORIENTED_EDGE('',*,*,#2174,.F.);
#3006=ORIENTED_EDGE('',*,*,#2175,.F.);
#3007=ORIENTED_EDGE('',*,*,#2176,.T.);
#3008=ORIENTED_EDGE('',*,*,#2177,.F.);
#3009=ORIENTED_EDGE('',*,*,#2178,.F.);
#3010=ORIENTED_EDGE('',*,*,#2179,.F.);
#3011=ORIENTED_EDGE('',*,*,#2180,.F.);
#3012=ORIENTED_EDGE('',*,*,#2181,.F.);
#3013=ORIENTED_EDGE('',*,*,#2182,.F.);
#3014=ORIENTED_EDGE('',*,*,#2144,.F.);
#3015=ORIENTED_EDGE('',*,*,#2164,.F.);
#3016=ORIENTED_EDGE('',*,*,#2183,.F.);
#3017=ORIENTED_EDGE('',*,*,#2184,.F.);
#3018=ORIENTED_EDGE('',*,*,#2185,.F.);
#3019=ORIENTED_EDGE('',*,*,#2186,.F.);
#3020=ORIENTED_EDGE('',*,*,#2187,.F.);
#3021=ORIENTED_EDGE('',*,*,#2188,.F.);
#3022=ORIENTED_EDGE('',*,*,#2189,.F.);
#3023=ORIENTED_EDGE('',*,*,#2190,.F.);
#3024=ORIENTED_EDGE('',*,*,#2191,.F.);
#3025=ORIENTED_EDGE('',*,*,#2162,.F.);
#3026=ORIENTED_EDGE('',*,*,#2192,.F.);
#3027=ORIENTED_EDGE('',*,*,#2193,.F.);
#3028=ORIENTED_EDGE('',*,*,#2194,.F.);
#3029=ORIENTED_EDGE('',*,*,#2195,.F.);
#3030=ORIENTED_EDGE('',*,*,#2188,.T.);
#3031=ORIENTED_EDGE('',*,*,#2182,.T.);
#3032=ORIENTED_EDGE('',*,*,#2196,.T.);
#3033=ORIENTED_EDGE('',*,*,#2197,.T.);
#3034=ORIENTED_EDGE('',*,*,#2198,.F.);
#3035=ORIENTED_EDGE('',*,*,#2199,.F.);
#3036=ORIENTED_EDGE('',*,*,#2145,.F.);
#3037=ORIENTED_EDGE('',*,*,#2181,.T.);
#3038=ORIENTED_EDGE('',*,*,#2200,.F.);
#3039=ORIENTED_EDGE('',*,*,#2201,.F.);
#3040=ORIENTED_EDGE('',*,*,#2202,.F.);
#3041=ORIENTED_EDGE('',*,*,#2203,.F.);
#3042=ORIENTED_EDGE('',*,*,#2204,.F.);
#3043=ORIENTED_EDGE('',*,*,#2196,.F.);
#3044=ORIENTED_EDGE('',*,*,#2180,.T.);
#3045=ORIENTED_EDGE('',*,*,#2205,.F.);
#3046=ORIENTED_EDGE('',*,*,#2206,.T.);
#3047=ORIENTED_EDGE('',*,*,#2200,.T.);
#3048=ORIENTED_EDGE('',*,*,#2179,.T.);
#3049=ORIENTED_EDGE('',*,*,#2207,.T.);
#3050=ORIENTED_EDGE('',*,*,#2208,.F.);
#3051=ORIENTED_EDGE('',*,*,#2209,.T.);
#3052=ORIENTED_EDGE('',*,*,#2210,.T.);
#3053=ORIENTED_EDGE('',*,*,#2211,.T.);
#3054=ORIENTED_EDGE('',*,*,#2212,.F.);
#3055=ORIENTED_EDGE('',*,*,#2213,.T.);
#3056=ORIENTED_EDGE('',*,*,#2214,.T.);
#3057=ORIENTED_EDGE('',*,*,#2215,.T.);
#3058=ORIENTED_EDGE('',*,*,#2205,.T.);
#3059=ORIENTED_EDGE('',*,*,#2178,.T.);
#3060=ORIENTED_EDGE('',*,*,#2216,.F.);
#3061=ORIENTED_EDGE('',*,*,#2217,.F.);
#3062=ORIENTED_EDGE('',*,*,#2207,.F.);
#3063=ORIENTED_EDGE('',*,*,#2190,.T.);
#3064=ORIENTED_EDGE('',*,*,#2218,.T.);
#3065=ORIENTED_EDGE('',*,*,#2219,.T.);
#3066=ORIENTED_EDGE('',*,*,#2220,.F.);
#3067=ORIENTED_EDGE('',*,*,#2221,.T.);
#3068=ORIENTED_EDGE('',*,*,#2222,.F.);
#3069=ORIENTED_EDGE('',*,*,#2223,.F.);
#3070=ORIENTED_EDGE('',*,*,#2224,.T.);
#3071=ORIENTED_EDGE('',*,*,#2225,.T.);
#3072=ORIENTED_EDGE('',*,*,#2138,.T.);
#3073=ORIENTED_EDGE('',*,*,#2158,.T.);
#3074=ORIENTED_EDGE('',*,*,#2176,.F.);
#3075=ORIENTED_EDGE('',*,*,#2226,.F.);
#3076=ORIENTED_EDGE('',*,*,#2227,.F.);
#3077=ORIENTED_EDGE('',*,*,#2228,.F.);
#3078=ORIENTED_EDGE('',*,*,#2218,.F.);
#3079=ORIENTED_EDGE('',*,*,#2189,.T.);
#3080=ORIENTED_EDGE('',*,*,#2195,.T.);
#3081=ORIENTED_EDGE('',*,*,#2229,.T.);
#3082=ORIENTED_EDGE('',*,*,#2230,.T.);
#3083=ORIENTED_EDGE('',*,*,#2192,.T.);
#3084=ORIENTED_EDGE('',*,*,#2161,.F.);
#3085=ORIENTED_EDGE('',*,*,#2159,.F.);
#3086=ORIENTED_EDGE('',*,*,#2183,.T.);
#3087=ORIENTED_EDGE('',*,*,#2163,.F.);
#3088=ORIENTED_EDGE('',*,*,#2191,.T.);
#3089=ORIENTED_EDGE('',*,*,#2231,.T.);
#3090=ORIENTED_EDGE('',*,*,#1906,.T.);
#3091=ORIENTED_EDGE('',*,*,#2232,.F.);
#3092=ORIENTED_EDGE('',*,*,#2202,.T.);
#3093=ORIENTED_EDGE('',*,*,#2233,.F.);
#3094=ORIENTED_EDGE('',*,*,#2214,.F.);
#3095=ORIENTED_EDGE('',*,*,#2234,.T.);
#3096=ORIENTED_EDGE('',*,*,#2201,.T.);
#3097=ORIENTED_EDGE('',*,*,#2206,.F.);
#3098=ORIENTED_EDGE('',*,*,#2215,.F.);
#3099=ORIENTED_EDGE('',*,*,#2233,.T.);
#3100=ORIENTED_EDGE('',*,*,#1894,.T.);
#3101=ORIENTED_EDGE('',*,*,#1891,.F.);
#3102=ORIENTED_EDGE('',*,*,#2147,.F.);
#3103=ORIENTED_EDGE('',*,*,#2235,.F.);
#3104=ORIENTED_EDGE('',*,*,#2236,.F.);
#3105=ORIENTED_EDGE('',*,*,#1868,.T.);
#3106=ORIENTED_EDGE('',*,*,#2111,.T.);
#3107=ORIENTED_EDGE('',*,*,#2118,.F.);
#3108=ORIENTED_EDGE('',*,*,#2237,.F.);
#3109=ORIENTED_EDGE('',*,*,#1878,.F.);
#3110=ORIENTED_EDGE('',*,*,#1870,.T.);
#3111=ORIENTED_EDGE('',*,*,#2238,.T.);
#3112=ORIENTED_EDGE('',*,*,#2239,.F.);
#3113=ORIENTED_EDGE('',*,*,#2106,.T.);
#3114=ORIENTED_EDGE('',*,*,#1869,.T.);
#3115=ORIENTED_EDGE('',*,*,#2236,.T.);
#3116=ORIENTED_EDGE('',*,*,#2240,.F.);
#3117=ORIENTED_EDGE('',*,*,#2238,.F.);
#3118=ORIENTED_EDGE('',*,*,#1910,.F.);
#3119=ORIENTED_EDGE('',*,*,#1917,.T.);
#3120=ORIENTED_EDGE('',*,*,#2241,.T.);
#3121=ORIENTED_EDGE('',*,*,#2242,.T.);
#3122=ORIENTED_EDGE('',*,*,#2243,.T.);
#3123=ORIENTED_EDGE('',*,*,#2244,.F.);
#3124=ORIENTED_EDGE('',*,*,#2099,.F.);
#3125=ORIENTED_EDGE('',*,*,#2103,.F.);
#3126=ORIENTED_EDGE('',*,*,#2094,.T.);
#3127=ORIENTED_EDGE('',*,*,#2036,.F.);
#3128=ORIENTED_EDGE('',*,*,#2115,.F.);
#3129=ORIENTED_EDGE('',*,*,#2245,.F.);
#3130=ORIENTED_EDGE('',*,*,#1879,.T.);
#3131=ORIENTED_EDGE('',*,*,#2237,.T.);
#3132=ORIENTED_EDGE('',*,*,#2117,.T.);
#3133=ORIENTED_EDGE('',*,*,#1925,.F.);
#3134=ORIENTED_EDGE('',*,*,#2107,.T.);
#3135=ORIENTED_EDGE('',*,*,#2239,.T.);
#3136=ORIENTED_EDGE('',*,*,#2246,.T.);
#3137=ORIENTED_EDGE('',*,*,#2247,.T.);
#3138=ORIENTED_EDGE('',*,*,#2248,.T.);
#3139=ORIENTED_EDGE('',*,*,#2240,.T.);
#3140=ORIENTED_EDGE('',*,*,#2249,.T.);
#3141=ORIENTED_EDGE('',*,*,#2250,.T.);
#3142=ORIENTED_EDGE('',*,*,#2247,.F.);
#3143=ORIENTED_EDGE('',*,*,#2246,.F.);
#3144=ORIENTED_EDGE('',*,*,#2235,.T.);
#3145=ORIENTED_EDGE('',*,*,#2146,.F.);
#3146=ORIENTED_EDGE('',*,*,#2199,.T.);
#3147=ORIENTED_EDGE('',*,*,#2198,.T.);
#3148=ORIENTED_EDGE('',*,*,#2249,.F.);
#3149=ORIENTED_EDGE('',*,*,#2187,.T.);
#3150=ORIENTED_EDGE('',*,*,#2225,.F.);
#3151=ORIENTED_EDGE('',*,*,#2251,.F.);
#3152=ORIENTED_EDGE('',*,*,#2252,.F.);
#3153=ORIENTED_EDGE('',*,*,#2229,.F.);
#3154=ORIENTED_EDGE('',*,*,#2194,.T.);
#3155=ORIENTED_EDGE('',*,*,#2253,.F.);
#3156=ORIENTED_EDGE('',*,*,#2242,.F.);
#3157=ORIENTED_EDGE('',*,*,#2254,.F.);
#3158=ORIENTED_EDGE('',*,*,#2255,.F.);
#3159=ORIENTED_EDGE('',*,*,#1915,.F.);
#3160=ORIENTED_EDGE('',*,*,#2256,.T.);
#3161=ORIENTED_EDGE('',*,*,#2254,.T.);
#3162=ORIENTED_EDGE('',*,*,#2241,.F.);
#3163=ORIENTED_EDGE('',*,*,#1916,.F.);
#3164=ORIENTED_EDGE('',*,*,#2184,.T.);
#3165=ORIENTED_EDGE('',*,*,#2231,.F.);
#3166=ORIENTED_EDGE('',*,*,#2193,.T.);
#3167=ORIENTED_EDGE('',*,*,#2230,.F.);
#3168=ORIENTED_EDGE('',*,*,#2252,.T.);
#3169=ORIENTED_EDGE('',*,*,#2257,.F.);
#3170=ORIENTED_EDGE('',*,*,#2258,.F.);
#3171=ORIENTED_EDGE('',*,*,#2123,.F.);
#3172=ORIENTED_EDGE('',*,*,#2257,.T.);
#3173=ORIENTED_EDGE('',*,*,#2251,.T.);
#3174=ORIENTED_EDGE('',*,*,#2259,.F.);
#3175=ORIENTED_EDGE('',*,*,#2255,.T.);
#3176=ORIENTED_EDGE('',*,*,#2256,.F.);
#3177=ORIENTED_EDGE('',*,*,#2259,.T.);
#3178=ORIENTED_EDGE('',*,*,#2224,.F.);
#3179=ORIENTED_EDGE('',*,*,#2260,.F.);
#3180=ORIENTED_EDGE('',*,*,#2261,.F.);
#3181=ORIENTED_EDGE('',*,*,#2185,.T.);
#3182=ORIENTED_EDGE('',*,*,#2258,.T.);
#3183=ORIENTED_EDGE('',*,*,#2121,.F.);
#3184=ORIENTED_EDGE('',*,*,#2262,.F.);
#3185=ORIENTED_EDGE('',*,*,#2232,.T.);
#3186=ORIENTED_EDGE('',*,*,#2263,.T.);
#3187=ORIENTED_EDGE('',*,*,#2204,.T.);
#3188=ORIENTED_EDGE('',*,*,#2264,.T.);
#3189=ORIENTED_EDGE('',*,*,#2250,.F.);
#3190=ORIENTED_EDGE('',*,*,#2197,.F.);
#3191=ORIENTED_EDGE('',*,*,#2203,.T.);
#3192=ORIENTED_EDGE('',*,*,#2262,.T.);
#3193=ORIENTED_EDGE('',*,*,#2120,.T.);
#3194=ORIENTED_EDGE('',*,*,#1937,.T.);
#3195=ORIENTED_EDGE('',*,*,#1936,.T.);
#3196=ORIENTED_EDGE('',*,*,#2248,.F.);
#3197=ORIENTED_EDGE('',*,*,#2264,.F.);
#3198=ORIENTED_EDGE('',*,*,#2243,.F.);
#3199=ORIENTED_EDGE('',*,*,#2253,.T.);
#3200=ORIENTED_EDGE('',*,*,#2261,.T.);
#3201=ORIENTED_EDGE('',*,*,#2265,.F.);
#3202=ORIENTED_EDGE('',*,*,#2266,.F.);
#3203=ORIENTED_EDGE('',*,*,#2267,.T.);
#3204=ORIENTED_EDGE('',*,*,#2260,.T.);
#3205=ORIENTED_EDGE('',*,*,#2268,.F.);
#3206=ORIENTED_EDGE('',*,*,#2221,.F.);
#3207=ORIENTED_EDGE('',*,*,#2269,.F.);
#3208=ORIENTED_EDGE('',*,*,#2270,.T.);
#3209=ORIENTED_EDGE('',*,*,#2267,.F.);
#3210=ORIENTED_EDGE('',*,*,#2271,.T.);
#3211=ORIENTED_EDGE('',*,*,#2100,.F.);
#3212=ORIENTED_EDGE('',*,*,#2244,.T.);
#3213=ORIENTED_EDGE('',*,*,#1888,.T.);
#3214=ORIENTED_EDGE('',*,*,#2272,.T.);
#3215=ORIENTED_EDGE('',*,*,#2273,.T.);
#3216=ORIENTED_EDGE('',*,*,#2274,.T.);
#3217=ORIENTED_EDGE('',*,*,#1887,.T.);
#3218=ORIENTED_EDGE('',*,*,#2275,.F.);
#3219=ORIENTED_EDGE('',*,*,#2276,.F.);
#3220=ORIENTED_EDGE('',*,*,#2277,.F.);
#3221=ORIENTED_EDGE('',*,*,#2278,.T.);
#3222=ORIENTED_EDGE('',*,*,#2279,.F.);
#3223=ORIENTED_EDGE('',*,*,#2280,.F.);
#3224=ORIENTED_EDGE('',*,*,#2272,.F.);
#3225=ORIENTED_EDGE('',*,*,#2105,.T.);
#3226=ORIENTED_EDGE('',*,*,#2281,.F.);
#3227=ORIENTED_EDGE('',*,*,#2275,.T.);
#3228=ORIENTED_EDGE('',*,*,#1886,.T.);
#3229=ORIENTED_EDGE('',*,*,#2116,.T.);
#3230=ORIENTED_EDGE('',*,*,#2001,.T.);
#3231=ORIENTED_EDGE('',*,*,#2228,.T.);
#3232=ORIENTED_EDGE('',*,*,#2282,.F.);
#3233=ORIENTED_EDGE('',*,*,#2283,.F.);
#3234=ORIENTED_EDGE('',*,*,#2284,.F.);
#3235=ORIENTED_EDGE('',*,*,#2219,.F.);
#3236=ORIENTED_EDGE('',*,*,#2227,.T.);
#3237=ORIENTED_EDGE('',*,*,#2285,.F.);
#3238=ORIENTED_EDGE('',*,*,#2286,.T.);
#3239=ORIENTED_EDGE('',*,*,#2287,.F.);
#3240=ORIENTED_EDGE('',*,*,#2288,.F.);
#3241=ORIENTED_EDGE('',*,*,#2282,.T.);
#3242=ORIENTED_EDGE('',*,*,#2226,.T.);
#3243=ORIENTED_EDGE('',*,*,#2175,.T.);
#3244=ORIENTED_EDGE('',*,*,#2289,.F.);
#3245=ORIENTED_EDGE('',*,*,#2290,.F.);
#3246=ORIENTED_EDGE('',*,*,#2291,.F.);
#3247=ORIENTED_EDGE('',*,*,#2292,.T.);
#3248=ORIENTED_EDGE('',*,*,#2285,.T.);
#3249=ORIENTED_EDGE('',*,*,#2174,.T.);
#3250=ORIENTED_EDGE('',*,*,#2293,.T.);
#3251=ORIENTED_EDGE('',*,*,#2294,.F.);
#3252=ORIENTED_EDGE('',*,*,#2295,.F.);
#3253=ORIENTED_EDGE('',*,*,#2296,.F.);
#3254=ORIENTED_EDGE('',*,*,#2297,.F.);
#3255=ORIENTED_EDGE('',*,*,#2298,.F.);
#3256=ORIENTED_EDGE('',*,*,#2299,.F.);
#3257=ORIENTED_EDGE('',*,*,#2300,.F.);
#3258=ORIENTED_EDGE('',*,*,#2289,.T.);
#3259=ORIENTED_EDGE('',*,*,#2173,.T.);
#3260=ORIENTED_EDGE('',*,*,#2301,.T.);
#3261=ORIENTED_EDGE('',*,*,#1903,.T.);
#3262=ORIENTED_EDGE('',*,*,#2302,.F.);
#3263=ORIENTED_EDGE('',*,*,#2293,.F.);
#3264=ORIENTED_EDGE('',*,*,#2172,.T.);
#3265=ORIENTED_EDGE('',*,*,#2303,.F.);
#3266=ORIENTED_EDGE('',*,*,#2304,.F.);
#3267=ORIENTED_EDGE('',*,*,#2305,.F.);
#3268=ORIENTED_EDGE('',*,*,#2306,.F.);
#3269=ORIENTED_EDGE('',*,*,#2307,.T.);
#3270=ORIENTED_EDGE('',*,*,#2308,.T.);
#3271=ORIENTED_EDGE('',*,*,#2309,.F.);
#3272=ORIENTED_EDGE('',*,*,#2310,.T.);
#3273=ORIENTED_EDGE('',*,*,#2311,.T.);
#3274=ORIENTED_EDGE('',*,*,#2312,.F.);
#3275=ORIENTED_EDGE('',*,*,#2313,.F.);
#3276=ORIENTED_EDGE('',*,*,#1904,.F.);
#3277=ORIENTED_EDGE('',*,*,#2301,.F.);
#3278=ORIENTED_EDGE('',*,*,#2171,.T.);
#3279=ORIENTED_EDGE('',*,*,#2314,.T.);
#3280=ORIENTED_EDGE('',*,*,#2315,.T.);
#3281=ORIENTED_EDGE('',*,*,#2303,.T.);
#3282=ORIENTED_EDGE('',*,*,#2170,.T.);
#3283=ORIENTED_EDGE('',*,*,#2316,.T.);
#3284=ORIENTED_EDGE('',*,*,#2314,.F.);
#3285=ORIENTED_EDGE('',*,*,#2169,.T.);
#3286=ORIENTED_EDGE('',*,*,#2317,.F.);
#3287=ORIENTED_EDGE('',*,*,#2318,.F.);
#3288=ORIENTED_EDGE('',*,*,#2316,.F.);
#3289=ORIENTED_EDGE('',*,*,#2319,.F.);
#3290=ORIENTED_EDGE('',*,*,#2269,.T.);
#3291=ORIENTED_EDGE('',*,*,#2220,.T.);
#3292=ORIENTED_EDGE('',*,*,#2284,.T.);
#3293=ORIENTED_EDGE('',*,*,#2320,.F.);
#3294=ORIENTED_EDGE('',*,*,#2321,.F.);
#3295=ORIENTED_EDGE('',*,*,#2322,.F.);
#3296=ORIENTED_EDGE('',*,*,#2311,.F.);
#3297=ORIENTED_EDGE('',*,*,#2323,.F.);
#3298=ORIENTED_EDGE('',*,*,#2324,.T.);
#3299=ORIENTED_EDGE('',*,*,#2085,.F.);
#3300=ORIENTED_EDGE('',*,*,#2102,.F.);
#3301=ORIENTED_EDGE('',*,*,#2283,.T.);
#3302=ORIENTED_EDGE('',*,*,#2288,.T.);
#3303=ORIENTED_EDGE('',*,*,#2325,.T.);
#3304=ORIENTED_EDGE('',*,*,#2320,.T.);
#3305=ORIENTED_EDGE('',*,*,#2266,.T.);
#3306=ORIENTED_EDGE('',*,*,#2265,.T.);
#3307=ORIENTED_EDGE('',*,*,#2268,.T.);
#3308=ORIENTED_EDGE('',*,*,#2223,.T.);
#3309=ORIENTED_EDGE('',*,*,#2222,.T.);
#3310=ORIENTED_EDGE('',*,*,#2270,.F.);
#3311=ORIENTED_EDGE('',*,*,#2319,.T.);
#3312=ORIENTED_EDGE('',*,*,#2326,.T.);
#3313=ORIENTED_EDGE('',*,*,#2271,.F.);
#3314=ORIENTED_EDGE('',*,*,#2326,.F.);
#3315=ORIENTED_EDGE('',*,*,#2101,.T.);
#3316=ORIENTED_EDGE('',*,*,#2327,.T.);
#3317=ORIENTED_EDGE('',*,*,#2328,.T.);
#3318=ORIENTED_EDGE('',*,*,#2290,.T.);
#3319=ORIENTED_EDGE('',*,*,#2329,.T.);
#3320=ORIENTED_EDGE('',*,*,#2330,.T.);
#3321=ORIENTED_EDGE('',*,*,#2327,.F.);
#3322=ORIENTED_EDGE('',*,*,#2300,.T.);
#3323=ORIENTED_EDGE('',*,*,#2331,.F.);
#3324=ORIENTED_EDGE('',*,*,#2332,.F.);
#3325=ORIENTED_EDGE('',*,*,#2329,.F.);
#3326=ORIENTED_EDGE('',*,*,#2299,.T.);
#3327=ORIENTED_EDGE('',*,*,#2333,.T.);
#3328=ORIENTED_EDGE('',*,*,#2334,.T.);
#3329=ORIENTED_EDGE('',*,*,#2335,.T.);
#3330=ORIENTED_EDGE('',*,*,#2336,.T.);
#3331=ORIENTED_EDGE('',*,*,#2337,.T.);
#3332=ORIENTED_EDGE('',*,*,#2337,.F.);
#3333=ORIENTED_EDGE('',*,*,#2338,.T.);
#3334=ORIENTED_EDGE('',*,*,#2339,.T.);
#3335=ORIENTED_EDGE('',*,*,#2340,.T.);
#3336=ORIENTED_EDGE('',*,*,#2341,.T.);
#3337=ORIENTED_EDGE('',*,*,#2342,.T.);
#3338=ORIENTED_EDGE('',*,*,#2343,.T.);
#3339=ORIENTED_EDGE('',*,*,#2336,.F.);
#3340=ORIENTED_EDGE('',*,*,#2344,.F.);
#3341=ORIENTED_EDGE('',*,*,#2345,.F.);
#3342=ORIENTED_EDGE('',*,*,#2346,.F.);
#3343=ORIENTED_EDGE('',*,*,#2347,.F.);
#3344=ORIENTED_EDGE('',*,*,#2348,.T.);
#3345=ORIENTED_EDGE('',*,*,#2338,.F.);
#3346=ORIENTED_EDGE('',*,*,#2335,.F.);
#3347=ORIENTED_EDGE('',*,*,#2349,.F.);
#3348=ORIENTED_EDGE('',*,*,#2350,.F.);
#3349=ORIENTED_EDGE('',*,*,#2351,.T.);
#3350=ORIENTED_EDGE('',*,*,#2352,.F.);
#3351=ORIENTED_EDGE('',*,*,#2209,.F.);
#3352=ORIENTED_EDGE('',*,*,#2353,.F.);
#3353=ORIENTED_EDGE('',*,*,#2354,.F.);
#3354=ORIENTED_EDGE('',*,*,#2278,.F.);
#3355=ORIENTED_EDGE('',*,*,#2355,.F.);
#3356=ORIENTED_EDGE('',*,*,#2356,.F.);
#3357=ORIENTED_EDGE('',*,*,#2357,.F.);
#3358=ORIENTED_EDGE('',*,*,#2344,.T.);
#3359=ORIENTED_EDGE('',*,*,#2358,.T.);
#3360=ORIENTED_EDGE('',*,*,#2211,.F.);
#3361=ORIENTED_EDGE('',*,*,#2341,.F.);
#3362=ORIENTED_EDGE('',*,*,#2359,.T.);
#3363=ORIENTED_EDGE('',*,*,#2087,.T.);
#3364=ORIENTED_EDGE('',*,*,#2359,.F.);
#3365=ORIENTED_EDGE('',*,*,#2340,.F.);
#3366=ORIENTED_EDGE('',*,*,#2360,.F.);
#3367=ORIENTED_EDGE('',*,*,#2088,.F.);
#3368=ORIENTED_EDGE('',*,*,#2361,.T.);
#3369=ORIENTED_EDGE('',*,*,#2362,.T.);
#3370=ORIENTED_EDGE('',*,*,#2212,.T.);
#3371=ORIENTED_EDGE('',*,*,#2358,.F.);
#3372=ORIENTED_EDGE('',*,*,#2086,.T.);
#3373=ORIENTED_EDGE('',*,*,#2324,.F.);
#3374=ORIENTED_EDGE('',*,*,#2323,.T.);
#3375=ORIENTED_EDGE('',*,*,#2363,.T.);
#3376=ORIENTED_EDGE('',*,*,#2304,.T.);
#3377=ORIENTED_EDGE('',*,*,#2315,.F.);
#3378=ORIENTED_EDGE('',*,*,#2318,.T.);
#3379=ORIENTED_EDGE('',*,*,#2364,.T.);
#3380=ORIENTED_EDGE('',*,*,#2305,.T.);
#3381=ORIENTED_EDGE('',*,*,#2363,.F.);
#3382=ORIENTED_EDGE('',*,*,#2365,.T.);
#3383=ORIENTED_EDGE('',*,*,#2366,.T.);
#3384=ORIENTED_EDGE('',*,*,#2306,.T.);
#3385=ORIENTED_EDGE('',*,*,#2364,.F.);
#3386=ORIENTED_EDGE('',*,*,#2367,.T.);
#3387=ORIENTED_EDGE('',*,*,#2367,.F.);
#3388=ORIENTED_EDGE('',*,*,#2368,.F.);
#3389=ORIENTED_EDGE('',*,*,#2369,.T.);
#3390=ORIENTED_EDGE('',*,*,#2370,.T.);
#3391=ORIENTED_EDGE('',*,*,#2168,.T.);
#3392=ORIENTED_EDGE('',*,*,#2371,.F.);
#3393=ORIENTED_EDGE('',*,*,#2353,.T.);
#3394=ORIENTED_EDGE('',*,*,#2208,.T.);
#3395=ORIENTED_EDGE('',*,*,#2217,.T.);
#3396=ORIENTED_EDGE('',*,*,#2372,.T.);
#3397=ORIENTED_EDGE('',*,*,#2368,.T.);
#3398=ORIENTED_EDGE('',*,*,#2365,.F.);
#3399=ORIENTED_EDGE('',*,*,#2317,.T.);
#3400=ORIENTED_EDGE('',*,*,#2330,.F.);
#3401=ORIENTED_EDGE('',*,*,#2373,.F.);
#3402=ORIENTED_EDGE('',*,*,#2374,.F.);
#3403=ORIENTED_EDGE('',*,*,#2291,.T.);
#3404=ORIENTED_EDGE('',*,*,#2328,.F.);
#3405=ORIENTED_EDGE('',*,*,#2374,.T.);
#3406=ORIENTED_EDGE('',*,*,#2375,.F.);
#3407=ORIENTED_EDGE('',*,*,#2286,.F.);
#3408=ORIENTED_EDGE('',*,*,#2292,.F.);
#3409=ORIENTED_EDGE('',*,*,#2376,.F.);
#3410=ORIENTED_EDGE('',*,*,#2377,.F.);
#3411=ORIENTED_EDGE('',*,*,#2378,.F.);
#3412=ORIENTED_EDGE('',*,*,#2312,.T.);
#3413=ORIENTED_EDGE('',*,*,#2322,.T.);
#3414=ORIENTED_EDGE('',*,*,#2377,.T.);
#3415=ORIENTED_EDGE('',*,*,#2379,.T.);
#3416=ORIENTED_EDGE('',*,*,#2380,.F.);
#3417=ORIENTED_EDGE('',*,*,#2325,.F.);
#3418=ORIENTED_EDGE('',*,*,#2381,.F.);
#3419=ORIENTED_EDGE('',*,*,#2382,.T.);
#3420=ORIENTED_EDGE('',*,*,#2297,.T.);
#3421=ORIENTED_EDGE('',*,*,#2381,.T.);
#3422=ORIENTED_EDGE('',*,*,#2287,.T.);
#3423=ORIENTED_EDGE('',*,*,#2373,.T.);
#3424=ORIENTED_EDGE('',*,*,#2332,.T.);
#3425=ORIENTED_EDGE('',*,*,#2331,.T.);
#3426=ORIENTED_EDGE('',*,*,#2298,.T.);
#3427=ORIENTED_EDGE('',*,*,#2382,.F.);
#3428=ORIENTED_EDGE('',*,*,#2375,.T.);
#3429=ORIENTED_EDGE('',*,*,#2380,.T.);
#3430=ORIENTED_EDGE('',*,*,#2296,.T.);
#3431=ORIENTED_EDGE('',*,*,#2378,.T.);
#3432=ORIENTED_EDGE('',*,*,#2321,.T.);
#3433=ORIENTED_EDGE('',*,*,#2383,.T.);
#3434=ORIENTED_EDGE('',*,*,#2376,.T.);
#3435=ORIENTED_EDGE('',*,*,#2295,.T.);
#3436=ORIENTED_EDGE('',*,*,#2384,.T.);
#3437=ORIENTED_EDGE('',*,*,#2294,.T.);
#3438=ORIENTED_EDGE('',*,*,#2302,.T.);
#3439=ORIENTED_EDGE('',*,*,#1902,.T.);
#3440=ORIENTED_EDGE('',*,*,#2385,.T.);
#3441=ORIENTED_EDGE('',*,*,#2384,.F.);
#3442=ORIENTED_EDGE('',*,*,#1897,.T.);
#3443=ORIENTED_EDGE('',*,*,#1899,.T.);
#3444=ORIENTED_EDGE('',*,*,#1905,.T.);
#3445=ORIENTED_EDGE('',*,*,#2313,.T.);
#3446=ORIENTED_EDGE('',*,*,#2379,.F.);
#3447=ORIENTED_EDGE('',*,*,#2383,.F.);
#3448=ORIENTED_EDGE('',*,*,#2385,.F.);
#3449=ORIENTED_EDGE('',*,*,#1901,.T.);
#3450=ORIENTED_EDGE('',*,*,#2339,.F.);
#3451=ORIENTED_EDGE('',*,*,#2348,.F.);
#3452=ORIENTED_EDGE('',*,*,#2386,.T.);
#3453=ORIENTED_EDGE('',*,*,#2387,.T.);
#3454=ORIENTED_EDGE('',*,*,#2082,.T.);
#3455=ORIENTED_EDGE('',*,*,#2089,.T.);
#3456=ORIENTED_EDGE('',*,*,#2360,.T.);
#3457=ORIENTED_EDGE('',*,*,#2014,.T.);
#3458=ORIENTED_EDGE('',*,*,#2388,.T.);
#3459=ORIENTED_EDGE('',*,*,#2389,.T.);
#3460=ORIENTED_EDGE('',*,*,#2390,.T.);
#3461=ORIENTED_EDGE('',*,*,#2130,.T.);
#3462=ORIENTED_EDGE('',*,*,#2013,.T.);
#3463=ORIENTED_EDGE('',*,*,#2079,.T.);
#3464=ORIENTED_EDGE('',*,*,#2391,.T.);
#3465=ORIENTED_EDGE('',*,*,#2388,.F.);
#3466=ORIENTED_EDGE('',*,*,#2390,.F.);
#3467=ORIENTED_EDGE('',*,*,#2392,.T.);
#3468=ORIENTED_EDGE('',*,*,#2129,.F.);
#3469=ORIENTED_EDGE('',*,*,#2386,.F.);
#3470=ORIENTED_EDGE('',*,*,#2347,.T.);
#3471=ORIENTED_EDGE('',*,*,#2393,.T.);
#3472=ORIENTED_EDGE('',*,*,#2392,.F.);
#3473=ORIENTED_EDGE('',*,*,#2394,.T.);
#3474=ORIENTED_EDGE('',*,*,#2395,.T.);
#3475=ORIENTED_EDGE('',*,*,#2125,.T.);
#3476=ORIENTED_EDGE('',*,*,#2389,.F.);
#3477=ORIENTED_EDGE('',*,*,#2396,.F.);
#3478=ORIENTED_EDGE('',*,*,#2397,.T.);
#3479=ORIENTED_EDGE('',*,*,#2394,.F.);
#3480=ORIENTED_EDGE('',*,*,#2167,.T.);
#3481=ORIENTED_EDGE('',*,*,#2398,.T.);
#3482=ORIENTED_EDGE('',*,*,#2371,.T.);
#3483=ORIENTED_EDGE('',*,*,#2177,.T.);
#3484=ORIENTED_EDGE('',*,*,#2399,.T.);
#3485=ORIENTED_EDGE('',*,*,#2400,.F.);
#3486=ORIENTED_EDGE('',*,*,#2401,.F.);
#3487=ORIENTED_EDGE('',*,*,#2369,.F.);
#3488=ORIENTED_EDGE('',*,*,#2372,.F.);
#3489=ORIENTED_EDGE('',*,*,#2216,.T.);
#3490=ORIENTED_EDGE('',*,*,#2166,.T.);
#3491=ORIENTED_EDGE('',*,*,#2402,.T.);
#3492=ORIENTED_EDGE('',*,*,#2403,.F.);
#3493=ORIENTED_EDGE('',*,*,#2279,.T.);
#3494=ORIENTED_EDGE('',*,*,#2354,.T.);
#3495=ORIENTED_EDGE('',*,*,#2398,.F.);
#3496=ORIENTED_EDGE('',*,*,#2149,.T.);
#3497=ORIENTED_EDGE('',*,*,#2404,.F.);
#3498=ORIENTED_EDGE('',*,*,#2405,.F.);
#3499=ORIENTED_EDGE('',*,*,#2402,.F.);
#3500=ORIENTED_EDGE('',*,*,#2165,.T.);
#3501=ORIENTED_EDGE('',*,*,#2309,.T.);
#3502=ORIENTED_EDGE('',*,*,#2406,.T.);
#3503=ORIENTED_EDGE('',*,*,#2407,.T.);
#3504=ORIENTED_EDGE('',*,*,#2408,.T.);
#3505=ORIENTED_EDGE('',*,*,#2407,.F.);
#3506=ORIENTED_EDGE('',*,*,#2409,.F.);
#3507=ORIENTED_EDGE('',*,*,#2410,.T.);
#3508=ORIENTED_EDGE('',*,*,#2411,.T.);
#3509=ORIENTED_EDGE('',*,*,#2406,.F.);
#3510=ORIENTED_EDGE('',*,*,#2308,.F.);
#3511=ORIENTED_EDGE('',*,*,#2412,.F.);
#3512=ORIENTED_EDGE('',*,*,#2400,.T.);
#3513=ORIENTED_EDGE('',*,*,#2409,.T.);
#3514=ORIENTED_EDGE('',*,*,#2413,.T.);
#3515=ORIENTED_EDGE('',*,*,#2414,.T.);
#3516=ORIENTED_EDGE('',*,*,#2415,.T.);
#3517=ORIENTED_EDGE('',*,*,#2416,.T.);
#3518=ORIENTED_EDGE('',*,*,#2415,.F.);
#3519=ORIENTED_EDGE('',*,*,#2417,.T.);
#3520=ORIENTED_EDGE('',*,*,#2418,.T.);
#3521=ORIENTED_EDGE('',*,*,#2351,.F.);
#3522=ORIENTED_EDGE('',*,*,#2419,.F.);
#3523=ORIENTED_EDGE('',*,*,#2333,.F.);
#3524=ORIENTED_EDGE('',*,*,#2343,.F.);
#3525=ORIENTED_EDGE('',*,*,#2420,.F.);
#3526=ORIENTED_EDGE('',*,*,#2417,.F.);
#3527=ORIENTED_EDGE('',*,*,#2414,.F.);
#3528=ORIENTED_EDGE('',*,*,#2421,.F.);
#3529=ORIENTED_EDGE('',*,*,#2408,.F.);
#3530=ORIENTED_EDGE('',*,*,#2411,.F.);
#3531=ORIENTED_EDGE('',*,*,#2422,.T.);
#3532=ORIENTED_EDGE('',*,*,#2361,.F.);
#3533=ORIENTED_EDGE('',*,*,#2310,.F.);
#3534=ORIENTED_EDGE('',*,*,#2186,.T.);
#3535=ORIENTED_EDGE('',*,*,#2263,.F.);
#3536=ORIENTED_EDGE('',*,*,#2234,.F.);
#3537=ORIENTED_EDGE('',*,*,#2213,.F.);
#3538=ORIENTED_EDGE('',*,*,#2362,.F.);
#3539=ORIENTED_EDGE('',*,*,#2422,.F.);
#3540=ORIENTED_EDGE('',*,*,#2410,.F.);
#3541=ORIENTED_EDGE('',*,*,#2399,.F.);
#3542=ORIENTED_EDGE('',*,*,#2334,.F.);
#3543=ORIENTED_EDGE('',*,*,#2421,.T.);
#3544=ORIENTED_EDGE('',*,*,#2413,.F.);
#3545=ORIENTED_EDGE('',*,*,#2423,.T.);
#3546=ORIENTED_EDGE('',*,*,#2349,.T.);
#3547=ORIENTED_EDGE('',*,*,#1880,.T.);
#3548=ORIENTED_EDGE('',*,*,#2245,.T.);
#3549=ORIENTED_EDGE('',*,*,#2114,.F.);
#3550=ORIENTED_EDGE('',*,*,#2416,.F.);
#3551=ORIENTED_EDGE('',*,*,#2419,.T.);
#3552=ORIENTED_EDGE('',*,*,#2350,.T.);
#3553=ORIENTED_EDGE('',*,*,#2423,.F.);
#3554=ORIENTED_EDGE('',*,*,#2366,.F.);
#3555=ORIENTED_EDGE('',*,*,#2370,.F.);
#3556=ORIENTED_EDGE('',*,*,#2401,.T.);
#3557=ORIENTED_EDGE('',*,*,#2412,.T.);
#3558=ORIENTED_EDGE('',*,*,#2307,.F.);
#3559=ORIENTED_EDGE('',*,*,#1889,.T.);
#3560=ORIENTED_EDGE('',*,*,#2274,.F.);
#3561=ORIENTED_EDGE('',*,*,#2404,.T.);
#3562=ORIENTED_EDGE('',*,*,#2148,.T.);
#3563=ORIENTED_EDGE('',*,*,#1999,.T.);
#3564=ORIENTED_EDGE('',*,*,#2024,.T.);
#3565=ORIENTED_EDGE('',*,*,#2127,.T.);
#3566=ORIENTED_EDGE('',*,*,#2126,.T.);
#3567=ORIENTED_EDGE('',*,*,#2395,.F.);
#3568=ORIENTED_EDGE('',*,*,#2424,.T.);
#3569=ORIENTED_EDGE('',*,*,#2281,.T.);
#3570=ORIENTED_EDGE('',*,*,#2104,.T.);
#3571=ORIENTED_EDGE('',*,*,#2424,.F.);
#3572=ORIENTED_EDGE('',*,*,#2397,.F.);
#3573=ORIENTED_EDGE('',*,*,#2425,.F.);
#3574=ORIENTED_EDGE('',*,*,#2276,.T.);
#3575=ORIENTED_EDGE('',*,*,#2403,.T.);
#3576=ORIENTED_EDGE('',*,*,#2405,.T.);
#3577=ORIENTED_EDGE('',*,*,#2273,.F.);
#3578=ORIENTED_EDGE('',*,*,#2280,.T.);
#3579=ORIENTED_EDGE('',*,*,#2342,.F.);
#3580=ORIENTED_EDGE('',*,*,#2210,.F.);
#3581=ORIENTED_EDGE('',*,*,#2352,.T.);
#3582=ORIENTED_EDGE('',*,*,#2418,.F.);
#3583=ORIENTED_EDGE('',*,*,#2420,.T.);
#3584=ORIENTED_EDGE('',*,*,#1938,.F.);
#3585=ORIENTED_EDGE('',*,*,#1967,.F.);
#3586=ORIENTED_EDGE('',*,*,#2071,.F.);
#3587=ORIENTED_EDGE('',*,*,#2083,.F.);
#3588=ORIENTED_EDGE('',*,*,#2080,.F.);
#3589=ORIENTED_EDGE('',*,*,#2387,.F.);
#3590=ORIENTED_EDGE('',*,*,#2393,.F.);
#3591=ORIENTED_EDGE('',*,*,#2346,.T.);
#3592=ORIENTED_EDGE('',*,*,#2426,.F.);
#3593=ORIENTED_EDGE('',*,*,#2074,.F.);
#3594=ORIENTED_EDGE('',*,*,#2073,.F.);
#3595=ORIENTED_EDGE('',*,*,#2391,.F.);
#3596=ORIENTED_EDGE('',*,*,#2427,.F.);
#3597=ORIENTED_EDGE('',*,*,#2357,.T.);
#3598=ORIENTED_EDGE('',*,*,#2428,.T.);
#3599=ORIENTED_EDGE('',*,*,#2396,.T.);
#3600=ORIENTED_EDGE('',*,*,#2075,.F.);
#3601=ORIENTED_EDGE('',*,*,#2426,.T.);
#3602=ORIENTED_EDGE('',*,*,#2345,.T.);
#3603=ORIENTED_EDGE('',*,*,#2427,.T.);
#3604=ORIENTED_EDGE('',*,*,#2078,.F.);
#3605=ORIENTED_EDGE('',*,*,#2356,.T.);
#3606=ORIENTED_EDGE('',*,*,#2429,.T.);
#3607=ORIENTED_EDGE('',*,*,#2425,.T.);
#3608=ORIENTED_EDGE('',*,*,#2428,.F.);
#3609=ORIENTED_EDGE('',*,*,#2355,.T.);
#3610=ORIENTED_EDGE('',*,*,#2277,.T.);
#3611=ORIENTED_EDGE('',*,*,#2429,.F.);
#3612=TOROIDAL_SURFACE('',#3862,7.89897948556636,5.);
#3613=TOROIDAL_SURFACE('',#3950,21.9629189986944,2.);
#3614=TOROIDAL_SURFACE('',#4152,51.2246735396485,8.);
#3615=TOROIDAL_SURFACE('',#4155,62.,12.);
#3616=TOROIDAL_SURFACE('',#4158,62.,12.);
#3617=TOROIDAL_SURFACE('',#4159,18.,12.);
#3618=ADVANCED_FACE('',(#692),#3612,.F.);
#3619=ADVANCED_FACE('',(#693),#629,.T.);
#3620=ADVANCED_FACE('',(#694),#192,.F.);
#3621=ADVANCED_FACE('',(#695),#193,.T.);
#3622=ADVANCED_FACE('',(#696,#188),#630,.T.);
#3623=ADVANCED_FACE('',(#697),#631,.T.);
#3624=ADVANCED_FACE('',(#698),#194,.F.);
#3625=ADVANCED_FACE('',(#699,#189),#632,.T.);
#3626=ADVANCED_FACE('',(#700),#633,.T.);
#3627=ADVANCED_FACE('',(#701),#634,.F.);
#3628=ADVANCED_FACE('',(#702),#635,.F.);
#3629=ADVANCED_FACE('',(#703),#636,.T.);
#3630=ADVANCED_FACE('',(#704),#637,.T.);
#3631=ADVANCED_FACE('',(#705),#638,.T.);
#3632=ADVANCED_FACE('',(#706),#195,.T.);
#3633=ADVANCED_FACE('',(#707),#196,.F.);
#3634=ADVANCED_FACE('',(#708,#190),#639,.F.);
#3635=ADVANCED_FACE('',(#709),#640,.F.);
#3636=ADVANCED_FACE('',(#710),#197,.F.);
#3637=ADVANCED_FACE('',(#711),#28,.F.);
#3638=ADVANCED_FACE('',(#712),#29,.T.);
#3639=ADVANCED_FACE('',(#713),#30,.F.);
#3640=ADVANCED_FACE('',(#714),#641,.T.);
#3641=ADVANCED_FACE('',(#715),#642,.F.);
#3642=ADVANCED_FACE('',(#716),#31,.F.);
#3643=ADVANCED_FACE('',(#717),#32,.F.);
#3644=ADVANCED_FACE('',(#718),#33,.F.);
#3645=ADVANCED_FACE('',(#719),#34,.F.);
#3646=ADVANCED_FACE('',(#720),#35,.F.);
#3647=ADVANCED_FACE('',(#721),#36,.F.);
#3648=ADVANCED_FACE('',(#722),#198,.T.);
#3649=ADVANCED_FACE('',(#723),#37,.F.);
#3650=ADVANCED_FACE('',(#724),#38,.F.);
#3651=ADVANCED_FACE('',(#725),#39,.F.);
#3652=ADVANCED_FACE('',(#726),#40,.T.);
#3653=ADVANCED_FACE('',(#727),#643,.T.);
#3654=ADVANCED_FACE('',(#728),#41,.T.);
#3655=ADVANCED_FACE('',(#729),#42,.T.);
#3656=ADVANCED_FACE('',(#730),#43,.F.);
#3657=ADVANCED_FACE('',(#731),#44,.F.);
#3658=ADVANCED_FACE('',(#732),#45,.F.);
#3659=ADVANCED_FACE('',(#733),#46,.F.);
#3660=ADVANCED_FACE('',(#734),#47,.T.);
#3661=ADVANCED_FACE('',(#735),#48,.F.);
#3662=ADVANCED_FACE('',(#736),#49,.F.);
#3663=ADVANCED_FACE('',(#737),#50,.F.);
#3664=ADVANCED_FACE('',(#738),#51,.F.);
#3665=ADVANCED_FACE('',(#739),#52,.T.);
#3666=ADVANCED_FACE('',(#740),#53,.F.);
#3667=ADVANCED_FACE('',(#741),#54,.T.);
#3668=ADVANCED_FACE('',(#742),#55,.T.);
#3669=ADVANCED_FACE('',(#743),#56,.T.);
#3670=ADVANCED_FACE('',(#744),#57,.T.);
#3671=ADVANCED_FACE('',(#745),#58,.F.);
#3672=ADVANCED_FACE('',(#746),#59,.F.);
#3673=ADVANCED_FACE('',(#747),#60,.F.);
#3674=ADVANCED_FACE('',(#748),#61,.F.);
#3675=ADVANCED_FACE('',(#749),#62,.F.);
#3676=ADVANCED_FACE('',(#750),#63,.F.);
#3677=ADVANCED_FACE('',(#751),#64,.T.);
#3678=ADVANCED_FACE('',(#752),#65,.F.);
#3679=ADVANCED_FACE('',(#753),#644,.F.);
#3680=ADVANCED_FACE('',(#754),#66,.F.);
#3681=ADVANCED_FACE('',(#755),#67,.F.);
#3682=ADVANCED_FACE('',(#756),#22,.T.);
#3683=ADVANCED_FACE('',(#757),#68,.F.);
#3684=ADVANCED_FACE('',(#758),#23,.T.);
#3685=ADVANCED_FACE('',(#759),#69,.F.);
#3686=ADVANCED_FACE('',(#760),#24,.T.);
#3687=ADVANCED_FACE('',(#761),#70,.F.);
#3688=ADVANCED_FACE('',(#762),#71,.F.);
#3689=ADVANCED_FACE('',(#763),#199,.T.);
#3690=ADVANCED_FACE('',(#764),#72,.F.);
#3691=ADVANCED_FACE('',(#765),#73,.T.);
#3692=ADVANCED_FACE('',(#766),#645,.F.);
#3693=ADVANCED_FACE('',(#767),#74,.T.);
#3694=ADVANCED_FACE('',(#768),#75,.T.);
#3695=ADVANCED_FACE('',(#769),#76,.F.);
#3696=ADVANCED_FACE('',(#770),#18,.F.);
#3697=ADVANCED_FACE('',(#771),#3613,.T.);
#3698=ADVANCED_FACE('',(#772),#77,.F.);
#3699=ADVANCED_FACE('',(#773),#78,.T.);
#3700=ADVANCED_FACE('',(#774),#79,.T.);
#3701=ADVANCED_FACE('',(#775),#80,.T.);
#3702=ADVANCED_FACE('',(#776),#81,.T.);
#3703=ADVANCED_FACE('',(#777),#82,.F.);
#3704=ADVANCED_FACE('',(#778),#200,.T.);
#3705=ADVANCED_FACE('',(#779),#83,.T.);
#3706=ADVANCED_FACE('',(#780),#84,.T.);
#3707=ADVANCED_FACE('',(#781),#85,.T.);
#3708=ADVANCED_FACE('',(#782),#201,.T.);
#3709=ADVANCED_FACE('',(#783),#646,.T.);
#3710=ADVANCED_FACE('',(#784),#86,.T.);
#3711=ADVANCED_FACE('',(#785),#87,.T.);
#3712=ADVANCED_FACE('',(#786),#88,.T.);
#3713=ADVANCED_FACE('',(#787),#89,.T.);
#3714=ADVANCED_FACE('',(#788),#90,.T.);
#3715=ADVANCED_FACE('',(#789),#91,.T.);
#3716=ADVANCED_FACE('',(#790),#647,.T.);
#3717=ADVANCED_FACE('',(#791),#92,.F.);
#3718=ADVANCED_FACE('',(#792),#19,.F.);
#3719=ADVANCED_FACE('',(#793),#648,.T.);
#3720=ADVANCED_FACE('',(#794),#202,.T.);
#3721=ADVANCED_FACE('',(#795),#649,.F.);
#3722=ADVANCED_FACE('',(#796),#203,.F.);
#3723=ADVANCED_FACE('',(#797),#650,.T.);
#3724=ADVANCED_FACE('',(#798),#651,.T.);
#3725=ADVANCED_FACE('',(#799),#204,.T.);
#3726=ADVANCED_FACE('',(#800),#205,.F.);
#3727=ADVANCED_FACE('',(#801),#652,.F.);
#3728=ADVANCED_FACE('',(#802),#653,.F.);
#3729=ADVANCED_FACE('',(#803),#206,.F.);
#3730=ADVANCED_FACE('',(#804),#654,.F.);
#3731=ADVANCED_FACE('',(#805),#207,.F.);
#3732=ADVANCED_FACE('',(#806),#208,.F.);
#3733=ADVANCED_FACE('',(#807),#93,.T.);
#3734=ADVANCED_FACE('',(#808),#655,.T.);
#3735=ADVANCED_FACE('',(#809),#656,.F.);
#3736=ADVANCED_FACE('',(#810),#657,.F.);
#3737=ADVANCED_FACE('',(#811),#658,.T.);
#3738=ADVANCED_FACE('',(#812),#209,.F.);
#3739=ADVANCED_FACE('',(#813),#659,.F.);
#3740=ADVANCED_FACE('',(#814,#191),#660,.F.);
#3741=ADVANCED_FACE('',(#815),#661,.F.);
#3742=ADVANCED_FACE('',(#816),#662,.F.);
#3743=ADVANCED_FACE('',(#817),#94,.T.);
#3744=ADVANCED_FACE('',(#818),#95,.T.);
#3745=ADVANCED_FACE('',(#819),#96,.T.);
#3746=ADVANCED_FACE('',(#820),#97,.T.);
#3747=ADVANCED_FACE('',(#821),#663,.F.);
#3748=ADVANCED_FACE('',(#822),#98,.T.);
#3749=ADVANCED_FACE('',(#823),#99,.T.);
#3750=ADVANCED_FACE('',(#824),#100,.T.);
#3751=ADVANCED_FACE('',(#825),#664,.F.);
#3752=ADVANCED_FACE('',(#826),#665,.F.);
#3753=ADVANCED_FACE('',(#827),#101,.F.);
#3754=ADVANCED_FACE('',(#828),#102,.F.);
#3755=ADVANCED_FACE('',(#829),#103,.F.);
#3756=ADVANCED_FACE('',(#830),#666,.T.);
#3757=ADVANCED_FACE('',(#831),#667,.F.);
#3758=ADVANCED_FACE('',(#832),#668,.T.);
#3759=ADVANCED_FACE('',(#833),#104,.T.);
#3760=ADVANCED_FACE('',(#834),#210,.F.);
#3761=ADVANCED_FACE('',(#835),#211,.T.);
#3762=ADVANCED_FACE('',(#836),#669,.T.);
#3763=ADVANCED_FACE('',(#837),#670,.T.);
#3764=ADVANCED_FACE('',(#838),#212,.T.);
#3765=ADVANCED_FACE('',(#839),#671,.T.);
#3766=ADVANCED_FACE('',(#840),#213,.T.);
#3767=ADVANCED_FACE('',(#841),#672,.F.);
#3768=ADVANCED_FACE('',(#842),#214,.T.);
#3769=ADVANCED_FACE('',(#843),#215,.T.);
#3770=ADVANCED_FACE('',(#844),#673,.T.);
#3771=ADVANCED_FACE('',(#845),#216,.T.);
#3772=ADVANCED_FACE('',(#846),#674,.T.);
#3773=ADVANCED_FACE('',(#847),#105,.F.);
#3774=ADVANCED_FACE('',(#848),#106,.T.);
#3775=ADVANCED_FACE('',(#849),#675,.T.);
#3776=ADVANCED_FACE('',(#850),#20,.F.);
#3777=ADVANCED_FACE('',(#851),#107,.F.);
#3778=ADVANCED_FACE('',(#852),#108,.T.);
#3779=ADVANCED_FACE('',(#853),#109,.T.);
#3780=ADVANCED_FACE('',(#854),#110,.F.);
#3781=ADVANCED_FACE('',(#855),#111,.F.);
#3782=ADVANCED_FACE('',(#856),#112,.F.);
#3783=ADVANCED_FACE('',(#857),#217,.T.);
#3784=ADVANCED_FACE('',(#858),#113,.F.);
#3785=ADVANCED_FACE('',(#859),#676,.T.);
#3786=ADVANCED_FACE('',(#860),#677,.T.);
#3787=ADVANCED_FACE('',(#861),#114,.F.);
#3788=ADVANCED_FACE('',(#862),#21,.F.);
#3789=ADVANCED_FACE('',(#863),#115,.F.);
#3790=ADVANCED_FACE('',(#864),#218,.T.);
#3791=ADVANCED_FACE('',(#865),#15,.F.);
#3792=ADVANCED_FACE('',(#866),#219,.T.);
#3793=ADVANCED_FACE('',(#867),#678,.T.);
#3794=ADVANCED_FACE('',(#868),#220,.T.);
#3795=ADVANCED_FACE('',(#869),#221,.F.);
#3796=ADVANCED_FACE('',(#870),#679,.T.);
#3797=ADVANCED_FACE('',(#871),#25,.T.);
#3798=ADVANCED_FACE('',(#872),#116,.F.);
#3799=ADVANCED_FACE('',(#873),#26,.T.);
#3800=ADVANCED_FACE('',(#874),#117,.F.);
#3801=ADVANCED_FACE('',(#875),#222,.T.);
#3802=ADVANCED_FACE('',(#876),#118,.F.);
#3803=ADVANCED_FACE('',(#877),#223,.T.);
#3804=ADVANCED_FACE('',(#878),#224,.T.);
#3805=ADVANCED_FACE('',(#879),#680,.F.);
#3806=ADVANCED_FACE('',(#880),#119,.F.);
#3807=ADVANCED_FACE('',(#881),#120,.F.);
#3808=ADVANCED_FACE('',(#882),#121,.F.);
#3809=ADVANCED_FACE('',(#883),#27,.T.);
#3810=ADVANCED_FACE('',(#884),#225,.T.);
#3811=ADVANCED_FACE('',(#885),#122,.F.);
#3812=ADVANCED_FACE('',(#886),#226,.T.);
#3813=ADVANCED_FACE('',(#887),#123,.F.);
#3814=ADVANCED_FACE('',(#888),#681,.F.);
#3815=ADVANCED_FACE('',(#889),#124,.F.);
#3816=ADVANCED_FACE('',(#890),#227,.F.);
#3817=ADVANCED_FACE('',(#891),#228,.T.);
#3818=ADVANCED_FACE('',(#892),#682,.F.);
#3819=ADVANCED_FACE('',(#893),#229,.F.);
#3820=ADVANCED_FACE('',(#894),#230,.T.);
#3821=ADVANCED_FACE('',(#895),#683,.F.);
#3822=ADVANCED_FACE('',(#896),#16,.T.);
#3823=ADVANCED_FACE('',(#897),#17,.T.);
#3824=ADVANCED_FACE('',(#898),#684,.T.);
#3825=ADVANCED_FACE('',(#899),#685,.T.);
#3826=ADVANCED_FACE('',(#900),#686,.F.);
#3827=ADVANCED_FACE('',(#901),#687,.T.);
#3828=ADVANCED_FACE('',(#902),#688,.T.);
#3829=ADVANCED_FACE('',(#903),#689,.F.);
#3830=ADVANCED_FACE('',(#904),#125,.F.);
#3831=ADVANCED_FACE('',(#905),#231,.F.);
#3832=ADVANCED_FACE('',(#906),#3614,.T.);
#3833=ADVANCED_FACE('',(#907),#690,.T.);
#3834=ADVANCED_FACE('',(#908),#691,.F.);
#3835=ADVANCED_FACE('',(#909),#3615,.F.);
#3836=ADVANCED_FACE('',(#910),#3616,.F.);
#3837=ADVANCED_FACE('',(#911),#3617,.F.);
#3838=ADVANCED_FACE('',(#912),#232,.F.);
#3839=CLOSED_SHELL('',(#3618,#3619,#3620,#3621,#3622,#3623,#3624,#3625,
#3626,#3627,#3628,#3629,#3630,#3631,#3632,#3633,#3634,#3635,#3636,#3637,
#3638,#3639,#3640,#3641,#3642,#3643,#3644,#3645,#3646,#3647,#3648,#3649,
#3650,#3651,#3652,#3653,#3654,#3655,#3656,#3657,#3658,#3659,#3660,#3661,
#3662,#3663,#3664,#3665,#3666,#3667,#3668,#3669,#3670,#3671,#3672,#3673,
#3674,#3675,#3676,#3677,#3678,#3679,#3680,#3681,#3682,#3683,#3684,#3685,
#3686,#3687,#3688,#3689,#3690,#3691,#3692,#3693,#3694,#3695,#3696,#3697,
#3698,#3699,#3700,#3701,#3702,#3703,#3704,#3705,#3706,#3707,#3708,#3709,
#3710,#3711,#3712,#3713,#3714,#3715,#3716,#3717,#3718,#3719,#3720,#3721,
#3722,#3723,#3724,#3725,#3726,#3727,#3728,#3729,#3730,#3731,#3732,#3733,
#3734,#3735,#3736,#3737,#3738,#3739,#3740,#3741,#3742,#3743,#3744,#3745,
#3746,#3747,#3748,#3749,#3750,#3751,#3752,#3753,#3754,#3755,#3756,#3757,
#3758,#3759,#3760,#3761,#3762,#3763,#3764,#3765,#3766,#3767,#3768,#3769,
#3770,#3771,#3772,#3773,#3774,#3775,#3776,#3777,#3778,#3779,#3780,#3781,
#3782,#3783,#3784,#3785,#3786,#3787,#3788,#3789,#3790,#3791,#3792,#3793,
#3794,#3795,#3796,#3797,#3798,#3799,#3800,#3801,#3802,#3803,#3804,#3805,
#3806,#3807,#3808,#3809,#3810,#3811,#3812,#3813,#3814,#3815,#3816,#3817,
#3818,#3819,#3820,#3821,#3822,#3823,#3824,#3825,#3826,#3827,#3828,#3829,
#3830,#3831,#3832,#3833,#3834,#3835,#3836,#3837,#3838));
#3840=DERIVED_UNIT_ELEMENT(#3843,1.);
#3841=DERIVED_UNIT_ELEMENT(#9931,-3.);
#3842=DIMENSIONAL_EXPONENTS(0.,1.,0.,0.,0.,0.,0.);
#3843=(
CONVERSION_BASED_UNIT('gram',#3845)
MASS_UNIT()
NAMED_UNIT(#3842)
);
#3844=(
MASS_UNIT()
NAMED_UNIT(*)
SI_UNIT(.KILO.,.GRAM.)
);
#3845=MASS_MEASURE_WITH_UNIT(MASS_MEASURE(0.001),#3844);
#3846=DERIVED_UNIT((#3840,#3841));
#3847=MEASURE_REPRESENTATION_ITEM('density measure',
POSITIVE_RATIO_MEASURE(1.),#3846);
#3848=PROPERTY_DEFINITION_REPRESENTATION(#3853,#3850);
#3849=PROPERTY_DEFINITION_REPRESENTATION(#3854,#3851);
#3850=REPRESENTATION('material name',(#3852),#9928);
#3851=REPRESENTATION('density',(#3847),#9928);
#3852=DESCRIPTIVE_REPRESENTATION_ITEM('\X2\4E00822C\X0\','\X2\4E00822C\X0\');
#3853=PROPERTY_DEFINITION('material property','material name',#9938);
#3854=PROPERTY_DEFINITION('material property','density of part',#9938);
#3855=DATE_TIME_ROLE('creation_date');
#3856=APPLIED_DATE_AND_TIME_ASSIGNMENT(#3857,#3855,(#9938));
#3857=DATE_AND_TIME(#3858,#3859);
#3858=CALENDAR_DATE(2026,20,1);
#3859=LOCAL_TIME(0,0,0.,#3860);
#3860=COORDINATED_UNIVERSAL_TIME_OFFSET(0,0,.BEHIND.);
#3861=AXIS2_PLACEMENT_3D('',#4962,#4162,#4163);
#3862=AXIS2_PLACEMENT_3D('',#4963,#4164,#4165);
#3863=AXIS2_PLACEMENT_3D('',#4983,#4166,#4167);
#3864=AXIS2_PLACEMENT_3D('',#5010,#4168,#4169);
#3865=AXIS2_PLACEMENT_3D('',#5011,#4170,#4171);
#3866=AXIS2_PLACEMENT_3D('',#5026,#4177,#4178);
#3867=AXIS2_PLACEMENT_3D('',#5030,#4180,#4181);
#3868=AXIS2_PLACEMENT_3D('',#5032,#4183,#4184);
#3869=AXIS2_PLACEMENT_3D('',#5035,#4186,#4187);
#3870=AXIS2_PLACEMENT_3D('',#5036,#4188,#4189);
#3871=AXIS2_PLACEMENT_3D('',#5037,#4190,#4191);
#3872=AXIS2_PLACEMENT_3D('',#5039,#4192,#4193);
#3873=AXIS2_PLACEMENT_3D('',#5040,#4194,#4195);
#3874=AXIS2_PLACEMENT_3D('',#5048,#4200,#4201);
#3875=AXIS2_PLACEMENT_3D('',#5050,#4202,#4203);
#3876=AXIS2_PLACEMENT_3D('',#5052,#4205,#4206);
#3877=AXIS2_PLACEMENT_3D('',#5060,#4211,#4212);
#3878=AXIS2_PLACEMENT_3D('',#5061,#4213,#4214);
#3879=AXIS2_PLACEMENT_3D('',#5062,#4215,#4216);
#3880=AXIS2_PLACEMENT_3D('',#5090,#4219,#4220);
#3881=AXIS2_PLACEMENT_3D('',#5120,#4225,#4226);
#3882=AXIS2_PLACEMENT_3D('',#5122,#4227,#4228);
#3883=AXIS2_PLACEMENT_3D('',#5124,#4229,#4230);
#3884=AXIS2_PLACEMENT_3D('',#5130,#4233,#4234);
#3885=AXIS2_PLACEMENT_3D('',#5134,#4236,#4237);
#3886=AXIS2_PLACEMENT_3D('',#5144,#4240,#4241);
#3887=AXIS2_PLACEMENT_3D('',#5146,#4243,#4244);
#3888=AXIS2_PLACEMENT_3D('',#5152,#4246,#4247);
#3889=AXIS2_PLACEMENT_3D('',#5153,#4248,#4249);
#3890=AXIS2_PLACEMENT_3D('',#5154,#4250,#4251);
#3891=AXIS2_PLACEMENT_3D('',#5156,#4252,#4253);
#3892=AXIS2_PLACEMENT_3D('',#5160,#4255,#4256);
#3893=AXIS2_PLACEMENT_3D('',#5162,#4257,#4258);
#3894=AXIS2_PLACEMENT_3D('',#5163,#4259,#4260);
#3895=AXIS2_PLACEMENT_3D('',#5164,#4261,#4262);
#3896=AXIS2_PLACEMENT_3D('',#5166,#4263,#4264);
#3897=AXIS2_PLACEMENT_3D('',#5167,#4265,#4266);
#3898=AXIS2_PLACEMENT_3D('',#5173,#4269,#4270);
#3899=AXIS2_PLACEMENT_3D('',#5177,#4273,#4274);
#3900=AXIS2_PLACEMENT_3D('',#5179,#4275,#4276);
#3901=AXIS2_PLACEMENT_3D('',#5286,#4285,#4286);
#3902=AXIS2_PLACEMENT_3D('',#5289,#4287,#4288);
#3903=AXIS2_PLACEMENT_3D('',#5299,#4294,#4295);
#3904=AXIS2_PLACEMENT_3D('',#5300,#4296,#4297);
#3905=AXIS2_PLACEMENT_3D('',#5446,#4305,#4306);
#3906=AXIS2_PLACEMENT_3D('',#5478,#4307,#4308);
#3907=AXIS2_PLACEMENT_3D('',#5509,#4309,#4310);
#3908=AXIS2_PLACEMENT_3D('',#5514,#4311,#4312);
#3909=AXIS2_PLACEMENT_3D('',#5517,#4313,#4314);
#3910=AXIS2_PLACEMENT_3D('',#5552,#4317,#4318);
#3911=AXIS2_PLACEMENT_3D('',#5584,#4319,#4320);
#3912=AXIS2_PLACEMENT_3D('',#5758,#4321,#4322);
#3913=AXIS2_PLACEMENT_3D('',#5763,#4323,#4324);
#3914=AXIS2_PLACEMENT_3D('',#5809,#4325,#4326);
#3915=AXIS2_PLACEMENT_3D('',#5862,#4327,#4328);
#3916=AXIS2_PLACEMENT_3D('',#5938,#4329,#4330);
#3917=AXIS2_PLACEMENT_3D('',#5970,#4331,#4332);
#3918=AXIS2_PLACEMENT_3D('',#6116,#4333,#4334);
#3919=AXIS2_PLACEMENT_3D('',#6148,#4335,#4336);
#3920=AXIS2_PLACEMENT_3D('',#6348,#4338,#4339);
#3921=AXIS2_PLACEMENT_3D('',#6374,#4340,#4341);
#3922=AXIS2_PLACEMENT_3D('',#6554,#4342,#4343);
#3923=AXIS2_PLACEMENT_3D('',#6555,#4344,#4345);
#3924=AXIS2_PLACEMENT_3D('',#6619,#4346,#4347);
#3925=AXIS2_PLACEMENT_3D('',#6627,#4348,#4349);
#3926=AXIS2_PLACEMENT_3D('',#6665,#4350,#4351);
#3927=AXIS2_PLACEMENT_3D('',#6694,#4352,#4353);
#3928=AXIS2_PLACEMENT_3D('',#6830,#4354,#4355);
#3929=AXIS2_PLACEMENT_3D('',#6864,#4357,#4358);
#3930=AXIS2_PLACEMENT_3D('',#6882,#4359,#4360);
#3931=AXIS2_PLACEMENT_3D('',#6887,#4361,#4362);
#3932=AXIS2_PLACEMENT_3D('',#6889,#4363,#4364);
#3933=AXIS2_PLACEMENT_3D('',#6890,#4365,#4366);
#3934=AXIS2_PLACEMENT_3D('',#6892,#4367,#4368);
#3935=AXIS2_PLACEMENT_3D('',#6918,#4369,#4370);
#3936=AXIS2_PLACEMENT_3D('',#6920,#4371,#4372);
#3937=AXIS2_PLACEMENT_3D('',#6921,#4373,#4374);
#3938=AXIS2_PLACEMENT_3D('',#6954,#4375,#4376);
#3939=AXIS2_PLACEMENT_3D('',#6960,#4377,#4378);
#3940=AXIS2_PLACEMENT_3D('',#6962,#4379,#4380);
#3941=AXIS2_PLACEMENT_3D('',#6964,#4381,#4382);
#3942=AXIS2_PLACEMENT_3D('',#6965,#4383,#4384);
#3943=AXIS2_PLACEMENT_3D('',#7019,#4385,#4386);
#3944=AXIS2_PLACEMENT_3D('',#7083,#4388,#4389);
#3945=AXIS2_PLACEMENT_3D('',#7133,#4390,#4391);
#3946=AXIS2_PLACEMENT_3D('',#7242,#4392,#4393);
#3947=AXIS2_PLACEMENT_3D('',#7243,#4394,#4395);
#3948=AXIS2_PLACEMENT_3D('',#7246,#4396,#4397);
#3949=AXIS2_PLACEMENT_3D('',#7248,#4398,#4399);
#3950=AXIS2_PLACEMENT_3D('',#7253,#4400,#4401);
#3951=AXIS2_PLACEMENT_3D('',#7261,#4402,#4403);
#3952=AXIS2_PLACEMENT_3D('',#7263,#4404,#4405);
#3953=AXIS2_PLACEMENT_3D('',#7289,#4406,#4407);
#3954=AXIS2_PLACEMENT_3D('',#7372,#4408,#4409);
#3955=AXIS2_PLACEMENT_3D('',#7378,#4410,#4411);
#3956=AXIS2_PLACEMENT_3D('',#7522,#4412,#4413);
#3957=AXIS2_PLACEMENT_3D('',#7523,#4414,#4415);
#3958=AXIS2_PLACEMENT_3D('',#7657,#4418,#4419);
#3959=AXIS2_PLACEMENT_3D('',#7660,#4421,#4422);
#3960=AXIS2_PLACEMENT_3D('',#7661,#4423,#4424);
#3961=AXIS2_PLACEMENT_3D('',#7746,#4430,#4431);
#3962=AXIS2_PLACEMENT_3D('',#7764,#4433,#4434);
#3963=AXIS2_PLACEMENT_3D('',#7781,#4435,#4436);
#3964=AXIS2_PLACEMENT_3D('',#7783,#4437,#4438);
#3965=AXIS2_PLACEMENT_3D('',#7785,#4439,#4440);
#3966=AXIS2_PLACEMENT_3D('',#7787,#4441,#4442);
#3967=AXIS2_PLACEMENT_3D('',#7813,#4443,#4444);
#3968=AXIS2_PLACEMENT_3D('',#7814,#4445,#4446);
#3969=AXIS2_PLACEMENT_3D('',#7819,#4447,#4448);
#3970=AXIS2_PLACEMENT_3D('',#7822,#4449,#4450);
#3971=AXIS2_PLACEMENT_3D('',#7826,#4452,#4453);
#3972=AXIS2_PLACEMENT_3D('',#7830,#4455,#4456);
#3973=AXIS2_PLACEMENT_3D('',#7834,#4458,#4459);
#3974=AXIS2_PLACEMENT_3D('',#7836,#4461,#4462);
#3975=AXIS2_PLACEMENT_3D('',#7840,#4464,#4465);
#3976=AXIS2_PLACEMENT_3D('',#7842,#4467,#4468);
#3977=AXIS2_PLACEMENT_3D('',#7857,#4476,#4477);
#3978=AXIS2_PLACEMENT_3D('',#7859,#4479,#4480);
#3979=AXIS2_PLACEMENT_3D('',#7862,#4482,#4483);
#3980=AXIS2_PLACEMENT_3D('',#7863,#4484,#4485);
#3981=AXIS2_PLACEMENT_3D('',#7867,#4488,#4489);
#3982=AXIS2_PLACEMENT_3D('',#7871,#4492,#4493);
#3983=AXIS2_PLACEMENT_3D('',#7873,#4494,#4495);
#3984=AXIS2_PLACEMENT_3D('',#7875,#4497,#4498);
#3985=AXIS2_PLACEMENT_3D('',#7878,#4500,#4501);
#3986=AXIS2_PLACEMENT_3D('',#7879,#4502,#4503);
#3987=AXIS2_PLACEMENT_3D('',#7883,#4505,#4506);
#3988=AXIS2_PLACEMENT_3D('',#7886,#4508,#4509);
#3989=AXIS2_PLACEMENT_3D('',#7887,#4510,#4511);
#3990=AXIS2_PLACEMENT_3D('',#7889,#4512,#4513);
#3991=AXIS2_PLACEMENT_3D('',#7907,#4514,#4515);
#3992=AXIS2_PLACEMENT_3D('',#7931,#4518,#4519);
#3993=AXIS2_PLACEMENT_3D('',#7935,#4521,#4522);
#3994=AXIS2_PLACEMENT_3D('',#7937,#4524,#4525);
#3995=AXIS2_PLACEMENT_3D('',#7940,#4526,#4527);
#3996=AXIS2_PLACEMENT_3D('',#7942,#4528,#4529);
#3997=AXIS2_PLACEMENT_3D('',#7944,#4530,#4531);
#3998=AXIS2_PLACEMENT_3D('',#7946,#4532,#4533);
#3999=AXIS2_PLACEMENT_3D('',#7948,#4534,#4535);
#4000=AXIS2_PLACEMENT_3D('',#7977,#4537,#4538);
#4001=AXIS2_PLACEMENT_3D('',#7978,#4539,#4540);
#4002=AXIS2_PLACEMENT_3D('',#7979,#4541,#4542);
#4003=AXIS2_PLACEMENT_3D('',#7984,#4544,#4545);
#4004=AXIS2_PLACEMENT_3D('',#7987,#4547,#4548);
#4005=AXIS2_PLACEMENT_3D('',#7988,#4549,#4550);
#4006=AXIS2_PLACEMENT_3D('',#8017,#4553,#4554);
#4007=AXIS2_PLACEMENT_3D('',#8019,#4555,#4556);
#4008=AXIS2_PLACEMENT_3D('',#8044,#4562,#4563);
#4009=AXIS2_PLACEMENT_3D('',#8054,#4569,#4570);
#4010=AXIS2_PLACEMENT_3D('',#8058,#4573,#4574);
#4011=AXIS2_PLACEMENT_3D('',#8062,#4576,#4577);
#4012=AXIS2_PLACEMENT_3D('',#8079,#4584,#4585);
#4013=AXIS2_PLACEMENT_3D('',#8083,#4588,#4589);
#4014=AXIS2_PLACEMENT_3D('',#8085,#4590,#4591);
#4015=AXIS2_PLACEMENT_3D('',#8087,#4592,#4593);
#4016=AXIS2_PLACEMENT_3D('',#8096,#4594,#4595);
#4017=AXIS2_PLACEMENT_3D('',#8110,#4596,#4597);
#4018=AXIS2_PLACEMENT_3D('',#8111,#4598,#4599);
#4019=AXIS2_PLACEMENT_3D('',#8112,#4600,#4601);
#4020=AXIS2_PLACEMENT_3D('',#8116,#4603,#4604);
#4021=AXIS2_PLACEMENT_3D('',#8121,#4608,#4609);
#4022=AXIS2_PLACEMENT_3D('',#8123,#4611,#4612);
#4023=AXIS2_PLACEMENT_3D('',#8128,#4616,#4617);
#4024=AXIS2_PLACEMENT_3D('',#8150,#4618,#4619);
#4025=AXIS2_PLACEMENT_3D('',#8204,#4624,#4625);
#4026=AXIS2_PLACEMENT_3D('',#8205,#4626,#4627);
#4027=AXIS2_PLACEMENT_3D('',#8211,#4630,#4631);
#4028=AXIS2_PLACEMENT_3D('',#8273,#4639,#4640);
#4029=AXIS2_PLACEMENT_3D('',#8275,#4641,#4642);
#4030=AXIS2_PLACEMENT_3D('',#8277,#4644,#4645);
#4031=AXIS2_PLACEMENT_3D('',#8279,#4646,#4647);
#4032=AXIS2_PLACEMENT_3D('',#8281,#4648,#4649);
#4033=AXIS2_PLACEMENT_3D('',#8282,#4650,#4651);
#4034=AXIS2_PLACEMENT_3D('',#8353,#4654,#4655);
#4035=AXIS2_PLACEMENT_3D('',#8355,#4656,#4657);
#4036=AXIS2_PLACEMENT_3D('',#8356,#4658,#4659);
#4037=AXIS2_PLACEMENT_3D('',#8357,#4660,#4661);
#4038=AXIS2_PLACEMENT_3D('',#8360,#4664,#4665);
#4039=AXIS2_PLACEMENT_3D('',#8378,#4667,#4668);
#4040=AXIS2_PLACEMENT_3D('',#8390,#4669,#4670);
#4041=AXIS2_PLACEMENT_3D('',#8391,#4671,#4672);
#4042=AXIS2_PLACEMENT_3D('',#8400,#4673,#4674);
#4043=AXIS2_PLACEMENT_3D('',#8402,#4675,#4676);
#4044=AXIS2_PLACEMENT_3D('',#8422,#4677,#4678);
#4045=AXIS2_PLACEMENT_3D('',#8445,#4679,#4680);
#4046=AXIS2_PLACEMENT_3D('',#8449,#4682,#4683);
#4047=AXIS2_PLACEMENT_3D('',#8451,#4685,#4686);
#4048=AXIS2_PLACEMENT_3D('',#8483,#4691,#4692);
#4049=AXIS2_PLACEMENT_3D('',#8484,#4693,#4694);
#4050=AXIS2_PLACEMENT_3D('',#8485,#4695,#4696);
#4051=AXIS2_PLACEMENT_3D('',#8486,#4697,#4698);
#4052=AXIS2_PLACEMENT_3D('',#8542,#4700,#4701);
#4053=AXIS2_PLACEMENT_3D('',#8543,#4702,#4703);
#4054=AXIS2_PLACEMENT_3D('',#8558,#4705,#4706);
#4055=AXIS2_PLACEMENT_3D('',#8564,#4707,#4708);
#4056=AXIS2_PLACEMENT_3D('',#8566,#4709,#4710);
#4057=AXIS2_PLACEMENT_3D('',#8568,#4711,#4712);
#4058=AXIS2_PLACEMENT_3D('',#8571,#4714,#4715);
#4059=AXIS2_PLACEMENT_3D('',#8572,#4716,#4717);
#4060=AXIS2_PLACEMENT_3D('',#8574,#4718,#4719);
#4061=AXIS2_PLACEMENT_3D('',#8580,#4722,#4723);
#4062=AXIS2_PLACEMENT_3D('',#8582,#4724,#4725);
#4063=AXIS2_PLACEMENT_3D('',#8616,#4727,#4728);
#4064=AXIS2_PLACEMENT_3D('',#8617,#4729,#4730);
#4065=AXIS2_PLACEMENT_3D('',#8633,#4731,#4732);
#4066=AXIS2_PLACEMENT_3D('',#8643,#4734,#4735);
#4067=AXIS2_PLACEMENT_3D('',#8649,#4738,#4739);
#4068=AXIS2_PLACEMENT_3D('',#8651,#4740,#4741);
#4069=AXIS2_PLACEMENT_3D('',#8653,#4742,#4743);
#4070=AXIS2_PLACEMENT_3D('',#8655,#4744,#4745);
#4071=AXIS2_PLACEMENT_3D('',#8699,#4747,#4748);
#4072=AXIS2_PLACEMENT_3D('',#8720,#4749,#4750);
#4073=AXIS2_PLACEMENT_3D('',#8721,#4751,#4752);
#4074=AXIS2_PLACEMENT_3D('',#8725,#4755,#4756);
#4075=AXIS2_PLACEMENT_3D('',#8791,#4757,#4758);
#4076=AXIS2_PLACEMENT_3D('',#8836,#4759,#4760);
#4077=AXIS2_PLACEMENT_3D('',#8882,#4761,#4762);
#4078=AXIS2_PLACEMENT_3D('',#8915,#4763,#4764);
#4079=AXIS2_PLACEMENT_3D('',#9047,#4765,#4766);
#4080=AXIS2_PLACEMENT_3D('',#9151,#4767,#4768);
#4081=AXIS2_PLACEMENT_3D('',#9163,#4770,#4771);
#4082=AXIS2_PLACEMENT_3D('',#9254,#4773,#4774);
#4083=AXIS2_PLACEMENT_3D('',#9270,#4775,#4776);
#4084=AXIS2_PLACEMENT_3D('',#9274,#4778,#4779);
#4085=AXIS2_PLACEMENT_3D('',#9278,#4781,#4782);
#4086=AXIS2_PLACEMENT_3D('',#9283,#4783,#4784);
#4087=AXIS2_PLACEMENT_3D('',#9293,#4790,#4791);
#4088=AXIS2_PLACEMENT_3D('',#9295,#4792,#4793);
#4089=AXIS2_PLACEMENT_3D('',#9421,#4794,#4795);
#4090=AXIS2_PLACEMENT_3D('',#9479,#4796,#4797);
#4091=AXIS2_PLACEMENT_3D('',#9480,#4798,#4799);
#4092=AXIS2_PLACEMENT_3D('',#9491,#4800,#4801);
#4093=AXIS2_PLACEMENT_3D('',#9492,#4802,#4803);
#4094=AXIS2_PLACEMENT_3D('',#9493,#4804,#4805);
#4095=AXIS2_PLACEMENT_3D('',#9495,#4806,#4807);
#4096=AXIS2_PLACEMENT_3D('',#9497,#4809,#4810);
#4097=AXIS2_PLACEMENT_3D('',#9503,#4814,#4815);
#4098=AXIS2_PLACEMENT_3D('',#9504,#4816,#4817);
#4099=AXIS2_PLACEMENT_3D('',#9505,#4818,#4819);
#4100=AXIS2_PLACEMENT_3D('',#9506,#4820,#4821);
#4101=AXIS2_PLACEMENT_3D('',#9514,#4822,#4823);
#4102=AXIS2_PLACEMENT_3D('',#9515,#4824,#4825);
#4103=AXIS2_PLACEMENT_3D('',#9517,#4827,#4828);
#4104=AXIS2_PLACEMENT_3D('',#9519,#4829,#4830);
#4105=AXIS2_PLACEMENT_3D('',#9520,#4831,#4832);
#4106=AXIS2_PLACEMENT_3D('',#9521,#4833,#4834);
#4107=AXIS2_PLACEMENT_3D('',#9546,#4835,#4836);
#4108=AXIS2_PLACEMENT_3D('',#9547,#4837,#4838);
#4109=AXIS2_PLACEMENT_3D('',#9548,#4839,#4840);
#4110=AXIS2_PLACEMENT_3D('',#9569,#4841,#4842);
#4111=AXIS2_PLACEMENT_3D('',#9570,#4843,#4844);
#4112=AXIS2_PLACEMENT_3D('',#9587,#4845,#4846);
#4113=AXIS2_PLACEMENT_3D('',#9590,#4848,#4849);
#4114=AXIS2_PLACEMENT_3D('',#9591,#4850,#4851);
#4115=AXIS2_PLACEMENT_3D('',#9592,#4852,#4853);
#4116=AXIS2_PLACEMENT_3D('',#9593,#4854,#4855);
#4117=AXIS2_PLACEMENT_3D('',#9666,#4856,#4857);
#4118=AXIS2_PLACEMENT_3D('',#9672,#4858,#4859);
#4119=AXIS2_PLACEMENT_3D('',#9708,#4860,#4861);
#4120=AXIS2_PLACEMENT_3D('',#9709,#4862,#4863);
#4121=AXIS2_PLACEMENT_3D('',#9710,#4864,#4865);
#4122=AXIS2_PLACEMENT_3D('',#9737,#4867,#4868);
#4123=AXIS2_PLACEMENT_3D('',#9738,#4869,#4870);
#4124=AXIS2_PLACEMENT_3D('',#9739,#4871,#4872);
#4125=AXIS2_PLACEMENT_3D('',#9741,#4873,#4874);
#4126=AXIS2_PLACEMENT_3D('',#9763,#4876,#4877);
#4127=AXIS2_PLACEMENT_3D('',#9767,#4879,#4880);
#4128=AXIS2_PLACEMENT_3D('',#9806,#4882,#4883);
#4129=AXIS2_PLACEMENT_3D('',#9819,#4884,#4885);
#4130=AXIS2_PLACEMENT_3D('',#9821,#4887,#4888);
#4131=AXIS2_PLACEMENT_3D('',#9822,#4889,#4890);
#4132=AXIS2_PLACEMENT_3D('',#9826,#4892,#4893);
#4133=AXIS2_PLACEMENT_3D('',#9828,#4895,#4896);
#4134=AXIS2_PLACEMENT_3D('',#9829,#4897,#4898);
#4135=AXIS2_PLACEMENT_3D('',#9832,#4900,#4901);
#4136=AXIS2_PLACEMENT_3D('',#9833,#4902,#4903);
#4137=AXIS2_PLACEMENT_3D('',#9835,#4905,#4906);
#4138=AXIS2_PLACEMENT_3D('',#9838,#4907,#4908);
#4139=AXIS2_PLACEMENT_3D('',#9842,#4910,#4911);
#4140=AXIS2_PLACEMENT_3D('',#9844,#4913,#4914);
#4141=AXIS2_PLACEMENT_3D('',#9846,#4915,#4916);
#4142=AXIS2_PLACEMENT_3D('',#9856,#4920,#4921);
#4143=AXIS2_PLACEMENT_3D('',#9864,#4923,#4924);
#4144=AXIS2_PLACEMENT_3D('',#9865,#4925,#4926);
#4145=AXIS2_PLACEMENT_3D('',#9867,#4928,#4929);
#4146=AXIS2_PLACEMENT_3D('',#9868,#4930,#4931);
#4147=AXIS2_PLACEMENT_3D('',#9869,#4932,#4933);
#4148=AXIS2_PLACEMENT_3D('',#9870,#4934,#4935);
#4149=AXIS2_PLACEMENT_3D('',#9901,#4936,#4937);
#4150=AXIS2_PLACEMENT_3D('',#9902,#4938,#4939);
#4151=AXIS2_PLACEMENT_3D('',#9903,#4940,#4941);
#4152=AXIS2_PLACEMENT_3D('',#9904,#4942,#4943);
#4153=AXIS2_PLACEMENT_3D('',#9905,#4944,#4945);
#4154=AXIS2_PLACEMENT_3D('',#9906,#4946,#4947);
#4155=AXIS2_PLACEMENT_3D('',#9919,#4948,#4949);
#4156=AXIS2_PLACEMENT_3D('',#9920,#4950,#4951);
#4157=AXIS2_PLACEMENT_3D('',#9921,#4952,#4953);
#4158=AXIS2_PLACEMENT_3D('',#9922,#4954,#4955);
#4159=AXIS2_PLACEMENT_3D('',#9923,#4956,#4957);
#4160=AXIS2_PLACEMENT_3D('',#9924,#4958,#4959);
#4161=AXIS2_PLACEMENT_3D('',#9925,#4960,#4961);
#4162=DIRECTION('axis',(0.,0.,1.));
#4163=DIRECTION('refdir',(1.,0.,0.));
#4164=DIRECTION('center_axis',(-0.993089545019676,0.116896605257724,0.0104086143089657));
#4165=DIRECTION('ref_axis',(0.104298012560607,0.838426991329924,0.534941216196096));
#4166=DIRECTION('center_axis',(-0.993089545019676,0.116896605257724,0.0104086143089657));
#4167=DIRECTION('ref_axis',(-0.0177754985316304,-0.237490148003293,0.971227296390153));
#4168=DIRECTION('center_axis',(-0.993089545019676,0.116896605257724,0.0104086143089657));
#4169=DIRECTION('ref_axis',(-0.113011730937823,-0.928617920463087,-0.353407847203834));
#4170=DIRECTION('center_axis',(-0.993089545019676,0.116896605257724,0.0104086143089657));
#4171=DIRECTION('ref_axis',(0.0177754985316304,0.237490148003293,-0.971227296390153));
#4172=DIRECTION('',(0.0177754985316304,0.237490148003293,-0.971227296390153));
#4173=DIRECTION('',(0.116005117234392,0.964330655574422,0.237926878462357));
#4174=DIRECTION('',(-0.0177754985316304,-0.237490148003293,0.971227296390153));
#4175=DIRECTION('',(-0.116005117234392,-0.964330655574422,-0.237926878462357));
#4176=DIRECTION('',(0.0177754985316304,0.237490148003293,-0.971227296390153));
#4177=DIRECTION('center_axis',(0.993089545019676,-0.116896605257725,-0.0104086143089654));
#4178=DIRECTION('ref_axis',(0.10894316252715,0.951221643800041,-0.28863258947134));
#4179=DIRECTION('',(0.993089545019676,-0.116896605257725,-0.0104086143089654));
#4180=DIRECTION('center_axis',(0.993089545019676,-0.116896605257723,-0.0104086143089688));
#4181=DIRECTION('ref_axis',(0.10894316252715,0.951221643800041,-0.28863258947134));
#4182=DIRECTION('',(-0.993089545019676,0.116896605257724,0.0104086143089654));
#4183=DIRECTION('center_axis',(-0.993089545019676,0.116896605257725,0.0104086143089654));
#4184=DIRECTION('ref_axis',(-0.0970057373333314,-0.767707560162604,-0.633415336879048));
#4185=DIRECTION('',(0.993089545019676,-0.116896605257725,-0.0104086143089654));
#4186=DIRECTION('center_axis',(0.993089545019676,-0.116896605257724,-0.0104086143089657));
#4187=DIRECTION('ref_axis',(-0.0177754985316304,-0.237490148003293,0.971227296390153));
#4188=DIRECTION('center_axis',(-0.993089545019676,0.116896605257724,0.0104086143089657));
#4189=DIRECTION('ref_axis',(-0.0177754985316304,-0.237490148003293,0.971227296390153));
#4190=DIRECTION('center_axis',(-0.993089545019676,0.116896605257724,0.0104086143089657));
#4191=DIRECTION('ref_axis',(0.0104804674496228,-2.16828525271938E-19,0.999945078392827));
#4192=DIRECTION('center_axis',(0.993089545019676,-0.116896605257724,-0.0104086143089657));
#4193=DIRECTION('ref_axis',(-0.0922498199172104,-0.722714017181849,-0.684963079365681));
#4194=DIRECTION('center_axis',(-0.116005117234392,-0.964330655574422,-0.237926878462357));
#4195=DIRECTION('ref_axis',(3.28024963809484E-18,0.239544132938268,-0.970885476446555));
#4196=DIRECTION('',(-0.0177754985316273,-0.237490148003293,0.971227296390153));
#4197=DIRECTION('',(-0.299557038895127,-0.194422422249571,0.934058618168578));
#4198=DIRECTION('',(-0.946999679632374,0.179628250690184,-0.266318039813614));
#4199=DIRECTION('',(0.299557038895115,0.194422422249575,-0.934058618168581));
#4200=DIRECTION('center_axis',(-0.993089545019676,0.116896605257723,0.0104086143089687));
#4201=DIRECTION('ref_axis',(0.0177754985316273,0.237490148003293,-0.971227296390153));
#4202=DIRECTION('center_axis',(-0.993089545019676,0.116896605257723,0.0104086143089688));
#4203=DIRECTION('ref_axis',(0.0177754985316273,0.237490148003293,-0.971227296390153));
#4204=DIRECTION('',(-0.993089545019676,0.116896605257723,0.0104086143089687));
#4205=DIRECTION('center_axis',(0.993089545019676,-0.116896605257723,-0.0104086143089688));
#4206=DIRECTION('ref_axis',(-0.0177754985316273,-0.237490148003293,0.971227296390153));
#4207=DIRECTION('',(-0.0177754985316273,-0.237490148003293,0.971227296390153));
#4208=DIRECTION('',(-0.116005117234392,-0.964330655574422,-0.237926878462357));
#4209=DIRECTION('',(-0.0177754985316273,-0.237490148003293,0.971227296390153));
#4210=DIRECTION('',(-0.116005117234392,-0.964330655574422,-0.237926878462357));
#4211=DIRECTION('center_axis',(-0.116005117234392,-0.964330655574422,-0.237926878462357));
#4212=DIRECTION('ref_axis',(3.28024963809484E-18,0.239544132938268,-0.970885476446555));
#4213=DIRECTION('center_axis',(-0.116005117234393,-0.964330655574425,-0.237926878462341));
#4214=DIRECTION('ref_axis',(0.205135727933758,0.211118615279682,-0.955692556948874));
#4215=DIRECTION('center_axis',(-0.116005117234392,-0.964330655574422,-0.237926878462357));
#4216=DIRECTION('ref_axis',(3.28024963809484E-18,0.239544132938268,-0.970885476446555));
#4217=DIRECTION('',(-0.299557038895115,-0.194422422249575,0.934058618168581));
#4218=DIRECTION('',(0.946999679632374,-0.179628250690184,0.266318039813614));
#4219=DIRECTION('center_axis',(0.116005117234392,0.964330655574422,0.237926878462357));
#4220=DIRECTION('ref_axis',(0.,-0.239544132938268,0.970885476446555));
#4221=DIRECTION('',(-0.946999679632374,0.179628250690184,-0.266318039813614));
#4222=DIRECTION('',(-0.299557038895127,-0.194422422249571,0.934058618168578));
#4223=DIRECTION('',(0.4226182617407,-0.264700560481851,0.866791450190796));
#4224=DIRECTION('',(0.,-0.239544132938268,0.970885476446555));
#4225=DIRECTION('center_axis',(0.116005117234392,0.964330655574422,0.237926878462357));
#4226=DIRECTION('ref_axis',(-0.898852945491473,-2.47745447269555E-15,0.438250364952846));
#4227=DIRECTION('center_axis',(-0.116005117234392,-0.964330655574422,-0.237926878462357));
#4228=DIRECTION('ref_axis',(-0.918049246553754,0.195532716936454,-0.344894965909236));
#4229=DIRECTION('center_axis',(-0.116005117234392,-0.964330655574422,-0.237926878462357));
#4230=DIRECTION('ref_axis',(-0.918049246553754,0.195532716936454,-0.344894965909236));
#4231=DIRECTION('',(-0.993228734586262,0.111109807635827,0.0339306858065573));
#4232=DIRECTION('',(-0.993228734586262,0.111109807635827,0.0339306858065573));
#4233=DIRECTION('center_axis',(0.116005117234392,0.964330655574422,0.237926878462357));
#4234=DIRECTION('ref_axis',(0.898852945491477,-6.88181797970986E-17,-0.438250364952838));
#4235=DIRECTION('',(0.,0.239544132938268,-0.970885476446555));
#4236=DIRECTION('center_axis',(0.116005117234392,0.964330655574422,0.237926878462357));
#4237=DIRECTION('ref_axis',(0.898852945491479,-1.34195450604342E-15,-0.438250364952833));
#4238=DIRECTION('',(0.993228734586262,-0.111109807635827,-0.0339306858065573));
#4239=DIRECTION('',(0.4226182617407,-0.264700560481851,0.866791450190796));
#4240=DIRECTION('center_axis',(-0.946999679632378,0.179628250690182,-0.266318039813602));
#4241=DIRECTION('ref_axis',(0.299557038895115,0.194422422249575,-0.934058618168581));
#4242=DIRECTION('',(-0.116005117234392,-0.964330655574422,-0.237926878462357));
#4243=DIRECTION('center_axis',(-0.299557038895126,-0.194422422249571,0.934058618168578));
#4244=DIRECTION('ref_axis',(-0.946999679632374,0.179628250690184,-0.266318039813614));
#4245=DIRECTION('',(-0.116005117234392,-0.964330655574422,-0.237926878462357));
#4246=DIRECTION('center_axis',(0.946999679632374,-0.179628250690184,0.266318039813614));
#4247=DIRECTION('ref_axis',(-0.299557038895127,-0.194422422249571,0.934058618168578));
#4248=DIRECTION('center_axis',(-0.116005117234392,-0.964330655574422,-0.237926878462357));
#4249=DIRECTION('ref_axis',(0.20513572793376,0.211118615279698,-0.95569255694887));
#4250=DIRECTION('center_axis',(0.898852945491477,0.,-0.438250364952838));
#4251=DIRECTION('ref_axis',(0.409239171413235,-0.357789576553716,0.839350891755362));
#4252=DIRECTION('center_axis',(-0.898852945491477,5.55111512312578E-17,
0.438250364952838));
#4253=DIRECTION('ref_axis',(0.409239171413235,-0.357789576553716,0.839350891755362));
#4254=DIRECTION('',(0.898852945491477,0.,-0.438250364952838));
#4255=DIRECTION('center_axis',(-0.798635510047293,0.601815023152048,0.));
#4256=DIRECTION('ref_axis',(-0.467612197683007,-0.620542345461774,0.629496648177628));
#4257=DIRECTION('center_axis',(2.44596836286279E-16,-1.84316936625855E-16,
1.));
#4258=DIRECTION('ref_axis',(1.,-1.73769873471792E-17,-2.00937340951081E-16));
#4259=DIRECTION('center_axis',(-0.798635510047293,0.601815023152048,0.));
#4260=DIRECTION('ref_axis',(-0.467612197683007,-0.620542345461774,0.629496648177628));
#4261=DIRECTION('center_axis',(-0.898852945491477,5.55111512312578E-17,
0.438250364952838));
#4262=DIRECTION('ref_axis',(0.438250364952838,0.,0.898852945491477));
#4263=DIRECTION('center_axis',(0.898852945491477,-5.55111512312578E-17,
-0.438250364952838));
#4264=DIRECTION('ref_axis',(0.409239171413235,-0.357789576553716,0.839350891755362));
#4265=DIRECTION('center_axis',(2.44596836286279E-16,-1.84316936625855E-16,
1.));
#4266=DIRECTION('ref_axis',(-0.798635510047293,0.601815023152048,3.0626842058625E-16));
#4267=DIRECTION('',(-0.601815023152048,-0.798635510047293,0.));
#4268=DIRECTION('',(0.,1.,1.84316936625855E-16));
#4269=DIRECTION('center_axis',(2.44596836286279E-16,-1.84316936625855E-16,
1.));
#4270=DIRECTION('ref_axis',(0.84748946380363,-0.530812216081955,-2.37525942170365E-16));
#4271=DIRECTION('',(-0.798635510047293,0.601815023152047,3.0626842058625E-16));
#4272=DIRECTION('',(-0.601815023152048,-0.798635510047293,0.));
#4273=DIRECTION('center_axis',(0.898852945491477,0.,-0.438250364952838));
#4274=DIRECTION('ref_axis',(0.409239171413235,-0.357789576553716,0.839350891755362));
#4275=DIRECTION('center_axis',(0.898852945491477,-1.38777878078145E-17,
-0.438250364952838));
#4276=DIRECTION('ref_axis',(0.409239171413235,-0.357789576553716,0.839350891755362));
#4277=DIRECTION('',(0.898852945491477,0.,-0.438250364952838));
#4278=DIRECTION('',(-0.192572526810021,-0.943047170100664,-0.271252385949197));
#4279=DIRECTION('',(-0.739327401476137,0.557123157734318,0.378165017608299));
#4280=DIRECTION('',(-0.739327401476137,0.557123157734318,0.378165017608299));
#4281=DIRECTION('',(0.0741376019870537,0.985587361414783,0.152056466455901));
#4282=DIRECTION('',(-0.0335489036279649,0.0252809122053613,-0.99911728367766));
#4283=DIRECTION('',(-0.57484569149841,-0.768745816494385,-0.280325347744539));
#4284=DIRECTION('',(0.293018058442628,-0.2208049446927,-0.930261035315231));
#4285=DIRECTION('center_axis',(0.601815023152048,0.798635510047293,1.96235415735505E-16));
#4286=DIRECTION('ref_axis',(3.26072643895973E-16,0.,-1.));
#4287=DIRECTION('center_axis',(-0.601815023152048,-0.798635510047293,0.));
#4288=DIRECTION('ref_axis',(-0.0960963026363013,0.0724137580514887,0.992734480243581));
#4289=DIRECTION('',(0.671812984373686,-0.506247395286436,0.5407225617566));
#4290=DIRECTION('',(0.671812984373686,-0.506247395286436,0.5407225617566));
#4291=DIRECTION('',(0.727612624223612,-0.548295439889626,-0.412252325241072));
#4292=DIRECTION('',(0.416144708913472,-0.313587530830595,0.853514171968394));
#4293=DIRECTION('',(-0.505087571348754,0.380610785046438,0.774610854284492));
#4294=DIRECTION('center_axis',(-0.601815023152048,-0.798635510047293,0.));
#4295=DIRECTION('ref_axis',(-0.0960963026363013,0.0724137580514887,0.992734480243581));
#4296=DIRECTION('center_axis',(0.601815023152049,0.798635510047293,-1.10341517560559E-17));
#4297=DIRECTION('ref_axis',(-1.83347894810997E-17,0.,-1.));
#4298=DIRECTION('',(0.293018058442628,-0.2208049446927,-0.930261035315231));
#4299=DIRECTION('',(0.792675481168484,-0.597323819251693,0.121941939089406));
#4300=DIRECTION('',(0.513801322636265,-0.38717706762073,0.765573065857099));
#4301=DIRECTION('',(-0.515877161769902,-0.82372068326573,-0.235276411746841));
#4302=DIRECTION('',(-0.631668970597697,-0.759668901645148,-0.154588070229565));
#4303=DIRECTION('',(-0.596354621401139,-0.644820970298568,-0.478086897746337));
#4304=DIRECTION('',(-0.596354621401139,-0.644820970298568,-0.478086897746337));
#4305=DIRECTION('center_axis',(0.52202636820683,-0.393375084035175,0.756798859775242));
#4306=DIRECTION('ref_axis',(0.772430543580108,-0.158252791555,-0.615066751913635));
#4307=DIRECTION('center_axis',(0.528610244207961,-0.398336390448735,0.749599446212891));
#4308=DIRECTION('ref_axis',(0.628190146203182,-0.410349169062146,-0.661052720789523));
#4309=DIRECTION('center_axis',(0.792675481214726,-0.597323819286539,0.121941938618116));
#4310=DIRECTION('ref_axis',(0.249829964878098,0.135816173511962,-0.958717349202348));
#4311=DIRECTION('center_axis',(-0.792675481214728,0.59732381928654,-0.121941938618101));
#4312=DIRECTION('ref_axis',(0.536737506971018,0.588925284675922,-0.604218385751312));
#4313=DIRECTION('center_axis',(0.79267548121473,-0.597323819286537,0.121941938618103));
#4314=DIRECTION('ref_axis',(0.249829964645344,0.135816173181161,-0.958717349309864));
#4315=DIRECTION('',(0.792675481214728,-0.59732381928654,0.121941938618101));
#4316=DIRECTION('',(-0.792675481214728,0.59732381928654,-0.121941938618101));
#4317=DIRECTION('center_axis',(0.239513016733475,-0.18048600381185,-0.953969767468162));
#4318=DIRECTION('ref_axis',(-0.5644359909626,0.77358098737621,-0.288070248509138));
#4319=DIRECTION('center_axis',(0.527801286316018,-0.397726796952395,-0.750492636305744));
#4320=DIRECTION('ref_axis',(-0.286803371494058,0.748238446375512,-0.598233276795267));
#4321=DIRECTION('center_axis',(0.696847347535309,-0.525112141038621,-0.488529439815903));
#4322=DIRECTION('ref_axis',(-0.021686956776823,-0.696259216029791,0.717462737707918));
#4323=DIRECTION('center_axis',(0.601815023152048,0.798635510047293,-1.1606732124888E-16));
#4324=DIRECTION('ref_axis',(-1.92862120059698E-16,0.,-1.));
#4325=DIRECTION('center_axis',(-0.783467719201974,0.590385272929446,-0.193967941878242));
#4326=DIRECTION('ref_axis',(-0.601815023152048,-0.798635510047293,0.));
#4327=DIRECTION('center_axis',(-0.15889165638206,0.668145118838286,0.72686693534975));
#4328=DIRECTION('ref_axis',(-0.121727350405685,0.717345053317486,-0.686001841574893));
#4329=DIRECTION('center_axis',(0.0057099380341347,0.896002386279016,-0.444012522785063));
#4330=DIRECTION('ref_axis',(-0.724854594651034,-0.302171970089954,-0.61909443310794));
#4331=DIRECTION('center_axis',(-0.334504255472337,0.940223455093452,-0.0639277526824594));
#4332=DIRECTION('ref_axis',(-0.715764445335714,-0.297602562658898,-0.631754678251072));
#4333=DIRECTION('center_axis',(-0.539173860580871,0.797843145337063,0.269699580097895));
#4334=DIRECTION('ref_axis',(-0.166307400094135,0.213065331941719,-0.962779836202698));
#4335=DIRECTION('center_axis',(-0.35086588109889,0.930697167399102,-0.103421062052119));
#4336=DIRECTION('ref_axis',(0.444170580996682,0.0681786522926585,-0.893344371644343));
#4337=DIRECTION('',(-0.27118506091882,-0.919472306153189,-0.284656531545989));
#4338=DIRECTION('center_axis',(0.877720077913109,-0.310903455265907,0.364618302244862));
#4339=DIRECTION('ref_axis',(-0.292269293287425,0.255636504430999,0.921536020893144));
#4340=DIRECTION('center_axis',(0.813856465810058,-0.438108438918486,0.381704923740276));
#4341=DIRECTION('ref_axis',(-0.303545557572332,0.239590315281092,0.922202025210099));
#4342=DIRECTION('center_axis',(0.467450340459544,0.870736385340312,-0.152670646978207));
#4343=DIRECTION('ref_axis',(-0.707750446911571,0.26513907244146,-0.654821026816758));
#4344=DIRECTION('center_axis',(0.467450340459544,0.870736385340312,-0.152670646978207));
#4345=DIRECTION('ref_axis',(-0.707750446911571,0.26513907244146,-0.654821026816758));
#4346=DIRECTION('center_axis',(-0.343799634266342,-0.939003498326634,-0.0086163570418755));
#4347=DIRECTION('ref_axis',(-0.917861719420057,0.334092782700033,0.214270568606623));
#4348=DIRECTION('center_axis',(-0.160880773807529,0.842057448843987,0.514836507510342));
#4349=DIRECTION('ref_axis',(-0.707750446911572,0.265139072441461,-0.654821026816757));
#4350=DIRECTION('center_axis',(-0.410340989319613,0.486414262159106,-0.771376327127307));
#4351=DIRECTION('ref_axis',(-0.909346910834998,-0.154603284668248,0.386246061629935));
#4352=DIRECTION('center_axis',(-0.417368735743811,-0.506177536936232,-0.754710301721649));
#4353=DIRECTION('ref_axis',(-0.829638217292178,-0.126647963530117,0.543746928029879));
#4354=DIRECTION('center_axis',(0.707750446911573,-0.265139072441461,0.654821026816756));
#4355=DIRECTION('ref_axis',(0.679126854320543,0.,-0.73402092323086));
#4356=DIRECTION('',(0.189209737607777,0.964179679621908,0.18589572506809));
#4357=DIRECTION('center_axis',(0.390629359262679,0.919187958286218,-0.0500220053940636));
#4358=DIRECTION('ref_axis',(-0.910966535430161,0.393812066235042,0.122686705938564));
#4359=DIRECTION('center_axis',(-0.146988144859058,0.669701889887457,0.727938090741281));
#4360=DIRECTION('ref_axis',(-0.123564057343662,0.717734792898627,-0.685265416313662));
#4361=DIRECTION('center_axis',(0.,0.,1.));
#4362=DIRECTION('ref_axis',(1.,0.,0.));
#4363=DIRECTION('center_axis',(-0.189209739356906,-0.964179679202244,-0.185895725464439));
#4364=DIRECTION('ref_axis',(0.249829964878049,0.135816173511918,-0.958717349202367));
#4365=DIRECTION('center_axis',(-0.932679906932925,-0.232289910485524,-0.275952149276315));
#4366=DIRECTION('ref_axis',(0.343437234392608,-0.338008585548382,-0.876242581782202));
#4367=DIRECTION('center_axis',(0.,-1.,0.));
#4368=DIRECTION('ref_axis',(-1.,0.,0.));
#4369=DIRECTION('center_axis',(1.11022302462516E-16,0.,1.));
#4370=DIRECTION('ref_axis',(1.,0.,0.));
#4371=DIRECTION('center_axis',(-0.501359873714861,0.464521589999511,0.729971211386411));
#4372=DIRECTION('ref_axis',(-0.707750446911572,0.265139072441456,-0.654821026816759));
#4373=DIRECTION('center_axis',(-0.375293512008388,-0.66790714342557,-0.642693416494604));
#4374=DIRECTION('ref_axis',(-0.23435881791867,0.739220853371362,-0.631370314795271));
#4375=DIRECTION('center_axis',(-0.417613319933757,-0.663989911844557,-0.620255199077415));
#4376=DIRECTION('ref_axis',(-0.906655697472185,0.259598028191399,0.332542192812226));
#4377=DIRECTION('center_axis',(0.,0.,1.));
#4378=DIRECTION('ref_axis',(1.,0.,0.));
#4379=DIRECTION('center_axis',(0.189209737606036,0.964179679621889,0.185895725069963));
#4380=DIRECTION('ref_axis',(-0.707750446911572,0.26513907244146,-0.654821026816757));
#4381=DIRECTION('center_axis',(0.703596876299146,0.181143292493024,-0.687123382841008));
#4382=DIRECTION('ref_axis',(-0.536906148167018,0.768946092493724,-0.347064395896627));
#4383=DIRECTION('center_axis',(-0.724113637439996,-0.631124507888168,-0.278103030577403));
#4384=DIRECTION('ref_axis',(0.249829964878048,0.135816173511918,-0.958717349202367));
#4385=DIRECTION('center_axis',(0.189209737607777,0.964179679621908,0.18589572506809));
#4386=DIRECTION('ref_axis',(-0.265535343374866,0.232502788343042,-0.935645998672309));
#4387=DIRECTION('',(-0.189209737607777,-0.964179679621908,-0.18589572506809));
#4388=DIRECTION('center_axis',(-0.249829964878049,-0.135816173511918,0.958717349202367));
#4389=DIRECTION('ref_axis',(0.967683854933224,0.,0.252166526132189));
#4390=DIRECTION('center_axis',(0.61668123554732,-0.464702642669079,0.635417742607338));
#4391=DIRECTION('ref_axis',(-0.729830122662828,-0.0349720443579453,0.682733438588873));
#4392=DIRECTION('center_axis',(-0.407552439697461,-0.71471663931867,-0.568402264578242));
#4393=DIRECTION('ref_axis',(-0.25764007577944,0.687149314153796,-0.67929920610165));
#4394=DIRECTION('center_axis',(0.545429641838343,0.723809581759848,0.422618261740699));
#4395=DIRECTION('ref_axis',(-0.798635510047293,0.601815023152048,0.));
#4396=DIRECTION('center_axis',(-0.601815023152048,-0.798635510047293,0.));
#4397=DIRECTION('ref_axis',(-3.74044848993885E-15,2.4936323266259E-15,-1.));
#4398=DIRECTION('center_axis',(-0.545429641838343,-0.723809581759849,-0.4226182617407));
#4399=DIRECTION('ref_axis',(-0.279166936892949,-0.318549658182421,0.90586529717043));
#4400=DIRECTION('center_axis',(-0.545429641838343,-0.723809581759848,-0.422618261740699));
#4401=DIRECTION('ref_axis',(-0.612490434226776,0.,0.790477999681645));
#4402=DIRECTION('center_axis',(0.513640300053261,-0.687098389275018,0.513876877877252));
#4403=DIRECTION('ref_axis',(0.698763182491361,-0.0125655304298356,-0.715242701633202));
#4404=DIRECTION('center_axis',(0.545429641838343,0.723809581759848,0.4226182617407));
#4405=DIRECTION('ref_axis',(-0.279166936892949,-0.318549658182421,0.90586529717043));
#4406=DIRECTION('center_axis',(0.545429641838343,0.723809581759848,0.4226182617407));
#4407=DIRECTION('ref_axis',(-0.279166936892949,-0.318549658182421,0.90586529717043));
#4408=DIRECTION('center_axis',(-0.484943684885336,-0.865945104103782,0.122346635297103));
#4409=DIRECTION('ref_axis',(0.87330116364853,-0.486951402145948,0.0149468899179226));
#4410=DIRECTION('center_axis',(0.488480392629248,0.864121047820677,-0.121168150642282));
#4411=DIRECTION('ref_axis',(0.602808353572422,-0.233792606652762,0.762865064043316));
#4412=DIRECTION('center_axis',(0.,0.956398546486001,0.29206475357267));
#4413=DIRECTION('ref_axis',(-0.707106781186548,0.206520967796813,-0.676275897737209));
#4414=DIRECTION('center_axis',(0.898852945491477,-1.38777878078145E-17,
-0.438250364952838));
#4415=DIRECTION('ref_axis',(-0.116005117234392,-0.964330655574422,-0.237926878462357));
#4416=DIRECTION('',(-0.137448772227657,-0.972354163746374,-0.1887729198222));
#4417=DIRECTION('',(-0.137448772227657,-0.972354163746374,-0.1887729198222));
#4418=DIRECTION('center_axis',(0.,0.956398546486001,0.29206475357267));
#4419=DIRECTION('ref_axis',(-0.707106781186548,0.206520967796813,-0.676275897737209));
#4420=DIRECTION('',(0.,0.956398546486001,0.29206475357267));
#4421=DIRECTION('center_axis',(0.898852945491477,-1.38777878078145E-17,
-0.438250364952838));
#4422=DIRECTION('ref_axis',(-0.116005117234392,-0.964330655574422,-0.237926878462357));
#4423=DIRECTION('center_axis',(0.,0.29206475357267,-0.956398546486001));
#4424=DIRECTION('ref_axis',(0.,0.956398546486001,0.29206475357267));
#4425=DIRECTION('',(0.,0.956398546486001,0.29206475357267));
#4426=DIRECTION('',(0.0898914344709796,0.978738017767987,0.184367628894938));
#4427=DIRECTION('',(0.407942733078646,-0.307406898721417,-0.859699787802001));
#4428=DIRECTION('',(-0.458691192287043,-0.717646065442439,-0.524010033179974));
#4429=DIRECTION('',(-0.596354621401139,-0.644820970298568,-0.478086897746337));
#4430=DIRECTION('center_axis',(-0.601815023152048,-0.798635510047293,0.));
#4431=DIRECTION('ref_axis',(0.503240240129634,-0.379218721124389,-0.776493671746945));
#4432=DIRECTION('',(-0.306692809482646,-0.84047058719781,-0.446708755977549));
#4433=DIRECTION('center_axis',(-0.601815023152048,-0.798635510047293,0.));
#4434=DIRECTION('ref_axis',(0.503240240129634,-0.379218721124389,-0.776493671746945));
#4435=DIRECTION('center_axis',(0.,0.29206475357267,-0.956398546486001));
#4436=DIRECTION('ref_axis',(0.,0.956398546486001,0.29206475357267));
#4437=DIRECTION('center_axis',(0.,0.29206475357267,-0.956398546486001));
#4438=DIRECTION('ref_axis',(-0.555857754029192,-0.795032520979938,-0.242786836278053));
#4439=DIRECTION('center_axis',(0.,-0.29206475357267,0.956398546486001));
#4440=DIRECTION('ref_axis',(-2.21211601463915E-16,-0.956398546486001,-0.29206475357267));
#4441=DIRECTION('center_axis',(0.,0.29206475357267,-0.956398546486001));
#4442=DIRECTION('ref_axis',(1.32726960878349E-16,0.956398546486001,0.29206475357267));
#4443=DIRECTION('center_axis',(-0.793555260654944,-0.581966785283349,-0.177720874164597));
#4444=DIRECTION('ref_axis',(-0.4096336383205,0.726892955895049,-0.551204964624293));
#4445=DIRECTION('center_axis',(0.545429641838343,0.723809581759848,0.422618261740699));
#4446=DIRECTION('ref_axis',(-0.798635510047293,0.601815023152048,0.));
#4447=DIRECTION('center_axis',(-0.164016473436543,-0.217657211734405,0.962145485163987));
#4448=DIRECTION('ref_axis',(0.98577927174037,0.,0.168045313552702));
#4449=DIRECTION('center_axis',(-0.164016473436543,-0.217657211734405,0.962145485163987));
#4450=DIRECTION('ref_axis',(-0.979612887428945,0.15063772734415,-0.132916762989905));
#4451=DIRECTION('',(-0.0372917706616046,0.976025018281985,0.214439939210433));
#4452=DIRECTION('center_axis',(-0.164016473436543,-0.217657211734405,0.962145485163987));
#4453=DIRECTION('ref_axis',(0.979612887428945,-0.15063772734415,0.132916762989905));
#4454=DIRECTION('',(0.116005117234392,0.964330655574422,0.237926878462357));
#4455=DIRECTION('center_axis',(0.164016473436543,0.217657211734405,-0.962145485163987));
#4456=DIRECTION('ref_axis',(-0.979612887428945,0.15063772734415,-0.132916762989905));
#4457=DIRECTION('',(0.0372917706684676,-0.97602501828198,-0.214439939209262));
#4458=DIRECTION('center_axis',(0.164016473436543,0.217657211734405,-0.962145485163987));
#4459=DIRECTION('ref_axis',(0.979612887428945,-0.15063772734415,0.132916762989905));
#4460=DIRECTION('',(0.116005117234392,0.964330655574422,0.237926878462357));
#4461=DIRECTION('center_axis',(-0.4226182617407,0.264700560481851,-0.866791450190796));
#4462=DIRECTION('ref_axis',(-0.173066526894221,-0.962369421481293,-0.209506739429865));
#4463=DIRECTION('',(-0.4226182617407,0.264700560481851,-0.866791450190796));
#4464=DIRECTION('center_axis',(0.164016473436543,0.217657211734405,-0.962145485163987));
#4465=DIRECTION('ref_axis',(-0.979612887428945,0.15063772734415,-0.132916762989905));
#4466=DIRECTION('',(-0.4226182617407,0.264700560481851,-0.866791450190796));
#4467=DIRECTION('center_axis',(0.898852945491477,-1.38777878078145E-17,
-0.438250364952838));
#4468=DIRECTION('ref_axis',(0.4226182617407,-0.264700560481851,0.866791450190796));
#4469=DIRECTION('',(-0.4226182617407,0.264700560481851,-0.866791450190796));
#4470=DIRECTION('',(-0.116005117234392,-0.964330655574422,-0.237926878462357));
#4471=DIRECTION('',(-0.422618261740699,0.264700560481851,-0.866791450190796));
#4472=DIRECTION('',(-0.074576828365358,-0.985414813446518,-0.152957321208));
#4473=DIRECTION('',(-0.346878710520362,-0.611158685675629,-0.711449380568265));
#4474=DIRECTION('',(-0.180056006270042,-0.91170208695276,-0.369295463351588));
#4475=DIRECTION('',(-0.140978707376643,-0.946846638647531,-0.289147794299528));
#4476=DIRECTION('center_axis',(-0.898852945491477,1.38777878078145E-17,
0.438250364952838));
#4477=DIRECTION('ref_axis',(-0.438250364952838,-9.2347925767112E-17,-0.898852945491477));
#4478=DIRECTION('',(-0.116005117234392,-0.964330655574422,-0.237926878462357));
#4479=DIRECTION('center_axis',(-0.4226182617407,0.264700560481851,-0.866791450190796));
#4480=DIRECTION('ref_axis',(0.179767509723389,0.961878719711022,0.20608971593686));
#4481=DIRECTION('',(-0.4226182617407,0.264700560481851,-0.866791450190796));
#4482=DIRECTION('center_axis',(-0.164016473436543,-0.217657211734405,0.962145485163987));
#4483=DIRECTION('ref_axis',(0.979612887428945,-0.15063772734415,0.132916762989905));
#4484=DIRECTION('center_axis',(-0.90630778703665,-0.123431898464919,0.404191491248982));
#4485=DIRECTION('ref_axis',(5.39024871233426E-12,0.956398546486735,0.292064753570266));
#4486=DIRECTION('',(-0.4226182617407,0.264700560481851,-0.866791450190796));
#4487=DIRECTION('',(-0.0372917706616045,0.976025018281984,0.214439939210433));
#4488=DIRECTION('center_axis',(0.90630778703665,0.123431898470438,-0.404191491247297));
#4489=DIRECTION('ref_axis',(-1.61028606460674E-13,-0.956398546486023,-0.292064753572598));
#4490=DIRECTION('',(0.0372917706684676,-0.97602501828198,-0.214439939209262));
#4491=DIRECTION('',(-0.4226182617407,0.264700560481851,-0.866791450190796));
#4492=DIRECTION('center_axis',(-0.4226182617407,0.264700560481851,-0.866791450190796));
#4493=DIRECTION('ref_axis',(0.757659307973548,-0.421639390758086,-0.498169245540303));
#4494=DIRECTION('center_axis',(0.164016473436543,0.217657211734405,-0.962145485163987));
#4495=DIRECTION('ref_axis',(0.979612887428945,-0.15063772734415,0.132916762989905));
#4496=DIRECTION('',(-0.4226182617407,0.264700560481851,-0.866791450190796));
#4497=DIRECTION('center_axis',(-0.4226182617407,0.264700560481851,-0.866791450190796));
#4498=DIRECTION('ref_axis',(-0.741142810292375,0.449525563929505,0.498632231334658));
#4499=DIRECTION('',(-0.4226182617407,0.264700560481851,-0.866791450190796));
#4500=DIRECTION('center_axis',(-0.164016473436543,-0.217657211734405,0.962145485163987));
#4501=DIRECTION('ref_axis',(-0.979612887428945,0.15063772734415,-0.132916762989905));
#4502=DIRECTION('center_axis',(0.164016473436543,0.217657211734405,-0.962145485163987));
#4503=DIRECTION('ref_axis',(0.979612887428945,-0.15063772734415,0.132916762989905));
#4504=DIRECTION('',(-0.116005117234392,-0.964330655574422,-0.237926878462357));
#4505=DIRECTION('center_axis',(0.164016473436543,0.217657211734405,-0.962145485163987));
#4506=DIRECTION('ref_axis',(-0.979612887428945,0.15063772734415,-0.132916762989905));
#4507=DIRECTION('',(-0.116005117234392,-0.964330655574422,-0.237926878462357));
#4508=DIRECTION('center_axis',(0.164016473436543,0.217657211734405,-0.962145485163987));
#4509=DIRECTION('ref_axis',(-0.979612887428945,0.15063772734415,-0.132916762989905));
#4510=DIRECTION('center_axis',(0.164016473436543,0.217657211734405,-0.962145485163987));
#4511=DIRECTION('ref_axis',(0.979612887428945,-0.15063772734415,0.132916762989905));
#4512=DIRECTION('center_axis',(-0.164016473436543,-0.217657211734405,0.962145485163987));
#4513=DIRECTION('ref_axis',(-0.986457599920767,0.0361894604386193,-0.159974143259846));
#4514=DIRECTION('center_axis',(0.164016473436543,0.217657211734405,-0.962145485163987));
#4515=DIRECTION('ref_axis',(0.579033607429604,0.768403550283641,0.272536356067508));
#4516=DIRECTION('',(0.798635510047292,-0.601815023152049,0.));
#4517=DIRECTION('',(0.798635510047293,-0.601815023152047,5.48104153507582E-16));
#4518=DIRECTION('center_axis',(0.164016473436543,0.217657211734405,-0.962145485163987));
#4519=DIRECTION('ref_axis',(0.979612887428945,-0.15063772734415,0.132916762989905));
#4520=DIRECTION('',(0.,-0.975354120887981,-0.220645278369681));
#4521=DIRECTION('center_axis',(0.164016473436543,0.217657211734405,-0.962145485163987));
#4522=DIRECTION('ref_axis',(0.979612887428945,-0.150637727344149,0.132916762989906));
#4523=DIRECTION('',(-0.116005117234392,-0.964330655574422,-0.237926878462357));
#4524=DIRECTION('center_axis',(-0.422618261740699,0.264700560481851,-0.866791450190797));
#4525=DIRECTION('ref_axis',(0.898852945491477,-6.37690089022564E-16,-0.438250364952837));
#4526=DIRECTION('center_axis',(0.601815023152047,0.798635510047293,0.));
#4527=DIRECTION('ref_axis',(0.3971433585509,-0.299268986307457,0.867591624321845));
#4528=DIRECTION('center_axis',(0.,0.,1.));
#4529=DIRECTION('ref_axis',(-0.84748946380363,0.530812216081955,0.));
#4530=DIRECTION('center_axis',(-0.601815023152048,-0.798635510047293,0.));
#4531=DIRECTION('ref_axis',(0.3971433585509,-0.299268986307457,0.867591624321845));
#4532=DIRECTION('center_axis',(0.,0.,1.));
#4533=DIRECTION('ref_axis',(-0.84748946380363,0.530812216081955,0.));
#4534=DIRECTION('center_axis',(-0.601815023152049,-0.798635510047293,-3.6267349922525E-17));
#4535=DIRECTION('ref_axis',(0.3971433585509,-0.299268986307457,0.867591624321845));
#4536=DIRECTION('',(0.422618261740699,-0.264700560481851,0.866791450190796));
#4537=DIRECTION('center_axis',(0.601815023152049,0.798635510047293,3.6267349922525E-17));
#4538=DIRECTION('ref_axis',(0.3971433585509,-0.299268986307457,0.867591624321845));
#4539=DIRECTION('center_axis',(-0.798635510047293,0.601815023152047,3.80647894157197E-16));
#4540=DIRECTION('ref_axis',(-0.0297759482896515,-0.0395140179866187,-0.998775267658348));
#4541=DIRECTION('center_axis',(-0.422618261740699,0.264700560481851,-0.866791450190797));
#4542=DIRECTION('ref_axis',(-0.898852945491477,-9.8862125668875E-17,0.438250364952837));
#4543=DIRECTION('',(-0.886030209169232,0.0805080723046703,0.456583966793966));
#4544=DIRECTION('center_axis',(-0.422618261740699,0.264700560481851,-0.866791450190796));
#4545=DIRECTION('ref_axis',(-0.530812216081955,-0.84748946380363,1.16356792835024E-17));
#4546=DIRECTION('',(0.116005117234392,0.964330655574422,0.237926878462357));
#4547=DIRECTION('center_axis',(0.422618261740699,-0.264700560481851,0.866791450190797));
#4548=DIRECTION('ref_axis',(0.190641740662424,0.960964132303792,0.200508511397451));
#4549=DIRECTION('center_axis',(-0.422618261740699,0.264700560481851,-0.866791450190796));
#4550=DIRECTION('ref_axis',(0.898852945491478,2.76179455882487E-16,-0.438250364952837));
#4551=DIRECTION('',(-0.422618261740699,0.264700560481851,-0.866791450190796));
#4552=DIRECTION('',(0.422618261740699,-0.264700560481851,0.866791450190796));
#4553=DIRECTION('center_axis',(-0.422618261740699,0.264700560481851,-0.866791450190796));
#4554=DIRECTION('ref_axis',(0.803616454064773,0.551645941272856,-0.22335476317631));
#4555=DIRECTION('center_axis',(-3.59249926944853E-15,0.984807753012208,
-0.173648177666929));
#4556=DIRECTION('ref_axis',(-0.46362751044295,-0.153857531180087,-0.872569419392888));
#4557=DIRECTION('',(0.422618261740699,-0.264700560481851,0.866791450190796));
#4558=DIRECTION('',(0.798635510047293,-0.601815023152048,0.));
#4559=DIRECTION('',(-0.423955174797195,-0.5986474658281,-0.679619909523164));
#4560=DIRECTION('',(0.486296928007073,-0.366451019652277,-0.793239527511514));
#4561=DIRECTION('',(0.486296928007073,-0.366451019652277,-0.793239527511514));
#4562=DIRECTION('center_axis',(0.601815023152049,0.798635510047293,3.6267349922525E-17));
#4563=DIRECTION('ref_axis',(6.02632844434029E-17,0.,-1.));
#4564=DIRECTION('',(-0.798635510047293,0.601815023152049,0.));
#4565=DIRECTION('',(1.99839646851152E-16,-1.96001617320621E-16,1.));
#4566=DIRECTION('',(0.798635510047293,-0.601815023152049,0.));
#4567=DIRECTION('',(-0.676927239314771,0.510101262810549,-0.530628131889712));
#4568=DIRECTION('',(0.,0.,-1.));
#4569=DIRECTION('center_axis',(0.,0.,1.));
#4570=DIRECTION('ref_axis',(-0.798635510047293,0.601815023152048,0.));
#4571=DIRECTION('',(-0.798635510047293,0.601815023152048,0.));
#4572=DIRECTION('',(-0.601815023152048,-0.798635510047293,0.));
#4573=DIRECTION('center_axis',(-0.601815023152048,-0.798635510047293,0.));
#4574=DIRECTION('ref_axis',(0.,0.,1.));
#4575=DIRECTION('',(0.798635510047293,-0.601815023152048,0.));
#4576=DIRECTION('center_axis',(-0.601815023152048,-0.798635510047293,0.));
#4577=DIRECTION('ref_axis',(0.564720584850817,-0.425547483890756,0.707106781186546));
#4578=DIRECTION('',(-1.91711033846002E-16,1.44464626004049E-16,-1.));
#4579=DIRECTION('',(-0.798635510047293,0.601815023152048,0.));
#4580=DIRECTION('',(-0.798635510047293,0.601815023152048,0.));
#4581=DIRECTION('',(3.03998925098661E-16,-2.29079621234992E-16,1.));
#4582=DIRECTION('',(0.798635510047293,-0.601815023152048,0.));
#4583=DIRECTION('',(2.2166588288444E-16,-1.67037223817182E-16,1.));
#4584=DIRECTION('center_axis',(0.,0.,-1.));
#4585=DIRECTION('ref_axis',(-0.798635510047293,0.601815023152048,0.));
#4586=DIRECTION('',(-0.798635510047293,0.601815023152048,0.));
#4587=DIRECTION('',(0.601815023152048,0.798635510047293,0.));
#4588=DIRECTION('center_axis',(0.,0.984807753012208,-0.173648177666931));
#4589=DIRECTION('ref_axis',(0.,0.173648177666931,0.984807753012208));
#4590=DIRECTION('center_axis',(-0.898852945491477,1.38777878078145E-17,
0.438250364952838));
#4591=DIRECTION('ref_axis',(-0.0686028896029462,0.987671917186182,-0.140704753082113));
#4592=DIRECTION('center_axis',(0.,1.,0.));
#4593=DIRECTION('ref_axis',(0.,0.,1.));
#4594=DIRECTION('center_axis',(0.,0.984807753012208,-0.173648177666931));
#4595=DIRECTION('ref_axis',(1.,0.,0.));
#4596=DIRECTION('center_axis',(0.,-0.984807753012208,0.173648177666931));
#4597=DIRECTION('ref_axis',(1.,0.,0.));
#4598=DIRECTION('center_axis',(0.,-0.984807753012208,0.173648177666931));
#4599=DIRECTION('ref_axis',(1.,0.,0.));
#4600=DIRECTION('center_axis',(0.898852945491477,-1.38777878078145E-17,
-0.438250364952838));
#4601=DIRECTION('ref_axis',(0.4226182617407,-0.264700560481851,0.866791450190796));
#4602=DIRECTION('',(0.4226182617407,-0.264700560481851,0.866791450190796));
#4603=DIRECTION('center_axis',(0.898852945491477,-1.38777878078145E-17,
-0.438250364952838));
#4604=DIRECTION('ref_axis',(0.348498685324395,0.606341256850526,0.714771954240017));
#4605=DIRECTION('',(0.438250364952838,0.,0.898852945491477));
#4606=DIRECTION('',(0.432847578160513,0.156538123157819,0.887771811942014));
#4607=DIRECTION('',(-0.156801412500987,-0.933802237580052,-0.321600214751456));
#4608=DIRECTION('center_axis',(0.898852945491477,-1.38777878078145E-17,
-0.438250364952838));
#4609=DIRECTION('ref_axis',(0.4226182617407,-0.264700560481851,0.866791450190796));
#4610=DIRECTION('',(-0.156801412500987,-0.933802237580052,-0.321600214751456));
#4611=DIRECTION('center_axis',(0.,0.,-1.));
#4612=DIRECTION('ref_axis',(0.798635510047293,-0.601815023152048,0.));
#4613=DIRECTION('',(-0.798635510047293,0.601815023152049,0.));
#4614=DIRECTION('',(-0.601815023152048,-0.798635510047293,0.));
#4615=DIRECTION('',(-0.601815023152048,-0.798635510047293,0.));
#4616=DIRECTION('center_axis',(0.798635510047293,-0.601815023152048,-2.77555756156289E-16));
#4617=DIRECTION('ref_axis',(2.2166588288444E-16,-1.67037223817181E-16,1.));
#4618=DIRECTION('center_axis',(-0.601815023152048,-0.798635510047293,5.55111512312578E-17));
#4619=DIRECTION('ref_axis',(-0.266621533667601,0.200913736539839,-0.942627512994574));
#4620=DIRECTION('',(0.232491425140799,0.971452679677191,-0.0471956394596457));
#4621=DIRECTION('',(0.0363495853376925,0.996554333697945,0.0745531195431973));
#4622=DIRECTION('',(0.0387151916925448,0.88106442253204,-0.471409182431241));
#4623=DIRECTION('',(0.0426581566564961,-0.032145226718422,0.998572464105581));
#4624=DIRECTION('center_axis',(-0.601815023152049,-0.798635510047293,8.32667268468868E-17));
#4625=DIRECTION('ref_axis',(-0.793052202376496,0.59760769904375,-0.118039156000986));
#4626=DIRECTION('center_axis',(0.898852945491477,-1.38777878078145E-17,
-0.438250364952838));
#4627=DIRECTION('ref_axis',(0.4226182617407,-0.264700560481851,0.866791450190796));
#4628=DIRECTION('',(0.0453720335075151,0.99462633775246,0.0930581905289533));
#4629=DIRECTION('',(0.432847578160513,0.156538123157819,0.887771811942014));
#4630=DIRECTION('center_axis',(0.898852945491477,-1.38777878078145E-17,
-0.438250364952838));
#4631=DIRECTION('ref_axis',(0.0686028896029461,-0.987671917186182,0.140704753082113));
#4632=DIRECTION('',(0.432847578160513,0.156538123157819,0.887771811942014));
#4633=DIRECTION('',(0.,1.,-3.16663462660388E-17));
#4634=DIRECTION('',(0.582031337704057,0.64425683074545,0.496157896206696));
#4635=DIRECTION('',(0.582031337704057,0.64425683074545,0.496157896206696));
#4636=DIRECTION('',(-0.458080263390062,0.345188237749736,-0.819150506812834));
#4637=DIRECTION('',(0.484936485559106,0.670928998844195,0.560973157542773));
#4638=DIRECTION('',(0.,0.,-1.));
#4639=DIRECTION('center_axis',(-3.59249926944853E-15,0.984807753012208,
-0.173648177666929));
#4640=DIRECTION('ref_axis',(0.,0.173648177666929,0.984807753012208));
#4641=DIRECTION('center_axis',(-6.84999762491014E-17,-0.984807753012208,
0.173648177666931));
#4642=DIRECTION('ref_axis',(0.967327600952791,-0.0440249716403958,-0.249678021273361));
#4643=DIRECTION('',(0.901467123127948,-0.0751631931551172,-0.426271650845031));
#4644=DIRECTION('center_axis',(-3.59249926944853E-15,0.984807753012208,
-0.173648177666929));
#4645=DIRECTION('ref_axis',(0.,0.173648177666929,0.984807753012208));
#4646=DIRECTION('center_axis',(0.,-0.984807753012208,0.173648177666931));
#4647=DIRECTION('ref_axis',(1.,0.,0.));
#4648=DIRECTION('center_axis',(6.84999762491014E-17,0.984807753012208,-0.173648177666931));
#4649=DIRECTION('ref_axis',(0.937765834137537,-0.0603024994907085,-0.341992469039162));
#4650=DIRECTION('center_axis',(-6.84999762491014E-17,-0.984807753012208,
0.173648177666931));
#4651=DIRECTION('ref_axis',(0.967327600952791,-0.0440249716403958,-0.249678021273361));
#4652=DIRECTION('',(0.216095519505398,0.876854141148976,0.429452606930712));
#4653=DIRECTION('',(0.264119433751089,0.580440848544968,0.770278745685873));
#4654=DIRECTION('center_axis',(0.,0.984807753012208,-0.173648177666931));
#4655=DIRECTION('ref_axis',(0.,0.173648177666931,0.984807753012208));
#4656=DIRECTION('center_axis',(0.,-0.984807753012208,0.173648177666931));
#4657=DIRECTION('ref_axis',(1.,0.,0.));
#4658=DIRECTION('center_axis',(0.,-0.984807753012208,0.173648177666931));
#4659=DIRECTION('ref_axis',(1.,0.,0.));
#4660=DIRECTION('center_axis',(0.601815023152049,0.798635510047293,3.6267349922525E-17));
#4661=DIRECTION('ref_axis',(6.02632844434029E-17,0.,-1.));
#4662=DIRECTION('',(-0.676927239314771,0.510101262810549,-0.530628131889712));
#4663=DIRECTION('',(1.81858788333019E-16,-1.82452068559956E-16,1.));
#4664=DIRECTION('center_axis',(-0.816080276279,0.577938563057001,0.));
#4665=DIRECTION('ref_axis',(0.,0.,1.));
#4666=DIRECTION('',(-0.576499410246805,-0.814048115253544,-0.0705272715851088));
#4667=DIRECTION('center_axis',(0.,-0.984807753012208,0.17364817766693));
#4668=DIRECTION('ref_axis',(1.,0.,0.));
#4669=DIRECTION('center_axis',(0.,0.984807753012208,-0.173648177666931));
#4670=DIRECTION('ref_axis',(1.,0.,0.));
#4671=DIRECTION('center_axis',(0.,-0.984807753012208,0.17364817766693));
#4672=DIRECTION('ref_axis',(1.,0.,0.));
#4673=DIRECTION('center_axis',(0.,0.984807753012208,-0.173648177666931));
#4674=DIRECTION('ref_axis',(0.,0.173648177666931,0.984807753012208));
#4675=DIRECTION('center_axis',(0.,-0.984807753012208,0.173648177666931));
#4676=DIRECTION('ref_axis',(0.709407555707934,0.12238697444548,0.694091023130667));
#4677=DIRECTION('center_axis',(0.,0.984807753012208,-0.173648177666931));
#4678=DIRECTION('ref_axis',(0.,0.173648177666931,0.984807753012208));
#4679=DIRECTION('center_axis',(0.,0.956398546486001,0.29206475357267));
#4680=DIRECTION('ref_axis',(0.707106781186548,-0.206520967796812,0.676275897737209));
#4681=DIRECTION('',(0.,0.956398546486001,0.29206475357267));
#4682=DIRECTION('center_axis',(0.,-0.956398546486001,-0.292064753572669));
#4683=DIRECTION('ref_axis',(1.,0.,0.));
#4684=DIRECTION('',(0.,-0.956398546486001,-0.29206475357267));
#4685=DIRECTION('center_axis',(1.,0.,0.));
#4686=DIRECTION('ref_axis',(0.,0.,-1.));
#4687=DIRECTION('',(0.,-0.956398546486001,-0.29206475357267));
#4688=DIRECTION('',(0.,0.,-1.));
#4689=DIRECTION('',(0.,1.,0.));
#4690=DIRECTION('',(0.,-3.98873760716881E-16,1.));
#4691=DIRECTION('center_axis',(1.,0.,0.));
#4692=DIRECTION('ref_axis',(0.,0.510080813775119,-0.860126481058752));
#4693=DIRECTION('center_axis',(0.,-0.956398546486001,-0.29206475357267));
#4694=DIRECTION('ref_axis',(0.707106781186547,0.206520967796814,-0.676275897737209));
#4695=DIRECTION('center_axis',(4.24726274810716E-15,0.956398546486002,0.292064753572667));
#4696=DIRECTION('ref_axis',(1.,-4.44089209850061E-15,0.));
#4697=DIRECTION('center_axis',(0.,-1.,0.));
#4698=DIRECTION('ref_axis',(1.,0.,0.));
#4699=DIRECTION('',(-0.898852945491477,0.,0.438250364952838));
#4700=DIRECTION('center_axis',(0.,1.,0.));
#4701=DIRECTION('ref_axis',(0.790477999681644,0.,0.612490434226778));
#4702=DIRECTION('center_axis',(0.898852945491477,0.,-0.438250364952838));
#4703=DIRECTION('ref_axis',(0.348498685324395,0.606341256850526,0.714771954240017));
#4704=DIRECTION('',(0.898852945491477,0.,-0.438250364952838));
#4705=DIRECTION('center_axis',(0.999194414706715,0.,-0.0401313047246821));
#4706=DIRECTION('ref_axis',(0.0401313047246821,0.,0.999194414706715));
#4707=DIRECTION('center_axis',(-0.422618261740699,0.264700560481851,-0.866791450190796));
#4708=DIRECTION('ref_axis',(9.38401049623171E-17,-0.956398546486001,-0.29206475357267));
#4709=DIRECTION('center_axis',(-1.,0.,0.));
#4710=DIRECTION('ref_axis',(0.,-0.29206475357267,0.956398546486001));
#4711=DIRECTION('center_axis',(-1.,0.,0.));
#4712=DIRECTION('ref_axis',(0.,-0.29206475357267,0.956398546486001));
#4713=DIRECTION('',(0.422618261740699,-0.264700560481851,0.866791450190796));
#4714=DIRECTION('center_axis',(0.422618261740699,-0.264700560481851,0.866791450190796));
#4715=DIRECTION('ref_axis',(-0.90630778703665,-0.123431898470607,0.404191491247245));
#4716=DIRECTION('center_axis',(1.,0.,0.));
#4717=DIRECTION('ref_axis',(0.,0.,-1.));
#4718=DIRECTION('center_axis',(-1.,0.,0.));
#4719=DIRECTION('ref_axis',(0.,-0.29206475357267,0.956398546486001));
#4720=DIRECTION('',(0.,-1.,-1.84316936625855E-16));
#4721=DIRECTION('',(0.,0.,1.));
#4722=DIRECTION('center_axis',(1.,0.,0.));
#4723=DIRECTION('ref_axis',(0.,-0.863573193387942,-0.504223501695183));
#4724=DIRECTION('center_axis',(-1.,0.,0.));
#4725=DIRECTION('ref_axis',(0.,5.54404019909322E-17,1.));
#4726=DIRECTION('',(0.,0.956398546486001,0.29206475357267));
#4727=DIRECTION('center_axis',(-0.422618261740699,0.264700560481851,-0.866791450190796));
#4728=DIRECTION('ref_axis',(-1.87680209924634E-17,-0.956398546486001,-0.29206475357267));
#4729=DIRECTION('center_axis',(0.601815023152047,0.798635510047293,0.));
#4730=DIRECTION('ref_axis',(0.3971433585509,-0.299268986307457,0.867591624321845));
#4731=DIRECTION('center_axis',(0.601815023152047,0.798635510047293,0.));
#4732=DIRECTION('ref_axis',(0.,0.,-1.));
#4733=DIRECTION('',(-0.798635510047293,0.601815023152047,0.));
#4734=DIRECTION('center_axis',(-0.601815023152047,-0.798635510047293,0.));
#4735=DIRECTION('ref_axis',(0.564720584850817,-0.425547483890751,0.707106781186549));
#4736=DIRECTION('',(1.91711033846002E-16,-1.44464626004048E-16,1.));
#4737=DIRECTION('',(-0.798635510047293,0.601815023152047,0.));
#4738=DIRECTION('center_axis',(-0.601815023152047,-0.798635510047294,0.));
#4739=DIRECTION('ref_axis',(-0.798635510047294,0.601815023152047,0.));
#4740=DIRECTION('center_axis',(-0.601815023152047,-0.798635510047293,0.));
#4741=DIRECTION('ref_axis',(0.730337051579674,-0.550348443158001,-0.404628696712769));
#4742=DIRECTION('center_axis',(-0.601815023152047,-0.798635510047293,0.));
#4743=DIRECTION('ref_axis',(-7.13033781237447E-15,5.87204290430838E-15,
-1.));
#4744=DIRECTION('center_axis',(-0.601815023152047,-0.798635510047293,0.));
#4745=DIRECTION('ref_axis',(-7.13033781237447E-15,5.87204290430838E-15,
-1.));
#4746=DIRECTION('',(0.,0.,-1.));
#4747=DIRECTION('center_axis',(-0.79863551004729,0.601815023152052,-4.96531577661144E-14));
#4748=DIRECTION('ref_axis',(-6.21724893790088E-14,0.,1.));
#4749=DIRECTION('center_axis',(0.,0.,1.));
#4750=DIRECTION('ref_axis',(0.84748946380363,-0.530812216081954,0.));
#4751=DIRECTION('center_axis',(0.,0.,1.));
#4752=DIRECTION('ref_axis',(-0.798635510047293,0.601815023152048,0.));
#4753=DIRECTION('',(-0.601815023152048,-0.798635510047293,0.));
#4754=DIRECTION('',(0.798635510047293,-0.601815023152047,0.));
#4755=DIRECTION('center_axis',(0.545429641838343,0.723809581759848,0.422618261740699));
#4756=DIRECTION('ref_axis',(-0.798635510047293,0.601815023152048,0.));
#4757=DIRECTION('center_axis',(0.3694608391873,-0.853197877970601,-0.368173966126722));
#4758=DIRECTION('ref_axis',(0.429896255748811,-0.194323053935932,0.881718639931223));
#4759=DIRECTION('center_axis',(-0.224140305644025,0.911858777137943,-0.343910880814055));
#4760=DIRECTION('ref_axis',(-0.953155480664066,-0.131566260879321,0.272369140466182));
#4761=DIRECTION('center_axis',(-4.73567498595845E-16,0.521741938306537,
0.85310336408441));
#4762=DIRECTION('ref_axis',(1.,0.,5.55111512312578E-16));
#4763=DIRECTION('center_axis',(0.,-0.0437092094277382,0.999044295820362));
#4764=DIRECTION('ref_axis',(1.,0.,0.));
#4765=DIRECTION('center_axis',(-1.11022302462516E-16,-0.956398546486001,
-0.29206475357267));
#4766=DIRECTION('ref_axis',(0.843391445812884,-0.156926277706515,0.5138725644504));
#4767=DIRECTION('center_axis',(-0.798635510047293,0.601815023152047,0.));
#4768=DIRECTION('ref_axis',(0.425547483890753,0.564720584850809,-0.707106781186555));
#4769=DIRECTION('',(0.798635510047293,-0.601815023152047,0.));
#4770=DIRECTION('center_axis',(-0.798635510047293,0.601815023152048,2.40048221540574E-16));
#4771=DIRECTION('ref_axis',(0.425547483890753,0.564720584850809,-0.707106781186555));
#4772=DIRECTION('',(-0.798635510047293,0.601815023152047,0.));
#4773=DIRECTION('center_axis',(0.953450590405115,-0.301549285617023,5.88901747928515E-15));
#4774=DIRECTION('ref_axis',(0.255574514304706,0.808085719910468,-0.530734525836313));
#4775=DIRECTION('center_axis',(0.,0.,-1.));
#4776=DIRECTION('ref_axis',(0.798635510047293,-0.601815023152048,0.));
#4777=DIRECTION('',(0.601815023152047,0.798635510047293,0.));
#4778=DIRECTION('center_axis',(0.,0.,-1.));
#4779=DIRECTION('ref_axis',(0.938561776454167,-0.345111274488676,0.));
#4780=DIRECTION('',(0.798635510047293,-0.601815023152048,-1.25699745742404E-15));
#4781=DIRECTION('center_axis',(0.,0.,-1.));
#4782=DIRECTION('ref_axis',(0.951971638232988,-0.306186217847897,0.));
#4783=DIRECTION('center_axis',(0.798635510047293,-0.601815023152048,-2.40048221540574E-16));
#4784=DIRECTION('ref_axis',(1.91711033846002E-16,-1.44464626004049E-16,
1.));
#4785=DIRECTION('',(-2.87566550769003E-16,2.16696939006073E-16,-1.));
#4786=DIRECTION('',(0.601815023152049,0.798635510047292,0.));
#4787=DIRECTION('',(-2.87566550769003E-16,2.16696939006073E-16,-1.));
#4788=DIRECTION('',(0.601815023152047,0.798635510047293,0.));
#4789=DIRECTION('',(0.601815023152048,0.798635510047293,0.));
#4790=DIRECTION('center_axis',(0.798635510047293,-0.601815023152048,-2.40048221540574E-16));
#4791=DIRECTION('ref_axis',(0.601815023152048,0.798635510047293,3.35022877896388E-16));
#4792=DIRECTION('center_axis',(0.798635510047293,-0.601815023152048,-2.40048221540574E-16));
#4793=DIRECTION('ref_axis',(-0.601815023152048,-0.798635510047293,2.22716298422909E-16));
#4794=DIRECTION('center_axis',(0.545429641838343,0.723809581759848,0.422618261740699));
#4795=DIRECTION('ref_axis',(-0.798635510047293,0.601815023152048,0.));
#4796=DIRECTION('center_axis',(0.798635510047293,-0.601815023152047,0.));
#4797=DIRECTION('ref_axis',(0.425547483890754,0.56472058485081,0.707106781186553));
#4798=DIRECTION('center_axis',(-0.798635510047292,0.601815023152049,0.));
#4799=DIRECTION('ref_axis',(0.,0.,1.));
#4800=DIRECTION('center_axis',(1.10832941442221E-16,-8.351861190859E-17,
1.));
#4801=DIRECTION('ref_axis',(0.798635510047294,-0.601815023152046,-1.38777878078145E-16));
#4802=DIRECTION('center_axis',(0.601815023152047,0.798635510047293,0.));
#4803=DIRECTION('ref_axis',(0.564720584850817,-0.425547483890751,0.707106781186549));
#4804=DIRECTION('center_axis',(-1.91711033846002E-16,1.44464626004049E-16,
-1.));
#4805=DIRECTION('ref_axis',(0.99026806874157,0.139173100960068,0.));
#4806=DIRECTION('center_axis',(0.,0.,1.));
#4807=DIRECTION('ref_axis',(0.99026806874157,0.139173100960068,0.));
#4808=DIRECTION('',(-1.91711033846002E-16,1.44464626004049E-16,-1.));
#4809=DIRECTION('center_axis',(0.798635510047293,-0.601815023152048,-2.40048221540574E-16));
#4810=DIRECTION('ref_axis',(1.91711033846002E-16,-1.44464626004049E-16,
1.));
#4811=DIRECTION('',(0.601815023152048,0.798635510047293,0.));
#4812=DIRECTION('',(-2.83732330092079E-14,2.13807646485989E-14,-1.));
#4813=DIRECTION('',(0.601815023152049,0.798635510047292,0.));
#4814=DIRECTION('center_axis',(0.601815023152048,0.798635510047293,0.));
#4815=DIRECTION('ref_axis',(0.564720584850817,-0.425547483890756,0.707106781186546));
#4816=DIRECTION('center_axis',(-0.601815023152046,-0.798635510047294,0.));
#4817=DIRECTION('ref_axis',(0.798635510047294,-0.601815023152046,-1.17961196366423E-15));
#4818=DIRECTION('center_axis',(0.601815023152047,0.798635510047293,0.));
#4819=DIRECTION('ref_axis',(0.564720584850817,-0.425547483890756,0.707106781186546));
#4820=DIRECTION('center_axis',(-0.422618261740699,0.264700560481851,-0.866791450190796));
#4821=DIRECTION('ref_axis',(-0.616664341152988,-0.784860507305886,0.0609842145304692));
#4822=DIRECTION('center_axis',(0.422618261740699,-0.264700560481851,0.866791450190796));
#4823=DIRECTION('ref_axis',(-0.616664341152988,-0.784860507305886,0.0609842145304692));
#4824=DIRECTION('center_axis',(0.422618261740699,-0.264700560481851,0.866791450190796));
#4825=DIRECTION('ref_axis',(0.898852945491477,-3.71120720389449E-17,-0.438250364952838));
#4826=DIRECTION('',(-2.34600262405793E-17,-0.956398546486001,-0.29206475357267));
#4827=DIRECTION('center_axis',(0.,0.,1.));
#4828=DIRECTION('ref_axis',(1.,0.,0.));
#4829=DIRECTION('center_axis',(-1.17683640610267E-13,-1.56171465861293E-13,
-1.));
#4830=DIRECTION('ref_axis',(0.798635510047294,-0.601815023152046,0.));
#4831=DIRECTION('center_axis',(0.343376042941751,0.455675399654669,0.821250767599777));
#4832=DIRECTION('ref_axis',(0.580681863267862,0.584256114097067,-0.566968576564838));
#4833=DIRECTION('center_axis',(0.,-0.696409890877341,-0.717644246049678));
#4834=DIRECTION('ref_axis',(1.,0.,0.));
#4835=DIRECTION('center_axis',(0.,0.,1.));
#4836=DIRECTION('ref_axis',(1.,0.,0.));
#4837=DIRECTION('center_axis',(1.22507044094294E-13,0.726800137766243,0.686849007965339));
#4838=DIRECTION('ref_axis',(0.652855526539681,0.520276069065467,-0.55053834873184));
#4839=DIRECTION('center_axis',(0.,0.976564226009539,0.215226189109016));
#4840=DIRECTION('ref_axis',(1.,0.,0.));
#4841=DIRECTION('center_axis',(0.,0.956398546486003,0.292064753572663));
#4842=DIRECTION('ref_axis',(0.422618261740695,-0.264700560481845,0.8667914501908));
#4843=DIRECTION('center_axis',(0.,-0.956398546486001,-0.29206475357267));
#4844=DIRECTION('ref_axis',(0.843391445812884,-0.156926277706515,0.5138725644504));
#4845=DIRECTION('center_axis',(0.,0.,-1.));
#4846=DIRECTION('ref_axis',(0.948323655206202,-0.317304656405083,0.));
#4847=DIRECTION('',(0.,0.,-1.));
#4848=DIRECTION('center_axis',(1.96261557335472E-16,0.707106781186548,-0.707106781186547));
#4849=DIRECTION('ref_axis',(1.96261557335472E-16,0.707106781186547,0.707106781186548));
#4850=DIRECTION('center_axis',(0.,1.,1.84316936625855E-16));
#4851=DIRECTION('ref_axis',(0.707106781186546,0.,-0.707106781186549));
#4852=DIRECTION('center_axis',(0.798635510047293,-0.601815023152048,0.));
#4853=DIRECTION('ref_axis',(0.601815023152048,0.798635510047293,1.25277917862886E-16));
#4854=DIRECTION('center_axis',(-0.798635510047293,0.601815023152048,0.));
#4855=DIRECTION('ref_axis',(0.,0.,-1.));
#4856=DIRECTION('center_axis',(-0.26487356821675,-0.698219721370196,-0.665079855017315));
#4857=DIRECTION('ref_axis',(-0.344453033253946,0.712718983849032,-0.611051354587615));
#4858=DIRECTION('center_axis',(0.328193958808698,0.681196186301222,0.654416137614398));
#4859=DIRECTION('ref_axis',(0.90089277085275,-0.434041720834823,0.));
#4860=DIRECTION('center_axis',(0.,0.,1.));
#4861=DIRECTION('ref_axis',(1.,0.,0.));
#4862=DIRECTION('center_axis',(0.418493123993646,0.868620254597448,0.265259040323047));
#4863=DIRECTION('ref_axis',(-2.22044604925031E-15,0.292064753572671,-0.956398546486001));
#4864=DIRECTION('center_axis',(0.,0.,-1.));
#4865=DIRECTION('ref_axis',(0.951971638232988,-0.306186217847897,0.));
#4866=DIRECTION('',(0.,0.,-1.));
#4867=DIRECTION('center_axis',(9.99465196748365E-17,0.281324442977857,-0.95961271239141));
#4868=DIRECTION('ref_axis',(-2.13076825603988E-16,-0.95961271239141,-0.281324442977857));
#4869=DIRECTION('center_axis',(0.565804687513783,0.788588187079558,0.240818867172001));
#4870=DIRECTION('ref_axis',(0.812499999999999,-0.582961190818052,0.));
#4871=DIRECTION('center_axis',(0.,0.,-1.));
#4872=DIRECTION('ref_axis',(0.951971638232988,-0.306186217847897,0.));
#4873=DIRECTION('center_axis',(0.,0.,1.));
#4874=DIRECTION('ref_axis',(0.8125,-0.582961190818051,0.));
#4875=DIRECTION('',(0.,0.,-1.));
#4876=DIRECTION('center_axis',(0.601815023152047,0.798635510047293,0.));
#4877=DIRECTION('ref_axis',(0.,0.,-1.));
#4878=DIRECTION('',(-3.03998925098661E-16,2.29079621234992E-16,-1.));
#4879=DIRECTION('center_axis',(-0.601815023152047,-0.798635510047294,0.));
#4880=DIRECTION('ref_axis',(-0.798635510047293,0.601815023152047,0.));
#4881=DIRECTION('',(-0.798635510047293,0.601815023152047,0.));
#4882=DIRECTION('center_axis',(-0.701804072972983,0.712370018430403,2.93840409373364E-16));
#4883=DIRECTION('ref_axis',(0.712370018430403,0.701804072972983,2.88412696466289E-16));
#4884=DIRECTION('center_axis',(-1.,0.,0.));
#4885=DIRECTION('ref_axis',(0.,0.29206475357267,-0.956398546486001));
#4886=DIRECTION('',(-1.,0.,0.));
#4887=DIRECTION('center_axis',(-1.,0.,0.));
#4888=DIRECTION('ref_axis',(0.,0.510080813775119,-0.860126481058752));
#4889=DIRECTION('center_axis',(0.601815023152049,0.798635510047292,0.));
#4890=DIRECTION('ref_axis',(0.730337051579674,-0.550348443158001,-0.404628696712769));
#4891=DIRECTION('',(-0.601815023152049,-0.798635510047292,0.));
#4892=DIRECTION('center_axis',(0.601815023152047,0.798635510047293,0.));
#4893=DIRECTION('ref_axis',(0.730337051579674,-0.550348443158001,-0.404628696712769));
#4894=DIRECTION('',(0.601815023152048,0.798635510047293,0.));
#4895=DIRECTION('center_axis',(0.601815023152047,0.798635510047293,0.));
#4896=DIRECTION('ref_axis',(0.,0.,-1.));
#4897=DIRECTION('center_axis',(-0.601815023152047,-0.798635510047294,0.));
#4898=DIRECTION('ref_axis',(-0.798635510047293,0.601815023152047,0.));
#4899=DIRECTION('',(-3.03998925098661E-16,2.29079621234992E-16,-1.));
#4900=DIRECTION('center_axis',(0.601815023152047,0.798635510047293,0.));
#4901=DIRECTION('ref_axis',(-7.37014759693869E-15,5.55380457152853E-15,
-1.));
#4902=DIRECTION('center_axis',(0.601815023152049,0.798635510047292,0.));
#4903=DIRECTION('ref_axis',(-0.798635510047292,0.601815023152049,0.));
#4904=DIRECTION('',(0.601815023152049,0.798635510047292,0.));
#4905=DIRECTION('center_axis',(-0.601815023152049,-0.798635510047293,0.));
#4906=DIRECTION('ref_axis',(0.,0.,-1.));
#4907=DIRECTION('center_axis',(-0.601815023152047,-0.798635510047293,0.));
#4908=DIRECTION('ref_axis',(0.,0.,-1.));
#4909=DIRECTION('',(-0.601815023152049,-0.798635510047293,0.));
#4910=DIRECTION('center_axis',(0.601815023152047,0.798635510047293,0.));
#4911=DIRECTION('ref_axis',(0.,0.,-1.));
#4912=DIRECTION('',(0.601815023152049,0.798635510047293,0.));
#4913=DIRECTION('center_axis',(0.601815023152047,0.798635510047293,0.));
#4914=DIRECTION('ref_axis',(0.,0.,-1.));
#4915=DIRECTION('center_axis',(0.601815023152047,0.798635510047293,0.));
#4916=DIRECTION('ref_axis',(-7.37014759693869E-15,5.55380457152853E-15,
-1.));
#4917=DIRECTION('',(0.798635510047293,-0.601815023152048,0.));
#4918=DIRECTION('',(0.798635510047293,-0.601815023152047,0.));
#4919=DIRECTION('',(0.601815023152049,0.798635510047293,0.));
#4920=DIRECTION('center_axis',(-0.601815023152047,-0.798635510047293,0.));
#4921=DIRECTION('ref_axis',(-7.13033781237447E-15,5.87204290430838E-15,
-1.));
#4922=DIRECTION('',(0.601815023152049,0.798635510047293,0.));
#4923=DIRECTION('center_axis',(0.798635510047293,-0.601815023152047,-3.80647894157197E-16));
#4924=DIRECTION('ref_axis',(-3.03998925098661E-16,2.29079621234992E-16,
-1.));
#4925=DIRECTION('center_axis',(0.601815023152047,0.798635510047293,0.));
#4926=DIRECTION('ref_axis',(0.,0.,-1.));
#4927=DIRECTION('',(0.798635510047293,-0.601815023152047,0.));
#4928=DIRECTION('center_axis',(1.,0.,0.));
#4929=DIRECTION('ref_axis',(0.,0.,-1.));
#4930=DIRECTION('center_axis',(0.,0.,1.));
#4931=DIRECTION('ref_axis',(0.798635510047293,-0.601815023152047,0.));
#4932=DIRECTION('center_axis',(0.,0.,-1.));
#4933=DIRECTION('ref_axis',(-0.798635510047293,0.601815023152047,0.));
#4934=DIRECTION('center_axis',(0.,0.29206475357267,-0.956398546486001));
#4935=DIRECTION('ref_axis',(0.,-0.956398546486001,-0.29206475357267));
#4936=DIRECTION('center_axis',(0.,-0.309721025100324,0.950827474682345));
#4937=DIRECTION('ref_axis',(0.,0.950827474682344,0.309721025100324));
#4938=DIRECTION('center_axis',(0.,0.,1.));
#4939=DIRECTION('ref_axis',(-0.5,0.866025403784439,0.));
#4940=DIRECTION('center_axis',(0.,0.,-1.));
#4941=DIRECTION('ref_axis',(-0.951971638232989,0.306186217847897,0.));
#4942=DIRECTION('center_axis',(1.,0.,0.));
#4943=DIRECTION('ref_axis',(0.,0.,-1.));
#4944=DIRECTION('center_axis',(0.,0.,1.));
#4945=DIRECTION('ref_axis',(0.798635510047293,-0.601815023152048,0.));
#4946=DIRECTION('center_axis',(-0.601815023152048,-0.798635510047293,0.));
#4947=DIRECTION('ref_axis',(0.,0.,1.));
#4948=DIRECTION('center_axis',(0.,0.,-1.));
#4949=DIRECTION('ref_axis',(-1.,0.,0.));
#4950=DIRECTION('center_axis',(-0.215895838974054,-0.976416400268702,7.2269331279995E-16));
#4951=DIRECTION('ref_axis',(0.,7.40148683083438E-16,1.));
#4952=DIRECTION('center_axis',(-0.582961190818051,-0.8125,0.));
#4953=DIRECTION('ref_axis',(0.,0.,1.));
#4954=DIRECTION('center_axis',(0.,0.,-1.));
#4955=DIRECTION('ref_axis',(-1.,0.,0.));
#4956=DIRECTION('center_axis',(0.,0.,1.));
#4957=DIRECTION('ref_axis',(1.,0.,0.));
#4958=DIRECTION('center_axis',(0.,-1.,0.));
#4959=DIRECTION('ref_axis',(0.,0.,1.));
#4960=DIRECTION('center_axis',(0.,-1.,0.));
#4961=DIRECTION('ref_axis',(-0.707106781186548,0.,0.707106781186547));
#4962=CARTESIAN_POINT('',(0.,0.,0.));
#4963=CARTESIAN_POINT('Origin',(11.4681903106545,34.4792380004967,-49.4315205128139));
#4964=CARTESIAN_POINT('',(12.6419593001755,36.1135845514246,-51.8710240915588));
#4965=CARTESIAN_POINT('',(16.7038910222761,36.8427484614241,-56.8068261520949));
#4966=CARTESIAN_POINT('Ctrl Pts',(16.7038910222761,36.8427484614241,-56.8068261520949));
#4967=CARTESIAN_POINT('Ctrl Pts',(16.6983088698161,36.7681679251001,-56.5018254888407));
#4968=CARTESIAN_POINT('Ctrl Pts',(16.6615300757394,36.690325753146,-56.1683948081918));
#4969=CARTESIAN_POINT('Ctrl Pts',(16.5178085725257,36.5462416082749,-55.5143401309038));
#4970=CARTESIAN_POINT('Ctrl Pts',(16.4108952735032,36.4799947676093,-55.1937107443927));
#4971=CARTESIAN_POINT('Ctrl Pts',(16.1633696193057,36.369211427797,-54.6240146507124));
#4972=CARTESIAN_POINT('Ctrl Pts',(15.9993789159759,36.3145500910902,-54.3225129293018));
#4973=CARTESIAN_POINT('Ctrl Pts',(15.6120822597162,36.2217156919583,-53.7574172500853));
#4974=CARTESIAN_POINT('Ctrl Pts',(15.3888029297996,36.1835352252159,-53.4938062626584));
#4975=CARTESIAN_POINT('Ctrl Pts',(14.9425512220309,36.1278114338274,-53.0503774132644));
#4976=CARTESIAN_POINT('Ctrl Pts',(14.6786009994116,36.1049961032087,-52.829212408319));
#4977=CARTESIAN_POINT('Ctrl Pts',(14.1111484435058,36.078252575335,-52.444148708784));
#4978=CARTESIAN_POINT('Ctrl Pts',(13.8076056323364,36.0743436357206,-52.2803083308145));
#4979=CARTESIAN_POINT('Ctrl Pts',(13.2513983398869,36.0822981076843,-52.0413603339713));
#4980=CARTESIAN_POINT('Ctrl Pts',(12.9503976575573,36.0936147515008,-51.9404695348908));
#4981=CARTESIAN_POINT('Ctrl Pts',(12.6419593001755,36.1135845514246,-51.8710240915588));
#4982=CARTESIAN_POINT('',(12.2463270324521,32.3398572518754,-47.2366279745291));
#4983=CARTESIAN_POINT('Origin',(12.4612798556742,34.362341395239,-49.4419291271229));
#4984=CARTESIAN_POINT('',(16.3756030060934,33.3307510622864,-42.4124463904492));
#4985=CARTESIAN_POINT('Ctrl Pts',(12.2463270324521,32.3398572518754,-47.2366279745291));
#4986=CARTESIAN_POINT('Ctrl Pts',(12.2464645245128,32.3409360235811,-47.2356252303128));
#4987=CARTESIAN_POINT('Ctrl Pts',(12.2466105493091,32.3420138466865,-47.2346216313774));
#4988=CARTESIAN_POINT('Ctrl Pts',(12.2488245424849,32.3574374183815,-47.2202352409157));
#4989=CARTESIAN_POINT('Ctrl Pts',(12.2523729228783,32.3714084723061,-47.2068944469752));
#4990=CARTESIAN_POINT('Ctrl Pts',(12.2652632708734,32.4068620701369,-47.1722545863518));
#4991=CARTESIAN_POINT('Ctrl Pts',(12.2766346745456,32.4273971976263,-47.151401404956));
#4992=CARTESIAN_POINT('Ctrl Pts',(12.3208226253901,32.4888493690616,-47.0868579026919));
#4993=CARTESIAN_POINT('Ctrl Pts',(12.3647581595307,32.528045961169,-47.0423865210883));
#4994=CARTESIAN_POINT('Ctrl Pts',(12.5039069398004,32.6241968845405,-46.9254244073945));
#4995=CARTESIAN_POINT('Ctrl Pts',(12.6144823967335,32.6795144525939,-46.8504432088037));
#4996=CARTESIAN_POINT('Ctrl Pts',(13.0811677447291,32.8787221814924,-46.5527631421403));
#4997=CARTESIAN_POINT('Ctrl Pts',(13.5928006670715,33.0367331898702,-46.2620787230257));
#4998=CARTESIAN_POINT('Ctrl Pts',(14.6221062082859,33.3197217138914,-45.4954068184993));
#4999=CARTESIAN_POINT('Ctrl Pts',(15.1944438597992,33.4644982998932,-44.9810510223341));
#5000=CARTESIAN_POINT('Ctrl Pts',(15.9058031555296,33.538063908002,-43.9045103318516));
#5001=CARTESIAN_POINT('Ctrl Pts',(16.1111300447991,33.5263368418207,-43.4697289293966));
#5002=CARTESIAN_POINT('Ctrl Pts',(16.302701739485,33.4250008239835,-42.8125756433199));
#5003=CARTESIAN_POINT('Ctrl Pts',(16.3462580649812,33.3836306191646,-42.6124625244984));
#5004=CARTESIAN_POINT('Ctrl Pts',(16.3756030060933,33.3307510622866,-42.41244639045));
#5005=CARTESIAN_POINT('',(16.4259719632255,33.1296014940179,-41.6217343890326));
#5006=CARTESIAN_POINT('Ctrl Pts',(16.3756030060934,33.3307510622864,-42.412446390449));
#5007=CARTESIAN_POINT('Ctrl Pts',(16.4151206533849,33.2595402982354,-42.1430927390731));
#5008=CARTESIAN_POINT('Ctrl Pts',(16.4305697894786,33.1910309068352,-41.8729529049627));
#5009=CARTESIAN_POINT('Ctrl Pts',(16.4259719632255,33.1296014940179,-41.6217343890326));
#5010=CARTESIAN_POINT('Origin',(16.4336380357529,33.8947549742081,-49.4835635843587));
#5011=CARTESIAN_POINT('Origin',(16.9461335772845,37.1514401522392,-37.1612199320622));
#5012=CARTESIAN_POINT('',(16.3661079911126,32.3297868743671,-38.350854324374));
#5013=CARTESIAN_POINT('',(16.3661079911125,32.3297868743671,-38.350854324374));
#5014=CARTESIAN_POINT('',(17.5261591634565,41.9730934301113,-35.9715855397504));
#5015=CARTESIAN_POINT('',(16.9461335772845,37.1514401522392,-37.1612199320622));
#5016=CARTESIAN_POINT('',(17.9369990587354,47.4621337156384,-58.4192777960844));
#5017=CARTESIAN_POINT('',(17.5261591634565,41.9730934301113,-35.9715855397504));
#5018=CARTESIAN_POINT('',(17.3738198127994,42.8655565350038,-60.5293716316189));
#5019=CARTESIAN_POINT('Ctrl Pts',(17.3738198127994,42.8655565350038,-60.5293716316189));
#5020=CARTESIAN_POINT('Ctrl Pts',(17.5586117844082,44.3732666659303,-59.8310290113076));
#5021=CARTESIAN_POINT('Ctrl Pts',(17.747893204297,45.9180694769425,-59.1209253857215));
#5022=CARTESIAN_POINT('Ctrl Pts',(17.9369990587354,47.4621337156384,-58.4192777960844));
#5023=CARTESIAN_POINT('',(16.7937942266274,38.0439032571316,-61.7190060239307));
#5024=CARTESIAN_POINT('',(17.3738198127994,42.8655565350038,-60.5293716316189));
#5025=CARTESIAN_POINT('',(16.3661079911125,32.3297868743671,-38.350854324374));
#5026=CARTESIAN_POINT('Origin',(15.8604305071606,28.5014639252385,-43.6027605107752));
#5027=CARTESIAN_POINT('',(17.2117747575505,31.7553742255868,-47.2886710460739));
#5028=CARTESIAN_POINT('',(16.2186852125308,31.8722708308445,-47.2782624317649));
#5029=CARTESIAN_POINT('',(17.4335456383523,33.2062205978529,-42.4235347327724));
#5030=CARTESIAN_POINT('Origin',(16.8535200521802,28.3845673199808,-43.6131691250842));
#5031=CARTESIAN_POINT('',(16.4404560933326,33.3231172031106,-42.4131261184634));
#5032=CARTESIAN_POINT('Origin',(16.4336380357529,33.8947549742081,-49.4835635843587));
#5033=CARTESIAN_POINT('',(17.6074070252739,35.529101525136,-51.9230671631036));
#5034=CARTESIAN_POINT('',(16.6143174802542,35.6459981303937,-51.9126585487946));
#5035=CARTESIAN_POINT('Origin',(17.4267275807725,33.7778583689504,-49.4939721986677));
#5036=CARTESIAN_POINT('Origin',(12.4612798556742,34.362341395239,-49.4419291271229));
#5037=CARTESIAN_POINT('Origin',(12.4612798556742,34.362341395239,-49.4419291271229));
#5038=CARTESIAN_POINT('',(12.438171707583,34.0536042028347,-48.1793336418157));
#5039=CARTESIAN_POINT('Origin',(12.4612798556742,34.362341395239,-49.4419291271229));
#5040=CARTESIAN_POINT('Origin',(16.7789384495856,34.9021087993051,-48.9778980207297));
#5041=CARTESIAN_POINT('',(17.3566157954095,32.1783968350574,-38.2202003936503));
#5042=CARTESIAN_POINT('',(17.7841070413731,37.8899080533424,-61.5776981487154));
#5043=CARTESIAN_POINT('',(16.7192433836186,31.7647210668881,-36.2327885925054));
#5044=CARTESIAN_POINT('',(17.3566157954095,32.1783968350574,-38.2202003936503));
#5045=CARTESIAN_POINT('',(15.7722437039863,31.9443493175783,-36.499106632319));
#5046=CARTESIAN_POINT('',(17.1927432234348,31.674906941543,-36.0996295725986));
#5047=CARTESIAN_POINT('',(15.7722437039863,31.9443493175783,-36.499106632319));
#5048=CARTESIAN_POINT('Origin',(17.4267275807725,33.7778583689504,-49.4939721986677));
#5049=CARTESIAN_POINT('',(17.4036194326814,33.4691211765461,-48.2313767133605));
#5050=CARTESIAN_POINT('Origin',(17.4267275807725,33.7778583689504,-49.4939721986677));
#5051=CARTESIAN_POINT('',(17.4036194326814,33.4691211765461,-48.2313767133605));
#5052=CARTESIAN_POINT('Origin',(18.364132627545,42.7115613312145,-60.3880637564036));
#5053=CARTESIAN_POINT('',(17.7841070413731,37.8899080533424,-61.5776981487154));
#5054=CARTESIAN_POINT('',(17.7841070413731,37.8899080533424,-61.5776981487154));
#5055=CARTESIAN_POINT('',(18.364132627545,42.7115613312145,-60.3880637564036));
#5056=CARTESIAN_POINT('',(18.364132627545,42.7115613312145,-60.3880637564036));
#5057=CARTESIAN_POINT('',(17.9366413815815,37.0000501129295,-37.0305660013385));
#5058=CARTESIAN_POINT('',(18.364132627545,42.7115613312145,-60.3880637564036));
#5059=CARTESIAN_POINT('',(17.9366413815815,37.0000501129295,-37.0305660013385));
#5060=CARTESIAN_POINT('Origin',(16.7789384495856,34.9021087993051,-48.9778980207297));
#5061=CARTESIAN_POINT('Origin',(14.8318864523738,34.851584456436,-47.8238032431486));
#5062=CARTESIAN_POINT('Origin',(18.1864402837301,44.4984068920597,-46.5287499563552));
#5063=CARTESIAN_POINT('',(18.9931415509799,41.5958208441627,-35.1577302177117));
#5064=CARTESIAN_POINT('',(18.2638418936348,41.3350861348375,-33.7453762726863));
#5065=CARTESIAN_POINT('Ctrl Pts',(18.9931415509799,41.5958208441627,-35.1577302177117));
#5066=CARTESIAN_POINT('Ctrl Pts',(18.7789688365293,41.5020083541703,-34.6730796747851));
#5067=CARTESIAN_POINT('Ctrl Pts',(18.5361118526712,41.4147686498714,-34.201083510047));
#5068=CARTESIAN_POINT('Ctrl Pts',(18.2638418936348,41.3350861348375,-33.7453762726864));
#5069=CARTESIAN_POINT('',(18.6927906898106,42.8617055298973,-40.1419891617988));
#5070=CARTESIAN_POINT('Ctrl Pts',(18.6927906898106,42.8617055298973,-40.1419891617988));
#5071=CARTESIAN_POINT('Ctrl Pts',(18.9643301909558,42.635519561753,-39.357638555914));
#5072=CARTESIAN_POINT('Ctrl Pts',(19.1196801112506,42.410863289796,-38.5228377743757));
#5073=CARTESIAN_POINT('Ctrl Pts',(19.2167958738286,41.9854519787856,-36.8459728249817));
#5074=CARTESIAN_POINT('Ctrl Pts',(19.1578791390541,41.7817341132721,-35.9915673578442));
#5075=CARTESIAN_POINT('Ctrl Pts',(18.9931415509799,41.5958208441627,-35.1577302177117));
#5076=CARTESIAN_POINT('',(18.3234932161552,47.4099495999897,-58.3962142294726));
#5077=CARTESIAN_POINT('Ctrl Pts',(18.3234932161546,47.4099495999917,-58.3962142294721));
#5078=CARTESIAN_POINT('Ctrl Pts',(18.47091077768,46.6926470260539,-55.5608234815947));
#5079=CARTESIAN_POINT('Ctrl Pts',(18.5515680429509,45.871822391391,-52.2733020901588));
#5080=CARTESIAN_POINT('Ctrl Pts',(18.6527660310157,44.4242940739979,-46.4557313484659));
#5081=CARTESIAN_POINT('Ctrl Pts',(18.679795727132,43.6177478932734,-43.1999343189391));
#5082=CARTESIAN_POINT('Ctrl Pts',(18.6927906898106,42.8617055298973,-40.1419891617988));
#5083=CARTESIAN_POINT('Ctrl Pts',(17.9371738912444,47.4619764150198,-58.418724310279));
#5084=CARTESIAN_POINT('Ctrl Pts',(18.0660957691925,47.4449348053497,-58.4125116641953));
#5085=CARTESIAN_POINT('Ctrl Pts',(18.194908808554,47.4275644600113,-58.4049131389645));
#5086=CARTESIAN_POINT('Ctrl Pts',(18.3235766106566,47.4098676028136,-58.395920661616));
#5087=CARTESIAN_POINT('',(16.9322948763302,41.5876558733225,-34.1198378476954));
#5088=CARTESIAN_POINT('',(16.9322948763302,41.5876558733225,-34.1198378476954));
#5089=CARTESIAN_POINT('',(18.3527943957787,41.3182134972873,-33.720360787975));
#5090=CARTESIAN_POINT('Origin',(23.2727390692119,34.8299067543879,-30.8365574079029));
#5091=CARTESIAN_POINT('',(17.7727688096068,36.4965602194152,-34.9099951802868));
#5092=CARTESIAN_POINT('',(17.2992689697906,36.5863743447602,-35.0431542001936));
#5093=CARTESIAN_POINT('',(17.7727688096068,36.4965602194152,-34.9099951802868));
#5094=CARTESIAN_POINT('',(17.9366413815815,37.0000501129295,-37.0305660013385));
#5095=CARTESIAN_POINT('Ctrl Pts',(18.364132627545,42.7115613312145,-60.3880637564036));
#5096=CARTESIAN_POINT('Ctrl Pts',(18.0361915988191,42.7654420877231,-60.4465524309635));
#5097=CARTESIAN_POINT('Ctrl Pts',(17.7058150758014,42.8168161578469,-60.493693903631));
#5098=CARTESIAN_POINT('Ctrl Pts',(17.3738198127994,42.8655565350037,-60.5293716316189));
#5099=CARTESIAN_POINT('',(2.76949902716827,42.715601215288,-52.8010205158574));
#5100=CARTESIAN_POINT('Ctrl Pts',(17.374079932499,42.8653266960909,-60.5285669075182));
#5101=CARTESIAN_POINT('Ctrl Pts',(16.0822107836467,43.0547509298388,-60.6664418868383));
#5102=CARTESIAN_POINT('Ctrl Pts',(14.7662754107144,43.2042431235567,-60.630736244443));
#5103=CARTESIAN_POINT('Ctrl Pts',(13.4738843380914,43.3080873853768,-60.4214964429737));
#5104=CARTESIAN_POINT('Ctrl Pts',(11.6818702936988,43.4520766000605,-60.1313670302736));
#5105=CARTESIAN_POINT('Ctrl Pts',(9.9351231445033,43.5083018921797,-59.5075962483795));
#5106=CARTESIAN_POINT('Ctrl Pts',(8.36240378660322,43.471343171487,-58.5909956429574));
#5107=CARTESIAN_POINT('Ctrl Pts',(6.00332474975311,43.415905090448,-57.2160947348242));
#5108=CARTESIAN_POINT('Ctrl Pts',(4.03580824331774,43.1508029805821,-55.1823267237531));
#5109=CARTESIAN_POINT('Ctrl Pts',(2.76949902716827,42.715601215288,-52.8010205158573));
#5110=CARTESIAN_POINT('',(0.487157419221451,40.9125241766513,-44.3802578787539));
#5111=CARTESIAN_POINT('Ctrl Pts',(2.76949902716827,42.715601215288,-52.8010205158574));
#5112=CARTESIAN_POINT('Ctrl Pts',(1.38136599530337,42.2385313667657,-50.1906234943333));
#5113=CARTESIAN_POINT('Ctrl Pts',(0.594903536735354,41.617216662667,-47.2889484499249));
#5114=CARTESIAN_POINT('Ctrl Pts',(0.487157419221451,40.9125241766513,-44.3802578787539));
#5115=CARTESIAN_POINT('',(0.,41.2176478629295,-45.379419354027));
#5116=CARTESIAN_POINT('',(-7.63878215647791,46.0020836085365,-61.0465867779646));
#5117=CARTESIAN_POINT('',(0.,41.5273249548249,-46.634557550156));
#5118=CARTESIAN_POINT('',(0.,36.6988119129978,-27.0643300198879));
#5119=CARTESIAN_POINT('',(6.98556447571183,43.787674618694,-59.2018039178788));
#5120=CARTESIAN_POINT('Origin',(15.,39.8493155935355,-47.146987637381));
#5121=CARTESIAN_POINT('',(11.3685719899337,43.7471397443417,-61.1745204163345));
#5122=CARTESIAN_POINT('Origin',(15.0956585329258,39.7907973521998,-46.9564498763819));
#5123=CARTESIAN_POINT('',(15.,43.4478182815005,-61.731915908613));
#5124=CARTESIAN_POINT('Origin',(15.0956585329258,39.7907973521998,-46.9564498763819));
#5125=CARTESIAN_POINT('',(17.9851476292573,43.1138779037188,-61.8338945392823));
#5126=CARTESIAN_POINT('',(14.2576602738193,43.5308618154864,-61.7065560945705));
#5127=CARTESIAN_POINT('',(18.,43.1122164092426,-61.834401926058));
#5128=CARTESIAN_POINT('',(14.2576602738193,43.5308618154864,-61.7065560945705));
#5129=CARTESIAN_POINT('',(20.,42.408681469342,-59.958068834857));
#5130=CARTESIAN_POINT('Origin',(18.,42.6324160508473,-59.889744823227));
#5131=CARTESIAN_POINT('',(20.,36.7772768672954,-37.133677884191));
#5132=CARTESIAN_POINT('',(20.,35.6777154915073,-32.677095470255));
#5133=CARTESIAN_POINT('',(12.,35.7530137597351,-29.0817534263472));
#5134=CARTESIAN_POINT('Origin',(12.,37.6722151933164,-36.860381837671));
#5135=CARTESIAN_POINT('',(8.0126069320302,36.1990726194147,-28.9455360811726));
#5136=CARTESIAN_POINT('',(28.7293931613207,33.8815418708426,-29.6532630528056));
#5137=CARTESIAN_POINT('',(7.45489450932523,36.5483873657052,-30.0894061015421));
#5138=CARTESIAN_POINT('',(-7.63878215647791,46.0020836085365,-61.0465867779646));
#5139=CARTESIAN_POINT('Ctrl Pts',(7.45489450932524,36.5483873657052,-30.0894061015421));
#5140=CARTESIAN_POINT('Ctrl Pts',(9.14428713397469,36.2895390103912,-29.8639703918672));
#5141=CARTESIAN_POINT('Ctrl Pts',(13.2561714831094,35.9091057481655,-30.3268696217608));
#5142=CARTESIAN_POINT('Ctrl Pts',(16.5551958373795,36.1688595295185,-32.9881588604056));
#5143=CARTESIAN_POINT('Ctrl Pts',(17.7727688096068,36.4965602194152,-34.9099951802868));
#5144=CARTESIAN_POINT('Origin',(16.3522692901582,36.7660025954504,-35.3094722400072));
#5145=CARTESIAN_POINT('',(16.3522692901582,36.7660025954504,-35.3094722400072));
#5146=CARTESIAN_POINT('Origin',(17.2992689697906,36.5863743447602,-35.0431542001936));
#5147=CARTESIAN_POINT('',(17.2992689697906,36.5863743447602,-35.0431542001936));
#5148=CARTESIAN_POINT('Ctrl Pts',(18.2638418936348,41.3350861348375,-33.7453762726863));
#5149=CARTESIAN_POINT('Ctrl Pts',(18.0636385772076,39.7414041526929,-34.141304126374));
#5150=CARTESIAN_POINT('Ctrl Pts',(17.8877401854872,38.0919505874702,-34.5410460179922));
#5151=CARTESIAN_POINT('Ctrl Pts',(17.7727688096068,36.4965602194152,-34.9099951802868));
#5152=CARTESIAN_POINT('Origin',(17.9366413815815,37.0000501129295,-37.0305660013385));
#5153=CARTESIAN_POINT('Origin',(15.4119120385457,39.6732377343081,-46.6341688508368));
#5154=CARTESIAN_POINT('Origin',(25.5149393311301,102.942218999212,0.106403285203111));
#5155=CARTESIAN_POINT('',(24.0826022311838,104.19448251715,-2.83132483594066));
#5156=CARTESIAN_POINT('Origin',(25.5149393311301,102.942218999212,0.106403285203111));
#5157=CARTESIAN_POINT('',(29.6828836310705,104.19448251715,-5.56183306829336));
#5158=CARTESIAN_POINT('',(24.0826022311838,104.19448251715,-2.83132483594066));
#5159=CARTESIAN_POINT('',(30.2430584035318,104.937859548147,1.00000000000001));
#5160=CARTESIAN_POINT('Origin',(28.7392353853323,102.942218999212,-1.46565466883464));
#5161=CARTESIAN_POINT('',(26.2408175840319,99.6267065937522,1.00000000000001));
#5162=CARTESIAN_POINT('Origin',(23.6821695186893,102.942218999212,1.00000000000001));
#5163=CARTESIAN_POINT('Origin',(28.7392353853323,102.942218999212,-1.46565466883464));
#5164=CARTESIAN_POINT('Origin',(25.5149393311301,102.942218999212,0.106403285203111));
#5165=CARTESIAN_POINT('',(24.7987707811569,103.568350758181,-1.36246077536878));
#5166=CARTESIAN_POINT('Origin',(25.5149393311301,102.942218999212,0.106403285203105));
#5167=CARTESIAN_POINT('Origin',(74.4019933920697,115.351181460407,0.999999999999996));
#5168=CARTESIAN_POINT('',(34.,109.923489438871,1.00000000000001));
#5169=CARTESIAN_POINT('',(51.2415636006982,132.803817131816,1.00000000000001));
#5170=CARTESIAN_POINT('',(34.,96.2663341105733,1.));
#5171=CARTESIAN_POINT('',(34.,97.6755907302034,1.));
#5172=CARTESIAN_POINT('',(36.6717695166992,91.1932468304159,1.00000000000001));
#5173=CARTESIAN_POINT('Origin',(23.2850543280707,89.2924609844882,1.00000000000001));
#5174=CARTESIAN_POINT('',(25.9653326283121,99.26112570983,1.00000000000001));
#5175=CARTESIAN_POINT('',(43.3356549718408,86.1716489562729,0.999999999999998));
#5176=CARTESIAN_POINT('',(51.2415636006982,132.803817131816,1.00000000000001));
#5177=CARTESIAN_POINT('Origin',(22.8183804946556,102.942218999212,1.42115438006162));
#5178=CARTESIAN_POINT('',(22.1022119446825,103.568350758181,-0.047709680510264));
#5179=CARTESIAN_POINT('Origin',(22.8183804946556,102.942218999212,1.42115438006162));
#5180=CARTESIAN_POINT('',(22.1022119446825,103.568350758181,-0.0477096805102645));
#5181=CARTESIAN_POINT('Ctrl Pts',(3.67608294696367,76.4252114617459,-45.4176738227294));
#5182=CARTESIAN_POINT('Ctrl Pts',(4.97443914841106,79.6064337411829,-45.9892339195058));
#5183=CARTESIAN_POINT('Ctrl Pts',(8.47092742681773,87.0601480179388,-46.4619513515628));
#5184=CARTESIAN_POINT('Ctrl Pts',(12.2915575497929,94.8381415918011,-44.6399319501275));
#5185=CARTESIAN_POINT('Ctrl Pts',(14.0629748349719,99.607162409245,-43.1057779438184));
#5186=CARTESIAN_POINT('Ctrl Pts',(3.86657862537303,76.7057661968303,-44.2675032587495));
#5187=CARTESIAN_POINT('Ctrl Pts',(5.10297584546287,79.855577355069,-44.7835921857811));
#5188=CARTESIAN_POINT('Ctrl Pts',(8.39713553657712,87.2357946322835,-45.1479461249187));
#5189=CARTESIAN_POINT('Ctrl Pts',(11.9224142836174,94.9701239447104,-43.3950645754987));
#5190=CARTESIAN_POINT('Ctrl Pts',(13.5548849181481,99.7109769984186,-41.9516903396888));
#5191=CARTESIAN_POINT('Ctrl Pts',(3.8458859074945,77.4352558323696,-41.9421487002784));
#5192=CARTESIAN_POINT('Ctrl Pts',(4.93603025514137,80.5413787350324,-42.3668316735293));
#5193=CARTESIAN_POINT('Ctrl Pts',(7.78275747373986,87.8202983602592,-42.5794073069628));
#5194=CARTESIAN_POINT('Ctrl Pts',(10.7524016620617,95.4635716031126,-41.0587858739412));
#5195=CARTESIAN_POINT('Ctrl Pts',(12.144084524741,100.127179460232,-39.8366214705307));
#5196=CARTESIAN_POINT('Ctrl Pts',(3.02551105635573,78.4079884265598,-39.863535329939));
#5197=CARTESIAN_POINT('Ctrl Pts',(3.94453518355146,81.50810669784,-40.2643965842485));
#5198=CARTESIAN_POINT('Ctrl Pts',(6.32682549879761,88.7807396630389,-40.518165445294));
#5199=CARTESIAN_POINT('Ctrl Pts',(8.89676202000843,96.3419841599987,-39.3743188105056));
#5200=CARTESIAN_POINT('Ctrl Pts',(10.1453049141148,100.900879182836,-38.4071574563194));
#5201=CARTESIAN_POINT('Ctrl Pts',(2.44134550404186,78.9241753983493,-38.9523857775814));
#5202=CARTESIAN_POINT('Ctrl Pts',(3.27543071339419,82.0292032320755,-39.3632086465871));
#5203=CARTESIAN_POINT('Ctrl Pts',(5.44239653044776,89.3187201245672,-39.6932503964088));
#5204=CARTESIAN_POINT('Ctrl Pts',(7.86605653456832,96.8452286531556,-38.7575016950411));
#5205=CARTESIAN_POINT('Ctrl Pts',(9.06967546969995,101.349763496523,-37.9148412959682));
#5206=CARTESIAN_POINT('',(9.06967546969994,101.349763496523,-37.9148412959682));
#5207=CARTESIAN_POINT('',(13.4622036280055,98.0397561126408,-43.5966138637181));
#5208=CARTESIAN_POINT('Ctrl Pts',(9.06967546969994,101.349763496523,-37.9148412959682));
#5209=CARTESIAN_POINT('Ctrl Pts',(10.0660249710439,100.598960294467,-38.4641130922215));
#5210=CARTESIAN_POINT('Ctrl Pts',(10.9698835259668,99.9178540181785,-39.249720872965));
#5211=CARTESIAN_POINT('Ctrl Pts',(12.4755390227685,98.7832612205041,-41.1992255712173));
#5212=CARTESIAN_POINT('Ctrl Pts',(13.067062287001,98.3375164705178,-42.3421362559815));
#5213=CARTESIAN_POINT('Ctrl Pts',(13.4622036280055,98.0397561126408,-43.596613863718));
#5214=CARTESIAN_POINT('',(3.01820099992914,81.02259810432,-39.1890791379644));
#5215=CARTESIAN_POINT('Ctrl Pts',(9.06967546969995,101.349763496523,-37.9148412959682));
#5216=CARTESIAN_POINT('Ctrl Pts',(7.86605653456832,96.8452286531556,-38.7575016950411));
#5217=CARTESIAN_POINT('Ctrl Pts',(5.67604180399466,90.0442893632498,-39.6030425038288));
#5218=CARTESIAN_POINT('Ctrl Pts',(3.69561521845084,83.4368512895758,-39.4150785196465));
#5219=CARTESIAN_POINT('Ctrl Pts',(3.01801829658412,81.022658412089,-39.1891452558987));
#5220=CARTESIAN_POINT('',(2.81716729168379,78.5726012694995,-39.6013999373295));
#5221=CARTESIAN_POINT('Ctrl Pts',(3.01820099992915,81.0225981043201,-39.1890791379644));
#5222=CARTESIAN_POINT('Ctrl Pts',(2.95576668248035,80.192594535998,-39.3171321291915));
#5223=CARTESIAN_POINT('Ctrl Pts',(2.88902989458049,79.3723860429754,-39.4540095015193));
#5224=CARTESIAN_POINT('Ctrl Pts',(2.81716729168379,78.5726012694995,-39.6013999373295));
#5225=CARTESIAN_POINT('',(4.15020782696916,77.5680831751853,-45.6069012677318));
#5226=CARTESIAN_POINT('Ctrl Pts',(4.1502078269686,77.5680831751845,-45.6069012677315));
#5227=CARTESIAN_POINT('Ctrl Pts',(4.19059465308696,77.5376495187922,-44.40414434741));
#5228=CARTESIAN_POINT('Ctrl Pts',(4.06616418653542,77.6314145998246,-43.2005518033294));
#5229=CARTESIAN_POINT('Ctrl Pts',(3.5472146497301,78.0224711250832,-41.1826275275295));
#5230=CARTESIAN_POINT('Ctrl Pts',(3.22706174005151,78.2637236478174,-40.3563131697465));
#5231=CARTESIAN_POINT('Ctrl Pts',(2.81716729168379,78.5726012694995,-39.6013999373295));
#5232=CARTESIAN_POINT('Ctrl Pts',(4.15055569720948,77.5679315975124,-45.6069250409062));
#5233=CARTESIAN_POINT('Ctrl Pts',(5.33393583347929,80.371833979486,-46.0316859855345));
#5234=CARTESIAN_POINT('Ctrl Pts',(8.44528105501419,86.9878545426855,-46.3461129289601));
#5235=CARTESIAN_POINT('Ctrl Pts',(11.8108683551215,93.8582249959588,-44.8606529645402));
#5236=CARTESIAN_POINT('Ctrl Pts',(13.4620170443055,98.0394760369137,-43.5954447670043));
#5237=CARTESIAN_POINT('Ctrl Pts',(12.5518707357758,100.603944637757,-39.1830900969811));
#5238=CARTESIAN_POINT('Ctrl Pts',(10.9729693902091,92.8719048163457,-41.4070872800573));
#5239=CARTESIAN_POINT('Ctrl Pts',(9.39406804464243,85.1398649949348,-43.6310844631336));
#5240=CARTESIAN_POINT('Ctrl Pts',(7.81516669907573,77.4078251735239,-45.8550816462098));
#5241=CARTESIAN_POINT('Ctrl Pts',(10.0090956252637,102.520063120784,-37.8824638892673));
#5242=CARTESIAN_POINT('Ctrl Pts',(8.74478979440696,94.5509585751189,-39.7993361962209));
#5243=CARTESIAN_POINT('Ctrl Pts',(7.48048396355025,86.5818540294541,-41.7162085031744));
#5244=CARTESIAN_POINT('Ctrl Pts',(6.21617813269354,78.6127494837893,-43.633080810128));
#5245=CARTESIAN_POINT('Ctrl Pts',(7.46632051475154,104.436181603811,-36.5818376815536));
#5246=CARTESIAN_POINT('Ctrl Pts',(6.51661019860481,96.230012333892,-38.1915851123844));
#5247=CARTESIAN_POINT('Ctrl Pts',(5.56689988245807,88.0238430639733,-39.8013325432153));
#5248=CARTESIAN_POINT('Ctrl Pts',(4.61718956631134,79.8176737940546,-41.4110799740462));
#5249=CARTESIAN_POINT('Ctrl Pts',(4.9235454042394,106.352300086838,-35.2812114738398));
#5250=CARTESIAN_POINT('Ctrl Pts',(4.28843060280265,97.9090660926651,-36.583834028548));
#5251=CARTESIAN_POINT('Ctrl Pts',(3.65331580136589,89.4658320984925,-37.8864565832562));
#5252=CARTESIAN_POINT('Ctrl Pts',(3.01820099992914,81.02259810432,-39.1890791379644));
#5253=CARTESIAN_POINT('',(12.2194838933509,98.9762126018325,-39.651281097844));
#5254=CARTESIAN_POINT('Ctrl Pts',(12.2194838933509,98.9762126018325,-39.651281097844));
#5255=CARTESIAN_POINT('Ctrl Pts',(11.1695477521339,99.7673962333958,-39.072467830552));
#5256=CARTESIAN_POINT('Ctrl Pts',(10.1196116109169,100.558579864959,-38.4936545632601));
#5257=CARTESIAN_POINT('Ctrl Pts',(9.06967546969994,101.349763496523,-37.9148412959682));
#5258=CARTESIAN_POINT('',(12.5518707357758,100.603944637757,-39.1830900969811));
#5259=CARTESIAN_POINT('',(12.5518707357758,100.603944637757,-39.1830900969811));
#5260=CARTESIAN_POINT('',(9.65781510066792,102.784771982815,-37.7027843514821));
#5261=CARTESIAN_POINT('',(12.5518707357758,100.603944637757,-39.1830900969811));
#5262=CARTESIAN_POINT('',(4.9235454042394,106.352300086838,-35.2812114738398));
#5263=CARTESIAN_POINT('',(12.5518707357758,100.603944637757,-39.1830900969811));
#5264=CARTESIAN_POINT('',(4.9235454042394,106.352300086838,-35.2812114738398));
#5265=CARTESIAN_POINT('Ctrl Pts',(13.1492926757096,98.2755514280649,-42.6031977309671));
#5266=CARTESIAN_POINT('Ctrl Pts',(10.1495977261369,91.3730620104323,-43.604432242994));
#5267=CARTESIAN_POINT('Ctrl Pts',(7.14990277656425,84.4705725927997,-44.6056667550209));
#5268=CARTESIAN_POINT('Ctrl Pts',(4.15020782699156,77.5680831751672,-45.6069012670478));
#5269=CARTESIAN_POINT('Ctrl Pts',(14.3642989245735,97.3599785483333,-46.4605469229927));
#5270=CARTESIAN_POINT('Ctrl Pts',(10.9037138848736,90.8047947247683,-47.8403947559308));
#5271=CARTESIAN_POINT('Ctrl Pts',(7.44312884517376,84.2496109012033,-49.2202425888689));
#5272=CARTESIAN_POINT('Ctrl Pts',(3.98254380547388,77.6944270776383,-50.600090421807));
#5273=CARTESIAN_POINT('Ctrl Pts',(15.5793051734374,96.4444056686017,-50.3178961150184));
#5274=CARTESIAN_POINT('Ctrl Pts',(11.6578300436103,90.2365274391043,-52.0763572688676));
#5275=CARTESIAN_POINT('Ctrl Pts',(7.73635491378327,84.0286492096069,-53.8348184227168));
#5276=CARTESIAN_POINT('Ctrl Pts',(3.81487978395621,77.8207709801095,-55.5932795765661));
#5277=CARTESIAN_POINT('Ctrl Pts',(16.7943114223013,95.5288327888701,-54.175245307044));
#5278=CARTESIAN_POINT('Ctrl Pts',(12.411946202347,89.6682601534403,-56.3123197818044));
#5279=CARTESIAN_POINT('Ctrl Pts',(8.02958098239278,83.8076875180105,-58.4493942565648));
#5280=CARTESIAN_POINT('Ctrl Pts',(3.64721576243853,77.9471148825806,-60.5864687313252));
#5281=CARTESIAN_POINT('',(3.64721576243853,77.9471148825806,-60.5864687313252));
#5282=CARTESIAN_POINT('',(4.27851620387316,77.4713958781059,-41.7857594972711));
#5283=CARTESIAN_POINT('',(16.7943114223013,95.5288327888701,-54.175245307044));
#5284=CARTESIAN_POINT('',(16.7943114223013,95.5288327888701,-54.175245307044));
#5285=CARTESIAN_POINT('',(12.2194838933509,98.9762126018325,-39.651281097844));
#5286=CARTESIAN_POINT('Origin',(9.46759619333509,73.5611436357395,-51.6959316626991));
#5287=CARTESIAN_POINT('',(19.783542090139,65.7875208245616,-50.587772863254));
#5288=CARTESIAN_POINT('',(7.4558658857183,75.0770911567587,-46.4886029419633));
#5289=CARTESIAN_POINT('Origin',(9.45333231262412,73.5718922408194,-68.182918370362));
#5290=CARTESIAN_POINT('',(9.29441489943474,73.6916451011602,-59.0301636134656));
#5291=CARTESIAN_POINT('',(5.82662708783616,76.3048106514874,-61.8212842865261));
#5292=CARTESIAN_POINT('',(5.82662708783616,76.3048106514874,-61.8212842865261));
#5293=CARTESIAN_POINT('',(5.82662708783616,76.3048106514874,-61.8212842865261));
#5294=CARTESIAN_POINT('',(3.64721576243853,77.9471148825806,-60.5864687313252));
#5295=CARTESIAN_POINT('',(2.83300994151481,78.560662976555,-39.5689066102183));
#5296=CARTESIAN_POINT('',(-2.09964793476801,82.2776872969993,-49.6858042006532));
#5297=CARTESIAN_POINT('',(7.35477999315132,75.1532648405108,-46.5035697483807));
#5298=CARTESIAN_POINT('',(2.83300994151481,78.560662976555,-39.5689066102183));
#5299=CARTESIAN_POINT('Origin',(9.45333231262412,73.5718922408194,-68.182918370362));
#5300=CARTESIAN_POINT('Origin',(22.7492395342136,91.0414725920676,-43.9485001366352));
#5301=CARTESIAN_POINT('',(19.8814390061408,93.2025152948838,-35.1223442275871));
#5302=CARTESIAN_POINT('',(34.7652237350827,81.9867790315315,-38.5772250388305));
#5303=CARTESIAN_POINT('Ctrl Pts',(19.8814390061408,93.2025152948838,-35.1223442275871));
#5304=CARTESIAN_POINT('Ctrl Pts',(20.6765777276143,92.6033352909239,-34.9004075960293));
#5305=CARTESIAN_POINT('Ctrl Pts',(21.8593368467208,91.7120623664252,-34.6431723960992));
#5306=CARTESIAN_POINT('Ctrl Pts',(23.269564507736,90.6493796009001,-34.56700257652));
#5307=CARTESIAN_POINT('Ctrl Pts',(23.9746783382436,90.1180382181376,-34.5289176667303));
#5308=CARTESIAN_POINT('Ctrl Pts',(24.7366593042284,89.5438443751185,-34.5360991020284));
#5309=CARTESIAN_POINT('Ctrl Pts',(25.5292096969464,88.9466148167753,-34.6116331387934));
#5310=CARTESIAN_POINT('Ctrl Pts',(27.1143104823824,87.7521557000889,-34.7627012123235));
#5311=CARTESIAN_POINT('Ctrl Pts',(28.8216889747512,86.465553722106,-35.1871796917212));
#5312=CARTESIAN_POINT('Ctrl Pts',(30.4254993983637,85.2569958817958,-35.8843427960868));
#5313=CARTESIAN_POINT('Ctrl Pts',(32.0293098219761,84.0484380414856,-36.5815059004524));
#5314=CARTESIAN_POINT('Ctrl Pts',(33.5295521768321,82.9179243388481,-37.5513536297859));
#5315=CARTESIAN_POINT('Ctrl Pts',(34.7652237350827,81.9867790315315,-38.5772250388305));
#5316=CARTESIAN_POINT('',(17.9177810734294,94.682237683095,-35.8087055231415));
#5317=CARTESIAN_POINT('Ctrl Pts',(17.9182130577785,94.6819121595389,-35.8098846832227));
#5318=CARTESIAN_POINT('Ctrl Pts',(18.5620960000971,94.1967115605627,-35.5374926935447));
#5319=CARTESIAN_POINT('Ctrl Pts',(19.2176459499171,93.7027192408311,-35.3076200681056));
#5320=CARTESIAN_POINT('Ctrl Pts',(19.8814390061407,93.2025152948837,-35.1223442275872));
#5321=CARTESIAN_POINT('Ctrl Pts',(12.2194838933509,98.9762126018324,-39.651281097844));
#5322=CARTESIAN_POINT('Ctrl Pts',(13.9258707005746,97.690357912207,-37.9825080381433));
#5323=CARTESIAN_POINT('Ctrl Pts',(15.8625846214115,96.2309392932699,-36.6795097082379));
#5324=CARTESIAN_POINT('Ctrl Pts',(17.9182130577786,94.6819121595391,-35.8098846832226));
#5325=CARTESIAN_POINT('',(17.5225202556281,94.980088073196,-56.4871311574139));
#5326=CARTESIAN_POINT('',(12.2194838933509,98.9762126018325,-39.651281097844));
#5327=CARTESIAN_POINT('',(23.346598408228,90.5913303931892,-55.591178904306));
#5328=CARTESIAN_POINT('',(17.5225202556281,94.980088073196,-56.4871311574139));
#5329=CARTESIAN_POINT('',(23.346598408228,90.5913303931892,-55.591178904306));
#5330=CARTESIAN_POINT('Ctrl Pts',(16.7943114223013,95.5288327888701,-54.175245307044));
#5331=CARTESIAN_POINT('Ctrl Pts',(12.411946202347,89.6682601534403,-56.3123197818044));
#5332=CARTESIAN_POINT('Ctrl Pts',(8.02958098239278,83.8076875180105,-58.4493942565648));
#5333=CARTESIAN_POINT('Ctrl Pts',(3.64721576243853,77.9471148825806,-60.5864687313252));
#5334=CARTESIAN_POINT('Ctrl Pts',(17.0370477000769,95.3459178836454,-54.9458739238339));
#5335=CARTESIAN_POINT('Ctrl Pts',(12.8159272014638,89.3638386353913,-56.9632739213534));
#5336=CARTESIAN_POINT('Ctrl Pts',(8.59480670285079,83.3817593871371,-58.9806739188728));
#5337=CARTESIAN_POINT('Ctrl Pts',(4.37368620423774,77.3996801388829,-60.9980739163922));
#5338=CARTESIAN_POINT('Ctrl Pts',(17.2797839778525,95.1630029784207,-55.7165025406239));
#5339=CARTESIAN_POINT('Ctrl Pts',(13.2199082005807,89.0594171173422,-57.6142280609023));
#5340=CARTESIAN_POINT('Ctrl Pts',(9.16003242330881,82.9558312562637,-59.5119535811807));
#5341=CARTESIAN_POINT('Ctrl Pts',(5.10015664603695,76.8522453951851,-61.4096791014592));
#5342=CARTESIAN_POINT('Ctrl Pts',(17.5225202556281,94.980088073196,-56.4871311574139));
#5343=CARTESIAN_POINT('Ctrl Pts',(13.6238891996975,88.7549955992932,-58.2651822004513));
#5344=CARTESIAN_POINT('Ctrl Pts',(9.72525814376682,82.5299031253903,-60.0432332434887));
#5345=CARTESIAN_POINT('Ctrl Pts',(5.82662708783616,76.3048106514874,-61.8212842865262));
#5346=CARTESIAN_POINT('',(17.5225202556281,94.980088073196,-56.4871311574139));
#5347=CARTESIAN_POINT('Ctrl Pts',(17.5225202556281,94.980088073196,-56.4871311574139));
#5348=CARTESIAN_POINT('Ctrl Pts',(13.6238891996975,88.7549955992932,-58.2651822004513));
#5349=CARTESIAN_POINT('Ctrl Pts',(9.72525814376682,82.5299031253903,-60.0432332434887));
#5350=CARTESIAN_POINT('Ctrl Pts',(5.82662708783616,76.3048106514874,-61.8212842865261));
#5351=CARTESIAN_POINT('Ctrl Pts',(19.4638796398281,93.5171688465271,-56.1884804063779));
#5352=CARTESIAN_POINT('Ctrl Pts',(15.3034385460084,87.4893643870331,-57.7559571805317));
#5353=CARTESIAN_POINT('Ctrl Pts',(11.1429974521887,81.461559927539,-59.3234339546855));
#5354=CARTESIAN_POINT('Ctrl Pts',(6.98255635836902,75.433755468045,-60.8909107288393));
#5355=CARTESIAN_POINT('Ctrl Pts',(21.405239024028,92.0542496198582,-55.8898296553419));
#5356=CARTESIAN_POINT('Ctrl Pts',(16.9829878923193,86.223733174773,-57.2467321606121));
#5357=CARTESIAN_POINT('Ctrl Pts',(12.5607367606106,80.3932167296878,-58.6036346658823));
#5358=CARTESIAN_POINT('Ctrl Pts',(8.13848562890188,74.5627002846026,-59.9605371711524));
#5359=CARTESIAN_POINT('Ctrl Pts',(23.346598408228,90.5913303931892,-55.591178904306));
#5360=CARTESIAN_POINT('Ctrl Pts',(18.6625372386302,84.9581019625129,-56.7375071406925));
#5361=CARTESIAN_POINT('Ctrl Pts',(13.9784760690325,79.3248735318365,-57.8838353770791));
#5362=CARTESIAN_POINT('Ctrl Pts',(9.29441489943474,73.6916451011602,-59.0301636134656));
#5363=CARTESIAN_POINT('',(23.346598408228,90.5913303931892,-55.591178904306));
#5364=CARTESIAN_POINT('Ctrl Pts',(23.346598408228,90.5913303931892,-55.591178904306));
#5365=CARTESIAN_POINT('Ctrl Pts',(18.6625372386302,84.9581019625129,-56.7375071406925));
#5366=CARTESIAN_POINT('Ctrl Pts',(13.9784760690325,79.3248735318365,-57.8838353770791));
#5367=CARTESIAN_POINT('Ctrl Pts',(9.29441489943474,73.6916451011602,-59.0301636134656));
#5368=CARTESIAN_POINT('Ctrl Pts',(27.1528068505129,87.72314660597,-49.9198609491475));
#5369=CARTESIAN_POINT('Ctrl Pts',(22.3654681102318,82.1677434069669,-52.01858508723));
#5370=CARTESIAN_POINT('Ctrl Pts',(17.5781293699506,76.6123402079637,-54.1173092253125));
#5371=CARTESIAN_POINT('Ctrl Pts',(12.7907906296695,71.0569370089606,-56.2160333633951));
#5372=CARTESIAN_POINT('Ctrl Pts',(30.9590152927978,84.8549628187507,-44.248542993989));
#5373=CARTESIAN_POINT('Ctrl Pts',(26.0683989818333,79.3773848514209,-47.2996630337675));
#5374=CARTESIAN_POINT('Ctrl Pts',(21.1777826708688,73.899806884091,-50.350783073546));
#5375=CARTESIAN_POINT('Ctrl Pts',(16.2871663599043,68.4222289167611,-53.4019031133245));
#5376=CARTESIAN_POINT('Ctrl Pts',(34.7652237350827,81.9867790315315,-38.5772250388305));
#5377=CARTESIAN_POINT('Ctrl Pts',(29.7713298534348,76.5870262958749,-42.580740980305));
#5378=CARTESIAN_POINT('Ctrl Pts',(24.7774359717869,71.1872735602182,-46.5842569217795));
#5379=CARTESIAN_POINT('Ctrl Pts',(19.783542090139,65.7875208245616,-50.587772863254));
#5380=CARTESIAN_POINT('',(29.4267542610587,76.2144466933304,-42.8569811067102));
#5381=CARTESIAN_POINT('',(35.7888654527162,83.093613156589,-37.7565896725156));
#5382=CARTESIAN_POINT('',(35.7888654527162,83.093613156589,-37.7565896725156));
#5383=CARTESIAN_POINT('Ctrl Pts',(32.5846099035704,85.5081929032121,-44.9582942050412));
#5384=CARTESIAN_POINT('Ctrl Pts',(32.9856746736756,85.2059689213418,-44.3331158434351));
#5385=CARTESIAN_POINT('Ctrl Pts',(34.0447754037667,84.8781119435104,-42.7584105286892));
#5386=CARTESIAN_POINT('Ctrl Pts',(35.0812678808924,85.4919022293792,-41.183363970604));
#5387=CARTESIAN_POINT('Ctrl Pts',(35.5947997964568,86.0776185084743,-40.4050014079266));
#5388=CARTESIAN_POINT('Ctrl Pts',(32.8667817412007,85.2955611721406,-45.2634547661377));
#5389=CARTESIAN_POINT('Ctrl Pts',(33.2826400030489,84.9905293987725,-44.620756202914));
#5390=CARTESIAN_POINT('Ctrl Pts',(34.3938967880829,84.666624147797,-43.003008310146));
#5391=CARTESIAN_POINT('Ctrl Pts',(35.4956324478346,85.3202472085248,-41.4133932103941));
#5392=CARTESIAN_POINT('Ctrl Pts',(36.0377982797038,85.9296694613156,-40.6442079786567));
#5393=CARTESIAN_POINT('Ctrl Pts',(33.1789362411677,84.6866342158168,-45.7952863979511));
#5394=CARTESIAN_POINT('Ctrl Pts',(33.6451590558626,84.3602121495529,-45.0946106222613));
#5395=CARTESIAN_POINT('Ctrl Pts',(34.9038921601214,84.0124019521149,-43.3407030360392));
#5396=CARTESIAN_POINT('Ctrl Pts',(36.1846325461874,84.7129521819109,-41.6471635224767));
#5397=CARTESIAN_POINT('Ctrl Pts',(36.8244580989504,85.3631792456912,-40.8382269612698));
#5398=CARTESIAN_POINT('Ctrl Pts',(33.0524938990729,83.911525563908,-46.1109610205523));
#5399=CARTESIAN_POINT('Ctrl Pts',(33.5907434209563,83.5433394982806,-45.330355387195));
#5400=CARTESIAN_POINT('Ctrl Pts',(35.0341392300517,83.1337124386874,-43.3808308594999));
#5401=CARTESIAN_POINT('Ctrl Pts',(36.5005892684079,83.8547285510834,-41.4761978845814));
#5402=CARTESIAN_POINT('Ctrl Pts',(37.2411867447744,84.5474390679698,-40.5493016471854));
#5403=CARTESIAN_POINT('Ctrl Pts',(32.9258409444218,83.5944163000111,-46.1884277088739));
#5404=CARTESIAN_POINT('Ctrl Pts',(33.4946764865343,83.2068017481577,-45.3743257755116));
#5405=CARTESIAN_POINT('Ctrl Pts',(35.0138017628761,82.7685496718418,-43.3409189691903));
#5406=CARTESIAN_POINT('Ctrl Pts',(36.5475491386429,83.4995979117809,-41.3403913674406));
#5407=CARTESIAN_POINT('Ctrl Pts',(37.3217526517033,84.2125770732686,-40.3588691611044));
#5408=CARTESIAN_POINT('',(35.4119567565282,85.8819055474328,-40.6824945563681));
#5409=CARTESIAN_POINT('',(37.2237888363892,84.5165921455474,-40.5120608153725));
#5410=CARTESIAN_POINT('Ctrl Pts',(35.4119567565282,85.8819055474328,-40.6824945563681));
#5411=CARTESIAN_POINT('Ctrl Pts',(35.5313899009302,85.7919062177522,-40.8189912736987));
#5412=CARTESIAN_POINT('Ctrl Pts',(35.667155330607,85.6895996283553,-40.9272432805408));
#5413=CARTESIAN_POINT('Ctrl Pts',(35.9549272553305,85.472747928974,-41.0570703149636));
#5414=CARTESIAN_POINT('Ctrl Pts',(36.0967131559504,85.3659045896912,-41.0834096238265));
#5415=CARTESIAN_POINT('Ctrl Pts',(36.3995611061882,85.1376922902242,-41.0687619615524));
#5416=CARTESIAN_POINT('Ctrl Pts',(36.5550962897394,85.020488122349,-41.0210699032645));
#5417=CARTESIAN_POINT('Ctrl Pts',(36.8459452661033,84.8013176982416,-40.8683834143632));
#5418=CARTESIAN_POINT('Ctrl Pts',(36.9809553447077,84.6995803067046,-40.7647220375424));
#5419=CARTESIAN_POINT('Ctrl Pts',(37.1449598629056,84.5759940377814,-40.6011394039607));
#5420=CARTESIAN_POINT('Ctrl Pts',(37.1850796312173,84.5457616238809,-40.5575737240133));
#5421=CARTESIAN_POINT('Ctrl Pts',(37.2237888363892,84.5165921455474,-40.5120608153725));
#5422=CARTESIAN_POINT('',(37.0650445972176,83.9896047797403,-40.6857182736865));
#5423=CARTESIAN_POINT('Ctrl Pts',(37.0647510391602,83.9897977430863,-40.6858165512832));
#5424=CARTESIAN_POINT('Ctrl Pts',(37.08353549229,84.0276179895042,-40.6666000940983));
#5425=CARTESIAN_POINT('Ctrl Pts',(37.1012246606114,84.0664729934239,-40.648532704473));
#5426=CARTESIAN_POINT('Ctrl Pts',(37.1175860643258,84.1064818597165,-40.6317147010891));
#5427=CARTESIAN_POINT('Ctrl Pts',(37.1191032717645,84.1101919172774,-40.630155152759));
#5428=CARTESIAN_POINT('Ctrl Pts',(37.1206090326054,84.1139118904898,-40.6286063253769));
#5429=CARTESIAN_POINT('Ctrl Pts',(37.1221031433179,84.1176418701878,-40.627068284526));
#5430=CARTESIAN_POINT('Ctrl Pts',(37.1378186097673,84.156874820135,-40.6108907488267));
#5431=CARTESIAN_POINT('Ctrl Pts',(37.1521198965372,84.1968964434944,-40.5960413785816));
#5432=CARTESIAN_POINT('Ctrl Pts',(37.16485694943,84.2378573744943,-40.5824753684011));
#5433=CARTESIAN_POINT('Ctrl Pts',(37.1752343803282,84.2712300262805,-40.5714225499511));
#5434=CARTESIAN_POINT('Ctrl Pts',(37.1845728143402,84.3052262647359,-40.5612213639655));
#5435=CARTESIAN_POINT('Ctrl Pts',(37.1927706242767,84.3399241455604,-40.5518323639085));
#5436=CARTESIAN_POINT('Ctrl Pts',(37.2065913865589,84.3984216182135,-40.5360033633752));
#5437=CARTESIAN_POINT('Ctrl Pts',(37.2167921151292,84.4573378333148,-40.522911159106));
#5438=CARTESIAN_POINT('Ctrl Pts',(37.2234105882484,84.5167352695456,-40.5118693339388));
#5439=CARTESIAN_POINT('',(32.9258409444218,83.5944163000111,-46.1884277088739));
#5440=CARTESIAN_POINT('Ctrl Pts',(37.0648305860508,83.9898625132072,-40.6857150217965));
#5441=CARTESIAN_POINT('Ctrl Pts',(36.3563593312084,83.4129868781735,-41.589969762315));
#5442=CARTESIAN_POINT('Ctrl Pts',(34.9190900731013,82.7958730238665,-43.4676941585874));
#5443=CARTESIAN_POINT('Ctrl Pts',(33.4946764865343,83.2068017481577,-45.3743257755116));
#5444=CARTESIAN_POINT('Ctrl Pts',(32.9258409444218,83.5944163000111,-46.1884277088739));
#5445=CARTESIAN_POINT('',(32.5846099035774,85.5081929032069,-44.958294205033));
#5446=CARTESIAN_POINT('Origin',(31.3809798572616,83.9109218831211,-44.9582942050467));
#5447=CARTESIAN_POINT('Ctrl Pts',(32.5846099035704,85.5081929032121,-44.9582942050412));
#5448=CARTESIAN_POINT('Ctrl Pts',(32.9856746736756,85.2059689213418,-44.3331158434351));
#5449=CARTESIAN_POINT('Ctrl Pts',(33.9740950547978,84.8999918695143,-42.8635003638741));
#5450=CARTESIAN_POINT('Ctrl Pts',(34.9428240695349,85.4141720099918,-41.3935876677333));
#5451=CARTESIAN_POINT('Ctrl Pts',(35.4117675529668,85.8821345036769,-40.6824967457904));
#5452=CARTESIAN_POINT('Ctrl Pts',(23.885180355657,92.0636832726262,-57.4364321737403));
#5453=CARTESIAN_POINT('Ctrl Pts',(26.8037876748007,89.8643549066258,-53.2976806945269));
#5454=CARTESIAN_POINT('Ctrl Pts',(29.7023540340668,87.6801284871091,-49.1367956916685));
#5455=CARTESIAN_POINT('Ctrl Pts',(32.5846099035657,85.5081929032157,-44.9582942050466));
#5456=CARTESIAN_POINT('Ctrl Pts',(24.2319315048103,91.802387539804,-57.8198100032428));
#5457=CARTESIAN_POINT('Ctrl Pts',(27.126639384892,89.6191699604557,-53.6525596251468));
#5458=CARTESIAN_POINT('Ctrl Pts',(30.0051437110962,87.4528557152562,-49.4657702942364));
#5459=CARTESIAN_POINT('Ctrl Pts',(32.8667817411966,85.295561172144,-45.2634547661427));
#5460=CARTESIAN_POINT('Ctrl Pts',(24.5509844087554,90.9751239016678,-58.4844100740556));
#5461=CARTESIAN_POINT('Ctrl Pts',(27.4507831885878,88.8753890790563,-54.27107805189));
#5462=CARTESIAN_POINT('Ctrl Pts',(30.3235093524106,86.7811236133133,-50.0379761140019));
#5463=CARTESIAN_POINT('Ctrl Pts',(33.1791153350652,84.6867302948501,-45.7953599929934));
#5464=CARTESIAN_POINT('Ctrl Pts',(24.1859443136775,90.002074786227,-58.7440646663215));
#5465=CARTESIAN_POINT('Ctrl Pts',(27.1822097161409,87.9650836232567,-54.5633260826683));
#5466=CARTESIAN_POINT('Ctrl Pts',(30.1357417389569,85.9402722727816,-50.3475717773789));
#5467=CARTESIAN_POINT('Ctrl Pts',(33.0524938990722,83.9115255639087,-46.1109610205533));
#5468=CARTESIAN_POINT('Ctrl Pts',(23.9379306017593,89.6457139144073,-58.7585376153193));
#5469=CARTESIAN_POINT('Ctrl Pts',(26.9796171157811,87.6140382214447,-54.6068960865154));
#5470=CARTESIAN_POINT('Ctrl Pts',(29.9750865839055,85.605112264645,-50.4114669740519));
#5471=CARTESIAN_POINT('Ctrl Pts',(32.9258409444219,83.5944163000111,-46.1884277088739));
#5472=CARTESIAN_POINT('',(23.9379306017593,89.6457139144073,-58.7585376153193));
#5473=CARTESIAN_POINT('Ctrl Pts',(32.9258409444219,83.5944163000111,-46.1884277088739));
#5474=CARTESIAN_POINT('Ctrl Pts',(29.9750865839055,85.605112264645,-50.4114669740519));
#5475=CARTESIAN_POINT('Ctrl Pts',(26.9796171157811,87.6140382214447,-54.6068960865154));
#5476=CARTESIAN_POINT('Ctrl Pts',(23.9379306017593,89.6457139144073,-58.7585376153193));
#5477=CARTESIAN_POINT('',(23.885180355657,92.0636832726262,-57.4364321737403));
#5478=CARTESIAN_POINT('Origin',(22.6815503093529,90.4664122525316,-57.4364321737403));
#5479=CARTESIAN_POINT('Ctrl Pts',(23.885180355657,92.0636832726262,-57.4364321737403));
#5480=CARTESIAN_POINT('Ctrl Pts',(26.8037876748007,89.8643549066258,-53.2976806945269));
#5481=CARTESIAN_POINT('Ctrl Pts',(29.7023540340668,87.6801284871091,-49.1367956916685));
#5482=CARTESIAN_POINT('Ctrl Pts',(32.5846099035657,85.5081929032157,-44.9582942050466));
#5483=CARTESIAN_POINT('Ctrl Pts',(22.8127119281642,92.8718461997708,-58.1542979691768));
#5484=CARTESIAN_POINT('Ctrl Pts',(23.2239580909744,92.5619499881959,-58.0910335494606));
#5485=CARTESIAN_POINT('Ctrl Pts',(23.6109332776225,92.2703432690079,-57.8253301568434));
#5486=CARTESIAN_POINT('Ctrl Pts',(23.885180355657,92.0636832726262,-57.4364321737403));
#5487=CARTESIAN_POINT('Ctrl Pts',(22.8612755462237,92.8352508886944,-58.6492420464893));
#5488=CARTESIAN_POINT('Ctrl Pts',(23.376220901248,92.4478734512328,-58.591523913514));
#5489=CARTESIAN_POINT('Ctrl Pts',(23.8672015574758,92.0757887337977,-58.2896181884895));
#5490=CARTESIAN_POINT('Ctrl Pts',(24.2319315048103,91.802387539804,-57.8198100032428));
#5491=CARTESIAN_POINT('Ctrl Pts',(22.7398955431082,92.4982673685046,-59.5109089358932));
#5492=CARTESIAN_POINT('Ctrl Pts',(23.4154365873499,91.9512437291055,-59.4614984451737));
#5493=CARTESIAN_POINT('Ctrl Pts',(24.0656141444174,91.4057727878209,-59.0957667580828));
#5494=CARTESIAN_POINT('Ctrl Pts',(24.550983808779,90.9751236573209,-58.4844097808038));
#5495=CARTESIAN_POINT('Ctrl Pts',(22.3167238551731,91.8418226013258,-59.9756569524797));
#5496=CARTESIAN_POINT('Ctrl Pts',(23.0525280649407,91.1792943517385,-59.8994474438976));
#5497=CARTESIAN_POINT('Ctrl Pts',(23.7248030446468,90.5173624489767,-59.4497549864661));
#5498=CARTESIAN_POINT('Ctrl Pts',(24.1859443136774,90.0020747862269,-58.7440646663215));
#5499=CARTESIAN_POINT('Ctrl Pts',(22.1087418116162,91.5462075267,-60.0717326675815));
#5500=CARTESIAN_POINT('Ctrl Pts',(22.8501200676648,90.8537938201217,-59.9766290130674));
#5501=CARTESIAN_POINT('Ctrl Pts',(23.5087449564205,90.1669633170408,-59.4899534878098));
#5502=CARTESIAN_POINT('Ctrl Pts',(23.9379306017593,89.6457139144073,-58.7585376153193));
#5503=CARTESIAN_POINT('',(22.1087418116163,91.5462075267001,-60.0717326675815));
#5504=CARTESIAN_POINT('Ctrl Pts',(23.9379306017593,89.6457139144073,-58.7585376153193));
#5505=CARTESIAN_POINT('Ctrl Pts',(23.5087449564205,90.1669633170408,-59.4899534878098));
#5506=CARTESIAN_POINT('Ctrl Pts',(22.8501200676648,90.8537938201217,-59.9766290130674));
#5507=CARTESIAN_POINT('Ctrl Pts',(22.1087418116162,91.5462075267,-60.0717326675815));
#5508=CARTESIAN_POINT('',(22.8127119281642,92.8718461997708,-58.1542979691768));
#5509=CARTESIAN_POINT('Origin',(21.6090818818601,91.2745751796762,-58.1542979691768));
#5510=CARTESIAN_POINT('Ctrl Pts',(22.8127119281642,92.8718461997708,-58.1542979691768));
#5511=CARTESIAN_POINT('Ctrl Pts',(23.2239580909744,92.5619499881959,-58.0910335494606));
#5512=CARTESIAN_POINT('Ctrl Pts',(23.6109332776225,92.2703432690079,-57.8253301568434));
#5513=CARTESIAN_POINT('Ctrl Pts',(23.885180355657,92.0636832726262,-57.4364321737403));
#5514=CARTESIAN_POINT('Origin',(19.265392837551,93.0406715511969,-58.5148414606231));
#5515=CARTESIAN_POINT('',(18.4877009745349,94.274857514058,-60.6287787098358));
#5516=CARTESIAN_POINT('',(19.1916710915483,95.6004961877903,-58.7113440112161));
#5517=CARTESIAN_POINT('Origin',(17.9880410452442,94.0032251676957,-58.7113440112161));
#5518=CARTESIAN_POINT('',(20.4690228838551,94.6379425712915,-58.5148414606231));
#5519=CARTESIAN_POINT('',(19.7650527673071,93.3123038982207,-60.4322761590279));
#5520=CARTESIAN_POINT('Ctrl Pts',(17.5334130848656,96.8500832248414,-57.3814712080927));
#5521=CARTESIAN_POINT('Ctrl Pts',(17.6251097719629,96.7809848148982,-57.7466950629831));
#5522=CARTESIAN_POINT('Ctrl Pts',(18.0436628946365,96.4655824141244,-58.5243901646874));
#5523=CARTESIAN_POINT('Ctrl Pts',(18.7870405260254,95.9054071892355,-58.7735907145561));
#5524=CARTESIAN_POINT('Ctrl Pts',(19.1916710916247,95.6004961877327,-58.7113440112044));
#5525=CARTESIAN_POINT('Ctrl Pts',(17.1593091810237,97.1319907367407,-57.5287328086579));
#5526=CARTESIAN_POINT('Ctrl Pts',(17.2845917640119,97.0371492389552,-57.9790736407876));
#5527=CARTESIAN_POINT('Ctrl Pts',(17.818114342282,96.6345378862061,-58.93183481774));
#5528=CARTESIAN_POINT('Ctrl Pts',(18.734023232483,95.9446856331908,-59.2619276013133));
#5529=CARTESIAN_POINT('Ctrl Pts',(19.2402347096249,95.563900876701,-59.2062880885131));
#5530=CARTESIAN_POINT('Ctrl Pts',(16.3083913779465,97.3580491123245,-57.7851416291321));
#5531=CARTESIAN_POINT('Ctrl Pts',(16.5043832427327,97.2363966712747,-58.3834434205718));
#5532=CARTESIAN_POINT('Ctrl Pts',(17.2557165994286,96.7054956895947,-59.6420873218616));
#5533=CARTESIAN_POINT('Ctrl Pts',(18.4562175263917,95.7652613737772,-60.1133280402917));
#5534=CARTESIAN_POINT('Ctrl Pts',(19.1186958461535,95.2267386936467,-60.0677974849573));
#5535=CARTESIAN_POINT('Ctrl Pts',(15.4918342947126,97.0236823495165,-57.9268940558077));
#5536=CARTESIAN_POINT('Ctrl Pts',(15.7270538802069,96.9210910130682,-58.6136964391711));
#5537=CARTESIAN_POINT('Ctrl Pts',(16.6139254425611,96.3575745850402,-60.077768781966));
#5538=CARTESIAN_POINT('Ctrl Pts',(17.9761586014116,95.2244460055895,-60.6051207443497));
#5539=CARTESIAN_POINT('Ctrl Pts',(18.6956830184487,94.5704725894927,-60.5327029945132));
#5540=CARTESIAN_POINT('Ctrl Pts',(15.2009110566363,96.7999741794993,-57.957611705111));
#5541=CARTESIAN_POINT('Ctrl Pts',(15.4413666280034,96.7115766075839,-58.6661349237612));
#5542=CARTESIAN_POINT('Ctrl Pts',(16.3599302336445,96.151859518918,-60.1902277373464));
#5543=CARTESIAN_POINT('Ctrl Pts',(17.7635215228158,94.9589322954977,-60.7205818963595));
#5544=CARTESIAN_POINT('Ctrl Pts',(18.487700974889,94.2748575148847,-60.6287787096264));
#5545=CARTESIAN_POINT('',(15.2009110566363,96.7999741794993,-57.957611705111));
#5546=CARTESIAN_POINT('Ctrl Pts',(18.487700974889,94.2748575148847,-60.6287787096264));
#5547=CARTESIAN_POINT('Ctrl Pts',(17.7635215228158,94.9589322954977,-60.7205818963595));
#5548=CARTESIAN_POINT('Ctrl Pts',(16.3599302336445,96.151859518918,-60.1902277373464));
#5549=CARTESIAN_POINT('Ctrl Pts',(15.4413666280034,96.7115766075839,-58.6661349237612));
#5550=CARTESIAN_POINT('Ctrl Pts',(15.2009110566363,96.7999741794993,-57.957611705111));
#5551=CARTESIAN_POINT('',(17.5334130848656,96.8500832248414,-57.3814712080927));
#5552=CARTESIAN_POINT('Origin',(16.3297830385615,95.2528122047468,-57.3814712080927));
#5553=CARTESIAN_POINT('Ctrl Pts',(17.5334130848656,96.8500832248414,-57.3814712080927));
#5554=CARTESIAN_POINT('Ctrl Pts',(17.6251097719629,96.7809848148982,-57.7466950629831));
#5555=CARTESIAN_POINT('Ctrl Pts',(18.0436628946365,96.4655824141244,-58.5243901646874));
#5556=CARTESIAN_POINT('Ctrl Pts',(18.7870405260254,95.9054071892355,-58.7735907145561));
#5557=CARTESIAN_POINT('Ctrl Pts',(19.1916710916247,95.6004961877327,-58.7113440112044));
#5558=CARTESIAN_POINT('Ctrl Pts',(12.7302599678925,100.4695187094,-46.7240317296308));
#5559=CARTESIAN_POINT('Ctrl Pts',(14.8989116537105,98.83532244829,-49.8076868155818));
#5560=CARTESIAN_POINT('Ctrl Pts',(16.5492921268811,97.5916715585217,-53.4617608965078));
#5561=CARTESIAN_POINT('Ctrl Pts',(17.5334130848656,96.8500832248414,-57.3814712080927));
#5562=CARTESIAN_POINT('Ctrl Pts',(12.4718182934494,100.664268479892,-47.0089952859508));
#5563=CARTESIAN_POINT('Ctrl Pts',(14.5955076322972,99.0644151601843,-50.0629395766379));
#5564=CARTESIAN_POINT('Ctrl Pts',(16.2036882836719,97.8516337411662,-53.6699961782808));
#5565=CARTESIAN_POINT('Ctrl Pts',(17.1593091810237,97.1319907367407,-57.5287328086579));
#5566=CARTESIAN_POINT('Ctrl Pts',(11.8685904932514,100.80193244721,-47.5061847847043));
#5567=CARTESIAN_POINT('Ctrl Pts',(13.8972172504677,99.2386295625824,-50.5078706643339));
#5568=CARTESIAN_POINT('Ctrl Pts',(15.4156471413616,98.0588991909227,-54.0324913593296));
#5569=CARTESIAN_POINT('Ctrl Pts',(16.3083913264044,97.3580501776762,-57.7851418436317));
#5570=CARTESIAN_POINT('Ctrl Pts',(11.211568583073,100.540442979494,-47.8296731564133));
#5571=CARTESIAN_POINT('Ctrl Pts',(13.1708605937088,98.9584735854772,-50.7799527254689));
#5572=CARTESIAN_POINT('Ctrl Pts',(14.6339728941231,97.7507506263101,-54.2400270673499));
#5573=CARTESIAN_POINT('Ctrl Pts',(15.4918342947126,97.0236823495165,-57.9268940558077));
#5574=CARTESIAN_POINT('Ctrl Pts',(10.9530231786003,100.368724582057,-47.9204982832214));
#5575=CARTESIAN_POINT('Ctrl Pts',(12.8943095016731,98.7708260832625,-50.8497511694595));
#5576=CARTESIAN_POINT('Ctrl Pts',(14.3470975755965,97.5435805191195,-54.2878027256634));
#5577=CARTESIAN_POINT('Ctrl Pts',(15.2009110566363,96.7999741794993,-57.957611705111));
#5578=CARTESIAN_POINT('',(10.9530231786003,100.368724582057,-47.9204982832214));
#5579=CARTESIAN_POINT('Ctrl Pts',(15.2009110566363,96.7999741794993,-57.957611705111));
#5580=CARTESIAN_POINT('Ctrl Pts',(14.3470975755965,97.5435805191195,-54.2878027256634));
#5581=CARTESIAN_POINT('Ctrl Pts',(12.8943095016731,98.7708260832625,-50.8497511694595));
#5582=CARTESIAN_POINT('Ctrl Pts',(10.9530231786003,100.368724582057,-47.9204982832214));
#5583=CARTESIAN_POINT('',(12.7302599678924,100.4695187094,-46.7240317296298));
#5584=CARTESIAN_POINT('Origin',(11.5266299215884,98.8722476893058,-46.7240317296308));
#5585=CARTESIAN_POINT('Ctrl Pts',(12.7302599678925,100.4695187094,-46.7240317296308));
#5586=CARTESIAN_POINT('Ctrl Pts',(14.8989116537105,98.83532244829,-49.8076868155818));
#5587=CARTESIAN_POINT('Ctrl Pts',(16.5492921268811,97.5916715585217,-53.4617608965078));
#5588=CARTESIAN_POINT('Ctrl Pts',(17.5334130848656,96.8500832248414,-57.3814712080927));
#5589=CARTESIAN_POINT('Ctrl Pts',(10.9530231785995,100.368724582057,-47.9204982832202));
#5590=CARTESIAN_POINT('Ctrl Pts',(10.1872054556851,100.999079298541,-46.7649377929841));
#5591=CARTESIAN_POINT('Ctrl Pts',(9.39097699950205,102.152186073852,-45.2000487091635));
#5592=CARTESIAN_POINT('Ctrl Pts',(9.00249575637294,103.895097826445,-43.2487163134368));
#5593=CARTESIAN_POINT('Ctrl Pts',(9.0562132108681,105.01830909565,-42.0850697185951));
#5594=CARTESIAN_POINT('Ctrl Pts',(9.68762002163745,106.142035032959,-41.0217108567651));
#5595=CARTESIAN_POINT('Ctrl Pts',(10.5392040771186,106.691702235759,-40.5970318858411));
#5596=CARTESIAN_POINT('Ctrl Pts',(10.9908768086166,106.920545282726,-40.4472461873616));
#5597=CARTESIAN_POINT('Ctrl Pts',(11.2546594838176,100.569062712401,-47.8145356352774));
#5598=CARTESIAN_POINT('Ctrl Pts',(10.4828432717373,101.153116264202,-46.69837680584));
#5599=CARTESIAN_POINT('Ctrl Pts',(9.64908688947079,102.245315868204,-45.1674156552555));
#5600=CARTESIAN_POINT('Ctrl Pts',(9.19376186464726,103.925327096285,-43.2542371349936));
#5601=CARTESIAN_POINT('Ctrl Pts',(9.20317601797253,105.011496347083,-42.1163485400589));
#5602=CARTESIAN_POINT('Ctrl Pts',(9.79112994971509,106.094350327971,-41.0884624896058));
#5603=CARTESIAN_POINT('Ctrl Pts',(10.6234601265122,106.615351499276,-40.6936631849295));
#5604=CARTESIAN_POINT('Ctrl Pts',(11.0675271805422,106.830468703892,-40.558924037771));
#5605=CARTESIAN_POINT('Ctrl Pts',(11.9202154326959,100.804960887547,-47.4714832882312));
#5606=CARTESIAN_POINT('Ctrl Pts',(11.1126804111195,101.336000894374,-46.4568203271349));
#5607=CARTESIAN_POINT('Ctrl Pts',(10.1834913171978,102.353303874616,-45.0303750149566));
#5608=CARTESIAN_POINT('Ctrl Pts',(9.58339892702674,103.947192002648,-43.2284011398006));
#5609=CARTESIAN_POINT('Ctrl Pts',(9.50065999514725,104.975647433616,-42.1573549335298));
#5610=CARTESIAN_POINT('Ctrl Pts',(10.0008578712618,105.982327909216,-41.2058437803313));
#5611=CARTESIAN_POINT('Ctrl Pts',(10.796194933066,106.439086679334,-40.8645323274822));
#5612=CARTESIAN_POINT('Ctrl Pts',(11.2264291612622,106.621543624701,-40.755210852769));
#5613=CARTESIAN_POINT('Ctrl Pts',(12.5041235027539,100.639924758582,-46.9733748414094));
#5614=CARTESIAN_POINT('Ctrl Pts',(11.6677085454806,101.223459368676,-46.0503961483943));
#5615=CARTESIAN_POINT('Ctrl Pts',(10.6764522322991,102.290705944967,-44.766494015595));
#5616=CARTESIAN_POINT('Ctrl Pts',(9.95665302625839,103.88830397795,-43.1288683112269));
#5617=CARTESIAN_POINT('Ctrl Pts',(9.7919992878181,104.89615654194,-42.1518158483958));
#5618=CARTESIAN_POINT('Ctrl Pts',(10.2083842849018,105.839709586499,-41.2862190260315));
#5619=CARTESIAN_POINT('Ctrl Pts',(10.9688170932544,106.223894391048,-40.9824552692253));
#5620=CARTESIAN_POINT('Ctrl Pts',(11.3871279451099,106.367465341519,-40.8857794891983));
#5621=CARTESIAN_POINT('Ctrl Pts',(12.7302599678916,100.469518709401,-46.7240317296294));
#5622=CARTESIAN_POINT('Ctrl Pts',(11.8931818492313,101.10030231597,-45.8292378646461));
#5623=CARTESIAN_POINT('Ctrl Pts',(10.8944575221024,102.21934406487,-44.6112654149855));
#5624=CARTESIAN_POINT('Ctrl Pts',(10.1321119481887,103.840513247577,-43.0625588751694));
#5625=CARTESIAN_POINT('Ctrl Pts',(9.93302597698344,104.846929173733,-42.1374058986935));
#5626=CARTESIAN_POINT('Ctrl Pts',(10.3098327998957,105.762291983616,-41.3166025932793));
#5627=CARTESIAN_POINT('Ctrl Pts',(11.0529614007341,106.109100153646,-41.0267997311019));
#5628=CARTESIAN_POINT('Ctrl Pts',(11.4655490383552,106.23289098787,-40.9326931046777));
#5629=CARTESIAN_POINT('',(9.32763177124348,105.28909761814,-41.8470849683193));
#5630=CARTESIAN_POINT('',(9.38613082401423,105.554611018962,-41.5825607656024));
#5631=CARTESIAN_POINT('Ctrl Pts',(9.32570279472588,105.288206446319,-41.8478244686341));
#5632=CARTESIAN_POINT('Ctrl Pts',(9.33675630680837,105.344382912815,-41.7918488218627));
#5633=CARTESIAN_POINT('Ctrl Pts',(9.34880954236507,105.400395259449,-41.7361293536266));
#5634=CARTESIAN_POINT('Ctrl Pts',(9.36188453348161,105.456268985992,-41.6805154147512));
#5635=CARTESIAN_POINT('Ctrl Pts',(9.36857936019475,105.484878176904,-41.652039243694));
#5636=CARTESIAN_POINT('Ctrl Pts',(9.37554202554846,105.51345127016,-41.6235899471008));
#5637=CARTESIAN_POINT('Ctrl Pts',(9.38277518139341,105.541992646472,-41.5951420887811));
#5638=CARTESIAN_POINT('Ctrl Pts',(9.38380565511475,105.546058802226,-41.5910892560957));
#5639=CARTESIAN_POINT('Ctrl Pts',(9.38484153874961,105.550123765292,-41.5870370037842));
#5640=CARTESIAN_POINT('Ctrl Pts',(9.38588284918668,105.554187532298,-41.5829852725621));
#5641=CARTESIAN_POINT('',(10.016495835094,106.294132707528,-40.9202539565128));
#5642=CARTESIAN_POINT('Ctrl Pts',(9.3861340861039,105.554622490218,-41.582574925747));
#5643=CARTESIAN_POINT('Ctrl Pts',(9.49470709902483,105.742549847592,-41.4052852034117));
#5644=CARTESIAN_POINT('Ctrl Pts',(9.68709772288504,105.999567368684,-41.1705131236926));
#5645=CARTESIAN_POINT('Ctrl Pts',(9.93737058776026,106.22977274559,-40.9739433844791));
#5646=CARTESIAN_POINT('Ctrl Pts',(10.0150942538809,106.295143003716,-40.9193943817074));
#5647=CARTESIAN_POINT('',(11.4655490383552,106.23289098787,-40.9326931046777));
#5648=CARTESIAN_POINT('Ctrl Pts',(11.4608201085576,106.22948500312,-40.9364177645256));
#5649=CARTESIAN_POINT('Ctrl Pts',(11.45782644891,106.230045662568,-40.9365038034339));
#5650=CARTESIAN_POINT('Ctrl Pts',(11.4548323896078,106.230604320127,-40.9365889154848));
#5651=CARTESIAN_POINT('Ctrl Pts',(11.4518379329892,106.231160962346,-40.9366731039613));
#5652=CARTESIAN_POINT('Ctrl Pts',(11.4224349009034,106.236626718274,-40.9374997636171));
#5653=CARTESIAN_POINT('Ctrl Pts',(11.3929885244898,106.241899241316,-40.9382374617116));
#5654=CARTESIAN_POINT('Ctrl Pts',(11.3635015139213,106.246965159081,-40.9388893248483));
#5655=CARTESIAN_POINT('Ctrl Pts',(11.2292676469797,106.270026762074,-40.9418568046938));
#5656=CARTESIAN_POINT('Ctrl Pts',(11.0941878411257,106.288807435868,-40.9430452066386));
#5657=CARTESIAN_POINT('Ctrl Pts',(10.9585527227003,106.302069578499,-40.942822594698));
#5658=CARTESIAN_POINT('Ctrl Pts',(10.8552602558123,106.312169318482,-40.9426530653255));
#5659=CARTESIAN_POINT('Ctrl Pts',(10.7516466289294,106.319068344458,-40.9416651217041));
#5660=CARTESIAN_POINT('Ctrl Pts',(10.6478601919257,106.322217442678,-40.9400243758606));
#5661=CARTESIAN_POINT('Ctrl Pts',(10.5150953962045,106.326245805091,-40.9379255150362));
#5662=CARTESIAN_POINT('Ctrl Pts',(10.3826798370038,106.324125964306,-40.9347691690751));
#5663=CARTESIAN_POINT('Ctrl Pts',(10.2506808191482,106.314954411396,-40.9308884039815));
#5664=CARTESIAN_POINT('Ctrl Pts',(10.1708203616355,106.309405548811,-40.9285405101796));
#5665=CARTESIAN_POINT('Ctrl Pts',(10.0911130279092,106.301275131711,-40.925926846717));
#5666=CARTESIAN_POINT('Ctrl Pts',(10.0115811017337,106.290359876383,-40.9231164508015));
#5667=CARTESIAN_POINT('Ctrl Pts',(11.4655490383552,106.23289098787,-40.9326931046777));
#5668=CARTESIAN_POINT('Ctrl Pts',(11.0529614007341,106.109100153646,-41.0267997311019));
#5669=CARTESIAN_POINT('Ctrl Pts',(10.3098327998957,105.762291983616,-41.3166025932793));
#5670=CARTESIAN_POINT('Ctrl Pts',(9.93302597698344,104.846929173733,-42.1374058986935));
#5671=CARTESIAN_POINT('Ctrl Pts',(10.1321119481887,103.840513247577,-43.0625588751694));
#5672=CARTESIAN_POINT('Ctrl Pts',(10.8944575221024,102.21934406487,-44.6112654149855));
#5673=CARTESIAN_POINT('Ctrl Pts',(11.8931818492313,101.10030231597,-45.8292378646461));
#5674=CARTESIAN_POINT('Ctrl Pts',(12.7302599678916,100.469518709401,-46.7240317296294));
#5675=CARTESIAN_POINT('',(9.26183057286506,102.892139363105,-44.3877468217677));
#5676=CARTESIAN_POINT('Ctrl Pts',(10.9530231785995,100.368724582057,-47.9204982832202));
#5677=CARTESIAN_POINT('Ctrl Pts',(10.1872054556851,100.999079298541,-46.7649377929841));
#5678=CARTESIAN_POINT('Ctrl Pts',(9.58471042664185,101.871619201739,-45.5808079283901));
#5679=CARTESIAN_POINT('Ctrl Pts',(9.26016765330195,102.882276884921,-44.3988671095695));
#5680=CARTESIAN_POINT('Ctrl Pts',(9.25732200680703,102.891217866967,-44.3884235895439));
#5681=CARTESIAN_POINT('',(9.31283955538037,105.206215912156,-41.9298006157022));
#5682=CARTESIAN_POINT('Ctrl Pts',(9.26202687716015,102.892172415924,-44.3877101581353));
#5683=CARTESIAN_POINT('Ctrl Pts',(9.26143155004912,102.900358793064,-44.3786446730575));
#5684=CARTESIAN_POINT('Ctrl Pts',(9.26084203948894,102.908545460936,-44.3695787288353));
#5685=CARTESIAN_POINT('Ctrl Pts',(9.26025836977176,102.916732165814,-44.3605127723495));
#5686=CARTESIAN_POINT('Ctrl Pts',(9.25431313229355,103.000121629463,-44.2681672853572));
#5687=CARTESIAN_POINT('Ctrl Pts',(9.24889684831608,103.084363110964,-44.1748764413151));
#5688=CARTESIAN_POINT('Ctrl Pts',(9.24410718625933,103.169059681923,-44.0812652173761));
#5689=CARTESIAN_POINT('Ctrl Pts',(9.23936656320791,103.252889086149,-43.9886124329377));
#5690=CARTESIAN_POINT('Ctrl Pts',(9.23523889081545,103.337164975347,-43.8956465031038));
#5691=CARTESIAN_POINT('Ctrl Pts',(9.2318077520975,103.421530007096,-43.8029326275381));
#5692=CARTESIAN_POINT('Ctrl Pts',(9.22849756029768,103.502921189222,-43.7134868965854));
#5693=CARTESIAN_POINT('Ctrl Pts',(9.2258347663896,103.584395850556,-43.6242760315598));
#5694=CARTESIAN_POINT('Ctrl Pts',(9.22389725265827,103.665650204513,-43.5357626412229));
#5695=CARTESIAN_POINT('Ctrl Pts',(9.22316435374647,103.696386104151,-43.5022808824057));
#5696=CARTESIAN_POINT('Ctrl Pts',(9.22253533082755,103.727090622851,-43.4688984326928));
#5697=CARTESIAN_POINT('Ctrl Pts',(9.22201491614728,103.757747789029,-43.4356384765545));
#5698=CARTESIAN_POINT('Ctrl Pts',(9.22072567817145,103.833695652082,-43.3532426484718));
#5699=CARTESIAN_POINT('Ctrl Pts',(9.22009155661216,103.91014872067,-43.2707382022113));
#5700=CARTESIAN_POINT('Ctrl Pts',(9.22026912969539,103.986881519083,-43.188476096868));
#5701=CARTESIAN_POINT('Ctrl Pts',(9.22043736000309,104.059577121665,-43.1105421046088));
#5702=CARTESIAN_POINT('Ctrl Pts',(9.22133347213602,104.132524128991,-43.03282555369));
#5703=CARTESIAN_POINT('Ctrl Pts',(9.22309067090246,104.205543431382,-42.9555755067611));
#5704=CARTESIAN_POINT('Ctrl Pts',(9.2231882580368,104.209598604086,-42.9512853770095));
#5705=CARTESIAN_POINT('Ctrl Pts',(9.223288502393,104.213654002453,-42.9469966729597));
#5706=CARTESIAN_POINT('Ctrl Pts',(9.22339142740007,104.217709596729,-42.9427094326082));
#5707=CARTESIAN_POINT('Ctrl Pts',(9.22356852605605,104.22468788428,-42.935332561566));
#5708=CARTESIAN_POINT('Ctrl Pts',(9.22375367821129,104.231669512135,-42.9279571207658));
#5709=CARTESIAN_POINT('Ctrl Pts',(9.22394704554374,104.238654343082,-42.9205833043062));
#5710=CARTESIAN_POINT('Ctrl Pts',(9.22560651833068,104.298597957812,-42.8573014272923));
#5711=CARTESIAN_POINT('Ctrl Pts',(9.22787101461397,104.358777039623,-42.7941415880752));
#5712=CARTESIAN_POINT('Ctrl Pts',(9.23079919898356,104.419084486278,-42.7312309377084));
#5713=CARTESIAN_POINT('Ctrl Pts',(9.23285175525096,104.461357926738,-42.6871327412158));
#5714=CARTESIAN_POINT('Ctrl Pts',(9.2352326190387,104.503734377597,-42.6431149585258));
#5715=CARTESIAN_POINT('Ctrl Pts',(9.23796704781963,104.546180071249,-42.5992125022966));
#5716=CARTESIAN_POINT('Ctrl Pts',(9.24053432363931,104.586031101096,-42.5579937603468));
#5717=CARTESIAN_POINT('Ctrl Pts',(9.24341461626085,104.625964028033,-42.5168550873614));
#5718=CARTESIAN_POINT('Ctrl Pts',(9.2466320391749,104.66595371136,-42.4758178256961));
#5719=CARTESIAN_POINT('Ctrl Pts',(9.25100902254178,104.720355691904,-42.4199907191798));
#5720=CARTESIAN_POINT('Ctrl Pts',(9.25601196517791,104.774891457153,-42.3643226706594));
#5721=CARTESIAN_POINT('Ctrl Pts',(9.26171050774901,104.829509176164,-42.3088396139576));
#5722=CARTESIAN_POINT('Ctrl Pts',(9.26824798778917,104.892167696903,-42.2451883608118));
#5723=CARTESIAN_POINT('Ctrl Pts',(9.27569971597265,104.954906780596,-42.1818097865242));
#5724=CARTESIAN_POINT('Ctrl Pts',(9.28418119925419,105.017696084761,-42.1186567833054));
#5725=CARTESIAN_POINT('Ctrl Pts',(9.29266268253573,105.080485388926,-42.0555037800866));
#5726=CARTESIAN_POINT('Ctrl Pts',(9.30217342574474,105.143324981208,-41.9925765901617));
#5727=CARTESIAN_POINT('Ctrl Pts',(9.31284927686764,105.206193308851,-41.9297778576964));
#5728=CARTESIAN_POINT('Ctrl Pts',(9.31003307999512,105.205159659694,-41.9306442043087));
#5729=CARTESIAN_POINT('Ctrl Pts',(9.31503408189448,105.232848410704,-41.9030034807442));
#5730=CARTESIAN_POINT('Ctrl Pts',(9.32025732819957,105.260531344903,-41.8754006370525));
#5731=CARTESIAN_POINT('Ctrl Pts',(9.32570279471664,105.288206446272,-41.8478244686814));
#5732=CARTESIAN_POINT('Ctrl Pts',(37.4399515993641,85.6242786896044,-41.4102081318162));
#5733=CARTESIAN_POINT('Ctrl Pts',(35.9172049284767,86.2452375468994,-40.0578117605599));
#5734=CARTESIAN_POINT('Ctrl Pts',(34.2623646629058,87.0617059577559,-38.9171682971482));
#5735=CARTESIAN_POINT('Ctrl Pts',(32.5399003971453,88.0461552491693,-38.0719313300448));
#5736=CARTESIAN_POINT('Ctrl Pts',(36.7084559655747,85.1979376256925,-41.7154836064944));
#5737=CARTESIAN_POINT('Ctrl Pts',(35.2486677660849,85.8918675717992,-40.4123328671806));
#5738=CARTESIAN_POINT('Ctrl Pts',(33.6736157733034,86.7540609903804,-39.3104672707261));
#5739=CARTESIAN_POINT('Ctrl Pts',(32.0290080796738,87.7583188226366,-38.4912869254371));
#5740=CARTESIAN_POINT('Ctrl Pts',(34.9014438380688,84.5765537106208,-42.7117484697092));
#5741=CARTESIAN_POINT('Ctrl Pts',(33.6570998387217,85.3847819228844,-41.4929042581211));
#5742=CARTESIAN_POINT('Ctrl Pts',(32.3068610043278,86.3044664521145,-40.451220143665));
#5743=CARTESIAN_POINT('Ctrl Pts',(30.8704881576279,87.3165514483469,-39.6689726002392));
#5744=CARTESIAN_POINT('Ctrl Pts',(33.2857825779385,84.9798213946207,-44.1402100776978));
#5745=CARTESIAN_POINT('Ctrl Pts',(32.3004179840227,85.7238566373393,-42.9511449459422));
#5746=CARTESIAN_POINT('Ctrl Pts',(31.1874310357181,86.5604965548201,-41.9180589448391));
#5747=CARTESIAN_POINT('Ctrl Pts',(29.9664625827983,87.4811084205457,-41.1353707935358));
#5748=CARTESIAN_POINT('Ctrl Pts',(32.5846099035844,85.5081929032016,-44.9582942050248));
#5749=CARTESIAN_POINT('Ctrl Pts',(31.7117603251955,86.1659322381271,-43.7853720497319));
#5750=CARTESIAN_POINT('Ctrl Pts',(30.7087237797049,86.9217744893826,-42.7573643967193));
#5751=CARTESIAN_POINT('Ctrl Pts',(29.5914353893534,87.7637116810648,-41.9740819843204));
#5752=CARTESIAN_POINT('',(29.5914353893534,87.7637116810648,-41.9740819843204));
#5753=CARTESIAN_POINT('Ctrl Pts',(32.5846099035844,85.5081929032016,-44.9582942050248));
#5754=CARTESIAN_POINT('Ctrl Pts',(31.7117603251955,86.1659322381271,-43.7853720497319));
#5755=CARTESIAN_POINT('Ctrl Pts',(30.7087237797049,86.9217744893826,-42.7573643967193));
#5756=CARTESIAN_POINT('Ctrl Pts',(29.5914353893534,87.7637116810648,-41.9740819843204));
#5757=CARTESIAN_POINT('',(32.5399003971453,88.0461552491693,-38.0719313300448));
#5758=CARTESIAN_POINT('Origin',(33.2023255282657,92.5555247413486,-41.9740819843204));
#5759=CARTESIAN_POINT('Ctrl Pts',(32.5399003971453,88.0461552491693,-38.0719313300448));
#5760=CARTESIAN_POINT('Ctrl Pts',(33.5764336726881,87.2650714013177,-38.7985998353386));
#5761=CARTESIAN_POINT('Ctrl Pts',(34.5354276248539,86.5424176246391,-39.6807345364238));
#5762=CARTESIAN_POINT('Ctrl Pts',(35.4119567565282,85.8819055474328,-40.6824945563681));
#5763=CARTESIAN_POINT('Origin',(21.5655588778429,93.8116434319385,-48.7406662039035));
#5764=CARTESIAN_POINT('',(14.5848489298073,99.0719856858735,-46.4160367143286));
#5765=CARTESIAN_POINT('Ctrl Pts',(14.584848929816,99.071985685867,-46.4160367143265));
#5766=CARTESIAN_POINT('Ctrl Pts',(13.972013740033,99.5337901251735,-46.5677601070865));
#5767=CARTESIAN_POINT('Ctrl Pts',(13.3526753608883,100.000495069162,-46.6696276982691));
#5768=CARTESIAN_POINT('Ctrl Pts',(12.7303917083009,100.469419435882,-46.7263353778796));
#5769=CARTESIAN_POINT('',(18.591299514627,96.0529086211459,-43.4454141783655));
#5770=CARTESIAN_POINT('Ctrl Pts',(18.591299514627,96.0529086211459,-43.4454141783655));
#5771=CARTESIAN_POINT('Ctrl Pts',(18.4179124091649,96.1835651767025,-43.6240692708172));
#5772=CARTESIAN_POINT('Ctrl Pts',(18.1600570069081,96.377873159414,-43.8954500643487));
#5773=CARTESIAN_POINT('Ctrl Pts',(17.6468275442075,96.7646192996641,-44.4416722643079));
#5774=CARTESIAN_POINT('Ctrl Pts',(16.9468555718451,97.2920860143963,-45.1477333810891));
#5775=CARTESIAN_POINT('Ctrl Pts',(15.8837495552627,98.0931938588806,-45.9482021824097));
#5776=CARTESIAN_POINT('Ctrl Pts',(15.0254110621522,98.7399983067231,-46.3069640263463));
#5777=CARTESIAN_POINT('Ctrl Pts',(14.5848489298073,99.0719856858735,-46.4160367143286));
#5778=CARTESIAN_POINT('Ctrl Pts',(29.5914353893535,87.7637116810648,-41.9740819843204));
#5779=CARTESIAN_POINT('Ctrl Pts',(28.6103216458465,88.5030339160959,-41.2862657083363));
#5780=CARTESIAN_POINT('Ctrl Pts',(26.4704406051727,90.1155499410339,-40.2898242829186));
#5781=CARTESIAN_POINT('Ctrl Pts',(22.4566378833845,93.140167238351,-40.4060695643856));
#5782=CARTESIAN_POINT('Ctrl Pts',(19.8937056667897,95.071475190305,-42.1034372712351));
#5783=CARTESIAN_POINT('Ctrl Pts',(18.591299514627,96.0529086211459,-43.4454141783655));
#5784=CARTESIAN_POINT('Ctrl Pts',(15.2592030391078,101.500593489826,-41.7478446592349));
#5785=CARTESIAN_POINT('Ctrl Pts',(13.9157936475357,103.115419498256,-41.7754366623468));
#5786=CARTESIAN_POINT('Ctrl Pts',(12.5325421412624,104.850413749235,-41.4161889845446));
#5787=CARTESIAN_POINT('Ctrl Pts',(11.2074339650724,106.566430688466,-40.8199862088085));
#5788=CARTESIAN_POINT('Ctrl Pts',(14.8583741849934,100.763189922271,-42.3732868698897));
#5789=CARTESIAN_POINT('Ctrl Pts',(13.3400587739723,102.313449139064,-42.4061628720161));
#5790=CARTESIAN_POINT('Ctrl Pts',(11.7937969225395,103.96121694701,-41.9886767718565));
#5791=CARTESIAN_POINT('Ctrl Pts',(10.3481141093514,105.56942144906,-41.2888695642692));
#5792=CARTESIAN_POINT('Ctrl Pts',(14.3982108139775,99.6678328911398,-43.8485796953546));
#5793=CARTESIAN_POINT('Ctrl Pts',(12.5630271396128,101.152640507573,-44.0204586821264));
#5794=CARTESIAN_POINT('Ctrl Pts',(10.6810040803516,102.693272558265,-43.6482761526426));
#5795=CARTESIAN_POINT('Ctrl Pts',(8.9123025533833,104.165769316087,-42.9300287520778));
#5796=CARTESIAN_POINT('Ctrl Pts',(14.4632395736699,99.1636249087213,-45.6459122750009));
#5797=CARTESIAN_POINT('Ctrl Pts',(12.384786743253,100.729651635467,-46.07227334399));
#5798=CARTESIAN_POINT('Ctrl Pts',(10.2333362186979,102.351751427659,-45.9006869588561));
#5799=CARTESIAN_POINT('Ctrl Pts',(8.16500908599429,103.90968200119,-45.3361720233718));
#5800=CARTESIAN_POINT('Ctrl Pts',(14.584848929816,99.071985685867,-46.4160367143265));
#5801=CARTESIAN_POINT('Ctrl Pts',(12.4232859704362,100.70084020846,-46.9511882058354));
#5802=CARTESIAN_POINT('Ctrl Pts',(10.1808181177987,102.39066094104,-46.8660935257181));
#5803=CARTESIAN_POINT('Ctrl Pts',(8.01356886667968,104.023800391803,-46.3668111574987));
#5804=CARTESIAN_POINT('',(15.2592030391106,101.500593489815,-41.7478446592388));
#5805=CARTESIAN_POINT('Ctrl Pts',(11.465532319638,106.23290459291,-40.932773907976));
#5806=CARTESIAN_POINT('Ctrl Pts',(12.711500216968,104.626243254776,-41.4610882681256));
#5807=CARTESIAN_POINT('Ctrl Pts',(14.0027765090819,103.010862995976,-41.7736501396371));
#5808=CARTESIAN_POINT('Ctrl Pts',(15.2592030391078,101.500593489826,-41.7478446592349));
#5809=CARTESIAN_POINT('Origin',(18.1957390687196,103.863798746157,-46.4160367143286));
#5810=CARTESIAN_POINT('Ctrl Pts',(9.4367399611823,106.731010094385,-40.3768489418638));
#5811=CARTESIAN_POINT('Ctrl Pts',(9.2788828404456,106.445118701624,-40.6475283519369));
#5812=CARTESIAN_POINT('Ctrl Pts',(9.12102571970889,106.159227308863,-40.9182077620101));
#5813=CARTESIAN_POINT('Ctrl Pts',(8.96316859897218,105.873335916103,-41.1888871720832));
#5814=CARTESIAN_POINT('Ctrl Pts',(9.63209209106916,106.583801705712,-40.5544398348301));
#5815=CARTESIAN_POINT('Ctrl Pts',(9.47221858363838,106.299429769311,-40.8233253871681));
#5816=CARTESIAN_POINT('Ctrl Pts',(9.31234507735322,106.015057832047,-41.0922109375832));
#5817=CARTESIAN_POINT('Ctrl Pts',(9.15247156992245,105.730685895646,-41.3610964899212));
#5818=CARTESIAN_POINT('Ctrl Pts',(9.82537124036276,106.438155419962,-40.7356003681104));
#5819=CARTESIAN_POINT('Ctrl Pts',(9.66350525434292,106.155284923871,-41.0026506428162));
#5820=CARTESIAN_POINT('Ctrl Pts',(9.50163926947569,105.872414426913,-41.2697009156056));
#5821=CARTESIAN_POINT('Ctrl Pts',(9.33977328345586,105.589543930822,-41.5367511903113));
#5822=CARTESIAN_POINT('Ctrl Pts',(10.016495835094,106.294132707528,-40.9202539565128));
#5823=CARTESIAN_POINT('Ctrl Pts',(9.85266225859093,106.012744897215,-41.1854284523502));
#5824=CARTESIAN_POINT('Ctrl Pts',(9.68882868208783,105.731357086902,-41.4506029481876));
#5825=CARTESIAN_POINT('Ctrl Pts',(9.52499510558473,105.44996927659,-41.715777444025));
#5826=CARTESIAN_POINT('',(9.18530896829236,106.275649218644,-40.8079805405648));
#5827=CARTESIAN_POINT('Ctrl Pts',(9.18576185865914,106.275743693093,-40.8078615182327));
#5828=CARTESIAN_POINT('Ctrl Pts',(9.27715090359249,106.04158687645,-41.059996625843));
#5829=CARTESIAN_POINT('Ctrl Pts',(9.34012680805742,105.799467371037,-41.319935562837));
#5830=CARTESIAN_POINT('Ctrl Pts',(9.38631367932029,105.554618682079,-41.5825202015955));
#5831=CARTESIAN_POINT('Ctrl Pts',(10.016495835094,106.294132707528,-40.9202539565128));
#5832=CARTESIAN_POINT('Ctrl Pts',(10.0162338037307,106.294096801207,-40.9202448885323));
#5833=CARTESIAN_POINT('Ctrl Pts',(10.0159717648049,106.294060921767,-40.9202357953386));
#5834=CARTESIAN_POINT('Ctrl Pts',(10.015709718318,106.294025069212,-40.9202266769277));
#5835=CARTESIAN_POINT('Ctrl Pts',(9.86915376924642,106.273973645524,-40.9151269811361));
#5836=CARTESIAN_POINT('Ctrl Pts',(9.72377759308421,106.262821745866,-40.9022597104655));
#5837=CARTESIAN_POINT('Ctrl Pts',(9.57969329445845,106.260382744681,-40.8820600834025));
#5838=CARTESIAN_POINT('Ctrl Pts',(9.44711509104966,106.258138514058,-40.8634735317027));
#5839=CARTESIAN_POINT('Ctrl Pts',(9.31563013686156,106.263271582747,-40.8386782344295));
#5840=CARTESIAN_POINT('Ctrl Pts',(9.18530896829235,106.275649218644,-40.8079805405648));
#5841=CARTESIAN_POINT('Ctrl Pts',(6.80190328953354,103.914660364336,-41.1358043540766));
#5842=CARTESIAN_POINT('Ctrl Pts',(6.89280715227886,104.35167167051,-40.9583198863661));
#5843=CARTESIAN_POINT('Ctrl Pts',(7.09134163729473,105.242787014653,-40.5585402337245));
#5844=CARTESIAN_POINT('Ctrl Pts',(6.73095477151525,105.600851418864,-40.1033498349289));
#5845=CARTESIAN_POINT('Ctrl Pts',(6.45652588516001,105.769008631832,-39.8713774632337));
#5846=CARTESIAN_POINT('Ctrl Pts',(7.43726864259014,104.590374394753,-41.6180394933457));
#5847=CARTESIAN_POINT('Ctrl Pts',(7.53161459437679,104.969156285114,-41.3539633666824));
#5848=CARTESIAN_POINT('Ctrl Pts',(7.68612397906039,105.772386384266,-40.7547030283524));
#5849=CARTESIAN_POINT('Ctrl Pts',(7.27966468407814,106.247286194513,-40.2316615960605));
#5850=CARTESIAN_POINT('Ctrl Pts',(6.97741051657762,106.477789812115,-39.9766715557698));
#5851=CARTESIAN_POINT('Ctrl Pts',(8.40294763120427,105.103680189152,-41.8787810648055));
#5852=CARTESIAN_POINT('Ctrl Pts',(8.43187998462724,105.440789088042,-41.5411090423422));
#5853=CARTESIAN_POINT('Ctrl Pts',(8.43115354470212,106.19927995956,-40.7764538300055));
#5854=CARTESIAN_POINT('Ctrl Pts',(7.98667482457695,106.801479618269,-40.1436388900512));
#5855=CARTESIAN_POINT('Ctrl Pts',(7.65600900696107,107.103867600861,-39.8347739526211));
#5856=CARTESIAN_POINT('Ctrl Pts',(9.42717713799032,105.310122307888,-41.8446507065703));
#5857=CARTESIAN_POINT('Ctrl Pts',(9.37654527400234,105.653145470503,-41.4769705689397));
#5858=CARTESIAN_POINT('Ctrl Pts',(9.19977764006238,106.449034215527,-40.6232838165424));
#5859=CARTESIAN_POINT('Ctrl Pts',(8.71480520426064,107.157252755446,-39.8555372627448));
#5860=CARTESIAN_POINT('Ctrl Pts',(8.35184058053873,107.517633850244,-39.4750597344177));
#5861=CARTESIAN_POINT('',(6.80190328953353,103.914660364336,-41.1358043540766));
#5862=CARTESIAN_POINT('Origin',(9.91408653961306,102.440742094618,-39.1006433402707));
#5863=CARTESIAN_POINT('',(6.45652588515997,105.769008631832,-39.8713774632337));
#5864=CARTESIAN_POINT('Ctrl Pts',(6.80190328953354,103.914660364336,-41.1358043540766));
#5865=CARTESIAN_POINT('Ctrl Pts',(6.89280715227886,104.35167167051,-40.9583198863661));
#5866=CARTESIAN_POINT('Ctrl Pts',(7.09134163729473,105.242787014653,-40.5585402337245));
#5867=CARTESIAN_POINT('Ctrl Pts',(6.73095477151525,105.600851418864,-40.1033498349289));
#5868=CARTESIAN_POINT('Ctrl Pts',(6.45652588516001,105.769008631832,-39.8713774632337));
#5869=CARTESIAN_POINT('Ctrl Pts',(9.18567619481417,106.275963157165,-40.8076252037368));
#5870=CARTESIAN_POINT('Ctrl Pts',(9.14544274577213,106.279706298268,-40.798142465485));
#5871=CARTESIAN_POINT('Ctrl Pts',(9.10522786582724,106.282921796129,-40.788523830203));
#5872=CARTESIAN_POINT('Ctrl Pts',(9.06504085061245,106.285622172804,-40.7787661070905));
#5873=CARTESIAN_POINT('Ctrl Pts',(8.9669828503484,106.292211204991,-40.7549568540162));
#5874=CARTESIAN_POINT('Ctrl Pts',(8.86909246299765,106.295735060432,-40.7303187304108));
#5875=CARTESIAN_POINT('Ctrl Pts',(8.77151940828291,106.296365318261,-40.7048167214056));
#5876=CARTESIAN_POINT('Ctrl Pts',(8.67941356042451,106.296960261525,-40.6807436392582));
#5877=CARTESIAN_POINT('Ctrl Pts',(8.58759055348748,106.294977180684,-40.6559014555319));
#5878=CARTESIAN_POINT('Ctrl Pts',(8.49614044810077,106.290531187119,-40.6302678941098));
#5879=CARTESIAN_POINT('Ctrl Pts',(8.40572662210719,106.286135573939,-40.6049248028994));
#5880=CARTESIAN_POINT('Ctrl Pts',(8.31567724922668,106.279332831447,-40.5788088888433));
#5881=CARTESIAN_POINT('Ctrl Pts',(8.22604273238984,106.270199524539,-40.5518955848826));
#5882=CARTESIAN_POINT('Ctrl Pts',(8.13415191592145,106.260836312035,-40.5243048133574));
#5883=CARTESIAN_POINT('Ctrl Pts',(8.0426968576083,106.249023747436,-40.4958769087874));
#5884=CARTESIAN_POINT('Ctrl Pts',(7.95169492464965,106.234804684509,-40.4665696518293));
#5885=CARTESIAN_POINT('Ctrl Pts',(7.88506007207283,106.224392980811,-40.4451098357205));
#5886=CARTESIAN_POINT('Ctrl Pts',(7.81866728915441,106.212689980193,-40.4231782378562));
#5887=CARTESIAN_POINT('Ctrl Pts',(7.75251348806795,106.199701192797,-40.4007489886225));
#5888=CARTESIAN_POINT('Ctrl Pts',(7.67446459700083,106.184376896446,-40.3742867445578));
#5889=CARTESIAN_POINT('Ctrl Pts',(7.59719715821191,106.167473872935,-40.3471971346478));
#5890=CARTESIAN_POINT('Ctrl Pts',(7.52066204639614,106.148953590032,-40.3195154540395));
#5891=CARTESIAN_POINT('Ctrl Pts',(7.44708671210596,106.131149526336,-40.2929042836087));
#5892=CARTESIAN_POINT('Ctrl Pts',(7.37418782529805,106.111849638868,-40.2657452172232));
#5893=CARTESIAN_POINT('Ctrl Pts',(7.30193983323292,106.091043520544,-40.2380332594849));
#5894=CARTESIAN_POINT('Ctrl Pts',(7.23345213624449,106.071320299364,-40.2117636274815));
#5895=CARTESIAN_POINT('Ctrl Pts',(7.16554935537396,106.050242655859,-40.1849963921171));
#5896=CARTESIAN_POINT('Ctrl Pts',(7.0982283232111,106.027838495662,-40.1577047746841));
#5897=CARTESIAN_POINT('Ctrl Pts',(7.03601459968583,106.00713402659,-40.1324836352127));
#5898=CARTESIAN_POINT('Ctrl Pts',(6.97429794120873,105.985296294356,-40.1068140195405));
#5899=CARTESIAN_POINT('Ctrl Pts',(6.91309013777391,105.962387969215,-40.080664823671));
#5900=CARTESIAN_POINT('Ctrl Pts',(6.85431000256058,105.940388250654,-40.0555527761431));
#5901=CARTESIAN_POINT('Ctrl Pts',(6.79599937844612,105.917400735961,-40.0299979634616));
#5902=CARTESIAN_POINT('Ctrl Pts',(6.73817927013363,105.893526069572,-40.0039709699389));
#5903=CARTESIAN_POINT('Ctrl Pts',(6.68342267254175,105.870916366162,-39.9793229771827));
#5904=CARTESIAN_POINT('Ctrl Pts',(6.62910624507446,105.847510858749,-39.954251148543));
#5905=CARTESIAN_POINT('Ctrl Pts',(6.57525404671178,105.823440434111,-39.9287346870259));
#5906=CARTESIAN_POINT('Ctrl Pts',(6.53781341962537,105.806705522259,-39.9109944210892));
#5907=CARTESIAN_POINT('Ctrl Pts',(6.50059732273928,105.789650127255,-39.8930393112962));
#5908=CARTESIAN_POINT('Ctrl Pts',(6.4636147298837,105.772332968246,-39.8748650581826));
#5909=CARTESIAN_POINT('Ctrl Pts',(6.46125072561126,105.771226019417,-39.8737033221146));
#5910=CARTESIAN_POINT('Ctrl Pts',(6.45888777404797,105.77011790317,-39.8725407887797));
#5911=CARTESIAN_POINT('Ctrl Pts',(6.4565258851604,105.769008631832,-39.8713774632341));
#5912=CARTESIAN_POINT('Ctrl Pts',(1.02848785976326,75.362456591927,-63.0208402917133));
#5913=CARTESIAN_POINT('Ctrl Pts',(1.02689563707941,75.3584332690483,-63.0207484250544));
#5914=CARTESIAN_POINT('Ctrl Pts',(1.02531101339253,75.354408842913,-63.020651775889));
#5915=CARTESIAN_POINT('Ctrl Pts',(0.741886308700816,74.6342015118499,-63.0029599969342));
#5916=CARTESIAN_POINT('Ctrl Pts',(0.629050098396137,73.8502943280369,-62.8538786716491));
#5917=CARTESIAN_POINT('Ctrl Pts',(0.705667977500704,73.1255798239899,-62.5898614571529));
#5918=CARTESIAN_POINT('Ctrl Pts',(1.02848785976326,75.362456591927,-63.0208402917133));
#5919=CARTESIAN_POINT('Ctrl Pts',(1.02667117386931,75.3586189505025,-63.0204050521477));
#5920=CARTESIAN_POINT('Ctrl Pts',(1.0248119142687,75.3547567542,-63.0199973976288));
#5921=CARTESIAN_POINT('Ctrl Pts',(0.698698731863104,74.6666584051064,-62.9423736529141));
#5922=CARTESIAN_POINT('Ctrl Pts',(0.527642492407843,73.916319153543,-62.7436903318716));
#5923=CARTESIAN_POINT('Ctrl Pts',(0.543390417791974,73.2022287754681,-62.4372733107565));
#5924=CARTESIAN_POINT('Ctrl Pts',(1.02848785976326,75.362456591927,-63.0208402917133));
#5925=CARTESIAN_POINT('Ctrl Pts',(1.02643167547561,75.358792207889,-63.0200760425572));
#5926=CARTESIAN_POINT('Ctrl Pts',(1.024327542655,75.3551166306428,-63.0193281589906));
#5927=CARTESIAN_POINT('Ctrl Pts',(0.655282753145044,74.6985832061586,-62.8825218936167));
#5928=CARTESIAN_POINT('Ctrl Pts',(0.438258392852797,73.9791981659676,-62.6216213753722));
#5929=CARTESIAN_POINT('Ctrl Pts',(0.411632594982106,73.2915632971476,-62.2586936295857));
#5930=CARTESIAN_POINT('Ctrl Pts',(1.02848785976326,75.362456591927,-63.0208402917133));
#5931=CARTESIAN_POINT('Ctrl Pts',(1.02617204126182,75.3589666324507,-63.0197503802234));
#5932=CARTESIAN_POINT('Ctrl Pts',(1.02386366175402,75.3554751492975,-63.0186556835199));
#5933=CARTESIAN_POINT('Ctrl Pts',(0.611005617642548,74.7306624278761,-62.822442847133));
#5934=CARTESIAN_POINT('Ctrl Pts',(0.362345503663187,74.0382053279488,-62.4895304993037));
#5935=CARTESIAN_POINT('Ctrl Pts',(0.318468778595799,73.3881088677397,-62.0650659800008));
#5936=CARTESIAN_POINT('',(0.705667988639708,73.1255798209558,-62.5898614687139));
#5937=CARTESIAN_POINT('',(0.318468778595794,73.3881088677397,-62.0650659800008));
#5938=CARTESIAN_POINT('Origin',(2.15537717794177,73.7299237611357,-61.351672602498));
#5939=CARTESIAN_POINT('',(1.02848785976326,75.362456591927,-63.0208402917133));
#5940=CARTESIAN_POINT('Ctrl Pts',(0.318468778595799,73.3881088677397,-62.0650659800008));
#5941=CARTESIAN_POINT('Ctrl Pts',(0.362345503663187,74.0382053279488,-62.4895304993037));
#5942=CARTESIAN_POINT('Ctrl Pts',(0.611005617642548,74.7306624278761,-62.822442847133));
#5943=CARTESIAN_POINT('Ctrl Pts',(1.02386366175402,75.3554751492975,-63.0186556835199));
#5944=CARTESIAN_POINT('Ctrl Pts',(1.02617204126182,75.3589666324507,-63.0197503802234));
#5945=CARTESIAN_POINT('Ctrl Pts',(1.02848785976326,75.362456591927,-63.0208402917133));
#5946=CARTESIAN_POINT('Ctrl Pts',(1.02848785976326,75.362456591927,-63.0208402917133));
#5947=CARTESIAN_POINT('Ctrl Pts',(1.02689563707941,75.3584332690483,-63.0207484250544));
#5948=CARTESIAN_POINT('Ctrl Pts',(1.02531101339253,75.354408842913,-63.020651775889));
#5949=CARTESIAN_POINT('Ctrl Pts',(0.741886308700816,74.6342015118499,-63.0029599969342));
#5950=CARTESIAN_POINT('Ctrl Pts',(0.629050098396137,73.8502943280369,-62.8538786716491));
#5951=CARTESIAN_POINT('Ctrl Pts',(0.705667977500704,73.1255798239899,-62.5898614571529));
#5952=CARTESIAN_POINT('Ctrl Pts',(0.705667977489453,73.1255798240634,-62.5898614571756));
#5953=CARTESIAN_POINT('Ctrl Pts',(0.713949976803525,72.9716906645147,-62.5244469691961));
#5954=CARTESIAN_POINT('Ctrl Pts',(0.762772234364203,72.7981527186799,-62.4984062137915));
#5955=CARTESIAN_POINT('Ctrl Pts',(0.825581580884224,72.6320398720482,-62.4913165761068));
#5956=CARTESIAN_POINT('Ctrl Pts',(0.543390417785925,73.2022287755187,-62.4372733107709));
#5957=CARTESIAN_POINT('Ctrl Pts',(0.53689058700669,73.0006198698406,-62.3338591781905));
#5958=CARTESIAN_POINT('Ctrl Pts',(0.575424410217294,72.7840175601647,-62.2779295388242));
#5959=CARTESIAN_POINT('Ctrl Pts',(0.631366546182309,72.5795849591984,-62.2465650318753));
#5960=CARTESIAN_POINT('Ctrl Pts',(0.411632594980014,73.291563297173,-62.2586936295925));
#5961=CARTESIAN_POINT('Ctrl Pts',(0.39523202908017,73.0442347181842,-62.1127012223636));
#5962=CARTESIAN_POINT('Ctrl Pts',(0.432765436892682,72.7884039973972,-62.0184603892965));
#5963=CARTESIAN_POINT('Ctrl Pts',(0.492189461305545,72.5499900839207,-61.9535853715093));
#5964=CARTESIAN_POINT('Ctrl Pts',(0.318468778595795,73.3881088677397,-62.0650659800008));
#5965=CARTESIAN_POINT('Ctrl Pts',(0.298955015043577,73.0989845405015,-61.8762893505675));
#5966=CARTESIAN_POINT('Ctrl Pts',(0.347649514954141,72.8102460020532,-61.7425890817924));
#5967=CARTESIAN_POINT('Ctrl Pts',(0.423251489425444,72.546487649944,-61.644377342863));
#5968=CARTESIAN_POINT('',(0.825581580884224,72.6320398720482,-62.4913165761068));
#5969=CARTESIAN_POINT('',(0.423251489425449,72.546487649944,-61.644377342863));
#5970=CARTESIAN_POINT('Origin',(2.25711047155565,73.2272449973659,-61.2278072196047));
#5971=CARTESIAN_POINT('Ctrl Pts',(0.423251489425444,72.546487649944,-61.644377342863));
#5972=CARTESIAN_POINT('Ctrl Pts',(0.347649514954141,72.8102460020532,-61.7425890817924));
#5973=CARTESIAN_POINT('Ctrl Pts',(0.298955015043577,73.0989845405015,-61.8762893505675));
#5974=CARTESIAN_POINT('Ctrl Pts',(0.318468778595795,73.3881088677397,-62.0650659800008));
#5975=CARTESIAN_POINT('Ctrl Pts',(0.705667977489453,73.1255798240634,-62.5898614571756));
#5976=CARTESIAN_POINT('Ctrl Pts',(0.713949976803525,72.9716906645147,-62.5244469691961));
#5977=CARTESIAN_POINT('Ctrl Pts',(0.762772234364203,72.7981527186799,-62.4984062137915));
#5978=CARTESIAN_POINT('Ctrl Pts',(0.825581580884224,72.6320398720482,-62.4913165761068));
#5979=CARTESIAN_POINT('Ctrl Pts',(0.825581580884224,72.6320398720482,-62.4913165761068));
#5980=CARTESIAN_POINT('Ctrl Pts',(2.99840879062125,66.88553026725,-62.2460575737151));
#5981=CARTESIAN_POINT('Ctrl Pts',(5.86219613474032,59.2182760056138,-61.8760218858723));
#5982=CARTESIAN_POINT('Ctrl Pts',(9.29875926309265,49.5959013405346,-61.4174984858316));
#5983=CARTESIAN_POINT('Ctrl Pts',(10.6620858771925,45.7414980294999,-61.2539259091297));
#5984=CARTESIAN_POINT('Ctrl Pts',(11.3527325458386,43.7918494999332,-61.1762972241245));
#5985=CARTESIAN_POINT('Ctrl Pts',(11.3606522665425,43.7694946490832,-61.1754086116038));
#5986=CARTESIAN_POINT('Ctrl Pts',(11.3685719899337,43.7471397443417,-61.1745204163345));
#5987=CARTESIAN_POINT('Ctrl Pts',(0.631366546182313,72.5795849591984,-62.2465650318753));
#5988=CARTESIAN_POINT('Ctrl Pts',(2.79534249893735,66.8301203179156,-62.0376756434153));
#5989=CARTESIAN_POINT('Ctrl Pts',(5.66908316544753,59.1650587940199,-61.7490308962238));
#5990=CARTESIAN_POINT('Ctrl Pts',(9.220476618586,49.5731990828033,-61.3857592862447));
#5991=CARTESIAN_POINT('Ctrl Pts',(10.636228645711,45.7337842417732,-61.2453997015447));
#5992=CARTESIAN_POINT('Ctrl Pts',(11.3521540026251,43.7916767400298,-61.1761084992541));
#5993=CARTESIAN_POINT('Ctrl Pts',(11.3603630230548,43.7694082613595,-61.1753143670745));
#5994=CARTESIAN_POINT('Ctrl Pts',(11.3685719899337,43.7471397443417,-61.1745204163345));
#5995=CARTESIAN_POINT('Ctrl Pts',(0.492189461305552,72.5499900839207,-61.9535853715093));
#5996=CARTESIAN_POINT('Ctrl Pts',(2.63498224255174,66.7928437385295,-61.7822085790844));
#5997=CARTESIAN_POINT('Ctrl Pts',(5.49169750478812,59.1189730861141,-61.5912577627616));
#5998=CARTESIAN_POINT('Ctrl Pts',(9.14291665757741,49.5508567613089,-61.3511040163541));
#5999=CARTESIAN_POINT('Ctrl Pts',(10.6103902231211,45.7260799139918,-61.2368137032859));
#6000=CARTESIAN_POINT('Ctrl Pts',(11.351575454176,43.7915039761973,-61.1759197408958));
#6001=CARTESIAN_POINT('Ctrl Pts',(11.3600737795671,43.7693218736358,-61.1752201225453));
#6002=CARTESIAN_POINT('Ctrl Pts',(11.3685719899337,43.7471397443417,-61.1745204163345));
#6003=CARTESIAN_POINT('Ctrl Pts',(0.423251489425454,72.546487649944,-61.644377342863));
#6004=CARTESIAN_POINT('Ctrl Pts',(2.53278514641159,66.7773350294422,-61.5032107383667));
#6005=CARTESIAN_POINT('Ctrl Pts',(5.337576464673,59.082083817412,-61.4070954811095));
#6006=CARTESIAN_POINT('Ctrl Pts',(9.06565162985274,49.5287638156263,-61.3133627089652));
#6007=CARTESIAN_POINT('Ctrl Pts',(10.5845886240135,45.7183899797249,-61.2281709937877));
#6008=CARTESIAN_POINT('Ctrl Pts',(11.3509967545796,43.7913311684758,-61.1757309242731));
#6009=CARTESIAN_POINT('Ctrl Pts',(11.3597845360794,43.7692354859121,-61.175125878016));
#6010=CARTESIAN_POINT('Ctrl Pts',(11.3685719899337,43.7471397443417,-61.1745204163345));
#6011=CARTESIAN_POINT('Ctrl Pts',(0.825581580884224,72.6320398720482,-62.4913165761068));
#6012=CARTESIAN_POINT('Ctrl Pts',(2.99840879062125,66.88553026725,-62.2460575737151));
#6013=CARTESIAN_POINT('Ctrl Pts',(5.86219613474032,59.2182760056138,-61.8760218858723));
#6014=CARTESIAN_POINT('Ctrl Pts',(9.29875926309265,49.5959013405346,-61.4174984858316));
#6015=CARTESIAN_POINT('Ctrl Pts',(10.6620858771925,45.7414980294999,-61.2539259091297));
#6016=CARTESIAN_POINT('Ctrl Pts',(11.3527325458386,43.7918494999332,-61.1762972241245));
#6017=CARTESIAN_POINT('Ctrl Pts',(11.3606522665425,43.7694946490832,-61.1754086116038));
#6018=CARTESIAN_POINT('Ctrl Pts',(11.3685719899337,43.7471397443417,-61.1745204163345));
#6019=CARTESIAN_POINT('Ctrl Pts',(11.3685719899337,43.7471397443417,-61.1745204163345));
#6020=CARTESIAN_POINT('Ctrl Pts',(11.3597845360794,43.7692354859121,-61.175125878016));
#6021=CARTESIAN_POINT('Ctrl Pts',(11.3509967545796,43.7913311684758,-61.1757309242731));
#6022=CARTESIAN_POINT('Ctrl Pts',(10.5845886240135,45.7183899797249,-61.2281709937877));
#6023=CARTESIAN_POINT('Ctrl Pts',(9.06565162985274,49.5287638156263,-61.3133627089652));
#6024=CARTESIAN_POINT('Ctrl Pts',(5.337576464673,59.082083817412,-61.4070954811095));
#6025=CARTESIAN_POINT('Ctrl Pts',(2.53278514641159,66.7773350294422,-61.5032107383667));
#6026=CARTESIAN_POINT('Ctrl Pts',(0.423251489425454,72.546487649944,-61.644377342863));
#6027=CARTESIAN_POINT('Ctrl Pts',(0.13444837551218,73.6242807375169,-62.1771836131774));
#6028=CARTESIAN_POINT('Ctrl Pts',(3.87915624698603,63.6652337397918,-61.8429625475631));
#6029=CARTESIAN_POINT('Ctrl Pts',(7.62386411845988,53.7061867420667,-61.5087414819488));
#6030=CARTESIAN_POINT('Ctrl Pts',(11.3685719899337,43.7471397443417,-61.1745204163345));
#6031=CARTESIAN_POINT('Ctrl Pts',(1.32538967828881,72.9311019017374,-63.1644273970278));
#6032=CARTESIAN_POINT('Ctrl Pts',(5.06820208871742,63.1826520160892,-62.6106351676385));
#6033=CARTESIAN_POINT('Ctrl Pts',(8.81141867909833,53.4338804674993,-62.056289401579));
#6034=CARTESIAN_POINT('Ctrl Pts',(12.5542310895269,43.6854305818511,-61.5024971721898));
#6035=CARTESIAN_POINT('Ctrl Pts',(2.38954203340526,72.3306715333748,-64.3277819902608));
#6036=CARTESIAN_POINT('Ctrl Pts',(6.18509089067261,62.7487850455094,-63.448737184168));
#6037=CARTESIAN_POINT('Ctrl Pts',(9.98105930376394,53.1665622999201,-62.5691671955889));
#6038=CARTESIAN_POINT('Ctrl Pts',(13.7766081610313,43.5846758120548,-61.6901223894961));
#6039=CARTESIAN_POINT('Ctrl Pts',(3.26685553776092,71.8623560602245,-65.5909028949759));
#6040=CARTESIAN_POINT('Ctrl Pts',(7.17790369184061,62.3908434673165,-64.3045738995216));
#6041=CARTESIAN_POINT('Ctrl Pts',(11.0889518459203,52.9193308744085,-63.0182449040673));
#6042=CARTESIAN_POINT('Ctrl Pts',(15.,43.4478182815005,-61.731915908613));
#6043=CARTESIAN_POINT('',(1.83719665999949,72.6482785510458,-63.8005600788448));
#6044=CARTESIAN_POINT('Ctrl Pts',(1.83719665999949,72.6482785510458,-63.8005600788448));
#6045=CARTESIAN_POINT('Ctrl Pts',(1.46296216507302,72.8536529765364,-63.3877172286603));
#6046=CARTESIAN_POINT('Ctrl Pts',(1.08489921882067,73.0199596785107,-62.9823251143089));
#6047=CARTESIAN_POINT('Ctrl Pts',(0.705667988632508,73.1255798210261,-62.5898614687397));
#6048=CARTESIAN_POINT('',(2.76394832985009,70.8305435706195,-63.9582843761866));
#6049=CARTESIAN_POINT('Ctrl Pts',(2.76394832985009,70.8305435706195,-63.9582843761866));
#6050=CARTESIAN_POINT('Ctrl Pts',(2.51105366312873,71.4616276272285,-64.0071714646243));
#6051=CARTESIAN_POINT('Ctrl Pts',(2.20065819919362,72.0938903729593,-63.9716442807633));
#6052=CARTESIAN_POINT('Ctrl Pts',(1.83719665999949,72.6482785510458,-63.8005600788448));
#6053=CARTESIAN_POINT('Ctrl Pts',(15.,43.4478182815005,-61.731915908613));
#6054=CARTESIAN_POINT('Ctrl Pts',(14.9929787780322,43.4598351248634,-61.7334413697282));
#6055=CARTESIAN_POINT('Ctrl Pts',(14.985963223573,43.4718546414352,-61.7349644501745));
#6056=CARTESIAN_POINT('Ctrl Pts',(14.4701655473847,44.3564354716001,-61.8468133442721));
#6057=CARTESIAN_POINT('Ctrl Pts',(13.5129212958277,46.1285127966184,-62.0423429209028));
#6058=CARTESIAN_POINT('Ctrl Pts',(12.1780078350999,48.8243828693004,-62.2960028866481));
#6059=CARTESIAN_POINT('Ctrl Pts',(10.9017679871416,51.5421578126044,-62.5245807033442));
#6060=CARTESIAN_POINT('Ctrl Pts',(8.436618288373,57.0092028492046,-62.9478817731376));
#6061=CARTESIAN_POINT('Ctrl Pts',(5.7422781991948,63.4463329154451,-63.3973351361824));
#6062=CARTESIAN_POINT('Ctrl Pts',(3.50415883990655,68.9833909300495,-63.8151942227645));
#6063=CARTESIAN_POINT('Ctrl Pts',(2.76394832986225,70.8305435705891,-63.9582843761842));
#6064=CARTESIAN_POINT('Ctrl Pts',(0.774084590736543,75.3948239880474,-62.7327678551101));
#6065=CARTESIAN_POINT('Ctrl Pts',(1.23416195321929,75.3484550575589,-63.2488083612826));
#6066=CARTESIAN_POINT('Ctrl Pts',(1.67712201895404,75.2376436366141,-63.7724409384461));
#6067=CARTESIAN_POINT('Ctrl Pts',(2.10408479516646,75.0844071303306,-64.2959612085352));
#6068=CARTESIAN_POINT('Ctrl Pts',(0.588571315235669,74.6552644060163,-62.831709451818));
#6069=CARTESIAN_POINT('Ctrl Pts',(1.00951690889455,74.5890584016044,-63.3137267522811));
#6070=CARTESIAN_POINT('Ctrl Pts',(1.41720745481453,74.4597095878505,-63.8061432616587));
#6071=CARTESIAN_POINT('Ctrl Pts',(1.81145551934764,74.288916932481,-64.3017750604093));
#6072=CARTESIAN_POINT('Ctrl Pts',(0.564494820547904,73.8566945492021,-62.7814192523149));
#6073=CARTESIAN_POINT('Ctrl Pts',(0.956905044925992,73.7669623480349,-63.2197738568529));
#6074=CARTESIAN_POINT('Ctrl Pts',(1.34138066349493,73.6147821051195,-63.6699505144827));
#6075=CARTESIAN_POINT('Ctrl Pts',(1.71645982833544,73.4218056326889,-64.1254428581039));
#6076=CARTESIAN_POINT('Ctrl Pts',(0.705667977472846,73.1255798241342,-62.5898614571907));
#6077=CARTESIAN_POINT('Ctrl Pts',(1.08489921140382,73.0199596817733,-62.9823251063559));
#6078=CARTESIAN_POINT('Ctrl Pts',(1.46296216140214,72.8536529785509,-63.3877172246107));
#6079=CARTESIAN_POINT('Ctrl Pts',(1.83719665999949,72.6482785510458,-63.8005600788448));
#6080=CARTESIAN_POINT('',(1.16155009977404,75.3402453047414,-63.1736514199742));
#6081=CARTESIAN_POINT('Ctrl Pts',(1.02849612388636,75.3624865709493,-63.020837085229));
#6082=CARTESIAN_POINT('Ctrl Pts',(1.07301502267316,75.3556647638497,-63.0717166336166));
#6083=CARTESIAN_POINT('Ctrl Pts',(1.11737115630676,75.3482619872921,-63.1226554968272));
#6084=CARTESIAN_POINT('Ctrl Pts',(1.16156558250504,75.340299034181,-63.1736463989626));
#6085=CARTESIAN_POINT('Ctrl Pts',(1.83719665999949,72.6482785510458,-63.8005600788448));
#6086=CARTESIAN_POINT('Ctrl Pts',(1.45574815580888,73.5494809576008,-63.8278608205113));
#6087=CARTESIAN_POINT('Ctrl Pts',(1.24381818026964,74.4719191911012,-63.6079122703481));
#6088=CARTESIAN_POINT('Ctrl Pts',(1.16229408942302,75.3321173997314,-63.1777456249616));
#6089=CARTESIAN_POINT('Ctrl Pts',(1.16192274342456,75.3361814712938,-63.1756996433606));
#6090=CARTESIAN_POINT('Ctrl Pts',(1.16155009977403,75.3402453047414,-63.1736514199742));
#6091=CARTESIAN_POINT('Ctrl Pts',(1.16155009977403,75.3402453047414,-63.1736514199742));
#6092=CARTESIAN_POINT('Ctrl Pts',(1.16382033851308,75.3380922353463,-63.1769769474318));
#6093=CARTESIAN_POINT('Ctrl Pts',(1.16609031254302,75.3359378700825,-63.1803017778279));
#6094=CARTESIAN_POINT('Ctrl Pts',(1.64883612905187,74.8797114200204,-63.8805516231198));
#6095=CARTESIAN_POINT('Ctrl Pts',(2.28428947252655,74.3392185155064,-64.4036062351769));
#6096=CARTESIAN_POINT('Ctrl Pts',(3.05352682121785,73.7621953596887,-64.6641782624619));
#6097=CARTESIAN_POINT('Ctrl Pts',(1.16155009977403,75.3402453047414,-63.1736514199742));
#6098=CARTESIAN_POINT('Ctrl Pts',(1.1632776938959,75.3373888187013,-63.1764970564514));
#6099=CARTESIAN_POINT('Ctrl Pts',(1.16473746742443,75.3347289564558,-63.1795037713361));
#6100=CARTESIAN_POINT('Ctrl Pts',(1.51551524096375,74.7419534195047,-63.7884264425057));
#6101=CARTESIAN_POINT('Ctrl Pts',(1.93025512310813,74.1083002938393,-64.2846501351715));
#6102=CARTESIAN_POINT('Ctrl Pts',(2.52059131234134,73.3981574833372,-64.6526831443479));
#6103=CARTESIAN_POINT('Ctrl Pts',(1.16155009977403,75.3402453047414,-63.1736514199742));
#6104=CARTESIAN_POINT('Ctrl Pts',(1.16262978004789,75.3367606225307,-63.1760511300784));
#6105=CARTESIAN_POINT('Ctrl Pts',(1.16348596440491,75.3334468328114,-63.1786702447308));
#6106=CARTESIAN_POINT('Ctrl Pts',(1.38050447349576,74.6065952396485,-63.6973096543839));
#6107=CARTESIAN_POINT('Ctrl Pts',(1.65349244221501,73.8435930214097,-64.0926974255569));
#6108=CARTESIAN_POINT('Ctrl Pts',(2.05078345851372,72.967906814648,-64.3191103872889));
#6109=CARTESIAN_POINT('Ctrl Pts',(1.16155009977403,75.3402453047414,-63.1736514199742));
#6110=CARTESIAN_POINT('Ctrl Pts',(1.16192274342456,75.3361814712938,-63.1756996433606));
#6111=CARTESIAN_POINT('Ctrl Pts',(1.16229408942302,75.3321173997314,-63.1777456249616));
#6112=CARTESIAN_POINT('Ctrl Pts',(1.24381818026964,74.4719191911012,-63.6079122703481));
#6113=CARTESIAN_POINT('Ctrl Pts',(1.45574815580888,73.5494809576008,-63.8278608205113));
#6114=CARTESIAN_POINT('Ctrl Pts',(1.83719665999949,72.6482785510458,-63.8005600788448));
#6115=CARTESIAN_POINT('',(3.05352682121785,73.7621953596887,-64.6641782624619));
#6116=CARTESIAN_POINT('Origin',(3.38614162140612,73.3360646958053,-62.7386185900565));
#6117=CARTESIAN_POINT('Ctrl Pts',(1.16155009977403,75.3402453047414,-63.1736514199742));
#6118=CARTESIAN_POINT('Ctrl Pts',(1.16382033851308,75.3380922353463,-63.1769769474318));
#6119=CARTESIAN_POINT('Ctrl Pts',(1.16609031254302,75.3359378700825,-63.1803017778279));
#6120=CARTESIAN_POINT('Ctrl Pts',(1.64883612905187,74.8797114200204,-63.8805516231198));
#6121=CARTESIAN_POINT('Ctrl Pts',(2.28428947252655,74.3392185155064,-64.4036062351769));
#6122=CARTESIAN_POINT('Ctrl Pts',(3.05352682121785,73.7621953596887,-64.6641782624619));
#6123=CARTESIAN_POINT('Ctrl Pts',(2.76394832985009,70.8305435706195,-63.9582843761866));
#6124=CARTESIAN_POINT('Ctrl Pts',(2.51105366312873,71.4616276272285,-64.0071714646243));
#6125=CARTESIAN_POINT('Ctrl Pts',(2.20065819919362,72.0938903729593,-63.9716442807633));
#6126=CARTESIAN_POINT('Ctrl Pts',(1.83719665999949,72.6482785510458,-63.8005600788448));
#6127=CARTESIAN_POINT('Ctrl Pts',(3.06196876880214,70.8915628675563,-64.4202281634941));
#6128=CARTESIAN_POINT('Ctrl Pts',(2.75067449492062,71.5771081739999,-64.4312414183317));
#6129=CARTESIAN_POINT('Ctrl Pts',(2.38279490481852,72.2488487674346,-64.3448534664947));
#6130=CARTESIAN_POINT('Ctrl Pts',(1.95924625915048,72.8309232731042,-64.0968745408128));
#6131=CARTESIAN_POINT('Ctrl Pts',(3.90508199244909,71.1458025918602,-64.9926403169974));
#6132=CARTESIAN_POINT('Ctrl Pts',(3.42498535380758,71.8930287815052,-64.9995536508932));
#6133=CARTESIAN_POINT('Ctrl Pts',(2.89806518305083,72.6075750894048,-64.8617678267157));
#6134=CARTESIAN_POINT('Ctrl Pts',(2.31452997485816,73.2131217683848,-64.5172487845436));
#6135=CARTESIAN_POINT('Ctrl Pts',(4.84207781646023,71.5153341441575,-64.8460347484393));
#6136=CARTESIAN_POINT('Ctrl Pts',(4.26099816769448,72.2633885854569,-65.0030090678287));
#6137=CARTESIAN_POINT('Ctrl Pts',(3.58758955202617,72.9908560982335,-64.9759066952515));
#6138=CARTESIAN_POINT('Ctrl Pts',(2.8251258888422,73.6061791269666,-64.6592517832702));
#6139=CARTESIAN_POINT('Ctrl Pts',(5.1840587672224,71.6644171449248,-64.6646241291692));
#6140=CARTESIAN_POINT('Ctrl Pts',(4.59633389927155,72.4076050520162,-64.9001218306558));
#6141=CARTESIAN_POINT('Ctrl Pts',(3.88266991058143,73.1402354888337,-64.9450428045599));
#6142=CARTESIAN_POINT('Ctrl Pts',(3.05352682121785,73.7621953596887,-64.6641782624619));
#6143=CARTESIAN_POINT('',(5.18405876715622,71.6644171448604,-64.6646241292071));
#6144=CARTESIAN_POINT('Ctrl Pts',(3.05352682121785,73.7621953596887,-64.6641782624619));
#6145=CARTESIAN_POINT('Ctrl Pts',(3.88266991058143,73.1402354888337,-64.9450428045599));
#6146=CARTESIAN_POINT('Ctrl Pts',(4.59633389927155,72.4076050520162,-64.9001218306558));
#6147=CARTESIAN_POINT('Ctrl Pts',(5.1840587672224,71.6644171449248,-64.6646241291692));
#6148=CARTESIAN_POINT('Origin',(4.29571760516285,71.5280598402751,-62.8779353859184));
#6149=CARTESIAN_POINT('Ctrl Pts',(5.1840587671858,71.6644171449088,-64.6646241291887));
#6150=CARTESIAN_POINT('Ctrl Pts',(5.87432583848415,69.8037651756975,-64.4634255901992));
#6151=CARTESIAN_POINT('Ctrl Pts',(7.93460685505187,64.21710843893,-63.865985868904));
#6152=CARTESIAN_POINT('Ctrl Pts',(10.3071224001688,57.6867359028736,-63.1911382026032));
#6153=CARTESIAN_POINT('Ctrl Pts',(12.2914783546332,52.0680696792462,-62.6316579485602));
#6154=CARTESIAN_POINT('Ctrl Pts',(13.2611631589895,49.2494290726837,-62.3565757531708));
#6155=CARTESIAN_POINT('Ctrl Pts',(14.193665427467,46.4134368180556,-62.0804707031769));
#6156=CARTESIAN_POINT('Ctrl Pts',(14.7413282302528,44.48057594342,-61.879524593659));
#6157=CARTESIAN_POINT('Ctrl Pts',(14.9931579883627,43.4751572232706,-61.7358520004809));
#6158=CARTESIAN_POINT('Ctrl Pts',(14.996581278824,43.4614899920704,-61.7338878885762));
#6159=CARTESIAN_POINT('Ctrl Pts',(15.,43.4478182815005,-61.731915908613));
#6160=CARTESIAN_POINT('Ctrl Pts',(4.72808416617166,71.4656398105537,-64.9065049548672));
#6161=CARTESIAN_POINT('Ctrl Pts',(5.43043123912203,69.6111264407461,-64.6945876663131));
#6162=CARTESIAN_POINT('Ctrl Pts',(7.53151794160122,64.0443454733409,-64.064371728723));
#6163=CARTESIAN_POINT('Ctrl Pts',(9.96680200403059,57.5425815589,-63.3381392068027));
#6164=CARTESIAN_POINT('Ctrl Pts',(12.0361057368663,51.9596351036612,-62.7177878773002));
#6165=CARTESIAN_POINT('Ctrl Pts',(13.0598861149081,49.1633158401979,-62.4080003850969));
#6166=CARTESIAN_POINT('Ctrl Pts',(14.0643890817184,46.3567097168547,-62.0948839913157));
#6167=CARTESIAN_POINT('Ctrl Pts',(14.68964460991,44.4568680467802,-61.8736322094346));
#6168=CARTESIAN_POINT('Ctrl Pts',(14.991787604758,43.4745279106952,-61.7356850972707));
#6169=CARTESIAN_POINT('Ctrl Pts',(14.995895088197,43.4611747792691,-61.733802837367));
#6170=CARTESIAN_POINT('Ctrl Pts',(15.,43.4478182815005,-61.731915908613));
#6171=CARTESIAN_POINT('Ctrl Pts',(3.74749966097195,71.0915059591278,-64.9466483187178));
#6172=CARTESIAN_POINT('Ctrl Pts',(4.48421966531276,69.2498318873213,-64.7412923165672));
#6173=CARTESIAN_POINT('Ctrl Pts',(6.69725216437262,63.7249363555899,-64.1256152233225));
#6174=CARTESIAN_POINT('Ctrl Pts',(9.29530339404321,57.2823527522973,-63.4053863534293));
#6175=CARTESIAN_POINT('Ctrl Pts',(11.5550354191088,51.7682959597293,-62.7637500386959));
#6176=CARTESIAN_POINT('Ctrl Pts',(12.6917648196452,49.0132893575265,-62.4359681422486));
#6177=CARTESIAN_POINT('Ctrl Pts',(13.8364727220087,46.2592550051508,-62.098643059857));
#6178=CARTESIAN_POINT('Ctrl Pts',(14.5992472211137,44.4154434623885,-61.8630219553386));
#6179=CARTESIAN_POINT('Ctrl Pts',(14.9893892340866,43.4734268380372,-61.7353905014744));
#6180=CARTESIAN_POINT('Ctrl Pts',(14.9946942545997,43.4606231568668,-61.7336539977511));
#6181=CARTESIAN_POINT('Ctrl Pts',(15.,43.4478182815005,-61.731915908613));
#6182=CARTESIAN_POINT('Ctrl Pts',(2.98746365907057,70.8763080432975,-64.30474221666));
#6183=CARTESIAN_POINT('Ctrl Pts',(3.73312906046163,69.0333331978022,-64.1428374925616));
#6184=CARTESIAN_POINT('Ctrl Pts',(5.98302831799125,63.5075541403313,-63.6637195608495));
#6185=CARTESIAN_POINT('Ctrl Pts',(8.67138209741733,57.078397608896,-63.1227273917855));
#6186=CARTESIAN_POINT('Ctrl Pts',(11.0887856921007,51.6040367098118,-62.6185763513125));
#6187=CARTESIAN_POINT('Ctrl Pts',(12.3284228506658,48.8779990622539,-62.3516530539651));
#6188=CARTESIAN_POINT('Ctrl Pts',(13.6095093867642,46.1669170262662,-62.0640777551485));
#6189=CARTESIAN_POINT('Ctrl Pts',(14.508891107735,44.3741271901229,-61.8517546490465));
#6190=CARTESIAN_POINT('Ctrl Pts',(14.9869909538698,43.4723262119794,-61.7350927261159));
#6191=CARTESIAN_POINT('Ctrl Pts',(14.9934934210025,43.4600715344644,-61.7335051581351));
#6192=CARTESIAN_POINT('Ctrl Pts',(15.,43.4478182815005,-61.731915908613));
#6193=CARTESIAN_POINT('Ctrl Pts',(2.76394832986225,70.8305435705891,-63.9582843761842));
#6194=CARTESIAN_POINT('Ctrl Pts',(3.50415883990655,68.9833909300495,-63.8151942227645));
#6195=CARTESIAN_POINT('Ctrl Pts',(5.7422781991948,63.4463329154451,-63.3973351361824));
#6196=CARTESIAN_POINT('Ctrl Pts',(8.436618288373,57.0092028492046,-62.9478817731376));
#6197=CARTESIAN_POINT('Ctrl Pts',(10.9017679871416,51.5421578126044,-62.5245807033442));
#6198=CARTESIAN_POINT('Ctrl Pts',(12.1780078350999,48.8243828693004,-62.2960028866481));
#6199=CARTESIAN_POINT('Ctrl Pts',(13.5129212958277,46.1285127966184,-62.0423429209028));
#6200=CARTESIAN_POINT('Ctrl Pts',(14.4701655473847,44.3564354716001,-61.8468133442721));
#6201=CARTESIAN_POINT('Ctrl Pts',(14.985963223573,43.4718546414352,-61.7349644501745));
#6202=CARTESIAN_POINT('Ctrl Pts',(14.9929787780322,43.4598351248634,-61.7334413697282));
#6203=CARTESIAN_POINT('Ctrl Pts',(15.,43.4478182815005,-61.731915908613));
#6204=CARTESIAN_POINT('Ctrl Pts',(5.1840587671858,71.6644171449088,-64.6646241291887));
#6205=CARTESIAN_POINT('Ctrl Pts',(5.87432583848415,69.8037651756975,-64.4634255901992));
#6206=CARTESIAN_POINT('Ctrl Pts',(7.93460685505187,64.21710843893,-63.865985868904));
#6207=CARTESIAN_POINT('Ctrl Pts',(10.3071224001688,57.6867359028736,-63.1911382026032));
#6208=CARTESIAN_POINT('Ctrl Pts',(12.2914783546332,52.0680696792462,-62.6316579485602));
#6209=CARTESIAN_POINT('Ctrl Pts',(13.2611631589895,49.2494290726837,-62.3565757531708));
#6210=CARTESIAN_POINT('Ctrl Pts',(14.193665427467,46.4134368180556,-62.0804707031769));
#6211=CARTESIAN_POINT('Ctrl Pts',(14.7413282302528,44.48057594342,-61.879524593659));
#6212=CARTESIAN_POINT('Ctrl Pts',(14.9931579883627,43.4751572232706,-61.7358520004809));
#6213=CARTESIAN_POINT('Ctrl Pts',(14.996581278824,43.4614899920704,-61.7338878885762));
#6214=CARTESIAN_POINT('Ctrl Pts',(15.,43.4478182815005,-61.731915908613));
#6215=CARTESIAN_POINT('Ctrl Pts',(-0.55250841901999,81.1118340488334,-66.8470773035358));
#6216=CARTESIAN_POINT('Ctrl Pts',(4.63166105398667,68.5571621263891,-65.1420235052282));
#6217=CARTESIAN_POINT('Ctrl Pts',(9.81583052699334,56.0024902039448,-63.4369697069206));
#6218=CARTESIAN_POINT('Ctrl Pts',(15.,43.4478182815005,-61.731915908613));
#6219=CARTESIAN_POINT('Ctrl Pts',(7.56365693488218,74.9958647750964,-63.1482152218484));
#6220=CARTESIAN_POINT('Ctrl Pts',(10.3757712899214,64.4425601803135,-62.6875027860416));
#6221=CARTESIAN_POINT('Ctrl Pts',(13.1878856449607,53.8892555855307,-62.2267903502348));
#6222=CARTESIAN_POINT('Ctrl Pts',(16.,43.3359509907478,-61.766077914428));
#6223=CARTESIAN_POINT('Ctrl Pts',(15.6798222887843,68.8798955013594,-59.449353140161));
#6224=CARTESIAN_POINT('Ctrl Pts',(16.1198815258562,60.327958234238,-60.232982066855));
#6225=CARTESIAN_POINT('Ctrl Pts',(16.5599407629281,51.7760209671166,-61.016610993549));
#6226=CARTESIAN_POINT('Ctrl Pts',(17.,43.2240836999952,-61.800239920243));
#6227=CARTESIAN_POINT('Ctrl Pts',(23.7959876426865,62.7639262276225,-55.7504910584736));
#6228=CARTESIAN_POINT('Ctrl Pts',(21.863991761791,56.2133562881625,-57.7784613476684));
#6229=CARTESIAN_POINT('Ctrl Pts',(19.9319958808955,49.6627863487026,-59.8064316368632));
#6230=CARTESIAN_POINT('Ctrl Pts',(18.,43.1122164092426,-61.834401926058));
#6231=CARTESIAN_POINT('',(5.77385267309485,74.3474894420068,-64.1442559629271));
#6232=CARTESIAN_POINT('Ctrl Pts',(5.77405757046236,74.3474739977854,-64.1443883882031));
#6233=CARTESIAN_POINT('Ctrl Pts',(5.58405903112013,73.4555066986653,-64.3209415908957));
#6234=CARTESIAN_POINT('Ctrl Pts',(5.38813836352959,72.5614636183702,-64.494694617862));
#6235=CARTESIAN_POINT('Ctrl Pts',(5.18405876710814,71.6644171448757,-64.6646241292298));
#6236=CARTESIAN_POINT('',(17.9618790571328,67.160242381006,-58.4093283401926));
#6237=CARTESIAN_POINT('Ctrl Pts',(17.9618790571327,67.160242381006,-58.4093283401926));
#6238=CARTESIAN_POINT('Ctrl Pts',(17.9528816394657,67.1657034709822,-58.4135953214287));
#6239=CARTESIAN_POINT('Ctrl Pts',(17.9438836136719,67.1711631027424,-58.4178625461578));
#6240=CARTESIAN_POINT('Ctrl Pts',(13.9083670274252,69.621068419006,-60.3316430087185));
#6241=CARTESIAN_POINT('Ctrl Pts',(9.84672392405344,71.989724929419,-62.2485814890861));
#6242=CARTESIAN_POINT('Ctrl Pts',(5.77385267309487,74.3474894420068,-64.1442559629271));
#6243=CARTESIAN_POINT('',(23.4813279101695,62.1745046137374,-56.0120599482415));
#6244=CARTESIAN_POINT('Ctrl Pts',(23.4813279101695,62.1745046137374,-56.0120599482415));
#6245=CARTESIAN_POINT('Ctrl Pts',(21.6354072938303,63.8100185894082,-56.8135207991934));
#6246=CARTESIAN_POINT('Ctrl Pts',(19.8039358978935,65.4643722765324,-57.6087235583519));
#6247=CARTESIAN_POINT('Ctrl Pts',(17.9786686375494,67.1447837252061,-58.4020310806046));
#6248=CARTESIAN_POINT('Ctrl Pts',(17.9702736669215,67.1525128229488,-58.405679783565));
#6249=CARTESIAN_POINT('Ctrl Pts',(17.9618790571327,67.160242381006,-58.4093283401926));
#6250=CARTESIAN_POINT('',(23.268388419668,60.9750634021048,-56.3042994591353));
#6251=CARTESIAN_POINT('Ctrl Pts',(23.268388419668,60.9750634021048,-56.3042994591353));
#6252=CARTESIAN_POINT('Ctrl Pts',(23.2811950428224,61.2933431512394,-56.2509927250935));
#6253=CARTESIAN_POINT('Ctrl Pts',(23.3562306676556,61.7073683842191,-56.1493531195737));
#6254=CARTESIAN_POINT('Ctrl Pts',(23.4813279101694,62.1745046137374,-56.0120599482415));
#6255=CARTESIAN_POINT('',(18.0545598205461,43.2972053752676,-61.7771317754612));
#6256=CARTESIAN_POINT('',(23.7959876426865,62.7639262276225,-55.7504910584736));
#6257=CARTESIAN_POINT('',(18.,43.1654040381974,-61.8181595009718));
#6258=CARTESIAN_POINT('Ctrl Pts',(18.,43.1654040381974,-61.8181595009718));
#6259=CARTESIAN_POINT('Ctrl Pts',(18.0003220288969,43.1665212156062,-61.817818337563));
#6260=CARTESIAN_POINT('Ctrl Pts',(18.000648267779,43.1676325291939,-61.8174788833842));
#6261=CARTESIAN_POINT('Ctrl Pts',(18.0009772965269,43.1687353219544,-61.8171419446923));
#6262=CARTESIAN_POINT('Ctrl Pts',(18.0042129359555,43.1795800878311,-61.8138285195781));
#6263=CARTESIAN_POINT('Ctrl Pts',(18.0080710888458,43.1907892055542,-61.8103944385836));
#6264=CARTESIAN_POINT('Ctrl Pts',(18.0120226875283,43.2014380610039,-61.807117655906));
#6265=CARTESIAN_POINT('Ctrl Pts',(18.0172877259572,43.2156264029062,-61.8027517300852));
#6266=CARTESIAN_POINT('Ctrl Pts',(18.0231732836766,43.2300510212379,-61.7982869114804));
#6267=CARTESIAN_POINT('Ctrl Pts',(18.0292533049923,43.2439719531978,-61.7939427461207));
#6268=CARTESIAN_POINT('Ctrl Pts',(18.0370461606128,43.261814623023,-61.7883747634309));
#6269=CARTESIAN_POINT('Ctrl Pts',(18.0456147678489,43.2798746039547,-61.7826794820706));
#6270=CARTESIAN_POINT('Ctrl Pts',(18.054559820546,43.2972053752674,-61.7771317754613));
#6271=CARTESIAN_POINT('Ctrl Pts',(17.9851476292573,43.1138779037188,-61.8338945392823));
#6272=CARTESIAN_POINT('Ctrl Pts',(17.9872701660908,43.1212414499305,-61.8316458613461));
#6273=CARTESIAN_POINT('Ctrl Pts',(17.9893927029242,43.1286049961421,-61.8293971834099));
#6274=CARTESIAN_POINT('Ctrl Pts',(17.9943434931717,43.1457803743017,-61.8241521706397));
#6275=CARTESIAN_POINT('Ctrl Pts',(17.9971717465859,43.1555922062495,-61.8211558358058));
#6276=CARTESIAN_POINT('Ctrl Pts',(18.,43.1654040381974,-61.8181595009718));
#6277=CARTESIAN_POINT('Ctrl Pts',(0.576374655441169,72.4522588253152,-63.7105307499482));
#6278=CARTESIAN_POINT('Ctrl Pts',(0.929554730427372,74.1484085183599,-63.4054822065393));
#6279=CARTESIAN_POINT('Ctrl Pts',(1.26440022110305,75.8447186107082,-63.0805521415708));
#6280=CARTESIAN_POINT('Ctrl Pts',(1.5901082306916,77.5407771516777,-62.7458478635553));
#6281=CARTESIAN_POINT('Ctrl Pts',(1.23587072802275,72.4437510825194,-64.4267789398078));
#6282=CARTESIAN_POINT('Ctrl Pts',(1.59570828118891,74.1499278480579,-64.1251108134135));
#6283=CARTESIAN_POINT('Ctrl Pts',(1.93533072659231,75.8527372738528,-63.8023131688647));
#6284=CARTESIAN_POINT('Ctrl Pts',(2.26479700904813,77.5540568742658,-63.4696949785188));
#6285=CARTESIAN_POINT('Ctrl Pts',(2.84522343714426,72.2563618209683,-65.2481271397602));
#6286=CARTESIAN_POINT('Ctrl Pts',(3.22344062708251,73.9772904994945,-64.9454811523754));
#6287=CARTESIAN_POINT('Ctrl Pts',(3.57595772772787,75.6898463291393,-64.6223931667319));
#6288=CARTESIAN_POINT('Ctrl Pts',(3.91612402190745,77.3986591873014,-64.2891851324584));
#6289=CARTESIAN_POINT('Ctrl Pts',(4.54643719100894,71.8516322317094,-64.967361441052));
#6290=CARTESIAN_POINT('Ctrl Pts',(4.93721978516903,73.5776031215799,-64.648714671272));
#6291=CARTESIAN_POINT('Ctrl Pts',(5.29840522743897,75.2928472886258,-64.3136635752188));
#6292=CARTESIAN_POINT('Ctrl Pts',(5.64569758568746,77.0036615199271,-63.9706854552226));
#6293=CARTESIAN_POINT('Ctrl Pts',(5.18405876710814,71.6644171448757,-64.6646241292298));
#6294=CARTESIAN_POINT('Ctrl Pts',(5.57681170097897,73.3907907778179,-64.337593326978));
#6295=CARTESIAN_POINT('Ctrl Pts',(5.93934613872307,75.1060406434558,-63.9964012428106));
#6296=CARTESIAN_POINT('Ctrl Pts',(6.28760569614728,76.8167786364098,-63.6483421066595));
#6297=CARTESIAN_POINT('',(1.59010823069184,77.5407771516775,-62.7458478635556));
#6298=CARTESIAN_POINT('Ctrl Pts',(1.16167245947598,75.3402463255856,-63.173783256712));
#6299=CARTESIAN_POINT('Ctrl Pts',(1.30668917304099,76.073781434175,-63.033511074394));
#6300=CARTESIAN_POINT('Ctrl Pts',(1.44925314795166,76.8073028155021,-62.8905934558815));
#6301=CARTESIAN_POINT('Ctrl Pts',(1.5901082306916,77.5407771516777,-62.7458478635553));
#6302=CARTESIAN_POINT('',(5.60069973881255,74.4945646946849,-64.2140364182101));
#6303=CARTESIAN_POINT('Ctrl Pts',(5.60069973881255,74.4945646946849,-64.2140364182101));
#6304=CARTESIAN_POINT('Ctrl Pts',(5.03956121203655,74.7985055135676,-64.4364916328735));
#6305=CARTESIAN_POINT('Ctrl Pts',(4.1208626680123,75.3861965989693,-64.5118660417263));
#6306=CARTESIAN_POINT('Ctrl Pts',(2.69073731341229,76.483395098691,-63.9798427447009));
#6307=CARTESIAN_POINT('Ctrl Pts',(1.96709276775866,77.1431922012409,-63.3107185891449));
#6308=CARTESIAN_POINT('Ctrl Pts',(1.59516005550476,77.5354381485953,-62.7534592803793));
#6309=CARTESIAN_POINT('Ctrl Pts',(1.59263245314347,77.5381080587318,-62.7496568438632));
#6310=CARTESIAN_POINT('Ctrl Pts',(1.59010823069155,77.5407771516775,-62.7458478635553));
#6311=CARTESIAN_POINT('Ctrl Pts',(5.77385267309485,74.3474894420068,-64.1442559629271));
#6312=CARTESIAN_POINT('Ctrl Pts',(5.72081896052944,74.412371763167,-64.1659344954804));
#6313=CARTESIAN_POINT('Ctrl Pts',(5.66276674417365,74.4609460862044,-64.1894308558716));
#6314=CARTESIAN_POINT('Ctrl Pts',(5.60069973881255,74.4945646946849,-64.2140364182101));
#6315=CARTESIAN_POINT('Ctrl Pts',(1.59010823069155,77.5407771516775,-62.7458478635553));
#6316=CARTESIAN_POINT('Ctrl Pts',(1.59263245314347,77.5381080587318,-62.7496568438632));
#6317=CARTESIAN_POINT('Ctrl Pts',(1.59516005550476,77.5354381485953,-62.7534592803793));
#6318=CARTESIAN_POINT('Ctrl Pts',(1.96709276775866,77.1431922012409,-63.3107185891449));
#6319=CARTESIAN_POINT('Ctrl Pts',(2.69073731341229,76.483395098691,-63.9798427447009));
#6320=CARTESIAN_POINT('Ctrl Pts',(4.1208626680123,75.3861965989693,-64.5118660417263));
#6321=CARTESIAN_POINT('Ctrl Pts',(5.03956121203655,74.7985055135676,-64.4364916328735));
#6322=CARTESIAN_POINT('Ctrl Pts',(5.60069973881255,74.4945646946849,-64.2140364182101));
#6323=CARTESIAN_POINT('Ctrl Pts',(1.59010823069156,77.5407771516775,-62.7458478635553));
#6324=CARTESIAN_POINT('Ctrl Pts',(1.59303843352628,77.5393748424196,-62.7495872737978));
#6325=CARTESIAN_POINT('Ctrl Pts',(1.59596316344558,77.5379547985718,-62.7532989316823));
#6326=CARTESIAN_POINT('Ctrl Pts',(2.02703578736272,77.3315514933541,-63.3007841765175));
#6327=CARTESIAN_POINT('Ctrl Pts',(2.86522420539116,76.9506380358844,-63.9319489169006));
#6328=CARTESIAN_POINT('Ctrl Pts',(4.4343913869667,76.2685329131961,-64.3425354560678));
#6329=CARTESIAN_POINT('Ctrl Pts',(5.36576525210277,75.8773217938622,-64.1940327232355));
#6330=CARTESIAN_POINT('Ctrl Pts',(5.906708496194,75.6586670301884,-63.95806076519));
#6331=CARTESIAN_POINT('Ctrl Pts',(1.59010823069157,77.5407771516775,-62.7458478635553));
#6332=CARTESIAN_POINT('Ctrl Pts',(1.59343821515396,77.5406255637135,-62.749512948973));
#6333=CARTESIAN_POINT('Ctrl Pts',(1.59677138407238,77.5404894139306,-62.7531462074243));
#6334=CARTESIAN_POINT('Ctrl Pts',(2.08671465951768,77.5181104946441,-63.2897485930176));
#6335=CARTESIAN_POINT('Ctrl Pts',(3.01971806150604,77.4265358292581,-63.9062380690322));
#6336=CARTESIAN_POINT('Ctrl Pts',(4.73656955964797,77.1773090022435,-64.3011725317943));
#6337=CARTESIAN_POINT('Ctrl Pts',(5.7383984978595,76.9853014504944,-64.1481616363364));
#6338=CARTESIAN_POINT('Ctrl Pts',(6.30670321427317,76.8435215414352,-63.9106359203309));
#6339=CARTESIAN_POINT('Ctrl Pts',(1.59010823069158,77.5407771516776,-62.7458478635553));
#6340=CARTESIAN_POINT('Ctrl Pts',(1.59384031868137,77.5418927468,-62.7494299096269));
#6341=CARTESIAN_POINT('Ctrl Pts',(1.59757591489974,77.5430069422333,-62.7530057864534));
#6342=CARTESIAN_POINT('Ctrl Pts',(2.14681729124402,77.7061980585135,-63.2770074863325));
#6343=CARTESIAN_POINT('Ctrl Pts',(3.15374821242368,77.9096140668579,-63.9027984813804));
#6344=CARTESIAN_POINT('Ctrl Pts',(5.0174238784406,78.0826215363997,-64.3891057665334));
#6345=CARTESIAN_POINT('Ctrl Pts',(6.13539220451417,78.0569038547667,-64.3015634073801));
#6346=CARTESIAN_POINT('Ctrl Pts',(6.77397286386405,77.9700054750473,-64.0749288414898));
#6347=CARTESIAN_POINT('',(6.77397286386405,77.9700054750473,-64.0749288414898));
#6348=CARTESIAN_POINT('Origin',(9.69666579673829,75.4136404307373,-73.2902890504213));
#6349=CARTESIAN_POINT('Ctrl Pts',(1.59010823069158,77.5407771516776,-62.7458478635553));
#6350=CARTESIAN_POINT('Ctrl Pts',(1.59384031868137,77.5418927468,-62.7494299096269));
#6351=CARTESIAN_POINT('Ctrl Pts',(1.59757591489974,77.5430069422333,-62.7530057864534));
#6352=CARTESIAN_POINT('Ctrl Pts',(2.14681729124402,77.7061980585135,-63.2770074863325));
#6353=CARTESIAN_POINT('Ctrl Pts',(3.15374821242368,77.9096140668579,-63.9027984813804));
#6354=CARTESIAN_POINT('Ctrl Pts',(5.0174238784406,78.0826215363997,-64.3891057665334));
#6355=CARTESIAN_POINT('Ctrl Pts',(6.13539220451417,78.0569038547667,-64.3015634073801));
#6356=CARTESIAN_POINT('Ctrl Pts',(6.77397286386405,77.9700054750473,-64.0749288414898));
#6357=CARTESIAN_POINT('Ctrl Pts',(5.60069973881255,74.4945646946849,-64.2140364182101));
#6358=CARTESIAN_POINT('Ctrl Pts',(5.66276674417365,74.4609460862044,-64.1894308558716));
#6359=CARTESIAN_POINT('Ctrl Pts',(5.72081896052944,74.412371763167,-64.1659344954804));
#6360=CARTESIAN_POINT('Ctrl Pts',(5.77385267309485,74.3474894420068,-64.1442559629271));
#6361=CARTESIAN_POINT('Ctrl Pts',(5.90670849619399,75.6586670301884,-63.95806076519));
#6362=CARTESIAN_POINT('Ctrl Pts',(6.00925878702906,75.5941329924554,-63.9168213835475));
#6363=CARTESIAN_POINT('Ctrl Pts',(6.10744675296942,75.5122716803226,-63.8740503344876));
#6364=CARTESIAN_POINT('Ctrl Pts',(6.19976738968947,75.411833493058,-63.8307555146712));
#6365=CARTESIAN_POINT('Ctrl Pts',(6.30670321427316,76.8435215414352,-63.9106359203309));
#6366=CARTESIAN_POINT('Ctrl Pts',(6.45103396874046,76.7464970861671,-63.8457732276513));
#6367=CARTESIAN_POINT('Ctrl Pts',(6.59057447986159,76.6298966071391,-63.7774372144829));
#6368=CARTESIAN_POINT('Ctrl Pts',(6.72349365372484,76.4925681296653,-63.7069924838815));
#6369=CARTESIAN_POINT('Ctrl Pts',(6.77397286386404,77.9700054750473,-64.0749288414898));
#6370=CARTESIAN_POINT('Ctrl Pts',(6.95925805203337,77.8430723201627,-63.9809532213833));
#6371=CARTESIAN_POINT('Ctrl Pts',(7.13941857403398,77.6941887240666,-63.8822734860899));
#6372=CARTESIAN_POINT('Ctrl Pts',(7.3123646402085,77.5222837684993,-63.7806864476443));
#6373=CARTESIAN_POINT('',(7.3123646402085,77.5222837684993,-63.7806864476443));
#6374=CARTESIAN_POINT('Origin',(10.3478202159318,75.1263806156884,-73.0027066997453));
#6375=CARTESIAN_POINT('Ctrl Pts',(6.77397286386404,77.9700054750473,-64.0749288414898));
#6376=CARTESIAN_POINT('Ctrl Pts',(6.95925805203337,77.8430723201627,-63.9809532213833));
#6377=CARTESIAN_POINT('Ctrl Pts',(7.13941857403398,77.6941887240666,-63.8822734860899));
#6378=CARTESIAN_POINT('Ctrl Pts',(7.3123646402085,77.5222837684993,-63.7806864476443));
#6379=CARTESIAN_POINT('Ctrl Pts',(5.77385267309487,74.3474894420068,-64.1442559629271));
#6380=CARTESIAN_POINT('Ctrl Pts',(9.84672392405344,71.989724929419,-62.2485814890861));
#6381=CARTESIAN_POINT('Ctrl Pts',(13.9083670274252,69.621068419006,-60.3316430087185));
#6382=CARTESIAN_POINT('Ctrl Pts',(17.9438836136719,67.1711631027424,-58.4178625461578));
#6383=CARTESIAN_POINT('Ctrl Pts',(17.9528816394657,67.1657034709822,-58.4135953214287));
#6384=CARTESIAN_POINT('Ctrl Pts',(17.9618790571327,67.160242381006,-58.4093283401926));
#6385=CARTESIAN_POINT('Ctrl Pts',(6.19976738968948,75.411833493058,-63.8307555146712));
#6386=CARTESIAN_POINT('Ctrl Pts',(10.1195850727989,72.6825268863088,-62.0271404221902));
#6387=CARTESIAN_POINT('Ctrl Pts',(14.0359648422799,69.9339538614527,-60.2218142033246));
#6388=CARTESIAN_POINT('Ctrl Pts',(17.9444501214281,67.1725566923654,-58.4173748027897));
#6389=CARTESIAN_POINT('Ctrl Pts',(17.9531648045802,67.1663994005311,-58.4133514854189));
#6390=CARTESIAN_POINT('Ctrl Pts',(17.9618790571327,67.160242381006,-58.4093283401926));
#6391=CARTESIAN_POINT('Ctrl Pts',(6.72349365372485,76.4925681296654,-63.7069924838815));
#6392=CARTESIAN_POINT('Ctrl Pts',(10.4234375896735,73.3831373353197,-61.860784990993));
#6393=CARTESIAN_POINT('Ctrl Pts',(14.163169917435,70.2466777802596,-60.1113863865994));
#6394=CARTESIAN_POINT('Ctrl Pts',(17.9450175675032,67.1739506090703,-58.4168885843526));
#6395=CARTESIAN_POINT('Ctrl Pts',(17.9534479696948,67.16709533008,-58.4131076494091));
#6396=CARTESIAN_POINT('Ctrl Pts',(17.9618790571327,67.160242381006,-58.4093283401926));
#6397=CARTESIAN_POINT('Ctrl Pts',(7.31236464020851,77.5222837684993,-63.7806864476443));
#6398=CARTESIAN_POINT('Ctrl Pts',(10.7616011145599,74.093811204882,-61.7546344761906));
#6399=CARTESIAN_POINT('Ctrl Pts',(14.289668959719,70.5591914142895,-59.9997066467332));
#6400=CARTESIAN_POINT('Ctrl Pts',(17.9455864418531,67.1753449280507,-58.4164049130505));
#6401=CARTESIAN_POINT('Ctrl Pts',(17.9537311348094,67.1677912596289,-58.4128638133993));
#6402=CARTESIAN_POINT('Ctrl Pts',(17.9618790571327,67.160242381006,-58.4093283401926));
#6403=CARTESIAN_POINT('Ctrl Pts',(7.31236464020851,77.5222837684993,-63.7806864476443));
#6404=CARTESIAN_POINT('Ctrl Pts',(10.7616011145599,74.093811204882,-61.7546344761906));
#6405=CARTESIAN_POINT('Ctrl Pts',(14.289668959719,70.5591914142895,-59.9997066467332));
#6406=CARTESIAN_POINT('Ctrl Pts',(17.9455864418531,67.1753449280507,-58.4164049130505));
#6407=CARTESIAN_POINT('Ctrl Pts',(17.9537311348094,67.1677912596289,-58.4128638133993));
#6408=CARTESIAN_POINT('Ctrl Pts',(17.9618790571327,67.160242381006,-58.4093283401926));
#6409=CARTESIAN_POINT('Ctrl Pts',(22.2522395485906,95.1518540175421,-64.5287123773743));
#6410=CARTESIAN_POINT('Ctrl Pts',(16.4193858232383,89.1390145121801,-64.4954199708059));
#6411=CARTESIAN_POINT('Ctrl Pts',(10.586532097886,83.1261750068181,-64.4621275642375));
#6412=CARTESIAN_POINT('Ctrl Pts',(4.75367837253372,77.1133355014561,-64.4288351576692));
#6413=CARTESIAN_POINT('Ctrl Pts',(27.2355642270293,91.3966495231274,-56.5074510069115));
#6414=CARTESIAN_POINT('Ctrl Pts',(21.8484424182594,85.0479269267647,-58.1877408345583));
#6415=CARTESIAN_POINT('Ctrl Pts',(16.4613206094894,78.699204330402,-59.868030662205));
#6416=CARTESIAN_POINT('Ctrl Pts',(11.0741988007195,72.3504817340393,-61.5483204898517));
#6417=CARTESIAN_POINT('Ctrl Pts',(32.218888905468,87.6414450287128,-48.4861896364488));
#6418=CARTESIAN_POINT('Ctrl Pts',(27.2774990132804,80.9568393413494,-51.8800616983106));
#6419=CARTESIAN_POINT('Ctrl Pts',(22.3361091210928,74.2722336539859,-55.2739337601725));
#6420=CARTESIAN_POINT('Ctrl Pts',(17.3947192289052,67.5876279666225,-58.6678058220343));
#6421=CARTESIAN_POINT('Ctrl Pts',(37.2022135839066,83.8862405342981,-40.464928265986));
#6422=CARTESIAN_POINT('Ctrl Pts',(32.7065556083014,76.865751755934,-45.572382562063));
#6423=CARTESIAN_POINT('Ctrl Pts',(28.2108976326962,69.8452629775698,-50.6798368581399));
#6424=CARTESIAN_POINT('Ctrl Pts',(23.7152396570909,62.8247741992057,-55.7872911542169));
#6425=CARTESIAN_POINT('',(36.3927762994381,82.6385336921407,-41.3872530560405));
#6426=CARTESIAN_POINT('Ctrl Pts',(36.3922143865126,82.6391940124987,-41.3863327225955));
#6427=CARTESIAN_POINT('Ctrl Pts',(36.4027460191655,82.6590093700363,-41.3749553901652));
#6428=CARTESIAN_POINT('Ctrl Pts',(36.4130556167101,82.6787681639824,-41.3638844755382));
#6429=CARTESIAN_POINT('Ctrl Pts',(36.422627490742,82.6972764905445,-41.3536390719532));
#6430=CARTESIAN_POINT('Ctrl Pts',(36.4425383845376,82.7357765087524,-41.3323271384704));
#6431=CARTESIAN_POINT('Ctrl Pts',(36.464954111918,82.7799765486836,-41.3085050261021));
#6432=CARTESIAN_POINT('Ctrl Pts',(36.4868594647394,82.8234905797667,-41.285320742662));
#6433=CARTESIAN_POINT('Ctrl Pts',(36.5084655172283,82.8664100637509,-41.2624532340212));
#6434=CARTESIAN_POINT('Ctrl Pts',(36.5295745406874,82.9086622526912,-41.2402056521196));
#6435=CARTESIAN_POINT('Ctrl Pts',(36.5472591772301,82.9441564623837,-41.2216054855412));
#6436=CARTESIAN_POINT('Ctrl Pts',(36.5785301621287,83.0069193522291,-41.1887156081167));
#6437=CARTESIAN_POINT('Ctrl Pts',(36.6123690462699,83.0751710898145,-41.1532612405631));
#6438=CARTESIAN_POINT('Ctrl Pts',(36.6468311323217,83.1447764404592,-41.1172713288297));
#6439=CARTESIAN_POINT('Ctrl Pts',(36.679688163284,83.2111399553618,-41.0829576299325));
#6440=CARTESIAN_POINT('Ctrl Pts',(36.7131119532071,83.2787337503776,-41.0481568638858));
#6441=CARTESIAN_POINT('Ctrl Pts',(36.7453857622946,83.3440100897427,-41.014637431676));
#6442=CARTESIAN_POINT('Ctrl Pts',(36.7615011720536,83.3766047845176,-40.9979000399575));
#6443=CARTESIAN_POINT('Ctrl Pts',(36.7773293209485,83.4086222591932,-40.9814823119812));
#6444=CARTESIAN_POINT('Ctrl Pts',(36.7926532679013,83.4396243283332,-40.9656055459889));
#6445=CARTESIAN_POINT('Ctrl Pts',(36.8813350474203,83.6190375479539,-40.8737245269836));
#6446=CARTESIAN_POINT('Ctrl Pts',(36.9721799489258,83.8027397518486,-40.7802069275081));
#6447=CARTESIAN_POINT('Ctrl Pts',(37.0648131137687,83.989698096147,-40.685398855211));
#6448=CARTESIAN_POINT('',(34.1931676723057,80.325829994074,-43.988413745555));
#6449=CARTESIAN_POINT('Ctrl Pts',(34.1931676723058,80.3258299940742,-43.9884137455548));
#6450=CARTESIAN_POINT('Ctrl Pts',(34.3959100577157,80.5319357849291,-43.7553972880333));
#6451=CARTESIAN_POINT('Ctrl Pts',(34.5979241693614,80.7361398044785,-43.5209710642383));
#6452=CARTESIAN_POINT('Ctrl Pts',(35.0559990315624,81.1972983094103,-42.984213885242));
#6453=CARTESIAN_POINT('Ctrl Pts',(35.3033464979556,81.4449005031249,-42.6908554291857));
#6454=CARTESIAN_POINT('Ctrl Pts',(35.7050353515009,81.8468007204849,-42.2086666595978));
#6455=CARTESIAN_POINT('Ctrl Pts',(35.8256485067028,81.9674332056669,-42.0627807074626));
#6456=CARTESIAN_POINT('Ctrl Pts',(35.9806713394757,82.1238176132431,-41.8747330508807));
#6457=CARTESIAN_POINT('Ctrl Pts',(36.0588819856061,82.2029925630822,-41.7796588820498));
#6458=CARTESIAN_POINT('Ctrl Pts',(36.1436802004581,82.2915579879035,-41.6766917488555));
#6459=CARTESIAN_POINT('Ctrl Pts',(36.1779179984175,82.3278817999377,-41.635150632182));
#6460=CARTESIAN_POINT('Ctrl Pts',(36.2257189969626,82.382010793323,-41.5776250947811));
#6461=CARTESIAN_POINT('Ctrl Pts',(36.2446661801069,82.4043932733302,-41.5549539559187));
#6462=CARTESIAN_POINT('Ctrl Pts',(36.2758912612252,82.4447841926128,-41.5181386747257));
#6463=CARTESIAN_POINT('Ctrl Pts',(36.2884076436688,82.4620836877006,-41.5035552027116));
#6464=CARTESIAN_POINT('Ctrl Pts',(36.3283829042145,82.5216520559542,-41.4576773070612));
#6465=CARTESIAN_POINT('Ctrl Pts',(36.355893027794,82.5690850513941,-41.4271392073655));
#6466=CARTESIAN_POINT('Ctrl Pts',(36.3927762994381,82.6385336921407,-41.3872530560406));
#6467=CARTESIAN_POINT('',(29.2709976461785,74.8374926561248,-49.259034579003));
#6468=CARTESIAN_POINT('Ctrl Pts',(29.2709976461784,74.8374926561248,-49.259034579003));
#6469=CARTESIAN_POINT('Ctrl Pts',(30.1463153338562,75.9885298877462,-48.3745383149911));
#6470=CARTESIAN_POINT('Ctrl Pts',(31.2377358903709,77.2309935660429,-47.2610070522436));
#6471=CARTESIAN_POINT('Ctrl Pts',(33.0713239378527,79.1767305042701,-45.2604884391796));
#6472=CARTESIAN_POINT('Ctrl Pts',(33.6339186017241,79.7573032316804,-44.6311714848191));
#6473=CARTESIAN_POINT('Ctrl Pts',(34.1931676723029,80.3258299940713,-43.9884137455581));
#6474=CARTESIAN_POINT('',(29.0908025559109,74.5976499409163,-49.4409630857325));
#6475=CARTESIAN_POINT('Ctrl Pts',(29.0908025559109,74.5976499409163,-49.4409630857325));
#6476=CARTESIAN_POINT('Ctrl Pts',(29.1505358361081,74.6781087718649,-49.3807014816956));
#6477=CARTESIAN_POINT('Ctrl Pts',(29.2106168562084,74.7580922986218,-49.320048521596));
#6478=CARTESIAN_POINT('Ctrl Pts',(29.2709976461785,74.8374926561248,-49.259034579003));
#6479=CARTESIAN_POINT('',(25.1305616001009,69.3513047435255,-53.3457725193773));
#6480=CARTESIAN_POINT('Ctrl Pts',(25.130561600099,69.3513047435237,-53.345772519379));
#6481=CARTESIAN_POINT('Ctrl Pts',(26.1699077673003,70.7047239065542,-52.3460533260476));
#6482=CARTESIAN_POINT('Ctrl Pts',(27.1970121266835,72.0609374995758,-51.3373582818302));
#6483=CARTESIAN_POINT('Ctrl Pts',(28.2118942511245,73.4180603458368,-50.3233915862646));
#6484=CARTESIAN_POINT('Ctrl Pts',(28.3164340949957,73.5578533395701,-50.2189460378681));
#6485=CARTESIAN_POINT('Ctrl Pts',(28.4208442444145,73.6976559894751,-50.1144445110976));
#6486=CARTESIAN_POINT('Ctrl Pts',(28.5251247125732,73.8374662413344,-50.0098910229191));
#6487=CARTESIAN_POINT('Ctrl Pts',(28.7139866076416,74.0906759706572,-49.8205346624994));
#6488=CARTESIAN_POINT('Ctrl Pts',(28.9025473080161,74.344073512095,-49.6308834428964));
#6489=CARTESIAN_POINT('Ctrl Pts',(29.0908025559106,74.5976499409162,-49.4409630857327));
#6490=CARTESIAN_POINT('',(24.1086926805007,67.3207449864955,-54.4416074061891));
#6491=CARTESIAN_POINT('Ctrl Pts',(24.1086926805007,67.3207449864955,-54.4416074061891));
#6492=CARTESIAN_POINT('Ctrl Pts',(24.1501497055069,67.5625797878736,-54.3677559538533));
#6493=CARTESIAN_POINT('Ctrl Pts',(24.2307449601479,67.8014352509234,-54.2677119731));
#6494=CARTESIAN_POINT('Ctrl Pts',(24.3236860400071,68.0186879755476,-54.1628547183381));
#6495=CARTESIAN_POINT('Ctrl Pts',(24.3305350515263,68.0346977573986,-54.1551275803832));
#6496=CARTESIAN_POINT('Ctrl Pts',(24.3374511230439,68.0505902134418,-54.1473743650758));
#6497=CARTESIAN_POINT('Ctrl Pts',(24.3444235491725,68.0663578784239,-54.1396036915956));
#6498=CARTESIAN_POINT('Ctrl Pts',(24.4201495794049,68.2376071183742,-54.0552080674564));
#6499=CARTESIAN_POINT('Ctrl Pts',(24.5101169781221,68.4113022630722,-53.9602976931531));
#6500=CARTESIAN_POINT('Ctrl Pts',(24.6117000321644,68.585190497099,-53.8567244643183));
#6501=CARTESIAN_POINT('Ctrl Pts',(24.7502973865,68.8224392135648,-53.7154117657404));
#6502=CARTESIAN_POINT('Ctrl Pts',(24.9105150514657,69.0600492127871,-53.5579635989242));
#6503=CARTESIAN_POINT('Ctrl Pts',(25.0856665836276,69.2923120625381,-53.3890156319817));
#6504=CARTESIAN_POINT('Ctrl Pts',(25.1005254599795,69.3120159436461,-53.3746830314059));
#6505=CARTESIAN_POINT('Ctrl Pts',(25.115491823481,69.3316813344812,-53.3602677064405));
#6506=CARTESIAN_POINT('Ctrl Pts',(25.1305616001008,69.3513047435255,-53.3457725193774));
#6507=CARTESIAN_POINT('',(23.6972127483675,63.5485411809652,-55.5935620792028));
#6508=CARTESIAN_POINT('Ctrl Pts',(23.6972127483675,63.5485411809652,-55.5935620792028));
#6509=CARTESIAN_POINT('Ctrl Pts',(23.7528963523093,64.8160054746792,-55.2065041440294));
#6510=CARTESIAN_POINT('Ctrl Pts',(23.8949085542464,66.0736598012285,-54.8224419742229));
#6511=CARTESIAN_POINT('Ctrl Pts',(24.1086926805007,67.3207449864955,-54.4416074061891));
#6512=CARTESIAN_POINT('Ctrl Pts',(17.9618790571328,67.160242381006,-58.4093283401926));
#6513=CARTESIAN_POINT('Ctrl Pts',(17.9715832287207,67.1543123489597,-58.4047312298857));
#6514=CARTESIAN_POINT('Ctrl Pts',(17.9812863635834,67.1483817583929,-58.4001337368274));
#6515=CARTESIAN_POINT('Ctrl Pts',(19.9248855101804,65.9604282291081,-57.4789767453946));
#6516=CARTESIAN_POINT('Ctrl Pts',(21.8247830297424,64.7634375167714,-56.5398402719133));
#6517=CARTESIAN_POINT('Ctrl Pts',(23.6972093380848,63.548529784888,-55.5935699624463));
#6518=CARTESIAN_POINT('',(8.89892502716543,81.3864930360099,-64.4524951435783));
#6519=CARTESIAN_POINT('Ctrl Pts',(8.89892502720544,81.3864930360719,-64.4524951435866));
#6520=CARTESIAN_POINT('Ctrl Pts',(8.17160023471372,80.2586354351401,-64.3024965702621));
#6521=CARTESIAN_POINT('Ctrl Pts',(7.461432248437,79.1201440717381,-64.1757639193592));
#6522=CARTESIAN_POINT('Ctrl Pts',(6.77389923979169,77.9700583221111,-64.0748281869459));
#6523=CARTESIAN_POINT('Ctrl Pts',(23.9379306017593,89.6457139144073,-58.7585376153193));
#6524=CARTESIAN_POINT('Ctrl Pts',(21.4700514604208,87.6148309637035,-59.8430596281312));
#6525=CARTESIAN_POINT('Ctrl Pts',(16.8947182065361,84.2544031918341,-61.7760195739111));
#6526=CARTESIAN_POINT('Ctrl Pts',(11.413553644196,81.9614603244352,-63.6886961319915));
#6527=CARTESIAN_POINT('Ctrl Pts',(8.89892502716544,81.3864930360099,-64.4524951435783));
#6528=CARTESIAN_POINT('Ctrl Pts',(1.59010823069182,77.5407771516775,-62.7458478635556));
#6529=CARTESIAN_POINT('Ctrl Pts',(2.55687609785033,79.6695248166333,-62.9288233695123));
#6530=CARTESIAN_POINT('Ctrl Pts',(3.59767792297583,81.7566008394056,-63.2086900026551));
#6531=CARTESIAN_POINT('Ctrl Pts',(4.69417430198511,83.799083668037,-63.5668089237284));
#6532=CARTESIAN_POINT('Ctrl Pts',(2.1040355470109,77.2494951839344,-63.4192570860646));
#6533=CARTESIAN_POINT('Ctrl Pts',(3.07878263749474,79.3360452516988,-63.6290182618073));
#6534=CARTESIAN_POINT('Ctrl Pts',(4.12787444943405,81.3801435718397,-63.9326481102648));
#6535=CARTESIAN_POINT('Ctrl Pts',(5.22984579123522,83.3802638489576,-64.315360381595));
#6536=CARTESIAN_POINT('Ctrl Pts',(3.38774522839407,76.5963526720284,-64.2353571733467));
#6537=CARTESIAN_POINT('Ctrl Pts',(4.41119370912555,78.5966179737676,-64.4574989383571));
#6538=CARTESIAN_POINT('Ctrl Pts',(5.50912124868137,80.5523582531431,-64.7717899953669));
#6539=CARTESIAN_POINT('Ctrl Pts',(6.66074293033711,82.4645497698869,-65.1568594841128));
#6540=CARTESIAN_POINT('Ctrl Pts',(4.86240062824647,75.9364114592304,-64.1216745257789));
#6541=CARTESIAN_POINT('Ctrl Pts',(5.93614610070382,77.8804714792584,-64.2726010482754));
#6542=CARTESIAN_POINT('Ctrl Pts',(7.08337257323431,79.7865319375629,-64.5032702591942));
#6543=CARTESIAN_POINT('Ctrl Pts',(8.28109966073283,81.6573894755644,-64.7991452195568));
#6544=CARTESIAN_POINT('Ctrl Pts',(5.44961856758485,75.6879211408679,-63.9100054852122));
#6545=CARTESIAN_POINT('Ctrl Pts',(6.53566459197265,77.6195556493415,-64.0192779125112));
#6546=CARTESIAN_POINT('Ctrl Pts',(7.69374126858236,79.5176227916988,-64.2039461510959));
#6547=CARTESIAN_POINT('Ctrl Pts',(8.89892502720544,81.3864930360719,-64.4524951435866));
#6548=CARTESIAN_POINT('',(4.69417430196336,83.7990836680439,-63.5668089237022));
#6549=CARTESIAN_POINT('Ctrl Pts',(1.59010823069182,77.5407771516775,-62.7458478635556));
#6550=CARTESIAN_POINT('Ctrl Pts',(2.55687609785033,79.6695248166333,-62.9288233695123));
#6551=CARTESIAN_POINT('Ctrl Pts',(3.59767792297583,81.7566008394056,-63.2086900026551));
#6552=CARTESIAN_POINT('Ctrl Pts',(4.69417430198511,83.799083668037,-63.5668089237284));
#6553=CARTESIAN_POINT('',(6.28332051088058,82.7385273782034,-64.7498655062899));
#6554=CARTESIAN_POINT('Origin',(7.5251760896314,82.7385273782712,-60.9475248164614));
#6555=CARTESIAN_POINT('Origin',(7.5251760896314,82.7385273782712,-60.9475248164614));
#6556=CARTESIAN_POINT('Ctrl Pts',(17.9618790571328,67.160242381006,-58.4093283401926));
#6557=CARTESIAN_POINT('Ctrl Pts',(17.9715832287207,67.1543123489597,-58.4047312298857));
#6558=CARTESIAN_POINT('Ctrl Pts',(17.9812863635834,67.1483817583929,-58.4001337368274));
#6559=CARTESIAN_POINT('Ctrl Pts',(20.0908579131051,65.8589836991682,-57.4003151347396));
#6560=CARTESIAN_POINT('Ctrl Pts',(22.1506416617774,64.5578690810522,-56.3784753272546));
#6561=CARTESIAN_POINT('Ctrl Pts',(24.1786970521463,63.2353316617468,-55.3497873867261));
#6562=CARTESIAN_POINT('Ctrl Pts',(17.9618790571328,67.160242381006,-58.4093283401926));
#6563=CARTESIAN_POINT('Ctrl Pts',(17.9711443163721,67.1537094293136,-58.4050499681835));
#6564=CARTESIAN_POINT('Ctrl Pts',(17.9804161855415,67.1471853566002,-58.400764038209));
#6565=CARTESIAN_POINT('Ctrl Pts',(19.995202229111,65.7273648092213,-57.4699661850997));
#6566=CARTESIAN_POINT('Ctrl Pts',(21.9856877249892,64.3102821288062,-56.5355366877304));
#6567=CARTESIAN_POINT('Ctrl Pts',(23.9644892455419,62.888406111824,-55.5986993422817));
#6568=CARTESIAN_POINT('Ctrl Pts',(17.9618790571328,67.160242381006,-58.4093283401926));
#6569=CARTESIAN_POINT('Ctrl Pts',(17.9707114040973,67.1531136240239,-58.4053629797291));
#6570=CARTESIAN_POINT('Ctrl Pts',(17.9795402491167,67.1459822580066,-58.4013994141416));
#6571=CARTESIAN_POINT('Ctrl Pts',(19.8996618398054,65.5959337609003,-57.5393635205656));
#6572=CARTESIAN_POINT('Ctrl Pts',(21.8139487222019,64.0610105147055,-56.680475111485));
#6573=CARTESIAN_POINT('Ctrl Pts',(23.7312368959944,62.5335862803782,-55.8202127728536));
#6574=CARTESIAN_POINT('Ctrl Pts',(17.9618790571327,67.160242381006,-58.4093283401926));
#6575=CARTESIAN_POINT('Ctrl Pts',(17.9702736669215,67.1525128229488,-58.405679783565));
#6576=CARTESIAN_POINT('Ctrl Pts',(17.9786686375494,67.1447837252061,-58.4020310806046));
#6577=CARTESIAN_POINT('Ctrl Pts',(19.8039358978935,65.4643722765324,-57.6087235583519));
#6578=CARTESIAN_POINT('Ctrl Pts',(21.6354072938303,63.8100185894082,-56.8135207991934));
#6579=CARTESIAN_POINT('Ctrl Pts',(23.4813279101695,62.1745046137374,-56.0120599482415));
#6580=CARTESIAN_POINT('',(23.529397879953,62.3606475715837,-55.9563207383092));
#6581=CARTESIAN_POINT('Ctrl Pts',(23.4813279101694,62.1745046137374,-56.0120599482415));
#6582=CARTESIAN_POINT('Ctrl Pts',(23.4979201245132,62.2364630093995,-55.9938501325741));
#6583=CARTESIAN_POINT('Ctrl Pts',(23.5139161539919,62.2985928893836,-55.9752700553867));
#6584=CARTESIAN_POINT('Ctrl Pts',(23.5293969636211,62.3606473735261,-55.9563187883894));
#6585=CARTESIAN_POINT('Ctrl Pts',(23.5293969636145,62.3606473734998,-55.9563187883974));
#6586=CARTESIAN_POINT('Ctrl Pts',(23.5713639270141,62.5288700014979,-55.9049439183456));
#6587=CARTESIAN_POINT('Ctrl Pts',(23.6051324523174,62.6988940010144,-55.8530192093772));
#6588=CARTESIAN_POINT('Ctrl Pts',(23.6313663248274,62.8701055347959,-55.8007368047512));
#6589=CARTESIAN_POINT('Ctrl Pts',(23.6658124486404,63.0949131261494,-55.732087916475));
#6590=CARTESIAN_POINT('Ctrl Pts',(23.6872280521635,63.3215066410866,-55.6629036588638));
#6591=CARTESIAN_POINT('Ctrl Pts',(23.6972050318357,63.5485325789606,-55.5935721387005));
#6592=CARTESIAN_POINT('Ctrl Pts',(-2.15688514430488,79.8551219831823,-54.9730771739658));
#6593=CARTESIAN_POINT('Ctrl Pts',(-2.31368273956403,80.6099553911464,-54.6235527545485));
#6594=CARTESIAN_POINT('Ctrl Pts',(-2.47305507155491,82.5066027943539,-53.8931318933277));
#6595=CARTESIAN_POINT('Ctrl Pts',(-2.05734572583357,84.5380036701473,-53.5464042240106));
#6596=CARTESIAN_POINT('Ctrl Pts',(-1.64935603266395,85.6358590932083,-53.5105031292611));
#6597=CARTESIAN_POINT('Ctrl Pts',(-2.32355472843398,80.2177240487873,-55.6182250939919));
#6598=CARTESIAN_POINT('Ctrl Pts',(-2.45199153218872,80.9360867104415,-55.2745616822329));
#6599=CARTESIAN_POINT('Ctrl Pts',(-2.56855969146192,82.7319940065249,-54.5638861009444));
#6600=CARTESIAN_POINT('Ctrl Pts',(-2.17135356194803,84.651626229486,-54.2340049448185));
#6601=CARTESIAN_POINT('Ctrl Pts',(-1.7898710302046,85.6936563599044,-54.2025393145114));
#6602=CARTESIAN_POINT('Ctrl Pts',(-2.24081023130359,80.9482573045299,-56.787215564015));
#6603=CARTESIAN_POINT('Ctrl Pts',(-2.33226398337785,81.5674873482456,-56.4595831169954));
#6604=CARTESIAN_POINT('Ctrl Pts',(-2.39962067187007,83.1152148032815,-55.7959890788036));
#6605=CARTESIAN_POINT('Ctrl Pts',(-2.05105045247552,84.7763534178352,-55.504484463812));
#6606=CARTESIAN_POINT('Ctrl Pts',(-1.72540675324253,85.6818156279334,-55.4843230249148));
#6607=CARTESIAN_POINT('Ctrl Pts',(-1.53043161414709,81.6481615254238,-57.7099809354025));
#6608=CARTESIAN_POINT('Ctrl Pts',(-1.61428543422882,82.1440707445276,-57.4184910869632));
#6609=CARTESIAN_POINT('Ctrl Pts',(-1.68464864019528,83.3919354654974,-56.8371422574974));
#6610=CARTESIAN_POINT('Ctrl Pts',(-1.40326231108357,84.7416386830044,-56.594857767255));
#6611=CARTESIAN_POINT('Ctrl Pts',(-1.13686510069166,85.4764338957202,-56.585280170819));
#6612=CARTESIAN_POINT('Ctrl Pts',(-1.13905049524987,81.9154111339141,-58.0247873329748));
#6613=CARTESIAN_POINT('Ctrl Pts',(-1.22402380909065,82.360165408643,-57.7528632049761));
#6614=CARTESIAN_POINT('Ctrl Pts',(-1.30280159355532,83.4822420562937,-57.2133854556968));
#6615=CARTESIAN_POINT('Ctrl Pts',(-1.05102642172659,84.6987658236618,-56.9929374447316));
#6616=CARTESIAN_POINT('Ctrl Pts',(-0.808910942630017,85.360044252174,-56.9868695109546));
#6617=CARTESIAN_POINT('',(-1.64935603266395,85.6358590932083,-53.5105031292611));
#6618=CARTESIAN_POINT('',(-0.808910942630005,85.360044252174,-56.9868695109546));
#6619=CARTESIAN_POINT('Origin',(2.02209084501628,84.2994879624081,-54.3675854036876));
#6620=CARTESIAN_POINT('',(-1.13905049524985,81.9154111339141,-58.0247873329749));
#6621=CARTESIAN_POINT('Ctrl Pts',(-0.808910942630017,85.360044252174,-56.9868695109546));
#6622=CARTESIAN_POINT('Ctrl Pts',(-1.05102642172659,84.6987658236618,-56.9929374447316));
#6623=CARTESIAN_POINT('Ctrl Pts',(-1.30280159355532,83.4822420562937,-57.2133854556968));
#6624=CARTESIAN_POINT('Ctrl Pts',(-1.22402380909065,82.360165408643,-57.7528632049761));
#6625=CARTESIAN_POINT('Ctrl Pts',(-1.13905049524987,81.9154111339141,-58.0247873329748));
#6626=CARTESIAN_POINT('',(-2.15688514430488,79.8551219831823,-54.9730771739658));
#6627=CARTESIAN_POINT('Origin',(1.69195129239643,80.8548548441482,-55.4055032257078));
#6628=CARTESIAN_POINT('Ctrl Pts',(-2.15688514430488,79.8551219831823,-54.9730771739658));
#6629=CARTESIAN_POINT('Ctrl Pts',(-2.31368273956403,80.6099553911464,-54.6235527545485));
#6630=CARTESIAN_POINT('Ctrl Pts',(-2.47305507155491,82.5066027943539,-53.8931318933277));
#6631=CARTESIAN_POINT('Ctrl Pts',(-2.05734572583357,84.5380036701473,-53.5464042240106));
#6632=CARTESIAN_POINT('Ctrl Pts',(-1.64935603266395,85.6358590932083,-53.5105031292611));
#6633=CARTESIAN_POINT('Ctrl Pts',(0.927177713289923,82.0115940450982,-45.3791428259378));
#6634=CARTESIAN_POINT('Ctrl Pts',(0.346071777177467,82.5945733741999,-46.4405690857296));
#6635=CARTESIAN_POINT('Ctrl Pts',(-0.509845087948118,83.5335805941172,-48.3284002596436));
#6636=CARTESIAN_POINT('Ctrl Pts',(-1.36664052581175,84.8009186845666,-51.31064687086));
#6637=CARTESIAN_POINT('Ctrl Pts',(-1.64949029393357,85.5265889299523,-53.2113008239419));
#6638=CARTESIAN_POINT('Ctrl Pts',(-1.70460956865644,85.9106325916296,-54.246359631246));
#6639=CARTESIAN_POINT('Ctrl Pts',(0.466918631225998,80.9818854619521,-45.7836169621728));
#6640=CARTESIAN_POINT('Ctrl Pts',(-0.117928130924612,81.4737947015685,-46.8417800200956));
#6641=CARTESIAN_POINT('Ctrl Pts',(-0.98847613788061,82.2386801896533,-48.7105345360772));
#6642=CARTESIAN_POINT('Ctrl Pts',(-1.93516361895257,83.2025236645355,-51.6046542867656));
#6643=CARTESIAN_POINT('Ctrl Pts',(-2.32776747556453,83.7221943742436,-53.413535546777));
#6644=CARTESIAN_POINT('Ctrl Pts',(-2.47567506233545,83.9926898822666,-54.3846405146681));
#6645=CARTESIAN_POINT('Ctrl Pts',(0.186802233452898,79.9181199639443,-46.305395315846));
#6646=CARTESIAN_POINT('Ctrl Pts',(-0.372700394275713,80.310788043378,-47.3670178923165));
#6647=CARTESIAN_POINT('Ctrl Pts',(-1.19916886991622,80.8837753286738,-49.228881771298));
#6648=CARTESIAN_POINT('Ctrl Pts',(-2.09512083552356,81.4863284915597,-52.0428740953192));
#6649=CARTESIAN_POINT('Ctrl Pts',(-2.47735536459585,81.737641583468,-53.7511064131832));
#6650=CARTESIAN_POINT('Ctrl Pts',(-2.63620287235488,81.8433855446847,-54.6425770071887));
#6651=CARTESIAN_POINT('Ctrl Pts',(0.104582257218806,78.8877188562733,-46.91140764949));
#6652=CARTESIAN_POINT('Ctrl Pts',(-0.399810134279962,79.1879656387629,-47.9787286275589));
#6653=CARTESIAN_POINT('Ctrl Pts',(-1.12268354064765,79.58384003039,-49.8367732371531));
#6654=CARTESIAN_POINT('Ctrl Pts',(-1.82576075938242,79.8652693063853,-52.568240304614));
#6655=CARTESIAN_POINT('Ctrl Pts',(-2.07458830955651,79.8864416587778,-54.168180328158));
#6656=CARTESIAN_POINT('Ctrl Pts',(-2.15688514430486,79.8551219831823,-54.9730771739658));
#6657=CARTESIAN_POINT('',(0.104582257218806,78.8877188562733,-46.91140764949));
#6658=CARTESIAN_POINT('Ctrl Pts',(-2.15688514430486,79.8551219831823,-54.9730771739658));
#6659=CARTESIAN_POINT('Ctrl Pts',(-2.07458830955651,79.8864416587778,-54.168180328158));
#6660=CARTESIAN_POINT('Ctrl Pts',(-1.82576075938242,79.8652693063853,-52.568240304614));
#6661=CARTESIAN_POINT('Ctrl Pts',(-1.12268354064765,79.58384003039,-49.8367732371531));
#6662=CARTESIAN_POINT('Ctrl Pts',(-0.399810134279962,79.1879656387629,-47.9787286275589));
#6663=CARTESIAN_POINT('Ctrl Pts',(0.104582257218806,78.8877188562733,-46.91140764949));
#6664=CARTESIAN_POINT('',(0.927177713186564,82.0115940448427,-45.3791428260215));
#6665=CARTESIAN_POINT('Origin',(9.19805136556878,80.4337517029558,-50.7738682657893));
#6666=CARTESIAN_POINT('Ctrl Pts',(0.927177713289923,82.0115940450982,-45.3791428259378));
#6667=CARTESIAN_POINT('Ctrl Pts',(0.346071777177467,82.5945733741999,-46.4405690857296));
#6668=CARTESIAN_POINT('Ctrl Pts',(-0.509845087948118,83.5335805941172,-48.3284002596436));
#6669=CARTESIAN_POINT('Ctrl Pts',(-1.30749822064622,84.7134377144529,-51.1047903368905));
#6670=CARTESIAN_POINT('Ctrl Pts',(-1.57813812909694,85.3512916939352,-52.7549785993852));
#6671=CARTESIAN_POINT('Ctrl Pts',(-1.65003543376901,85.6357025973679,-53.5104973875311));
#6672=CARTESIAN_POINT('Ctrl Pts',(0.1045822573254,78.8877188562099,-46.9114076492644));
#6673=CARTESIAN_POINT('Ctrl Pts',(0.328762680170935,78.754272254374,-46.4370300174645));
#6674=CARTESIAN_POINT('Ctrl Pts',(0.932396652785491,78.5441120538616,-45.1800769543686));
#6675=CARTESIAN_POINT('Ctrl Pts',(1.6921343934668,78.8570863940694,-43.7901107109508));
#6676=CARTESIAN_POINT('Ctrl Pts',(2.08480999963883,79.1382177677429,-43.1254937959675));
#6677=CARTESIAN_POINT('Ctrl Pts',(0.186802233519143,79.918119963885,-46.3053953157346));
#6678=CARTESIAN_POINT('Ctrl Pts',(0.374245327526842,79.771473716908,-45.9667440631851));
#6679=CARTESIAN_POINT('Ctrl Pts',(0.861661880464447,79.5275243541638,-45.0649851614695));
#6680=CARTESIAN_POINT('Ctrl Pts',(1.40265602715173,79.8191619301337,-44.0388725268002));
#6681=CARTESIAN_POINT('Ctrl Pts',(1.66863539701384,80.0956493955613,-43.5374824950728));
#6682=CARTESIAN_POINT('Ctrl Pts',(0.466918631232184,80.9818854618931,-45.7836169621692));
#6683=CARTESIAN_POINT('Ctrl Pts',(0.588468444434543,80.816339468577,-45.5728495320779));
#6684=CARTESIAN_POINT('Ctrl Pts',(0.904094516670525,80.5284144710279,-45.0096139973726));
#6685=CARTESIAN_POINT('Ctrl Pts',(1.24551004940227,80.8012906710438,-44.3666027010237));
#6686=CARTESIAN_POINT('Ctrl Pts',(1.41076683860319,81.0770296389774,-44.0530794854817));
#6687=CARTESIAN_POINT('Ctrl Pts',(0.927177713221801,82.0115940450422,-45.3791428260258));
#6688=CARTESIAN_POINT('Ctrl Pts',(0.960262498038285,81.8317745378524,-45.2758258150555));
#6689=CARTESIAN_POINT('Ctrl Pts',(1.05907093180914,81.5088468565685,-45.0141553685033));
#6690=CARTESIAN_POINT('Ctrl Pts',(1.22685289835132,81.7586164308303,-44.7602372556172));
#6691=CARTESIAN_POINT('Ctrl Pts',(1.3255765865307,82.0276614298862,-44.6435480528694));
#6692=CARTESIAN_POINT('',(2.08480999963882,79.1382177677429,-43.1254937959675));
#6693=CARTESIAN_POINT('',(1.32557658653071,82.0276614298862,-44.6435480528694));
#6694=CARTESIAN_POINT('Origin',(10.3811921725606,80.4046974030441,-48.5629630762663));
#6695=CARTESIAN_POINT('Ctrl Pts',(1.3255765865307,82.0276614298862,-44.6435480528694));
#6696=CARTESIAN_POINT('Ctrl Pts',(1.22685289835132,81.7586164308303,-44.7602372556172));
#6697=CARTESIAN_POINT('Ctrl Pts',(1.05907093180914,81.5088468565685,-45.0141553685033));
#6698=CARTESIAN_POINT('Ctrl Pts',(0.960262498038285,81.8317745378524,-45.2758258150555));
#6699=CARTESIAN_POINT('Ctrl Pts',(0.927177713221801,82.0115940450422,-45.3791428260258));
#6700=CARTESIAN_POINT('Ctrl Pts',(0.1045822573254,78.8877188562099,-46.9114076492644));
#6701=CARTESIAN_POINT('Ctrl Pts',(0.328762680170935,78.754272254374,-46.4370300174645));
#6702=CARTESIAN_POINT('Ctrl Pts',(0.932396652785491,78.5441120538616,-45.1800769543686));
#6703=CARTESIAN_POINT('Ctrl Pts',(1.6921343934668,78.8570863940694,-43.7901107109508));
#6704=CARTESIAN_POINT('Ctrl Pts',(2.08480999963883,79.1382177677429,-43.1254937959675));
#6705=CARTESIAN_POINT('Ctrl Pts',(2.08480999963882,79.1382177677429,-43.1254937959675));
#6706=CARTESIAN_POINT('Ctrl Pts',(2.11629661066072,80.570368767486,-42.7438796796842));
#6707=CARTESIAN_POINT('Ctrl Pts',(2.18977638359172,83.8722599103367,-41.8637832527577));
#6708=CARTESIAN_POINT('Ctrl Pts',(2.26361339628867,87.1012972072833,-41.0025040420242));
#6709=CARTESIAN_POINT('Ctrl Pts',(2.30597037909306,88.9264015619581,-40.5155043771623));
#6710=CARTESIAN_POINT('Ctrl Pts',(1.66863539701384,80.0956493955613,-43.5374824950728));
#6711=CARTESIAN_POINT('Ctrl Pts',(1.85432716810213,81.4382793510938,-43.1626195992364));
#6712=CARTESIAN_POINT('Ctrl Pts',(2.24138735962021,84.469372548234,-42.1911275751541));
#6713=CARTESIAN_POINT('Ctrl Pts',(2.35162011401472,87.3340833825999,-41.1023551679219));
#6714=CARTESIAN_POINT('Ctrl Pts',(2.32034223747419,88.9622227835601,-40.5304823980839));
#6715=CARTESIAN_POINT('Ctrl Pts',(1.41076683860319,81.0770296389774,-44.0530794854817));
#6716=CARTESIAN_POINT('Ctrl Pts',(1.72960267034858,82.3178871492854,-43.6368994133386));
#6717=CARTESIAN_POINT('Ctrl Pts',(2.34746134200285,85.0602975976308,-42.4998509730996));
#6718=CARTESIAN_POINT('Ctrl Pts',(2.44231512176545,87.5664277541148,-41.2007841596461));
#6719=CARTESIAN_POINT('Ctrl Pts',(2.3349367380754,88.9980060531516,-40.5453375525889));
#6720=CARTESIAN_POINT('Ctrl Pts',(1.3255765865307,82.0276614298862,-44.6435480528694));
#6721=CARTESIAN_POINT('Ctrl Pts',(1.74576026635995,83.1727596310168,-44.1469002927316));
#6722=CARTESIAN_POINT('Ctrl Pts',(2.50447838577086,85.6420363213407,-42.7888346033384));
#6723=CARTESIAN_POINT('Ctrl Pts',(2.53567909743856,87.7982821778615,-41.297770878415));
#6724=CARTESIAN_POINT('Ctrl Pts',(2.34975275521519,89.0337486107502,-40.5600686948915));
#6725=CARTESIAN_POINT('',(2.29177496019116,88.313719943188,-40.6789813439111));
#6726=CARTESIAN_POINT('',(2.3497527552151,89.0337486107499,-40.5600686948914));
#6727=CARTESIAN_POINT('Ctrl Pts',(2.29177496019116,88.3137199431879,-40.6789813439111));
#6728=CARTESIAN_POINT('Ctrl Pts',(2.30492969213669,88.4886061152182,-40.6520009452578));
#6729=CARTESIAN_POINT('Ctrl Pts',(2.31880472249322,88.663583363165,-40.6235432121853));
#6730=CARTESIAN_POINT('Ctrl Pts',(2.33867171716451,88.9032354046272,-40.5827959405195));
#6731=CARTESIAN_POINT('Ctrl Pts',(2.34417211848711,88.9685188330102,-40.5715145992464));
#6732=CARTESIAN_POINT('Ctrl Pts',(2.34975275521519,89.0337486107502,-40.5600686948915));
#6733=CARTESIAN_POINT('Ctrl Pts',(2.34975275521519,89.0337486107502,-40.5600686948915));
#6734=CARTESIAN_POINT('Ctrl Pts',(2.53567909743856,87.7982821778615,-41.297770878415));
#6735=CARTESIAN_POINT('Ctrl Pts',(2.50447838577086,85.6420363213407,-42.7888346033384));
#6736=CARTESIAN_POINT('Ctrl Pts',(1.74576026635995,83.1727596310168,-44.1469002927316));
#6737=CARTESIAN_POINT('Ctrl Pts',(1.3255765865307,82.0276614298862,-44.6435480528694));
#6738=CARTESIAN_POINT('Ctrl Pts',(2.29176212630341,88.3131661257995,-40.6791291134956));
#6739=CARTESIAN_POINT('Ctrl Pts',(2.25417539859228,86.6881935629944,-41.1126884200238));
#6740=CARTESIAN_POINT('Ctrl Pts',(2.21671413755907,85.0470689751345,-41.5504046595439));
#6741=CARTESIAN_POINT('Ctrl Pts',(2.17934488864022,83.3871798570083,-41.9929675371296));
#6742=CARTESIAN_POINT('Ctrl Pts',(2.14778794191686,81.9854649715649,-42.3666954967157));
#6743=CARTESIAN_POINT('Ctrl Pts',(2.11629661066071,80.570368767486,-42.7438796796842));
#6744=CARTESIAN_POINT('Ctrl Pts',(2.0848099996388,79.138217767743,-43.1254937959675));
#6745=CARTESIAN_POINT('Ctrl Pts',(2.08480999963888,79.1382177677429,-43.1254937959674));
#6746=CARTESIAN_POINT('Ctrl Pts',(1.83712637466852,67.0469472396687,-46.319668329032));
#6747=CARTESIAN_POINT('Ctrl Pts',(1.58944274969816,54.9556767115946,-49.5138428620967));
#6748=CARTESIAN_POINT('Ctrl Pts',(1.34175912472781,42.8644061835204,-52.7080173951613));
#6749=CARTESIAN_POINT('Ctrl Pts',(0.442293249437798,80.3755933450063,-45.3434071474903));
#6750=CARTESIAN_POINT('Ctrl Pts',(1.00894954455558,67.9827057677854,-48.3780008327957));
#6751=CARTESIAN_POINT('Ctrl Pts',(1.57642533119424,55.5898378339846,-51.4119408440706));
#6752=CARTESIAN_POINT('Ctrl Pts',(2.14308162631202,43.1969502567638,-54.446534529376));
#6753=CARTESIAN_POINT('Ctrl Pts',(-2.67761069532745,82.7256369429881,-51.3481304433975));
#6754=CARTESIAN_POINT('Ctrl Pts',(-0.183502851779768,69.7494097467558,-53.6224476264563));
#6755=CARTESIAN_POINT('Ctrl Pts',(2.31129003688435,56.7723883388758,-55.8989074172846));
#6756=CARTESIAN_POINT('Ctrl Pts',(4.80539788043204,43.7961611426435,-58.1732246003434));
#6757=CARTESIAN_POINT('Ctrl Pts',(-3.69500801868177,83.4911258561339,-58.4765442829143));
#6758=CARTESIAN_POINT('Ctrl Pts',(0.495746268533778,70.2856517178548,-59.1478148031416));
#6759=CARTESIAN_POINT('Ctrl Pts',(4.68408960758942,57.0824031890769,-59.8134353862653));
#6760=CARTESIAN_POINT('Ctrl Pts',(8.87484389480497,43.8769290507978,-60.4847059064926));
#6761=CARTESIAN_POINT('Ctrl Pts',(-3.52803385486322,83.3646487214914,-62.5040659110341));
#6762=CARTESIAN_POINT('Ctrl Pts',(1.43750142673577,70.1588123957749,-62.0608840794676));
#6763=CARTESIAN_POINT('Ctrl Pts',(6.40303670833475,56.9529760700583,-61.617702247901));
#6764=CARTESIAN_POINT('Ctrl Pts',(11.3685719899337,43.7471397443417,-61.1745204163345));
#6765=CARTESIAN_POINT('',(2.08451272940296,79.1246960822325,-43.1290968107243));
#6766=CARTESIAN_POINT('Ctrl Pts',(2.08451272940296,79.1246960822325,-43.1290968107243));
#6767=CARTESIAN_POINT('Ctrl Pts',(1.95179921849693,73.087836785515,-44.737688619936));
#6768=CARTESIAN_POINT('Ctrl Pts',(1.82555262954388,67.0377927971107,-46.3477040198986));
#6769=CARTESIAN_POINT('Ctrl Pts',(1.63730590486069,57.5161108293636,-48.8788536243695));
#6770=CARTESIAN_POINT('Ctrl Pts',(1.57197283285206,54.100585878093,-49.786081624263));
#6771=CARTESIAN_POINT('Ctrl Pts',(1.48936521445247,49.6250107961873,-50.9753228090682));
#6772=CARTESIAN_POINT('Ctrl Pts',(1.46445903652872,48.2557321279292,-51.3391828128383));
#6773=CARTESIAN_POINT('Ctrl Pts',(1.43454581116865,46.5613583679683,-51.7905838991183));
#6774=CARTESIAN_POINT('Ctrl Pts',(1.4210210217468,45.7850515781591,-51.9976040426514));
#6775=CARTESIAN_POINT('Ctrl Pts',(1.39012872210824,43.8834832543577,-52.5092089577403));
#6776=CARTESIAN_POINT('Ctrl Pts',(1.387395858559,43.4700955813702,-52.6291232495407));
#6777=CARTESIAN_POINT('Ctrl Pts',(1.40104969695683,43.2201752484574,-52.7361498430894));
#6778=CARTESIAN_POINT('Ctrl Pts',(1.4049113450851,43.1805535021144,-52.7569258707275));
#6779=CARTESIAN_POINT('Ctrl Pts',(1.41564591889393,43.1160574498073,-52.8006445277275));
#6780=CARTESIAN_POINT('Ctrl Pts',(1.42282063583804,43.0913206975384,-52.824221727047));
#6781=CARTESIAN_POINT('Ctrl Pts',(1.4399895283362,43.0578818805096,-52.8725096634326));
#6782=CARTESIAN_POINT('Ctrl Pts',(1.44898605326362,43.0475040280279,-52.895550857745));
#6783=CARTESIAN_POINT('Ctrl Pts',(1.47172604184605,43.0309317173775,-52.9505038334772));
#6784=CARTESIAN_POINT('Ctrl Pts',(1.48740667671326,43.0255497387737,-52.9863719583433));
#6785=CARTESIAN_POINT('Ctrl Pts',(1.53773012566473,43.0208798270411,-53.0961234529189));
#6786=CARTESIAN_POINT('Ctrl Pts',(1.57581424797145,43.0263496454348,-53.1751331608959));
#6787=CARTESIAN_POINT('Ctrl Pts',(1.68337440172724,43.048197092653,-53.3907336244408));
#6788=CARTESIAN_POINT('Ctrl Pts',(1.76273629069072,43.0703219504027,-53.542155602348));
#6789=CARTESIAN_POINT('Ctrl Pts',(1.99455911226283,43.1338167969578,-53.965586286409));
#6790=CARTESIAN_POINT('Ctrl Pts',(2.15890392490797,43.1786490681418,-54.243872977923));
#6791=CARTESIAN_POINT('Ctrl Pts',(2.68218764990829,43.3075627004892,-55.0665335677607));
#6792=CARTESIAN_POINT('Ctrl Pts',(3.06366861493563,43.3864644233199,-55.5892838922521));
#6793=CARTESIAN_POINT('Ctrl Pts',(4.30643912352197,43.5949647490099,-57.0845323131058));
#6794=CARTESIAN_POINT('Ctrl Pts',(5.2597981878543,43.6964158456401,-57.9759768154159));
#6795=CARTESIAN_POINT('Ctrl Pts',(6.53374386393571,43.7683521164779,-58.9001094327868));
#6796=CARTESIAN_POINT('Ctrl Pts',(6.75769625558438,43.7789367248974,-59.053875101252));
#6797=CARTESIAN_POINT('Ctrl Pts',(6.98556447569786,43.7876746186934,-59.2018039178697));
#6798=CARTESIAN_POINT('Ctrl Pts',(2.08480999963882,79.138217767743,-43.1254937959675));
#6799=CARTESIAN_POINT('Ctrl Pts',(2.08471090566661,79.1337105335007,-43.1266948035515));
#6800=CARTESIAN_POINT('Ctrl Pts',(2.08461181558797,79.1292033049948,-43.1278958084711));
#6801=CARTESIAN_POINT('Ctrl Pts',(2.08451272940295,79.1246960822325,-43.1290968107243));
#6802=CARTESIAN_POINT('Ctrl Pts',(0.423251489425454,72.546487649944,-61.644377342863));
#6803=CARTESIAN_POINT('Ctrl Pts',(-0.925558805826934,74.6548449688028,-59.1520043152116));
#6804=CARTESIAN_POINT('Ctrl Pts',(-1.68851319919371,77.2103108211834,-56.9188841345726));
#6805=CARTESIAN_POINT('Ctrl Pts',(-2.15688514430487,79.8551219831823,-54.9730771739658));
#6806=CARTESIAN_POINT('Ctrl Pts',(-1.13905049524986,81.9154111339141,-58.0247873329748));
#6807=CARTESIAN_POINT('Ctrl Pts',(-0.647513364456487,79.3426829416497,-59.597761242412));
#6808=CARTESIAN_POINT('Ctrl Pts',(0.0768025606682465,76.8957943502362,-61.3713766940309));
#6809=CARTESIAN_POINT('Ctrl Pts',(1.25996766603958,74.9685586345537,-63.4305212036134));
#6810=CARTESIAN_POINT('Ctrl Pts',(-1.66089198711283,81.5590783225937,-57.6050454695451));
#6811=CARTESIAN_POINT('Ctrl Pts',(-1.12203412892726,78.9646133078228,-59.2370304476114));
#6812=CARTESIAN_POINT('Ctrl Pts',(-0.341870223406018,76.489776887884,-61.0835443217811));
#6813=CARTESIAN_POINT('Ctrl Pts',(0.898650542809207,74.5224721854227,-63.2206204788917));
#6814=CARTESIAN_POINT('Ctrl Pts',(-2.29746075041294,80.8335878972671,-56.6173669850707));
#6815=CARTESIAN_POINT('Ctrl Pts',(-1.71895370507912,78.2164369920997,-58.3906463130978));
#6816=CARTESIAN_POINT('Ctrl Pts',(-0.878088449605063,75.7066421299935,-60.3993300005843));
#6817=CARTESIAN_POINT('Ctrl Pts',(0.443633041873965,73.6761754522176,-62.6899862976705));
#6818=CARTESIAN_POINT('Ctrl Pts',(-2.2818873324017,80.1270735323861,-55.4569381139853));
#6819=CARTESIAN_POINT('Ctrl Pts',(-1.76871885845296,77.4922203695939,-57.3605158068165));
#6820=CARTESIAN_POINT('Ctrl Pts',(-0.969951269201303,74.9519582859692,-59.5328913364795));
#6821=CARTESIAN_POINT('Ctrl Pts',(0.378364322119522,72.8664241841787,-61.9696104882044));
#6822=CARTESIAN_POINT('Ctrl Pts',(-2.15688514430487,79.8551219831823,-54.9730771739658));
#6823=CARTESIAN_POINT('Ctrl Pts',(-1.68851319919371,77.2103108211834,-56.9188841345726));
#6824=CARTESIAN_POINT('Ctrl Pts',(-0.925558805826934,74.6548449688028,-59.1520043152116));
#6825=CARTESIAN_POINT('Ctrl Pts',(0.423251489425454,72.546487649944,-61.644377342863));
#6826=CARTESIAN_POINT('Ctrl Pts',(-1.13905049524986,81.9154111339141,-58.0247873329748));
#6827=CARTESIAN_POINT('Ctrl Pts',(-0.680415672614808,79.5148951520536,-59.4924701686537));
#6828=CARTESIAN_POINT('Ctrl Pts',(-0.0191223579901621,77.2239358152228,
-61.1348326287624));
#6829=CARTESIAN_POINT('Ctrl Pts',(1.02847303437089,75.3624391633963,-63.0208313248455));
#6830=CARTESIAN_POINT('Origin',(-4.56280115505286,86.7366187739593,-52.3721716872735));
#6831=CARTESIAN_POINT('',(0.182850961566631,87.8930118803345,-57.0331894094126));
#6832=CARTESIAN_POINT('Ctrl Pts',(0.182850961566632,87.8930118803345,-57.0331894094126));
#6833=CARTESIAN_POINT('Ctrl Pts',(-0.17135382243334,87.0595344048199,-56.9878317495345));
#6834=CARTESIAN_POINT('Ctrl Pts',(-0.497132653347025,86.2115893824175,-56.9790556775743));
#6835=CARTESIAN_POINT('Ctrl Pts',(-0.808910942630025,85.360044252174,-56.9868695109546));
#6836=CARTESIAN_POINT('',(5.24001546984881,86.5805946465263,-63.0305281753364));
#6837=CARTESIAN_POINT('Ctrl Pts',(5.24001546986582,86.5805946465307,-63.030528175353));
#6838=CARTESIAN_POINT('Ctrl Pts',(4.42315830746872,86.3702921268897,-62.2327962984475));
#6839=CARTESIAN_POINT('Ctrl Pts',(2.53411929821474,86.2568777990786,-60.2369873982528));
#6840=CARTESIAN_POINT('Ctrl Pts',(0.958850672528583,87.1740300900602,-58.1630314225941));
#6841=CARTESIAN_POINT('Ctrl Pts',(0.182850961566624,87.8930118803345,-57.0331894094126));
#6842=CARTESIAN_POINT('',(4.51114558303373,82.8664013768977,-63.7466318907645));
#6843=CARTESIAN_POINT('Ctrl Pts',(0.182850961566632,87.8930118803345,-57.0331894094126));
#6844=CARTESIAN_POINT('Ctrl Pts',(-0.17135382243334,87.0595344048199,-56.9878317495345));
#6845=CARTESIAN_POINT('Ctrl Pts',(-0.497132653347025,86.2115893824175,-56.9790556775743));
#6846=CARTESIAN_POINT('Ctrl Pts',(-0.808910942630025,85.360044252174,-56.9868695109546));
#6847=CARTESIAN_POINT('Ctrl Pts',(-0.475001341779979,88.2184456076859,-56.1903935374027));
#6848=CARTESIAN_POINT('Ctrl Pts',(-0.876395108483805,87.3611432575524,-56.1051501816165));
#6849=CARTESIAN_POINT('Ctrl Pts',(-1.233490116932,86.4962501959216,-56.0666346513816));
#6850=CARTESIAN_POINT('Ctrl Pts',(-1.57413731144052,85.6316200871152,-56.0498277173048));
#6851=CARTESIAN_POINT('Ctrl Pts',(-0.778060591040758,88.410337603952,-55.0308844084701));
#6852=CARTESIAN_POINT('Ctrl Pts',(-1.1913271805289,87.5162295018969,-54.8761889933164));
#6853=CARTESIAN_POINT('Ctrl Pts',(-1.55242976619857,86.6243691970503,-54.7846246543387));
#6854=CARTESIAN_POINT('Ctrl Pts',(-1.8952572783601,85.7370043099266,-54.7215664534492));
#6855=CARTESIAN_POINT('Ctrl Pts',(-0.630013392507724,88.4077038555089,-53.9231584783914));
#6856=CARTESIAN_POINT('Ctrl Pts',(-1.0080784902558,87.4705293942497,-53.722110136928));
#6857=CARTESIAN_POINT('Ctrl Pts',(-1.33777352040344,86.5487826471487,-53.5992297808369));
#6858=CARTESIAN_POINT('Ctrl Pts',(-1.64935603266396,85.6358590932083,-53.5105031292611));
#6859=CARTESIAN_POINT('',(-0.630013392507732,88.4077038555089,-53.9231584783914));
#6860=CARTESIAN_POINT('Ctrl Pts',(-1.64935603266396,85.6358590932083,-53.5105031292611));
#6861=CARTESIAN_POINT('Ctrl Pts',(-1.33777352040344,86.5487826471487,-53.5992297808369));
#6862=CARTESIAN_POINT('Ctrl Pts',(-1.0080784902558,87.4705293942497,-53.722110136928));
#6863=CARTESIAN_POINT('Ctrl Pts',(-0.630013392507724,88.4077038555089,-53.9231584783914));
#6864=CARTESIAN_POINT('Origin',(3.01385274921292,86.8324555905687,-54.4139053021456));
#6865=CARTESIAN_POINT('Ctrl Pts',(9.32763177125375,105.289097618097,-41.8470849683663));
#6866=CARTESIAN_POINT('Ctrl Pts',(9.33112192701752,105.263281877534,-41.874603931429));
#6867=CARTESIAN_POINT('Ctrl Pts',(9.33438930706417,105.237426199755,-41.9021517713744));
#6868=CARTESIAN_POINT('Ctrl Pts',(9.33744026720736,105.211533424396,-41.9297252452856));
#6869=CARTESIAN_POINT('Ctrl Pts',(8.34009322377445,105.070960710737,-41.8624447613482));
#6870=CARTESIAN_POINT('Ctrl Pts',(8.34014040520804,105.046816077017,-41.8866084077266));
#6871=CARTESIAN_POINT('Ctrl Pts',(8.34001577591918,105.022507150878,-41.9107381386735));
#6872=CARTESIAN_POINT('Ctrl Pts',(8.33955766462441,104.998229298166,-41.9349821979476));
#6873=CARTESIAN_POINT('Ctrl Pts',(7.41665000766675,104.568446379852,-41.6023901819489));
#6874=CARTESIAN_POINT('Ctrl Pts',(7.4139913657732,104.54415301193,-41.6216601940137));
#6875=CARTESIAN_POINT('Ctrl Pts',(7.41116142148498,104.519626056939,-41.6408771523534));
#6876=CARTESIAN_POINT('Ctrl Pts',(7.40796497377031,104.495048797486,-41.6601678237427));
#6877=CARTESIAN_POINT('Ctrl Pts',(6.8019032895291,103.914660364292,-41.1358043541015));
#6878=CARTESIAN_POINT('Ctrl Pts',(6.79931357631085,103.889154926748,-41.1503158684601));
#6879=CARTESIAN_POINT('Ctrl Pts',(6.79649618286226,103.863415972285,-41.1648034565897));
#6880=CARTESIAN_POINT('Ctrl Pts',(6.79346734893769,103.837459132811,-41.1792681706518));
#6881=CARTESIAN_POINT('',(6.7934673489377,103.837459132811,-41.1792681706518));
#6882=CARTESIAN_POINT('Origin',(9.93228852805355,102.36111555977,-39.187231208175));
#6883=CARTESIAN_POINT('Ctrl Pts',(6.79346734893769,103.837459132811,-41.1792681706518));
#6884=CARTESIAN_POINT('Ctrl Pts',(6.79649618286226,103.863415972285,-41.1648034565897));
#6885=CARTESIAN_POINT('Ctrl Pts',(6.79931357631085,103.889154926748,-41.1503158684601));
#6886=CARTESIAN_POINT('Ctrl Pts',(6.8019032895291,103.914660364292,-41.1358043541015));
#6887=CARTESIAN_POINT('Origin',(7.52517608959501,82.7385273782034,-60.9475248164495));
#6888=CARTESIAN_POINT('',(8.5244959412048,83.2817920702829,-64.7823942155971));
#6889=CARTESIAN_POINT('Origin',(7.52517608839208,82.7385273720735,-60.9475248176314));
#6890=CARTESIAN_POINT('Origin',(7.52517608959501,82.7385273782034,-60.9475248164495));
#6891=CARTESIAN_POINT('',(7.52517608959501,82.7385273782034,-64.9475248164495));
#6892=CARTESIAN_POINT('Origin',(7.52517608959501,82.7385273782034,-60.9475248164495));
#6893=CARTESIAN_POINT('Ctrl Pts',(8.5244959412048,83.2817920702829,-64.7823942155971));
#6894=CARTESIAN_POINT('Ctrl Pts',(10.8149673864463,83.8522486571944,-64.1047120686657));
#6895=CARTESIAN_POINT('Ctrl Pts',(15.8252179519301,86.2180816401379,-62.4639478673863));
#6896=CARTESIAN_POINT('Ctrl Pts',(20.0940209972175,89.7221758836996,-60.8551446179777));
#6897=CARTESIAN_POINT('Ctrl Pts',(22.4244898764587,91.8303752847036,-59.9491961289707));
#6898=CARTESIAN_POINT('Ctrl Pts',(8.69621844885918,82.6461186490703,-64.8276977700309));
#6899=CARTESIAN_POINT('Ctrl Pts',(11.0672380031402,83.2179047236333,-64.128920259969));
#6900=CARTESIAN_POINT('Ctrl Pts',(16.2582690942408,85.557268280165,-62.4444938624086));
#6901=CARTESIAN_POINT('Ctrl Pts',(20.6718982630263,89.0062880090742,-60.8049023529628));
#6902=CARTESIAN_POINT('Ctrl Pts',(23.075885754197,91.0828641008079,-59.8853461312066));
#6903=CARTESIAN_POINT('Ctrl Pts',(8.82614625016807,81.98844526967,-64.7132219898654));
#6904=CARTESIAN_POINT('Ctrl Pts',(11.2752405407501,82.5603550563609,-63.9843081527234));
#6905=CARTESIAN_POINT('Ctrl Pts',(16.63305381784,84.8661586349264,-62.2036094399024));
#6906=CARTESIAN_POINT('Ctrl Pts',(21.1663932188815,88.2483479942129,-60.4415671939443));
#6907=CARTESIAN_POINT('Ctrl Pts',(23.627491928606,90.2866170587514,-59.4513849084356));
#6908=CARTESIAN_POINT('Ctrl Pts',(8.89892501848966,81.3864930340262,-64.4524951462136));
#6909=CARTESIAN_POINT('Ctrl Pts',(11.4135536387929,81.9614603221749,-63.6886961338769));
#6910=CARTESIAN_POINT('Ctrl Pts',(16.8947182042811,84.2544031901778,-61.7760195748638));
#6911=CARTESIAN_POINT('Ctrl Pts',(21.4700514604208,87.6148309637035,-59.8430596281312));
#6912=CARTESIAN_POINT('Ctrl Pts',(23.9379306017593,89.6457139144073,-58.7585376153193));
#6913=CARTESIAN_POINT('Ctrl Pts',(8.5244959412048,83.2817920702829,-64.7823942155971));
#6914=CARTESIAN_POINT('Ctrl Pts',(10.8149673864463,83.8522486571944,-64.1047120686657));
#6915=CARTESIAN_POINT('Ctrl Pts',(15.6962316298836,86.1571744876796,-62.5061884972515));
#6916=CARTESIAN_POINT('Ctrl Pts',(19.8737333072048,89.5425080933112,-60.9380014242292));
#6917=CARTESIAN_POINT('Ctrl Pts',(22.1088321004692,91.5461030330736,-60.0717239424484));
#6918=CARTESIAN_POINT('Origin',(3.01385274921292,86.8324555905687,-54.4139053021456));
#6919=CARTESIAN_POINT('',(2.07641747753823,89.7893390040541,-56.9393865613267));
#6920=CARTESIAN_POINT('Origin',(3.01385274921291,86.8324555905687,-54.4139053021456));
#6921=CARTESIAN_POINT('Origin',(3.01385274921291,86.8324555905687,-54.4139053021456));
#6922=CARTESIAN_POINT('Ctrl Pts',(7.28357056383198,98.4398895177995,-48.7693627104495));
#6923=CARTESIAN_POINT('Ctrl Pts',(6.50141877311151,97.2080919650353,-49.9177493083655));
#6924=CARTESIAN_POINT('Ctrl Pts',(4.75043296614189,94.3225849765941,-52.6331727612186));
#6925=CARTESIAN_POINT('Ctrl Pts',(3.04896085899676,91.4358907000577,-55.3725703689826));
#6926=CARTESIAN_POINT('Ctrl Pts',(2.07641747753822,89.7893390040541,-56.9393865613267));
#6927=CARTESIAN_POINT('Ctrl Pts',(6.32777793518188,98.5992399511217,-48.2964208421974));
#6928=CARTESIAN_POINT('Ctrl Pts',(5.58522769414409,97.3446246902968,-49.4770493303889));
#6929=CARTESIAN_POINT('Ctrl Pts',(3.90379319923544,94.4294714755718,-52.2341341657836));
#6930=CARTESIAN_POINT('Ctrl Pts',(2.25015860578242,91.5230890105178,-54.991795963798));
#6931=CARTESIAN_POINT('Ctrl Pts',(1.3046923996781,89.8636281797229,-56.5659501179044));
#6932=CARTESIAN_POINT('Ctrl Pts',(4.8283081962756,98.2846152363964,-46.9500295928511));
#6933=CARTESIAN_POINT('Ctrl Pts',(4.13445793479302,97.0541635844444,-48.2412449708839));
#6934=CARTESIAN_POINT('Ctrl Pts',(2.55334562685787,94.1733698238625,-51.1494809742351));
#6935=CARTESIAN_POINT('Ctrl Pts',(0.978332267620808,91.276885447694,-53.9837965051695));
#6936=CARTESIAN_POINT('Ctrl Pts',(0.0762954247249839,89.6205969107176,-55.596075960931));
#6937=CARTESIAN_POINT('Ctrl Pts',(4.40690053823514,97.1133895950504,-45.4124891371068));
#6938=CARTESIAN_POINT('Ctrl Pts',(3.6392096586121,95.9813427507375,-46.7838202748508));
#6939=CARTESIAN_POINT('Ctrl Pts',(1.97854021101764,93.2485481785519,-49.8302213716664));
#6940=CARTESIAN_POINT('Ctrl Pts',(0.385363140621683,90.4326817371524,-52.752568817811));
#6941=CARTESIAN_POINT('Ctrl Pts',(-0.519547437098953,88.815288404264,-54.4112384555243));
#6942=CARTESIAN_POINT('Ctrl Pts',(4.45524969873349,96.5463162068196,-44.837984068614));
#6943=CARTESIAN_POINT('Ctrl Pts',(3.6355138049911,95.4537934891071,-46.2200687638665));
#6944=CARTESIAN_POINT('Ctrl Pts',(1.90714444386166,92.7846300910296,-49.2992020903179));
#6945=CARTESIAN_POINT('Ctrl Pts',(0.286546465138652,90.0064364570419,-52.2493408687615));
#6946=CARTESIAN_POINT('Ctrl Pts',(-0.630013392507736,88.4077038555088,-53.9231584783914));
#6947=CARTESIAN_POINT('',(4.45524969873348,96.5463162068196,-44.837984068614));
#6948=CARTESIAN_POINT('Ctrl Pts',(-0.630013392507736,88.4077038555088,-53.9231584783914));
#6949=CARTESIAN_POINT('Ctrl Pts',(0.286546465138652,90.0064364570419,-52.2493408687615));
#6950=CARTESIAN_POINT('Ctrl Pts',(1.90714444386166,92.7846300910296,-49.2992020903179));
#6951=CARTESIAN_POINT('Ctrl Pts',(3.6355138049911,95.4537934891071,-46.2200687638665));
#6952=CARTESIAN_POINT('Ctrl Pts',(4.45524969873349,96.5463162068196,-44.837984068614));
#6953=CARTESIAN_POINT('',(7.28357056383198,98.4398895177995,-48.7693627104495));
#6954=CARTESIAN_POINT('Origin',(8.08187248862222,95.507924094054,-46.1681528398629));
#6955=CARTESIAN_POINT('Ctrl Pts',(7.28357056383198,98.4398895177995,-48.7693627104495));
#6956=CARTESIAN_POINT('Ctrl Pts',(6.50141877311151,97.2080919650353,-49.9177493083655));
#6957=CARTESIAN_POINT('Ctrl Pts',(4.75043296614189,94.3225849765941,-52.6331727612186));
#6958=CARTESIAN_POINT('Ctrl Pts',(3.04896085899676,91.4358907000577,-55.3725703689826));
#6959=CARTESIAN_POINT('Ctrl Pts',(2.07641747753822,89.7893390040541,-56.9393865613267));
#6960=CARTESIAN_POINT('Origin',(8.0710172575121,85.5200383567649,-60.411244068086));
#6961=CARTESIAN_POINT('',(9.0703371170244,86.063303050813,-64.2461134648954));
#6962=CARTESIAN_POINT('Origin',(8.07101725751051,85.5200383567567,-60.4112440680876));
#6963=CARTESIAN_POINT('',(5.92339266484398,88.5958227267397,-61.7995016516725));
#6964=CARTESIAN_POINT('Origin',(8.0710172575121,85.5200383567649,-60.411244068086));
#6965=CARTESIAN_POINT('Origin',(8.07101725751248,85.5200383567652,-60.4112440680859));
#6966=CARTESIAN_POINT('Ctrl Pts',(5.24001546986582,86.5805946465307,-63.030528175353));
#6967=CARTESIAN_POINT('Ctrl Pts',(4.42315830746872,86.3702921268897,-62.2327962984475));
#6968=CARTESIAN_POINT('Ctrl Pts',(2.53411929821474,86.2568777990786,-60.2369873982528));
#6969=CARTESIAN_POINT('Ctrl Pts',(0.958850672528583,87.1740300900602,-58.1630314225941));
#6970=CARTESIAN_POINT('Ctrl Pts',(0.182850961566624,87.8930118803345,-57.0331894094126));
#6971=CARTESIAN_POINT('Ctrl Pts',(5.29296244033187,87.3694181299751,-62.7683577842385));
#6972=CARTESIAN_POINT('Ctrl Pts',(4.52951361546128,87.1522757022799,-62.030845588285));
#6973=CARTESIAN_POINT('Ctrl Pts',(2.78039443580394,87.0278827712255,-60.1902023210324));
#6974=CARTESIAN_POINT('Ctrl Pts',(1.34371449841243,87.9436948301335,-58.2665680197383));
#6975=CARTESIAN_POINT('Ctrl Pts',(0.636514199281885,88.6631550603864,-57.2116890391549));
#6976=CARTESIAN_POINT('Ctrl Pts',(5.53566813625537,88.0851390191794,-62.3311509951831));
#6977=CARTESIAN_POINT('Ctrl Pts',(4.81504631189738,87.8653244647612,-61.6632724193945));
#6978=CARTESIAN_POINT('Ctrl Pts',(3.19581462198808,87.7338875436654,-59.9866074057621));
#6979=CARTESIAN_POINT('Ctrl Pts',(1.93044351475946,88.6353147683553,-58.1822915588023));
#6980=CARTESIAN_POINT('Ctrl Pts',(1.3172515552201,89.3448848550921,-57.1779669056851));
#6981=CARTESIAN_POINT('Ctrl Pts',(5.92339266484403,88.5958227267398,-61.7995016516725));
#6982=CARTESIAN_POINT('Ctrl Pts',(5.22934191453599,88.3846172101568,-61.1937510740381));
#6983=CARTESIAN_POINT('Ctrl Pts',(3.71231562690001,88.2574367784399,-59.6610846248909));
#6984=CARTESIAN_POINT('Ctrl Pts',(2.60608602372734,89.1129726199519,-57.9278977652842));
#6985=CARTESIAN_POINT('Ctrl Pts',(2.07641747753822,89.7893390040541,-56.9393865613267));
#6986=CARTESIAN_POINT('Ctrl Pts',(2.07641747753822,89.7893390040541,-56.9393865613267));
#6987=CARTESIAN_POINT('Ctrl Pts',(2.60608602372734,89.1129726199519,-57.9278977652842));
#6988=CARTESIAN_POINT('Ctrl Pts',(3.71231562690001,88.2574367784399,-59.6610846248909));
#6989=CARTESIAN_POINT('Ctrl Pts',(5.22934191453599,88.3846172101568,-61.1937510740381));
#6990=CARTESIAN_POINT('Ctrl Pts',(5.92339266484403,88.5958227267398,-61.7995016516725));
#6991=CARTESIAN_POINT('Ctrl Pts',(18.4877009753131,94.2748575144819,-60.628778709573));
#6992=CARTESIAN_POINT('Ctrl Pts',(15.3497447375409,91.5362894812591,-61.8344493160427));
#6993=CARTESIAN_POINT('Ctrl Pts',(12.2100328876871,88.799805784255,-63.0402821370956));
#6994=CARTESIAN_POINT('Ctrl Pts',(9.07033711702425,86.0633030508125,-64.2461134648955));
#6995=CARTESIAN_POINT('Ctrl Pts',(17.8366552527319,95.0473620263636,-60.6889967949451));
#6996=CARTESIAN_POINT('Ctrl Pts',(14.7053615215283,92.3011877491909,-61.8937350459416));
#6997=CARTESIAN_POINT('Ctrl Pts',(11.5739117626804,89.5563428778904,-63.0995281604042));
#6998=CARTESIAN_POINT('Ctrl Pts',(8.45178030998659,86.7981521772968,-64.3031997677095));
#6999=CARTESIAN_POINT('Ctrl Pts',(16.527292709426,96.2959878275388,-60.1173019621955));
#7000=CARTESIAN_POINT('Ctrl Pts',(13.4109681319381,93.5392314147492,-61.3352376061868));
#7001=CARTESIAN_POINT('Ctrl Pts',(10.2981170612225,90.7813795776401,-62.5554502539394));
#7002=CARTESIAN_POINT('Ctrl Pts',(7.21550672190264,87.9921148922649,-63.7938078580869));
#7003=CARTESIAN_POINT('Ctrl Pts',(15.5317560469685,96.7868964985634,-58.6413070456401));
#7004=CARTESIAN_POINT('Ctrl Pts',(12.418150779129,94.0388694766445,-59.8852355304076));
#7005=CARTESIAN_POINT('Ctrl Pts',(9.30825400245836,91.2926047484145,-61.1369386962709));
#7006=CARTESIAN_POINT('Ctrl Pts',(6.23579335099779,88.5222134479554,-62.4458699309669));
#7007=CARTESIAN_POINT('Ctrl Pts',(15.2304315359826,96.8259361420091,-57.9457352992835));
#7008=CARTESIAN_POINT('Ctrl Pts',(12.1141521967554,94.0853284728412,-59.1993790184226));
#7009=CARTESIAN_POINT('Ctrl Pts',(9.00113771858913,91.3480911881011,-60.4629029037292));
#7010=CARTESIAN_POINT('Ctrl Pts',(5.92339266484398,88.5958227267397,-61.7995016516725));
#7011=CARTESIAN_POINT('Ctrl Pts',(18.4877009753131,94.2748575144819,-60.628778709573));
#7012=CARTESIAN_POINT('Ctrl Pts',(15.3497447375409,91.5362894812591,-61.8344493160427));
#7013=CARTESIAN_POINT('Ctrl Pts',(12.2100328876871,88.799805784255,-63.0402821370956));
#7014=CARTESIAN_POINT('Ctrl Pts',(9.07033711702425,86.0633030508125,-64.2461134648955));
#7015=CARTESIAN_POINT('Ctrl Pts',(5.92339266484398,88.5958227267397,-61.7995016516725));
#7016=CARTESIAN_POINT('Ctrl Pts',(8.99141914943215,91.3394003735881,-60.4671234701309));
#7017=CARTESIAN_POINT('Ctrl Pts',(12.0944926701955,94.0680416215742,-59.2073593841228));
#7018=CARTESIAN_POINT('Ctrl Pts',(15.200910889033,96.7999742622597,-57.9576114568756));
#7019=CARTESIAN_POINT('Origin',(7.34214737068001,81.8058450871319,-61.1273477834974));
#7020=CARTESIAN_POINT('',(8.34146723019221,82.3491097811795,-64.9622171803069));
#7021=CARTESIAN_POINT('Ctrl Pts',(9.43803229867889,105.232054731364,-41.9282928734297));
#7022=CARTESIAN_POINT('Ctrl Pts',(9.4792204406166,104.916668095686,-42.2660500840867));
#7023=CARTESIAN_POINT('Ctrl Pts',(9.49984683511945,103.953514996036,-43.2899346551535));
#7024=CARTESIAN_POINT('Ctrl Pts',(9.04008850096964,101.66858138222,-45.663404758908));
#7025=CARTESIAN_POINT('Ctrl Pts',(8.09265213855923,99.7140983293878,-47.5814367246487));
#7026=CARTESIAN_POINT('Ctrl Pts',(7.28357056383198,98.4398895177995,-48.7693627104495));
#7027=CARTESIAN_POINT('Ctrl Pts',(8.84658234576431,105.117142760397,-41.9420019612699));
#7028=CARTESIAN_POINT('Ctrl Pts',(8.86700798203066,104.816582810013,-42.2546036401348));
#7029=CARTESIAN_POINT('Ctrl Pts',(8.82015717300139,103.890438458705,-43.2064668048913));
#7030=CARTESIAN_POINT('Ctrl Pts',(8.20970328037008,101.678752289277,-45.4267641239676));
#7031=CARTESIAN_POINT('Ctrl Pts',(7.17981859627825,99.7989256691741,-47.2046331699633));
#7032=CARTESIAN_POINT('Ctrl Pts',(6.32777793518188,98.5992399511217,-48.2964208421973));
#7033=CARTESIAN_POINT('Ctrl Pts',(7.84227831616464,104.741935327944,-41.79960476878));
#7034=CARTESIAN_POINT('Ctrl Pts',(7.83010920002814,104.456756985444,-42.0592411227447));
#7035=CARTESIAN_POINT('Ctrl Pts',(7.67630796003133,103.557111085645,-42.8509684320672));
#7036=CARTESIAN_POINT('Ctrl Pts',(6.84703086031142,101.340167562035,-44.6893648427883));
#7037=CARTESIAN_POINT('Ctrl Pts',(5.71654842804225,99.4664596917489,-46.1175346038252));
#7038=CARTESIAN_POINT('Ctrl Pts',(4.82831231930066,98.2846105891024,-46.9500273938753));
#7039=CARTESIAN_POINT('Ctrl Pts',(7.0656564511448,104.128735670287,-41.3922806210452));
#7040=CARTESIAN_POINT('Ctrl Pts',(7.04224409469042,103.841963067863,-41.5943481312318));
#7041=CARTESIAN_POINT('Ctrl Pts',(6.86422710480314,102.905056431724,-42.2018770119942));
#7042=CARTESIAN_POINT('Ctrl Pts',(6.08305435950643,100.498622384699,-43.6160476274077));
#7043=CARTESIAN_POINT('Ctrl Pts',(5.13810019932438,98.4389886582165,-44.7473002718122));
#7044=CARTESIAN_POINT('Ctrl Pts',(4.40690053823514,97.1133895950504,-45.4124891371068));
#7045=CARTESIAN_POINT('Ctrl Pts',(6.79346734893769,103.837459132811,-41.1792681706518));
#7046=CARTESIAN_POINT('Ctrl Pts',(6.77051570857121,103.54777141592,-41.3577977415596));
#7047=CARTESIAN_POINT('Ctrl Pts',(6.60167488005691,102.587568963247,-41.8891119652642));
#7048=CARTESIAN_POINT('Ctrl Pts',(5.90288425588696,100.084789413009,-43.1422558593649));
#7049=CARTESIAN_POINT('Ctrl Pts',(5.08962913343857,97.9371336916236,-44.1941251633886));
#7050=CARTESIAN_POINT('Ctrl Pts',(4.45524969873349,96.5463162068196,-44.837984068614));
#7051=CARTESIAN_POINT('Ctrl Pts',(9.26201502303963,102.892122232648,-44.3877618722247));
#7052=CARTESIAN_POINT('Ctrl Pts',(9.21713393867386,102.7021247473,-44.5835550370398));
#7053=CARTESIAN_POINT('Ctrl Pts',(8.81630552851998,101.206935571991,-46.1164408799356));
#7054=CARTESIAN_POINT('Ctrl Pts',(8.09265213855923,99.7140983293878,-47.5814367246487));
#7055=CARTESIAN_POINT('Ctrl Pts',(7.28357056383198,98.4398895177995,-48.7693627104495));
#7056=CARTESIAN_POINT('Ctrl Pts',(4.45524969873349,96.5463162068196,-44.837984068614));
#7057=CARTESIAN_POINT('Ctrl Pts',(5.08962913343857,97.9371336916236,-44.1941251633886));
#7058=CARTESIAN_POINT('Ctrl Pts',(5.90288425588696,100.084789413009,-43.1422558593649));
#7059=CARTESIAN_POINT('Ctrl Pts',(6.60167488005691,102.587568963247,-41.8891119652642));
#7060=CARTESIAN_POINT('Ctrl Pts',(6.77051570857121,103.54777141592,-41.3577977415596));
#7061=CARTESIAN_POINT('Ctrl Pts',(6.79346734893769,103.837459132811,-41.1792681706518));
#7062=CARTESIAN_POINT('Ctrl Pts',(5.22225899347373,95.9683332463017,-42.8762275848718));
#7063=CARTESIAN_POINT('Ctrl Pts',(3.79056523307567,91.3160868448061,-43.7105326654234));
#7064=CARTESIAN_POINT('Ctrl Pts',(2.35887147267761,86.6638404433106,-44.544837745975));
#7065=CARTESIAN_POINT('Ctrl Pts',(0.927177712279547,82.011594041815,-45.3791428265265));
#7066=CARTESIAN_POINT('Ctrl Pts',(4.5197733571134,96.49769414272,-44.3108107134721));
#7067=CARTESIAN_POINT('Ctrl Pts',(2.69107871855685,92.1446093608552,-45.7720862329713));
#7068=CARTESIAN_POINT('Ctrl Pts',(0.864469355341743,87.7899532113112,-47.2345168156048));
#7069=CARTESIAN_POINT('Ctrl Pts',(-0.964225283214803,83.4368684294463,-48.695792335104));
#7070=CARTESIAN_POINT('Ctrl Pts',(4.06398236781396,96.841157288707,-45.9656292716481));
#7071=CARTESIAN_POINT('Ctrl Pts',(1.97813181988835,92.6818533838551,-48.1785765189356));
#7072=CARTESIAN_POINT('Ctrl Pts',(-0.105566293179074,88.5209275029982,-50.3924660817208));
#7073=CARTESIAN_POINT('Ctrl Pts',(-2.19141684110468,84.3616235981462,-52.6054133290083));
#7074=CARTESIAN_POINT('Ctrl Pts',(3.90847359382303,96.9583415551743,-47.6709287846199));
#7075=CARTESIAN_POINT('Ctrl Pts',(1.7356105781529,92.8646062478008,-50.6642696728911));
#7076=CARTESIAN_POINT('Ctrl Pts',(-0.437252437517227,88.7708709404271,-53.6576105611623));
#7077=CARTESIAN_POINT('Ctrl Pts',(-2.61011545318736,84.6771356330536,-56.6509514494335));
#7078=CARTESIAN_POINT('Ctrl Pts',(4.45630698300742,96.5456980569704,-44.8354342468569));
#7079=CARTESIAN_POINT('Ctrl Pts',(4.26722315220528,95.9645913684493,-44.8979063321782));
#7080=CARTESIAN_POINT('Ctrl Pts',(2.81836669456221,91.3021614085744,-45.3379617627234));
#7081=CARTESIAN_POINT('Ctrl Pts',(1.71717034941285,86.3595439373674,-45.4389341698662));
#7082=CARTESIAN_POINT('Ctrl Pts',(0.927128276288714,82.0115992108672,-45.3791904134048));
#7083=CARTESIAN_POINT('Origin',(6.35552720364695,78.656880090131,-66.0027864745593));
#7084=CARTESIAN_POINT('Ctrl Pts',(17.8232089175623,100.634889415282,-39.3490135468323));
#7085=CARTESIAN_POINT('Ctrl Pts',(17.6542972118413,100.835522190395,-39.5193000833098));
#7086=CARTESIAN_POINT('Ctrl Pts',(17.3593449811091,101.087802788805,-39.8295051683096));
#7087=CARTESIAN_POINT('Ctrl Pts',(16.8317343926983,101.301203798444,-40.39659513138));
#7088=CARTESIAN_POINT('Ctrl Pts',(16.2951251237593,101.347232015496,-40.963198922643));
#7089=CARTESIAN_POINT('Ctrl Pts',(15.7443206439914,101.381831573539,-41.4641035755069));
#7090=CARTESIAN_POINT('Ctrl Pts',(15.4120169038215,101.451963562438,-41.6763349793424));
#7091=CARTESIAN_POINT('Ctrl Pts',(15.2592030391089,101.500593489817,-41.7478446592385));
#7092=CARTESIAN_POINT('Ctrl Pts',(17.4574431608885,99.5380416785333,-39.7961952102845));
#7093=CARTESIAN_POINT('Ctrl Pts',(17.2763043634518,99.7257792383495,-39.9598722692596));
#7094=CARTESIAN_POINT('Ctrl Pts',(16.9799659501424,99.9699028836655,-40.2626730223915));
#7095=CARTESIAN_POINT('Ctrl Pts',(16.4838279706559,100.214777314322,-40.8462525987019));
#7096=CARTESIAN_POINT('Ctrl Pts',(15.9847705460253,100.341736362053,-41.4636921558575));
#7097=CARTESIAN_POINT('Ctrl Pts',(15.4234620653657,100.504678529039,-42.0398551515486));
#7098=CARTESIAN_POINT('Ctrl Pts',(15.0424086254969,100.669351623686,-42.2898494437177));
#7099=CARTESIAN_POINT('Ctrl Pts',(14.8583741849941,100.763189922265,-42.373286869894));
#7100=CARTESIAN_POINT('Ctrl Pts',(17.3261288853738,97.6475452457464,-41.0513374342498));
#7101=CARTESIAN_POINT('Ctrl Pts',(17.1343246433363,97.805406122973,-41.2146960698215));
#7102=CARTESIAN_POINT('Ctrl Pts',(16.8459077973879,98.0283524745043,-41.5046331540875));
#7103=CARTESIAN_POINT('Ctrl Pts',(16.3779077946744,98.3474090891601,-42.0890912267816));
#7104=CARTESIAN_POINT('Ctrl Pts',(15.873390128739,98.6635064237556,-42.763343224857));
#7105=CARTESIAN_POINT('Ctrl Pts',(15.194614887579,99.109118550317,-43.4473108234258));
#7106=CARTESIAN_POINT('Ctrl Pts',(14.6667309432734,99.4764795396759,-43.7506924983807));
#7107=CARTESIAN_POINT('Ctrl Pts',(14.3980564585402,99.6676882975948,-43.8483963320606));
#7108=CARTESIAN_POINT('Ctrl Pts',(18.1194730774181,96.4084553438502,-42.7274770146612));
#7109=CARTESIAN_POINT('Ctrl Pts',(17.9386370817383,96.5446806718122,-42.9015669100341));
#7110=CARTESIAN_POINT('Ctrl Pts',(17.670795561048,96.7464149328335,-43.178537231516));
#7111=CARTESIAN_POINT('Ctrl Pts',(17.1759845135969,97.1193878856253,-43.7361722485868));
#7112=CARTESIAN_POINT('Ctrl Pts',(16.5438530438766,97.5958004430342,-44.4326359141466));
#7113=CARTESIAN_POINT('Ctrl Pts',(15.6054973244253,98.3029701390478,-45.1981056152077));
#7114=CARTESIAN_POINT('Ctrl Pts',(14.8506267869764,98.8716850888815,-45.5402633943003));
#7115=CARTESIAN_POINT('Ctrl Pts',(14.4632395736635,99.1636249087261,-45.6459122750036));
#7116=CARTESIAN_POINT('Ctrl Pts',(18.591299514627,96.0529086211459,-43.4454141783655));
#7117=CARTESIAN_POINT('Ctrl Pts',(18.4179124091649,96.1835651767025,-43.6240692708172));
#7118=CARTESIAN_POINT('Ctrl Pts',(18.1600570069081,96.377873159414,-43.8954500643487));
#7119=CARTESIAN_POINT('Ctrl Pts',(17.6468275442075,96.7646192996641,-44.4416722643079));
#7120=CARTESIAN_POINT('Ctrl Pts',(16.9468555718451,97.2920860143963,-45.1477333810891));
#7121=CARTESIAN_POINT('Ctrl Pts',(15.8837495552627,98.0931938588806,-45.9482021824097));
#7122=CARTESIAN_POINT('Ctrl Pts',(15.0254110621522,98.7399983067231,-46.3069640263463));
#7123=CARTESIAN_POINT('Ctrl Pts',(14.5848489298073,99.0719856858735,-46.4160367143286));
#7124=CARTESIAN_POINT('',(17.8232089175623,100.634889415282,-39.3490135468323));
#7125=CARTESIAN_POINT('Ctrl Pts',(15.2592030391089,101.500593489817,-41.7478446592385));
#7126=CARTESIAN_POINT('Ctrl Pts',(15.4120169038215,101.451963562438,-41.6763349793424));
#7127=CARTESIAN_POINT('Ctrl Pts',(15.7443206439914,101.381831573539,-41.4641035755069));
#7128=CARTESIAN_POINT('Ctrl Pts',(16.2951251237593,101.347232015496,-40.963198922643));
#7129=CARTESIAN_POINT('Ctrl Pts',(16.8317343926983,101.301203798444,-40.39659513138));
#7130=CARTESIAN_POINT('Ctrl Pts',(17.3593449811091,101.087802788805,-39.8295051683096));
#7131=CARTESIAN_POINT('Ctrl Pts',(17.6542972118413,100.835522190395,-39.5193000833098));
#7132=CARTESIAN_POINT('Ctrl Pts',(17.8232089175623,100.634889415282,-39.3490135468323));
#7133=CARTESIAN_POINT('Origin',(22.2021896535393,100.84472168143,-43.4454141783655));
#7134=CARTESIAN_POINT('Ctrl Pts',(33.0722037876048,88.3779694451698,-37.6693055580729));
#7135=CARTESIAN_POINT('Ctrl Pts',(31.492730821342,89.2195846367383,-36.9003062184091));
#7136=CARTESIAN_POINT('Ctrl Pts',(28.2275795055224,91.2063177114239,-35.8398398277307));
#7137=CARTESIAN_POINT('Ctrl Pts',(22.663114883791,95.4507743931023,-35.9568161136202));
#7138=CARTESIAN_POINT('Ctrl Pts',(19.3742384302518,98.750271857181,-37.7875269249617));
#7139=CARTESIAN_POINT('Ctrl Pts',(17.8232089175623,100.634889415282,-39.3490135468323));
#7140=CARTESIAN_POINT('Ctrl Pts',(32.2812679173901,87.8380577121098,-38.2171688704896));
#7141=CARTESIAN_POINT('Ctrl Pts',(30.7945412170997,88.7210866007066,-37.4929256728525));
#7142=CARTESIAN_POINT('Ctrl Pts',(27.7215370762474,90.7212657876711,-36.4863290588719));
#7143=CARTESIAN_POINT('Ctrl Pts',(22.3850407424422,94.7768720997007,-36.5989460520876));
#7144=CARTESIAN_POINT('Ctrl Pts',(19.0960487258805,97.8031667201315,-38.3318761040207));
#7145=CARTESIAN_POINT('Ctrl Pts',(17.4574431608884,99.5380416785334,-39.7961952102845));
#7146=CARTESIAN_POINT('Ctrl Pts',(30.9111903034863,87.2755954971811,-39.5668914449988));
#7147=CARTESIAN_POINT('Ctrl Pts',(29.6394214685264,88.173792536464,-38.8803868417509));
#7148=CARTESIAN_POINT('Ctrl Pts',(26.9620831100525,90.1130317401836,-37.9089835563349));
#7149=CARTESIAN_POINT('Ctrl Pts',(22.119915729791,93.7705397444354,-38.0200996094416));
#7150=CARTESIAN_POINT('Ctrl Pts',(18.9792998447667,96.2721066343255,-39.6828123614097));
#7151=CARTESIAN_POINT('Ctrl Pts',(17.3264517966547,97.6477267596684,-41.0515180765592));
#7152=CARTESIAN_POINT('Ctrl Pts',(29.9142762151437,87.520433669252,-41.252080438392));
#7153=CARTESIAN_POINT('Ctrl Pts',(28.8547746984072,88.3189837022804,-40.5645954698031));
#7154=CARTESIAN_POINT('Ctrl Pts',(26.565012442726,90.04462459226,-39.575594457091));
#7155=CARTESIAN_POINT('Ctrl Pts',(22.3014661042281,93.2573681786179,-39.6903146535305));
#7156=CARTESIAN_POINT('Ctrl Pts',(19.5458229460593,95.3340974236379,-41.3773332139833));
#7157=CARTESIAN_POINT('Ctrl Pts',(18.1194730774181,96.4084553438502,-42.7274770146612));
#7158=CARTESIAN_POINT('Ctrl Pts',(29.5914353893535,87.7637116810648,-41.9740819843204));
#7159=CARTESIAN_POINT('Ctrl Pts',(28.6103216458465,88.5030339160959,-41.2862657083363));
#7160=CARTESIAN_POINT('Ctrl Pts',(26.4704406051727,90.1155499410339,-40.2898242829186));
#7161=CARTESIAN_POINT('Ctrl Pts',(22.4566378833845,93.140167238351,-40.4060695643856));
#7162=CARTESIAN_POINT('Ctrl Pts',(19.8937056667897,95.071475190305,-42.1034372712351));
#7163=CARTESIAN_POINT('Ctrl Pts',(18.591299514627,96.0529086211459,-43.4454141783655));
#7164=CARTESIAN_POINT('',(27.6381595799378,91.7398818945729,-36.0407546406739));
#7165=CARTESIAN_POINT('Ctrl Pts',(27.6381595782338,91.7398818958143,-36.0407546404823));
#7166=CARTESIAN_POINT('Ctrl Pts',(28.4951585374929,91.0940868591307,-36.1695969840808));
#7167=CARTESIAN_POINT('Ctrl Pts',(29.3369650343367,90.4597401640312,-36.4084572661877));
#7168=CARTESIAN_POINT('Ctrl Pts',(30.9842690064931,89.2184075840623,-37.0941808346409));
#7169=CARTESIAN_POINT('Ctrl Pts',(31.7805424734917,88.6183724880161,-37.5395784375883));
#7170=CARTESIAN_POINT('Ctrl Pts',(32.5399003971284,88.046155249182,-38.071931330033));
#7171=CARTESIAN_POINT('Ctrl Pts',(17.8232089175623,100.634889415282,-39.3490135468323));
#7172=CARTESIAN_POINT('Ctrl Pts',(19.3742384302518,98.750271857181,-37.7875269249617));
#7173=CARTESIAN_POINT('Ctrl Pts',(22.4965769320534,95.6178501580917,-36.0495173242165));
#7174=CARTESIAN_POINT('Ctrl Pts',(26.2369674829761,92.7267424345334,-35.8862033221093));
#7175=CARTESIAN_POINT('Ctrl Pts',(27.6382516172708,91.7400276102611,-36.0408735704865));
#7176=CARTESIAN_POINT('Ctrl Pts',(34.1931676723057,80.325829994074,-43.988413745555));
#7177=CARTESIAN_POINT('Ctrl Pts',(34.9937756856241,81.9189852105431,-42.8088683823665));
#7178=CARTESIAN_POINT('Ctrl Pts',(35.8780040188817,83.50437810505,-41.6824532444225));
#7179=CARTESIAN_POINT('Ctrl Pts',(36.8857594649349,85.0514029589827,-40.6298198892871));
#7180=CARTESIAN_POINT('Ctrl Pts',(34.489377398012,80.0412288478214,-43.8429389936503));
#7181=CARTESIAN_POINT('Ctrl Pts',(35.2801571771451,81.6547995564907,-42.6939177839189));
#7182=CARTESIAN_POINT('Ctrl Pts',(36.1515102752994,83.2578716259093,-41.5965345108881));
#7183=CARTESIAN_POINT('Ctrl Pts',(37.1424218377916,84.8190920793508,-40.5707456779355));
#7184=CARTESIAN_POINT('Ctrl Pts',(34.6948891948332,79.7206102937366,-43.5871437754431));
#7185=CARTESIAN_POINT('Ctrl Pts',(35.4962015941869,81.3579902657446,-42.4791607200736));
#7186=CARTESIAN_POINT('Ctrl Pts',(36.3697188273572,82.9818847909493,-41.4210713337617));
#7187=CARTESIAN_POINT('Ctrl Pts',(37.3561339372755,84.5603478604907,-40.4316576265578));
#7188=CARTESIAN_POINT('Ctrl Pts',(34.7684414445561,79.428346502057,-43.2723853599451));
#7189=CARTESIAN_POINT('Ctrl Pts',(35.6039109872493,81.07973104799,-42.2009838638787));
#7190=CARTESIAN_POINT('Ctrl Pts',(36.4994718527555,82.7181374447094,-41.1821091138604));
#7191=CARTESIAN_POINT('Ctrl Pts',(37.4984278446923,84.3096368085244,-40.2310832183782));
#7192=CARTESIAN_POINT('',(37.2985803481688,84.4602326989325,-40.4476438810652));
#7193=CARTESIAN_POINT('Ctrl Pts',(37.2235472679891,84.5165625452802,-40.5117643290395));
#7194=CARTESIAN_POINT('Ctrl Pts',(37.2489897079791,84.4974001430538,-40.4912227297474));
#7195=CARTESIAN_POINT('Ctrl Pts',(37.2739458376675,84.4786128460981,-40.4697591755669));
#7196=CARTESIAN_POINT('Ctrl Pts',(37.2983943783774,84.4602113907085,-40.4474191416432));
#7197=CARTESIAN_POINT('',(37.4984278446923,84.3096368085244,-40.2310832183782));
#7198=CARTESIAN_POINT('Ctrl Pts',(37.2983943783774,84.4602113907085,-40.4474191416432));
#7199=CARTESIAN_POINT('Ctrl Pts',(37.3448360691698,84.4252538831446,-40.4049828024292));
#7200=CARTESIAN_POINT('Ctrl Pts',(37.3894474952541,84.3916907307782,-40.3593858270593));
#7201=CARTESIAN_POINT('Ctrl Pts',(37.4320865955805,84.3595958248351,-40.3108917701488));
#7202=CARTESIAN_POINT('Ctrl Pts',(37.4547661667739,84.3425246695174,-40.2850979703795));
#7203=CARTESIAN_POINT('Ctrl Pts',(37.4768875747578,84.3258685661738,-40.2584837190306));
#7204=CARTESIAN_POINT('Ctrl Pts',(37.4984278446923,84.3096368085244,-40.2310832183782));
#7205=CARTESIAN_POINT('',(36.4645076637339,82.5844802320562,-41.2779402264621));
#7206=CARTESIAN_POINT('Ctrl Pts',(37.4984278446923,84.3096368085244,-40.2310832183782));
#7207=CARTESIAN_POINT('Ctrl Pts',(37.1410587760539,83.74028976023,-40.5713056518616));
#7208=CARTESIAN_POINT('Ctrl Pts',(36.7969221883458,83.1649395622723,-40.920211363801));
#7209=CARTESIAN_POINT('Ctrl Pts',(36.4640354689913,82.5851396077927,-41.2770988498839));
#7210=CARTESIAN_POINT('',(36.1169383746778,82.0406901245635,-41.6750043030198));
#7211=CARTESIAN_POINT('Ctrl Pts',(36.4640354684602,82.5851396068676,-41.2770988504533));
#7212=CARTESIAN_POINT('Ctrl Pts',(36.44399811503,82.5638701822894,-41.301624302506));
#7213=CARTESIAN_POINT('Ctrl Pts',(36.4224069386365,82.5405177142902,-41.3279526084834));
#7214=CARTESIAN_POINT('Ctrl Pts',(36.4022065590417,82.5175827783443,-41.3523862062362));
#7215=CARTESIAN_POINT('Ctrl Pts',(36.4009851752189,82.5161960539211,-41.3538635448619));
#7216=CARTESIAN_POINT('Ctrl Pts',(36.3997688856585,82.5148108469881,-41.3553339484507));
#7217=CARTESIAN_POINT('Ctrl Pts',(36.3985583445219,82.5134277069995,-41.3567965962709));
#7218=CARTESIAN_POINT('Ctrl Pts',(36.3808052455467,82.4931433726876,-41.3782469466409));
#7219=CARTESIAN_POINT('Ctrl Pts',(36.3628458933859,82.4716793988307,-41.3997759535026));
#7220=CARTESIAN_POINT('Ctrl Pts',(36.3455910375293,82.4491067792066,-41.4201374544767));
#7221=CARTESIAN_POINT('Ctrl Pts',(36.3323847466637,82.431830449411,-41.4357214678442));
#7222=CARTESIAN_POINT('Ctrl Pts',(36.3198833821567,82.4143079041387,-41.4502807955891));
#7223=CARTESIAN_POINT('Ctrl Pts',(36.3073893811765,82.3954326664141,-41.4646144264916));
#7224=CARTESIAN_POINT('Ctrl Pts',(36.2884116102877,82.3667621118353,-41.4863865044436));
#7225=CARTESIAN_POINT('Ctrl Pts',(36.2686124882557,82.3336915620985,-41.5085923498515));
#7226=CARTESIAN_POINT('Ctrl Pts',(36.2441271851204,82.2891575018693,-41.5355170552476));
#7227=CARTESIAN_POINT('Ctrl Pts',(36.2244163587399,82.2533072971835,-41.557191616125));
#7228=CARTESIAN_POINT('Ctrl Pts',(36.2016684154513,82.2100288379099,-41.5819243926677));
#7229=CARTESIAN_POINT('Ctrl Pts',(36.1738885592286,82.1556104198021,-41.611950693275));
#7230=CARTESIAN_POINT('Ctrl Pts',(36.1567727035529,82.1220818880862,-41.6304506388308));
#7231=CARTESIAN_POINT('Ctrl Pts',(36.1377471048314,82.0843239688866,-41.6509599987944));
#7232=CARTESIAN_POINT('Ctrl Pts',(36.1163517263857,82.0414606530898,-41.6740019389554));
#7233=CARTESIAN_POINT('Ctrl Pts',(36.1163517263852,82.0414606530889,-41.674001938956));
#7234=CARTESIAN_POINT('Ctrl Pts',(36.2310560812203,82.222116339427,-41.5399098908879));
#7235=CARTESIAN_POINT('Ctrl Pts',(36.3470147008924,82.4033517022066,-41.4074758735126));
#7236=CARTESIAN_POINT('Ctrl Pts',(36.4640354689818,82.5851396077762,-41.277098849894));
#7237=CARTESIAN_POINT('',(34.7684414445557,79.4283465020603,-43.2723853599475));
#7238=CARTESIAN_POINT('Ctrl Pts',(36.4640354689913,82.5851396077927,-41.2770988498839));
#7239=CARTESIAN_POINT('Ctrl Pts',(35.8664018604328,81.5442211244433,-41.9178211850092));
#7240=CARTESIAN_POINT('Ctrl Pts',(35.3050279786303,80.488960521653,-42.5842697722446));
#7241=CARTESIAN_POINT('Ctrl Pts',(34.7684414445561,79.428346502057,-43.2723853599451));
#7242=CARTESIAN_POINT('Origin',(32.9735455492039,79.8252166847863,-42.4844495866055));
#7243=CARTESIAN_POINT('Origin',(31.2375599322202,99.611047087397,-54.126155740733));
#7244=CARTESIAN_POINT('',(32.7333748806476,87.9003618011192,-38.0339033405547));
#7245=CARTESIAN_POINT('',(31.0249857496775,89.1877253173287,-37.0898999341239));
#7246=CARTESIAN_POINT('Origin',(26.150799552741,92.8606880669853,-57.3707147653618));
#7247=CARTESIAN_POINT('',(32.7783018339636,88.2602680088893,-37.7642864979842));
#7248=CARTESIAN_POINT('Origin',(30.9863287036801,99.2776519865336,-54.3208186210684));
#7249=CARTESIAN_POINT('Ctrl Pts',(32.7333779348949,87.9003586657937,-38.0338996973624));
#7250=CARTESIAN_POINT('Ctrl Pts',(32.7487855366134,88.0201051498364,-37.94376292852));
#7251=CARTESIAN_POINT('Ctrl Pts',(32.7637632975357,88.1400726022243,-37.8538866591546));
#7252=CARTESIAN_POINT('Ctrl Pts',(32.778306330664,88.2602634303917,-37.7642810865157));
#7253=CARTESIAN_POINT('Origin',(30.9102342066998,99.176671178362,-54.3797793404263));
#7254=CARTESIAN_POINT('Ctrl Pts',(31.0249857496775,89.1877253173287,-37.0898999341239));
#7255=CARTESIAN_POINT('Ctrl Pts',(30.5019423386054,89.5818667981217,-36.8497028110229));
#7256=CARTESIAN_POINT('Ctrl Pts',(29.9595762223418,89.9905689816706,-36.6346923758099));
#7257=CARTESIAN_POINT('Ctrl Pts',(28.8221894386602,90.8476513990473,-36.271331610616));
#7258=CARTESIAN_POINT('Ctrl Pts',(28.2256502771589,91.2971759002415,-36.1290787600835));
#7259=CARTESIAN_POINT('Ctrl Pts',(27.6381595799115,91.73988189455,-36.0407546407346));
#7260=CARTESIAN_POINT('',(18.0561663735908,101.179272131485,-38.853976387564));
#7261=CARTESIAN_POINT('Origin',(16.3635486722367,100.564945326566,-37.9835466696546));
#7262=CARTESIAN_POINT('',(23.3401115737008,95.5044990472899,-35.9543506363817));
#7263=CARTESIAN_POINT('Origin',(31.4556638485382,99.9004807601219,-53.9571610786856));
#7264=CARTESIAN_POINT('',(23.375130698816,95.2482933742551,-36.1357663064336));
#7265=CARTESIAN_POINT('Ctrl Pts',(23.3750211176475,95.2481135839283,-36.1356220918526));
#7266=CARTESIAN_POINT('Ctrl Pts',(23.3694518927379,95.3121349837279,-36.0943036180995));
#7267=CARTESIAN_POINT('Ctrl Pts',(23.3617552157401,95.3747773015919,-36.0511578411342));
#7268=CARTESIAN_POINT('Ctrl Pts',(23.3520604660797,95.4356704221716,-36.0063274080772));
#7269=CARTESIAN_POINT('Ctrl Pts',(23.3486796438159,95.4569055055909,-35.9906938196419));
#7270=CARTESIAN_POINT('Ctrl Pts',(23.3450554240981,95.4779277901993,-35.9748551459977));
#7271=CARTESIAN_POINT('Ctrl Pts',(23.3411920551756,95.4987212080656,-35.9588167184387));
#7272=CARTESIAN_POINT('Ctrl Pts',(23.3408338881049,95.5006489342852,-35.9573298201555));
#7273=CARTESIAN_POINT('Ctrl Pts',(23.3404736373005,95.5025748488163,-35.9558410835622));
#7274=CARTESIAN_POINT('Ctrl Pts',(23.3401113049448,95.5044989383236,-35.9543505113303));
#7275=CARTESIAN_POINT('',(31.5821341025853,89.6288128720023,-36.5283093713093));
#7276=CARTESIAN_POINT('Ctrl Pts',(31.5821341025851,89.6288128720024,-36.5283093713093));
#7277=CARTESIAN_POINT('Ctrl Pts',(31.5744289713391,89.6321272268341,-36.5271926004397));
#7278=CARTESIAN_POINT('Ctrl Pts',(31.5667266130837,89.6354469338117,-36.5260714184848));
#7279=CARTESIAN_POINT('Ctrl Pts',(30.5448956553295,90.0767217856764,-36.3767114314356));
#7280=CARTESIAN_POINT('Ctrl Pts',(29.429662985622,90.6742627637962,-36.1384125834867));
#7281=CARTESIAN_POINT('Ctrl Pts',(27.3983224154006,92.0133576725319,-35.9030631843457));
#7282=CARTESIAN_POINT('Ctrl Pts',(26.6594990783437,92.5448762421109,-35.8593172254206));
#7283=CARTESIAN_POINT('Ctrl Pts',(25.1399150400282,93.7077269697875,-35.8857836474396));
#7284=CARTESIAN_POINT('Ctrl Pts',(24.3774513485588,94.3315609240887,-35.9657482194828));
#7285=CARTESIAN_POINT('Ctrl Pts',(23.5596579603166,95.0764231057789,-36.1026397012288));
#7286=CARTESIAN_POINT('Ctrl Pts',(23.4662680823229,95.1627661342305,-36.1190717764644));
#7287=CARTESIAN_POINT('Ctrl Pts',(23.375130698816,95.2482933742551,-36.1357663064336));
#7288=CARTESIAN_POINT('',(33.6805574824088,88.537471073758,-37.3674086106027));
#7289=CARTESIAN_POINT('Origin',(31.4556638485382,99.9004807601219,-53.9571610786856));
#7290=CARTESIAN_POINT('Ctrl Pts',(32.7783080130865,88.2602773347817,-37.7642707204119));
#7291=CARTESIAN_POINT('Ctrl Pts',(32.7804539916801,88.2612280340603,-37.7636929869337));
#7292=CARTESIAN_POINT('Ctrl Pts',(32.7826001071772,88.2621767702784,-37.7631126167213));
#7293=CARTESIAN_POINT('Ctrl Pts',(32.7847463519362,88.2631235408005,-37.7625296139221));
#7294=CARTESIAN_POINT('Ctrl Pts',(32.862824797482,88.2975661971388,-37.7413204987344));
#7295=CARTESIAN_POINT('Ctrl Pts',(32.941092642311,88.3294180787574,-37.7166257498872));
#7296=CARTESIAN_POINT('Ctrl Pts',(33.0191847551517,88.3585337120787,-37.6886182462435));
#7297=CARTESIAN_POINT('Ctrl Pts',(33.0957740070945,88.3870890231698,-37.661149739184));
#7298=CARTESIAN_POINT('Ctrl Pts',(33.1721951579301,88.4130122267252,-37.6304946101372));
#7299=CARTESIAN_POINT('Ctrl Pts',(33.2480931239091,88.436133409473,-37.5967807334677));
#7300=CARTESIAN_POINT('Ctrl Pts',(33.2979032256178,88.4513073136672,-37.5746550861695));
#7301=CARTESIAN_POINT('Ctrl Pts',(33.3474877536472,88.4652737303704,-37.5512113275835));
#7302=CARTESIAN_POINT('Ctrl Pts',(33.3967408126833,88.4779772073743,-37.5264775087879));
#7303=CARTESIAN_POINT('Ctrl Pts',(33.4673534157247,88.4961897934853,-37.4910173899141));
#7304=CARTESIAN_POINT('Ctrl Pts',(33.5372729785391,88.5118048769125,-37.4529131659764));
#7305=CARTESIAN_POINT('Ctrl Pts',(33.606167421143,88.5246357401134,-37.4122294937256));
#7306=CARTESIAN_POINT('Ctrl Pts',(33.6309836265963,88.5292574966049,-37.3975749826938));
#7307=CARTESIAN_POINT('Ctrl Pts',(33.655666508645,88.5335177659537,-37.3825855259524));
#7308=CARTESIAN_POINT('Ctrl Pts',(33.6801993603838,88.5374070174138,-37.3672632442435));
#7309=CARTESIAN_POINT('Ctrl Pts',(17.8200862731992,100.629879699844,-39.3525907683414));
#7310=CARTESIAN_POINT('Ctrl Pts',(17.6637795269974,100.830197459941,-39.5093856773765));
#7311=CARTESIAN_POINT('Ctrl Pts',(17.3928693338005,101.071300318146,-39.7931661797004));
#7312=CARTESIAN_POINT('Ctrl Pts',(16.6592449741798,101.270068776329,-40.5847730957133));
#7313=CARTESIAN_POINT('Ctrl Pts',(16.1203578599446,100.990464121217,-41.1644697769416));
#7314=CARTESIAN_POINT('Ctrl Pts',(15.7330497604164,100.678125440684,-41.5660001964558));
#7315=CARTESIAN_POINT('Ctrl Pts',(17.9385764428835,100.819463665907,-39.2175360219773));
#7316=CARTESIAN_POINT('Ctrl Pts',(17.7610308781553,101.030536946665,-39.3976306268012));
#7317=CARTESIAN_POINT('Ctrl Pts',(17.4560718636141,101.28876680042,-39.7199041716738));
#7318=CARTESIAN_POINT('Ctrl Pts',(16.6411279564894,101.5255967916,-40.6060296914614));
#7319=CARTESIAN_POINT('Ctrl Pts',(16.0510261666064,101.264609875513,-41.2444009012785));
#7320=CARTESIAN_POINT('Ctrl Pts',(15.6274970367754,100.962068935103,-41.6847569136331));
#7321=CARTESIAN_POINT('Ctrl Pts',(18.0192882047783,101.007291572858,-39.0470682650093));
#7322=CARTESIAN_POINT('Ctrl Pts',(17.8244922512041,101.229690309055,-39.2543715251186));
#7323=CARTESIAN_POINT('Ctrl Pts',(17.4892764831427,101.505601728698,-39.6188341837224));
#7324=CARTESIAN_POINT('Ctrl Pts',(16.5902558165207,101.781261619571,-40.5969955630745));
#7325=CARTESIAN_POINT('Ctrl Pts',(15.9353457228421,101.539430983829,-41.2811493107248));
#7326=CARTESIAN_POINT('Ctrl Pts',(15.4632524157833,101.247152585434,-41.747787791608));
#7327=CARTESIAN_POINT('Ctrl Pts',(18.0561663735908,101.179272131484,-38.8539763875648));
#7328=CARTESIAN_POINT('Ctrl Pts',(17.8500344680968,101.414182084095,-39.089022396694));
#7329=CARTESIAN_POINT('Ctrl Pts',(17.4905751819955,101.708814957962,-39.4959109257159));
#7330=CARTESIAN_POINT('Ctrl Pts',(16.509518251509,102.020635280085,-40.5586985711048));
#7331=CARTESIAN_POINT('Ctrl Pts',(15.782733061007,101.790053190238,-41.271982177317));
#7332=CARTESIAN_POINT('Ctrl Pts',(15.2592030391123,101.500593489812,-41.7478446592391));
#7333=CARTESIAN_POINT('Ctrl Pts',(15.2592030391123,101.500593489812,-41.7478446592391));
#7334=CARTESIAN_POINT('Ctrl Pts',(15.782733061007,101.790053190238,-41.271982177317));
#7335=CARTESIAN_POINT('Ctrl Pts',(16.509518251509,102.020635280085,-40.5586985711048));
#7336=CARTESIAN_POINT('Ctrl Pts',(17.4905751819955,101.708814957962,-39.4959109257159));
#7337=CARTESIAN_POINT('Ctrl Pts',(17.8500344680968,101.414182084095,-39.089022396694));
#7338=CARTESIAN_POINT('Ctrl Pts',(18.0561663735908,101.179272131484,-38.8539763875648));
#7339=CARTESIAN_POINT('Ctrl Pts',(9.26183057286505,102.892139363105,-44.3877468217677));
#7340=CARTESIAN_POINT('Ctrl Pts',(6.57605359066317,98.6513917296102,-48.3390545294333));
#7341=CARTESIAN_POINT('Ctrl Pts',(3.89027660846128,94.4106440961155,-52.290362237099));
#7342=CARTESIAN_POINT('Ctrl Pts',(1.2044996262594,90.1698964626208,-56.2416699447646));
#7343=CARTESIAN_POINT('Ctrl Pts',(12.5169620430773,100.439221860109,-47.865629169162));
#7344=CARTESIAN_POINT('Ctrl Pts',(9.25640353069736,96.6316031766046,-51.2052627791884));
#7345=CARTESIAN_POINT('Ctrl Pts',(5.9994944576191,92.8212344433335,-54.5415918216486));
#7346=CARTESIAN_POINT('Ctrl Pts',(2.73893594523912,89.0136157598288,-57.881225431675));
#7347=CARTESIAN_POINT('Ctrl Pts',(14.9586056862522,98.5993114038872,-52.5232106887874));
#7348=CARTESIAN_POINT('Ctrl Pts',(11.2891147082287,95.0998454360867,-55.0112261395654));
#7349=CARTESIAN_POINT('Ctrl Pts',(7.6235034517818,91.5974558883788,-57.4963768782082));
#7350=CARTESIAN_POINT('Ctrl Pts',(3.95401247375828,88.0979899205783,-59.9843923289863));
#7351=CARTESIAN_POINT('Ctrl Pts',(16.2121915878063,97.6546666706194,-57.6456810027996));
#7352=CARTESIAN_POINT('Ctrl Pts',(12.3782969751195,94.279087727571,-59.1935109027736));
#7353=CARTESIAN_POINT('Ctrl Pts',(8.54440236243273,90.9035087845226,-60.7413408027476));
#7354=CARTESIAN_POINT('Ctrl Pts',(4.71050774974594,87.5279298414742,-62.2891707027215));
#7355=CARTESIAN_POINT('Ctrl Pts',(5.92571599479626,104.58809516822,-39.8654303011175));
#7356=CARTESIAN_POINT('Ctrl Pts',(5.9179297859674,104.566021008663,-39.8660427076882));
#7357=CARTESIAN_POINT('Ctrl Pts',(5.9101757722097,104.543927446039,-39.8666457996496));
#7358=CARTESIAN_POINT('Ctrl Pts',(5.90245565628216,104.521812579941,-39.8672417048906));
#7359=CARTESIAN_POINT('Ctrl Pts',(6.29033590243408,104.330508886643,-40.2324908831378));
#7360=CARTESIAN_POINT('Ctrl Pts',(6.28252910746685,104.308831173231,-40.2337704487337));
#7361=CARTESIAN_POINT('Ctrl Pts',(6.27477090284346,104.28715760342,-40.2350493806619));
#7362=CARTESIAN_POINT('Ctrl Pts',(6.2670610518197,104.265480475418,-40.2363278410624));
#7363=CARTESIAN_POINT('Ctrl Pts',(6.5938631968487,104.096644543309,-40.6766667591854));
#7364=CARTESIAN_POINT('Ctrl Pts',(6.58586037769403,104.075329478128,-40.6785937917877));
#7365=CARTESIAN_POINT('Ctrl Pts',(6.5779224073117,104.054042586546,-40.6805304348484));
#7366=CARTESIAN_POINT('Ctrl Pts',(6.57004439650682,104.032770065365,-40.6824748110641));
#7367=CARTESIAN_POINT('Ctrl Pts',(6.81837139939375,103.900314287022,-41.1717246727996));
#7368=CARTESIAN_POINT('Ctrl Pts',(6.80999443467136,103.879317629123,-41.1742203167976));
#7369=CARTESIAN_POINT('Ctrl Pts',(6.80169708748646,103.858372552598,-41.176736232072));
#7370=CARTESIAN_POINT('Ctrl Pts',(6.7934673489377,103.837459132811,-41.1792681706518));
#7371=CARTESIAN_POINT('',(5.90245565628216,104.521812579941,-39.8672417048906));
#7372=CARTESIAN_POINT('Origin',(2.86994087504288,105.682888599112,-43.6693143737478));
#7373=CARTESIAN_POINT('',(5.92571599479624,104.58809516822,-39.8654303011175));
#7374=CARTESIAN_POINT('Ctrl Pts',(5.90245565628216,104.521812579941,-39.8672417048906));
#7375=CARTESIAN_POINT('Ctrl Pts',(5.9101757722097,104.543927446039,-39.8666457996496));
#7376=CARTESIAN_POINT('Ctrl Pts',(5.9179297859674,104.566021008663,-39.8660427076882));
#7377=CARTESIAN_POINT('Ctrl Pts',(5.92571599479626,104.58809516822,-39.8654303011175));
#7378=CARTESIAN_POINT('Origin',(2.91167422693413,105.757058201484,-43.6797556213341));
#7379=CARTESIAN_POINT('Ctrl Pts',(5.90245565628215,104.521812579941,-39.8672417048906));
#7380=CARTESIAN_POINT('Ctrl Pts',(5.69314327797739,104.039009009706,-39.8477335996556));
#7381=CARTESIAN_POINT('Ctrl Pts',(5.30722947460905,103.045452220303,-39.8255922372628));
#7382=CARTESIAN_POINT('Ctrl Pts',(4.33030344436172,99.9371983910695,-39.8656483678104));
#7383=CARTESIAN_POINT('Ctrl Pts',(2.79895199510965,92.89359945375,-40.2492965429301));
#7384=CARTESIAN_POINT('Ctrl Pts',(1.82438508691724,86.2642355863141,-40.5888357265043));
#7385=CARTESIAN_POINT('Ctrl Pts',(1.30072316127543,81.8346010429033,-40.7138859388902));
#7386=CARTESIAN_POINT('Ctrl Pts',(6.41719002030257,104.159933835373,-40.388301787644));
#7387=CARTESIAN_POINT('Ctrl Pts',(6.22073425819486,103.692614442519,-40.3891328358327));
#7388=CARTESIAN_POINT('Ctrl Pts',(5.86595235224587,102.73880041783,-40.4113940715823));
#7389=CARTESIAN_POINT('Ctrl Pts',(4.93926612713955,99.7203385795579,-40.5651048621504));
#7390=CARTESIAN_POINT('Ctrl Pts',(3.35851990027561,92.7656247362992,-41.0860877250676));
#7391=CARTESIAN_POINT('Ctrl Pts',(2.2575893022118,86.1559487400661,-41.4467987690359));
#7392=CARTESIAN_POINT('Ctrl Pts',(1.65177469774748,81.7338234502977,-41.5676649079253));
#7393=CARTESIAN_POINT('Ctrl Pts',(7.09997752893464,103.610397719389,-41.5714533993178));
#7394=CARTESIAN_POINT('Ctrl Pts',(6.91295129749771,103.172090544286,-41.6138938882664));
#7395=CARTESIAN_POINT('Ctrl Pts',(6.58319368507387,102.292634236201,-41.7291173106907));
#7396=CARTESIAN_POINT('Ctrl Pts',(5.6585147004065,99.4427555842211,-42.1177008526411));
#7397=CARTESIAN_POINT('Ctrl Pts',(3.88412441030589,92.6384532265581,-42.8617110770068));
#7398=CARTESIAN_POINT('Ctrl Pts',(2.57091652683977,86.0375246426625,-43.1765424643428));
#7399=CARTESIAN_POINT('Ctrl Pts',(1.84014982644518,81.6131078633726,-43.2405710257613));
#7400=CARTESIAN_POINT('Ctrl Pts',(7.26501981720567,103.318038531286,-42.9865376124734));
#7401=CARTESIAN_POINT('Ctrl Pts',(7.05889199116049,102.909738510139,-43.0642396266385));
#7402=CARTESIAN_POINT('Ctrl Pts',(6.68735000814065,102.105074045214,-43.2583063570437));
#7403=CARTESIAN_POINT('Ctrl Pts',(5.58651238660714,99.4185062908334,-43.823743810472));
#7404=CARTESIAN_POINT('Ctrl Pts',(3.46785323013734,92.7168004830686,-44.6366110762693));
#7405=CARTESIAN_POINT('Ctrl Pts',(2.02970200742482,86.0747470598692,-44.8203770506885));
#7406=CARTESIAN_POINT('Ctrl Pts',(1.23995881665732,81.6203388080428,-44.7899449887683));
#7407=CARTESIAN_POINT('Ctrl Pts',(7.23644669328552,103.248131588382,-43.5945799241582));
#7408=CARTESIAN_POINT('Ctrl Pts',(7.01726098522205,102.852304515114,-43.6837900833139));
#7409=CARTESIAN_POINT('Ctrl Pts',(6.61646042725334,102.07810890814,-43.9031691002244));
#7410=CARTESIAN_POINT('Ctrl Pts',(5.41303970082787,99.4557174663564,-44.5171592481076));
#7411=CARTESIAN_POINT('Ctrl Pts',(3.13532293986546,92.7842926692385,-45.3188300943661));
#7412=CARTESIAN_POINT('Ctrl Pts',(1.66354171144274,86.1177369427154,-45.4436679954058));
#7413=CARTESIAN_POINT('Ctrl Pts',(0.861203472282747,81.6465078319819,-45.3738295895391));
#7414=CARTESIAN_POINT('',(2.43255808926573,90.0132917689816,-40.3902346813335));
#7415=CARTESIAN_POINT('Ctrl Pts',(2.34975275521511,89.0337486107499,-40.5600686948914));
#7416=CARTESIAN_POINT('Ctrl Pts',(2.38017172645263,89.3893035105913,-40.4976792844488));
#7417=CARTESIAN_POINT('Ctrl Pts',(2.40790161789555,89.718133656821,-40.4408051855435));
#7418=CARTESIAN_POINT('Ctrl Pts',(2.43255808927925,90.0132917690579,-40.3902346813272));
#7419=CARTESIAN_POINT('Ctrl Pts',(2.43057239132229,90.0137422663406,-40.3888748095956));
#7420=CARTESIAN_POINT('Ctrl Pts',(2.70067551490629,91.697955205093,-40.3069569388317));
#7421=CARTESIAN_POINT('Ctrl Pts',(3.38056081125852,95.5687653938499,-40.1035865812763));
#7422=CARTESIAN_POINT('Ctrl Pts',(4.33030344436172,99.9371983910695,-39.8656483678104));
#7423=CARTESIAN_POINT('Ctrl Pts',(5.30722947460905,103.045452220303,-39.8255922372628));
#7424=CARTESIAN_POINT('Ctrl Pts',(5.69314327797739,104.039009009706,-39.8477335996556));
#7425=CARTESIAN_POINT('Ctrl Pts',(5.90245565628215,104.521812579941,-39.8672417048906));
#7426=CARTESIAN_POINT('Ctrl Pts',(6.80190328953352,103.914660364336,-41.1358043540766));
#7427=CARTESIAN_POINT('Ctrl Pts',(6.9121360085797,104.299308005345,-41.0258008889242));
#7428=CARTESIAN_POINT('Ctrl Pts',(7.04422919352352,104.670115797182,-40.9312062929477));
#7429=CARTESIAN_POINT('Ctrl Pts',(7.19678899547629,105.008002802062,-40.854448873864));
#7430=CARTESIAN_POINT('Ctrl Pts',(6.57914153941387,104.107984382143,-40.6551449946127));
#7431=CARTESIAN_POINT('Ctrl Pts',(6.69690285531834,104.516597243471,-40.5797273589415));
#7432=CARTESIAN_POINT('Ctrl Pts',(6.84122257290965,104.908419066154,-40.5204117013826));
#7433=CARTESIAN_POINT('Ctrl Pts',(7.01085697996529,105.262576841164,-40.4782785428393));
#7434=CARTESIAN_POINT('Ctrl Pts',(6.28149536050806,104.336754300769,-40.2235911648373));
#7435=CARTESIAN_POINT('Ctrl Pts',(6.41671754306741,104.768628105848,-40.1819608560566));
#7436=CARTESIAN_POINT('Ctrl Pts',(6.58238876648424,105.18017824191,-40.156601866503));
#7437=CARTESIAN_POINT('Ctrl Pts',(6.77733960127461,105.548836782656,-40.1471519469097));
#7438=CARTESIAN_POINT('Ctrl Pts',(5.92571599479624,104.58809516822,-39.8654303011175));
#7439=CARTESIAN_POINT('Ctrl Pts',(6.08592937723018,105.04230540644,-39.8528290814132));
#7440=CARTESIAN_POINT('Ctrl Pts',(6.27979641435128,105.472549261893,-39.856752342521));
#7441=CARTESIAN_POINT('Ctrl Pts',(6.5062319125109,105.854530076712,-39.8752420265642));
#7442=CARTESIAN_POINT('',(6.24241574567611,105.358459999402,-39.859893065043));
#7443=CARTESIAN_POINT('Ctrl Pts',(5.92571599479624,104.58809516822,-39.8654303011175));
#7444=CARTESIAN_POINT('Ctrl Pts',(6.01977884787727,104.854766467811,-39.8580320010524));
#7445=CARTESIAN_POINT('Ctrl Pts',(6.12544204715711,105.113176604096,-39.8563296558534));
#7446=CARTESIAN_POINT('Ctrl Pts',(6.24248597595794,105.35840852721,-39.8599270024513));
#7447=CARTESIAN_POINT('Ctrl Pts',(6.24249275992165,105.358422741016,-39.859927210962));
#7448=CARTESIAN_POINT('Ctrl Pts',(6.31006046623574,105.499990629822,-39.8620040156654));
#7449=CARTESIAN_POINT('Ctrl Pts',(6.38142086167788,105.637166775141,-39.8658469691802));
#7450=CARTESIAN_POINT('Ctrl Pts',(6.45653169580399,105.769005221764,-39.8713798373571));
#7451=CARTESIAN_POINT('Ctrl Pts',(17.1737771060096,120.861087319658,-29.4857200439182));
#7452=CARTESIAN_POINT('Ctrl Pts',(17.2214841416678,117.90077979489,-30.7439002795789));
#7453=CARTESIAN_POINT('Ctrl Pts',(17.3957566848509,111.073041178322,-33.7897204560528));
#7454=CARTESIAN_POINT('Ctrl Pts',(17.7512119417356,104.473843224476,-37.0971982702024));
#7455=CARTESIAN_POINT('Ctrl Pts',(18.0867389709985,100.843649589361,-39.032583879665));
#7456=CARTESIAN_POINT('Ctrl Pts',(16.6810476002324,121.367888065845,-30.9725998250434));
#7457=CARTESIAN_POINT('Ctrl Pts',(16.6985637115198,118.398020967398,-32.1802411544613));
#7458=CARTESIAN_POINT('Ctrl Pts',(16.808786169118,111.532939606957,-35.0888358403426));
#7459=CARTESIAN_POINT('Ctrl Pts',(17.1233535112549,104.849865788275,-38.2081950336381));
#7460=CARTESIAN_POINT('Ctrl Pts',(17.4646164253115,101.144469822234,-40.0142541300397));
#7461=CARTESIAN_POINT('Ctrl Pts',(14.6960988174436,122.243108610692,-33.6580188769169));
#7462=CARTESIAN_POINT('Ctrl Pts',(14.7130104548411,119.241949874605,-34.7575325699159));
#7463=CARTESIAN_POINT('Ctrl Pts',(14.8519914668067,112.278177500911,-37.3860164955745));
#7464=CARTESIAN_POINT('Ctrl Pts',(15.2825128155268,105.420537913295,-40.1561621609014));
#7465=CARTESIAN_POINT('Ctrl Pts',(15.7574635175858,101.574539884414,-41.735825520895));
#7466=CARTESIAN_POINT('Ctrl Pts',(9.81625979854766,122.66080757405,-35.3476120721087));
#7467=CARTESIAN_POINT('Ctrl Pts',(9.95628843716674,119.616465115751,-36.3932786149503));
#7468=CARTESIAN_POINT('Ctrl Pts',(10.4544035793331,112.542350323541,-38.9065344014644));
#7469=CARTESIAN_POINT('Ctrl Pts',(11.4257016580145,105.536738595226,-41.5703962917709));
#7470=CARTESIAN_POINT('Ctrl Pts',(12.3169899878425,101.577348676831,-43.0811663676558));
#7471=CARTESIAN_POINT('Ctrl Pts',(5.66789699456798,122.132690939996,-34.2818318109267));
#7472=CARTESIAN_POINT('Ctrl Pts',(5.90662193677528,119.074688521892,-35.4136322980303));
#7473=CARTESIAN_POINT('Ctrl Pts',(6.6763401399283,111.986440827903,-38.1828854774152));
#7474=CARTESIAN_POINT('Ctrl Pts',(8.05848711628613,104.996990056922,-41.2091360409011));
#7475=CARTESIAN_POINT('Ctrl Pts',(9.28867386323517,101.043428134342,-42.9464723427552));
#7476=CARTESIAN_POINT('Ctrl Pts',(3.82685816798421,121.51007867355,-32.7089743992004));
#7477=CARTESIAN_POINT('Ctrl Pts',(4.07405922614192,118.452194714921,-33.9291260291773));
#7478=CARTESIAN_POINT('Ctrl Pts',(4.86787564091505,111.380577788064,-36.9491618306336));
#7479=CARTESIAN_POINT('Ctrl Pts',(6.32727909193789,104.445411058898,-40.3354859045315));
#7480=CARTESIAN_POINT('Ctrl Pts',(7.66974397616149,100.529987730515,-42.313845994319));
#7481=CARTESIAN_POINT('Ctrl Pts',(3.31171701831522,121.279673119044,-32.1096805749373));
#7482=CARTESIAN_POINT('Ctrl Pts',(3.55535315874707,118.222088343468,-33.3601185774521));
#7483=CARTESIAN_POINT('Ctrl Pts',(4.33832693089322,111.157017208936,-36.4670288295061));
#7484=CARTESIAN_POINT('Ctrl Pts',(5.79872521535923,104.242530643504,-39.9818691743828));
#7485=CARTESIAN_POINT('Ctrl Pts',(7.16533214203428,100.342130483913,-42.0481774128152));
#7486=CARTESIAN_POINT('',(4.42092739695468,111.73935598743,-36.3120826662769));
#7487=CARTESIAN_POINT('Ctrl Pts',(5.89541762842758,104.521833878997,-39.8693812514228));
#7488=CARTESIAN_POINT('Ctrl Pts',(5.27218541017999,106.909335706101,-38.6468106518526));
#7489=CARTESIAN_POINT('Ctrl Pts',(4.80403651130982,109.315297662063,-37.4553737243026));
#7490=CARTESIAN_POINT('Ctrl Pts',(4.42159885050578,111.739370637202,-36.3118891551999));
#7491=CARTESIAN_POINT('',(5.34730958480795,120.03691372138,-34.4120697403496));
#7492=CARTESIAN_POINT('Ctrl Pts',(4.42092739695468,111.73935598743,-36.3120826662769));
#7493=CARTESIAN_POINT('Ctrl Pts',(4.69026627869195,114.465720626661,-35.7596677305564));
#7494=CARTESIAN_POINT('Ctrl Pts',(5.01568751318324,117.310595502608,-35.09222770417));
#7495=CARTESIAN_POINT('Ctrl Pts',(5.34730958480795,120.03691372138,-34.4120697403496));
#7496=CARTESIAN_POINT('',(17.1446715281641,120.890391343952,-29.5717576160062));
#7497=CARTESIAN_POINT('Ctrl Pts',(5.34730958480796,120.03691372138,-34.4120697403496));
#7498=CARTESIAN_POINT('Ctrl Pts',(5.37760279683791,120.033139416432,-34.4334748873817));
#7499=CARTESIAN_POINT('Ctrl Pts',(5.40805095606842,120.029400296536,-34.4546804901131));
#7500=CARTESIAN_POINT('Ctrl Pts',(6.19067881485782,119.934687326316,-34.9918244362006));
#7501=CARTESIAN_POINT('Ctrl Pts',(7.02434993593219,119.866594225766,-35.377999599354));
#7502=CARTESIAN_POINT('Ctrl Pts',(8.79415488727741,119.788162511807,-35.8228079528074));
#7503=CARTESIAN_POINT('Ctrl Pts',(9.70566942916372,119.77864494612,-35.8767847500582));
#7504=CARTESIAN_POINT('Ctrl Pts',(11.5449490567191,119.822816202622,-35.6262771061106));
#7505=CARTESIAN_POINT('Ctrl Pts',(12.4393600980652,119.878184663061,-35.3122669630903));
#7506=CARTESIAN_POINT('Ctrl Pts',(14.1709558331755,120.055715604877,-34.305438960351));
#7507=CARTESIAN_POINT('Ctrl Pts',(14.9598852459505,120.182350715677,-33.5872555586923));
#7508=CARTESIAN_POINT('Ctrl Pts',(16.3165100026744,120.497365008497,-31.8007207269039));
#7509=CARTESIAN_POINT('Ctrl Pts',(16.8335797791374,120.688811965612,-30.7149710795938));
#7510=CARTESIAN_POINT('Ctrl Pts',(17.1446715281641,120.890391343952,-29.5717576160062));
#7511=CARTESIAN_POINT('',(17.1770135831077,120.720092608658,-29.5423905320714));
#7512=CARTESIAN_POINT('Ctrl Pts',(17.1760039042886,120.724099711267,-29.5439866337182));
#7513=CARTESIAN_POINT('Ctrl Pts',(17.1697756499505,120.75155996045,-29.55251789554));
#7514=CARTESIAN_POINT('Ctrl Pts',(17.1584003446448,120.806185487898,-29.5655222217173));
#7515=CARTESIAN_POINT('Ctrl Pts',(17.1487892220014,120.86296076423,-29.5709620036927));
#7516=CARTESIAN_POINT('Ctrl Pts',(17.14467995638,120.890342965031,-29.5717531979968));
#7517=CARTESIAN_POINT('Ctrl Pts',(17.176004423355,120.724099572128,-29.5439861856098));
#7518=CARTESIAN_POINT('Ctrl Pts',(17.2237965966877,117.810501565676,-30.7841888436063));
#7519=CARTESIAN_POINT('Ctrl Pts',(17.3950204769666,111.149477804497,-33.7579843021255));
#7520=CARTESIAN_POINT('Ctrl Pts',(17.7387634657188,104.706066588009,-36.9809257274689));
#7521=CARTESIAN_POINT('Ctrl Pts',(18.0561290800553,101.1792768325,-38.8539915579565));
#7522=CARTESIAN_POINT('Origin',(15.,40.856471930098,-46.8394224823229));
#7523=CARTESIAN_POINT('Origin',(15.,146.380993946486,-14.6143698284592));
#7524=CARTESIAN_POINT('Ctrl Pts',(23.268388419668,60.9750634021048,-56.3042994591353));
#7525=CARTESIAN_POINT('Ctrl Pts',(21.530445553294,55.0824440598257,-58.1285768979106));
#7526=CARTESIAN_POINT('Ctrl Pts',(19.7925026869201,49.1898247175467,-59.9528543366859));
#7527=CARTESIAN_POINT('Ctrl Pts',(18.0545598205461,43.2972053752676,-61.7771317754612));
#7528=CARTESIAN_POINT('Ctrl Pts',(23.0444779083282,61.1447229668725,-56.00107353503));
#7529=CARTESIAN_POINT('Ctrl Pts',(21.3981725646074,55.186116211533,-57.8934341829622));
#7530=CARTESIAN_POINT('Ctrl Pts',(19.7518672208866,49.2275094561935,-59.7857948308944));
#7531=CARTESIAN_POINT('Ctrl Pts',(18.1055618771658,43.268902700854,-61.6781554788267));
#7532=CARTESIAN_POINT('Ctrl Pts',(22.8205673969883,61.3143825316403,-55.6978476109247));
#7533=CARTESIAN_POINT('Ctrl Pts',(21.2658995759207,55.2897883632403,-57.6582914680138));
#7534=CARTESIAN_POINT('Ctrl Pts',(19.7112317548531,49.2651941948403,-59.618735325103));
#7535=CARTESIAN_POINT('Ctrl Pts',(18.1565639337854,43.2406000264403,-61.5791791821922));
#7536=CARTESIAN_POINT('Ctrl Pts',(22.5966568856484,61.4840420964081,-55.3946216868194));
#7537=CARTESIAN_POINT('Ctrl Pts',(21.133626587234,55.3934605149476,-57.4231487530655));
#7538=CARTESIAN_POINT('Ctrl Pts',(19.6705962888196,49.3028789334872,-59.4516758193116));
#7539=CARTESIAN_POINT('Ctrl Pts',(18.2075659904051,43.2122973520267,-61.4802028855576));
#7540=CARTESIAN_POINT('',(18.3818433519609,44.3691567614415,-61.4120911352125));
#7541=CARTESIAN_POINT('Ctrl Pts',(18.3818433519609,44.3691567614414,-61.4120911352125));
#7542=CARTESIAN_POINT('Ctrl Pts',(18.6904379023432,45.3698402940438,-61.0437448449988));
#7543=CARTESIAN_POINT('Ctrl Pts',(18.9579614772773,46.2948069056617,-60.6382059519912));
#7544=CARTESIAN_POINT('Ctrl Pts',(19.4461473008608,48.29934539281,-59.843315546069));
#7545=CARTESIAN_POINT('Ctrl Pts',(19.6071515194739,49.002241772881,-59.5785808486576));
#7546=CARTESIAN_POINT('Ctrl Pts',(19.9684886991904,50.53779262956,-59.0409126528476));
#7547=CARTESIAN_POINT('Ctrl Pts',(20.1583759647775,51.3226041789453,-58.7872918651884));
#7548=CARTESIAN_POINT('Ctrl Pts',(20.6918901496026,53.3684353255751,-58.1707644646259));
#7549=CARTESIAN_POINT('Ctrl Pts',(21.0420115618106,54.5756740213199,-57.8469203256072));
#7550=CARTESIAN_POINT('Ctrl Pts',(22.0981104613107,57.8508530181738,-57.0261048586544));
#7551=CARTESIAN_POINT('Ctrl Pts',(22.7840444306814,59.6507099173913,-56.6285120977378));
#7552=CARTESIAN_POINT('Ctrl Pts',(23.268388419668,60.9750634021048,-56.3042994591353));
#7553=CARTESIAN_POINT('Ctrl Pts',(18.0545598205461,43.2972053752676,-61.7771317754612));
#7554=CARTESIAN_POINT('Ctrl Pts',(18.1088159581558,43.479707174675,-61.7198512652738));
#7555=CARTESIAN_POINT('Ctrl Pts',(18.1636367260994,43.6600949958757,-61.6608900069952));
#7556=CARTESIAN_POINT('Ctrl Pts',(18.2188271714106,43.8400818195446,-61.5995730236766));
#7557=CARTESIAN_POINT('Ctrl Pts',(18.2492773491711,43.9393857976947,-61.5657426562776));
#7558=CARTESIAN_POINT('Ctrl Pts',(18.2798408964139,44.0385671068591,-61.5311958167242));
#7559=CARTESIAN_POINT('Ctrl Pts',(18.3104894880706,44.1379102599525,-61.4958224249637));
#7560=CARTESIAN_POINT('Ctrl Pts',(18.3343571142772,44.2152738553432,-61.4682753552107));
#7561=CARTESIAN_POINT('Ctrl Pts',(18.3581447870393,44.2923089962354,-61.4403782759898));
#7562=CARTESIAN_POINT('Ctrl Pts',(18.3818433519609,44.3691567614416,-61.4120911352124));
#7563=CARTESIAN_POINT('Ctrl Pts',(19.783542090139,65.7875208245616,-50.587772863254));
#7564=CARTESIAN_POINT('Ctrl Pts',(19.4752956238339,58.0677025223674,-53.8221274785549));
#7565=CARTESIAN_POINT('Ctrl Pts',(19.1670491575288,50.3478842201731,-57.0564820938559));
#7566=CARTESIAN_POINT('Ctrl Pts',(18.8588026912236,42.6280659179789,-60.2908367091568));
#7567=CARTESIAN_POINT('Ctrl Pts',(18.7737470149434,66.5484559932491,-49.6582666577372));
#7568=CARTESIAN_POINT('Ctrl Pts',(18.21670704506,58.6765846243469,-53.3288264173865));
#7569=CARTESIAN_POINT('Ctrl Pts',(17.6602192919571,50.8042164023471,-56.9975541395305));
#7570=CARTESIAN_POINT('Ctrl Pts',(17.1031793220736,42.9323450334449,-60.6681138991799));
#7571=CARTESIAN_POINT('Ctrl Pts',(16.5935134039859,68.1913798609564,-48.0737448984982));
#7572=CARTESIAN_POINT('Ctrl Pts',(15.5377171176144,59.9265126523366,-52.301888456565));
#7573=CARTESIAN_POINT('Ctrl Pts',(14.4844137292658,51.6607185165611,-56.5269942541008));
#7574=CARTESIAN_POINT('Ctrl Pts',(13.4286174428943,43.3958513079413,-60.7551378121676));
#7575=CARTESIAN_POINT('Ctrl Pts',(12.3924883454502,71.3570793083993,-46.3841824870383));
#7576=CARTESIAN_POINT('Ctrl Pts',(10.7001355746162,62.1022441330938,-50.4467174544258));
#7577=CARTESIAN_POINT('Ctrl Pts',(9.00735519154408,52.847475005664,-54.5094051081508));
#7578=CARTESIAN_POINT('Ctrl Pts',(7.31500242071003,43.5926398303586,-58.5719400755383));
#7579=CARTESIAN_POINT('Ctrl Pts',(9.22106459958564,73.7469185166877,-46.2203299915564));
#7580=CARTESIAN_POINT('Ctrl Pts',(7.49068045479964,63.5488439499295,-49.2096636675768));
#7581=CARTESIAN_POINT('Ctrl Pts',(5.76619238810374,53.3488775473403,-52.1929930477328));
#7582=CARTESIAN_POINT('Ctrl Pts',(4.03580824331774,43.1508029805821,-55.1823267237531));
#7583=CARTESIAN_POINT('Ctrl Pts',(7.35477999315131,75.1532648405108,-46.5035697483808));
#7584=CARTESIAN_POINT('Ctrl Pts',(5.8263530044903,64.3407102987698,-48.6027200042063));
#7585=CARTESIAN_POINT('Ctrl Pts',(4.29792601582928,53.5281557570289,-50.7018702600318));
#7586=CARTESIAN_POINT('Ctrl Pts',(2.76949902716827,42.715601215288,-52.8010205158573));
#7587=CARTESIAN_POINT('',(18.2476196246064,48.1628865467642,-58.0786849132486));
#7588=CARTESIAN_POINT('Ctrl Pts',(18.2476196246064,48.1628865467642,-58.0786849132486));
#7589=CARTESIAN_POINT('Ctrl Pts',(18.2721806810012,47.9125692629005,-58.1850942485732));
#7590=CARTESIAN_POINT('Ctrl Pts',(18.2975177828635,47.6616253157245,-58.2909343845727));
#7591=CARTESIAN_POINT('Ctrl Pts',(18.323493216155,47.4099495999877,-58.3962142294731));
#7592=CARTESIAN_POINT('Ctrl Pts',(19.783542090139,65.7875208245616,-50.587772863254));
#7593=CARTESIAN_POINT('Ctrl Pts',(19.3839048751644,59.5392548121751,-53.1174408213073));
#7594=CARTESIAN_POINT('Ctrl Pts',(18.8847935423459,54.2731696192202,-55.3489622507665));
#7595=CARTESIAN_POINT('Ctrl Pts',(18.2476196246064,48.1628865467642,-58.0786849132486));
#7596=CARTESIAN_POINT('',(7.13646793528459,73.6088593502154,-46.803400761259));
#7597=CARTESIAN_POINT('Ctrl Pts',(7.13646793528362,73.6088593502086,-46.8034007612604));
#7598=CARTESIAN_POINT('Ctrl Pts',(7.23986081485434,74.0848068560691,-46.7036462520984));
#7599=CARTESIAN_POINT('Ctrl Pts',(7.34334160458932,74.5605276041154,-46.6016745865745));
#7600=CARTESIAN_POINT('Ctrl Pts',(7.4468180266636,75.0355568916814,-46.4977027290384));
#7601=CARTESIAN_POINT('Ctrl Pts',(7.44983393640352,75.0494020307613,-46.4946723794038));
#7602=CARTESIAN_POINT('Ctrl Pts',(7.45284989015861,75.0632468022074,-46.4916402825332));
#7603=CARTESIAN_POINT('Ctrl Pts',(7.45586587859146,75.0770911621291,-46.488606450725));
#7604=CARTESIAN_POINT('',(5.11273574843638,59.2923661120644,-49.5828059728003));
#7605=CARTESIAN_POINT('',(7.35477999315131,75.1532648405108,-46.5035697483807));
#7606=CARTESIAN_POINT('',(7.35477999315131,75.1532648405108,-46.5035697483807));
#7607=CARTESIAN_POINT('Ctrl Pts',(7.35477999315131,75.1532648405108,-46.5035697483807));
#7608=CARTESIAN_POINT('Ctrl Pts',(5.8263530044903,64.3407102987698,-48.6027200042063));
#7609=CARTESIAN_POINT('Ctrl Pts',(4.29792601582929,53.5281557570289,-50.7018702600318));
#7610=CARTESIAN_POINT('Ctrl Pts',(2.76949902716827,42.7156012152879,-52.8010205158573));
#7611=CARTESIAN_POINT('Ctrl Pts',(6.98857232449767,75.4292221124034,-46.1978752949064));
#7612=CARTESIAN_POINT('Ctrl Pts',(5.54023185250911,64.5259942233106,-48.383773620336));
#7613=CARTESIAN_POINT('Ctrl Pts',(4.09189138052054,53.6227663342179,-50.5696719457655));
#7614=CARTESIAN_POINT('Ctrl Pts',(2.64355090853197,42.7195384451251,-52.7555702711951));
#7615=CARTESIAN_POINT('Ctrl Pts',(6.62236465584404,75.7051793842961,-45.8921808414321));
#7616=CARTESIAN_POINT('Ctrl Pts',(5.25411070052791,64.7112781478515,-48.1648272364657));
#7617=CARTESIAN_POINT('Ctrl Pts',(3.88585674521179,53.7173769114069,-50.4374736314993));
#7618=CARTESIAN_POINT('Ctrl Pts',(2.51760278989566,42.7234756749623,-52.7101200265329));
#7619=CARTESIAN_POINT('Ctrl Pts',(6.2561569871904,75.9811366561887,-45.5864863879578));
#7620=CARTESIAN_POINT('Ctrl Pts',(4.96798954854672,64.8965620723923,-47.9458808525954));
#7621=CARTESIAN_POINT('Ctrl Pts',(3.67982210990304,53.8119874885959,-50.305275317233));
#7622=CARTESIAN_POINT('Ctrl Pts',(2.39165467125936,42.7274129047994,-52.6646697818706));
#7623=CARTESIAN_POINT('',(4.24920161024888,58.7114511365152,-49.2624055775596));
#7624=CARTESIAN_POINT('Ctrl Pts',(2.76949902716827,42.7156012152879,-52.8010205158573));
#7625=CARTESIAN_POINT('Ctrl Pts',(2.82400869446166,43.2574774467035,-52.6880183061048));
#7626=CARTESIAN_POINT('Ctrl Pts',(2.87896732057626,43.8099465285701,-52.5716356039519));
#7627=CARTESIAN_POINT('Ctrl Pts',(2.93397153231003,44.3684371243011,-52.4529898181145));
#7628=CARTESIAN_POINT('Ctrl Pts',(3.03826981014085,45.4274397985216,-52.228015207177));
#7629=CARTESIAN_POINT('Ctrl Pts',(3.14273480441076,46.5080897960275,-51.994906667025));
#7630=CARTESIAN_POINT('Ctrl Pts',(3.24475996602122,47.5790581645215,-51.7614379608874));
#7631=CARTESIAN_POINT('Ctrl Pts',(3.30096789016058,48.16907838955,-51.6328148730495));
#7632=CARTESIAN_POINT('Ctrl Pts',(3.35643666050353,48.7561585385164,-51.5040839561284));
#7633=CARTESIAN_POINT('Ctrl Pts',(3.41071583786353,49.3350765127552,-51.3765292834526));
#7634=CARTESIAN_POINT('Ctrl Pts',(3.45496087976675,49.8069747852519,-51.272554571381));
#7635=CARTESIAN_POINT('Ctrl Pts',(3.49841536736242,50.2734498412419,-51.1693612763122));
#7636=CARTESIAN_POINT('Ctrl Pts',(3.5408212614,50.7316892248012,-51.0676296337356));
#7637=CARTESIAN_POINT('Ctrl Pts',(3.60310576570235,51.4047374768085,-50.9182092507076));
#7638=CARTESIAN_POINT('Ctrl Pts',(3.66586171450006,52.0888552969572,-50.7655704730893));
#7639=CARTESIAN_POINT('Ctrl Pts',(3.72846401446891,52.7783982411228,-50.6109656918465));
#7640=CARTESIAN_POINT('Ctrl Pts',(3.80273137869576,53.596427882364,-50.427552468922));
#7641=CARTESIAN_POINT('Ctrl Pts',(3.87678292823184,54.4220923197531,-50.2413727712557));
#7642=CARTESIAN_POINT('Ctrl Pts',(3.94961424992637,55.2459228971224,-50.0545601772366));
#7643=CARTESIAN_POINT('Ctrl Pts',(4.05286128690586,56.4138004545726,-49.7897311674897));
#7644=CARTESIAN_POINT('Ctrl Pts',(4.15365786335303,57.5779906149037,-49.5236321700423));
#7645=CARTESIAN_POINT('Ctrl Pts',(4.24920161024887,58.7114511365152,-49.2624055775596));
#7646=CARTESIAN_POINT('Ctrl Pts',(7.35477999315131,75.1532648405108,-46.5035697483807));
#7647=CARTESIAN_POINT('Ctrl Pts',(7.30370961527379,74.8008623506392,-46.5712037770165));
#7648=CARTESIAN_POINT('Ctrl Pts',(7.25273637460931,74.4440553107598,-46.6401445241577));
#7649=CARTESIAN_POINT('Ctrl Pts',(7.20298659504722,74.0886746296496,-46.7094402170564));
#7650=CARTESIAN_POINT('Ctrl Pts',(7.18053093367271,73.9282657131822,-46.7407183579475));
#7651=CARTESIAN_POINT('Ctrl Pts',(7.15832413019797,73.7681478581931,-46.7720683744638));
#7652=CARTESIAN_POINT('Ctrl Pts',(7.13646793528463,73.6088593502158,-46.803400761259));
#7653=CARTESIAN_POINT('Ctrl Pts',(4.24920161024887,58.7114511365152,-49.2624055775596));
#7654=CARTESIAN_POINT('Ctrl Pts',(5.16610017780534,63.9748566186755,-48.3105070910133));
#7655=CARTESIAN_POINT('Ctrl Pts',(6.24141879799525,69.8342839205699,-47.311284334884));
#7656=CARTESIAN_POINT('Ctrl Pts',(7.35477999315131,75.1532648405108,-46.5035697483807));
#7657=CARTESIAN_POINT('Origin',(15.,40.856471930098,-46.8394224823229));
#7658=CARTESIAN_POINT('',(0.,45.6374146925729,-45.3794193540269));
#7659=CARTESIAN_POINT('',(0.,40.856471930098,-46.8394224823229));
#7660=CARTESIAN_POINT('Origin',(15.,146.380993946486,-14.6143698284592));
#7661=CARTESIAN_POINT('Origin',(0.,1.77635683940025E-14,-75.));
#7662=CARTESIAN_POINT('',(18.,21.5536745012285,-68.4179441667742));
#7663=CARTESIAN_POINT('Ctrl Pts',(1.21964858364317,60.9943830897151,-42.8779160820556));
#7664=CARTESIAN_POINT('Ctrl Pts',(1.75743570293372,66.8498097186617,-41.7749129247765));
#7665=CARTESIAN_POINT('Ctrl Pts',(2.29522282222426,72.7052363476084,-40.6719097674974));
#7666=CARTESIAN_POINT('Ctrl Pts',(2.83300994151481,78.560662976555,-39.5689066102183));
#7667=CARTESIAN_POINT('Ctrl Pts',(2.31653245137847,60.1678218086908,-45.1894925653991));
#7668=CARTESIAN_POINT('Ctrl Pts',(2.99111050938353,65.9201690717517,-44.0864820401347));
#7669=CARTESIAN_POINT('Ctrl Pts',(3.66568856738859,71.6725163348127,-42.9834715148702));
#7670=CARTESIAN_POINT('Ctrl Pts',(4.34026662539364,77.4248635978736,-41.8804609896058));
#7671=CARTESIAN_POINT('Ctrl Pts',(3.41341631911377,59.3412605276664,-47.5010690487426));
#7672=CARTESIAN_POINT('Ctrl Pts',(4.22478531583334,64.9905284248417,-46.3980511554928));
#7673=CARTESIAN_POINT('Ctrl Pts',(5.03615431255291,70.6397963220169,-45.295033262243));
#7674=CARTESIAN_POINT('Ctrl Pts',(5.84752330927248,76.2890642191922,-44.1920153689933));
#7675=CARTESIAN_POINT('Ctrl Pts',(4.51030018684907,58.5146992466421,-49.8126455320861));
#7676=CARTESIAN_POINT('Ctrl Pts',(5.45846012228315,64.0608877779316,-48.709620270851));
#7677=CARTESIAN_POINT('Ctrl Pts',(6.40662005771723,69.6070763092212,-47.6065950096158));
#7678=CARTESIAN_POINT('Ctrl Pts',(7.35477999315132,75.1532648405108,-46.5035697483807));
#7679=CARTESIAN_POINT('',(1.21964858364317,60.9943830897151,-42.8779160820556));
#7680=CARTESIAN_POINT('',(1.21964858364317,60.9943830897151,-42.8779160820556));
#7681=CARTESIAN_POINT('',(1.21964858364317,60.9943830897151,-42.8779160820556));
#7682=CARTESIAN_POINT('Ctrl Pts',(7.09597015427573,73.6393766171073,-46.8046516433938));
#7683=CARTESIAN_POINT('Ctrl Pts',(7.18224010056759,74.1440060249084,-46.7042910117228));
#7684=CARTESIAN_POINT('Ctrl Pts',(7.26851004685946,74.6486354327096,-46.6039303800518));
#7685=CARTESIAN_POINT('Ctrl Pts',(7.35477999315132,75.1532648405108,-46.5035697483808));
#7686=CARTESIAN_POINT('Ctrl Pts',(7.12895523023165,73.6145205795277,-46.8035906135111));
#7687=CARTESIAN_POINT('Ctrl Pts',(7.21545800946761,74.1189745351209,-46.7018796440634));
#7688=CARTESIAN_POINT('Ctrl Pts',(7.30196078869777,74.6234284907184,-46.6001686746291));
#7689=CARTESIAN_POINT('Ctrl Pts',(7.38846356793373,75.1278824463116,-46.4984577051814));
#7690=CARTESIAN_POINT('Ctrl Pts',(7.16196018205776,73.5896495644057,-46.8026321056877));
#7691=CARTESIAN_POINT('Ctrl Pts',(7.24869314029136,74.093930067683,-46.6995776509158));
#7692=CARTESIAN_POINT('Ctrl Pts',(7.33542609851916,74.5982105709646,-46.5965231961574));
#7693=CARTESIAN_POINT('Ctrl Pts',(7.42215905675275,75.1024910742418,-46.4934687413855));
#7694=CARTESIAN_POINT('Ctrl Pts',(7.19498444068315,73.5647640005669,-46.8017761257962));
#7695=CARTESIAN_POINT('Ctrl Pts',(7.28194492236153,74.0688730526308,-46.6973850645185));
#7696=CARTESIAN_POINT('Ctrl Pts',(7.36890540403992,74.5729821046948,-46.5929940032409));
#7697=CARTESIAN_POINT('Ctrl Pts',(7.4558658857183,75.0770911567587,-46.4886029419633));
#7698=CARTESIAN_POINT('Ctrl Pts',(36.4397889129887,82.6031071467936,-41.3156096143808));
#7699=CARTESIAN_POINT('Ctrl Pts',(36.3238763293905,82.4218860926379,-41.447748427147));
#7700=CARTESIAN_POINT('Ctrl Pts',(36.2079637457923,82.2406650384821,-41.5798872399133));
#7701=CARTESIAN_POINT('Ctrl Pts',(36.092051162194,82.0594439843264,-41.7120260526795));
#7702=CARTESIAN_POINT('Ctrl Pts',(36.4480284965704,82.5968981752145,-41.3030531517412));
#7703=CARTESIAN_POINT('Ctrl Pts',(36.3321346309432,82.4156630160559,-41.435263924314));
#7704=CARTESIAN_POINT('Ctrl Pts',(36.2162407653159,82.2344278568973,-41.5674746968868));
#7705=CARTESIAN_POINT('Ctrl Pts',(36.1003468996886,82.0531926977388,-41.6996854694596));
#7706=CARTESIAN_POINT('Ctrl Pts',(36.4562680801522,82.5906892036353,-41.2904966891017));
#7707=CARTESIAN_POINT('Ctrl Pts',(36.3403929324958,82.4094399394739,-41.422779421481));
#7708=CARTESIAN_POINT('Ctrl Pts',(36.2245177848395,82.2281906753125,-41.5550621538603));
#7709=CARTESIAN_POINT('Ctrl Pts',(36.1086426371832,82.0469414111511,-41.6873448862397));
#7710=CARTESIAN_POINT('Ctrl Pts',(36.4645076637339,82.5844802320562,-41.2779402264621));
#7711=CARTESIAN_POINT('Ctrl Pts',(36.3486512340485,82.4032168628919,-41.410294918648));
#7712=CARTESIAN_POINT('Ctrl Pts',(36.2327948043632,82.2219534937277,-41.5426496108339));
#7713=CARTESIAN_POINT('Ctrl Pts',(36.1169383746778,82.0406901245635,-41.6750043030198));
#7714=CARTESIAN_POINT('',(36.4645076637339,82.5844802320562,-41.2779402264621));
#7715=CARTESIAN_POINT('Ctrl Pts',(35.7888654527162,83.093613156589,-37.7565896725156));
#7716=CARTESIAN_POINT('Ctrl Pts',(35.4476515468384,82.7246684482365,-38.0301347946206));
#7717=CARTESIAN_POINT('Ctrl Pts',(35.1064376409605,82.355723739884,-38.3036799167255));
#7718=CARTESIAN_POINT('Ctrl Pts',(34.7652237350827,81.9867790315315,-38.5772250388305));
#7719=CARTESIAN_POINT('Ctrl Pts',(34.5132570694155,84.0548530201703,-36.7015787328109));
#7720=CARTESIAN_POINT('Ctrl Pts',(34.1852792031247,83.6759342405796,-36.9848428332648));
#7721=CARTESIAN_POINT('Ctrl Pts',(33.8575300431229,83.2968431184387,-37.268089529332));
#7722=CARTESIAN_POINT('Ctrl Pts',(33.5295521768321,82.9179243388481,-37.5513536297859));
#7723=CARTESIAN_POINT('Ctrl Pts',(31.4131537413017,86.3909484388076,-34.7136043586352));
#7724=CARTESIAN_POINT('Ctrl Pts',(31.1184585485573,85.9869493657678,-35.0129573174116));
#7725=CARTESIAN_POINT('Ctrl Pts',(30.8237626598644,85.5829508171628,-35.3123052123425));
#7726=CARTESIAN_POINT('Ctrl Pts',(30.52906746712,85.1789517441231,-35.6116581711189));
#7727=CARTESIAN_POINT('Ctrl Pts',(27.0017599092873,89.7151721275205,-33.6582572573188));
#7728=CARTESIAN_POINT('Ctrl Pts',(26.7547098070872,89.2752699035336,-33.9557188837995));
#7729=CARTESIAN_POINT('Ctrl Pts',(26.5076713383981,88.8353589130673,-34.2530003461439));
#7730=CARTESIAN_POINT('Ctrl Pts',(26.260621236198,88.3954566890803,-34.5504619726246));
#7731=CARTESIAN_POINT('Ctrl Pts',(23.067765900198,92.6796492461499,-33.6697975192079));
#7732=CARTESIAN_POINT('Ctrl Pts',(22.8620746617624,92.2085808828656,-33.9513642655888));
#7733=CARTESIAN_POINT('Ctrl Pts',(22.6564076447096,91.7374942674601,-34.2329880497532));
#7734=CARTESIAN_POINT('Ctrl Pts',(22.450716406274,91.2664259041758,-34.5145547961341));
#7735=CARTESIAN_POINT('Ctrl Pts',(21.2383771761171,94.0581925283934,-34.0966873582854));
#7736=CARTESIAN_POINT('Ctrl Pts',(21.0511770287132,93.5731901285714,-34.3646946685682));
#7737=CARTESIAN_POINT('Ctrl Pts',(20.8637778750183,93.0883376907459,-34.6324002857465));
#7738=CARTESIAN_POINT('Ctrl Pts',(20.6765777276143,92.6033352909239,-34.9004075960293));
#7739=CARTESIAN_POINT('Ctrl Pts',(20.4189923376346,94.6756432920248,-34.3393790827954));
#7740=CARTESIAN_POINT('Ctrl Pts',(20.2398078938033,94.1846006263111,-34.6003674643926));
#7741=CARTESIAN_POINT('Ctrl Pts',(20.060623449972,93.6935579605974,-34.8613558459899));
#7742=CARTESIAN_POINT('Ctrl Pts',(19.8814390061408,93.2025152948838,-35.1223442275871));
#7743=CARTESIAN_POINT('',(35.7888654527162,83.093613156589,-37.7565896725156));
#7744=CARTESIAN_POINT('',(35.7888654527162,83.093613156589,-37.7565896725156));
#7745=CARTESIAN_POINT('',(20.4189923376346,94.6756432920248,-34.3393790827954));
#7746=CARTESIAN_POINT('Origin',(24.947169506437,91.2634170468907,-58.30888785185));
#7747=CARTESIAN_POINT('',(20.4189923376346,94.6756432920248,-34.3393790827954));
#7748=CARTESIAN_POINT('Ctrl Pts',(20.4189923376346,94.6756432920248,-34.3393790827954));
#7749=CARTESIAN_POINT('Ctrl Pts',(20.2398078938033,94.1846006263111,-34.6003674643927));
#7750=CARTESIAN_POINT('Ctrl Pts',(20.060623449972,93.6935579605974,-34.8613558459899));
#7751=CARTESIAN_POINT('Ctrl Pts',(19.8814390061407,93.2025152948837,-35.1223442275872));
#7752=CARTESIAN_POINT('Ctrl Pts',(17.5511454029456,96.8367209647345,-35.1888001185805));
#7753=CARTESIAN_POINT('Ctrl Pts',(17.4002690957558,96.3243465880038,-35.4256251746794));
#7754=CARTESIAN_POINT('Ctrl Pts',(17.2493297881732,95.8120196854742,-35.6622973819407));
#7755=CARTESIAN_POINT('Ctrl Pts',(17.0984534809834,95.2996453087434,-35.8991224380395));
#7756=CARTESIAN_POINT('Ctrl Pts',(14.8401888232785,98.8795732749955,-36.8579099796523));
#7757=CARTESIAN_POINT('Ctrl Pts',(14.7136035281344,98.3488943077566,-37.0585887768897));
#7758=CARTESIAN_POINT('Ctrl Pts',(14.5869462463548,97.8182695863384,-37.2591207159932));
#7759=CARTESIAN_POINT('Ctrl Pts',(14.4603609512108,97.2875906190995,-37.4597995132306));
#7760=CARTESIAN_POINT('Ctrl Pts',(12.5518707357758,100.603944637757,-39.183090096981));
#7761=CARTESIAN_POINT('Ctrl Pts',(12.4410751216342,100.061367292449,-39.3391537639354));
#7762=CARTESIAN_POINT('Ctrl Pts',(12.3302795074925,99.5187899471404,-39.4952174308897));
#7763=CARTESIAN_POINT('Ctrl Pts',(12.2194838933508,98.9762126018323,-39.651281097844));
#7764=CARTESIAN_POINT('Origin',(24.947169506437,91.2634170468907,-58.30888785185));
#7765=CARTESIAN_POINT('Ctrl Pts',(36.4645076637339,82.5844802320562,-41.2779402264621));
#7766=CARTESIAN_POINT('Ctrl Pts',(36.3486512340484,82.4032168628918,-41.4102949186481));
#7767=CARTESIAN_POINT('Ctrl Pts',(36.232794804363,82.2219534937274,-41.5426496108341));
#7768=CARTESIAN_POINT('Ctrl Pts',(36.1169383746775,82.040690124563,-41.6750043030201));
#7769=CARTESIAN_POINT('Ctrl Pts',(36.4643413726782,82.5846055413547,-41.2770735412675));
#7770=CARTESIAN_POINT('Ctrl Pts',(36.348477432352,82.403347831864,-41.4094245389827));
#7771=CARTESIAN_POINT('Ctrl Pts',(36.2326134920259,82.2220901223734,-41.5417755366979));
#7772=CARTESIAN_POINT('Ctrl Pts',(36.1167495516997,82.0408324128827,-41.6741265344131));
#7773=CARTESIAN_POINT('Ctrl Pts',(36.4641750816225,82.5847308506532,-41.276206856073));
#7774=CARTESIAN_POINT('Ctrl Pts',(36.3483036306556,82.4034788008363,-41.4085541593173));
#7775=CARTESIAN_POINT('Ctrl Pts',(36.2324321796888,82.2222267510193,-41.5409014625617));
#7776=CARTESIAN_POINT('Ctrl Pts',(36.1165607287219,82.0409747012024,-41.673248765806));
#7777=CARTESIAN_POINT('Ctrl Pts',(36.4640087905668,82.5848561599517,-41.2753401708784));
#7778=CARTESIAN_POINT('Ctrl Pts',(36.3481298289592,82.4036097698085,-41.4076837796519));
#7779=CARTESIAN_POINT('Ctrl Pts',(36.2322508673517,82.2223633796653,-41.5400273884255));
#7780=CARTESIAN_POINT('Ctrl Pts',(36.1163719057441,82.0411169895221,-41.672370997199));
#7781=CARTESIAN_POINT('Origin',(0.,1.77635683940025E-14,-75.));
#7782=CARTESIAN_POINT('',(28.242853000932,70.1827943291368,-53.5675954798403));
#7783=CARTESIAN_POINT('Origin',(93.3208341262719,185.74123883959,-18.2783860355214));
#7784=CARTESIAN_POINT('',(24.,63.0346597699419,-55.7504910584736));
#7785=CARTESIAN_POINT('Origin',(-15.,91.0167969292084,-47.205312875293));
#7786=CARTESIAN_POINT('',(23.535679631435,62.3698918647054,-55.9534977183428));
#7787=CARTESIAN_POINT('Origin',(50.,44.3799016637643,-61.4472765139273));
#7788=CARTESIAN_POINT('Ctrl Pts',(23.5294867843256,62.3605923331926,-55.9563376069955));
#7789=CARTESIAN_POINT('Ctrl Pts',(23.5315794102162,62.3636745838784,-55.955396350037));
#7790=CARTESIAN_POINT('Ctrl Pts',(23.5336725783963,62.3667564668782,-55.9544552053624));
#7791=CARTESIAN_POINT('Ctrl Pts',(23.5357662887699,62.3698379819863,-55.9535141730343));
#7792=CARTESIAN_POINT('Ctrl Pts',(23.4308105123429,68.1592392164834,-53.7603205521671));
#7793=CARTESIAN_POINT('Ctrl Pts',(24.7034369779345,69.02774441989,-53.4575497601373));
#7794=CARTESIAN_POINT('Ctrl Pts',(26.0354448808945,69.9929301125205,-53.1228234773951));
#7795=CARTESIAN_POINT('Ctrl Pts',(27.423585724291,71.0524507337816,-52.7572083161169));
#7796=CARTESIAN_POINT('Ctrl Pts',(23.624112614725,67.9626534896845,-54.0938164148959));
#7797=CARTESIAN_POINT('Ctrl Pts',(24.907514117896,68.8355262141453,-53.8131139062248));
#7798=CARTESIAN_POINT('Ctrl Pts',(26.2491342934442,69.8061388297522,-53.5007643876496));
#7799=CARTESIAN_POINT('Ctrl Pts',(27.6451229337635,70.872937722696,-53.1585759571723));
#7800=CARTESIAN_POINT('Ctrl Pts',(23.8660509395143,67.6633922037591,-54.3369698830141));
#7801=CARTESIAN_POINT('Ctrl Pts',(25.1683486214244,68.5299360639108,-54.0725344085146));
#7802=CARTESIAN_POINT('Ctrl Pts',(26.528678507146,69.4948374183121,-53.777408431739));
#7803=CARTESIAN_POINT('Ctrl Pts',(27.9432644059131,70.5564590250381,-53.4534858466459));
#7804=CARTESIAN_POINT('Ctrl Pts',(24.1086926805007,67.3207449864954,-54.4416074061891));
#7805=CARTESIAN_POINT('Ctrl Pts',(25.4300959786361,68.1766616972965,-54.1802277709552));
#7806=CARTESIAN_POINT('Ctrl Pts',(26.8092998892572,69.131474607249,-53.8886472386782));
#7807=CARTESIAN_POINT('Ctrl Pts',(28.242853000932,70.1827943291368,-53.5675954798404));
#7808=CARTESIAN_POINT('',(27.423585724291,71.0524507337816,-52.7572083161169));
#7809=CARTESIAN_POINT('Ctrl Pts',(25.1305600290448,69.3513068169348,-53.3457718186861));
#7810=CARTESIAN_POINT('Ctrl Pts',(25.8766833848637,69.8881090245522,-53.1595232469742));
#7811=CARTESIAN_POINT('Ctrl Pts',(26.6412191447391,70.45529697351,-52.9632717602712));
#7812=CARTESIAN_POINT('Ctrl Pts',(27.423585724291,71.0524507337816,-52.7572083161169));
#7813=CARTESIAN_POINT('Origin',(28.242853000932,69.5986648219915,-51.6547983868683));
#7814=CARTESIAN_POINT('Origin',(31.2375599322202,99.611047087397,-54.126155740733));
#7815=CARTESIAN_POINT('Ctrl Pts',(27.423585724291,71.0524507337817,-52.7572083161169));
#7816=CARTESIAN_POINT('Ctrl Pts',(28.0279984738699,72.2235979149813,-51.6619517755947));
#7817=CARTESIAN_POINT('Ctrl Pts',(28.5824033250827,73.4035012154907,-50.5525730217424));
#7818=CARTESIAN_POINT('Ctrl Pts',(29.0908065698472,74.5976511969339,-49.4409672593023));
#7819=CARTESIAN_POINT('Origin',(26.21501773072,92.3200744971885,3.52635277010795));
#7820=CARTESIAN_POINT('',(32.0119007333506,107.868598602723,8.03194238961619));
#7821=CARTESIAN_POINT('',(27.1049941988785,121.207559228859,10.2130132405544));
#7822=CARTESIAN_POINT('Origin',(23.0127224731589,113.372995587741,7.7430653057333));
#7823=CARTESIAN_POINT('',(32.5965271156855,92.5673681869181,4.67014852291213));
#7824=CARTESIAN_POINT('',(32.6052281256547,92.3396395684157,4.62011485554356));
#7825=CARTESIAN_POINT('',(22.2482967295183,80.8346656340736,0.251910695516678));
#7826=CARTESIAN_POINT('Origin',(23.9486676215301,88.8768168284634,2.36107305594021));
#7827=CARTESIAN_POINT('',(22.1320272117956,79.8681370625606,0.0134415307800295));
#7828=CARTESIAN_POINT('',(25.8810682415141,111.033272533774,7.70273706095836));
#7829=CARTESIAN_POINT('',(33.7832741852705,92.7615061032483,4.91637073195202));
#7830=CARTESIAN_POINT('Origin',(23.9486676215301,88.8768168284634,2.36107305594021));
#7831=CARTESIAN_POINT('',(33.2198035090838,107.509035307902,8.15651233375172));
#7832=CARTESIAN_POINT('',(33.5150341335785,99.7820630964833,6.45883920012149));
#7833=CARTESIAN_POINT('',(27.2256034675329,122.210163406008,10.4603832487807));
#7834=CARTESIAN_POINT('Origin',(23.0127224731589,113.372995587741,7.7430653057333));
#7835=CARTESIAN_POINT('',(25.8810682415141,111.033272533774,7.70273706095836));
#7836=CARTESIAN_POINT('Origin',(26.9702530269267,86.9842924802302,8.55835469879074));
#7837=CARTESIAN_POINT('',(21.104105464005,80.5119603125332,-2.09482936783237));
#7838=CARTESIAN_POINT('',(25.330288081412,77.8649547077147,6.57308513407559));
#7839=CARTESIAN_POINT('',(32.7553524374799,93.4053293532208,2.80809983333962));
#7840=CARTESIAN_POINT('Origin',(22.9207458737395,89.520640078436,0.252802157327811));
#7841=CARTESIAN_POINT('',(34.5468461065922,92.2832543715092,6.48245926367166));
#7842=CARTESIAN_POINT('Origin',(4.18886758650621,144.323308589593,-36.7880381036997));
#7843=CARTESIAN_POINT('',(21.2203749817277,81.4784888840462,-1.85636020309572));
#7844=CARTESIAN_POINT('',(25.4465575991346,78.8314832792277,6.81155429881224));
#7845=CARTESIAN_POINT('',(21.3339132634465,82.4223131588111,-1.62349281242043));
#7846=CARTESIAN_POINT('',(27.0573185164566,130.,10.1152302584962));
#7847=CARTESIAN_POINT('',(19.5750261732004,83.5239655026895,-5.23097604184064));
#7848=CARTESIAN_POINT('',(28.9410419747791,77.6577030701378,13.9787532910139));
#7849=CARTESIAN_POINT('',(18.3163914110751,66.8930981608813,-7.81244009459982));
#7850=CARTESIAN_POINT('',(20.4189923376345,94.6756432920248,-3.49999865205933));
#7851=CARTESIAN_POINT('',(10.8496743359326,53.7376381814832,-23.1267014686104));
#7852=CARTESIAN_POINT('',(10.8496743359326,53.7376381814832,-23.1267014686104));
#7853=CARTESIAN_POINT('',(7.45489450932524,36.5483873657052,-30.0894061015421));
#7854=CARTESIAN_POINT('',(8.5785378938941,40.,-27.7848098098529));
#7855=CARTESIAN_POINT('',(15.5767860600135,87.0019045841331,-13.4313797149945));
#7856=CARTESIAN_POINT('',(19.3702766610349,66.0989386624305,-5.65091796731447));
#7857=CARTESIAN_POINT('Origin',(28.734534186682,27.3755963743835,13.5552051357989));
#7858=CARTESIAN_POINT('',(27.0573185164566,130.,10.1152302584962));
#7859=CARTESIAN_POINT('Origin',(26.9702530269267,86.9842924802302,8.55835469879074));
#7860=CARTESIAN_POINT('',(31.5686053678949,93.2111914368906,2.56187762429973));
#7861=CARTESIAN_POINT('',(33.6405383194327,91.9134675493948,6.8114189488141));
#7862=CARTESIAN_POINT('Origin',(22.9207458737395,89.520640078436,0.252802157327811));
#7863=CARTESIAN_POINT('Origin',(33.6405383194327,91.9134675493948,6.8114189488141));
#7864=CARTESIAN_POINT('',(30.98397898556,108.512421852696,5.92367149100379));
#7865=CARTESIAN_POINT('',(33.6405383195169,106.84852606704,11.3722834561233));
#7866=CARTESIAN_POINT('',(30.8738192886602,111.395594688766,6.55712595796854));
#7867=CARTESIAN_POINT('Origin',(34.5468461065946,106.677862234837,10.8782810827489));
#7868=CARTESIAN_POINT('',(32.1918817612932,108.152858557875,6.04824143513932));
#7869=CARTESIAN_POINT('',(31.7836252964551,118.838018216818,8.39585030252087));
#7870=CARTESIAN_POINT('',(34.5468461065946,106.677862234837,10.8782810827489));
#7871=CARTESIAN_POINT('Origin',(26.9702530269267,110.89425614238,15.8599735381075));
#7872=CARTESIAN_POINT('',(26.1976817197423,122.853986655981,8.35211235016834));
#7873=CARTESIAN_POINT('Origin',(21.9848007253683,114.016818837713,5.6347944071209));
#7874=CARTESIAN_POINT('',(30.4238643371492,120.206981051162,17.0200268520763));
#7875=CARTESIAN_POINT('Origin',(26.9702530269267,110.89425614238,15.8599735381075));
#7876=CARTESIAN_POINT('',(26.0770724510878,121.851382478832,8.10474234194199));
#7877=CARTESIAN_POINT('',(30.3032550684948,119.204376874014,16.77265684385));
#7878=CARTESIAN_POINT('Origin',(21.9848007253683,114.016818837713,5.6347944071209));
#7879=CARTESIAN_POINT('Origin',(27.0573185164566,130.,10.1152302584962));
#7880=CARTESIAN_POINT('',(25.8936599386125,120.326705700665,7.72856267328122));
#7881=CARTESIAN_POINT('',(27.0573185164566,130.,10.1152302584962));
#7882=CARTESIAN_POINT('',(24.2611364535216,106.755817793733,4.38025161524949));
#7883=CARTESIAN_POINT('Origin',(21.9848007253683,114.016818837713,5.6347944071209));
#7884=CARTESIAN_POINT('',(23.0683373153523,96.8402830112863,1.93381664459397));
#7885=CARTESIAN_POINT('',(27.0573185164566,130.,10.1152302584962));
#7886=CARTESIAN_POINT('Origin',(22.9207458737395,89.520640078436,0.252802157327809));
#7887=CARTESIAN_POINT('Origin',(27.0573185164566,130.,10.1152302584962));
#7888=CARTESIAN_POINT('',(29.548289310563,67.0016985488701,-3.71165413467462));
#7889=CARTESIAN_POINT('Origin',(183.423915779352,27.3755963743835,13.5552051357989));
#7890=CARTESIAN_POINT('',(40.5805532724459,71.5213438479952,-0.80855219639656));
#7891=CARTESIAN_POINT('Ctrl Pts',(40.5805532724459,71.5213438479952,-0.808552196396439));
#7892=CARTESIAN_POINT('Ctrl Pts',(40.5568497882704,71.5023503995466,-0.816889628766977));
#7893=CARTESIAN_POINT('Ctrl Pts',(40.5331044359039,71.4834077323218,-0.825222710624411));
#7894=CARTESIAN_POINT('Ctrl Pts',(39.1228290531157,70.3633575289294,-1.31901019542589));
#7895=CARTESIAN_POINT('Ctrl Pts',(37.5895199682911,69.4308053936865,-1.79135523403262));
#7896=CARTESIAN_POINT('Ctrl Pts',(33.9557867240011,67.7970052259712,-2.78039536969517));
#7897=CARTESIAN_POINT('Ctrl Pts',(31.7615599215668,67.1840811334078,-3.29310025544674));
#7898=CARTESIAN_POINT('Ctrl Pts',(29.548289310563,67.0016985488701,-3.71165413467462));
#7899=CARTESIAN_POINT('',(43.2795670732156,75.107195623309,0.462741223702081));
#7900=CARTESIAN_POINT('Ctrl Pts',(43.2795670732156,75.107195623309,0.462741223702081));
#7901=CARTESIAN_POINT('Ctrl Pts',(43.0472373396071,74.4724149226839,0.27953556129463));
#7902=CARTESIAN_POINT('Ctrl Pts',(42.6719648431028,73.779110090397,0.0587231463242387));
#7903=CARTESIAN_POINT('Ctrl Pts',(41.6848561340926,72.5106624227253,-0.396497897354127));
#7904=CARTESIAN_POINT('Ctrl Pts',(41.1578559183038,71.9839327215214,-0.605492522487604));
#7905=CARTESIAN_POINT('Ctrl Pts',(40.5805532724453,71.5213438479948,-0.808552196396642));
#7906=CARTESIAN_POINT('',(43.3317254672014,77.4428235865967,1.00000000000001));
#7907=CARTESIAN_POINT('Origin',(39.0825044400723,71.8039168266245,-0.999999999999996));
#7908=CARTESIAN_POINT('',(43.1506103635204,77.5793036065104,1.00000000000001));
#7909=CARTESIAN_POINT('',(26.3100004814949,90.2696133893119,1.00000000000001));
#7910=CARTESIAN_POINT('',(41.1903977597825,87.2190984646246,2.846564515924));
#7911=CARTESIAN_POINT('Ctrl Pts',(41.1903977597853,87.2190984646257,2.84656451592218));
#7912=CARTESIAN_POINT('Ctrl Pts',(41.9385093098175,84.554555965296,2.37132009620683));
#7913=CARTESIAN_POINT('Ctrl Pts',(41.9916961883033,82.2506964477199,1.85920615691305));
#7914=CARTESIAN_POINT('Ctrl Pts',(42.2054495895678,79.8617334583318,1.35521174897403));
#7915=CARTESIAN_POINT('Ctrl Pts',(42.2854914930745,79.2463111503366,1.22963519665402));
#7916=CARTESIAN_POINT('Ctrl Pts',(42.516548218971,78.4780642373868,1.09522998076421));
#7917=CARTESIAN_POINT('Ctrl Pts',(42.6220858564588,78.2164838934873,1.05404604570368));
#7918=CARTESIAN_POINT('Ctrl Pts',(42.876005018609,77.8324687569748,1.01045935428338));
#7919=CARTESIAN_POINT('Ctrl Pts',(43.0002170342947,77.6926331088568,1.00000000000001));
#7920=CARTESIAN_POINT('Ctrl Pts',(43.1506103635204,77.5793036065104,1.00000000000001));
#7921=CARTESIAN_POINT('',(40.4205491912748,88.3683387309115,2.97531074789877));
#7922=CARTESIAN_POINT('Ctrl Pts',(40.4205492178696,88.3683387036558,2.975310724292));
#7923=CARTESIAN_POINT('Ctrl Pts',(40.5965908281289,88.2356818352583,2.975310724292));
#7924=CARTESIAN_POINT('Ctrl Pts',(40.7496316921743,88.0678884696518,2.96344119575485));
#7925=CARTESIAN_POINT('Ctrl Pts',(41.0188790669144,87.6758242604728,2.92064663054748));
#7926=CARTESIAN_POINT('Ctrl Pts',(41.1272846433129,87.4438879109305,2.88665767637811));
#7927=CARTESIAN_POINT('Ctrl Pts',(41.1903977597871,87.2190984646192,2.84656451592102));
#7928=CARTESIAN_POINT('',(37.6792984262224,90.4340193400491,2.97531072429194));
#7929=CARTESIAN_POINT('',(24.7166589660396,100.202068805292,2.97531072429199));
#7930=CARTESIAN_POINT('',(35.,95.8345834622485,3.74029134398722));
#7931=CARTESIAN_POINT('Origin',(22.9207458737395,89.5206400784359,0.252802157327809));
#7932=CARTESIAN_POINT('',(35.,107.022925568021,6.27132577092538));
#7933=CARTESIAN_POINT('',(35.,103.430946771739,5.4587458633508));
#7934=CARTESIAN_POINT('',(26.4958487432487,125.332598014717,8.96365389983947));
#7935=CARTESIAN_POINT('Origin',(21.9848007253683,114.016818837713,5.63479440712089));
#7936=CARTESIAN_POINT('',(27.0573185164566,130.,10.1152302584962));
#7937=CARTESIAN_POINT('Origin',(30.3511991208523,84.8666879963754,15.4926863003171));
#7938=CARTESIAN_POINT('',(30.1848051565796,92.3251181223879,-1.11022302462516E-14));
#7939=CARTESIAN_POINT('',(24.9585230689033,96.263404156536,-9.32797764133866));
#7940=CARTESIAN_POINT('Origin',(87.9922258495091,48.7641021332348,133.71462243443));
#7941=CARTESIAN_POINT('',(31.1229587033596,89.113897401281,-8.88178419700125E-15));
#7942=CARTESIAN_POINT('Origin',(22.7974880724879,89.5978407392419,-8.88178419700125E-15));
#7943=CARTESIAN_POINT('',(30.3839380460939,89.6707894106732,-1.50000000000001));
#7944=CARTESIAN_POINT('Origin',(68.3075241013643,61.0933175443024,93.3412341559168));
#7945=CARTESIAN_POINT('',(30.1918628633416,87.311257126248,-1.50000000000001));
#7946=CARTESIAN_POINT('Origin',(22.0661386891138,90.0559103713724,-1.50000000000001));
#7947=CARTESIAN_POINT('',(29.2427919879062,88.026433328267,-3.49999865205933));
#7948=CARTESIAN_POINT('Origin',(48.6228223532203,73.4225329553694,52.9678458774048));
#7949=CARTESIAN_POINT('Ctrl Pts',(19.5750261732004,83.5239655026895,-5.23097604184063));
#7950=CARTESIAN_POINT('Ctrl Pts',(20.4474223328793,83.4064802810536,-5.48413551758609));
#7951=CARTESIAN_POINT('Ctrl Pts',(21.3441497807601,83.4339673147157,-5.65797647323799));
#7952=CARTESIAN_POINT('Ctrl Pts',(23.2136932957077,83.7421773005742,-5.78531513525839));
#7953=CARTESIAN_POINT('Ctrl Pts',(24.1532437577916,84.034055588685,-5.72054705357941));
#7954=CARTESIAN_POINT('Ctrl Pts',(26.0354824785986,84.8776420220742,-5.34431718481935));
#7955=CARTESIAN_POINT('Ctrl Pts',(26.9583922089964,85.4607668247663,-4.99982540568633));
#7956=CARTESIAN_POINT('Ctrl Pts',(28.3371867469829,86.699230138926,-4.25702980856661));
#7957=CARTESIAN_POINT('Ctrl Pts',(28.8616304687673,87.3264394386527,-3.87842610046516));
#7958=CARTESIAN_POINT('Ctrl Pts',(29.2427919879062,88.0264333282669,-3.49999865205933));
#7959=CARTESIAN_POINT('',(21.0000039930078,98.1357523254443,-2.30834182856003));
#7960=CARTESIAN_POINT('',(30.6754660266849,92.075672922613,17.5360627480283));
#7961=CARTESIAN_POINT('',(20.4189923376346,94.6756432920248,-21.9371973038211));
#7962=CARTESIAN_POINT('Ctrl Pts',(20.4189923376346,94.6756432920248,-21.9371973038211));
#7963=CARTESIAN_POINT('Ctrl Pts',(20.5120879274206,94.9511119319227,-21.8026222827277));
#7964=CARTESIAN_POINT('Ctrl Pts',(20.6002894073513,95.2094554889188,-21.6326053579731));
#7965=CARTESIAN_POINT('Ctrl Pts',(20.7896574596424,95.7648145528153,-21.1839778499293));
#7966=CARTESIAN_POINT('Ctrl Pts',(20.8868820191339,96.0505988966264,-20.8873394206677));
#7967=CARTESIAN_POINT('Ctrl Pts',(21.068592924104,96.5938269402037,-20.2170250965182));
#7968=CARTESIAN_POINT('Ctrl Pts',(21.1522643531328,96.849868286298,-19.8324404824439));
#7969=CARTESIAN_POINT('Ctrl Pts',(21.3322982638613,97.4211811528846,-18.8382277396204));
#7970=CARTESIAN_POINT('Ctrl Pts',(21.4170476434703,97.7116772239571,-18.1951922464103));
#7971=CARTESIAN_POINT('Ctrl Pts',(21.614298261333,98.4632493954392,-16.1859854015946));
#7972=CARTESIAN_POINT('Ctrl Pts',(21.6757972599915,98.8455699857362,-14.586524619501));
#7973=CARTESIAN_POINT('Ctrl Pts',(21.6212680543546,99.4163238065295,-9.5727330910893));
#7974=CARTESIAN_POINT('Ctrl Pts',(21.3144416152979,99.1626282255295,-5.98103493809169));
#7975=CARTESIAN_POINT('Ctrl Pts',(21.0000039930078,98.1357523254443,-2.30834182856003));
#7976=CARTESIAN_POINT('',(22.5512629762951,93.0688621163469,-17.5089776131387));
#7977=CARTESIAN_POINT('Origin',(48.6228223532203,73.4225329553694,52.9678458774047));
#7978=CARTESIAN_POINT('Origin',(20.8532817809219,90.815564963818,-3.98757352319673));
#7979=CARTESIAN_POINT('Origin',(13.4464686512243,119.364674077799,-11.877352867998));
#7980=CARTESIAN_POINT('',(20.1884235968972,119.369323003622,-15.1630829083399));
#7981=CARTESIAN_POINT('',(18.3908026232336,119.532661677435,-14.2367432571028));
#7982=CARTESIAN_POINT('',(16.3912109869403,119.714352173277,-13.2063252512394));
#7983=CARTESIAN_POINT('',(16.5960581803172,126.150118031265,-11.3408492309163));
#7984=CARTESIAN_POINT('Origin',(13.4464686512243,119.364674077799,-11.877352867998));
#7985=CARTESIAN_POINT('',(15.9968892580405,121.169329481641,-12.5697466687844));
#7986=CARTESIAN_POINT('',(16.7697565979665,127.5940432042,-10.9845932028167));
#7987=CARTESIAN_POINT('Origin',(11.,97.8522589251928,-17.2539933717822));
#7988=CARTESIAN_POINT('Origin',(30.3511991208523,108.776651658525,22.7943051396339));
#7989=CARTESIAN_POINT('',(22.6200570494327,107.783683074018,1.01439233910396));
#7990=CARTESIAN_POINT('',(31.8682651648542,101.99120770506,19.9824977186838));
#7991=CARTESIAN_POINT('',(24.8373412317186,120.988314956759,5.56204951778962));
#7992=CARTESIAN_POINT('',(33.5007886499451,115.562095611991,23.3308087767156));
#7993=CARTESIAN_POINT('Ctrl Pts',(22.6200570494327,107.783683074018,1.01439233910396));
#7994=CARTESIAN_POINT('Ctrl Pts',(22.7982204119846,108.056769448225,0.451506457505829));
#7995=CARTESIAN_POINT('Ctrl Pts',(22.9971331419375,108.369453635167,-0.0954792672398076));
#7996=CARTESIAN_POINT('Ctrl Pts',(23.4255357668057,109.054670495671,-1.05948918650524));
#7997=CARTESIAN_POINT('Ctrl Pts',(23.6563586030359,109.428427185453,-1.4917807857457));
#7998=CARTESIAN_POINT('Ctrl Pts',(24.1578960297843,110.252970655188,-2.20163275419534));
#7999=CARTESIAN_POINT('Ctrl Pts',(24.4261562065417,110.698998121669,-2.48115753876155));
#8000=CARTESIAN_POINT('Ctrl Pts',(24.9698854912048,111.629243991315,-2.81497712207228));
#8001=CARTESIAN_POINT('Ctrl Pts',(25.2312625515117,112.087346604488,-2.88009141557045));
#8002=CARTESIAN_POINT('Ctrl Pts',(25.8146093463719,113.16421115413,-2.80979232100503));
#8003=CARTESIAN_POINT('Ctrl Pts',(26.1124113964577,113.755390724586,-2.61523529771291));
#8004=CARTESIAN_POINT('Ctrl Pts',(26.5152726750104,114.670150404327,-2.13750926540843));
#8005=CARTESIAN_POINT('Ctrl Pts',(26.649025160081,115.005200498903,-1.92056107691514));
#8006=CARTESIAN_POINT('Ctrl Pts',(26.8495372185385,115.578787582215,-1.49310509107595));
#8007=CARTESIAN_POINT('Ctrl Pts',(26.9249802824787,115.823108805321,-1.29133718592251));
#8008=CARTESIAN_POINT('Ctrl Pts',(27.0548562636709,116.317388838227,-0.850396315469179));
#8009=CARTESIAN_POINT('Ctrl Pts',(27.1074515085871,116.567441582989,-0.60845538654593));
#8010=CARTESIAN_POINT('Ctrl Pts',(27.2007061437431,117.18500942739,0.0269752106509094));
#8011=CARTESIAN_POINT('Ctrl Pts',(27.219922844718,117.545816115782,0.434533740019956));
#8012=CARTESIAN_POINT('Ctrl Pts',(27.1523023013518,118.574441546416,1.67379360919504));
#8013=CARTESIAN_POINT('Ctrl Pts',(26.9391827445895,119.252102987932,2.59311323910555));
#8014=CARTESIAN_POINT('Ctrl Pts',(26.0595931453655,120.331016418656,4.24801009293867));
#8015=CARTESIAN_POINT('Ctrl Pts',(25.5144978955776,120.72431301801,4.92571612606489));
#8016=CARTESIAN_POINT('Ctrl Pts',(24.8373412317186,120.988314956759,5.56204951778962));
#8017=CARTESIAN_POINT('Origin',(30.3511991208523,108.776651658525,22.7943051396339));
#8018=CARTESIAN_POINT('',(22.7771742891402,122.278669382383,1.33664031649878));
#8019=CARTESIAN_POINT('Origin',(12.8553529008771,119.734910493477,-13.0897332236496));
#8020=CARTESIAN_POINT('',(33.5007886499451,115.562095611991,23.3308087767156));
#8021=CARTESIAN_POINT('Ctrl Pts',(20.4189923376345,94.6756432920248,-3.49999865205933));
#8022=CARTESIAN_POINT('Ctrl Pts',(19.7181253621147,85.414794914977,-4.93747913290616));
#8023=CARTESIAN_POINT('Ctrl Pts',(19.0172583865949,76.1539465379291,-6.37495961375299));
#8024=CARTESIAN_POINT('Ctrl Pts',(18.3163914110751,66.8930981608813,-7.81244009459982));
#8025=CARTESIAN_POINT('Ctrl Pts',(27.7993134076822,89.1141724586314,-3.49999865205933));
#8026=CARTESIAN_POINT('Ctrl Pts',(25.8253339691854,80.8126831342962,-6.87368508034482));
#8027=CARTESIAN_POINT('Ctrl Pts',(23.8513545306887,72.511193809961,-10.2473715086303));
#8028=CARTESIAN_POINT('Ctrl Pts',(21.8773750921919,64.2097044856258,-13.6210579369158));
#8029=CARTESIAN_POINT('Ctrl Pts',(35.1796344777298,83.552701625238,-3.49999865205933));
#8030=CARTESIAN_POINT('Ctrl Pts',(31.9325425762561,76.2105713536154,-8.80989102778349));
#8031=CARTESIAN_POINT('Ctrl Pts',(28.6854506747824,68.8684410819928,-14.1197834035076));
#8032=CARTESIAN_POINT('Ctrl Pts',(25.4383587733087,61.5263108103702,-19.4296757792318));
#8033=CARTESIAN_POINT('Ctrl Pts',(42.5599555477775,77.9912307918446,-3.49999865205933));
#8034=CARTESIAN_POINT('Ctrl Pts',(38.0397511833268,71.6084595729346,-10.7460969752221));
#8035=CARTESIAN_POINT('Ctrl Pts',(33.5195468188762,65.2256883540246,-17.992195298385));
#8036=CARTESIAN_POINT('Ctrl Pts',(28.9993424544256,58.8429171351147,-25.2382936215478));
#8037=CARTESIAN_POINT('',(42.5599555477775,77.9912307918446,-3.49999865205933));
#8038=CARTESIAN_POINT('',(20.4189923376345,94.6756432920248,-3.49999865205933));
#8039=CARTESIAN_POINT('',(28.9993424544256,58.8429171351147,-25.2382936215478));
#8040=CARTESIAN_POINT('',(42.5599555477775,77.9912307918446,-3.49999865205933));
#8041=CARTESIAN_POINT('',(26.600690527167,60.6504310096872,-21.325652163497));
#8042=CARTESIAN_POINT('',(28.9993424544256,58.8429171351147,-25.2382936215478));
#8043=CARTESIAN_POINT('',(28.9993424544256,58.8429171351147,-25.2382936215478));
#8044=CARTESIAN_POINT('Origin',(33.1331834844217,85.0948130595822,-17.5));
#8045=CARTESIAN_POINT('',(43.7151039925483,77.1207640028176,-1.50000000000001));
#8046=CARTESIAN_POINT('',(38.424143738485,81.1077885311999,-1.50000000000001));
#8047=CARTESIAN_POINT('',(43.7151039925483,77.1207640028176,-33.5));
#8048=CARTESIAN_POINT('',(43.7151039925483,77.1207640028176,-25.5));
#8049=CARTESIAN_POINT('',(41.2190364571261,79.0016858034651,-33.5));
#8050=CARTESIAN_POINT('',(27.8422232303584,89.0818375879646,-33.5));
#8051=CARTESIAN_POINT('',(42.5599555477775,77.9912307918446,-32.4488834977186));
#8052=CARTESIAN_POINT('',(42.5599555477775,77.9912307918446,-32.4488834977186));
#8053=CARTESIAN_POINT('',(42.5599555477775,77.9912307918446,-3.49999865205933));
#8054=CARTESIAN_POINT('Origin',(44.9187340388524,78.7180350229122,-1.50000000000001));
#8055=CARTESIAN_POINT('',(44.9187340388524,78.7180350229122,-1.50000000000001));
#8056=CARTESIAN_POINT('',(39.727603223545,82.6298326734005,-1.50000000000001));
#8057=CARTESIAN_POINT('',(44.9187340388524,78.7180350229122,-1.50000000000001));
#8058=CARTESIAN_POINT('Origin',(34.5364724082376,86.5416303238888,-17.5));
#8059=CARTESIAN_POINT('',(45.9026935639594,77.9765683376306,-8.88178419700125E-15));
#8060=CARTESIAN_POINT('',(40.3265798560805,82.1784714060365,-8.88178419700125E-15));
#8061=CARTESIAN_POINT('',(46.1166873039234,77.8153124881841,-0.999999999999997));
#8062=CARTESIAN_POINT('Origin',(44.5194162838288,79.0189425344882,-0.999999999999996));
#8063=CARTESIAN_POINT('',(46.1166873039234,77.8153124881841,-35.));
#8064=CARTESIAN_POINT('',(46.1166873039234,77.8153124881841,1.00000000000001));
#8065=CARTESIAN_POINT('',(31.6562521000809,88.7120320026517,-35.));
#8066=CARTESIAN_POINT('',(29.1456827154184,90.6038817301651,-35.));
#8067=CARTESIAN_POINT('',(23.7509435455554,94.6691092508803,-35.));
#8068=CARTESIAN_POINT('',(29.1456827154184,90.6038817301651,-35.));
#8069=CARTESIAN_POINT('',(23.7548930225992,94.6661331364415,-34.8248884490668));
#8070=CARTESIAN_POINT('Ctrl Pts',(23.7507377086341,94.6691888697883,-34.9999585949793));
#8071=CARTESIAN_POINT('Ctrl Pts',(23.7535071417068,94.6671539160592,-34.9414764251216));
#8072=CARTESIAN_POINT('Ctrl Pts',(23.7548932213312,94.6661302579999,-34.8830603808632));
#8073=CARTESIAN_POINT('Ctrl Pts',(23.7548911048586,94.6661305915138,-34.8248862829277));
#8074=CARTESIAN_POINT('',(23.7548930225992,94.6661331364415,-33.5));
#8075=CARTESIAN_POINT('',(23.7548930225992,94.6661331364415,-8.75));
#8076=CARTESIAN_POINT('',(44.9187340388524,78.7180350229122,-33.5));
#8077=CARTESIAN_POINT('',(29.1456827154184,90.6038817301651,-33.5));
#8078=CARTESIAN_POINT('',(44.9187340388524,78.7180350229122,-25.5));
#8079=CARTESIAN_POINT('Origin',(46.1166873039234,77.8153124881841,-8.88178419700125E-15));
#8080=CARTESIAN_POINT('',(47.1063236102635,79.5738393577252,-8.88178419700125E-15));
#8081=CARTESIAN_POINT('',(47.3203173502275,79.4125835082787,-8.88178419700125E-15));
#8082=CARTESIAN_POINT('',(45.9026935639594,77.9765683376306,-8.88178419700125E-15));
#8083=CARTESIAN_POINT('Origin',(11.,134.119861432148,-23.6489502193684));
#8084=CARTESIAN_POINT('',(15.3960637434685,130.,-13.8020417829199));
#8085=CARTESIAN_POINT('Origin',(11.,129.409480861041,-22.8183830352773));
#8086=CARTESIAN_POINT('',(19.4663162830678,130.,-17.518616507068));
#8087=CARTESIAN_POINT('Origin',(11.,130.,-22.9225074921005));
#8088=CARTESIAN_POINT('',(20.6307932009184,122.769660197639,-18.9138943319151));
#8089=CARTESIAN_POINT('Ctrl Pts',(20.6307932009184,122.769660197639,-18.9138943319151));
#8090=CARTESIAN_POINT('Ctrl Pts',(20.3438732800953,124.831914008587,-18.235285812133));
#8091=CARTESIAN_POINT('Ctrl Pts',(19.9542265562235,127.049555513547,-17.8168204581316));
#8092=CARTESIAN_POINT('Ctrl Pts',(19.5316176675181,129.602963992036,-17.5551725320078));
#8093=CARTESIAN_POINT('Ctrl Pts',(19.4989388021868,129.801156308313,-17.5362540128261));
#8094=CARTESIAN_POINT('Ctrl Pts',(19.4663162830678,130.,-17.518616507068));
#8095=CARTESIAN_POINT('',(20.7302116617977,122.702802290431,-19.293064365612));
#8096=CARTESIAN_POINT('Origin',(11.,122.302168396001,-21.5651720873652));
#8097=CARTESIAN_POINT('',(20.9939434618759,119.408172227964,-20.701528491771));
#8098=CARTESIAN_POINT('Ctrl Pts',(20.9922256437682,119.408160797023,-20.7015821114956));
#8099=CARTESIAN_POINT('Ctrl Pts',(20.9818864653659,119.834036549008,-20.4611357537016));
#8100=CARTESIAN_POINT('Ctrl Pts',(20.9236857770801,120.903005146028,-19.9300717413928));
#8101=CARTESIAN_POINT('Ctrl Pts',(20.8084972186468,122.028899429199,-19.508267092635));
#8102=CARTESIAN_POINT('Ctrl Pts',(20.7296534609701,122.701700671124,-19.2902707583969));
#8103=CARTESIAN_POINT('',(20.9838791989761,118.264376761703,-21.4295444417903));
#8104=CARTESIAN_POINT('Ctrl Pts',(20.9825247476416,118.264385659486,-21.429467096202));
#8105=CARTESIAN_POINT('Ctrl Pts',(20.9873493149406,118.365564424887,-21.3566203436492));
#8106=CARTESIAN_POINT('Ctrl Pts',(21.0002662067004,118.736485159806,-21.0995645022923));
#8107=CARTESIAN_POINT('Ctrl Pts',(20.999162264227,119.122576385652,-20.8630126456474));
#8108=CARTESIAN_POINT('Ctrl Pts',(20.9922295801063,119.408251682546,-20.7017271154338));
#8109=CARTESIAN_POINT('',(20.7714312925038,118.732082962643,-18.7770507674805));
#8110=CARTESIAN_POINT('Origin',(11.,118.362937383953,-20.8705793766975));
#8111=CARTESIAN_POINT('Origin',(11.,118.362937383953,-20.8705793766975));
#8112=CARTESIAN_POINT('Origin',(4.18886758650621,144.323308589593,-36.7880381036997));
#8113=CARTESIAN_POINT('',(25.8887998666132,125.712813903219,7.71859464956983));
#8114=CARTESIAN_POINT('',(38.751778333729,117.656281760743,34.1006059553726));
#8115=CARTESIAN_POINT('',(24.8003733610044,130.,5.48622829289776));
#8116=CARTESIAN_POINT('Origin',(21.6706397459109,123.,-0.93286568511455));
#8117=CARTESIAN_POINT('',(10.1682858728036,130.,-24.5242314562313));
#8118=CARTESIAN_POINT('',(25.2012182343978,123.155318135405,6.30836245169894));
#8119=CARTESIAN_POINT('',(10.8529676479097,117.966313204496,-23.1199468748719));
#8120=CARTESIAN_POINT('',(20.4189923376346,94.6756432920248,-3.49999865205933));
#8121=CARTESIAN_POINT('Origin',(4.18886758650621,144.323308589593,-36.7880381036997));
#8122=CARTESIAN_POINT('',(20.4189923376346,94.6756432920248,-3.49999865205933));
#8123=CARTESIAN_POINT('Origin',(23.7548930225992,94.6661331364415,-33.5));
#8124=CARTESIAN_POINT('',(22.5512629762951,93.0688621163469,-33.5));
#8125=CARTESIAN_POINT('',(24.3734669470194,91.6957329340942,-33.5));
#8126=CARTESIAN_POINT('',(44.9187340388524,78.7180350229122,-33.5));
#8127=CARTESIAN_POINT('',(23.7548930225992,94.6661331364415,-33.5));
#8128=CARTESIAN_POINT('Origin',(44.9187340388524,78.7180350229122,-33.5));
#8129=CARTESIAN_POINT('Ctrl Pts',(17.7727688096068,36.4965602194152,-34.9099951802868));
#8130=CARTESIAN_POINT('Ctrl Pts',(18.5854312797161,39.89222581776,-35.0749652428103));
#8131=CARTESIAN_POINT('Ctrl Pts',(19.3980937498254,43.2878914161048,-35.2399353053339));
#8132=CARTESIAN_POINT('Ctrl Pts',(20.2107562199347,46.6835570144496,-35.4049053678574));
#8133=CARTESIAN_POINT('Ctrl Pts',(16.5551958373795,36.1688595295185,-32.9881588604056));
#8134=CARTESIAN_POINT('Ctrl Pts',(17.514477752398,39.8683065165668,-32.7246794931711));
#8135=CARTESIAN_POINT('Ctrl Pts',(18.4751750615047,43.5690934663656,-32.4577760087604));
#8136=CARTESIAN_POINT('Ctrl Pts',(19.4344569765233,47.2685404534139,-32.1942966415259));
#8137=CARTESIAN_POINT('Ctrl Pts',(13.2561714831094,35.9091057481655,-30.3268696217608));
#8138=CARTESIAN_POINT('Ctrl Pts',(14.4532877036229,40.3454907744853,-29.2340083780216));
#8139=CARTESIAN_POINT('Ctrl Pts',(15.650341525045,44.7815991752005,-28.1422232475119));
#8140=CARTESIAN_POINT('Ctrl Pts',(16.8474577455585,49.2179842015203,-27.0493620037726));
#8141=CARTESIAN_POINT('Ctrl Pts',(9.14428713397469,36.2895390103912,-29.8639703918672));
#8142=CARTESIAN_POINT('Ctrl Pts',(10.3445679446465,41.6300203051576,-27.8981718893285));
#8143=CARTESIAN_POINT('Ctrl Pts',(11.543399496414,46.9699210162355,-25.9324224830131));
#8144=CARTESIAN_POINT('Ctrl Pts',(12.7436803070858,52.3104023110019,-23.9666239804745));
#8145=CARTESIAN_POINT('Ctrl Pts',(7.45489450932524,36.5483873657052,-30.0894061015421));
#8146=CARTESIAN_POINT('Ctrl Pts',(8.58648778486103,42.2781376376312,-27.7685045572315));
#8147=CARTESIAN_POINT('Ctrl Pts',(9.71808106039681,48.0078879095572,-25.447603012921));
#8148=CARTESIAN_POINT('Ctrl Pts',(10.8496743359326,53.7376381814832,-23.1267014686104));
#8149=CARTESIAN_POINT('',(20.2107562199347,46.6835570144496,-35.4049053678574));
#8150=CARTESIAN_POINT('Origin',(5.83538048459845,57.5161796215616,-40.8544944097455));
#8151=CARTESIAN_POINT('',(17.7727688096068,36.4965602194152,-34.9099951802868));
#8152=CARTESIAN_POINT('Ctrl Pts',(0.487157419221451,40.9125241766513,-44.3802578787539));
#8153=CARTESIAN_POINT('Ctrl Pts',(0.731321140695356,47.6064771476726,-43.8794772798545));
#8154=CARTESIAN_POINT('Ctrl Pts',(0.975484862169261,54.3004301186939,-43.378696680955));
#8155=CARTESIAN_POINT('Ctrl Pts',(1.21964858364317,60.9943830897151,-42.8779160820556));
#8156=CARTESIAN_POINT('Ctrl Pts',(0.594903536735354,41.617216662667,-47.2889484499249));
#8157=CARTESIAN_POINT('Ctrl Pts',(1.16956121006256,47.8006198977891,-46.5889765430973));
#8158=CARTESIAN_POINT('Ctrl Pts',(1.74187477805126,53.9844185735687,-45.8894644722266));
#8159=CARTESIAN_POINT('Ctrl Pts',(2.31653245137846,60.1678218086908,-45.1894925653991));
#8160=CARTESIAN_POINT('Ctrl Pts',(1.38136599530337,42.2385313667657,-50.1906234943333));
#8161=CARTESIAN_POINT('Ctrl Pts',(2.05948280865733,47.939297689546,-49.2938979674987));
#8162=CARTESIAN_POINT('Ctrl Pts',(2.7352995057598,53.6404942048861,-48.3977945755771));
#8163=CARTESIAN_POINT('Ctrl Pts',(3.41341631911376,59.3412605276664,-47.5010690487426));
#8164=CARTESIAN_POINT('Ctrl Pts',(2.76949902716827,42.715601215288,-52.8010205158574));
#8165=CARTESIAN_POINT('Ctrl Pts',(3.3497660803952,47.9819672257393,-51.8048955212669));
#8166=CARTESIAN_POINT('Ctrl Pts',(3.93003313362213,53.2483332361907,-50.8087705266765));
#8167=CARTESIAN_POINT('Ctrl Pts',(4.51030018684906,58.5146992466421,-49.8126455320861));
#8168=CARTESIAN_POINT('',(0.487157419221451,40.9125241766513,-44.3802578787539));
#8169=CARTESIAN_POINT('Ctrl Pts',(18.51373154285,45.6267605841266,-58.8774395221953));
#8170=CARTESIAN_POINT('Ctrl Pts',(18.423413482117,46.4733522075442,-58.6489717051711));
#8171=CARTESIAN_POINT('Ctrl Pts',(18.333095421384,47.3199438309619,-58.420503888147));
#8172=CARTESIAN_POINT('Ctrl Pts',(18.242777360651,48.1665354543795,-58.1920360711228));
#8173=CARTESIAN_POINT('Ctrl Pts',(18.5734179251702,44.7050755660502,-52.6322894020631));
#8174=CARTESIAN_POINT('Ctrl Pts',(18.5366733412098,45.8035327133821,-52.7657251598483));
#8175=CARTESIAN_POINT('Ctrl Pts',(18.4999287572494,46.901989860714,-52.8991609176335));
#8176=CARTESIAN_POINT('Ctrl Pts',(18.463184173289,48.0004470080458,-53.0325966754187));
#8177=CARTESIAN_POINT('Ctrl Pts',(18.6331043074904,43.7833905479738,-46.387139281931));
#8178=CARTESIAN_POINT('Ctrl Pts',(18.6499332003026,45.1337132192199,-46.8824786145255));
#8179=CARTESIAN_POINT('Ctrl Pts',(18.6667620931148,46.484035890466,-47.3778179471201));
#8180=CARTESIAN_POINT('Ctrl Pts',(18.6835909859271,47.8343585617122,-47.8731572797147));
#8181=CARTESIAN_POINT('Ctrl Pts',(18.6927906898106,42.8617055298973,-40.1419891617988));
#8182=CARTESIAN_POINT('Ctrl Pts',(18.7631930593954,44.4638937250577,-40.9992320692028));
#8183=CARTESIAN_POINT('Ctrl Pts',(18.8335954289803,46.0660819202181,-41.8564749766067));
#8184=CARTESIAN_POINT('Ctrl Pts',(18.9039977985651,47.6682701153785,-42.7137178840107));
#8185=CARTESIAN_POINT('',(18.9039977985651,47.6682701153785,-42.7137178840107));
#8186=CARTESIAN_POINT('',(18.43189528373,36.9243550932746,-36.9652390359767));
#8187=CARTESIAN_POINT('',(18.226311482439,48.1789433835946,-58.5774810567604));
#8188=CARTESIAN_POINT('Ctrl Pts',(18.6682135837334,42.3023898497548,-39.8427300602462));
#8189=CARTESIAN_POINT('Ctrl Pts',(18.7468083220107,44.0910166049627,-40.799726001501));
#8190=CARTESIAN_POINT('Ctrl Pts',(18.8254030602879,45.8796433601706,-41.7567219427558));
#8191=CARTESIAN_POINT('Ctrl Pts',(18.9039977985651,47.6682701153785,-42.7137178840107));
#8192=CARTESIAN_POINT('Ctrl Pts',(19.0978631107804,41.8247196352299,-38.4204476560684));
#8193=CARTESIAN_POINT('Ctrl Pts',(19.3933300055145,43.5012235230165,-39.1325870773035));
#8194=CARTESIAN_POINT('Ctrl Pts',(19.6860712167827,45.1797813606181,-39.8437610323151));
#8195=CARTESIAN_POINT('Ctrl Pts',(19.9815381115168,46.8562852484048,-40.5559004535501));
#8196=CARTESIAN_POINT('Ctrl Pts',(19.2229622565605,41.5765445939689,-36.7648741122357));
#8197=CARTESIAN_POINT('Ctrl Pts',(19.6331282442656,43.2179185401354,-37.1541193626656));
#8198=CARTESIAN_POINT('Ctrl Pts',(20.0404999655835,44.8613981170551,-37.5427827370645));
#8199=CARTESIAN_POINT('Ctrl Pts',(20.4506659532886,46.5027720632216,-37.9320279874944));
#8200=CARTESIAN_POINT('Ctrl Pts',(18.9931415509799,41.5958208441627,-35.1577302177117));
#8201=CARTESIAN_POINT('Ctrl Pts',(19.3990131072981,43.291732900925,-35.2401219344269));
#8202=CARTESIAN_POINT('Ctrl Pts',(19.8048846636164,44.9876449576873,-35.3225136511422));
#8203=CARTESIAN_POINT('Ctrl Pts',(20.2107562199347,46.6835570144496,-35.4049053678574));
#8204=CARTESIAN_POINT('Origin',(11.2687243670708,53.4218613333233,-36.7358516658224));
#8205=CARTESIAN_POINT('Origin',(4.18886758650621,144.323308589593,-36.7880381036997));
#8206=CARTESIAN_POINT('',(5.3627702055201,115.980798564331,-34.3803599562226));
#8207=CARTESIAN_POINT('',(4.9235454042394,106.352300086838,-35.2812114738398));
#8208=CARTESIAN_POINT('',(7.45916904394133,116.738955375445,-30.0806390169312));
#8209=CARTESIAN_POINT('',(10.8529676479097,117.966313204496,-23.1199468748719));
#8210=CARTESIAN_POINT('',(7.17463935007212,120.697762450303,-30.6642103584899));
#8211=CARTESIAN_POINT('Origin',(11.,129.409480861041,-22.8183830352773));
#8212=CARTESIAN_POINT('',(8.6796874748841,121.242058920025,-27.5773516852764));
#8213=CARTESIAN_POINT('',(0.,112.161654294797,-45.3794193540269));
#8214=CARTESIAN_POINT('Ctrl Pts',(18.226311482439,48.1789433835946,-58.5774810567604));
#8215=CARTESIAN_POINT('Ctrl Pts',(18.7453883516723,54.0484691972503,-55.9142449922583));
#8216=CARTESIAN_POINT('Ctrl Pts',(19.2644652209057,59.9179950109059,-53.2510089277562));
#8217=CARTESIAN_POINT('Ctrl Pts',(19.783542090139,65.7875208245616,-50.587772863254));
#8218=CARTESIAN_POINT('Ctrl Pts',(18.4522069211477,48.0087189608559,-53.2895599991772));
#8219=CARTESIAN_POINT('Ctrl Pts',(19.9199631290655,53.163363616597,-50.5578617145218));
#8220=CARTESIAN_POINT('Ctrl Pts',(21.3877193369834,58.3180082723382,-47.8261634298665));
#8221=CARTESIAN_POINT('Ctrl Pts',(22.8554755449012,63.4726529280793,-45.0944651452111));
#8222=CARTESIAN_POINT('Ctrl Pts',(18.6781023598564,47.8384945381172,-48.0016389415939));
#8223=CARTESIAN_POINT('Ctrl Pts',(21.0945379064587,52.2782580359438,-45.2014784367854));
#8224=CARTESIAN_POINT('Ctrl Pts',(23.5109734530611,56.7180215337704,-42.4013179319768));
#8225=CARTESIAN_POINT('Ctrl Pts',(25.9274089996634,61.157785031597,-39.6011574271683));
#8226=CARTESIAN_POINT('Ctrl Pts',(18.9039977985651,47.6682701153785,-42.7137178840107));
#8227=CARTESIAN_POINT('Ctrl Pts',(22.2691126838519,51.3931524552906,-39.8450951590489));
#8228=CARTESIAN_POINT('Ctrl Pts',(25.6342275691388,55.1180347952026,-36.9764724340871));
#8229=CARTESIAN_POINT('Ctrl Pts',(28.9993424544256,58.8429171351147,-34.1078497091254));
#8230=CARTESIAN_POINT('',(23.0094453021456,52.2126346987053,-39.213991899498));
#8231=CARTESIAN_POINT('',(18.9039977985651,47.6682701153785,-42.7137178840107));
#8232=CARTESIAN_POINT('',(28.9993424544256,58.8429171351147,-34.1078497091254));
#8233=CARTESIAN_POINT('',(18.9039977985651,47.6682701153785,-42.7137178840107));
#8234=CARTESIAN_POINT('',(19.783542090139,65.7875208245616,-50.587772863254));
#8235=CARTESIAN_POINT('Ctrl Pts',(18.9039977985651,47.6682701153785,-42.7137178840107));
#8236=CARTESIAN_POINT('Ctrl Pts',(22.2691126838519,51.3931524552906,-39.8450951590489));
#8237=CARTESIAN_POINT('Ctrl Pts',(25.6342275691388,55.1180347952026,-36.9764724340871));
#8238=CARTESIAN_POINT('Ctrl Pts',(28.9993424544256,58.8429171351147,-34.1078497091254));
#8239=CARTESIAN_POINT('Ctrl Pts',(19.9815381115168,46.8562852484048,-40.5559004535501));
#8240=CARTESIAN_POINT('Ctrl Pts',(22.985653712154,50.8532000613487,-37.4203996003332));
#8241=CARTESIAN_POINT('Ctrl Pts',(25.9952268537883,54.8460023221707,-34.2868318664831));
#8242=CARTESIAN_POINT('Ctrl Pts',(28.9993424544256,58.8429171351147,-31.1513310132662));
#8243=CARTESIAN_POINT('Ctrl Pts',(20.4506659532886,46.5027720632216,-37.9320279874944));
#8244=CARTESIAN_POINT('Ctrl Pts',(23.2983598329376,50.6175590975403,-34.6859010741003));
#8245=CARTESIAN_POINT('Ctrl Pts',(26.1516485747766,54.728130100796,-31.4409392308011));
#8246=CARTESIAN_POINT('Ctrl Pts',(28.9993424544256,58.8429171351147,-28.194812317407));
#8247=CARTESIAN_POINT('Ctrl Pts',(20.2107562199347,46.6835570144496,-35.4049053678574));
#8248=CARTESIAN_POINT('Ctrl Pts',(23.140284964765,50.7366770546713,-32.0160347857542));
#8249=CARTESIAN_POINT('Ctrl Pts',(26.0698137095953,54.789797094893,-28.627164203651));
#8250=CARTESIAN_POINT('Ctrl Pts',(28.9993424544256,58.8429171351147,-25.2382936215478));
#8251=CARTESIAN_POINT('',(20.2107562199347,46.6835570144496,-35.4049053678574));
#8252=CARTESIAN_POINT('',(28.9993424544256,58.8429171351147,-34.1078497091254));
#8253=CARTESIAN_POINT('Ctrl Pts',(20.2107562199347,46.6835570144496,-35.4049053678574));
#8254=CARTESIAN_POINT('Ctrl Pts',(23.140284964765,50.7366770546713,-32.0160347857542));
#8255=CARTESIAN_POINT('Ctrl Pts',(26.0698137095953,54.789797094893,-28.627164203651));
#8256=CARTESIAN_POINT('Ctrl Pts',(28.9993424544256,58.8429171351147,-25.2382936215478));
#8257=CARTESIAN_POINT('Ctrl Pts',(19.4344569765233,47.2685404534139,-32.1942966415259));
#8258=CARTESIAN_POINT('Ctrl Pts',(21.9425634556624,51.6392249487507,-28.7706077480948));
#8259=CARTESIAN_POINT('Ctrl Pts',(24.4563881575054,56.0056004542096,-25.3427723193698));
#8260=CARTESIAN_POINT('Ctrl Pts',(26.9644946366445,60.3762849495464,-21.9190834259386));
#8261=CARTESIAN_POINT('Ctrl Pts',(16.8469998139103,49.2183292777685,-27.0496768146885));
#8262=CARTESIAN_POINT('Ctrl Pts',(19.0330232907431,53.8317207239624,-23.4027391569131));
#8263=CARTESIAN_POINT('Ctrl Pts',(21.2174874786949,58.446287178608,-19.757403241398));
#8264=CARTESIAN_POINT('Ctrl Pts',(23.4035109555277,63.0596786248019,-16.1104655836227));
#8265=CARTESIAN_POINT('Ctrl Pts',(12.7436803070858,52.3104023110019,-23.9666239804745));
#8266=CARTESIAN_POINT('Ctrl Pts',(15.1101289222038,56.7878336635006,-19.412138631721));
#8267=CARTESIAN_POINT('Ctrl Pts',(17.4760786592928,61.2656409475587,-14.8563330900602));
#8268=CARTESIAN_POINT('Ctrl Pts',(19.8425272744108,65.7430723000575,-10.3018477413067));
#8269=CARTESIAN_POINT('Ctrl Pts',(10.8496743359326,53.7376381814832,-23.1267014686104));
#8270=CARTESIAN_POINT('Ctrl Pts',(13.3385800276467,58.1227915079493,-18.0219476772736));
#8271=CARTESIAN_POINT('Ctrl Pts',(15.8274857193609,62.5079448344153,-12.9171938859367));
#8272=CARTESIAN_POINT('Ctrl Pts',(18.316391411075,66.8930981608813,-7.81244009459982));
#8273=CARTESIAN_POINT('Origin',(18.9979488278329,119.385459805008,-15.0715665600162));
#8274=CARTESIAN_POINT('',(33.0792754042645,122.49845565251,2.58311019446934));
#8275=CARTESIAN_POINT('Origin',(113.369726296261,112.097303680191,-56.4047538892262));
#8276=CARTESIAN_POINT('',(25.2012182343978,123.155318135405,6.30836245169895));
#8277=CARTESIAN_POINT('Origin',(18.9979488278329,119.385459805008,-15.0715665600162));
#8278=CARTESIAN_POINT('',(17.2788327485437,117.011420561651,-28.5354121599257));
#8279=CARTESIAN_POINT('Origin',(11.,118.362937383953,-20.8705793766975));
#8280=CARTESIAN_POINT('',(16.4711701225835,116.507346548129,-31.3941579485546));
#8281=CARTESIAN_POINT('Origin',(9.83198765701129,116.934275406778,-28.9729240742252));
#8282=CARTESIAN_POINT('Origin',(113.369726296261,112.097303680191,-56.4047538892262));
#8283=CARTESIAN_POINT('Ctrl Pts',(12.5518707357758,100.603944637757,-39.1830900969811));
#8284=CARTESIAN_POINT('Ctrl Pts',(13.8583038647117,105.905078607881,-36.5867793808389));
#8285=CARTESIAN_POINT('Ctrl Pts',(15.1647369936476,111.206212578005,-33.9904686646967));
#8286=CARTESIAN_POINT('Ctrl Pts',(16.4711701225835,116.507346548129,-31.3941579485546));
#8287=CARTESIAN_POINT('Ctrl Pts',(11.8253635613438,101.151407061479,-38.8114826090628));
#8288=CARTESIAN_POINT('Ctrl Pts',(13.2266249587392,106.200577671528,-36.7330583819018));
#8289=CARTESIAN_POINT('Ctrl Pts',(14.6251805583049,111.249633623854,-34.6552844110036));
#8290=CARTESIAN_POINT('Ctrl Pts',(16.0264419557004,116.298804233903,-32.5768601838426));
#8291=CARTESIAN_POINT('Ctrl Pts',(10.3723492124797,102.246331908923,-38.0682676332264));
#8292=CARTESIAN_POINT('Ctrl Pts',(11.7378692008066,106.805777333762,-36.9450754771152));
#8293=CARTESIAN_POINT('Ctrl Pts',(13.1033257973583,111.365431244655,-35.820700937841));
#8294=CARTESIAN_POINT('Ctrl Pts',(14.4688457856853,115.924876669494,-34.6975087817299));
#8295=CARTESIAN_POINT('Ctrl Pts',(8.5560812763996,103.614987968228,-37.1392489134309));
#8296=CARTESIAN_POINT('Ctrl Pts',(9.50890589866922,107.643055864382,-36.7519766395557));
#8297=CARTESIAN_POINT('Ctrl Pts',(10.4610772247109,111.67154973321,-36.3622885545996));
#8298=CARTESIAN_POINT('Ctrl Pts',(11.4139018469805,115.699617629364,-35.9750162807245));
#8299=CARTESIAN_POINT('Ctrl Pts',(6.7398133403195,104.983644027533,-36.2102301936354));
#8300=CARTESIAN_POINT('Ctrl Pts',(7.22013895051749,108.556729852448,-36.1256176330814));
#8301=CARTESIAN_POINT('Ctrl Pts',(7.70074708896056,112.129664056232,-36.0418649586889));
#8302=CARTESIAN_POINT('Ctrl Pts',(8.18107269915855,115.702749881147,-35.9572523981349));
#8303=CARTESIAN_POINT('Ctrl Pts',(5.65005257867144,105.804837663116,-35.652818961758));
#8304=CARTESIAN_POINT('Ctrl Pts',(5.88496138607804,109.149655283243,-35.4961766196825));
#8305=CARTESIAN_POINT('Ctrl Pts',(6.12109012865283,112.495599059093,-35.3331475311301));
#8306=CARTESIAN_POINT('Ctrl Pts',(6.35599893605944,115.84041667922,-35.1765051890546));
#8307=CARTESIAN_POINT('Ctrl Pts',(4.9235454042394,106.352300086838,-35.2812114738398));
#8308=CARTESIAN_POINT('Ctrl Pts',(5.06995367133297,109.561799579335,-34.9809276346341));
#8309=CARTESIAN_POINT('Ctrl Pts',(5.21636193842654,112.771299071833,-34.6806437954284));
#8310=CARTESIAN_POINT('Ctrl Pts',(5.36277020552011,115.980798564331,-34.3803599562226));
#8311=CARTESIAN_POINT('',(12.5518707357758,100.603944637757,-39.183090096981));
#8312=CARTESIAN_POINT('Ctrl Pts',(20.4189923376346,94.6756432920248,-3.49999865205933));
#8313=CARTESIAN_POINT('Ctrl Pts',(22.0130676365556,104.168868239818,-0.230544950806573));
#8314=CARTESIAN_POINT('Ctrl Pts',(23.6071429354767,113.662093187611,3.03890875044619));
#8315=CARTESIAN_POINT('Ctrl Pts',(25.2012182343978,123.155318135405,6.30836245169894));
#8316=CARTESIAN_POINT('Ctrl Pts',(20.4189923376346,94.6756432920248,-13.7797921289713));
#8317=CARTESIAN_POINT('Ctrl Pts',(22.8884073220964,104.095883519496,-7.49765751955122));
#8318=CARTESIAN_POINT('Ctrl Pts',(25.3578223065582,113.516123746968,-1.21552291013103));
#8319=CARTESIAN_POINT('Ctrl Pts',(27.8272372910201,122.93636397444,5.0666116992891));
#8320=CARTESIAN_POINT('Ctrl Pts',(20.4189923376346,94.6756432920248,-24.0595856058834));
#8321=CARTESIAN_POINT('Ctrl Pts',(23.7637470076371,104.022898799175,-14.7647700882958));
#8322=CARTESIAN_POINT('Ctrl Pts',(27.1085016776397,113.370154306325,-5.46995457070831));
#8323=CARTESIAN_POINT('Ctrl Pts',(30.4532563476423,122.717409813475,3.82486094687925));
#8324=CARTESIAN_POINT('Ctrl Pts',(20.4189923376346,94.6756432920248,-34.3393790827954));
#8325=CARTESIAN_POINT('Ctrl Pts',(24.6390866931779,103.949914078853,-22.0318826570405));
#8326=CARTESIAN_POINT('Ctrl Pts',(28.8591810487212,113.224184865682,-9.72438623128553));
#8327=CARTESIAN_POINT('Ctrl Pts',(33.0792754042645,122.49845565251,2.5831101944694));
#8328=CARTESIAN_POINT('',(20.4189923376346,94.6756432920248,-34.3393790827954));
#8329=CARTESIAN_POINT('Ctrl Pts',(20.4189923376346,94.6756432920248,-21.9371973038211));
#8330=CARTESIAN_POINT('Ctrl Pts',(20.4189923376346,94.6756432920248,-26.0712578968125));
#8331=CARTESIAN_POINT('Ctrl Pts',(20.4189923376346,94.6756432920248,-30.205318489804));
#8332=CARTESIAN_POINT('Ctrl Pts',(20.4189923376346,94.6756432920248,-34.3393790827954));
#8333=CARTESIAN_POINT('Ctrl Pts',(20.4189923376346,94.6756432920248,-34.3393790827954));
#8334=CARTESIAN_POINT('Ctrl Pts',(24.6390866931779,103.949914078853,-22.0318826570405));
#8335=CARTESIAN_POINT('Ctrl Pts',(28.8591810487212,113.224184865682,-9.72438623128557));
#8336=CARTESIAN_POINT('Ctrl Pts',(33.0792754042645,122.49845565251,2.58311019446934));
#8337=CARTESIAN_POINT('Ctrl Pts',(17.5511454029456,96.8367209647345,-35.1888001185805));
#8338=CARTESIAN_POINT('Ctrl Pts',(20.1658112704125,104.794732967441,-25.9771947510808));
#8339=CARTESIAN_POINT('Ctrl Pts',(22.7853439702912,112.752957844711,-16.7658309222721));
#8340=CARTESIAN_POINT('Ctrl Pts',(25.4000098377581,120.710969847418,-7.55422555477237));
#8341=CARTESIAN_POINT('Ctrl Pts',(14.8401888232785,98.8795732749955,-36.8579099796523));
#8342=CARTESIAN_POINT('Ctrl Pts',(16.4675450335654,105.474441008302,-30.9585866207565));
#8343=CARTESIAN_POINT('Ctrl Pts',(18.0997888689842,112.069706626723,-25.059234437039));
#8344=CARTESIAN_POINT('Ctrl Pts',(19.7271450792711,118.66457436003,-19.1599110781432));
#8345=CARTESIAN_POINT('Ctrl Pts',(12.5518707357758,100.603944637757,-39.183090096981));
#8346=CARTESIAN_POINT('Ctrl Pts',(13.8583038647117,105.905078607881,-36.5867793808389));
#8347=CARTESIAN_POINT('Ctrl Pts',(15.1647369936476,111.206212578005,-33.9904686646967));
#8348=CARTESIAN_POINT('Ctrl Pts',(16.4711701225835,116.507346548129,-31.3941579485546));
#8349=CARTESIAN_POINT('Ctrl Pts',(17.2792860252226,117.011399290014,-28.5355327973699));
#8350=CARTESIAN_POINT('Ctrl Pts',(18.270059118344,117.594970255534,-25.2259373901607));
#8351=CARTESIAN_POINT('Ctrl Pts',(19.4383414448575,118.169429478377,-21.9680172435402));
#8352=CARTESIAN_POINT('Ctrl Pts',(20.7757969781846,118.731769869903,-18.7788264046444));
#8353=CARTESIAN_POINT('Origin',(11.,118.362937383953,-20.8705793766975));
#8354=CARTESIAN_POINT('',(18.7526970765449,117.26612281722,-27.0909238885018));
#8355=CARTESIAN_POINT('Origin',(11.,118.362937383953,-20.8705793766975));
#8356=CARTESIAN_POINT('Origin',(11.,118.362937383953,-20.8705793766975));
#8357=CARTESIAN_POINT('Origin',(26.1956709177437,90.3226037518415,-21.9072377114642));
#8358=CARTESIAN_POINT('',(42.5599555477775,77.9912307918446,-32.4488834977186));
#8359=CARTESIAN_POINT('',(22.5512629762951,93.0688621163469,-11.7036188557321));
#8360=CARTESIAN_POINT('Origin',(42.5599555477775,77.9912307918446,-3.49999865205933));
#8361=CARTESIAN_POINT('',(42.5599555477775,77.9912307918446,-32.4488834977186));
#8362=CARTESIAN_POINT('Ctrl Pts',(42.5599555477775,77.9912307918446,-32.4488834977186));
#8363=CARTESIAN_POINT('Ctrl Pts',(38.0397511833268,71.6084595729346,-33.0018722348542));
#8364=CARTESIAN_POINT('Ctrl Pts',(33.5195468188762,65.2256883540246,-33.5548609719898));
#8365=CARTESIAN_POINT('Ctrl Pts',(28.9993424544256,58.8429171351147,-34.1078497091254));
#8366=CARTESIAN_POINT('Ctrl Pts',(40.3029255160904,79.6920249134261,-34.2181188893176));
#8367=CARTESIAN_POINT('Ctrl Pts',(35.5110866772814,73.5139449528164,-36.0124650686011));
#8368=CARTESIAN_POINT('Ctrl Pts',(30.7192478384724,67.3358649922067,-37.8068112478847));
#8369=CARTESIAN_POINT('Ctrl Pts',(25.9274089996634,61.157785031597,-39.6011574271683));
#8370=CARTESIAN_POINT('Ctrl Pts',(38.0458954844033,81.3928190350075,-35.9873542809166));
#8371=CARTESIAN_POINT('Ctrl Pts',(32.9824221712359,75.4194303326981,-39.0230579023481));
#8372=CARTESIAN_POINT('Ctrl Pts',(27.9189488580686,69.4460416303887,-42.0587615237796));
#8373=CARTESIAN_POINT('Ctrl Pts',(22.8554755449012,63.4726529280793,-45.0944651452111));
#8374=CARTESIAN_POINT('Ctrl Pts',(35.7888654527162,83.093613156589,-37.7565896725156));
#8375=CARTESIAN_POINT('Ctrl Pts',(30.4537576651905,77.3249157125798,-42.0336507360951));
#8376=CARTESIAN_POINT('Ctrl Pts',(25.1186498776648,71.5562182685707,-46.3107117996745));
#8377=CARTESIAN_POINT('Ctrl Pts',(19.783542090139,65.7875208245616,-50.587772863254));
#8378=CARTESIAN_POINT('Origin',(11.,122.302168396001,-21.5651720873652));
#8379=CARTESIAN_POINT('',(18.3327636356094,118.167057844235,-27.740237932274));
#8380=CARTESIAN_POINT('Ctrl Pts',(18.3329114192275,118.167034451572,-27.7403727883714));
#8381=CARTESIAN_POINT('Ctrl Pts',(18.4634263981093,117.845776802547,-27.5416198336249));
#8382=CARTESIAN_POINT('Ctrl Pts',(18.6036082306568,117.541533127663,-27.3268093942836));
#8383=CARTESIAN_POINT('Ctrl Pts',(18.7530591433804,117.265787686192,-27.0915195070525));
#8384=CARTESIAN_POINT('',(17.4690046526458,120.971633827787,-29.0744575415766));
#8385=CARTESIAN_POINT('Ctrl Pts',(17.4828294858628,120.980012016712,-29.0634935239223));
#8386=CARTESIAN_POINT('Ctrl Pts',(17.6587589800298,120.205038502096,-28.7747412869492));
#8387=CARTESIAN_POINT('Ctrl Pts',(17.9220906561488,119.243818626589,-28.3641453617272));
#8388=CARTESIAN_POINT('Ctrl Pts',(18.2564906286358,118.35626231591,-27.8569515649345));
#8389=CARTESIAN_POINT('Ctrl Pts',(18.3332201369066,118.167361836318,-27.7400914799809));
#8390=CARTESIAN_POINT('Origin',(11.,122.302168396001,-21.5651720873652));
#8391=CARTESIAN_POINT('Origin',(11.,122.302168396001,-21.5651720873652));
#8392=CARTESIAN_POINT('Ctrl Pts',(18.7532872982543,117.266133763402,-27.0912948779763));
#8393=CARTESIAN_POINT('Ctrl Pts',(18.8284982815291,117.127342522222,-26.9728745717773));
#8394=CARTESIAN_POINT('Ctrl Pts',(19.0671845565236,116.722435552903,-26.5924741181158));
#8395=CARTESIAN_POINT('Ctrl Pts',(19.503446592145,116.181964692663,-25.8640372139624));
#8396=CARTESIAN_POINT('Ctrl Pts',(20.2339621758947,115.828309370504,-24.47030269702));
#8397=CARTESIAN_POINT('Ctrl Pts',(20.8153262113924,116.594875552223,-22.8164926160317));
#8398=CARTESIAN_POINT('Ctrl Pts',(20.955829329271,117.708783922882,-21.8318720780874));
#8399=CARTESIAN_POINT('Ctrl Pts',(20.9824434652163,118.265678842367,-21.431077335846));
#8400=CARTESIAN_POINT('Origin',(11.,122.302168396001,-21.5651720873652));
#8401=CARTESIAN_POINT('',(20.7752703433102,122.834431224581,-18.5465595846919));
#8402=CARTESIAN_POINT('Origin',(97.6153324093898,127.501182930253,7.9199045206618));
#8403=CARTESIAN_POINT('Ctrl Pts',(20.7302507759996,122.702738228523,-19.2930345491655));
#8404=CARTESIAN_POINT('Ctrl Pts',(20.7187055810636,122.71120401848,-19.24507539242));
#8405=CARTESIAN_POINT('Ctrl Pts',(20.7099281559516,122.719793898072,-19.1964983080644));
#8406=CARTESIAN_POINT('Ctrl Pts',(20.7039057850699,122.728443106211,-19.1475938512838));
#8407=CARTESIAN_POINT('Ctrl Pts',(20.6979240460164,122.737033959735,-19.0990193438747));
#8408=CARTESIAN_POINT('Ctrl Pts',(20.6946605671154,122.745683020944,-19.0501209278467));
#8409=CARTESIAN_POINT('Ctrl Pts',(20.694152450603,122.754328358553,-19.0011935806645));
#8410=CARTESIAN_POINT('Ctrl Pts',(20.6938493770273,122.759484997469,-18.9720101439998));
#8411=CARTESIAN_POINT('Ctrl Pts',(20.6945275072692,122.76464036345,-18.9428166760145));
#8412=CARTESIAN_POINT('Ctrl Pts',(20.696202663303,122.76978229329,-18.9136796213813));
#8413=CARTESIAN_POINT('Ctrl Pts',(20.6988287745544,122.777843201967,-18.8680019976495));
#8414=CARTESIAN_POINT('Ctrl Pts',(20.7039000237399,122.785867297063,-18.822501904027));
#8415=CARTESIAN_POINT('Ctrl Pts',(20.7114985269231,122.793802687087,-18.7774420836275));
#8416=CARTESIAN_POINT('Ctrl Pts',(20.7187562186202,122.801382155426,-18.734403306581));
#8417=CARTESIAN_POINT('Ctrl Pts',(20.7283199113966,122.808880520429,-18.6917656883909));
#8418=CARTESIAN_POINT('Ctrl Pts',(20.7402951279558,122.816262358014,-18.6497881439304));
#8419=CARTESIAN_POINT('Ctrl Pts',(20.7502579464979,122.822403700679,-18.6148647956776));
#8420=CARTESIAN_POINT('Ctrl Pts',(20.7618905077745,122.828464488227,-18.5803986277918));
#8421=CARTESIAN_POINT('Ctrl Pts',(20.7752703433182,122.834431224523,-18.5465595847117));
#8422=CARTESIAN_POINT('Origin',(11.,122.302168396001,-21.5651720873652));
#8423=CARTESIAN_POINT('Ctrl Pts',(17.14467995638,120.890342965031,-29.5717531979968));
#8424=CARTESIAN_POINT('Ctrl Pts',(17.1560857074878,120.897742756255,-29.5298369717248));
#8425=CARTESIAN_POINT('Ctrl Pts',(17.1703833923488,120.904999197107,-29.4888175668523));
#8426=CARTESIAN_POINT('Ctrl Pts',(17.1873839149922,120.912055707182,-29.4489233896818));
#8427=CARTESIAN_POINT('Ctrl Pts',(17.2045492747051,120.919180637181,-29.4086423985649));
#8428=CARTESIAN_POINT('Ctrl Pts',(17.2244706791809,120.926101655971,-29.369507603429));
#8429=CARTESIAN_POINT('Ctrl Pts',(17.2470007513163,120.932763563176,-29.3317760228408));
#8430=CARTESIAN_POINT('Ctrl Pts',(17.2513112513356,120.934038133047,-29.32455713877));
#8431=CARTESIAN_POINT('Ctrl Pts',(17.2557173634131,120.93530323045,-29.3173897069672));
#8432=CARTESIAN_POINT('Ctrl Pts',(17.2602182251955,120.9365584885,-29.3102756641853));
#8433=CARTESIAN_POINT('Ctrl Pts',(17.2839167976931,120.943167850293,-29.2728178023868));
#8434=CARTESIAN_POINT('Ctrl Pts',(17.3101186062769,120.949470673817,-29.2370277233715));
#8435=CARTESIAN_POINT('Ctrl Pts',(17.3386430768088,120.955429515131,-29.2031600614566));
#8436=CARTESIAN_POINT('Ctrl Pts',(17.3665382666288,120.961256897953,-29.1700395568422));
#8437=CARTESIAN_POINT('Ctrl Pts',(17.3966554007159,120.966754780962,-29.1387567562416));
#8438=CARTESIAN_POINT('Ctrl Pts',(17.4288642663369,120.971890991401,-29.109579640824));
#8439=CARTESIAN_POINT('Ctrl Pts',(17.4379187085233,120.973334864682,-29.1013774735132));
#8440=CARTESIAN_POINT('Ctrl Pts',(17.4471386614232,120.974750202496,-29.0933419374698));
#8441=CARTESIAN_POINT('Ctrl Pts',(17.4565217016064,120.976136434995,-29.0854795665151));
#8442=CARTESIAN_POINT('Ctrl Pts',(17.4572062954251,120.976237575583,-29.0849059218914));
#8443=CARTESIAN_POINT('Ctrl Pts',(17.4578917243027,120.976338558753,-29.0843332244899));
#8444=CARTESIAN_POINT('Ctrl Pts',(17.4585779774811,120.976439375799,-29.0837614921953));
#8445=CARTESIAN_POINT('Origin',(12.,39.0019121783677,-36.4543192984793));
#8446=CARTESIAN_POINT('',(20.,42.3365180285814,-35.4359981817409));
#8447=CARTESIAN_POINT('',(20.,39.0019121783677,-36.4543192984793));
#8448=CARTESIAN_POINT('',(12.,40.,-27.7848098098529));
#8449=CARTESIAN_POINT('Origin',(12.,42.3365180285814,-35.4359981817409));
#8450=CARTESIAN_POINT('',(12.,36.6653941497863,-28.8031309265913));
#8451=CARTESIAN_POINT('Origin',(20.,34.8882671350761,-34.9215898594717));
#8452=CARTESIAN_POINT('',(20.,43.795772156619,-59.5344794209553));
#8453=CARTESIAN_POINT('',(20.,20.9695449940831,-66.5051470738022));
#8454=CARTESIAN_POINT('',(20.,43.795772156619,-48.));
#8455=CARTESIAN_POINT('',(20.,43.795772156619,-3.95639966932458));
#8456=CARTESIAN_POINT('',(20.,43.1572978436331,-48.));
#8457=CARTESIAN_POINT('',(20.,65.0781076473348,-48.));
#8458=CARTESIAN_POINT('',(20.,43.1572978436331,-39.119549339288));
#8459=CARTESIAN_POINT('',(20.,43.1572978436331,-35.4607949297359));
#8460=CARTESIAN_POINT('',(20.,43.9213835157603,-34.9236985885754));
#8461=CARTESIAN_POINT('Ctrl Pts',(20.,43.1572978436331,-39.119549339288));
#8462=CARTESIAN_POINT('Ctrl Pts',(20.,43.1572978436331,-38.8767887311454));
#8463=CARTESIAN_POINT('Ctrl Pts',(19.9998913358692,43.1659819923396,-38.6342479006021));
#8464=CARTESIAN_POINT('Ctrl Pts',(19.999721429562,43.1826740357243,-38.3922940578472));
#8465=CARTESIAN_POINT('Ctrl Pts',(19.9995492211334,43.1995922455871,-38.1470618957618));
#8466=CARTESIAN_POINT('Ctrl Pts',(19.9993142082415,43.224736619562,-37.9024325443237));
#8467=CARTESIAN_POINT('Ctrl Pts',(19.99905733569,43.2574197023005,-37.6587379490065));
#8468=CARTESIAN_POINT('Ctrl Pts',(19.9987946576267,43.2908414471352,-37.4095356737055));
#8469=CARTESIAN_POINT('Ctrl Pts',(19.998509241351,43.3321462933343,-37.1613107274676));
#8470=CARTESIAN_POINT('Ctrl Pts',(19.9982343320767,43.3806197104706,-36.9143682958828));
#8471=CARTESIAN_POINT('Ctrl Pts',(19.997955764885,43.4297381104034,-36.6641400711871));
#8472=CARTESIAN_POINT('Ctrl Pts',(19.9976880832406,43.4862169516238,-36.4152284536252));
#8473=CARTESIAN_POINT('Ctrl Pts',(19.9974535293477,43.5493366299404,-36.1679037678721));
#8474=CARTESIAN_POINT('Ctrl Pts',(19.9972138602871,43.6138328266219,-35.9151854080523));
#8475=CARTESIAN_POINT('Ctrl Pts',(19.9970088878692,43.6852624797115,-35.6641237132015));
#8476=CARTESIAN_POINT('Ctrl Pts',(19.9968479300938,43.7628853571225,-35.4149618770175));
#8477=CARTESIAN_POINT('Ctrl Pts',(19.9967467027266,43.8117028776889,-35.25826241588));
#8478=CARTESIAN_POINT('Ctrl Pts',(19.9966625895074,43.8629705227487,-35.1023135040721));
#8479=CARTESIAN_POINT('Ctrl Pts',(19.9965948219924,43.9165099976832,-34.9471674681265));
#8480=CARTESIAN_POINT('Ctrl Pts',(19.9965915388808,43.9191038078289,-34.9396511567955));
#8481=CARTESIAN_POINT('Ctrl Pts',(19.9965882735276,43.9217032859794,-34.9321356958044));
#8482=CARTESIAN_POINT('Ctrl Pts',(19.9965850967427,43.9243085060059,-34.9246210581178));
#8483=CARTESIAN_POINT('Origin',(20.,27.3755963743835,13.5552051357989));
#8484=CARTESIAN_POINT('Origin',(18.,20.9695449940831,-66.5051470738022));
#8485=CARTESIAN_POINT('Origin',(18.,43.795772156619,-59.5344794209553));
#8486=CARTESIAN_POINT('Origin',(-8.99846760397175,130.,0.));
#8487=CARTESIAN_POINT('',(29.0233274047393,129.999999999995,3.42725840230771));
#8488=CARTESIAN_POINT('',(5.86177971558204,130.,14.7200474826003));
#8489=CARTESIAN_POINT('',(29.1931076878052,129.999999996791,2.0857612466201));
#8490=CARTESIAN_POINT('Ctrl Pts',(29.1931076815047,130.,2.08576124195975));
#8491=CARTESIAN_POINT('Ctrl Pts',(29.2190788644865,130.,2.12624086818426));
#8492=CARTESIAN_POINT('Ctrl Pts',(29.2436396996011,129.999978523654,2.16783564721912));
#8493=CARTESIAN_POINT('Ctrl Pts',(29.2663977692767,129.999962751592,2.21041501279478));
#8494=CARTESIAN_POINT('Ctrl Pts',(29.2879574325394,129.999947810064,2.25075221172406));
#8495=CARTESIAN_POINT('Ctrl Pts',(29.3078990179112,129.999938029199,2.29197338116313));
#8496=CARTESIAN_POINT('Ctrl Pts',(29.3258623975426,129.999937573978,2.33393498014424));
#8497=CARTESIAN_POINT('Ctrl Pts',(29.3383229382395,129.999937258208,2.36304220954862));
#8498=CARTESIAN_POINT('Ctrl Pts',(29.3498310849449,129.999941051388,2.39250506047091));
#8499=CARTESIAN_POINT('Ctrl Pts',(29.3602591727891,129.999944298964,2.42226425133089));
#8500=CARTESIAN_POINT('Ctrl Pts',(29.3735930142294,129.999948451467,2.46031574631677));
#8501=CARTESIAN_POINT('Ctrl Pts',(29.3852179551574,129.999951423477,2.49900847005086));
#8502=CARTESIAN_POINT('Ctrl Pts',(29.3947780783347,129.999956120305,2.53818899504437));
#8503=CARTESIAN_POINT('Ctrl Pts',(29.3961929897913,129.999956815442,2.54398776694959));
#8504=CARTESIAN_POINT('Ctrl Pts',(29.397562624526,129.999957503798,2.54979715747354));
#8505=CARTESIAN_POINT('Ctrl Pts',(29.3988857784369,129.999958147027,2.55561659732728));
#8506=CARTESIAN_POINT('Ctrl Pts',(29.4074936808577,129.999962331614,2.59347551154296));
#8507=CARTESIAN_POINT('Ctrl Pts',(29.4141352625778,129.9999659597,2.63176332700001));
#8508=CARTESIAN_POINT('Ctrl Pts',(29.4185106361653,129.999976123109,2.67028497210682));
#8509=CARTESIAN_POINT('Ctrl Pts',(29.4214390811776,129.999982925496,2.69606757494584));
#8510=CARTESIAN_POINT('Ctrl Pts',(29.4233520960264,129.999992333526,2.72195408629267));
#8511=CARTESIAN_POINT('Ctrl Pts',(29.4241573185138,130.000001882839,2.74787389625744));
#8512=CARTESIAN_POINT('Ctrl Pts',(29.425333482697,130.000015831233,2.78573418033236));
#8513=CARTESIAN_POINT('Ctrl Pts',(29.424139395249,130.00003279642,2.82347225687322));
#8514=CARTESIAN_POINT('Ctrl Pts',(29.4203293788499,130.000051892648,2.86086695853925));
#8515=CARTESIAN_POINT('Ctrl Pts',(29.4166860708002,130.000070153316,2.89662544441565));
#8516=CARTESIAN_POINT('Ctrl Pts',(29.4106504934504,130.000090488034,2.9320701534318));
#8517=CARTESIAN_POINT('Ctrl Pts',(29.4019992120442,130.000088669493,2.96696632667971));
#8518=CARTESIAN_POINT('Ctrl Pts',(29.4004473023762,130.000088343275,2.97322617491461));
#8519=CARTESIAN_POINT('Ctrl Pts',(29.3988112045363,130.000087237783,2.97946825544168));
#8520=CARTESIAN_POINT('Ctrl Pts',(29.3970896076082,130.000085123229,2.98569105616879));
#8521=CARTESIAN_POINT('Ctrl Pts',(29.3931782544132,130.000080319106,2.99982884365458));
#8522=CARTESIAN_POINT('Ctrl Pts',(29.388825557974,130.000070325279,3.01386719617585));
#8523=CARTESIAN_POINT('Ctrl Pts',(29.3840202411678,130.00005685795,3.02778906871313));
#8524=CARTESIAN_POINT('Ctrl Pts',(29.3695534033778,130.000016313348,3.06970211625063));
#8525=CARTESIAN_POINT('Ctrl Pts',(29.3512700414085,129.999949938223,3.10973123998514));
#8526=CARTESIAN_POINT('Ctrl Pts',(29.3292765672027,129.999911386064,3.14760795548601));
#8527=CARTESIAN_POINT('Ctrl Pts',(29.3084695866236,129.999874913699,3.18344131571142));
#8528=CARTESIAN_POINT('Ctrl Pts',(29.2843415018895,129.999863148448,3.21734858205946));
#8529=CARTESIAN_POINT('Ctrl Pts',(29.2569809234967,129.999878948203,3.24907679532982));
#8530=CARTESIAN_POINT('Ctrl Pts',(29.2554207186528,129.999879849166,3.25088605942225));
#8531=CARTESIAN_POINT('Ctrl Pts',(29.2538500033952,129.999880828076,3.25268822977982));
#8532=CARTESIAN_POINT('Ctrl Pts',(29.252268794506,129.999881881184,3.25448325647597));
#8533=CARTESIAN_POINT('Ctrl Pts',(29.2269198090709,129.999898763979,3.28326003978797));
#8534=CARTESIAN_POINT('Ctrl Pts',(29.1993609357746,129.99993066882,3.30965972230512));
#8535=CARTESIAN_POINT('Ctrl Pts',(29.1699133530572,129.999976578489,3.33368195099171));
#8536=CARTESIAN_POINT('Ctrl Pts',(29.1393675034132,130.000024200389,3.35860010446515));
#8537=CARTESIAN_POINT('Ctrl Pts',(29.1067893885444,130.000086922469,3.38096045829897));
#8538=CARTESIAN_POINT('Ctrl Pts',(29.072510311802,130.000121922612,3.40078941057502));
#8539=CARTESIAN_POINT('Ctrl Pts',(29.0564383355609,130.000138332665,3.41008634853694));
#8540=CARTESIAN_POINT('Ctrl Pts',(29.0399920673475,130.000148063056,3.41882716278892));
#8541=CARTESIAN_POINT('Ctrl Pts',(29.0232037731147,130.000143709772,3.42701619510749));
#8542=CARTESIAN_POINT('Origin',(92.2843286576275,130.,-6.82495077383336));
#8543=CARTESIAN_POINT('Origin',(2.73204610048857,123.,8.30095350458798));
#8544=CARTESIAN_POINT('',(32.8332044992898,120.352994395181,4.35310295146626));
#8545=CARTESIAN_POINT('Ctrl Pts',(32.8332044992889,120.352994395183,4.35310295146729));
#8546=CARTESIAN_POINT('Ctrl Pts',(32.8102901892924,120.397218633856,4.37778038295143));
#8547=CARTESIAN_POINT('Ctrl Pts',(32.7870510227299,120.441116139884,4.40215242051008));
#8548=CARTESIAN_POINT('Ctrl Pts',(31.9174093119154,122.050257976275,5.2914188926287));
#8549=CARTESIAN_POINT('Ctrl Pts',(30.5084375270666,123.468575453269,5.92738844821427));
#8550=CARTESIAN_POINT('Ctrl Pts',(28.0213827539101,124.961099697969,6.89432506121586));
#8551=CARTESIAN_POINT('Ctrl Pts',(27.1309979117954,125.354771669817,7.22161233088978));
#8552=CARTESIAN_POINT('Ctrl Pts',(26.1142018999365,125.652843248606,7.62734435315238));
#8553=CARTESIAN_POINT('Ctrl Pts',(26.0015667050526,125.683828789794,7.67270212428548));
#8554=CARTESIAN_POINT('Ctrl Pts',(25.8887998666109,125.712813903219,7.71859464957095));
#8555=CARTESIAN_POINT('',(34.4226182617407,120.352994395181,3.57815843473636));
#8556=CARTESIAN_POINT('',(6.95822871789556,120.352994395181,16.9688680064959));
#8557=CARTESIAN_POINT('',(34.4298962557488,121.056769460643,3.75936687072133));
#8558=CARTESIAN_POINT('Origin',(34.,123.,-6.94424569793198));
#8559=CARTESIAN_POINT('Ctrl Pts',(29.0233687838829,129.999957838287,3.42713828761866));
#8560=CARTESIAN_POINT('Ctrl Pts',(29.8919586042628,129.021548916956,4.06979818402358));
#8561=CARTESIAN_POINT('Ctrl Pts',(32.0098743253699,126.176666964182,5.03919172006053));
#8562=CARTESIAN_POINT('Ctrl Pts',(33.7140637835921,122.935368607817,4.52240940204518));
#8563=CARTESIAN_POINT('Ctrl Pts',(34.4298962557489,121.056769460617,3.75936687071546));
#8564=CARTESIAN_POINT('Origin',(35.,105.864945493225,32.3290110917326));
#8565=CARTESIAN_POINT('',(35.,114.78610581393,4.13621049472686));
#8566=CARTESIAN_POINT('Origin',(35.,105.864945493225,32.3290110917327));
#8567=CARTESIAN_POINT('',(35.,115.365318403631,4.38925863327195));
#8568=CARTESIAN_POINT('Origin',(35.,105.864945493225,32.3290110917327));
#8569=CARTESIAN_POINT('',(34.0417944816996,115.965475947005,2.42397595152635));
#8570=CARTESIAN_POINT('',(46.2977240721799,108.289159693031,27.5609280070595));
#8571=CARTESIAN_POINT('Origin',(22.7440704095197,113.541261747199,7.19205903619954));
#8572=CARTESIAN_POINT('Origin',(35.,80.,-13.0696196197057));
#8573=CARTESIAN_POINT('',(35.,95.2853673829788,2.00000000000001));
#8574=CARTESIAN_POINT('Origin',(35.,81.954981831075,25.0273922524159));
#8575=CARTESIAN_POINT('',(35.,111.585129579993,2.00000000000001));
#8576=CARTESIAN_POINT('',(35.,97.6755907302034,2.));
#8577=CARTESIAN_POINT('',(35.,111.585129579993,-6.64462159377729));
#8578=CARTESIAN_POINT('',(35.,111.585129579993,-6.03480980985285));
#8579=CARTESIAN_POINT('',(35.,121.251092514556,2.87764823078493));
#8580=CARTESIAN_POINT('Origin',(35.,262.177641876521,40.7933002021412));
#8581=CARTESIAN_POINT('',(35.,120.617694955663,2.71136698454556));
#8582=CARTESIAN_POINT('Origin',(35.,123.,-6.94424569793198));
#8583=CARTESIAN_POINT('',(35.,115.396487461936,1.11691592059307));
#8584=CARTESIAN_POINT('',(35.,110.429385881918,-0.399936341749539));
#8585=CARTESIAN_POINT('',(35.,114.398823944916,1.96413620207765));
#8586=CARTESIAN_POINT('Ctrl Pts',(35.,114.398823944916,1.96413620207764));
#8587=CARTESIAN_POINT('Ctrl Pts',(35.,114.400990258617,1.91462161751953));
#8588=CARTESIAN_POINT('Ctrl Pts',(35.,114.412564357348,1.81516749226159));
#8589=CARTESIAN_POINT('Ctrl Pts',(35.,114.452773232984,1.66959751690999));
#8590=CARTESIAN_POINT('Ctrl Pts',(35.,114.513990815032,1.5339042955683));
#8591=CARTESIAN_POINT('Ctrl Pts',(35.,114.597455169106,1.40779853930414));
#8592=CARTESIAN_POINT('Ctrl Pts',(35.,114.699505955537,1.29854252311701));
#8593=CARTESIAN_POINT('Ctrl Pts',(35.,114.799152966985,1.22300009520101));
#8594=CARTESIAN_POINT('Ctrl Pts',(35.,114.886500530281,1.17379451317995));
#8595=CARTESIAN_POINT('Ctrl Pts',(35.,114.965800954937,1.13827970033327));
#8596=CARTESIAN_POINT('Ctrl Pts',(35.,115.037288447181,1.11588659519897));
#8597=CARTESIAN_POINT('Ctrl Pts',(35.,115.110723398277,1.10072781262944));
#8598=CARTESIAN_POINT('Ctrl Pts',(35.,115.172592584009,1.09283945014569));
#8599=CARTESIAN_POINT('Ctrl Pts',(35.,115.234585023839,1.09156094828453));
#8600=CARTESIAN_POINT('Ctrl Pts',(35.,115.284445650023,1.09478839786913));
#8601=CARTESIAN_POINT('Ctrl Pts',(35.,115.315387265809,1.09866554292262));
#8602=CARTESIAN_POINT('Ctrl Pts',(35.,115.33993971337,1.10292226342062));
#8603=CARTESIAN_POINT('Ctrl Pts',(35.,115.358213241215,1.10670699980309));
#8604=CARTESIAN_POINT('Ctrl Pts',(35.,115.373305727331,1.11036608390731));
#8605=CARTESIAN_POINT('Ctrl Pts',(35.,115.383784505135,1.11320153413008));
#8606=CARTESIAN_POINT('Ctrl Pts',(35.,115.389746088671,1.1149015801911));
#8607=CARTESIAN_POINT('Ctrl Pts',(35.,115.392717711907,1.11577847694809));
#8608=CARTESIAN_POINT('Ctrl Pts',(35.,115.394963790457,1.11645262640122));
#8609=CARTESIAN_POINT('Ctrl Pts',(35.,115.395725895791,1.11668335378339));
#8610=CARTESIAN_POINT('Ctrl Pts',(35.,115.396487420414,1.11691590791314));
#8611=CARTESIAN_POINT('Ctrl Pts',(35.,114.78610581393,4.13621049472687));
#8612=CARTESIAN_POINT('Ctrl Pts',(35.,114.56498313673,3.77465148260882));
#8613=CARTESIAN_POINT('Ctrl Pts',(35.,114.400591423638,3.03199529710528));
#8614=CARTESIAN_POINT('Ctrl Pts',(35.,114.384888876506,2.28264460772725));
#8615=CARTESIAN_POINT('Ctrl Pts',(35.,114.398823944916,1.96413620207764));
#8616=CARTESIAN_POINT('Origin',(35.,81.954981831075,25.0273922524159));
#8617=CARTESIAN_POINT('Origin',(117.519278471726,30.2702790166339,194.274704852199));
#8618=CARTESIAN_POINT('Ctrl Pts',(34.,96.2663341105733,1.));
#8619=CARTESIAN_POINT('Ctrl Pts',(34.1380341543067,96.0942140308629,1.));
#8620=CARTESIAN_POINT('Ctrl Pts',(34.2760524571425,95.9231502118154,1.02900087428874));
#8621=CARTESIAN_POINT('Ctrl Pts',(34.4901204575165,95.66769109766,1.1230929647608));
#8622=CARTESIAN_POINT('Ctrl Pts',(34.5845394532027,95.558012632506,1.18011469404559));
#8623=CARTESIAN_POINT('Ctrl Pts',(34.7587920981043,95.373074630068,1.33817662504002));
#8624=CARTESIAN_POINT('Ctrl Pts',(34.8388690777572,95.2976223565272,1.43872252427515));
#8625=CARTESIAN_POINT('Ctrl Pts',(34.8988529454915,95.2600523676116,1.56174963504716));
#8626=CARTESIAN_POINT('Ctrl Pts',(34.9238962293523,95.2443668852877,1.61311349293116));
#8627=CARTESIAN_POINT('Ctrl Pts',(34.9470752901599,95.2346244246913,1.67273183808879));
#8628=CARTESIAN_POINT('Ctrl Pts',(34.9809407137048,95.2342291239736,1.79552171026182));
#8629=CARTESIAN_POINT('Ctrl Pts',(34.9916247822158,95.2435429325785,1.85869376037978));
#8630=CARTESIAN_POINT('Ctrl Pts',(34.9987952895878,95.265793993653,1.94357618833052));
#8631=CARTESIAN_POINT('Ctrl Pts',(35.,95.2747889000141,1.97179487086036));
#8632=CARTESIAN_POINT('Ctrl Pts',(35.,95.2853673829788,2.00000000000001));
#8633=CARTESIAN_POINT('Origin',(37.5455475239979,90.5348078741253,-17.5));
#8634=CARTESIAN_POINT('',(45.6936851323528,84.3947457785545,6.55725473919233E-15));
#8635=CARTESIAN_POINT('Ctrl Pts',(45.6936851323528,84.3947457785545,5.8227571363416E-15));
#8636=CARTESIAN_POINT('Ctrl Pts',(44.5592621319466,85.2495948250404,-1.39688181340117E-14));
#8637=CARTESIAN_POINT('Ctrl Pts',(42.5867823459711,86.7359649565081,0.649971955746719));
#8638=CARTESIAN_POINT('Ctrl Pts',(40.9739676251482,87.9513080214496,2.16625679527574));
#8639=CARTESIAN_POINT('Ctrl Pts',(40.4205491958336,88.3683387202611,2.97531075650692));
#8640=CARTESIAN_POINT('',(47.528491399589,83.0121200847247,4.44089209850063E-15));
#8641=CARTESIAN_POINT('',(43.3356549718408,86.1716489562729,4.44089209850063E-15));
#8642=CARTESIAN_POINT('',(48.3271269096363,82.4103050615726,-0.999999999999997));
#8643=CARTESIAN_POINT('Origin',(47.528491399589,83.0121200847247,-0.999999999999996));
#8644=CARTESIAN_POINT('',(48.3271269096363,82.4103050615726,-3.50000000000001));
#8645=CARTESIAN_POINT('',(48.3271269096363,82.4103050615726,-26.75));
#8646=CARTESIAN_POINT('',(37.9448652790215,90.2339003625492,-3.50000000000001));
#8647=CARTESIAN_POINT('',(49.1257624196837,81.8084900384206,-3.50000000000001));
#8648=CARTESIAN_POINT('',(28.927326620765,97.0291031404369,-25.7770294039728));
#8649=CARTESIAN_POINT('Origin',(37.9448652790215,90.2339003625492,-17.5));
#8650=CARTESIAN_POINT('',(27.8066466161635,97.8735960967736,-28.9484295654737));
#8651=CARTESIAN_POINT('Origin',(27.6391068124427,97.9998463944209,-26.959462175969));
#8652=CARTESIAN_POINT('',(26.0755074353464,99.1781030377733,-29.3266844931678));
#8653=CARTESIAN_POINT('Origin',(29.1598746685013,96.8538656172218,-50.0350212446657));
#8654=CARTESIAN_POINT('',(25.3047745081056,99.7588919566408,-29.5941681591497));
#8655=CARTESIAN_POINT('Origin',(29.1598746685013,96.8538656172218,-50.0350212446657));
#8656=CARTESIAN_POINT('',(25.9653326283121,99.2611257098299,-27.8555608149043));
#8657=CARTESIAN_POINT('Ctrl Pts',(25.3047745081051,99.7588919566402,-29.5941681591508));
#8658=CARTESIAN_POINT('Ctrl Pts',(25.369710500405,99.7099591766452,-29.5689652523337));
#8659=CARTESIAN_POINT('Ctrl Pts',(25.4295922326268,99.6648350548023,-29.5274334961588));
#8660=CARTESIAN_POINT('Ctrl Pts',(25.5616941917389,99.5652890884868,-29.4011219154866));
#8661=CARTESIAN_POINT('Ctrl Pts',(25.6278501616983,99.5154369893856,-29.3053463980679));
#8662=CARTESIAN_POINT('Ctrl Pts',(25.7673766350732,99.4102962502773,-29.0443074573274));
#8663=CARTESIAN_POINT('Ctrl Pts',(25.8362942284797,99.3583631186486,-28.8483237548105));
#8664=CARTESIAN_POINT('Ctrl Pts',(25.9395812771435,99.2805307448048,-28.3789182832566));
#8665=CARTESIAN_POINT('Ctrl Pts',(25.9653326283121,99.2611257098299,-28.1142733360838));
#8666=CARTESIAN_POINT('Ctrl Pts',(25.9653326283121,99.2611257098299,-27.8555608149043));
#8667=CARTESIAN_POINT('',(25.9653326283121,99.2611257098299,-8.25));
#8668=CARTESIAN_POINT('Ctrl Pts',(40.669149489657,87.7202421837417,3.47942563042243));
#8669=CARTESIAN_POINT('Ctrl Pts',(41.1509641182596,87.2561601894125,2.80521399606312));
#8670=CARTESIAN_POINT('Ctrl Pts',(42.5304718182812,85.9300321365122,1.54164329645559));
#8671=CARTESIAN_POINT('Ctrl Pts',(44.159815984288,84.4285439468927,0.99999999999999));
#8672=CARTESIAN_POINT('Ctrl Pts',(45.0918701092008,83.5961102685072,1.00000000000001));
#8673=CARTESIAN_POINT('Ctrl Pts',(40.6831702864415,87.8735528244022,3.40999160133722));
#8674=CARTESIAN_POINT('Ctrl Pts',(41.1903772821511,87.4236273974538,2.72391847985609));
#8675=CARTESIAN_POINT('Ctrl Pts',(42.6436387140006,86.1307350627331,1.45858117406842));
#8676=CARTESIAN_POINT('Ctrl Pts',(44.3283585415901,84.6512775869579,0.9679670141405));
#8677=CARTESIAN_POINT('Ctrl Pts',(45.2719327430631,83.8350614543416,1.00000000000001));
#8678=CARTESIAN_POINT('Ctrl Pts',(40.6425417414912,88.1300133562317,3.25000659843181));
#8679=CARTESIAN_POINT('Ctrl Pts',(41.1836019906835,87.7053905040177,2.52335193656564));
#8680=CARTESIAN_POINT('Ctrl Pts',(42.7447929341636,86.4785823600314,1.19070623323711));
#8681=CARTESIAN_POINT('Ctrl Pts',(44.5689668596214,85.0448461643119,0.699325418442518));
#8682=CARTESIAN_POINT('Ctrl Pts',(45.5835639126149,84.2486099841508,0.74871932829662));
#8683=CARTESIAN_POINT('Ctrl Pts',(40.4973781559476,88.3104439462021,3.05770632430575));
#8684=CARTESIAN_POINT('Ctrl Pts',(41.049534055211,87.8943999515888,2.27335414204346));
#8685=CARTESIAN_POINT('Ctrl Pts',(42.6540071091187,86.6851782667276,0.812153004029677));
#8686=CARTESIAN_POINT('Ctrl Pts',(44.5904185798195,85.2257813370684,0.209687074748018));
#8687=CARTESIAN_POINT('Ctrl Pts',(45.6936851323528,84.3947457785545,0.22439947525642));
#8688=CARTESIAN_POINT('Ctrl Pts',(40.4205491958336,88.3683387202611,2.97531075650692));
#8689=CARTESIAN_POINT('Ctrl Pts',(40.9739676251482,87.9513080214496,2.16625679527574));
#8690=CARTESIAN_POINT('Ctrl Pts',(42.5867823459711,86.7359649565081,0.649971955746719));
#8691=CARTESIAN_POINT('Ctrl Pts',(44.5592621319466,85.2495948250404,-1.39688181340117E-14));
#8692=CARTESIAN_POINT('Ctrl Pts',(45.6936851323528,84.3947457785545,5.8227571363416E-15));
#8693=CARTESIAN_POINT('',(45.0918701092007,83.5961102685072,1.00000000000001));
#8694=CARTESIAN_POINT('Ctrl Pts',(41.189378860257,87.2199500057533,2.84484434378496));
#8695=CARTESIAN_POINT('Ctrl Pts',(41.553381015201,86.8706581673762,2.45632625652247));
#8696=CARTESIAN_POINT('Ctrl Pts',(42.7650617349522,85.7138506834871,1.46365851065534));
#8697=CARTESIAN_POINT('Ctrl Pts',(44.159815984288,84.4285439468927,0.99999999999999));
#8698=CARTESIAN_POINT('Ctrl Pts',(45.0918701092008,83.5961102685072,1.00000000000001));
#8699=CARTESIAN_POINT('Origin',(45.0918701092008,83.5961102685072,6.55725473919233E-15));
#8700=CARTESIAN_POINT('Ctrl Pts',(39.656125484919,79.5745834669456,3.03226791779174));
#8701=CARTESIAN_POINT('Ctrl Pts',(40.9125366891033,81.7643641655589,3.02509589989227));
#8702=CARTESIAN_POINT('Ctrl Pts',(41.4808461102959,84.3984023385449,2.95504546371419));
#8703=CARTESIAN_POINT('Ctrl Pts',(41.1903977597826,87.2190984646254,2.84656451592544));
#8704=CARTESIAN_POINT('Ctrl Pts',(40.0004917231571,79.3779573421689,2.49458233337113));
#8705=CARTESIAN_POINT('Ctrl Pts',(41.3015410698569,81.6455001926561,2.48914112475899));
#8706=CARTESIAN_POINT('Ctrl Pts',(41.8871077504223,84.3709642980537,2.43593622153544));
#8707=CARTESIAN_POINT('Ctrl Pts',(41.5870230239962,87.2724475681486,2.35413671870764));
#8708=CARTESIAN_POINT('Ctrl Pts',(41.0251798279202,78.7928812552237,1.4272989836322));
#8709=CARTESIAN_POINT('Ctrl Pts',(42.4579731960157,81.2928712165238,1.42562697826316));
#8710=CARTESIAN_POINT('Ctrl Pts',(43.0794665784698,84.2941714238684,1.40931650441786));
#8711=CARTESIAN_POINT('Ctrl Pts',(42.7317528281384,87.426422401165,1.38452571950681));
#8712=CARTESIAN_POINT('Ctrl Pts',(42.3770314628675,78.0210014402546,1.00000000000001));
#8713=CARTESIAN_POINT('Ctrl Pts',(43.9819055704374,80.8283064913376,1.00001581002823));
#8714=CARTESIAN_POINT('Ctrl Pts',(44.6310989329493,84.1994045263682,0.999786810423883));
#8715=CARTESIAN_POINT('Ctrl Pts',(44.197448366803,87.6235695576399,0.999999999999994));
#8716=CARTESIAN_POINT('Ctrl Pts',(43.1506103635204,77.5793036065104,1.00000000000001));
#8717=CARTESIAN_POINT('Ctrl Pts',(44.8540331296923,80.5626370307021,1.00000000000001));
#8718=CARTESIAN_POINT('Ctrl Pts',(45.5190046793298,84.1450904078756,0.999999999999997));
#8719=CARTESIAN_POINT('Ctrl Pts',(45.0359524178432,87.7363547063932,0.999999999999994));
#8720=CARTESIAN_POINT('Origin',(25.7228856059847,87.7655622107198,1.00000000000001));
#8721=CARTESIAN_POINT('Origin',(46.1166873039234,77.8153124881841,1.00000000000001));
#8722=CARTESIAN_POINT('',(46.926676376437,82.2134845746774,1.00000000000001));
#8723=CARTESIAN_POINT('',(44.5194162838288,79.0189425344882,1.00000000000001));
#8724=CARTESIAN_POINT('',(42.7338399486887,85.3730134462256,1.00000000000001));
#8725=CARTESIAN_POINT('Origin',(31.2375599322202,99.611047087397,-54.126155740733));
#8726=CARTESIAN_POINT('Ctrl Pts',(20.7752703433102,122.834431224581,-18.5465595846919));
#8727=CARTESIAN_POINT('Ctrl Pts',(20.8860717840317,122.029333191973,-18.8207145470902));
#8728=CARTESIAN_POINT('Ctrl Pts',(21.0783743253578,120.44365935835,-19.4559619749342));
#8729=CARTESIAN_POINT('Ctrl Pts',(21.1854886779002,118.227508573624,-20.7515070396082));
#8730=CARTESIAN_POINT('Ctrl Pts',(20.9857918914467,116.310357944283,-22.4873497381421));
#8731=CARTESIAN_POINT('Ctrl Pts',(20.2929501729188,115.476526798688,-24.4462934345544));
#8732=CARTESIAN_POINT('Ctrl Pts',(19.4691039986421,115.83693895388,-25.9935452071341));
#8733=CARTESIAN_POINT('Ctrl Pts',(18.6737033089064,116.724537339298,-27.2965300741115));
#8734=CARTESIAN_POINT('Ctrl Pts',(17.8452738817711,118.405068343043,-28.511327458872));
#8735=CARTESIAN_POINT('Ctrl Pts',(17.3780982831528,119.929426814368,-29.2212793740692));
#8736=CARTESIAN_POINT('Ctrl Pts',(17.1780232619267,120.716085506049,-29.5407944304247));
#8737=CARTESIAN_POINT('',(34.6528555265396,121.771368583621,2.32710988205316));
#8738=CARTESIAN_POINT('Ctrl Pts',(34.65285552654,121.77136858362,2.32710988205282));
#8739=CARTESIAN_POINT('Ctrl Pts',(33.9411800587091,123.44303724311,3.06294951537972));
#8740=CARTESIAN_POINT('Ctrl Pts',(32.2108513683737,126.457334493566,3.64563035445822));
#8741=CARTESIAN_POINT('Ctrl Pts',(30.1005039318961,129.075667343033,2.75694265900936));
#8742=CARTESIAN_POINT('Ctrl Pts',(29.1931076865406,129.99999999487,2.08576124568465));
#8743=CARTESIAN_POINT('',(34.5806818632678,112.16938569409,-7.21159017034218));
#8744=CARTESIAN_POINT('Ctrl Pts',(34.5806818632678,112.16938569409,-7.21159017034218));
#8745=CARTESIAN_POINT('Ctrl Pts',(34.6074050646134,115.168669520642,-4.09348510244563));
#8746=CARTESIAN_POINT('Ctrl Pts',(34.6312716925013,118.373712485139,-0.90937725530067));
#8747=CARTESIAN_POINT('Ctrl Pts',(34.6528555265397,121.771368583621,2.32710988205319));
#8748=CARTESIAN_POINT('Ctrl Pts',(25.3047745081051,99.7588919566402,-29.5941681591508));
#8749=CARTESIAN_POINT('Ctrl Pts',(28.3746038771904,103.884476910913,-22.1197448100274));
#8750=CARTESIAN_POINT('Ctrl Pts',(31.4743600990643,108.025306158534,-14.6634820220897));
#8751=CARTESIAN_POINT('Ctrl Pts',(34.5806818632679,112.16938569409,-7.21159017034203));
#8752=CARTESIAN_POINT('',(23.7327084670696,96.0327592725484,-35.));
#8753=CARTESIAN_POINT('Ctrl Pts',(23.7327025071506,96.0327568605983,-34.9999972164192));
#8754=CARTESIAN_POINT('Ctrl Pts',(24.5115852939668,97.080410203824,-33.1077978592168));
#8755=CARTESIAN_POINT('Ctrl Pts',(25.2928169197435,98.1289756650422,-31.2168420225574));
#8756=CARTESIAN_POINT('Ctrl Pts',(26.0755074323668,99.1781030365757,-29.3266844917572));
#8757=CARTESIAN_POINT('Ctrl Pts',(23.73270279035,96.0327572415218,-34.9999965284214));
#8758=CARTESIAN_POINT('Ctrl Pts',(23.6017711830052,95.8566448168807,-35.3180786676448));
#8759=CARTESIAN_POINT('Ctrl Pts',(23.4709059496629,95.6805581670684,-35.6361959465425));
#8760=CARTESIAN_POINT('Ctrl Pts',(23.3401113178253,95.5044989556616,-35.954350479999));
#8761=CARTESIAN_POINT('Ctrl Pts',(34.65285552654,121.77136858362,2.32710988205282));
#8762=CARTESIAN_POINT('Ctrl Pts',(33.9411800587091,123.44303724311,3.06294951537972));
#8763=CARTESIAN_POINT('Ctrl Pts',(32.2108513670019,126.457334495956,3.64563035492018));
#8764=CARTESIAN_POINT('Ctrl Pts',(30.1005039285498,129.075667347184,2.75694265760022));
#8765=CARTESIAN_POINT('Ctrl Pts',(29.1931076815047,130.,2.08576124195975));
#8766=CARTESIAN_POINT('Ctrl Pts',(34.7713576373526,121.7647448459,2.46137588894809));
#8767=CARTESIAN_POINT('Ctrl Pts',(34.0391448664958,123.46072041401,3.20210241494192));
#8768=CARTESIAN_POINT('Ctrl Pts',(32.2723673760882,126.50776949366,3.7769337087869));
#8769=CARTESIAN_POINT('Ctrl Pts',(30.1301524517522,129.151465525852,2.86467181842538));
#8770=CARTESIAN_POINT('Ctrl Pts',(29.2100256082194,130.085120448985,2.18056290391725));
#8771=CARTESIAN_POINT('Ctrl Pts',(34.943009659263,121.700086994294,2.78346450128259));
#8772=CARTESIAN_POINT('Ctrl Pts',(34.1759329642612,123.452881793839,3.52663240093501));
#8773=CARTESIAN_POINT('Ctrl Pts',(32.3467517806769,126.578013909983,4.07437050617079));
#8774=CARTESIAN_POINT('Ctrl Pts',(30.1482705131187,129.280277298242,3.10736265031112));
#8775=CARTESIAN_POINT('Ctrl Pts',(29.2049657972503,130.235138433832,2.39489940624794));
#8776=CARTESIAN_POINT('Ctrl Pts',(34.9354167110775,121.439293225668,3.3802024924909));
#8777=CARTESIAN_POINT('Ctrl Pts',(34.1549960575722,123.288666934386,4.11941557798308));
#8778=CARTESIAN_POINT('Ctrl Pts',(32.2870648354086,126.567668458555,4.620532122671));
#8779=CARTESIAN_POINT('Ctrl Pts',(30.0325564597765,129.391519719827,3.56160316191545));
#8780=CARTESIAN_POINT('Ctrl Pts',(29.0622905759789,130.389867720867,2.80221581599411));
#8781=CARTESIAN_POINT('Ctrl Pts',(34.651345095945,121.18688136223,3.68007141069165));
#8782=CARTESIAN_POINT('Ctrl Pts',(33.9077684633251,123.070125504736,4.4281603316509));
#8783=CARTESIAN_POINT('Ctrl Pts',(32.0844724803505,126.437468191469,4.93866424032973));
#8784=CARTESIAN_POINT('Ctrl Pts',(29.8337212555035,129.351164547049,3.84771840305029));
#8785=CARTESIAN_POINT('Ctrl Pts',(28.8585640496659,130.382184697932,3.06763211062644));
#8786=CARTESIAN_POINT('Ctrl Pts',(34.4298962557489,121.056769460617,3.75936687071546));
#8787=CARTESIAN_POINT('Ctrl Pts',(33.7140637835921,122.935368607817,4.52240940204518));
#8788=CARTESIAN_POINT('Ctrl Pts',(31.9300389717147,126.328510527897,5.06340117571846));
#8789=CARTESIAN_POINT('Ctrl Pts',(29.692616659347,129.287224608449,3.97571119054576));
#8790=CARTESIAN_POINT('Ctrl Pts',(28.7189192567153,130.335304199432,3.192008316506));
#8791=CARTESIAN_POINT('Origin',(33.9999999999908,121.251092514577,2.87764823079408));
#8792=CARTESIAN_POINT('Ctrl Pts',(17.1780232619267,120.716085506049,-29.5407944304247));
#8793=CARTESIAN_POINT('Ctrl Pts',(17.3780982831528,119.929426814368,-29.2212793740692));
#8794=CARTESIAN_POINT('Ctrl Pts',(17.8452738817711,118.405068343043,-28.511327458872));
#8795=CARTESIAN_POINT('Ctrl Pts',(18.6737033089064,116.724537339298,-27.2965300741115));
#8796=CARTESIAN_POINT('Ctrl Pts',(19.4691039986421,115.83693895388,-25.9935452071341));
#8797=CARTESIAN_POINT('Ctrl Pts',(20.2929501729188,115.476526798688,-24.4462934345544));
#8798=CARTESIAN_POINT('Ctrl Pts',(20.9857918914467,116.310357944283,-22.4873497381421));
#8799=CARTESIAN_POINT('Ctrl Pts',(21.1854886779002,118.227508573624,-20.7515070396082));
#8800=CARTESIAN_POINT('Ctrl Pts',(21.0783743253578,120.44365935835,-19.4559619749342));
#8801=CARTESIAN_POINT('Ctrl Pts',(20.8860717840317,122.029333191973,-18.8207145470902));
#8802=CARTESIAN_POINT('Ctrl Pts',(20.7752703433102,122.834431224581,-18.5465595846919));
#8803=CARTESIAN_POINT('Ctrl Pts',(17.2204096069313,120.80109820494,-29.3514764506219));
#8804=CARTESIAN_POINT('Ctrl Pts',(17.418562016049,120.017911600093,-29.0450331893936));
#8805=CARTESIAN_POINT('Ctrl Pts',(17.8792721132458,118.500993357022,-28.3640441018313));
#8806=CARTESIAN_POINT('Ctrl Pts',(18.6891832634396,116.83060476377,-27.1966167100034));
#8807=CARTESIAN_POINT('Ctrl Pts',(19.4612214339992,115.948856374728,-25.9407468043363));
#8808=CARTESIAN_POINT('Ctrl Pts',(20.256587769458,115.590671282844,-24.4465360564272));
#8809=CARTESIAN_POINT('Ctrl Pts',(20.9170142205819,116.416886832507,-22.5508039772122));
#8810=CARTESIAN_POINT('Ctrl Pts',(21.0956336427638,118.317678354058,-20.8711533324302));
#8811=CARTESIAN_POINT('Ctrl Pts',(20.9774889434182,120.516310722236,-19.6197218314692));
#8812=CARTESIAN_POINT('Ctrl Pts',(20.7824237884239,122.090537314676,-19.0078994765687));
#8813=CARTESIAN_POINT('Ctrl Pts',(20.6708326398463,122.890096412591,-18.7443636646833));
#8814=CARTESIAN_POINT('Ctrl Pts',(17.328895718267,120.895034478453,-29.1815963260798));
#8815=CARTESIAN_POINT('Ctrl Pts',(17.5177508302258,120.115400253735,-28.8872031313489));
#8816=CARTESIAN_POINT('Ctrl Pts',(17.9573893814363,118.60557512241,-28.2325777679811));
#8817=CARTESIAN_POINT('Ctrl Pts',(18.7325071637131,116.943547214258,-27.1080612180826));
#8818=CARTESIAN_POINT('Ctrl Pts',(19.4728803694351,116.066410182186,-25.8966791757345));
#8819=CARTESIAN_POINT('Ctrl Pts',(20.2365689733204,115.710150273917,-24.4546611551202));
#8820=CARTESIAN_POINT('Ctrl Pts',(20.8717656607645,116.531581717508,-22.6260511389293));
#8821=CARTESIAN_POINT('Ctrl Pts',(21.0445324043713,118.42108135393,-21.0099701395733));
#8822=CARTESIAN_POINT('Ctrl Pts',(20.9324801785794,120.606700324249,-19.8096910730532));
#8823=CARTESIAN_POINT('Ctrl Pts',(20.7463269627976,122.171748629437,-19.2252293094637));
#8824=CARTESIAN_POINT('Ctrl Pts',(20.6398106106138,122.966707038758,-18.9740351617963));
#8825=CARTESIAN_POINT('Ctrl Pts',(17.4828294858628,120.980012016712,-29.0634935239223));
#8826=CARTESIAN_POINT('Ctrl Pts',(17.6587589800298,120.205038502096,-28.7747412869492));
#8827=CARTESIAN_POINT('Ctrl Pts',(18.0698407583563,118.704497505245,-28.1337682539988));
#8828=CARTESIAN_POINT('Ctrl Pts',(18.800182145624,117.053216163917,-27.0382942759945));
#8829=CARTESIAN_POINT('Ctrl Pts',(19.503446592145,116.181964692663,-25.8640372139624));
#8830=CARTESIAN_POINT('Ctrl Pts',(20.2339621758947,115.828309370504,-24.47030269702));
#8831=CARTESIAN_POINT('Ctrl Pts',(20.8534207384377,116.645105656527,-22.7081248653436));
#8832=CARTESIAN_POINT('Ctrl Pts',(21.0388365664445,118.524206347629,-21.151067065777));
#8833=CARTESIAN_POINT('Ctrl Pts',(20.9515118920533,120.698562041264,-19.992872534893));
#8834=CARTESIAN_POINT('Ctrl Pts',(20.7853816975879,122.255973791297,-19.4276120354789));
#8835=CARTESIAN_POINT('Ctrl Pts',(20.6891252358492,123.047171357547,-19.1843346203355));
#8836=CARTESIAN_POINT('Origin',(18.1291593849527,120.855665972146,-29.8163557741844));
#8837=CARTESIAN_POINT('Ctrl Pts',(17.4810741650888,120.979752552589,-29.0649650180873));
#8838=CARTESIAN_POINT('Ctrl Pts',(17.4749428281043,120.978846455795,-29.07010374836));
#8839=CARTESIAN_POINT('Ctrl Pts',(17.4631373204432,120.977107034418,-29.079968497189));
#8840=CARTESIAN_POINT('Ctrl Pts',(17.4585760813167,120.976437682517,-29.0837645804565));
#8841=CARTESIAN_POINT('Ctrl Pts',(17.4585779774811,120.976439375799,-29.0837614921953));
#8842=CARTESIAN_POINT('Ctrl Pts',(17.3274183873656,120.897143965595,-29.1838531208341));
#8843=CARTESIAN_POINT('Ctrl Pts',(17.3229392761723,120.904263714323,-29.1910957827888));
#8844=CARTESIAN_POINT('Ctrl Pts',(17.3138000136984,120.92224871553,-29.2049228925918));
#8845=CARTESIAN_POINT('Ctrl Pts',(17.3087671200884,120.942383953548,-29.209924369436));
#8846=CARTESIAN_POINT('Ctrl Pts',(17.307474443558,120.954240845474,-29.2096490988335));
#8847=CARTESIAN_POINT('Ctrl Pts',(17.2188841274035,120.80619084592,-29.3542737197545));
#8848=CARTESIAN_POINT('Ctrl Pts',(17.2145777181327,120.82357823342,-29.3623982667187));
#8849=CARTESIAN_POINT('Ctrl Pts',(17.2051053635723,120.866110280662,-29.3777098073792));
#8850=CARTESIAN_POINT('Ctrl Pts',(17.1979005420519,120.911203658674,-29.3826908864712));
#8851=CARTESIAN_POINT('Ctrl Pts',(17.1947526906038,120.937341060653,-29.3819019309909));
#8852=CARTESIAN_POINT('Ctrl Pts',(17.1760039042886,120.724099711267,-29.5439866337182));
#8853=CARTESIAN_POINT('Ctrl Pts',(17.1697756499505,120.75155996045,-29.55251789554));
#8854=CARTESIAN_POINT('Ctrl Pts',(17.1558886424527,120.818246971379,-29.5683936166987));
#8855=CARTESIAN_POINT('Ctrl Pts',(17.1446309024132,120.888137882282,-29.5729954429639));
#8856=CARTESIAN_POINT('Ctrl Pts',(17.1392827012863,120.928567690472,-29.5716845032568));
#8857=CARTESIAN_POINT('Ctrl Pts',(35.,115.365318403631,4.38925863327194));
#8858=CARTESIAN_POINT('Ctrl Pts',(35.,115.363335877908,4.38825066698331));
#8859=CARTESIAN_POINT('Ctrl Pts',(35.,115.361354111511,4.38724481094517));
#8860=CARTESIAN_POINT('Ctrl Pts',(35.0000000000001,115.162483783549,4.28640874562699));
#8861=CARTESIAN_POINT('Ctrl Pts',(35.,114.968071121182,4.20320338062902));
#8862=CARTESIAN_POINT('Ctrl Pts',(35.,114.78610581393,4.13621049472685));
#8863=CARTESIAN_POINT('Ctrl Pts',(35.,115.365318403631,4.38925863327194));
#8864=CARTESIAN_POINT('Ctrl Pts',(34.9997711354228,115.36386803866,4.38800035626568));
#8865=CARTESIAN_POINT('Ctrl Pts',(34.9995679105878,115.362405713416,4.38672748977324));
#8866=CARTESIAN_POINT('Ctrl Pts',(34.9775324907852,115.216671351933,4.26021277922562));
#8867=CARTESIAN_POINT('Ctrl Pts',(34.9773886255815,115.075993390783,4.13820126969611));
#8868=CARTESIAN_POINT('Ctrl Pts',(35.,114.944600876787,4.03927790157502));
#8869=CARTESIAN_POINT('Ctrl Pts',(35.,115.365318403631,4.38925863327194));
#8870=CARTESIAN_POINT('Ctrl Pts',(34.9995521436003,115.364391315407,4.38774189881083));
#8871=CARTESIAN_POINT('Ctrl Pts',(34.9991240893395,115.363465636197,4.38621894016546));
#8872=CARTESIAN_POINT('Ctrl Pts',(34.955081905144,115.270551504305,4.23389590680556));
#8873=CARTESIAN_POINT('Ctrl Pts',(34.9371161021504,115.180842437126,4.08056355663422));
#8874=CARTESIAN_POINT('Ctrl Pts',(34.94692601395,115.102844765203,3.94249892197796));
#8875=CARTESIAN_POINT('Ctrl Pts',(35.,115.365318403631,4.38925863327194));
#8876=CARTESIAN_POINT('Ctrl Pts',(34.9993367945097,115.36491958888,4.38748443494806));
#8877=CARTESIAN_POINT('Ctrl Pts',(34.9986749677911,115.364520534352,4.38571033295904));
#8878=CARTESIAN_POINT('Ctrl Pts',(34.9324276860645,115.324468269262,4.20771331455206));
#8879=CARTESIAN_POINT('Ctrl Pts',(34.8800692236321,115.282168135176,4.03011850114958));
#8880=CARTESIAN_POINT('Ctrl Pts',(34.8486547999568,115.237352361066,3.8602366115274));
#8881=CARTESIAN_POINT('',(34.8486547999567,115.237352361066,3.86023661152742));
#8882=CARTESIAN_POINT('Origin',(34.,114.78610581393,4.13621049472685));
#8883=CARTESIAN_POINT('Ctrl Pts',(34.8486547999568,115.237352361066,3.8602366115274));
#8884=CARTESIAN_POINT('Ctrl Pts',(34.8800692236321,115.282168135176,4.03011850114958));
#8885=CARTESIAN_POINT('Ctrl Pts',(34.9324276860645,115.324468269262,4.20771331455206));
#8886=CARTESIAN_POINT('Ctrl Pts',(34.9986749677911,115.364520534352,4.38571033295904));
#8887=CARTESIAN_POINT('Ctrl Pts',(34.9993367945097,115.36491958888,4.38748443494806));
#8888=CARTESIAN_POINT('Ctrl Pts',(35.,115.365318403631,4.38925863327194));
#8889=CARTESIAN_POINT('Ctrl Pts',(34.4724777001419,115.279324267214,2.00265899145698));
#8890=CARTESIAN_POINT('Ctrl Pts',(34.5315954408369,115.235329229673,2.28316387563642));
#8891=CARTESIAN_POINT('Ctrl Pts',(34.6679689227743,115.157765034075,2.93754168204388));
#8892=CARTESIAN_POINT('Ctrl Pts',(34.7947995059557,115.160522471856,3.56899971965845));
#8893=CARTESIAN_POINT('Ctrl Pts',(34.8486547999568,115.237352361066,3.86023661152742));
#8894=CARTESIAN_POINT('Ctrl Pts',(34.6309278835277,115.194462117021,1.99894618561765));
#8895=CARTESIAN_POINT('Ctrl Pts',(34.6744494420943,115.144863027405,2.28272646843518));
#8896=CARTESIAN_POINT('Ctrl Pts',(34.7729811173665,115.06029975568,2.94796875074742));
#8897=CARTESIAN_POINT('Ctrl Pts',(34.8609565423158,115.074745355979,3.59783076716473));
#8898=CARTESIAN_POINT('Ctrl Pts',(34.8977904069534,115.170098563134,3.9013677667527));
#8899=CARTESIAN_POINT('Ctrl Pts',(34.9003983002019,114.93723684818,1.98769231710257));
#8900=CARTESIAN_POINT('Ctrl Pts',(34.9131292137544,114.890919860779,2.28235129134348));
#8901=CARTESIAN_POINT('Ctrl Pts',(34.9410351978647,114.823643278483,2.97653141668249));
#8902=CARTESIAN_POINT('Ctrl Pts',(34.9643260605872,114.88331260181,3.66350538899302));
#8903=CARTESIAN_POINT('Ctrl Pts',(34.9739251439766,115.023835626115,3.99081942229135));
#8904=CARTESIAN_POINT('Ctrl Pts',(35.,114.578434856008,1.97199436308337));
#8905=CARTESIAN_POINT('Ctrl Pts',(34.9998860710841,114.553639178042,2.28254125992974));
#8906=CARTESIAN_POINT('Ctrl Pts',(34.9998326139489,114.541602239783,3.01349404089457));
#8907=CARTESIAN_POINT('Ctrl Pts',(35.0000230288733,114.67110404586,3.73759823350256));
#8908=CARTESIAN_POINT('Ctrl Pts',(35.,114.865353345359,4.08774419815096));
#8909=CARTESIAN_POINT('Ctrl Pts',(35.,114.398823944916,1.96413620207764));
#8910=CARTESIAN_POINT('Ctrl Pts',(35.,114.384888876506,2.28264460772725));
#8911=CARTESIAN_POINT('Ctrl Pts',(35.,114.400591423638,3.03199529710528));
#8912=CARTESIAN_POINT('Ctrl Pts',(35.,114.56498313673,3.77465148260882));
#8913=CARTESIAN_POINT('Ctrl Pts',(35.,114.78610581393,4.13621049472687));
#8914=CARTESIAN_POINT('',(34.4724777001419,115.279324267214,2.00265899145699));
#8915=CARTESIAN_POINT('Origin',(34.,114.398823944916,1.96413620207765));
#8916=CARTESIAN_POINT('Ctrl Pts',(34.4724777001419,115.279324267214,2.00265899145698));
#8917=CARTESIAN_POINT('Ctrl Pts',(34.5315954408369,115.235329229673,2.28316387563642));
#8918=CARTESIAN_POINT('Ctrl Pts',(34.6679689227743,115.157765034075,2.93754168204388));
#8919=CARTESIAN_POINT('Ctrl Pts',(34.7947995059557,115.160522471856,3.56899971965845));
#8920=CARTESIAN_POINT('Ctrl Pts',(34.8486547999568,115.237352361066,3.86023661152742));
#8921=CARTESIAN_POINT('Ctrl Pts',(34.8681466031835,115.251537349841,1.5915814961757));
#8922=CARTESIAN_POINT('Ctrl Pts',(34.8671110547448,115.251004388938,1.59331643743531));
#8923=CARTESIAN_POINT('Ctrl Pts',(34.8670065043297,115.250952980722,1.59348851294008));
#8924=CARTESIAN_POINT('Ctrl Pts',(34.8653039224343,115.250094673201,1.59632061175473));
#8925=CARTESIAN_POINT('Ctrl Pts',(34.863411917854,115.249157696747,1.5994441316836));
#8926=CARTESIAN_POINT('Ctrl Pts',(34.8595293910219,115.247285790246,1.60578292771203));
#8927=CARTESIAN_POINT('Ctrl Pts',(34.8530486599579,115.244295851602,1.61617717698331));
#8928=CARTESIAN_POINT('Ctrl Pts',(34.8442783445295,115.240573977659,1.62980171251386));
#8929=CARTESIAN_POINT('Ctrl Pts',(34.8344755588474,115.236827602014,1.64448212996167));
#8930=CARTESIAN_POINT('Ctrl Pts',(34.8221558627918,115.232577925667,1.66233923615556));
#8931=CARTESIAN_POINT('Ctrl Pts',(34.8079720570798,115.228403337962,1.68199409852739));
#8932=CARTESIAN_POINT('Ctrl Pts',(34.7872031532145,115.223433056373,1.70939745076197));
#8933=CARTESIAN_POINT('Ctrl Pts',(34.7642506481753,115.219580648546,1.73778799602197));
#8934=CARTESIAN_POINT('Ctrl Pts',(34.7436645313729,115.217602187133,1.76166472488839));
#8935=CARTESIAN_POINT('Ctrl Pts',(34.7205709967268,115.216424559935,1.78739333578022));
#8936=CARTESIAN_POINT('Ctrl Pts',(34.6994722235069,115.216588021727,1.80968275231676));
#8937=CARTESIAN_POINT('Ctrl Pts',(34.6768229661196,115.218033153595,1.83246718092457));
#8938=CARTESIAN_POINT('Ctrl Pts',(34.6521174672436,115.220673948266,1.85639966750948));
#8939=CARTESIAN_POINT('Ctrl Pts',(34.623488190125,115.225442214924,1.8827415438513));
#8940=CARTESIAN_POINT('Ctrl Pts',(34.591485393897,115.232967046884,1.91055436127395));
#8941=CARTESIAN_POINT('Ctrl Pts',(34.5606160137539,115.242207050686,1.93603689010133));
#8942=CARTESIAN_POINT('Ctrl Pts',(34.5311294262748,115.252808790436,1.95928899896759));
#8943=CARTESIAN_POINT('Ctrl Pts',(34.5016566685538,115.265113086973,1.98158500570862));
#8944=CARTESIAN_POINT('Ctrl Pts',(34.4821981060433,115.274412291413,1.99571040977648));
#8945=CARTESIAN_POINT('Ctrl Pts',(34.4724777001419,115.279324267214,2.00265899145699));
#8946=CARTESIAN_POINT('Ctrl Pts',(34.9111057931494,115.273480586409,1.5197156043965));
#8947=CARTESIAN_POINT('Ctrl Pts',(34.9103995640983,115.272897939146,1.52121083486075));
#8948=CARTESIAN_POINT('Ctrl Pts',(34.9103282515539,115.272737195697,1.52132815637859));
#8949=CARTESIAN_POINT('Ctrl Pts',(34.9091674596379,115.271639463849,1.52372848739658));
#8950=CARTESIAN_POINT('Ctrl Pts',(34.9078770919323,115.270362624395,1.52635831929659));
#8951=CARTESIAN_POINT('Ctrl Pts',(34.905227920458,115.267808957725,1.53171555276104));
#8952=CARTESIAN_POINT('Ctrl Pts',(34.9008024311516,115.263588432459,1.54051527511901));
#8953=CARTESIAN_POINT('Ctrl Pts',(34.8948042156545,115.258035898794,1.55211337710714));
#8954=CARTESIAN_POINT('Ctrl Pts',(34.8880885062036,115.252007276879,1.56470690804195));
#8955=CARTESIAN_POINT('Ctrl Pts',(34.8796337565076,115.244631685721,1.58016080566322));
#8956=CARTESIAN_POINT('Ctrl Pts',(34.8698747324053,115.236443548403,1.59742425441404));
#8957=CARTESIAN_POINT('Ctrl Pts',(34.8555420836538,115.224946339332,1.62202771383274));
#8958=CARTESIAN_POINT('Ctrl Pts',(34.83963660847,115.212978254331,1.64849259595093));
#8959=CARTESIAN_POINT('Ctrl Pts',(34.8253017548959,115.203026368631,1.67195910939872));
#8960=CARTESIAN_POINT('Ctrl Pts',(34.8091720832246,115.192551999881,1.69830890922189));
#8961=CARTESIAN_POINT('Ctrl Pts',(34.7943623357625,115.183887679105,1.72254451366751));
#8962=CARTESIAN_POINT('Ctrl Pts',(34.7783976189268,115.17591740442,1.74903194059873));
#8963=CARTESIAN_POINT('Ctrl Pts',(34.7609136105192,115.16852167946,1.77837800296334));
#8964=CARTESIAN_POINT('Ctrl Pts',(34.740551210795,115.162502840222,1.81323089295338));
#8965=CARTESIAN_POINT('Ctrl Pts',(34.7176212570395,115.159933518545,1.85312659472455));
#8966=CARTESIAN_POINT('Ctrl Pts',(34.6953415723004,115.161892441975,1.89200855078785));
#8967=CARTESIAN_POINT('Ctrl Pts',(34.6739303254066,115.168198450487,1.92893927937344));
#8968=CARTESIAN_POINT('Ctrl Pts',(34.6524040618002,115.178898156916,1.96501048722279));
#8969=CARTESIAN_POINT('Ctrl Pts',(34.6380838947311,115.188833636847,1.98785194518189));
#8970=CARTESIAN_POINT('Ctrl Pts',(34.6309278835277,115.194462117021,1.99894618561765));
#8971=CARTESIAN_POINT('Ctrl Pts',(34.977382672058,115.320650121785,1.36525366180422));
#8972=CARTESIAN_POINT('Ctrl Pts',(34.9771996330608,115.31998221778,1.36614085831666));
#8973=CARTESIAN_POINT('Ctrl Pts',(34.9771811312818,115.319589258773,1.36613042149527));
#8974=CARTESIAN_POINT('Ctrl Pts',(34.9768801686721,115.318024253559,1.36744257575415));
#8975=CARTESIAN_POINT('Ctrl Pts',(34.9765454537353,115.316068329741,1.36883035040421));
#8976=CARTESIAN_POINT('Ctrl Pts',(34.9758577352068,115.312150342773,1.37169744691064));
#8977=CARTESIAN_POINT('Ctrl Pts',(34.9747074916033,115.305441080511,1.37641072369934));
#8978=CARTESIAN_POINT('Ctrl Pts',(34.973145148258,115.296131102994,1.38270190168724));
#8979=CARTESIAN_POINT('Ctrl Pts',(34.9713905687814,115.285330346699,1.38966944660796));
#8980=CARTESIAN_POINT('Ctrl Pts',(34.9691759435229,115.271320693947,1.39843991902096));
#8981=CARTESIAN_POINT('Ctrl Pts',(34.9666103035312,115.25444689934,1.40868554054685));
#8982=CARTESIAN_POINT('Ctrl Pts',(34.9628250596354,115.228495913475,1.42433276671748));
#8983=CARTESIAN_POINT('Ctrl Pts',(34.9585966548653,115.197993119914,1.44318720045027));
#8984=CARTESIAN_POINT('Ctrl Pts',(34.9547579946008,115.169169713493,1.46258389152679));
#8985=CARTESIAN_POINT('Ctrl Pts',(34.9504146936135,115.136103239395,1.48675768940057));
#8986=CARTESIAN_POINT('Ctrl Pts',(34.9464036273684,115.105284011716,1.51214190891943));
#8987=CARTESIAN_POINT('Ctrl Pts',(34.9420441719067,115.072642932588,1.54381726213952));
#8988=CARTESIAN_POINT('Ctrl Pts',(34.9372450604708,115.038041020751,1.58234296303167));
#8989=CARTESIAN_POINT('Ctrl Pts',(34.9316045664886,115.000956541732,1.63389052901446));
#8990=CARTESIAN_POINT('Ctrl Pts',(34.9251976197856,114.966599409632,1.70024619468352));
#8991=CARTESIAN_POINT('Ctrl Pts',(34.9189206715648,114.942522680525,1.77090935516537));
#8992=CARTESIAN_POINT('Ctrl Pts',(34.9128278318807,114.929535847001,1.84256668439485));
#8993=CARTESIAN_POINT('Ctrl Pts',(34.9066402407942,114.927138909342,1.91595260025227));
#8994=CARTESIAN_POINT('Ctrl Pts',(34.9024921836439,114.93277329893,1.96410352471385));
#8995=CARTESIAN_POINT('Ctrl Pts',(34.9003989093446,114.93723721243,1.9876923330389));
#8996=CARTESIAN_POINT('Ctrl Pts',(35.,115.371207298971,1.1996985055373));
#8997=CARTESIAN_POINT('Ctrl Pts',(35.0000003812558,115.370476958442,1.19983930484974));
#8998=CARTESIAN_POINT('Ctrl Pts',(35.0000004182253,115.369837906411,1.1996820207569));
#8999=CARTESIAN_POINT('Ctrl Pts',(35.0000010368136,115.367818823324,1.19967014820425));
#9000=CARTESIAN_POINT('Ctrl Pts',(35.0000016915896,115.365185733089,1.19954834260691));
#9001=CARTESIAN_POINT('Ctrl Pts',(35.0000030948874,115.35990528501,1.19937110312784));
#9002=CARTESIAN_POINT('Ctrl Pts',(35.0000054131452,115.350682901635,1.19905264465165));
#9003=CARTESIAN_POINT('Ctrl Pts',(35.0000077660934,115.33751764172,1.19871141998594));
#9004=CARTESIAN_POINT('Ctrl Pts',(35.0000117569002,115.321734962009,1.19851217143606));
#9005=CARTESIAN_POINT('Ctrl Pts',(35.0000161988903,115.300696628773,1.1985997679091));
#9006=CARTESIAN_POINT('Ctrl Pts',(35.0000198189051,115.274443970836,1.19943269887204));
#9007=CARTESIAN_POINT('Ctrl Pts',(35.0000245365511,115.23255294999,1.20250096362269));
#9008=CARTESIAN_POINT('Ctrl Pts',(35.0000311392307,115.181057628248,1.20964349945146));
#9009=CARTESIAN_POINT('Ctrl Pts',(35.0000356715608,115.130205006052,1.22137348165791));
#9010=CARTESIAN_POINT('Ctrl Pts',(35.0000478086688,115.070229877509,1.23954387261833));
#9011=CARTESIAN_POINT('Ctrl Pts',(35.0000456944298,115.012301116599,1.26294026449557));
#9012=CARTESIAN_POINT('Ctrl Pts',(35.0000577102506,114.948561104642,1.29718187515208));
#9013=CARTESIAN_POINT('Ctrl Pts',(35.0000626900973,114.878803979604,1.34283418860876));
#9014=CARTESIAN_POINT('Ctrl Pts',(35.0000845546683,114.800027334268,1.41038453317206));
#9015=CARTESIAN_POINT('Ctrl Pts',(35.0000802629484,114.720559229458,1.50534322927973));
#9016=CARTESIAN_POINT('Ctrl Pts',(35.0000453918258,114.65690715981,1.61296508090786));
#9017=CARTESIAN_POINT('Ctrl Pts',(35.0000215990998,114.611786572441,1.72730355608902));
#9018=CARTESIAN_POINT('Ctrl Pts',(35.0000131632729,114.584205888669,1.84879518834838));
#9019=CARTESIAN_POINT('Ctrl Pts',(34.9999812672932,114.578379626022,1.93113146631467));
#9020=CARTESIAN_POINT('Ctrl Pts',(35.,114.578434856008,1.97199436308337));
#9021=CARTESIAN_POINT('Ctrl Pts',(35.,115.396487420414,1.11691590791314));
#9022=CARTESIAN_POINT('Ctrl Pts',(35.,115.395725895791,1.11668335378339));
#9023=CARTESIAN_POINT('Ctrl Pts',(35.,115.394963790457,1.11645262640122));
#9024=CARTESIAN_POINT('Ctrl Pts',(35.,115.392717711907,1.11577847694809));
#9025=CARTESIAN_POINT('Ctrl Pts',(35.,115.389746088671,1.1149015801911));
#9026=CARTESIAN_POINT('Ctrl Pts',(35.,115.383784505135,1.11320153413008));
#9027=CARTESIAN_POINT('Ctrl Pts',(35.,115.373305727331,1.11036608390731));
#9028=CARTESIAN_POINT('Ctrl Pts',(35.,115.358213241215,1.10670699980309));
#9029=CARTESIAN_POINT('Ctrl Pts',(35.,115.33993971337,1.10292226342062));
#9030=CARTESIAN_POINT('Ctrl Pts',(35.,115.315387265809,1.09866554292262));
#9031=CARTESIAN_POINT('Ctrl Pts',(35.,115.284445650023,1.09478839786913));
#9032=CARTESIAN_POINT('Ctrl Pts',(35.,115.234585023839,1.09156094828453));
#9033=CARTESIAN_POINT('Ctrl Pts',(35.,115.172592584009,1.09283945014569));
#9034=CARTESIAN_POINT('Ctrl Pts',(35.,115.110723398277,1.10072781262944));
#9035=CARTESIAN_POINT('Ctrl Pts',(35.,115.037288447181,1.11588659519897));
#9036=CARTESIAN_POINT('Ctrl Pts',(35.,114.965800954937,1.13827970033327));
#9037=CARTESIAN_POINT('Ctrl Pts',(35.,114.886500530281,1.17379451317995));
#9038=CARTESIAN_POINT('Ctrl Pts',(35.,114.799152966985,1.22300009520101));
#9039=CARTESIAN_POINT('Ctrl Pts',(35.,114.699505955537,1.29854252311701));
#9040=CARTESIAN_POINT('Ctrl Pts',(35.,114.597455169106,1.40779853930414));
#9041=CARTESIAN_POINT('Ctrl Pts',(35.,114.513990815032,1.5339042955683));
#9042=CARTESIAN_POINT('Ctrl Pts',(35.,114.452773232984,1.66959751690999));
#9043=CARTESIAN_POINT('Ctrl Pts',(35.,114.412564357348,1.81516749226159));
#9044=CARTESIAN_POINT('Ctrl Pts',(35.,114.400990258617,1.91462161751953));
#9045=CARTESIAN_POINT('Ctrl Pts',(35.,114.398823944916,1.96413620207764));
#9046=CARTESIAN_POINT('',(34.8681471643573,115.251533720663,1.59158308178013));
#9047=CARTESIAN_POINT('Origin',(34.,115.396487461936,1.11691592059307));
#9048=CARTESIAN_POINT('Ctrl Pts',(34.4724777001419,115.279324267214,2.00265899145699));
#9049=CARTESIAN_POINT('Ctrl Pts',(34.4820729062181,115.274475558165,1.99579990822136));
#9050=CARTESIAN_POINT('Ctrl Pts',(34.4918335096469,115.269804703417,1.98871729765973));
#9051=CARTESIAN_POINT('Ctrl Pts',(34.501704154213,115.265387171994,1.98140035560208));
#9052=CARTESIAN_POINT('Ctrl Pts',(34.5114514887179,115.261024827044,1.97417482120956));
#9053=CARTESIAN_POINT('Ctrl Pts',(34.5213066105303,115.256909664399,1.96671989121483));
#9054=CARTESIAN_POINT('Ctrl Pts',(34.5311317312345,115.253092549901,1.95912964861338));
#9055=CARTESIAN_POINT('Ctrl Pts',(34.541022830335,115.249249802425,1.9514884354387));
#9056=CARTESIAN_POINT('Ctrl Pts',(34.550885619604,115.245708592927,1.94370808444781));
#9057=CARTESIAN_POINT('Ctrl Pts',(34.5608464791979,115.242434006677,1.93566515344114));
#9058=CARTESIAN_POINT('Ctrl Pts',(34.5710790317468,115.239070102634,1.92740284300528));
#9059=CARTESIAN_POINT('Ctrl Pts',(34.5814126329402,115.235989176559,1.91886456398835));
#9060=CARTESIAN_POINT('Ctrl Pts',(34.5916742965778,115.233252908857,1.9101659798414));
#9061=CARTESIAN_POINT('Ctrl Pts',(34.5996295303725,115.231131649571,1.90342250499993));
#9062=CARTESIAN_POINT('Ctrl Pts',(34.6075436196872,115.229216552332,1.89658114968394));
#9063=CARTESIAN_POINT('Ctrl Pts',(34.6154277789963,115.227504136849,1.88962298858298));
#9064=CARTESIAN_POINT('Ctrl Pts',(34.6182495370228,115.226891259566,1.88713264736004));
#9065=CARTESIAN_POINT('Ctrl Pts',(34.6210671835967,115.226304260007,1.88462771635583));
#9066=CARTESIAN_POINT('Ctrl Pts',(34.6238802461774,115.225742700252,1.88210863815337));
#9067=CARTESIAN_POINT('Ctrl Pts',(34.6304299515353,115.224435210344,1.87624342203159));
#9068=CARTESIAN_POINT('Ctrl Pts',(34.6369560335957,115.223266319966,1.8702995481098));
#9069=CARTESIAN_POINT('Ctrl Pts',(34.6434413051468,115.222240923225,1.86428523940317));
#9070=CARTESIAN_POINT('Ctrl Pts',(34.648182086989,115.221491350565,1.85988873491069));
#9071=CARTESIAN_POINT('Ctrl Pts',(34.6528987108356,115.220818545031,1.85545702896144));
#9072=CARTESIAN_POINT('Ctrl Pts',(34.6575819739478,115.220220797616,1.85099944595502));
#9073=CARTESIAN_POINT('Ctrl Pts',(34.6578694375022,115.220184107259,1.85072583487992));
#9074=CARTESIAN_POINT('Ctrl Pts',(34.6581567845662,115.220147697637,1.85045211842221));
#9075=CARTESIAN_POINT('Ctrl Pts',(34.658444015061,115.22011156782,1.85017829707062));
#9076=CARTESIAN_POINT('Ctrl Pts',(34.6646851726156,115.219326512302,1.84422850334191));
#9077=CARTESIAN_POINT('Ctrl Pts',(34.6708709452984,115.218674316803,1.83822869168187));
#9078=CARTESIAN_POINT('Ctrl Pts',(34.6769703869583,115.218156805519,1.83220382337512));
#9079=CARTESIAN_POINT('Ctrl Pts',(34.6835525021379,115.217598341471,1.82570218284013));
#9080=CARTESIAN_POINT('Ctrl Pts',(34.6900372988019,115.217196419099,1.81916822014425));
#9081=CARTESIAN_POINT('Ctrl Pts',(34.6964612985128,115.216937832159,1.81256968318245));
#9082=CARTESIAN_POINT('Ctrl Pts',(34.7030119900936,115.216674145458,1.80584101218835));
#9083=CARTESIAN_POINT('Ctrl Pts',(34.7094987937438,115.216560609249,1.79904466457888));
#9084=CARTESIAN_POINT('Ctrl Pts',(34.7159257069448,115.21660168594,1.792163610223));
#9085=CARTESIAN_POINT('Ctrl Pts',(34.720094811138,115.21662833217,1.78769990709345));
#9086=CARTESIAN_POINT('Ctrl Pts',(34.7242381590823,115.216719615181,1.78320164672633));
#9087=CARTESIAN_POINT('Ctrl Pts',(34.7283519566683,115.216872981042,1.77867383238479));
#9088=CARTESIAN_POINT('Ctrl Pts',(34.7322320880031,115.217017635628,1.77440320070265));
#9089=CARTESIAN_POINT('Ctrl Pts',(34.7360857859859,115.21721759038,1.77010634082474));
#9090=CARTESIAN_POINT('Ctrl Pts',(34.7399050425717,115.217472389628,1.76579041205102));
#9091=CARTESIAN_POINT('Ctrl Pts',(34.7460434045017,115.217881906498,1.75885379172136));
#9092=CARTESIAN_POINT('Ctrl Pts',(34.7520943407019,115.218434262078,1.75186480230975));
#9093=CARTESIAN_POINT('Ctrl Pts',(34.758042177846,115.219121802531,1.74484101542546));
#9094=CARTESIAN_POINT('Ctrl Pts',(34.7602847920655,115.219381037604,1.74219271757204));
#9095=CARTESIAN_POINT('Ctrl Pts',(34.7625125426612,115.219659280406,1.73953995549305));
#9096=CARTESIAN_POINT('Ctrl Pts',(34.7647239258227,115.219955437829,1.73688523274322));
#9097=CARTESIAN_POINT('Ctrl Pts',(34.7696927785964,115.220620886793,1.73092022101268));
#9098=CARTESIAN_POINT('Ctrl Pts',(34.7745810626104,115.221378339856,1.72494116435437));
#9099=CARTESIAN_POINT('Ctrl Pts',(34.7793961195504,115.222230255903,1.71893224730224));
#9100=CARTESIAN_POINT('Ctrl Pts',(34.7838633095212,115.223020624714,1.71335744843181));
#9101=CARTESIAN_POINT('Ctrl Pts',(34.7882668534744,115.223891823684,1.70775819418972));
#9102=CARTESIAN_POINT('Ctrl Pts',(34.792595954167,115.224832989714,1.70215570303439));
#9103=CARTESIAN_POINT('Ctrl Pts',(34.7974716718722,115.22589299275,1.69584580930398));
#9104=CARTESIAN_POINT('Ctrl Pts',(34.8022527525277,115.227042798978,1.6895305764449));
#9105=CARTESIAN_POINT('Ctrl Pts',(34.806906733458,115.228269792856,1.68325344355099));
#9106=CARTESIAN_POINT('Ctrl Pts',(34.8073431948149,115.228384863248,1.68266475915776));
#9107=CARTESIAN_POINT('Ctrl Pts',(34.8077785293761,115.228500595791,1.68207644157234));
#9108=CARTESIAN_POINT('Ctrl Pts',(34.8082127052391,115.228616970304,1.68148854508228));
#9109=CARTESIAN_POINT('Ctrl Pts',(34.8108235968056,115.229316781742,1.67795326337076));
#9110=CARTESIAN_POINT('Ctrl Pts',(34.8133928143643,115.230040065416,1.67443262303955));
#9111=CARTESIAN_POINT('Ctrl Pts',(34.8159167626692,115.230784375925,1.6709322912605));
#9112=CARTESIAN_POINT('Ctrl Pts',(34.8189591776383,115.231681581873,1.66671292520589));
#9113=CARTESIAN_POINT('Ctrl Pts',(34.8218921435439,115.232621321735,1.6625877852243));
#9114=CARTESIAN_POINT('Ctrl Pts',(34.824800575635,115.233599046081,1.6584416956736));
#9115=CARTESIAN_POINT('Ctrl Pts',(34.8275641190452,115.234528063361,1.65450215089577));
#9116=CARTESIAN_POINT('Ctrl Pts',(34.8303056729319,115.235491812387,1.65054283282865));
#9117=CARTESIAN_POINT('Ctrl Pts',(34.833068885007,115.236497249019,1.64649360051024));
#9118=CARTESIAN_POINT('Ctrl Pts',(34.8355364011848,115.237395092213,1.64287768324364));
#9119=CARTESIAN_POINT('Ctrl Pts',(34.8380211355801,115.238326654507,1.63918975128032));
#9120=CARTESIAN_POINT('Ctrl Pts',(34.8405377253442,115.239300721635,1.63540107200172));
#9121=CARTESIAN_POINT('Ctrl Pts',(34.8410170490834,115.2394862479,1.63467945899012));
#9122=CARTESIAN_POINT('Ctrl Pts',(34.8414974492943,115.239673298092,1.6339543198659));
#9123=CARTESIAN_POINT('Ctrl Pts',(34.8419789145012,115.239861904286,1.63322564093575));
#9124=CARTESIAN_POINT('Ctrl Pts',(34.8446154853883,115.240894738215,1.62923529308586));
#9125=CARTESIAN_POINT('Ctrl Pts',(34.8472859781186,115.241975181726,1.6251349939758));
#9126=CARTESIAN_POINT('Ctrl Pts',(34.8499629825268,115.243101788902,1.62096037355094));
#9127=CARTESIAN_POINT('Ctrl Pts',(34.8507420783258,115.243429668421,1.61974542253131));
#9128=CARTESIAN_POINT('Ctrl Pts',(34.851521570674,115.243761379168,1.61852447625333));
#9129=CARTESIAN_POINT('Ctrl Pts',(34.8523004335072,115.244096684163,1.61729910828512));
#9130=CARTESIAN_POINT('Ctrl Pts',(34.8543355373107,115.244972808227,1.61409732370043));
#9131=CARTESIAN_POINT('Ctrl Pts',(34.8563687159002,115.245874914494,1.61086111502341));
#9132=CARTESIAN_POINT('Ctrl Pts',(34.8583982817715,115.246806929749,1.60759127940208));
#9133=CARTESIAN_POINT('Ctrl Pts',(34.8595585520688,115.247339747941,1.60572196675638));
#9134=CARTESIAN_POINT('Ctrl Pts',(34.8607152796135,115.247881107965,1.60384560589138));
#9135=CARTESIAN_POINT('Ctrl Pts',(34.8618387267532,115.248416307571,1.60201179183936));
#9136=CARTESIAN_POINT('Ctrl Pts',(34.8626256678899,115.248791198896,1.60072725991646));
#9137=CARTESIAN_POINT('Ctrl Pts',(34.8633993749636,115.249164604703,1.59945855110123));
#9138=CARTESIAN_POINT('Ctrl Pts',(34.8642022648942,115.249558120107,1.59813511167935));
#9139=CARTESIAN_POINT('Ctrl Pts',(34.8647091528324,115.249806557912,1.59729958559495));
#9140=CARTESIAN_POINT('Ctrl Pts',(34.8652270915476,115.250062717988,1.59644319758693));
#9141=CARTESIAN_POINT('Ctrl Pts',(34.8657614317853,115.250329343356,1.59555692974408));
#9142=CARTESIAN_POINT('Ctrl Pts',(34.8660857928844,115.250491193225,1.59501893767224));
#9143=CARTESIAN_POINT('Ctrl Pts',(34.8663259302238,115.250610913272,1.59462053813743));
#9144=CARTESIAN_POINT('Ctrl Pts',(34.8665841535966,115.250740828834,1.5941910391851));
#9145=CARTESIAN_POINT('Ctrl Pts',(34.8668485624659,115.2508738564,1.59375125199186));
#9146=CARTESIAN_POINT('Ctrl Pts',(34.8671318896649,115.251017552522,1.59327892683117));
#9147=CARTESIAN_POINT('Ctrl Pts',(34.867516340375,115.251214159797,1.59263621300444));
#9148=CARTESIAN_POINT('Ctrl Pts',(34.8677010977112,115.251308644306,1.59232734091391));
#9149=CARTESIAN_POINT('Ctrl Pts',(34.8679088103898,115.251415147286,1.5919797737091));
#9150=CARTESIAN_POINT('Ctrl Pts',(34.8681464711145,115.251537281151,1.59158171790581));
#9151=CARTESIAN_POINT('Origin',(31.153625053003,94.0993312819303,-35.));
#9152=CARTESIAN_POINT('',(39.8532598033073,88.4004110886541,-35.7292842436931));
#9153=CARTESIAN_POINT('',(39.5546488623295,89.0208414235585,-35.));
#9154=CARTESIAN_POINT('Ctrl Pts',(39.8532598033077,88.4004110886541,-35.7292842436932));
#9155=CARTESIAN_POINT('Ctrl Pts',(39.853522432745,88.528483962522,-35.6331740443076));
#9156=CARTESIAN_POINT('Ctrl Pts',(39.8257660454692,88.6505292794073,-35.5155491897713));
#9157=CARTESIAN_POINT('Ctrl Pts',(39.721349480672,88.8643858026652,-35.2617288206909));
#9158=CARTESIAN_POINT('Ctrl Pts',(39.6424774707609,88.9546578199601,-35.1249612953003));
#9159=CARTESIAN_POINT('Ctrl Pts',(39.5546488623295,89.0208414235585,-35.));
#9160=CARTESIAN_POINT('',(49.1257624196837,81.8084900384206,-35.));
#9161=CARTESIAN_POINT('',(31.755440076155,94.8979667919776,-35.));
#9162=CARTESIAN_POINT('',(48.5239473965316,81.0098545283733,-36.));
#9163=CARTESIAN_POINT('Origin',(48.5239473965316,81.0098545283733,-35.));
#9164=CARTESIAN_POINT('',(38.5940558095001,88.4925645508626,-36.));
#9165=CARTESIAN_POINT('',(31.153625053003,94.0993312819303,-36.));
#9166=CARTESIAN_POINT('Ctrl Pts',(38.5934353083147,88.492268387759,-36.0003125557744));
#9167=CARTESIAN_POINT('Ctrl Pts',(38.6073967414579,88.4914140271258,-36.0003114894133));
#9168=CARTESIAN_POINT('Ctrl Pts',(38.6213521050605,88.4905686427118,-36.0002212516667));
#9169=CARTESIAN_POINT('Ctrl Pts',(38.6352977226931,88.4897323282658,-36.0000416727509));
#9170=CARTESIAN_POINT('Ctrl Pts',(38.6938375651909,88.4862217117236,-35.999287850172));
#9171=CARTESIAN_POINT('Ctrl Pts',(38.7523903476803,88.4828637280631,-35.9969588806305));
#9172=CARTESIAN_POINT('Ctrl Pts',(38.810839723105,88.47962835959,-35.9930016699531));
#9173=CARTESIAN_POINT('Ctrl Pts',(38.8583731578513,88.4769972249529,-35.9897835035631));
#9174=CARTESIAN_POINT('Ctrl Pts',(38.9058381365009,88.4744463853023,-35.9854884324544));
#9175=CARTESIAN_POINT('Ctrl Pts',(38.9531711731888,88.4719342187587,-35.9800888584022));
#9176=CARTESIAN_POINT('Ctrl Pts',(39.0099831587985,88.4689189638858,-35.9736079616583));
#9177=CARTESIAN_POINT('Ctrl Pts',(39.0664464047324,88.4659692455594,-35.9655590982597));
#9178=CARTESIAN_POINT('Ctrl Pts',(39.122586546504,88.4629591951262,-35.9558944985157));
#9179=CARTESIAN_POINT('Ctrl Pts',(39.1766743604822,88.4600591837839,-35.9465832097189));
#9180=CARTESIAN_POINT('Ctrl Pts',(39.2304622133353,88.4571032251343,-35.9357717867827));
#9181=CARTESIAN_POINT('Ctrl Pts',(39.2839732356554,88.4539314266562,-35.9234268301634));
#9182=CARTESIAN_POINT('Ctrl Pts',(39.306471757143,88.4525978551205,-35.918236436489));
#9183=CARTESIAN_POINT('Ctrl Pts',(39.3289213485161,88.4512255352682,-35.9127751000786));
#9184=CARTESIAN_POINT('Ctrl Pts',(39.3513237719922,88.4497999035469,-35.9070411354872));
#9185=CARTESIAN_POINT('Ctrl Pts',(39.4097410342309,88.4460823815474,-35.8920890695396));
#9186=CARTESIAN_POINT('Ctrl Pts',(39.4664432387922,88.4420969415253,-35.8756914081183));
#9187=CARTESIAN_POINT('Ctrl Pts',(39.5217073979041,88.4375965536136,-35.8579492255952));
#9188=CARTESIAN_POINT('Ctrl Pts',(39.5829175226752,88.4326119612482,-35.8382981312258));
#9189=CARTESIAN_POINT('Ctrl Pts',(39.6423633976704,88.4269940398005,-35.816996303032));
#9190=CARTESIAN_POINT('Ctrl Pts',(39.7004265146551,88.4204046479372,-35.7942197185068));
#9191=CARTESIAN_POINT('Ctrl Pts',(39.7523834276245,88.4145082290512,-35.7738384320488));
#9192=CARTESIAN_POINT('Ctrl Pts',(39.8032331833825,88.4078333516022,-35.7522764086102));
#9193=CARTESIAN_POINT('Ctrl Pts',(39.8532526066066,88.400137327032,-35.7296951368771));
#9194=CARTESIAN_POINT('Ctrl Pts',(39.8519347125955,88.3500047985189,-36.4096659238135));
#9195=CARTESIAN_POINT('Ctrl Pts',(37.1514772814074,88.4005712431597,-36.4551293453426));
#9196=CARTESIAN_POINT('Ctrl Pts',(34.4598506127483,88.7348351984299,-36.4993922992987));
#9197=CARTESIAN_POINT('Ctrl Pts',(31.911826614468,89.5201177228228,-36.5307345258363));
#9198=CARTESIAN_POINT('Ctrl Pts',(39.8539780188101,88.4277319193565,-36.236524980421));
#9199=CARTESIAN_POINT('Ctrl Pts',(37.1593745525068,88.4887488941317,-36.2815545557449));
#9200=CARTESIAN_POINT('Ctrl Pts',(34.4777363040751,88.8334615425319,-36.3264217319933));
#9201=CARTESIAN_POINT('Ctrl Pts',(31.9442964160055,89.6227820398113,-36.3587841102939));
#9202=CARTESIAN_POINT('Ctrl Pts',(39.8553910940752,88.48148513123,-35.8459278485187));
#9203=CARTESIAN_POINT('Ctrl Pts',(37.1650924807547,88.560534513469,-35.8826978757993));
#9204=CARTESIAN_POINT('Ctrl Pts',(34.4934639852523,88.9246792911629,-35.920834527396));
#9205=CARTESIAN_POINT('Ctrl Pts',(31.9764837333951,89.7245531871242,-35.9488031905544));
#9206=CARTESIAN_POINT('Ctrl Pts',(39.8477928638874,88.192449375492,-35.216095578653));
#9207=CARTESIAN_POINT('Ctrl Pts',(37.1371267069812,88.2821647167627,-35.2275604896285));
#9208=CARTESIAN_POINT('Ctrl Pts',(34.4417707777413,88.6613304201095,-35.2397159717428));
#9209=CARTESIAN_POINT('Ctrl Pts',(31.8990592140373,89.4797492455646,-35.2489482802769));
#9210=CARTESIAN_POINT('Ctrl Pts',(39.8354435674291,87.7226836344581,-35.));
#9211=CARTESIAN_POINT('Ctrl Pts',(37.0909800320901,87.8020665974984,-34.9997112407584));
#9212=CARTESIAN_POINT('Ctrl Pts',(34.3491469753135,88.1738694154913,-35.0002606452389));
#9213=CARTESIAN_POINT('Ctrl Pts',(31.7480205831529,89.0021892623068,-35.));
#9214=CARTESIAN_POINT('Ctrl Pts',(39.8279619607252,87.4380842219149,-35.));
#9215=CARTESIAN_POINT('Ctrl Pts',(37.0629216436452,87.5107721589274,-35.));
#9216=CARTESIAN_POINT('Ctrl Pts',(34.2932004420177,87.8780402924899,-35.));
#9217=CARTESIAN_POINT('Ctrl Pts',(31.6562521001633,88.7120320029123,-35.));
#9218=CARTESIAN_POINT('',(34.6902441370215,88.9763006752901,-36.));
#9219=CARTESIAN_POINT('Ctrl Pts',(38.5934353083147,88.492268387759,-36.0003125557744));
#9220=CARTESIAN_POINT('Ctrl Pts',(38.2027746034638,88.5161746095657,-36.0003429295011));
#9221=CARTESIAN_POINT('Ctrl Pts',(37.815236407778,88.5465295307801,-36.0003769055194));
#9222=CARTESIAN_POINT('Ctrl Pts',(37.4312527206207,88.5835495406558,-36.000406269299));
#9223=CARTESIAN_POINT('Ctrl Pts',(37.2354118699971,88.6024306297923,-36.0004212455279));
#9224=CARTESIAN_POINT('Ctrl Pts',(37.0404951263775,88.6230448033648,-36.0004350843364));
#9225=CARTESIAN_POINT('Ctrl Pts',(36.8465566370547,88.6454166446664,-36.0004470795329));
#9226=CARTESIAN_POINT('Ctrl Pts',(36.2651966394628,88.7124796276286,-36.0004830369515));
#9227=CARTESIAN_POINT('Ctrl Pts',(35.6858751974071,88.7961101084704,-36.0004988911035));
#9228=CARTESIAN_POINT('Ctrl Pts',(35.1100363416451,88.8981218086555,-36.0004986399415));
#9229=CARTESIAN_POINT('Ctrl Pts',(34.9692801857222,88.9230572131242,-36.0004985785483));
#9230=CARTESIAN_POINT('Ctrl Pts',(34.8287322740768,88.9490910595803,-36.0004975886944));
#9231=CARTESIAN_POINT('Ctrl Pts',(34.6884140177145,88.9762501928223,-36.0004957918638));
#9232=CARTESIAN_POINT('',(34.4158459980687,88.8960632856578,-36.4967306480016));
#9233=CARTESIAN_POINT('Ctrl Pts',(34.6884140177145,88.9762501928223,-36.0004957918638));
#9234=CARTESIAN_POINT('Ctrl Pts',(34.6743173043893,88.9789374276926,-36.0276140644648));
#9235=CARTESIAN_POINT('Ctrl Pts',(34.6599212667343,88.9805612086124,-36.0546534225683));
#9236=CARTESIAN_POINT('Ctrl Pts',(34.6453535612252,88.9811298891476,-36.0815522694208));
#9237=CARTESIAN_POINT('Ctrl Pts',(34.6218448440546,88.982047600578,-36.124960435688));
#9238=CARTESIAN_POINT('Ctrl Pts',(34.5977135660609,88.9802340439096,-36.1682391422885));
#9239=CARTESIAN_POINT('Ctrl Pts',(34.5735411230975,88.9755825097837,-36.2111048818369));
#9240=CARTESIAN_POINT('Ctrl Pts',(34.5574370502399,88.97248358244,-36.2396627315268));
#9241=CARTESIAN_POINT('Ctrl Pts',(34.5413145294764,88.9681240773577,-36.26803694965));
#9242=CARTESIAN_POINT('Ctrl Pts',(34.5253442267883,88.9624616516758,-36.2961367196303));
#9243=CARTESIAN_POINT('Ctrl Pts',(34.5031708670136,88.954599871953,-36.3351507772551));
#9244=CARTESIAN_POINT('Ctrl Pts',(34.481103707411,88.9441621125602,-36.3739562747096));
#9245=CARTESIAN_POINT('Ctrl Pts',(34.4598970786492,88.9308718253907,-36.4121704549326));
#9246=CARTESIAN_POINT('Ctrl Pts',(34.444020793557,88.9209220879558,-36.4407793972874));
#9247=CARTESIAN_POINT('Ctrl Pts',(34.4286268800234,88.9093736069274,-36.4690559020503));
#9248=CARTESIAN_POINT('Ctrl Pts',(34.414035877313,88.8961121243097,-36.4968207015687));
#9249=CARTESIAN_POINT('',(31.911826614468,89.5201177228228,-36.5307345258363));
#9250=CARTESIAN_POINT('Ctrl Pts',(34.415786447276,88.8957708695567,-36.4967950741986));
#9251=CARTESIAN_POINT('Ctrl Pts',(33.5692238929546,89.060769286004,-36.5091888286325));
#9252=CARTESIAN_POINT('Ctrl Pts',(32.7330665119283,89.2670175399968,-36.5206327815336));
#9253=CARTESIAN_POINT('Ctrl Pts',(31.911826614468,89.5201177228228,-36.5307345258363));
#9254=CARTESIAN_POINT('Origin',(31.6562521001633,88.7120320029123,-36.));
#9255=CARTESIAN_POINT('',(38.410241276665,87.5021612639073,-35.));
#9256=CARTESIAN_POINT('Ctrl Pts',(31.6562521001633,88.7120320029123,-35.));
#9257=CARTESIAN_POINT('Ctrl Pts',(33.8424288918102,88.0206065044252,-35.));
#9258=CARTESIAN_POINT('Ctrl Pts',(36.1198648765907,87.6499756104494,-35.));
#9259=CARTESIAN_POINT('Ctrl Pts',(38.4102337660988,87.502045579559,-35.));
#9260=CARTESIAN_POINT('Ctrl Pts',(39.8532598033072,88.4004110886539,-35.7292842436929));
#9261=CARTESIAN_POINT('Ctrl Pts',(39.8301051460876,88.3955453317711,-35.7098239377224));
#9262=CARTESIAN_POINT('Ctrl Pts',(39.8066045326328,88.3901155934753,-35.6905156625667));
#9263=CARTESIAN_POINT('Ctrl Pts',(39.547410058647,88.3249345799236,-35.482295873737));
#9264=CARTESIAN_POINT('Ctrl Pts',(39.2888807153445,88.2131572395849,-35.3168219923228));
#9265=CARTESIAN_POINT('Ctrl Pts',(38.9264042774761,87.9882376617692,-35.1370233273613));
#9266=CARTESIAN_POINT('Ctrl Pts',(38.8046341645209,87.9002467849278,-35.0860910569738));
#9267=CARTESIAN_POINT('Ctrl Pts',(38.5902558914171,87.7122015797732,-35.019687668056));
#9268=CARTESIAN_POINT('Ctrl Pts',(38.4929224016882,87.6118828219872,-35.));
#9269=CARTESIAN_POINT('Ctrl Pts',(38.4102412773612,87.5021612641032,-35.));
#9270=CARTESIAN_POINT('Origin',(22.9562575125519,95.2679481595935,-36.));
#9271=CARTESIAN_POINT('',(45.5378168166595,77.0471254056717,-36.));
#9272=CARTESIAN_POINT('',(46.1166873039234,77.8153124881841,-36.));
#9273=CARTESIAN_POINT('',(45.7581101177659,78.0855197790875,-36.));
#9274=CARTESIAN_POINT('Origin',(-15.,90.432667422063,-36.));
#9275=CARTESIAN_POINT('',(34.8305733815637,86.3200093442997,-36.));
#9276=CARTESIAN_POINT('',(40.3265798560805,82.1784714060365,-36.));
#9277=CARTESIAN_POINT('',(34.8923664348677,87.1536780154182,-36.0000000000001));
#9278=CARTESIAN_POINT('Origin',(-15.,90.432667422063,-36.));
#9279=CARTESIAN_POINT('Ctrl Pts',(34.8923664348677,87.1536780154186,-36.));
#9280=CARTESIAN_POINT('Ctrl Pts',(34.9342766652163,87.7913746684438,-36.));
#9281=CARTESIAN_POINT('Ctrl Pts',(34.8617059154579,88.421995311868,-36.));
#9282=CARTESIAN_POINT('Ctrl Pts',(34.6902441370215,88.9763006752902,-36.));
#9283=CARTESIAN_POINT('Origin',(46.1166873039234,77.8153124881841,-36.));
#9284=CARTESIAN_POINT('',(49.1257624196837,81.8084900384206,-31.5));
#9285=CARTESIAN_POINT('',(49.1257624196837,81.8084900384206,1.00000000000001));
#9286=CARTESIAN_POINT('',(47.3203173502275,79.4125835082787,-31.5));
#9287=CARTESIAN_POINT('',(47.3203173502275,79.4125835082787,-31.5));
#9288=CARTESIAN_POINT('',(47.3203173502275,79.4125835082787,-35.));
#9289=CARTESIAN_POINT('',(47.3203173502275,79.4125835082787,1.00000000000001));
#9290=CARTESIAN_POINT('',(46.1166873039234,77.8153124881841,-35.));
#9291=CARTESIAN_POINT('',(43.7875308426686,74.7244174675322,-0.999999999999998));
#9292=CARTESIAN_POINT('',(46.1166873039234,77.8153124881841,-0.999999999999997));
#9293=CARTESIAN_POINT('Origin',(1.30513271869975,18.3483710271028,13.5552051357989));
#9294=CARTESIAN_POINT('',(20.4811249044371,43.795772156619,-44.6361455838844));
#9295=CARTESIAN_POINT('Origin',(32.,59.081835703078,-48.));
#9296=CARTESIAN_POINT('',(30.8402104093947,57.542742932696,-37.3769439808461));
#9297=CARTESIAN_POINT('Ctrl Pts',(30.8402104093947,57.542742932696,-37.3769439808461));
#9298=CARTESIAN_POINT('Ctrl Pts',(29.6713276724178,55.9915831495093,-37.4008237606129));
#9299=CARTESIAN_POINT('Ctrl Pts',(28.4128044095275,54.3214663706019,-37.5504345596598));
#9300=CARTESIAN_POINT('Ctrl Pts',(25.8393071097342,50.9063201054571,-38.2941306670527));
#9301=CARTESIAN_POINT('Ctrl Pts',(24.5315905548914,49.1709216232057,-38.9399853841858));
#9302=CARTESIAN_POINT('Ctrl Pts',(23.0484030040211,47.2026652643314,-40.2366724290855));
#9303=CARTESIAN_POINT('Ctrl Pts',(22.6591955373055,46.6861695110904,-40.6326909321598));
#9304=CARTESIAN_POINT('Ctrl Pts',(21.9342390295907,45.7241197316276,-41.5389429084174));
#9305=CARTESIAN_POINT('Ctrl Pts',(21.5990013314592,45.2792442803102,-42.0503052344393));
#9306=CARTESIAN_POINT('Ctrl Pts',(21.1214900284317,44.6455653783623,-42.9411888140003));
#9307=CARTESIAN_POINT('Ctrl Pts',(20.9191962162782,44.3771124224982,-43.3789246140296));
#9308=CARTESIAN_POINT('Ctrl Pts',(20.6476428745795,44.0167489666032,-44.1029030310769));
#9309=CARTESIAN_POINT('Ctrl Pts',(20.558986217036,43.899097608308,-44.3695244333652));
#9310=CARTESIAN_POINT('Ctrl Pts',(20.4811249044371,43.795772156619,-44.6361455838844));
#9311=CARTESIAN_POINT('Ctrl Pts',(45.5378168166595,77.0471254056717,-36.));
#9312=CARTESIAN_POINT('Ctrl Pts',(44.7810875060047,76.0429116925988,-36.));
#9313=CARTESIAN_POINT('Ctrl Pts',(43.9492342324984,74.9390051136443,-36.0366333771177));
#9314=CARTESIAN_POINT('Ctrl Pts',(42.2868546491471,72.7329528959905,-36.1666761284833));
#9315=CARTESIAN_POINT('Ctrl Pts',(41.4562825930139,71.6307465499164,-36.258465815176));
#9316=CARTESIAN_POINT('Ctrl Pts',(39.0370151215819,68.4202701798378,-36.5564381877828));
#9317=CARTESIAN_POINT('Ctrl Pts',(37.2085290941908,65.9937872657831,-36.8368385123173));
#9318=CARTESIAN_POINT('Ctrl Pts',(33.8340534746098,61.5157068691339,-37.2265708179208));
#9319=CARTESIAN_POINT('Ctrl Pts',(32.2881361913523,59.4642053437334,-37.3473634697323));
#9320=CARTESIAN_POINT('Ctrl Pts',(30.8402104093947,57.542742932696,-37.3769439808461));
#9321=CARTESIAN_POINT('Ctrl Pts',(23.112197417436,95.1504390126954,-35.));
#9322=CARTESIAN_POINT('Ctrl Pts',(23.5183712840418,94.8443650504687,-35.));
#9323=CARTESIAN_POINT('Ctrl Pts',(24.3324431469347,94.230917901111,-35.));
#9324=CARTESIAN_POINT('Ctrl Pts',(25.5657037557716,93.3015893744898,-35.));
#9325=CARTESIAN_POINT('Ctrl Pts',(26.8020594304575,92.3699285484626,-35.));
#9326=CARTESIAN_POINT('Ctrl Pts',(28.0294604325995,91.4450155521984,-35.));
#9327=CARTESIAN_POINT('Ctrl Pts',(29.262317341956,90.5159912349555,-35.));
#9328=CARTESIAN_POINT('Ctrl Pts',(30.2756726499201,89.752373238446,-35.));
#9329=CARTESIAN_POINT('Ctrl Pts',(30.9715413932527,89.2279985285678,-35.));
#9330=CARTESIAN_POINT('Ctrl Pts',(31.3156008646954,88.9687311203858,-35.));
#9331=CARTESIAN_POINT('Ctrl Pts',(31.4864038613673,88.8400218304741,-35.));
#9332=CARTESIAN_POINT('Ctrl Pts',(31.5836087298751,88.7667727081203,-35.));
#9333=CARTESIAN_POINT('Ctrl Pts',(31.6320642549715,88.730258850934,-35.));
#9334=CARTESIAN_POINT('Ctrl Pts',(31.6562520998337,88.7120320024749,-35.));
#9335=CARTESIAN_POINT('Ctrl Pts',(23.1901720144564,95.2175943754006,-35.0908412450342));
#9336=CARTESIAN_POINT('Ctrl Pts',(23.5856071714552,94.9037221825927,-35.0943904453761));
#9337=CARTESIAN_POINT('Ctrl Pts',(24.3822411585089,94.2777930714105,-35.095787458501));
#9338=CARTESIAN_POINT('Ctrl Pts',(25.6001613303398,93.3413937695177,-35.0934237956385));
#9339=CARTESIAN_POINT('Ctrl Pts',(26.8307486497969,92.4146121690926,-35.0935399990019));
#9340=CARTESIAN_POINT('Ctrl Pts',(28.0611366678431,91.5069383248984,-35.0959669486496));
#9341=CARTESIAN_POINT('Ctrl Pts',(29.3051737606048,90.6092101545747,-35.0933884330114));
#9342=CARTESIAN_POINT('Ctrl Pts',(30.3326677626046,89.8835614449895,-35.076187372401));
#9343=CARTESIAN_POINT('Ctrl Pts',(31.0354824943268,89.3900315102615,-35.0468550732077));
#9344=CARTESIAN_POINT('Ctrl Pts',(31.3800536122248,89.146570972108,-35.0259613022723));
#9345=CARTESIAN_POINT('Ctrl Pts',(31.5498198358596,89.0257171782186,-35.0136623831981));
#9346=CARTESIAN_POINT('Ctrl Pts',(31.6459396122746,88.9569135560567,-35.0060562826084));
#9347=CARTESIAN_POINT('Ctrl Pts',(31.6936636396436,88.9226023285287,-35.0020536454783));
#9348=CARTESIAN_POINT('Ctrl Pts',(31.7174310884862,88.9054701754584,-34.9999999998952));
#9349=CARTESIAN_POINT('Ctrl Pts',(23.3227803362806,95.3210109807146,-35.3149390773314));
#9350=CARTESIAN_POINT('Ctrl Pts',(23.6972823950921,94.9922414033737,-35.3176317934508));
#9351=CARTESIAN_POINT('Ctrl Pts',(24.4612149230273,94.3441672825375,-35.3107022744752));
#9352=CARTESIAN_POINT('Ctrl Pts',(25.6508140023748,93.3967351069359,-35.2968622910446));
#9353=CARTESIAN_POINT('Ctrl Pts',(26.8697809344054,92.4795468053082,-35.2972008117905));
#9354=CARTESIAN_POINT('Ctrl Pts',(28.1036690014984,91.6030370760199,-35.3114407658926));
#9355=CARTESIAN_POINT('Ctrl Pts',(29.3668438544502,90.7635598913418,-35.3207650233787));
#9356=CARTESIAN_POINT('Ctrl Pts',(30.422886080605,90.1140472095584,-35.2959051671393));
#9357=CARTESIAN_POINT('Ctrl Pts',(31.1465281982306,89.6912208463685,-35.2353045447943));
#9358=CARTESIAN_POINT('Ctrl Pts',(31.4987668315164,89.4880378447113,-35.1883139798072));
#9359=CARTESIAN_POINT('Ctrl Pts',(31.6708677307914,89.3886457976577,-35.1596665217799));
#9360=CARTESIAN_POINT('Ctrl Pts',(31.7677053431604,89.3325008640205,-35.1416518324554));
#9361=CARTESIAN_POINT('Ctrl Pts',(31.8155435456171,89.3046520121613,-35.1320681628707));
#9362=CARTESIAN_POINT('Ctrl Pts',(31.8392954343381,89.2907857376793,-35.1271246183646));
#9363=CARTESIAN_POINT('Ctrl Pts',(23.4356750619759,95.3648623454011,-35.790756872127));
#9364=CARTESIAN_POINT('Ctrl Pts',(23.7854997464567,95.0198531500436,-35.7716642810614));
#9365=CARTESIAN_POINT('Ctrl Pts',(24.5118465063264,94.3518611641029,-35.7247987289156));
#9366=CARTESIAN_POINT('Ctrl Pts',(25.6671867750645,93.3997961758082,-35.6766038572539));
#9367=CARTESIAN_POINT('Ctrl Pts',(26.8675898638849,92.4977214527411,-35.6780382440822));
#9368=CARTESIAN_POINT('Ctrl Pts',(28.0972498469096,91.6563554922077,-35.7280724248329));
#9369=CARTESIAN_POINT('Ctrl Pts',(29.3750867939558,90.8820438971278,-35.7989293169165));
#9370=CARTESIAN_POINT('Ctrl Pts',(30.4657891321214,90.3243779667767,-35.8335826373363));
#9371=CARTESIAN_POINT('Ctrl Pts',(31.2302062873766,89.9977640595014,-35.8064730771149));
#9372=CARTESIAN_POINT('Ctrl Pts',(31.6077701100556,89.854195226616,-35.7711172643587));
#9373=CARTESIAN_POINT('Ctrl Pts',(31.793826059921,89.7881649040272,-35.7463885217906));
#9374=CARTESIAN_POINT('Ctrl Pts',(31.8990084541823,89.7522356817819,-35.7299499721051));
#9375=CARTESIAN_POINT('Ctrl Pts',(31.9511408118027,89.7349038582591,-35.7209112874552));
#9376=CARTESIAN_POINT('Ctrl Pts',(31.9770693225999,89.7264047270646,-35.7161724876269));
#9377=CARTESIAN_POINT('Ctrl Pts',(23.3914346119468,95.2656520936205,-36.1333656653158));
#9378=CARTESIAN_POINT('Ctrl Pts',(23.740028086613,94.921126397623,-36.0915709460767));
#9379=CARTESIAN_POINT('Ctrl Pts',(24.4634333278177,94.2578442391287,-36.0087181702683));
#9380=CARTESIAN_POINT('Ctrl Pts',(25.6117847036874,93.3159240434373,-35.9331036988074));
#9381=CARTESIAN_POINT('Ctrl Pts',(26.8019192735787,92.4208375359823,-35.9352181425942));
#9382=CARTESIAN_POINT('Ctrl Pts',(28.0197314513663,91.5828992576119,-36.0136875526519));
#9383=CARTESIAN_POINT('Ctrl Pts',(29.2892479654372,90.8103394118795,-36.1402351236296));
#9384=CARTESIAN_POINT('Ctrl Pts',(30.3834911430099,90.2553346242716,-36.2448242315013));
#9385=CARTESIAN_POINT('Ctrl Pts',(31.1674085669119,89.9347823450049,-36.2831319369197));
#9386=CARTESIAN_POINT('Ctrl Pts',(31.5633750649484,89.7958292719542,-36.2857767331253));
#9387=CARTESIAN_POINT('Ctrl Pts',(31.7619176251473,89.7326303901619,-36.281521270313));
#9388=CARTESIAN_POINT('Ctrl Pts',(31.8754265652236,89.6984938052718,-36.2772234171261));
#9389=CARTESIAN_POINT('Ctrl Pts',(31.9321694755628,89.6821164759441,-36.2744014555609));
#9390=CARTESIAN_POINT('Ctrl Pts',(31.9605313167236,89.6741141983626,-36.2728089024602));
#9391=CARTESIAN_POINT('Ctrl Pts',(23.3241702133706,95.1693536221233,-36.3024710549145));
#9392=CARTESIAN_POINT('Ctrl Pts',(23.677952933136,94.8285955063294,-36.2510046173099));
#9393=CARTESIAN_POINT('Ctrl Pts',(24.4081701486249,94.1740852492492,-36.1526817654644));
#9394=CARTESIAN_POINT('Ctrl Pts',(25.5587604070209,93.2417444739189,-36.0649454766647));
#9395=CARTESIAN_POINT('Ctrl Pts',(26.7446820575726,92.3501405730831,-36.0675452432883));
#9396=CARTESIAN_POINT('Ctrl Pts',(27.9539390303333,91.50733259483,-36.1587054071056));
#9397=CARTESIAN_POINT('Ctrl Pts',(29.2144510260278,90.7213084956313,-36.3094820294173));
#9398=CARTESIAN_POINT('Ctrl Pts',(30.3059029299234,90.1476828380763,-36.4438632055796));
#9399=CARTESIAN_POINT('Ctrl Pts',(31.0967686839604,89.8073959282824,-36.5090957457392));
#9400=CARTESIAN_POINT('Ctrl Pts',(31.5010172067316,89.6562053957165,-36.5270883085086));
#9401=CARTESIAN_POINT('Ctrl Pts',(31.7055604368165,89.5861214433668,-36.5309868948796));
#9402=CARTESIAN_POINT('Ctrl Pts',(31.8231788909053,89.5477959064012,-36.5314815818376));
#9403=CARTESIAN_POINT('Ctrl Pts',(31.8822351644879,89.5292375931799,-36.5310985184613));
#9404=CARTESIAN_POINT('Ctrl Pts',(31.911826614468,89.5201177228228,-36.5307345258363));
#9405=CARTESIAN_POINT('Ctrl Pts',(23.7509435568219,94.6691092723737,-35.));
#9406=CARTESIAN_POINT('Ctrl Pts',(23.7833003523275,94.7283356577053,-35.0761675892665));
#9407=CARTESIAN_POINT('Ctrl Pts',(23.7967071288899,94.7856894728925,-35.1599482868168));
#9408=CARTESIAN_POINT('Ctrl Pts',(23.7928789082529,94.9118987076048,-35.363362969298));
#9409=CARTESIAN_POINT('Ctrl Pts',(23.7634881143717,94.9771699037771,-35.4842361594701));
#9410=CARTESIAN_POINT('Ctrl Pts',(23.6675043607882,95.0938683894845,-35.7250357706277));
#9411=CARTESIAN_POINT('Ctrl Pts',(23.5979787577264,95.1452724894379,-35.8465639847292));
#9412=CARTESIAN_POINT('Ctrl Pts',(23.4727011891146,95.2102269443432,-36.020627415179));
#9413=CARTESIAN_POINT('Ctrl Pts',(23.4255261652607,95.2304115694728,-36.0792322019637));
#9414=CARTESIAN_POINT('Ctrl Pts',(23.3751306988149,95.2482933742556,-36.1357663064348));
#9415=CARTESIAN_POINT('Ctrl Pts',(31.911826614468,89.5201177228228,-36.5307345258363));
#9416=CARTESIAN_POINT('Ctrl Pts',(31.8822351644879,89.5292375931799,-36.5310985184613));
#9417=CARTESIAN_POINT('Ctrl Pts',(31.8231788909053,89.5477959064012,-36.5314815818376));
#9418=CARTESIAN_POINT('Ctrl Pts',(31.7131154078897,89.5836596840673,-36.5310186700436));
#9419=CARTESIAN_POINT('Ctrl Pts',(31.6329184178968,89.6110221057262,-36.5295927295483));
#9420=CARTESIAN_POINT('Ctrl Pts',(31.5821341285968,89.6288129092379,-36.5283088583892));
#9421=CARTESIAN_POINT('Origin',(31.2375599322202,99.611047087397,-54.126155740733));
#9422=CARTESIAN_POINT('Ctrl Pts',(33.6801993603838,88.5374070174138,-37.3672632442435));
#9423=CARTESIAN_POINT('Ctrl Pts',(33.6905696359856,88.5390516324416,-37.3607859481486));
#9424=CARTESIAN_POINT('Ctrl Pts',(33.7008413616104,88.5408032335524,-37.3541631879523));
#9425=CARTESIAN_POINT('Ctrl Pts',(33.7110133577702,88.5426569563486,-37.3474038629945));
#9426=CARTESIAN_POINT('Ctrl Pts',(33.7216382015727,88.5445932051293,-37.3403436192863));
#9427=CARTESIAN_POINT('Ctrl Pts',(33.732165387881,88.5466405029775,-37.3331286646735));
#9428=CARTESIAN_POINT('Ctrl Pts',(33.7425933090325,88.5487933401272,-37.3257684879544));
#9429=CARTESIAN_POINT('Ctrl Pts',(33.7864239253061,88.5578421407114,-37.2948322086331));
#9430=CARTESIAN_POINT('Ctrl Pts',(33.8284973900209,88.5687574987506,-37.2613314373286));
#9431=CARTESIAN_POINT('Ctrl Pts',(33.8687369374976,88.5811429865795,-37.2260018115362));
#9432=CARTESIAN_POINT('Ctrl Pts',(33.9094846462997,88.5936848833718,-37.1902260289008));
#9433=CARTESIAN_POINT('Ctrl Pts',(33.9483520591792,88.6077344533662,-37.1525752190557));
#9434=CARTESIAN_POINT('Ctrl Pts',(33.9853029694891,88.6228527689756,-37.1137965869676));
#9435=CARTESIAN_POINT('Ctrl Pts',(34.0146411891786,88.6348563829858,-37.0830071959101));
#9436=CARTESIAN_POINT('Ctrl Pts',(34.042772177789,88.6475331949718,-37.0515065239654));
#9437=CARTESIAN_POINT('Ctrl Pts',(34.0696951449536,88.6606507007929,-37.0196595266313));
#9438=CARTESIAN_POINT('Ctrl Pts',(34.1353561492556,88.6926422937286,-36.9419895649151));
#9439=CARTESIAN_POINT('Ctrl Pts',(34.1988421729872,88.7298042993542,-36.8562620863061));
#9440=CARTESIAN_POINT('Ctrl Pts',(34.2597113184899,88.7719293925057,-36.7629948468459));
#9441=CARTESIAN_POINT('Ctrl Pts',(34.3138550636628,88.8094001059541,-36.6800326563206));
#9442=CARTESIAN_POINT('Ctrl Pts',(34.3659281668177,88.8507973211648,-36.5911042989698));
#9443=CARTESIAN_POINT('Ctrl Pts',(34.4155893933144,88.8959599245925,-36.496566223719));
#9444=CARTESIAN_POINT('Ctrl Pts',(26.2835106712274,98.0217220929115,-28.7398167818485));
#9445=CARTESIAN_POINT('Ctrl Pts',(25.3314859692184,96.7583426420558,-31.0260643252869));
#9446=CARTESIAN_POINT('Ctrl Pts',(24.3806976459742,95.4966039212374,-33.3137336381522));
#9447=CARTESIAN_POINT('Ctrl Pts',(23.4320948353442,94.2377654736163,-35.603904146209));
#9448=CARTESIAN_POINT('Ctrl Pts',(26.4185444158607,98.2009179244712,-28.8950702200801));
#9449=CARTESIAN_POINT('Ctrl Pts',(25.4658065632389,96.9366694738208,-31.180332599605));
#9450=CARTESIAN_POINT('Ctrl Pts',(24.5143628827882,95.6738782522907,-33.466895610856));
#9451=CARTESIAN_POINT('Ctrl Pts',(23.564751136198,94.4138063307197,-35.7556156182978));
#9452=CARTESIAN_POINT('Ctrl Pts',(26.4878648938727,98.6365768891437,-29.1646811783247));
#9453=CARTESIAN_POINT('Ctrl Pts',(25.5359327137242,97.3694260639522,-31.448315876999));
#9454=CARTESIAN_POINT('Ctrl Pts',(24.5852037916411,96.1033461109824,-33.7329172126259));
#9455=CARTESIAN_POINT('Ctrl Pts',(23.636704127959,94.8391678546082,-36.0192275408614));
#9456=CARTESIAN_POINT('Ctrl Pts',(26.2330650388247,99.0505275762367,-29.2873280178901));
#9457=CARTESIAN_POINT('Ctrl Pts',(25.2850607465799,97.7819977983367,-31.5716719296618));
#9458=CARTESIAN_POINT('Ctrl Pts',(24.3389008934406,96.514331821697,-33.8570960153353));
#9459=CARTESIAN_POINT('Ctrl Pts',(23.3959615654761,95.2480749341408,-36.1442745104224));
#9460=CARTESIAN_POINT('Ctrl Pts',(26.0851566530888,99.1910368925466,-29.3033823362994));
#9461=CARTESIAN_POINT('Ctrl Pts',(25.1388926560164,97.9226675697602,-31.5885185745071));
#9462=CARTESIAN_POINT('Ctrl Pts',(24.1947556357289,96.6551174366798,-33.8748189496292));
#9463=CARTESIAN_POINT('Ctrl Pts',(23.2543181747536,95.3890053248865,-36.1630701745929));
#9464=CARTESIAN_POINT('',(26.1168660133777,97.8005771626614,-29.1400542194574));
#9465=CARTESIAN_POINT('Ctrl Pts',(26.1168660133777,97.8005771626614,-29.1400542194574));
#9466=CARTESIAN_POINT('Ctrl Pts',(26.2249611813897,97.9440242956139,-29.1400542194574));
#9467=CARTESIAN_POINT('Ctrl Pts',(26.3025849681376,98.1013671727909,-29.1461250910612));
#9468=CARTESIAN_POINT('Ctrl Pts',(26.3788433303886,98.3898645243314,-29.1680597664853));
#9469=CARTESIAN_POINT('Ctrl Pts',(26.3907134157831,98.5237506478064,-29.1820946204695));
#9470=CARTESIAN_POINT('Ctrl Pts',(26.3598375788463,98.7591311616756,-29.2167659911429));
#9471=CARTESIAN_POINT('Ctrl Pts',(26.3277795135571,98.8592590970484,-29.2351972251694));
#9472=CARTESIAN_POINT('Ctrl Pts',(26.2252322877288,99.03971640306,-29.2780920313734));
#9473=CARTESIAN_POINT('Ctrl Pts',(26.1573034390231,99.1164653279172,-29.3016129277764));
#9474=CARTESIAN_POINT('Ctrl Pts',(26.0755074353445,99.1781030377714,-29.3266844931698));
#9475=CARTESIAN_POINT('Ctrl Pts',(26.1168655228462,97.8005765117041,-29.1400536625406));
#9476=CARTESIAN_POINT('Ctrl Pts',(25.3284748157549,96.754346706445,-31.0337748994384));
#9477=CARTESIAN_POINT('Ctrl Pts',(24.5409702518733,95.7092928529433,-32.9285146721667));
#9478=CARTESIAN_POINT('Ctrl Pts',(23.7548911048586,94.6661305915138,-34.8248862829277));
#9479=CARTESIAN_POINT('Origin',(42.7338399486887,85.3730134462256,4.44089209850063E-15));
#9480=CARTESIAN_POINT('Origin',(46.926676376437,82.2134845746774,4.44089209850063E-15));
#9481=CARTESIAN_POINT('Ctrl Pts',(48.3271269096363,82.4103050615726,-0.999999999999996));
#9482=CARTESIAN_POINT('Ctrl Pts',(48.3271269096363,82.4103050615726,2.22044604925031E-15));
#9483=CARTESIAN_POINT('Ctrl Pts',(47.528491399589,83.0121200847247,1.38777878078145E-15));
#9484=CARTESIAN_POINT('Ctrl Pts',(49.1257624196836,81.8084900384206,-0.999999999999996));
#9485=CARTESIAN_POINT('Ctrl Pts',(49.1257624196836,81.8084900384206,1.00000000000001));
#9486=CARTESIAN_POINT('Ctrl Pts',(47.528491399589,83.0121200847247,1.00000000000001));
#9487=CARTESIAN_POINT('Ctrl Pts',(48.5239473965316,81.0098545283733,-0.999999999999989));
#9488=CARTESIAN_POINT('Ctrl Pts',(48.5239473965316,81.0098545283733,1.00000000000001));
#9489=CARTESIAN_POINT('Ctrl Pts',(46.926676376437,82.2134845746774,1.));
#9490=CARTESIAN_POINT('',(48.5239473965316,81.0098545283733,-0.999999999999997));
#9491=CARTESIAN_POINT('Origin',(47.7253118864843,81.6116695515253,-0.999999999999997));
#9492=CARTESIAN_POINT('Origin',(46.926676376437,82.2134845746774,-0.999999999999996));
#9493=CARTESIAN_POINT('Origin',(47.7253118864843,81.6116695515254,-26.75));
#9494=CARTESIAN_POINT('',(48.5239473965316,81.0098545283733,-3.50000000000001));
#9495=CARTESIAN_POINT('Origin',(47.7253118864843,81.6116695515254,-3.50000000000001));
#9496=CARTESIAN_POINT('',(48.5239473965316,81.0098545283733,-26.75));
#9497=CARTESIAN_POINT('Origin',(46.1166873039234,77.8153124881841,-36.));
#9498=CARTESIAN_POINT('',(47.3203173502275,79.4125835082787,-0.999999999999997));
#9499=CARTESIAN_POINT('',(46.1166873039234,77.8153124881841,-0.999999999999997));
#9500=CARTESIAN_POINT('',(47.3203173502275,79.4125835082787,-3.50000000000001));
#9501=CARTESIAN_POINT('',(47.3203173502275,79.4125835082787,1.00000000000001));
#9502=CARTESIAN_POINT('',(47.3203173502275,79.4125835082787,-3.50000000000001));
#9503=CARTESIAN_POINT('Origin',(44.5194162838288,79.0189425344882,-0.999999999999996));
#9504=CARTESIAN_POINT('Origin',(42.190259822574,75.9280475138363,-0.999999999999996));
#9505=CARTESIAN_POINT('Origin',(45.7230463301329,80.6162135545828,-0.999999999999996));
#9506=CARTESIAN_POINT('Origin',(47.2015419979543,108.483096829015,27.1794813602856));
#9507=CARTESIAN_POINT('',(34.4226182617407,115.307093206522,2.03724236723228));
#9508=CARTESIAN_POINT('Ctrl Pts',(34.4226182617407,115.307093206522,2.03724236723229));
#9509=CARTESIAN_POINT('Ctrl Pts',(34.4344992676189,115.299852520978,2.02923843090797));
#9510=CARTESIAN_POINT('Ctrl Pts',(34.4464536909518,115.293021680249,2.02102633091578));
#9511=CARTESIAN_POINT('Ctrl Pts',(34.4630917423516,115.284135171135,2.00933841804765));
#9512=CARTESIAN_POINT('Ctrl Pts',(34.4677682923442,115.281704054373,2.00602548716524));
#9513=CARTESIAN_POINT('Ctrl Pts',(34.4724777001419,115.279324267214,2.00265899145699));
#9514=CARTESIAN_POINT('Origin',(34.945612407474,116.159413082989,2.04252930475251));
#9515=CARTESIAN_POINT('Origin',(10.108799783262,138.226067375551,20.8908305126476));
#9516=CARTESIAN_POINT('',(34.4226182617407,110.164685321436,0.466855108441254));
#9517=CARTESIAN_POINT('Origin',(34.,111.585129579993,-6.64462159377734));
#9518=CARTESIAN_POINT('',(34.7986355100473,110.983314556841,-6.64462159377718));
#9519=CARTESIAN_POINT('Origin',(34.,111.585129579993,-6.64462159377717));
#9520=CARTESIAN_POINT('Origin',(34.,111.585129579993,-6.64462159377734));
#9521=CARTESIAN_POINT('Origin',(34.,111.585129579993,-6.64462159377731));
#9522=CARTESIAN_POINT('Ctrl Pts',(25.3047745081051,99.7588919566402,-29.5941681591508));
#9523=CARTESIAN_POINT('Ctrl Pts',(28.3746038771904,103.884476910913,-22.1197448100274));
#9524=CARTESIAN_POINT('Ctrl Pts',(31.4743600990643,108.025306158534,-14.6634820220897));
#9525=CARTESIAN_POINT('Ctrl Pts',(34.5806818632679,112.16938569409,-7.21159017034203));
#9526=CARTESIAN_POINT('Ctrl Pts',(25.4912721422965,99.5708767737349,-29.5681143695106));
#9527=CARTESIAN_POINT('Ctrl Pts',(28.570789204825,103.696948708689,-22.0977889404348));
#9528=CARTESIAN_POINT('Ctrl Pts',(31.6753542738195,107.838231268949,-14.6437514627201));
#9529=CARTESIAN_POINT('Ctrl Pts',(34.785742625493,111.98282758811,-7.19381607869846));
#9530=CARTESIAN_POINT('Ctrl Pts',(25.6924285560891,99.1373403573735,-29.4133943014023));
#9531=CARTESIAN_POINT('Ctrl Pts',(28.7868876981945,103.255004139418,-21.9435395922441));
#9532=CARTESIAN_POINT('Ctrl Pts',(31.8999874449818,107.392326043574,-14.490546957005));
#9533=CARTESIAN_POINT('Ctrl Pts',(35.0169192625264,111.5335456994,-7.04118768516041));
#9534=CARTESIAN_POINT('Ctrl Pts',(25.5757809608292,98.7441731867431,-29.1494124542459));
#9535=CARTESIAN_POINT('Ctrl Pts',(28.6709307921834,102.851491601591,-21.672316240736));
#9536=CARTESIAN_POINT('Ctrl Pts',(31.7843352683468,106.98324492811,-14.2157254648233));
#9537=CARTESIAN_POINT('Ctrl Pts',(34.9016085788094,111.119964434508,-6.76349694385466));
#9538=CARTESIAN_POINT('Ctrl Pts',(25.4767885835966,98.6128058651567,-29.0363916968179));
#9539=CARTESIAN_POINT('Ctrl Pts',(28.5698919474434,102.717492666886,-21.5562138485516));
#9540=CARTESIAN_POINT('Ctrl Pts',(31.6822480926614,106.847728772436,-14.0980698213797));
#9541=CARTESIAN_POINT('Ctrl Pts',(34.7986355100473,110.983314556841,-6.64462159377718));
#9542=CARTESIAN_POINT('Ctrl Pts',(34.7986355100473,110.983314556841,-6.64462159377718));
#9543=CARTESIAN_POINT('Ctrl Pts',(31.8462621168438,107.065382733901,-13.7057982985824));
#9544=CARTESIAN_POINT('Ctrl Pts',(28.8975068339319,103.152252305487,-20.7711895341961));
#9545=CARTESIAN_POINT('Ctrl Pts',(25.9653121333821,99.2610985121392,-27.8555373906668));
#9546=CARTESIAN_POINT('Origin',(33.9999999999908,121.251092514577,2.87764823079408));
#9547=CARTESIAN_POINT('Origin',(34.,121.251092514556,2.87764823078501));
#9548=CARTESIAN_POINT('Origin',(34.,121.251092514556,2.87764823078496));
#9549=CARTESIAN_POINT('Ctrl Pts',(35.,120.617694955663,2.71136698454556));
#9550=CARTESIAN_POINT('Ctrl Pts',(35.,120.826933758242,2.77526427876195));
#9551=CARTESIAN_POINT('Ctrl Pts',(35.,121.038250368536,2.83073968882191));
#9552=CARTESIAN_POINT('Ctrl Pts',(35.,121.251092514579,2.87764823079006));
#9553=CARTESIAN_POINT('Ctrl Pts',(35.,120.562472130226,2.89220027351814));
#9554=CARTESIAN_POINT('Ctrl Pts',(34.9999938766394,120.776634122132,2.95706213204758));
#9555=CARTESIAN_POINT('Ctrl Pts',(35.0000044142913,120.992887334789,3.01337269878799));
#9556=CARTESIAN_POINT('Ctrl Pts',(35.,121.210686722603,3.06098489221291));
#9557=CARTESIAN_POINT('Ctrl Pts',(34.8895216862919,120.4521854193,3.25334638490398));
#9558=CARTESIAN_POINT('Ctrl Pts',(34.8901410695175,120.676169783885,3.32014197869557));
#9559=CARTESIAN_POINT('Ctrl Pts',(34.8906753814119,120.902296489127,3.37812273061185));
#9560=CARTESIAN_POINT('Ctrl Pts',(34.8911282069862,121.129988096035,3.42714568384605));
#9561=CARTESIAN_POINT('Ctrl Pts',(34.5939805233768,120.376332569676,3.50173498448591));
#9562=CARTESIAN_POINT('Ctrl Pts',(34.5960624410088,120.606908495232,3.57045266927627));
#9563=CARTESIAN_POINT('Ctrl Pts',(34.5978735118243,120.839683017202,3.63011225618591));
#9564=CARTESIAN_POINT('Ctrl Pts',(34.5993993844015,121.074139759324,3.68055112643416));
#9565=CARTESIAN_POINT('Ctrl Pts',(34.4226182617407,120.352994395181,3.57815843473636));
#9566=CARTESIAN_POINT('Ctrl Pts',(34.4254149939937,120.585481953602,3.64779183603766));
#9567=CARTESIAN_POINT('Ctrl Pts',(34.4278431072725,120.820278187262,3.70824731444926));
#9568=CARTESIAN_POINT('Ctrl Pts',(34.4298962557488,121.056769460643,3.75936687072133));
#9569=CARTESIAN_POINT('Origin',(34.,120.617694955663,2.71136698454556));
#9570=CARTESIAN_POINT('Origin',(34.,110.429385881918,-0.399936341749539));
#9571=CARTESIAN_POINT('Ctrl Pts',(34.5806818632678,112.16938569409,-7.21159017034218));
#9572=CARTESIAN_POINT('Ctrl Pts',(34.6074050646134,115.168669520642,-4.09348510244563));
#9573=CARTESIAN_POINT('Ctrl Pts',(34.6312716925013,118.373712485139,-0.90937725530067));
#9574=CARTESIAN_POINT('Ctrl Pts',(34.6528555265397,121.771368583621,2.32710988205319));
#9575=CARTESIAN_POINT('Ctrl Pts',(34.8388237635484,112.037252506285,-7.08336666767036));
#9576=CARTESIAN_POINT('Ctrl Pts',(34.8503381989177,115.036855596878,-3.96158445731987));
#9577=CARTESIAN_POINT('Ctrl Pts',(34.8609750564272,118.243519890959,-0.775224796909235));
#9578=CARTESIAN_POINT('Ctrl Pts',(34.8698611757563,121.642905948895,2.46304465015201));
#9579=CARTESIAN_POINT('Ctrl Pts',(35.,111.812677909231,-6.86543700197731));
#9580=CARTESIAN_POINT('Ctrl Pts',(34.9997088650106,114.823079988211,-3.74730426117701));
#9581=CARTESIAN_POINT('Ctrl Pts',(35.0001916329618,118.039462251555,-0.564809851056151));
#9582=CARTESIAN_POINT('Ctrl Pts',(35.,121.44786290173,2.66943253439764));
#9583=CARTESIAN_POINT('Ctrl Pts',(35.,111.585129579993,-6.64462159377732));
#9584=CARTESIAN_POINT('Ctrl Pts',(35.,114.606963381006,-3.53064853247652));
#9585=CARTESIAN_POINT('Ctrl Pts',(35.,117.833324674013,-0.352249960960664));
#9586=CARTESIAN_POINT('Ctrl Pts',(35.,121.251092514556,2.87764823078503));
#9587=CARTESIAN_POINT('Origin',(34.,111.585129579993,-6.03480980985285));
#9588=CARTESIAN_POINT('',(34.7986355100473,110.983314556841,1.39818497684796));
#9589=CARTESIAN_POINT('',(34.7986355100473,110.983314556841,-6.03480980985285));
#9590=CARTESIAN_POINT('Origin',(34.,111.585129579993,2.00000000000001));
#9591=CARTESIAN_POINT('Origin',(34.,97.6755907302034,2.));
#9592=CARTESIAN_POINT('Origin',(34.,109.923489438871,2.00000000000001));
#9593=CARTESIAN_POINT('Origin',(51.2415636006982,132.803817131816,1.00000000000001));
#9594=CARTESIAN_POINT('Ctrl Pts',(32.6417339533869,87.2257779718086,-38.5461429882616));
#9595=CARTESIAN_POINT('Ctrl Pts',(32.7539660108601,88.0104205619782,-37.945187165852));
#9596=CARTESIAN_POINT('Ctrl Pts',(32.8478867442147,88.8044850570276,-37.3547351579238));
#9597=CARTESIAN_POINT('Ctrl Pts',(32.9220924737901,89.6086629380579,-36.7777158941159));
#9598=CARTESIAN_POINT('Ctrl Pts',(32.9644866837356,87.2222088707374,-38.5803513373234));
#9599=CARTESIAN_POINT('Ctrl Pts',(33.0718057692847,88.0060144698332,-37.9713550271576));
#9600=CARTESIAN_POINT('Ctrl Pts',(33.1604972657883,88.7995784174047,-37.3730611767363));
#9601=CARTESIAN_POINT('Ctrl Pts',(33.2291630532191,89.6035322026644,-36.7883239105686));
#9602=CARTESIAN_POINT('Ctrl Pts',(33.6210670410553,87.1161523343647,-38.5217675833523));
#9603=CARTESIAN_POINT('Ctrl Pts',(33.7151155407335,87.9033501580196,-37.8998877553973));
#9604=CARTESIAN_POINT('Ctrl Pts',(33.7902874052753,88.7006846588767,-37.2890967509107));
#9605=CARTESIAN_POINT('Ctrl Pts',(33.8449347658551,89.5089720335175,-36.6923359265658));
#9606=CARTESIAN_POINT('Ctrl Pts',(34.5494372599813,86.628032357054,-38.0002142919159));
#9607=CARTESIAN_POINT('Ctrl Pts',(34.6225862812482,87.4358017828344,-37.3710679878274));
#9608=CARTESIAN_POINT('Ctrl Pts',(34.6763641728843,88.2540718541617,-36.7534895417718));
#9609=CARTESIAN_POINT('Ctrl Pts',(34.7094185134717,89.083617983433,-36.1504359151868));
#9610=CARTESIAN_POINT('Ctrl Pts',(34.813672058486,86.1099429866155,-37.3598603609527));
#9611=CARTESIAN_POINT('Ctrl Pts',(34.885226209297,86.9377483319122,-36.7370736347237));
#9612=CARTESIAN_POINT('Ctrl Pts',(34.9375974603592,87.7762038283532,-36.1258629866437));
#9613=CARTESIAN_POINT('Ctrl Pts',(34.9680826546001,88.6262906986511,-35.5290329198385));
#9614=CARTESIAN_POINT('Ctrl Pts',(34.7862944922692,85.8147803804562,-36.9736322902637));
#9615=CARTESIAN_POINT('Ctrl Pts',(34.8638531148704,86.6509542388558,-36.3548958108457));
#9616=CARTESIAN_POINT('Ctrl Pts',(34.9212305906304,87.4982959686366,-35.7475169894679));
#9617=CARTESIAN_POINT('Ctrl Pts',(34.9569253430089,88.3576709707315,-35.1546145103125));
#9618=CARTESIAN_POINT('',(34.8305733815637,86.3200093442997,-36.6021917262917));
#9619=CARTESIAN_POINT('Ctrl Pts',(34.8923717322951,87.1536729802872,-35.9999937000608));
#9620=CARTESIAN_POINT('Ctrl Pts',(34.8740267287497,86.8745356680157,-36.199353707786));
#9621=CARTESIAN_POINT('Ctrl Pts',(34.8534101580346,86.5966573760974,-36.4001225951093));
#9622=CARTESIAN_POINT('Ctrl Pts',(34.8305755288415,86.3200072659634,-36.602189227696));
#9623=CARTESIAN_POINT('Ctrl Pts',(32.7333748768258,87.9003617714146,-38.0339033629139));
#9624=CARTESIAN_POINT('Ctrl Pts',(32.9797337124058,87.7147170730846,-38.1941513079453));
#9625=CARTESIAN_POINT('Ctrl Pts',(33.2276722134154,87.5278820114254,-38.291919445927));
#9626=CARTESIAN_POINT('Ctrl Pts',(33.6394625442609,87.2175757398236,-38.3435459258531));
#9627=CARTESIAN_POINT('Ctrl Pts',(33.8161738243331,87.084414239064,-38.3290606610483));
#9628=CARTESIAN_POINT('Ctrl Pts',(34.1249369683142,86.8517445213946,-38.2132878694269));
#9629=CARTESIAN_POINT('Ctrl Pts',(34.2540298195679,86.7544660805023,-38.1287512626213));
#9630=CARTESIAN_POINT('Ctrl Pts',(34.4790632160474,86.5848912531768,-37.8976830957268));
#9631=CARTESIAN_POINT('Ctrl Pts',(34.570134212452,86.5162643349893,-37.7574373314358));
#9632=CARTESIAN_POINT('Ctrl Pts',(34.7058086456664,86.4140263163452,-37.4544002252052));
#9633=CARTESIAN_POINT('Ctrl Pts',(34.7522793944016,86.3790080954244,-37.2974801367511));
#9634=CARTESIAN_POINT('Ctrl Pts',(34.8159050821212,86.3310627007527,-36.9613123174628));
#9635=CARTESIAN_POINT('Ctrl Pts',(34.8305733815637,86.3200093442997,-36.781442770945));
#9636=CARTESIAN_POINT('Ctrl Pts',(34.8305733815637,86.3200093442997,-36.6021917262917));
#9637=CARTESIAN_POINT('Ctrl Pts',(27.423585724291,71.0524507337817,-52.7572083161169));
#9638=CARTESIAN_POINT('Ctrl Pts',(28.0676615664867,72.3004515537375,-51.5900782725355));
#9639=CARTESIAN_POINT('Ctrl Pts',(28.6549508710669,73.5583953969917,-50.4069117302272));
#9640=CARTESIAN_POINT('Ctrl Pts',(29.1903015281834,74.8329262226392,-49.2221027091752));
#9641=CARTESIAN_POINT('Ctrl Pts',(27.8004941256446,71.0910501384401,-52.9864093076177));
#9642=CARTESIAN_POINT('Ctrl Pts',(28.4453473880667,72.3363261798404,-51.801980799489));
#9643=CARTESIAN_POINT('Ctrl Pts',(29.0314785964454,73.5905742128832,-50.6019566822337));
#9644=CARTESIAN_POINT('Ctrl Pts',(29.5648437388562,74.8608870117009,-49.4006212814053));
#9645=CARTESIAN_POINT('Ctrl Pts',(28.6786294153607,70.9459577563408,-53.2757700199687));
#9646=CARTESIAN_POINT('Ctrl Pts',(29.3135400249994,72.1961957518252,-52.0576553822599));
#9647=CARTESIAN_POINT('Ctrl Pts',(29.887230515641,73.452969089825,-50.8256282563965));
#9648=CARTESIAN_POINT('Ctrl Pts',(30.4056773735685,74.725510436061,-49.593368075963));
#9649=CARTESIAN_POINT('Ctrl Pts',(29.7149626585814,70.2221642311991,-53.0420852581353));
#9650=CARTESIAN_POINT('Ctrl Pts',(30.3311926199444,71.5006793117838,-51.8063661622216));
#9651=CARTESIAN_POINT('Ctrl Pts',(30.8835090085883,72.7849761562328,-50.557096410715));
#9652=CARTESIAN_POINT('Ctrl Pts',(31.3791121263407,74.0848691554273,-49.3084831277271));
#9653=CARTESIAN_POINT('Ctrl Pts',(30.1750783233888,69.39077460432,-52.4074244700755));
#9654=CARTESIAN_POINT('Ctrl Pts',(30.7892494332621,70.6935941599247,-51.1812692849197));
#9655=CARTESIAN_POINT('Ctrl Pts',(31.3387756614237,72.0044252924424,-49.9397972814066));
#9656=CARTESIAN_POINT('Ctrl Pts',(31.8306425713292,73.3322426223412,-48.6981801617863));
#9657=CARTESIAN_POINT('Ctrl Pts',(30.1389721968603,68.9263793947939,-51.9059177996184));
#9658=CARTESIAN_POINT('Ctrl Pts',(30.7622696821435,70.2346984356079,-50.6932968191349));
#9659=CARTESIAN_POINT('Ctrl Pts',(31.3215239955547,71.5539445104951,-49.4637727173059));
#9660=CARTESIAN_POINT('Ctrl Pts',(31.8227484965063,72.8920502491188,-48.2329098252811));
#9661=CARTESIAN_POINT('Ctrl Pts',(30.0446385426375,68.7305813803219,-51.6547983868683));
#9662=CARTESIAN_POINT('Ctrl Pts',(30.6745353828367,70.0379891304962,-50.4490294799549));
#9663=CARTESIAN_POINT('Ctrl Pts',(31.240807439427,71.3580250707539,-49.2254169231182));
#9664=CARTESIAN_POINT('Ctrl Pts',(31.7491745778034,72.6981057896444,-48.));
#9665=CARTESIAN_POINT('',(31.7491745778034,72.6981057896443,-48.));
#9666=CARTESIAN_POINT('Origin',(29.8792075946913,73.4074882549411,-48.));
#9667=CARTESIAN_POINT('',(30.0446385426375,68.7305813803219,-51.6547983868683));
#9668=CARTESIAN_POINT('Ctrl Pts',(31.7491745778034,72.6981057896444,-48.));
#9669=CARTESIAN_POINT('Ctrl Pts',(31.240807439427,71.3580250707539,-49.2254169231182));
#9670=CARTESIAN_POINT('Ctrl Pts',(30.6745353828367,70.0379891304962,-50.4490294799549));
#9671=CARTESIAN_POINT('Ctrl Pts',(30.0446385426375,68.7305813803219,-51.6547983868683));
#9672=CARTESIAN_POINT('Origin',(28.242853000932,69.5986648219916,-51.6547983868683));
#9673=CARTESIAN_POINT('Ctrl Pts',(29.2709976461784,74.8374926561248,-49.259034579003));
#9674=CARTESIAN_POINT('Ctrl Pts',(29.6422251594607,75.7252900364573,-48.4300105697328));
#9675=CARTESIAN_POINT('Ctrl Pts',(30.6303016254955,77.8340252025083,-46.5727433429142));
#9676=CARTESIAN_POINT('Ctrl Pts',(31.7979901565563,79.9710159337139,-44.8349112328581));
#9677=CARTESIAN_POINT('Ctrl Pts',(32.5181400380123,81.1898525461849,-43.8738288674936));
#9678=CARTESIAN_POINT('Ctrl Pts',(29.6437879577951,74.8519596470835,-49.4226892704054));
#9679=CARTESIAN_POINT('Ctrl Pts',(29.9997502217576,75.7231658684689,-48.5926866754135));
#9680=CARTESIAN_POINT('Ctrl Pts',(30.9542964515181,77.8059102448157,-46.7263956352553));
#9681=CARTESIAN_POINT('Ctrl Pts',(32.0911806439086,79.9294076232939,-44.977769139095));
#9682=CARTESIAN_POINT('Ctrl Pts',(32.7938690400492,81.1419315088894,-44.0112738947505));
#9683=CARTESIAN_POINT('Ctrl Pts',(30.4618239010691,74.697544327367,-49.586369281002));
#9684=CARTESIAN_POINT('Ctrl Pts',(30.7780643456166,75.5511217719825,-48.7630934006431));
#9685=CARTESIAN_POINT('Ctrl Pts',(31.6491517405595,77.6130974156933,-46.8996013116968));
#9686=CARTESIAN_POINT('Ctrl Pts',(32.7146587829519,79.7329330512264,-45.14873765226));
#9687=CARTESIAN_POINT('Ctrl Pts',(33.3775324375946,80.9447337850903,-44.181809716367));
#9688=CARTESIAN_POINT('Ctrl Pts',(31.6615188811683,73.8815320889468,-49.2074849324641));
#9689=CARTESIAN_POINT('Ctrl Pts',(31.9353129034246,74.762454772157,-48.4292180682534));
#9690=CARTESIAN_POINT('Ctrl Pts',(32.7125579635227,76.891986621397,-46.6576943948766));
#9691=CARTESIAN_POINT('Ctrl Pts',(33.689308739893,79.0749095262921,-44.9835848059651));
#9692=CARTESIAN_POINT('Ctrl Pts',(34.3020615343655,80.3192366288534,-44.0582015943998));
#9693=CARTESIAN_POINT('Ctrl Pts',(31.8933275024679,73.0780999716668,-48.4563387826728));
#9694=CARTESIAN_POINT('Ctrl Pts',(32.2042574302141,74.0026820754297,-47.7163754303741));
#9695=CARTESIAN_POINT('Ctrl Pts',(33.0514404325423,76.2149520396695,-46.0476047219258));
#9696=CARTESIAN_POINT('Ctrl Pts',(34.0655857212965,78.4633013329964,-44.4781888223184));
#9697=CARTESIAN_POINT('Ctrl Pts',(34.6895030675223,79.7420123581939,-43.6101930894213));
#9698=CARTESIAN_POINT('Ctrl Pts',(31.7491745778034,72.6981057896444,-48.));
#9699=CARTESIAN_POINT('Ctrl Pts',(32.1047701030224,73.6354730407839,-47.26529008299));
#9700=CARTESIAN_POINT('Ctrl Pts',(33.0407168862809,75.8694371760085,-45.6287069299719));
#9701=CARTESIAN_POINT('Ctrl Pts',(34.1155890244965,78.1379219657105,-44.1095996733571));
#9702=CARTESIAN_POINT('Ctrl Pts',(34.7684414445542,79.4283465020532,-43.2723853599475));
#9703=CARTESIAN_POINT('Ctrl Pts',(34.7684414445542,79.4283465020532,-43.2723853599475));
#9704=CARTESIAN_POINT('Ctrl Pts',(34.1155890244965,78.1379219657105,-44.1095996733571));
#9705=CARTESIAN_POINT('Ctrl Pts',(33.0407168862809,75.8694371760085,-45.6287069299719));
#9706=CARTESIAN_POINT('Ctrl Pts',(32.1047701030224,73.6354730407839,-47.26529008299));
#9707=CARTESIAN_POINT('Ctrl Pts',(31.7491745778034,72.6981057896444,-48.));
#9708=CARTESIAN_POINT('Origin',(28.242853000932,69.5986648219915,-51.6547983868683));
#9709=CARTESIAN_POINT('Origin',(28.242853000932,69.5986648219915,-51.6547983868683));
#9710=CARTESIAN_POINT('Origin',(-15.,90.432667422063,-3.95639966932458));
#9711=CARTESIAN_POINT('',(34.8305733815637,86.3200093442997,-3.95639966932458));
#9712=CARTESIAN_POINT('Ctrl Pts',(24.,63.0346597699419,-55.7504910584736));
#9713=CARTESIAN_POINT('Ctrl Pts',(25.6173132812604,65.2887841640206,-55.0621271038256));
#9714=CARTESIAN_POINT('Ctrl Pts',(27.0386880397238,67.683441256856,-54.3308473080963));
#9715=CARTESIAN_POINT('Ctrl Pts',(28.242853000932,70.1827943291369,-53.5675954798403));
#9716=CARTESIAN_POINT('Ctrl Pts',(24.2735730764982,62.8551171975676,-55.8053197251931));
#9717=CARTESIAN_POINT('Ctrl Pts',(25.8993883939888,65.1255763691775,-55.1119552933733));
#9718=CARTESIAN_POINT('Ctrl Pts',(27.3274656291692,67.5370417131527,-54.3755674167885));
#9719=CARTESIAN_POINT('Ctrl Pts',(28.5365811336603,70.0533503860209,-53.6071250394434));
#9720=CARTESIAN_POINT('Ctrl Pts',(24.8195557778111,62.4475179661101,-55.7533787480069));
#9721=CARTESIAN_POINT('Ctrl Pts',(26.4623705908061,64.7513904829429,-55.0526955629808));
#9722=CARTESIAN_POINT('Ctrl Pts',(27.903863216449,67.1971590241027,-54.3087941419215));
#9723=CARTESIAN_POINT('Ctrl Pts',(29.1228912172262,69.748186760158,-53.5328407931218));
#9724=CARTESIAN_POINT('Ctrl Pts',(25.5461308198112,61.7331571618919,-55.1212151276367));
#9725=CARTESIAN_POINT('Ctrl Pts',(27.2151203486565,64.0815360078656,-54.4196400181949));
#9726=CARTESIAN_POINT('Ctrl Pts',(28.6785228359184,66.5739781321933,-53.6748743316411));
#9727=CARTESIAN_POINT('Ctrl Pts',(29.9150728329775,69.1726811298307,-52.8980903703424));
#9728=CARTESIAN_POINT('Ctrl Pts',(25.6948688196567,61.3819872897133,-54.3207306905241));
#9729=CARTESIAN_POINT('Ctrl Pts',(27.3761292664927,63.7373278768654,-53.6273077281071));
#9730=CARTESIAN_POINT('Ctrl Pts',(28.8519472476391,66.2376246722932,-52.8909645298486));
#9731=CARTESIAN_POINT('Ctrl Pts',(30.1004916615265,68.8465095702202,-52.1225363379745));
#9732=CARTESIAN_POINT('Ctrl Pts',(25.625,61.2846078811605,-53.8376939655016));
#9733=CARTESIAN_POINT('Ctrl Pts',(27.3097013346463,63.6326541249924,-53.1493300108535));
#9734=CARTESIAN_POINT('Ctrl Pts',(28.790300041379,66.1270885966959,-52.4180502151243));
#9735=CARTESIAN_POINT('Ctrl Pts',(30.0446385426375,68.7305813803219,-51.6547983868683));
#9736=CARTESIAN_POINT('',(25.625,61.2846078811605,-53.8376939655016));
#9737=CARTESIAN_POINT('Origin',(-15.,90.432667422063,-45.292515782321));
#9738=CARTESIAN_POINT('Origin',(24.,62.4505302627966,-53.8376939655016));
#9739=CARTESIAN_POINT('Origin',(-15.,90.432667422063,-3.95639966932458));
#9740=CARTESIAN_POINT('',(25.625,61.2846078811605,-48.));
#9741=CARTESIAN_POINT('Origin',(-15.,90.432667422063,-48.));
#9742=CARTESIAN_POINT('',(25.625,61.2846078811605,-3.95639966932458));
#9743=CARTESIAN_POINT('Ctrl Pts',(43.2795670732156,75.107195623309,0.462741223702083));
#9744=CARTESIAN_POINT('Ctrl Pts',(42.3849650445274,73.9548468482209,0.482285901357694));
#9745=CARTESIAN_POINT('Ctrl Pts',(41.3307334994729,72.9326427940742,0.502839927763049));
#9746=CARTESIAN_POINT('Ctrl Pts',(40.1602725947153,72.0751957798438,0.52365926258504));
#9747=CARTESIAN_POINT('Ctrl Pts',(43.5990026000425,74.8664836883219,0.0897755387595312));
#9748=CARTESIAN_POINT('Ctrl Pts',(42.6799395368591,73.6858264704893,0.12212982650931));
#9749=CARTESIAN_POINT('Ctrl Pts',(41.5981408866619,72.6397482752165,0.156384133831021));
#9750=CARTESIAN_POINT('Ctrl Pts',(40.3967538797766,71.7635573355433,0.191020268181154));
#9751=CARTESIAN_POINT('Ctrl Pts',(43.7875308426686,74.7244174675322,-0.453113637407992));
#9752=CARTESIAN_POINT('Ctrl Pts',(42.8607456454585,73.5221399861585,-0.403580418216173));
#9753=CARTESIAN_POINT('Ctrl Pts',(41.7674688149713,72.4552153799978,-0.351027101622342));
#9754=CARTESIAN_POINT('Ctrl Pts',(40.5508393962986,71.5605012220513,-0.297402116312849));
#9755=CARTESIAN_POINT('Ctrl Pts',(43.7875308426686,74.7244174675322,-0.999999999999995));
#9756=CARTESIAN_POINT('Ctrl Pts',(42.8741553426846,73.5123272400834,-0.940014658917313));
#9757=CARTESIAN_POINT('Ctrl Pts',(41.7907948633679,72.4316305473933,-0.875514521722106));
#9758=CARTESIAN_POINT('Ctrl Pts',(40.5805532724453,71.5213438479948,-0.80855219639664));
#9759=CARTESIAN_POINT('Ctrl Pts',(40.5805532724453,71.5213438479948,-0.80855219639664));
#9760=CARTESIAN_POINT('Ctrl Pts',(41.7907948633679,72.4316305473933,-0.875514521722106));
#9761=CARTESIAN_POINT('Ctrl Pts',(42.8741553426846,73.5123272400834,-0.940014658917313));
#9762=CARTESIAN_POINT('Ctrl Pts',(43.7875308426686,74.7244174675322,-0.999999999999995));
#9763=CARTESIAN_POINT('Origin',(35.7401024545417,88.1389013439834,-17.5));
#9764=CARTESIAN_POINT('',(24.9585230689033,96.263404156536,-17.5));
#9765=CARTESIAN_POINT('',(24.9585230689033,96.263404156536,-8.88178419700125E-15));
#9766=CARTESIAN_POINT('',(36.1394202095654,87.8379938324074,-3.50000000000001));
#9767=CARTESIAN_POINT('Origin',(36.1394202095654,87.8379938324074,-17.5));
#9768=CARTESIAN_POINT('',(47.3203173502275,79.4125835082787,-3.50000000000001));
#9769=CARTESIAN_POINT('Ctrl Pts',(31.8079981919592,69.2278911954828,2.74975184512306));
#9770=CARTESIAN_POINT('Ctrl Pts',(30.4323321862034,67.8726292095599,-2.49952578061223));
#9771=CARTESIAN_POINT('Ctrl Pts',(26.4478925747305,63.9472872166335,-10.8148030075033));
#9772=CARTESIAN_POINT('Ctrl Pts',(17.5814672884879,55.2123696631043,-20.1042093880688));
#9773=CARTESIAN_POINT('Ctrl Pts',(11.3394572875675,49.0629417971813,-24.0093314241344));
#9774=CARTESIAN_POINT('Ctrl Pts',(8.02046734929057,45.7931794593848,-25.5493347018755));
#9775=CARTESIAN_POINT('Ctrl Pts',(33.1399152851592,69.1651700274086,2.50681665794047));
#9776=CARTESIAN_POINT('Ctrl Pts',(31.7746897417435,67.7484425501516,-2.85446440539581));
#9777=CARTESIAN_POINT('Ctrl Pts',(27.8204748813647,63.6465477266101,-11.3239062022814));
#9778=CARTESIAN_POINT('Ctrl Pts',(19.0311954383508,54.5641568414082,-20.6644684112385));
#9779=CARTESIAN_POINT('Ctrl Pts',(12.8511339109711,48.2058186316655,-24.5107923429637));
#9780=CARTESIAN_POINT('Ctrl Pts',(9.56849715958093,44.8384405028535,-25.9990007541905));
#9781=CARTESIAN_POINT('Ctrl Pts',(35.8027103480368,69.3986508599359,1.9284814260446));
#9782=CARTESIAN_POINT('Ctrl Pts',(34.4582676529198,67.8651656712127,-3.70638924120686));
#9783=CARTESIAN_POINT('Ctrl Pts',(30.564111856642,63.4265934443046,-12.5801596030266));
#9784=CARTESIAN_POINT('Ctrl Pts',(21.9281766434911,53.64239149654,-22.219101134827));
#9785=CARTESIAN_POINT('Ctrl Pts',(15.8710005179506,46.8291230613514,-26.084714725856));
#9786=CARTESIAN_POINT('Ctrl Pts',(12.6605101392368,43.2351567649207,-27.5419753140311));
#9787=CARTESIAN_POINT('Ctrl Pts',(40.1254999227682,71.0267153157733,0.667134613382175));
#9788=CARTESIAN_POINT('Ctrl Pts',(38.7983864544174,69.3233155991379,-5.58087647263007));
#9789=CARTESIAN_POINT('Ctrl Pts',(34.9555922115199,64.3912806482438,-15.4271432885771));
#9790=CARTESIAN_POINT('Ctrl Pts',(26.4447223924864,53.4947999948576,-26.1556530075033));
#9791=CARTESIAN_POINT('Ctrl Pts',(20.4867341036958,45.8868289491814,-30.477310318028));
#9792=CARTESIAN_POINT('Ctrl Pts',(17.3325822113699,41.8672734472496,-32.1127865592388));
#9793=CARTESIAN_POINT('Ctrl Pts',(42.6233538009352,73.1795023528505,-0.374638553514647));
#9794=CARTESIAN_POINT('Ctrl Pts',(41.2764245915915,71.3917297962662,-7.13678751291666));
#9795=CARTESIAN_POINT('Ctrl Pts',(37.3739296758904,66.2157345062515,-17.8299062149612));
#9796=CARTESIAN_POINT('Ctrl Pts',(28.7133986988359,54.7205934765096,-29.6725873527092));
#9797=CARTESIAN_POINT('Ctrl Pts',(22.6309268212452,46.6504405642606,-34.5802698068696));
#9798=CARTESIAN_POINT('Ctrl Pts',(19.4045647803419,42.3671286187754,-36.4891758426839));
#9799=CARTESIAN_POINT('Ctrl Pts',(43.7875308426687,74.7244174675322,-0.999999999999986));
#9800=CARTESIAN_POINT('Ctrl Pts',(42.4118648369128,72.8988470183148,-8.07090305256018));
#9801=CARTESIAN_POINT('Ctrl Pts',(38.4274252254399,67.6113170648504,-19.2717812149669));
#9802=CARTESIAN_POINT('Ctrl Pts',(29.5609999391974,55.845173302458,-31.7848347465205));
#9803=CARTESIAN_POINT('Ctrl Pts',(23.3189899382769,47.5617462542338,-37.0451279323984));
#9804=CARTESIAN_POINT('Ctrl Pts',(20.,43.1572978436331,-39.1195493392881));
#9805=CARTESIAN_POINT('',(12.,49.7136872720965,-23.4499579857805));
#9806=CARTESIAN_POINT('Origin',(-10.6743999320096,27.3755963743835,13.5552051357989));
#9807=CARTESIAN_POINT('Ctrl Pts',(12.0000000000741,49.713687272168,-23.4499579857374));
#9808=CARTESIAN_POINT('Ctrl Pts',(12.0045859435905,49.7104768320659,-23.4518959613271));
#9809=CARTESIAN_POINT('Ctrl Pts',(12.0091718890598,49.7072681807317,-23.4538368931457));
#9810=CARTESIAN_POINT('Ctrl Pts',(13.1932144760122,48.8792892334493,-23.9557288062616));
#9811=CARTESIAN_POINT('Ctrl Pts',(14.3609598847949,48.1809863752477,-24.6462827141658));
#9812=CARTESIAN_POINT('Ctrl Pts',(16.7669108957489,46.808816327693,-26.6421196631045));
#9813=CARTESIAN_POINT('Ctrl Pts',(17.9064535144879,46.2103993419771,-28.016115130409));
#9814=CARTESIAN_POINT('Ctrl Pts',(19.3824145967135,45.18992103238,-30.9287029415265));
#9815=CARTESIAN_POINT('Ctrl Pts',(19.7997544900083,44.7732741323854,-32.336308577805));
#9816=CARTESIAN_POINT('Ctrl Pts',(19.9814889341312,44.1779358674963,-34.1681398090492));
#9817=CARTESIAN_POINT('Ctrl Pts',(19.999999999578,44.0517886295203,-34.547178597212));
#9818=CARTESIAN_POINT('Ctrl Pts',(20.,43.9213835112304,-34.9236985870063));
#9819=CARTESIAN_POINT('Origin',(35.,27.3755963743835,13.5552051357989));
#9820=CARTESIAN_POINT('',(35.,40.,-27.7848098098529));
#9821=CARTESIAN_POINT('Origin',(12.,27.3755963743835,13.5552051357989));
#9822=CARTESIAN_POINT('Origin',(25.8336617429865,95.6039398642791,-26.959462175969));
#9823=CARTESIAN_POINT('',(27.1218815513089,94.6331966102951,-25.7770294039728));
#9824=CARTESIAN_POINT('',(27.1218815513089,94.6331966102951,-25.7770294039728));
#9825=CARTESIAN_POINT('',(26.0012015467074,95.4776895666318,-28.9484295654737));
#9826=CARTESIAN_POINT('Origin',(25.8336617429865,95.6039398642791,-26.959462175969));
#9827=CARTESIAN_POINT('',(26.0012015467074,95.4776895666318,-28.9484295654737));
#9828=CARTESIAN_POINT('Origin',(35.7401024545417,88.1389013439834,-17.5));
#9829=CARTESIAN_POINT('Origin',(36.1394202095654,87.8379938324074,-17.5));
#9830=CARTESIAN_POINT('',(24.9585230689032,96.2634041565361,-29.1400542194573));
#9831=CARTESIAN_POINT('',(24.9585230689033,96.263404156536,-8.88178419700125E-15));
#9832=CARTESIAN_POINT('Origin',(27.3544295990452,94.4579590870799,-50.0350212446657));
#9833=CARTESIAN_POINT('Origin',(36.1394202095654,87.8379938324074,-17.5));
#9834=CARTESIAN_POINT('',(36.1394202095654,87.8379938324074,-3.50000000000001));
#9835=CARTESIAN_POINT('Origin',(39.7240059999434,87.0150181793615,-33.5));
#9836=CARTESIAN_POINT('',(40.6267285346715,88.2129714444324,-31.5));
#9837=CARTESIAN_POINT('',(39.4392241494336,89.1078201834432,-34.8375646037973));
#9838=CARTESIAN_POINT('Origin',(40.6267285346715,88.2129714444324,-33.5));
#9839=CARTESIAN_POINT('',(37.6337790799774,86.7119136533014,-34.8375646037973));
#9840=CARTESIAN_POINT('',(38.5365016147055,87.9098669183723,-34.8375646037973));
#9841=CARTESIAN_POINT('',(38.8212834652153,85.8170649142905,-31.5));
#9842=CARTESIAN_POINT('Origin',(38.8212834652153,85.8170649142905,-33.5));
#9843=CARTESIAN_POINT('',(39.7240059999434,87.0150181793615,-31.5));
#9844=CARTESIAN_POINT('Origin',(35.7401024545417,88.1389013439834,-17.5));
#9845=CARTESIAN_POINT('',(37.7492037928734,86.6249348934167,-35.));
#9846=CARTESIAN_POINT('Origin',(27.3544295990452,94.4579590870799,-50.0350212446657));
#9847=CARTESIAN_POINT('',(24.9585230689032,96.263404156536,-35.));
#9848=CARTESIAN_POINT('',(27.3544295990451,94.4579590870799,-31.5));
#9849=CARTESIAN_POINT('Ctrl Pts',(37.6337790799774,86.7119136533013,-34.8375646037973));
#9850=CARTESIAN_POINT('Ctrl Pts',(37.9449492797614,86.4774300889828,-35.2706975507992));
#9851=CARTESIAN_POINT('Ctrl Pts',(38.237861386428,86.2567049846801,-35.7292842436932));
#9852=CARTESIAN_POINT('Ctrl Pts',(39.4392241494336,89.1078201834432,-34.8375646037973));
#9853=CARTESIAN_POINT('Ctrl Pts',(39.7503943492176,88.8733366191247,-35.2706975507992));
#9854=CARTESIAN_POINT('Ctrl Pts',(40.0433064558841,88.652611514822,-35.7292842436932));
#9855=CARTESIAN_POINT('',(36.5455737465692,85.0276638733221,-35.));
#9856=CARTESIAN_POINT('Origin',(29.1598746685013,96.8538656172218,-50.0350212446657));
#9857=CARTESIAN_POINT('Ctrl Pts',(24.2700623658884,96.7821965076295,-29.3266844931698));
#9858=CARTESIAN_POINT('Ctrl Pts',(25.1277983273116,96.1358460999803,-29.063776988157));
#9859=CARTESIAN_POINT('Ctrl Pts',(26.0012015467074,95.4776895666317,-28.9484295654737));
#9860=CARTESIAN_POINT('Ctrl Pts',(26.0755074353446,99.1781030377714,-29.3266844931698));
#9861=CARTESIAN_POINT('Ctrl Pts',(26.9332433967677,98.5317526301222,-29.063776988157));
#9862=CARTESIAN_POINT('Ctrl Pts',(27.8066466161636,97.8735960967736,-28.9484295654737));
#9863=CARTESIAN_POINT('',(23.7548930225992,94.6661331364415,-29.1400542194573));
#9864=CARTESIAN_POINT('Origin',(23.7548930225992,94.6661331364415,-8.88178419700125E-15));
#9865=CARTESIAN_POINT('Origin',(37.5455475239979,90.5348078741253,-17.5));
#9866=CARTESIAN_POINT('',(29.1598746685013,96.8538656172218,-31.5));
#9867=CARTESIAN_POINT('Origin',(0.,80.,-13.0696196197057));
#9868=CARTESIAN_POINT('Origin',(36.1394202095654,87.8379938324074,-31.5));
#9869=CARTESIAN_POINT('Origin',(47.3203173502275,79.4125835082787,-3.50000000000001));
#9870=CARTESIAN_POINT('Origin',(35.,40.,-27.7848098098529));
#9871=CARTESIAN_POINT('Ctrl Pts',(18.,44.3799016637643,-61.4472765139273));
#9872=CARTESIAN_POINT('Ctrl Pts',(18.,47.2250147543015,-60.5784365760926));
#9873=CARTESIAN_POINT('Ctrl Pts',(18.8896161988703,53.8640368425706,-58.5510136389727));
#9874=CARTESIAN_POINT('Ctrl Pts',(21.7885459796378,59.9524539218599,-56.6917343244612));
#9875=CARTESIAN_POINT('Ctrl Pts',(24.,63.0346597699419,-55.7504910584736));
#9876=CARTESIAN_POINT('Ctrl Pts',(18.2991993003419,44.3799016637643,-61.4472765139273));
#9877=CARTESIAN_POINT('Ctrl Pts',(18.3041517035709,47.2006796320226,-60.5858859591084));
#9878=CARTESIAN_POINT('Ctrl Pts',(19.1977495594669,53.780068126179,-58.5766696589053));
#9879=CARTESIAN_POINT('Ctrl Pts',(22.0795571082628,59.8064147002542,-56.7363067914635));
#9880=CARTESIAN_POINT('Ctrl Pts',(24.2735730764982,62.8551171975676,-55.8053197251931));
#9881=CARTESIAN_POINT('Ctrl Pts',(18.8967063590636,44.3399601368648,-61.3164835380416));
#9882=CARTESIAN_POINT('Ctrl Pts',(18.9115129125732,47.1107686301198,-60.4655347428792));
#9883=CARTESIAN_POINT('Ctrl Pts',(19.8129351544497,53.5679045921886,-58.4821692133937));
#9884=CARTESIAN_POINT('Ctrl Pts',(22.6604096127715,59.4673461963991,-56.669357000813));
#9885=CARTESIAN_POINT('Ctrl Pts',(24.8195588642929,62.4475164456782,-55.7533810208821));
#9886=CARTESIAN_POINT('Ctrl Pts',(19.7375734078494,44.1444871867846,-60.6763856041171));
#9887=CARTESIAN_POINT('Ctrl Pts',(19.7595631690559,46.8408298417993,-59.8262620398461));
#9888=CARTESIAN_POINT('Ctrl Pts',(20.6553524017535,53.1196054232097,-57.845156034694));
#9889=CARTESIAN_POINT('Ctrl Pts',(23.4406729081281,58.8442681700367,-56.0353650045205));
#9890=CARTESIAN_POINT('Ctrl Pts',(25.5461366604301,61.7331539709188,-55.1212184009923));
#9891=CARTESIAN_POINT('Ctrl Pts',(20.,43.9268505115041,-59.9637100848902));
#9892=CARTESIAN_POINT('Ctrl Pts',(20.0118166230875,46.5961234148248,-59.1020085651225));
#9893=CARTESIAN_POINT('Ctrl Pts',(20.8745428994557,52.8183384136303,-57.0921529481062));
#9894=CARTESIAN_POINT('Ctrl Pts',(23.6145732625694,58.5073803277206,-55.2515977079524));
#9895=CARTESIAN_POINT('Ctrl Pts',(25.6948688196568,61.3819872897133,-54.3207306905241));
#9896=CARTESIAN_POINT('Ctrl Pts',(20.,43.7957721566189,-59.5344794209553));
#9897=CARTESIAN_POINT('Ctrl Pts',(20.,46.4630656789976,-58.6656394831206));
#9898=CARTESIAN_POINT('Ctrl Pts',(20.8340151864409,52.6871488867499,-56.6382165460007));
#9899=CARTESIAN_POINT('Ctrl Pts',(23.5517618559105,58.3950398985836,-54.7789372314892));
#9900=CARTESIAN_POINT('Ctrl Pts',(25.625,61.2846078811605,-53.8376939655016));
#9901=CARTESIAN_POINT('Origin',(50.,43.795772156619,-59.5344794209553));
#9902=CARTESIAN_POINT('Origin',(50.,43.795772156619,-3.95639966932458));
#9903=CARTESIAN_POINT('Origin',(50.,43.795772156619,-48.));
#9904=CARTESIAN_POINT('Origin',(12.,27.3755963743835,13.5552051357989));
#9905=CARTESIAN_POINT('Origin',(23.7548930225992,94.6661331364415,-35.));
#9906=CARTESIAN_POINT('Origin',(34.5364724082376,86.5416303238888,-17.5));
#9907=CARTESIAN_POINT('Ctrl Pts',(37.4984278446923,84.3096368085244,-40.2310832183782));
#9908=CARTESIAN_POINT('Ctrl Pts',(37.6347304319829,84.2069254418321,-40.0576982448681));
#9909=CARTESIAN_POINT('Ctrl Pts',(37.7724543618634,84.1031430166745,-39.8922952412119));
#9910=CARTESIAN_POINT('Ctrl Pts',(38.4004899827989,83.6298842309097,-39.1757765323499));
#9911=CARTESIAN_POINT('Ctrl Pts',(38.9810804573378,83.1923779273699,-38.6256182918872));
#9912=CARTESIAN_POINT('Ctrl Pts',(40.2188309038793,82.259666065362,-37.6811020340252));
#9913=CARTESIAN_POINT('Ctrl Pts',(40.8758193791697,81.7645897389361,-37.2863917052402));
#9914=CARTESIAN_POINT('Ctrl Pts',(42.1350841896535,80.815665640844,-36.6822307818552));
#9915=CARTESIAN_POINT('Ctrl Pts',(42.8562904291358,80.2721977581228,-36.4207461141424));
#9916=CARTESIAN_POINT('Ctrl Pts',(44.3255799258678,79.1650087070869,-36.079595215807));
#9917=CARTESIAN_POINT('Ctrl Pts',(45.0736736993932,78.6012796141901,-36.));
#9918=CARTESIAN_POINT('Ctrl Pts',(45.7581101177659,78.0855197790875,-36.));
#9919=CARTESIAN_POINT('Origin',(-15.,90.432667422063,-48.));
#9920=CARTESIAN_POINT('Origin',(45.5378168166595,77.0471254056717,-48.));
#9921=CARTESIAN_POINT('Origin',(35.375,54.2890735913439,-48.));
#9922=CARTESIAN_POINT('Origin',(-15.,90.432667422063,-48.));
#9923=CARTESIAN_POINT('Origin',(50.,43.795772156619,-48.));
#9924=CARTESIAN_POINT('Origin',(32.,43.795772156619,-48.));
#9925=CARTESIAN_POINT('Origin',(32.,65.0781076473348,-48.));
#9926=UNCERTAINTY_MEASURE_WITH_UNIT(LENGTH_MEASURE(0.01),#9930,
'DISTANCE_ACCURACY_VALUE',
'Maximum model space distance between geometric entities at asserted c
onnectivities');
#9927=UNCERTAINTY_MEASURE_WITH_UNIT(LENGTH_MEASURE(0.01),#9930,
'DISTANCE_ACCURACY_VALUE',
'Maximum model space distance between geometric entities at asserted c
onnectivities');
#9928=(
GEOMETRIC_REPRESENTATION_CONTEXT(3)
GLOBAL_UNCERTAINTY_ASSIGNED_CONTEXT((#9926))
GLOBAL_UNIT_ASSIGNED_CONTEXT((#9930,#9932,#9933))
REPRESENTATION_CONTEXT('','3D')
);
#9929=(
GEOMETRIC_REPRESENTATION_CONTEXT(3)
GLOBAL_UNCERTAINTY_ASSIGNED_CONTEXT((#9927))
GLOBAL_UNIT_ASSIGNED_CONTEXT((#9930,#9932,#9933))
REPRESENTATION_CONTEXT('','3D')
);
#9930=(
LENGTH_UNIT()
NAMED_UNIT(*)
SI_UNIT(.MILLI.,.METRE.)
);
#9931=(
LENGTH_UNIT()
NAMED_UNIT(*)
SI_UNIT(.CENTI.,.METRE.)
);
#9932=(
NAMED_UNIT(*)
PLANE_ANGLE_UNIT()
SI_UNIT($,.RADIAN.)
);
#9933=(
NAMED_UNIT(*)
SI_UNIT($,.STERADIAN.)
SOLID_ANGLE_UNIT()
);
#9934=SHAPE_DEFINITION_REPRESENTATION(#9935,#9936);
#9935=PRODUCT_DEFINITION_SHAPE('',$,#9938);
#9936=SHAPE_REPRESENTATION('',(#3861),#9928);
#9937=PRODUCT_DEFINITION_CONTEXT('part definition',#9942,'design');
#9938=PRODUCT_DEFINITION('handle_inside','handle_inside',#9939,#9937);
#9939=PRODUCT_DEFINITION_FORMATION('',$,#9944);
#9940=PRODUCT_RELATED_PRODUCT_CATEGORY('handle_inside','handle_inside',
(#9944));
#9941=APPLICATION_PROTOCOL_DEFINITION('international standard',
'automotive_design',2009,#9942);
#9942=APPLICATION_CONTEXT(
'Core Data for Automotive Mechanical Design Process');
#9943=PRODUCT_CONTEXT('part definition',#9942,'mechanical');
#9944=PRODUCT('handle_inside','handle_inside',$,(#9943));
#9945=PRESENTATION_STYLE_ASSIGNMENT((#9947));
#9946=PRESENTATION_STYLE_ASSIGNMENT((#9948));
#9947=SURFACE_STYLE_USAGE(.BOTH.,#9953);
#9948=SURFACE_STYLE_USAGE(.BOTH.,#9954);
#9949=SURFACE_STYLE_RENDERING_WITH_PROPERTIES($,#9961,(#9951));
#9950=SURFACE_STYLE_RENDERING_WITH_PROPERTIES($,#9962,(#9952));
#9951=SURFACE_STYLE_TRANSPARENT(0.);
#9952=SURFACE_STYLE_TRANSPARENT(0.);
#9953=SURFACE_SIDE_STYLE('',(#9955,#9949));
#9954=SURFACE_SIDE_STYLE('',(#9956,#9950));
#9955=SURFACE_STYLE_FILL_AREA(#9957);
#9956=SURFACE_STYLE_FILL_AREA(#9958);
#9957=FILL_AREA_STYLE('',(#9959));
#9958=FILL_AREA_STYLE('',(#9960));
#9959=FILL_AREA_STYLE_COLOUR('',#9961);
#9960=FILL_AREA_STYLE_COLOUR('',#9962);
#9961=COLOUR_RGB('',0.749019607843137,0.749019607843137,0.749019607843137);
#9962=COLOUR_RGB('',0.219607843137255,0.219607843137255,0.219607843137255);
ENDSEC;
END-ISO-10303-21;
