ISO-10303-21;
HEADER;
/* Generated by software containing ST-Developer
 * from STEP Tools, Inc. (www.steptools.com) 
 */

FILE_DESCRIPTION(
/* description */ (''),
/* implementation_level */ '2;1');

FILE_NAME(
/* name */ 'handle_outside.stp',
/* time_stamp */ '2026-01-23T15:24:22+09:00',
/* author */ ('hibik'),
/* organization */ (''),
/* preprocessor_version */ 'ST-DEVELOPER v20.1',
/* originating_system */ 'Autodesk Inventor 2026',
/* authorisation */ '');

FILE_SCHEMA (('AUTOMOTIVE_DESIGN { 1 0 10303 214 3 1 1 }'));
ENDSEC;

DATA;
#10=MECHANICAL_DESIGN_GEOMETRIC_PRESENTATION_REPRESENTATION('',(#13),#8360);
#11=SHAPE_REPRESENTATION_RELATIONSHIP('SRR','None',#8367,#12);
#12=ADVANCED_BREP_SHAPE_REPRESENTATION('',(#3373),#8359);
#13=STYLED_ITEM('',(#8377),#3373);
#14=ORIENTED_CLOSED_SHELL('',*,#3372,.F.);
#15=SPHERICAL_SURFACE('',#3641,4.);
#16=SPHERICAL_SURFACE('',#3645,4.);
#17=CONICAL_SURFACE('',#3546,10.5,0.0523598775598299);
#18=CONICAL_SURFACE('',#3654,12.5,0.0349065850398866);
#19=CONICAL_SURFACE('',#3660,12.5,0.0349065850398866);
#20=(
BOUNDED_SURFACE()
B_SPLINE_SURFACE(1,2,((#5352,#5353,#5354),(#5355,#5356,#5357)),
 .UNSPECIFIED.,.F.,.F.,.F.)
B_SPLINE_SURFACE_WITH_KNOTS((2,2),(3,3),(5.79925034024397E-15,0.64639316329976),
(-1.69085419737124,-1.41948557635629),.UNSPECIFIED.)
GEOMETRIC_REPRESENTATION_ITEM()
RATIONAL_B_SPLINE_SURFACE(((1.,0.990808997637649,1.),(1.,0.990808997637649,
1.)))
REPRESENTATION_ITEM('')
SURFACE()
);
#21=(
BOUNDED_SURFACE()
B_SPLINE_SURFACE(1,2,((#5361,#5362,#5363),(#5364,#5365,#5366)),
 .UNSPECIFIED.,.F.,.F.,.F.)
B_SPLINE_SURFACE_WITH_KNOTS((2,2),(3,3),(-2.68970015425152E-13,0.968353458030479),
(-1.14348715962834,-1.06706244514038),.UNSPECIFIED.)
GEOMETRIC_REPRESENTATION_ITEM()
RATIONAL_B_SPLINE_SURFACE(((1.,0.99926999671169,1.),(1.,0.99926999671169,
1.)))
REPRESENTATION_ITEM('')
SURFACE()
);
#22=(
BOUNDED_SURFACE()
B_SPLINE_SURFACE(1,2,((#5372,#5373,#5374),(#5375,#5376,#5377)),
 .UNSPECIFIED.,.F.,.F.,.F.)
B_SPLINE_SURFACE_WITH_KNOTS((2,2),(3,3),(-1.83571001412966E-14,0.747959898669636),
(1.22965147906091,1.74680208349079),.UNSPECIFIED.)
GEOMETRIC_REPRESENTATION_ITEM()
RATIONAL_B_SPLINE_SURFACE(((1.,0.966755259331951,1.),(1.,0.966755259331951,
1.)))
REPRESENTATION_ITEM('')
SURFACE()
);
#23=(
BOUNDED_SURFACE()
B_SPLINE_SURFACE(1,2,((#5487,#5488,#5489,#5490,#5491,#5492,#5493,#5494,
#5495),(#5496,#5497,#5498,#5499,#5500,#5501,#5502,#5503,#5504)),
 .UNSPECIFIED.,.F.,.T.,.F.)
B_SPLINE_SURFACE_WITH_KNOTS((2,2),(3,2,2,2,3),(0.,1.72157524215869),(-3.14159265358979,
-1.5707963267949,0.,1.5707963267949,3.14159265358979),.UNSPECIFIED.)
GEOMETRIC_REPRESENTATION_ITEM()
RATIONAL_B_SPLINE_SURFACE(((1.,0.707106781186548,1.,0.707106781186548,1.,
0.707106781186548,1.,0.707106781186548,1.),(1.,0.707106781186548,1.,0.707106781186548,
1.,0.707106781186548,1.,0.707106781186548,1.)))
REPRESENTATION_ITEM('')
SURFACE()
);
#24=(
BOUNDED_SURFACE()
B_SPLINE_SURFACE(1,2,((#8091,#8092,#8093),(#8094,#8095,#8096)),
 .UNSPECIFIED.,.F.,.F.,.F.)
B_SPLINE_SURFACE_WITH_KNOTS((2,2),(3,3),(4.17334787239152,4.49943619305524),
(-3.1415926535898,-2.60411220159154),.UNSPECIFIED.)
GEOMETRIC_REPRESENTATION_ITEM()
RATIONAL_B_SPLINE_SURFACE(((1.,0.964106152839349,1.),(1.,0.964106152839349,
1.)))
REPRESENTATION_ITEM('')
SURFACE()
);
#25=PLANE('',#3426);
#26=PLANE('',#3432);
#27=PLANE('',#3436);
#28=PLANE('',#3444);
#29=PLANE('',#3457);
#30=PLANE('',#3458);
#31=PLANE('',#3459);
#32=PLANE('',#3461);
#33=PLANE('',#3462);
#34=PLANE('',#3475);
#35=PLANE('',#3482);
#36=PLANE('',#3483);
#37=PLANE('',#3485);
#38=PLANE('',#3486);
#39=PLANE('',#3487);
#40=PLANE('',#3488);
#41=PLANE('',#3489);
#42=PLANE('',#3490);
#43=PLANE('',#3491);
#44=PLANE('',#3492);
#45=PLANE('',#3493);
#46=PLANE('',#3494);
#47=PLANE('',#3495);
#48=PLANE('',#3496);
#49=PLANE('',#3497);
#50=PLANE('',#3498);
#51=PLANE('',#3499);
#52=PLANE('',#3500);
#53=PLANE('',#3501);
#54=PLANE('',#3502);
#55=PLANE('',#3503);
#56=PLANE('',#3504);
#57=PLANE('',#3505);
#58=PLANE('',#3506);
#59=PLANE('',#3507);
#60=PLANE('',#3508);
#61=PLANE('',#3509);
#62=PLANE('',#3510);
#63=PLANE('',#3511);
#64=PLANE('',#3512);
#65=PLANE('',#3513);
#66=PLANE('',#3514);
#67=PLANE('',#3515);
#68=PLANE('',#3516);
#69=PLANE('',#3517);
#70=PLANE('',#3518);
#71=PLANE('',#3519);
#72=PLANE('',#3520);
#73=PLANE('',#3521);
#74=PLANE('',#3522);
#75=PLANE('',#3523);
#76=PLANE('',#3524);
#77=PLANE('',#3525);
#78=PLANE('',#3527);
#79=PLANE('',#3531);
#80=PLANE('',#3537);
#81=PLANE('',#3541);
#82=PLANE('',#3544);
#83=PLANE('',#3545);
#84=PLANE('',#3548);
#85=PLANE('',#3550);
#86=PLANE('',#3559);
#87=PLANE('',#3563);
#88=PLANE('',#3571);
#89=PLANE('',#3578);
#90=PLANE('',#3583);
#91=PLANE('',#3590);
#92=PLANE('',#3592);
#93=PLANE('',#3596);
#94=PLANE('',#3606);
#95=PLANE('',#3613);
#96=PLANE('',#3615);
#97=PLANE('',#3617);
#98=PLANE('',#3628);
#99=PLANE('',#3633);
#100=PLANE('',#3653);
#101=PLANE('',#3664);
#102=FACE_BOUND('',#806,.T.);
#103=FACE_BOUND('',#827,.T.);
#104=FACE_BOUND('',#830,.T.);
#105=FACE_BOUND('',#838,.T.);
#106=FACE_BOUND('',#855,.T.);
#107=FACE_BOUND('',#888,.T.);
#108=FACE_BOUND('',#891,.T.);
#109=FACE_BOUND('',#893,.T.);
#110=FACE_BOUND('',#898,.T.);
#111=FACE_BOUND('',#910,.T.);
#112=FACE_BOUND('',#911,.T.);
#113=FACE_BOUND('',#918,.T.);
#114=FACE_BOUND('',#933,.T.);
#115=FACE_BOUND('',#940,.T.);
#116=ELLIPSE('',#3417,10.7417046219024,10.5);
#117=ELLIPSE('',#3420,12.7694178516397,10.5);
#118=ELLIPSE('',#3425,13.4113428103976,13.1095672861869);
#119=ELLIPSE('',#3427,20.671411334537,8.5);
#120=ELLIPSE('',#3428,19.6292446762891,5.5);
#121=ELLIPSE('',#3437,35.2373965242686,5.5);
#122=ELLIPSE('',#3442,72.2720166147459,5.5);
#123=ELLIPSE('',#3447,12.1320684875048,9.97592220716958);
#124=ELLIPSE('',#3453,12.5213246081929,10.7672356852791);
#125=ELLIPSE('',#3454,13.6669209733614,11.9622094092482);
#126=ELLIPSE('',#3455,13.6397076856038,11.5585403660417);
#127=ELLIPSE('',#3456,9.03738982634752,8.02550401679663);
#128=ELLIPSE('',#3463,15.6838381395632,15.);
#129=ELLIPSE('',#3464,2.09117841860843,2.);
#130=ELLIPSE('',#3465,8.36471367443373,8.);
#131=ELLIPSE('',#3466,2.09117841860843,2.);
#132=ELLIPSE('',#3467,1.3,1.29101640852558);
#133=ELLIPSE('',#3479,25.1205478471791,25.);
#134=ELLIPSE('',#3480,25.1205478471791,25.);
#135=ELLIPSE('',#3526,17.4061747678237,15.0250175313267);
#136=ELLIPSE('',#3528,131.403666572265,10.);
#137=ELLIPSE('',#3529,131.403666572265,10.);
#138=ELLIPSE('',#3532,48.0887043386324,43.2246735396485);
#139=ELLIPSE('',#3533,117.189802740179,15.);
#140=ELLIPSE('',#3534,131.403666572265,10.);
#141=ELLIPSE('',#3538,16.832141744057,15.);
#142=ELLIPSE('',#3551,15.2016879186187,12.5);
#143=ELLIPSE('',#3552,15.2016879186187,12.5);
#144=ELLIPSE('',#3553,7.33847046632043,2.);
#145=ELLIPSE('',#3554,263.538610689444,43.2246735396486);
#146=ELLIPSE('',#3560,8.06634982135901,8.);
#147=ELLIPSE('',#3561,2.01658745533975,2.);
#148=ELLIPSE('',#3562,15.1244059150481,15.);
#149=ELLIPSE('',#3564,291.112327752149,12.5);
#150=ELLIPSE('',#3566,29.5775197894062,12.5);
#151=ELLIPSE('',#3569,21.0582605015496,12.5);
#152=ELLIPSE('',#3570,16.0502929805084,12.5);
#153=ELLIPSE('',#3572,29.5775197894062,12.5);
#154=ELLIPSE('',#3573,34.3099229557112,14.5);
#155=ELLIPSE('',#3579,10.1542661188574,10.);
#156=ELLIPSE('',#3580,1.01542661188575,1.);
#157=ELLIPSE('',#3585,26.3494049952195,11.1357397369814);
#158=ELLIPSE('',#3586,32.7481440534062,13.8399637150845);
#159=ELLIPSE('',#3587,52.2187622276161,17.7774761607245);
#160=ELLIPSE('',#3593,51.511706897056,17.5367646090305);
#161=ELLIPSE('',#3597,20.1894008024052,17.5);
#162=ELLIPSE('',#3625,61.5907989199039,43.2246735396485);
#163=ELLIPSE('',#3629,55.9503384012112,40.);
#164=ELLIPSE('',#3632,21.0582605015496,12.5);
#165=ELLIPSE('',#3634,18.7798253901665,13.2294984683901);
#166=ELLIPSE('',#3635,24.9239889605626,7.13573973698137);
#167=ELLIPSE('',#3636,31.2685341713034,9.83996371508455);
#168=ELLIPSE('',#3649,52.2187622276161,17.7774761607245);
#169=ELLIPSE('',#3651,51.511706897056,17.5367646090305);
#170=ELLIPSE('',#3658,33.5137406630003,12.5);
#171=LINE('',#4563,#368);
#172=LINE('',#4564,#369);
#173=LINE('',#4623,#370);
#174=LINE('',#4669,#371);
#175=LINE('',#4672,#372);
#176=LINE('',#4675,#373);
#177=LINE('',#4702,#374);
#178=LINE('',#4708,#375);
#179=LINE('',#4714,#376);
#180=LINE('',#4720,#377);
#181=LINE('',#4794,#378);
#182=LINE('',#4796,#379);
#183=LINE('',#4798,#380);
#184=LINE('',#4800,#381);
#185=LINE('',#4802,#382);
#186=LINE('',#4803,#383);
#187=LINE('',#4988,#384);
#188=LINE('',#5048,#385);
#189=LINE('',#5062,#386);
#190=LINE('',#5147,#387);
#191=LINE('',#5155,#388);
#192=LINE('',#5156,#389);
#193=LINE('',#5161,#390);
#194=LINE('',#5165,#391);
#195=LINE('',#5167,#392);
#196=LINE('',#5169,#393);
#197=LINE('',#5174,#394);
#198=LINE('',#5178,#395);
#199=LINE('',#5359,#396);
#200=LINE('',#5370,#397);
#201=LINE('',#5382,#398);
#202=LINE('',#5388,#399);
#203=LINE('',#5391,#400);
#204=LINE('',#5393,#401);
#205=LINE('',#5394,#402);
#206=LINE('',#5397,#403);
#207=LINE('',#5399,#404);
#208=LINE('',#5400,#405);
#209=LINE('',#5402,#406);
#210=LINE('',#5403,#407);
#211=LINE('',#5408,#408);
#212=LINE('',#5427,#409);
#213=LINE('',#5431,#410);
#214=LINE('',#5435,#411);
#215=LINE('',#5438,#412);
#216=LINE('',#5478,#413);
#217=LINE('',#5513,#414);
#218=LINE('',#5557,#415);
#219=LINE('',#5572,#416);
#220=LINE('',#5577,#417);
#221=LINE('',#5581,#418);
#222=LINE('',#5594,#419);
#223=LINE('',#5596,#420);
#224=LINE('',#5600,#421);
#225=LINE('',#5603,#422);
#226=LINE('',#5608,#423);
#227=LINE('',#5612,#424);
#228=LINE('',#5613,#425);
#229=LINE('',#5616,#426);
#230=LINE('',#5619,#427);
#231=LINE('',#5621,#428);
#232=LINE('',#5624,#429);
#233=LINE('',#5626,#430);
#234=LINE('',#5628,#431);
#235=LINE('',#5630,#432);
#236=LINE('',#5631,#433);
#237=LINE('',#5634,#434);
#238=LINE('',#5636,#435);
#239=LINE('',#5637,#436);
#240=LINE('',#5639,#437);
#241=LINE('',#5642,#438);
#242=LINE('',#5644,#439);
#243=LINE('',#5645,#440);
#244=LINE('',#5647,#441);
#245=LINE('',#5650,#442);
#246=LINE('',#5651,#443);
#247=LINE('',#5652,#444);
#248=LINE('',#5654,#445);
#249=LINE('',#5655,#446);
#250=LINE('',#5659,#447);
#251=LINE('',#5660,#448);
#252=LINE('',#5663,#449);
#253=LINE('',#5664,#450);
#254=LINE('',#5666,#451);
#255=LINE('',#5668,#452);
#256=LINE('',#5671,#453);
#257=LINE('',#5675,#454);
#258=LINE('',#5677,#455);
#259=LINE('',#5679,#456);
#260=LINE('',#5680,#457);
#261=LINE('',#5683,#458);
#262=LINE('',#5684,#459);
#263=LINE('',#5686,#460);
#264=LINE('',#5687,#461);
#265=LINE('',#5690,#462);
#266=LINE('',#5692,#463);
#267=LINE('',#5693,#464);
#268=LINE('',#5696,#465);
#269=LINE('',#5698,#466);
#270=LINE('',#5699,#467);
#271=LINE('',#5702,#468);
#272=LINE('',#5704,#469);
#273=LINE('',#5705,#470);
#274=LINE('',#5708,#471);
#275=LINE('',#5710,#472);
#276=LINE('',#5711,#473);
#277=LINE('',#5714,#474);
#278=LINE('',#5716,#475);
#279=LINE('',#5717,#476);
#280=LINE('',#5719,#477);
#281=LINE('',#5720,#478);
#282=LINE('',#5721,#479);
#283=LINE('',#5727,#480);
#284=LINE('',#5729,#481);
#285=LINE('',#5731,#482);
#286=LINE('',#5732,#483);
#287=LINE('',#5735,#484);
#288=LINE('',#5737,#485);
#289=LINE('',#5738,#486);
#290=LINE('',#5741,#487);
#291=LINE('',#5743,#488);
#292=LINE('',#5744,#489);
#293=LINE('',#5747,#490);
#294=LINE('',#5749,#491);
#295=LINE('',#5750,#492);
#296=LINE('',#5753,#493);
#297=LINE('',#5755,#494);
#298=LINE('',#5756,#495);
#299=LINE('',#5759,#496);
#300=LINE('',#5761,#497);
#301=LINE('',#5762,#498);
#302=LINE('',#5765,#499);
#303=LINE('',#5767,#500);
#304=LINE('',#5768,#501);
#305=LINE('',#5771,#502);
#306=LINE('',#5773,#503);
#307=LINE('',#5774,#504);
#308=LINE('',#5777,#505);
#309=LINE('',#5779,#506);
#310=LINE('',#5780,#507);
#311=LINE('',#5783,#508);
#312=LINE('',#5785,#509);
#313=LINE('',#5786,#510);
#314=LINE('',#5789,#511);
#315=LINE('',#5791,#512);
#316=LINE('',#5792,#513);
#317=LINE('',#5794,#514);
#318=LINE('',#5795,#515);
#319=LINE('',#5798,#516);
#320=LINE('',#5807,#517);
#321=LINE('',#5917,#518);
#322=LINE('',#5921,#519);
#323=LINE('',#5922,#520);
#324=LINE('',#5925,#521);
#325=LINE('',#5929,#522);
#326=LINE('',#5930,#523);
#327=LINE('',#5932,#524);
#328=LINE('',#5934,#525);
#329=LINE('',#5943,#526);
#330=LINE('',#5956,#527);
#331=LINE('',#5962,#528);
#332=LINE('',#5963,#529);
#333=LINE('',#5968,#530);
#334=LINE('',#5972,#531);
#335=LINE('',#5980,#532);
#336=LINE('',#5984,#533);
#337=LINE('',#6004,#534);
#338=LINE('',#6027,#535);
#339=LINE('',#6031,#536);
#340=LINE('',#6034,#537);
#341=LINE('',#6038,#538);
#342=LINE('',#6042,#539);
#343=LINE('',#6045,#540);
#344=LINE('',#6120,#541);
#345=LINE('',#6180,#542);
#346=LINE('',#6231,#543);
#347=LINE('',#6245,#544);
#348=LINE('',#6252,#545);
#349=LINE('',#6273,#546);
#350=LINE('',#6295,#547);
#351=LINE('',#6297,#548);
#352=LINE('',#6311,#549);
#353=LINE('',#6313,#550);
#354=LINE('',#6327,#551);
#355=LINE('',#6337,#552);
#356=LINE('',#6339,#553);
#357=LINE('',#6340,#554);
#358=LINE('',#6390,#555);
#359=LINE('',#6394,#556);
#360=LINE('',#6397,#557);
#361=LINE('',#7046,#558);
#362=LINE('',#7165,#559);
#363=LINE('',#7166,#560);
#364=LINE('',#7322,#561);
#365=LINE('',#7385,#562);
#366=LINE('',#8288,#563);
#367=LINE('',#8290,#564);
#368=VECTOR('',#3690,10.);
#369=VECTOR('',#3691,10.);
#370=VECTOR('',#3708,31.9801433437296);
#371=VECTOR('',#3711,10.);
#372=VECTOR('',#3714,10.);
#373=VECTOR('',#3717,10.);
#374=VECTOR('',#3718,10.);
#375=VECTOR('',#3723,10.);
#376=VECTOR('',#3728,10.);
#377=VECTOR('',#3735,10.);
#378=VECTOR('',#3744,10.);
#379=VECTOR('',#3745,10.);
#380=VECTOR('',#3746,10.);
#381=VECTOR('',#3747,10.);
#382=VECTOR('',#3748,10.);
#383=VECTOR('',#3749,10.);
#384=VECTOR('',#3754,31.9801433437296);
#385=VECTOR('',#3757,10.);
#386=VECTOR('',#3774,10.);
#387=VECTOR('',#3779,5.5);
#388=VECTOR('',#3788,10.);
#389=VECTOR('',#3789,10.);
#390=VECTOR('',#3794,10.);
#391=VECTOR('',#3797,10.);
#392=VECTOR('',#3798,10.);
#393=VECTOR('',#3799,10.);
#394=VECTOR('',#3806,1.3);
#395=VECTOR('',#3811,1.3);
#396=VECTOR('',#3812,10.);
#397=VECTOR('',#3817,10.);
#398=VECTOR('',#3822,10.);
#399=VECTOR('',#3823,10.);
#400=VECTOR('',#3826,10.);
#401=VECTOR('',#3827,10.);
#402=VECTOR('',#3828,10.);
#403=VECTOR('',#3831,10.);
#404=VECTOR('',#3832,10.);
#405=VECTOR('',#3833,10.);
#406=VECTOR('',#3836,10.);
#407=VECTOR('',#3837,10.);
#408=VECTOR('',#3842,10.);
#409=VECTOR('',#3847,10.);
#410=VECTOR('',#3850,10.);
#411=VECTOR('',#3853,10.);
#412=VECTOR('',#3856,10.);
#413=VECTOR('',#3857,10.);
#414=VECTOR('',#3864,1.3);
#415=VECTOR('',#3869,10.);
#416=VECTOR('',#3870,10.);
#417=VECTOR('',#3875,10.);
#418=VECTOR('',#3878,10.);
#419=VECTOR('',#3881,10.);
#420=VECTOR('',#3882,10.);
#421=VECTOR('',#3887,10.);
#422=VECTOR('',#3890,10.);
#423=VECTOR('',#3895,10.);
#424=VECTOR('',#3900,10.);
#425=VECTOR('',#3901,10.);
#426=VECTOR('',#3904,10.);
#427=VECTOR('',#3907,10.);
#428=VECTOR('',#3910,10.);
#429=VECTOR('',#3913,10.);
#430=VECTOR('',#3914,10.);
#431=VECTOR('',#3915,10.);
#432=VECTOR('',#3916,10.);
#433=VECTOR('',#3917,10.);
#434=VECTOR('',#3920,10.);
#435=VECTOR('',#3921,10.);
#436=VECTOR('',#3922,10.);
#437=VECTOR('',#3925,10.);
#438=VECTOR('',#3928,10.);
#439=VECTOR('',#3929,10.);
#440=VECTOR('',#3930,10.);
#441=VECTOR('',#3933,10.);
#442=VECTOR('',#3936,10.);
#443=VECTOR('',#3937,10.);
#444=VECTOR('',#3938,10.);
#445=VECTOR('',#3941,10.);
#446=VECTOR('',#3942,10.);
#447=VECTOR('',#3947,10.);
#448=VECTOR('',#3948,10.);
#449=VECTOR('',#3951,10.);
#450=VECTOR('',#3952,10.);
#451=VECTOR('',#3955,10.);
#452=VECTOR('',#3958,10.);
#453=VECTOR('',#3963,10.);
#454=VECTOR('',#3966,10.);
#455=VECTOR('',#3967,10.);
#456=VECTOR('',#3968,10.);
#457=VECTOR('',#3969,10.);
#458=VECTOR('',#3972,10.);
#459=VECTOR('',#3973,10.);
#460=VECTOR('',#3974,10.);
#461=VECTOR('',#3975,10.);
#462=VECTOR('',#3978,10.);
#463=VECTOR('',#3979,10.);
#464=VECTOR('',#3980,10.);
#465=VECTOR('',#3983,10.);
#466=VECTOR('',#3984,10.);
#467=VECTOR('',#3985,10.);
#468=VECTOR('',#3988,10.);
#469=VECTOR('',#3989,10.);
#470=VECTOR('',#3990,10.);
#471=VECTOR('',#3993,10.);
#472=VECTOR('',#3994,10.);
#473=VECTOR('',#3995,10.);
#474=VECTOR('',#3998,10.);
#475=VECTOR('',#3999,10.);
#476=VECTOR('',#4000,10.);
#477=VECTOR('',#4003,10.);
#478=VECTOR('',#4004,10.);
#479=VECTOR('',#4005,10.);
#480=VECTOR('',#4012,10.);
#481=VECTOR('',#4013,10.);
#482=VECTOR('',#4014,10.);
#483=VECTOR('',#4015,10.);
#484=VECTOR('',#4018,10.);
#485=VECTOR('',#4019,10.);
#486=VECTOR('',#4020,10.);
#487=VECTOR('',#4023,10.);
#488=VECTOR('',#4024,10.);
#489=VECTOR('',#4025,10.);
#490=VECTOR('',#4028,10.);
#491=VECTOR('',#4029,10.);
#492=VECTOR('',#4030,10.);
#493=VECTOR('',#4033,10.);
#494=VECTOR('',#4034,10.);
#495=VECTOR('',#4035,10.);
#496=VECTOR('',#4038,10.);
#497=VECTOR('',#4039,10.);
#498=VECTOR('',#4040,10.);
#499=VECTOR('',#4043,10.);
#500=VECTOR('',#4044,10.);
#501=VECTOR('',#4045,10.);
#502=VECTOR('',#4048,10.);
#503=VECTOR('',#4049,10.);
#504=VECTOR('',#4050,10.);
#505=VECTOR('',#4053,10.);
#506=VECTOR('',#4054,10.);
#507=VECTOR('',#4055,10.);
#508=VECTOR('',#4058,10.);
#509=VECTOR('',#4059,10.);
#510=VECTOR('',#4060,10.);
#511=VECTOR('',#4063,10.);
#512=VECTOR('',#4064,10.);
#513=VECTOR('',#4065,10.);
#514=VECTOR('',#4068,10.);
#515=VECTOR('',#4069,10.);
#516=VECTOR('',#4074,10.);
#517=VECTOR('',#4079,10.);
#518=VECTOR('',#4088,10.);
#519=VECTOR('',#4091,10.);
#520=VECTOR('',#4092,10.);
#521=VECTOR('',#4095,10.);
#522=VECTOR('',#4098,10.);
#523=VECTOR('',#4099,10.);
#524=VECTOR('',#4100,10.);
#525=VECTOR('',#4101,10.);
#526=VECTOR('',#4104,10.);
#527=VECTOR('',#4115,10.);
#528=VECTOR('',#4124,10.);
#529=VECTOR('',#4125,10.);
#530=VECTOR('',#4132,10.);
#531=VECTOR('',#4137,10.5);
#532=VECTOR('',#4146,10.);
#533=VECTOR('',#4149,10.);
#534=VECTOR('',#4150,10.);
#535=VECTOR('',#4159,5.5);
#536=VECTOR('',#4164,5.5);
#537=VECTOR('',#4167,10.);
#538=VECTOR('',#4170,10.);
#539=VECTOR('',#4173,10.);
#540=VECTOR('',#4176,10.);
#541=VECTOR('',#4185,10.);
#542=VECTOR('',#4198,10.);
#543=VECTOR('',#4209,10.);
#544=VECTOR('',#4210,10.);
#545=VECTOR('',#4217,10.);
#546=VECTOR('',#4222,1.);
#547=VECTOR('',#4225,10.);
#548=VECTOR('',#4226,10.);
#549=VECTOR('',#4235,10.);
#550=VECTOR('',#4238,10.);
#551=VECTOR('',#4241,10.);
#552=VECTOR('',#4242,10.);
#553=VECTOR('',#4245,10.);
#554=VECTOR('',#4246,10.);
#555=VECTOR('',#4249,1.);
#556=VECTOR('',#4254,10.);
#557=VECTOR('',#4257,10.);
#558=VECTOR('',#4304,10.);
#559=VECTOR('',#4313,10.);
#560=VECTOR('',#4314,10.);
#561=VECTOR('',#4327,10.);
#562=VECTOR('',#4332,10.);
#563=VECTOR('',#4401,10.);
#564=VECTOR('',#4404,10.);
#565=CYLINDRICAL_SURFACE('',#3404,0.9);
#566=CYLINDRICAL_SURFACE('',#3414,2.00074206664677);
#567=CYLINDRICAL_SURFACE('',#3416,10.5);
#568=CYLINDRICAL_SURFACE('',#3422,13.1095672861869);
#569=CYLINDRICAL_SURFACE('',#3430,9.97592220716958);
#570=CYLINDRICAL_SURFACE('',#3439,5.5);
#571=CYLINDRICAL_SURFACE('',#3445,9.97592220716958);
#572=CYLINDRICAL_SURFACE('',#3449,1.3);
#573=CYLINDRICAL_SURFACE('',#3451,1.3);
#574=CYLINDRICAL_SURFACE('',#3468,1.3);
#575=CYLINDRICAL_SURFACE('',#3470,25.);
#576=CYLINDRICAL_SURFACE('',#3471,3.);
#577=CYLINDRICAL_SURFACE('',#3473,3.);
#578=CYLINDRICAL_SURFACE('',#3477,25.);
#579=CYLINDRICAL_SURFACE('',#3535,10.);
#580=CYLINDRICAL_SURFACE('',#3555,5.5);
#581=CYLINDRICAL_SURFACE('',#3557,5.5);
#582=CYLINDRICAL_SURFACE('',#3565,12.5);
#583=CYLINDRICAL_SURFACE('',#3574,12.5);
#584=CYLINDRICAL_SURFACE('',#3577,10.);
#585=CYLINDRICAL_SURFACE('',#3582,10.);
#586=CYLINDRICAL_SURFACE('',#3588,15.);
#587=CYLINDRICAL_SURFACE('',#3589,15.);
#588=CYLINDRICAL_SURFACE('',#3591,1.);
#589=CYLINDRICAL_SURFACE('',#3594,2.);
#590=CYLINDRICAL_SURFACE('',#3620,2.);
#591=CYLINDRICAL_SURFACE('',#3626,43.2246735396485);
#592=CYLINDRICAL_SURFACE('',#3638,9.83996371508454);
#593=CYLINDRICAL_SURFACE('',#3655,7.13573973698137);
#594=CYLINDRICAL_SURFACE('',#3659,12.5);
#595=CYLINDRICAL_SURFACE('',#3663,2.);
#596=CYLINDRICAL_SURFACE('',#3665,8.);
#597=CYLINDRICAL_SURFACE('',#3666,2.);
#598=CYLINDRICAL_SURFACE('',#3667,9.97592220716958);
#599=TOROIDAL_SURFACE('',#3400,25.9,0.9);
#600=TOROIDAL_SURFACE('',#3406,1.10074206664677,0.9);
#601=TOROIDAL_SURFACE('',#3410,9.59999999999999,0.9);
#602=TOROIDAL_SURFACE('',#3603,10.5,2.);
#603=TOROIDAL_SURFACE('',#3611,10.5,2.);
#604=TOROIDAL_SURFACE('',#3661,45.2246735396486,2.);
#605=FACE_OUTER_BOUND('',#794,.T.);
#606=FACE_OUTER_BOUND('',#795,.T.);
#607=FACE_OUTER_BOUND('',#796,.T.);
#608=FACE_OUTER_BOUND('',#797,.T.);
#609=FACE_OUTER_BOUND('',#798,.T.);
#610=FACE_OUTER_BOUND('',#799,.T.);
#611=FACE_OUTER_BOUND('',#800,.T.);
#612=FACE_OUTER_BOUND('',#801,.T.);
#613=FACE_OUTER_BOUND('',#802,.T.);
#614=FACE_OUTER_BOUND('',#803,.T.);
#615=FACE_OUTER_BOUND('',#804,.T.);
#616=FACE_OUTER_BOUND('',#805,.T.);
#617=FACE_OUTER_BOUND('',#807,.T.);
#618=FACE_OUTER_BOUND('',#808,.T.);
#619=FACE_OUTER_BOUND('',#809,.T.);
#620=FACE_OUTER_BOUND('',#810,.T.);
#621=FACE_OUTER_BOUND('',#811,.T.);
#622=FACE_OUTER_BOUND('',#812,.T.);
#623=FACE_OUTER_BOUND('',#813,.T.);
#624=FACE_OUTER_BOUND('',#814,.T.);
#625=FACE_OUTER_BOUND('',#815,.T.);
#626=FACE_OUTER_BOUND('',#816,.T.);
#627=FACE_OUTER_BOUND('',#817,.T.);
#628=FACE_OUTER_BOUND('',#818,.T.);
#629=FACE_OUTER_BOUND('',#819,.T.);
#630=FACE_OUTER_BOUND('',#820,.T.);
#631=FACE_OUTER_BOUND('',#821,.T.);
#632=FACE_OUTER_BOUND('',#822,.T.);
#633=FACE_OUTER_BOUND('',#823,.T.);
#634=FACE_OUTER_BOUND('',#824,.T.);
#635=FACE_OUTER_BOUND('',#825,.T.);
#636=FACE_OUTER_BOUND('',#826,.T.);
#637=FACE_OUTER_BOUND('',#828,.T.);
#638=FACE_OUTER_BOUND('',#829,.T.);
#639=FACE_OUTER_BOUND('',#831,.T.);
#640=FACE_OUTER_BOUND('',#832,.T.);
#641=FACE_OUTER_BOUND('',#833,.T.);
#642=FACE_OUTER_BOUND('',#834,.T.);
#643=FACE_OUTER_BOUND('',#835,.T.);
#644=FACE_OUTER_BOUND('',#836,.T.);
#645=FACE_OUTER_BOUND('',#837,.T.);
#646=FACE_OUTER_BOUND('',#839,.T.);
#647=FACE_OUTER_BOUND('',#840,.T.);
#648=FACE_OUTER_BOUND('',#841,.T.);
#649=FACE_OUTER_BOUND('',#842,.T.);
#650=FACE_OUTER_BOUND('',#843,.T.);
#651=FACE_OUTER_BOUND('',#844,.T.);
#652=FACE_OUTER_BOUND('',#845,.T.);
#653=FACE_OUTER_BOUND('',#846,.T.);
#654=FACE_OUTER_BOUND('',#847,.T.);
#655=FACE_OUTER_BOUND('',#848,.T.);
#656=FACE_OUTER_BOUND('',#849,.T.);
#657=FACE_OUTER_BOUND('',#850,.T.);
#658=FACE_OUTER_BOUND('',#851,.T.);
#659=FACE_OUTER_BOUND('',#852,.T.);
#660=FACE_OUTER_BOUND('',#853,.T.);
#661=FACE_OUTER_BOUND('',#854,.T.);
#662=FACE_OUTER_BOUND('',#856,.T.);
#663=FACE_OUTER_BOUND('',#857,.T.);
#664=FACE_OUTER_BOUND('',#858,.T.);
#665=FACE_OUTER_BOUND('',#859,.T.);
#666=FACE_OUTER_BOUND('',#860,.T.);
#667=FACE_OUTER_BOUND('',#861,.T.);
#668=FACE_OUTER_BOUND('',#862,.T.);
#669=FACE_OUTER_BOUND('',#863,.T.);
#670=FACE_OUTER_BOUND('',#864,.T.);
#671=FACE_OUTER_BOUND('',#865,.T.);
#672=FACE_OUTER_BOUND('',#866,.T.);
#673=FACE_OUTER_BOUND('',#867,.T.);
#674=FACE_OUTER_BOUND('',#868,.T.);
#675=FACE_OUTER_BOUND('',#869,.T.);
#676=FACE_OUTER_BOUND('',#870,.T.);
#677=FACE_OUTER_BOUND('',#871,.T.);
#678=FACE_OUTER_BOUND('',#872,.T.);
#679=FACE_OUTER_BOUND('',#873,.T.);
#680=FACE_OUTER_BOUND('',#874,.T.);
#681=FACE_OUTER_BOUND('',#875,.T.);
#682=FACE_OUTER_BOUND('',#876,.T.);
#683=FACE_OUTER_BOUND('',#877,.T.);
#684=FACE_OUTER_BOUND('',#878,.T.);
#685=FACE_OUTER_BOUND('',#879,.T.);
#686=FACE_OUTER_BOUND('',#880,.T.);
#687=FACE_OUTER_BOUND('',#881,.T.);
#688=FACE_OUTER_BOUND('',#882,.T.);
#689=FACE_OUTER_BOUND('',#883,.T.);
#690=FACE_OUTER_BOUND('',#884,.T.);
#691=FACE_OUTER_BOUND('',#885,.T.);
#692=FACE_OUTER_BOUND('',#886,.T.);
#693=FACE_OUTER_BOUND('',#887,.T.);
#694=FACE_OUTER_BOUND('',#889,.T.);
#695=FACE_OUTER_BOUND('',#890,.T.);
#696=FACE_OUTER_BOUND('',#892,.T.);
#697=FACE_OUTER_BOUND('',#894,.T.);
#698=FACE_OUTER_BOUND('',#895,.T.);
#699=FACE_OUTER_BOUND('',#896,.T.);
#700=FACE_OUTER_BOUND('',#897,.T.);
#701=FACE_OUTER_BOUND('',#899,.T.);
#702=FACE_OUTER_BOUND('',#900,.T.);
#703=FACE_OUTER_BOUND('',#901,.T.);
#704=FACE_OUTER_BOUND('',#902,.T.);
#705=FACE_OUTER_BOUND('',#903,.T.);
#706=FACE_OUTER_BOUND('',#904,.T.);
#707=FACE_OUTER_BOUND('',#905,.T.);
#708=FACE_OUTER_BOUND('',#906,.T.);
#709=FACE_OUTER_BOUND('',#907,.T.);
#710=FACE_OUTER_BOUND('',#908,.T.);
#711=FACE_OUTER_BOUND('',#909,.T.);
#712=FACE_OUTER_BOUND('',#912,.T.);
#713=FACE_OUTER_BOUND('',#913,.T.);
#714=FACE_OUTER_BOUND('',#914,.T.);
#715=FACE_OUTER_BOUND('',#915,.T.);
#716=FACE_OUTER_BOUND('',#916,.T.);
#717=FACE_OUTER_BOUND('',#917,.T.);
#718=FACE_OUTER_BOUND('',#919,.T.);
#719=FACE_OUTER_BOUND('',#920,.T.);
#720=FACE_OUTER_BOUND('',#921,.T.);
#721=FACE_OUTER_BOUND('',#922,.T.);
#722=FACE_OUTER_BOUND('',#923,.T.);
#723=FACE_OUTER_BOUND('',#924,.T.);
#724=FACE_OUTER_BOUND('',#925,.T.);
#725=FACE_OUTER_BOUND('',#926,.T.);
#726=FACE_OUTER_BOUND('',#927,.T.);
#727=FACE_OUTER_BOUND('',#928,.T.);
#728=FACE_OUTER_BOUND('',#929,.T.);
#729=FACE_OUTER_BOUND('',#930,.T.);
#730=FACE_OUTER_BOUND('',#931,.T.);
#731=FACE_OUTER_BOUND('',#932,.T.);
#732=FACE_OUTER_BOUND('',#934,.T.);
#733=FACE_OUTER_BOUND('',#935,.T.);
#734=FACE_OUTER_BOUND('',#936,.T.);
#735=FACE_OUTER_BOUND('',#937,.T.);
#736=FACE_OUTER_BOUND('',#938,.T.);
#737=FACE_OUTER_BOUND('',#939,.T.);
#738=FACE_OUTER_BOUND('',#941,.T.);
#739=FACE_OUTER_BOUND('',#942,.T.);
#740=FACE_OUTER_BOUND('',#943,.T.);
#741=FACE_OUTER_BOUND('',#944,.T.);
#742=FACE_OUTER_BOUND('',#945,.T.);
#743=FACE_OUTER_BOUND('',#946,.T.);
#744=FACE_OUTER_BOUND('',#947,.T.);
#745=FACE_OUTER_BOUND('',#948,.T.);
#746=FACE_OUTER_BOUND('',#949,.T.);
#747=FACE_OUTER_BOUND('',#950,.T.);
#748=FACE_OUTER_BOUND('',#951,.T.);
#749=FACE_OUTER_BOUND('',#952,.T.);
#750=FACE_OUTER_BOUND('',#953,.T.);
#751=FACE_OUTER_BOUND('',#954,.T.);
#752=FACE_OUTER_BOUND('',#955,.T.);
#753=FACE_OUTER_BOUND('',#956,.T.);
#754=FACE_OUTER_BOUND('',#957,.T.);
#755=FACE_OUTER_BOUND('',#958,.T.);
#756=FACE_OUTER_BOUND('',#959,.T.);
#757=FACE_OUTER_BOUND('',#960,.T.);
#758=FACE_OUTER_BOUND('',#961,.T.);
#759=FACE_OUTER_BOUND('',#962,.T.);
#760=FACE_OUTER_BOUND('',#963,.T.);
#761=FACE_OUTER_BOUND('',#964,.T.);
#762=FACE_OUTER_BOUND('',#965,.T.);
#763=FACE_OUTER_BOUND('',#966,.T.);
#764=FACE_OUTER_BOUND('',#967,.T.);
#765=FACE_OUTER_BOUND('',#968,.T.);
#766=FACE_OUTER_BOUND('',#969,.T.);
#767=FACE_OUTER_BOUND('',#970,.T.);
#768=FACE_OUTER_BOUND('',#971,.T.);
#769=FACE_OUTER_BOUND('',#972,.T.);
#770=FACE_OUTER_BOUND('',#973,.T.);
#771=FACE_OUTER_BOUND('',#974,.T.);
#772=FACE_OUTER_BOUND('',#975,.T.);
#773=FACE_OUTER_BOUND('',#976,.T.);
#774=FACE_OUTER_BOUND('',#977,.T.);
#775=FACE_OUTER_BOUND('',#978,.T.);
#776=FACE_OUTER_BOUND('',#979,.T.);
#777=FACE_OUTER_BOUND('',#980,.T.);
#778=FACE_OUTER_BOUND('',#981,.T.);
#779=FACE_OUTER_BOUND('',#982,.T.);
#780=FACE_OUTER_BOUND('',#983,.T.);
#781=FACE_OUTER_BOUND('',#984,.T.);
#782=FACE_OUTER_BOUND('',#985,.T.);
#783=FACE_OUTER_BOUND('',#986,.T.);
#784=FACE_OUTER_BOUND('',#987,.T.);
#785=FACE_OUTER_BOUND('',#988,.T.);
#786=FACE_OUTER_BOUND('',#989,.T.);
#787=FACE_OUTER_BOUND('',#990,.T.);
#788=FACE_OUTER_BOUND('',#991,.T.);
#789=FACE_OUTER_BOUND('',#992,.T.);
#790=FACE_OUTER_BOUND('',#993,.T.);
#791=FACE_OUTER_BOUND('',#994,.T.);
#792=FACE_OUTER_BOUND('',#995,.T.);
#793=FACE_OUTER_BOUND('',#996,.T.);
#794=EDGE_LOOP('',(#2096,#2097,#2098,#2099));
#795=EDGE_LOOP('',(#2100,#2101,#2102,#2103));
#796=EDGE_LOOP('',(#2104,#2105,#2106,#2107));
#797=EDGE_LOOP('',(#2108,#2109,#2110,#2111));
#798=EDGE_LOOP('',(#2112,#2113,#2114,#2115));
#799=EDGE_LOOP('',(#2116,#2117,#2118,#2119));
#800=EDGE_LOOP('',(#2120,#2121,#2122,#2123));
#801=EDGE_LOOP('',(#2124,#2125,#2126,#2127));
#802=EDGE_LOOP('',(#2128,#2129,#2130));
#803=EDGE_LOOP('',(#2131,#2132,#2133,#2134));
#804=EDGE_LOOP('',(#2135,#2136,#2137,#2138,#2139,#2140,#2141,#2142,#2143,
#2144,#2145,#2146,#2147));
#805=EDGE_LOOP('',(#2148,#2149,#2150,#2151,#2152,#2153,#2154,#2155));
#806=EDGE_LOOP('',(#2156,#2157));
#807=EDGE_LOOP('',(#2158,#2159,#2160,#2161,#2162,#2163,#2164,#2165,#2166,
#2167,#2168,#2169));
#808=EDGE_LOOP('',(#2170,#2171,#2172,#2173,#2174,#2175,#2176,#2177,#2178,
#2179));
#809=EDGE_LOOP('',(#2180,#2181,#2182,#2183));
#810=EDGE_LOOP('',(#2184,#2185,#2186,#2187));
#811=EDGE_LOOP('',(#2188,#2189,#2190,#2191,#2192));
#812=EDGE_LOOP('',(#2193,#2194,#2195,#2196));
#813=EDGE_LOOP('',(#2197,#2198,#2199));
#814=EDGE_LOOP('',(#2200,#2201,#2202,#2203,#2204,#2205,#2206,#2207,#2208,
#2209,#2210,#2211));
#815=EDGE_LOOP('',(#2212,#2213,#2214,#2215,#2216,#2217,#2218,#2219,#2220,
#2221));
#816=EDGE_LOOP('',(#2222,#2223,#2224,#2225,#2226));
#817=EDGE_LOOP('',(#2227,#2228,#2229,#2230,#2231,#2232,#2233,#2234));
#818=EDGE_LOOP('',(#2235,#2236,#2237,#2238,#2239,#2240));
#819=EDGE_LOOP('',(#2241,#2242,#2243,#2244,#2245));
#820=EDGE_LOOP('',(#2246,#2247,#2248,#2249,#2250,#2251));
#821=EDGE_LOOP('',(#2252,#2253,#2254));
#822=EDGE_LOOP('',(#2255,#2256,#2257,#2258,#2259));
#823=EDGE_LOOP('',(#2260,#2261,#2262,#2263));
#824=EDGE_LOOP('',(#2264,#2265,#2266,#2267));
#825=EDGE_LOOP('',(#2268,#2269,#2270,#2271));
#826=EDGE_LOOP('',(#2272,#2273,#2274,#2275));
#827=EDGE_LOOP('',(#2276));
#828=EDGE_LOOP('',(#2277,#2278,#2279));
#829=EDGE_LOOP('',(#2280,#2281,#2282,#2283,#2284,#2285,#2286,#2287));
#830=EDGE_LOOP('',(#2288,#2289,#2290,#2291,#2292,#2293,#2294,#2295,#2296,
#2297,#2298));
#831=EDGE_LOOP('',(#2299,#2300,#2301,#2302));
#832=EDGE_LOOP('',(#2303,#2304,#2305,#2306,#2307));
#833=EDGE_LOOP('',(#2308,#2309));
#834=EDGE_LOOP('',(#2310,#2311,#2312,#2313));
#835=EDGE_LOOP('',(#2314,#2315,#2316,#2317));
#836=EDGE_LOOP('',(#2318,#2319,#2320,#2321));
#837=EDGE_LOOP('',(#2322,#2323,#2324,#2325,#2326));
#838=EDGE_LOOP('',(#2327,#2328,#2329,#2330,#2331,#2332,#2333,#2334));
#839=EDGE_LOOP('',(#2335,#2336,#2337,#2338));
#840=EDGE_LOOP('',(#2339,#2340,#2341,#2342,#2343));
#841=EDGE_LOOP('',(#2344,#2345,#2346,#2347));
#842=EDGE_LOOP('',(#2348,#2349,#2350,#2351,#2352,#2353));
#843=EDGE_LOOP('',(#2354,#2355,#2356,#2357));
#844=EDGE_LOOP('',(#2358,#2359,#2360,#2361));
#845=EDGE_LOOP('',(#2362,#2363,#2364,#2365));
#846=EDGE_LOOP('',(#2366,#2367,#2368));
#847=EDGE_LOOP('',(#2369,#2370,#2371,#2372));
#848=EDGE_LOOP('',(#2373,#2374,#2375,#2376,#2377,#2378,#2379));
#849=EDGE_LOOP('',(#2380,#2381));
#850=EDGE_LOOP('',(#2382,#2383,#2384,#2385));
#851=EDGE_LOOP('',(#2386,#2387,#2388,#2389));
#852=EDGE_LOOP('',(#2390,#2391,#2392,#2393));
#853=EDGE_LOOP('',(#2394,#2395,#2396,#2397));
#854=EDGE_LOOP('',(#2398,#2399,#2400,#2401,#2402,#2403,#2404,#2405));
#855=EDGE_LOOP('',(#2406));
#856=EDGE_LOOP('',(#2407,#2408,#2409,#2410,#2411));
#857=EDGE_LOOP('',(#2412,#2413,#2414,#2415));
#858=EDGE_LOOP('',(#2416,#2417,#2418,#2419,#2420));
#859=EDGE_LOOP('',(#2421,#2422,#2423,#2424));
#860=EDGE_LOOP('',(#2425,#2426,#2427,#2428));
#861=EDGE_LOOP('',(#2429,#2430,#2431,#2432));
#862=EDGE_LOOP('',(#2433,#2434,#2435,#2436));
#863=EDGE_LOOP('',(#2437,#2438,#2439,#2440));
#864=EDGE_LOOP('',(#2441,#2442,#2443,#2444,#2445));
#865=EDGE_LOOP('',(#2446,#2447,#2448,#2449,#2450,#2451,#2452,#2453));
#866=EDGE_LOOP('',(#2454,#2455,#2456,#2457));
#867=EDGE_LOOP('',(#2458,#2459,#2460,#2461));
#868=EDGE_LOOP('',(#2462,#2463,#2464,#2465));
#869=EDGE_LOOP('',(#2466,#2467,#2468,#2469));
#870=EDGE_LOOP('',(#2470,#2471,#2472,#2473));
#871=EDGE_LOOP('',(#2474,#2475,#2476,#2477));
#872=EDGE_LOOP('',(#2478,#2479,#2480,#2481));
#873=EDGE_LOOP('',(#2482,#2483,#2484,#2485));
#874=EDGE_LOOP('',(#2486,#2487,#2488,#2489));
#875=EDGE_LOOP('',(#2490,#2491,#2492,#2493));
#876=EDGE_LOOP('',(#2494,#2495,#2496,#2497));
#877=EDGE_LOOP('',(#2498,#2499,#2500,#2501));
#878=EDGE_LOOP('',(#2502,#2503,#2504,#2505));
#879=EDGE_LOOP('',(#2506,#2507,#2508,#2509,#2510,#2511,#2512,#2513,#2514,
#2515,#2516,#2517));
#880=EDGE_LOOP('',(#2518,#2519,#2520,#2521));
#881=EDGE_LOOP('',(#2522,#2523,#2524,#2525));
#882=EDGE_LOOP('',(#2526,#2527,#2528,#2529));
#883=EDGE_LOOP('',(#2530,#2531,#2532,#2533));
#884=EDGE_LOOP('',(#2534,#2535,#2536,#2537,#2538,#2539));
#885=EDGE_LOOP('',(#2540,#2541,#2542,#2543));
#886=EDGE_LOOP('',(#2544,#2545,#2546,#2547,#2548,#2549,#2550,#2551,#2552,
#2553,#2554,#2555,#2556,#2557));
#887=EDGE_LOOP('',(#2558,#2559,#2560,#2561,#2562,#2563,#2564,#2565,#2566,
#2567,#2568,#2569,#2570,#2571,#2572,#2573,#2574,#2575,#2576,#2577,#2578,
#2579,#2580,#2581));
#888=EDGE_LOOP('',(#2582,#2583,#2584,#2585,#2586,#2587,#2588,#2589,#2590,
#2591,#2592,#2593));
#889=EDGE_LOOP('',(#2594,#2595,#2596,#2597));
#890=EDGE_LOOP('',(#2598,#2599,#2600,#2601,#2602,#2603,#2604));
#891=EDGE_LOOP('',(#2605));
#892=EDGE_LOOP('',(#2606,#2607,#2608,#2609,#2610,#2611));
#893=EDGE_LOOP('',(#2612));
#894=EDGE_LOOP('',(#2613,#2614,#2615,#2616));
#895=EDGE_LOOP('',(#2617,#2618,#2619,#2620));
#896=EDGE_LOOP('',(#2621,#2622,#2623,#2624,#2625,#2626,#2627,#2628));
#897=EDGE_LOOP('',(#2629));
#898=EDGE_LOOP('',(#2630));
#899=EDGE_LOOP('',(#2631,#2632,#2633,#2634,#2635,#2636,#2637,#2638,#2639,
#2640,#2641,#2642,#2643,#2644,#2645,#2646));
#900=EDGE_LOOP('',(#2647,#2648,#2649,#2650));
#901=EDGE_LOOP('',(#2651,#2652,#2653,#2654));
#902=EDGE_LOOP('',(#2655,#2656,#2657,#2658,#2659,#2660,#2661,#2662,#2663,
#2664,#2665,#2666,#2667,#2668,#2669,#2670,#2671,#2672,#2673,#2674));
#903=EDGE_LOOP('',(#2675,#2676,#2677,#2678));
#904=EDGE_LOOP('',(#2679,#2680,#2681));
#905=EDGE_LOOP('',(#2682,#2683,#2684,#2685,#2686,#2687,#2688,#2689,#2690,
#2691,#2692,#2693,#2694,#2695,#2696,#2697));
#906=EDGE_LOOP('',(#2698,#2699,#2700,#2701,#2702,#2703,#2704,#2705));
#907=EDGE_LOOP('',(#2706,#2707,#2708,#2709,#2710,#2711,#2712,#2713,#2714));
#908=EDGE_LOOP('',(#2715,#2716,#2717,#2718,#2719,#2720));
#909=EDGE_LOOP('',(#2721,#2722,#2723,#2724,#2725,#2726,#2727,#2728));
#910=EDGE_LOOP('',(#2729));
#911=EDGE_LOOP('',(#2730));
#912=EDGE_LOOP('',(#2731,#2732,#2733,#2734));
#913=EDGE_LOOP('',(#2735,#2736,#2737));
#914=EDGE_LOOP('',(#2738,#2739,#2740,#2741,#2742,#2743,#2744,#2745,#2746,
#2747,#2748));
#915=EDGE_LOOP('',(#2749,#2750,#2751,#2752));
#916=EDGE_LOOP('',(#2753,#2754,#2755,#2756,#2757,#2758,#2759,#2760));
#917=EDGE_LOOP('',(#2761,#2762,#2763,#2764));
#918=EDGE_LOOP('',(#2765));
#919=EDGE_LOOP('',(#2766,#2767,#2768,#2769,#2770));
#920=EDGE_LOOP('',(#2771,#2772,#2773,#2774));
#921=EDGE_LOOP('',(#2775,#2776,#2777,#2778,#2779,#2780));
#922=EDGE_LOOP('',(#2781,#2782,#2783));
#923=EDGE_LOOP('',(#2784,#2785,#2786,#2787));
#924=EDGE_LOOP('',(#2788,#2789,#2790,#2791,#2792,#2793,#2794));
#925=EDGE_LOOP('',(#2795,#2796,#2797,#2798));
#926=EDGE_LOOP('',(#2799,#2800,#2801,#2802));
#927=EDGE_LOOP('',(#2803,#2804,#2805,#2806));
#928=EDGE_LOOP('',(#2807,#2808,#2809,#2810));
#929=EDGE_LOOP('',(#2811,#2812,#2813,#2814));
#930=EDGE_LOOP('',(#2815,#2816,#2817,#2818));
#931=EDGE_LOOP('',(#2819,#2820,#2821,#2822));
#932=EDGE_LOOP('',(#2823,#2824,#2825,#2826));
#933=EDGE_LOOP('',(#2827));
#934=EDGE_LOOP('',(#2828,#2829,#2830));
#935=EDGE_LOOP('',(#2831,#2832,#2833,#2834));
#936=EDGE_LOOP('',(#2835,#2836,#2837,#2838));
#937=EDGE_LOOP('',(#2839,#2840,#2841,#2842));
#938=EDGE_LOOP('',(#2843,#2844,#2845,#2846));
#939=EDGE_LOOP('',(#2847,#2848,#2849,#2850,#2851,#2852,#2853,#2854,#2855));
#940=EDGE_LOOP('',(#2856));
#941=EDGE_LOOP('',(#2857,#2858,#2859,#2860,#2861));
#942=EDGE_LOOP('',(#2862,#2863,#2864));
#943=EDGE_LOOP('',(#2865,#2866,#2867,#2868,#2869,#2870,#2871,#2872));
#944=EDGE_LOOP('',(#2873,#2874,#2875,#2876,#2877));
#945=EDGE_LOOP('',(#2878,#2879,#2880,#2881));
#946=EDGE_LOOP('',(#2882,#2883,#2884,#2885,#2886));
#947=EDGE_LOOP('',(#2887,#2888,#2889,#2890,#2891));
#948=EDGE_LOOP('',(#2892,#2893,#2894,#2895));
#949=EDGE_LOOP('',(#2896,#2897,#2898,#2899));
#950=EDGE_LOOP('',(#2900,#2901,#2902,#2903));
#951=EDGE_LOOP('',(#2904,#2905,#2906,#2907));
#952=EDGE_LOOP('',(#2908,#2909,#2910,#2911));
#953=EDGE_LOOP('',(#2912,#2913,#2914,#2915,#2916));
#954=EDGE_LOOP('',(#2917,#2918,#2919,#2920,#2921,#2922,#2923,#2924,#2925,
#2926,#2927));
#955=EDGE_LOOP('',(#2928,#2929,#2930,#2931,#2932));
#956=EDGE_LOOP('',(#2933,#2934,#2935,#2936));
#957=EDGE_LOOP('',(#2937,#2938,#2939,#2940,#2941,#2942));
#958=EDGE_LOOP('',(#2943,#2944,#2945,#2946));
#959=EDGE_LOOP('',(#2947,#2948,#2949,#2950));
#960=EDGE_LOOP('',(#2951,#2952,#2953,#2954,#2955,#2956,#2957,#2958));
#961=EDGE_LOOP('',(#2959,#2960,#2961,#2962,#2963,#2964,#2965,#2966));
#962=EDGE_LOOP('',(#2967,#2968,#2969,#2970,#2971));
#963=EDGE_LOOP('',(#2972,#2973,#2974,#2975,#2976));
#964=EDGE_LOOP('',(#2977,#2978,#2979));
#965=EDGE_LOOP('',(#2980,#2981,#2982,#2983));
#966=EDGE_LOOP('',(#2984,#2985,#2986));
#967=EDGE_LOOP('',(#2987,#2988,#2989,#2990,#2991));
#968=EDGE_LOOP('',(#2992,#2993,#2994,#2995,#2996));
#969=EDGE_LOOP('',(#2997,#2998,#2999,#3000,#3001));
#970=EDGE_LOOP('',(#3002,#3003,#3004));
#971=EDGE_LOOP('',(#3005,#3006,#3007));
#972=EDGE_LOOP('',(#3008,#3009,#3010,#3011));
#973=EDGE_LOOP('',(#3012,#3013,#3014,#3015));
#974=EDGE_LOOP('',(#3016,#3017,#3018,#3019));
#975=EDGE_LOOP('',(#3020,#3021,#3022,#3023,#3024));
#976=EDGE_LOOP('',(#3025,#3026,#3027,#3028));
#977=EDGE_LOOP('',(#3029,#3030,#3031,#3032));
#978=EDGE_LOOP('',(#3033,#3034,#3035,#3036));
#979=EDGE_LOOP('',(#3037,#3038,#3039));
#980=EDGE_LOOP('',(#3040,#3041,#3042,#3043));
#981=EDGE_LOOP('',(#3044,#3045,#3046,#3047,#3048,#3049,#3050,#3051));
#982=EDGE_LOOP('',(#3052,#3053,#3054));
#983=EDGE_LOOP('',(#3055,#3056,#3057,#3058,#3059));
#984=EDGE_LOOP('',(#3060,#3061,#3062));
#985=EDGE_LOOP('',(#3063,#3064,#3065,#3066,#3067,#3068));
#986=EDGE_LOOP('',(#3069,#3070,#3071,#3072));
#987=EDGE_LOOP('',(#3073,#3074,#3075,#3076));
#988=EDGE_LOOP('',(#3077,#3078,#3079,#3080,#3081,#3082));
#989=EDGE_LOOP('',(#3083,#3084,#3085,#3086,#3087,#3088,#3089,#3090,#3091,
#3092,#3093,#3094,#3095));
#990=EDGE_LOOP('',(#3096,#3097,#3098,#3099));
#991=EDGE_LOOP('',(#3100,#3101,#3102,#3103));
#992=EDGE_LOOP('',(#3104,#3105,#3106,#3107,#3108,#3109));
#993=EDGE_LOOP('',(#3110,#3111,#3112,#3113));
#994=EDGE_LOOP('',(#3114,#3115,#3116,#3117));
#995=EDGE_LOOP('',(#3118));
#996=EDGE_LOOP('',(#3119));
#997=B_SPLINE_CURVE_WITH_KNOTS('',3,(#4446,#4447,#4448,#4449,#4450,#4451),
 .UNSPECIFIED.,.F.,.F.,(4,1,1,4),(-0.014334739747894,-0.00614345989195459,
-0.00409563992796972,0.),.UNSPECIFIED.);
#998=B_SPLINE_CURVE_WITH_KNOTS('',3,(#4454,#4455,#4456,#4457,#4458,#4459),
 .UNSPECIFIED.,.F.,.F.,(4,1,1,4),(0.,0.00409563992796972,0.00614345989195459,
0.014334739747894),.UNSPECIFIED.);
#999=B_SPLINE_CURVE_WITH_KNOTS('',3,(#4477,#4478,#4479,#4480),
 .UNSPECIFIED.,.F.,.F.,(4,4),(-0.110664172924841,0.),.UNSPECIFIED.);
#1000=B_SPLINE_CURVE_WITH_KNOTS('',3,(#4483,#4484,#4485,#4486),
 .UNSPECIFIED.,.F.,.F.,(4,4),(0.,0.110664172924841),.UNSPECIFIED.);
#1001=B_SPLINE_CURVE_WITH_KNOTS('',3,(#4533,#4534,#4535,#4536,#4537,#4538,
#4539,#4540,#4541),.UNSPECIFIED.,.F.,.F.,(4,1,1,1,1,1,4),(-1.53877487737593,
-1.31894989489366,-1.09912491241138,-0.879299929929105,-0.659474947446828,
-0.219824982482276,0.),.UNSPECIFIED.);
#1002=B_SPLINE_CURVE_WITH_KNOTS('',3,(#4544,#4545,#4546,#4547,#4548,#4549,
#4550,#4551,#4552),.UNSPECIFIED.,.F.,.F.,(4,1,1,1,1,1,4),(0.,0.219824982482276,
0.659474947446828,0.879299929929105,1.09912491241138,1.31894989489366,1.53877487737593),
 .UNSPECIFIED.);
#1003=B_SPLINE_CURVE_WITH_KNOTS('',3,(#4574,#4575,#4576,#4577,#4578,#4579,
#4580,#4581,#4582,#4583,#4584,#4585,#4586,#4587),.UNSPECIFIED.,.F.,.F.,
(4,2,2,2,2,2,4),(1.09118285674547,1.1028009917737,1.1176724871873,1.14369175040995,
1.19499592947152,1.29119381798639,1.32188285269861),.UNSPECIFIED.);
#1004=B_SPLINE_CURVE_WITH_KNOTS('',3,(#4618,#4619,#4620,#4621,#4622),
 .UNSPECIFIED.,.F.,.F.,(4,1,4),(-0.129236106078031,-0.0738492034731607,
0.),.UNSPECIFIED.);
#1005=B_SPLINE_CURVE_WITH_KNOTS('',3,(#4641,#4642,#4643,#4644,#4645,#4646,
#4647,#4648,#4649,#4650,#4651,#4652,#4653,#4654,#4655,#4656,#4657,#4658,
#4659,#4660,#4661,#4662),.UNSPECIFIED.,.F.,.F.,(4,3,3,3,3,3,3,4),(0.,0.0118529086135979,
0.0176351099051053,0.0292735268329782,0.0346811953385374,0.0449659825011036,
0.0514064033653375,0.0515739258256385),.UNSPECIFIED.);
#1006=B_SPLINE_CURVE_WITH_KNOTS('',3,(#4663,#4664,#4665,#4666),
 .UNSPECIFIED.,.F.,.F.,(4,4),(0.51787950331412,0.529168787161953),
 .UNSPECIFIED.);
#1007=B_SPLINE_CURVE_WITH_KNOTS('',3,(#4677,#4678,#4679,#4680,#4681,#4682),
 .UNSPECIFIED.,.F.,.F.,(4,2,4),(-0.202233161529724,-0.149181066326962,-0.0751162420217968),
 .UNSPECIFIED.);
#1008=B_SPLINE_CURVE_WITH_KNOTS('',3,(#4684,#4685,#4686,#4687,#4688,#4689,
#4690,#4691,#4692,#4693,#4694,#4695,#4696,#4697,#4698,#4699,#4700),
 .UNSPECIFIED.,.F.,.F.,(4,2,2,3,2,2,2,4),(-0.0751162420217968,-0.0510149001470834,
-0.0255074500735417,0.,0.0179130356194527,0.0358260712389054,0.0944267843001026,
0.167986990994178),.UNSPECIFIED.);
#1009=B_SPLINE_CURVE_WITH_KNOTS('',3,(#4724,#4725,#4726,#4727,#4728,#4729,
#4730,#4731,#4732,#4733,#4734,#4735,#4736,#4737,#4738,#4739,#4740,#4741,
#4742,#4743,#4744,#4745,#4746,#4747,#4748,#4749),.UNSPECIFIED.,.F.,.F.,
(4,2,2,2,2,2,2,2,2,2,2,2,4),(0.134114147773245,0.158980404535915,0.22342019295407,
0.288114874324755,0.35280955569544,0.404772706463094,0.456735857230749,
0.506866729795879,0.556997602361009,0.614101401487196,0.671205200613384,
0.741586678500058,0.766950940129533),.UNSPECIFIED.);
#1010=B_SPLINE_CURVE_WITH_KNOTS('',3,(#4752,#4753,#4754,#4755,#4756,#4757,
#4758,#4759,#4760,#4761,#4762,#4763,#4764,#4765,#4766,#4767,#4768,#4769,
#4770,#4771,#4772,#4773,#4774,#4775,#4776,#4777,#4778,#4779,#4780,#4781,
#4782,#4783),.UNSPECIFIED.,.F.,.F.,(4,2,2,2,2,2,2,2,2,2,2,2,2,2,2,4),(0.,
0.0497479351743088,0.0994958703486176,0.148697376276612,0.197898882204607,
0.247864047824723,0.29782921344484,0.348475631673305,0.39912204990177,0.449921608263557,
0.500721166625345,0.54941127725152,0.598101387877696,0.648502377727544,
0.698903367577392,0.743718620890278),.UNSPECIFIED.);
#1011=B_SPLINE_CURVE_WITH_KNOTS('',3,(#4784,#4785,#4786,#4787,#4788,#4789),
 .UNSPECIFIED.,.F.,.F.,(4,2,4),(0.743718620890278,0.750932648620664,0.802961929663937),
 .UNSPECIFIED.);
#1012=B_SPLINE_CURVE_WITH_KNOTS('',3,(#4917,#4918,#4919,#4920,#4921,#4922,
#4923,#4924,#4925,#4926,#4927,#4928,#4929,#4930,#4931,#4932,#4933,#4934,
#4935),.UNSPECIFIED.,.F.,.F.,(4,3,3,3,3,3,4),(-0.127370060766589,-0.118969246000388,
-0.0879540609427968,-0.0741249328074814,-0.0448808298120387,-0.0176528332872995,
0.),.UNSPECIFIED.);
#1013=B_SPLINE_CURVE_WITH_KNOTS('',3,(#4939,#4940,#4941,#4942),
 .UNSPECIFIED.,.F.,.F.,(4,4),(0.,0.055777194794273),.UNSPECIFIED.);
#1014=B_SPLINE_CURVE_WITH_KNOTS('',3,(#4943,#4944,#4945,#4946,#4947,#4948,
#4949,#4950,#4951,#4952,#4953,#4954,#4955,#4956,#4957,#4958,#4959,#4960),
 .UNSPECIFIED.,.F.,.F.,(4,2,2,2,2,2,2,2,4),(0.0319468722616228,0.0699773143532097,
0.219133390152738,0.330063498630839,0.422018498501677,0.518652117465235,
0.651525708800305,0.777261463758158,0.902708162572711),.UNSPECIFIED.);
#1015=B_SPLINE_CURVE_WITH_KNOTS('',3,(#4982,#4983,#4984,#4985),
 .UNSPECIFIED.,.F.,.F.,(4,4),(0.310175407522957,0.652050448431106),
 .UNSPECIFIED.);
#1016=B_SPLINE_CURVE_WITH_KNOTS('',3,(#5015,#5016,#5017,#5018,#5019,#5020,
#5021,#5022,#5023,#5024,#5025,#5026,#5027,#5028,#5029,#5030,#5031,#5032,
#5033),.UNSPECIFIED.,.F.,.F.,(4,3,3,3,3,3,4),(0.,0.0132739878812489,0.026694546779206,
0.029291748836491,0.0427165886052477,0.0559460458422437,0.05846507160166),
 .UNSPECIFIED.);
#1017=B_SPLINE_CURVE_WITH_KNOTS('',3,(#5034,#5035,#5036,#5037,#5038,#5039),
 .UNSPECIFIED.,.F.,.F.,(4,1,1,4),(5.92697568033191E-17,0.706132054831847,
1.41226410966369,2.47146219191146),.UNSPECIFIED.);
#1018=B_SPLINE_CURVE_WITH_KNOTS('',3,(#5040,#5041,#5042,#5043,#5044,#5045),
 .UNSPECIFIED.,.F.,.F.,(4,1,1,4),(-2.47146219191146,-1.41226410966369,-0.706132054831847,
-0.00569041995767054),.UNSPECIFIED.);
#1019=B_SPLINE_CURVE_WITH_KNOTS('',3,(#5084,#5085,#5086,#5087,#5088,#5089),
 .UNSPECIFIED.,.F.,.F.,(4,2,4),(0.11681415976438,1.4529032673557,3.3688467181389),
 .UNSPECIFIED.);
#1020=B_SPLINE_CURVE_WITH_KNOTS('',3,(#5091,#5092,#5093,#5094,#5095,#5096,
#5097,#5098,#5099,#5100,#5101,#5102,#5103,#5104,#5105,#5106,#5107,#5108,
#5109,#5110,#5111,#5112,#5113,#5114,#5115,#5116,#5117,#5118),
 .UNSPECIFIED.,.F.,.F.,(4,3,3,3,3,3,3,3,3,4),(0.218786296375136,0.329306304979839,
0.4408773798827,0.553303400936426,0.597540999632115,0.710465676481166,0.824751449634771,
0.856009730746782,0.968615173786536,1.00852286236808),.UNSPECIFIED.);
#1021=B_SPLINE_CURVE_WITH_KNOTS('',3,(#5119,#5120,#5121,#5122,#5123,#5124,
#5125),.UNSPECIFIED.,.F.,.F.,(4,3,4),(0.,0.226419601766161,0.323023633378423),
 .UNSPECIFIED.);
#1022=B_SPLINE_CURVE_WITH_KNOTS('',3,(#5127,#5128,#5129,#5130),
 .UNSPECIFIED.,.F.,.F.,(4,4),(0.922057272438103,0.960986602392043),
 .UNSPECIFIED.);
#1023=B_SPLINE_CURVE_WITH_KNOTS('',3,(#5131,#5132,#5133,#5134,#5135,#5136,
#5137,#5138,#5139,#5140,#5141,#5142,#5143),.UNSPECIFIED.,.F.,.F.,(4,3,3,
3,4),(0.785576362939742,0.832655265238422,0.836520237439583,0.884918990856822,
0.922057272438103),.UNSPECIFIED.);
#1024=B_SPLINE_CURVE_WITH_KNOTS('',3,(#5226,#5227,#5228,#5229,#5230,#5231,
#5232,#5233,#5234,#5235,#5236,#5237,#5238,#5239,#5240,#5241,#5242,#5243,
#5244,#5245,#5246,#5247,#5248,#5249,#5250,#5251,#5252,#5253,#5254,#5255,
#5256,#5257,#5258,#5259,#5260,#5261,#5262,#5263,#5264,#5265,#5266,#5267,
#5268),.UNSPECIFIED.,.F.,.F.,(4,3,3,3,3,3,3,3,3,3,3,3,3,3,4),(0.00393613975261833,
0.0361613705205343,0.0680089649557303,0.0844513251394152,0.110579636311571,
0.133465404549836,0.154422497286943,0.156836222615337,0.167378425924543,
0.172402997857568,0.174869588841163,0.176100236594889,0.176719598613459,
0.177240521710008,0.177338341112255),.UNSPECIFIED.);
#1025=B_SPLINE_CURVE_WITH_KNOTS('',3,(#5270,#5271,#5272,#5273,#5274,#5275,
#5276),.UNSPECIFIED.,.F.,.F.,(4,3,4),(-1.34163496613439,-0.676881869098018,
-0.0437209832599463),.UNSPECIFIED.);
#1026=B_SPLINE_CURVE_WITH_KNOTS('',3,(#5278,#5279,#5280,#5281,#5282,#5283,
#5284,#5285,#5286,#5287,#5288,#5289,#5290,#5291,#5292,#5293,#5294,#5295,
#5296,#5297,#5298,#5299,#5300,#5301,#5302,#5303,#5304,#5305,#5306,#5307,
#5308,#5309,#5310,#5311,#5312,#5313,#5314,#5315,#5316,#5317,#5318,#5319,
#5320,#5321,#5322,#5323,#5324,#5325,#5326,#5327,#5328,#5329),
 .UNSPECIFIED.,.F.,.F.,(4,3,3,3,3,3,3,3,3,3,3,3,3,3,3,3,3,4),(0.,0.0434426057496655,
0.0877793528119537,0.132266967825573,0.176416424234197,0.201082074115942,
0.245783743783441,0.290386407233432,0.334316870211263,0.350114209496172,
0.394577611619539,0.397479671539886,0.441831868428502,0.486397929465723,
0.506849576288371,0.551485518609856,0.596009554320924,0.601836783840564),
 .UNSPECIFIED.);
#1027=B_SPLINE_CURVE_WITH_KNOTS('',3,(#5331,#5332,#5333,#5334,#5335,#5336,
#5337,#5338),.UNSPECIFIED.,.F.,.F.,(4,2,2,4),(0.,0.0113958374230835,0.0557737072784724,
0.179606758600822),.UNSPECIFIED.);
#1028=B_SPLINE_CURVE_WITH_KNOTS('',3,(#5340,#5341,#5342,#5343,#5344,#5345,
#5346,#5347),.UNSPECIFIED.,.F.,.F.,(4,1,1,1,1,4),(-2.31669488589584,-2.21451249092711,
-1.80148134980556,-1.59496577924479,-1.4917079939644,-1.47235932593857),
 .UNSPECIFIED.);
#1029=B_SPLINE_CURVE_WITH_KNOTS('',3,(#5348,#5349,#5350,#5351),
 .UNSPECIFIED.,.F.,.F.,(4,4),(0.,0.00396738284079243),.UNSPECIFIED.);
#1030=B_SPLINE_CURVE_WITH_KNOTS('',3,(#5384,#5385,#5386,#5387),
 .UNSPECIFIED.,.F.,.F.,(4,4),(0.,0.384639050419599),.UNSPECIFIED.);
#1031=B_SPLINE_CURVE_WITH_KNOTS('',3,(#5409,#5410,#5411,#5412,#5413,#5414,
#5415,#5416,#5417,#5418,#5419,#5420,#5421),.UNSPECIFIED.,.F.,.F.,(4,3,3,
3,4),(-0.71343919616905,-0.421234458475519,-0.354864994810907,-0.128100550503103,
-0.0346807707706314),.UNSPECIFIED.);
#1032=B_SPLINE_CURVE_WITH_KNOTS('',3,(#5440,#5441,#5442,#5443,#5444,#5445,
#5446,#5447),.UNSPECIFIED.,.F.,.F.,(4,2,2,4),(0.535386608729727,0.978348076695479,
1.3289283634566,1.8576699932712),.UNSPECIFIED.);
#1033=B_SPLINE_CURVE_WITH_KNOTS('',3,(#5449,#5450,#5451,#5452,#5453,#5454,
#5455,#5456,#5457,#5458,#5459,#5460,#5461,#5462,#5463,#5464,#5465,#5466,
#5467,#5468,#5469,#5470,#5471,#5472,#5473,#5474,#5475,#5476),
 .UNSPECIFIED.,.F.,.F.,(4,3,3,3,3,3,3,3,3,4),(0.,0.0934587253657659,0.190009780437096,
0.28831840545165,0.388819619994802,0.406349236481973,0.511784917694268,
0.617459893000099,0.722415630248697,0.772409081121383),.UNSPECIFIED.);
#1034=B_SPLINE_CURVE_WITH_KNOTS('',3,(#5479,#5480,#5481,#5482,#5483,#5484,
#5485,#5486),.UNSPECIFIED.,.F.,.F.,(4,2,2,4),(0.0638618817030722,0.33058757848046,
0.579931200666571,0.61812299413512),.UNSPECIFIED.);
#1035=B_SPLINE_CURVE_WITH_KNOTS('',1,(#5507,#5508),.UNSPECIFIED.,.F.,.F.,
(2,2),(0.,1.59214857567664),.UNSPECIFIED.);
#1036=B_SPLINE_CURVE_WITH_KNOTS('',3,(#5515,#5516,#5517,#5518,#5519,#5520,
#5521,#5522,#5523,#5524),.UNSPECIFIED.,.F.,.F.,(4,2,2,2,4),(0.623652100859991,
0.639068912028119,0.68842489096589,0.737537069202717,0.786649247439544),
 .UNSPECIFIED.);
#1037=B_SPLINE_CURVE_WITH_KNOTS('',3,(#5525,#5526,#5527,#5528,#5529,#5530,
#5531,#5532,#5533,#5534,#5535,#5536,#5537,#5538,#5539,#5540,#5541,#5542,
#5543,#5544,#5545,#5546,#5547,#5548,#5549,#5550,#5551,#5552),
 .UNSPECIFIED.,.F.,.F.,(4,2,2,2,2,2,2,2,2,2,2,2,2,4),(0.,0.0489726683537804,
0.0979453367075608,0.147440746232401,0.196936155757241,0.246183108694434,
0.295430061631627,0.344377301643113,0.393324541654598,0.442327536227623,
0.491330530800648,0.540521731945498,0.589712933090348,0.623652100859991),
 .UNSPECIFIED.);
#1038=B_SPLINE_CURVE_WITH_KNOTS('',3,(#5559,#5560,#5561,#5562,#5563,#5564,
#5565,#5566,#5567,#5568,#5569,#5570),.UNSPECIFIED.,.F.,.F.,(4,2,2,2,2,4),
(0.202660692042758,0.227219463760843,0.341470010835454,0.455720557910064,
0.569088867079551,0.64885458731594),.UNSPECIFIED.);
#1039=B_SPLINE_CURVE_WITH_KNOTS('',3,(#5582,#5583,#5584,#5585,#5586,#5587,
#5588,#5589,#5590,#5591),.UNSPECIFIED.,.F.,.F.,(4,2,2,2,4),(1.14078101578057,
1.24789423721348,1.36126715541848,1.47596980646293,1.5834597410202),
 .UNSPECIFIED.);
#1040=B_SPLINE_CURVE_WITH_KNOTS('',3,(#5802,#5803,#5804,#5805),
 .UNSPECIFIED.,.F.,.F.,(4,4),(-3.62379440317615,-2.49070674381354),
 .UNSPECIFIED.);
#1041=B_SPLINE_CURVE_WITH_KNOTS('',3,(#5808,#5809,#5810,#5811),
 .UNSPECIFIED.,.F.,.F.,(4,4),(0.,0.7030053733622),.UNSPECIFIED.);
#1042=B_SPLINE_CURVE_WITH_KNOTS('',3,(#5836,#5837,#5838,#5839,#5840,#5841),
 .UNSPECIFIED.,.F.,.F.,(4,2,4),(0.384639050419599,0.506107192671314,1.),
 .UNSPECIFIED.);
#1043=B_SPLINE_CURVE_WITH_KNOTS('',3,(#5875,#5876,#5877,#5878),
 .UNSPECIFIED.,.F.,.F.,(4,4),(0.181207687516783,0.205533270749858),
 .UNSPECIFIED.);
#1044=B_SPLINE_CURVE_WITH_KNOTS('',3,(#5880,#5881,#5882,#5883,#5884,#5885,
#5886,#5887,#5888,#5889),.UNSPECIFIED.,.F.,.F.,(4,3,3,4),(-0.687260808755607,
-0.632615114153115,-0.256144490473639,-2.86298203594493E-6),
 .UNSPECIFIED.);
#1045=B_SPLINE_CURVE_WITH_KNOTS('',3,(#5890,#5891,#5892,#5893),
 .UNSPECIFIED.,.F.,.F.,(4,4),(0.,1.26952154492835),.UNSPECIFIED.);
#1046=B_SPLINE_CURVE_WITH_KNOTS('',3,(#5938,#5939,#5940,#5941),
 .UNSPECIFIED.,.F.,.F.,(4,4),(-0.838432636317424,0.),.UNSPECIFIED.);
#1047=B_SPLINE_CURVE_WITH_KNOTS('',3,(#5949,#5950,#5951,#5952),
 .UNSPECIFIED.,.F.,.F.,(4,4),(-1.81902141761287,-1.53930401649661),
 .UNSPECIFIED.);
#1048=B_SPLINE_CURVE_WITH_KNOTS('',3,(#5986,#5987,#5988,#5989,#5990,#5991),
 .UNSPECIFIED.,.F.,.F.,(4,2,4),(-0.142952418780827,-0.0642769499105714,
0.),.UNSPECIFIED.);
#1049=B_SPLINE_CURVE_WITH_KNOTS('',3,(#5993,#5994,#5995,#5996,#5997,#5998,
#5999,#6000,#6001,#6002),.UNSPECIFIED.,.F.,.F.,(4,2,2,2,4),(-1.83990420847798,
-1.70187079608994,-1.54820021316125,-1.15050907609625,-0.217047140691213),
 .UNSPECIFIED.);
#1050=B_SPLINE_CURVE_WITH_KNOTS('',3,(#6008,#6009,#6010,#6011,#6012,#6013),
 .UNSPECIFIED.,.F.,.F.,(4,2,4),(-0.39499603329875,-0.180288511843684,0.),
 .UNSPECIFIED.);
#1051=B_SPLINE_CURVE_WITH_KNOTS('',3,(#6015,#6016,#6017,#6018,#6019,#6020,
#6021,#6022),.UNSPECIFIED.,.F.,.F.,(4,2,2,4),(-1.76506405278845,-1.21449437387269,
-0.666417952710036,-0.522114810618102),.UNSPECIFIED.);
#1052=B_SPLINE_CURVE_WITH_KNOTS('',3,(#6075,#6076,#6077,#6078,#6079,#6080),
 .UNSPECIFIED.,.F.,.F.,(4,1,1,4),(-0.578203662483343,-0.489543515128274,
-0.293726109076964,-0.199202802194611),.UNSPECIFIED.);
#1053=B_SPLINE_CURVE_WITH_KNOTS('',3,(#6082,#6083,#6084,#6085,#6086,#6087,
#6088,#6089,#6090,#6091),.UNSPECIFIED.,.F.,.F.,(4,2,2,2,4),(-0.00130511265494026,
0.,0.0801929906961491,0.143279215167459,0.198050252286591),
 .UNSPECIFIED.);
#1054=B_SPLINE_CURVE_WITH_KNOTS('',3,(#6092,#6093,#6094,#6095,#6096,#6097,
#6098),.UNSPECIFIED.,.F.,.F.,(4,1,1,1,4),(-7.40267286322316E-16,0.195817406051309,
0.293726109076964,0.489543515128274,0.685360921179584),.UNSPECIFIED.);
#1055=B_SPLINE_CURVE_WITH_KNOTS('',3,(#6105,#6106,#6107,#6108,#6109,#6110,
#6111),.UNSPECIFIED.,.F.,.F.,(4,1,1,1,4),(-1.32184036646812,-1.2274744013225,
-1.13310843617687,-1.03874247103125,-0.984584700312162),.UNSPECIFIED.);
#1056=B_SPLINE_CURVE_WITH_KNOTS('',3,(#6113,#6114,#6115,#6116,#6117,#6118),
 .UNSPECIFIED.,.F.,.F.,(4,2,4),(-1.83295770605871,-1.83203395279079,-1.45082557552105),
 .UNSPECIFIED.);
#1057=B_SPLINE_CURVE_WITH_KNOTS('',3,(#6124,#6125,#6126,#6127,#6128,#6129,
#6130,#6131),.UNSPECIFIED.,.F.,.F.,(4,2,2,4),(-0.325155697470689,-0.288194437835571,
-0.101337156062872,0.),.UNSPECIFIED.);
#1058=B_SPLINE_CURVE_WITH_KNOTS('',3,(#6133,#6134,#6135,#6136),
 .UNSPECIFIED.,.F.,.F.,(4,4),(8.94174819006861,9.04299537194877),
 .UNSPECIFIED.);
#1059=B_SPLINE_CURVE_WITH_KNOTS('',3,(#6138,#6139,#6140,#6141,#6142,#6143),
 .UNSPECIFIED.,.F.,.F.,(4,1,1,4),(8.14337735861899,8.47483532026678,8.6470467342984,
8.94174819006861),.UNSPECIFIED.);
#1060=B_SPLINE_CURVE_WITH_KNOTS('',3,(#6147,#6148,#6149,#6150),
 .UNSPECIFIED.,.F.,.F.,(4,4),(-8.37329742861134,-8.14270196321416),
 .UNSPECIFIED.);
#1061=B_SPLINE_CURVE_WITH_KNOTS('',3,(#6154,#6155,#6156,#6157),
 .UNSPECIFIED.,.F.,.F.,(4,4),(0.495275953086587,0.670221386568349),
 .UNSPECIFIED.);
#1062=B_SPLINE_CURVE_WITH_KNOTS('',3,(#6163,#6164,#6165,#6166,#6167,#6168,
#6169,#6170,#6171,#6172,#6173,#6174,#6175,#6176,#6177,#6178),
 .UNSPECIFIED.,.F.,.F.,(4,2,2,2,2,2,2,4),(2.48044582163118,2.49354304021363,
2.53352316591996,2.56772508927281,2.59959365122614,2.63213997355542,2.70982598923947,
2.84401254259717),.UNSPECIFIED.);
#1063=B_SPLINE_CURVE_WITH_KNOTS('',3,(#6184,#6185,#6186,#6187),
 .UNSPECIFIED.,.F.,.F.,(4,4),(1.23955146953461,1.26445880417462),
 .UNSPECIFIED.);
#1064=B_SPLINE_CURVE_WITH_KNOTS('',3,(#6188,#6189,#6190,#6191,#6192,#6193),
 .UNSPECIFIED.,.F.,.F.,(4,2,4),(0.,0.103059630005913,0.130663460439243),
 .UNSPECIFIED.);
#1065=B_SPLINE_CURVE_WITH_KNOTS('',3,(#6196,#6197,#6198,#6199,#6200,#6201,
#6202,#6203,#6204,#6205,#6206,#6207,#6208),.UNSPECIFIED.,.F.,.F.,(4,3,2,
2,2,4),(10.6887152557796,10.9486371473524,11.2454535523287,11.5422699573049,
12.1359027672575,12.1524148672996),.UNSPECIFIED.);
#1066=B_SPLINE_CURVE_WITH_KNOTS('',3,(#6212,#6213,#6214,#6215,#6216,#6217),
 .UNSPECIFIED.,.F.,.F.,(4,2,4),(-0.262705652438493,-0.0994288858827765,
0.),.UNSPECIFIED.);
#1067=B_SPLINE_CURVE_WITH_KNOTS('',3,(#6219,#6220,#6221,#6222),
 .UNSPECIFIED.,.F.,.F.,(4,4),(1.89666307343916,1.96779646160987),
 .UNSPECIFIED.);
#1068=B_SPLINE_CURVE_WITH_KNOTS('',3,(#6224,#6225,#6226,#6227),
 .UNSPECIFIED.,.F.,.F.,(4,4),(1.09672571940478,1.89666307343916),
 .UNSPECIFIED.);
#1069=B_SPLINE_CURVE_WITH_KNOTS('',3,(#6233,#6234,#6235,#6236,#6237),
 .UNSPECIFIED.,.F.,.F.,(4,1,4),(-5.98727753914548,-5.5865975048517,-5.32070329742561),
 .UNSPECIFIED.);
#1070=B_SPLINE_CURVE_WITH_KNOTS('',3,(#6239,#6240,#6241,#6242,#6243,#6244),
 .UNSPECIFIED.,.F.,.F.,(4,2,4),(-0.424493969678242,0.,0.0024032525192366),
 .UNSPECIFIED.);
#1071=B_SPLINE_CURVE_WITH_KNOTS('',3,(#6256,#6257,#6258,#6259,#6260,#6261,
#6262,#6263),.UNSPECIFIED.,.F.,.F.,(4,2,2,4),(-0.150966707546225,-0.114052617056335,
-0.0726506434539488,0.),.UNSPECIFIED.);
#1072=B_SPLINE_CURVE_WITH_KNOTS('',3,(#6264,#6265,#6266,#6267,#6268,#6269,
#6270,#6271),.UNSPECIFIED.,.F.,.F.,(4,2,2,4),(-0.831466478047052,-0.76326960931964,
-0.688915658720116,-0.64069435746374),.UNSPECIFIED.);
#1073=B_SPLINE_CURVE_WITH_KNOTS('',3,(#6290,#6291,#6292,#6293),
 .UNSPECIFIED.,.F.,.F.,(4,4),(-7.65436898689246,-6.71400642908363),
 .UNSPECIFIED.);
#1074=B_SPLINE_CURVE_WITH_KNOTS('',3,(#6301,#6302,#6303,#6304),
 .UNSPECIFIED.,.F.,.F.,(4,4),(1.13583520390447E-14,0.117189221151223),
 .UNSPECIFIED.);
#1075=B_SPLINE_CURVE_WITH_KNOTS('',3,(#6316,#6317,#6318,#6319,#6320,#6321,
#6322,#6323,#6324,#6325),.UNSPECIFIED.,.F.,.F.,(4,1,1,1,1,1,1,4),(-2.11751448553046,
-1.81501241616897,-1.51251034680747,-0.907506208084484,-0.60500413872299,
-0.302502069361496,-0.151251034680749,-1.66604087089865E-15),
 .UNSPECIFIED.);
#1076=B_SPLINE_CURVE_WITH_KNOTS('',3,(#6329,#6330,#6331,#6332,#6333,#6334,
#6335,#6336),.UNSPECIFIED.,.F.,.F.,(4,1,1,1,1,4),(-1.97390621743538,-1.40993301245384,
-1.12794640996307,-0.563973204981538,-0.28198660249077,-2.33789055232862E-15),
 .UNSPECIFIED.);
#1077=B_SPLINE_CURVE_WITH_KNOTS('',3,(#6367,#6368,#6369,#6370,#6371,#6372,
#6373),.UNSPECIFIED.,.F.,.F.,(4,1,1,1,4),(-1.13618595617326,-0.88471115288617,
-0.633236349599074,-0.507498947955527,-0.337672135358855),.UNSPECIFIED.);
#1078=B_SPLINE_CURVE_WITH_KNOTS('',3,(#6375,#6376,#6377,#6378),
 .UNSPECIFIED.,.F.,.F.,(4,4),(-0.124688882914407,-7.69013564539603E-15),
 .UNSPECIFIED.);
#1079=B_SPLINE_CURVE_WITH_KNOTS('',3,(#6379,#6380,#6381,#6382,#6383,#6384,
#6385,#6386,#6387,#6388),.UNSPECIFIED.,.F.,.F.,(4,2,2,2,4),(0.197323282858616,
0.314908997030231,0.380616534728059,0.411291597602335,0.441398877077423),
 .UNSPECIFIED.);
#1080=B_SPLINE_CURVE_WITH_KNOTS('',3,(#6402,#6403,#6404,#6405),
 .UNSPECIFIED.,.F.,.F.,(4,4),(0.,0.623685516991483),.UNSPECIFIED.);
#1081=B_SPLINE_CURVE_WITH_KNOTS('',3,(#6456,#6457,#6458,#6459,#6460,#6461,
#6462,#6463,#6464,#6465),.UNSPECIFIED.,.F.,.F.,(4,2,2,2,4),(0.835036755288498,
0.855679303696824,0.998995789689013,1.13901425771998,1.29599449802545),
 .UNSPECIFIED.);
#1082=B_SPLINE_CURVE_WITH_KNOTS('',3,(#6467,#6468,#6469,#6470,#6471,#6472,
#6473,#6474,#6475,#6476),.UNSPECIFIED.,.F.,.F.,(4,2,2,2,4),(0.0111562639867346,
0.140551816936256,0.279945453503165,0.482502832386881,0.66928833857477),
 .UNSPECIFIED.);
#1083=B_SPLINE_CURVE_WITH_KNOTS('',3,(#6477,#6478,#6479,#6480),
 .UNSPECIFIED.,.F.,.F.,(4,4),(-0.690571534050482,-0.390029475674806),
 .UNSPECIFIED.);
#1084=B_SPLINE_CURVE_WITH_KNOTS('',3,(#6517,#6518,#6519,#6520,#6521,#6522,
#6523),.UNSPECIFIED.,.F.,.F.,(4,1,1,1,4),(0.256024144668432,0.507498947955527,
0.633236349599074,0.88471115288617,1.13618595617326),.UNSPECIFIED.);
#1085=B_SPLINE_CURVE_WITH_KNOTS('',3,(#6546,#6547,#6548,#6549,#6550,#6551,
#6552,#6553,#6554,#6555),.UNSPECIFIED.,.F.,.F.,(4,2,2,2,4),(0.,0.0515623718285602,
0.097613742174689,0.119947379051556,0.141696777156704),.UNSPECIFIED.);
#1086=B_SPLINE_CURVE_WITH_KNOTS('',3,(#6556,#6557,#6558,#6559),
 .UNSPECIFIED.,.F.,.F.,(4,4),(7.69013564539603E-15,0.16333428511804),
 .UNSPECIFIED.);
#1087=B_SPLINE_CURVE_WITH_KNOTS('',3,(#6587,#6588,#6589,#6590),
 .UNSPECIFIED.,.F.,.F.,(4,4),(-0.104662291412174,0.),.UNSPECIFIED.);
#1088=B_SPLINE_CURVE_WITH_KNOTS('',3,(#6593,#6594,#6595,#6596),
 .UNSPECIFIED.,.F.,.F.,(4,4),(0.,0.104662291412174),.UNSPECIFIED.);
#1089=B_SPLINE_CURVE_WITH_KNOTS('',3,(#6624,#6625,#6626,#6627),
 .UNSPECIFIED.,.F.,.F.,(4,4),(-1.47473416042496,-1.17048807833199),
 .UNSPECIFIED.);
#1090=B_SPLINE_CURVE_WITH_KNOTS('',3,(#6628,#6629,#6630,#6631),
 .UNSPECIFIED.,.F.,.F.,(4,4),(1.17048807833199,1.47473416042496),
 .UNSPECIFIED.);
#1091=B_SPLINE_CURVE_WITH_KNOTS('',3,(#6654,#6655,#6656,#6657),
 .UNSPECIFIED.,.F.,.F.,(4,4),(-0.0968023960757625,-3.22152966180204E-15),
 .UNSPECIFIED.);
#1092=B_SPLINE_CURVE_WITH_KNOTS('',3,(#6658,#6659,#6660,#6661),
 .UNSPECIFIED.,.F.,.F.,(4,4),(3.22152966180204E-15,0.0968023960757625),
 .UNSPECIFIED.);
#1093=B_SPLINE_CURVE_WITH_KNOTS('',3,(#6681,#6682,#6683,#6684),
 .UNSPECIFIED.,.F.,.F.,(4,4),(8.11197636924583,8.37329742861134),
 .UNSPECIFIED.);
#1094=B_SPLINE_CURVE_WITH_KNOTS('',3,(#6741,#6742,#6743,#6744,#6745,#6746,
#6747,#6748,#6749,#6750),.UNSPECIFIED.,.F.,.F.,(4,1,1,1,1,2,4),(0.,0.03880084703447,
0.0776016940689399,0.15520338813788,0.31040677627576,0.388008470344699,
0.388994006571188),.UNSPECIFIED.);
#1095=B_SPLINE_CURVE_WITH_KNOTS('',3,(#6751,#6752,#6753,#6754,#6755,#6756,
#6757,#6758,#6759,#6760),.UNSPECIFIED.,.F.,.F.,(4,2,1,1,1,1,4),(-0.388994006571188,
-0.388008470344699,-0.31040677627576,-0.15520338813788,-0.0776016940689399,
-0.03880084703447,0.),.UNSPECIFIED.);
#1096=B_SPLINE_CURVE_WITH_KNOTS('',3,(#6788,#6789,#6790,#6791),
 .UNSPECIFIED.,.F.,.F.,(4,4),(-0.024043997283185,0.),.UNSPECIFIED.);
#1097=B_SPLINE_CURVE_WITH_KNOTS('',3,(#6792,#6793,#6794,#6795),
 .UNSPECIFIED.,.F.,.F.,(4,4),(0.,0.024043997283185),.UNSPECIFIED.);
#1098=B_SPLINE_CURVE_WITH_KNOTS('',3,(#6829,#6830,#6831,#6832,#6833),
 .UNSPECIFIED.,.F.,.F.,(4,1,4),(-1.65204713780928,-1.18626331757697,-0.565218223933884),
 .UNSPECIFIED.);
#1099=B_SPLINE_CURVE_WITH_KNOTS('',3,(#6834,#6835,#6836,#6837,#6838),
 .UNSPECIFIED.,.F.,.F.,(4,1,4),(0.565218223933884,1.18626331757697,1.65204713780928),
 .UNSPECIFIED.);
#1100=B_SPLINE_CURVE_WITH_KNOTS('',3,(#6861,#6862,#6863,#6864),
 .UNSPECIFIED.,.F.,.F.,(4,4),(-0.135284385992304,-5.82927721482429E-16),
 .UNSPECIFIED.);
#1101=B_SPLINE_CURVE_WITH_KNOTS('',3,(#6865,#6866,#6867,#6868),
 .UNSPECIFIED.,.F.,.F.,(4,4),(5.82927721482429E-16,0.135284385992304),
 .UNSPECIFIED.);
#1102=B_SPLINE_CURVE_WITH_KNOTS('',3,(#6872,#6873,#6874,#6875),
 .UNSPECIFIED.,.F.,.F.,(4,4),(-1.18700491421894,-0.930379337141527),
 .UNSPECIFIED.);
#1103=B_SPLINE_CURVE_WITH_KNOTS('',3,(#6878,#6879,#6880,#6881,#6882,#6883,
#6884,#6885,#6886,#6887,#6888,#6889,#6890,#6891),.UNSPECIFIED.,.F.,.F.,
(4,2,2,2,2,2,4),(0.,0.100382215280169,0.18970164940127,0.267343950124481,
0.339154960449184,0.381143484026656,0.423646086936983),.UNSPECIFIED.);
#1104=B_SPLINE_CURVE_WITH_KNOTS('',3,(#6913,#6914,#6915,#6916),
 .UNSPECIFIED.,.F.,.F.,(4,4),(1.0742555330642,1.44145784075352),
 .UNSPECIFIED.);
#1105=B_SPLINE_CURVE_WITH_KNOTS('',3,(#6917,#6918,#6919,#6920,#6921,#6922,
#6923,#6924,#6925,#6926,#6927,#6928,#6929,#6930,#6931,#6932,#6933,#6934,
#6935,#6936,#6937,#6938,#6939,#6940,#6941,#6942,#6943,#6944,#6945,#6946,
#6947,#6948,#6949,#6950,#6951,#6952,#6953),.UNSPECIFIED.,.F.,.F.,(4,3,3,
3,3,3,3,3,3,3,3,3,4),(0.,0.0370513780857734,0.0648100791220722,0.102796001903447,
0.141940639450158,0.18286936560948,0.199631796513066,0.24537577570495,0.294097317434976,
0.344706605672524,0.397884474390072,0.419845532452401,0.42111325476596),
 .UNSPECIFIED.);
#1106=B_SPLINE_CURVE_WITH_KNOTS('',3,(#6955,#6956,#6957,#6958,#6959),
 .UNSPECIFIED.,.F.,.F.,(4,1,4),(-1.06065956280241,-0.979827375272211,-0.862812825550998),
 .UNSPECIFIED.);
#1107=B_SPLINE_CURVE_WITH_KNOTS('',3,(#6986,#6987,#6988,#6989,#6990,#6991,
#6992,#6993),.UNSPECIFIED.,.F.,.F.,(4,2,2,4),(-0.576330099793716,-0.575146185175287,
-0.301373887705741,-0.240687575317288),.UNSPECIFIED.);
#1108=B_SPLINE_CURVE_WITH_KNOTS('',3,(#6995,#6996,#6997,#6998,#6999),
 .UNSPECIFIED.,.F.,.F.,(4,1,4),(0.70339366789502,0.979827375272211,1.30783123662942),
 .UNSPECIFIED.);
#1109=B_SPLINE_CURVE_WITH_KNOTS('',3,(#7000,#7001,#7002,#7003,#7004,#7005,
#7006,#7007),.UNSPECIFIED.,.F.,.F.,(4,2,2,4),(0.,0.181444849290754,0.464051459289758,
0.465333826554325),.UNSPECIFIED.);
#1110=B_SPLINE_CURVE_WITH_KNOTS('',3,(#7033,#7034,#7035,#7036,#7037),
 .UNSPECIFIED.,.F.,.F.,(4,1,4),(-1.38521146545451,-0.607845817318096,0.),
 .UNSPECIFIED.);
#1111=B_SPLINE_CURVE_WITH_KNOTS('',3,(#7040,#7041,#7042,#7043,#7044),
 .UNSPECIFIED.,.F.,.F.,(4,1,4),(0.,0.607845817318096,1.179515119964),
 .UNSPECIFIED.);
#1112=B_SPLINE_CURVE_WITH_KNOTS('',3,(#7069,#7070,#7071,#7072),
 .UNSPECIFIED.,.F.,.F.,(4,4),(-0.623685516991483,-0.399644255082292),
 .UNSPECIFIED.);
#1113=B_SPLINE_CURVE_WITH_KNOTS('',3,(#7123,#7124,#7125,#7126,#7127,#7128),
 .UNSPECIFIED.,.F.,.F.,(4,2,4),(-0.108301385265767,0.,0.000907257869188936),
 .UNSPECIFIED.);
#1114=B_SPLINE_CURVE_WITH_KNOTS('',3,(#7130,#7131,#7132,#7133,#7134,#7135,
#7136,#7137),.UNSPECIFIED.,.F.,.F.,(4,1,1,1,1,4),(-0.00830100498025317,
0.128771365327224,0.34276616525177,0.449763565214043,0.556760965176316,
0.663758365138589),.UNSPECIFIED.);
#1115=B_SPLINE_CURVE_WITH_KNOTS('',3,(#7141,#7142,#7143,#7144,#7145,#7146,
#7147,#7148),.UNSPECIFIED.,.F.,.F.,(4,1,1,1,1,4),(-0.663758365138589,-0.556760965176316,
-0.449763565214043,-0.34276616525177,-0.128771365327224,-0.0955634194187555),
 .UNSPECIFIED.);
#1116=B_SPLINE_CURVE_WITH_KNOTS('',3,(#7149,#7150,#7151,#7152,#7153,#7154,
#7155,#7156,#7157,#7158,#7159,#7160),.UNSPECIFIED.,.F.,.F.,(4,2,2,2,2,4),
(0.,0.0391803401582516,0.0908277882663478,0.155005138828223,0.22666928253981,
0.258237199643617),.UNSPECIFIED.);
#1117=B_SPLINE_CURVE_WITH_KNOTS('',3,(#7190,#7191,#7192,#7193,#7194),
 .UNSPECIFIED.,.F.,.F.,(4,1,4),(-0.536710843764061,-0.23001893304174,0.),
 .UNSPECIFIED.);
#1118=B_SPLINE_CURVE_WITH_KNOTS('',3,(#7195,#7196,#7197,#7198,#7199),
 .UNSPECIFIED.,.F.,.F.,(4,1,4),(0.,0.23001893304174,0.536710843764061),
 .UNSPECIFIED.);
#1119=B_SPLINE_CURVE_WITH_KNOTS('',3,(#7223,#7224,#7225,#7226,#7227),
 .UNSPECIFIED.,.F.,.F.,(4,1,4),(-0.521900708244751,-0.223671732104893,0.),
 .UNSPECIFIED.);
#1120=B_SPLINE_CURVE_WITH_KNOTS('',3,(#7228,#7229,#7230,#7231,#7232),
 .UNSPECIFIED.,.F.,.F.,(4,1,4),(0.,0.223671732104893,0.521900708244751),
 .UNSPECIFIED.);
#1121=B_SPLINE_CURVE_WITH_KNOTS('',3,(#7254,#7255,#7256,#7257),
 .UNSPECIFIED.,.F.,.F.,(4,4),(-0.374614796169892,0.),.UNSPECIFIED.);
#1122=B_SPLINE_CURVE_WITH_KNOTS('',3,(#7259,#7260,#7261,#7262),
 .UNSPECIFIED.,.F.,.F.,(4,4),(0.,0.374614796169892),.UNSPECIFIED.);
#1123=B_SPLINE_CURVE_WITH_KNOTS('',3,(#7283,#7284,#7285,#7286),
 .UNSPECIFIED.,.F.,.F.,(4,4),(0.387437268557733,0.690571534050482),
 .UNSPECIFIED.);
#1124=B_SPLINE_CURVE_WITH_KNOTS('',3,(#7306,#7307,#7308,#7309,#7310,#7311,
#7312),.UNSPECIFIED.,.F.,.F.,(4,1,1,1,4),(-3.54514648111314,-2.65372963894462,
-1.76159055236085,-1.31552100906896,-0.885780860800645),.UNSPECIFIED.);
#1125=B_SPLINE_CURVE_WITH_KNOTS('',3,(#7314,#7315,#7316,#7317,#7318,#7319),
 .UNSPECIFIED.,.F.,.F.,(4,1,1,4),(-3.08065266086913,-2.46891292751704,-1.85717319383664,
-1.27397313218039),.UNSPECIFIED.);
#1126=B_SPLINE_CURVE_WITH_KNOTS('',3,(#7354,#7355,#7356,#7357,#7358),
 .UNSPECIFIED.,.F.,.F.,(4,1,4),(-1.70208778679097,-1.56939486714021,-1.24223776084448),
 .UNSPECIFIED.);
#1127=B_SPLINE_CURVE_WITH_KNOTS('',3,(#7360,#7361,#7362,#7363,#7364,#7365,
#7366,#7367,#7368,#7369),.UNSPECIFIED.,.F.,.F.,(4,2,2,2,4),(0.,0.137870843726791,
0.304755075148971,0.439688240323289,0.580375975136056),.UNSPECIFIED.);
#1128=B_SPLINE_CURVE_WITH_KNOTS('',3,(#7371,#7372,#7373,#7374,#7375),
 .UNSPECIFIED.,.F.,.F.,(4,1,4),(1.13880030480325,1.56939486714021,1.86351714163004),
 .UNSPECIFIED.);
#1129=B_SPLINE_CURVE_WITH_KNOTS('',3,(#7376,#7377,#7378,#7379,#7380,#7381),
 .UNSPECIFIED.,.F.,.F.,(4,2,4),(-0.000869082513480575,0.,0.16256481603304),
 .UNSPECIFIED.);
#1130=B_SPLINE_CURVE_WITH_KNOTS('',3,(#7412,#7413,#7414,#7415,#7416),
 .UNSPECIFIED.,.F.,.F.,(4,1,4),(-4.85480677209889,-3.06783633363508,-1.66507063276396),
 .UNSPECIFIED.);
#1131=B_SPLINE_CURVE_WITH_KNOTS('',3,(#7420,#7421,#7422,#7423,#7424),
 .UNSPECIFIED.,.F.,.F.,(4,1,4),(1.66507063248525,3.06783633363508,4.26691711933268),
 .UNSPECIFIED.);
#1132=B_SPLINE_CURVE_WITH_KNOTS('',3,(#7425,#7426,#7427,#7428,#7429,#7430,
#7431,#7432),.UNSPECIFIED.,.F.,.F.,(4,2,2,4),(0.193183288168358,0.239199652482931,
0.676974289907782,0.679903003841548),.UNSPECIFIED.);
#1133=B_SPLINE_CURVE_WITH_KNOTS('',3,(#7457,#7458,#7459,#7460,#7461),
 .UNSPECIFIED.,.F.,.F.,(4,1,4),(2.7097091171075,2.75076862000339,2.78156324717531),
 .UNSPECIFIED.);
#1134=B_SPLINE_CURVE_WITH_KNOTS('',3,(#7484,#7485,#7486,#7487),
 .UNSPECIFIED.,.F.,.F.,(4,4),(-0.109052450127819,0.),.UNSPECIFIED.);
#1135=B_SPLINE_CURVE_WITH_KNOTS('',3,(#7488,#7489,#7490,#7491,#7492,#7493,
#7494,#7495),.UNSPECIFIED.,.F.,.F.,(4,2,2,4),(0.109052450127819,0.113133991996017,
0.22260800556333,0.223052894243947),.UNSPECIFIED.);
#1136=B_SPLINE_CURVE_WITH_KNOTS('',3,(#7496,#7497,#7498,#7499,#7500),
 .UNSPECIFIED.,.F.,.F.,(4,1,4),(0.0718541300678113,0.0901350086241061,0.114509513365832),
 .UNSPECIFIED.);
#1137=B_SPLINE_CURVE_WITH_KNOTS('',3,(#7503,#7504,#7505,#7506,#7507,#7508),
 .UNSPECIFIED.,.F.,.F.,(4,2,4),(0.,0.581341598514394,0.590305324612168),
 .UNSPECIFIED.);
#1138=B_SPLINE_CURVE_WITH_KNOTS('',3,(#7550,#7551,#7552,#7553,#7554,#7555,
#7556),.UNSPECIFIED.,.F.,.F.,(4,1,1,1,4),(1.42422056625442,1.76159055236085,
2.65372963894462,3.5458687255284,3.90979797211997),.UNSPECIFIED.);
#1139=B_SPLINE_CURVE_WITH_KNOTS('',3,(#7558,#7559,#7560,#7561,#7562,#7563,
#7564,#7565,#7566,#7567,#7568,#7569,#7570),.UNSPECIFIED.,.F.,.F.,(4,3,3,
3,4),(-0.000989484236036632,0.,0.0429541162455599,0.0862439202127985,0.0953652712315784),
 .UNSPECIFIED.);
#1140=B_SPLINE_CURVE_WITH_KNOTS('',3,(#7572,#7573,#7574,#7575,#7576,#7577),
 .UNSPECIFIED.,.F.,.F.,(4,2,4),(0.0977526862897974,0.129895693838506,0.267583520998258),
 .UNSPECIFIED.);
#1141=B_SPLINE_CURVE_WITH_KNOTS('',3,(#7579,#7580,#7581,#7582),
 .UNSPECIFIED.,.F.,.F.,(4,4),(0.309976099891784,0.389766387322563),
 .UNSPECIFIED.);
#1142=B_SPLINE_CURVE_WITH_KNOTS('',3,(#7583,#7584,#7585,#7586,#7587,#7588,
#7589,#7590),.UNSPECIFIED.,.F.,.F.,(4,2,2,4),(0.,0.188816693119962,0.408977247463559,
0.409931927562746),.UNSPECIFIED.);
#1143=B_SPLINE_CURVE_WITH_KNOTS('',3,(#7626,#7627,#7628,#7629,#7630,#7631,
#7632,#7633,#7634,#7635,#7636,#7637,#7638,#7639,#7640,#7641,#7642,#7643,
#7644,#7645,#7646,#7647,#7648,#7649,#7650,#7651,#7652,#7653,#7654,#7655,
#7656,#7657,#7658,#7659,#7660,#7661,#7662),.UNSPECIFIED.,.F.,.F.,(4,3,3,
3,3,3,3,3,3,3,3,3,4),(-0.00169699737929739,0.,0.0605713678640025,0.123261703576964,
0.186235184745831,0.248508431255279,0.309739409679354,0.338952564062788,
0.404698781674087,0.47137610838584,0.538711794299463,0.607187789754604,
0.620259484275652),.UNSPECIFIED.);
#1144=B_SPLINE_CURVE_WITH_KNOTS('',3,(#7664,#7665,#7666,#7667,#7668,#7669,
#7670,#7671),.UNSPECIFIED.,.F.,.F.,(4,2,1,1,4),(-0.237720364710477,-0.236843178461468,
-0.142105907076895,-0.0947372713846087,-3.56636729484522E-14),
 .UNSPECIFIED.);
#1145=B_SPLINE_CURVE_WITH_KNOTS('',3,(#7718,#7719,#7720,#7721),
 .UNSPECIFIED.,.F.,.F.,(4,4),(-0.117189221151223,-1.13583520390447E-14),
 .UNSPECIFIED.);
#1146=B_SPLINE_CURVE_WITH_KNOTS('',3,(#7763,#7764,#7765,#7766,#7767,#7768,
#7769,#7770),.UNSPECIFIED.,.F.,.F.,(4,1,1,2,4),(3.56636729484522E-14,0.0947372713846087,
0.142105907076895,0.236843178461468,0.237720364710477),.UNSPECIFIED.);
#1147=B_SPLINE_CURVE_WITH_KNOTS('',3,(#7806,#7807,#7808,#7809,#7810,#7811,
#7812),.UNSPECIFIED.,.F.,.F.,(4,1,1,1,4),(0.939563593316046,1.24543346015625,
1.85717319383664,2.46891292751704,2.8181497690872),.UNSPECIFIED.);
#1148=B_SPLINE_CURVE_WITH_KNOTS('',3,(#7829,#7830,#7831,#7832),
 .UNSPECIFIED.,.F.,.F.,(4,4),(-2.29662792205776,-1.09403859968812),
 .UNSPECIFIED.);
#1149=B_SPLINE_CURVE_WITH_KNOTS('',3,(#7857,#7858,#7859,#7860,#7861,#7862),
 .UNSPECIFIED.,.F.,.F.,(4,1,1,4),(-9.3358923904249,-8.6470467342984,-8.47483532026678,
-8.13041249220353),.UNSPECIFIED.);
#1150=B_SPLINE_CURVE_WITH_KNOTS('',3,(#7890,#7891,#7892,#7893),
 .UNSPECIFIED.,.F.,.F.,(4,4),(-0.699066198434439,-0.416176778403507),
 .UNSPECIFIED.);
#1151=B_SPLINE_CURVE_WITH_KNOTS('',3,(#7936,#7937,#7938,#7939,#7940,#7941,
#7942,#7943,#7944,#7945),.UNSPECIFIED.,.F.,.F.,(4,1,1,1,1,1,1,4),(1.66604087089865E-15,
0.151251034680749,0.302502069361496,0.60500413872299,0.907506208084484,
1.51251034680747,1.81501241616897,2.11751448553046),.UNSPECIFIED.);
#1152=B_SPLINE_CURVE_WITH_KNOTS('',3,(#7963,#7964,#7965,#7966),
 .UNSPECIFIED.,.F.,.F.,(4,4),(0.623360844197691,0.860683831342701),
 .UNSPECIFIED.);
#1153=B_SPLINE_CURVE_WITH_KNOTS('',3,(#7987,#7988,#7989,#7990),
 .UNSPECIFIED.,.F.,.F.,(4,4),(1.43844103888921,5.38134898558465),
 .UNSPECIFIED.);
#1154=B_SPLINE_CURVE_WITH_KNOTS('',3,(#7991,#7992,#7993,#7994),
 .UNSPECIFIED.,.F.,.F.,(4,4),(-5.38134898558465,-1.70523852913606),
 .UNSPECIFIED.);
#1155=B_SPLINE_CURVE_WITH_KNOTS('',3,(#8014,#8015,#8016,#8017),
 .UNSPECIFIED.,.F.,.F.,(4,4),(-0.636920332015013,-0.38890008352937),
 .UNSPECIFIED.);
#1156=B_SPLINE_CURVE_WITH_KNOTS('',3,(#8052,#8053,#8054,#8055,#8056,#8057,
#8058,#8059),.UNSPECIFIED.,.F.,.F.,(4,1,1,1,1,4),(2.33789055232862E-15,
0.28198660249077,0.563973204981538,1.12794640996307,1.40993301245384,1.97390621743538),
 .UNSPECIFIED.);
#1157=B_SPLINE_CURVE_WITH_KNOTS('',3,(#8085,#8086,#8087,#8088,#8089),
 .UNSPECIFIED.,.F.,.F.,(4,1,4),(0.596084149323554,0.871181763075539,1.23797858141152),
 .UNSPECIFIED.);
#1158=B_SPLINE_CURVE_WITH_KNOTS('',3,(#8150,#8151,#8152,#8153,#8154,#8155,
#8156,#8157,#8158,#8159,#8160,#8161,#8162,#8163,#8164,#8165,#8166,#8167,
#8168,#8169,#8170,#8171,#8172,#8173,#8174),.UNSPECIFIED.,.F.,.F.,(4,3,3,
3,3,3,3,3,4),(-0.0715512155181453,-0.0536731715476248,-0.0398805872925996,
-0.0239561123251956,-0.0148591174758873,0.,0.00451120841595181,0.0105173907891538,
0.0168803380608927),.UNSPECIFIED.);
#1159=B_SPLINE_CURVE_WITH_KNOTS('',3,(#8176,#8177,#8178,#8179,#8180,#8181,
#8182,#8183,#8184,#8185,#8186,#8187),.UNSPECIFIED.,.F.,.F.,(4,2,2,2,2,4),
(0.,0.097353619225724,0.18548542547316,0.263519767954883,0.326185206815737,
0.366761129476612),.UNSPECIFIED.);
#1160=B_SPLINE_CURVE_WITH_KNOTS('',3,(#8260,#8261,#8262,#8263),
 .UNSPECIFIED.,.F.,.F.,(4,4),(0.205762854679321,0.947077672813392),
 .UNSPECIFIED.);
#1161=B_SPLINE_CURVE_WITH_KNOTS('',3,(#8295,#8296,#8297,#8298,#8299,#8300,
#8301,#8302,#8303,#8304,#8305,#8306,#8307,#8308,#8309,#8310,#8311,#8312,
#8313,#8314,#8315,#8316,#8317,#8318,#8319,#8320,#8321,#8322,#8323,#8324,
#8325,#8326,#8327,#8328,#8329,#8330,#8331,#8332,#8333,#8334,#8335,#8336,
#8337,#8338,#8339,#8340),.UNSPECIFIED.,.T.,.F.,(4,2,2,2,2,2,2,2,2,2,2,2,
2,2,2,2,2,2,2,2,2,2,4),(0.,0.812592215923943,0.928421049190798,0.947805784992732,
0.956112424247908,0.961830475754523,0.966943996582568,0.973110457180345,
0.983342946763171,1.01504496715203,1.11938217170276,1.5976850022199,1.83162299105745,
1.88092272751557,1.8955280648947,1.90401767393591,1.91031130608986,1.91645650969788,
1.92480248228852,1.94187523027798,1.98190208367934,2.10964808131413,2.12798360912181),
 .UNSPECIFIED.);
#1162=CIRCLE('',#3396,0.899999999999989);
#1163=CIRCLE('',#3397,0.899999999999999);
#1164=CIRCLE('',#3398,0.899999999999999);
#1165=CIRCLE('',#3399,0.899999999999998);
#1166=CIRCLE('',#3401,0.900000000000005);
#1167=CIRCLE('',#3402,25.);
#1168=CIRCLE('',#3403,25.9);
#1169=CIRCLE('',#3405,0.899999999999999);
#1170=CIRCLE('',#3407,0.900000000000004);
#1171=CIRCLE('',#3408,2.00074206664677);
#1172=CIRCLE('',#3409,1.10074206664677);
#1173=CIRCLE('',#3411,10.5);
#1174=CIRCLE('',#3412,9.59999999999999);
#1175=CIRCLE('',#3413,0.900000000000001);
#1176=CIRCLE('',#3415,2.00074206664677);
#1177=CIRCLE('',#3418,10.5);
#1178=CIRCLE('',#3419,10.5);
#1179=CIRCLE('',#3421,10.5);
#1180=CIRCLE('',#3423,13.1095672861869);
#1181=CIRCLE('',#3424,13.1095672861869);
#1182=CIRCLE('',#3429,1.);
#1183=CIRCLE('',#3431,9.97592220716958);
#1184=CIRCLE('',#3433,9.97592220716958);
#1185=CIRCLE('',#3434,15.4507203491734);
#1186=CIRCLE('',#3435,9.97592220716958);
#1187=CIRCLE('',#3438,16.994896989655);
#1188=CIRCLE('',#3440,5.5);
#1189=CIRCLE('',#3441,5.5);
#1190=CIRCLE('',#3443,5.5);
#1191=CIRCLE('',#3446,9.97592220716958);
#1192=CIRCLE('',#3448,9.97592220716958);
#1193=CIRCLE('',#3450,1.3);
#1194=CIRCLE('',#3452,1.3);
#1195=CIRCLE('',#3460,1.3);
#1196=CIRCLE('',#3469,1.3);
#1197=CIRCLE('',#3472,3.);
#1198=CIRCLE('',#3474,3.);
#1199=CIRCLE('',#3476,25.);
#1200=CIRCLE('',#3478,25.);
#1201=CIRCLE('',#3481,25.);
#1202=CIRCLE('',#3484,10.);
#1203=CIRCLE('',#3530,10.);
#1204=CIRCLE('',#3536,10.);
#1205=CIRCLE('',#3539,1.);
#1206=CIRCLE('',#3540,10.);
#1207=CIRCLE('',#3542,9.97592220716958);
#1208=CIRCLE('',#3543,5.5);
#1209=CIRCLE('',#3547,10.5);
#1210=CIRCLE('',#3549,5.5);
#1211=CIRCLE('',#3556,5.5);
#1212=CIRCLE('',#3558,5.5);
#1213=CIRCLE('',#3567,12.5);
#1214=CIRCLE('',#3568,12.5);
#1215=CIRCLE('',#3575,12.5);
#1216=CIRCLE('',#3576,12.5);
#1217=CIRCLE('',#3581,29.8496691413899);
#1218=CIRCLE('',#3584,45.2246735396486);
#1219=CIRCLE('',#3595,2.);
#1220=CIRCLE('',#3598,0.999999999999998);
#1221=CIRCLE('',#3599,2.);
#1222=CIRCLE('',#3600,1.99999999999999);
#1223=CIRCLE('',#3601,2.00000000000001);
#1224=CIRCLE('',#3602,2.);
#1225=CIRCLE('',#3604,10.5);
#1226=CIRCLE('',#3605,4.);
#1227=CIRCLE('',#3607,2.);
#1228=CIRCLE('',#3608,2.);
#1229=CIRCLE('',#3609,2.00000000000001);
#1230=CIRCLE('',#3610,2.);
#1231=CIRCLE('',#3612,10.5);
#1232=CIRCLE('',#3614,12.5);
#1233=CIRCLE('',#3616,4.00000000000001);
#1234=CIRCLE('',#3618,2.);
#1235=CIRCLE('',#3619,2.00000000000002);
#1236=CIRCLE('',#3621,1.99999999999999);
#1237=CIRCLE('',#3622,2.00000000000001);
#1238=CIRCLE('',#3623,2.);
#1239=CIRCLE('',#3624,2.00000000000001);
#1240=CIRCLE('',#3627,43.2246735396486);
#1241=CIRCLE('',#3630,4.);
#1242=CIRCLE('',#3631,4.);
#1243=CIRCLE('',#3637,4.);
#1244=CIRCLE('',#3639,2.);
#1245=CIRCLE('',#3640,2.);
#1246=CIRCLE('',#3642,4.);
#1247=CIRCLE('',#3643,4.);
#1248=CIRCLE('',#3644,4.);
#1249=CIRCLE('',#3646,4.);
#1250=CIRCLE('',#3647,4.);
#1251=CIRCLE('',#3648,4.);
#1252=CIRCLE('',#3650,4.00000000000001);
#1253=CIRCLE('',#3652,4.);
#1254=CIRCLE('',#3656,2.);
#1255=CIRCLE('',#3657,12.5);
#1256=CIRCLE('',#3662,2.);
#1257=VERTEX_POINT('',#4442);
#1258=VERTEX_POINT('',#4443);
#1259=VERTEX_POINT('',#4445);
#1260=VERTEX_POINT('',#4452);
#1261=VERTEX_POINT('',#4476);
#1262=VERTEX_POINT('',#4481);
#1263=VERTEX_POINT('',#4532);
#1264=VERTEX_POINT('',#4542);
#1265=VERTEX_POINT('',#4554);
#1266=VERTEX_POINT('',#4555);
#1267=VERTEX_POINT('',#4560);
#1268=VERTEX_POINT('',#4561);
#1269=VERTEX_POINT('',#4566);
#1270=VERTEX_POINT('',#4567);
#1271=VERTEX_POINT('',#4572);
#1272=VERTEX_POINT('',#4573);
#1273=VERTEX_POINT('',#4615);
#1274=VERTEX_POINT('',#4616);
#1275=VERTEX_POINT('',#4640);
#1276=VERTEX_POINT('',#4668);
#1277=VERTEX_POINT('',#4670);
#1278=VERTEX_POINT('',#4674);
#1279=VERTEX_POINT('',#4676);
#1280=VERTEX_POINT('',#4683);
#1281=VERTEX_POINT('',#4701);
#1282=VERTEX_POINT('',#4703);
#1283=VERTEX_POINT('',#4705);
#1284=VERTEX_POINT('',#4707);
#1285=VERTEX_POINT('',#4709);
#1286=VERTEX_POINT('',#4711);
#1287=VERTEX_POINT('',#4713);
#1288=VERTEX_POINT('',#4717);
#1289=VERTEX_POINT('',#4719);
#1290=VERTEX_POINT('',#4721);
#1291=VERTEX_POINT('',#4750);
#1292=VERTEX_POINT('',#4751);
#1293=VERTEX_POINT('',#4791);
#1294=VERTEX_POINT('',#4793);
#1295=VERTEX_POINT('',#4795);
#1296=VERTEX_POINT('',#4797);
#1297=VERTEX_POINT('',#4799);
#1298=VERTEX_POINT('',#4801);
#1299=VERTEX_POINT('',#4916);
#1300=VERTEX_POINT('',#4936);
#1301=VERTEX_POINT('',#4938);
#1302=VERTEX_POINT('',#4981);
#1303=VERTEX_POINT('',#4986);
#1304=VERTEX_POINT('',#5013);
#1305=VERTEX_POINT('',#5014);
#1306=VERTEX_POINT('',#5047);
#1307=VERTEX_POINT('',#5051);
#1308=VERTEX_POINT('',#5052);
#1309=VERTEX_POINT('',#5057);
#1310=VERTEX_POINT('',#5058);
#1311=VERTEX_POINT('',#5060);
#1312=VERTEX_POINT('',#5083);
#1313=VERTEX_POINT('',#5090);
#1314=VERTEX_POINT('',#5126);
#1315=VERTEX_POINT('',#5145);
#1316=VERTEX_POINT('',#5148);
#1317=VERTEX_POINT('',#5150);
#1318=VERTEX_POINT('',#5154);
#1319=VERTEX_POINT('',#5158);
#1320=VERTEX_POINT('',#5160);
#1321=VERTEX_POINT('',#5162);
#1322=VERTEX_POINT('',#5164);
#1323=VERTEX_POINT('',#5166);
#1324=VERTEX_POINT('',#5168);
#1325=VERTEX_POINT('',#5172);
#1326=VERTEX_POINT('',#5176);
#1327=VERTEX_POINT('',#5224);
#1328=VERTEX_POINT('',#5225);
#1329=VERTEX_POINT('',#5269);
#1330=VERTEX_POINT('',#5277);
#1331=VERTEX_POINT('',#5330);
#1332=VERTEX_POINT('',#5339);
#1333=VERTEX_POINT('',#5358);
#1334=VERTEX_POINT('',#5367);
#1335=VERTEX_POINT('',#5369);
#1336=VERTEX_POINT('',#5378);
#1337=VERTEX_POINT('',#5379);
#1338=VERTEX_POINT('',#5381);
#1339=VERTEX_POINT('',#5383);
#1340=VERTEX_POINT('',#5390);
#1341=VERTEX_POINT('',#5392);
#1342=VERTEX_POINT('',#5396);
#1343=VERTEX_POINT('',#5398);
#1344=VERTEX_POINT('',#5404);
#1345=VERTEX_POINT('',#5407);
#1346=VERTEX_POINT('',#5423);
#1347=VERTEX_POINT('',#5424);
#1348=VERTEX_POINT('',#5426);
#1349=VERTEX_POINT('',#5428);
#1350=VERTEX_POINT('',#5430);
#1351=VERTEX_POINT('',#5432);
#1352=VERTEX_POINT('',#5434);
#1353=VERTEX_POINT('',#5436);
#1354=VERTEX_POINT('',#5439);
#1355=VERTEX_POINT('',#5448);
#1356=VERTEX_POINT('',#5477);
#1357=VERTEX_POINT('',#5505);
#1358=VERTEX_POINT('',#5510);
#1359=VERTEX_POINT('',#5512);
#1360=VERTEX_POINT('',#5514);
#1361=VERTEX_POINT('',#5555);
#1362=VERTEX_POINT('',#5556);
#1363=VERTEX_POINT('',#5558);
#1364=VERTEX_POINT('',#5571);
#1365=VERTEX_POINT('',#5575);
#1366=VERTEX_POINT('',#5576);
#1367=VERTEX_POINT('',#5578);
#1368=VERTEX_POINT('',#5580);
#1369=VERTEX_POINT('',#5593);
#1370=VERTEX_POINT('',#5595);
#1371=VERTEX_POINT('',#5599);
#1372=VERTEX_POINT('',#5602);
#1373=VERTEX_POINT('',#5605);
#1374=VERTEX_POINT('',#5607);
#1375=VERTEX_POINT('',#5611);
#1376=VERTEX_POINT('',#5615);
#1377=VERTEX_POINT('',#5617);
#1378=VERTEX_POINT('',#5623);
#1379=VERTEX_POINT('',#5625);
#1380=VERTEX_POINT('',#5627);
#1381=VERTEX_POINT('',#5629);
#1382=VERTEX_POINT('',#5633);
#1383=VERTEX_POINT('',#5635);
#1384=VERTEX_POINT('',#5641);
#1385=VERTEX_POINT('',#5643);
#1386=VERTEX_POINT('',#5649);
#1387=VERTEX_POINT('',#5658);
#1388=VERTEX_POINT('',#5662);
#1389=VERTEX_POINT('',#5673);
#1390=VERTEX_POINT('',#5674);
#1391=VERTEX_POINT('',#5676);
#1392=VERTEX_POINT('',#5678);
#1393=VERTEX_POINT('',#5682);
#1394=VERTEX_POINT('',#5685);
#1395=VERTEX_POINT('',#5689);
#1396=VERTEX_POINT('',#5691);
#1397=VERTEX_POINT('',#5695);
#1398=VERTEX_POINT('',#5697);
#1399=VERTEX_POINT('',#5701);
#1400=VERTEX_POINT('',#5703);
#1401=VERTEX_POINT('',#5707);
#1402=VERTEX_POINT('',#5709);
#1403=VERTEX_POINT('',#5713);
#1404=VERTEX_POINT('',#5715);
#1405=VERTEX_POINT('',#5725);
#1406=VERTEX_POINT('',#5726);
#1407=VERTEX_POINT('',#5728);
#1408=VERTEX_POINT('',#5730);
#1409=VERTEX_POINT('',#5734);
#1410=VERTEX_POINT('',#5736);
#1411=VERTEX_POINT('',#5740);
#1412=VERTEX_POINT('',#5742);
#1413=VERTEX_POINT('',#5746);
#1414=VERTEX_POINT('',#5748);
#1415=VERTEX_POINT('',#5752);
#1416=VERTEX_POINT('',#5754);
#1417=VERTEX_POINT('',#5758);
#1418=VERTEX_POINT('',#5760);
#1419=VERTEX_POINT('',#5764);
#1420=VERTEX_POINT('',#5766);
#1421=VERTEX_POINT('',#5770);
#1422=VERTEX_POINT('',#5772);
#1423=VERTEX_POINT('',#5776);
#1424=VERTEX_POINT('',#5778);
#1425=VERTEX_POINT('',#5782);
#1426=VERTEX_POINT('',#5784);
#1427=VERTEX_POINT('',#5788);
#1428=VERTEX_POINT('',#5790);
#1429=VERTEX_POINT('',#5801);
#1430=VERTEX_POINT('',#5806);
#1431=VERTEX_POINT('',#5874);
#1432=VERTEX_POINT('',#5879);
#1433=VERTEX_POINT('',#5912);
#1434=VERTEX_POINT('',#5914);
#1435=VERTEX_POINT('',#5916);
#1436=VERTEX_POINT('',#5918);
#1437=VERTEX_POINT('',#5920);
#1438=VERTEX_POINT('',#5924);
#1439=VERTEX_POINT('',#5926);
#1440=VERTEX_POINT('',#5928);
#1441=VERTEX_POINT('',#5931);
#1442=VERTEX_POINT('',#5933);
#1443=VERTEX_POINT('',#5935);
#1444=VERTEX_POINT('',#5937);
#1445=VERTEX_POINT('',#5942);
#1446=VERTEX_POINT('',#5948);
#1447=VERTEX_POINT('',#5953);
#1448=VERTEX_POINT('',#5955);
#1449=VERTEX_POINT('',#5957);
#1450=VERTEX_POINT('',#5964);
#1451=VERTEX_POINT('',#5970);
#1452=VERTEX_POINT('',#5974);
#1453=VERTEX_POINT('',#5977);
#1454=VERTEX_POINT('',#5979);
#1455=VERTEX_POINT('',#5981);
#1456=VERTEX_POINT('',#5983);
#1457=VERTEX_POINT('',#5985);
#1458=VERTEX_POINT('',#5992);
#1459=VERTEX_POINT('',#6003);
#1460=VERTEX_POINT('',#6005);
#1461=VERTEX_POINT('',#6007);
#1462=VERTEX_POINT('',#6014);
#1463=VERTEX_POINT('',#6025);
#1464=VERTEX_POINT('',#6029);
#1465=VERTEX_POINT('',#6033);
#1466=VERTEX_POINT('',#6035);
#1467=VERTEX_POINT('',#6037);
#1468=VERTEX_POINT('',#6039);
#1469=VERTEX_POINT('',#6041);
#1470=VERTEX_POINT('',#6043);
#1471=VERTEX_POINT('',#6074);
#1472=VERTEX_POINT('',#6081);
#1473=VERTEX_POINT('',#6102);
#1474=VERTEX_POINT('',#6104);
#1475=VERTEX_POINT('',#6112);
#1476=VERTEX_POINT('',#6119);
#1477=VERTEX_POINT('',#6121);
#1478=VERTEX_POINT('',#6123);
#1479=VERTEX_POINT('',#6132);
#1480=VERTEX_POINT('',#6137);
#1481=VERTEX_POINT('',#6144);
#1482=VERTEX_POINT('',#6146);
#1483=VERTEX_POINT('',#6151);
#1484=VERTEX_POINT('',#6153);
#1485=VERTEX_POINT('',#6160);
#1486=VERTEX_POINT('',#6162);
#1487=VERTEX_POINT('',#6179);
#1488=VERTEX_POINT('',#6181);
#1489=VERTEX_POINT('',#6183);
#1490=VERTEX_POINT('',#6195);
#1491=VERTEX_POINT('',#6209);
#1492=VERTEX_POINT('',#6211);
#1493=VERTEX_POINT('',#6218);
#1494=VERTEX_POINT('',#6223);
#1495=VERTEX_POINT('',#6230);
#1496=VERTEX_POINT('',#6232);
#1497=VERTEX_POINT('',#6238);
#1498=VERTEX_POINT('',#6247);
#1499=VERTEX_POINT('',#6249);
#1500=VERTEX_POINT('',#6251);
#1501=VERTEX_POINT('',#6253);
#1502=VERTEX_POINT('',#6255);
#1503=VERTEX_POINT('',#6296);
#1504=VERTEX_POINT('',#6298);
#1505=VERTEX_POINT('',#6300);
#1506=VERTEX_POINT('',#6305);
#1507=VERTEX_POINT('',#6307);
#1508=VERTEX_POINT('',#6309);
#1509=VERTEX_POINT('',#6315);
#1510=VERTEX_POINT('',#6326);
#1511=VERTEX_POINT('',#6328);
#1512=VERTEX_POINT('',#6366);
#1513=VERTEX_POINT('',#6374);
#1514=VERTEX_POINT('',#6392);
#1515=VERTEX_POINT('',#6396);
#1516=VERTEX_POINT('',#6400);
#1517=VERTEX_POINT('',#6455);
#1518=VERTEX_POINT('',#6466);
#1519=VERTEX_POINT('',#6516);
#1520=VERTEX_POINT('',#6545);
#1521=VERTEX_POINT('',#6584);
#1522=VERTEX_POINT('',#6585);
#1523=VERTEX_POINT('',#6591);
#1524=VERTEX_POINT('',#6621);
#1525=VERTEX_POINT('',#6622);
#1526=VERTEX_POINT('',#6652);
#1527=VERTEX_POINT('',#6680);
#1528=VERTEX_POINT('',#6737);
#1529=VERTEX_POINT('',#6738);
#1530=VERTEX_POINT('',#6740);
#1531=VERTEX_POINT('',#6785);
#1532=VERTEX_POINT('',#6786);
#1533=VERTEX_POINT('',#6826);
#1534=VERTEX_POINT('',#6827);
#1535=VERTEX_POINT('',#6859);
#1536=VERTEX_POINT('',#6876);
#1537=VERTEX_POINT('',#6912);
#1538=VERTEX_POINT('',#6985);
#1539=VERTEX_POINT('',#6994);
#1540=VERTEX_POINT('',#7038);
#1541=VERTEX_POINT('',#7067);
#1542=VERTEX_POINT('',#7121);
#1543=VERTEX_POINT('',#7122);
#1544=VERTEX_POINT('',#7129);
#1545=VERTEX_POINT('',#7138);
#1546=VERTEX_POINT('',#7140);
#1547=VERTEX_POINT('',#7162);
#1548=VERTEX_POINT('',#7163);
#1549=VERTEX_POINT('',#7187);
#1550=VERTEX_POINT('',#7188);
#1551=VERTEX_POINT('',#7220);
#1552=VERTEX_POINT('',#7221);
#1553=VERTEX_POINT('',#7253);
#1554=VERTEX_POINT('',#7305);
#1555=VERTEX_POINT('',#7313);
#1556=VERTEX_POINT('',#7320);
#1557=VERTEX_POINT('',#7353);
#1558=VERTEX_POINT('',#7359);
#1559=VERTEX_POINT('',#7370);
#1560=VERTEX_POINT('',#7383);
#1561=VERTEX_POINT('',#7411);
#1562=VERTEX_POINT('',#7417);
#1563=VERTEX_POINT('',#7419);
#1564=VERTEX_POINT('',#7453);
#1565=VERTEX_POINT('',#7454);
#1566=VERTEX_POINT('',#7482);
#1567=VERTEX_POINT('',#7483);
#1568=VERTEX_POINT('',#7549);
#1569=VERTEX_POINT('',#7557);
#1570=VERTEX_POINT('',#7571);
#1571=VERTEX_POINT('',#7578);
#1572=VERTEX_POINT('',#7663);
#1573=VERTEX_POINT('',#7717);
#1574=VERTEX_POINT('',#7864);
#1575=VERTEX_POINT('',#7865);
#1576=VERTEX_POINT('',#7867);
#1577=VERTEX_POINT('',#7888);
#1578=VERTEX_POINT('',#7934);
#1579=VERTEX_POINT('',#8011);
#1580=VERTEX_POINT('',#8050);
#1581=VERTEX_POINT('',#8149);
#1582=VERTEX_POINT('',#8175);
#1583=VERTEX_POINT('',#8294);
#1584=EDGE_CURVE('',#1257,#1258,#1162,.T.);
#1585=EDGE_CURVE('',#1258,#1259,#997,.T.);
#1586=EDGE_CURVE('',#1259,#1260,#1163,.T.);
#1587=EDGE_CURVE('',#1260,#1257,#998,.T.);
#1588=EDGE_CURVE('',#1259,#1261,#999,.T.);
#1589=EDGE_CURVE('',#1261,#1262,#1164,.T.);
#1590=EDGE_CURVE('',#1262,#1260,#1000,.T.);
#1591=EDGE_CURVE('',#1261,#1263,#1001,.T.);
#1592=EDGE_CURVE('',#1263,#1264,#1165,.T.);
#1593=EDGE_CURVE('',#1264,#1262,#1002,.T.);
#1594=EDGE_CURVE('',#1265,#1266,#1166,.T.);
#1595=EDGE_CURVE('',#1266,#1264,#1167,.T.);
#1596=EDGE_CURVE('',#1263,#1265,#1168,.T.);
#1597=EDGE_CURVE('',#1267,#1268,#1169,.T.);
#1598=EDGE_CURVE('',#1268,#1266,#171,.T.);
#1599=EDGE_CURVE('',#1265,#1267,#172,.T.);
#1600=EDGE_CURVE('',#1269,#1270,#1170,.T.);
#1601=EDGE_CURVE('',#1270,#1268,#1171,.T.);
#1602=EDGE_CURVE('',#1267,#1269,#1172,.T.);
#1603=EDGE_CURVE('',#1271,#1272,#1003,.T.);
#1604=EDGE_CURVE('',#1271,#1270,#1173,.T.);
#1605=EDGE_CURVE('',#1269,#1272,#1174,.T.);
#1606=EDGE_CURVE('',#1273,#1274,#1175,.T.);
#1607=EDGE_CURVE('',#1274,#1258,#1004,.T.);
#1608=EDGE_CURVE('',#1273,#1257,#173,.T.);
#1609=EDGE_CURVE('',#1275,#1273,#1005,.T.);
#1610=EDGE_CURVE('',#1275,#1274,#1006,.T.);
#1611=EDGE_CURVE('',#1276,#1270,#174,.T.);
#1612=EDGE_CURVE('',#1276,#1277,#1176,.T.);
#1613=EDGE_CURVE('',#1277,#1268,#175,.T.);
#1614=EDGE_CURVE('',#1271,#1278,#176,.T.);
#1615=EDGE_CURVE('',#1278,#1279,#1007,.T.);
#1616=EDGE_CURVE('',#1279,#1280,#1008,.T.);
#1617=EDGE_CURVE('',#1280,#1281,#177,.T.);
#1618=EDGE_CURVE('',#1281,#1282,#116,.T.);
#1619=EDGE_CURVE('',#1282,#1283,#1177,.T.);
#1620=EDGE_CURVE('',#1283,#1284,#178,.T.);
#1621=EDGE_CURVE('',#1284,#1285,#1178,.T.);
#1622=EDGE_CURVE('',#1286,#1285,#117,.T.);
#1623=EDGE_CURVE('',#1287,#1286,#179,.T.);
#1624=EDGE_CURVE('',#1287,#1276,#1179,.T.);
#1625=EDGE_CURVE('',#1272,#1288,#1180,.T.);
#1626=EDGE_CURVE('',#1289,#1288,#180,.T.);
#1627=EDGE_CURVE('',#1289,#1290,#1181,.T.);
#1628=EDGE_CURVE('',#1290,#1281,#118,.T.);
#1629=EDGE_CURVE('',#1280,#1278,#1009,.T.);
#1630=EDGE_CURVE('',#1291,#1292,#1010,.T.);
#1631=EDGE_CURVE('',#1292,#1291,#1011,.T.);
#1632=EDGE_CURVE('',#1293,#1263,#119,.T.);
#1633=EDGE_CURVE('',#1294,#1293,#181,.T.);
#1634=EDGE_CURVE('',#1294,#1295,#182,.T.);
#1635=EDGE_CURVE('',#1296,#1295,#183,.T.);
#1636=EDGE_CURVE('',#1297,#1296,#184,.T.);
#1637=EDGE_CURVE('',#1297,#1298,#185,.T.);
#1638=EDGE_CURVE('',#1288,#1298,#186,.T.);
#1639=EDGE_CURVE('',#1275,#1299,#1012,.T.);
#1640=EDGE_CURVE('',#1299,#1300,#120,.T.);
#1641=EDGE_CURVE('',#1300,#1301,#1013,.T.);
#1642=EDGE_CURVE('',#1301,#1293,#1014,.T.);
#1643=EDGE_CURVE('',#1260,#1302,#1015,.T.);
#1644=EDGE_CURVE('',#1302,#1303,#1182,.T.);
#1645=EDGE_CURVE('',#1257,#1303,#187,.T.);
#1646=EDGE_CURVE('',#1304,#1305,#1016,.F.);
#1647=EDGE_CURVE('',#1304,#1303,#1017,.T.);
#1648=EDGE_CURVE('',#1302,#1305,#1018,.T.);
#1649=EDGE_CURVE('',#1306,#1262,#188,.T.);
#1650=EDGE_CURVE('',#1305,#1306,#1183,.T.);
#1651=EDGE_CURVE('',#1307,#1308,#1184,.T.);
#1652=EDGE_CURVE('',#1307,#1304,#1185,.T.);
#1653=EDGE_CURVE('',#1308,#1305,#1186,.T.);
#1654=EDGE_CURVE('',#1309,#1310,#121,.T.);
#1655=EDGE_CURVE('',#1311,#1309,#1187,.T.);
#1656=EDGE_CURVE('',#1310,#1311,#189,.T.);
#1657=EDGE_CURVE('',#1312,#1307,#1019,.T.);
#1658=EDGE_CURVE('',#1313,#1312,#1020,.T.);
#1659=EDGE_CURVE('',#1311,#1313,#1021,.T.);
#1660=EDGE_CURVE('',#1314,#1309,#1022,.T.);
#1661=EDGE_CURVE('',#1299,#1314,#1023,.T.);
#1662=EDGE_CURVE('',#1315,#1315,#1188,.T.);
#1663=EDGE_CURVE('',#1315,#1314,#190,.T.);
#1664=EDGE_CURVE('',#1310,#1316,#1189,.T.);
#1665=EDGE_CURVE('',#1317,#1316,#122,.T.);
#1666=EDGE_CURVE('',#1300,#1317,#1190,.T.);
#1667=EDGE_CURVE('',#1313,#1318,#191,.T.);
#1668=EDGE_CURVE('',#1316,#1318,#192,.T.);
#1669=EDGE_CURVE('',#1319,#1307,#1191,.T.);
#1670=EDGE_CURVE('',#1319,#1320,#193,.T.);
#1671=EDGE_CURVE('',#1321,#1320,#123,.T.);
#1672=EDGE_CURVE('',#1322,#1321,#194,.T.);
#1673=EDGE_CURVE('',#1323,#1322,#195,.T.);
#1674=EDGE_CURVE('',#1324,#1323,#196,.T.);
#1675=EDGE_CURVE('',#1324,#1312,#1192,.T.);
#1676=EDGE_CURVE('',#1325,#1325,#1193,.T.);
#1677=EDGE_CURVE('',#1325,#1279,#197,.T.);
#1678=EDGE_CURVE('',#1326,#1326,#1194,.T.);
#1679=EDGE_CURVE('',#1326,#1292,#198,.T.);
#1680=EDGE_CURVE('',#1327,#1328,#1024,.T.);
#1681=EDGE_CURVE('',#1329,#1328,#1025,.T.);
#1682=EDGE_CURVE('',#1329,#1330,#1026,.T.);
#1683=EDGE_CURVE('',#1331,#1330,#1027,.T.);
#1684=EDGE_CURVE('',#1331,#1332,#1028,.T.);
#1685=EDGE_CURVE('',#1332,#1327,#1029,.T.);
#1686=EDGE_CURVE('',#1333,#1331,#199,.T.);
#1687=EDGE_CURVE('',#1332,#1333,#124,.T.);
#1688=EDGE_CURVE('',#1334,#1330,#125,.T.);
#1689=EDGE_CURVE('',#1335,#1334,#200,.T.);
#1690=EDGE_CURVE('',#1333,#1335,#126,.T.);
#1691=EDGE_CURVE('',#1336,#1337,#127,.T.);
#1692=EDGE_CURVE('',#1338,#1336,#201,.T.);
#1693=EDGE_CURVE('',#1339,#1338,#1030,.T.);
#1694=EDGE_CURVE('',#1339,#1337,#202,.T.);
#1695=EDGE_CURVE('',#1337,#1340,#203,.T.);
#1696=EDGE_CURVE('',#1341,#1339,#204,.T.);
#1697=EDGE_CURVE('',#1341,#1340,#205,.T.);
#1698=EDGE_CURVE('',#1342,#1334,#206,.T.);
#1699=EDGE_CURVE('',#1343,#1342,#207,.T.);
#1700=EDGE_CURVE('',#1335,#1343,#208,.T.);
#1701=EDGE_CURVE('',#1340,#1342,#209,.T.);
#1702=EDGE_CURVE('',#1343,#1341,#210,.T.);
#1703=EDGE_CURVE('',#1344,#1344,#1195,.T.);
#1704=EDGE_CURVE('',#1345,#1336,#211,.T.);
#1705=EDGE_CURVE('',#1338,#1345,#1031,.T.);
#1706=EDGE_CURVE('',#1346,#1347,#128,.T.);
#1707=EDGE_CURVE('',#1348,#1346,#212,.T.);
#1708=EDGE_CURVE('',#1349,#1348,#129,.T.);
#1709=EDGE_CURVE('',#1350,#1349,#213,.T.);
#1710=EDGE_CURVE('',#1351,#1350,#130,.T.);
#1711=EDGE_CURVE('',#1352,#1351,#214,.T.);
#1712=EDGE_CURVE('',#1353,#1352,#131,.T.);
#1713=EDGE_CURVE('',#1347,#1353,#215,.T.);
#1714=EDGE_CURVE('',#1329,#1354,#1032,.T.);
#1715=EDGE_CURVE('',#1354,#1355,#1033,.T.);
#1716=EDGE_CURVE('',#1355,#1356,#216,.T.);
#1717=EDGE_CURVE('',#1356,#1345,#1034,.T.);
#1718=EDGE_CURVE('',#1357,#1357,#132,.T.);
#1719=EDGE_CURVE('',#1357,#1344,#1035,.T.);
#1720=EDGE_CURVE('',#1358,#1358,#1196,.T.);
#1721=EDGE_CURVE('',#1358,#1359,#217,.T.);
#1722=EDGE_CURVE('',#1359,#1360,#1036,.T.);
#1723=EDGE_CURVE('',#1360,#1359,#1037,.T.);
#1724=EDGE_CURVE('',#1361,#1362,#218,.T.);
#1725=EDGE_CURVE('',#1363,#1361,#1038,.T.);
#1726=EDGE_CURVE('',#1364,#1363,#219,.T.);
#1727=EDGE_CURVE('',#1362,#1364,#1197,.T.);
#1728=EDGE_CURVE('',#1365,#1366,#220,.T.);
#1729=EDGE_CURVE('',#1367,#1365,#1198,.T.);
#1730=EDGE_CURVE('',#1368,#1367,#221,.T.);
#1731=EDGE_CURVE('',#1366,#1368,#1039,.T.);
#1732=EDGE_CURVE('',#1369,#1367,#222,.T.);
#1733=EDGE_CURVE('',#1369,#1370,#223,.T.);
#1734=EDGE_CURVE('',#1368,#1370,#1199,.T.);
#1735=EDGE_CURVE('',#1266,#1371,#224,.T.);
#1736=EDGE_CURVE('',#1306,#1371,#1200,.T.);
#1737=EDGE_CURVE('',#1370,#1372,#225,.T.);
#1738=EDGE_CURVE('',#1372,#1363,#133,.T.);
#1739=EDGE_CURVE('',#1361,#1373,#134,.T.);
#1740=EDGE_CURVE('',#1373,#1374,#226,.T.);
#1741=EDGE_CURVE('',#1374,#1366,#1201,.T.);
#1742=EDGE_CURVE('',#1375,#1372,#227,.T.);
#1743=EDGE_CURVE('',#1364,#1375,#228,.T.);
#1744=EDGE_CURVE('',#1376,#1317,#229,.T.);
#1745=EDGE_CURVE('',#1376,#1377,#1202,.T.);
#1746=EDGE_CURVE('',#1301,#1377,#230,.T.);
#1747=EDGE_CURVE('',#1318,#1324,#231,.T.);
#1748=EDGE_CURVE('',#1296,#1378,#232,.T.);
#1749=EDGE_CURVE('',#1378,#1379,#233,.T.);
#1750=EDGE_CURVE('',#1380,#1379,#234,.T.);
#1751=EDGE_CURVE('',#1380,#1381,#235,.T.);
#1752=EDGE_CURVE('',#1381,#1297,#236,.T.);
#1753=EDGE_CURVE('',#1382,#1378,#237,.T.);
#1754=EDGE_CURVE('',#1383,#1382,#238,.T.);
#1755=EDGE_CURVE('',#1379,#1383,#239,.T.);
#1756=EDGE_CURVE('',#1295,#1382,#240,.T.);
#1757=EDGE_CURVE('',#1380,#1384,#241,.T.);
#1758=EDGE_CURVE('',#1385,#1384,#242,.T.);
#1759=EDGE_CURVE('',#1385,#1381,#243,.T.);
#1760=EDGE_CURVE('',#1290,#1282,#244,.T.);
#1761=EDGE_CURVE('',#1285,#1386,#245,.T.);
#1762=EDGE_CURVE('',#1284,#1285,#246,.T.);
#1763=EDGE_CURVE('',#1386,#1283,#247,.T.);
#1764=EDGE_CURVE('',#1384,#1289,#248,.T.);
#1765=EDGE_CURVE('',#1386,#1380,#249,.T.);
#1766=EDGE_CURVE('',#1387,#1374,#250,.T.);
#1767=EDGE_CURVE('',#1365,#1387,#251,.T.);
#1768=EDGE_CURVE('',#1388,#1373,#252,.T.);
#1769=EDGE_CURVE('',#1387,#1388,#253,.T.);
#1770=EDGE_CURVE('',#1375,#1369,#254,.T.);
#1771=EDGE_CURVE('',#1388,#1362,#255,.T.);
#1772=EDGE_CURVE('',#1385,#1298,#256,.T.);
#1773=EDGE_CURVE('',#1389,#1390,#257,.T.);
#1774=EDGE_CURVE('',#1390,#1391,#258,.T.);
#1775=EDGE_CURVE('',#1392,#1391,#259,.T.);
#1776=EDGE_CURVE('',#1389,#1392,#260,.T.);
#1777=EDGE_CURVE('',#1323,#1393,#261,.T.);
#1778=EDGE_CURVE('',#1323,#1389,#262,.T.);
#1779=EDGE_CURVE('',#1394,#1392,#263,.T.);
#1780=EDGE_CURVE('',#1393,#1394,#264,.T.);
#1781=EDGE_CURVE('',#1393,#1395,#265,.T.);
#1782=EDGE_CURVE('',#1396,#1394,#266,.T.);
#1783=EDGE_CURVE('',#1395,#1396,#267,.T.);
#1784=EDGE_CURVE('',#1395,#1397,#268,.T.);
#1785=EDGE_CURVE('',#1398,#1396,#269,.T.);
#1786=EDGE_CURVE('',#1397,#1398,#270,.T.);
#1787=EDGE_CURVE('',#1397,#1399,#271,.T.);
#1788=EDGE_CURVE('',#1400,#1398,#272,.T.);
#1789=EDGE_CURVE('',#1399,#1400,#273,.T.);
#1790=EDGE_CURVE('',#1399,#1401,#274,.T.);
#1791=EDGE_CURVE('',#1402,#1400,#275,.T.);
#1792=EDGE_CURVE('',#1401,#1402,#276,.T.);
#1793=EDGE_CURVE('',#1401,#1403,#277,.T.);
#1794=EDGE_CURVE('',#1404,#1402,#278,.T.);
#1795=EDGE_CURVE('',#1403,#1404,#279,.T.);
#1796=EDGE_CURVE('',#1390,#1322,#280,.T.);
#1797=EDGE_CURVE('',#1403,#1322,#281,.T.);
#1798=EDGE_CURVE('',#1391,#1404,#282,.T.);
#1799=EDGE_CURVE('',#1405,#1406,#283,.T.);
#1800=EDGE_CURVE('',#1405,#1407,#284,.T.);
#1801=EDGE_CURVE('',#1408,#1407,#285,.T.);
#1802=EDGE_CURVE('',#1406,#1408,#286,.T.);
#1803=EDGE_CURVE('',#1406,#1409,#287,.T.);
#1804=EDGE_CURVE('',#1410,#1408,#288,.T.);
#1805=EDGE_CURVE('',#1409,#1410,#289,.T.);
#1806=EDGE_CURVE('',#1409,#1411,#290,.T.);
#1807=EDGE_CURVE('',#1412,#1410,#291,.T.);
#1808=EDGE_CURVE('',#1411,#1412,#292,.T.);
#1809=EDGE_CURVE('',#1411,#1413,#293,.T.);
#1810=EDGE_CURVE('',#1414,#1412,#294,.T.);
#1811=EDGE_CURVE('',#1413,#1414,#295,.T.);
#1812=EDGE_CURVE('',#1413,#1415,#296,.T.);
#1813=EDGE_CURVE('',#1416,#1414,#297,.T.);
#1814=EDGE_CURVE('',#1415,#1416,#298,.T.);
#1815=EDGE_CURVE('',#1415,#1417,#299,.T.);
#1816=EDGE_CURVE('',#1418,#1416,#300,.T.);
#1817=EDGE_CURVE('',#1417,#1418,#301,.T.);
#1818=EDGE_CURVE('',#1417,#1419,#302,.T.);
#1819=EDGE_CURVE('',#1420,#1418,#303,.T.);
#1820=EDGE_CURVE('',#1419,#1420,#304,.T.);
#1821=EDGE_CURVE('',#1419,#1421,#305,.T.);
#1822=EDGE_CURVE('',#1422,#1420,#306,.T.);
#1823=EDGE_CURVE('',#1421,#1422,#307,.T.);
#1824=EDGE_CURVE('',#1421,#1423,#308,.T.);
#1825=EDGE_CURVE('',#1424,#1422,#309,.T.);
#1826=EDGE_CURVE('',#1423,#1424,#310,.T.);
#1827=EDGE_CURVE('',#1423,#1425,#311,.T.);
#1828=EDGE_CURVE('',#1426,#1424,#312,.T.);
#1829=EDGE_CURVE('',#1425,#1426,#313,.T.);
#1830=EDGE_CURVE('',#1425,#1427,#314,.T.);
#1831=EDGE_CURVE('',#1428,#1426,#315,.T.);
#1832=EDGE_CURVE('',#1427,#1428,#316,.T.);
#1833=EDGE_CURVE('',#1427,#1405,#317,.T.);
#1834=EDGE_CURVE('',#1407,#1428,#318,.T.);
#1835=EDGE_CURVE('',#1383,#1294,#319,.T.);
#1836=EDGE_CURVE('',#1429,#1355,#1040,.T.);
#1837=EDGE_CURVE('',#1430,#1429,#320,.T.);
#1838=EDGE_CURVE('',#1430,#1356,#1041,.T.);
#1839=EDGE_CURVE('',#1338,#1430,#1042,.T.);
#1840=EDGE_CURVE('',#1431,#1327,#1043,.F.);
#1841=EDGE_CURVE('',#1431,#1432,#1044,.T.);
#1842=EDGE_CURVE('',#1432,#1354,#1045,.T.);
#1843=EDGE_CURVE('',#1432,#1429,#135,.T.);
#1844=EDGE_CURVE('',#1377,#1433,#136,.T.);
#1845=EDGE_CURVE('',#1434,#1433,#137,.T.);
#1846=EDGE_CURVE('',#1435,#1434,#321,.T.);
#1847=EDGE_CURVE('',#1436,#1435,#1203,.T.);
#1848=EDGE_CURVE('',#1437,#1436,#322,.T.);
#1849=EDGE_CURVE('',#1437,#1285,#323,.T.);
#1850=EDGE_CURVE('',#1321,#1438,#324,.T.);
#1851=EDGE_CURVE('',#1439,#1438,#138,.T.);
#1852=EDGE_CURVE('',#1440,#1439,#325,.T.);
#1853=EDGE_CURVE('',#1440,#1430,#326,.T.);
#1854=EDGE_CURVE('',#1429,#1441,#327,.T.);
#1855=EDGE_CURVE('',#1442,#1441,#328,.T.);
#1856=EDGE_CURVE('',#1443,#1442,#139,.T.);
#1857=EDGE_CURVE('',#1444,#1443,#1046,.T.);
#1858=EDGE_CURVE('',#1445,#1444,#329,.T.);
#1859=EDGE_CURVE('',#1445,#1376,#140,.T.);
#1860=EDGE_CURVE('',#1433,#1445,#1204,.T.);
#1861=EDGE_CURVE('',#1446,#1444,#1047,.T.);
#1862=EDGE_CURVE('',#1447,#1446,#141,.T.);
#1863=EDGE_CURVE('',#1447,#1448,#330,.T.);
#1864=EDGE_CURVE('',#1448,#1449,#1205,.T.);
#1865=EDGE_CURVE('',#1433,#1449,#1206,.T.);
#1866=EDGE_CURVE('',#1306,#1319,#1207,.T.);
#1867=EDGE_CURVE('',#1277,#1371,#331,.T.);
#1868=EDGE_CURVE('',#1319,#1287,#332,.T.);
#1869=EDGE_CURVE('',#1450,#1450,#1208,.T.);
#1870=EDGE_CURVE('',#1320,#1286,#333,.T.);
#1871=EDGE_CURVE('',#1451,#1451,#1209,.T.);
#1872=EDGE_CURVE('',#1451,#1308,#334,.T.);
#1873=EDGE_CURVE('',#1452,#1452,#1210,.T.);
#1874=EDGE_CURVE('',#1453,#1437,#142,.T.);
#1875=EDGE_CURVE('',#1454,#1453,#335,.T.);
#1876=EDGE_CURVE('',#1455,#1454,#143,.T.);
#1877=EDGE_CURVE('',#1456,#1455,#336,.T.);
#1878=EDGE_CURVE('',#1457,#1456,#1048,.T.);
#1879=EDGE_CURVE('',#1458,#1457,#1049,.T.);
#1880=EDGE_CURVE('',#1459,#1458,#337,.T.);
#1881=EDGE_CURVE('',#1460,#1459,#144,.T.);
#1882=EDGE_CURVE('',#1461,#1460,#1050,.T.);
#1883=EDGE_CURVE('',#1462,#1461,#1051,.T.);
#1884=EDGE_CURVE('',#1438,#1462,#145,.T.);
#1885=EDGE_CURVE('',#1463,#1463,#1211,.T.);
#1886=EDGE_CURVE('',#1463,#1452,#338,.T.);
#1887=EDGE_CURVE('',#1464,#1464,#1212,.T.);
#1888=EDGE_CURVE('',#1464,#1450,#339,.T.);
#1889=EDGE_CURVE('',#1465,#1440,#340,.T.);
#1890=EDGE_CURVE('',#1466,#1465,#146,.T.);
#1891=EDGE_CURVE('',#1467,#1466,#341,.T.);
#1892=EDGE_CURVE('',#1468,#1467,#147,.T.);
#1893=EDGE_CURVE('',#1469,#1468,#342,.T.);
#1894=EDGE_CURVE('',#1470,#1469,#148,.T.);
#1895=EDGE_CURVE('',#1441,#1470,#343,.T.);
#1896=EDGE_CURVE('',#1456,#1471,#1052,.T.);
#1897=EDGE_CURVE('',#1471,#1472,#1053,.F.);
#1898=EDGE_CURVE('',#1472,#1457,#1054,.T.);
#1899=EDGE_CURVE('',#1471,#1455,#149,.T.);
#1900=EDGE_CURVE('',#1473,#1454,#150,.T.);
#1901=EDGE_CURVE('',#1474,#1473,#1055,.T.);
#1902=EDGE_CURVE('',#1475,#1474,#1056,.T.);
#1903=EDGE_CURVE('',#1475,#1476,#344,.T.);
#1904=EDGE_CURVE('',#1476,#1477,#1213,.T.);
#1905=EDGE_CURVE('',#1478,#1477,#1057,.T.);
#1906=EDGE_CURVE('',#1479,#1478,#1058,.T.);
#1907=EDGE_CURVE('',#1480,#1479,#1059,.T.);
#1908=EDGE_CURVE('',#1481,#1480,#1214,.T.);
#1909=EDGE_CURVE('',#1482,#1481,#1060,.T.);
#1910=EDGE_CURVE('',#1483,#1482,#151,.T.);
#1911=EDGE_CURVE('',#1483,#1484,#1061,.T.);
#1912=EDGE_CURVE('',#1472,#1484,#152,.T.);
#1913=EDGE_CURVE('',#1453,#1485,#153,.T.);
#1914=EDGE_CURVE('',#1486,#1485,#1062,.F.);
#1915=EDGE_CURVE('',#1487,#1486,#345,.T.);
#1916=EDGE_CURVE('',#1488,#1487,#154,.T.);
#1917=EDGE_CURVE('',#1489,#1488,#1063,.F.);
#1918=EDGE_CURVE('',#1473,#1489,#1064,.T.);
#1919=EDGE_CURVE('',#1436,#1490,#1065,.T.);
#1920=EDGE_CURVE('',#1490,#1491,#1215,.T.);
#1921=EDGE_CURVE('',#1492,#1491,#1066,.T.);
#1922=EDGE_CURVE('',#1493,#1492,#1067,.T.);
#1923=EDGE_CURVE('',#1494,#1493,#1068,.T.);
#1924=EDGE_CURVE('',#1485,#1494,#1216,.T.);
#1925=EDGE_CURVE('',#1435,#1495,#346,.T.);
#1926=EDGE_CURVE('',#1496,#1495,#1069,.T.);
#1927=EDGE_CURVE('',#1496,#1497,#1070,.T.);
#1928=EDGE_CURVE('',#1497,#1490,#347,.T.);
#1929=EDGE_CURVE('',#1498,#1434,#155,.T.);
#1930=EDGE_CURVE('',#1498,#1499,#156,.T.);
#1931=EDGE_CURVE('',#1500,#1499,#348,.T.);
#1932=EDGE_CURVE('',#1501,#1500,#1217,.T.);
#1933=EDGE_CURVE('',#1502,#1501,#1071,.T.);
#1934=EDGE_CURVE('',#1495,#1502,#1072,.T.);
#1935=EDGE_CURVE('',#1498,#1449,#349,.T.);
#1936=EDGE_CURVE('',#1443,#1446,#1073,.T.);
#1937=EDGE_CURVE('',#1347,#1470,#350,.T.);
#1938=EDGE_CURVE('',#1503,#1353,#351,.T.);
#1939=EDGE_CURVE('',#1504,#1503,#1218,.T.);
#1940=EDGE_CURVE('',#1505,#1504,#1074,.T.);
#1941=EDGE_CURVE('',#1506,#1505,#157,.T.);
#1942=EDGE_CURVE('',#1507,#1506,#158,.T.);
#1943=EDGE_CURVE('',#1508,#1507,#159,.T.);
#1944=EDGE_CURVE('',#1442,#1508,#352,.T.);
#1945=EDGE_CURVE('',#1469,#1346,#353,.T.);
#1946=EDGE_CURVE('',#1509,#1508,#1075,.T.);
#1947=EDGE_CURVE('',#1509,#1510,#354,.T.);
#1948=EDGE_CURVE('',#1511,#1510,#1076,.T.);
#1949=EDGE_CURVE('',#1511,#1447,#355,.T.);
#1950=EDGE_CURVE('',#1350,#1466,#356,.T.);
#1951=EDGE_CURVE('',#1467,#1349,#357,.T.);
#1952=EDGE_CURVE('',#1512,#1502,#1077,.T.);
#1953=EDGE_CURVE('',#1513,#1512,#1078,.T.);
#1954=EDGE_CURVE('',#1513,#1496,#1079,.T.);
#1955=EDGE_CURVE('',#1448,#1499,#358,.T.);
#1956=EDGE_CURVE('',#1514,#1511,#160,.T.);
#1957=EDGE_CURVE('',#1500,#1514,#359,.T.);
#1958=EDGE_CURVE('',#1459,#1515,#360,.T.);
#1959=EDGE_CURVE('',#1460,#1515,#1219,.T.);
#1960=EDGE_CURVE('',#1516,#1458,#161,.T.);
#1961=EDGE_CURVE('',#1515,#1516,#1080,.T.);
#1962=EDGE_CURVE('',#1517,#1484,#1081,.T.);
#1963=EDGE_CURVE('',#1518,#1517,#1082,.T.);
#1964=EDGE_CURVE('',#1516,#1518,#1083,.T.);
#1965=EDGE_CURVE('',#1501,#1519,#1084,.T.);
#1966=EDGE_CURVE('',#1519,#1512,#1220,.T.);
#1967=EDGE_CURVE('',#1520,#1513,#1085,.T.);
#1968=EDGE_CURVE('',#1519,#1520,#1086,.T.);
#1969=EDGE_CURVE('',#1521,#1522,#1221,.T.);
#1970=EDGE_CURVE('',#1522,#1481,#1087,.T.);
#1971=EDGE_CURVE('',#1481,#1523,#1222,.T.);
#1972=EDGE_CURVE('',#1523,#1521,#1088,.T.);
#1973=EDGE_CURVE('',#1524,#1525,#1223,.T.);
#1974=EDGE_CURVE('',#1525,#1522,#1089,.T.);
#1975=EDGE_CURVE('',#1521,#1524,#1090,.T.);
#1976=EDGE_CURVE('',#1526,#1480,#1224,.T.);
#1977=EDGE_CURVE('',#1480,#1525,#1091,.T.);
#1978=EDGE_CURVE('',#1524,#1526,#1092,.T.);
#1979=EDGE_CURVE('',#1526,#1523,#1225,.T.);
#1980=EDGE_CURVE('',#1522,#1527,#1093,.T.);
#1981=EDGE_CURVE('',#1527,#1482,#1226,.T.);
#1982=EDGE_CURVE('',#1528,#1529,#1227,.T.);
#1983=EDGE_CURVE('',#1529,#1530,#1094,.T.);
#1984=EDGE_CURVE('',#1530,#1528,#1095,.T.);
#1985=EDGE_CURVE('',#1531,#1532,#1228,.T.);
#1986=EDGE_CURVE('',#1532,#1529,#1096,.T.);
#1987=EDGE_CURVE('',#1528,#1531,#1097,.T.);
#1988=EDGE_CURVE('',#1533,#1534,#1229,.T.);
#1989=EDGE_CURVE('',#1534,#1532,#1098,.T.);
#1990=EDGE_CURVE('',#1531,#1533,#1099,.T.);
#1991=EDGE_CURVE('',#1535,#1494,#1230,.T.);
#1992=EDGE_CURVE('',#1494,#1534,#1100,.T.);
#1993=EDGE_CURVE('',#1533,#1535,#1101,.T.);
#1994=EDGE_CURVE('',#1535,#1486,#1231,.T.);
#1995=EDGE_CURVE('',#1477,#1528,#1102,.T.);
#1996=EDGE_CURVE('',#1536,#1476,#1232,.T.);
#1997=EDGE_CURVE('',#1487,#1536,#1103,.F.);
#1998=EDGE_CURVE('',#1530,#1537,#1104,.T.);
#1999=EDGE_CURVE('',#1478,#1537,#1105,.T.);
#2000=EDGE_CURVE('',#1491,#1497,#1106,.T.);
#2001=EDGE_CURVE('',#1538,#1520,#1107,.T.);
#2002=EDGE_CURVE('',#1538,#1539,#1108,.T.);
#2003=EDGE_CURVE('',#1492,#1539,#1109,.T.);
#2004=EDGE_CURVE('',#1519,#1514,#1110,.T.);
#2005=EDGE_CURVE('',#1540,#1514,#1233,.T.);
#2006=EDGE_CURVE('',#1540,#1538,#1111,.T.);
#2007=EDGE_CURVE('',#1348,#1468,#361,.T.);
#2008=EDGE_CURVE('',#1516,#1541,#1234,.T.);
#2009=EDGE_CURVE('',#1541,#1461,#1112,.T.);
#2010=EDGE_CURVE('',#1542,#1543,#1113,.T.);
#2011=EDGE_CURVE('',#1543,#1544,#1114,.T.);
#2012=EDGE_CURVE('',#1544,#1545,#1235,.T.);
#2013=EDGE_CURVE('',#1545,#1546,#1115,.T.);
#2014=EDGE_CURVE('',#1546,#1542,#1116,.T.);
#2015=EDGE_CURVE('',#1547,#1548,#1236,.T.);
#2016=EDGE_CURVE('',#1548,#1545,#362,.T.);
#2017=EDGE_CURVE('',#1544,#1547,#363,.T.);
#2018=EDGE_CURVE('',#1549,#1550,#1237,.T.);
#2019=EDGE_CURVE('',#1550,#1548,#1117,.T.);
#2020=EDGE_CURVE('',#1547,#1549,#1118,.T.);
#2021=EDGE_CURVE('',#1551,#1552,#1238,.T.);
#2022=EDGE_CURVE('',#1552,#1550,#1119,.T.);
#2023=EDGE_CURVE('',#1549,#1551,#1120,.T.);
#2024=EDGE_CURVE('',#1551,#1553,#1121,.T.);
#2025=EDGE_CURVE('',#1553,#1518,#1239,.T.);
#2026=EDGE_CURVE('',#1518,#1552,#1122,.T.);
#2027=EDGE_CURVE('',#1553,#1541,#1123,.T.);
#2028=EDGE_CURVE('',#1551,#1462,#162,.T.);
#2029=EDGE_CURVE('',#1554,#1543,#1124,.T.);
#2030=EDGE_CURVE('',#1555,#1554,#1125,.T.);
#2031=EDGE_CURVE('',#1556,#1555,#1240,.T.);
#2032=EDGE_CURVE('',#1439,#1556,#364,.T.);
#2033=EDGE_CURVE('',#1545,#1557,#1126,.T.);
#2034=EDGE_CURVE('',#1558,#1557,#1127,.T.);
#2035=EDGE_CURVE('',#1558,#1559,#1128,.T.);
#2036=EDGE_CURVE('',#1559,#1546,#1129,.T.);
#2037=EDGE_CURVE('',#1560,#1548,#163,.T.);
#2038=EDGE_CURVE('',#1560,#1557,#365,.T.);
#2039=EDGE_CURVE('',#1559,#1561,#1130,.T.);
#2040=EDGE_CURVE('',#1561,#1562,#1241,.F.);
#2041=EDGE_CURVE('',#1562,#1563,#1131,.T.);
#2042=EDGE_CURVE('',#1542,#1563,#1132,.T.);
#2043=EDGE_CURVE('',#1564,#1565,#1242,.T.);
#2044=EDGE_CURVE('',#1482,#1565,#164,.T.);
#2045=EDGE_CURVE('',#1527,#1564,#1133,.T.);
#2046=EDGE_CURVE('',#1566,#1567,#1134,.T.);
#2047=EDGE_CURVE('',#1566,#1565,#1135,.T.);
#2048=EDGE_CURVE('',#1564,#1567,#1136,.T.);
#2049=EDGE_CURVE('',#1567,#1558,#165,.T.);
#2050=EDGE_CURVE('',#1560,#1483,#1137,.T.);
#2051=EDGE_CURVE('',#1563,#1568,#1138,.T.);
#2052=EDGE_CURVE('',#1568,#1569,#1139,.T.);
#2053=EDGE_CURVE('',#1569,#1570,#1140,.T.);
#2054=EDGE_CURVE('',#1570,#1571,#1141,.T.);
#2055=EDGE_CURVE('',#1571,#1554,#1142,.T.);
#2056=EDGE_CURVE('',#1506,#1569,#1143,.T.);
#2057=EDGE_CURVE('',#1572,#1505,#1144,.T.);
#2058=EDGE_CURVE('',#1572,#1570,#166,.T.);
#2059=EDGE_CURVE('',#1568,#1562,#167,.T.);
#2060=EDGE_CURVE('',#1562,#1507,#1243,.F.);
#2061=EDGE_CURVE('',#1504,#1555,#1244,.T.);
#2062=EDGE_CURVE('',#1555,#1573,#1145,.T.);
#2063=EDGE_CURVE('',#1505,#1573,#1245,.T.);
#2064=EDGE_CURVE('',#1573,#1572,#1146,.T.);
#2065=EDGE_CURVE('',#1571,#1572,#1147,.T.);
#2066=EDGE_CURVE('',#1539,#1534,#1148,.T.);
#2067=EDGE_CURVE('',#1537,#1525,#1149,.T.);
#2068=EDGE_CURVE('',#1574,#1575,#1246,.F.);
#2069=EDGE_CURVE('',#1576,#1574,#1247,.F.);
#2070=EDGE_CURVE('',#1575,#1576,#1248,.F.);
#2071=EDGE_CURVE('',#1507,#1561,#1249,.F.);
#2072=EDGE_CURVE('',#1577,#1508,#1250,.T.);
#2073=EDGE_CURVE('',#1561,#1577,#1150,.T.);
#2074=EDGE_CURVE('',#1578,#1509,#1251,.T.);
#2075=EDGE_CURVE('',#1577,#1578,#1151,.T.);
#2076=EDGE_CURVE('',#1574,#1509,#168,.T.);
#2077=EDGE_CURVE('',#1578,#1576,#1152,.T.);
#2078=EDGE_CURVE('',#1532,#1575,#1153,.T.);
#2079=EDGE_CURVE('',#1576,#1530,#1154,.T.);
#2080=EDGE_CURVE('',#1579,#1510,#1252,.T.);
#2081=EDGE_CURVE('',#1510,#1574,#169,.T.);
#2082=EDGE_CURVE('',#1575,#1579,#1155,.T.);
#2083=EDGE_CURVE('',#1580,#1511,#1253,.T.);
#2084=EDGE_CURVE('',#1579,#1580,#1156,.T.);
#2085=EDGE_CURVE('',#1580,#1540,#1157,.T.);
#2086=EDGE_CURVE('',#1581,#1489,#1158,.F.);
#2087=EDGE_CURVE('',#1582,#1581,#1159,.T.);
#2088=EDGE_CURVE('',#1582,#1474,#1254,.T.);
#2089=EDGE_CURVE('',#1582,#1475,#1255,.T.);
#2090=EDGE_CURVE('',#1536,#1582,#170,.T.);
#2091=EDGE_CURVE('',#1517,#1550,#1160,.T.);
#2092=EDGE_CURVE('',#1556,#1503,#1256,.T.);
#2093=EDGE_CURVE('',#1352,#1556,#366,.T.);
#2094=EDGE_CURVE('',#1465,#1351,#367,.T.);
#2095=EDGE_CURVE('',#1583,#1583,#1161,.T.);
#2096=ORIENTED_EDGE('',*,*,#1584,.T.);
#2097=ORIENTED_EDGE('',*,*,#1585,.T.);
#2098=ORIENTED_EDGE('',*,*,#1586,.T.);
#2099=ORIENTED_EDGE('',*,*,#1587,.T.);
#2100=ORIENTED_EDGE('',*,*,#1586,.F.);
#2101=ORIENTED_EDGE('',*,*,#1588,.T.);
#2102=ORIENTED_EDGE('',*,*,#1589,.T.);
#2103=ORIENTED_EDGE('',*,*,#1590,.T.);
#2104=ORIENTED_EDGE('',*,*,#1589,.F.);
#2105=ORIENTED_EDGE('',*,*,#1591,.T.);
#2106=ORIENTED_EDGE('',*,*,#1592,.T.);
#2107=ORIENTED_EDGE('',*,*,#1593,.T.);
#2108=ORIENTED_EDGE('',*,*,#1594,.T.);
#2109=ORIENTED_EDGE('',*,*,#1595,.T.);
#2110=ORIENTED_EDGE('',*,*,#1592,.F.);
#2111=ORIENTED_EDGE('',*,*,#1596,.T.);
#2112=ORIENTED_EDGE('',*,*,#1597,.T.);
#2113=ORIENTED_EDGE('',*,*,#1598,.T.);
#2114=ORIENTED_EDGE('',*,*,#1594,.F.);
#2115=ORIENTED_EDGE('',*,*,#1599,.T.);
#2116=ORIENTED_EDGE('',*,*,#1600,.T.);
#2117=ORIENTED_EDGE('',*,*,#1601,.T.);
#2118=ORIENTED_EDGE('',*,*,#1597,.F.);
#2119=ORIENTED_EDGE('',*,*,#1602,.T.);
#2120=ORIENTED_EDGE('',*,*,#1603,.F.);
#2121=ORIENTED_EDGE('',*,*,#1604,.T.);
#2122=ORIENTED_EDGE('',*,*,#1600,.F.);
#2123=ORIENTED_EDGE('',*,*,#1605,.T.);
#2124=ORIENTED_EDGE('',*,*,#1606,.T.);
#2125=ORIENTED_EDGE('',*,*,#1607,.T.);
#2126=ORIENTED_EDGE('',*,*,#1584,.F.);
#2127=ORIENTED_EDGE('',*,*,#1608,.F.);
#2128=ORIENTED_EDGE('',*,*,#1609,.F.);
#2129=ORIENTED_EDGE('',*,*,#1610,.T.);
#2130=ORIENTED_EDGE('',*,*,#1606,.F.);
#2131=ORIENTED_EDGE('',*,*,#1601,.F.);
#2132=ORIENTED_EDGE('',*,*,#1611,.F.);
#2133=ORIENTED_EDGE('',*,*,#1612,.T.);
#2134=ORIENTED_EDGE('',*,*,#1613,.T.);
#2135=ORIENTED_EDGE('',*,*,#1604,.F.);
#2136=ORIENTED_EDGE('',*,*,#1614,.T.);
#2137=ORIENTED_EDGE('',*,*,#1615,.T.);
#2138=ORIENTED_EDGE('',*,*,#1616,.T.);
#2139=ORIENTED_EDGE('',*,*,#1617,.T.);
#2140=ORIENTED_EDGE('',*,*,#1618,.T.);
#2141=ORIENTED_EDGE('',*,*,#1619,.T.);
#2142=ORIENTED_EDGE('',*,*,#1620,.T.);
#2143=ORIENTED_EDGE('',*,*,#1621,.T.);
#2144=ORIENTED_EDGE('',*,*,#1622,.F.);
#2145=ORIENTED_EDGE('',*,*,#1623,.F.);
#2146=ORIENTED_EDGE('',*,*,#1624,.T.);
#2147=ORIENTED_EDGE('',*,*,#1611,.T.);
#2148=ORIENTED_EDGE('',*,*,#1603,.T.);
#2149=ORIENTED_EDGE('',*,*,#1625,.T.);
#2150=ORIENTED_EDGE('',*,*,#1626,.F.);
#2151=ORIENTED_EDGE('',*,*,#1627,.T.);
#2152=ORIENTED_EDGE('',*,*,#1628,.T.);
#2153=ORIENTED_EDGE('',*,*,#1617,.F.);
#2154=ORIENTED_EDGE('',*,*,#1629,.T.);
#2155=ORIENTED_EDGE('',*,*,#1614,.F.);
#2156=ORIENTED_EDGE('',*,*,#1630,.T.);
#2157=ORIENTED_EDGE('',*,*,#1631,.T.);
#2158=ORIENTED_EDGE('',*,*,#1605,.F.);
#2159=ORIENTED_EDGE('',*,*,#1602,.F.);
#2160=ORIENTED_EDGE('',*,*,#1599,.F.);
#2161=ORIENTED_EDGE('',*,*,#1596,.F.);
#2162=ORIENTED_EDGE('',*,*,#1632,.F.);
#2163=ORIENTED_EDGE('',*,*,#1633,.F.);
#2164=ORIENTED_EDGE('',*,*,#1634,.T.);
#2165=ORIENTED_EDGE('',*,*,#1635,.F.);
#2166=ORIENTED_EDGE('',*,*,#1636,.F.);
#2167=ORIENTED_EDGE('',*,*,#1637,.T.);
#2168=ORIENTED_EDGE('',*,*,#1638,.F.);
#2169=ORIENTED_EDGE('',*,*,#1625,.F.);
#2170=ORIENTED_EDGE('',*,*,#1591,.F.);
#2171=ORIENTED_EDGE('',*,*,#1588,.F.);
#2172=ORIENTED_EDGE('',*,*,#1585,.F.);
#2173=ORIENTED_EDGE('',*,*,#1607,.F.);
#2174=ORIENTED_EDGE('',*,*,#1610,.F.);
#2175=ORIENTED_EDGE('',*,*,#1639,.T.);
#2176=ORIENTED_EDGE('',*,*,#1640,.T.);
#2177=ORIENTED_EDGE('',*,*,#1641,.T.);
#2178=ORIENTED_EDGE('',*,*,#1642,.T.);
#2179=ORIENTED_EDGE('',*,*,#1632,.T.);
#2180=ORIENTED_EDGE('',*,*,#1587,.F.);
#2181=ORIENTED_EDGE('',*,*,#1643,.T.);
#2182=ORIENTED_EDGE('',*,*,#1644,.T.);
#2183=ORIENTED_EDGE('',*,*,#1645,.F.);
#2184=ORIENTED_EDGE('',*,*,#1646,.F.);
#2185=ORIENTED_EDGE('',*,*,#1647,.T.);
#2186=ORIENTED_EDGE('',*,*,#1644,.F.);
#2187=ORIENTED_EDGE('',*,*,#1648,.T.);
#2188=ORIENTED_EDGE('',*,*,#1590,.F.);
#2189=ORIENTED_EDGE('',*,*,#1649,.F.);
#2190=ORIENTED_EDGE('',*,*,#1650,.F.);
#2191=ORIENTED_EDGE('',*,*,#1648,.F.);
#2192=ORIENTED_EDGE('',*,*,#1643,.F.);
#2193=ORIENTED_EDGE('',*,*,#1651,.F.);
#2194=ORIENTED_EDGE('',*,*,#1652,.T.);
#2195=ORIENTED_EDGE('',*,*,#1646,.T.);
#2196=ORIENTED_EDGE('',*,*,#1653,.F.);
#2197=ORIENTED_EDGE('',*,*,#1654,.F.);
#2198=ORIENTED_EDGE('',*,*,#1655,.F.);
#2199=ORIENTED_EDGE('',*,*,#1656,.F.);
#2200=ORIENTED_EDGE('',*,*,#1609,.T.);
#2201=ORIENTED_EDGE('',*,*,#1608,.T.);
#2202=ORIENTED_EDGE('',*,*,#1645,.T.);
#2203=ORIENTED_EDGE('',*,*,#1647,.F.);
#2204=ORIENTED_EDGE('',*,*,#1652,.F.);
#2205=ORIENTED_EDGE('',*,*,#1657,.F.);
#2206=ORIENTED_EDGE('',*,*,#1658,.F.);
#2207=ORIENTED_EDGE('',*,*,#1659,.F.);
#2208=ORIENTED_EDGE('',*,*,#1655,.T.);
#2209=ORIENTED_EDGE('',*,*,#1660,.F.);
#2210=ORIENTED_EDGE('',*,*,#1661,.F.);
#2211=ORIENTED_EDGE('',*,*,#1639,.F.);
#2212=ORIENTED_EDGE('',*,*,#1662,.F.);
#2213=ORIENTED_EDGE('',*,*,#1663,.T.);
#2214=ORIENTED_EDGE('',*,*,#1660,.T.);
#2215=ORIENTED_EDGE('',*,*,#1654,.T.);
#2216=ORIENTED_EDGE('',*,*,#1664,.T.);
#2217=ORIENTED_EDGE('',*,*,#1665,.F.);
#2218=ORIENTED_EDGE('',*,*,#1666,.F.);
#2219=ORIENTED_EDGE('',*,*,#1640,.F.);
#2220=ORIENTED_EDGE('',*,*,#1661,.T.);
#2221=ORIENTED_EDGE('',*,*,#1663,.F.);
#2222=ORIENTED_EDGE('',*,*,#1656,.T.);
#2223=ORIENTED_EDGE('',*,*,#1659,.T.);
#2224=ORIENTED_EDGE('',*,*,#1667,.T.);
#2225=ORIENTED_EDGE('',*,*,#1668,.F.);
#2226=ORIENTED_EDGE('',*,*,#1664,.F.);
#2227=ORIENTED_EDGE('',*,*,#1657,.T.);
#2228=ORIENTED_EDGE('',*,*,#1669,.F.);
#2229=ORIENTED_EDGE('',*,*,#1670,.T.);
#2230=ORIENTED_EDGE('',*,*,#1671,.F.);
#2231=ORIENTED_EDGE('',*,*,#1672,.F.);
#2232=ORIENTED_EDGE('',*,*,#1673,.F.);
#2233=ORIENTED_EDGE('',*,*,#1674,.F.);
#2234=ORIENTED_EDGE('',*,*,#1675,.T.);
#2235=ORIENTED_EDGE('',*,*,#1676,.F.);
#2236=ORIENTED_EDGE('',*,*,#1677,.T.);
#2237=ORIENTED_EDGE('',*,*,#1615,.F.);
#2238=ORIENTED_EDGE('',*,*,#1629,.F.);
#2239=ORIENTED_EDGE('',*,*,#1616,.F.);
#2240=ORIENTED_EDGE('',*,*,#1677,.F.);
#2241=ORIENTED_EDGE('',*,*,#1678,.F.);
#2242=ORIENTED_EDGE('',*,*,#1679,.T.);
#2243=ORIENTED_EDGE('',*,*,#1630,.F.);
#2244=ORIENTED_EDGE('',*,*,#1631,.F.);
#2245=ORIENTED_EDGE('',*,*,#1679,.F.);
#2246=ORIENTED_EDGE('',*,*,#1680,.T.);
#2247=ORIENTED_EDGE('',*,*,#1681,.F.);
#2248=ORIENTED_EDGE('',*,*,#1682,.T.);
#2249=ORIENTED_EDGE('',*,*,#1683,.F.);
#2250=ORIENTED_EDGE('',*,*,#1684,.T.);
#2251=ORIENTED_EDGE('',*,*,#1685,.T.);
#2252=ORIENTED_EDGE('',*,*,#1684,.F.);
#2253=ORIENTED_EDGE('',*,*,#1686,.F.);
#2254=ORIENTED_EDGE('',*,*,#1687,.F.);
#2255=ORIENTED_EDGE('',*,*,#1683,.T.);
#2256=ORIENTED_EDGE('',*,*,#1688,.F.);
#2257=ORIENTED_EDGE('',*,*,#1689,.F.);
#2258=ORIENTED_EDGE('',*,*,#1690,.F.);
#2259=ORIENTED_EDGE('',*,*,#1686,.T.);
#2260=ORIENTED_EDGE('',*,*,#1691,.F.);
#2261=ORIENTED_EDGE('',*,*,#1692,.F.);
#2262=ORIENTED_EDGE('',*,*,#1693,.F.);
#2263=ORIENTED_EDGE('',*,*,#1694,.T.);
#2264=ORIENTED_EDGE('',*,*,#1695,.F.);
#2265=ORIENTED_EDGE('',*,*,#1694,.F.);
#2266=ORIENTED_EDGE('',*,*,#1696,.F.);
#2267=ORIENTED_EDGE('',*,*,#1697,.T.);
#2268=ORIENTED_EDGE('',*,*,#1698,.F.);
#2269=ORIENTED_EDGE('',*,*,#1699,.F.);
#2270=ORIENTED_EDGE('',*,*,#1700,.F.);
#2271=ORIENTED_EDGE('',*,*,#1689,.T.);
#2272=ORIENTED_EDGE('',*,*,#1701,.F.);
#2273=ORIENTED_EDGE('',*,*,#1697,.F.);
#2274=ORIENTED_EDGE('',*,*,#1702,.F.);
#2275=ORIENTED_EDGE('',*,*,#1699,.T.);
#2276=ORIENTED_EDGE('',*,*,#1703,.F.);
#2277=ORIENTED_EDGE('',*,*,#1704,.F.);
#2278=ORIENTED_EDGE('',*,*,#1705,.F.);
#2279=ORIENTED_EDGE('',*,*,#1692,.T.);
#2280=ORIENTED_EDGE('',*,*,#1706,.F.);
#2281=ORIENTED_EDGE('',*,*,#1707,.F.);
#2282=ORIENTED_EDGE('',*,*,#1708,.F.);
#2283=ORIENTED_EDGE('',*,*,#1709,.F.);
#2284=ORIENTED_EDGE('',*,*,#1710,.F.);
#2285=ORIENTED_EDGE('',*,*,#1711,.F.);
#2286=ORIENTED_EDGE('',*,*,#1712,.F.);
#2287=ORIENTED_EDGE('',*,*,#1713,.F.);
#2288=ORIENTED_EDGE('',*,*,#1704,.T.);
#2289=ORIENTED_EDGE('',*,*,#1691,.T.);
#2290=ORIENTED_EDGE('',*,*,#1695,.T.);
#2291=ORIENTED_EDGE('',*,*,#1701,.T.);
#2292=ORIENTED_EDGE('',*,*,#1698,.T.);
#2293=ORIENTED_EDGE('',*,*,#1688,.T.);
#2294=ORIENTED_EDGE('',*,*,#1682,.F.);
#2295=ORIENTED_EDGE('',*,*,#1714,.T.);
#2296=ORIENTED_EDGE('',*,*,#1715,.T.);
#2297=ORIENTED_EDGE('',*,*,#1716,.T.);
#2298=ORIENTED_EDGE('',*,*,#1717,.T.);
#2299=ORIENTED_EDGE('',*,*,#1718,.F.);
#2300=ORIENTED_EDGE('',*,*,#1719,.T.);
#2301=ORIENTED_EDGE('',*,*,#1703,.T.);
#2302=ORIENTED_EDGE('',*,*,#1719,.F.);
#2303=ORIENTED_EDGE('',*,*,#1720,.F.);
#2304=ORIENTED_EDGE('',*,*,#1721,.T.);
#2305=ORIENTED_EDGE('',*,*,#1722,.T.);
#2306=ORIENTED_EDGE('',*,*,#1723,.T.);
#2307=ORIENTED_EDGE('',*,*,#1721,.F.);
#2308=ORIENTED_EDGE('',*,*,#1723,.F.);
#2309=ORIENTED_EDGE('',*,*,#1722,.F.);
#2310=ORIENTED_EDGE('',*,*,#1724,.F.);
#2311=ORIENTED_EDGE('',*,*,#1725,.F.);
#2312=ORIENTED_EDGE('',*,*,#1726,.F.);
#2313=ORIENTED_EDGE('',*,*,#1727,.F.);
#2314=ORIENTED_EDGE('',*,*,#1728,.F.);
#2315=ORIENTED_EDGE('',*,*,#1729,.F.);
#2316=ORIENTED_EDGE('',*,*,#1730,.F.);
#2317=ORIENTED_EDGE('',*,*,#1731,.F.);
#2318=ORIENTED_EDGE('',*,*,#1730,.T.);
#2319=ORIENTED_EDGE('',*,*,#1732,.F.);
#2320=ORIENTED_EDGE('',*,*,#1733,.T.);
#2321=ORIENTED_EDGE('',*,*,#1734,.F.);
#2322=ORIENTED_EDGE('',*,*,#1595,.F.);
#2323=ORIENTED_EDGE('',*,*,#1735,.T.);
#2324=ORIENTED_EDGE('',*,*,#1736,.F.);
#2325=ORIENTED_EDGE('',*,*,#1649,.T.);
#2326=ORIENTED_EDGE('',*,*,#1593,.F.);
#2327=ORIENTED_EDGE('',*,*,#1731,.T.);
#2328=ORIENTED_EDGE('',*,*,#1734,.T.);
#2329=ORIENTED_EDGE('',*,*,#1737,.T.);
#2330=ORIENTED_EDGE('',*,*,#1738,.T.);
#2331=ORIENTED_EDGE('',*,*,#1725,.T.);
#2332=ORIENTED_EDGE('',*,*,#1739,.T.);
#2333=ORIENTED_EDGE('',*,*,#1740,.T.);
#2334=ORIENTED_EDGE('',*,*,#1741,.T.);
#2335=ORIENTED_EDGE('',*,*,#1726,.T.);
#2336=ORIENTED_EDGE('',*,*,#1738,.F.);
#2337=ORIENTED_EDGE('',*,*,#1742,.F.);
#2338=ORIENTED_EDGE('',*,*,#1743,.F.);
#2339=ORIENTED_EDGE('',*,*,#1641,.F.);
#2340=ORIENTED_EDGE('',*,*,#1666,.T.);
#2341=ORIENTED_EDGE('',*,*,#1744,.F.);
#2342=ORIENTED_EDGE('',*,*,#1745,.T.);
#2343=ORIENTED_EDGE('',*,*,#1746,.F.);
#2344=ORIENTED_EDGE('',*,*,#1658,.T.);
#2345=ORIENTED_EDGE('',*,*,#1675,.F.);
#2346=ORIENTED_EDGE('',*,*,#1747,.F.);
#2347=ORIENTED_EDGE('',*,*,#1667,.F.);
#2348=ORIENTED_EDGE('',*,*,#1636,.T.);
#2349=ORIENTED_EDGE('',*,*,#1748,.T.);
#2350=ORIENTED_EDGE('',*,*,#1749,.T.);
#2351=ORIENTED_EDGE('',*,*,#1750,.F.);
#2352=ORIENTED_EDGE('',*,*,#1751,.T.);
#2353=ORIENTED_EDGE('',*,*,#1752,.T.);
#2354=ORIENTED_EDGE('',*,*,#1749,.F.);
#2355=ORIENTED_EDGE('',*,*,#1753,.F.);
#2356=ORIENTED_EDGE('',*,*,#1754,.F.);
#2357=ORIENTED_EDGE('',*,*,#1755,.F.);
#2358=ORIENTED_EDGE('',*,*,#1748,.F.);
#2359=ORIENTED_EDGE('',*,*,#1635,.T.);
#2360=ORIENTED_EDGE('',*,*,#1756,.T.);
#2361=ORIENTED_EDGE('',*,*,#1753,.T.);
#2362=ORIENTED_EDGE('',*,*,#1751,.F.);
#2363=ORIENTED_EDGE('',*,*,#1757,.T.);
#2364=ORIENTED_EDGE('',*,*,#1758,.F.);
#2365=ORIENTED_EDGE('',*,*,#1759,.T.);
#2366=ORIENTED_EDGE('',*,*,#1628,.F.);
#2367=ORIENTED_EDGE('',*,*,#1760,.T.);
#2368=ORIENTED_EDGE('',*,*,#1618,.F.);
#2369=ORIENTED_EDGE('',*,*,#1761,.F.);
#2370=ORIENTED_EDGE('',*,*,#1762,.F.);
#2371=ORIENTED_EDGE('',*,*,#1620,.F.);
#2372=ORIENTED_EDGE('',*,*,#1763,.F.);
#2373=ORIENTED_EDGE('',*,*,#1627,.F.);
#2374=ORIENTED_EDGE('',*,*,#1764,.F.);
#2375=ORIENTED_EDGE('',*,*,#1757,.F.);
#2376=ORIENTED_EDGE('',*,*,#1765,.F.);
#2377=ORIENTED_EDGE('',*,*,#1763,.T.);
#2378=ORIENTED_EDGE('',*,*,#1619,.F.);
#2379=ORIENTED_EDGE('',*,*,#1760,.F.);
#2380=ORIENTED_EDGE('',*,*,#1762,.T.);
#2381=ORIENTED_EDGE('',*,*,#1621,.F.);
#2382=ORIENTED_EDGE('',*,*,#1728,.T.);
#2383=ORIENTED_EDGE('',*,*,#1741,.F.);
#2384=ORIENTED_EDGE('',*,*,#1766,.F.);
#2385=ORIENTED_EDGE('',*,*,#1767,.F.);
#2386=ORIENTED_EDGE('',*,*,#1740,.F.);
#2387=ORIENTED_EDGE('',*,*,#1768,.F.);
#2388=ORIENTED_EDGE('',*,*,#1769,.F.);
#2389=ORIENTED_EDGE('',*,*,#1766,.T.);
#2390=ORIENTED_EDGE('',*,*,#1737,.F.);
#2391=ORIENTED_EDGE('',*,*,#1733,.F.);
#2392=ORIENTED_EDGE('',*,*,#1770,.F.);
#2393=ORIENTED_EDGE('',*,*,#1742,.T.);
#2394=ORIENTED_EDGE('',*,*,#1724,.T.);
#2395=ORIENTED_EDGE('',*,*,#1771,.F.);
#2396=ORIENTED_EDGE('',*,*,#1768,.T.);
#2397=ORIENTED_EDGE('',*,*,#1739,.F.);
#2398=ORIENTED_EDGE('',*,*,#1767,.T.);
#2399=ORIENTED_EDGE('',*,*,#1769,.T.);
#2400=ORIENTED_EDGE('',*,*,#1771,.T.);
#2401=ORIENTED_EDGE('',*,*,#1727,.T.);
#2402=ORIENTED_EDGE('',*,*,#1743,.T.);
#2403=ORIENTED_EDGE('',*,*,#1770,.T.);
#2404=ORIENTED_EDGE('',*,*,#1732,.T.);
#2405=ORIENTED_EDGE('',*,*,#1729,.T.);
#2406=ORIENTED_EDGE('',*,*,#1720,.T.);
#2407=ORIENTED_EDGE('',*,*,#1764,.T.);
#2408=ORIENTED_EDGE('',*,*,#1626,.T.);
#2409=ORIENTED_EDGE('',*,*,#1638,.T.);
#2410=ORIENTED_EDGE('',*,*,#1772,.F.);
#2411=ORIENTED_EDGE('',*,*,#1758,.T.);
#2412=ORIENTED_EDGE('',*,*,#1773,.T.);
#2413=ORIENTED_EDGE('',*,*,#1774,.T.);
#2414=ORIENTED_EDGE('',*,*,#1775,.F.);
#2415=ORIENTED_EDGE('',*,*,#1776,.F.);
#2416=ORIENTED_EDGE('',*,*,#1777,.F.);
#2417=ORIENTED_EDGE('',*,*,#1778,.T.);
#2418=ORIENTED_EDGE('',*,*,#1776,.T.);
#2419=ORIENTED_EDGE('',*,*,#1779,.F.);
#2420=ORIENTED_EDGE('',*,*,#1780,.F.);
#2421=ORIENTED_EDGE('',*,*,#1781,.F.);
#2422=ORIENTED_EDGE('',*,*,#1780,.T.);
#2423=ORIENTED_EDGE('',*,*,#1782,.F.);
#2424=ORIENTED_EDGE('',*,*,#1783,.F.);
#2425=ORIENTED_EDGE('',*,*,#1784,.F.);
#2426=ORIENTED_EDGE('',*,*,#1783,.T.);
#2427=ORIENTED_EDGE('',*,*,#1785,.F.);
#2428=ORIENTED_EDGE('',*,*,#1786,.F.);
#2429=ORIENTED_EDGE('',*,*,#1787,.F.);
#2430=ORIENTED_EDGE('',*,*,#1786,.T.);
#2431=ORIENTED_EDGE('',*,*,#1788,.F.);
#2432=ORIENTED_EDGE('',*,*,#1789,.F.);
#2433=ORIENTED_EDGE('',*,*,#1790,.F.);
#2434=ORIENTED_EDGE('',*,*,#1789,.T.);
#2435=ORIENTED_EDGE('',*,*,#1791,.F.);
#2436=ORIENTED_EDGE('',*,*,#1792,.F.);
#2437=ORIENTED_EDGE('',*,*,#1793,.F.);
#2438=ORIENTED_EDGE('',*,*,#1792,.T.);
#2439=ORIENTED_EDGE('',*,*,#1794,.F.);
#2440=ORIENTED_EDGE('',*,*,#1795,.F.);
#2441=ORIENTED_EDGE('',*,*,#1796,.T.);
#2442=ORIENTED_EDGE('',*,*,#1797,.F.);
#2443=ORIENTED_EDGE('',*,*,#1795,.T.);
#2444=ORIENTED_EDGE('',*,*,#1798,.F.);
#2445=ORIENTED_EDGE('',*,*,#1774,.F.);
#2446=ORIENTED_EDGE('',*,*,#1798,.T.);
#2447=ORIENTED_EDGE('',*,*,#1794,.T.);
#2448=ORIENTED_EDGE('',*,*,#1791,.T.);
#2449=ORIENTED_EDGE('',*,*,#1788,.T.);
#2450=ORIENTED_EDGE('',*,*,#1785,.T.);
#2451=ORIENTED_EDGE('',*,*,#1782,.T.);
#2452=ORIENTED_EDGE('',*,*,#1779,.T.);
#2453=ORIENTED_EDGE('',*,*,#1775,.T.);
#2454=ORIENTED_EDGE('',*,*,#1673,.T.);
#2455=ORIENTED_EDGE('',*,*,#1796,.F.);
#2456=ORIENTED_EDGE('',*,*,#1773,.F.);
#2457=ORIENTED_EDGE('',*,*,#1778,.F.);
#2458=ORIENTED_EDGE('',*,*,#1799,.F.);
#2459=ORIENTED_EDGE('',*,*,#1800,.T.);
#2460=ORIENTED_EDGE('',*,*,#1801,.F.);
#2461=ORIENTED_EDGE('',*,*,#1802,.F.);
#2462=ORIENTED_EDGE('',*,*,#1803,.F.);
#2463=ORIENTED_EDGE('',*,*,#1802,.T.);
#2464=ORIENTED_EDGE('',*,*,#1804,.F.);
#2465=ORIENTED_EDGE('',*,*,#1805,.F.);
#2466=ORIENTED_EDGE('',*,*,#1806,.F.);
#2467=ORIENTED_EDGE('',*,*,#1805,.T.);
#2468=ORIENTED_EDGE('',*,*,#1807,.F.);
#2469=ORIENTED_EDGE('',*,*,#1808,.F.);
#2470=ORIENTED_EDGE('',*,*,#1809,.F.);
#2471=ORIENTED_EDGE('',*,*,#1808,.T.);
#2472=ORIENTED_EDGE('',*,*,#1810,.F.);
#2473=ORIENTED_EDGE('',*,*,#1811,.F.);
#2474=ORIENTED_EDGE('',*,*,#1812,.F.);
#2475=ORIENTED_EDGE('',*,*,#1811,.T.);
#2476=ORIENTED_EDGE('',*,*,#1813,.F.);
#2477=ORIENTED_EDGE('',*,*,#1814,.F.);
#2478=ORIENTED_EDGE('',*,*,#1815,.F.);
#2479=ORIENTED_EDGE('',*,*,#1814,.T.);
#2480=ORIENTED_EDGE('',*,*,#1816,.F.);
#2481=ORIENTED_EDGE('',*,*,#1817,.F.);
#2482=ORIENTED_EDGE('',*,*,#1818,.F.);
#2483=ORIENTED_EDGE('',*,*,#1817,.T.);
#2484=ORIENTED_EDGE('',*,*,#1819,.F.);
#2485=ORIENTED_EDGE('',*,*,#1820,.F.);
#2486=ORIENTED_EDGE('',*,*,#1821,.F.);
#2487=ORIENTED_EDGE('',*,*,#1820,.T.);
#2488=ORIENTED_EDGE('',*,*,#1822,.F.);
#2489=ORIENTED_EDGE('',*,*,#1823,.F.);
#2490=ORIENTED_EDGE('',*,*,#1824,.F.);
#2491=ORIENTED_EDGE('',*,*,#1823,.T.);
#2492=ORIENTED_EDGE('',*,*,#1825,.F.);
#2493=ORIENTED_EDGE('',*,*,#1826,.F.);
#2494=ORIENTED_EDGE('',*,*,#1827,.F.);
#2495=ORIENTED_EDGE('',*,*,#1826,.T.);
#2496=ORIENTED_EDGE('',*,*,#1828,.F.);
#2497=ORIENTED_EDGE('',*,*,#1829,.F.);
#2498=ORIENTED_EDGE('',*,*,#1830,.F.);
#2499=ORIENTED_EDGE('',*,*,#1829,.T.);
#2500=ORIENTED_EDGE('',*,*,#1831,.F.);
#2501=ORIENTED_EDGE('',*,*,#1832,.F.);
#2502=ORIENTED_EDGE('',*,*,#1833,.F.);
#2503=ORIENTED_EDGE('',*,*,#1832,.T.);
#2504=ORIENTED_EDGE('',*,*,#1834,.F.);
#2505=ORIENTED_EDGE('',*,*,#1800,.F.);
#2506=ORIENTED_EDGE('',*,*,#1834,.T.);
#2507=ORIENTED_EDGE('',*,*,#1831,.T.);
#2508=ORIENTED_EDGE('',*,*,#1828,.T.);
#2509=ORIENTED_EDGE('',*,*,#1825,.T.);
#2510=ORIENTED_EDGE('',*,*,#1822,.T.);
#2511=ORIENTED_EDGE('',*,*,#1819,.T.);
#2512=ORIENTED_EDGE('',*,*,#1816,.T.);
#2513=ORIENTED_EDGE('',*,*,#1813,.T.);
#2514=ORIENTED_EDGE('',*,*,#1810,.T.);
#2515=ORIENTED_EDGE('',*,*,#1807,.T.);
#2516=ORIENTED_EDGE('',*,*,#1804,.T.);
#2517=ORIENTED_EDGE('',*,*,#1801,.T.);
#2518=ORIENTED_EDGE('',*,*,#1835,.F.);
#2519=ORIENTED_EDGE('',*,*,#1754,.T.);
#2520=ORIENTED_EDGE('',*,*,#1756,.F.);
#2521=ORIENTED_EDGE('',*,*,#1634,.F.);
#2522=ORIENTED_EDGE('',*,*,#1752,.F.);
#2523=ORIENTED_EDGE('',*,*,#1759,.F.);
#2524=ORIENTED_EDGE('',*,*,#1772,.T.);
#2525=ORIENTED_EDGE('',*,*,#1637,.F.);
#2526=ORIENTED_EDGE('',*,*,#1716,.F.);
#2527=ORIENTED_EDGE('',*,*,#1836,.F.);
#2528=ORIENTED_EDGE('',*,*,#1837,.F.);
#2529=ORIENTED_EDGE('',*,*,#1838,.T.);
#2530=ORIENTED_EDGE('',*,*,#1705,.T.);
#2531=ORIENTED_EDGE('',*,*,#1717,.F.);
#2532=ORIENTED_EDGE('',*,*,#1838,.F.);
#2533=ORIENTED_EDGE('',*,*,#1839,.F.);
#2534=ORIENTED_EDGE('',*,*,#1681,.T.);
#2535=ORIENTED_EDGE('',*,*,#1680,.F.);
#2536=ORIENTED_EDGE('',*,*,#1840,.F.);
#2537=ORIENTED_EDGE('',*,*,#1841,.T.);
#2538=ORIENTED_EDGE('',*,*,#1842,.T.);
#2539=ORIENTED_EDGE('',*,*,#1714,.F.);
#2540=ORIENTED_EDGE('',*,*,#1715,.F.);
#2541=ORIENTED_EDGE('',*,*,#1842,.F.);
#2542=ORIENTED_EDGE('',*,*,#1843,.T.);
#2543=ORIENTED_EDGE('',*,*,#1836,.T.);
#2544=ORIENTED_EDGE('',*,*,#1642,.F.);
#2545=ORIENTED_EDGE('',*,*,#1746,.T.);
#2546=ORIENTED_EDGE('',*,*,#1844,.T.);
#2547=ORIENTED_EDGE('',*,*,#1845,.F.);
#2548=ORIENTED_EDGE('',*,*,#1846,.F.);
#2549=ORIENTED_EDGE('',*,*,#1847,.F.);
#2550=ORIENTED_EDGE('',*,*,#1848,.F.);
#2551=ORIENTED_EDGE('',*,*,#1849,.T.);
#2552=ORIENTED_EDGE('',*,*,#1761,.T.);
#2553=ORIENTED_EDGE('',*,*,#1765,.T.);
#2554=ORIENTED_EDGE('',*,*,#1750,.T.);
#2555=ORIENTED_EDGE('',*,*,#1755,.T.);
#2556=ORIENTED_EDGE('',*,*,#1835,.T.);
#2557=ORIENTED_EDGE('',*,*,#1633,.T.);
#2558=ORIENTED_EDGE('',*,*,#1797,.T.);
#2559=ORIENTED_EDGE('',*,*,#1672,.T.);
#2560=ORIENTED_EDGE('',*,*,#1850,.T.);
#2561=ORIENTED_EDGE('',*,*,#1851,.F.);
#2562=ORIENTED_EDGE('',*,*,#1852,.F.);
#2563=ORIENTED_EDGE('',*,*,#1853,.T.);
#2564=ORIENTED_EDGE('',*,*,#1837,.T.);
#2565=ORIENTED_EDGE('',*,*,#1854,.T.);
#2566=ORIENTED_EDGE('',*,*,#1855,.F.);
#2567=ORIENTED_EDGE('',*,*,#1856,.F.);
#2568=ORIENTED_EDGE('',*,*,#1857,.F.);
#2569=ORIENTED_EDGE('',*,*,#1858,.F.);
#2570=ORIENTED_EDGE('',*,*,#1859,.T.);
#2571=ORIENTED_EDGE('',*,*,#1744,.T.);
#2572=ORIENTED_EDGE('',*,*,#1665,.T.);
#2573=ORIENTED_EDGE('',*,*,#1668,.T.);
#2574=ORIENTED_EDGE('',*,*,#1747,.T.);
#2575=ORIENTED_EDGE('',*,*,#1674,.T.);
#2576=ORIENTED_EDGE('',*,*,#1777,.T.);
#2577=ORIENTED_EDGE('',*,*,#1781,.T.);
#2578=ORIENTED_EDGE('',*,*,#1784,.T.);
#2579=ORIENTED_EDGE('',*,*,#1787,.T.);
#2580=ORIENTED_EDGE('',*,*,#1790,.T.);
#2581=ORIENTED_EDGE('',*,*,#1793,.T.);
#2582=ORIENTED_EDGE('',*,*,#1799,.T.);
#2583=ORIENTED_EDGE('',*,*,#1803,.T.);
#2584=ORIENTED_EDGE('',*,*,#1806,.T.);
#2585=ORIENTED_EDGE('',*,*,#1809,.T.);
#2586=ORIENTED_EDGE('',*,*,#1812,.T.);
#2587=ORIENTED_EDGE('',*,*,#1815,.T.);
#2588=ORIENTED_EDGE('',*,*,#1818,.T.);
#2589=ORIENTED_EDGE('',*,*,#1821,.T.);
#2590=ORIENTED_EDGE('',*,*,#1824,.T.);
#2591=ORIENTED_EDGE('',*,*,#1827,.T.);
#2592=ORIENTED_EDGE('',*,*,#1830,.T.);
#2593=ORIENTED_EDGE('',*,*,#1833,.T.);
#2594=ORIENTED_EDGE('',*,*,#1859,.F.);
#2595=ORIENTED_EDGE('',*,*,#1860,.F.);
#2596=ORIENTED_EDGE('',*,*,#1844,.F.);
#2597=ORIENTED_EDGE('',*,*,#1745,.F.);
#2598=ORIENTED_EDGE('',*,*,#1858,.T.);
#2599=ORIENTED_EDGE('',*,*,#1861,.F.);
#2600=ORIENTED_EDGE('',*,*,#1862,.F.);
#2601=ORIENTED_EDGE('',*,*,#1863,.T.);
#2602=ORIENTED_EDGE('',*,*,#1864,.T.);
#2603=ORIENTED_EDGE('',*,*,#1865,.F.);
#2604=ORIENTED_EDGE('',*,*,#1860,.T.);
#2605=ORIENTED_EDGE('',*,*,#1662,.T.);
#2606=ORIENTED_EDGE('',*,*,#1866,.F.);
#2607=ORIENTED_EDGE('',*,*,#1736,.T.);
#2608=ORIENTED_EDGE('',*,*,#1867,.F.);
#2609=ORIENTED_EDGE('',*,*,#1612,.F.);
#2610=ORIENTED_EDGE('',*,*,#1624,.F.);
#2611=ORIENTED_EDGE('',*,*,#1868,.F.);
#2612=ORIENTED_EDGE('',*,*,#1869,.F.);
#2613=ORIENTED_EDGE('',*,*,#1598,.F.);
#2614=ORIENTED_EDGE('',*,*,#1613,.F.);
#2615=ORIENTED_EDGE('',*,*,#1867,.T.);
#2616=ORIENTED_EDGE('',*,*,#1735,.F.);
#2617=ORIENTED_EDGE('',*,*,#1870,.F.);
#2618=ORIENTED_EDGE('',*,*,#1670,.F.);
#2619=ORIENTED_EDGE('',*,*,#1868,.T.);
#2620=ORIENTED_EDGE('',*,*,#1623,.T.);
#2621=ORIENTED_EDGE('',*,*,#1871,.T.);
#2622=ORIENTED_EDGE('',*,*,#1872,.T.);
#2623=ORIENTED_EDGE('',*,*,#1653,.T.);
#2624=ORIENTED_EDGE('',*,*,#1650,.T.);
#2625=ORIENTED_EDGE('',*,*,#1866,.T.);
#2626=ORIENTED_EDGE('',*,*,#1669,.T.);
#2627=ORIENTED_EDGE('',*,*,#1651,.T.);
#2628=ORIENTED_EDGE('',*,*,#1872,.F.);
#2629=ORIENTED_EDGE('',*,*,#1871,.F.);
#2630=ORIENTED_EDGE('',*,*,#1873,.F.);
#2631=ORIENTED_EDGE('',*,*,#1622,.T.);
#2632=ORIENTED_EDGE('',*,*,#1849,.F.);
#2633=ORIENTED_EDGE('',*,*,#1874,.F.);
#2634=ORIENTED_EDGE('',*,*,#1875,.F.);
#2635=ORIENTED_EDGE('',*,*,#1876,.F.);
#2636=ORIENTED_EDGE('',*,*,#1877,.F.);
#2637=ORIENTED_EDGE('',*,*,#1878,.F.);
#2638=ORIENTED_EDGE('',*,*,#1879,.F.);
#2639=ORIENTED_EDGE('',*,*,#1880,.F.);
#2640=ORIENTED_EDGE('',*,*,#1881,.F.);
#2641=ORIENTED_EDGE('',*,*,#1882,.F.);
#2642=ORIENTED_EDGE('',*,*,#1883,.F.);
#2643=ORIENTED_EDGE('',*,*,#1884,.F.);
#2644=ORIENTED_EDGE('',*,*,#1850,.F.);
#2645=ORIENTED_EDGE('',*,*,#1671,.T.);
#2646=ORIENTED_EDGE('',*,*,#1870,.T.);
#2647=ORIENTED_EDGE('',*,*,#1885,.F.);
#2648=ORIENTED_EDGE('',*,*,#1886,.T.);
#2649=ORIENTED_EDGE('',*,*,#1873,.T.);
#2650=ORIENTED_EDGE('',*,*,#1886,.F.);
#2651=ORIENTED_EDGE('',*,*,#1887,.F.);
#2652=ORIENTED_EDGE('',*,*,#1888,.T.);
#2653=ORIENTED_EDGE('',*,*,#1869,.T.);
#2654=ORIENTED_EDGE('',*,*,#1888,.F.);
#2655=ORIENTED_EDGE('',*,*,#1702,.T.);
#2656=ORIENTED_EDGE('',*,*,#1696,.T.);
#2657=ORIENTED_EDGE('',*,*,#1693,.T.);
#2658=ORIENTED_EDGE('',*,*,#1839,.T.);
#2659=ORIENTED_EDGE('',*,*,#1853,.F.);
#2660=ORIENTED_EDGE('',*,*,#1889,.F.);
#2661=ORIENTED_EDGE('',*,*,#1890,.F.);
#2662=ORIENTED_EDGE('',*,*,#1891,.F.);
#2663=ORIENTED_EDGE('',*,*,#1892,.F.);
#2664=ORIENTED_EDGE('',*,*,#1893,.F.);
#2665=ORIENTED_EDGE('',*,*,#1894,.F.);
#2666=ORIENTED_EDGE('',*,*,#1895,.F.);
#2667=ORIENTED_EDGE('',*,*,#1854,.F.);
#2668=ORIENTED_EDGE('',*,*,#1843,.F.);
#2669=ORIENTED_EDGE('',*,*,#1841,.F.);
#2670=ORIENTED_EDGE('',*,*,#1840,.T.);
#2671=ORIENTED_EDGE('',*,*,#1685,.F.);
#2672=ORIENTED_EDGE('',*,*,#1687,.T.);
#2673=ORIENTED_EDGE('',*,*,#1690,.T.);
#2674=ORIENTED_EDGE('',*,*,#1700,.T.);
#2675=ORIENTED_EDGE('',*,*,#1878,.T.);
#2676=ORIENTED_EDGE('',*,*,#1896,.T.);
#2677=ORIENTED_EDGE('',*,*,#1897,.T.);
#2678=ORIENTED_EDGE('',*,*,#1898,.T.);
#2679=ORIENTED_EDGE('',*,*,#1877,.T.);
#2680=ORIENTED_EDGE('',*,*,#1899,.F.);
#2681=ORIENTED_EDGE('',*,*,#1896,.F.);
#2682=ORIENTED_EDGE('',*,*,#1876,.T.);
#2683=ORIENTED_EDGE('',*,*,#1900,.F.);
#2684=ORIENTED_EDGE('',*,*,#1901,.F.);
#2685=ORIENTED_EDGE('',*,*,#1902,.F.);
#2686=ORIENTED_EDGE('',*,*,#1903,.T.);
#2687=ORIENTED_EDGE('',*,*,#1904,.T.);
#2688=ORIENTED_EDGE('',*,*,#1905,.F.);
#2689=ORIENTED_EDGE('',*,*,#1906,.F.);
#2690=ORIENTED_EDGE('',*,*,#1907,.F.);
#2691=ORIENTED_EDGE('',*,*,#1908,.F.);
#2692=ORIENTED_EDGE('',*,*,#1909,.F.);
#2693=ORIENTED_EDGE('',*,*,#1910,.F.);
#2694=ORIENTED_EDGE('',*,*,#1911,.T.);
#2695=ORIENTED_EDGE('',*,*,#1912,.F.);
#2696=ORIENTED_EDGE('',*,*,#1897,.F.);
#2697=ORIENTED_EDGE('',*,*,#1899,.T.);
#2698=ORIENTED_EDGE('',*,*,#1875,.T.);
#2699=ORIENTED_EDGE('',*,*,#1913,.T.);
#2700=ORIENTED_EDGE('',*,*,#1914,.F.);
#2701=ORIENTED_EDGE('',*,*,#1915,.F.);
#2702=ORIENTED_EDGE('',*,*,#1916,.F.);
#2703=ORIENTED_EDGE('',*,*,#1917,.F.);
#2704=ORIENTED_EDGE('',*,*,#1918,.F.);
#2705=ORIENTED_EDGE('',*,*,#1900,.T.);
#2706=ORIENTED_EDGE('',*,*,#1874,.T.);
#2707=ORIENTED_EDGE('',*,*,#1848,.T.);
#2708=ORIENTED_EDGE('',*,*,#1919,.T.);
#2709=ORIENTED_EDGE('',*,*,#1920,.T.);
#2710=ORIENTED_EDGE('',*,*,#1921,.F.);
#2711=ORIENTED_EDGE('',*,*,#1922,.F.);
#2712=ORIENTED_EDGE('',*,*,#1923,.F.);
#2713=ORIENTED_EDGE('',*,*,#1924,.F.);
#2714=ORIENTED_EDGE('',*,*,#1913,.F.);
#2715=ORIENTED_EDGE('',*,*,#1847,.T.);
#2716=ORIENTED_EDGE('',*,*,#1925,.T.);
#2717=ORIENTED_EDGE('',*,*,#1926,.F.);
#2718=ORIENTED_EDGE('',*,*,#1927,.T.);
#2719=ORIENTED_EDGE('',*,*,#1928,.T.);
#2720=ORIENTED_EDGE('',*,*,#1919,.F.);
#2721=ORIENTED_EDGE('',*,*,#1846,.T.);
#2722=ORIENTED_EDGE('',*,*,#1929,.F.);
#2723=ORIENTED_EDGE('',*,*,#1930,.T.);
#2724=ORIENTED_EDGE('',*,*,#1931,.F.);
#2725=ORIENTED_EDGE('',*,*,#1932,.F.);
#2726=ORIENTED_EDGE('',*,*,#1933,.F.);
#2727=ORIENTED_EDGE('',*,*,#1934,.F.);
#2728=ORIENTED_EDGE('',*,*,#1925,.F.);
#2729=ORIENTED_EDGE('',*,*,#1676,.T.);
#2730=ORIENTED_EDGE('',*,*,#1678,.T.);
#2731=ORIENTED_EDGE('',*,*,#1845,.T.);
#2732=ORIENTED_EDGE('',*,*,#1865,.T.);
#2733=ORIENTED_EDGE('',*,*,#1935,.F.);
#2734=ORIENTED_EDGE('',*,*,#1929,.T.);
#2735=ORIENTED_EDGE('',*,*,#1857,.T.);
#2736=ORIENTED_EDGE('',*,*,#1936,.T.);
#2737=ORIENTED_EDGE('',*,*,#1861,.T.);
#2738=ORIENTED_EDGE('',*,*,#1855,.T.);
#2739=ORIENTED_EDGE('',*,*,#1895,.T.);
#2740=ORIENTED_EDGE('',*,*,#1937,.F.);
#2741=ORIENTED_EDGE('',*,*,#1713,.T.);
#2742=ORIENTED_EDGE('',*,*,#1938,.F.);
#2743=ORIENTED_EDGE('',*,*,#1939,.F.);
#2744=ORIENTED_EDGE('',*,*,#1940,.F.);
#2745=ORIENTED_EDGE('',*,*,#1941,.F.);
#2746=ORIENTED_EDGE('',*,*,#1942,.F.);
#2747=ORIENTED_EDGE('',*,*,#1943,.F.);
#2748=ORIENTED_EDGE('',*,*,#1944,.F.);
#2749=ORIENTED_EDGE('',*,*,#1894,.T.);
#2750=ORIENTED_EDGE('',*,*,#1945,.T.);
#2751=ORIENTED_EDGE('',*,*,#1706,.T.);
#2752=ORIENTED_EDGE('',*,*,#1937,.T.);
#2753=ORIENTED_EDGE('',*,*,#1856,.T.);
#2754=ORIENTED_EDGE('',*,*,#1944,.T.);
#2755=ORIENTED_EDGE('',*,*,#1946,.F.);
#2756=ORIENTED_EDGE('',*,*,#1947,.T.);
#2757=ORIENTED_EDGE('',*,*,#1948,.F.);
#2758=ORIENTED_EDGE('',*,*,#1949,.T.);
#2759=ORIENTED_EDGE('',*,*,#1862,.T.);
#2760=ORIENTED_EDGE('',*,*,#1936,.F.);
#2761=ORIENTED_EDGE('',*,*,#1891,.T.);
#2762=ORIENTED_EDGE('',*,*,#1950,.F.);
#2763=ORIENTED_EDGE('',*,*,#1709,.T.);
#2764=ORIENTED_EDGE('',*,*,#1951,.F.);
#2765=ORIENTED_EDGE('',*,*,#1718,.T.);
#2766=ORIENTED_EDGE('',*,*,#1934,.T.);
#2767=ORIENTED_EDGE('',*,*,#1952,.F.);
#2768=ORIENTED_EDGE('',*,*,#1953,.F.);
#2769=ORIENTED_EDGE('',*,*,#1954,.T.);
#2770=ORIENTED_EDGE('',*,*,#1926,.T.);
#2771=ORIENTED_EDGE('',*,*,#1930,.F.);
#2772=ORIENTED_EDGE('',*,*,#1935,.T.);
#2773=ORIENTED_EDGE('',*,*,#1864,.F.);
#2774=ORIENTED_EDGE('',*,*,#1955,.T.);
#2775=ORIENTED_EDGE('',*,*,#1955,.F.);
#2776=ORIENTED_EDGE('',*,*,#1863,.F.);
#2777=ORIENTED_EDGE('',*,*,#1949,.F.);
#2778=ORIENTED_EDGE('',*,*,#1956,.F.);
#2779=ORIENTED_EDGE('',*,*,#1957,.F.);
#2780=ORIENTED_EDGE('',*,*,#1931,.T.);
#2781=ORIENTED_EDGE('',*,*,#1881,.T.);
#2782=ORIENTED_EDGE('',*,*,#1958,.T.);
#2783=ORIENTED_EDGE('',*,*,#1959,.F.);
#2784=ORIENTED_EDGE('',*,*,#1880,.T.);
#2785=ORIENTED_EDGE('',*,*,#1960,.F.);
#2786=ORIENTED_EDGE('',*,*,#1961,.F.);
#2787=ORIENTED_EDGE('',*,*,#1958,.F.);
#2788=ORIENTED_EDGE('',*,*,#1879,.T.);
#2789=ORIENTED_EDGE('',*,*,#1898,.F.);
#2790=ORIENTED_EDGE('',*,*,#1912,.T.);
#2791=ORIENTED_EDGE('',*,*,#1962,.F.);
#2792=ORIENTED_EDGE('',*,*,#1963,.F.);
#2793=ORIENTED_EDGE('',*,*,#1964,.F.);
#2794=ORIENTED_EDGE('',*,*,#1960,.T.);
#2795=ORIENTED_EDGE('',*,*,#1933,.T.);
#2796=ORIENTED_EDGE('',*,*,#1965,.T.);
#2797=ORIENTED_EDGE('',*,*,#1966,.T.);
#2798=ORIENTED_EDGE('',*,*,#1952,.T.);
#2799=ORIENTED_EDGE('',*,*,#1967,.T.);
#2800=ORIENTED_EDGE('',*,*,#1953,.T.);
#2801=ORIENTED_EDGE('',*,*,#1966,.F.);
#2802=ORIENTED_EDGE('',*,*,#1968,.T.);
#2803=ORIENTED_EDGE('',*,*,#1969,.T.);
#2804=ORIENTED_EDGE('',*,*,#1970,.T.);
#2805=ORIENTED_EDGE('',*,*,#1971,.T.);
#2806=ORIENTED_EDGE('',*,*,#1972,.T.);
#2807=ORIENTED_EDGE('',*,*,#1973,.T.);
#2808=ORIENTED_EDGE('',*,*,#1974,.T.);
#2809=ORIENTED_EDGE('',*,*,#1969,.F.);
#2810=ORIENTED_EDGE('',*,*,#1975,.T.);
#2811=ORIENTED_EDGE('',*,*,#1976,.T.);
#2812=ORIENTED_EDGE('',*,*,#1977,.T.);
#2813=ORIENTED_EDGE('',*,*,#1973,.F.);
#2814=ORIENTED_EDGE('',*,*,#1978,.T.);
#2815=ORIENTED_EDGE('',*,*,#1971,.F.);
#2816=ORIENTED_EDGE('',*,*,#1908,.T.);
#2817=ORIENTED_EDGE('',*,*,#1976,.F.);
#2818=ORIENTED_EDGE('',*,*,#1979,.T.);
#2819=ORIENTED_EDGE('',*,*,#1970,.F.);
#2820=ORIENTED_EDGE('',*,*,#1980,.T.);
#2821=ORIENTED_EDGE('',*,*,#1981,.T.);
#2822=ORIENTED_EDGE('',*,*,#1909,.T.);
#2823=ORIENTED_EDGE('',*,*,#1972,.F.);
#2824=ORIENTED_EDGE('',*,*,#1979,.F.);
#2825=ORIENTED_EDGE('',*,*,#1978,.F.);
#2826=ORIENTED_EDGE('',*,*,#1975,.F.);
#2827=ORIENTED_EDGE('',*,*,#1885,.T.);
#2828=ORIENTED_EDGE('',*,*,#1982,.T.);
#2829=ORIENTED_EDGE('',*,*,#1983,.T.);
#2830=ORIENTED_EDGE('',*,*,#1984,.T.);
#2831=ORIENTED_EDGE('',*,*,#1985,.T.);
#2832=ORIENTED_EDGE('',*,*,#1986,.T.);
#2833=ORIENTED_EDGE('',*,*,#1982,.F.);
#2834=ORIENTED_EDGE('',*,*,#1987,.T.);
#2835=ORIENTED_EDGE('',*,*,#1988,.T.);
#2836=ORIENTED_EDGE('',*,*,#1989,.T.);
#2837=ORIENTED_EDGE('',*,*,#1985,.F.);
#2838=ORIENTED_EDGE('',*,*,#1990,.T.);
#2839=ORIENTED_EDGE('',*,*,#1991,.T.);
#2840=ORIENTED_EDGE('',*,*,#1992,.T.);
#2841=ORIENTED_EDGE('',*,*,#1988,.F.);
#2842=ORIENTED_EDGE('',*,*,#1993,.T.);
#2843=ORIENTED_EDGE('',*,*,#1914,.T.);
#2844=ORIENTED_EDGE('',*,*,#1924,.T.);
#2845=ORIENTED_EDGE('',*,*,#1991,.F.);
#2846=ORIENTED_EDGE('',*,*,#1994,.T.);
#2847=ORIENTED_EDGE('',*,*,#1915,.T.);
#2848=ORIENTED_EDGE('',*,*,#1994,.F.);
#2849=ORIENTED_EDGE('',*,*,#1993,.F.);
#2850=ORIENTED_EDGE('',*,*,#1990,.F.);
#2851=ORIENTED_EDGE('',*,*,#1987,.F.);
#2852=ORIENTED_EDGE('',*,*,#1995,.F.);
#2853=ORIENTED_EDGE('',*,*,#1904,.F.);
#2854=ORIENTED_EDGE('',*,*,#1996,.F.);
#2855=ORIENTED_EDGE('',*,*,#1997,.F.);
#2856=ORIENTED_EDGE('',*,*,#1887,.T.);
#2857=ORIENTED_EDGE('',*,*,#1984,.F.);
#2858=ORIENTED_EDGE('',*,*,#1998,.T.);
#2859=ORIENTED_EDGE('',*,*,#1999,.F.);
#2860=ORIENTED_EDGE('',*,*,#1905,.T.);
#2861=ORIENTED_EDGE('',*,*,#1995,.T.);
#2862=ORIENTED_EDGE('',*,*,#1928,.F.);
#2863=ORIENTED_EDGE('',*,*,#2000,.F.);
#2864=ORIENTED_EDGE('',*,*,#1920,.F.);
#2865=ORIENTED_EDGE('',*,*,#1967,.F.);
#2866=ORIENTED_EDGE('',*,*,#2001,.F.);
#2867=ORIENTED_EDGE('',*,*,#2002,.T.);
#2868=ORIENTED_EDGE('',*,*,#2003,.F.);
#2869=ORIENTED_EDGE('',*,*,#1921,.T.);
#2870=ORIENTED_EDGE('',*,*,#2000,.T.);
#2871=ORIENTED_EDGE('',*,*,#1927,.F.);
#2872=ORIENTED_EDGE('',*,*,#1954,.F.);
#2873=ORIENTED_EDGE('',*,*,#1968,.F.);
#2874=ORIENTED_EDGE('',*,*,#2004,.T.);
#2875=ORIENTED_EDGE('',*,*,#2005,.F.);
#2876=ORIENTED_EDGE('',*,*,#2006,.T.);
#2877=ORIENTED_EDGE('',*,*,#2001,.T.);
#2878=ORIENTED_EDGE('',*,*,#1893,.T.);
#2879=ORIENTED_EDGE('',*,*,#2007,.F.);
#2880=ORIENTED_EDGE('',*,*,#1707,.T.);
#2881=ORIENTED_EDGE('',*,*,#1945,.F.);
#2882=ORIENTED_EDGE('',*,*,#1882,.T.);
#2883=ORIENTED_EDGE('',*,*,#1959,.T.);
#2884=ORIENTED_EDGE('',*,*,#1961,.T.);
#2885=ORIENTED_EDGE('',*,*,#2008,.T.);
#2886=ORIENTED_EDGE('',*,*,#2009,.T.);
#2887=ORIENTED_EDGE('',*,*,#2010,.T.);
#2888=ORIENTED_EDGE('',*,*,#2011,.T.);
#2889=ORIENTED_EDGE('',*,*,#2012,.T.);
#2890=ORIENTED_EDGE('',*,*,#2013,.T.);
#2891=ORIENTED_EDGE('',*,*,#2014,.T.);
#2892=ORIENTED_EDGE('',*,*,#2015,.T.);
#2893=ORIENTED_EDGE('',*,*,#2016,.T.);
#2894=ORIENTED_EDGE('',*,*,#2012,.F.);
#2895=ORIENTED_EDGE('',*,*,#2017,.T.);
#2896=ORIENTED_EDGE('',*,*,#2018,.T.);
#2897=ORIENTED_EDGE('',*,*,#2019,.T.);
#2898=ORIENTED_EDGE('',*,*,#2015,.F.);
#2899=ORIENTED_EDGE('',*,*,#2020,.T.);
#2900=ORIENTED_EDGE('',*,*,#2021,.T.);
#2901=ORIENTED_EDGE('',*,*,#2022,.T.);
#2902=ORIENTED_EDGE('',*,*,#2018,.F.);
#2903=ORIENTED_EDGE('',*,*,#2023,.T.);
#2904=ORIENTED_EDGE('',*,*,#2021,.F.);
#2905=ORIENTED_EDGE('',*,*,#2024,.T.);
#2906=ORIENTED_EDGE('',*,*,#2025,.T.);
#2907=ORIENTED_EDGE('',*,*,#2026,.T.);
#2908=ORIENTED_EDGE('',*,*,#2025,.F.);
#2909=ORIENTED_EDGE('',*,*,#2027,.T.);
#2910=ORIENTED_EDGE('',*,*,#2008,.F.);
#2911=ORIENTED_EDGE('',*,*,#1964,.T.);
#2912=ORIENTED_EDGE('',*,*,#1883,.T.);
#2913=ORIENTED_EDGE('',*,*,#2009,.F.);
#2914=ORIENTED_EDGE('',*,*,#2027,.F.);
#2915=ORIENTED_EDGE('',*,*,#2024,.F.);
#2916=ORIENTED_EDGE('',*,*,#2028,.T.);
#2917=ORIENTED_EDGE('',*,*,#1884,.T.);
#2918=ORIENTED_EDGE('',*,*,#2028,.F.);
#2919=ORIENTED_EDGE('',*,*,#2023,.F.);
#2920=ORIENTED_EDGE('',*,*,#2020,.F.);
#2921=ORIENTED_EDGE('',*,*,#2017,.F.);
#2922=ORIENTED_EDGE('',*,*,#2011,.F.);
#2923=ORIENTED_EDGE('',*,*,#2029,.F.);
#2924=ORIENTED_EDGE('',*,*,#2030,.F.);
#2925=ORIENTED_EDGE('',*,*,#2031,.F.);
#2926=ORIENTED_EDGE('',*,*,#2032,.F.);
#2927=ORIENTED_EDGE('',*,*,#1851,.T.);
#2928=ORIENTED_EDGE('',*,*,#2013,.F.);
#2929=ORIENTED_EDGE('',*,*,#2033,.T.);
#2930=ORIENTED_EDGE('',*,*,#2034,.F.);
#2931=ORIENTED_EDGE('',*,*,#2035,.T.);
#2932=ORIENTED_EDGE('',*,*,#2036,.T.);
#2933=ORIENTED_EDGE('',*,*,#2016,.F.);
#2934=ORIENTED_EDGE('',*,*,#2037,.F.);
#2935=ORIENTED_EDGE('',*,*,#2038,.T.);
#2936=ORIENTED_EDGE('',*,*,#2033,.F.);
#2937=ORIENTED_EDGE('',*,*,#2014,.F.);
#2938=ORIENTED_EDGE('',*,*,#2036,.F.);
#2939=ORIENTED_EDGE('',*,*,#2039,.T.);
#2940=ORIENTED_EDGE('',*,*,#2040,.T.);
#2941=ORIENTED_EDGE('',*,*,#2041,.T.);
#2942=ORIENTED_EDGE('',*,*,#2042,.F.);
#2943=ORIENTED_EDGE('',*,*,#2043,.T.);
#2944=ORIENTED_EDGE('',*,*,#2044,.F.);
#2945=ORIENTED_EDGE('',*,*,#1981,.F.);
#2946=ORIENTED_EDGE('',*,*,#2045,.T.);
#2947=ORIENTED_EDGE('',*,*,#2046,.F.);
#2948=ORIENTED_EDGE('',*,*,#2047,.T.);
#2949=ORIENTED_EDGE('',*,*,#2043,.F.);
#2950=ORIENTED_EDGE('',*,*,#2048,.T.);
#2951=ORIENTED_EDGE('',*,*,#2047,.F.);
#2952=ORIENTED_EDGE('',*,*,#2046,.T.);
#2953=ORIENTED_EDGE('',*,*,#2049,.T.);
#2954=ORIENTED_EDGE('',*,*,#2034,.T.);
#2955=ORIENTED_EDGE('',*,*,#2038,.F.);
#2956=ORIENTED_EDGE('',*,*,#2050,.T.);
#2957=ORIENTED_EDGE('',*,*,#1910,.T.);
#2958=ORIENTED_EDGE('',*,*,#2044,.T.);
#2959=ORIENTED_EDGE('',*,*,#2010,.F.);
#2960=ORIENTED_EDGE('',*,*,#2042,.T.);
#2961=ORIENTED_EDGE('',*,*,#2051,.T.);
#2962=ORIENTED_EDGE('',*,*,#2052,.T.);
#2963=ORIENTED_EDGE('',*,*,#2053,.T.);
#2964=ORIENTED_EDGE('',*,*,#2054,.T.);
#2965=ORIENTED_EDGE('',*,*,#2055,.T.);
#2966=ORIENTED_EDGE('',*,*,#2029,.T.);
#2967=ORIENTED_EDGE('',*,*,#2053,.F.);
#2968=ORIENTED_EDGE('',*,*,#2056,.F.);
#2969=ORIENTED_EDGE('',*,*,#1941,.T.);
#2970=ORIENTED_EDGE('',*,*,#2057,.F.);
#2971=ORIENTED_EDGE('',*,*,#2058,.T.);
#2972=ORIENTED_EDGE('',*,*,#2052,.F.);
#2973=ORIENTED_EDGE('',*,*,#2059,.T.);
#2974=ORIENTED_EDGE('',*,*,#2060,.T.);
#2975=ORIENTED_EDGE('',*,*,#1942,.T.);
#2976=ORIENTED_EDGE('',*,*,#2056,.T.);
#2977=ORIENTED_EDGE('',*,*,#2051,.F.);
#2978=ORIENTED_EDGE('',*,*,#2041,.F.);
#2979=ORIENTED_EDGE('',*,*,#2059,.F.);
#2980=ORIENTED_EDGE('',*,*,#2061,.T.);
#2981=ORIENTED_EDGE('',*,*,#2062,.T.);
#2982=ORIENTED_EDGE('',*,*,#2063,.F.);
#2983=ORIENTED_EDGE('',*,*,#1940,.T.);
#2984=ORIENTED_EDGE('',*,*,#2063,.T.);
#2985=ORIENTED_EDGE('',*,*,#2064,.T.);
#2986=ORIENTED_EDGE('',*,*,#2057,.T.);
#2987=ORIENTED_EDGE('',*,*,#2055,.F.);
#2988=ORIENTED_EDGE('',*,*,#2065,.T.);
#2989=ORIENTED_EDGE('',*,*,#2064,.F.);
#2990=ORIENTED_EDGE('',*,*,#2062,.F.);
#2991=ORIENTED_EDGE('',*,*,#2030,.T.);
#2992=ORIENTED_EDGE('',*,*,#1992,.F.);
#2993=ORIENTED_EDGE('',*,*,#1923,.T.);
#2994=ORIENTED_EDGE('',*,*,#1922,.T.);
#2995=ORIENTED_EDGE('',*,*,#2003,.T.);
#2996=ORIENTED_EDGE('',*,*,#2066,.T.);
#2997=ORIENTED_EDGE('',*,*,#1977,.F.);
#2998=ORIENTED_EDGE('',*,*,#1907,.T.);
#2999=ORIENTED_EDGE('',*,*,#1906,.T.);
#3000=ORIENTED_EDGE('',*,*,#1999,.T.);
#3001=ORIENTED_EDGE('',*,*,#2067,.T.);
#3002=ORIENTED_EDGE('',*,*,#2068,.F.);
#3003=ORIENTED_EDGE('',*,*,#2069,.F.);
#3004=ORIENTED_EDGE('',*,*,#2070,.F.);
#3005=ORIENTED_EDGE('',*,*,#2040,.F.);
#3006=ORIENTED_EDGE('',*,*,#2071,.F.);
#3007=ORIENTED_EDGE('',*,*,#2060,.F.);
#3008=ORIENTED_EDGE('',*,*,#2072,.T.);
#3009=ORIENTED_EDGE('',*,*,#1943,.T.);
#3010=ORIENTED_EDGE('',*,*,#2071,.T.);
#3011=ORIENTED_EDGE('',*,*,#2073,.T.);
#3012=ORIENTED_EDGE('',*,*,#2074,.T.);
#3013=ORIENTED_EDGE('',*,*,#1946,.T.);
#3014=ORIENTED_EDGE('',*,*,#2072,.F.);
#3015=ORIENTED_EDGE('',*,*,#2075,.T.);
#3016=ORIENTED_EDGE('',*,*,#2069,.T.);
#3017=ORIENTED_EDGE('',*,*,#2076,.T.);
#3018=ORIENTED_EDGE('',*,*,#2074,.F.);
#3019=ORIENTED_EDGE('',*,*,#2077,.T.);
#3020=ORIENTED_EDGE('',*,*,#1986,.F.);
#3021=ORIENTED_EDGE('',*,*,#2078,.T.);
#3022=ORIENTED_EDGE('',*,*,#2070,.T.);
#3023=ORIENTED_EDGE('',*,*,#2079,.T.);
#3024=ORIENTED_EDGE('',*,*,#1983,.F.);
#3025=ORIENTED_EDGE('',*,*,#2080,.T.);
#3026=ORIENTED_EDGE('',*,*,#2081,.T.);
#3027=ORIENTED_EDGE('',*,*,#2068,.T.);
#3028=ORIENTED_EDGE('',*,*,#2082,.T.);
#3029=ORIENTED_EDGE('',*,*,#2083,.T.);
#3030=ORIENTED_EDGE('',*,*,#1948,.T.);
#3031=ORIENTED_EDGE('',*,*,#2080,.F.);
#3032=ORIENTED_EDGE('',*,*,#2084,.T.);
#3033=ORIENTED_EDGE('',*,*,#2005,.T.);
#3034=ORIENTED_EDGE('',*,*,#1956,.T.);
#3035=ORIENTED_EDGE('',*,*,#2083,.F.);
#3036=ORIENTED_EDGE('',*,*,#2085,.T.);
#3037=ORIENTED_EDGE('',*,*,#2076,.F.);
#3038=ORIENTED_EDGE('',*,*,#2081,.F.);
#3039=ORIENTED_EDGE('',*,*,#1947,.F.);
#3040=ORIENTED_EDGE('',*,*,#1932,.T.);
#3041=ORIENTED_EDGE('',*,*,#1957,.T.);
#3042=ORIENTED_EDGE('',*,*,#2004,.F.);
#3043=ORIENTED_EDGE('',*,*,#1965,.F.);
#3044=ORIENTED_EDGE('',*,*,#1989,.F.);
#3045=ORIENTED_EDGE('',*,*,#2066,.F.);
#3046=ORIENTED_EDGE('',*,*,#2002,.F.);
#3047=ORIENTED_EDGE('',*,*,#2006,.F.);
#3048=ORIENTED_EDGE('',*,*,#2085,.F.);
#3049=ORIENTED_EDGE('',*,*,#2084,.F.);
#3050=ORIENTED_EDGE('',*,*,#2082,.F.);
#3051=ORIENTED_EDGE('',*,*,#2078,.F.);
#3052=ORIENTED_EDGE('',*,*,#2054,.F.);
#3053=ORIENTED_EDGE('',*,*,#2058,.F.);
#3054=ORIENTED_EDGE('',*,*,#2065,.F.);
#3055=ORIENTED_EDGE('',*,*,#2086,.F.);
#3056=ORIENTED_EDGE('',*,*,#2087,.F.);
#3057=ORIENTED_EDGE('',*,*,#2088,.T.);
#3058=ORIENTED_EDGE('',*,*,#1901,.T.);
#3059=ORIENTED_EDGE('',*,*,#1918,.T.);
#3060=ORIENTED_EDGE('',*,*,#2088,.F.);
#3061=ORIENTED_EDGE('',*,*,#2089,.T.);
#3062=ORIENTED_EDGE('',*,*,#1902,.T.);
#3063=ORIENTED_EDGE('',*,*,#2087,.T.);
#3064=ORIENTED_EDGE('',*,*,#2086,.T.);
#3065=ORIENTED_EDGE('',*,*,#1917,.T.);
#3066=ORIENTED_EDGE('',*,*,#1916,.T.);
#3067=ORIENTED_EDGE('',*,*,#1997,.T.);
#3068=ORIENTED_EDGE('',*,*,#2090,.T.);
#3069=ORIENTED_EDGE('',*,*,#2090,.F.);
#3070=ORIENTED_EDGE('',*,*,#1996,.T.);
#3071=ORIENTED_EDGE('',*,*,#1903,.F.);
#3072=ORIENTED_EDGE('',*,*,#2089,.F.);
#3073=ORIENTED_EDGE('',*,*,#2026,.F.);
#3074=ORIENTED_EDGE('',*,*,#1963,.T.);
#3075=ORIENTED_EDGE('',*,*,#2091,.T.);
#3076=ORIENTED_EDGE('',*,*,#2022,.F.);
#3077=ORIENTED_EDGE('',*,*,#2019,.F.);
#3078=ORIENTED_EDGE('',*,*,#2091,.F.);
#3079=ORIENTED_EDGE('',*,*,#1962,.T.);
#3080=ORIENTED_EDGE('',*,*,#1911,.F.);
#3081=ORIENTED_EDGE('',*,*,#2050,.F.);
#3082=ORIENTED_EDGE('',*,*,#2037,.T.);
#3083=ORIENTED_EDGE('',*,*,#1974,.F.);
#3084=ORIENTED_EDGE('',*,*,#2067,.F.);
#3085=ORIENTED_EDGE('',*,*,#1998,.F.);
#3086=ORIENTED_EDGE('',*,*,#2079,.F.);
#3087=ORIENTED_EDGE('',*,*,#2077,.F.);
#3088=ORIENTED_EDGE('',*,*,#2075,.F.);
#3089=ORIENTED_EDGE('',*,*,#2073,.F.);
#3090=ORIENTED_EDGE('',*,*,#2039,.F.);
#3091=ORIENTED_EDGE('',*,*,#2035,.F.);
#3092=ORIENTED_EDGE('',*,*,#2049,.F.);
#3093=ORIENTED_EDGE('',*,*,#2048,.F.);
#3094=ORIENTED_EDGE('',*,*,#2045,.F.);
#3095=ORIENTED_EDGE('',*,*,#1980,.F.);
#3096=ORIENTED_EDGE('',*,*,#2061,.F.);
#3097=ORIENTED_EDGE('',*,*,#1939,.T.);
#3098=ORIENTED_EDGE('',*,*,#2092,.F.);
#3099=ORIENTED_EDGE('',*,*,#2031,.T.);
#3100=ORIENTED_EDGE('',*,*,#1712,.T.);
#3101=ORIENTED_EDGE('',*,*,#2093,.T.);
#3102=ORIENTED_EDGE('',*,*,#2092,.T.);
#3103=ORIENTED_EDGE('',*,*,#1938,.T.);
#3104=ORIENTED_EDGE('',*,*,#1852,.T.);
#3105=ORIENTED_EDGE('',*,*,#2032,.T.);
#3106=ORIENTED_EDGE('',*,*,#2093,.F.);
#3107=ORIENTED_EDGE('',*,*,#1711,.T.);
#3108=ORIENTED_EDGE('',*,*,#2094,.F.);
#3109=ORIENTED_EDGE('',*,*,#1889,.T.);
#3110=ORIENTED_EDGE('',*,*,#1890,.T.);
#3111=ORIENTED_EDGE('',*,*,#2094,.T.);
#3112=ORIENTED_EDGE('',*,*,#1710,.T.);
#3113=ORIENTED_EDGE('',*,*,#1950,.T.);
#3114=ORIENTED_EDGE('',*,*,#1892,.T.);
#3115=ORIENTED_EDGE('',*,*,#1951,.T.);
#3116=ORIENTED_EDGE('',*,*,#1708,.T.);
#3117=ORIENTED_EDGE('',*,*,#2007,.T.);
#3118=ORIENTED_EDGE('',*,*,#2095,.T.);
#3119=ORIENTED_EDGE('',*,*,#2095,.F.);
#3120=B_SPLINE_SURFACE_WITH_KNOTS('',3,3,((#4412,#4413,#4414,#4415,#4416,
#4417),(#4418,#4419,#4420,#4421,#4422,#4423),(#4424,#4425,#4426,#4427,#4428,
#4429),(#4430,#4431,#4432,#4433,#4434,#4435),(#4436,#4437,#4438,#4439,#4440,
#4441)),.UNSPECIFIED.,.F.,.F.,.F.,(4,1,4),(4,1,1,4),(0.,0.5,1.),(0.,0.00409563992796972,
0.00614345989195459,0.014334739747894),.UNSPECIFIED.);
#3121=B_SPLINE_SURFACE_WITH_KNOTS('',3,3,((#4460,#4461,#4462,#4463),(#4464,
#4465,#4466,#4467),(#4468,#4469,#4470,#4471),(#4472,#4473,#4474,#4475)),
 .UNSPECIFIED.,.F.,.F.,.F.,(4,4),(4,4),(0.,1.),(0.,0.110664172924841),
 .UNSPECIFIED.);
#3122=B_SPLINE_SURFACE_WITH_KNOTS('',3,3,((#4487,#4488,#4489,#4490,#4491,
#4492,#4493,#4494,#4495),(#4496,#4497,#4498,#4499,#4500,#4501,#4502,#4503,
#4504),(#4505,#4506,#4507,#4508,#4509,#4510,#4511,#4512,#4513),(#4514,#4515,
#4516,#4517,#4518,#4519,#4520,#4521,#4522),(#4523,#4524,#4525,#4526,#4527,
#4528,#4529,#4530,#4531)),.UNSPECIFIED.,.F.,.F.,.F.,(4,1,4),(4,1,1,1,1,
1,4),(0.,0.571428571428571,1.),(0.,0.219824982482276,0.659474947446828,
0.879299929929105,1.09912491241138,1.31894989489366,1.53877487737593),
 .UNSPECIFIED.);
#3123=B_SPLINE_SURFACE_WITH_KNOTS('',3,3,((#4590,#4591,#4592,#4593,#4594),
(#4595,#4596,#4597,#4598,#4599),(#4600,#4601,#4602,#4603,#4604),(#4605,
#4606,#4607,#4608,#4609),(#4610,#4611,#4612,#4613,#4614)),.UNSPECIFIED.,
 .F.,.F.,.F.,(4,1,4),(4,1,4),(0.,0.5,1.),(-0.129236106078031,-0.0738492034731607,
0.),.UNSPECIFIED.);
#3124=B_SPLINE_SURFACE_WITH_KNOTS('',3,3,((#4624,#4625,#4626,#4627),(#4628,
#4629,#4630,#4631),(#4632,#4633,#4634,#4635),(#4636,#4637,#4638,#4639)),
 .UNSPECIFIED.,.F.,.F.,.F.,(4,4),(4,4),(0.,1.),(0.51787950331412,0.529168787161953),
 .UNSPECIFIED.);
#3125=B_SPLINE_SURFACE_WITH_KNOTS('',3,3,((#4804,#4805,#4806,#4807,#4808,
#4809,#4810,#4811,#4812,#4813,#4814,#4815,#4816,#4817,#4818,#4819),(#4820,
#4821,#4822,#4823,#4824,#4825,#4826,#4827,#4828,#4829,#4830,#4831,#4832,
#4833,#4834,#4835),(#4836,#4837,#4838,#4839,#4840,#4841,#4842,#4843,#4844,
#4845,#4846,#4847,#4848,#4849,#4850,#4851),(#4852,#4853,#4854,#4855,#4856,
#4857,#4858,#4859,#4860,#4861,#4862,#4863,#4864,#4865,#4866,#4867),(#4868,
#4869,#4870,#4871,#4872,#4873,#4874,#4875,#4876,#4877,#4878,#4879,#4880,
#4881,#4882,#4883),(#4884,#4885,#4886,#4887,#4888,#4889,#4890,#4891,#4892,
#4893,#4894,#4895,#4896,#4897,#4898,#4899),(#4900,#4901,#4902,#4903,#4904,
#4905,#4906,#4907,#4908,#4909,#4910,#4911,#4912,#4913,#4914,#4915)),
 .UNSPECIFIED.,.F.,.F.,.F.,(4,1,1,1,4),(4,1,1,1,1,1,1,1,1,1,1,1,1,4),(0.,
0.285714285714286,0.571428571428571,0.857142857142857,1.),(-1.84333499812197,
-1.5332220018848,-0.990524258469756,-0.912996009410463,-0.602883013173293,
-0.447826515054708,-0.292770016936123,-0.21524176787683,-0.137713518817538,
-0.0601852697582452,0.0173429793010473,0.0948712283603398,0.172399477419632,
0.327455975538217),.UNSPECIFIED.);
#3126=B_SPLINE_SURFACE_WITH_KNOTS('',3,3,((#4961,#4962,#4963,#4964),(#4965,
#4966,#4967,#4968),(#4969,#4970,#4971,#4972),(#4973,#4974,#4975,#4976),
(#4977,#4978,#4979,#4980)),.UNSPECIFIED.,.F.,.F.,.F.,(4,1,4),(4,4),(0.,
0.5,1.),(0.304793694465403,0.652050448431106),.UNSPECIFIED.);
#3127=B_SPLINE_SURFACE_WITH_KNOTS('',3,3,((#4989,#4990,#4991,#4992,#4993,
#4994),(#4995,#4996,#4997,#4998,#4999,#5000),(#5001,#5002,#5003,#5004,#5005,
#5006),(#5007,#5008,#5009,#5010,#5011,#5012)),.UNSPECIFIED.,.F.,.F.,.F.,
(4,4),(4,1,1,4),(0.,1.),(-2.47146219191146,-1.41226410966369,-0.706132054831847,
-5.92697568033191E-17),.UNSPECIFIED.);
#3128=B_SPLINE_SURFACE_WITH_KNOTS('',3,3,((#5063,#5064,#5065,#5066),(#5067,
#5068,#5069,#5070),(#5071,#5072,#5073,#5074),(#5075,#5076,#5077,#5078),
(#5079,#5080,#5081,#5082)),.UNSPECIFIED.,.F.,.F.,.F.,(4,1,4),(4,4),(0.297280283936531,
0.598445876535161,1.),(0.,1.),.UNSPECIFIED.);
#3129=B_SPLINE_SURFACE_WITH_KNOTS('',3,3,((#5179,#5180,#5181,#5182,#5183,
#5184,#5185,#5186,#5187),(#5188,#5189,#5190,#5191,#5192,#5193,#5194,#5195,
#5196),(#5197,#5198,#5199,#5200,#5201,#5202,#5203,#5204,#5205),(#5206,#5207,
#5208,#5209,#5210,#5211,#5212,#5213,#5214),(#5215,#5216,#5217,#5218,#5219,
#5220,#5221,#5222,#5223)),.UNSPECIFIED.,.F.,.F.,.F.,(4,1,4),(4,1,1,1,1,
1,4),(0.,0.571428571428571,1.),(-2.83405920260942,-2.21451249092711,-1.80148134980556,
-1.59496577924479,-1.4917079939644,-1.44007910132421,-1.38845020868402),
 .UNSPECIFIED.);
#3130=B_SPLINE_SURFACE_WITH_KNOTS('',3,3,((#5812,#5813,#5814,#5815),(#5816,
#5817,#5818,#5819),(#5820,#5821,#5822,#5823),(#5824,#5825,#5826,#5827),
(#5828,#5829,#5830,#5831),(#5832,#5833,#5834,#5835)),.UNSPECIFIED.,.F.,
 .F.,.F.,(4,2,4),(4,4),(0.32253816602939,0.506107192671314,1.),(0.,0.697551098429682),
 .UNSPECIFIED.);
#3131=B_SPLINE_SURFACE_WITH_KNOTS('',3,3,((#5842,#5843,#5844,#5845),(#5846,
#5847,#5848,#5849),(#5850,#5851,#5852,#5853),(#5854,#5855,#5856,#5857),
(#5858,#5859,#5860,#5861),(#5862,#5863,#5864,#5865),(#5866,#5867,#5868,
#5869),(#5870,#5871,#5872,#5873)),.UNSPECIFIED.,.F.,.F.,.F.,(4,2,2,4),(4,
4),(1.37109916369862E-6,0.256144490473639,0.632615114153115,0.740734904402456),
(-1.11961168578205E-7,1.33503766472944),.UNSPECIFIED.);
#3132=B_SPLINE_SURFACE_WITH_KNOTS('',3,3,((#5894,#5895,#5896,#5897),(#5898,
#5899,#5900,#5901),(#5902,#5903,#5904,#5905),(#5906,#5907,#5908,#5909)),
 .UNSPECIFIED.,.F.,.F.,.F.,(4,4),(4,4),(1.31200374134247,1.82959208431017),
(0.,1.26952154492835),.UNSPECIFIED.);
#3133=B_SPLINE_SURFACE_WITH_KNOTS('',3,3,((#6046,#6047,#6048,#6049,#6050,
#6051,#6052),(#6053,#6054,#6055,#6056,#6057,#6058,#6059),(#6060,#6061,#6062,
#6063,#6064,#6065,#6066),(#6067,#6068,#6069,#6070,#6071,#6072,#6073)),
 .UNSPECIFIED.,.F.,.F.,.F.,(4,4),(4,1,1,1,4),(0.,1.),(-7.40267286322316E-16,
0.195817406051309,0.293726109076964,0.489543515128274,0.685360921179584),
 .UNSPECIFIED.);
#3134=B_SPLINE_SURFACE_WITH_KNOTS('',3,3,((#6274,#6275,#6276,#6277),(#6278,
#6279,#6280,#6281),(#6282,#6283,#6284,#6285),(#6286,#6287,#6288,#6289)),
 .UNSPECIFIED.,.F.,.F.,.F.,(4,4),(4,4),(0.852663718817575,1.),(6.71400642908363,
7.65436898689246),.UNSPECIFIED.);
#3135=B_SPLINE_SURFACE_WITH_KNOTS('',3,3,((#6341,#6342,#6343,#6344,#6345),
(#6346,#6347,#6348,#6349,#6350),(#6351,#6352,#6353,#6354,#6355),(#6356,
#6357,#6358,#6359,#6360),(#6361,#6362,#6363,#6364,#6365)),.UNSPECIFIED.,
 .F.,.F.,.F.,(4,1,4),(4,1,4),(0.233247084693492,0.616623542346746,1.),(5.24198504879136,
5.5865975048517,6.04608077959881),.UNSPECIFIED.);
#3136=B_SPLINE_SURFACE_WITH_KNOTS('',3,3,((#6406,#6407,#6408,#6409,#6410,
#6411,#6412),(#6413,#6414,#6415,#6416,#6417,#6418,#6419),(#6420,#6421,#6422,
#6423,#6424,#6425,#6426),(#6427,#6428,#6429,#6430,#6431,#6432,#6433),(#6434,
#6435,#6436,#6437,#6438,#6439,#6440),(#6441,#6442,#6443,#6444,#6445,#6446,
#6447),(#6448,#6449,#6450,#6451,#6452,#6453,#6454)),.UNSPECIFIED.,.F.,.F.,
 .F.,(4,1,1,1,4),(4,1,1,1,4),(0.,0.285714285714286,0.571428571428571,0.714285714285714,
1.),(-0.840175735592709,-0.389121147114157,-0.163593852874881,0.287460735603671,
0.738515324082224),.UNSPECIFIED.);
#3137=B_SPLINE_SURFACE_WITH_KNOTS('',3,3,((#6481,#6482,#6483,#6484,#6485,
#6486,#6487),(#6488,#6489,#6490,#6491,#6492,#6493,#6494),(#6495,#6496,#6497,
#6498,#6499,#6500,#6501),(#6502,#6503,#6504,#6505,#6506,#6507,#6508),(#6509,
#6510,#6511,#6512,#6513,#6514,#6515)),.UNSPECIFIED.,.F.,.F.,.F.,(4,1,4),
(4,1,1,1,4),(0.,0.5,1.),(0.256024144668432,0.507498947955527,0.633236349599074,
0.88471115288617,1.13618595617326),.UNSPECIFIED.);
#3138=B_SPLINE_SURFACE_WITH_KNOTS('',3,3,((#6525,#6526,#6527,#6528),(#6529,
#6530,#6531,#6532),(#6533,#6534,#6535,#6536),(#6537,#6538,#6539,#6540),
(#6541,#6542,#6543,#6544)),.UNSPECIFIED.,.F.,.F.,.F.,(4,1,4),(4,4),(0.,
0.5,1.),(7.69013564539603E-15,0.16333428511804),.UNSPECIFIED.);
#3139=B_SPLINE_SURFACE_WITH_KNOTS('',3,3,((#6560,#6561,#6562,#6563),(#6564,
#6565,#6566,#6567),(#6568,#6569,#6570,#6571),(#6572,#6573,#6574,#6575),
(#6576,#6577,#6578,#6579),(#6580,#6581,#6582,#6583)),.UNSPECIFIED.,.F.,
 .F.,.F.,(4,1,1,4),(4,4),(0.,0.285714285714286,0.571428571428571,1.),(0.,
0.104662291412174),.UNSPECIFIED.);
#3140=B_SPLINE_SURFACE_WITH_KNOTS('',3,3,((#6597,#6598,#6599,#6600),(#6601,
#6602,#6603,#6604),(#6605,#6606,#6607,#6608),(#6609,#6610,#6611,#6612),
(#6613,#6614,#6615,#6616),(#6617,#6618,#6619,#6620)),.UNSPECIFIED.,.F.,
 .F.,.F.,(4,1,1,4),(4,4),(0.,0.285714285714286,0.571428571428571,1.),(1.17048807833199,
1.47473416042496),.UNSPECIFIED.);
#3141=B_SPLINE_SURFACE_WITH_KNOTS('',3,3,((#6632,#6633,#6634,#6635),(#6636,
#6637,#6638,#6639),(#6640,#6641,#6642,#6643),(#6644,#6645,#6646,#6647),
(#6648,#6649,#6650,#6651)),.UNSPECIFIED.,.F.,.F.,.F.,(4,1,4),(4,4),(0.,
0.571428571428571,1.),(3.22152966180204E-15,0.0968023960757625),
 .UNSPECIFIED.);
#3142=B_SPLINE_SURFACE_WITH_KNOTS('',3,3,((#6664,#6665,#6666,#6667),(#6668,
#6669,#6670,#6671),(#6672,#6673,#6674,#6675),(#6676,#6677,#6678,#6679)),
 .UNSPECIFIED.,.F.,.F.,.F.,(4,4),(4,4),(0.,1.),(8.11197636924583,8.37329742861134),
 .UNSPECIFIED.);
#3143=B_SPLINE_SURFACE_WITH_KNOTS('',3,3,((#6687,#6688,#6689,#6690,#6691,
#6692,#6693,#6694,#6695,#6696),(#6697,#6698,#6699,#6700,#6701,#6702,#6703,
#6704,#6705,#6706),(#6707,#6708,#6709,#6710,#6711,#6712,#6713,#6714,#6715,
#6716),(#6717,#6718,#6719,#6720,#6721,#6722,#6723,#6724,#6725,#6726),(#6727,
#6728,#6729,#6730,#6731,#6732,#6733,#6734,#6735,#6736)),.UNSPECIFIED.,.F.,
 .F.,.F.,(4,1,4),(4,2,1,1,1,1,4),(0.,0.571428571428571,1.),(-0.388994006571188,
-0.388008470344699,-0.31040677627576,-0.15520338813788,-0.0776016940689399,
-0.03880084703447,0.),.UNSPECIFIED.);
#3144=B_SPLINE_SURFACE_WITH_KNOTS('',3,3,((#6761,#6762,#6763,#6764),(#6765,
#6766,#6767,#6768),(#6769,#6770,#6771,#6772),(#6773,#6774,#6775,#6776),
(#6777,#6778,#6779,#6780),(#6781,#6782,#6783,#6784)),.UNSPECIFIED.,.F.,
 .F.,.F.,(4,1,1,4),(4,4),(0.,0.285714285714286,0.571428571428571,1.),(0.,
0.024043997283185),.UNSPECIFIED.);
#3145=B_SPLINE_SURFACE_WITH_KNOTS('',3,3,((#6796,#6797,#6798,#6799,#6800),
(#6801,#6802,#6803,#6804,#6805),(#6806,#6807,#6808,#6809,#6810),(#6811,
#6812,#6813,#6814,#6815),(#6816,#6817,#6818,#6819,#6820),(#6821,#6822,#6823,
#6824,#6825)),.UNSPECIFIED.,.F.,.F.,.F.,(4,1,1,4),(4,1,4),(0.,0.285714285714286,
0.571428571428571,1.),(0.565218223933884,1.18626331757697,1.65204713780928),
 .UNSPECIFIED.);
#3146=B_SPLINE_SURFACE_WITH_KNOTS('',3,3,((#6839,#6840,#6841,#6842),(#6843,
#6844,#6845,#6846),(#6847,#6848,#6849,#6850),(#6851,#6852,#6853,#6854),
(#6855,#6856,#6857,#6858)),.UNSPECIFIED.,.F.,.F.,.F.,(4,1,4),(4,4),(0.,
0.571428571428571,1.),(5.82927721482429E-16,0.135284385992304),
 .UNSPECIFIED.);
#3147=B_SPLINE_SURFACE_WITH_KNOTS('',3,3,((#6892,#6893,#6894,#6895),(#6896,
#6897,#6898,#6899),(#6900,#6901,#6902,#6903),(#6904,#6905,#6906,#6907),
(#6908,#6909,#6910,#6911)),.UNSPECIFIED.,.F.,.F.,.F.,(4,1,4),(4,4),(0.,
0.571428571428571,1.),(-1.44145784075352,-0.930379337141527),
 .UNSPECIFIED.);
#3148=B_SPLINE_SURFACE_WITH_KNOTS('',3,3,((#6960,#6961,#6962,#6963,#6964),
(#6965,#6966,#6967,#6968,#6969),(#6970,#6971,#6972,#6973,#6974),(#6975,
#6976,#6977,#6978,#6979),(#6980,#6981,#6982,#6983,#6984)),.UNSPECIFIED.,
 .F.,.F.,.F.,(4,1,4),(4,1,4),(0.,0.571428571428571,1.),(-1.30783123662942,
-0.979827375272211,-0.5424888934626),.UNSPECIFIED.);
#3149=B_SPLINE_SURFACE_WITH_KNOTS('',3,3,((#7008,#7009,#7010,#7011,#7012),
(#7013,#7014,#7015,#7016,#7017),(#7018,#7019,#7020,#7021,#7022),(#7023,
#7024,#7025,#7026,#7027),(#7028,#7029,#7030,#7031,#7032)),.UNSPECIFIED.,
 .F.,.F.,.F.,(4,1,4),(4,1,4),(0.,0.571428571428571,1.),(0.,0.607845817318096,
1.41830690707556),.UNSPECIFIED.);
#3150=B_SPLINE_SURFACE_WITH_KNOTS('',3,3,((#7047,#7048,#7049,#7050),(#7051,
#7052,#7053,#7054),(#7055,#7056,#7057,#7058),(#7059,#7060,#7061,#7062),
(#7063,#7064,#7065,#7066)),.UNSPECIFIED.,.F.,.F.,.F.,(4,1,4),(4,4),(0.,
0.571428571428571,1.),(0.,0.623685516991483),.UNSPECIFIED.);
#3151=B_SPLINE_SURFACE_WITH_KNOTS('',3,3,((#7073,#7074,#7075,#7076,#7077,
#7078,#7079,#7080),(#7081,#7082,#7083,#7084,#7085,#7086,#7087,#7088),(#7089,
#7090,#7091,#7092,#7093,#7094,#7095,#7096),(#7097,#7098,#7099,#7100,#7101,
#7102,#7103,#7104),(#7105,#7106,#7107,#7108,#7109,#7110,#7111,#7112),(#7113,
#7114,#7115,#7116,#7117,#7118,#7119,#7120)),.UNSPECIFIED.,.F.,.F.,.F.,(4,
1,1,4),(4,1,1,1,1,4),(0.,0.285714285714286,0.571428571428571,1.),(-0.0852234345973225,
0.128771365327224,0.34276616525177,0.449763565214043,0.556760965176316,
0.663758365138589),.UNSPECIFIED.);
#3152=B_SPLINE_SURFACE_WITH_KNOTS('',3,3,((#7167,#7168,#7169,#7170,#7171),
(#7172,#7173,#7174,#7175,#7176),(#7177,#7178,#7179,#7180,#7181),(#7182,
#7183,#7184,#7185,#7186)),.UNSPECIFIED.,.F.,.F.,.F.,(4,4),(4,1,4),(0.,1.),
(0.,0.23001893304174,0.536710843764061),.UNSPECIFIED.);
#3153=B_SPLINE_SURFACE_WITH_KNOTS('',3,3,((#7200,#7201,#7202,#7203,#7204),
(#7205,#7206,#7207,#7208,#7209),(#7210,#7211,#7212,#7213,#7214),(#7215,
#7216,#7217,#7218,#7219)),.UNSPECIFIED.,.F.,.F.,.F.,(4,4),(4,1,4),(0.,1.),
(0.,0.223671732104893,0.521900708244751),.UNSPECIFIED.);
#3154=B_SPLINE_SURFACE_WITH_KNOTS('',3,3,((#7233,#7234,#7235,#7236),(#7237,
#7238,#7239,#7240),(#7241,#7242,#7243,#7244),(#7245,#7246,#7247,#7248),
(#7249,#7250,#7251,#7252)),.UNSPECIFIED.,.F.,.F.,.F.,(4,1,4),(4,4),(0.,
0.571428571428571,1.),(0.,0.374614796169892),.UNSPECIFIED.);
#3155=B_SPLINE_SURFACE_WITH_KNOTS('',3,3,((#7263,#7264,#7265,#7266),(#7267,
#7268,#7269,#7270),(#7271,#7272,#7273,#7274),(#7275,#7276,#7277,#7278),
(#7279,#7280,#7281,#7282)),.UNSPECIFIED.,.F.,.F.,.F.,(4,1,4),(4,4),(0.,
0.571428571428571,1.),(0.387437268557733,0.690571534050482),
 .UNSPECIFIED.);
#3156=B_SPLINE_SURFACE_WITH_KNOTS('',3,3,((#7287,#7288,#7289,#7290),(#7291,
#7292,#7293,#7294),(#7295,#7296,#7297,#7298),(#7299,#7300,#7301,#7302)),
 .UNSPECIFIED.,.F.,.F.,.F.,(4,4),(4,4),(0.,0.693942076391384),(0.27480163809635,
0.410936091028037),.UNSPECIFIED.);
#3157=B_SPLINE_SURFACE_WITH_KNOTS('',3,3,((#7323,#7324,#7325,#7326,#7327),
(#7328,#7329,#7330,#7331,#7332),(#7333,#7334,#7335,#7336,#7337),(#7338,
#7339,#7340,#7341,#7342),(#7343,#7344,#7345,#7346,#7347),(#7348,#7349,#7350,
#7351,#7352)),.UNSPECIFIED.,.F.,.F.,.F.,(4,1,1,4),(4,1,4),(0.,0.285714285714286,
0.571428571428571,1.),(-1.89234078889292,-1.56939486714021,-1.13880030480325),
 .UNSPECIFIED.);
#3158=B_SPLINE_SURFACE_WITH_KNOTS('',3,3,((#7386,#7387,#7388,#7389,#7390),
(#7391,#7392,#7393,#7394,#7395),(#7396,#7397,#7398,#7399,#7400),(#7401,
#7402,#7403,#7404,#7405),(#7406,#7407,#7408,#7409,#7410)),.UNSPECIFIED.,
 .F.,.F.,.F.,(4,1,4),(4,1,4),(0.,0.571428571428571,1.),(1.66507063248525,
3.06783633363508,4.93819060183485),.UNSPECIFIED.);
#3159=B_SPLINE_SURFACE_WITH_KNOTS('',3,3,((#7433,#7434,#7435,#7436,#7437),
(#7438,#7439,#7440,#7441,#7442),(#7443,#7444,#7445,#7446,#7447),(#7448,
#7449,#7450,#7451,#7452)),.UNSPECIFIED.,.F.,.F.,.F.,(4,4),(4,1,4),(0.,1.),
(-2.78156324717531,-2.75076862000339,-2.7097091171075),.UNSPECIFIED.);
#3160=B_SPLINE_SURFACE_WITH_KNOTS('',3,3,((#7462,#7463,#7464,#7465,#7466),
(#7467,#7468,#7469,#7470,#7471),(#7472,#7473,#7474,#7475,#7476),(#7477,
#7478,#7479,#7480,#7481)),.UNSPECIFIED.,.F.,.F.,.F.,(4,4),(4,1,4),(0.,1.),
(-0.114509513365832,-0.0901350086241061,-0.0718541300678113),
 .UNSPECIFIED.);
#3161=B_SPLINE_SURFACE_WITH_KNOTS('',3,3,((#7509,#7510,#7511,#7512,#7513,
#7514,#7515,#7516),(#7517,#7518,#7519,#7520,#7521,#7522,#7523,#7524),(#7525,
#7526,#7527,#7528,#7529,#7530,#7531,#7532),(#7533,#7534,#7535,#7536,#7537,
#7538,#7539,#7540),(#7541,#7542,#7543,#7544,#7545,#7546,#7547,#7548)),
 .UNSPECIFIED.,.F.,.F.,.F.,(4,1,4),(4,1,1,1,1,4),(0.,0.571428571428571,
1.),(0.869451465777075,1.31552100906896,1.76159055236085,2.65372963894462,
3.5458687255284,3.99193826882029),.UNSPECIFIED.);
#3162=B_SPLINE_SURFACE_WITH_KNOTS('',3,3,((#7591,#7592,#7593,#7594,#7595,
#7596,#7597),(#7598,#7599,#7600,#7601,#7602,#7603,#7604),(#7605,#7606,#7607,
#7608,#7609,#7610,#7611),(#7612,#7613,#7614,#7615,#7616,#7617,#7618),(#7619,
#7620,#7621,#7622,#7623,#7624,#7625)),.UNSPECIFIED.,.F.,.F.,.F.,(4,1,4),
(4,1,1,1,4),(0.,0.571428571428571,1.),(-0.780690040407638,-0.281850125477668,
0.216989789452302,0.715829704382272,0.965249661847257),.UNSPECIFIED.);
#3163=B_SPLINE_SURFACE_WITH_KNOTS('',3,3,((#7673,#7674,#7675,#7676,#7677),
(#7678,#7679,#7680,#7681,#7682),(#7683,#7684,#7685,#7686,#7687),(#7688,
#7689,#7690,#7691,#7692)),.UNSPECIFIED.,.F.,.F.,.F.,(4,4),(4,1,4),(0.,1.),
(-0.825033574813613,-0.473829009974131,-0.00555625685482286),
 .UNSPECIFIED.);
#3164=B_SPLINE_SURFACE_WITH_KNOTS('',3,3,((#7696,#7697,#7698,#7699),(#7700,
#7701,#7702,#7703),(#7704,#7705,#7706,#7707),(#7708,#7709,#7710,#7711),
(#7712,#7713,#7714,#7715)),.UNSPECIFIED.,.F.,.F.,.F.,(4,1,4),(4,4),(0.,
0.571428571428571,1.),(1.13583520390447E-14,0.117189221151223),
 .UNSPECIFIED.);
#3165=B_SPLINE_SURFACE_WITH_KNOTS('',3,3,((#7723,#7724,#7725,#7726,#7727,
#7728,#7729,#7730),(#7731,#7732,#7733,#7734,#7735,#7736,#7737,#7738),(#7739,
#7740,#7741,#7742,#7743,#7744,#7745,#7746),(#7747,#7748,#7749,#7750,#7751,
#7752,#7753,#7754),(#7755,#7756,#7757,#7758,#7759,#7760,#7761,#7762)),
 .UNSPECIFIED.,.F.,.F.,.F.,(4,1,4),(4,2,1,1,4),(0.,0.571428571428571,1.),
(-0.237720364710477,-0.236843178461468,-0.142105907076895,-0.0947372713846087,
-3.56636729484522E-14),.UNSPECIFIED.);
#3166=B_SPLINE_SURFACE_WITH_KNOTS('',3,3,((#7771,#7772,#7773,#7774,#7775,
#7776,#7777),(#7778,#7779,#7780,#7781,#7782,#7783,#7784),(#7785,#7786,#7787,
#7788,#7789,#7790,#7791),(#7792,#7793,#7794,#7795,#7796,#7797,#7798),(#7799,
#7800,#7801,#7802,#7803,#7804,#7805)),.UNSPECIFIED.,.F.,.F.,.F.,(4,1,4),
(4,1,1,1,4),(0.,0.571428571428571,1.),(0.939563593316046,1.24543346015625,
1.85717319383664,2.46891292751704,3.08065266119744),.UNSPECIFIED.);
#3167=B_SPLINE_SURFACE_WITH_KNOTS('',3,3,((#7813,#7814,#7815,#7816),(#7817,
#7818,#7819,#7820),(#7821,#7822,#7823,#7824),(#7825,#7826,#7827,#7828)),
 .UNSPECIFIED.,.F.,.F.,.F.,(4,4),(4,4),(0.,1.),(1.09403859968812,2.29662792205776),
 .UNSPECIFIED.);
#3168=B_SPLINE_SURFACE_WITH_KNOTS('',3,3,((#7833,#7834,#7835,#7836,#7837,
#7838),(#7839,#7840,#7841,#7842,#7843,#7844),(#7845,#7846,#7847,#7848,#7849,
#7850),(#7851,#7852,#7853,#7854,#7855,#7856)),.UNSPECIFIED.,.F.,.F.,.F.,
(4,4),(4,1,1,4),(0.,1.),(8.13041249220353,8.47483532026678,8.6470467342984,
9.3358923904249),.UNSPECIFIED.);
#3169=B_SPLINE_SURFACE_WITH_KNOTS('',3,3,((#7872,#7873,#7874,#7875),(#7876,
#7877,#7878,#7879),(#7880,#7881,#7882,#7883),(#7884,#7885,#7886,#7887)),
 .UNSPECIFIED.,.F.,.F.,.F.,(4,4),(4,4),(0.,1.),(-0.699066198434439,-0.416176778403507),
 .UNSPECIFIED.);
#3170=B_SPLINE_SURFACE_WITH_KNOTS('',3,3,((#7894,#7895,#7896,#7897,#7898,
#7899,#7900,#7901,#7902,#7903),(#7904,#7905,#7906,#7907,#7908,#7909,#7910,
#7911,#7912,#7913),(#7914,#7915,#7916,#7917,#7918,#7919,#7920,#7921,#7922,
#7923),(#7924,#7925,#7926,#7927,#7928,#7929,#7930,#7931,#7932,#7933)),
 .UNSPECIFIED.,.F.,.F.,.F.,(4,4),(4,1,1,1,1,1,1,4),(0.,1.),(1.66604087089865E-15,
0.151251034680749,0.302502069361496,0.60500413872299,0.907506208084484,
1.51251034680747,1.81501241616897,2.11751448553046),.UNSPECIFIED.);
#3171=B_SPLINE_SURFACE_WITH_KNOTS('',3,3,((#7946,#7947,#7948,#7949),(#7950,
#7951,#7952,#7953),(#7954,#7955,#7956,#7957),(#7958,#7959,#7960,#7961)),
 .UNSPECIFIED.,.F.,.F.,.F.,(4,4),(4,4),(0.,1.),(0.623360844197691,0.860683831342701),
 .UNSPECIFIED.);
#3172=B_SPLINE_SURFACE_WITH_KNOTS('',3,3,((#7967,#7968,#7969,#7970),(#7971,
#7972,#7973,#7974),(#7975,#7976,#7977,#7978),(#7979,#7980,#7981,#7982),
(#7983,#7984,#7985,#7986)),.UNSPECIFIED.,.F.,.F.,.F.,(4,1,4),(4,4),(0.,
0.571428571428571,1.),(1.43844103888921,5.38134898558465),.UNSPECIFIED.);
#3173=B_SPLINE_SURFACE_WITH_KNOTS('',3,3,((#7995,#7996,#7997,#7998),(#7999,
#8000,#8001,#8002),(#8003,#8004,#8005,#8006),(#8007,#8008,#8009,#8010)),
 .UNSPECIFIED.,.F.,.F.,.F.,(4,4),(4,4),(0.,1.),(-0.636920332015013,-0.38890008352937),
 .UNSPECIFIED.);
#3174=B_SPLINE_SURFACE_WITH_KNOTS('',3,3,((#8018,#8019,#8020,#8021,#8022,
#8023,#8024,#8025),(#8026,#8027,#8028,#8029,#8030,#8031,#8032,#8033),(#8034,
#8035,#8036,#8037,#8038,#8039,#8040,#8041),(#8042,#8043,#8044,#8045,#8046,
#8047,#8048,#8049)),.UNSPECIFIED.,.F.,.F.,.F.,(4,4),(4,1,1,1,1,4),(0.,1.),
(2.33789055232862E-15,0.28198660249077,0.563973204981538,1.12794640996307,
1.40993301245384,1.97390621743538),.UNSPECIFIED.);
#3175=B_SPLINE_SURFACE_WITH_KNOTS('',3,3,((#8060,#8061,#8062,#8063,#8064),
(#8065,#8066,#8067,#8068,#8069),(#8070,#8071,#8072,#8073,#8074),(#8075,
#8076,#8077,#8078,#8079),(#8080,#8081,#8082,#8083,#8084)),.UNSPECIFIED.,
 .F.,.F.,.F.,(4,1,4),(4,1,4),(0.,0.571428571428571,1.),(0.596084149323554,
0.871181763075539,1.23797858141152),.UNSPECIFIED.);
#3176=B_SPLINE_SURFACE_WITH_KNOTS('',3,3,((#8099,#8100,#8101,#8102,#8103,
#8104,#8105,#8106,#8107,#8108),(#8109,#8110,#8111,#8112,#8113,#8114,#8115,
#8116,#8117,#8118),(#8119,#8120,#8121,#8122,#8123,#8124,#8125,#8126,#8127,
#8128),(#8129,#8130,#8131,#8132,#8133,#8134,#8135,#8136,#8137,#8138),(#8139,
#8140,#8141,#8142,#8143,#8144,#8145,#8146,#8147,#8148)),.UNSPECIFIED.,.F.,
 .F.,.F.,(4,1,4),(4,1,1,1,1,1,1,4),(0.,0.571428571428571,1.),(-1.32184036646812,
-1.2274744013225,-1.13310843617687,-1.03874247103125,-0.944376505885622,
-0.850010540739996,-0.755644575594371,-0.661278610448746),.UNSPECIFIED.);
#3177=B_SPLINE_SURFACE_WITH_KNOTS('',3,3,((#8189,#8190,#8191,#8192,#8193,
#8194),(#8195,#8196,#8197,#8198,#8199,#8200),(#8201,#8202,#8203,#8204,#8205,
#8206),(#8207,#8208,#8209,#8210,#8211,#8212)),.UNSPECIFIED.,.F.,.F.,.F.,
(4,4),(4,2,4),(0.,1.),(-1.83295770605871,-1.83203395279079,-1.45082557552105),
 .UNSPECIFIED.);
#3178=B_SPLINE_SURFACE_WITH_KNOTS('',3,3,((#8214,#8215,#8216,#8217),(#8218,
#8219,#8220,#8221),(#8222,#8223,#8224,#8225),(#8226,#8227,#8228,#8229),
(#8230,#8231,#8232,#8233),(#8234,#8235,#8236,#8237)),.UNSPECIFIED.,.F.,
 .F.,.F.,(4,1,1,4),(4,4),(0.,0.285714285714286,0.571428571428571,1.),(1.05952088937557,
1.26815971716207),.UNSPECIFIED.);
#3179=B_SPLINE_SURFACE_WITH_KNOTS('',3,3,((#8240,#8241,#8242,#8243),(#8244,
#8245,#8246,#8247),(#8248,#8249,#8250,#8251),(#8252,#8253,#8254,#8255),
(#8256,#8257,#8258,#8259)),.UNSPECIFIED.,.F.,.F.,.F.,(4,1,4),(4,4),(0.0188559925911564,
0.439346281480661,1.),(0.205762854679321,0.947077672813392),
 .UNSPECIFIED.);
#3180=B_SPLINE_SURFACE_WITH_KNOTS('',3,3,((#8264,#8265,#8266,#8267),(#8268,
#8269,#8270,#8271),(#8272,#8273,#8274,#8275),(#8276,#8277,#8278,#8279),
(#8280,#8281,#8282,#8283)),.UNSPECIFIED.,.F.,.F.,.F.,(4,1,4),(4,4),(0.,
0.308049135211944,0.718781315494537),(-1.38464553013925,-1.21905584129067),
 .UNSPECIFIED.);
#3181=B_SPLINE_SURFACE_WITH_KNOTS('',3,3,((#8341,#8342,#8343,#8344),(#8345,
#8346,#8347,#8348),(#8349,#8350,#8351,#8352),(#8353,#8354,#8355,#8356)),
 .UNSPECIFIED.,.F.,.F.,.F.,(4,4),(4,4),(0.154380971872107,0.320832028627012),
(0.170585393453336,0.589468597452465),.UNSPECIFIED.);
#3182=ADVANCED_FACE('',(#605),#3120,.T.);
#3183=ADVANCED_FACE('',(#606),#3121,.T.);
#3184=ADVANCED_FACE('',(#607),#3122,.T.);
#3185=ADVANCED_FACE('',(#608),#599,.F.);
#3186=ADVANCED_FACE('',(#609),#565,.F.);
#3187=ADVANCED_FACE('',(#610),#600,.F.);
#3188=ADVANCED_FACE('',(#611),#601,.F.);
#3189=ADVANCED_FACE('',(#612),#3123,.T.);
#3190=ADVANCED_FACE('',(#613),#3124,.T.);
#3191=ADVANCED_FACE('',(#614),#566,.F.);
#3192=ADVANCED_FACE('',(#615),#567,.F.);
#3193=ADVANCED_FACE('',(#616,#102),#568,.F.);
#3194=ADVANCED_FACE('',(#617),#25,.T.);
#3195=ADVANCED_FACE('',(#618),#3125,.F.);
#3196=ADVANCED_FACE('',(#619),#3126,.T.);
#3197=ADVANCED_FACE('',(#620),#3127,.T.);
#3198=ADVANCED_FACE('',(#621),#569,.F.);
#3199=ADVANCED_FACE('',(#622),#26,.T.);
#3200=ADVANCED_FACE('',(#623),#27,.F.);
#3201=ADVANCED_FACE('',(#624),#3128,.T.);
#3202=ADVANCED_FACE('',(#625),#570,.F.);
#3203=ADVANCED_FACE('',(#626),#28,.T.);
#3204=ADVANCED_FACE('',(#627),#571,.F.);
#3205=ADVANCED_FACE('',(#628),#572,.F.);
#3206=ADVANCED_FACE('',(#629),#573,.F.);
#3207=ADVANCED_FACE('',(#630),#3129,.T.);
#3208=ADVANCED_FACE('',(#631),#20,.T.);
#3209=ADVANCED_FACE('',(#632),#21,.T.);
#3210=ADVANCED_FACE('',(#633),#22,.T.);
#3211=ADVANCED_FACE('',(#634),#29,.F.);
#3212=ADVANCED_FACE('',(#635),#30,.F.);
#3213=ADVANCED_FACE('',(#636,#103),#31,.F.);
#3214=ADVANCED_FACE('',(#637),#32,.F.);
#3215=ADVANCED_FACE('',(#638,#104),#33,.F.);
#3216=ADVANCED_FACE('',(#639),#23,.T.);
#3217=ADVANCED_FACE('',(#640),#574,.F.);
#3218=ADVANCED_FACE('',(#641),#575,.T.);
#3219=ADVANCED_FACE('',(#642),#576,.T.);
#3220=ADVANCED_FACE('',(#643),#577,.T.);
#3221=ADVANCED_FACE('',(#644),#34,.T.);
#3222=ADVANCED_FACE('',(#645,#105),#578,.T.);
#3223=ADVANCED_FACE('',(#646),#35,.T.);
#3224=ADVANCED_FACE('',(#647),#36,.F.);
#3225=ADVANCED_FACE('',(#648),#37,.T.);
#3226=ADVANCED_FACE('',(#649),#38,.T.);
#3227=ADVANCED_FACE('',(#650),#39,.T.);
#3228=ADVANCED_FACE('',(#651),#40,.T.);
#3229=ADVANCED_FACE('',(#652),#41,.F.);
#3230=ADVANCED_FACE('',(#653),#42,.F.);
#3231=ADVANCED_FACE('',(#654),#43,.F.);
#3232=ADVANCED_FACE('',(#655),#44,.F.);
#3233=ADVANCED_FACE('',(#656),#45,.T.);
#3234=ADVANCED_FACE('',(#657),#46,.T.);
#3235=ADVANCED_FACE('',(#658),#47,.T.);
#3236=ADVANCED_FACE('',(#659),#48,.T.);
#3237=ADVANCED_FACE('',(#660),#49,.T.);
#3238=ADVANCED_FACE('',(#661,#106),#50,.T.);
#3239=ADVANCED_FACE('',(#662),#51,.F.);
#3240=ADVANCED_FACE('',(#663),#52,.T.);
#3241=ADVANCED_FACE('',(#664),#53,.T.);
#3242=ADVANCED_FACE('',(#665),#54,.T.);
#3243=ADVANCED_FACE('',(#666),#55,.T.);
#3244=ADVANCED_FACE('',(#667),#56,.T.);
#3245=ADVANCED_FACE('',(#668),#57,.T.);
#3246=ADVANCED_FACE('',(#669),#58,.T.);
#3247=ADVANCED_FACE('',(#670),#59,.T.);
#3248=ADVANCED_FACE('',(#671),#60,.T.);
#3249=ADVANCED_FACE('',(#672),#61,.F.);
#3250=ADVANCED_FACE('',(#673),#62,.T.);
#3251=ADVANCED_FACE('',(#674),#63,.T.);
#3252=ADVANCED_FACE('',(#675),#64,.T.);
#3253=ADVANCED_FACE('',(#676),#65,.T.);
#3254=ADVANCED_FACE('',(#677),#66,.T.);
#3255=ADVANCED_FACE('',(#678),#67,.T.);
#3256=ADVANCED_FACE('',(#679),#68,.T.);
#3257=ADVANCED_FACE('',(#680),#69,.T.);
#3258=ADVANCED_FACE('',(#681),#70,.T.);
#3259=ADVANCED_FACE('',(#682),#71,.T.);
#3260=ADVANCED_FACE('',(#683),#72,.T.);
#3261=ADVANCED_FACE('',(#684),#73,.T.);
#3262=ADVANCED_FACE('',(#685),#74,.T.);
#3263=ADVANCED_FACE('',(#686),#75,.T.);
#3264=ADVANCED_FACE('',(#687),#76,.T.);
#3265=ADVANCED_FACE('',(#688),#77,.F.);
#3266=ADVANCED_FACE('',(#689),#3130,.F.);
#3267=ADVANCED_FACE('',(#690),#3131,.F.);
#3268=ADVANCED_FACE('',(#691),#3132,.F.);
#3269=ADVANCED_FACE('',(#692),#78,.F.);
#3270=ADVANCED_FACE('',(#693,#107),#79,.F.);
#3271=ADVANCED_FACE('',(#694),#579,.T.);
#3272=ADVANCED_FACE('',(#695,#108),#80,.T.);
#3273=ADVANCED_FACE('',(#696,#109),#81,.F.);
#3274=ADVANCED_FACE('',(#697),#82,.F.);
#3275=ADVANCED_FACE('',(#698),#83,.F.);
#3276=ADVANCED_FACE('',(#699),#17,.F.);
#3277=ADVANCED_FACE('',(#700,#110),#84,.F.);
#3278=ADVANCED_FACE('',(#701),#85,.F.);
#3279=ADVANCED_FACE('',(#702),#580,.F.);
#3280=ADVANCED_FACE('',(#703),#581,.F.);
#3281=ADVANCED_FACE('',(#704),#86,.F.);
#3282=ADVANCED_FACE('',(#705),#3133,.F.);
#3283=ADVANCED_FACE('',(#706),#87,.T.);
#3284=ADVANCED_FACE('',(#707),#582,.T.);
#3285=ADVANCED_FACE('',(#708),#88,.T.);
#3286=ADVANCED_FACE('',(#709),#583,.T.);
#3287=ADVANCED_FACE('',(#710),#584,.T.);
#3288=ADVANCED_FACE('',(#711,#111,#112),#89,.F.);
#3289=ADVANCED_FACE('',(#712),#585,.F.);
#3290=ADVANCED_FACE('',(#713),#3134,.F.);
#3291=ADVANCED_FACE('',(#714),#90,.F.);
#3292=ADVANCED_FACE('',(#715),#586,.T.);
#3293=ADVANCED_FACE('',(#716),#587,.T.);
#3294=ADVANCED_FACE('',(#717,#113),#91,.T.);
#3295=ADVANCED_FACE('',(#718),#3135,.F.);
#3296=ADVANCED_FACE('',(#719),#588,.T.);
#3297=ADVANCED_FACE('',(#720),#92,.F.);
#3298=ADVANCED_FACE('',(#721),#589,.T.);
#3299=ADVANCED_FACE('',(#722),#93,.T.);
#3300=ADVANCED_FACE('',(#723),#3136,.T.);
#3301=ADVANCED_FACE('',(#724),#3137,.F.);
#3302=ADVANCED_FACE('',(#725),#3138,.F.);
#3303=ADVANCED_FACE('',(#726),#3139,.F.);
#3304=ADVANCED_FACE('',(#727),#3140,.F.);
#3305=ADVANCED_FACE('',(#728),#3141,.F.);
#3306=ADVANCED_FACE('',(#729),#602,.T.);
#3307=ADVANCED_FACE('',(#730),#3142,.F.);
#3308=ADVANCED_FACE('',(#731,#114),#94,.T.);
#3309=ADVANCED_FACE('',(#732),#3143,.F.);
#3310=ADVANCED_FACE('',(#733),#3144,.F.);
#3311=ADVANCED_FACE('',(#734),#3145,.F.);
#3312=ADVANCED_FACE('',(#735),#3146,.F.);
#3313=ADVANCED_FACE('',(#736),#603,.T.);
#3314=ADVANCED_FACE('',(#737,#115),#95,.T.);
#3315=ADVANCED_FACE('',(#738),#3147,.F.);
#3316=ADVANCED_FACE('',(#739),#96,.T.);
#3317=ADVANCED_FACE('',(#740),#3148,.F.);
#3318=ADVANCED_FACE('',(#741),#3149,.F.);
#3319=ADVANCED_FACE('',(#742),#97,.T.);
#3320=ADVANCED_FACE('',(#743),#3150,.F.);
#3321=ADVANCED_FACE('',(#744),#3151,.F.);
#3322=ADVANCED_FACE('',(#745),#590,.T.);
#3323=ADVANCED_FACE('',(#746),#3152,.F.);
#3324=ADVANCED_FACE('',(#747),#3153,.F.);
#3325=ADVANCED_FACE('',(#748),#3154,.F.);
#3326=ADVANCED_FACE('',(#749),#3155,.F.);
#3327=ADVANCED_FACE('',(#750),#3156,.F.);
#3328=ADVANCED_FACE('',(#751),#591,.F.);
#3329=ADVANCED_FACE('',(#752),#3157,.F.);
#3330=ADVANCED_FACE('',(#753),#98,.T.);
#3331=ADVANCED_FACE('',(#754),#3158,.F.);
#3332=ADVANCED_FACE('',(#755),#3159,.F.);
#3333=ADVANCED_FACE('',(#756),#3160,.F.);
#3334=ADVANCED_FACE('',(#757),#99,.F.);
#3335=ADVANCED_FACE('',(#758),#3161,.F.);
#3336=ADVANCED_FACE('',(#759),#3162,.F.);
#3337=ADVANCED_FACE('',(#760),#3163,.F.);
#3338=ADVANCED_FACE('',(#761),#592,.F.);
#3339=ADVANCED_FACE('',(#762),#3164,.F.);
#3340=ADVANCED_FACE('',(#763),#3165,.F.);
#3341=ADVANCED_FACE('',(#764),#3166,.F.);
#3342=ADVANCED_FACE('',(#765),#3167,.F.);
#3343=ADVANCED_FACE('',(#766),#3168,.F.);
#3344=ADVANCED_FACE('',(#767),#15,.T.);
#3345=ADVANCED_FACE('',(#768),#16,.T.);
#3346=ADVANCED_FACE('',(#769),#3169,.F.);
#3347=ADVANCED_FACE('',(#770),#3170,.F.);
#3348=ADVANCED_FACE('',(#771),#3171,.F.);
#3349=ADVANCED_FACE('',(#772),#3172,.F.);
#3350=ADVANCED_FACE('',(#773),#3173,.F.);
#3351=ADVANCED_FACE('',(#774),#3174,.F.);
#3352=ADVANCED_FACE('',(#775),#3175,.F.);
#3353=ADVANCED_FACE('',(#776),#100,.F.);
#3354=ADVANCED_FACE('',(#777),#24,.F.);
#3355=ADVANCED_FACE('',(#778),#18,.F.);
#3356=ADVANCED_FACE('',(#779),#593,.F.);
#3357=ADVANCED_FACE('',(#780),#3176,.T.);
#3358=ADVANCED_FACE('',(#781),#3177,.T.);
#3359=ADVANCED_FACE('',(#782),#3178,.F.);
#3360=ADVANCED_FACE('',(#783),#594,.F.);
#3361=ADVANCED_FACE('',(#784),#3179,.T.);
#3362=ADVANCED_FACE('',(#785),#3180,.F.);
#3363=ADVANCED_FACE('',(#786),#19,.F.);
#3364=ADVANCED_FACE('',(#787),#604,.T.);
#3365=ADVANCED_FACE('',(#788),#595,.T.);
#3366=ADVANCED_FACE('',(#789),#101,.F.);
#3367=ADVANCED_FACE('',(#790),#596,.T.);
#3368=ADVANCED_FACE('',(#791),#597,.T.);
#3369=ADVANCED_FACE('',(#792),#598,.F.);
#3370=ADVANCED_FACE('',(#793),#3181,.T.);
#3371=CLOSED_SHELL('',(#3182,#3183,#3184,#3185,#3186,#3187,#3188,#3189,
#3190,#3191,#3192,#3193,#3194,#3195,#3196,#3197,#3198,#3199,#3200,#3201,
#3202,#3203,#3204,#3205,#3206,#3207,#3208,#3209,#3210,#3211,#3212,#3213,
#3214,#3215,#3216,#3217,#3218,#3219,#3220,#3221,#3222,#3223,#3224,#3225,
#3226,#3227,#3228,#3229,#3230,#3231,#3232,#3233,#3234,#3235,#3236,#3237,
#3238,#3239,#3240,#3241,#3242,#3243,#3244,#3245,#3246,#3247,#3248,#3249,
#3250,#3251,#3252,#3253,#3254,#3255,#3256,#3257,#3258,#3259,#3260,#3261,
#3262,#3263,#3264,#3265,#3266,#3267,#3268,#3269,#3270,#3271,#3272,#3273,
#3274,#3275,#3276,#3277,#3278,#3279,#3280,#3281,#3282,#3283,#3284,#3285,
#3286,#3287,#3288,#3289,#3290,#3291,#3292,#3293,#3294,#3295,#3296,#3297,
#3298,#3299,#3300,#3301,#3302,#3303,#3304,#3305,#3306,#3307,#3308,#3309,
#3310,#3311,#3312,#3313,#3314,#3315,#3316,#3317,#3318,#3319,#3320,#3321,
#3322,#3323,#3324,#3325,#3326,#3327,#3328,#3329,#3330,#3331,#3332,#3333,
#3334,#3335,#3336,#3337,#3338,#3339,#3340,#3341,#3342,#3343,#3344,#3345,
#3346,#3347,#3348,#3349,#3350,#3351,#3352,#3353,#3354,#3355,#3356,#3357,
#3358,#3359,#3360,#3361,#3362,#3363,#3364,#3365,#3366,#3367,#3368));
#3372=CLOSED_SHELL('',(#3369,#3370));
#3373=BREP_WITH_VOIDS('\X2\30BD30EA30C330C9\X0\1',#3371,(#14));
#3374=DERIVED_UNIT_ELEMENT(#3377,1.);
#3375=DERIVED_UNIT_ELEMENT(#8362,-3.);
#3376=DIMENSIONAL_EXPONENTS(0.,1.,0.,0.,0.,0.,0.);
#3377=(
CONVERSION_BASED_UNIT('gram',#3379)
MASS_UNIT()
NAMED_UNIT(#3376)
);
#3378=(
MASS_UNIT()
NAMED_UNIT(*)
SI_UNIT(.KILO.,.GRAM.)
);
#3379=MASS_MEASURE_WITH_UNIT(MASS_MEASURE(0.001),#3378);
#3380=DERIVED_UNIT((#3374,#3375));
#3381=MEASURE_REPRESENTATION_ITEM('density measure',
POSITIVE_RATIO_MEASURE(1.),#3380);
#3382=PROPERTY_DEFINITION_REPRESENTATION(#3387,#3384);
#3383=PROPERTY_DEFINITION_REPRESENTATION(#3388,#3385);
#3384=REPRESENTATION('material name',(#3386),#8359);
#3385=REPRESENTATION('density',(#3381),#8359);
#3386=DESCRIPTIVE_REPRESENTATION_ITEM('\X2\4E00822C\X0\','\X2\4E00822C\X0\');
#3387=PROPERTY_DEFINITION('material property','material name',#8369);
#3388=PROPERTY_DEFINITION('material property','density of part',#8369);
#3389=DATE_TIME_ROLE('creation_date');
#3390=APPLIED_DATE_AND_TIME_ASSIGNMENT(#3391,#3389,(#8369));
#3391=DATE_AND_TIME(#3392,#3393);
#3392=CALENDAR_DATE(2026,20,1);
#3393=LOCAL_TIME(0,0,0.,#3394);
#3394=COORDINATED_UNIVERSAL_TIME_OFFSET(0,0,.BEHIND.);
#3395=AXIS2_PLACEMENT_3D('',#4411,#3668,#3669);
#3396=AXIS2_PLACEMENT_3D('',#4444,#3670,#3671);
#3397=AXIS2_PLACEMENT_3D('',#4453,#3672,#3673);
#3398=AXIS2_PLACEMENT_3D('',#4482,#3674,#3675);
#3399=AXIS2_PLACEMENT_3D('',#4543,#3676,#3677);
#3400=AXIS2_PLACEMENT_3D('',#4553,#3678,#3679);
#3401=AXIS2_PLACEMENT_3D('',#4556,#3680,#3681);
#3402=AXIS2_PLACEMENT_3D('',#4557,#3682,#3683);
#3403=AXIS2_PLACEMENT_3D('',#4558,#3684,#3685);
#3404=AXIS2_PLACEMENT_3D('',#4559,#3686,#3687);
#3405=AXIS2_PLACEMENT_3D('',#4562,#3688,#3689);
#3406=AXIS2_PLACEMENT_3D('',#4565,#3692,#3693);
#3407=AXIS2_PLACEMENT_3D('',#4568,#3694,#3695);
#3408=AXIS2_PLACEMENT_3D('',#4569,#3696,#3697);
#3409=AXIS2_PLACEMENT_3D('',#4570,#3698,#3699);
#3410=AXIS2_PLACEMENT_3D('',#4571,#3700,#3701);
#3411=AXIS2_PLACEMENT_3D('',#4588,#3702,#3703);
#3412=AXIS2_PLACEMENT_3D('',#4589,#3704,#3705);
#3413=AXIS2_PLACEMENT_3D('',#4617,#3706,#3707);
#3414=AXIS2_PLACEMENT_3D('',#4667,#3709,#3710);
#3415=AXIS2_PLACEMENT_3D('',#4671,#3712,#3713);
#3416=AXIS2_PLACEMENT_3D('',#4673,#3715,#3716);
#3417=AXIS2_PLACEMENT_3D('',#4704,#3719,#3720);
#3418=AXIS2_PLACEMENT_3D('',#4706,#3721,#3722);
#3419=AXIS2_PLACEMENT_3D('',#4710,#3724,#3725);
#3420=AXIS2_PLACEMENT_3D('',#4712,#3726,#3727);
#3421=AXIS2_PLACEMENT_3D('',#4715,#3729,#3730);
#3422=AXIS2_PLACEMENT_3D('',#4716,#3731,#3732);
#3423=AXIS2_PLACEMENT_3D('',#4718,#3733,#3734);
#3424=AXIS2_PLACEMENT_3D('',#4722,#3736,#3737);
#3425=AXIS2_PLACEMENT_3D('',#4723,#3738,#3739);
#3426=AXIS2_PLACEMENT_3D('',#4790,#3740,#3741);
#3427=AXIS2_PLACEMENT_3D('',#4792,#3742,#3743);
#3428=AXIS2_PLACEMENT_3D('',#4937,#3750,#3751);
#3429=AXIS2_PLACEMENT_3D('',#4987,#3752,#3753);
#3430=AXIS2_PLACEMENT_3D('',#5046,#3755,#3756);
#3431=AXIS2_PLACEMENT_3D('',#5049,#3758,#3759);
#3432=AXIS2_PLACEMENT_3D('',#5050,#3760,#3761);
#3433=AXIS2_PLACEMENT_3D('',#5053,#3762,#3763);
#3434=AXIS2_PLACEMENT_3D('',#5054,#3764,#3765);
#3435=AXIS2_PLACEMENT_3D('',#5055,#3766,#3767);
#3436=AXIS2_PLACEMENT_3D('',#5056,#3768,#3769);
#3437=AXIS2_PLACEMENT_3D('',#5059,#3770,#3771);
#3438=AXIS2_PLACEMENT_3D('',#5061,#3772,#3773);
#3439=AXIS2_PLACEMENT_3D('',#5144,#3775,#3776);
#3440=AXIS2_PLACEMENT_3D('',#5146,#3777,#3778);
#3441=AXIS2_PLACEMENT_3D('',#5149,#3780,#3781);
#3442=AXIS2_PLACEMENT_3D('',#5151,#3782,#3783);
#3443=AXIS2_PLACEMENT_3D('',#5152,#3784,#3785);
#3444=AXIS2_PLACEMENT_3D('',#5153,#3786,#3787);
#3445=AXIS2_PLACEMENT_3D('',#5157,#3790,#3791);
#3446=AXIS2_PLACEMENT_3D('',#5159,#3792,#3793);
#3447=AXIS2_PLACEMENT_3D('',#5163,#3795,#3796);
#3448=AXIS2_PLACEMENT_3D('',#5170,#3800,#3801);
#3449=AXIS2_PLACEMENT_3D('',#5171,#3802,#3803);
#3450=AXIS2_PLACEMENT_3D('',#5173,#3804,#3805);
#3451=AXIS2_PLACEMENT_3D('',#5175,#3807,#3808);
#3452=AXIS2_PLACEMENT_3D('',#5177,#3809,#3810);
#3453=AXIS2_PLACEMENT_3D('',#5360,#3813,#3814);
#3454=AXIS2_PLACEMENT_3D('',#5368,#3815,#3816);
#3455=AXIS2_PLACEMENT_3D('',#5371,#3818,#3819);
#3456=AXIS2_PLACEMENT_3D('',#5380,#3820,#3821);
#3457=AXIS2_PLACEMENT_3D('',#5389,#3824,#3825);
#3458=AXIS2_PLACEMENT_3D('',#5395,#3829,#3830);
#3459=AXIS2_PLACEMENT_3D('',#5401,#3834,#3835);
#3460=AXIS2_PLACEMENT_3D('',#5405,#3838,#3839);
#3461=AXIS2_PLACEMENT_3D('',#5406,#3840,#3841);
#3462=AXIS2_PLACEMENT_3D('',#5422,#3843,#3844);
#3463=AXIS2_PLACEMENT_3D('',#5425,#3845,#3846);
#3464=AXIS2_PLACEMENT_3D('',#5429,#3848,#3849);
#3465=AXIS2_PLACEMENT_3D('',#5433,#3851,#3852);
#3466=AXIS2_PLACEMENT_3D('',#5437,#3854,#3855);
#3467=AXIS2_PLACEMENT_3D('',#5506,#3858,#3859);
#3468=AXIS2_PLACEMENT_3D('',#5509,#3860,#3861);
#3469=AXIS2_PLACEMENT_3D('',#5511,#3862,#3863);
#3470=AXIS2_PLACEMENT_3D('',#5553,#3865,#3866);
#3471=AXIS2_PLACEMENT_3D('',#5554,#3867,#3868);
#3472=AXIS2_PLACEMENT_3D('',#5573,#3871,#3872);
#3473=AXIS2_PLACEMENT_3D('',#5574,#3873,#3874);
#3474=AXIS2_PLACEMENT_3D('',#5579,#3876,#3877);
#3475=AXIS2_PLACEMENT_3D('',#5592,#3879,#3880);
#3476=AXIS2_PLACEMENT_3D('',#5597,#3883,#3884);
#3477=AXIS2_PLACEMENT_3D('',#5598,#3885,#3886);
#3478=AXIS2_PLACEMENT_3D('',#5601,#3888,#3889);
#3479=AXIS2_PLACEMENT_3D('',#5604,#3891,#3892);
#3480=AXIS2_PLACEMENT_3D('',#5606,#3893,#3894);
#3481=AXIS2_PLACEMENT_3D('',#5609,#3896,#3897);
#3482=AXIS2_PLACEMENT_3D('',#5610,#3898,#3899);
#3483=AXIS2_PLACEMENT_3D('',#5614,#3902,#3903);
#3484=AXIS2_PLACEMENT_3D('',#5618,#3905,#3906);
#3485=AXIS2_PLACEMENT_3D('',#5620,#3908,#3909);
#3486=AXIS2_PLACEMENT_3D('',#5622,#3911,#3912);
#3487=AXIS2_PLACEMENT_3D('',#5632,#3918,#3919);
#3488=AXIS2_PLACEMENT_3D('',#5638,#3923,#3924);
#3489=AXIS2_PLACEMENT_3D('',#5640,#3926,#3927);
#3490=AXIS2_PLACEMENT_3D('',#5646,#3931,#3932);
#3491=AXIS2_PLACEMENT_3D('',#5648,#3934,#3935);
#3492=AXIS2_PLACEMENT_3D('',#5653,#3939,#3940);
#3493=AXIS2_PLACEMENT_3D('',#5656,#3943,#3944);
#3494=AXIS2_PLACEMENT_3D('',#5657,#3945,#3946);
#3495=AXIS2_PLACEMENT_3D('',#5661,#3949,#3950);
#3496=AXIS2_PLACEMENT_3D('',#5665,#3953,#3954);
#3497=AXIS2_PLACEMENT_3D('',#5667,#3956,#3957);
#3498=AXIS2_PLACEMENT_3D('',#5669,#3959,#3960);
#3499=AXIS2_PLACEMENT_3D('',#5670,#3961,#3962);
#3500=AXIS2_PLACEMENT_3D('',#5672,#3964,#3965);
#3501=AXIS2_PLACEMENT_3D('',#5681,#3970,#3971);
#3502=AXIS2_PLACEMENT_3D('',#5688,#3976,#3977);
#3503=AXIS2_PLACEMENT_3D('',#5694,#3981,#3982);
#3504=AXIS2_PLACEMENT_3D('',#5700,#3986,#3987);
#3505=AXIS2_PLACEMENT_3D('',#5706,#3991,#3992);
#3506=AXIS2_PLACEMENT_3D('',#5712,#3996,#3997);
#3507=AXIS2_PLACEMENT_3D('',#5718,#4001,#4002);
#3508=AXIS2_PLACEMENT_3D('',#5722,#4006,#4007);
#3509=AXIS2_PLACEMENT_3D('',#5723,#4008,#4009);
#3510=AXIS2_PLACEMENT_3D('',#5724,#4010,#4011);
#3511=AXIS2_PLACEMENT_3D('',#5733,#4016,#4017);
#3512=AXIS2_PLACEMENT_3D('',#5739,#4021,#4022);
#3513=AXIS2_PLACEMENT_3D('',#5745,#4026,#4027);
#3514=AXIS2_PLACEMENT_3D('',#5751,#4031,#4032);
#3515=AXIS2_PLACEMENT_3D('',#5757,#4036,#4037);
#3516=AXIS2_PLACEMENT_3D('',#5763,#4041,#4042);
#3517=AXIS2_PLACEMENT_3D('',#5769,#4046,#4047);
#3518=AXIS2_PLACEMENT_3D('',#5775,#4051,#4052);
#3519=AXIS2_PLACEMENT_3D('',#5781,#4056,#4057);
#3520=AXIS2_PLACEMENT_3D('',#5787,#4061,#4062);
#3521=AXIS2_PLACEMENT_3D('',#5793,#4066,#4067);
#3522=AXIS2_PLACEMENT_3D('',#5796,#4070,#4071);
#3523=AXIS2_PLACEMENT_3D('',#5797,#4072,#4073);
#3524=AXIS2_PLACEMENT_3D('',#5799,#4075,#4076);
#3525=AXIS2_PLACEMENT_3D('',#5800,#4077,#4078);
#3526=AXIS2_PLACEMENT_3D('',#5910,#4080,#4081);
#3527=AXIS2_PLACEMENT_3D('',#5911,#4082,#4083);
#3528=AXIS2_PLACEMENT_3D('',#5913,#4084,#4085);
#3529=AXIS2_PLACEMENT_3D('',#5915,#4086,#4087);
#3530=AXIS2_PLACEMENT_3D('',#5919,#4089,#4090);
#3531=AXIS2_PLACEMENT_3D('',#5923,#4093,#4094);
#3532=AXIS2_PLACEMENT_3D('',#5927,#4096,#4097);
#3533=AXIS2_PLACEMENT_3D('',#5936,#4102,#4103);
#3534=AXIS2_PLACEMENT_3D('',#5944,#4105,#4106);
#3535=AXIS2_PLACEMENT_3D('',#5945,#4107,#4108);
#3536=AXIS2_PLACEMENT_3D('',#5946,#4109,#4110);
#3537=AXIS2_PLACEMENT_3D('',#5947,#4111,#4112);
#3538=AXIS2_PLACEMENT_3D('',#5954,#4113,#4114);
#3539=AXIS2_PLACEMENT_3D('',#5958,#4116,#4117);
#3540=AXIS2_PLACEMENT_3D('',#5959,#4118,#4119);
#3541=AXIS2_PLACEMENT_3D('',#5960,#4120,#4121);
#3542=AXIS2_PLACEMENT_3D('',#5961,#4122,#4123);
#3543=AXIS2_PLACEMENT_3D('',#5965,#4126,#4127);
#3544=AXIS2_PLACEMENT_3D('',#5966,#4128,#4129);
#3545=AXIS2_PLACEMENT_3D('',#5967,#4130,#4131);
#3546=AXIS2_PLACEMENT_3D('',#5969,#4133,#4134);
#3547=AXIS2_PLACEMENT_3D('',#5971,#4135,#4136);
#3548=AXIS2_PLACEMENT_3D('',#5973,#4138,#4139);
#3549=AXIS2_PLACEMENT_3D('',#5975,#4140,#4141);
#3550=AXIS2_PLACEMENT_3D('',#5976,#4142,#4143);
#3551=AXIS2_PLACEMENT_3D('',#5978,#4144,#4145);
#3552=AXIS2_PLACEMENT_3D('',#5982,#4147,#4148);
#3553=AXIS2_PLACEMENT_3D('',#6006,#4151,#4152);
#3554=AXIS2_PLACEMENT_3D('',#6023,#4153,#4154);
#3555=AXIS2_PLACEMENT_3D('',#6024,#4155,#4156);
#3556=AXIS2_PLACEMENT_3D('',#6026,#4157,#4158);
#3557=AXIS2_PLACEMENT_3D('',#6028,#4160,#4161);
#3558=AXIS2_PLACEMENT_3D('',#6030,#4162,#4163);
#3559=AXIS2_PLACEMENT_3D('',#6032,#4165,#4166);
#3560=AXIS2_PLACEMENT_3D('',#6036,#4168,#4169);
#3561=AXIS2_PLACEMENT_3D('',#6040,#4171,#4172);
#3562=AXIS2_PLACEMENT_3D('',#6044,#4174,#4175);
#3563=AXIS2_PLACEMENT_3D('',#6099,#4177,#4178);
#3564=AXIS2_PLACEMENT_3D('',#6100,#4179,#4180);
#3565=AXIS2_PLACEMENT_3D('',#6101,#4181,#4182);
#3566=AXIS2_PLACEMENT_3D('',#6103,#4183,#4184);
#3567=AXIS2_PLACEMENT_3D('',#6122,#4186,#4187);
#3568=AXIS2_PLACEMENT_3D('',#6145,#4188,#4189);
#3569=AXIS2_PLACEMENT_3D('',#6152,#4190,#4191);
#3570=AXIS2_PLACEMENT_3D('',#6158,#4192,#4193);
#3571=AXIS2_PLACEMENT_3D('',#6159,#4194,#4195);
#3572=AXIS2_PLACEMENT_3D('',#6161,#4196,#4197);
#3573=AXIS2_PLACEMENT_3D('',#6182,#4199,#4200);
#3574=AXIS2_PLACEMENT_3D('',#6194,#4201,#4202);
#3575=AXIS2_PLACEMENT_3D('',#6210,#4203,#4204);
#3576=AXIS2_PLACEMENT_3D('',#6228,#4205,#4206);
#3577=AXIS2_PLACEMENT_3D('',#6229,#4207,#4208);
#3578=AXIS2_PLACEMENT_3D('',#6246,#4211,#4212);
#3579=AXIS2_PLACEMENT_3D('',#6248,#4213,#4214);
#3580=AXIS2_PLACEMENT_3D('',#6250,#4215,#4216);
#3581=AXIS2_PLACEMENT_3D('',#6254,#4218,#4219);
#3582=AXIS2_PLACEMENT_3D('',#6272,#4220,#4221);
#3583=AXIS2_PLACEMENT_3D('',#6294,#4223,#4224);
#3584=AXIS2_PLACEMENT_3D('',#6299,#4227,#4228);
#3585=AXIS2_PLACEMENT_3D('',#6306,#4229,#4230);
#3586=AXIS2_PLACEMENT_3D('',#6308,#4231,#4232);
#3587=AXIS2_PLACEMENT_3D('',#6310,#4233,#4234);
#3588=AXIS2_PLACEMENT_3D('',#6312,#4236,#4237);
#3589=AXIS2_PLACEMENT_3D('',#6314,#4239,#4240);
#3590=AXIS2_PLACEMENT_3D('',#6338,#4243,#4244);
#3591=AXIS2_PLACEMENT_3D('',#6389,#4247,#4248);
#3592=AXIS2_PLACEMENT_3D('',#6391,#4250,#4251);
#3593=AXIS2_PLACEMENT_3D('',#6393,#4252,#4253);
#3594=AXIS2_PLACEMENT_3D('',#6395,#4255,#4256);
#3595=AXIS2_PLACEMENT_3D('',#6398,#4258,#4259);
#3596=AXIS2_PLACEMENT_3D('',#6399,#4260,#4261);
#3597=AXIS2_PLACEMENT_3D('',#6401,#4262,#4263);
#3598=AXIS2_PLACEMENT_3D('',#6524,#4264,#4265);
#3599=AXIS2_PLACEMENT_3D('',#6586,#4266,#4267);
#3600=AXIS2_PLACEMENT_3D('',#6592,#4268,#4269);
#3601=AXIS2_PLACEMENT_3D('',#6623,#4270,#4271);
#3602=AXIS2_PLACEMENT_3D('',#6653,#4272,#4273);
#3603=AXIS2_PLACEMENT_3D('',#6662,#4274,#4275);
#3604=AXIS2_PLACEMENT_3D('',#6663,#4276,#4277);
#3605=AXIS2_PLACEMENT_3D('',#6685,#4278,#4279);
#3606=AXIS2_PLACEMENT_3D('',#6686,#4280,#4281);
#3607=AXIS2_PLACEMENT_3D('',#6739,#4282,#4283);
#3608=AXIS2_PLACEMENT_3D('',#6787,#4284,#4285);
#3609=AXIS2_PLACEMENT_3D('',#6828,#4286,#4287);
#3610=AXIS2_PLACEMENT_3D('',#6860,#4288,#4289);
#3611=AXIS2_PLACEMENT_3D('',#6869,#4290,#4291);
#3612=AXIS2_PLACEMENT_3D('',#6870,#4292,#4293);
#3613=AXIS2_PLACEMENT_3D('',#6871,#4294,#4295);
#3614=AXIS2_PLACEMENT_3D('',#6877,#4296,#4297);
#3615=AXIS2_PLACEMENT_3D('',#6954,#4298,#4299);
#3616=AXIS2_PLACEMENT_3D('',#7039,#4300,#4301);
#3617=AXIS2_PLACEMENT_3D('',#7045,#4302,#4303);
#3618=AXIS2_PLACEMENT_3D('',#7068,#4305,#4306);
#3619=AXIS2_PLACEMENT_3D('',#7139,#4307,#4308);
#3620=AXIS2_PLACEMENT_3D('',#7161,#4309,#4310);
#3621=AXIS2_PLACEMENT_3D('',#7164,#4311,#4312);
#3622=AXIS2_PLACEMENT_3D('',#7189,#4315,#4316);
#3623=AXIS2_PLACEMENT_3D('',#7222,#4317,#4318);
#3624=AXIS2_PLACEMENT_3D('',#7258,#4319,#4320);
#3625=AXIS2_PLACEMENT_3D('',#7303,#4321,#4322);
#3626=AXIS2_PLACEMENT_3D('',#7304,#4323,#4324);
#3627=AXIS2_PLACEMENT_3D('',#7321,#4325,#4326);
#3628=AXIS2_PLACEMENT_3D('',#7382,#4328,#4329);
#3629=AXIS2_PLACEMENT_3D('',#7384,#4330,#4331);
#3630=AXIS2_PLACEMENT_3D('',#7418,#4333,#4334);
#3631=AXIS2_PLACEMENT_3D('',#7455,#4335,#4336);
#3632=AXIS2_PLACEMENT_3D('',#7456,#4337,#4338);
#3633=AXIS2_PLACEMENT_3D('',#7501,#4339,#4340);
#3634=AXIS2_PLACEMENT_3D('',#7502,#4341,#4342);
#3635=AXIS2_PLACEMENT_3D('',#7672,#4343,#4344);
#3636=AXIS2_PLACEMENT_3D('',#7693,#4345,#4346);
#3637=AXIS2_PLACEMENT_3D('',#7694,#4347,#4348);
#3638=AXIS2_PLACEMENT_3D('',#7695,#4349,#4350);
#3639=AXIS2_PLACEMENT_3D('',#7716,#4351,#4352);
#3640=AXIS2_PLACEMENT_3D('',#7722,#4353,#4354);
#3641=AXIS2_PLACEMENT_3D('',#7863,#4355,#4356);
#3642=AXIS2_PLACEMENT_3D('',#7866,#4357,#4358);
#3643=AXIS2_PLACEMENT_3D('',#7868,#4359,#4360);
#3644=AXIS2_PLACEMENT_3D('',#7869,#4361,#4362);
#3645=AXIS2_PLACEMENT_3D('',#7870,#4363,#4364);
#3646=AXIS2_PLACEMENT_3D('',#7871,#4365,#4366);
#3647=AXIS2_PLACEMENT_3D('',#7889,#4367,#4368);
#3648=AXIS2_PLACEMENT_3D('',#7935,#4369,#4370);
#3649=AXIS2_PLACEMENT_3D('',#7962,#4371,#4372);
#3650=AXIS2_PLACEMENT_3D('',#8012,#4373,#4374);
#3651=AXIS2_PLACEMENT_3D('',#8013,#4375,#4376);
#3652=AXIS2_PLACEMENT_3D('',#8051,#4377,#4378);
#3653=AXIS2_PLACEMENT_3D('',#8090,#4379,#4380);
#3654=AXIS2_PLACEMENT_3D('',#8097,#4381,#4382);
#3655=AXIS2_PLACEMENT_3D('',#8098,#4383,#4384);
#3656=AXIS2_PLACEMENT_3D('',#8188,#4385,#4386);
#3657=AXIS2_PLACEMENT_3D('',#8213,#4387,#4388);
#3658=AXIS2_PLACEMENT_3D('',#8238,#4389,#4390);
#3659=AXIS2_PLACEMENT_3D('',#8239,#4391,#4392);
#3660=AXIS2_PLACEMENT_3D('',#8284,#4393,#4394);
#3661=AXIS2_PLACEMENT_3D('',#8285,#4395,#4396);
#3662=AXIS2_PLACEMENT_3D('',#8286,#4397,#4398);
#3663=AXIS2_PLACEMENT_3D('',#8287,#4399,#4400);
#3664=AXIS2_PLACEMENT_3D('',#8289,#4402,#4403);
#3665=AXIS2_PLACEMENT_3D('',#8291,#4405,#4406);
#3666=AXIS2_PLACEMENT_3D('',#8292,#4407,#4408);
#3667=AXIS2_PLACEMENT_3D('',#8293,#4409,#4410);
#3668=DIRECTION('axis',(0.,0.,1.));
#3669=DIRECTION('refdir',(1.,0.,0.));
#3670=DIRECTION('center_axis',(0.309965454879454,-0.19759886456912,-0.929987153407168));
#3671=DIRECTION('ref_axis',(-0.47795601634234,-0.877961243131697,0.0272415491630981));
#3672=DIRECTION('center_axis',(0.206712864253958,0.977906798052767,0.0311140816047989));
#3673=DIRECTION('ref_axis',(-0.908789629997487,0.203689141183164,-0.364159501006214));
#3674=DIRECTION('center_axis',(0.249186686105603,0.959948915932737,-0.128078391101977));
#3675=DIRECTION('ref_axis',(-0.936299580980456,0.20500070088093,-0.285162773331566));
#3676=DIRECTION('center_axis',(-0.144479268942365,0.924490833403959,0.352764000144478));
#3677=DIRECTION('ref_axis',(-0.422618261740707,0.264700560481836,-0.866791450190797));
#3678=DIRECTION('center_axis',(0.4226182617407,-0.264700560481851,0.866791450190796));
#3679=DIRECTION('ref_axis',(0.898852945491477,0.,-0.438250364952838));
#3680=DIRECTION('center_axis',(-0.29121021604413,0.86602251326357,0.406450017335687));
#3681=DIRECTION('ref_axis',(-0.422618261740699,0.264700560481854,-0.866791450190796));
#3682=DIRECTION('center_axis',(-0.4226182617407,0.264700560481851,-0.866791450190796));
#3683=DIRECTION('ref_axis',(0.884717345889395,0.328004206410987,-0.331192479472471));
#3684=DIRECTION('center_axis',(0.4226182617407,-0.264700560481851,0.866791450190796));
#3685=DIRECTION('ref_axis',(0.884717345889395,0.328004206410987,-0.331192479472471));
#3686=DIRECTION('center_axis',(-0.291210216044124,0.866022513263574,0.406450017335683));
#3687=DIRECTION('ref_axis',(-0.905709543018092,-0.112777284172459,-0.408621472588804));
#3688=DIRECTION('center_axis',(-0.291210216044127,0.866022513263571,0.406450017335688));
#3689=DIRECTION('ref_axis',(-0.422618261740699,0.264700560481855,-0.866791450190795));
#3690=DIRECTION('',(0.291210216044124,-0.866022513263574,-0.406450017335683));
#3691=DIRECTION('',(-0.291210216044124,0.866022513263574,0.406450017335683));
#3692=DIRECTION('center_axis',(-0.4226182617407,0.264700560481851,-0.866791450190796));
#3693=DIRECTION('ref_axis',(-0.898852945491477,0.,0.438250364952838));
#3694=DIRECTION('center_axis',(0.309996189492476,0.940931727922621,0.13619781895719));
#3695=DIRECTION('ref_axis',(-0.422618261740699,0.264700560481854,-0.866791450190796));
#3696=DIRECTION('center_axis',(0.4226182617407,-0.264700560481851,0.866791450190796));
#3697=DIRECTION('ref_axis',(-0.906253001240968,-0.112908609108459,0.407378379066601));
#3698=DIRECTION('center_axis',(-0.4226182617407,0.264700560481851,-0.866791450190796));
#3699=DIRECTION('ref_axis',(-0.906253001240968,-0.112908609108459,0.407378379066601));
#3700=DIRECTION('center_axis',(-0.4226182617407,0.264700560481851,-0.866791450190796));
#3701=DIRECTION('ref_axis',(-0.898852945491477,0.,0.438250364952838));
#3702=DIRECTION('center_axis',(0.4226182617407,-0.264700560481851,0.866791450190796));
#3703=DIRECTION('ref_axis',(-0.800156150086314,0.340158248393555,0.494006580450987));
#3704=DIRECTION('center_axis',(-0.4226182617407,0.264700560481851,-0.866791450190796));
#3705=DIRECTION('ref_axis',(-0.800156150086314,0.340158248393555,0.494006580450987));
#3706=DIRECTION('center_axis',(-0.121119454001702,-0.982864739497503,-0.138949565363967));
#3707=DIRECTION('ref_axis',(-0.919891080717602,0.0585378335514579,0.387780507064633));
#3708=DIRECTION('',(0.373001980528982,-0.174786229135948,0.911218577853795));
#3709=DIRECTION('center_axis',(-0.4226182617407,0.264700560481851,-0.866791450190796));
#3710=DIRECTION('ref_axis',(-0.858253847404686,-0.424175696075404,0.288920944678645));
#3711=DIRECTION('',(-0.4226182617407,0.264700560481851,-0.866791450190796));
#3712=DIRECTION('center_axis',(0.422618261740674,-0.264700560481855,0.866791450190807));
#3713=DIRECTION('ref_axis',(-0.858253847404698,-0.424175696075396,0.288920944678621));
#3714=DIRECTION('',(-0.4226182617407,0.264700560481851,-0.866791450190796));
#3715=DIRECTION('center_axis',(-0.4226182617407,0.264700560481851,-0.866791450190796));
#3716=DIRECTION('ref_axis',(0.400549520080574,0.912475572120044,0.0833571367515745));
#3717=DIRECTION('',(0.4226182617407,-0.264700560481851,0.866791450190796));
#3718=DIRECTION('',(0.4226182617407,-0.264700560481851,0.866791450190796));
#3719=DIRECTION('center_axis',(-0.437579112683165,0.055326140615203,-0.897476204870102));
#3720=DIRECTION('ref_axis',(-0.024246701316047,-0.998468336085139,-0.0497300644546497));
#3721=DIRECTION('center_axis',(-0.42261826174099,0.264700560479437,-0.866791450191392));
#3722=DIRECTION('ref_axis',(0.764737806959363,-0.409115318482155,-0.497795884665822));
#3723=DIRECTION('',(0.4226182617407,-0.264700560481851,0.866791450190796));
#3724=DIRECTION('center_axis',(-0.422618261740695,0.264700560481893,-0.866791450190786));
#3725=DIRECTION('ref_axis',(0.764737806959363,-0.409115318482156,-0.497795884665822));
#3726=DIRECTION('center_axis',(-0.164016473436543,-0.217657211734405,0.962145485163987));
#3727=DIRECTION('ref_axis',(0.979612887428945,-0.15063772734415,0.132916762989905));
#3728=DIRECTION('',(-0.4226182617407,0.264700560481851,-0.866791450190796));
#3729=DIRECTION('center_axis',(0.422618261740699,-0.264700560481851,0.866791450190796));
#3730=DIRECTION('ref_axis',(0.764737806959363,-0.409115318482156,-0.497795884665822));
#3731=DIRECTION('center_axis',(-0.422618261740699,0.264700560481854,-0.866791450190795));
#3732=DIRECTION('ref_axis',(0.178734038645287,0.96195801432385,0.206617816530085));
#3733=DIRECTION('center_axis',(-0.4226182617407,0.264700560481851,-0.866791450190796));
#3734=DIRECTION('ref_axis',(0.178734038645287,0.96195801432385,0.206617816530085));
#3735=DIRECTION('',(-0.422618261740699,0.264700560481854,-0.866791450190795));
#3736=DIRECTION('center_axis',(0.42261826174099,-0.264700560479437,0.866791450191392));
#3737=DIRECTION('ref_axis',(0.178734038645287,0.96195801432385,0.206617816530085));
#3738=DIRECTION('center_axis',(0.437579112683165,-0.055326140615203,0.897476204870102));
#3739=DIRECTION('ref_axis',(0.0242467013160449,0.998468336085139,0.0497300644546508));
#3740=DIRECTION('center_axis',(0.4226182617407,-0.264700560481851,0.866791450190796));
#3741=DIRECTION('ref_axis',(0.898852945491477,-5.02065610967732E-17,-0.438250364952838));
#3742=DIRECTION('center_axis',(0.4226182617407,-0.264700560481851,0.866791450190796));
#3743=DIRECTION('ref_axis',(0.190641740662424,0.960964132303792,0.200508511397451));
#3744=DIRECTION('',(-0.116005117234392,-0.964330655574422,-0.237926878462357));
#3745=DIRECTION('',(0.898852945491477,0.,-0.438250364952838));
#3746=DIRECTION('',(-0.11600511723347,-0.964330655574999,-0.237926878460465));
#3747=DIRECTION('',(0.553557007997748,-0.681884745862742,-0.478129514102911));
#3748=DIRECTION('',(-0.898852945491477,2.77555756156289E-17,0.438250364952838));
#3749=DIRECTION('',(-0.116005117234387,-0.964330655574422,-0.237926878462359));
#3750=DIRECTION('center_axis',(-0.445056143015104,0.128242881918271,-0.886272414555376));
#3751=DIRECTION('ref_axis',(0.129905727371997,0.988469632073278,0.0777964553490113));
#3752=DIRECTION('center_axis',(0.429961374949933,-0.239681239459595,0.870451675569802));
#3753=DIRECTION('ref_axis',(-0.860505051025745,0.18300157049163,0.475438200354974));
#3754=DIRECTION('',(0.373001980528982,-0.174786229135948,0.911218577853795));
#3755=DIRECTION('center_axis',(-0.4226182617407,0.264700560481851,-0.866791450190796));
#3756=DIRECTION('ref_axis',(0.90630778703665,0.123431898470608,-0.404191491247245));
#3757=DIRECTION('',(-0.4226182617407,0.264700560481851,-0.866791450190796));
#3758=DIRECTION('center_axis',(-0.4226182617407,0.264700560481851,-0.866791450190796));
#3759=DIRECTION('ref_axis',(0.90630778703665,0.123431898470608,-0.404191491247245));
#3760=DIRECTION('center_axis',(0.422618261740694,-0.264700560481852,0.866791450190799));
#3761=DIRECTION('ref_axis',(0.89885294549148,0.,-0.438250364952832));
#3762=DIRECTION('center_axis',(-0.4226182617407,0.264700560481851,-0.866791450190796));
#3763=DIRECTION('ref_axis',(0.90630778703665,0.123431898470608,-0.404191491247245));
#3764=DIRECTION('center_axis',(0.422618261740699,-0.264700560481851,0.866791450190796));
#3765=DIRECTION('ref_axis',(-0.807438588680899,-0.544343857010838,0.227448215740554));
#3766=DIRECTION('center_axis',(-0.4226182617407,0.264700560481851,-0.866791450190796));
#3767=DIRECTION('ref_axis',(0.90630778703665,0.123431898470608,-0.404191491247245));
#3768=DIRECTION('center_axis',(0.438250364952837,9.54631500777791E-17,0.898852945491477));
#3769=DIRECTION('ref_axis',(0.898852945491477,0.,-0.438250364952837));
#3770=DIRECTION('center_axis',(0.438250364952837,9.54631500777791E-17,0.898852945491477));
#3771=DIRECTION('ref_axis',(0.0692527252959631,0.9970275648636,-0.0337652919614561));
#3772=DIRECTION('center_axis',(0.438250364952838,1.11022302462516E-16,0.898852945491477));
#3773=DIRECTION('ref_axis',(-0.608681596880354,-0.73582112862703,0.296772607033105));
#3774=DIRECTION('',(0.896181163413842,-0.0770456676404358,-0.436947694169511));
#3775=DIRECTION('center_axis',(0.,-0.984807753012208,0.173648177666931));
#3776=DIRECTION('ref_axis',(1.,0.,0.));
#3777=DIRECTION('center_axis',(0.,-0.984807753012208,0.173648177666931));
#3778=DIRECTION('ref_axis',(1.,0.,0.));
#3779=DIRECTION('',(0.,-0.984807753012208,0.173648177666931));
#3780=DIRECTION('center_axis',(0.,-0.984807753012208,0.173648177666931));
#3781=DIRECTION('ref_axis',(1.,0.,0.));
#3782=DIRECTION('center_axis',(-0.898852945491477,1.38777878078145E-17,
0.438250364952838));
#3783=DIRECTION('ref_axis',(0.0686028896029463,-0.987671917186182,0.140704753082113));
#3784=DIRECTION('center_axis',(0.,0.984807753012208,-0.173648177666931));
#3785=DIRECTION('ref_axis',(1.,0.,0.));
#3786=DIRECTION('center_axis',(0.,0.984807753012208,-0.173648177666931));
#3787=DIRECTION('ref_axis',(0.,0.173648177666931,0.984807753012208));
#3788=DIRECTION('',(0.886030209169231,-0.0805080723046744,-0.456583966793967));
#3789=DIRECTION('',(0.432847578160513,0.156538123157819,0.887771811942014));
#3790=DIRECTION('center_axis',(-0.4226182617407,0.264700560481851,-0.866791450190796));
#3791=DIRECTION('ref_axis',(0.90630778703665,0.123431898470608,-0.404191491247245));
#3792=DIRECTION('center_axis',(-0.4226182617407,0.264700560481851,-0.866791450190796));
#3793=DIRECTION('ref_axis',(0.90630778703665,0.123431898470608,-0.404191491247245));
#3794=DIRECTION('',(-0.4226182617407,0.264700560481851,-0.866791450190796));
#3795=DIRECTION('center_axis',(-0.164016473436543,-0.217657211734405,0.962145485163987));
#3796=DIRECTION('ref_axis',(0.979612887428945,-0.15063772734415,0.132916762989905));
#3797=DIRECTION('',(0.4226182617407,-0.264700560481851,0.866791450190796));
#3798=DIRECTION('',(0.4226182617407,-0.264700560481851,0.866791450190796));
#3799=DIRECTION('',(0.4226182617407,-0.264700560481851,0.866791450190796));
#3800=DIRECTION('center_axis',(-0.4226182617407,0.264700560481851,-0.866791450190796));
#3801=DIRECTION('ref_axis',(0.90630778703665,0.123431898470608,-0.404191491247245));
#3802=DIRECTION('center_axis',(0.,-1.,0.));
#3803=DIRECTION('ref_axis',(1.,0.,-8.53546378325397E-17));
#3804=DIRECTION('center_axis',(0.,-1.,0.));
#3805=DIRECTION('ref_axis',(1.,0.,-8.53546378325397E-17));
#3806=DIRECTION('',(0.,-1.,0.));
#3807=DIRECTION('center_axis',(0.,-1.,0.));
#3808=DIRECTION('ref_axis',(1.,0.,-8.53546378325397E-17));
#3809=DIRECTION('center_axis',(0.,-1.,0.));
#3810=DIRECTION('ref_axis',(1.,0.,-8.53546378325397E-17));
#3811=DIRECTION('',(0.,-1.,0.));
#3812=DIRECTION('',(-0.116005117234392,-0.964330655574422,-0.237926878462357));
#3813=DIRECTION('center_axis',(-0.116005117234392,-0.964330655574422,-0.237926878462357));
#3814=DIRECTION('ref_axis',(0.993231557490972,-0.114029653802718,-0.0220977658981485));
#3815=DIRECTION('center_axis',(-1.2743128517563E-16,1.,0.));
#3816=DIRECTION('ref_axis',(0.982451276409652,1.23917655693977E-16,-0.18651940778655));
#3817=DIRECTION('',(-0.116005117234392,-0.964330655574422,-0.237926878462357));
#3818=DIRECTION('center_axis',(-0.116005117234392,-0.964330655574422,-0.237926878462357));
#3819=DIRECTION('ref_axis',(0.967182383038503,-0.0551536262442247,-0.248024828297643));
#3820=DIRECTION('center_axis',(-1.2743128517563E-16,1.,0.));
#3821=DIRECTION('ref_axis',(0.692830150345446,8.69831806345012E-17,-0.721100813182392));
#3822=DIRECTION('',(-0.116005117234392,-0.964330655574422,-0.237926878462357));
#3823=DIRECTION('',(-0.116005117234392,-0.964330655574422,-0.237926878462357));
#3824=DIRECTION('center_axis',(0.946999679633806,-0.179628250689254,0.266318039809147));
#3825=DIRECTION('ref_axis',(-0.299557038890598,-0.19442242225043,0.934058618169851));
#3826=DIRECTION('',(0.270721442218889,3.4498381306553E-17,-0.962657727711633));
#3827=DIRECTION('',(-0.299557038895124,-0.194422422249571,0.934058618168578));
#3828=DIRECTION('',(-0.116005117234392,-0.964330655574422,-0.237926878462357));
#3829=DIRECTION('center_axis',(0.0177754985316271,0.237490148003293,-0.971227296390153));
#3830=DIRECTION('ref_axis',(0.993089545019676,-0.116896605257723,-0.0104086143089689));
#3831=DIRECTION('',(-0.999832558642832,-1.27409947908294E-16,-0.0182990348851246));
#3832=DIRECTION('',(-0.116005117234392,-0.964330655574422,-0.237926878462357));
#3833=DIRECTION('',(0.993089545019676,-0.116896605257723,-0.0104086143089689));
#3834=DIRECTION('center_axis',(0.993089545019693,-0.116896605257501,-0.0104086143098793));
#3835=DIRECTION('ref_axis',(-0.0177754985306963,-0.237490148003403,0.971227296390143));
#3836=DIRECTION('',(-0.0104804674505424,-1.33553943646397E-18,-0.999945078392818));
#3837=DIRECTION('',(-0.0177754985316292,-0.237490148003293,0.971227296390153));
#3838=DIRECTION('center_axis',(-0.993089545019693,0.116896605257501,0.0104086143098793));
#3839=DIRECTION('ref_axis',(-9.32868949208073E-13,0.0886903134012679,-0.996059249396734));
#3840=DIRECTION('center_axis',(-0.991838986941444,0.0997102171193028,0.0794562557951961));
#3841=DIRECTION('ref_axis',(-0.0528983625304709,0.245202486368771,-0.968027635927904));
#3842=DIRECTION('',(0.0798542077415415,1.01759243191863E-17,0.996806553703361));
#3843=DIRECTION('center_axis',(-1.2743128517563E-16,1.,0.));
#3844=DIRECTION('ref_axis',(-1.,-1.2743128517563E-16,0.));
#3845=DIRECTION('center_axis',(0.,1.,2.368475785867E-16));
#3846=DIRECTION('ref_axis',(-7.07877124684528E-17,2.25245121800069E-16,
-1.));
#3847=DIRECTION('',(-1.,0.,0.));
#3848=DIRECTION('center_axis',(0.,1.,2.368475785867E-16));
#3849=DIRECTION('ref_axis',(-1.32726960878349E-16,2.34630335208405E-16,
-1.));
#3850=DIRECTION('',(0.,0.,-1.));
#3851=DIRECTION('center_axis',(0.,1.,2.368475785867E-16));
#3852=DIRECTION('ref_axis',(6.63634804391745E-17,-2.58093368729246E-16,
1.));
#3853=DIRECTION('',(1.,0.,0.));
#3854=DIRECTION('center_axis',(0.,1.,2.368475785867E-16));
#3855=DIRECTION('ref_axis',(5.30907843513396E-16,-2.81556402250086E-16,
1.));
#3856=DIRECTION('',(0.,-2.368475785867E-16,1.));
#3857=DIRECTION('',(0.395866484077646,5.04457748239723E-17,0.918308078361507));
#3858=DIRECTION('center_axis',(-1.,0.,0.));
#3859=DIRECTION('ref_axis',(0.,0.0886903134012679,-0.996059249396734));
#3860=DIRECTION('center_axis',(-0.898852945491477,0.,0.438250364952838));
#3861=DIRECTION('ref_axis',(-0.438250364952838,-9.0314921515196E-15,-0.898852945491477));
#3862=DIRECTION('center_axis',(-0.898852945491477,1.38777878078145E-17,
0.438250364952838));
#3863=DIRECTION('ref_axis',(-0.438250364952838,-9.0314921515196E-15,-0.898852945491477));
#3864=DIRECTION('',(-0.898852945491477,0.,0.438250364952838));
#3865=DIRECTION('center_axis',(-0.422618261740699,0.264700560481851,-0.866791450190796));
#3866=DIRECTION('ref_axis',(0.905273997513143,0.0776235000084254,-0.417676407848248));
#3867=DIRECTION('center_axis',(-0.898852945491477,0.,0.438250364952838));
#3868=DIRECTION('ref_axis',(-0.438250364952838,-9.0314921515196E-15,-0.898852945491477));
#3869=DIRECTION('',(0.898852945491477,0.,-0.438250364952838));
#3870=DIRECTION('',(-0.898852945491477,0.,0.438250364952838));
#3871=DIRECTION('center_axis',(0.898852945491477,-1.38777878078141E-17,
-0.438250364952838));
#3872=DIRECTION('ref_axis',(-0.438250364952838,-9.0314921515196E-15,-0.898852945491477));
#3873=DIRECTION('center_axis',(-0.898852945491477,0.,0.438250364952838));
#3874=DIRECTION('ref_axis',(0.42261826174053,-0.26470056048326,0.866791450190448));
#3875=DIRECTION('',(-0.898852945491477,0.,0.438250364952838));
#3876=DIRECTION('center_axis',(0.898852945491477,-1.38777878078141E-17,
-0.438250364952838));
#3877=DIRECTION('ref_axis',(-0.438250364952838,-9.0314921515196E-15,-0.898852945491477));
#3878=DIRECTION('',(0.898852945491477,0.,-0.438250364952838));
#3879=DIRECTION('center_axis',(0.4226182617407,-0.264700560481851,0.866791450190796));
#3880=DIRECTION('ref_axis',(0.116005117234392,0.964330655574422,0.237926878462356));
#3881=DIRECTION('',(-0.116005117234392,-0.964330655574422,-0.237926878462356));
#3882=DIRECTION('',(-0.898852945491477,0.,0.438250364952838));
#3883=DIRECTION('center_axis',(0.4226182617407,-0.264700560481851,0.866791450190796));
#3884=DIRECTION('ref_axis',(0.905273997513143,0.0776235000084254,-0.417676407848248));
#3885=DIRECTION('center_axis',(-0.4226182617407,0.264700560481851,-0.866791450190796));
#3886=DIRECTION('ref_axis',(0.905273997513143,0.0776235000084254,-0.417676407848248));
#3887=DIRECTION('',(0.422618261740699,-0.264700560481851,0.866791450190796));
#3888=DIRECTION('center_axis',(0.4226182617407,-0.264700560481851,0.866791450190796));
#3889=DIRECTION('ref_axis',(0.905273997513143,0.0776235000084254,-0.417676407848248));
#3890=DIRECTION('',(-0.4226182617407,0.264700560481851,-0.866791450190796));
#3891=DIRECTION('center_axis',(-0.409239171413235,0.357789576553714,-0.839350891755363));
#3892=DIRECTION('ref_axis',(0.15680141250099,0.933802237580053,0.321600214751453));
#3893=DIRECTION('center_axis',(-0.409239171413235,0.357789576553714,-0.839350891755363));
#3894=DIRECTION('ref_axis',(0.15680141250099,0.933802237580053,0.321600214751453));
#3895=DIRECTION('',(0.4226182617407,-0.264700560481851,0.866791450190796));
#3896=DIRECTION('center_axis',(0.4226182617407,-0.264700560481851,0.866791450190796));
#3897=DIRECTION('ref_axis',(0.905273997513143,0.0776235000084254,-0.417676407848248));
#3898=DIRECTION('center_axis',(-0.409239171413235,0.357789576553714,-0.839350891755363));
#3899=DIRECTION('ref_axis',(-0.156801412500987,-0.933802237580053,-0.321600214751455));
#3900=DIRECTION('',(-0.898852945491477,0.,0.438250364952838));
#3901=DIRECTION('',(0.156801412500987,0.933802237580053,0.321600214751455));
#3902=DIRECTION('center_axis',(0.,0.984807753012208,-0.173648177666931));
#3903=DIRECTION('ref_axis',(0.,0.173648177666931,0.984807753012208));
#3904=DIRECTION('',(0.432847578160513,0.156538123157819,0.887771811942014));
#3905=DIRECTION('center_axis',(0.,-0.984807753012208,0.173648177666931));
#3906=DIRECTION('ref_axis',(1.,0.,0.));
#3907=DIRECTION('',(0.432847578160513,0.156538123157819,0.887771811942014));
#3908=DIRECTION('center_axis',(0.4226182617407,-0.264700560481851,0.866791450190796));
#3909=DIRECTION('ref_axis',(0.898852945491477,-5.02065610967732E-17,-0.438250364952838));
#3910=DIRECTION('',(-0.116005117234392,-0.964330655574422,-0.237926878462357));
#3911=DIRECTION('center_axis',(0.717613018094556,0.681884745863212,-0.141650095729885));
#3912=DIRECTION('ref_axis',(-0.193654016596315,0.,-0.981069886326206));
#3913=DIRECTION('',(-0.42261826174099,0.264700560479436,-0.866791450191392));
#3914=DIRECTION('',(-0.553557007995841,0.681884745861547,0.478129514106821));
#3915=DIRECTION('',(-0.42261826174099,0.264700560479436,-0.866791450191392));
#3916=DIRECTION('',(0.61097318465227,-0.714011195540249,-0.341906098628041));
#3917=DIRECTION('',(-0.422618261739663,0.264700560477801,-0.866791450192538));
#3918=DIRECTION('center_axis',(-0.42261826173996,0.264700560488003,-0.866791450189278));
#3919=DIRECTION('ref_axis',(0.116005117237088,0.964330655572733,0.237926878467887));
#3920=DIRECTION('',(0.116005117237088,0.964330655572733,0.237926878467887));
#3921=DIRECTION('',(0.898852945491477,0.,-0.438250364952838));
#3922=DIRECTION('',(-0.116005117237088,-0.964330655572733,-0.237926878467886));
#3923=DIRECTION('center_axis',(0.898852945491477,0.,-0.438250364952838));
#3924=DIRECTION('ref_axis',(-0.438250364952838,0.,-0.898852945491477));
#3925=DIRECTION('',(-0.422618261740699,0.264700560481852,-0.866791450190796));
#3926=DIRECTION('center_axis',(-0.437579112683165,0.055326140615203,-0.897476204870102));
#3927=DIRECTION('ref_axis',(-0.0242467013160447,-0.998468336085139,-0.0497300644546509));
#3928=DIRECTION('',(-0.898852945491477,0.,0.438250364952838));
#3929=DIRECTION('',(0.0242467013160402,0.998468336085139,0.0497300644546531));
#3930=DIRECTION('',(0.898852945491477,0.,-0.438250364952838));
#3931=DIRECTION('center_axis',(-0.437579112683165,0.055326140615203,-0.897476204870102));
#3932=DIRECTION('ref_axis',(-0.0242467013160447,-0.998468336085139,-0.0497300644546509));
#3933=DIRECTION('',(-0.898852945491477,0.,0.438250364952838));
#3934=DIRECTION('center_axis',(0.116005117233331,0.964330655575086,0.237926878460182));
#3935=DIRECTION('ref_axis',(-0.422618261740991,0.264700560479431,-0.866791450191393));
#3936=DIRECTION('',(-0.422618261740991,0.264700560479431,-0.866791450191393));
#3937=DIRECTION('',(0.898852945491477,-2.77555756156289E-17,-0.438250364952838));
#3938=DIRECTION('',(-0.898852945491477,0.,0.438250364952838));
#3939=DIRECTION('center_axis',(-0.42261826174099,0.264700560479437,-0.866791450191392));
#3940=DIRECTION('ref_axis',(-0.116005117233334,-0.964330655575084,-0.237926878460187));
#3941=DIRECTION('',(0.116005117233329,0.964330655575084,0.237926878460189));
#3942=DIRECTION('',(-0.116005117233334,-0.964330655575084,-0.237926878460187));
#3943=DIRECTION('center_axis',(0.422618261740699,-0.264700560481854,0.866791450190796));
#3944=DIRECTION('ref_axis',(-0.116005117234393,-0.964330655574421,-0.237926878462359));
#3945=DIRECTION('center_axis',(0.4226182617407,-0.264700560481851,0.866791450190796));
#3946=DIRECTION('ref_axis',(0.116005117234392,0.964330655574422,0.237926878462356));
#3947=DIRECTION('',(-0.898852945491477,0.,0.438250364952838));
#3948=DIRECTION('',(-0.116005117234392,-0.964330655574422,-0.237926878462356));
#3949=DIRECTION('center_axis',(-0.116005117234389,-0.964330655574423,-0.237926878462352));
#3950=DIRECTION('ref_axis',(0.4226182617407,-0.264700560481845,0.866791450190797));
#3951=DIRECTION('',(-0.898852945491477,0.,0.438250364952838));
#3952=DIRECTION('',(-0.4226182617407,0.264700560481845,-0.866791450190797));
#3953=DIRECTION('center_axis',(0.116005117234393,0.964330655574421,0.237926878462358));
#3954=DIRECTION('ref_axis',(-0.422618261740699,0.264700560481853,-0.866791450190796));
#3955=DIRECTION('',(0.422618261740699,-0.264700560481853,0.866791450190796));
#3956=DIRECTION('center_axis',(-0.409239171413235,0.357789576553714,-0.839350891755363));
#3957=DIRECTION('ref_axis',(-0.156801412500987,-0.933802237580053,-0.321600214751455));
#3958=DIRECTION('',(0.156801412500987,0.933802237580053,0.321600214751455));
#3959=DIRECTION('center_axis',(0.898852945491477,-1.38777878078145E-17,
-0.438250364952838));
#3960=DIRECTION('ref_axis',(-0.438250364952838,0.,-0.898852945491477));
#3961=DIRECTION('center_axis',(0.898852945491478,4.9960036108132E-15,-0.438250364952837));
#3962=DIRECTION('ref_axis',(-0.116005117234389,-0.964330655574421,-0.237926878462362));
#3963=DIRECTION('',(-0.422618261741187,0.264700560477801,-0.866791450191795));
#3964=DIRECTION('center_axis',(0.0745768283653594,0.985414813446518,0.152957321208003));
#3965=DIRECTION('ref_axis',(0.431858401622869,-0.170169460950443,0.885743007597337));
#3966=DIRECTION('',(0.431858401622869,-0.170169460950443,0.885743007597337));
#3967=DIRECTION('',(0.898852945491477,0.,-0.438250364952838));
#3968=DIRECTION('',(0.431858401622869,-0.170169460950443,0.885743007597337));
#3969=DIRECTION('',(0.898852945491477,0.,-0.438250364952838));
#3970=DIRECTION('center_axis',(-0.431858401622664,0.170169460953152,-0.885743007596917));
#3971=DIRECTION('ref_axis',(0.0745768283665464,0.98541481344605,0.152957321210437));
#3972=DIRECTION('',(-0.0745768283665464,-0.98541481344605,-0.152957321210437));
#3973=DIRECTION('',(0.0745768283665464,0.98541481344605,0.152957321210437));
#3974=DIRECTION('',(0.0745768283665464,0.98541481344605,0.152957321210437));
#3975=DIRECTION('',(0.898852945491477,0.,-0.438250364952838));
#3976=DIRECTION('center_axis',(-0.267840517039306,0.791508092775553,-0.549341784777859));
#3977=DIRECTION('ref_axis',(0.346878710522011,0.611158685670756,0.711449380571647));
#3978=DIRECTION('',(-0.346878710522011,-0.611158685670756,-0.711449380571647));
#3979=DIRECTION('',(0.346878710522011,0.611158685670756,0.711449380571647));
#3980=DIRECTION('',(0.898852945491477,0.,-0.438250364952838));
#3981=DIRECTION('center_axis',(-0.399553772335311,0.41085192545001,-0.819486106268216));
#3982=DIRECTION('ref_axis',(0.180056006270043,0.911702086952761,0.369295463351586));
#3983=DIRECTION('',(-0.180056006270043,-0.911702086952761,-0.369295463351586));
#3984=DIRECTION('',(0.180056006270043,0.911702086952761,0.369295463351586));
#3985=DIRECTION('',(0.898852945491477,0.,-0.438250364952838));
#3986=DIRECTION('center_axis',(-0.180056006270043,-0.911702086952761,-0.369295463351586));
#3987=DIRECTION('ref_axis',(-0.399553772335311,0.410851925450009,-0.819486106268216));
#3988=DIRECTION('',(0.399553772335311,-0.41085192545001,0.819486106268216));
#3989=DIRECTION('',(-0.399553772335311,0.410851925450009,-0.819486106268216));
#3990=DIRECTION('',(0.898852945491477,0.,-0.438250364952838));
#3991=DIRECTION('center_axis',(0.399553772335311,-0.41085192545001,0.819486106268216));
#3992=DIRECTION('ref_axis',(-0.180056006270043,-0.911702086952761,-0.369295463351586));
#3993=DIRECTION('',(0.180056006270043,0.911702086952761,0.369295463351586));
#3994=DIRECTION('',(-0.180056006270043,-0.911702086952761,-0.369295463351586));
#3995=DIRECTION('',(0.898852945491477,0.,-0.438250364952838));
#3996=DIRECTION('center_axis',(0.267840517039251,-0.79150809277565,0.549341784777746));
#3997=DIRECTION('ref_axis',(-0.346878710522053,-0.611158685670631,-0.711449380571734));
#3998=DIRECTION('',(0.346878710522053,0.611158685670631,0.711449380571735));
#3999=DIRECTION('',(-0.346878710522053,-0.611158685670631,-0.711449380571735));
#4000=DIRECTION('',(0.898852945491477,0.,-0.438250364952838));
#4001=DIRECTION('center_axis',(0.431858401622676,-0.170169460952997,0.885743007596941));
#4002=DIRECTION('ref_axis',(-0.0745768283664786,-0.985414813446077,-0.152957321210298));
#4003=DIRECTION('',(-0.0745768283664786,-0.985414813446077,-0.152957321210298));
#4004=DIRECTION('',(0.0745768283664786,0.985414813446077,0.152957321210298));
#4005=DIRECTION('',(-0.0745768283664786,-0.985414813446077,-0.152957321210298));
#4006=DIRECTION('center_axis',(0.898852945491477,0.,-0.438250364952838));
#4007=DIRECTION('ref_axis',(-0.438250364952838,0.,-0.898852945491477));
#4008=DIRECTION('center_axis',(0.898852945491477,-1.38777878078145E-17,
-0.438250364952838));
#4009=DIRECTION('ref_axis',(-0.438250364952838,0.,-0.898852945491477));
#4010=DIRECTION('center_axis',(0.068602889610521,-0.987671917183442,0.140704753097649));
#4011=DIRECTION('ref_axis',(-0.432847578159313,-0.156538123175103,-0.887771811939551));
#4012=DIRECTION('',(0.432847578159313,0.156538123175103,0.887771811939551));
#4013=DIRECTION('',(0.898852945491478,0.,-0.438250364952837));
#4014=DIRECTION('',(-0.432847578159313,-0.156538123175103,-0.887771811939551));
#4015=DIRECTION('',(0.898852945491478,0.,-0.438250364952837));
#4016=DIRECTION('center_axis',(0.432847578160512,0.156538123157825,0.887771811942013));
#4017=DIRECTION('ref_axis',(0.0686028896029492,-0.98767191718618,0.140704753082119));
#4018=DIRECTION('',(-0.0686028896029492,0.98767191718618,-0.140704753082119));
#4019=DIRECTION('',(0.0686028896029492,-0.98767191718618,0.140704753082119));
#4020=DIRECTION('',(0.898852945491478,0.,-0.438250364952837));
#4021=DIRECTION('center_axis',(-0.0686028896142957,0.987671917182077,-0.140704753105391));
#4022=DIRECTION('ref_axis',(0.432847578158714,0.156538123183716,0.887771811938324));
#4023=DIRECTION('',(-0.432847578158714,-0.156538123183716,-0.887771811938324));
#4024=DIRECTION('',(0.432847578158714,0.156538123183716,0.887771811938324));
#4025=DIRECTION('',(0.898852945491478,0.,-0.438250364952837));
#4026=DIRECTION('center_axis',(-0.435895355512009,0.103529938896033,-0.894022813352793));
#4027=DIRECTION('ref_axis',(0.0453720335047314,0.99462633775312,0.0930581905232517));
#4028=DIRECTION('',(-0.0453720335047314,-0.99462633775312,-0.0930581905232517));
#4029=DIRECTION('',(0.0453720335047314,0.99462633775312,0.0930581905232517));
#4030=DIRECTION('',(0.898852945491478,0.,-0.438250364952837));
#4031=DIRECTION('center_axis',(-0.431934020832933,0.169167233882466,-0.885898102846852));
#4032=DIRECTION('ref_axis',(0.0741376019870527,0.985587361414784,0.1520564664559));
#4033=DIRECTION('',(-0.0741376019870526,-0.985587361414784,-0.1520564664559));
#4034=DIRECTION('',(0.0741376019870527,0.985587361414784,0.1520564664559));
#4035=DIRECTION('',(0.898852945491478,0.,-0.438250364952837));
#4036=DIRECTION('center_axis',(-0.428932293480037,0.205114340248534,-0.879741550135245));
#4037=DIRECTION('ref_axis',(0.0898914344709804,0.978738017767987,0.184367628894935));
#4038=DIRECTION('',(-0.0898914344709804,-0.978738017767987,-0.184367628894935));
#4039=DIRECTION('',(0.0898914344709804,0.978738017767987,0.184367628894935));
#4040=DIRECTION('',(0.898852945491478,0.,-0.438250364952837));
#4041=DIRECTION('center_axis',(-0.436740300438456,0.0829425101371075,-0.895755798186695));
#4042=DIRECTION('ref_axis',(0.0363495853376918,0.996554333697945,0.0745531195431957));
#4043=DIRECTION('',(-0.0363495853376918,-0.996554333697945,-0.0745531195431958));
#4044=DIRECTION('',(0.0363495853376918,0.996554333697945,0.0745531195431958));
#4045=DIRECTION('',(0.898852945491478,0.,-0.438250364952837));
#4046=DIRECTION('center_axis',(-0.0363495853376917,-0.996554333697945,-0.0745531195431958));
#4047=DIRECTION('ref_axis',(-0.436740300438457,0.0829425101371075,-0.895755798186695));
#4048=DIRECTION('',(0.436740300438457,-0.0829425101371075,0.895755798186695));
#4049=DIRECTION('',(-0.436740300438457,0.0829425101371075,-0.895755798186695));
#4050=DIRECTION('',(0.898852945491478,0.,-0.438250364952837));
#4051=DIRECTION('center_axis',(0.436740300438456,-0.0829425101371077,0.895755798186695));
#4052=DIRECTION('ref_axis',(-0.0363495853376919,-0.996554333697945,-0.074553119543196));
#4053=DIRECTION('',(0.0363495853376919,0.996554333697945,0.074553119543196));
#4054=DIRECTION('',(-0.0363495853376919,-0.996554333697945,-0.074553119543196));
#4055=DIRECTION('',(0.898852945491478,0.,-0.438250364952837));
#4056=DIRECTION('center_axis',(0.428932293480037,-0.205114340248534,0.879741550135245));
#4057=DIRECTION('ref_axis',(-0.0898914344709804,-0.978738017767987,-0.184367628894935));
#4058=DIRECTION('',(0.0898914344709804,0.978738017767987,0.184367628894935));
#4059=DIRECTION('',(-0.0898914344709804,-0.978738017767987,-0.184367628894935));
#4060=DIRECTION('',(0.898852945491478,0.,-0.438250364952837));
#4061=DIRECTION('center_axis',(0.431934020832933,-0.169167233882466,0.885898102846852));
#4062=DIRECTION('ref_axis',(-0.0741376019870526,-0.985587361414784,-0.1520564664559));
#4063=DIRECTION('',(0.0741376019870526,0.985587361414784,0.1520564664559));
#4064=DIRECTION('',(-0.0741376019870526,-0.985587361414784,-0.1520564664559));
#4065=DIRECTION('',(0.898852945491478,0.,-0.438250364952837));
#4066=DIRECTION('center_axis',(0.435895355511881,-0.103529938898827,0.894022813352532));
#4067=DIRECTION('ref_axis',(-0.0453720335059558,-0.994626337752829,-0.093058190525763));
#4068=DIRECTION('',(0.0453720335059558,0.994626337752829,0.093058190525763));
#4069=DIRECTION('',(-0.0453720335059558,-0.994626337752829,-0.0930581905257631));
#4070=DIRECTION('center_axis',(0.898852945491478,0.,-0.438250364952837));
#4071=DIRECTION('ref_axis',(-0.438250364952837,0.,-0.898852945491478));
#4072=DIRECTION('center_axis',(-0.116005117234393,-0.964330655574421,-0.237926878462358));
#4073=DIRECTION('ref_axis',(-0.422618261740699,0.264700560481852,-0.866791450190796));
#4074=DIRECTION('',(0.422618261740699,-0.264700560481852,0.866791450190796));
#4075=DIRECTION('center_axis',(-0.116005117232617,-0.964330655575534,-0.237926878458716));
#4076=DIRECTION('ref_axis',(-0.422618261741187,0.264700560477801,-0.866791450191795));
#4077=DIRECTION('center_axis',(-0.905341426745657,-0.167454261008855,0.390276788303016));
#4078=DIRECTION('ref_axis',(-0.4226182617407,0.264700560481851,-0.866791450190796));
#4079=DIRECTION('',(-0.4226182617407,0.264700560481851,-0.866791450190796));
#4080=DIRECTION('center_axis',(0.116005117234388,0.964330655574422,0.237926878462356));
#4081=DIRECTION('ref_axis',(-0.256185215181079,-0.202389369550574,0.945202453771437));
#4082=DIRECTION('center_axis',(-0.898852945491477,1.38777878078145E-17,
0.438250364952838));
#4083=DIRECTION('ref_axis',(-0.4226182617407,0.264700560481851,-0.866791450190796));
#4084=DIRECTION('center_axis',(-0.898852945491477,1.38777878078145E-17,
0.438250364952838));
#4085=DIRECTION('ref_axis',(0.0686028896029463,-0.987671917186182,0.140704753082113));
#4086=DIRECTION('center_axis',(0.898852945491477,-1.38777878078145E-17,
-0.438250364952838));
#4087=DIRECTION('ref_axis',(-0.0686028896029462,0.987671917186182,-0.140704753082113));
#4088=DIRECTION('',(-0.438250364952838,0.,-0.898852945491477));
#4089=DIRECTION('center_axis',(-0.898852945491477,1.38777878078145E-17,
0.438250364952838));
#4090=DIRECTION('ref_axis',(0.348498685324395,0.606341256850526,0.714771954240017));
#4091=DIRECTION('',(-0.4226182617407,0.264700560481851,-0.866791450190796));
#4092=DIRECTION('',(-0.116005117234392,-0.964330655574422,-0.237926878462357));
#4093=DIRECTION('center_axis',(-0.898852945491477,1.38777878078145E-17,
0.438250364952838));
#4094=DIRECTION('ref_axis',(-0.4226182617407,0.264700560481851,-0.866791450190796));
#4095=DIRECTION('',(-0.116005117234392,-0.964330655574422,-0.237926878462357));
#4096=DIRECTION('center_axis',(0.898852945491477,-1.38777878078145E-17,
-0.438250364952838));
#4097=DIRECTION('ref_axis',(-0.438250364952838,-9.2347925767112E-17,-0.898852945491477));
#4098=DIRECTION('',(0.140978707376643,0.946846638647531,0.289147794299528));
#4099=DIRECTION('',(-0.4226182617407,0.264700560481851,-0.866791450190796));
#4100=DIRECTION('',(-0.4226182617407,0.264700560481851,-0.866791450190796));
#4101=DIRECTION('',(0.,-1.,3.16663462660388E-17));
#4102=DIRECTION('center_axis',(-0.898852945491477,1.38777878078145E-17,
0.438250364952838));
#4103=DIRECTION('ref_axis',(-0.116005117234392,-0.964330655574422,-0.237926878462357));
#4104=DIRECTION('',(-0.432847578160513,-0.156538123157819,-0.887771811942014));
#4105=DIRECTION('center_axis',(-0.898852945491477,1.38777878078145E-17,
0.438250364952838));
#4106=DIRECTION('ref_axis',(0.0686028896029463,-0.987671917186182,0.140704753082113));
#4107=DIRECTION('center_axis',(0.,-0.984807753012208,0.173648177666931));
#4108=DIRECTION('ref_axis',(1.,0.,0.));
#4109=DIRECTION('center_axis',(0.,0.984807753012208,-0.173648177666931));
#4110=DIRECTION('ref_axis',(1.,0.,0.));
#4111=DIRECTION('center_axis',(0.,0.984807753012208,-0.173648177666931));
#4112=DIRECTION('ref_axis',(0.,0.173648177666931,0.984807753012208));
#4113=DIRECTION('center_axis',(0.,-0.984807753012208,0.173648177666931));
#4114=DIRECTION('ref_axis',(-6.59585120840104E-17,-0.173648177666931,-0.984807753012208));
#4115=DIRECTION('',(0.,0.173648177666931,0.984807753012208));
#4116=DIRECTION('center_axis',(0.,-0.984807753012208,0.173648177666931));
#4117=DIRECTION('ref_axis',(1.,0.,0.));
#4118=DIRECTION('center_axis',(0.,-0.984807753012208,0.173648177666931));
#4119=DIRECTION('ref_axis',(0.,0.173648177666931,0.984807753012208));
#4120=DIRECTION('center_axis',(0.4226182617407,-0.264700560481851,0.866791450190796));
#4121=DIRECTION('ref_axis',(0.898852945491477,0.,-0.438250364952838));
#4122=DIRECTION('center_axis',(-0.4226182617407,0.264700560481851,-0.866791450190796));
#4123=DIRECTION('ref_axis',(0.90630778703665,0.123431898470608,-0.404191491247245));
#4124=DIRECTION('',(0.291210216044124,-0.866022513263574,-0.406450017335683));
#4125=DIRECTION('',(4.16333634234434E-17,0.956398546486001,0.29206475357267));
#4126=DIRECTION('center_axis',(-0.4226182617407,0.264700560481851,-0.866791450190796));
#4127=DIRECTION('ref_axis',(0.90630778703665,0.123431898470607,-0.404191491247245));
#4128=DIRECTION('center_axis',(-0.858248457566225,-0.424191725286145,0.288913421778843));
#4129=DIRECTION('ref_axis',(-0.291210216044124,0.866022513263574,0.406450017335683));
#4130=DIRECTION('center_axis',(0.90630778703665,0.123431898470608,-0.404191491247245));
#4131=DIRECTION('ref_axis',(-4.16333634234434E-17,-0.956398546486001,-0.29206475357267));
#4132=DIRECTION('',(-0.0372917706686788,0.976025018281979,0.214439939209226));
#4133=DIRECTION('center_axis',(0.422618261740699,-0.264700560481851,0.866791450190796));
#4134=DIRECTION('ref_axis',(0.898852945491477,1.46938328439067E-17,-0.438250364952838));
#4135=DIRECTION('center_axis',(0.422618261740699,-0.264700560481851,0.866791450190796));
#4136=DIRECTION('ref_axis',(0.898852945491477,1.46938328439067E-17,-0.438250364952838));
#4137=DIRECTION('',(-0.374996749676818,0.264337797563266,-0.888539794556903));
#4138=DIRECTION('center_axis',(0.422618261740699,-0.264700560481851,0.866791450190796));
#4139=DIRECTION('ref_axis',(0.898852945491477,0.,-0.438250364952838));
#4140=DIRECTION('center_axis',(-0.422618261740699,0.264700560481851,-0.866791450190796));
#4141=DIRECTION('ref_axis',(0.898852945491477,1.3358029858097E-18,-0.438250364952838));
#4142=DIRECTION('center_axis',(-0.164016473436543,-0.217657211734405,0.962145485163987));
#4143=DIRECTION('ref_axis',(-0.979612887428945,0.15063772734415,-0.132916762989905));
#4144=DIRECTION('center_axis',(-0.164016473436543,-0.217657211734405,0.962145485163987));
#4145=DIRECTION('ref_axis',(0.979612887428945,-0.150637727344149,0.132916762989906));
#4146=DIRECTION('',(0.,0.975354120887981,0.220645278369681));
#4147=DIRECTION('center_axis',(-0.164016473436543,-0.217657211734405,0.962145485163987));
#4148=DIRECTION('ref_axis',(0.979612887428945,-0.15063772734415,0.132916762989905));
#4149=DIRECTION('',(-0.798635510047293,0.601815023152047,-5.76951740534297E-16));
#4150=DIRECTION('',(-0.798635510047292,0.601815023152049,0.));
#4151=DIRECTION('center_axis',(-0.164016473436543,-0.217657211734405,0.962145485163987));
#4152=DIRECTION('ref_axis',(0.579033607429604,0.768403550283641,0.272536356067508));
#4153=DIRECTION('center_axis',(0.164016473436543,0.217657211734405,-0.962145485163987));
#4154=DIRECTION('ref_axis',(-0.986457599920767,0.0361894604386193,-0.159974143259846));
#4155=DIRECTION('center_axis',(-0.422618261740699,0.264700560481851,-0.866791450190796));
#4156=DIRECTION('ref_axis',(0.898852945491477,1.3358029858097E-18,-0.438250364952838));
#4157=DIRECTION('center_axis',(-0.422618261740699,0.264700560481851,-0.866791450190796));
#4158=DIRECTION('ref_axis',(0.898852945491477,1.3358029858097E-18,-0.438250364952838));
#4159=DIRECTION('',(-0.422618261740699,0.264700560481851,-0.866791450190796));
#4160=DIRECTION('center_axis',(-0.422618261740699,0.264700560481851,-0.866791450190796));
#4161=DIRECTION('ref_axis',(0.90630778703665,0.123431898470607,-0.404191491247245));
#4162=DIRECTION('center_axis',(-0.422618261740699,0.264700560481851,-0.866791450190796));
#4163=DIRECTION('ref_axis',(0.90630778703665,0.123431898470607,-0.404191491247245));
#4164=DIRECTION('',(-0.422618261740699,0.264700560481851,-0.866791450190796));
#4165=DIRECTION('center_axis',(-0.116005117234392,-0.964330655574422,-0.237926878462357));
#4166=DIRECTION('ref_axis',(0.,0.239544132938268,-0.970885476446555));
#4167=DIRECTION('',(-0.993228734586262,0.111109807635827,0.0339306858065573));
#4168=DIRECTION('center_axis',(-0.116005117234392,-0.964330655574422,-0.237926878462357));
#4169=DIRECTION('ref_axis',(0.898852945491479,-1.34195450604342E-15,-0.438250364952833));
#4170=DIRECTION('',(0.,-0.239544132938268,0.970885476446555));
#4171=DIRECTION('center_axis',(-0.116005117234392,-0.964330655574422,-0.237926878462357));
#4172=DIRECTION('ref_axis',(0.898852945491477,-6.88181797970986E-17,-0.438250364952838));
#4173=DIRECTION('',(0.993228734586262,-0.111109807635827,-0.0339306858065573));
#4174=DIRECTION('center_axis',(-0.116005117234392,-0.964330655574422,-0.237926878462357));
#4175=DIRECTION('ref_axis',(-0.898852945491473,-2.47745447269555E-15,0.438250364952846));
#4176=DIRECTION('',(0.,0.239544132938268,-0.970885476446555));
#4177=DIRECTION('center_axis',(0.601815023152047,0.798635510047293,0.));
#4178=DIRECTION('ref_axis',(0.,0.,-1.));
#4179=DIRECTION('center_axis',(0.601815023152047,0.798635510047293,0.));
#4180=DIRECTION('ref_axis',(0.3971433585509,-0.299268986307457,0.867591624321845));
#4181=DIRECTION('center_axis',(-0.422618261740699,0.264700560481851,-0.866791450190796));
#4182=DIRECTION('ref_axis',(0.906241531098502,0.134987205996861,-0.400630430109102));
#4183=DIRECTION('center_axis',(-1.,0.,0.));
#4184=DIRECTION('ref_axis',(0.,-0.29206475357267,0.956398546486001));
#4185=DIRECTION('',(-0.422618261740699,0.264700560481852,-0.866791450190796));
#4186=DIRECTION('center_axis',(0.422618261740699,-0.264700560481851,0.866791450190796));
#4187=DIRECTION('ref_axis',(-0.473332453149585,-0.880065015752566,-0.0379731068498534));
#4188=DIRECTION('center_axis',(0.422618261740699,-0.264700560481851,0.866791450190796));
#4189=DIRECTION('ref_axis',(0.906267188895414,0.114373958384755,-0.406937808485531));
#4190=DIRECTION('center_axis',(-0.71196843587582,-0.502024823041431,-0.490990858740526));
#4191=DIRECTION('ref_axis',(-1.00170844910603E-15,-0.699206550808906,0.714919715286907));
#4192=DIRECTION('center_axis',(0.131654376108252,-0.0824597285555173,-0.987860070262027));
#4193=DIRECTION('ref_axis',(0.837201001259382,-0.524368193074662,0.155346327867455));
#4194=DIRECTION('center_axis',(1.,0.,0.));
#4195=DIRECTION('ref_axis',(0.,0.,-1.));
#4196=DIRECTION('center_axis',(-1.,0.,0.));
#4197=DIRECTION('ref_axis',(0.,-0.29206475357267,0.956398546486001));
#4198=DIRECTION('',(0.,0.956398546486001,0.29206475357267));
#4199=DIRECTION('center_axis',(1.,0.,0.));
#4200=DIRECTION('ref_axis',(0.,0.292064753572671,-0.956398546486001));
#4201=DIRECTION('center_axis',(-0.422618261740699,0.264700560481851,-0.866791450190796));
#4202=DIRECTION('ref_axis',(0.438772702617219,0.896601209062624,0.0598730936683787));
#4203=DIRECTION('center_axis',(0.422618261740699,-0.264700560481851,0.866791450190796));
#4204=DIRECTION('ref_axis',(-0.90630778703665,-0.123431898470607,0.404191491247245));
#4205=DIRECTION('center_axis',(0.422618261740699,-0.264700560481851,0.866791450190796));
#4206=DIRECTION('ref_axis',(0.483362853295864,0.874853508068097,0.0314911332699549));
#4207=DIRECTION('center_axis',(0.898852945491477,0.,-0.438250364952838));
#4208=DIRECTION('ref_axis',(0.348498685324395,0.606341256850526,0.714771954240017));
#4209=DIRECTION('',(-0.898852945491477,0.,0.438250364952838));
#4210=DIRECTION('',(0.898852945491477,0.,-0.438250364952838));
#4211=DIRECTION('center_axis',(0.,-1.,0.));
#4212=DIRECTION('ref_axis',(1.,0.,0.));
#4213=DIRECTION('center_axis',(0.,1.,0.));
#4214=DIRECTION('ref_axis',(0.,0.,1.));
#4215=DIRECTION('center_axis',(0.,1.,0.));
#4216=DIRECTION('ref_axis',(0.,0.,1.));
#4217=DIRECTION('',(0.,0.,-1.));
#4218=DIRECTION('center_axis',(0.,-1.,0.));
#4219=DIRECTION('ref_axis',(-1.5989501971808E-15,0.,-1.));
#4220=DIRECTION('center_axis',(0.,0.984807753012208,-0.173648177666931));
#4221=DIRECTION('ref_axis',(0.,0.173648177666931,0.984807753012208));
#4222=DIRECTION('',(0.,-0.984807753012208,0.173648177666932));
#4223=DIRECTION('center_axis',(1.,0.,0.));
#4224=DIRECTION('ref_axis',(0.,0.,-1.));
#4225=DIRECTION('',(0.,0.956398546486001,0.29206475357267));
#4226=DIRECTION('',(0.,-0.956398546486001,-0.29206475357267));
#4227=DIRECTION('center_axis',(-1.,0.,0.));
#4228=DIRECTION('ref_axis',(0.,0.611284967121285,-0.791410569155814));
#4229=DIRECTION('center_axis',(-1.,0.,0.));
#4230=DIRECTION('ref_axis',(0.,0.29206475357267,-0.956398546486001));
#4231=DIRECTION('center_axis',(-1.,0.,0.));
#4232=DIRECTION('ref_axis',(0.,0.29206475357267,-0.956398546486001));
#4233=DIRECTION('center_axis',(-1.,0.,0.));
#4234=DIRECTION('ref_axis',(0.,-3.40175975764668E-16,-1.));
#4235=DIRECTION('',(0.,0.956398546486001,0.29206475357267));
#4236=DIRECTION('center_axis',(0.,0.956398546486001,0.29206475357267));
#4237=DIRECTION('ref_axis',(-0.707106781186548,0.206520967796813,-0.676275897737209));
#4238=DIRECTION('',(0.,-0.956398546486001,-0.29206475357267));
#4239=DIRECTION('center_axis',(0.,0.956398546486001,0.29206475357267));
#4240=DIRECTION('ref_axis',(-0.707106781186548,0.206520967796813,-0.676275897737209));
#4241=DIRECTION('',(0.,0.956398546486001,0.29206475357267));
#4242=DIRECTION('',(0.,0.956398546486001,0.29206475357267));
#4243=DIRECTION('center_axis',(1.,0.,0.));
#4244=DIRECTION('ref_axis',(0.,0.,-1.));
#4245=DIRECTION('',(0.,0.956398546486001,0.29206475357267));
#4246=DIRECTION('',(0.,-0.956398546486001,-0.29206475357267));
#4247=DIRECTION('center_axis',(0.,-0.984807753012208,0.173648177666932));
#4248=DIRECTION('ref_axis',(1.,0.,0.));
#4249=DIRECTION('',(0.,0.984807753012208,-0.173648177666932));
#4250=DIRECTION('center_axis',(1.,0.,0.));
#4251=DIRECTION('ref_axis',(0.,0.,-1.));
#4252=DIRECTION('center_axis',(-1.,0.,0.));
#4253=DIRECTION('ref_axis',(0.,-3.44845268464939E-16,-1.));
#4254=DIRECTION('',(-1.38777878078145E-17,-0.982872186934322,-0.184288535050186));
#4255=DIRECTION('center_axis',(0.601815023152048,0.798635510047293,0.));
#4256=DIRECTION('ref_axis',(0.564720584850817,-0.425547483890756,0.707106781186546));
#4257=DIRECTION('',(-0.601815023152048,-0.798635510047293,0.));
#4258=DIRECTION('center_axis',(-0.601815023152046,-0.798635510047294,0.));
#4259=DIRECTION('ref_axis',(0.798635510047294,-0.601815023152046,-1.17961196366423E-15));
#4260=DIRECTION('center_axis',(0.,0.,1.));
#4261=DIRECTION('ref_axis',(-0.798635510047293,0.601815023152048,0.));
#4262=DIRECTION('center_axis',(0.,0.,1.));
#4263=DIRECTION('ref_axis',(0.84748946380363,-0.530812216081954,0.));
#4264=DIRECTION('center_axis',(-0.0956113798830086,0.995074998006288,0.0261574536156019));
#4265=DIRECTION('ref_axis',(-0.855070627671987,-0.0955557329269576,0.50963057561083));
#4266=DIRECTION('center_axis',(-0.123168066845046,-0.964300003745654,-0.234425105493814));
#4267=DIRECTION('ref_axis',(0.422618261740699,-0.264700560481854,0.866791450190796));
#4268=DIRECTION('center_axis',(-0.30484791286967,0.859153837648656,0.411001743636925));
#4269=DIRECTION('ref_axis',(-0.853499592772169,-0.437936406952179,0.282400688036622));
#4270=DIRECTION('center_axis',(0.141738921985203,-0.925326474346124,-0.351683087265574));
#4271=DIRECTION('ref_axis',(0.422618261740699,-0.264700560481853,0.866791450190796));
#4272=DIRECTION('center_axis',(-0.284120032467596,-0.946882257318869,-0.150631331154365));
#4273=DIRECTION('ref_axis',(0.4226182617407,-0.264700560481855,0.866791450190795));
#4274=DIRECTION('center_axis',(-0.422618261740699,0.264700560481851,-0.866791450190796));
#4275=DIRECTION('ref_axis',(0.906241531098502,0.134987205996862,-0.400630430109102));
#4276=DIRECTION('center_axis',(-0.422618261740699,0.264700560481851,-0.866791450190796));
#4277=DIRECTION('ref_axis',(0.906267188895414,0.114373958384754,-0.406937808485531));
#4278=DIRECTION('center_axis',(0.307376435444389,-0.0337336906079649,0.950989886934381));
#4279=DIRECTION('ref_axis',(-0.950122197167411,0.0445686360713359,0.308676930023142));
#4280=DIRECTION('center_axis',(0.422618261740699,-0.264700560481851,0.866791450190796));
#4281=DIRECTION('ref_axis',(0.898852945491477,-5.02065610967732E-17,-0.438250364952837));
#4282=DIRECTION('center_axis',(-0.522950334776382,-0.852346574289762,-0.00531645123908668));
#4283=DIRECTION('ref_axis',(0.422618261740909,-0.264700560482005,0.866791450190647));
#4284=DIRECTION('center_axis',(-0.60930248856234,-0.790991610863413,0.0555225087279234));
#4285=DIRECTION('ref_axis',(0.422618261740699,-0.264700560481854,0.866791450190796));
#4286=DIRECTION('center_axis',(0.29121021604412,-0.866022513263575,-0.406450017335683));
#4287=DIRECTION('ref_axis',(0.4226182617407,-0.264700560481853,0.866791450190796));
#4288=DIRECTION('center_axis',(-0.309986319302838,-0.940934174906163,-0.136203378587819));
#4289=DIRECTION('ref_axis',(0.4226182617407,-0.264700560481846,0.866791450190798));
#4290=DIRECTION('center_axis',(-0.422618261740699,0.264700560481851,-0.866791450190796));
#4291=DIRECTION('ref_axis',(0.455491843850601,0.888870469761363,0.0493605933087754));
#4292=DIRECTION('center_axis',(-0.422618261740699,0.264700560481851,-0.866791450190796));
#4293=DIRECTION('ref_axis',(0.483362853295864,0.874853508068097,0.031491133269955));
#4294=DIRECTION('center_axis',(0.422618261740699,-0.264700560481851,0.866791450190796));
#4295=DIRECTION('ref_axis',(0.898852945491477,6.14398543249958E-17,-0.438250364952837));
#4296=DIRECTION('center_axis',(-0.422618261740699,0.264700560481851,-0.866791450190796));
#4297=DIRECTION('ref_axis',(0.90630778703665,0.123431898470608,-0.404191491247245));
#4298=DIRECTION('center_axis',(0.422618261740699,-0.264700560481851,0.866791450190796));
#4299=DIRECTION('ref_axis',(0.898852945491477,-3.71120720389449E-17,-0.438250364952838));
#4300=DIRECTION('center_axis',(-4.13480284249165E-16,-0.116876280538315,
-0.993146482170445));
#4301=DIRECTION('ref_axis',(-0.396793275843096,-0.911617101038014,0.107281672902466));
#4302=DIRECTION('center_axis',(0.,0.29206475357267,-0.956398546486001));
#4303=DIRECTION('ref_axis',(0.,0.956398546486001,0.29206475357267));
#4304=DIRECTION('',(0.,0.956398546486001,0.29206475357267));
#4305=DIRECTION('center_axis',(0.879985692831876,0.475000189906492,-1.75338633732689E-11));
#4306=DIRECTION('ref_axis',(7.31770199990933E-11,-9.86544179681914E-11,
1.));
#4307=DIRECTION('center_axis',(-1.,0.,0.));
#4308=DIRECTION('ref_axis',(0.,-0.983592502600264,0.180404514435059));
#4309=DIRECTION('center_axis',(-1.,0.,0.));
#4310=DIRECTION('ref_axis',(0.,-0.882824891201037,0.469702258325291));
#4311=DIRECTION('center_axis',(-1.,0.,0.));
#4312=DIRECTION('ref_axis',(0.,-0.983592502600263,0.180404514435063));
#4313=DIRECTION('',(-1.,9.84370465763077E-17,-1.00649207634857E-16));
#4314=DIRECTION('',(1.,0.,0.));
#4315=DIRECTION('center_axis',(-0.464238152239621,0.21290990695799,0.859739675439189));
#4316=DIRECTION('ref_axis',(0.,-0.970678069892133,0.24038320371957));
#4317=DIRECTION('center_axis',(-0.937705602501435,0.107412764444429,0.330409898568167));
#4318=DIRECTION('ref_axis',(0.,-0.951009066395912,0.309162992016795));
#4319=DIRECTION('center_axis',(-0.960992181222489,-0.276195961463791,0.014485113059127));
#4320=DIRECTION('ref_axis',(0.271991499836729,-0.934271584255641,0.230558519402387));
#4321=DIRECTION('center_axis',(-0.701804072972983,0.712370018430403,2.93840409373364E-16));
#4322=DIRECTION('ref_axis',(0.712370018430403,0.701804072972983,2.88412696466289E-16));
#4323=DIRECTION('center_axis',(-1.,0.,0.));
#4324=DIRECTION('ref_axis',(0.,0.29206475357267,-0.956398546486001));
#4325=DIRECTION('center_axis',(1.,0.,0.));
#4326=DIRECTION('ref_axis',(0.,0.611284967121284,-0.791410569155814));
#4327=DIRECTION('',(-1.,0.,0.));
#4328=DIRECTION('center_axis',(-1.40783930674601E-16,-0.699206550808907,
0.714919715286907));
#4329=DIRECTION('ref_axis',(1.,0.,1.96922714067414E-16));
#4330=DIRECTION('center_axis',(1.40783930674601E-16,0.699206550808907,-0.714919715286907));
#4331=DIRECTION('ref_axis',(-1.58744065733997E-16,-0.714919715286907,-0.699206550808907));
#4332=DIRECTION('',(-0.702211468374406,0.509000271469605,0.497812994333544));
#4333=DIRECTION('center_axis',(-0.390621883335714,-0.132548464050694,-0.910958533050249));
#4334=DIRECTION('ref_axis',(-0.765538349480608,0.596348664735232,0.241493903738818));
#4335=DIRECTION('center_axis',(0.309263837353256,0.293021560268749,0.90470671718696));
#4336=DIRECTION('ref_axis',(-0.949891685164429,0.0497607071170814,0.308593030515417));
#4337=DIRECTION('center_axis',(-0.71196843587582,-0.502024823041431,-0.490990858740526));
#4338=DIRECTION('ref_axis',(-1.00170844910603E-15,-0.699206550808906,0.714919715286907));
#4339=DIRECTION('center_axis',(0.71196843587582,0.502024823041431,0.490990858740526));
#4340=DIRECTION('ref_axis',(-0.702211468374406,0.509000271469605,0.497812994333544));
#4341=DIRECTION('center_axis',(0.71196843587582,0.502024823041431,0.490990858740526));
#4342=DIRECTION('ref_axis',(-0.225340051328223,-0.498889068677465,0.836858147132192));
#4343=DIRECTION('center_axis',(0.989365385583932,0.042481251440239,-0.139109586601459));
#4344=DIRECTION('ref_axis',(-0.145451482661256,0.288958757533901,-0.946227616716035));
#4345=DIRECTION('center_axis',(0.993256378322541,0.0338615886541656,-0.110883541318837));
#4346=DIRECTION('ref_axis',(-0.115938634292414,0.290095179369255,-0.949948956515627));
#4347=DIRECTION('center_axis',(4.65133603450373E-10,0.960155447167334,0.279466486854679));
#4348=DIRECTION('ref_axis',(-0.906293797309387,-0.118116024415051,0.405808030643695));
#4349=DIRECTION('center_axis',(-0.422618261740699,0.264700560481851,-0.866791450190796));
#4350=DIRECTION('ref_axis',(0.898852945491477,1.46938328439067E-17,-0.438250364952838));
#4351=DIRECTION('center_axis',(-1.38915062918722E-9,0.909462156207792,0.415786707851363));
#4352=DIRECTION('ref_axis',(-1.,-1.26338051131825E-9,-5.77589087669139E-10));
#4353=DIRECTION('center_axis',(1.05528368589538E-13,0.99915182174604,0.0411781143518007));
#4354=DIRECTION('ref_axis',(-1.,1.02140518265514E-13,8.43769498715118E-14));
#4355=DIRECTION('center_axis',(-1.11022302462516E-16,0.,1.));
#4356=DIRECTION('ref_axis',(-0.994573277857696,-0.104038430262083,0.));
#4357=DIRECTION('center_axis',(1.00854983783284E-15,-0.418056701025258,
0.908420934769713));
#4358=DIRECTION('ref_axis',(-1.,0.,1.11022302462516E-15));
#4359=DIRECTION('center_axis',(-1.74122118258544E-14,0.280901934338079,
0.95973647595844));
#4360=DIRECTION('ref_axis',(-0.672926242810087,-0.709926271376356,0.207785853578063));
#4361=DIRECTION('center_axis',(-0.299538729068251,0.00468312283803174,-0.954072648255185));
#4362=DIRECTION('ref_axis',(-0.796511113618867,0.549252997477029,0.252767067958092));
#4363=DIRECTION('center_axis',(-1.11022302462516E-16,0.,1.));
#4364=DIRECTION('ref_axis',(-0.964803624813847,0.262971415834613,0.));
#4365=DIRECTION('center_axis',(0.,-0.375345907736486,0.926884809210656));
#4366=DIRECTION('ref_axis',(-1.,0.,0.));
#4367=DIRECTION('center_axis',(-1.75911981403541E-15,-0.61021334275113,
0.792237133898994));
#4368=DIRECTION('ref_axis',(-0.88443203312681,0.369712530747592,0.284767665628294));
#4369=DIRECTION('center_axis',(2.00684606830933E-15,-0.427948500753449,
-0.903803120542784));
#4370=DIRECTION('ref_axis',(-0.802914407419607,-0.538751918699991,0.255097676302822));
#4371=DIRECTION('center_axis',(-1.,0.,0.));
#4372=DIRECTION('ref_axis',(0.,-3.40175975764668E-16,-1.));
#4373=DIRECTION('center_axis',(1.70790838017147E-15,-0.639039938604142,
0.769173554452319));
#4374=DIRECTION('ref_axis',(-0.892827155950229,0.346435350181306,0.287823240449034));
#4375=DIRECTION('center_axis',(-1.,0.,0.));
#4376=DIRECTION('ref_axis',(0.,-3.44845268464939E-16,-1.));
#4377=DIRECTION('center_axis',(1.99183174286606E-15,-0.448520634747816,
-0.893772476755363));
#4378=DIRECTION('ref_axis',(-0.815405641036672,-0.51739595560409,0.259644113528701));
#4379=DIRECTION('center_axis',(1.,0.,0.));
#4380=DIRECTION('ref_axis',(0.,0.,-1.));
#4381=DIRECTION('center_axis',(-0.342020143325669,0.,-0.939692620785908));
#4382=DIRECTION('ref_axis',(0.,1.,0.));
#4383=DIRECTION('center_axis',(-0.422618261740699,0.264700560481851,-0.866791450190796));
#4384=DIRECTION('ref_axis',(0.898852945491477,1.46938328439067E-17,-0.438250364952838));
#4385=DIRECTION('center_axis',(-0.968764198206657,0.181831180128619,0.168621914963761));
#4386=DIRECTION('ref_axis',(-0.211101778528606,-0.247891719195046,-0.945508188571936));
#4387=DIRECTION('center_axis',(-0.422618261740699,0.264700560481851,-0.866791450190796));
#4388=DIRECTION('ref_axis',(0.90630778703665,0.123431898470607,-0.404191491247245));
#4389=DIRECTION('center_axis',(-0.99853629497036,-0.0157965392848009,0.0517275262649356));
#4390=DIRECTION('ref_axis',(-0.0540857432866172,0.291637256923887,-0.954998661123169));
#4391=DIRECTION('center_axis',(-0.422618261740699,0.264700560481852,-0.866791450190796));
#4392=DIRECTION('ref_axis',(0.90630778703665,0.123431898470607,-0.404191491247245));
#4393=DIRECTION('center_axis',(-0.342020143325669,0.,-0.939692620785908));
#4394=DIRECTION('ref_axis',(0.,1.,0.));
#4395=DIRECTION('center_axis',(-1.,0.,0.));
#4396=DIRECTION('ref_axis',(0.,0.,1.));
#4397=DIRECTION('center_axis',(0.,-0.956398546486001,-0.292064753572672));
#4398=DIRECTION('ref_axis',(0.,-0.292064753572671,0.956398546486001));
#4399=DIRECTION('center_axis',(0.,0.956398546486001,0.29206475357267));
#4400=DIRECTION('ref_axis',(-0.707106781186547,-0.206520967796817,0.676275897737208));
#4401=DIRECTION('',(0.,0.956398546486001,0.29206475357267));
#4402=DIRECTION('center_axis',(0.,0.29206475357267,-0.956398546486001));
#4403=DIRECTION('ref_axis',(0.,-0.956398546486001,-0.29206475357267));
#4404=DIRECTION('',(0.,-0.956398546486001,-0.29206475357267));
#4405=DIRECTION('center_axis',(0.,0.956398546486001,0.29206475357267));
#4406=DIRECTION('ref_axis',(0.707106781186548,-0.206520967796812,0.676275897737209));
#4407=DIRECTION('center_axis',(0.,-0.956398546486001,-0.29206475357267));
#4408=DIRECTION('ref_axis',(0.707106781186547,0.206520967796814,-0.676275897737209));
#4409=DIRECTION('center_axis',(-0.4226182617407,0.264700560481851,-0.866791450190796));
#4410=DIRECTION('ref_axis',(0.90630778703665,0.123431898470608,-0.404191491247245));
#4411=CARTESIAN_POINT('',(0.,0.,0.));
#4412=CARTESIAN_POINT('Ctrl Pts',(5.59780377775754,96.6475671348819,-13.5332617231195));
#4413=CARTESIAN_POINT('Ctrl Pts',(5.5952370500221,96.6341671815618,-13.5343513814521));
#4414=CARTESIAN_POINT('Ctrl Pts',(5.59297653277874,96.6137448952949,-13.5401121966234));
#4415=CARTESIAN_POINT('Ctrl Pts',(5.59377867682259,96.5734781178882,-13.5645724325399));
#4416=CARTESIAN_POINT('Ctrl Pts',(5.6000301053562,96.5566222638749,-13.5899258282561));
#4417=CARTESIAN_POINT('Ctrl Pts',(5.60624264376483,96.5500752012989,-13.6100453817023));
#4418=CARTESIAN_POINT('Ctrl Pts',(5.55073049286318,96.6536712826811,-13.4123722182099));
#4419=CARTESIAN_POINT('Ctrl Pts',(5.54391932479996,96.61762418095,-13.4157952917776));
#4420=CARTESIAN_POINT('Ctrl Pts',(5.53722334788647,96.5630060911439,-13.4289192806068));
#4421=CARTESIAN_POINT('Ctrl Pts',(5.53400130079446,96.4503426509645,-13.4821990779894));
#4422=CARTESIAN_POINT('Ctrl Pts',(5.54455309192391,96.3930666205717,-13.53768705447));
#4423=CARTESIAN_POINT('Ctrl Pts',(5.5562299453807,96.3608557070208,-13.5865102733526));
#4424=CARTESIAN_POINT('Ctrl Pts',(5.50855829492316,96.6542337908201,-13.1498719330285));
#4425=CARTESIAN_POINT('Ctrl Pts',(5.49183696618703,96.5732459230951,-13.1584699014834));
#4426=CARTESIAN_POINT('Ctrl Pts',(5.47777607862454,96.4497182902574,-13.1856978192899));
#4427=CARTESIAN_POINT('Ctrl Pts',(5.48574785685464,96.18836504583,-13.2893583561163));
#4428=CARTESIAN_POINT('Ctrl Pts',(5.5298421683202,96.0447614112655,-13.3960459057724));
#4429=CARTESIAN_POINT('Ctrl Pts',(5.57966076277331,95.9564627985717,-13.492777447903));
#4430=CARTESIAN_POINT('Ctrl Pts',(5.57786145426618,96.6314498710416,-12.8942097036722));
#4431=CARTESIAN_POINT('Ctrl Pts',(5.55009241285484,96.5143900904858,-12.906808605995));
#4432=CARTESIAN_POINT('Ctrl Pts',(5.53522530681,96.3333780702815,-12.945945827183));
#4433=CARTESIAN_POINT('Ctrl Pts',(5.59254705036086,95.955891779112,-13.089845441545));
#4434=CARTESIAN_POINT('Ctrl Pts',(5.71766619347498,95.766842258716,-13.2300243067176));
#4435=CARTESIAN_POINT('Ctrl Pts',(5.838712640912,95.6668231675862,-13.3448941196681));
#4436=CARTESIAN_POINT('Ctrl Pts',(5.63725233000738,96.6152570923035,-12.7798508607092));
#4437=CARTESIAN_POINT('Ctrl Pts',(5.60425148315959,96.4840620975367,-12.7936600692232));
#4438=CARTESIAN_POINT('Ctrl Pts',(5.59027350911381,96.2793587241526,-12.8382576264116));
#4439=CARTESIAN_POINT('Ctrl Pts',(5.67861537757438,95.8606006571959,-13.0012863963243));
#4440=CARTESIAN_POINT('Ctrl Pts',(5.84773043943152,95.6677926525669,-13.15543054458));
#4441=CARTESIAN_POINT('Ctrl Pts',(6.00072678745758,95.580865984788,-13.272630938282));
#4442=CARTESIAN_POINT('',(6.00072678745754,95.580865984788,-13.272630938282));
#4443=CARTESIAN_POINT('',(5.60624264376483,96.5500752012989,-13.6100453817023));
#4444=CARTESIAN_POINT('Origin',(6.43088720216564,96.3710311036066,-13.2971483325288));
#4445=CARTESIAN_POINT('',(5.59780377775753,96.6475671348819,-13.5332617231195));
#4446=CARTESIAN_POINT('Ctrl Pts',(5.60624264376483,96.5500752012989,-13.6100453817023));
#4447=CARTESIAN_POINT('Ctrl Pts',(5.6000301053562,96.5566222638749,-13.5899258282561));
#4448=CARTESIAN_POINT('Ctrl Pts',(5.59377867682259,96.5734781178882,-13.5645724325399));
#4449=CARTESIAN_POINT('Ctrl Pts',(5.59297653277874,96.6137448952949,-13.5401121966234));
#4450=CARTESIAN_POINT('Ctrl Pts',(5.5952370500221,96.6341671815618,-13.5343513814521));
#4451=CARTESIAN_POINT('Ctrl Pts',(5.59780377775754,96.6475671348819,-13.5332617231195));
#4452=CARTESIAN_POINT('',(5.63725233000776,96.615257092305,-12.779850860709));
#4453=CARTESIAN_POINT('Origin',(6.41571444475527,96.464246907817,-13.2055181722139));
#4454=CARTESIAN_POINT('Ctrl Pts',(5.63725233000738,96.6152570923035,-12.7798508607092));
#4455=CARTESIAN_POINT('Ctrl Pts',(5.60425148315959,96.4840620975367,-12.7936600692232));
#4456=CARTESIAN_POINT('Ctrl Pts',(5.59027350911381,96.2793587241526,-12.8382576264116));
#4457=CARTESIAN_POINT('Ctrl Pts',(5.67861537757438,95.8606006571959,-13.0012863963243));
#4458=CARTESIAN_POINT('Ctrl Pts',(5.84773043943152,95.6677926525669,-13.15543054458));
#4459=CARTESIAN_POINT('Ctrl Pts',(6.00072678745758,95.580865984788,-13.272630938282));
#4460=CARTESIAN_POINT('Ctrl Pts',(5.82845111911219,97.723011585407,-13.5128484614626));
#4461=CARTESIAN_POINT('Ctrl Pts',(5.74575082186118,97.3695384074662,-13.4954198034911));
#4462=CARTESIAN_POINT('Ctrl Pts',(5.66715674993342,97.009633814932,-13.503819159743));
#4463=CARTESIAN_POINT('Ctrl Pts',(5.59780377775752,96.6475671348818,-13.5332617231195));
#4464=CARTESIAN_POINT('Ctrl Pts',(5.76856571147699,97.7692236839729,-13.2830001053637));
#4465=CARTESIAN_POINT('Ctrl Pts',(5.67270410650896,97.4049457637369,-13.259332003747));
#4466=CARTESIAN_POINT('Ctrl Pts',(5.58265996756156,97.0336594548864,-13.2639311598405));
#4467=CARTESIAN_POINT('Ctrl Pts',(5.503657207969,96.6597754304812,-13.2914827133001));
#4468=CARTESIAN_POINT('Ctrl Pts',(5.8050978730448,97.7940990109862,-13.0254830394985));
#4469=CARTESIAN_POINT('Ctrl Pts',(5.70118112551977,97.4176700859494,-12.9905684005639));
#4470=CARTESIAN_POINT('Ctrl Pts',(5.60368545248349,97.0339914448304,-12.9867941010744));
#4471=CARTESIAN_POINT('Ctrl Pts',(5.51847057852539,96.6476426497817,-13.0085685466349));
#4472=CARTESIAN_POINT('Ctrl Pts',(5.92722014734629,97.7902649799688,-12.8166205554846));
#4473=CARTESIAN_POINT('Ctrl Pts',(5.82216852670406,97.4035596322955,-12.7729274774737));
#4474=CARTESIAN_POINT('Ctrl Pts',(5.72330033449575,97.0103598840949,-12.7626530025102));
#4475=CARTESIAN_POINT('Ctrl Pts',(5.63725233000803,96.615257092306,-12.7798508607089));
#4476=CARTESIAN_POINT('',(5.82845111911219,97.723011585407,-13.5128484614626));
#4477=CARTESIAN_POINT('Ctrl Pts',(5.59780377775752,96.6475671348818,-13.5332617231195));
#4478=CARTESIAN_POINT('Ctrl Pts',(5.66715674993342,97.009633814932,-13.503819159743));
#4479=CARTESIAN_POINT('Ctrl Pts',(5.74575082186118,97.3695384074662,-13.4954198034911));
#4480=CARTESIAN_POINT('Ctrl Pts',(5.82845111911219,97.723011585407,-13.5128484614626));
#4481=CARTESIAN_POINT('',(5.92722014734629,97.7902649799688,-12.8166205554846));
#4482=CARTESIAN_POINT('Origin',(6.6711207419946,97.5385109546142,-13.2562019654642));
#4483=CARTESIAN_POINT('Ctrl Pts',(5.92722014734629,97.7902649799688,-12.8166205554846));
#4484=CARTESIAN_POINT('Ctrl Pts',(5.82216852670406,97.4035596322955,-12.7729274774737));
#4485=CARTESIAN_POINT('Ctrl Pts',(5.72330033449575,97.0103598840949,-12.7626530025102));
#4486=CARTESIAN_POINT('Ctrl Pts',(5.63725233000803,96.615257092306,-12.7798508607089));
#4487=CARTESIAN_POINT('Ctrl Pts',(8.55532454350399,111.813842115732,-9.49110717093983));
#4488=CARTESIAN_POINT('Ctrl Pts',(8.57829414401576,111.173731890012,-9.6977830767995));
#4489=CARTESIAN_POINT('Ctrl Pts',(8.50039046873686,109.250303622437,-10.4549836665061));
#4490=CARTESIAN_POINT('Ctrl Pts',(7.98941531028674,106.732765350165,-11.7020166961459));
#4491=CARTESIAN_POINT('Ctrl Pts',(7.29538455557583,104.127397008855,-12.8194173694643));
#4492=CARTESIAN_POINT('Ctrl Pts',(6.75629165417821,102.032063662752,-13.418820923246));
#4493=CARTESIAN_POINT('Ctrl Pts',(6.29453333389097,99.8474359619496,-13.5928475850977));
#4494=CARTESIAN_POINT('Ctrl Pts',(5.99272823711703,98.4251560382604,-13.547469010571));
#4495=CARTESIAN_POINT('Ctrl Pts',(5.8284511191122,97.7230115854071,-13.5128484614626));
#4496=CARTESIAN_POINT('Ctrl Pts',(8.31439555730024,111.739973963388,-9.39619616552208));
#4497=CARTESIAN_POINT('Ctrl Pts',(8.36101779597814,111.104735689115,-9.58367654437387));
#4498=CARTESIAN_POINT('Ctrl Pts',(8.36227339442284,109.183718563339,-10.3071203549313));
#4499=CARTESIAN_POINT('Ctrl Pts',(7.93444480505274,106.672981628168,-11.5789948214218));
#4500=CARTESIAN_POINT('Ctrl Pts',(7.28020912305624,104.092076200269,-12.7270289228247));
#4501=CARTESIAN_POINT('Ctrl Pts',(6.75338136425247,102.018000321261,-13.3349622662129));
#4502=CARTESIAN_POINT('Ctrl Pts',(6.28715389696083,99.8533160901634,-13.4902999429637));
#4503=CARTESIAN_POINT('Ctrl Pts',(5.96967984639762,98.4442371965898,-13.4251721561062));
#4504=CARTESIAN_POINT('Ctrl Pts',(5.7942308861778,97.7494184988733,-13.3815065436918));
#4505=CARTESIAN_POINT('Ctrl Pts',(7.99299882071158,111.552268892463,-9.03590868760709));
#4506=CARTESIAN_POINT('Ctrl Pts',(8.08746920513342,110.923006244705,-9.22904618522317));
#4507=CARTESIAN_POINT('Ctrl Pts',(8.2192088745013,109.019125503695,-9.9918062030106));
#4508=CARTESIAN_POINT('Ctrl Pts',(7.8903096503567,106.549700779635,-11.3528542189415));
#4509=CARTESIAN_POINT('Ctrl Pts',(7.27946284962199,104.022842831415,-12.5651730384633));
#4510=CARTESIAN_POINT('Ctrl Pts',(6.76701658460013,101.989066377543,-13.1889497578114));
#4511=CARTESIAN_POINT('Ctrl Pts',(6.30275654502724,99.8575425386208,-13.3092310225572));
#4512=CARTESIAN_POINT('Ctrl Pts',(5.97350650316632,98.468297815628,-13.2018853980675));
#4513=CARTESIAN_POINT('Ctrl Pts',(5.78760206515753,97.7839446134591,-13.1356298422887));
#4514=CARTESIAN_POINT('Ctrl Pts',(8.04508337366172,111.382184298248,-8.56883498870252));
#4515=CARTESIAN_POINT('Ctrl Pts',(8.15028307881917,110.738704114429,-8.80320304156704));
#4516=CARTESIAN_POINT('Ctrl Pts',(8.29176317704784,108.829032543659,-9.67980123736361));
#4517=CARTESIAN_POINT('Ctrl Pts',(7.94771521636021,106.413362508335,-11.141828743715));
#4518=CARTESIAN_POINT('Ctrl Pts',(7.32690809134668,103.94576030138,-12.4149799279891));
#4519=CARTESIAN_POINT('Ctrl Pts',(6.81574370597489,101.953953563341,-13.0521308997629));
#4520=CARTESIAN_POINT('Ctrl Pts',(6.36834983505015,99.8509826012311,-13.1410386599048));
#4521=CARTESIAN_POINT('Ctrl Pts',(6.05389571794245,98.4727282316328,-12.9946369217457));
#4522=CARTESIAN_POINT('Ctrl Pts',(5.87488202978852,97.7919081361192,-12.9061330486335));
#4523=CARTESIAN_POINT('Ctrl Pts',(8.13043515821328,111.328725498063,-8.39377819678091));
#4524=CARTESIAN_POINT('Ctrl Pts',(8.23262355192083,110.674844605985,-8.64328379572603));
#4525=CARTESIAN_POINT('Ctrl Pts',(8.35739939452007,108.752575564711,-9.56129239690024));
#4526=CARTESIAN_POINT('Ctrl Pts',(7.98903777654576,106.355489479134,-11.0592839334844));
#4527=CARTESIAN_POINT('Ctrl Pts',(7.35509832696923,103.912146145999,-12.3545519135417));
#4528=CARTESIAN_POINT('Ctrl Pts',(6.84230775872154,101.938044426957,-12.9964703162004));
#4529=CARTESIAN_POINT('Ctrl Pts',(6.40459820352656,99.8463432911544,-13.0734514624375));
#4530=CARTESIAN_POINT('Ctrl Pts',(6.10067106899373,98.4709759961036,-12.9129428605188));
#4531=CARTESIAN_POINT('Ctrl Pts',(5.9272201473463,97.7902649799689,-12.8166205554847));
#4532=CARTESIAN_POINT('',(8.55532454350398,111.813842115732,-9.49110717093983));
#4533=CARTESIAN_POINT('Ctrl Pts',(5.8284511191122,97.7230115854071,-13.5128484614626));
#4534=CARTESIAN_POINT('Ctrl Pts',(5.99272823711703,98.4251560382604,-13.547469010571));
#4535=CARTESIAN_POINT('Ctrl Pts',(6.29453333389097,99.8474359619496,-13.5928475850977));
#4536=CARTESIAN_POINT('Ctrl Pts',(6.75629165417821,102.032063662752,-13.418820923246));
#4537=CARTESIAN_POINT('Ctrl Pts',(7.29538455557583,104.127397008855,-12.8194173694643));
#4538=CARTESIAN_POINT('Ctrl Pts',(7.98941531028674,106.732765350165,-11.7020166961459));
#4539=CARTESIAN_POINT('Ctrl Pts',(8.50039046873686,109.250303622437,-10.4549836665061));
#4540=CARTESIAN_POINT('Ctrl Pts',(8.57829414401576,111.173731890012,-9.6977830767995));
#4541=CARTESIAN_POINT('Ctrl Pts',(8.55532454350399,111.813842115732,-9.49110717093983));
#4542=CARTESIAN_POINT('',(8.13043515821328,111.328725498063,-8.39377819678091));
#4543=CARTESIAN_POINT('Origin',(8.93568097907061,111.575611611299,-8.71099486576811));
#4544=CARTESIAN_POINT('Ctrl Pts',(8.13043515821328,111.328725498063,-8.39377819678091));
#4545=CARTESIAN_POINT('Ctrl Pts',(8.23262355192083,110.674844605985,-8.64328379572603));
#4546=CARTESIAN_POINT('Ctrl Pts',(8.35739939452007,108.752575564711,-9.56129239690024));
#4547=CARTESIAN_POINT('Ctrl Pts',(7.98903777654576,106.355489479134,-11.0592839334844));
#4548=CARTESIAN_POINT('Ctrl Pts',(7.35509832696923,103.912146145999,-12.3545519135417));
#4549=CARTESIAN_POINT('Ctrl Pts',(6.84230775872154,101.938044426957,-12.9964703162004));
#4550=CARTESIAN_POINT('Ctrl Pts',(6.40459820352656,99.8463432911544,-13.0734514624375));
#4551=CARTESIAN_POINT('Ctrl Pts',(6.10067106899373,98.4709759961036,-12.9129428605188));
#4552=CARTESIAN_POINT('Ctrl Pts',(5.9272201473463,97.7902649799689,-12.8166205554847));
#4553=CARTESIAN_POINT('Origin',(-14.2375043100462,104.470777908193,0.417795941752517));
#4554=CARTESIAN_POINT('',(7.61077430535244,115.695574097538,-7.84517398749124));
#4555=CARTESIAN_POINT('',(7.21870712910947,115.075571040346,-6.80503960271857));
#4556=CARTESIAN_POINT('Origin',(7.99113074091907,115.457343593104,-7.06506168231952));
#4557=CARTESIAN_POINT('Origin',(-14.2375043100462,104.470777908193,0.417795941752517));
#4558=CARTESIAN_POINT('Origin',(-14.6178607456128,104.709008412626,-0.362316363419203));
#4559=CARTESIAN_POINT('Origin',(10.035106724869,109.378816394723,-9.91789454442041));
#4560=CARTESIAN_POINT('',(6.10861112730526,120.162818236347,-5.74856399196214));
#4561=CARTESIAN_POINT('',(5.71654395106228,119.542815179155,-4.70842960718947));
#4562=CARTESIAN_POINT('Origin',(6.48896756287189,119.924587731913,-4.96845168679043));
#4563=CARTESIAN_POINT('',(9.26268311305941,108.997043841965,-9.65787246481945));
#4564=CARTESIAN_POINT('',(9.65475028930238,109.617046899156,-10.6980068495921));
#4565=CARTESIAN_POINT('Origin',(7.43368852742628,120.391481337943,-5.28648589514335));
#4566=CARTESIAN_POINT('',(6.11589257824406,120.862125121338,-5.53856001669541));
#4567=CARTESIAN_POINT('',(5.72977011941882,120.813922741933,-4.32670772478418));
#4568=CARTESIAN_POINT('Origin',(6.49624901381069,120.623894616904,-4.75844771152369));
#4569=CARTESIAN_POINT('Origin',(7.43368852742628,120.391481337943,-5.28648589514335));
#4570=CARTESIAN_POINT('Origin',(7.05333209185965,120.629711842376,-6.06659820031507));
#4571=CARTESIAN_POINT('Origin',(14.6720616102723,118.597042452402,-9.36365766244466));
#4572=CARTESIAN_POINT('',(6.974936226129,123.45382509478,-4.12763596792547));
#4573=CARTESIAN_POINT('',(9.02029115063231,125.421750153157,-5.56222957936906));
#4574=CARTESIAN_POINT('Ctrl Pts',(6.97493622613282,123.453825094786,-4.12763596792548));
#4575=CARTESIAN_POINT('Ctrl Pts',(6.95856943936516,123.464076184298,-4.16120430162423));
#4576=CARTESIAN_POINT('Ctrl Pts',(6.94858432128844,123.479054640487,-4.19477140455926));
#4577=CARTESIAN_POINT('Ctrl Pts',(6.93779109149105,123.52132214329,-4.27032898751741));
#4578=CARTESIAN_POINT('Ctrl Pts',(6.94052748845354,123.550058695826,-4.31061433398163));
#4579=CARTESIAN_POINT('Ctrl Pts',(6.96184449055636,123.632866810631,-4.41263307178564));
#4580=CARTESIAN_POINT('Ctrl Pts',(6.99160624855965,123.693042685849,-4.4719237931765));
#4581=CARTESIAN_POINT('Ctrl Pts',(7.0928359277024,123.862456275956,-4.62384847909277));
#4582=CARTESIAN_POINT('Ctrl Pts',(7.19821500620102,123.999090828682,-4.72515986879281));
#4583=CARTESIAN_POINT('Ctrl Pts',(7.60645576025618,124.437566851676,-5.01632775923335));
#4584=CARTESIAN_POINT('Ctrl Pts',(7.99996528773015,124.777214775092,-5.20460611513697));
#4585=CARTESIAN_POINT('Ctrl Pts',(8.67628779661344,125.220758347816,-5.4501391187637));
#4586=CARTESIAN_POINT('Ctrl Pts',(8.84589986181414,125.323710475066,-5.50714160452524));
#4587=CARTESIAN_POINT('Ctrl Pts',(9.02029115063231,125.421750153157,-5.56222957936902));
#4588=CARTESIAN_POINT('Origin',(14.6720616102723,118.597042452402,-9.36365766244466));
#4589=CARTESIAN_POINT('Origin',(14.2917051747057,118.835272956836,-10.1437699676164));
#4590=CARTESIAN_POINT('Ctrl Pts',(5.73332989274317,95.7061629304421,-13.9258661962547));
#4591=CARTESIAN_POINT('Ctrl Pts',(5.7333293341118,95.7061666399872,-13.9258648080161));
#4592=CARTESIAN_POINT('Ctrl Pts',(5.81827819900236,95.6663601710174,-13.718340484027));
#4593=CARTESIAN_POINT('Ctrl Pts',(5.93670403179462,95.610866619169,-13.4290341945937));
#4594=CARTESIAN_POINT('Ctrl Pts',(6.00072678745754,95.580865984788,-13.272630938282));
#4595=CARTESIAN_POINT('Ctrl Pts',(5.70191513958756,95.7208871210808,-14.0026075577951));
#4596=CARTESIAN_POINT('Ctrl Pts',(5.70560513518792,95.7481719867076,-13.9979760159531));
#4597=CARTESIAN_POINT('Ctrl Pts',(5.75365229650901,95.7666225277033,-13.7775669518812));
#4598=CARTESIAN_POINT('Ctrl Pts',(5.80629585615938,95.7112136986768,-13.4896979861158));
#4599=CARTESIAN_POINT('Ctrl Pts',(5.83871264091197,95.6668231675862,-13.3448941196681));
#4600=CARTESIAN_POINT('Ctrl Pts',(5.66098996507964,95.7489326137495,-14.1653147314043));
#4601=CARTESIAN_POINT('Ctrl Pts',(5.67221560303872,95.835629332525,-14.1505562282485));
#4602=CARTESIAN_POINT('Ctrl Pts',(5.67017975011841,95.9841693457726,-13.9116596852677));
#4603=CARTESIAN_POINT('Ctrl Pts',(5.61402424619723,95.9867145715615,-13.6249100741763));
#4604=CARTESIAN_POINT('Ctrl Pts',(5.57966095076323,95.9564628901275,-13.4927774046991));
#4605=CARTESIAN_POINT('Ctrl Pts',(5.66703815901377,95.7719976540265,-14.3337382071391));
#4606=CARTESIAN_POINT('Ctrl Pts',(5.68546618052375,95.923138120391,-14.30817423057));
#4607=CARTESIAN_POINT('Ctrl Pts',(5.68652567220889,96.2122068407282,-14.0534494169839));
#4608=CARTESIAN_POINT('Ctrl Pts',(5.61489718565361,96.3290496496528,-13.7449168086377));
#4609=CARTESIAN_POINT('Ctrl Pts',(5.5562299453807,96.3608557070208,-13.5865102733526));
#4610=CARTESIAN_POINT('Ctrl Pts',(5.6816956707494,95.7818332834001,-14.4160875336051));
#4611=CARTESIAN_POINT('Ctrl Pts',(5.70350042485892,95.9652082898204,-14.3852261635294));
#4612=CARTESIAN_POINT('Ctrl Pts',(5.71843804200299,96.3224316199442,-14.1204723659392));
#4613=CARTESIAN_POINT('Ctrl Pts',(5.66225232980814,96.4910495832234,-13.7914349841046));
#4614=CARTESIAN_POINT('Ctrl Pts',(5.60624264376482,96.5500752012989,-13.6100453817023));
#4615=CARTESIAN_POINT('',(5.73332933411179,95.7061666399872,-13.9258648080161));
#4616=CARTESIAN_POINT('',(5.6816956707494,95.7818332834001,-14.4160875336051));
#4617=CARTESIAN_POINT('Origin',(6.56123130675763,95.6534825897909,-14.2748672643743));
#4618=CARTESIAN_POINT('Ctrl Pts',(5.6816956707494,95.7818332834001,-14.4160875336051));
#4619=CARTESIAN_POINT('Ctrl Pts',(5.70350042485892,95.9652082898204,-14.3852261635294));
#4620=CARTESIAN_POINT('Ctrl Pts',(5.71843804200299,96.3224316199442,-14.1204723659392));
#4621=CARTESIAN_POINT('Ctrl Pts',(5.66225232980814,96.4910495832234,-13.7914349841046));
#4622=CARTESIAN_POINT('Ctrl Pts',(5.60624264376482,96.5500752012989,-13.6100453817023));
#4623=CARTESIAN_POINT('',(4.60463941365117,96.2350631750171,-16.6831778461439));
#4624=CARTESIAN_POINT('Ctrl Pts',(5.73749148301156,95.7042162848972,-13.9156969601246));
#4625=CARTESIAN_POINT('Ctrl Pts',(5.73477248760846,95.7054903879271,-13.9223392817575));
#4626=CARTESIAN_POINT('Ctrl Pts',(5.73332933411179,95.7061666399872,-13.9258648080161));
#4627=CARTESIAN_POINT('Ctrl Pts',(5.7333298613662,95.7061669278282,-13.9258608533796));
#4628=CARTESIAN_POINT('Ctrl Pts',(5.66585752059835,95.7014695039645,-14.0744095032399));
#4629=CARTESIAN_POINT('Ctrl Pts',(5.66745342800738,95.712914252823,-14.0794774326031));
#4630=CARTESIAN_POINT('Ctrl Pts',(5.66899559954958,95.7244893811028,-14.0812376762429));
#4631=CARTESIAN_POINT('Ctrl Pts',(5.67050094506332,95.7356076021743,-14.0793503075741));
#4632=CARTESIAN_POINT('Ctrl Pts',(5.64096506138682,95.6893671282643,-14.2537007259804));
#4633=CARTESIAN_POINT('Ctrl Pts',(5.64548994459784,95.7134119391895,-14.2561945633078));
#4634=CARTESIAN_POINT('Ctrl Pts',(5.64931170509078,95.7379305153451,-14.2555190213382));
#4635=CARTESIAN_POINT('Ctrl Pts',(5.65238064727814,95.762162024653,-14.251388880673));
#4636=CARTESIAN_POINT('Ctrl Pts',(5.66680654231115,95.6698502264281,-14.4248145744118));
#4637=CARTESIAN_POINT('Ctrl Pts',(5.67225572907762,95.7068263368375,-14.4252124280863));
#4638=CARTESIAN_POINT('Ctrl Pts',(5.67725129768193,95.7444567124152,-14.4223778793389));
#4639=CARTESIAN_POINT('Ctrl Pts',(5.6816956707494,95.7818332834001,-14.4160875336051));
#4640=CARTESIAN_POINT('',(5.66680654231115,95.6698502264281,-14.4248145744118));
#4641=CARTESIAN_POINT('Ctrl Pts',(5.66680654231115,95.6698502264282,-14.4248145744118));
#4642=CARTESIAN_POINT('Ctrl Pts',(5.66228596042991,95.6818341885446,-14.3874385791694));
#4643=CARTESIAN_POINT('Ctrl Pts',(5.65997057247959,95.6918377817406,-14.3492610081722));
#4644=CARTESIAN_POINT('Ctrl Pts',(5.65985821973806,95.6997693886901,-14.3106241409746));
#4645=CARTESIAN_POINT('Ctrl Pts',(5.65980341072971,95.7036386624221,-14.2917759282116));
#4646=CARTESIAN_POINT('Ctrl Pts',(5.66027348172939,95.7070143984764,-14.2728185347917));
#4647=CARTESIAN_POINT('Ctrl Pts',(5.66127194274492,95.7098836040976,-14.2537925809875));
#4648=CARTESIAN_POINT('Ctrl Pts',(5.66328164545141,95.715658742248,-14.2154971340355));
#4649=CARTESIAN_POINT('Ctrl Pts',(5.66742353952062,95.7193653558303,-14.1770693181541));
#4650=CARTESIAN_POINT('Ctrl Pts',(5.67370409991425,95.7209456882447,-14.1388902161433));
#4651=CARTESIAN_POINT('Ctrl Pts',(5.67662229650819,95.721679973146,-14.1211506963448));
#4652=CARTESIAN_POINT('Ctrl Pts',(5.68000257204597,95.7219546220374,-14.1034647864244));
#4653=CARTESIAN_POINT('Ctrl Pts',(5.6838484752852,95.7217612681522,-14.0858701377504));
#4654=CARTESIAN_POINT('Ctrl Pts',(5.69116295771375,95.7213935304564,-14.0524070627437));
#4655=CARTESIAN_POINT('Ctrl Pts',(5.70014005866926,95.7193340330662,-14.0193732983629));
#4656=CARTESIAN_POINT('Ctrl Pts',(5.71077425686822,95.7155639196288,-13.9870880650278));
#4657=CARTESIAN_POINT('Ctrl Pts',(5.717433481884,95.7132030426502,-13.9668707783604));
#4658=CARTESIAN_POINT('Ctrl Pts',(5.72474247255818,95.710170616176,-13.9469464552269));
#4659=CARTESIAN_POINT('Ctrl Pts',(5.73270704521948,95.7064580072922,-13.9273864044916));
#4660=CARTESIAN_POINT('Ctrl Pts',(5.73291421255149,95.7063614382345,-13.9268776259674));
#4661=CARTESIAN_POINT('Ctrl Pts',(5.73312181996486,95.7062644128639,-13.9263690932637));
#4662=CARTESIAN_POINT('Ctrl Pts',(5.7333298613662,95.7061669278282,-13.9258608533796));
#4663=CARTESIAN_POINT('Ctrl Pts',(5.66680654231115,95.6698502264281,-14.4248145744118));
#4664=CARTESIAN_POINT('Ctrl Pts',(5.67225572907762,95.7068263368375,-14.4252124280863));
#4665=CARTESIAN_POINT('Ctrl Pts',(5.67725129768193,95.7444567124152,-14.4223778793389));
#4666=CARTESIAN_POINT('Ctrl Pts',(5.6816956707494,95.7818332834001,-14.4160875336051));
#4667=CARTESIAN_POINT('Origin',(18.8866434205993,113.218096148884,18.2035624050273));
#4668=CARTESIAN_POINT('',(17.1827250125918,113.640537552875,19.1633405753864));
#4669=CARTESIAN_POINT('',(17.1827250125918,113.640537552875,19.1633405753864));
#4670=CARTESIAN_POINT('',(17.1694988442352,112.369429990097,18.7816186929811));
#4671=CARTESIAN_POINT('Origin',(18.8866434205993,113.218096148884,18.2035624050273));
#4672=CARTESIAN_POINT('',(17.1694988442352,112.369429990097,18.7816186929811));
#4673=CARTESIAN_POINT('Origin',(26.1250165034453,111.423657263344,14.1263906377259));
#4674=CARTESIAN_POINT('',(7.00771614389596,123.433293888746,-4.06040424835584));
#4675=CARTESIAN_POINT('',(18.427891119302,116.280439905722,19.3624123322451));
#4676=CARTESIAN_POINT('',(6.81952779030267,122.29106082304,-3.38670189183718));
#4677=CARTESIAN_POINT('Ctrl Pts',(7.00771614389596,123.433293888746,-4.06040424835584));
#4678=CARTESIAN_POINT('Ctrl Pts',(6.95877672527623,123.268662488301,-3.97963947857428));
#4679=CARTESIAN_POINT('Ctrl Pts',(6.91973910905106,123.107220965444,-3.89524488360684));
#4680=CARTESIAN_POINT('Ctrl Pts',(6.84946556008497,122.74254740807,-3.69124473482489));
#4681=CARTESIAN_POINT('Ctrl Pts',(6.81952778989346,122.500998776203,-3.54497294943774));
#4682=CARTESIAN_POINT('Ctrl Pts',(6.81952779030267,122.29106082304,-3.38670189015663));
#4683=CARTESIAN_POINT('',(7.96556596345271,122.833359131905,-2.09585110590786));
#4684=CARTESIAN_POINT('Ctrl Pts',(6.81952779030267,122.29106082304,-3.38670189015663));
#4685=CARTESIAN_POINT('Ctrl Pts',(6.81952779043583,122.222745176184,-3.33519910264052));
#4686=CARTESIAN_POINT('Ctrl Pts',(6.82258993585893,122.157801647297,-3.28239250771622));
#4687=CARTESIAN_POINT('Ctrl Pts',(6.83612915940125,122.035578500263,-3.17183485576223));
#4688=CARTESIAN_POINT('Ctrl Pts',(6.84808103488817,121.970316079242,-3.10608910167862));
#4689=CARTESIAN_POINT('Ctrl Pts',(6.88745207578668,121.861023889202,-2.96562013460617));
#4690=CARTESIAN_POINT('Ctrl Pts',(6.91508591379202,121.817356919149,-2.89067521787876));
#4691=CARTESIAN_POINT('Ctrl Pts',(6.95101896116375,121.794850798046,-2.81697641907904));
#4692=CARTESIAN_POINT('Ctrl Pts',(6.97625354775039,121.779045496151,-2.76522019867269));
#4693=CARTESIAN_POINT('Ctrl Pts',(7.00824721192126,121.772821284443,-2.7091690583696));
#4694=CARTESIAN_POINT('Ctrl Pts',(7.07921932568863,121.786701530245,-2.60455510968709));
#4695=CARTESIAN_POINT('Ctrl Pts',(7.11815535480233,121.806480473338,-2.55592060277622));
#4696=CARTESIAN_POINT('Ctrl Pts',(7.27345372851661,121.912922423367,-2.38387147824171));
#4697=CARTESIAN_POINT('Ctrl Pts',(7.41156001794806,122.076736393163,-2.28881184822063));
#4698=CARTESIAN_POINT('Ctrl Pts',(7.66994629113073,122.408002326363,-2.15625342963553));
#4699=CARTESIAN_POINT('Ctrl Pts',(7.81716875456475,122.617257926201,-2.11355067707373));
#4700=CARTESIAN_POINT('Ctrl Pts',(7.96556596345271,122.833359131905,-2.09585110590786));
#4701=CARTESIAN_POINT('',(12.1128599144123,120.23576425085,6.41026248072774));
#4702=CARTESIAN_POINT('',(18.427891119302,116.280439905722,19.3624123322451));
#4703=CARTESIAN_POINT('',(13.0452407098791,121.7679430995,6.0501183153656));
#4704=CARTESIAN_POINT('Origin',(20.2693089571545,115.091291177545,2.11631512646745));
#4705=CARTESIAN_POINT('',(18.5200991775038,125.275814496244,4.45199497929467));
#4706=CARTESIAN_POINT('Origin',(19.67318489468,115.464664473824,0.893662706106868));
#4707=CARTESIAN_POINT('',(21.5909846924097,123.352411769636,10.7503913093604));
#4708=CARTESIAN_POINT('',(39.3835049176571,112.208335655972,47.2429090360423));
#4709=CARTESIAN_POINT('',(26.2576402655045,123.352411769636,8.47508752549206));
#4710=CARTESIAN_POINT('Origin',(22.7440704095196,113.541261747199,7.19205903619935));
#4711=CARTESIAN_POINT('',(32.7955976952182,107.97923936298,6.11188034372395));
#4712=CARTESIAN_POINT('Origin',(21.9848007253683,114.016818837713,5.63479440712091));
#4713=CARTESIAN_POINT('',(34.1547634765186,107.127946419281,8.89953384873479));
#4714=CARTESIAN_POINT('',(34.1547634765186,107.127946419281,8.89953384873479));
#4715=CARTESIAN_POINT('Origin',(26.1250165034453,111.423657263344,14.1263906377259));
#4716=CARTESIAN_POINT('Origin',(21.9201838320523,109.107051553686,6.23964030837895));
#4717=CARTESIAN_POINT('',(15.8109445031907,127.011916078589,-8.38751852711064));
#4718=CARTESIAN_POINT('Origin',(13.4678185972383,114.401062763323,-11.0961886954368));
#4719=CARTESIAN_POINT('',(21.1924242231668,123.641307595576,2.64991414661626));
#4720=CARTESIAN_POINT('',(24.2633097380046,121.717904868952,8.94831047670511));
#4721=CARTESIAN_POINT('',(13.921314216732,121.7679430995,5.62297443601406));
#4722=CARTESIAN_POINT('Origin',(18.8492983172127,111.030454280312,-0.0587560217135863));
#4723=CARTESIAN_POINT('Origin',(19.8647818196517,110.394421537314,2.02400399461526));
#4724=CARTESIAN_POINT('Ctrl Pts',(7.96556596345125,122.833359131907,-2.09585110590803));
#4725=CARTESIAN_POINT('Ctrl Pts',(8.03775356126352,122.881026864511,-2.08724117628497));
#4726=CARTESIAN_POINT('Ctrl Pts',(8.1099073141168,122.931645575197,-2.08479769777511));
#4727=CARTESIAN_POINT('Ctrl Pts',(8.36477037088448,123.119559479047,-2.09683736168576));
#4728=CARTESIAN_POINT('Ctrl Pts',(8.54061529180943,123.266747561452,-2.14572220447898));
#4729=CARTESIAN_POINT('Ctrl Pts',(8.83847917833399,123.541468335642,-2.29095058430509));
#4730=CARTESIAN_POINT('Ctrl Pts',(8.984268057063,123.691142243625,-2.39929568030485));
#4731=CARTESIAN_POINT('Ctrl Pts',(9.22106302581077,123.979408103458,-2.6730023930317));
#4732=CARTESIAN_POINT('Ctrl Pts',(9.31179819331941,124.118207328601,-2.83837999080333));
#4733=CARTESIAN_POINT('Ctrl Pts',(9.40550173370022,124.334132043897,-3.14790838736812));
#4734=CARTESIAN_POINT('Ctrl Pts',(9.42764070536951,124.431074725925,-3.30885386173747));
#4735=CARTESIAN_POINT('Ctrl Pts',(9.40561704961383,124.596190479607,-3.63808689096576));
#4736=CARTESIAN_POINT('Ctrl Pts',(9.36123854094824,124.664503055908,-3.80628998525516));
#4737=CARTESIAN_POINT('Ctrl Pts',(9.21741587869819,124.754584206568,-4.10127074038995));
#4738=CARTESIAN_POINT('Ctrl Pts',(9.11136612722859,124.782339191119,-4.24501800655938));
#4739=CARTESIAN_POINT('Ctrl Pts',(8.84991239661752,124.783530920597,-4.47619175997586));
#4740=CARTESIAN_POINT('Ctrl Pts',(8.69449777935997,124.756605715628,-4.56360793967062));
#4741=CARTESIAN_POINT('Ctrl Pts',(8.37028332133618,124.655703646919,-4.67529266503718));
#4742=CARTESIAN_POINT('Ctrl Pts',(8.18584376220368,124.571240220634,-4.69645172673054));
#4743=CARTESIAN_POINT('Ctrl Pts',(7.84149243965947,124.362863467443,-4.66831751208229));
#4744=CARTESIAN_POINT('Ctrl Pts',(7.68151896418303,124.238997366031,-4.61943131567549));
#4745=CARTESIAN_POINT('Ctrl Pts',(7.38745913532553,123.96778508587,-4.47605766600212));
#4746=CARTESIAN_POINT('Ctrl Pts',(7.23893618544165,123.79556583313,-4.36028260175693));
#4747=CARTESIAN_POINT('Ctrl Pts',(7.07976124788613,123.558534428468,-4.16977948349202));
#4748=CARTESIAN_POINT('Ctrl Pts',(7.04154336232313,123.495501750891,-4.11622933957436));
#4749=CARTESIAN_POINT('Ctrl Pts',(7.00771614389513,123.433293888748,-4.06040424835447));
#4750=CARTESIAN_POINT('',(15.6243803188342,124.45330452595,0.569725474438691));
#4751=CARTESIAN_POINT('',(15.4928891479732,124.642969996331,2.23017696084681E-14));
#4752=CARTESIAN_POINT('Ctrl Pts',(15.6243803188342,124.45330452595,0.569725474438691));
#4753=CARTESIAN_POINT('Ctrl Pts',(15.6944616051294,124.409410171538,0.713462424017813));
#4754=CARTESIAN_POINT('Ctrl Pts',(15.798517720153,124.370201430899,0.855184756182122));
#4755=CARTESIAN_POINT('Ctrl Pts',(16.0576574617272,124.315047636313,1.08607078284743));
#4756=CARTESIAN_POINT('Ctrl Pts',(16.2127921379833,124.298946682316,1.17513990059514));
#4757=CARTESIAN_POINT('Ctrl Pts',(16.5244575048123,124.287680220106,1.28250174100389));
#4758=CARTESIAN_POINT('Ctrl Pts',(16.7002490291186,124.291525171557,1.30824024208707));
#4759=CARTESIAN_POINT('Ctrl Pts',(17.0464255971581,124.316294096262,1.28677659232581));
#4760=CARTESIAN_POINT('Ctrl Pts',(17.2168246531492,124.337036326873,1.23959109855382));
#4761=CARTESIAN_POINT('Ctrl Pts',(17.5106674070282,124.386003216926,1.09632328731492));
#4762=CARTESIAN_POINT('Ctrl Pts',(17.6531988636842,124.41763485209,0.989911302438014));
#4763=CARTESIAN_POINT('Ctrl Pts',(17.8825504031282,124.4892082142,0.729859965137907));
#4764=CARTESIAN_POINT('Ctrl Pts',(17.9693523074699,124.529335420875,0.576255664038654));
#4765=CARTESIAN_POINT('Ctrl Pts',(18.0753784302524,124.609954528722,0.268467810135731));
#4766=CARTESIAN_POINT('Ctrl Pts',(18.1010937774212,124.656067215149,0.0929243930862243));
#4767=CARTESIAN_POINT('Ctrl Pts',(18.0797504785858,124.751047251685,-0.25302643221814));
#4768=CARTESIAN_POINT('Ctrl Pts',(18.0327449812291,124.800076918579,-0.423392533427955));
#4769=CARTESIAN_POINT('Ctrl Pts',(17.8898352402719,124.889586274786,-0.71650088397691));
#4770=CARTESIAN_POINT('Ctrl Pts',(17.7838487492052,124.936260584687,-0.859450852061787));
#4771=CARTESIAN_POINT('Ctrl Pts',(17.5211513245754,125.017803430368,-1.09100460208744));
#4772=CARTESIAN_POINT('Ctrl Pts',(17.3644021127342,125.05250584508,-1.17962342614094));
#4773=CARTESIAN_POINT('Ctrl Pts',(17.0528487368055,125.097796309748,-1.2838501199664));
#4774=CARTESIAN_POINT('Ctrl Pts',(16.8790886285214,125.111975512489,-1.30845629756507));
#4775=CARTESIAN_POINT('Ctrl Pts',(16.5363834370046,125.112698914386,-1.2859599735603));
#4776=CARTESIAN_POINT('Ctrl Pts',(16.367438317119,125.099051494841,-1.23885227688697));
#4777=CARTESIAN_POINT('Ctrl Pts',(16.0738194893998,125.050121920554,-1.0956936444873));
#4778=CARTESIAN_POINT('Ctrl Pts',(15.9318557824562,125.011057523512,-0.989013289356704));
#4779=CARTESIAN_POINT('Ctrl Pts',(15.7044642294122,124.91426438158,-0.731339116006875));
#4780=CARTESIAN_POINT('Ctrl Pts',(15.6189034324721,124.856739330125,-0.580386167151852));
#4781=CARTESIAN_POINT('Ctrl Pts',(15.5197053705686,124.750970120306,-0.298061124943338));
#4782=CARTESIAN_POINT('Ctrl Pts',(15.4928891479732,124.696163361712,-0.149770099326963));
#4783=CARTESIAN_POINT('Ctrl Pts',(15.4928891479732,124.642969996331,4.3680337125096E-14));
#4784=CARTESIAN_POINT('Ctrl Pts',(15.4928891479732,124.642969996331,4.11556266600124E-14));
#4785=CARTESIAN_POINT('Ctrl Pts',(15.4928891479732,124.63440732214,0.0241088819064792));
#4786=CARTESIAN_POINT('Ctrl Pts',(15.4935603723243,124.625885332023,0.0482557294167355));
#4787=CARTESIAN_POINT('Ctrl Pts',(15.5046089476338,124.556447280285,0.24638351079703));
#4788=CARTESIAN_POINT('Ctrl Pts',(15.5510852377872,124.499211792129,0.419397021212417));
#4789=CARTESIAN_POINT('Ctrl Pts',(15.6243803188342,124.45330452595,0.569725474438692));
#4790=CARTESIAN_POINT('Origin',(14.2917051747057,118.835272956836,-10.1437699676164));
#4791=CARTESIAN_POINT('',(16.6731933068565,119.235621654856,-11.1826448317067));
#4792=CARTESIAN_POINT('Origin',(12.2678547852221,99.453141496448,-15.0759193633329));
#4793=CARTESIAN_POINT('',(16.8421257815218,120.639928360678,-10.8361637684029));
#4794=CARTESIAN_POINT('',(16.9134251505647,121.232627794377,-10.6899285270866));
#4795=CARTESIAN_POINT('',(18.6398316725048,120.639928360678,-11.7126644983086));
#4796=CARTESIAN_POINT('',(16.8421257815218,120.639928360678,-10.8361637684029));
#4797=CARTESIAN_POINT('',(18.9489878016893,123.209890271337,-11.078584256609));
#4798=CARTESIAN_POINT('',(19.0069903603034,123.692055599102,-10.9596208173842));
#4799=CARTESIAN_POINT('',(18.5575638875812,123.6920555991,-10.7404956349117));
#4800=CARTESIAN_POINT('',(18.5459256497192,123.706391858514,-10.730443219472));
#4801=CARTESIAN_POINT('',(15.4115785783548,123.692055599219,-9.20661935753732));
#4802=CARTESIAN_POINT('',(16.0426205760497,123.6920555991,-9.51429414150534));
#4803=CARTESIAN_POINT('',(15.7063209641004,126.142198531253,-8.60210175122084));
#4804=CARTESIAN_POINT('Ctrl Pts',(5.62031031767404,95.450871327904,-15.6688258489234));
#4805=CARTESIAN_POINT('Ctrl Pts',(5.73857590781954,97.3948615268589,-15.4469210768653));
#4806=CARTESIAN_POINT('Ctrl Pts',(6.30133649044367,102.956620018228,-14.9247386468106));
#4807=CARTESIAN_POINT('Ctrl Pts',(7.55767038954421,108.855994487775,-14.7019926143551));
#4808=CARTESIAN_POINT('Ctrl Pts',(9.08112614067683,113.67833623018,-14.7692319157638));
#4809=CARTESIAN_POINT('Ctrl Pts',(10.0494661497363,116.0620872899,-14.9105728419031));
#4810=CARTESIAN_POINT('Ctrl Pts',(11.1892059008675,117.99927264613,-15.2026026292868));
#4811=CARTESIAN_POINT('Ctrl Pts',(11.897461469447,118.856241543081,-15.4342620233847));
#4812=CARTESIAN_POINT('Ctrl Pts',(12.4517286569772,119.316089766715,-15.6460566726996));
#4813=CARTESIAN_POINT('Ctrl Pts',(12.8586764090592,119.546611037604,-15.8170558850626));
#4814=CARTESIAN_POINT('Ctrl Pts',(13.2544673838009,119.661109254836,-15.9992409792331));
#4815=CARTESIAN_POINT('Ctrl Pts',(13.6367113714875,119.659021959823,-16.1914930597221));
#4816=CARTESIAN_POINT('Ctrl Pts',(14.0031127603827,119.540275412097,-16.3926700178528));
#4817=CARTESIAN_POINT('Ctrl Pts',(14.4676027382485,119.227484787792,-16.6711817768358));
#4818=CARTESIAN_POINT('Ctrl Pts',(14.7857397282871,118.820958918746,-16.8897634088219));
#4819=CARTESIAN_POINT('Ctrl Pts',(14.9818381175475,118.476737316523,-17.0380459920379));
#4820=CARTESIAN_POINT('Ctrl Pts',(5.69151111090649,95.3511229659479,-15.3112751053613));
#4821=CARTESIAN_POINT('Ctrl Pts',(5.8498379245236,97.2908171812622,-15.0703033907989));
#4822=CARTESIAN_POINT('Ctrl Pts',(6.54045014771889,102.832437182508,-14.514688361783));
#4823=CARTESIAN_POINT('Ctrl Pts',(7.96274102702514,108.675086729027,-14.3425035759507));
#4824=CARTESIAN_POINT('Ctrl Pts',(9.59752338398671,113.389565552978,-14.5227825890362));
#4825=CARTESIAN_POINT('Ctrl Pts',(10.6047740096961,115.687975706404,-14.7487481077053));
#4826=CARTESIAN_POINT('Ctrl Pts',(11.702059261583,117.484727715947,-15.1332373796457));
#4827=CARTESIAN_POINT('Ctrl Pts',(12.3270662394337,118.238217573508,-15.401797068337));
#4828=CARTESIAN_POINT('Ctrl Pts',(12.7700444982423,118.620502557762,-15.6147174918384));
#4829=CARTESIAN_POINT('Ctrl Pts',(13.0723092293213,118.804040114217,-15.7676297805769));
#4830=CARTESIAN_POINT('Ctrl Pts',(13.3481816351373,118.892307853946,-15.9107763874962));
#4831=CARTESIAN_POINT('Ctrl Pts',(13.60806463459,118.892663478209,-16.0451931549739));
#4832=CARTESIAN_POINT('Ctrl Pts',(13.8654739339996,118.805980703182,-16.1767410537996));
#4833=CARTESIAN_POINT('Ctrl Pts',(14.2179261029917,118.566393883,-16.3583009223835));
#4834=CARTESIAN_POINT('Ctrl Pts',(14.4973471054771,118.231911855368,-16.5117451048941));
#4835=CARTESIAN_POINT('Ctrl Pts',(14.6829431876574,117.932750758181,-16.6236001242457));
#4836=CARTESIAN_POINT('Ctrl Pts',(5.69245991494187,95.1568825303569,-14.5666728416316));
#4837=CARTESIAN_POINT('Ctrl Pts',(5.91363103781198,97.0912850749918,-14.2688464586628));
#4838=CARTESIAN_POINT('Ctrl Pts',(6.81539088610883,102.60469190181,-13.5787645834197));
#4839=CARTESIAN_POINT('Ctrl Pts',(8.56052382522336,108.357382283381,-13.3794434332935));
#4840=CARTESIAN_POINT('Ctrl Pts',(10.4778268168366,112.881594176819,-13.6427110464037));
#4841=CARTESIAN_POINT('Ctrl Pts',(11.6227005924201,115.024742991879,-13.9559359727522));
#4842=CARTESIAN_POINT('Ctrl Pts',(12.7418580303088,116.553972577574,-14.451147903079));
#4843=CARTESIAN_POINT('Ctrl Pts',(13.2788931659214,117.106394744586,-14.7640008762679));
#4844=CARTESIAN_POINT('Ctrl Pts',(13.5665717708615,117.335376054318,-14.9694193681787));
#4845=CARTESIAN_POINT('Ctrl Pts',(13.7101024920458,117.42484894658,-15.0874296551436));
#4846=CARTESIAN_POINT('Ctrl Pts',(13.7953926588902,117.458820847364,-15.163093534702));
#4847=CARTESIAN_POINT('Ctrl Pts',(13.856262230928,117.460482852681,-15.2021320373752));
#4848=CARTESIAN_POINT('Ctrl Pts',(13.9360231950802,117.43273784734,-15.2238526425041));
#4849=CARTESIAN_POINT('Ctrl Pts',(14.1095132352668,117.33085298029,-15.2610459315089));
#4850=CARTESIAN_POINT('Ctrl Pts',(14.3341923728008,117.132078701887,-15.3294021602298));
#4851=CARTESIAN_POINT('Ctrl Pts',(14.5094010614934,116.917492999506,-15.4001483331477));
#4852=CARTESIAN_POINT('Ctrl Pts',(5.26957013573856,94.9222774936847,-13.5184721478744));
#4853=CARTESIAN_POINT('Ctrl Pts',(5.52030771170293,96.8654672854184,-13.1135828843755));
#4854=CARTESIAN_POINT('Ctrl Pts',(6.54828994442086,102.397943112688,-12.1273810558793));
#4855=CARTESIAN_POINT('Ctrl Pts',(8.57159831518697,108.145554874985,-11.6363527567189));
#4856=CARTESIAN_POINT('Ctrl Pts',(10.8370846139962,112.618229327009,-11.6782516311957));
#4857=CARTESIAN_POINT('Ctrl Pts',(12.2059308301538,114.710511918351,-11.8903768884454));
#4858=CARTESIAN_POINT('Ctrl Pts',(13.5660173178345,116.140702486088,-12.3165634619946));
#4859=CARTESIAN_POINT('Ctrl Pts',(14.2257386520311,116.614732387341,-12.6032053658195));
#4860=CARTESIAN_POINT('Ctrl Pts',(14.5807487820066,116.781685535018,-12.79460505374));
#4861=CARTESIAN_POINT('Ctrl Pts',(14.7572333387626,116.831253820399,-12.9046877902264));
#4862=CARTESIAN_POINT('Ctrl Pts',(14.8595688284094,116.839057790047,-12.9755562146718));
#4863=CARTESIAN_POINT('Ctrl Pts',(14.9277469673009,116.834265584529,-13.0154669370334));
#4864=CARTESIAN_POINT('Ctrl Pts',(15.0141318896699,116.820672971926,-13.0482061710338));
#4865=CARTESIAN_POINT('Ctrl Pts',(15.2049803293576,116.758761014812,-13.119036188473));
#4866=CARTESIAN_POINT('Ctrl Pts',(15.4565967134259,116.601566189115,-13.2372605498241));
#4867=CARTESIAN_POINT('Ctrl Pts',(15.6534249363113,116.412194964784,-13.3505932305644));
#4868=CARTESIAN_POINT('Ctrl Pts',(4.61312787257108,94.8017517703868,-12.8257869443387));
#4869=CARTESIAN_POINT('Ctrl Pts',(4.83797747422668,96.7690366722208,-12.3433118898506));
#4870=CARTESIAN_POINT('Ctrl Pts',(5.81500881282893,102.37724443476,-11.133637969062));
#4871=CARTESIAN_POINT('Ctrl Pts',(7.84797707148388,108.243073952729,-10.3704769347468));
#4872=CARTESIAN_POINT('Ctrl Pts',(10.2198899426793,112.901141031948,-10.1442953997901));
#4873=CARTESIAN_POINT('Ctrl Pts',(11.6919439491865,115.133119084488,-10.2049162768504));
#4874=CARTESIAN_POINT('Ctrl Pts',(13.2943833823972,116.790283105867,-10.5064266357098));
#4875=CARTESIAN_POINT('Ctrl Pts',(14.191323620104,117.431845400006,-10.7624474795928));
#4876=CARTESIAN_POINT('Ctrl Pts',(14.8060016967392,117.724140862446,-10.982000531848));
#4877=CARTESIAN_POINT('Ctrl Pts',(15.2111318695049,117.848853166284,-11.1466238085615));
#4878=CARTESIAN_POINT('Ctrl Pts',(15.5664397040164,117.896713821751,-11.3083190141633));
#4879=CARTESIAN_POINT('Ctrl Pts',(15.8910547995907,117.88335891229,-11.4713572463337));
#4880=CARTESIAN_POINT('Ctrl Pts',(16.211092385965,117.810908958132,-11.6477565170878));
#4881=CARTESIAN_POINT('Ctrl Pts',(16.6571823922351,117.618782868961,-11.9185500475897));
#4882=CARTESIAN_POINT('Ctrl Pts',(17.024048829926,117.334853530944,-12.1771846919083));
#4883=CARTESIAN_POINT('Ctrl Pts',(17.271377522132,117.065815475567,-12.3746485667871));
#4884=CARTESIAN_POINT('Ctrl Pts',(4.12425418538047,94.7707542518197,-12.5352807803327));
#4885=CARTESIAN_POINT('Ctrl Pts',(4.31831771801853,96.7595864108625,-12.0225952703686));
#4886=CARTESIAN_POINT('Ctrl Pts',(5.21732208069168,102.436550361709,-10.7272135038833));
#4887=CARTESIAN_POINT('Ctrl Pts',(7.18528383092076,108.413593879894,-9.86100405482018));
#4888=CARTESIAN_POINT('Ctrl Pts',(9.54744037860378,113.247545096674,-9.53691830218196));
#4889=CARTESIAN_POINT('Ctrl Pts',(11.0400242317201,115.611416027619,-9.54259171507903));
#4890=CARTESIAN_POINT('Ctrl Pts',(12.763867187713,117.480899262892,-9.81257684742017));
#4891=CARTESIAN_POINT('Ctrl Pts',(13.8103279264002,118.277701881118,-10.0794718453524));
#4892=CARTESIAN_POINT('Ctrl Pts',(14.6073340185476,118.686229432177,-10.3434768219795));
#4893=CARTESIAN_POINT('Ctrl Pts',(15.1808762078255,118.881016751809,-10.5636974417789));
#4894=CARTESIAN_POINT('Ctrl Pts',(15.72891969728,118.967438002964,-10.8045724179084));
#4895=CARTESIAN_POINT('Ctrl Pts',(16.253389396366,118.949027737309,-11.0659170017154));
#4896=CARTESIAN_POINT('Ctrl Pts',(16.7581153971953,118.826330191277,-11.3494174610295));
#4897=CARTESIAN_POINT('Ctrl Pts',(17.4077601631679,118.520446789327,-11.7594199800036));
#4898=CARTESIAN_POINT('Ctrl Pts',(17.8674850968192,118.124553462181,-12.1043851303163));
#4899=CARTESIAN_POINT('Ctrl Pts',(18.1561778540804,117.78466412122,-12.3487911102633));
#4900=CARTESIAN_POINT('Ctrl Pts',(3.95378891253653,94.7651345094295,-12.4538838210982));
#4901=CARTESIAN_POINT('Ctrl Pts',(4.13656300639774,96.7617973054918,-11.9332579066723));
#4902=CARTESIAN_POINT('Ctrl Pts',(5.00628390681687,102.463740884499,-10.6160463377153));
#4903=CARTESIAN_POINT('Ctrl Pts',(6.94789084179042,108.48092247492,-9.72518292242268));
#4904=CARTESIAN_POINT('Ctrl Pts',(9.30232245717719,113.376307561867,-9.37817283188594));
#4905=CARTESIAN_POINT('Ctrl Pts',(10.7988479257237,115.786081258486,-9.37193205048412));
#4906=CARTESIAN_POINT('Ctrl Pts',(12.5602639047446,117.727888388029,-9.63775045890005));
#4907=CARTESIAN_POINT('Ctrl Pts',(13.6548406925492,118.577343476545,-9.91202277817251));
#4908=CARTESIAN_POINT('Ctrl Pts',(14.5114354369142,119.024999210604,-10.1929644719536));
#4909=CARTESIAN_POINT('Ctrl Pts',(15.1403546901318,119.243361470196,-10.432920864027));
#4910=CARTESIAN_POINT('Ctrl Pts',(15.7520316510962,119.342748991624,-10.7008029725915));
#4911=CARTESIAN_POINT('Ctrl Pts',(16.3427723593391,119.322694433862,-10.9949524636609));
#4912=CARTESIAN_POINT('Ctrl Pts',(16.9090290512682,119.183229377462,-11.3136299233637));
#4913=CARTESIAN_POINT('Ctrl Pts',(17.6268771988788,118.839315058288,-11.7686529272168));
#4914=CARTESIAN_POINT('Ctrl Pts',(18.1185434562113,118.405713962648,-12.1407857995483));
#4915=CARTESIAN_POINT('Ctrl Pts',(18.4216046032501,118.041999251408,-12.3996192975414));
#4916=CARTESIAN_POINT('',(5.62031031767404,95.4508713279041,-15.6688258489234));
#4917=CARTESIAN_POINT('Ctrl Pts',(5.66679337883056,95.6698720052138,-14.4247762090011));
#4918=CARTESIAN_POINT('Ctrl Pts',(5.67001428001394,95.6613424138221,-14.4513567575367));
#4919=CARTESIAN_POINT('Ctrl Pts',(5.67298407088279,95.6530017904974,-14.4780309168617));
#4920=CARTESIAN_POINT('Ctrl Pts',(5.67569534329196,95.6448615174092,-14.5047907017968));
#4921=CARTESIAN_POINT('Ctrl Pts',(5.68570515994098,95.6148082329032,-14.6035858430972));
#4922=CARTESIAN_POINT('Ctrl Pts',(5.69219439756375,95.5874870345582,-14.7035496059829));
#4923=CARTESIAN_POINT('Ctrl Pts',(5.69492344694235,95.5634383675572,-14.8042478511844));
#4924=CARTESIAN_POINT('Ctrl Pts',(5.69614028229169,95.5527154878832,-14.8491474361234));
#4925=CARTESIAN_POINT('Ctrl Pts',(5.69660899695771,95.5426430112149,-14.8941927909477));
#4926=CARTESIAN_POINT('Ctrl Pts',(5.69630534452247,95.5332679137326,-14.9393440568654));
#4927=CARTESIAN_POINT('Ctrl Pts',(5.69566319888716,95.5134420298268,-15.0348271980255));
#4928=CARTESIAN_POINT('Ctrl Pts',(5.69157024730782,95.4967306044303,-15.1308610702985));
#4929=CARTESIAN_POINT('Ctrl Pts',(5.68375510064577,95.4836472825264,-15.2270102059977));
#4930=CARTESIAN_POINT('Ctrl Pts',(5.67647873500762,95.471465932892,-15.3165307610676));
#4931=CARTESIAN_POINT('Ctrl Pts',(5.6659758225012,95.4624293899217,-15.4061515152884));
#4932=CARTESIAN_POINT('Ctrl Pts',(5.65198927894288,95.4569459517048,-15.4954990262557));
#4933=CARTESIAN_POINT('Ctrl Pts',(5.64292132855306,95.4533908527978,-15.5534260468615));
#4934=CARTESIAN_POINT('Ctrl Pts',(5.63238830990191,95.4513291401178,-15.6112377860087));
#4935=CARTESIAN_POINT('Ctrl Pts',(5.62031031767405,95.4508713279041,-15.6688258489234));
#4936=CARTESIAN_POINT('',(14.5454398844241,119.09308318508,-16.7297167690961));
#4937=CARTESIAN_POINT('Origin',(11.,100.247243177894,-17.6762937139053));
#4938=CARTESIAN_POINT('',(14.1296120913737,119.151302557134,-16.3995383028155));
#4939=CARTESIAN_POINT('Ctrl Pts',(14.5454398844241,119.09308318508,-16.7297167690961));
#4940=CARTESIAN_POINT('Ctrl Pts',(14.4033012671528,119.113895149763,-16.6116862521535));
#4941=CARTESIAN_POINT('Ctrl Pts',(14.2664625304067,119.133387512982,-16.5011395670114));
#4942=CARTESIAN_POINT('Ctrl Pts',(14.1296120913737,119.151302557134,-16.3995383028155));
#4943=CARTESIAN_POINT('Ctrl Pts',(14.1296120913737,119.151302557134,-16.3995383028155));
#4944=CARTESIAN_POINT('Ctrl Pts',(14.1425193410999,119.028090294899,-16.373065491011));
#4945=CARTESIAN_POINT('Ctrl Pts',(14.1582365224472,118.906424558314,-16.3408295001743));
#4946=CARTESIAN_POINT('Ctrl Pts',(14.2485128503593,118.317857225815,-16.1556724535608));
#4947=CARTESIAN_POINT('Ctrl Pts',(14.3604879319254,117.882898137279,-15.9260111908833));
#4948=CARTESIAN_POINT('Ctrl Pts',(14.5968085080325,117.281987767697,-15.441316909027));
#4949=CARTESIAN_POINT('Ctrl Pts',(14.7156814912726,117.062905434497,-15.1975080285948));
#4950=CARTESIAN_POINT('Ctrl Pts',(14.9650436597391,116.78902047766,-14.6860653977498));
#4951=CARTESIAN_POINT('Ctrl Pts',(15.0845508781579,116.718390796794,-14.4409556981954));
#4952=CARTESIAN_POINT('Ctrl Pts',(15.3412993246764,116.682614193194,-13.9143637866784));
#4953=CARTESIAN_POINT('Ctrl Pts',(15.4728354939469,116.724028069257,-13.6445826692111));
#4954=CARTESIAN_POINT('Ctrl Pts',(15.7730999560686,116.921502943396,-13.0287392660149));
#4955=CARTESIAN_POINT('Ctrl Pts',(15.9413739927207,117.117170371705,-12.6836086612503));
#4956=CARTESIAN_POINT('Ctrl Pts',(16.2273729878484,117.589236443958,-12.0970237779592));
#4957=CARTESIAN_POINT('Ctrl Pts',(16.3515898458591,117.867768521714,-11.842254592052));
#4958=CARTESIAN_POINT('Ctrl Pts',(16.5524653013474,118.504898248334,-11.430258369614));
#4959=CARTESIAN_POINT('Ctrl Pts',(16.6278019451771,118.858291045575,-11.27574266438));
#4960=CARTESIAN_POINT('Ctrl Pts',(16.6731933068565,119.235621654856,-11.1826448317067));
#4961=CARTESIAN_POINT('Ctrl Pts',(6.00072512753994,95.5808667626143,-13.2726349933483));
#4962=CARTESIAN_POINT('Ctrl Pts',(6.43111073424189,95.3791909506973,-12.2212321029092));
#4963=CARTESIAN_POINT('Ctrl Pts',(6.86134578058643,95.1775856903552,-11.1701970212269));
#4964=CARTESIAN_POINT('Ctrl Pts',(7.2911460054915,94.9761841844264,-10.1202241788741));
#4965=CARTESIAN_POINT('Ctrl Pts',(5.83721106507522,95.6731096069666,-13.1686324295617));
#4966=CARTESIAN_POINT('Ctrl Pts',(6.28882615941321,95.4831719368402,-12.1243574962934));
#4967=CARTESIAN_POINT('Ctrl Pts',(6.74165857935541,95.2882500328937,-11.0819163289877));
#4968=CARTESIAN_POINT('Ctrl Pts',(7.1950112861582,95.087706032814,-10.0420303941257));
#4969=CARTESIAN_POINT('Ctrl Pts',(5.57930159348839,95.9830282969759,-12.964936162383));
#4970=CARTESIAN_POINT('Ctrl Pts',(6.07387669789308,95.7919450117291,-11.9397978945504));
#4971=CARTESIAN_POINT('Ctrl Pts',(6.56916120809577,95.5892297226263,-10.9174985291083));
#4972=CARTESIAN_POINT('Ctrl Pts',(7.06207565746607,95.3705594262786,-9.89848211783406));
#4973=CARTESIAN_POINT('Ctrl Pts',(5.56080557333707,96.4196042215332,-12.8504004974168));
#4974=CARTESIAN_POINT('Ctrl Pts',(6.07060737662296,96.1971014424864,-11.8363336954515));
#4975=CARTESIAN_POINT('Ctrl Pts',(6.57752665970545,95.9605421614798,-10.8242068767672));
#4976=CARTESIAN_POINT('Ctrl Pts',(7.07978899845206,95.7038427781478,-9.81546118002649));
#4977=CARTESIAN_POINT('Ctrl Pts',(5.613632006345,96.626297982127,-12.826965874753));
#4978=CARTESIAN_POINT('Ctrl Pts',(6.1217196709167,96.3890660394144,-11.8135609712651));
#4979=CARTESIAN_POINT('Ctrl Pts',(6.62667514372659,96.1370235304494,-10.8022971522068));
#4980=CARTESIAN_POINT('Ctrl Pts',(7.12534297380787,95.8627951200518,-9.79419469853914));
#4981=CARTESIAN_POINT('',(7.12534297380788,95.8627951200518,-9.79419469853915));
#4982=CARTESIAN_POINT('Ctrl Pts',(5.63725244904562,96.6152575688535,-12.7798508050817));
#4983=CARTESIAN_POINT('Ctrl Pts',(6.13736955084609,96.3812485058461,-11.782217017253));
#4984=CARTESIAN_POINT('Ctrl Pts',(6.63440339419799,96.1327735954946,-10.7866737897342));
#4985=CARTESIAN_POINT('Ctrl Pts',(7.12534297380787,95.8627951200518,-9.79419469853914));
#4986=CARTESIAN_POINT('',(7.2911460054915,94.9761841844264,-10.1202241788741));
#4987=CARTESIAN_POINT('Origin',(7.98584802483363,95.6797935495602,-10.2696328988941));
#4988=CARTESIAN_POINT('',(4.60463941365117,96.2350631750171,-16.6831778461439));
#4989=CARTESIAN_POINT('Ctrl Pts',(7.2911460054915,94.9761841844264,-10.1202241788741));
#4990=CARTESIAN_POINT('Ctrl Pts',(8.78666462079662,94.154823202773,-7.03457748363759));
#4991=CARTESIAN_POINT('Ctrl Pts',(11.2644787885114,92.7483047243925,-1.89501531381368));
#4992=CARTESIAN_POINT('Ctrl Pts',(14.6533866865879,90.5951228576751,5.26994460011563));
#4993=CARTESIAN_POINT('Ctrl Pts',(16.5307283604404,89.209792477276,9.33654374756305));
#4994=CARTESIAN_POINT('Ctrl Pts',(17.4392952421865,88.4111645229649,11.3337058407859));
#4995=CARTESIAN_POINT('Ctrl Pts',(7.0988765668249,95.1992278812015,-9.96383660937742));
#4996=CARTESIAN_POINT('Ctrl Pts',(8.60815209546686,94.3804870710088,-6.88295185292507));
#4997=CARTESIAN_POINT('Ctrl Pts',(11.1127411273598,92.9750523053663,-1.7535761184692));
#4998=CARTESIAN_POINT('Ctrl Pts',(14.5544192500528,90.8060722678953,5.388272740148));
#4999=CARTESIAN_POINT('Ctrl Pts',(16.4671339978528,89.3953624629857,9.43776794543331));
#5000=CARTESIAN_POINT('Ctrl Pts',(17.3940799913475,88.5754632236144,11.4251924903292));
#5001=CARTESIAN_POINT('Ctrl Pts',(7.03423502309625,95.5448904362438,-9.83672766151384));
#5002=CARTESIAN_POINT('Ctrl Pts',(8.5539411657171,94.7176674440387,-6.76102275718068));
#5003=CARTESIAN_POINT('Ctrl Pts',(11.0768443891758,93.2916994561688,-1.64178544909761));
#5004=CARTESIAN_POINT('Ctrl Pts',(14.5436212434565,91.069188963854,5.48233200101782));
#5005=CARTESIAN_POINT('Ctrl Pts',(16.4685473686409,89.6119816151736,9.52059978413497));
#5006=CARTESIAN_POINT('Ctrl Pts',(17.4001631489712,88.7615948277237,11.5020628811226));
#5007=CARTESIAN_POINT('Ctrl Pts',(7.12534297380788,95.8627951200518,-9.79419469853915));
#5008=CARTESIAN_POINT('Ctrl Pts',(8.64633654249322,95.0263672949451,-6.71936761704388));
#5009=CARTESIAN_POINT('Ctrl Pts',(11.1694100532321,93.5810984458234,-1.60095834339213));
#5010=CARTESIAN_POINT('Ctrl Pts',(14.6232785363712,91.3132454313734,5.52654203047261));
#5011=CARTESIAN_POINT('Ctrl Pts',(16.5344841275476,89.8169722959194,9.56847909623234));
#5012=CARTESIAN_POINT('Ctrl Pts',(17.4565699084169,88.9397323383737,11.5519987777951));
#5013=CARTESIAN_POINT('',(17.4392952421865,88.4111645229649,11.3337058407859));
#5014=CARTESIAN_POINT('',(17.4342709760135,88.9609119602254,11.504037240998));
#5015=CARTESIAN_POINT('Ctrl Pts',(17.4342712647263,88.9609151688876,11.5040384045802));
#5016=CARTESIAN_POINT('Ctrl Pts',(17.423212816776,88.9187317431121,11.4965481000778));
#5017=CARTESIAN_POINT('Ctrl Pts',(17.414782400206,88.8762301278365,11.4876816295639));
#5018=CARTESIAN_POINT('Ctrl Pts',(17.4089382302099,88.8336846390994,11.4775407477961));
#5019=CARTESIAN_POINT('Ctrl Pts',(17.4030295290461,88.7906693642214,11.467287890685));
#5020=CARTESIAN_POINT('Ctrl Pts',(17.3997643617217,88.7476081963446,11.4557319422512));
#5021=CARTESIAN_POINT('Ctrl Pts',(17.3991467846436,88.7047821670187,11.4429555587498));
#5022=CARTESIAN_POINT('Ctrl Pts',(17.3990272685735,88.6964942967209,11.4404830201792));
#5023=CARTESIAN_POINT('Ctrl Pts',(17.3990070533555,88.6882152531253,11.4379647174927));
#5024=CARTESIAN_POINT('Ctrl Pts',(17.3990863772394,88.67994711482,11.4354011727028));
#5025=CARTESIAN_POINT('Ctrl Pts',(17.3994963994126,88.6372094188359,11.4221503060831));
#5026=CARTESIAN_POINT('Ctrl Pts',(17.4025600952751,88.5949624219981,11.4077539986038));
#5027=CARTESIAN_POINT('Ctrl Pts',(17.4082641294495,88.5534855779231,11.3923045060614));
#5028=CARTESIAN_POINT('Ctrl Pts',(17.4138851482094,88.5126123798464,11.3770798624571));
#5029=CARTESIAN_POINT('Ctrl Pts',(17.4220702658864,88.4724860821712,11.3608320178427));
#5030=CARTESIAN_POINT('Ctrl Pts',(17.4328526712741,88.4333859298841,11.3436333369429));
#5031=CARTESIAN_POINT('Ctrl Pts',(17.4349057530017,88.4259408556801,11.3403585298637));
#5032=CARTESIAN_POINT('Ctrl Pts',(17.4370531367223,88.4185330455265,11.3370492133644));
#5033=CARTESIAN_POINT('Ctrl Pts',(17.4392952421865,88.4111645229649,11.3337058407859));
#5034=CARTESIAN_POINT('Ctrl Pts',(17.4392952421865,88.4111645229649,11.3337058407859));
#5035=CARTESIAN_POINT('Ctrl Pts',(16.5307283604404,89.209792477276,9.33654374756305));
#5036=CARTESIAN_POINT('Ctrl Pts',(14.6533866865879,90.5951228576751,5.26994460011563));
#5037=CARTESIAN_POINT('Ctrl Pts',(11.2644787885114,92.7483047243925,-1.89501531381368));
#5038=CARTESIAN_POINT('Ctrl Pts',(8.78666462079662,94.154823202773,-7.03457748363759));
#5039=CARTESIAN_POINT('Ctrl Pts',(7.2911460054915,94.9761841844264,-10.1202241788741));
#5040=CARTESIAN_POINT('Ctrl Pts',(7.12534297380788,95.8627951200518,-9.79419469853915));
#5041=CARTESIAN_POINT('Ctrl Pts',(8.64633654249322,95.0263672949451,-6.71936761704388));
#5042=CARTESIAN_POINT('Ctrl Pts',(11.1694100532321,93.5810984458234,-1.60095834339213));
#5043=CARTESIAN_POINT('Ctrl Pts',(14.6153261743193,91.3184670512293,5.51013131194797));
#5044=CARTESIAN_POINT('Ctrl Pts',(16.519081515368,89.8290268762563,9.53590633074915));
#5045=CARTESIAN_POINT('Ctrl Pts',(17.4342712884875,88.9609151463486,11.5040384556792));
#5046=CARTESIAN_POINT('Origin',(26.1250165034453,87.5136936011939,6.82477179840916));
#5047=CARTESIAN_POINT('',(17.8793559900244,90.3042253481717,11.697249520269));
#5048=CARTESIAN_POINT('',(17.8793559900244,90.3042253481717,11.697249520269));
#5049=CARTESIAN_POINT('Origin',(26.1250165034453,87.5136936011939,6.82477179840917));
#5050=CARTESIAN_POINT('Origin',(16.9615554123718,84.8275717344477,10.472278973857));
#5051=CARTESIAN_POINT('',(17.9550879670713,82.3144413332017,9.22040688076602));
#5052=CARTESIAN_POINT('',(17.1581294435371,87.5136936011939,11.1967233464423));
#5053=CARTESIAN_POINT('Origin',(26.1250165034453,87.5136936011939,6.82477179840917));
#5054=CARTESIAN_POINT('Origin',(4.05778838562329,82.2348698042746,15.9719616664157));
#5055=CARTESIAN_POINT('Origin',(26.1250165034453,87.5136936011939,6.82477179840917));
#5056=CARTESIAN_POINT('Origin',(6.78160351822171,84.4737882080739,-17.7445920831475));
#5057=CARTESIAN_POINT('',(5.50889521195531,95.2264403140597,-17.1240624598121));
#5058=CARTESIAN_POINT('',(5.55924766515861,92.6181286359792,-17.1486126168798));
#5059=CARTESIAN_POINT('Origin',(11.,112.298978753971,-19.8013398603317));
#5060=CARTESIAN_POINT('',(7.36494984722318,92.4628904588599,-18.0290120684867));
#5061=CARTESIAN_POINT('Origin',(-5.73984162482916,83.729858891189,-11.6395579602649));
#5062=CARTESIAN_POINT('',(8.47274556035098,92.3676520586217,-18.5691358762871));
#5063=CARTESIAN_POINT('Ctrl Pts',(9.16793474370522,80.0213257677866,-18.9080866633368));
#5064=CARTESIAN_POINT('Ctrl Pts',(12.0969858181606,80.785697622925,-9.53192214863583));
#5065=CARTESIAN_POINT('Ctrl Pts',(15.0260368926159,81.5500694780633,-0.155757633934903));
#5066=CARTESIAN_POINT('Ctrl Pts',(17.9550879670713,82.3144413332017,9.22040688076602));
#5067=CARTESIAN_POINT('Ctrl Pts',(9.66645476918327,82.5016932189455,-19.1511482054921));
#5068=CARTESIAN_POINT('Ctrl Pts',(12.4777549415562,82.8617389510953,-9.58878464025163));
#5069=CARTESIAN_POINT('Ctrl Pts',(15.2896997418914,83.2196959671423,-0.026701310725733));
#5070=CARTESIAN_POINT('Ctrl Pts',(18.1009999142643,83.5797416992921,9.53566225451476));
#5071=CARTESIAN_POINT('Ctrl Pts',(9.64698990725256,88.5867782792715,-19.1416577956451));
#5072=CARTESIAN_POINT('Ctrl Pts',(12.4617359934082,87.9015816893388,-9.28062577792292));
#5073=CARTESIAN_POINT('Ctrl Pts',(15.2745158643649,87.2154855407543,0.581390667884455));
#5074=CARTESIAN_POINT('Ctrl Pts',(18.0892619505205,86.5302889508215,10.4424226856067));
#5075=CARTESIAN_POINT('Ctrl Pts',(6.84599093126061,93.9402327516028,-17.7759852130295));
#5076=CARTESIAN_POINT('Ctrl Pts',(10.3127551221118,92.3759845052346,-7.9556735878377));
#5077=CARTESIAN_POINT('Ctrl Pts',(13.7866710947388,90.8170169991047,1.86102215198193));
#5078=CARTESIAN_POINT('Ctrl Pts',(17.2534352855899,89.2527687527365,11.6813337771737));
#5079=CARTESIAN_POINT('Ctrl Pts',(4.60463941365117,96.2350631750171,-16.6831778461439));
#5080=CARTESIAN_POINT('Ctrl Pts',(8.58085834858847,94.3718336209245,-6.96954426706594));
#5081=CARTESIAN_POINT('Ctrl Pts',(12.5570772835258,92.508604066832,2.744089312012));
#5082=CARTESIAN_POINT('Ctrl Pts',(16.5332962184631,90.6453745127395,12.45772289109));
#5083=CARTESIAN_POINT('',(9.71192401608258,86.0752234504376,-17.9150791007001));
#5084=CARTESIAN_POINT('Ctrl Pts',(9.71192401608259,86.0752234504376,-17.9150791007002));
#5085=CARTESIAN_POINT('Ctrl Pts',(11.0555204233749,85.1602159969048,-13.7750808363415));
#5086=CARTESIAN_POINT('Ctrl Pts',(12.3283611730709,84.3513817785497,-9.62371978018032));
#5087=CARTESIAN_POINT('Ctrl Pts',(15.3685947894498,82.7904731752484,0.561337644240437));
#5088=CARTESIAN_POINT('Ctrl Pts',(16.788676009512,82.404419365599,5.43782583786951));
#5089=CARTESIAN_POINT('Ctrl Pts',(17.9550879670713,82.3144413332017,9.22040688076602));
#5090=CARTESIAN_POINT('',(7.81328889965575,93.0201700235172,-14.8685226050015));
#5091=CARTESIAN_POINT('Ctrl Pts',(7.80933923436423,93.0173151533795,-14.8665985623392));
#5092=CARTESIAN_POINT('Ctrl Pts',(7.9665973889302,92.7290939063468,-15.0312194832132));
#5093=CARTESIAN_POINT('Ctrl Pts',(8.11471825168698,92.4345621356582,-15.193338287166));
#5094=CARTESIAN_POINT('Ctrl Pts',(8.25356792284222,92.134219790608,-15.3527419935775));
#5095=CARTESIAN_POINT('Ctrl Pts',(8.39373808077361,91.8310211327437,-15.5136616595489));
#5096=CARTESIAN_POINT('Ctrl Pts',(8.52446005325142,91.5219003828333,-15.6718144258656));
#5097=CARTESIAN_POINT('Ctrl Pts',(8.6455563866838,91.2073403270213,-15.8269643496177));
#5098=CARTESIAN_POINT('Ctrl Pts',(8.7675806563599,90.8903698623361,-15.9833031552572));
#5099=CARTESIAN_POINT('Ctrl Pts',(8.87983138842662,90.5678759300227,-16.1365930080764));
#5100=CARTESIAN_POINT('Ctrl Pts',(8.98208410648864,90.2403278472034,-16.2865741984911));
#5101=CARTESIAN_POINT('Ctrl Pts',(9.02231869510766,90.1114436217769,-16.3455890746851));
#5102=CARTESIAN_POINT('Ctrl Pts',(9.06100483108314,89.9817766444884,-16.4040914718855));
#5103=CARTESIAN_POINT('Ctrl Pts',(9.09812694111811,89.85135472096,-16.4620647547));
#5104=CARTESIAN_POINT('Ctrl Pts',(9.19288536320622,89.5184378779356,-16.6100481747585));
#5105=CARTESIAN_POINT('Ctrl Pts',(9.27722997587049,89.1813967375439,-16.7542329995883));
#5106=CARTESIAN_POINT('Ctrl Pts',(9.35102318807385,88.8407352288995,-16.8943769688917));
#5107=CARTESIAN_POINT('Ctrl Pts',(9.42570583978002,88.4959676813142,-17.0362101122891));
#5108=CARTESIAN_POINT('Ctrl Pts',(9.4895813870118,88.1474914735108,-17.1739044917098));
#5109=CARTESIAN_POINT('Ctrl Pts',(9.54246413421123,87.7958029940664,-17.3071918360602));
#5110=CARTESIAN_POINT('Ctrl Pts',(9.55692808481787,87.6996127417631,-17.343647233468));
#5111=CARTESIAN_POINT('Ctrl Pts',(9.57056943547521,87.6031820625898,-17.3797728489082));
#5112=CARTESIAN_POINT('Ctrl Pts',(9.5833838068325,87.5065208547983,-17.4155629601391));
#5113=CARTESIAN_POINT('Ctrl Pts',(9.62954654875654,87.1583066299305,-17.5444939566052));
#5114=CARTESIAN_POINT('Ctrl Pts',(9.66498091903494,86.8071017686223,-17.6690724920778));
#5115=CARTESIAN_POINT('Ctrl Pts',(9.68980399012006,86.4534805703781,-17.7891900975084));
#5116=CARTESIAN_POINT('Ctrl Pts',(9.69860135695918,86.3281562141622,-17.8317601177603));
#5117=CARTESIAN_POINT('Ctrl Pts',(9.70606549686068,86.2025282474011,-17.873769660967));
#5118=CARTESIAN_POINT('Ctrl Pts',(9.71220020994802,86.0766219229909,-17.9152133189998));
#5119=CARTESIAN_POINT('Ctrl Pts',(7.36015502298723,92.4594856112294,-18.0266742739878));
#5120=CARTESIAN_POINT('Ctrl Pts',(7.47280672466096,92.589120664476,-17.2917580691594));
#5121=CARTESIAN_POINT('Ctrl Pts',(7.58062431676962,92.7194502539574,-16.5532682681051));
#5122=CARTESIAN_POINT('Ctrl Pts',(7.68242179777742,92.8500463966681,-15.8136731410172));
#5123=CARTESIAN_POINT('Ctrl Pts',(7.72585464103224,92.9057664571242,-15.4981179926107));
#5124=CARTESIAN_POINT('Ctrl Pts',(7.76819147457835,92.9615344631167,-15.182361988268));
#5125=CARTESIAN_POINT('Ctrl Pts',(7.80933923433988,93.017315153405,-14.8665985623661));
#5126=CARTESIAN_POINT('',(5.49919241566538,95.3139632893673,-16.806137009098));
#5127=CARTESIAN_POINT('Ctrl Pts',(5.49915355702579,95.3139339295982,-16.8061180534983));
#5128=CARTESIAN_POINT('Ctrl Pts',(5.49909062957167,95.2884418733028,-16.9128937717847));
#5129=CARTESIAN_POINT('Ctrl Pts',(5.5022977881477,95.2592769654605,-17.0189320497906));
#5130=CARTESIAN_POINT('Ctrl Pts',(5.50875104260593,95.226331696764,-17.1239921677022));
#5131=CARTESIAN_POINT('Ctrl Pts',(5.61989462295683,95.4505558899891,-15.6686224488399));
#5132=CARTESIAN_POINT('Ctrl Pts',(5.59256152521175,95.4495020046388,-15.79880252454));
#5133=CARTESIAN_POINT('Ctrl Pts',(5.56965881620988,95.443620809347,-15.9299038017609));
#5134=CARTESIAN_POINT('Ctrl Pts',(5.55140935585527,95.432608614476,-16.0615481083805));
#5135=CARTESIAN_POINT('Ctrl Pts',(5.54991115488811,95.431704561387,-16.0723555308284));
#5136=CARTESIAN_POINT('Ctrl Pts',(5.54844429393411,95.4307659096592,-16.0831666033462));
#5137=CARTESIAN_POINT('Ctrl Pts',(5.54700888457486,95.4297924819937,-16.0939811113601));
#5138=CARTESIAN_POINT('Ctrl Pts',(5.52903353753839,95.4176024401843,-16.229409052753));
#5139=CARTESIAN_POINT('Ctrl Pts',(5.51611286316702,95.4000467112718,-16.3644575631207));
#5140=CARTESIAN_POINT('Ctrl Pts',(5.50826617029603,95.3769551005171,-16.4987026102577));
#5141=CARTESIAN_POINT('Ctrl Pts',(5.50224509188492,95.3592359924447,-16.6017141551727));
#5142=CARTESIAN_POINT('Ctrl Pts',(5.49921073973241,95.3382568363818,-16.7042522521021));
#5143=CARTESIAN_POINT('Ctrl Pts',(5.4991535570258,95.3139339295982,-16.8061180534983));
#5144=CARTESIAN_POINT('Origin',(11.,122.302168396001,-21.5651720873652));
#5145=CARTESIAN_POINT('',(5.5,122.302168396001,-21.5651720873652));
#5146=CARTESIAN_POINT('Origin',(11.,122.302168396001,-21.5651720873652));
#5147=CARTESIAN_POINT('',(5.5,122.302168396001,-21.5651720873652));
#5148=CARTESIAN_POINT('',(11.5220204581802,91.8071823840748,-21.7477173519923));
#5149=CARTESIAN_POINT('Origin',(11.,92.7579358056352,-16.3557267573573));
#5150=CARTESIAN_POINT('',(9.42010894836117,117.448123839706,-26.0587447985219));
#5151=CARTESIAN_POINT('Origin',(11.,129.409480861041,-22.8183830352773));
#5152=CARTESIAN_POINT('Origin',(11.,118.362937383953,-20.8705793766975));
#5153=CARTESIAN_POINT('Origin',(11.,92.7579358056352,-16.3557267573573));
#5154=CARTESIAN_POINT('',(13.4578809238093,92.5072809390276,-17.7772611453478));
#5155=CARTESIAN_POINT('',(10.0408441128658,92.817765890665,-16.0164134838618));
#5156=CARTESIAN_POINT('',(21.4125456302289,95.3840633130551,-1.46221756852892));
#5157=CARTESIAN_POINT('Origin',(26.1250165034453,87.5136936011939,6.82477179840916));
#5158=CARTESIAN_POINT('',(34.1547634765186,92.9923618660857,4.58281250458004));
#5159=CARTESIAN_POINT('Origin',(26.1250165034453,87.5136936011939,6.82477179840917));
#5160=CARTESIAN_POINT('',(33.3489290163736,93.4970841002301,2.93004336619538));
#5161=CARTESIAN_POINT('',(34.1547634765186,92.9923618660857,4.58281250458004));
#5162=CARTESIAN_POINT('',(21.0459906421042,80.0288617593121,-2.21402305942886));
#5163=CARTESIAN_POINT('Origin',(22.9207458737395,89.520640078436,0.252802157327822));
#5164=CARTESIAN_POINT('',(19.1767506455246,81.1996319781184,-6.04784046409192));
#5165=CARTESIAN_POINT('',(24.4269367360298,77.9112572754572,4.72030854209751));
#5166=CARTESIAN_POINT('',(18.5398359092775,81.5985538963748,-7.35415469103897));
#5167=CARTESIAN_POINT('',(24.4269367360298,77.9112572754572,4.72030854209751));
#5168=CARTESIAN_POINT('',(12.5936254072903,85.3228729689491,-19.5498520632448));
#5169=CARTESIAN_POINT('',(24.4269367360298,77.9112572754572,4.72030854209751));
#5170=CARTESIAN_POINT('Origin',(14.2917051747057,94.9253092946858,-17.4453888069331));
#5171=CARTESIAN_POINT('Origin',(8.11952779030267,130.,-3.38670189351773));
#5172=CARTESIAN_POINT('',(6.81952779030267,130.,-3.38670189351773));
#5173=CARTESIAN_POINT('Origin',(8.11952779030267,130.,-3.38670189351773));
#5174=CARTESIAN_POINT('',(6.81952779030267,130.,-3.38670189351773));
#5175=CARTESIAN_POINT('Origin',(16.7928891479732,130.,0.));
#5176=CARTESIAN_POINT('',(15.4928891479732,130.,-4.82430547068542E-17));
#5177=CARTESIAN_POINT('Origin',(16.7928891479732,130.,0.));
#5178=CARTESIAN_POINT('',(15.4928891479732,130.,-4.82430547068542E-17));
#5179=CARTESIAN_POINT('Ctrl Pts',(11.5022561399801,29.5172696248064,-61.2342819551898));
#5180=CARTESIAN_POINT('Ctrl Pts',(11.7154788149036,31.5338231576976,-61.1032466932381));
#5181=CARTESIAN_POINT('Ctrl Pts',(12.0704272907979,34.8903462522637,-60.8846095318413));
#5182=CARTESIAN_POINT('Ctrl Pts',(12.4920832899297,38.8770726036009,-60.6241201754973));
#5183=CARTESIAN_POINT('Ctrl Pts',(12.732184787127,41.1470399066757,-60.4755718581648));
#5184=CARTESIAN_POINT('Ctrl Pts',(12.8452596126153,42.2160354109253,-60.4055679739267));
#5185=CARTESIAN_POINT('Ctrl Pts',(12.9012635318091,42.7454816704369,-60.3708863876693));
#5186=CARTESIAN_POINT('Ctrl Pts',(12.9189914193707,42.9130750056577,-60.3599062302447));
#5187=CARTESIAN_POINT('Ctrl Pts',(12.9189902971985,42.9130787344033,-60.3599053152663));
#5188=CARTESIAN_POINT('Ctrl Pts',(12.1046104888204,29.7313684846102,-62.227180108475));
#5189=CARTESIAN_POINT('Ctrl Pts',(12.3469322814149,31.7285612098377,-61.9735256278783));
#5190=CARTESIAN_POINT('Ctrl Pts',(12.7106617581167,35.0584510163889,-61.5407753141053));
#5191=CARTESIAN_POINT('Ctrl Pts',(13.0326688613962,39.02476569894,-60.9921610199415));
#5192=CARTESIAN_POINT('Ctrl Pts',(13.1292576723641,41.2914000271377,-60.6613302330312));
#5193=CARTESIAN_POINT('Ctrl Pts',(13.1138273263847,42.3641679803507,-60.4926750027934));
#5194=CARTESIAN_POINT('Ctrl Pts',(13.0563136893711,42.8997931713213,-60.3991389176953));
#5195=CARTESIAN_POINT('Ctrl Pts',(12.9854235133428,43.0738462009838,-60.3589585182146));
#5196=CARTESIAN_POINT('Ctrl Pts',(12.9364384999086,43.0780138253302,-60.3491001690192));
#5197=CARTESIAN_POINT('Ctrl Pts',(13.8113888175854,30.0104331546416,-63.5792319322617));
#5198=CARTESIAN_POINT('Ctrl Pts',(13.9667217222301,31.9904595013381,-63.1300599283759));
#5199=CARTESIAN_POINT('Ctrl Pts',(14.1474626596476,35.2983097715027,-62.3760174796362));
#5200=CARTESIAN_POINT('Ctrl Pts',(14.1047955551032,39.2578913069885,-61.4519646373078));
#5201=CARTESIAN_POINT('Ctrl Pts',(13.8709292125136,41.5328675837168,-60.8915688174324));
#5202=CARTESIAN_POINT('Ctrl Pts',(13.6014189580162,42.6184626431087,-60.5979674960966));
#5203=CARTESIAN_POINT('Ctrl Pts',(13.3337760379078,43.1677315771632,-60.4262393098856));
#5204=CARTESIAN_POINT('Ctrl Pts',(13.1049338615224,43.353923087948,-60.3431355641705));
#5205=CARTESIAN_POINT('Ctrl Pts',(12.969724780885,43.3654346250033,-60.3159890859098));
#5206=CARTESIAN_POINT('Ctrl Pts',(15.9503971201118,30.009980456281,-63.7115210028773));
#5207=CARTESIAN_POINT('Ctrl Pts',(15.9278059529778,32.0223681555055,-63.2493018144156));
#5208=CARTESIAN_POINT('Ctrl Pts',(15.7933507572649,35.3844683919872,-62.4823400109643));
#5209=CARTESIAN_POINT('Ctrl Pts',(15.2709711820007,39.4148919372775,-61.5345074493185));
#5210=CARTESIAN_POINT('Ctrl Pts',(14.6524691154527,41.739312730031,-60.9434084555909));
#5211=CARTESIAN_POINT('Ctrl Pts',(14.106833978147,42.8562243343027,-60.6176778096362));
#5212=CARTESIAN_POINT('Ctrl Pts',(13.6189317261029,43.4281517169536,-60.4139057274818));
#5213=CARTESIAN_POINT('Ctrl Pts',(13.2290977388225,43.629328576314,-60.3026687161932));
#5214=CARTESIAN_POINT('Ctrl Pts',(13.0075401496544,43.6482195942266,-60.2583199414054));
#5215=CARTESIAN_POINT('Ctrl Pts',(16.8175358009473,29.9590197805196,-63.5386376030821));
#5216=CARTESIAN_POINT('Ctrl Pts',(16.7325946567008,31.9925387481885,-63.1069026163765));
#5217=CARTESIAN_POINT('Ctrl Pts',(16.4820317573498,35.3896424160212,-62.3912614338493));
#5218=CARTESIAN_POINT('Ctrl Pts',(15.7683834365245,39.4651992172396,-61.4999204355738));
#5219=CARTESIAN_POINT('Ctrl Pts',(14.9885520568337,41.8195005474324,-60.932592509621));
#5220=CARTESIAN_POINT('Ctrl Pts',(14.3247974521313,42.9540842908052,-60.6104187258056));
#5221=CARTESIAN_POINT('Ctrl Pts',(13.7421059537137,43.5378729062022,-60.4014389160343));
#5222=CARTESIAN_POINT('Ctrl Pts',(13.2830162359193,43.746170205963,-60.280849698996));
#5223=CARTESIAN_POINT('Ctrl Pts',(13.0245330011541,43.7682230346655,-60.2291645936832));
#5224=CARTESIAN_POINT('',(13.9709705698675,43.2661301067787,-60.4938037700283));
#5225=CARTESIAN_POINT('',(12.9189914193707,42.9130750056577,-60.3599062302447));
#5226=CARTESIAN_POINT('Ctrl Pts',(13.9709705698675,43.2661301067787,-60.4938037700283));
#5227=CARTESIAN_POINT('Ctrl Pts',(13.8662549911359,43.2738030398676,-60.4807194659653));
#5228=CARTESIAN_POINT('Ctrl Pts',(13.7676217214761,43.2741044973708,-60.4677894012073));
#5229=CARTESIAN_POINT('Ctrl Pts',(13.6756928198917,43.268101542558,-60.4554320096349));
#5230=CARTESIAN_POINT('Ctrl Pts',(13.584841201307,43.2621689342962,-60.44321943006));
#5231=CARTESIAN_POINT('Ctrl Pts',(13.500537072175,43.2500791216776,-60.4315671330091));
#5232=CARTESIAN_POINT('Ctrl Pts',(13.4233390493832,43.2328603591404,-60.4208515952603));
#5233=CARTESIAN_POINT('Ctrl Pts',(13.3834830502498,43.2239706109325,-60.4153193491251));
#5234=CARTESIAN_POINT('Ctrl Pts',(13.3455205430133,43.213713695372,-60.4100362575475));
#5235=CARTESIAN_POINT('Ctrl Pts',(13.3095248879422,43.2022305058594,-60.4050499486072));
#5236=CARTESIAN_POINT('Ctrl Pts',(13.2523248055138,43.1839827649762,-60.3971262899925));
#5237=CARTESIAN_POINT('Ctrl Pts',(13.2012045163203,43.1629814779746,-60.3901108835322));
#5238=CARTESIAN_POINT('Ctrl Pts',(13.1561729866578,43.1402066491812,-60.3841198795188));
#5239=CARTESIAN_POINT('Ctrl Pts',(13.1167299034642,43.1202581936534,-60.3788723635787));
#5240=CARTESIAN_POINT('Ctrl Pts',(13.0819577793651,43.0989489143368,-60.3744099434387));
#5241=CARTESIAN_POINT('Ctrl Pts',(13.0518597655145,43.076929857004,-60.3707788440225));
#5242=CARTESIAN_POINT('Ctrl Pts',(13.0242982320364,43.0567664339673,-60.3674537519212));
#5243=CARTESIAN_POINT('Ctrl Pts',(12.9975963146212,43.0337682026553,-60.3644500469701));
#5244=CARTESIAN_POINT('Ctrl Pts',(12.9747218618842,43.0083773432405,-60.3623197151585));
#5245=CARTESIAN_POINT('Ctrl Pts',(12.9720873053339,43.0054529604911,-60.3620743549878));
#5246=CARTESIAN_POINT('Ctrl Pts',(12.9695034943929,43.002496853884,-60.3618406274486));
#5247=CARTESIAN_POINT('Ctrl Pts',(12.966974943059,42.9995097093711,-60.3616194080465));
#5248=CARTESIAN_POINT('Ctrl Pts',(12.9559312249,42.9864630364965,-60.3606532086678));
#5249=CARTESIAN_POINT('Ctrl Pts',(12.9455331181425,42.9723224249994,-60.3598909338468));
#5250=CARTESIAN_POINT('Ctrl Pts',(12.9369611210131,42.9576161805534,-60.3595185441109));
#5251=CARTESIAN_POINT('Ctrl Pts',(12.9328755788429,42.9506069642714,-60.3593410575875));
#5252=CARTESIAN_POINT('Ctrl Pts',(12.929074019048,42.9432389839152,-60.3592470050677));
#5253=CARTESIAN_POINT('Ctrl Pts',(12.9259248949665,42.9357990386164,-60.3592830688438));
#5254=CARTESIAN_POINT('Ctrl Pts',(12.9243789720165,42.9321467270887,-60.3593007727569));
#5255=CARTESIAN_POINT('Ctrl Pts',(12.9229444556823,42.9283666332136,-60.3593505497423));
#5256=CARTESIAN_POINT('Ctrl Pts',(12.9217446669347,42.9246037891504,-60.3594436706091));
#5257=CARTESIAN_POINT('Ctrl Pts',(12.9211460604624,42.9227264063072,-60.3594901310828));
#5258=CARTESIAN_POINT('Ctrl Pts',(12.9205888718686,42.9207990722365,-60.3595487782435));
#5259=CARTESIAN_POINT('Ctrl Pts',(12.9201165257511,42.9188941679439,-60.3596217313516));
#5260=CARTESIAN_POINT('Ctrl Pts',(12.9198788027765,42.9179354652085,-60.3596584472877));
#5261=CARTESIAN_POINT('Ctrl Pts',(12.9196560182462,42.9169556489501,-60.3596998307622));
#5262=CARTESIAN_POINT('Ctrl Pts',(12.9194639676004,42.9159905734089,-60.3597458326235));
#5263=CARTESIAN_POINT('Ctrl Pts',(12.9193024407161,42.9151788831144,-60.3597845231329));
#5264=CARTESIAN_POINT('Ctrl Pts',(12.9191499378301,42.914313288139,-60.3598295634178));
#5265=CARTESIAN_POINT('Ctrl Pts',(12.9190464247812,42.9135278244234,-60.3598771107951));
#5266=CARTESIAN_POINT('Ctrl Pts',(12.9190269870088,42.9133803293485,-60.3598860392839));
#5267=CARTESIAN_POINT('Ctrl Pts',(12.9190076341821,42.9132226657303,-60.3598958561522));
#5268=CARTESIAN_POINT('Ctrl Pts',(12.918991989915,42.9130747680756,-60.3599055454897));
#5269=CARTESIAN_POINT('',(11.553298694638,30.0000000000001,-61.2029081488619));
#5270=CARTESIAN_POINT('Ctrl Pts',(11.5533131792447,29.999990324727,-61.2028759965525));
#5271=CARTESIAN_POINT('Ctrl Pts',(11.7860073767027,32.2007181830688,-61.0598241443456));
#5272=CARTESIAN_POINT('Ctrl Pts',(12.0203171282355,34.4163588470943,-60.9154263666732));
#5273=CARTESIAN_POINT('Ctrl Pts',(12.2529328340401,36.6158019591168,-60.7718080189072));
#5274=CARTESIAN_POINT('Ctrl Pts',(12.4744935413218,38.7107171319338,-60.6350150942866));
#5275=CARTESIAN_POINT('Ctrl Pts',(12.6972885799989,40.8171368349873,-60.4972184032307));
#5276=CARTESIAN_POINT('Ctrl Pts',(12.9189919893858,42.9130747681234,-60.3599055453842));
#5277=CARTESIAN_POINT('',(16.6760177462958,30.,-63.5574402982527));
#5278=CARTESIAN_POINT('Ctrl Pts',(11.5533010683288,30.0000224740088,-61.2029067212579));
#5279=CARTESIAN_POINT('Ctrl Pts',(11.6278450086985,30.0000095629438,-61.327048537953));
#5280=CARTESIAN_POINT('Ctrl Pts',(11.7076511493049,29.9999566360416,-61.4475881848649));
#5281=CARTESIAN_POINT('Ctrl Pts',(11.792364244212,29.9998885193676,-61.5643338619789));
#5282=CARTESIAN_POINT('Ctrl Pts',(11.8788209149606,29.9998190007075,-61.6834824136714));
#5283=CARTESIAN_POINT('Ctrl Pts',(11.9703890910607,29.9997337659658,-61.7986796963613));
#5284=CARTESIAN_POINT('Ctrl Pts',(12.0667337586309,29.9996540952203,-61.9096887984224));
#5285=CARTESIAN_POINT('Ctrl Pts',(12.1634062653769,29.9995741533732,-62.0210756394228));
#5286=CARTESIAN_POINT('Ctrl Pts',(12.2648884486832,29.9994999067661,-62.1282461639495));
#5287=CARTESIAN_POINT('Ctrl Pts',(12.3708757875483,29.9994462739827,-62.230921438015));
#5288=CARTESIAN_POINT('Ctrl Pts',(12.4760574970119,29.9993930488721,-62.3328162582974));
#5289=CARTESIAN_POINT('Ctrl Pts',(12.5856767907153,29.9993602010872,-62.4302842385351));
#5290=CARTESIAN_POINT('Ctrl Pts',(12.6994597459267,29.9993545999141,-62.5230083592799));
#5291=CARTESIAN_POINT('Ctrl Pts',(12.7630286041654,29.9993514706213,-62.5748119574196));
#5292=CARTESIAN_POINT('Ctrl Pts',(12.8278974323676,29.9993567010265,-62.625134034273));
#5293=CARTESIAN_POINT('Ctrl Pts',(12.8940205705381,29.9993702964894,-62.6739126139709));
#5294=CARTESIAN_POINT('Ctrl Pts',(13.0138558351285,29.9993949356089,-62.7623142562127));
#5295=CARTESIAN_POINT('Ctrl Pts',(13.1372476321152,29.9994487107365,-62.8452343235063));
#5296=CARTESIAN_POINT('Ctrl Pts',(13.2638465880753,29.9995198384072,-62.9224258276805));
#5297=CARTESIAN_POINT('Ctrl Pts',(13.3901651499502,29.9995908085428,-62.9994463664543));
#5298=CARTESIAN_POINT('Ctrl Pts',(13.5196773544757,29.9996791571655,-63.0707641248024));
#5299=CARTESIAN_POINT('Ctrl Pts',(13.652065580111,29.9997653444837,-63.1360919867821));
#5300=CARTESIAN_POINT('Ctrl Pts',(13.7824586014043,29.9998502328849,-63.2004353017354));
#5301=CARTESIAN_POINT('Ctrl Pts',(13.9156422891451,29.9999330983279,-63.258968211672));
#5302=CARTESIAN_POINT('Ctrl Pts',(14.0513316360865,29.999986385046,-63.3113704810828));
#5303=CARTESIAN_POINT('Ctrl Pts',(14.1001253547427,30.0000055468829,-63.3302142713156));
#5304=CARTESIAN_POINT('Ctrl Pts',(14.1492432096135,30.0000207942038,-63.3482648428189));
#5305=CARTESIAN_POINT('Ctrl Pts',(14.1986722875713,30.000030531048,-63.3655057057331));
#5306=CARTESIAN_POINT('Ctrl Pts',(14.3377960305122,30.0000579364995,-63.4140320687418));
#5307=CARTESIAN_POINT('Ctrl Pts',(14.4793855583084,30.0000423909583,-63.4561475435322));
#5308=CARTESIAN_POINT('Ctrl Pts',(14.6230095147735,30.0000156083683,-63.4917710853901));
#5309=CARTESIAN_POINT('Ctrl Pts',(14.6323836361352,30.0000138603086,-63.4940961808193));
#5310=CARTESIAN_POINT('Ctrl Pts',(14.641766422462,30.0000120608943,-63.4963936027018));
#5311=CARTESIAN_POINT('Ctrl Pts',(14.6511577528989,30.0000102174807,-63.4986633209318));
#5312=CARTESIAN_POINT('Ctrl Pts',(14.7946855049164,29.9999820445815,-63.5333514364699));
#5313=CARTESIAN_POINT('Ctrl Pts',(14.9396451263059,29.99994328598,-63.5614372366559));
#5314=CARTESIAN_POINT('Ctrl Pts',(15.085577891368,29.9999123365395,-63.5829425383851));
#5315=CARTESIAN_POINT('Ctrl Pts',(15.2322143371662,29.9998812378622,-63.6045515376393));
#5316=CARTESIAN_POINT('Ctrl Pts',(15.3798341610028,29.9998580496757,-63.6195165137463));
#5317=CARTESIAN_POINT('Ctrl Pts',(15.5279810364091,29.9998505195312,-63.6278092962317));
#5318=CARTESIAN_POINT('Ctrl Pts',(15.5959665730075,29.9998470639003,-63.631614906479));
#5319=CARTESIAN_POINT('Ctrl Pts',(15.6640631526435,29.9998467526249,-63.6340146828788));
#5320=CARTESIAN_POINT('Ctrl Pts',(15.7322265693516,29.9998495490927,-63.635002307687));
#5321=CARTESIAN_POINT('Ctrl Pts',(15.8809939357192,29.9998556524128,-63.6371578091094));
#5322=CARTESIAN_POINT('Ctrl Pts',(16.0296479624215,29.9998768198769,-63.6325838804005));
#5323=CARTESIAN_POINT('Ctrl Pts',(16.1777279441073,29.9999043722739,-63.6212948168417));
#5324=CARTESIAN_POINT('Ctrl Pts',(16.3254366750039,29.9999318555945,-63.6100340560536));
#5325=CARTESIAN_POINT('Ctrl Pts',(16.4725750781218,29.9999657027481,-63.5920918155569));
#5326=CARTESIAN_POINT('Ctrl Pts',(16.6186874654325,29.9999853934884,-63.5674321887675));
#5327=CARTESIAN_POINT('Ctrl Pts',(16.6378104043783,29.9999879705788,-63.5642047790578));
#5328=CARTESIAN_POINT('Ctrl Pts',(16.6569157602839,29.9999902883068,-63.5608622356331));
#5329=CARTESIAN_POINT('Ctrl Pts',(16.6760025017328,29.9999922853813,-63.5574044139492));
#5330=CARTESIAN_POINT('',(16.434909350286,35.0605548386964,-62.4550800814544));
#5331=CARTESIAN_POINT('Ctrl Pts',(16.4349093503764,35.0605547959072,-62.4550800900622));
#5332=CARTESIAN_POINT('Ctrl Pts',(16.4305027655223,35.0239236113304,-62.4641180101474));
#5333=CARTESIAN_POINT('Ctrl Pts',(16.4298184530033,34.9673563227717,-62.477204099536));
#5334=CARTESIAN_POINT('Ctrl Pts',(16.4307416612286,34.7415952434065,-62.5288887882636));
#5335=CARTESIAN_POINT('Ctrl Pts',(16.4468184053276,34.435420762643,-62.5967788518124));
#5336=CARTESIAN_POINT('Ctrl Pts',(16.516829283003,33.2246468828163,-62.8626827669096));
#5337=CARTESIAN_POINT('Ctrl Pts',(16.6111826468175,31.8136457239808,-63.1672295036544));
#5338=CARTESIAN_POINT('Ctrl Pts',(16.6760177462959,30.,-63.5574402982526));
#5339=CARTESIAN_POINT('',(14.0099453253854,43.2626554135291,-60.4987234380302));
#5340=CARTESIAN_POINT('Ctrl Pts',(16.4338661677676,35.0603981519732,-62.4549099606934));
#5341=CARTESIAN_POINT('Ctrl Pts',(16.3951150592303,35.3965158989011,-62.382956764555));
#5342=CARTESIAN_POINT('Ctrl Pts',(16.1840589258299,37.0913281968755,-62.0190957699566));
#5343=CARTESIAN_POINT('Ctrl Pts',(15.7683834365245,39.4651992172396,-61.4999204355738));
#5344=CARTESIAN_POINT('Ctrl Pts',(14.9885520568337,41.8195005474324,-60.932592509621));
#5345=CARTESIAN_POINT('Ctrl Pts',(14.3840836016189,42.8527439747619,-60.639195088294));
#5346=CARTESIAN_POINT('Ctrl Pts',(14.0633123888773,43.2073203656929,-60.5182041596812));
#5347=CARTESIAN_POINT('Ctrl Pts',(14.0089953478614,43.2617041233815,-60.4987165226758));
#5348=CARTESIAN_POINT('Ctrl Pts',(14.0099453176814,43.2626554175224,-60.4987234362236));
#5349=CARTESIAN_POINT('Ctrl Pts',(13.9968723867211,43.2638293967525,-60.4971077182745));
#5350=CARTESIAN_POINT('Ctrl Pts',(13.9838812721745,43.2649874448234,-60.4954673213886));
#5351=CARTESIAN_POINT('Ctrl Pts',(13.9709705698675,43.2661301067787,-60.4938037700283));
#5352=CARTESIAN_POINT('Ctrl Pts',(14.009945324134,43.2626554169429,-60.4987234370211));
#5353=CARTESIAN_POINT('Ctrl Pts',(15.6966286863872,43.1111873763478,-60.7071850728412));
#5354=CARTESIAN_POINT('Ctrl Pts',(17.3738198127994,42.8655565350038,-60.5293716316189));
#5355=CARTESIAN_POINT('Ctrl Pts',(13.0710348666066,35.4576537185819,-62.4244318854145));
#5356=CARTESIAN_POINT('Ctrl Pts',(14.7577182288599,35.3061856779868,-62.6328935212346));
#5357=CARTESIAN_POINT('Ctrl Pts',(16.4349093552721,35.0605548366428,-62.4550800800123));
#5358=CARTESIAN_POINT('',(17.3738198127994,42.8655565350038,-60.5293716316189));
#5359=CARTESIAN_POINT('',(17.3738198127994,42.8655565350038,-60.5293716316189));
#5360=CARTESIAN_POINT('Origin',(15.4372429732008,40.5380859873004,-50.1517966457031));
#5361=CARTESIAN_POINT('Ctrl Pts',(17.3738198127994,42.8655565350038,-60.5293716316189));
#5362=CARTESIAN_POINT('Ctrl Pts',(17.8742151060469,42.7919711658025,-60.4751019637726));
#5363=CARTESIAN_POINT('Ctrl Pts',(18.3641326275451,42.7115613312145,-60.3880637564036));
#5364=CARTESIAN_POINT('Ctrl Pts',(15.8416174840198,30.1286212048213,-63.6719236668252));
#5365=CARTESIAN_POINT('Ctrl Pts',(16.3420127772673,30.05503583562,-63.6176539989789));
#5366=CARTESIAN_POINT('Ctrl Pts',(16.8319302987655,29.974626001032,-63.5306157916099));
#5367=CARTESIAN_POINT('',(16.8349826892582,30.,-63.5243553286311));
#5368=CARTESIAN_POINT('Origin',(13.0270708132552,30.,-51.8282372323721));
#5369=CARTESIAN_POINT('',(18.364132627545,42.7115613312145,-60.3880637564036));
#5370=CARTESIAN_POINT('',(18.364132627545,42.7115613312145,-60.3880637564036));
#5371=CARTESIAN_POINT('Origin',(14.284643073468,40.4539826434806,-49.2489523745435));
#5372=CARTESIAN_POINT('Ctrl Pts',(17.7727688096068,36.4965602194152,-34.9099951802868));
#5373=CARTESIAN_POINT('Ctrl Pts',(16.5291534062687,36.1618141042784,-32.9469059558238));
#5374=CARTESIAN_POINT('Ctrl Pts',(14.5311823547692,36.0868473835357,-31.6689184708231));
#5375=CARTESIAN_POINT('Ctrl Pts',(16.9912586237415,30.,-36.5128751518122));
#5376=CARTESIAN_POINT('Ctrl Pts',(15.7476432204034,29.6652538848632,-34.5497859273492));
#5377=CARTESIAN_POINT('Ctrl Pts',(13.7496721689039,29.5902871641206,-33.2717984423485));
#5378=CARTESIAN_POINT('',(13.7989589828032,30.,-33.1707110243107));
#5379=CARTESIAN_POINT('',(16.9912586237415,30.,-36.5128751518122));
#5380=CARTESIAN_POINT('Origin',(9.78030414671394,30.,-40.196374622536));
#5381=CARTESIAN_POINT('',(14.5311823547692,36.0868473835357,-31.6689184708231));
#5382=CARTESIAN_POINT('',(14.5311823547692,36.0868473835357,-31.6689184708231));
#5383=CARTESIAN_POINT('',(17.7727688096068,36.4965602194152,-34.9099951802868));
#5384=CARTESIAN_POINT('Ctrl Pts',(17.7727688096068,36.4965602194152,-34.9099951802868));
#5385=CARTESIAN_POINT('Ctrl Pts',(16.9531981138621,36.2759788755937,-33.61637191029));
#5386=CARTESIAN_POINT('Ctrl Pts',(15.8336049205778,36.1357115455369,-32.5019848864083));
#5387=CARTESIAN_POINT('Ctrl Pts',(14.5311823547692,36.0868473835357,-31.6689184708231));
#5388=CARTESIAN_POINT('',(17.7727688096068,36.4965602194152,-34.9099951802868));
#5389=CARTESIAN_POINT('Origin',(18.4318952837544,36.9243550932989,-36.9652390360868));
#5390=CARTESIAN_POINT('',(17.5989230872082,30.,-38.6736677614312));
#5391=CARTESIAN_POINT('',(15.2239173008672,30.,-30.2283903765228));
#5392=CARTESIAN_POINT('',(18.43189528373,36.9243550932746,-36.9652390359767));
#5393=CARTESIAN_POINT('',(20.7652506821288,38.4387798926353,-44.2409509576972));
#5394=CARTESIAN_POINT('',(18.4318952837544,36.9243550932989,-36.9652390360868));
#5395=CARTESIAN_POINT('Origin',(18.364132627545,42.7115613312145,-60.3880637564036));
#5396=CARTESIAN_POINT('',(17.3385585585806,30.,-63.5151388330085));
#5397=CARTESIAN_POINT('',(57.5531700750316,30.,-62.7791270151595));
#5398=CARTESIAN_POINT('',(18.8606774000549,42.6531130285856,-60.3932680635581));
#5399=CARTESIAN_POINT('',(18.8606774000549,42.6531130285856,-60.3932680635581));
#5400=CARTESIAN_POINT('',(27.2359402141632,41.6672605482928,-60.4810495539639));
#5401=CARTESIAN_POINT('Origin',(18.8606774000549,42.6531130285856,-60.3932680635581));
#5402=CARTESIAN_POINT('',(17.6921118305414,30.,-29.7824970481661));
#5403=CARTESIAN_POINT('',(18.5509177930241,38.5145593453624,-43.4684552301992));
#5404=CARTESIAN_POINT('',(17.9302068516204,33.6625609615287,-48.199095174452));
#5405=CARTESIAN_POINT('Origin',(17.9302068516192,33.7778583689504,-49.4939721986677));
#5406=CARTESIAN_POINT('Origin',(14.5311823547692,36.0868473835357,-31.6689184708231));
#5407=CARTESIAN_POINT('',(13.686077303495,30.,-34.5797939131129));
#5408=CARTESIAN_POINT('',(15.4418942700802,30.,-12.6622280277868));
#5409=CARTESIAN_POINT('Ctrl Pts',(14.5311823547692,36.0868473835357,-31.6689184708231));
#5410=CARTESIAN_POINT('Ctrl Pts',(14.4102786250064,35.2135723986205,-32.0822628356244));
#5411=CARTESIAN_POINT('Ctrl Pts',(14.2888217430345,34.3371862136692,-32.4986564011529));
#5412=CARTESIAN_POINT('Ctrl Pts',(14.1676237553408,33.463803860041,-32.9155226014867));
#5413=CARTESIAN_POINT('Ctrl Pts',(14.1400956409647,33.2654295323625,-33.0102068504638));
#5414=CARTESIAN_POINT('Ctrl Pts',(14.1125810834066,33.0672101583569,-33.1049155285296));
#5415=CARTESIAN_POINT('Ctrl Pts',(14.0850899867181,32.8692173846481,-33.1996186028865));
#5416=CARTESIAN_POINT('Ctrl Pts',(13.991161199762,32.1927357851218,-33.5231904485703));
#5417=CARTESIAN_POINT('Ctrl Pts',(13.8968173151165,31.5139424932748,-33.8490655733566));
#5418=CARTESIAN_POINT('Ctrl Pts',(13.8025349954027,30.8364325250468,-34.1757434321162));
#5419=CARTESIAN_POINT('Ctrl Pts',(13.7636936613161,30.5573198440812,-34.3103243788866));
#5420=CARTESIAN_POINT('Ctrl Pts',(13.7248629999478,30.2784250376556,-34.4450419630286));
#5421=CARTESIAN_POINT('Ctrl Pts',(13.686077303495,30.,-34.5797939131129));
#5422=CARTESIAN_POINT('Origin',(95.5494562213289,30.,0.));
#5423=CARTESIAN_POINT('',(15.,30.,-65.8386073573896));
#5424=CARTESIAN_POINT('',(0.,30.,-50.1547692178264));
#5425=CARTESIAN_POINT('Origin',(15.,30.,-50.1547692178264));
#5426=CARTESIAN_POINT('',(18.,30.,-65.8386073573896));
#5427=CARTESIAN_POINT('',(5.46696099308217,30.,-65.8386073573896));
#5428=CARTESIAN_POINT('',(20.,30.,-63.7474289387812));
#5429=CARTESIAN_POINT('Origin',(18.,30.,-63.7474289387812));
#5430=CARTESIAN_POINT('',(20.,30.,-39.2033210318234));
#5431=CARTESIAN_POINT('',(20.,30.,-17.4607949297359));
#5432=CARTESIAN_POINT('',(12.,30.,-30.8386073573897));
#5433=CARTESIAN_POINT('Origin',(12.,30.,-39.2033210318234));
#5434=CARTESIAN_POINT('',(2.,30.,-30.8386073573897));
#5435=CARTESIAN_POINT('',(22.9669609930822,30.,-30.8386073573897));
#5436=CARTESIAN_POINT('',(0.,30.,-32.9297857759981));
#5437=CARTESIAN_POINT('Origin',(2.,30.,-32.9297857759981));
#5438=CARTESIAN_POINT('',(0.,30.,-35.9783013642037));
#5439=CARTESIAN_POINT('',(3.26324213773988,30.,-54.8623602178575));
#5440=CARTESIAN_POINT('Ctrl Pts',(11.5532986946393,30.,-61.202908148862));
#5441=CARTESIAN_POINT('Ctrl Pts',(10.1297483867441,30.,-60.8974167313401));
#5442=CARTESIAN_POINT('Ctrl Pts',(8.8331558849867,30.,-60.3535538938605));
#5443=CARTESIAN_POINT('Ctrl Pts',(6.74048111001103,30.,-59.048667695201));
#5444=CARTESIAN_POINT('Ctrl Pts',(5.90257528130218,30.,-58.3575323475209));
#5445=CARTESIAN_POINT('Ctrl Pts',(4.03426885641493,30.,-56.335542100292));
#5446=CARTESIAN_POINT('Ctrl Pts',(3.44201098935303,30.,-55.2039367994206));
#5447=CARTESIAN_POINT('Ctrl Pts',(3.26324213733479,30.,-54.8623602180695));
#5448=CARTESIAN_POINT('',(1.16988600546358,30.0000000211736,-47.4786901415607));
#5449=CARTESIAN_POINT('Ctrl Pts',(3.26324213773988,30.,-54.8623602178575));
#5450=CARTESIAN_POINT('Ctrl Pts',(3.11878356536647,30.,-54.5863491829513));
#5451=CARTESIAN_POINT('Ctrl Pts',(2.9816222928156,29.9999529790391,-54.3064989301436));
#5452=CARTESIAN_POINT('Ctrl Pts',(2.85169883385625,29.9998928505963,-54.0233016121912));
#5453=CARTESIAN_POINT('Ctrl Pts',(2.71747651280545,29.9998307326445,-53.7307339601643));
#5454=CARTESIAN_POINT('Ctrl Pts',(2.59097865793965,29.9997545867293,-53.4345938136122));
#5455=CARTESIAN_POINT('Ctrl Pts',(2.47217218707688,29.9996873230934,-53.135380963919));
#5456=CARTESIAN_POINT('Ctrl Pts',(2.35120301916129,29.9996188350219,-52.8307213844013));
#5457=CARTESIAN_POINT('Ctrl Pts',(2.23820762035264,29.9995594737536,-52.5228757941047));
#5458=CARTESIAN_POINT('Ctrl Pts',(2.13318734719953,29.9995196314165,-52.2123335659063));
#5459=CARTESIAN_POINT('Ctrl Pts',(2.02582479379206,29.9994789004708,-51.8948652756494));
#5460=CARTESIAN_POINT('Ctrl Pts',(1.92679683230719,29.9994584864424,-51.5745782676512));
#5461=CARTESIAN_POINT('Ctrl Pts',(1.83614578782697,29.9994564555207,-51.2519624845223));
#5462=CARTESIAN_POINT('Ctrl Pts',(1.82033425707957,29.9994561012834,-51.1956912148001));
#5463=CARTESIAN_POINT('Ctrl Pts',(1.80477768104631,29.9994562767509,-51.1393490274417));
#5464=CARTESIAN_POINT('Ctrl Pts',(1.78947641653387,29.9994569351983,-51.0829384389727));
#5465=CARTESIAN_POINT('Ctrl Pts',(1.69744366874925,29.9994608955722,-50.7436448167544));
#5466=CARTESIAN_POINT('Ctrl Pts',(1.61461496277507,29.99948810057,-50.4017733854576));
#5467=CARTESIAN_POINT('Ctrl Pts',(1.54111934654557,29.9995339613066,-50.0578774446013));
#5468=CARTESIAN_POINT('Ctrl Pts',(1.46745692656744,29.9995799261275,-49.7132010064173));
#5469=CARTESIAN_POINT('Ctrl Pts',(1.40316985522342,29.9996444958082,-49.3664902340506));
#5470=CARTESIAN_POINT('Ctrl Pts',(1.34843742195836,29.9997134924046,-49.0182875314726));
#5471=CARTESIAN_POINT('Ctrl Pts',(1.29407750497594,29.9997820194009,-48.6724547431965));
#5472=CARTESIAN_POINT('Ctrl Pts',(1.24914252171508,29.9998547715666,-48.325149647616));
#5473=CARTESIAN_POINT('Ctrl Pts',(1.21385844079933,29.999910532335,-47.9768984875656));
#5474=CARTESIAN_POINT('Ctrl Pts',(1.19705161334909,29.9999370928004,-47.8110163955739));
#5475=CARTESIAN_POINT('Ctrl Pts',(1.18243521794401,29.9999597037794,-47.6449196333464));
#5476=CARTESIAN_POINT('Ctrl Pts',(1.17003782528858,29.9999756224619,-47.4786652738216));
#5477=CARTESIAN_POINT('',(7.46657172408489,30.,-32.8720043328512));
#5478=CARTESIAN_POINT('',(17.7045994954889,30.,-9.12242211986024));
#5479=CARTESIAN_POINT('Ctrl Pts',(7.46657172408489,30.,-32.8720043328511));
#5480=CARTESIAN_POINT('Ctrl Pts',(8.34867726300948,30.,-32.765210244281));
#5481=CARTESIAN_POINT('Ctrl Pts',(9.24667769312814,30.,-32.7959786901831));
#5482=CARTESIAN_POINT('Ctrl Pts',(10.9356438375366,30.,-33.1192159513707));
#5483=CARTESIAN_POINT('Ctrl Pts',(12.0243397792909,30.,-33.4442003344115));
#5484=CARTESIAN_POINT('Ctrl Pts',(13.3481444610463,30.,-34.3261450779231));
#5485=CARTESIAN_POINT('Ctrl Pts',(13.5195285411116,30.,-34.4498769780428));
#5486=CARTESIAN_POINT('Ctrl Pts',(13.6860773034949,30.,-34.5797939131129));
#5487=CARTESIAN_POINT('Ctrl Pts',(20.,33.6625609615287,-48.199095174452));
#5488=CARTESIAN_POINT('Ctrl Pts',(20.,34.9484897963636,-48.0845945245736));
#5489=CARTESIAN_POINT('Ctrl Pts',(20.,35.0637872037852,-49.3794715487894));
#5490=CARTESIAN_POINT('Ctrl Pts',(20.,35.1790846112069,-50.6743485730051));
#5491=CARTESIAN_POINT('Ctrl Pts',(20.,33.893155776372,-50.7888492228835));
#5492=CARTESIAN_POINT('Ctrl Pts',(20.,32.6072269415372,-50.9033498727618));
#5493=CARTESIAN_POINT('Ctrl Pts',(20.,32.4919295341155,-49.608472848546));
#5494=CARTESIAN_POINT('Ctrl Pts',(20.,32.3766321266939,-48.3135958243303));
#5495=CARTESIAN_POINT('Ctrl Pts',(20.,33.6625609615287,-48.199095174452));
#5496=CARTESIAN_POINT('Ctrl Pts',(17.7619521851937,33.6625609615287,-48.199095174452));
#5497=CARTESIAN_POINT('Ctrl Pts',(17.7619521851937,34.9484897963636,-48.0845945245736));
#5498=CARTESIAN_POINT('Ctrl Pts',(17.7619521851937,35.0637872037852,-49.3794715487894));
#5499=CARTESIAN_POINT('Ctrl Pts',(17.7619521851937,35.1790846112069,-50.6743485730051));
#5500=CARTESIAN_POINT('Ctrl Pts',(17.7619521851937,33.893155776372,-50.7888492228835));
#5501=CARTESIAN_POINT('Ctrl Pts',(17.7619521851937,32.6072269415372,-50.9033498727618));
#5502=CARTESIAN_POINT('Ctrl Pts',(17.7619521851937,32.4919295341155,-49.608472848546));
#5503=CARTESIAN_POINT('Ctrl Pts',(17.7619521851937,32.3766321266939,-48.3135958243303));
#5504=CARTESIAN_POINT('Ctrl Pts',(17.7619521851937,33.6625609615287,-48.199095174452));
#5505=CARTESIAN_POINT('',(20.,33.6625609615287,-48.199095174452));
#5506=CARTESIAN_POINT('Origin',(20.,33.7778583689504,-49.4939721986677));
#5507=CARTESIAN_POINT('Ctrl Pts',(20.,33.6625609615287,-48.199095174452));
#5508=CARTESIAN_POINT('Ctrl Pts',(17.9302068516204,33.6625609615287,-48.199095174452));
#5509=CARTESIAN_POINT('Origin',(22.8183804946556,102.942218999212,1.42115438006155));
#5510=CARTESIAN_POINT('',(23.3881059690943,102.942218999212,2.58966320920047));
#5511=CARTESIAN_POINT('Origin',(22.8183804946556,102.942218999212,1.42115438006155));
#5512=CARTESIAN_POINT('',(16.1061611490611,102.942218999212,6.14009377846452));
#5513=CARTESIAN_POINT('',(23.3881059690943,102.942218999212,2.58966320920047));
#5514=CARTESIAN_POINT('',(15.5520392132427,104.195848851459,5.34681036725769));
#5515=CARTESIAN_POINT('Ctrl Pts',(16.1061611490611,102.942218999212,6.14009377846452));
#5516=CARTESIAN_POINT('Ctrl Pts',(16.0997371843792,102.996086171254,6.14322588687046));
#5517=CARTESIAN_POINT('Ctrl Pts',(16.0917649744543,103.050229039548,6.14336959475245));
#5518=CARTESIAN_POINT('Ctrl Pts',(16.0521938203977,103.275860957449,6.13119282065822));
#5519=CARTESIAN_POINT('Ctrl Pts',(16.0065024390878,103.443290795812,6.08926693335398));
#5520=CARTESIAN_POINT('Ctrl Pts',(15.9023525578445,103.726699780411,5.96056091825325));
#5521=CARTESIAN_POINT('Ctrl Pts',(15.8370147011435,103.861791269927,5.86537634576606));
#5522=CARTESIAN_POINT('Ctrl Pts',(15.6964096758576,104.074705128326,5.62948108187842));
#5523=CARTESIAN_POINT('Ctrl Pts',(15.6212248912318,104.152515447773,5.48871042124411));
#5524=CARTESIAN_POINT('Ctrl Pts',(15.5520392132427,104.195848851459,5.34681036725768));
#5525=CARTESIAN_POINT('Ctrl Pts',(15.5520392132427,104.195848851459,5.34681036725769));
#5526=CARTESIAN_POINT('Ctrl Pts',(15.4830500666677,104.239059160664,5.20531339985074));
#5527=CARTESIAN_POINT('Ctrl Pts',(15.4110210699569,104.253626566753,5.04422437326143));
#5528=CARTESIAN_POINT('Ctrl Pts',(15.2812096234414,104.210734758174,4.72576077039156));
#5529=CARTESIAN_POINT('Ctrl Pts',(15.223333927352,104.153294951645,4.56842159710874));
#5530=CARTESIAN_POINT('Ctrl Pts',(15.1323701136071,103.992562401365,4.29708500357052));
#5531=CARTESIAN_POINT('Ctrl Pts',(15.0933658544102,103.877956079593,4.16518600940685));
#5532=CARTESIAN_POINT('Ctrl Pts',(15.0413340605604,103.60379734209,3.9530699656619));
#5533=CARTESIAN_POINT('Ctrl Pts',(15.0282249838164,103.444230594993,3.87289145128478));
#5534=CARTESIAN_POINT('Ctrl Pts',(15.0265824195404,103.129221489961,3.77749490695856));
#5535=CARTESIAN_POINT('Ctrl Pts',(15.0378294906326,102.952735006699,3.75561786097531));
#5536=CARTESIAN_POINT('Ctrl Pts',(15.0864891998453,102.608347805239,3.77991607828966));
#5537=CARTESIAN_POINT('Ctrl Pts',(15.1239912508816,102.440457974715,3.82606650793927));
#5538=CARTESIAN_POINT('Ctrl Pts',(15.2127842455087,102.15666583503,3.96285928833127));
#5539=CARTESIAN_POINT('Ctrl Pts',(15.2698713348746,102.021717557223,4.06226537190808));
#5540=CARTESIAN_POINT('Ctrl Pts',(15.3986457911328,101.809272018594,4.30380576393396));
#5541=CARTESIAN_POINT('Ctrl Pts',(15.470415134886,101.731777019849,4.44589834820577));
#5542=CARTESIAN_POINT('Ctrl Pts',(15.6084003278099,101.64535207987,4.72890643447923));
#5543=CARTESIAN_POINT('Ctrl Pts',(15.6837919187711,101.630748705615,4.88865268088785));
#5544=CARTESIAN_POINT('Ctrl Pts',(15.8256438572851,101.673966725181,5.20221777113375));
#5545=CARTESIAN_POINT('Ctrl Pts',(15.8920200845911,101.731786993126,5.35607481802456));
#5546=CARTESIAN_POINT('Ctrl Pts',(15.9985768957569,101.893414394222,5.62000032732832));
#5547=CARTESIAN_POINT('Ctrl Pts',(16.0457519455307,102.008168681049,5.74751318811333));
#5548=CARTESIAN_POINT('Ctrl Pts',(16.109197787385,102.282059399023,5.95309235297756));
#5549=CARTESIAN_POINT('Ctrl Pts',(16.1253908274888,102.441177892765,6.03120654013522));
#5550=CARTESIAN_POINT('Ctrl Pts',(16.1267736886117,102.706381423041,6.11152009275105));
#5551=CARTESIAN_POINT('Ctrl Pts',(16.1203031147833,102.823633711421,6.1331986331908));
#5552=CARTESIAN_POINT('Ctrl Pts',(16.1061611490611,102.942218999212,6.14009377846452));
#5553=CARTESIAN_POINT('Origin',(9.81087110643644,89.4084414506959,49.741093321588));
#5554=CARTESIAN_POINT('Origin',(22.8183804946556,102.942218999212,1.42115438006154));
#5555=CARTESIAN_POINT('',(14.5112527548654,101.764059234971,2.40199043973396));
#5556=CARTESIAN_POINT('',(21.609258963233,101.764059273569,-1.05875787304815));
#5557=CARTESIAN_POINT('',(21.609258963233,101.764059273569,-1.05875787304815));
#5558=CARTESIAN_POINT('',(14.6707330658945,105.662310979586,3.9859385324156));
#5559=CARTESIAN_POINT('Ctrl Pts',(14.6707330682152,105.662310972932,3.98593853490134));
#5560=CARTESIAN_POINT('Ctrl Pts',(14.6482906544295,105.627248469358,3.91302575248159));
#5561=CARTESIAN_POINT('Ctrl Pts',(14.6270934981302,105.589438917189,3.84207544930607));
#5562=CARTESIAN_POINT('Ctrl Pts',(14.5144714963277,105.363065562562,3.45456986517523));
#5563=CARTESIAN_POINT('Ctrl Pts',(14.4377878752451,105.099392113893,3.14554584497892));
#5564=CARTESIAN_POINT('Ctrl Pts',(14.3361803600203,104.468315353365,2.64910429354902));
#5565=CARTESIAN_POINT('Ctrl Pts',(14.3108511307835,104.100804187898,2.46190693949233));
#5566=CARTESIAN_POINT('Ctrl Pts',(14.3070647255113,103.374651699685,2.24200079416871));
#5567=CARTESIAN_POINT('Ctrl Pts',(14.3280540855001,102.967887262576,2.19372501737551));
#5568=CARTESIAN_POINT('Ctrl Pts',(14.4085963307336,102.291423064082,2.24835071583792));
#5569=CARTESIAN_POINT('Ctrl Pts',(14.4547672653126,102.01642684059,2.30963576033213));
#5570=CARTESIAN_POINT('Ctrl Pts',(14.5112527593609,101.764059239719,2.40199044995899));
#5571=CARTESIAN_POINT('',(22.2638422857506,105.662310963398,0.283794682676038));
#5572=CARTESIAN_POINT('',(22.2638422857506,105.662310963398,0.283794682676038));
#5573=CARTESIAN_POINT('Origin',(22.8183804946556,102.942218999212,1.42115438006154));
#5574=CARTESIAN_POINT('Origin',(22.8183804946556,102.942218999212,1.42115438006154));
#5575=CARTESIAN_POINT('',(23.492543790429,100.366638726985,2.80386552558084));
#5576=CARTESIAN_POINT('',(16.4027928970936,100.366638726882,6.2605888215602));
#5577=CARTESIAN_POINT('',(23.492543790429,100.366638726985,2.80386552558084));
#5578=CARTESIAN_POINT('',(23.9743177923817,104.371543426171,3.79198559426119));
#5579=CARTESIAN_POINT('Origin',(22.8183804946556,102.942218999212,1.42115438006154));
#5580=CARTESIAN_POINT('',(16.4220281514645,104.371543426295,7.47422717553499));
#5581=CARTESIAN_POINT('',(23.9743177923817,104.371543426171,3.79198559426119));
#5582=CARTESIAN_POINT('Ctrl Pts',(16.402792897083,100.366638726918,6.26058882154119));
#5583=CARTESIAN_POINT('Ctrl Pts',(16.5288167283232,100.550942895291,6.54244779117729));
#5584=CARTESIAN_POINT('Ctrl Pts',(16.6412508780764,100.804351150749,6.8118709617473));
#5585=CARTESIAN_POINT('Ctrl Pts',(16.8006242582759,101.419200281488,7.26496779914577));
#5586=CARTESIAN_POINT('Ctrl Pts',(16.8427742192849,101.786433632992,7.44274504245202));
#5587=CARTESIAN_POINT('Ctrl Pts',(16.8465682219089,102.514043132679,7.66309242536985));
#5588=CARTESIAN_POINT('Ctrl Pts',(16.8076116581767,102.923208509766,7.71903524579815));
#5589=CARTESIAN_POINT('Ctrl Pts',(16.6542407261899,103.694137246519,7.68459467838441));
#5590=CARTESIAN_POINT('Ctrl Pts',(16.5452714037407,104.057547505053,7.60343948145016));
#5591=CARTESIAN_POINT('Ctrl Pts',(16.4220281514542,104.371543426277,7.47422717550124));
#5592=CARTESIAN_POINT('Origin',(23.0683373153522,96.8402830112865,1.93381664459389));
#5593=CARTESIAN_POINT('',(24.2611364535215,106.755817793733,4.3802516152494));
#5594=CARTESIAN_POINT('',(24.2611364535215,106.755817793733,4.3802516152494));
#5595=CARTESIAN_POINT('',(16.1218324460296,106.755817793733,8.3487015932322));
#5596=CARTESIAN_POINT('',(24.2611364535215,106.755817793733,4.3802516152494));
#5597=CARTESIAN_POINT('Origin',(-6.16549551079886,99.4149972029895,16.9735126403966));
#5598=CARTESIAN_POINT('Origin',(-2.78454941687321,97.2973927191346,23.9078442419231));
#5599=CARTESIAN_POINT('',(18.6716620222824,107.902185851288,16.685008697452));
#5600=CARTESIAN_POINT('',(18.6716620222824,107.902185851288,16.685008697452));
#5601=CARTESIAN_POINT('Origin',(-2.7845494168732,97.2973927191346,23.9078442419231));
#5602=CARTESIAN_POINT('',(14.4807530419407,107.783683074018,4.98284231708666));
#5603=CARTESIAN_POINT('',(19.5027785399553,104.638213309878,15.2830331947587));
#5604=CARTESIAN_POINT('Origin',(-8.1228860800867,100.64097920064,12.958898120062));
#5605=CARTESIAN_POINT('',(13.799247665463,98.1357523254444,1.20250397142494));
#5606=CARTESIAN_POINT('Origin',(-8.1228860800867,100.64097920064,12.958898120062));
#5607=CARTESIAN_POINT('',(15.8675809878075,96.8402830112865,5.44466244457894));
#5608=CARTESIAN_POINT('',(19.2485270817331,94.7226785274317,12.3789940461054));
#5609=CARTESIAN_POINT('Origin',(-6.16549551079886,99.4149972029895,16.9735126403966));
#5610=CARTESIAN_POINT('Origin',(22.6200570494327,107.783683074018,1.01439233910386));
#5611=CARTESIAN_POINT('',(22.6200570494327,107.783683074018,1.01439233910386));
#5612=CARTESIAN_POINT('',(22.6200570494327,107.783683074018,1.01439233910386));
#5613=CARTESIAN_POINT('',(21.0000039930077,98.1357523254444,-2.30834182856012));
#5614=CARTESIAN_POINT('Origin',(11.,118.362937383953,-20.8705793766975));
#5615=CARTESIAN_POINT('',(7.45916904394133,116.738955375445,-30.0806390169312));
#5616=CARTESIAN_POINT('',(19.6236829516233,121.138218008098,-5.13118082864502));
#5617=CARTESIAN_POINT('',(16.0843379379517,119.858223724654,-12.3903891375568));
#5618=CARTESIAN_POINT('Origin',(11.,118.362937383953,-20.8705793766975));
#5619=CARTESIAN_POINT('',(19.6236829516233,121.138218008098,-5.13118082864502));
#5620=CARTESIAN_POINT('Origin',(14.2917051747057,118.835272956836,-10.1437699676164));
#5621=CARTESIAN_POINT('',(16.9134251505647,121.232627794377,-10.6899285270866));
#5622=CARTESIAN_POINT('Origin',(19.7184274363889,123.201969136898,-7.21866030147514));
#5623=CARTESIAN_POINT('',(18.3150604090875,123.60694111205,-12.3787714318763));
#5624=CARTESIAN_POINT('',(20.501275264647,122.237638481323,-7.89483754488816));
#5625=CARTESIAN_POINT('',(16.7493647525787,125.535602423195,-11.0264169450348));
#5626=CARTESIAN_POINT('',(18.0537891502357,123.928781289971,-12.1531009079005));
#5627=CARTESIAN_POINT('',(22.7647718651596,121.7679430995,1.31120290396529));
#5628=CARTESIAN_POINT('',(21.2925110662937,122.690071398042,-1.70840885547879));
#5629=CARTESIAN_POINT('',(24.0758440114557,120.23576425085,0.577515118935691));
#5630=CARTESIAN_POINT('',(23.2014032058031,121.257675753282,1.06686007195844));
#5631=CARTESIAN_POINT('',(22.0928476809943,121.477784029972,-3.48961690212678));
#5632=CARTESIAN_POINT('Origin',(16.2081983889108,121.0369792014,-12.1363509436891));
#5633=CARTESIAN_POINT('',(18.0059042798937,121.0369792014,-13.0128516735948));
#5634=CARTESIAN_POINT('',(18.0059042798938,121.0369792014,-13.0128516735948));
#5635=CARTESIAN_POINT('',(16.2081983889108,121.0369792014,-12.1363509436891));
#5636=CARTESIAN_POINT('',(16.2081983889108,121.0369792014,-12.1363509436891));
#5637=CARTESIAN_POINT('',(17.0896121389996,128.364020625933,-10.3285684320892));
#5638=CARTESIAN_POINT('Origin',(22.819633775436,121.966823406356,-3.13987658472528));
#5639=CARTESIAN_POINT('',(18.6398316725048,120.639928360678,-11.7126644983086));
#5640=CARTESIAN_POINT('Origin',(24.5624777561425,121.7679430995,0.434702174059609));
#5641=CARTESIAN_POINT('',(20.9670659741766,121.7679430995,2.18770363387097));
#5642=CARTESIAN_POINT('',(24.5624777561425,121.7679430995,0.434702174059609));
#5643=CARTESIAN_POINT('',(20.9298587022348,120.23576425085,2.11139139627097));
#5644=CARTESIAN_POINT('',(20.9715051434592,121.950746108843,2.19680838472642));
#5645=CARTESIAN_POINT('',(22.7275645932178,120.23576425085,1.23489066636529));
#5646=CARTESIAN_POINT('Origin',(24.5624777561425,121.7679430995,0.434702174059609));
#5647=CARTESIAN_POINT('',(24.5624777561425,121.7679430995,0.434702174059609));
#5648=CARTESIAN_POINT('Origin',(28.0553461564874,123.352411769636,7.59858679558638));
#5649=CARTESIAN_POINT('',(23.1867547506627,125.275814496244,2.17669119539506));
#5650=CARTESIAN_POINT('',(26.2576402655081,123.352411769634,8.47508752549956));
#5651=CARTESIAN_POINT('',(27.1564932109959,123.352411769637,8.03683716053909));
#5652=CARTESIAN_POINT('',(24.9844606416457,125.275814496244,1.30019046548938));
#5653=CARTESIAN_POINT('Origin',(24.9844606416457,125.275814496244,1.30019046548938));
#5654=CARTESIAN_POINT('',(21.2907365414222,124.458561045901,2.85155303595633));
#5655=CARTESIAN_POINT('',(23.5865938761351,128.599608611428,2.99676256188965));
#5656=CARTESIAN_POINT('Origin',(25.8356573799953,119.844540372878,7.60959923404993));
#5657=CARTESIAN_POINT('Origin',(23.0683373153522,96.8402830112865,1.93381664459389));
#5658=CARTESIAN_POINT('',(23.0683373153522,96.8402830112865,1.93381664459389));
#5659=CARTESIAN_POINT('',(23.0683373153522,96.8402830112865,1.93381664459389));
#5660=CARTESIAN_POINT('',(24.2611364535215,106.755817793733,4.3802516152494));
#5661=CARTESIAN_POINT('Origin',(21.0000039930077,98.1357523254444,-2.30834182856012));
#5662=CARTESIAN_POINT('',(21.0000039930077,98.1357523254444,-2.30834182856012));
#5663=CARTESIAN_POINT('',(21.0000039930077,98.1357523254444,-2.30834182856012));
#5664=CARTESIAN_POINT('',(23.0683373153522,96.8402830112865,1.93381664459389));
#5665=CARTESIAN_POINT('Origin',(24.2611364535215,106.755817793733,4.3802516152494));
#5666=CARTESIAN_POINT('',(22.6200570494327,107.783683074018,1.01439233910386));
#5667=CARTESIAN_POINT('Origin',(22.6200570494327,107.783683074018,1.01439233910386));
#5668=CARTESIAN_POINT('',(21.0000039930077,98.1357523254444,-2.30834182856012));
#5669=CARTESIAN_POINT('Origin',(22.6305702232646,102.311983042652,1.03595489334464));
#5670=CARTESIAN_POINT('Origin',(24.2633097380046,121.717904868952,8.94831047670511));
#5671=CARTESIAN_POINT('',(22.3969012577025,119.316904320195,5.12030052127626));
#5672=CARTESIAN_POINT('Origin',(18.7113093699547,83.8643044245905,-7.00246205703537));
#5673=CARTESIAN_POINT('',(18.7113093699547,83.8643044245904,-7.00246205703537));
#5674=CARTESIAN_POINT('',(19.359096972389,83.6090502331648,-5.67384754563936));
#5675=CARTESIAN_POINT('',(18.7113093699547,83.8643044245905,-7.00246205703537));
#5676=CARTESIAN_POINT('',(21.1568028633719,83.6090502331648,-6.55034827554504));
#5677=CARTESIAN_POINT('',(19.359096972389,83.6090502331648,-5.67384754563936));
#5678=CARTESIAN_POINT('',(20.5090152609376,83.8643044245904,-7.87896278694104));
#5679=CARTESIAN_POINT('',(20.5090152609376,83.8643044245905,-7.87896278694105));
#5680=CARTESIAN_POINT('',(18.7113093699547,83.8643044245904,-7.00246205703537));
#5681=CARTESIAN_POINT('Origin',(17.5107207478885,68.0004250004895,-9.46487328488191));
#5682=CARTESIAN_POINT('',(17.5107207478885,68.0004250004895,-9.46487328488191));
#5683=CARTESIAN_POINT('',(19.9270910818885,99.9289364972769,-4.50888975170699));
#5684=CARTESIAN_POINT('',(17.5107207478885,68.0004250004895,-9.46487328488191));
#5685=CARTESIAN_POINT('',(19.3084266388715,68.0004250004895,-10.3413740147876));
#5686=CARTESIAN_POINT('',(19.3084266388715,68.0004250004895,-10.3413740147876));
#5687=CARTESIAN_POINT('',(17.5107207478885,68.0004250004895,-9.46487328488191));
#5688=CARTESIAN_POINT('Origin',(10.1405808365141,55.0151224010111,-24.581054577135));
#5689=CARTESIAN_POINT('',(10.1405808365141,55.0151224010111,-24.581054577135));
#5690=CARTESIAN_POINT('',(23.3879422260456,78.3553843711035,2.58932737166687));
#5691=CARTESIAN_POINT('',(11.9382867274971,55.0151224010111,-25.4575553070407));
#5692=CARTESIAN_POINT('',(11.9382867274971,55.0151224010111,-25.4575553070407));
#5693=CARTESIAN_POINT('',(10.1405808365141,55.0151224010111,-24.581054577135));
#5694=CARTESIAN_POINT('Origin',(6.65578696465461,37.3700912166052,-31.7283783140785));
#5695=CARTESIAN_POINT('',(6.65578696465461,37.3700912166052,-31.7283783140785));
#5696=CARTESIAN_POINT('',(15.9806133275966,84.5857538966722,-12.6031286558631));
#5697=CARTESIAN_POINT('',(8.45349285563757,37.3700912166052,-32.6048790439841));
#5698=CARTESIAN_POINT('',(8.45349285563756,37.3700912166052,-32.6048790439841));
#5699=CARTESIAN_POINT('',(6.65578696465461,37.3700912166052,-31.7283783140785));
#5700=CARTESIAN_POINT('Origin',(7.25511762315758,36.7538133284302,-30.4991491546761));
#5701=CARTESIAN_POINT('',(7.25511762315758,36.7538133284302,-30.4991491546761));
#5702=CARTESIAN_POINT('',(7.83139170686507,36.1612439841481,-29.3172091063053));
#5703=CARTESIAN_POINT('',(9.05282351414053,36.7538133284302,-31.3756498845818));
#5704=CARTESIAN_POINT('',(9.05282351414053,36.7538133284302,-31.3756498845818));
#5705=CARTESIAN_POINT('',(7.25511762315758,36.7538133284302,-30.4991491546761));
#5706=CARTESIAN_POINT('Origin',(10.672400961078,54.0570092363652,-23.4902897457416));
#5707=CARTESIAN_POINT('',(10.672400961078,54.0570092363652,-23.4902897457416));
#5708=CARTESIAN_POINT('',(18.2885856550598,92.6210739624647,-7.86946979199351));
#5709=CARTESIAN_POINT('',(12.4701068520609,54.0570092363652,-24.3667904756473));
#5710=CARTESIAN_POINT('',(12.4701068520609,54.0570092363652,-24.3667904756473));
#5711=CARTESIAN_POINT('',(10.672400961078,54.0570092363652,-23.4902897457416));
#5712=CARTESIAN_POINT('Origin',(18.1149737452505,67.1699298706044,-8.22554839222756));
#5713=CARTESIAN_POINT('',(18.1149737452505,67.1699298706044,-8.22554839222756));
#5714=CARTESIAN_POINT('',(27.5760190681935,83.8391570363128,11.1790868027046));
#5715=CARTESIAN_POINT('',(19.9126796362335,67.1699298706044,-9.10204912213323));
#5716=CARTESIAN_POINT('',(19.9126796362335,67.1699298706044,-9.10204912213323));
#5717=CARTESIAN_POINT('',(18.1149737452505,67.1699298706044,-8.22554839222756));
#5718=CARTESIAN_POINT('Origin',(19.359096972389,83.6090502331648,-5.67384754563936));
#5719=CARTESIAN_POINT('',(19.359096972389,83.6090502331648,-5.67384754563936));
#5720=CARTESIAN_POINT('',(21.1751729953541,107.6056220179,-1.94906962639154));
#5721=CARTESIAN_POINT('',(21.1568028633719,83.6090502331648,-6.55034827554504));
#5722=CARTESIAN_POINT('Origin',(14.8051478595047,60.3090588765103,-19.5776136597646));
#5723=CARTESIAN_POINT('Origin',(13.0074419685218,60.3090588765103,-18.7011129298589));
#5724=CARTESIAN_POINT('Origin',(7.59637482314718,114.763611541073,-29.799229510767));
#5725=CARTESIAN_POINT('',(6.16486571514456,114.245910252255,-32.7352594177005));
#5726=CARTESIAN_POINT('',(7.59637482314718,114.763611541073,-29.799229510767));
#5727=CARTESIAN_POINT('',(17.6045965073295,118.383057086834,-9.27233379231848));
#5728=CARTESIAN_POINT('',(7.96257160612752,114.245910252255,-33.6117601476061));
#5729=CARTESIAN_POINT('',(6.16486571514456,114.245910252255,-32.7352594177005));
#5730=CARTESIAN_POINT('',(9.39408071413014,114.763611541073,-30.6757302406727));
#5731=CARTESIAN_POINT('',(9.39408071413014,114.763611541073,-30.6757302406727));
#5732=CARTESIAN_POINT('',(7.59637482314718,114.763611541073,-29.799229510767));
#5733=CARTESIAN_POINT('Origin',(7.49347048874276,116.245119416852,-30.0102866403902));
#5734=CARTESIAN_POINT('',(7.49347048874276,116.245119416852,-30.0102866403902));
#5735=CARTESIAN_POINT('',(7.26717281842031,119.503114163075,-30.4744239093896));
#5736=CARTESIAN_POINT('',(9.29117637972571,116.245119416852,-30.8867873702959));
#5737=CARTESIAN_POINT('',(9.29117637972572,116.245119416852,-30.8867873702959));
#5738=CARTESIAN_POINT('',(7.49347048874276,116.245119416852,-30.0102866403902));
#5739=CARTESIAN_POINT('Origin',(5.56329408289803,115.547076486198,-33.9690848216499));
#5740=CARTESIAN_POINT('',(5.56329408289804,115.547076486198,-33.9690848216499));
#5741=CARTESIAN_POINT('',(16.5366039699956,119.515543497488,-11.462790012586));
#5742=CARTESIAN_POINT('',(7.36099997388099,115.547076486198,-34.8455855515556));
#5743=CARTESIAN_POINT('',(7.36099997388099,115.547076486198,-34.8455855515556));
#5744=CARTESIAN_POINT('',(5.56329408289804,115.547076486198,-33.9690848216499));
#5745=CARTESIAN_POINT('Origin',(5.14074111831867,106.284050890873,-34.8357423471472));
#5746=CARTESIAN_POINT('',(5.14074111831867,106.284050890873,-34.8357423471472));
#5747=CARTESIAN_POINT('',(5.79332624739969,120.589743337792,-33.4972880927588));
#5748=CARTESIAN_POINT('',(6.93844700930162,106.284050890873,-35.7122430770529));
#5749=CARTESIAN_POINT('',(6.93844700930162,106.284050890873,-35.7122430770529));
#5750=CARTESIAN_POINT('',(5.14074111831867,106.284050890873,-34.8357423471472));
#5751=CARTESIAN_POINT('Origin',(3.04829859378026,78.4670612473168,-39.1273488736024));
#5752=CARTESIAN_POINT('',(3.04829859378026,78.4670612473168,-39.1273488736024));
#5753=CARTESIAN_POINT('',(5.27457059705079,108.06318373693,-34.5612576444022));
#5754=CARTESIAN_POINT('',(4.84600448476321,78.4670612473168,-40.0038496035081));
#5755=CARTESIAN_POINT('',(4.84600448476322,78.4670612473168,-40.0038496035081));
#5756=CARTESIAN_POINT('',(3.04829859378026,78.4670612473168,-39.1273488736024));
#5757=CARTESIAN_POINT('Origin',(1.43689462295262,60.9220933923378,-42.4323437381496));
#5758=CARTESIAN_POINT('',(1.43689462295262,60.9220933923378,-42.4323437381496));
#5759=CARTESIAN_POINT('',(5.01458727332292,99.8760141236502,-35.0944842997562));
#5760=CARTESIAN_POINT('',(3.23460051393558,60.9220933923378,-43.3088444680553));
#5761=CARTESIAN_POINT('',(3.23460051393558,60.9220933923378,-43.3088444680553));
#5762=CARTESIAN_POINT('',(1.43689462295262,60.9220933923378,-42.4323437381496));
#5763=CARTESIAN_POINT('Origin',(0.705527569440682,40.8710529215828,-43.9323799796605));
#5764=CARTESIAN_POINT('',(0.705527569440682,40.8710529215828,-43.9323799796605));
#5765=CARTESIAN_POINT('',(2.41048911379325,87.6140019821616,-40.4354982229142));
#5766=CARTESIAN_POINT('',(2.50323346042364,40.8710529215828,-44.8088807095662));
#5767=CARTESIAN_POINT('',(2.50323346042364,40.8710529215828,-44.8088807095662));
#5768=CARTESIAN_POINT('',(0.705527569440682,40.8710529215828,-43.9323799796605));
#5769=CARTESIAN_POINT('Origin',(1.36063802009837,40.7466391563771,-42.5887462823805));
#5770=CARTESIAN_POINT('',(1.36063802009837,40.7466391563771,-42.5887462823805));
#5771=CARTESIAN_POINT('',(12.5040167239249,38.6303705176097,-19.7336397686885));
#5772=CARTESIAN_POINT('',(3.15834391108132,40.7466391563771,-43.4652470122862));
#5773=CARTESIAN_POINT('',(3.15834391108132,40.7466391563771,-43.4652470122862));
#5774=CARTESIAN_POINT('',(1.36063802009837,40.7466391563771,-42.5887462823805));
#5775=CARTESIAN_POINT('Origin',(2.08863274088103,60.7052243002057,-41.0956267064318));
#5776=CARTESIAN_POINT('',(2.08863274088103,60.7052243002057,-41.0956267064318));
#5777=CARTESIAN_POINT('',(3.42959692484227,97.4688807888703,-38.3453047376598));
#5778=CARTESIAN_POINT('',(3.88633863186398,60.7052243002057,-41.9721274363375));
#5779=CARTESIAN_POINT('',(3.88633863186399,60.7052243002057,-41.9721274363375));
#5780=CARTESIAN_POINT('',(2.08863274088103,60.7052243002057,-41.0956267064318));
#5781=CARTESIAN_POINT('Origin',(3.69416455057668,78.1862560596028,-37.8026756637544));
#5782=CARTESIAN_POINT('',(3.69416455057668,78.1862560596028,-37.8026756637544));
#5783=CARTESIAN_POINT('',(6.46492145724498,108.354259702096,-32.1198440999571));
#5784=CARTESIAN_POINT('',(5.49187044155963,78.1862560596028,-38.6791763936601));
#5785=CARTESIAN_POINT('',(5.49187044155963,78.1862560596028,-38.6791763936601));
#5786=CARTESIAN_POINT('',(3.69416455057668,78.1862560596028,-37.8026756637544));
#5787=CARTESIAN_POINT('Origin',(5.79232826055658,106.079303302977,-33.499334967069));
#5788=CARTESIAN_POINT('',(5.79232826055658,106.079303302977,-33.499334967069));
#5789=CARTESIAN_POINT('',(6.97053594606365,121.742429339349,-31.0828271140004));
#5790=CARTESIAN_POINT('',(7.59003415153954,106.079303302977,-34.3758356969747));
#5791=CARTESIAN_POINT('',(7.59003415153954,106.079303302977,-34.3758356969747));
#5792=CARTESIAN_POINT('',(5.79232826055658,106.079303302977,-33.499334967069));
#5793=CARTESIAN_POINT('Origin',(6.16486571514456,114.245910252255,-32.7352594177005));
#5794=CARTESIAN_POINT('',(6.63231006246713,124.493025564371,-31.7765295179788));
#5795=CARTESIAN_POINT('',(7.96257160612752,114.245910252255,-33.6117601476062));
#5796=CARTESIAN_POINT('Origin',(5.94865708727689,78.4958792866147,-37.7423054751195));
#5797=CARTESIAN_POINT('Origin',(16.8421257815218,120.639928360678,-10.8361637684029));
#5798=CARTESIAN_POINT('',(21.0683083989289,117.992922755859,-2.16824926649495));
#5799=CARTESIAN_POINT('Origin',(22.7275645932178,120.23576425085,1.23489066636529));
#5800=CARTESIAN_POINT('Origin',(0.48715741922145,40.9125241766513,-44.3802578787539));
#5801=CARTESIAN_POINT('',(0.48715741922145,40.9125241766513,-44.3802578787539));
#5802=CARTESIAN_POINT('Ctrl Pts',(0.487157419221456,40.9125241766513,-44.3802578787539));
#5803=CARTESIAN_POINT('Ctrl Pts',(0.712157839580695,37.2873229381515,-45.4137633418095));
#5804=CARTESIAN_POINT('Ctrl Pts',(0.940067168524688,33.6427604257118,-46.4488281401616));
#5805=CARTESIAN_POINT('Ctrl Pts',(1.16988600669599,30.0000000228127,-47.4786901470834));
#5806=CARTESIAN_POINT('',(7.45489450932525,36.5483873657052,-30.089406101542));
#5807=CARTESIAN_POINT('',(15.2296687734725,31.6787750189431,-14.1433184157688));
#5808=CARTESIAN_POINT('Ctrl Pts',(7.45489450932525,36.5483873657052,-30.089406101542));
#5809=CARTESIAN_POINT('Ctrl Pts',(7.46254604366957,34.3885250214192,-30.9983786880638));
#5810=CARTESIAN_POINT('Ctrl Pts',(7.46684443713562,32.1948463693962,-31.9296391031976));
#5811=CARTESIAN_POINT('Ctrl Pts',(7.4665717240849,30.,-32.8720043328512));
#5812=CARTESIAN_POINT('Ctrl Pts',(15.1472293851612,36.1176162002157,-32.0939899120841));
#5813=CARTESIAN_POINT('Ctrl Pts',(14.6371316069406,33.9819162474924,-32.9618003980197));
#5814=CARTESIAN_POINT('Ctrl Pts',(14.1270338287201,31.8462162947691,-33.8296108839553));
#5815=CARTESIAN_POINT('Ctrl Pts',(13.6169360504995,29.7105163420458,-34.6974213698909));
#5816=CARTESIAN_POINT('Ctrl Pts',(14.5552811728639,36.0803479220269,-31.6543255682396));
#5817=CARTESIAN_POINT('Ctrl Pts',(14.068499200257,33.9460948781494,-32.5393684549277));
#5818=CARTESIAN_POINT('Ctrl Pts',(13.5816972827967,31.8119036490801,-33.4246521559777));
#5819=CARTESIAN_POINT('Ctrl Pts',(13.0949153101898,29.6776506052026,-34.3096950426658));
#5820=CARTESIAN_POINT('Ctrl Pts',(13.9173807256251,36.0634905412346,-31.2749829491132));
#5821=CARTESIAN_POINT('Ctrl Pts',(13.4559129485856,33.9299700398142,-32.1753372180034));
#5822=CARTESIAN_POINT('Ctrl Pts',(12.9945262133816,31.7964069508204,-33.0755583903932));
#5823=CARTESIAN_POINT('Ctrl Pts',(12.5330584363421,29.6628864493999,-33.9759126592834));
#5824=CARTESIAN_POINT('Ctrl Pts',(11.4406349638309,36.0810533864326,-30.1385884644693));
#5825=CARTESIAN_POINT('Ctrl Pts',(11.0806293489564,33.9466985844628,-31.0850307940779));
#5826=CARTESIAN_POINT('Ctrl Pts',(10.720375581011,31.8124835052719,-32.0319184366902));
#5827=CARTESIAN_POINT('Ctrl Pts',(10.3603699661364,29.6781287033021,-32.9783607662989));
#5828=CARTESIAN_POINT('Ctrl Pts',(9.40177853015173,36.2500862369889,-29.829610258654));
#5829=CARTESIAN_POINT('Ctrl Pts',(9.11874278043143,34.1093278396134,-30.7876263746837));
#5830=CARTESIAN_POINT('Ctrl Pts',(8.83583246685383,31.9688643043326,-31.7468987413454));
#5831=CARTESIAN_POINT('Ctrl Pts',(8.55279671713353,29.8281059069571,-32.7049148573751));
#5832=CARTESIAN_POINT('Ctrl Pts',(7.45489450932524,36.5483873657052,-30.089406101542));
#5833=CARTESIAN_POINT('Ctrl Pts',(7.25151179936907,34.3955292414152,-31.0372174967453));
#5834=CARTESIAN_POINT('Ctrl Pts',(7.0481290894129,32.2426711171252,-31.9850288919485));
#5835=CARTESIAN_POINT('Ctrl Pts',(6.84474637945672,30.0898129928353,-32.9328402871517));
#5836=CARTESIAN_POINT('Ctrl Pts',(14.5311823547692,36.0868473835357,-31.6689184708231));
#5837=CARTESIAN_POINT('Ctrl Pts',(14.1198802539479,36.0714161916833,-31.4058379807818));
#5838=CARTESIAN_POINT('Ctrl Pts',(13.6903449067721,36.065100474318,-31.1708130918994));
#5839=CARTESIAN_POINT('Ctrl Pts',(11.4406349638309,36.0810533864326,-30.1385884644693));
#5840=CARTESIAN_POINT('Ctrl Pts',(9.40177853015173,36.2500862369889,-29.829610258654));
#5841=CARTESIAN_POINT('Ctrl Pts',(7.45489450932524,36.5483873657052,-30.089406101542));
#5842=CARTESIAN_POINT('Ctrl Pts',(2.76951113729506,42.7156065136262,-52.8010431891048));
#5843=CARTESIAN_POINT('Ctrl Pts',(2.94258145161229,38.2583331889404,-53.523608282408));
#5844=CARTESIAN_POINT('Ctrl Pts',(3.11565176592953,33.8010598642545,-54.2461733757112));
#5845=CARTESIAN_POINT('Ctrl Pts',(3.28872208024676,29.3437865395687,-54.9687384690144));
#5846=CARTESIAN_POINT('Ctrl Pts',(3.52634536720498,42.9757117364057,-54.224270719165));
#5847=CARTESIAN_POINT('Ctrl Pts',(3.65738425145485,38.5041521935436,-54.868439881615));
#5848=CARTESIAN_POINT('Ctrl Pts',(3.7895404059751,34.0324997917519,-55.5127774250254));
#5849=CARTESIAN_POINT('Ctrl Pts',(3.92057929022497,29.5609402488899,-56.1569465874753));
#5850=CARTESIAN_POINT('Ctrl Pts',(4.5294422307378,43.1764559904872,-55.5269743455731));
#5851=CARTESIAN_POINT('Ctrl Pts',(4.60756454771174,38.6941313585731,-56.1017116805636));
#5852=CARTESIAN_POINT('Ctrl Pts',(4.68581227510468,34.2118931808739,-56.6768605651056));
#5853=CARTESIAN_POINT('Ctrl Pts',(4.76393459207863,29.7295685489597,-57.2515979000961));
#5854=CARTESIAN_POINT('Ctrl Pts',(7.47401666919012,43.4974116711302,-58.2635004121975));
#5855=CARTESIAN_POINT('Ctrl Pts',(7.38871344793669,38.9974049863798,-58.6868906419038));
#5856=CARTESIAN_POINT('Ctrl Pts',(7.30311571957088,34.497218451739,-59.109408338434));
#5857=CARTESIAN_POINT('Ctrl Pts',(7.21781249831746,29.9972117669887,-59.5327985681403));
#5858=CARTESIAN_POINT('Ctrl Pts',(9.63693244504433,43.5335958808101,-59.4647217396708));
#5859=CARTESIAN_POINT('Ctrl Pts',(9.43780476069216,39.0316958894813,-59.8249413269638));
#5860=CARTESIAN_POINT('Ctrl Pts',(9.23905181336552,34.5296184141896,-60.1846242711729));
#5861=CARTESIAN_POINT('Ctrl Pts',(9.03992412901334,30.0277184228609,-60.5448438584659));
#5862=CARTESIAN_POINT('Ctrl Pts',(12.6137610848874,43.3752745478172,-60.2744379086059));
#5863=CARTESIAN_POINT('Ctrl Pts',(12.2494461476948,38.8820469544272,-60.589267468881));
#5864=CARTESIAN_POINT('Ctrl Pts',(11.8849896783277,34.3888674928866,-60.9042231038624));
#5865=CARTESIAN_POINT('Ctrl Pts',(11.5206747411351,29.8956398994966,-61.2190526641376));
#5866=CARTESIAN_POINT('Ctrl Pts',(13.2898978520948,43.3268536346247,-60.4078467701397));
#5867=CARTESIAN_POINT('Ctrl Pts',(12.8885005277743,38.8363244326053,-60.7155329376307));
#5868=CARTESIAN_POINT('Ctrl Pts',(12.4872519644269,34.3457399258931,-61.0230674830067));
#5869=CARTESIAN_POINT('Ctrl Pts',(12.0858546401063,29.8552107238737,-61.3307536504978));
#5870=CARTESIAN_POINT('Ctrl Pts',(13.970970680142,43.266131235731,-60.4938036938035));
#5871=CARTESIAN_POINT('Ctrl Pts',(13.5326633836811,38.7788788016177,-60.7967747239825));
#5872=CARTESIAN_POINT('Ctrl Pts',(13.0943560872202,34.2916263675044,-61.0997457541614));
#5873=CARTESIAN_POINT('Ctrl Pts',(12.6560487907593,29.8043739333911,-61.4027167843403));
#5874=CARTESIAN_POINT('',(12.9649024188132,43.3471049089875,-60.3314741923051));
#5875=CARTESIAN_POINT('Ctrl Pts',(13.9709705698678,43.2661301067786,-60.4938037700283));
#5876=CARTESIAN_POINT('Ctrl Pts',(13.6341242536714,43.2961623082361,-60.4512910285261));
#5877=CARTESIAN_POINT('Ctrl Pts',(13.2984853537232,43.323185427373,-60.3971710071684));
#5878=CARTESIAN_POINT('Ctrl Pts',(12.9649035302178,43.3471032324994,-60.3314679392905));
#5879=CARTESIAN_POINT('',(2.76951171645763,42.715605576117,-52.8010443774327));
#5880=CARTESIAN_POINT('Ctrl Pts',(12.9649035302323,43.3471032324981,-60.3314679392923));
#5881=CARTESIAN_POINT('Ctrl Pts',(12.6240130442571,43.3715450684699,-60.2643253399074));
#5882=CARTESIAN_POINT('Ctrl Pts',(12.2852707618566,43.3927440270647,-60.1850865726663));
#5883=CARTESIAN_POINT('Ctrl Pts',(11.9495834230491,43.4105974117848,-60.0937774988805));
#5884=CARTESIAN_POINT('Ctrl Pts',(9.63693239497703,43.5335947481576,-59.4647218302539));
#5885=CARTESIAN_POINT('Ctrl Pts',(7.4740166477039,43.4974105389539,-58.2635005186455));
#5886=CARTESIAN_POINT('Ctrl Pts',(5.72169025265769,43.3064087074119,-56.634984426554));
#5887=CARTESIAN_POINT('Ctrl Pts',(4.5294491945459,43.1764556196865,-55.5269809437119));
#5888=CARTESIAN_POINT('Ctrl Pts',(3.5263570851705,42.9757129498254,-54.2242860562029));
#5889=CARTESIAN_POINT('Ctrl Pts',(2.76952440520434,42.7156099370896,-52.8010682392705));
#5890=CARTESIAN_POINT('Ctrl Pts',(2.76952440574648,42.7156099369591,-52.801068239006));
#5891=CARTESIAN_POINT('Ctrl Pts',(2.93409698307761,38.4770732913061,-53.4881655652898));
#5892=CARTESIAN_POINT('Ctrl Pts',(3.09866956040875,34.238536645653,-54.1752628915737));
#5893=CARTESIAN_POINT('Ctrl Pts',(3.26324213773988,30.,-54.8623602178575));
#5894=CARTESIAN_POINT('Ctrl Pts',(0.487157419221456,40.9125241766513,-44.3802578787539));
#5895=CARTESIAN_POINT('Ctrl Pts',(0.736900038823111,36.7412724483455,-45.3815906948543));
#5896=CARTESIAN_POINT('Ctrl Pts',(0.986642658424766,32.5700207200397,-46.3829235109547));
#5897=CARTESIAN_POINT('Ctrl Pts',(1.23638527802642,28.3987689917338,-47.3842563270551));
#5898=CARTESIAN_POINT('Ctrl Pts',(0.594261763979584,41.6132516516713,-47.2725651366911));
#5899=CARTESIAN_POINT('Ctrl Pts',(0.839783973241325,37.4154293798028,-48.1641483563703));
#5900=CARTESIAN_POINT('Ctrl Pts',(1.08577357454786,33.2175408545877,-49.0556909321999));
#5901=CARTESIAN_POINT('Ctrl Pts',(1.3312957838096,29.0197185827192,-49.9472741518791));
#5902=CARTESIAN_POINT('Ctrl Pts',(1.38917233953204,42.241236523499,-50.2053937525999));
#5903=CARTESIAN_POINT('Ctrl Pts',(1.60598515193466,38.0207336216981,-50.991053405161));
#5904=CARTESIAN_POINT('Ctrl Pts',(1.8232305579336,33.800136975719,-51.7765440254794));
#5905=CARTESIAN_POINT('Ctrl Pts',(2.04004337033622,29.579634073918,-52.5622036780405));
#5906=CARTESIAN_POINT('Ctrl Pts',(2.76952440574648,42.7156099369591,-52.801068239006));
#5907=CARTESIAN_POINT('Ctrl Pts',(2.93409698307761,38.4770732913061,-53.4881655652898));
#5908=CARTESIAN_POINT('Ctrl Pts',(3.09866956040875,34.238536645653,-54.1752628915737));
#5909=CARTESIAN_POINT('Ctrl Pts',(3.26324213773988,30.,-54.8623602178575));
#5910=CARTESIAN_POINT('Origin',(15.5668145858298,39.3361281021618,-45.3433703231751));
#5911=CARTESIAN_POINT('Origin',(27.0573185164566,130.,10.1152302584962));
#5912=CARTESIAN_POINT('',(15.8184483460961,123.823771940578,-12.9357295683415));
#5913=CARTESIAN_POINT('Origin',(11.,129.409480861041,-22.8183830352773));
#5914=CARTESIAN_POINT('',(15.3960637434685,130.,-13.8020417829199));
#5915=CARTESIAN_POINT('Origin',(11.,129.409480861041,-22.8183830352773));
#5916=CARTESIAN_POINT('',(24.8003733610044,130.,5.48622829289777));
#5917=CARTESIAN_POINT('',(21.6025113377788,130.,-1.0725972751334));
#5918=CARTESIAN_POINT('',(25.8887998666132,125.712813903219,7.71859464956983));
#5919=CARTESIAN_POINT('Origin',(21.670639745911,123.,-0.932865685114556));
#5920=CARTESIAN_POINT('',(26.4958487432487,125.332598014717,8.96365389983947));
#5921=CARTESIAN_POINT('',(38.751778333729,117.656281760743,34.1006059553726));
#5922=CARTESIAN_POINT('',(27.0573185164566,130.,10.1152302584962));
#5923=CARTESIAN_POINT('Origin',(27.0573185164566,130.,10.1152302584962));
#5924=CARTESIAN_POINT('',(19.3702766610349,66.0989386624305,-5.65091796731446));
#5925=CARTESIAN_POINT('',(27.0573185164566,130.,10.1152302584962));
#5926=CARTESIAN_POINT('',(8.5785378938941,40.,-27.7848098098529));
#5927=CARTESIAN_POINT('Origin',(28.734534186682,27.3755963743835,13.5552051357989));
#5928=CARTESIAN_POINT('',(8.01260693203016,36.1990726194147,-28.9455360811726));
#5929=CARTESIAN_POINT('',(15.8040412446336,88.5282046309758,-12.9652785810091));
#5930=CARTESIAN_POINT('',(15.2296687734725,31.6787750189431,-14.1433184157688));
#5931=CARTESIAN_POINT('',(0.,41.2176478629295,-45.3794193540269));
#5932=CARTESIAN_POINT('',(15.2296687734725,31.6787750189431,-14.1433184157688));
#5933=CARTESIAN_POINT('',(0.,45.6374146925729,-45.3794193540269));
#5934=CARTESIAN_POINT('',(-2.22044604925031E-15,105.,-45.3794193540269));
#5935=CARTESIAN_POINT('',(4.42092739695469,111.73935598743,-36.3120826662769));
#5936=CARTESIAN_POINT('Origin',(15.,146.380993946486,-14.6143698284592));
#5937=CARTESIAN_POINT('',(5.34730958480795,120.03691372138,-34.4120697403496));
#5938=CARTESIAN_POINT('Ctrl Pts',(5.34730958480794,120.03691372138,-34.4120697403496));
#5939=CARTESIAN_POINT('Ctrl Pts',(5.01568751318324,117.310595502608,-35.09222770417));
#5940=CARTESIAN_POINT('Ctrl Pts',(4.69026627869195,114.465720626661,-35.7596677305564));
#5941=CARTESIAN_POINT('Ctrl Pts',(4.42092739695468,111.73935598743,-36.3120826662769));
#5942=CARTESIAN_POINT('',(7.17463935007212,120.697762450303,-30.6642103584899));
#5943=CARTESIAN_POINT('',(19.3484733087609,125.100395653489,-5.69563671481673));
#5944=CARTESIAN_POINT('Origin',(11.,129.409480861041,-22.8183830352773));
#5945=CARTESIAN_POINT('Origin',(11.,122.302168396001,-21.5651720873652));
#5946=CARTESIAN_POINT('Origin',(11.,122.302168396001,-21.5651720873652));
#5947=CARTESIAN_POINT('Origin',(11.,122.302168396001,-21.5651720873652));
#5948=CARTESIAN_POINT('',(3.38632075662305,120.377336466014,-32.4814364177373));
#5949=CARTESIAN_POINT('Ctrl Pts',(3.38632075662348,120.377336466011,-32.4814364177398));
#5950=CARTESIAN_POINT('Ctrl Pts',(3.93415200237242,120.246743895288,-33.2220636898609));
#5951=CARTESIAN_POINT('Ctrl Pts',(4.59272641766866,120.130929073018,-33.8788821858377));
#5952=CARTESIAN_POINT('Ctrl Pts',(5.34730958480795,120.03691372138,-34.4120697403496));
#5953=CARTESIAN_POINT('',(0.,122.227179404851,-21.9904557895495));
#5954=CARTESIAN_POINT('Origin',(15.,122.227179404851,-21.9904557895495));
#5955=CARTESIAN_POINT('',(0.,123.097924314451,-17.0522160142074));
#5956=CARTESIAN_POINT('',(1.11022302462516E-15,122.390797686397,-21.0625304040573));
#5957=CARTESIAN_POINT('',(1.90909090909092,123.025582867319,-17.4624847481308));
#5958=CARTESIAN_POINT('Origin',(1.,123.097924314451,-17.0522160142074));
#5959=CARTESIAN_POINT('Origin',(11.,122.302168396001,-21.5651720873652));
#5960=CARTESIAN_POINT('Origin',(26.2947713944112,99.7594321491849,10.4816056764172));
#5961=CARTESIAN_POINT('Origin',(26.1250165034453,87.5136936011939,6.82477179840917));
#5962=CARTESIAN_POINT('',(17.1694988442352,112.369429990097,18.7816186929811));
#5963=CARTESIAN_POINT('',(34.1547634765186,92.9923618660858,4.58281250458004));
#5964=CARTESIAN_POINT('',(21.1403236747437,110.744781821756,16.3494438395858));
#5965=CARTESIAN_POINT('Origin',(26.1250165034453,111.423657263344,14.1263906377259));
#5966=CARTESIAN_POINT('Origin',(22.712796181761,95.8843617214622,11.0446878615682));
#5967=CARTESIAN_POINT('Origin',(34.1547634765186,107.127946419281,8.89953384873479));
#5968=CARTESIAN_POINT('',(32.4848543684422,116.112220333291,7.89875661451176));
#5969=CARTESIAN_POINT('Origin',(30.3511991208523,84.8666879963754,15.4926863003171));
#5970=CARTESIAN_POINT('',(20.9132431931918,84.8666879963754,20.0943151323219));
#5971=CARTESIAN_POINT('Origin',(30.3511991208523,84.8666879963754,15.4926863003171));
#5972=CARTESIAN_POINT('',(20.9132431931918,84.8666879963754,20.0943151323219));
#5973=CARTESIAN_POINT('Origin',(30.3511991208523,84.8666879963754,15.4926863003171));
#5974=CARTESIAN_POINT('',(25.4075079206492,84.8666879963754,17.9030633075577));
#5975=CARTESIAN_POINT('Origin',(30.3511991208523,84.8666879963754,15.4926863003171));
#5976=CARTESIAN_POINT('Origin',(62.5381824104101,124.54401144597,14.9293784157822));
#5977=CARTESIAN_POINT('',(35.,107.022925568021,6.27132577092539));
#5978=CARTESIAN_POINT('Origin',(21.9848007253683,114.016818837713,5.6347944071209));
#5979=CARTESIAN_POINT('',(35.,95.8345834622485,3.74029134398722));
#5980=CARTESIAN_POINT('',(35.,101.353782961397,4.98884844113544));
#5981=CARTESIAN_POINT('',(37.6792984262225,90.4340193400491,2.97531072429197));
#5982=CARTESIAN_POINT('Origin',(22.9207458737395,89.5206400784359,0.252802157327809));
#5983=CARTESIAN_POINT('',(40.4205491912748,88.3683387309115,2.97531074789877));
#5984=CARTESIAN_POINT('',(37.3429960186027,90.6874413813702,2.97531072429201));
#5985=CARTESIAN_POINT('',(41.1903977597825,87.2190984646246,2.846564515924));
#5986=CARTESIAN_POINT('Ctrl Pts',(41.1903977597871,87.2190984646193,2.84656451592103));
#5987=CARTESIAN_POINT('Ctrl Pts',(41.1257389320327,87.4493932575565,2.88763960301778));
#5988=CARTESIAN_POINT('Ctrl Pts',(41.0135375564472,87.6872065290441,2.92231097045728));
#5989=CARTESIAN_POINT('Ctrl Pts',(40.7409813261257,88.0772963082875,2.9640948197666));
#5990=CARTESIAN_POINT('Ctrl Pts',(40.59166206679,88.2393959233272,2.97531072429201));
#5991=CARTESIAN_POINT('Ctrl Pts',(40.4205492178696,88.3683387036558,2.975310724292));
#5992=CARTESIAN_POINT('',(43.1506103635203,77.5793036065104,1.00000000000001));
#5993=CARTESIAN_POINT('Ctrl Pts',(43.1506103635204,77.5793036065104,1.00000000000001));
#5994=CARTESIAN_POINT('Ctrl Pts',(42.9955682789751,77.6961361972559,1.00000000000001));
#5995=CARTESIAN_POINT('Ctrl Pts',(42.8684138838463,77.8410894149304,1.01111546838535));
#5996=CARTESIAN_POINT('Ctrl Pts',(42.6459566675886,78.1838474905021,1.05073226180698));
#5997=CARTESIAN_POINT('Ctrl Pts',(42.5569244902432,78.3843192149237,1.08090584081747));
#5998=CARTESIAN_POINT('Ctrl Pts',(42.3072531482567,79.1076273121452,1.20197174242121));
#5999=CARTESIAN_POINT('Ctrl Pts',(42.2174458584218,79.7515296412901,1.33232636398393));
#6000=CARTESIAN_POINT('Ctrl Pts',(41.992930154776,82.1847682365401,1.84450218539783));
#6001=CARTESIAN_POINT('Ctrl Pts',(41.9491996455673,84.5164802880308,2.36452896671585));
#6002=CARTESIAN_POINT('Ctrl Pts',(41.1903977597853,87.2190984646257,2.84656451592218));
#6003=CARTESIAN_POINT('',(43.3317254672014,77.4428235865967,1.00000000000001));
#6004=CARTESIAN_POINT('',(38.9363375340579,80.75498596539,1.00000000000001));
#6005=CARTESIAN_POINT('',(43.2795670732156,75.107195623309,0.462741223702087));
#6006=CARTESIAN_POINT('Origin',(39.0825044400723,71.8039168266245,-0.999999999999996));
#6007=CARTESIAN_POINT('',(40.5805532724459,71.5213438479952,-0.808552196396558));
#6008=CARTESIAN_POINT('Ctrl Pts',(40.5805532724453,71.5213438479948,-0.80855219639664));
#6009=CARTESIAN_POINT('Ctrl Pts',(41.2549578196483,72.0617398465753,-0.571338027329099));
#6010=CARTESIAN_POINT('Ctrl Pts',(41.8613463407722,72.6901739243917,-0.325802482501082));
#6011=CARTESIAN_POINT('Ctrl Pts',(42.776924630356,73.9775313756474,0.121502589543273));
#6012=CARTESIAN_POINT('Ctrl Pts',(43.0802073513551,74.5624969230889,0.305534355112632));
#6013=CARTESIAN_POINT('Ctrl Pts',(43.2795670732156,75.107195623309,0.462741223702082));
#6014=CARTESIAN_POINT('',(29.548289310563,67.0016985488701,-3.7116541346746));
#6015=CARTESIAN_POINT('Ctrl Pts',(29.548289310563,67.0016985488701,-3.71165413467461));
#6016=CARTESIAN_POINT('Ctrl Pts',(31.3377937132706,67.149161058147,-3.37323911848782));
#6017=CARTESIAN_POINT('Ctrl Pts',(33.1124998814569,67.5786808655221,-2.97353955466934));
#6018=CARTESIAN_POINT('Ctrl Pts',(36.4377803651385,68.8377520466871,-2.12185265967897));
#6019=CARTESIAN_POINT('Ctrl Pts',(38.019779696524,69.6765233901016,-1.66242257363781));
#6020=CARTESIAN_POINT('Ctrl Pts',(39.8464938237471,70.9528299220231,-1.06229656454275));
#6021=CARTESIAN_POINT('Ctrl Pts',(40.2184129392187,71.2311631429389,-0.935930961247018));
#6022=CARTESIAN_POINT('Ctrl Pts',(40.5805532724459,71.5213438479952,-0.808552196396436));
#6023=CARTESIAN_POINT('Origin',(183.423915779352,27.3755963743835,13.5552051357989));
#6024=CARTESIAN_POINT('Origin',(31.1964356443337,84.3372868754117,17.2262692006987));
#6025=CARTESIAN_POINT('',(26.2527444441306,84.3372868754117,19.6366462079393));
#6026=CARTESIAN_POINT('Origin',(31.1964356443337,84.3372868754117,17.2262692006987));
#6027=CARTESIAN_POINT('',(26.2527444441306,84.3372868754117,19.6366462079393));
#6028=CARTESIAN_POINT('Origin',(26.9702530269267,110.89425614238,15.8599735381075));
#6029=CARTESIAN_POINT('',(21.9855601982251,110.215380700792,18.0830267399674));
#6030=CARTESIAN_POINT('Origin',(26.9702530269267,110.89425614238,15.8599735381075));
#6031=CARTESIAN_POINT('',(21.9855601982251,110.215380700792,18.0830267399674));
#6032=CARTESIAN_POINT('Origin',(35.9170107030446,38.0746103342357,-50.152438712388));
#6033=CARTESIAN_POINT('',(12.,35.7530137597351,-29.0817534263472));
#6034=CARTESIAN_POINT('',(35.1126441191605,33.1674648799949,-29.8713277091459));
#6035=CARTESIAN_POINT('',(20.,36.7772768672954,-37.1336778841909));
#6036=CARTESIAN_POINT('Origin',(12.,37.6722151933164,-36.860381837671));
#6037=CARTESIAN_POINT('',(20.,42.408681469342,-59.958068834857));
#6038=CARTESIAN_POINT('',(20.,38.0169547762769,-42.1581602730455));
#6039=CARTESIAN_POINT('',(18.,43.1122164092426,-61.834401926058));
#6040=CARTESIAN_POINT('Origin',(18.,42.6324160508473,-59.889744823227));
#6041=CARTESIAN_POINT('',(15.,43.4478182815005,-61.731915908613));
#6042=CARTESIAN_POINT('',(20.6409112316591,42.8167848246387,-61.9246207509108));
#6043=CARTESIAN_POINT('',(0.,41.5273249548249,-46.634557550156));
#6044=CARTESIAN_POINT('Origin',(15.,39.8493155935355,-47.146987637381));
#6045=CARTESIAN_POINT('',(0.,39.0380511977674,-36.5453948226784));
#6046=CARTESIAN_POINT('Ctrl Pts',(40.2932605442906,88.0825832013041,7.91536454837591));
#6047=CARTESIAN_POINT('Ctrl Pts',(40.048964027737,88.3182052897679,7.45509956904491));
#6048=CARTESIAN_POINT('Ctrl Pts',(39.7803708612005,88.577222150396,6.67959101096661));
#6049=CARTESIAN_POINT('Ctrl Pts',(39.7825182349721,88.5751719876428,5.30293198705917));
#6050=CARTESIAN_POINT('Ctrl Pts',(40.2358195102241,88.1379584612942,4.01630388624633));
#6051=CARTESIAN_POINT('Ctrl Pts',(40.8531131399614,87.5426481166459,3.20480503472456));
#6052=CARTESIAN_POINT('Ctrl Pts',(41.1903977597871,87.2190984646193,2.84656451592103));
#6053=CARTESIAN_POINT('Ctrl Pts',(40.2833177232363,88.3307338673895,8.01441832012867));
#6054=CARTESIAN_POINT('Ctrl Pts',(40.0163983658927,88.5525353880064,7.534785152393));
#6055=CARTESIAN_POINT('Ctrl Pts',(39.7232634370611,88.7946017701846,6.7180586226805));
#6056=CARTESIAN_POINT('Ctrl Pts',(39.7254537587633,88.792573854888,5.2629201831177));
#6057=CARTESIAN_POINT('Ctrl Pts',(40.219425936386,88.3835405418934,3.90863582969411));
#6058=CARTESIAN_POINT('Ctrl Pts',(40.8942286089458,87.8205116836332,3.07319027264854));
#6059=CARTESIAN_POINT('Ctrl Pts',(41.2624454192544,87.5124632111933,2.71058331037204));
#6060=CARTESIAN_POINT('Ctrl Pts',(40.1716158890415,88.5559234217998,8.15595120927281));
#6061=CARTESIAN_POINT('Ctrl Pts',(39.8939055092319,88.764795073573,7.64026976674719));
#6062=CARTESIAN_POINT('Ctrl Pts',(39.5911216356911,88.992195505893,6.76666032768352));
#6063=CARTESIAN_POINT('Ctrl Pts',(39.5934251804362,88.9902489174833,5.21323301687712));
#6064=CARTESIAN_POINT('Ctrl Pts',(40.1036573648427,88.60586088858,3.76430696292128));
#6065=CARTESIAN_POINT('Ctrl Pts',(40.808987300673,88.0748037757004,2.86052705266762));
#6066=CARTESIAN_POINT('Ctrl Pts',(41.1973454421124,87.7829807627731,2.46516358693379));
#6067=CARTESIAN_POINT('Ctrl Pts',(39.990928366238,88.6920812364115,8.29843745805109));
#6068=CARTESIAN_POINT('Ctrl Pts',(39.7131290325498,88.901418049428,7.74611948285377));
#6069=CARTESIAN_POINT('Ctrl Pts',(39.4119683476479,89.1283589032676,6.81550921315992));
#6070=CARTESIAN_POINT('Ctrl Pts',(39.4144275353849,89.1265057723884,5.16351838447097));
#6071=CARTESIAN_POINT('Ctrl Pts',(39.9226761839989,88.7435129447661,3.61956466349559));
#6072=CARTESIAN_POINT('Ctrl Pts',(40.6308233086089,88.2098858109476,2.64576604166947));
#6073=CARTESIAN_POINT('Ctrl Pts',(41.0231018513277,87.9142827263134,2.21587741910523));
#6074=CARTESIAN_POINT('',(39.4428839046818,89.1050623600536,6.4447645414196));
#6075=CARTESIAN_POINT('Ctrl Pts',(40.4195174099121,88.3691162267212,2.97420453892848));
#6076=CARTESIAN_POINT('Ctrl Pts',(40.2658790965895,88.4848909999764,3.19822547948555));
#6077=CARTESIAN_POINT('Ctrl Pts',(39.8114245174187,88.8273470886982,3.9575240954579));
#6078=CARTESIAN_POINT('Ctrl Pts',(39.4179422852727,89.1238572183753,5.15284130508803));
#6079=CARTESIAN_POINT('Ctrl Pts',(39.413026349255,89.1275616418715,6.13187309132444));
#6080=CARTESIAN_POINT('Ctrl Pts',(39.4427699690269,89.1051482167277,6.44478157117245));
#6081=CARTESIAN_POINT('',(40.2932605442906,88.0825832013041,7.9153645483759));
#6082=CARTESIAN_POINT('Ctrl Pts',(40.2932605442906,88.0825832013041,7.9153645483759));
#6083=CARTESIAN_POINT('Ctrl Pts',(40.2914839139387,88.0853932902393,7.91255870591722));
#6084=CARTESIAN_POINT('Ctrl Pts',(40.2897065060968,88.0882009797739,7.90975094213035));
#6085=CARTESIAN_POINT('Ctrl Pts',(40.1786677303571,88.2633761356691,7.73429896062226));
#6086=CARTESIAN_POINT('Ctrl Pts',(40.065800924942,88.4276052154841,7.55335644953532));
#6087=CARTESIAN_POINT('Ctrl Pts',(39.8614805033493,88.692532961936,7.21194715579406));
#6088=CARTESIAN_POINT('Ctrl Pts',(39.7704754169432,88.799510349851,7.0551056334692));
#6089=CARTESIAN_POINT('Ctrl Pts',(39.6000414224985,88.974908938376,6.7472525820626));
#6090=CARTESIAN_POINT('Ctrl Pts',(39.5210863044153,89.0461326250066,6.59893447008875));
#6091=CARTESIAN_POINT('Ctrl Pts',(39.4428839046818,89.1050623600536,6.44476454141967));
#6092=CARTESIAN_POINT('Ctrl Pts',(40.2932605442906,88.0825832013041,7.91536454837591));
#6093=CARTESIAN_POINT('Ctrl Pts',(40.048964027737,88.3182052897679,7.45509956904491));
#6094=CARTESIAN_POINT('Ctrl Pts',(39.7803708612005,88.577222150396,6.67959101096661));
#6095=CARTESIAN_POINT('Ctrl Pts',(39.7825182349721,88.5751719876428,5.30293198705917));
#6096=CARTESIAN_POINT('Ctrl Pts',(40.2358195102241,88.1379584612942,4.01630388624633));
#6097=CARTESIAN_POINT('Ctrl Pts',(40.8531131399614,87.5426481166459,3.20480503472456));
#6098=CARTESIAN_POINT('Ctrl Pts',(41.1903977597871,87.2190984646193,2.84656451592103));
#6099=CARTESIAN_POINT('Origin',(37.5455475239979,90.5348078741253,-17.5));
#6100=CARTESIAN_POINT('Origin',(117.519278471726,30.2702790166339,194.274704852199));
#6101=CARTESIAN_POINT('Origin',(35.,81.954981831075,25.0273922524159));
#6102=CARTESIAN_POINT('',(34.9999999998408,96.523015251085,15.5054330850188));
#6103=CARTESIAN_POINT('Origin',(35.,81.954981831075,25.0273922524159));
#6104=CARTESIAN_POINT('',(32.4563249925256,97.197423285232,16.7162811021488));
#6105=CARTESIAN_POINT('Ctrl Pts',(32.4563249925256,97.197423285232,16.7162811021488));
#6106=CARTESIAN_POINT('Ctrl Pts',(32.7247310655197,97.1445406195004,16.6822669086896));
#6107=CARTESIAN_POINT('Ctrl Pts',(33.246294367824,97.0404952392206,16.5360419830714));
#6108=CARTESIAN_POINT('Ctrl Pts',(33.9654306433278,96.8672520083936,16.1930021527388));
#6109=CARTESIAN_POINT('Ctrl Pts',(34.5537203797715,96.6865651327946,15.8449449382212));
#6110=CARTESIAN_POINT('Ctrl Pts',(34.8855005346476,96.5666342267211,15.6021754632241));
#6111=CARTESIAN_POINT('Ctrl Pts',(35.0008771960644,96.5228649368522,15.506606075867));
#6112=CARTESIAN_POINT('',(29.0833443356302,97.615771508896,16.5431213694031));
#6113=CARTESIAN_POINT('Ctrl Pts',(29.0833443356302,97.615771508896,16.5431213694031));
#6114=CARTESIAN_POINT('Ctrl Pts',(29.0860786734296,97.6156505270161,16.5435175380357));
#6115=CARTESIAN_POINT('Ctrl Pts',(29.0888129874631,97.6155291777473,16.5439161562408));
#6116=CARTESIAN_POINT('Ctrl Pts',(30.2199518892322,97.564836603509,16.7060983835996));
#6117=CARTESIAN_POINT('Ctrl Pts',(31.3720501337081,97.4110523744713,16.8536875862844));
#6118=CARTESIAN_POINT('Ctrl Pts',(32.4563249925256,97.197423285232,16.7162811021488));
#6119=CARTESIAN_POINT('',(26.9702530269267,98.9392743113052,12.2091641184491));
#6120=CARTESIAN_POINT('',(29.0833443356302,97.615771508896,16.5431213694031));
#6121=CARTESIAN_POINT('',(17.8341208434257,92.8090563175866,14.7915894101597));
#6122=CARTESIAN_POINT('Origin',(26.9702530269267,86.9842924802302,8.55835469879075));
#6123=CARTESIAN_POINT('',(16.0591949721795,90.3820310487807,13.7270935742822));
#6124=CARTESIAN_POINT('Ctrl Pts',(16.0591949721795,90.3820310487807,13.7270935742822));
#6125=CARTESIAN_POINT('Ctrl Pts',(16.1233910878497,90.4549913729231,13.8004195962701));
#6126=CARTESIAN_POINT('Ctrl Pts',(16.1884026504547,90.5310627213895,13.8711413156648));
#6127=CARTESIAN_POINT('Ctrl Pts',(16.5865598592054,91.0089990580486,14.2811876895387));
#6128=CARTESIAN_POINT('Ctrl Pts',(16.9332946306301,91.4735560668191,14.5405132538633));
#6129=CARTESIAN_POINT('Ctrl Pts',(17.4668025634583,92.2438590234777,14.7536580006321));
#6130=CARTESIAN_POINT('Ctrl Pts',(17.6530976547964,92.5238692371629,14.7927598477346));
#6131=CARTESIAN_POINT('Ctrl Pts',(17.8341208434617,92.8090563174885,14.7915894101122));
#6132=CARTESIAN_POINT('',(16.4818501713989,90.0745993734687,14.6158631672751));
#6133=CARTESIAN_POINT('Ctrl Pts',(16.4819523345631,90.0759639985916,14.6162749795994));
#6134=CARTESIAN_POINT('Ctrl Pts',(16.3417312568242,90.180387091555,14.3202030223048));
#6135=CARTESIAN_POINT('Ctrl Pts',(16.2007926350514,90.2827431622533,14.0238517440974));
#6136=CARTESIAN_POINT('Ctrl Pts',(16.0592606114711,90.3831433456423,13.727427165042));
#6137=CARTESIAN_POINT('',(19.5934285863017,87.1493537918091,21.4348921190609));
#6138=CARTESIAN_POINT('Ctrl Pts',(19.593431932617,87.1493735510119,21.4348997962536));
#6139=CARTESIAN_POINT('Ctrl Pts',(19.1976971800067,87.641716858295,20.5294814863863));
#6140=CARTESIAN_POINT('Ctrl Pts',(18.5771015482078,88.3049283396475,19.1359358147936));
#6141=CARTESIAN_POINT('Ctrl Pts',(17.52710936448,89.2627136249343,16.8396754637383));
#6142=CARTESIAN_POINT('Ctrl Pts',(16.8900956030663,89.7720183781716,15.4780553788873));
#6143=CARTESIAN_POINT('Ctrl Pts',(16.4819523345631,90.0759639985916,14.6162749795994));
#6144=CARTESIAN_POINT('',(19.6824542112001,79.3924829094731,19.0226949007746));
#6145=CARTESIAN_POINT('Origin',(30.3511991208523,84.8666879963754,15.4926863003171));
#6146=CARTESIAN_POINT('',(19.0719676326578,79.1602035364647,16.6824756406273));
#6147=CARTESIAN_POINT('Ctrl Pts',(19.0719676327734,79.1602035366395,16.6824756405851));
#6148=CARTESIAN_POINT('Ctrl Pts',(19.2739848353394,79.214776941853,17.4624269324276));
#6149=CARTESIAN_POINT('Ctrl Pts',(19.4779238255625,79.2895420020102,18.2450788517354));
#6150=CARTESIAN_POINT('Ctrl Pts',(19.6824547996556,79.3924605691093,19.0226949481669));
#6151=CARTESIAN_POINT('',(28.343437910778,73.9044200971953,8.61214119392875));
#6152=CARTESIAN_POINT('Origin',(23.0100370725895,89.4647138856483,0.435938700982192));
#6153=CARTESIAN_POINT('',(29.7484405225423,74.2594134230618,7.66389485036341));
#6154=CARTESIAN_POINT('Ctrl Pts',(28.3434379108842,73.9044200973265,8.61214119413388));
#6155=CARTESIAN_POINT('Ctrl Pts',(28.8329462027852,73.9772894814526,8.31191016617277));
#6156=CARTESIAN_POINT('Ctrl Pts',(29.3032324060399,74.0967096214493,7.99566178614645));
#6157=CARTESIAN_POINT('Ctrl Pts',(29.7484405225055,74.2594134230351,7.66389485030096));
#6158=CARTESIAN_POINT('Origin',(25.7228856059847,87.7655622107198,6.));
#6159=CARTESIAN_POINT('Origin',(35.,80.,-13.0696196197057));
#6160=CARTESIAN_POINT('',(35.,105.202077438361,7.89930364481789));
#6161=CARTESIAN_POINT('Origin',(35.,105.864945493225,32.3290110917327));
#6162=CARTESIAN_POINT('',(35.,106.598545298318,10.6331167491164));
#6163=CARTESIAN_POINT('Ctrl Pts',(35.,105.202077438361,7.8993036448179));
#6164=CARTESIAN_POINT('Ctrl Pts',(35.,105.169424517785,7.93192768750653));
#6165=CARTESIAN_POINT('Ctrl Pts',(35.,105.138579876961,7.96500399107205));
#6166=CARTESIAN_POINT('Ctrl Pts',(35.,105.022433702072,8.09846686239867));
#6167=CARTESIAN_POINT('Ctrl Pts',(35.,104.932099321761,8.23042998966368));
#6168=CARTESIAN_POINT('Ctrl Pts',(35.,104.823473884085,8.45256665152094));
#6169=CARTESIAN_POINT('Ctrl Pts',(35.,104.779585118088,8.58214335157092));
#6170=CARTESIAN_POINT('Ctrl Pts',(35.,104.74050342143,8.79888295256101));
#6171=CARTESIAN_POINT('Ctrl Pts',(35.,104.735645701961,8.92626460907847));
#6172=CARTESIAN_POINT('Ctrl Pts',(35.,104.758622014262,9.13974802851571));
#6173=CARTESIAN_POINT('Ctrl Pts',(35.,104.791468011259,9.26572163700515));
#6174=CARTESIAN_POINT('Ctrl Pts',(35.,104.931308175285,9.60551232275753));
#6175=CARTESIAN_POINT('Ctrl Pts',(35.,105.131000081394,9.84359847346851));
#6176=CARTESIAN_POINT('Ctrl Pts',(35.,105.677407775437,10.29105377704));
#6177=CARTESIAN_POINT('Ctrl Pts',(35.,106.170759216353,10.5024795403191));
#6178=CARTESIAN_POINT('Ctrl Pts',(35.,106.598545298318,10.6331167491164));
#6179=CARTESIAN_POINT('',(35.,99.8680984298693,8.57777453504698));
#6180=CARTESIAN_POINT('',(35.,90.866140795134,5.82875892024847));
#6181=CARTESIAN_POINT('',(35.,97.2626511936942,13.5505239262988));
#6182=CARTESIAN_POINT('Origin',(35.,107.117615263772,28.2270044883237));
#6183=CARTESIAN_POINT('',(35.,96.9173935378027,14.2935623799));
#6184=CARTESIAN_POINT('Ctrl Pts',(35.,97.2626663222649,13.5505310623954));
#6185=CARTESIAN_POINT('Ctrl Pts',(35.,97.1465430045079,13.7967132667042));
#6186=CARTESIAN_POINT('Ctrl Pts',(35.,97.0314395874574,14.0444148251494));
#6187=CARTESIAN_POINT('Ctrl Pts',(35.,96.9173938649834,14.2935625296649));
#6188=CARTESIAN_POINT('Ctrl Pts',(35.,96.5230152510246,15.505433084887));
#6189=CARTESIAN_POINT('Ctrl Pts',(35.,96.5523744055646,15.1631578392313));
#6190=CARTESIAN_POINT('Ctrl Pts',(35.,96.6419238741322,14.8275810565243));
#6191=CARTESIAN_POINT('Ctrl Pts',(35.,96.833133060519,14.4367636524207));
#6192=CARTESIAN_POINT('Ctrl Pts',(35.,96.8752420391708,14.3616435157236));
#6193=CARTESIAN_POINT('Ctrl Pts',(35.,96.9173935378027,14.2935623799));
#6194=CARTESIAN_POINT('Origin',(35.,105.864945493225,32.3290110917326));
#6195=CARTESIAN_POINT('',(14.2937846542513,120.352994395181,13.3922984659889));
#6196=CARTESIAN_POINT('Ctrl Pts',(25.8887998666109,125.712813903219,7.71859464957095));
#6197=CARTESIAN_POINT('Ctrl Pts',(25.094357353331,125.917014062377,8.04190754574103));
#6198=CARTESIAN_POINT('Ctrl Pts',(24.2938614776179,126.02070436172,8.39371909932435));
#6199=CARTESIAN_POINT('Ctrl Pts',(23.5150896181581,126.02070436172,8.77342197879441));
#6200=CARTESIAN_POINT('Ctrl Pts',(22.6257752852144,126.02070436172,9.20702163814385));
#6201=CARTESIAN_POINT('Ctrl Pts',(21.7481577020806,125.885006250522,9.68596244188464));
#6202=CARTESIAN_POINT('Ctrl Pts',(20.0655625991631,125.354771669817,10.6664801703323));
#6203=CARTESIAN_POINT('Ctrl Pts',(19.2593466808558,124.961099697969,11.1663981806362));
#6204=CARTESIAN_POINT('Ctrl Pts',(16.965839781517,123.468575453269,12.5303021218758));
#6205=CARTESIAN_POINT('Ctrl Pts',(15.5970461683701,122.050257976275,13.2486772402784));
#6206=CARTESIAN_POINT('Ctrl Pts',(14.3608527370062,120.441116139883,13.3861449233061));
#6207=CARTESIAN_POINT('Ctrl Pts',(14.327338961975,120.397218633854,13.3894437049733));
#6208=CARTESIAN_POINT('Ctrl Pts',(14.2937846542507,120.352994395181,13.3922984659889));
#6209=CARTESIAN_POINT('',(13.0253141120087,118.360775080796,13.4023784529448));
#6210=CARTESIAN_POINT('Origin',(22.7440704095197,113.541261747199,7.19205903619954));
#6211=CARTESIAN_POINT('',(11.7630844179763,116.262658591535,12.5557160407679));
#6212=CARTESIAN_POINT('Ctrl Pts',(11.7630844179763,116.262658591535,12.5557160407679));
#6213=CARTESIAN_POINT('Ctrl Pts',(12.0217140982493,116.630588736839,12.861737856692));
#6214=CARTESIAN_POINT('Ctrl Pts',(12.2870844611514,117.05175554855,13.1006923009925));
#6215=CARTESIAN_POINT('Ctrl Pts',(12.711769691147,117.781226309064,13.3346844026344));
#6216=CARTESIAN_POINT('Ctrl Pts',(12.8709636796741,118.06782498984,13.3881734883543));
#6217=CARTESIAN_POINT('Ctrl Pts',(13.0253141120315,118.360775080755,13.402378452921));
#6218=CARTESIAN_POINT('',(12.0743675769314,116.106508989457,13.177620668189));
#6219=CARTESIAN_POINT('Ctrl Pts',(12.0743961637661,116.108414563577,13.1781218508206));
#6220=CARTESIAN_POINT('Ctrl Pts',(11.9708094801682,116.160964666011,12.9708657205023));
#6221=CARTESIAN_POINT('Ctrl Pts',(11.8670400335539,116.212869597521,12.76352299228));
#6222=CARTESIAN_POINT('Ctrl Pts',(11.7631021038273,116.264149025817,12.5561039772261));
#6223=CARTESIAN_POINT('',(15.479431395286,114.062800465167,20.1227596111306));
#6224=CARTESIAN_POINT('Ctrl Pts',(15.4794314095699,114.062800728174,20.1227596909101));
#6225=CARTESIAN_POINT('Ctrl Pts',(14.3810713398284,114.84490957824,17.8286078526936));
#6226=CARTESIAN_POINT('Ctrl Pts',(13.2392901709474,115.517457335527,15.5088405858309));
#6227=CARTESIAN_POINT('Ctrl Pts',(12.0743961637661,116.108414563577,13.1781218508206));
#6228=CARTESIAN_POINT('Origin',(26.1250165034453,111.423657263344,14.1263906377259));
#6229=CARTESIAN_POINT('Origin',(2.73204610048857,123.,8.30095350458798));
#6230=CARTESIAN_POINT('',(5.07333700258434,129.999999968002,15.1044656137056));
#6231=CARTESIAN_POINT('',(5.86177971558204,130.,14.7200474826003));
#6232=CARTESIAN_POINT('',(6.92803217957274,121.344060847252,17.2268271540628));
#6233=CARTESIAN_POINT('Ctrl Pts',(6.92729423500715,121.34432342318,17.2254252371236));
#6234=CARTESIAN_POINT('Ctrl Pts',(7.13489983809961,123.22246856734,17.4679176897571));
#6235=CARTESIAN_POINT('Ctrl Pts',(6.87447326958524,126.514344887685,17.1553696677668));
#6236=CARTESIAN_POINT('Ctrl Pts',(5.66569583956605,129.128212471791,15.763719832079));
#6237=CARTESIAN_POINT('Ctrl Pts',(5.07281689897829,129.999450466357,15.1042072589491));
#6238=CARTESIAN_POINT('',(10.5720844453292,120.352994395181,15.2068739012546));
#6239=CARTESIAN_POINT('Ctrl Pts',(6.92803217957274,121.344060847252,17.2268271540628));
#6240=CARTESIAN_POINT('Ctrl Pts',(8.1745307733036,121.111853867669,16.5756985913493));
#6241=CARTESIAN_POINT('Ctrl Pts',(9.3912271083751,120.776784753701,15.9116677893208));
#6242=CARTESIAN_POINT('Ctrl Pts',(10.5589417546281,120.357720714809,15.2147241156764));
#6243=CARTESIAN_POINT('Ctrl Pts',(10.5655138999656,120.355358889171,15.2107995460495));
#6244=CARTESIAN_POINT('Ctrl Pts',(10.5720844453279,120.352994395181,15.2068739012553));
#6245=CARTESIAN_POINT('',(6.95822871789556,120.352994395181,16.9688680064959));
#6246=CARTESIAN_POINT('Origin',(-8.99846760397175,130.,0.));
#6247=CARTESIAN_POINT('',(1.90909090909091,130.,-18.6922626633378));
#6248=CARTESIAN_POINT('Origin',(11.,130.,-22.9225074921005));
#6249=CARTESIAN_POINT('',(0.,130.,-18.2692381804615));
#6250=CARTESIAN_POINT('Origin',(1.,130.,-18.2692381804615));
#6251=CARTESIAN_POINT('',(1.83555139620248E-15,130.,3.23576076058857));
#6252=CARTESIAN_POINT('',(0.,130.,-8.56539543429085));
#6253=CARTESIAN_POINT('',(2.13117691795384,129.999999999996,14.3122194324622));
#6254=CARTESIAN_POINT('Origin',(29.8496691413898,130.,3.23576076058858));
#6255=CARTESIAN_POINT('',(3.11880746983757,129.999999999957,15.2605004635637));
#6256=CARTESIAN_POINT('Ctrl Pts',(3.11880746981772,130.,15.2605004635036));
#6257=CARTESIAN_POINT('Ctrl Pts',(3.00828216972574,130.,15.2353280648518));
#6258=CARTESIAN_POINT('Ctrl Pts',(2.90254760764495,130.000000000004,15.1916288731053));
#6259=CARTESIAN_POINT('Ctrl Pts',(2.69426708233299,130.000000000004,15.0704431638646));
#6260=CARTESIAN_POINT('Ctrl Pts',(2.59395473242545,129.999999999999,14.9897134067679));
#6261=CARTESIAN_POINT('Ctrl Pts',(2.34887525812886,129.999999999999,14.7376259583244));
#6262=CARTESIAN_POINT('Ctrl Pts',(2.2210396504189,130.,14.5370981165993));
#6263=CARTESIAN_POINT('Ctrl Pts',(2.13117691794992,130.,14.312219432454));
#6264=CARTESIAN_POINT('Ctrl Pts',(5.0733369589392,130.,15.104465565198));
#6265=CARTESIAN_POINT('Ctrl Pts',(4.85865898138863,130.,15.2091353028684));
#6266=CARTESIAN_POINT('Ctrl Pts',(4.62959791766204,130.,15.2788749866665));
#6267=CARTESIAN_POINT('Ctrl Pts',(4.13628950820351,130.,15.3599025439353));
#6268=CARTESIAN_POINT('Ctrl Pts',(3.87420486214404,130.,15.3648521320007));
#6269=CARTESIAN_POINT('Ctrl Pts',(3.44551432582231,130.,15.3249418377185));
#6270=CARTESIAN_POINT('Ctrl Pts',(3.27994139361018,130.,15.2971990959662));
#6271=CARTESIAN_POINT('Ctrl Pts',(3.1188074698496,130.,15.2605004635109));
#6272=CARTESIAN_POINT('Origin',(11.,134.119861432148,-23.6489502193684));
#6273=CARTESIAN_POINT('',(1.90909090909091,134.843275903466,-19.546262880134));
#6274=CARTESIAN_POINT('Ctrl Pts',(5.26407605602274,121.004640817924,-34.0371477132364));
#6275=CARTESIAN_POINT('Ctrl Pts',(5.50461330618588,118.098314415933,-35.1560978576433));
#6276=CARTESIAN_POINT('Ctrl Pts',(5.82551333053713,115.211531448497,-36.3316127788371));
#6277=CARTESIAN_POINT('Ctrl Pts',(6.26003935385332,112.345396234968,-37.5525449921103));
#6278=CARTESIAN_POINT('Ctrl Pts',(4.55515531306341,120.827373199781,-33.617251272419));
#6279=CARTESIAN_POINT('Ctrl Pts',(4.80472505811998,117.920518307236,-34.7620047104959));
#6280=CARTESIAN_POINT('Ctrl Pts',(5.13609423095179,115.035173306687,-35.9688618030497));
#6281=CARTESIAN_POINT('Ctrl Pts',(5.58530903146794,112.17214870586,-37.2263370431103));
#6282=CARTESIAN_POINT('Ctrl Pts',(3.91879933646642,120.614784864331,-33.0900333856868));
#6283=CARTESIAN_POINT('Ctrl Pts',(4.17176020045301,117.708337797746,-34.2646684890884));
#6284=CARTESIAN_POINT('Ctrl Pts',(4.50703143761892,114.825635673264,-35.507499831042));
#6285=CARTESIAN_POINT('Ctrl Pts',(4.96375849914725,111.967329941536,-36.8071075252697));
#6286=CARTESIAN_POINT('Ctrl Pts',(3.3863207566232,120.377336466014,-32.4814364177384));
#6287=CARTESIAN_POINT('Ctrl Pts',(3.63537320918305,117.471715306561,-33.6873245600345));
#6288=CARTESIAN_POINT('Ctrl Pts',(3.9660829690369,114.592157857475,-34.9677734528242));
#6289=CARTESIAN_POINT('Ctrl Pts',(4.42092739695468,111.73935598743,-36.3120826662769));
#6290=CARTESIAN_POINT('Ctrl Pts',(4.42092739695468,111.73935598743,-36.3120826662769));
#6291=CARTESIAN_POINT('Ctrl Pts',(3.9660829690369,114.592157857475,-34.9677734528242));
#6292=CARTESIAN_POINT('Ctrl Pts',(3.63537320918305,117.471715306561,-33.6873245600345));
#6293=CARTESIAN_POINT('Ctrl Pts',(3.3863207566232,120.377336466014,-32.4814364177384));
#6294=CARTESIAN_POINT('Origin',(0.,80.,-13.0696196197057));
#6295=CARTESIAN_POINT('',(0.,40.856471930098,-46.8394224823229));
#6296=CARTESIAN_POINT('',(0.,40.5841295071454,-29.6976069028249));
#6297=CARTESIAN_POINT('',(0.,60.9332923893912,-23.483384532402));
#6298=CARTESIAN_POINT('',(0.,46.17941449647,-27.5749239765596));
#6299=CARTESIAN_POINT('Origin',(0.,27.3755963743835,13.5552051357989));
#6300=CARTESIAN_POINT('',(-3.33066907387547E-15,47.3119237613149,-27.3033140743432));
#6301=CARTESIAN_POINT('Ctrl Pts',(0.,47.3119237613149,-27.3033140743433));
#6302=CARTESIAN_POINT('Ctrl Pts',(0.,46.9216243486407,-27.3193995115078));
#6303=CARTESIAN_POINT('Ctrl Pts',(0.,46.5346783715051,-27.4125049072106));
#6304=CARTESIAN_POINT('Ctrl Pts',(0.,46.1794144989968,-27.5749239754044));
#6305=CARTESIAN_POINT('',(0.,61.7814522487717,-25.7728183162942));
#6306=CARTESIAN_POINT('Origin',(0.,49.3399523001417,-7.11123738984797));
#6307=CARTESIAN_POINT('',(0.,70.5151191113164,-28.6925604086072));
#6308=CARTESIAN_POINT('Origin',(0.,61.024233259933,2.6496927004977));
#6309=CARTESIAN_POINT('',(0.,74.7681430520542,-36.4834846718125));
#6310=CARTESIAN_POINT('Origin',(0.,81.954981831075,11.2779478114598));
#6311=CARTESIAN_POINT('',(0.,40.856471930098,-46.8394224823229));
#6312=CARTESIAN_POINT('Origin',(15.,40.856471930098,-46.8394224823229));
#6313=CARTESIAN_POINT('',(15.,45.237443233688,-61.1854006796129));
#6314=CARTESIAN_POINT('Origin',(15.,40.856471930098,-46.8394224823229));
#6315=CARTESIAN_POINT('',(-1.21430643318376E-16,92.3328891810083,-31.1195668066419));
#6316=CARTESIAN_POINT('Ctrl Pts',(1.11022302462516E-15,92.3328891810083,
-31.1195668066419));
#6317=CARTESIAN_POINT('Ctrl Pts',(9.19668118857544E-16,91.9805554650095,
-32.2902045919643));
#6318=CARTESIAN_POINT('Ctrl Pts',(0.200776269091107,91.0068773578729,-34.442946136485));
#6319=CARTESIAN_POINT('Ctrl Pts',(0.870597969145122,88.2480220051711,-37.798418134663));
#6320=CARTESIAN_POINT('Ctrl Pts',(1.27479480709291,84.6034753241909,-39.783828467266));
#6321=CARTESIAN_POINT('Ctrl Pts',(0.917481531984319,80.5310622169666,-40.1761245090485));
#6322=CARTESIAN_POINT('Ctrl Pts',(0.440033813308115,77.90477852565,-39.4703678590245));
#6323=CARTESIAN_POINT('Ctrl Pts',(0.0835746294384267,75.9574997509071,-38.0583825768417));
#6324=CARTESIAN_POINT('Ctrl Pts',(-3.74723703758075E-15,75.1259085538908,
-37.0470113881876));
#6325=CARTESIAN_POINT('Ctrl Pts',(-6.10622663543836E-15,74.7681430520542,
-36.4834846718125));
#6326=CARTESIAN_POINT('',(0.,99.2155153284959,-29.0177521216608));
#6327=CARTESIAN_POINT('',(0.,40.856471930098,-46.8394224823229));
#6328=CARTESIAN_POINT('',(0.,115.710194952105,-23.9806109034625));
#6329=CARTESIAN_POINT('Ctrl Pts',(2.22044604925031E-15,115.710194952105,
-23.9806109034625));
#6330=CARTESIAN_POINT('Ctrl Pts',(-1.02701306014379E-15,115.011528790239,
-26.134045831161));
#6331=CARTESIAN_POINT('Ctrl Pts',(0.473510437737587,113.259473469846,-28.8099435697448));
#6332=CARTESIAN_POINT('Ctrl Pts',(1.01394615087364,109.349369028441,-31.6080857094417));
#6333=CARTESIAN_POINT('Ctrl Pts',(0.942003407035067,105.621073841998,-32.5919004560692));
#6334=CARTESIAN_POINT('Ctrl Pts',(0.281185113925261,101.695147463613,-31.602323937443));
#6335=CARTESIAN_POINT('Ctrl Pts',(7.31746094684888E-15,99.908253728498,
-30.0422323992646));
#6336=CARTESIAN_POINT('Ctrl Pts',(6.66133814775094E-15,99.2155153284959,
-29.0177521216608));
#6337=CARTESIAN_POINT('',(0.,40.856471930098,-46.8394224823229));
#6338=CARTESIAN_POINT('Origin',(20.,34.8882671350761,-34.9215898594717));
#6339=CARTESIAN_POINT('',(20.,39.0019121783677,-36.4543192984793));
#6340=CARTESIAN_POINT('',(20.,20.9695449940831,-66.5051470738022));
#6341=CARTESIAN_POINT('Ctrl Pts',(2.2181078255885,129.134073835724,15.2960840036162));
#6342=CARTESIAN_POINT('Ctrl Pts',(2.93374795030641,128.334622528834,15.943644806537));
#6343=CARTESIAN_POINT('Ctrl Pts',(4.26177267759097,125.902005952208,17.2341128016805));
#6344=CARTESIAN_POINT('Ctrl Pts',(4.43712489412826,122.713935107008,17.4210812559387));
#6345=CARTESIAN_POINT('Ctrl Pts',(4.13726982110476,121.044602856229,17.1213582241677));
#6346=CARTESIAN_POINT('Ctrl Pts',(2.53856263507754,129.518907171543,15.3717863040954));
#6347=CARTESIAN_POINT('Ctrl Pts',(3.2869557307319,128.663775521635,16.0659972545077));
#6348=CARTESIAN_POINT('Ctrl Pts',(4.67465318216929,126.076054478352,17.4478769623967));
#6349=CARTESIAN_POINT('Ctrl Pts',(4.85782003201395,122.697139280781,17.6481017539905));
#6350=CARTESIAN_POINT('Ctrl Pts',(4.54447153121087,120.925843573854,17.3271955875416));
#6351=CARTESIAN_POINT('Ctrl Pts',(3.30715982790249,130.224547543153,15.3031025989943));
#6352=CARTESIAN_POINT('Ctrl Pts',(4.11107989880774,129.271596321128,16.0997750447619));
#6353=CARTESIAN_POINT('Ctrl Pts',(5.60392736289064,126.40112739405,17.677361270821));
#6354=CARTESIAN_POINT('Ctrl Pts',(5.80166840044218,122.665300988482,17.9047545067023));
#6355=CARTESIAN_POINT('Ctrl Pts',(5.46429491265551,120.70529971762,17.5389154271658));
#6356=CARTESIAN_POINT('Ctrl Pts',(4.13865362795236,130.626721750982,14.8129379355926));
#6357=CARTESIAN_POINT('Ctrl Pts',(4.97573090521608,129.635947647765,15.7031647134909));
#6358=CARTESIAN_POINT('Ctrl Pts',(6.54060691655668,126.612712378552,17.4610101931879));
#6359=CARTESIAN_POINT('Ctrl Pts',(6.74926827789295,122.643860708285,17.7128775694772));
#6360=CARTESIAN_POINT('Ctrl Pts',(6.39488978069187,120.566424357917,17.3060060840359));
#6361=CARTESIAN_POINT('Ctrl Pts',(4.51818497617076,130.726520148212,14.4927582122974));
#6362=CARTESIAN_POINT('Ctrl Pts',(5.36697190509561,129.736119696757,15.4199802529407));
#6363=CARTESIAN_POINT('Ctrl Pts',(6.9602331609327,126.679570514941,17.2524689616974));
#6364=CARTESIAN_POINT('Ctrl Pts',(7.17346767826977,122.636392625411,17.514663998655));
#6365=CARTESIAN_POINT('Ctrl Pts',(6.81229338730612,120.525014988434,17.0907260029118));
#6366=CARTESIAN_POINT('',(4.76054591018973,122.038574604564,17.4591927896441));
#6367=CARTESIAN_POINT('Ctrl Pts',(4.76054591018973,122.038574604564,17.4591927896441));
#6368=CARTESIAN_POINT('Ctrl Pts',(4.60868863786986,122.929934072799,17.4615160823118));
#6369=CARTESIAN_POINT('Ctrl Pts',(4.20375445467288,124.639063439298,17.2232618930579));
#6370=CARTESIAN_POINT('Ctrl Pts',(3.77878210658612,126.706811562193,16.7509427596901));
#6371=CARTESIAN_POINT('Ctrl Pts',(3.43637360834796,128.529518128566,16.1224600147675));
#6372=CARTESIAN_POINT('Ctrl Pts',(3.23664859640095,129.485299159353,15.6180665502169));
#6373=CARTESIAN_POINT('Ctrl Pts',(3.11861473092444,130.000062051389,15.2606534687379));
#6374=CARTESIAN_POINT('',(5.39509879591068,120.739826121983,17.4278076221126));
#6375=CARTESIAN_POINT('Ctrl Pts',(5.39395719494579,120.739123320074,17.4265067600672));
#6376=CARTESIAN_POINT('Ctrl Pts',(5.07464019817847,121.152609770953,17.4833410232787));
#6377=CARTESIAN_POINT('Ctrl Pts',(4.83584138075153,121.596611374387,17.4580408302286));
#6378=CARTESIAN_POINT('Ctrl Pts',(4.76054591018971,122.038574604564,17.4591927896441));
#6379=CARTESIAN_POINT('Ctrl Pts',(5.39509879591067,120.739826121983,17.4278076221126));
#6380=CARTESIAN_POINT('Ctrl Pts',(5.67849787339612,120.907768336122,17.4716232878493));
#6381=CARTESIAN_POINT('Ctrl Pts',(5.93677470341035,121.060369929906,17.4748633901191));
#6382=CARTESIAN_POINT('Ctrl Pts',(6.29480554133892,121.232498519651,17.4355285291085));
#6383=CARTESIAN_POINT('Ctrl Pts',(6.43030856318939,121.289107194662,17.4105214535843));
#6384=CARTESIAN_POINT('Ctrl Pts',(6.6261761291558,121.338750418396,17.3537275844329));
#6385=CARTESIAN_POINT('Ctrl Pts',(6.68870728158501,121.349707892947,17.332541000118));
#6386=CARTESIAN_POINT('Ctrl Pts',(6.81157514937208,121.35762333046,17.2837508246975));
#6387=CARTESIAN_POINT('Ctrl Pts',(6.87064894200265,121.354750621266,17.2568022099439));
#6388=CARTESIAN_POINT('Ctrl Pts',(6.92803217957274,121.344060847252,17.2268271540628));
#6389=CARTESIAN_POINT('Origin',(1.,134.915617350598,-19.1359941462106));
#6390=CARTESIAN_POINT('',(0.,134.915617350598,-19.1359941462106));
#6391=CARTESIAN_POINT('Origin',(0.,80.,-13.0696196197057));
#6392=CARTESIAN_POINT('',(1.72879839892018E-15,122.439389234532,1.81814624206323));
#6393=CARTESIAN_POINT('Origin',(0.,105.864945493225,18.6474043855467));
#6394=CARTESIAN_POINT('',(0.,5.43935110999002E-15,-21.1392392394115));
#6395=CARTESIAN_POINT('Origin',(44.5194162838288,79.0189425344882,-0.999999999999996));
#6396=CARTESIAN_POINT('',(42.190259822574,75.9280475138363,1.00000000000001));
#6397=CARTESIAN_POINT('',(44.5194162838288,79.0189425344882,1.00000000000001));
#6398=CARTESIAN_POINT('Origin',(42.190259822574,75.9280475138363,-0.999999999999996));
#6399=CARTESIAN_POINT('Origin',(46.1166873039234,77.8153124881841,1.00000000000001));
#6400=CARTESIAN_POINT('',(37.4953255874699,71.8954663346488,1.00000000000001));
#6401=CARTESIAN_POINT('Origin',(25.7228856059847,87.7655622107198,1.00000000000001));
#6402=CARTESIAN_POINT('Ctrl Pts',(42.190259822574,75.9280475138363,1.00000000000001));
#6403=CARTESIAN_POINT('Ctrl Pts',(40.9391154430813,74.267722843931,1.00000000000001));
#6404=CARTESIAN_POINT('Ctrl Pts',(39.3247733599174,72.8829687982273,1.00000000000001));
#6405=CARTESIAN_POINT('Ctrl Pts',(37.4953255873235,71.8954663348461,1.00000000000001));
#6406=CARTESIAN_POINT('Ctrl Pts',(29.7484405223145,74.2594134229653,7.66389485044334));
#6407=CARTESIAN_POINT('Ctrl Pts',(31.9188301519463,74.3798991955424,7.94309033247788));
#6408=CARTESIAN_POINT('Ctrl Pts',(34.9614788724013,75.2619417648024,8.27496428714185));
#6409=CARTESIAN_POINT('Ctrl Pts',(38.7652000912082,78.248038139412,8.53263625417794));
#6410=CARTESIAN_POINT('Ctrl Pts',(40.9995920860971,82.5222185044065,8.47363977240806));
#6411=CARTESIAN_POINT('Ctrl Pts',(40.7484536708655,86.6438683861824,8.09612314525323));
#6412=CARTESIAN_POINT('Ctrl Pts',(40.1260897252573,88.6735240386057,7.84375765479953));
#6413=CARTESIAN_POINT('Ctrl Pts',(29.7179829445213,74.5605546706245,6.80618913728335));
#6414=CARTESIAN_POINT('Ctrl Pts',(31.8380224433834,74.7364973810082,7.07704620929307));
#6415=CARTESIAN_POINT('Ctrl Pts',(34.7597562691245,75.6684555580484,7.40770437541738));
#6416=CARTESIAN_POINT('Ctrl Pts',(38.3579347900198,78.5744323070149,7.67045339883769));
#6417=CARTESIAN_POINT('Ctrl Pts',(40.4935239771118,82.6230525522216,7.60915574905429));
#6418=CARTESIAN_POINT('Ctrl Pts',(40.3494866037282,86.5952832510006,7.22854263246959));
#6419=CARTESIAN_POINT('Ctrl Pts',(39.7946142381491,88.5887585909558,6.9813053363493));
#6420=CARTESIAN_POINT('Ctrl Pts',(29.7054009865784,74.684955453203,4.92174545272441));
#6421=CARTESIAN_POINT('Ctrl Pts',(31.7972373338949,74.958325398916,5.13571903046459));
#6422=CARTESIAN_POINT('Ctrl Pts',(34.6029965781968,76.00659074693,5.40787490683349));
#6423=CARTESIAN_POINT('Ctrl Pts',(37.9757051056828,78.8865969677966,5.63003820759234));
#6424=CARTESIAN_POINT('Ctrl Pts',(40.025881279719,82.7037330360074,5.57727156825787));
#6425=CARTESIAN_POINT('Ctrl Pts',(40.0651926067797,86.5522525818325,5.25927759727346));
#6426=CARTESIAN_POINT('Ctrl Pts',(39.6095494974345,88.54143353616,5.06125948917395));
#6427=CARTESIAN_POINT('Ctrl Pts',(29.8149748029714,73.6015733141685,2.83021352451371));
#6428=CARTESIAN_POINT('Ctrl Pts',(32.0620210569627,73.9253973548647,2.93798895849004));
#6429=CARTESIAN_POINT('Ctrl Pts',(35.0855460144251,75.1058302854672,3.07760906404238));
#6430=CARTESIAN_POINT('Ctrl Pts',(38.742105343669,78.290027610712,3.19318963141469));
#6431=CARTESIAN_POINT('Ctrl Pts',(41.000524939748,82.4701422669735,3.1654593161897));
#6432=CARTESIAN_POINT('Ctrl Pts',(41.103045997424,86.6518945711761,3.00111418388513));
#6433=CARTESIAN_POINT('Ctrl Pts',(40.6416465394178,88.8053630609193,2.9007135296954));
#6434=CARTESIAN_POINT('Ctrl Pts',(29.9944100701494,71.8274545513761,1.38314286809196));
#6435=CARTESIAN_POINT('Ctrl Pts',(32.5043542093177,72.1515840208339,1.4075651392903));
#6436=CARTESIAN_POINT('Ctrl Pts',(35.957225187678,73.4396327059907,1.439669392148));
#6437=CARTESIAN_POINT('Ctrl Pts',(40.2391851637399,77.112677836998,1.46663075158746));
#6438=CARTESIAN_POINT('Ctrl Pts',(42.8880063985299,82.0443080719734,1.46008666854839));
#6439=CARTESIAN_POINT('Ctrl Pts',(42.9354235505194,86.8400183350455,1.4220241624948));
#6440=CARTESIAN_POINT('Ctrl Pts',(42.3849739026643,89.2511695536861,1.39913500134134));
#6441=CARTESIAN_POINT('Ctrl Pts',(30.1313749665864,70.4732503504165,1.00000000000002));
#6442=CARTESIAN_POINT('Ctrl Pts',(32.843625408528,70.776151426164,0.999637953972603));
#6443=CARTESIAN_POINT('Ctrl Pts',(36.6445561012003,72.1181136240448,0.999681310350293));
#6444=CARTESIAN_POINT('Ctrl Pts',(41.4450746992003,76.1613448473487,0.999189812938344));
#6445=CARTESIAN_POINT('Ctrl Pts',(44.4053491742472,81.7075480756007,0.999481530118064));
#6446=CARTESIAN_POINT('Ctrl Pts',(44.3689498267799,86.9908604737379,0.999651566182896));
#6447=CARTESIAN_POINT('Ctrl Pts',(43.7299229074903,89.5951020883507,0.999999999999997));
#6448=CARTESIAN_POINT('Ctrl Pts',(30.2228999141666,69.5683216297735,1.00000000000002));
#6449=CARTESIAN_POINT('Ctrl Pts',(33.0708685815995,69.8563666183464,1.00000000000002));
#6450=CARTESIAN_POINT('Ctrl Pts',(37.1040420322751,71.2331128369485,1.00000000000001));
#6451=CARTESIAN_POINT('Ctrl Pts',(42.2533667200137,75.5238106843425,1.00000000000001));
#6452=CARTESIAN_POINT('Ctrl Pts',(45.4217860840509,81.4824403317468,1.00000000000001));
#6453=CARTESIAN_POINT('Ctrl Pts',(45.3278824183776,87.0913498572108,0.999999999999999));
#6454=CARTESIAN_POINT('Ctrl Pts',(44.6288357506326,89.8249735343871,0.999999999999998));
#6455=CARTESIAN_POINT('',(31.7459136350944,74.6984271781753,4.62106773931817));
#6456=CARTESIAN_POINT('Ctrl Pts',(31.7459136350945,74.6984271781753,4.62106773931817));
#6457=CARTESIAN_POINT('Ctrl Pts',(31.7359976993211,74.711883270242,4.67495012393408));
#6458=CARTESIAN_POINT('Ctrl Pts',(31.7250112204263,74.7241410302458,4.72908954701866));
#6459=CARTESIAN_POINT('Ctrl Pts',(31.6288808624767,74.8118826524586,5.16089325783749));
#6460=CARTESIAN_POINT('Ctrl Pts',(31.496122511802,74.8257776168013,5.52691492409355));
#6461=CARTESIAN_POINT('Ctrl Pts',(31.1374084227738,74.7646861027837,6.21739734348975));
#6462=CARTESIAN_POINT('Ctrl Pts',(30.9198897161611,74.6933574296758,6.53016363383757));
#6463=CARTESIAN_POINT('Ctrl Pts',(30.3965309656581,74.5040999601975,7.1322705046304));
#6464=CARTESIAN_POINT('Ctrl Pts',(30.0835010775813,74.3818631809148,7.41420934465618));
#6465=CARTESIAN_POINT('Ctrl Pts',(29.7484405223145,74.2594134229653,7.66389485044334));
#6466=CARTESIAN_POINT('',(34.7341857667457,70.7194514255469,1.0013626407934));
#6467=CARTESIAN_POINT('Ctrl Pts',(34.7341857667457,70.7194514255469,1.0013626407934));
#6468=CARTESIAN_POINT('Ctrl Pts',(34.4728661719388,71.0622219991215,1.01098474910831));
#6469=CARTESIAN_POINT('Ctrl Pts',(34.2133540878193,71.4036889695447,1.07151281985169));
#6470=CARTESIAN_POINT('Ctrl Pts',(33.6902205739493,72.0944308660432,1.29938446839404));
#6471=CARTESIAN_POINT('Ctrl Pts',(33.4292786655402,72.4403684351933,1.47399167061288));
#6472=CARTESIAN_POINT('Ctrl Pts',(32.8319848613743,73.2353303221021,2.03074386676322));
#6473=CARTESIAN_POINT('Ctrl Pts',(32.518348528646,73.6556969975449,2.46805849319433));
#6474=CARTESIAN_POINT('Ctrl Pts',(32.0327203896544,74.3095729886284,3.47657238285972));
#6475=CARTESIAN_POINT('Ctrl Pts',(31.8551669775351,74.5501685500358,4.02739400518725));
#6476=CARTESIAN_POINT('Ctrl Pts',(31.7459136350944,74.6984271781753,4.62106773931818));
#6477=CARTESIAN_POINT('Ctrl Pts',(37.4953255874074,71.895466334733,1.00000000000002));
#6478=CARTESIAN_POINT('Ctrl Pts',(36.6189803226128,71.4107024922686,1.00000000000182));
#6479=CARTESIAN_POINT('Ctrl Pts',(35.6933325584547,71.0135198013034,1.00012099953754));
#6480=CARTESIAN_POINT('Ctrl Pts',(34.7363054219048,70.7127071733104,1.00120272605925));
#6481=CARTESIAN_POINT('Ctrl Pts',(2.13117691794992,130.,14.312219432454));
#6482=CARTESIAN_POINT('Ctrl Pts',(2.40013003729558,129.409998473143,14.8746409355711));
#6483=CARTESIAN_POINT('Ctrl Pts',(2.78936878418805,128.377208717345,15.5505100907276));
#6484=CARTESIAN_POINT('Ctrl Pts',(3.34694923714509,126.480758924324,16.3238290039789));
#6485=CARTESIAN_POINT('Ctrl Pts',(3.83204503901595,124.485984865243,16.8458643125856));
#6486=CARTESIAN_POINT('Ctrl Pts',(4.12577843970889,122.832152067161,17.0347898840965));
#6487=CARTESIAN_POINT('Ctrl Pts',(4.20876311500334,121.997168460579,17.0174641730023));
#6488=CARTESIAN_POINT('Ctrl Pts',(2.1749287097694,130.145474450347,14.4489833857976));
#6489=CARTESIAN_POINT('Ctrl Pts',(2.44929179282895,129.52271590219,15.0101343933313));
#6490=CARTESIAN_POINT('Ctrl Pts',(2.83970196527673,128.451535539275,15.6710630949915));
#6491=CARTESIAN_POINT('Ctrl Pts',(3.39233324343537,126.517634323405,16.416944682043));
#6492=CARTESIAN_POINT('Ctrl Pts',(3.87426401798052,124.510559196431,16.9252009151351));
#6493=CARTESIAN_POINT('Ctrl Pts',(4.18020481181709,122.846329538722,17.1299756367227));
#6494=CARTESIAN_POINT('Ctrl Pts',(4.27023337661049,122.000347999079,17.1211966428289));
#6495=CARTESIAN_POINT('Ctrl Pts',(2.38229238153364,130.444945460667,14.6741171675907));
#6496=CARTESIAN_POINT('Ctrl Pts',(2.63743234562968,129.755691038648,15.2417276564494));
#6497=CARTESIAN_POINT('Ctrl Pts',(2.9992698847714,128.605623930224,15.8841970187703));
#6498=CARTESIAN_POINT('Ctrl Pts',(3.51310776316595,126.594621006003,16.5873575986345));
#6499=CARTESIAN_POINT('Ctrl Pts',(3.98093652903311,124.562161352103,17.0714667954833));
#6500=CARTESIAN_POINT('Ctrl Pts',(4.32009648240658,122.878092404488,17.3021220128731));
#6501=CARTESIAN_POINT('Ctrl Pts',(4.43090301610959,122.010924732112,17.306123027723));
#6502=CARTESIAN_POINT('Ctrl Pts',(2.75327097184555,130.653422627529,14.7218660369159));
#6503=CARTESIAN_POINT('Ctrl Pts',(2.95541886327229,129.941920058631,15.3271072849509));
#6504=CARTESIAN_POINT('Ctrl Pts',(3.2492653292221,128.742837085972,16.0001626764503));
#6505=CARTESIAN_POINT('Ctrl Pts',(3.684770076581,126.670501369846,16.70658323616));
#6506=CARTESIAN_POINT('Ctrl Pts',(4.12528288522818,124.613972665748,17.1800638638221));
#6507=CARTESIAN_POINT('Ctrl Pts',(4.50777242182163,122.912847406198,17.4195566713551));
#6508=CARTESIAN_POINT('Ctrl Pts',(4.64618749723606,122.028559843641,17.4221659645865));
#6509=CARTESIAN_POINT('Ctrl Pts',(2.94627792724363,130.715889360055,14.69681336399));
#6510=CARTESIAN_POINT('Ctrl Pts',(3.12517924715481,130.011142819616,15.3268167104521));
#6511=CARTESIAN_POINT('Ctrl Pts',(3.38526762690839,128.801565138001,16.0286561878695));
#6512=CARTESIAN_POINT('Ctrl Pts',(3.77878210658612,126.706811562193,16.7509427596901));
#6513=CARTESIAN_POINT('Ctrl Pts',(4.20375445467288,124.639063439298,17.2232618930579));
#6514=CARTESIAN_POINT('Ctrl Pts',(4.60868863786986,122.929934072799,17.4615160823118));
#6515=CARTESIAN_POINT('Ctrl Pts',(4.76054591018973,122.038574604564,17.4591927896441));
#6516=CARTESIAN_POINT('',(4.20876311500333,121.997168460579,17.0174641730023));
#6517=CARTESIAN_POINT('Ctrl Pts',(2.13117691794992,130.,14.312219432454));
#6518=CARTESIAN_POINT('Ctrl Pts',(2.40013003729558,129.409998473143,14.8746409355711));
#6519=CARTESIAN_POINT('Ctrl Pts',(2.78936878418805,128.377208717345,15.5505100907276));
#6520=CARTESIAN_POINT('Ctrl Pts',(3.34694923714509,126.480758924324,16.3238290039789));
#6521=CARTESIAN_POINT('Ctrl Pts',(3.83204503901595,124.485984865243,16.8458643125856));
#6522=CARTESIAN_POINT('Ctrl Pts',(4.12577843970889,122.832152067161,17.0347898840965));
#6523=CARTESIAN_POINT('Ctrl Pts',(4.20876311500334,121.997168460579,17.0174641730023));
#6524=CARTESIAN_POINT('Origin',(5.06383374267532,122.092724193506,16.5078335973915));
#6525=CARTESIAN_POINT('Ctrl Pts',(4.20876311500333,121.997168460579,17.0174641730023));
#6526=CARTESIAN_POINT('Ctrl Pts',(4.26649623214047,121.277340866635,16.9793625332228));
#6527=CARTESIAN_POINT('Ctrl Pts',(4.54268402099032,120.590990661062,16.9407067910891));
#6528=CARTESIAN_POINT('Ctrl Pts',(4.91649091327217,120.005918475622,16.7475912349042));
#6529=CARTESIAN_POINT('Ctrl Pts',(4.27023337661048,122.000347999079,17.1211966428289));
#6530=CARTESIAN_POINT('Ctrl Pts',(4.32974241618732,121.29731329272,17.0945724054811));
#6531=CARTESIAN_POINT('Ctrl Pts',(4.60825574451463,120.614506454991,17.0882135383521));
#6532=CARTESIAN_POINT('Ctrl Pts',(4.99745289167154,120.012466642643,16.9147401547746));
#6533=CARTESIAN_POINT('Ctrl Pts',(4.43092254706278,122.010927256277,17.306098394137));
#6534=CARTESIAN_POINT('Ctrl Pts',(4.50091579266968,121.350188295435,17.2991624777127));
#6535=CARTESIAN_POINT('Ctrl Pts',(4.80425962752642,120.691342342485,17.346851689642));
#6536=CARTESIAN_POINT('Ctrl Pts',(5.23608057234457,120.08779252293,17.2088963331128));
#6537=CARTESIAN_POINT('Ctrl Pts',(4.64618749723605,122.028559843642,17.4221659645865));
#6538=CARTESIAN_POINT('Ctrl Pts',(4.73510001972804,121.421641200806,17.421704765817));
#6539=CARTESIAN_POINT('Ctrl Pts',(5.08905636439636,120.811995781274,17.4762431671059));
#6540=CARTESIAN_POINT('Ctrl Pts',(5.55556691694253,120.264116963078,17.3353209466204));
#6541=CARTESIAN_POINT('Ctrl Pts',(4.76054591018971,122.038574604564,17.4591927896441));
#6542=CARTESIAN_POINT('Ctrl Pts',(4.85917805420598,121.459631666251,17.4576837981188));
#6543=CARTESIAN_POINT('Ctrl Pts',(5.23837028733757,120.87719102472,17.5015648147819));
#6544=CARTESIAN_POINT('Ctrl Pts',(5.71159233014898,120.364425012415,17.3467598068557));
#6545=CARTESIAN_POINT('',(4.91649091327218,120.005918475622,16.7475912349042));
#6546=CARTESIAN_POINT('Ctrl Pts',(4.91649091327216,120.005918475622,16.7475912349042));
#6547=CARTESIAN_POINT('Ctrl Pts',(4.91137158085169,120.102745086616,16.8895041257952));
#6548=CARTESIAN_POINT('Ctrl Pts',(4.93646329408665,120.201336974725,17.0126796967934));
#6549=CARTESIAN_POINT('Ctrl Pts',(5.02368013817958,120.382733605026,17.2028972941464));
#6550=CARTESIAN_POINT('Ctrl Pts',(5.08156387889315,120.465997717832,17.2746529317337));
#6551=CARTESIAN_POINT('Ctrl Pts',(5.18555585381479,120.578510993751,17.3529023605583));
#6552=CARTESIAN_POINT('Ctrl Pts',(5.22325583930667,120.614396090983,17.3746218400055));
#6553=CARTESIAN_POINT('Ctrl Pts',(5.30492331237633,120.68128330701,17.4083989461353));
#6554=CARTESIAN_POINT('Ctrl Pts',(5.34847882551221,120.712199140549,17.4205998179879));
#6555=CARTESIAN_POINT('Ctrl Pts',(5.39509879591067,120.739826121983,17.4278076221126));
#6556=CARTESIAN_POINT('Ctrl Pts',(4.20876311500333,121.997168460579,17.0174641730023));
#6557=CARTESIAN_POINT('Ctrl Pts',(4.26649623214047,121.277340866635,16.9793625332228));
#6558=CARTESIAN_POINT('Ctrl Pts',(4.54268402099032,120.590990661062,16.9407067910891));
#6559=CARTESIAN_POINT('Ctrl Pts',(4.91649091327217,120.005918475622,16.7475912349042));
#6560=CARTESIAN_POINT('Ctrl Pts',(22.2346899202259,79.7389546024137,20.191476425083));
#6561=CARTESIAN_POINT('Ctrl Pts',(22.128336316582,80.03869130016,20.3348643726278));
#6562=CARTESIAN_POINT('Ctrl Pts',(22.0937910287096,80.3752548830167,20.4544871936755));
#6563=CARTESIAN_POINT('Ctrl Pts',(22.1367612023924,80.7116743763527,20.5362720893606));
#6564=CARTESIAN_POINT('Ctrl Pts',(21.9793234392263,79.6079243358594,20.2759705133596));
#6565=CARTESIAN_POINT('Ctrl Pts',(21.8504434850796,79.9442747438573,20.4415604304023));
#6566=CARTESIAN_POINT('Ctrl Pts',(21.8014378639034,80.3263549987291,20.5820521992416));
#6567=CARTESIAN_POINT('Ctrl Pts',(21.8430105232157,80.714189758069,20.6802631547333));
#6568=CARTESIAN_POINT('Ctrl Pts',(21.4115523599176,79.3824499046744,20.3261732062888));
#6569=CARTESIAN_POINT('Ctrl Pts',(21.2339877946192,79.7943229500263,20.5284069755695));
#6570=CARTESIAN_POINT('Ctrl Pts',(21.1524076046938,80.2696807068735,20.7025216525573));
#6571=CARTESIAN_POINT('Ctrl Pts',(21.1873984273359,80.7626099361406,20.8255500534301));
#6572=CARTESIAN_POINT('Ctrl Pts',(20.4110189363761,79.1913594601561,19.9835117958265));
#6573=CARTESIAN_POINT('Ctrl Pts',(20.1642029378325,79.7222881063112,20.2096700371491));
#6574=CARTESIAN_POINT('Ctrl Pts',(20.0386963901261,80.3379630079437,20.398957829583));
#6575=CARTESIAN_POINT('Ctrl Pts',(20.0657594964898,80.979011678898,20.5247029987067));
#6576=CARTESIAN_POINT('Ctrl Pts',(19.8721248435369,79.2736855757286,19.4117099939337));
#6577=CARTESIAN_POINT('Ctrl Pts',(19.6137804978681,79.8587776412008,19.6181970099409));
#6578=CARTESIAN_POINT('Ctrl Pts',(19.4929902185051,80.5252029508141,19.7786584861711));
#6579=CARTESIAN_POINT('Ctrl Pts',(19.5321580477239,81.2057544581751,19.872360734964));
#6580=CARTESIAN_POINT('Ctrl Pts',(19.6824542112001,79.3924829094731,19.0226949007746));
#6581=CARTESIAN_POINT('Ctrl Pts',(19.4375081366096,79.990899427384,19.2103963018199));
#6582=CARTESIAN_POINT('Ctrl Pts',(19.3355018803175,80.6625481253948,19.348547486768));
#6583=CARTESIAN_POINT('Ctrl Pts',(19.3914295578644,81.3337028283586,19.4199887179916));
#6584=CARTESIAN_POINT('',(22.1367612023924,80.7116743763527,20.5362720893606));
#6585=CARTESIAN_POINT('',(19.3914295578644,81.3337028283586,19.4199887179914));
#6586=CARTESIAN_POINT('Origin',(21.291524678911,81.2410754973164,18.802689188979));
#6587=CARTESIAN_POINT('Ctrl Pts',(19.3914295578644,81.3337028283586,19.4199887179916));
#6588=CARTESIAN_POINT('Ctrl Pts',(19.3355018803175,80.6625481253948,19.348547486768));
#6589=CARTESIAN_POINT('Ctrl Pts',(19.4375081366096,79.990899427384,19.2103963018199));
#6590=CARTESIAN_POINT('Ctrl Pts',(19.6824542112001,79.3924829094731,19.0226949007746));
#6591=CARTESIAN_POINT('',(22.2346899202259,79.7389546024137,20.191476425083));
#6592=CARTESIAN_POINT('Origin',(21.3894533967445,80.2683557233774,18.4578935247014));
#6593=CARTESIAN_POINT('Ctrl Pts',(22.2346899202259,79.7389546024137,20.191476425083));
#6594=CARTESIAN_POINT('Ctrl Pts',(22.128336316582,80.03869130016,20.3348643726278));
#6595=CARTESIAN_POINT('Ctrl Pts',(22.0937910287096,80.3752548830167,20.4544871936755));
#6596=CARTESIAN_POINT('Ctrl Pts',(22.1367612023924,80.7116743763527,20.5362720893606));
#6597=CARTESIAN_POINT('Ctrl Pts',(22.1367612023924,80.7116743763526,20.5362720893606));
#6598=CARTESIAN_POINT('Ctrl Pts',(22.3353783782127,82.2666759956315,20.9142990697884));
#6599=CARTESIAN_POINT('Ctrl Pts',(22.3193790108279,83.8302556558635,21.3995853946154));
#6600=CARTESIAN_POINT('Ctrl Pts',(22.0894934562474,85.3310374223945,21.9699782014768));
#6601=CARTESIAN_POINT('Ctrl Pts',(21.8430105232157,80.7141897580689,20.6802631547333));
#6602=CARTESIAN_POINT('Ctrl Pts',(22.0421896698454,82.2380843746078,21.0484919201074));
#6603=CARTESIAN_POINT('Ctrl Pts',(22.0315483603918,83.772302793183,21.5222481265785));
#6604=CARTESIAN_POINT('Ctrl Pts',(21.8108280769501,85.2465228728875,22.0800370046198));
#6605=CARTESIAN_POINT('Ctrl Pts',(21.1874004838176,80.7626102960271,20.8255474925637));
#6606=CARTESIAN_POINT('Ctrl Pts',(21.3898605676189,82.2230075217064,21.1787562814216));
#6607=CARTESIAN_POINT('Ctrl Pts',(21.392009459392,83.6972721222086,21.6340520794919));
#6608=CARTESIAN_POINT('Ctrl Pts',(21.1918045786341,85.1170153856103,22.1713037855117));
#6609=CARTESIAN_POINT('Ctrl Pts',(20.0657638073017,80.9790121320453,20.5246988697791));
#6610=CARTESIAN_POINT('Ctrl Pts',(20.2721125337436,82.3501707711508,20.8751701547455));
#6611=CARTESIAN_POINT('Ctrl Pts',(20.2913274629552,83.7369891395285,21.3231153124922));
#6612=CARTESIAN_POINT('Ctrl Pts',(20.119270796868,85.0751619950407,21.8491622444842));
#6613=CARTESIAN_POINT('Ctrl Pts',(19.5321580477239,81.2057544581751,19.872360734964));
#6614=CARTESIAN_POINT('Ctrl Pts',(19.7314733804362,82.5533173505947,20.2408097584745));
#6615=CARTESIAN_POINT('Ctrl Pts',(19.745845724469,83.913014857764,20.7059650535164));
#6616=CARTESIAN_POINT('Ctrl Pts',(19.5742821411727,85.2207783296491,21.246378767715));
#6617=CARTESIAN_POINT('Ctrl Pts',(19.3914295578644,81.3337028283586,19.4199887179916));
#6618=CARTESIAN_POINT('Ctrl Pts',(19.5812552147543,82.6870362287896,19.801215549624));
#6619=CARTESIAN_POINT('Ctrl Pts',(19.5853813778851,84.0472412834023,20.2791767803945));
#6620=CARTESIAN_POINT('Ctrl Pts',(19.4038817730251,85.3521829996317,20.831958541801));
#6621=CARTESIAN_POINT('',(22.0894934562474,85.3310374223945,21.9699782014768));
#6622=CARTESIAN_POINT('',(19.4038817730251,85.3521829996317,20.831958541801));
#6623=CARTESIAN_POINT('Origin',(21.244256932766,85.8604385433582,20.2363953010952));
#6624=CARTESIAN_POINT('Ctrl Pts',(19.4038817730251,85.3521829996317,20.831958541801));
#6625=CARTESIAN_POINT('Ctrl Pts',(19.5853813778851,84.0472412834023,20.2791767803945));
#6626=CARTESIAN_POINT('Ctrl Pts',(19.5812552147543,82.6870362287896,19.801215549624));
#6627=CARTESIAN_POINT('Ctrl Pts',(19.3914295578644,81.3337028283586,19.4199887179916));
#6628=CARTESIAN_POINT('Ctrl Pts',(22.1367612023924,80.7116743763526,20.5362720893606));
#6629=CARTESIAN_POINT('Ctrl Pts',(22.3353783782127,82.2666759956315,20.9142990697884));
#6630=CARTESIAN_POINT('Ctrl Pts',(22.3193790108279,83.8302556558635,21.3995853946154));
#6631=CARTESIAN_POINT('Ctrl Pts',(22.0894934562474,85.3310374223945,21.9699782014768));
#6632=CARTESIAN_POINT('Ctrl Pts',(22.0894934562474,85.3310374223945,21.9699782014768));
#6633=CARTESIAN_POINT('Ctrl Pts',(22.0437578986961,85.629616821958,22.0834574198323));
#6634=CARTESIAN_POINT('Ctrl Pts',(22.0682300622579,85.9491912392091,22.1691171758441));
#6635=CARTESIAN_POINT('Ctrl Pts',(22.1599083953112,86.254726143576,22.2177220884435));
#6636=CARTESIAN_POINT('Ctrl Pts',(21.5321626976528,85.1620083233805,22.1900958077628));
#6637=CARTESIAN_POINT('Ctrl Pts',(21.4791701841951,85.5549911818274,22.3355336606403));
#6638=CARTESIAN_POINT('Ctrl Pts',(21.5191208606598,85.9697510199308,22.4435159234961));
#6639=CARTESIAN_POINT('Ctrl Pts',(21.644913608563,86.3640016650013,22.5021867001964));
#6640=CARTESIAN_POINT('Ctrl Pts',(20.3381023365379,85.0148439262274,22.0960630925137));
#6641=CARTESIAN_POINT('Ctrl Pts',(20.2781202899464,85.5650939213337,22.3098809414812));
#6642=CARTESIAN_POINT('Ctrl Pts',(20.3509434539868,86.1435629597622,22.4686575500459));
#6643=CARTESIAN_POINT('Ctrl Pts',(20.541006013816,86.6862609396984,22.5586203261128));
#6644=CARTESIAN_POINT('Ctrl Pts',(19.5742821411727,85.2207783296491,21.246378767715));
#6645=CARTESIAN_POINT('Ctrl Pts',(19.5040823366317,85.8106767725408,21.5011294110608));
#6646=CARTESIAN_POINT('Ctrl Pts',(19.5773394408172,86.4363718805083,21.7001305923187));
#6647=CARTESIAN_POINT('Ctrl Pts',(19.7830992186385,87.0305564580647,21.8239072122201));
#6648=CARTESIAN_POINT('Ctrl Pts',(19.4038817730251,85.3521829996317,20.831958541801));
#6649=CARTESIAN_POINT('Ctrl Pts',(19.3277427375082,85.9334674292555,21.0927480492297));
#6650=CARTESIAN_POINT('Ctrl Pts',(19.3935625341382,86.5552199775161,21.3012878287955));
#6651=CARTESIAN_POINT('Ctrl Pts',(19.5934285863017,87.1493537918091,21.4348921190609));
#6652=CARTESIAN_POINT('',(22.1599083953112,86.254726143576,22.2177220884435));
#6653=CARTESIAN_POINT('Origin',(21.3146718718298,86.7841272645397,20.4841391880619));
#6654=CARTESIAN_POINT('Ctrl Pts',(19.5934285863017,87.1493537918091,21.4348921190609));
#6655=CARTESIAN_POINT('Ctrl Pts',(19.3935625341382,86.5552199775161,21.3012878287955));
#6656=CARTESIAN_POINT('Ctrl Pts',(19.3277427375082,85.9334674292555,21.0927480492297));
#6657=CARTESIAN_POINT('Ctrl Pts',(19.4038817730251,85.3521829996317,20.831958541801));
#6658=CARTESIAN_POINT('Ctrl Pts',(22.0894934562474,85.3310374223945,21.9699782014768));
#6659=CARTESIAN_POINT('Ctrl Pts',(22.0437578986961,85.629616821958,22.0834574198323));
#6660=CARTESIAN_POINT('Ctrl Pts',(22.0682300622579,85.9491912392091,22.1691171758441));
#6661=CARTESIAN_POINT('Ctrl Pts',(22.1599083953112,86.254726143576,22.2177220884435));
#6662=CARTESIAN_POINT('Origin',(30.3511991208523,84.8666879963754,15.4926863003171));
#6663=CARTESIAN_POINT('Origin',(31.1964356443337,84.3372868754117,17.2262692006987));
#6664=CARTESIAN_POINT('Ctrl Pts',(19.3914295578644,81.3337028283587,19.4199887179916));
#6665=CARTESIAN_POINT('Ctrl Pts',(19.1219760856307,81.3217253636541,18.5923875886512));
#6666=CARTESIAN_POINT('Ctrl Pts',(18.8503828729989,81.3304577636007,17.7550236565103));
#6667=CARTESIAN_POINT('Ctrl Pts',(18.5799286715813,81.353019936133,16.9192951641954));
#6668=CARTESIAN_POINT('Ctrl Pts',(19.3662172093374,80.6824274678381,19.4401086717718));
#6669=CARTESIAN_POINT('Ctrl Pts',(19.0902413908312,80.6288062339934,18.6008876626904));
#6670=CARTESIAN_POINT('Ctrl Pts',(18.8140091565519,80.6010592382118,17.752075445023));
#6671=CARTESIAN_POINT('Ctrl Pts',(18.5396097822416,80.5905570489183,16.9052807032239));
#6672=CARTESIAN_POINT('Ctrl Pts',(19.4954613210754,80.0242375975395,19.4100378406342));
#6673=CARTESIAN_POINT('Ctrl Pts',(19.2331302954929,79.928083655243,18.5526568573701));
#6674=CARTESIAN_POINT('Ctrl Pts',(18.9716394055956,79.8631741464782,17.6861130686514));
#6675=CARTESIAN_POINT('Ctrl Pts',(18.7126391544172,79.8194359084676,16.8220012543975));
#6676=CARTESIAN_POINT('Ctrl Pts',(19.7642411102521,79.4351189469571,19.333247797363));
#6677=CARTESIAN_POINT('Ctrl Pts',(19.5323054719172,79.3098245637929,18.453695038175));
#6678=CARTESIAN_POINT('Ctrl Pts',(19.3009025309236,79.222048551844,17.5663512080717));
#6679=CARTESIAN_POINT('Ctrl Pts',(19.0719676327734,79.1602035366395,16.6824756405851));
#6680=CARTESIAN_POINT('',(18.5799286715813,81.353019936133,16.9192951641954));
#6681=CARTESIAN_POINT('Ctrl Pts',(19.3914295578644,81.3337028283587,19.4199887179916));
#6682=CARTESIAN_POINT('Ctrl Pts',(19.1219760856307,81.3217253636541,18.5923875886512));
#6683=CARTESIAN_POINT('Ctrl Pts',(18.8503828729989,81.3304577636007,17.7550236565103));
#6684=CARTESIAN_POINT('Ctrl Pts',(18.5799286715813,81.353019936133,16.9192951641954));
#6685=CARTESIAN_POINT('Origin',(22.3804174602509,81.1747453918476,15.6845874441029));
#6686=CARTESIAN_POINT('Origin',(31.1964356443337,84.3372868754117,17.2262692006987));
#6687=CARTESIAN_POINT('Ctrl Pts',(12.4467388829835,92.2532739476865,13.091133339056));
#6688=CARTESIAN_POINT('Ctrl Pts',(12.4473925488552,92.2539075167713,13.0957478305248));
#6689=CARTESIAN_POINT('Ctrl Pts',(12.4480503680585,92.2545461319682,13.1003594717544));
#6690=CARTESIAN_POINT('Ctrl Pts',(12.5006975235653,92.3057225371267,13.4683537616582));
#6691=CARTESIAN_POINT('Ctrl Pts',(12.7279222508501,92.545175253568,14.5394807081518));
#6692=CARTESIAN_POINT('Ctrl Pts',(13.2733545570358,93.22514126352,15.8699519819023));
#6693=CARTESIAN_POINT('Ctrl Pts',(14.0103805106812,94.3010771987616,16.7395523978401));
#6694=CARTESIAN_POINT('Ctrl Pts',(14.5239224974151,95.0784666720764,17.0390940182019));
#6695=CARTESIAN_POINT('Ctrl Pts',(14.8081068819776,95.5096851396785,17.0916890740553));
#6696=CARTESIAN_POINT('Ctrl Pts',(14.9510783029222,95.7243535970424,17.0875364345531));
#6697=CARTESIAN_POINT('Ctrl Pts',(12.4467388829835,92.2532739476865,13.091133339056));
#6698=CARTESIAN_POINT('Ctrl Pts',(12.4468858453738,92.2542007428228,13.095503175918));
#6699=CARTESIAN_POINT('Ctrl Pts',(12.4471135424974,92.2552945701858,13.0999264467665));
#6700=CARTESIAN_POINT('Ctrl Pts',(12.4601861640723,92.3317014610512,13.4492052126714));
#6701=CARTESIAN_POINT('Ctrl Pts',(12.5557023430097,92.636327915195,14.4750412303594));
#6702=CARTESIAN_POINT('Ctrl Pts',(12.8584300216536,93.2804149430884,15.8149756613306));
#6703=CARTESIAN_POINT('Ctrl Pts',(13.4382451212346,94.3608466831153,16.8847622537498));
#6704=CARTESIAN_POINT('Ctrl Pts',(13.9428354482965,95.2461072308773,17.3342913951525));
#6705=CARTESIAN_POINT('Ctrl Pts',(14.2640787645807,95.77280157186,17.4323226155707));
#6706=CARTESIAN_POINT('Ctrl Pts',(14.4347824754919,96.0389533359465,17.4353372490184));
#6707=CARTESIAN_POINT('Ctrl Pts',(12.4467388829835,92.2532739476865,13.091133339056));
#6708=CARTESIAN_POINT('Ctrl Pts',(12.4460441675352,92.2547713160592,13.0950855837999));
#6709=CARTESIAN_POINT('Ctrl Pts',(12.4454278283388,92.2565439589729,13.0991575158483));
#6710=CARTESIAN_POINT('Ctrl Pts',(12.391065881735,92.3796275403444,13.41598146574));
#6711=CARTESIAN_POINT('Ctrl Pts',(12.2720999897518,92.8136537581177,14.3566980020736));
#6712=CARTESIAN_POINT('Ctrl Pts',(12.1970866196452,93.547301490575,15.6120266390921));
#6713=CARTESIAN_POINT('Ctrl Pts',(12.3944073305778,94.7538929936982,16.7555284221989));
#6714=CARTESIAN_POINT('Ctrl Pts',(12.7540133305959,95.8029940062048,17.2962017133345));
#6715=CARTESIAN_POINT('Ctrl Pts',(13.0685736389493,96.4427703568955,17.4222384718173));
#6716=CARTESIAN_POINT('Ctrl Pts',(13.2549133346678,96.7629028720449,17.4272595174679));
#6717=CARTESIAN_POINT('Ctrl Pts',(12.4467388829835,92.2532739476865,13.091133339056));
#6718=CARTESIAN_POINT('Ctrl Pts',(12.4452138838571,92.2554251459891,13.0947189785907));
#6719=CARTESIAN_POINT('Ctrl Pts',(12.443730730683,92.2577051940833,13.0983332025663));
#6720=CARTESIAN_POINT('Ctrl Pts',(12.3228264583206,92.4313236057755,13.3846871026729));
#6721=CARTESIAN_POINT('Ctrl Pts',(12.0189051906606,93.0201212510865,14.2214949566631));
#6722=CARTESIAN_POINT('Ctrl Pts',(11.774250119799,94.0502279589752,15.2817619171884));
#6723=CARTESIAN_POINT('Ctrl Pts',(11.8889485347641,95.4140535483037,16.0523253408672));
#6724=CARTESIAN_POINT('Ctrl Pts',(12.1743875176743,96.392355828749,16.3433521659473));
#6725=CARTESIAN_POINT('Ctrl Pts',(12.4230626564399,96.9280853705903,16.3887980934207));
#6726=CARTESIAN_POINT('Ctrl Pts',(12.5718682407477,97.1885301104495,16.3770743855833));
#6727=CARTESIAN_POINT('Ctrl Pts',(12.4467388829835,92.2532739476865,13.091133339056));
#6728=CARTESIAN_POINT('Ctrl Pts',(12.4448651055344,92.2557257379375,13.0945591942696));
#6729=CARTESIAN_POINT('Ctrl Pts',(12.4429960214751,92.2581816540125,13.0979826564609));
#6730=CARTESIAN_POINT('Ctrl Pts',(12.2939348779438,92.4543071187093,13.3711573403059));
#6731=CARTESIAN_POINT('Ctrl Pts',(11.9156113960973,93.1148359071535,14.1619076602554));
#6732=CARTESIAN_POINT('Ctrl Pts',(11.6507573973082,94.2943476852668,15.1226191505371));
#6733=CARTESIAN_POINT('Ctrl Pts',(11.8155660010137,95.6859528483434,15.706810754467));
#6734=CARTESIAN_POINT('Ctrl Pts',(12.1049458762826,96.5803174093122,15.8797136756664));
#6735=CARTESIAN_POINT('Ctrl Pts',(12.3285479236452,97.0410759036926,15.8897139738051));
#6736=CARTESIAN_POINT('Ctrl Pts',(12.4578208792645,97.2616545577763,15.8718000612171));
#6737=CARTESIAN_POINT('',(14.9510783029227,95.7243535970421,17.0875364345528));
#6738=CARTESIAN_POINT('',(12.4578208792645,97.2616545577763,15.8718000612171));
#6739=CARTESIAN_POINT('Origin',(14.1058417794409,96.2537547180061,15.3539535341715));
#6740=CARTESIAN_POINT('',(12.4467388829835,92.2532739476865,13.0911333390559));
#6741=CARTESIAN_POINT('Ctrl Pts',(12.4578208792645,97.2616545577763,15.8718000612171));
#6742=CARTESIAN_POINT('Ctrl Pts',(12.3285479236452,97.0410759036926,15.8897139738051));
#6743=CARTESIAN_POINT('Ctrl Pts',(12.1049458762826,96.5803174093122,15.8797136756664));
#6744=CARTESIAN_POINT('Ctrl Pts',(11.8155660010137,95.6859528483434,15.706810754467));
#6745=CARTESIAN_POINT('Ctrl Pts',(11.6507573973082,94.2943476852668,15.1226191505371));
#6746=CARTESIAN_POINT('Ctrl Pts',(11.9156113960973,93.1148359071535,14.1619076602554));
#6747=CARTESIAN_POINT('Ctrl Pts',(12.2939348779438,92.4543071187093,13.3711573403059));
#6748=CARTESIAN_POINT('Ctrl Pts',(12.4429960214751,92.2581816540125,13.0979826564609));
#6749=CARTESIAN_POINT('Ctrl Pts',(12.4448651055344,92.2557257379375,13.0945591942696));
#6750=CARTESIAN_POINT('Ctrl Pts',(12.4467388829835,92.2532739476865,13.091133339056));
#6751=CARTESIAN_POINT('Ctrl Pts',(12.4467388829835,92.2532739476865,13.091133339056));
#6752=CARTESIAN_POINT('Ctrl Pts',(12.4473925488552,92.2539075167713,13.0957478305248));
#6753=CARTESIAN_POINT('Ctrl Pts',(12.4480503680585,92.2545461319682,13.1003594717544));
#6754=CARTESIAN_POINT('Ctrl Pts',(12.5006975235653,92.3057225371267,13.4683537616582));
#6755=CARTESIAN_POINT('Ctrl Pts',(12.7279222508501,92.545175253568,14.5394807081518));
#6756=CARTESIAN_POINT('Ctrl Pts',(13.2733545570358,93.22514126352,15.8699519819023));
#6757=CARTESIAN_POINT('Ctrl Pts',(14.0103805106812,94.3010771987616,16.7395523978401));
#6758=CARTESIAN_POINT('Ctrl Pts',(14.5239224974151,95.0784666720764,17.0390940182019));
#6759=CARTESIAN_POINT('Ctrl Pts',(14.8081068819776,95.5096851396785,17.0916890740553));
#6760=CARTESIAN_POINT('Ctrl Pts',(14.9510783029222,95.7243535970424,17.0875364345531));
#6761=CARTESIAN_POINT('Ctrl Pts',(14.9510783029223,95.7243535970424,17.0875364345531));
#6762=CARTESIAN_POINT('Ctrl Pts',(14.9929910243509,95.7926663260976,17.0879625303503));
#6763=CARTESIAN_POINT('Ctrl Pts',(15.0385100785922,95.8587837658453,17.0859599030513));
#6764=CARTESIAN_POINT('Ctrl Pts',(15.0873436365243,95.9221790996541,17.0815099595546));
#6765=CARTESIAN_POINT('Ctrl Pts',(14.6929303892071,95.8816534664945,17.2614368417858));
#6766=CARTESIAN_POINT('Ctrl Pts',(14.7413543956408,95.962528464789,17.2625311801313));
#6767=CARTESIAN_POINT('Ctrl Pts',(14.7942206715316,96.0409668360773,17.26069677235));
#6768=CARTESIAN_POINT('Ctrl Pts',(14.8512247627962,96.1163040976727,17.2559153989771));
#6769=CARTESIAN_POINT('Ctrl Pts',(14.0990061060304,96.2448964556397,17.4465199436709));
#6770=CARTESIAN_POINT('Ctrl Pts',(14.1598867452766,96.3511866105527,17.4478099569975));
#6771=CARTESIAN_POINT('Ctrl Pts',(14.2269357999311,96.4544613116194,17.4453206082867));
#6772=CARTESIAN_POINT('Ctrl Pts',(14.2998120678736,96.5539070297977,17.4389604592923));
#6773=CARTESIAN_POINT('Ctrl Pts',(13.0584514690831,96.8853581483357,17.1198106576253));
#6774=CARTESIAN_POINT('Ctrl Pts',(13.1352595450239,97.0243964702597,17.1168877674893));
#6775=CARTESIAN_POINT('Ctrl Pts',(13.2203990480926,97.1596789647825,17.1094696223794));
#6776=CARTESIAN_POINT('Ctrl Pts',(13.313370855916,97.2897965405507,17.0975015415923));
#6777=CARTESIAN_POINT('Ctrl Pts',(12.5718682407477,97.1885301104495,16.3770743855833));
#6778=CARTESIAN_POINT('Ctrl Pts',(12.6525806699843,97.3314214520781,16.3685576038697));
#6779=CARTESIAN_POINT('Ctrl Pts',(12.7414090700733,97.4695217477439,16.3559147198959));
#6780=CARTESIAN_POINT('Ctrl Pts',(12.8381341425066,97.6026431913904,16.339181415211));
#6781=CARTESIAN_POINT('Ctrl Pts',(12.4578208792645,97.2616545577763,15.8718000612171));
#6782=CARTESIAN_POINT('Ctrl Pts',(12.5379283725608,97.3983421036644,15.8606992193924));
#6783=CARTESIAN_POINT('Ctrl Pts',(12.6256160702981,97.530632935544,15.8459224867905));
#6784=CARTESIAN_POINT('Ctrl Pts',(12.7203305426528,97.6574729140491,15.8275298966759));
#6785=CARTESIAN_POINT('',(15.0873436365243,95.9221790996541,17.0815099595546));
#6786=CARTESIAN_POINT('',(12.7203305426528,97.6574729140491,15.8275298966759));
#6787=CARTESIAN_POINT('Origin',(14.2421071130429,96.4515802206178,15.347927059173));
#6788=CARTESIAN_POINT('Ctrl Pts',(12.7203305426528,97.6574729140491,15.8275298966759));
#6789=CARTESIAN_POINT('Ctrl Pts',(12.6256160702981,97.530632935544,15.8459224867905));
#6790=CARTESIAN_POINT('Ctrl Pts',(12.5379283725608,97.3983421036644,15.8606992193924));
#6791=CARTESIAN_POINT('Ctrl Pts',(12.4578208792645,97.2616545577763,15.8718000612171));
#6792=CARTESIAN_POINT('Ctrl Pts',(14.9510783029223,95.7243535970424,17.0875364345531));
#6793=CARTESIAN_POINT('Ctrl Pts',(14.9929910243509,95.7926663260976,17.0879625303503));
#6794=CARTESIAN_POINT('Ctrl Pts',(15.0385100785922,95.8587837658453,17.0859599030513));
#6795=CARTESIAN_POINT('Ctrl Pts',(15.0873436365243,95.9221790996541,17.0815099595546));
#6796=CARTESIAN_POINT('Ctrl Pts',(15.0873436365242,95.9221790996541,17.0815099595546));
#6797=CARTESIAN_POINT('Ctrl Pts',(17.062582745441,98.486418691534,16.9015168810373));
#6798=CARTESIAN_POINT('Ctrl Pts',(19.3101798881745,104.040321298069,17.5017137740056));
#6799=CARTESIAN_POINT('Ctrl Pts',(18.7437640199496,109.671989456834,19.4976764791566));
#6800=CARTESIAN_POINT('Ctrl Pts',(18.0147353677166,111.840028869134,20.5152015933627));
#6801=CARTESIAN_POINT('Ctrl Pts',(14.8512247627962,96.1163040976727,17.2559153989771));
#6802=CARTESIAN_POINT('Ctrl Pts',(16.7853761187869,98.6185266902422,17.0769813349608));
#6803=CARTESIAN_POINT('Ctrl Pts',(19.0007025088967,104.047769050325,17.654908606541));
#6804=CARTESIAN_POINT('Ctrl Pts',(18.4645220628646,109.579375101986,19.6055769732568));
#6805=CARTESIAN_POINT('Ctrl Pts',(17.7557571138736,111.712028135382,20.6023818181851));
#6806=CARTESIAN_POINT('Ctrl Pts',(14.2998185068437,96.5539013498354,17.438950201794));
#6807=CARTESIAN_POINT('Ctrl Pts',(16.1547944369055,98.9305683173375,17.268091725037));
#6808=CARTESIAN_POINT('Ctrl Pts',(18.3126409957788,104.106733374405,17.8164596147247));
#6809=CARTESIAN_POINT('Ctrl Pts',(17.844795242405,109.433408499957,19.6935787068265));
#6810=CARTESIAN_POINT('Ctrl Pts',(17.1797958290797,111.49324966493,20.6558724559614));
#6811=CARTESIAN_POINT('Ctrl Pts',(13.3133846566853,97.2897847591608,17.097485149366));
#6812=CARTESIAN_POINT('Ctrl Pts',(15.0683821786144,99.506865788819,16.9602849779355));
#6813=CARTESIAN_POINT('Ctrl Pts',(17.1476837433356,104.347488442016,17.5312841613972));
#6814=CARTESIAN_POINT('Ctrl Pts',(16.7706696157121,109.368496129429,19.3716725668663));
#6815=CARTESIAN_POINT('Ctrl Pts',(16.1675233945108,111.315033878608,20.3103313433943));
#6816=CARTESIAN_POINT('Ctrl Pts',(12.8381341425066,97.6026431913905,16.339181415211));
#6817=CARTESIAN_POINT('Ctrl Pts',(14.5728368546086,99.8055230259334,16.2325803427582));
#6818=CARTESIAN_POINT('Ctrl Pts',(16.6071414665754,104.597171222433,16.8765624479895));
#6819=CARTESIAN_POINT('Ctrl Pts',(16.2214765327672,109.508768430698,18.7743767087555));
#6820=CARTESIAN_POINT('Ctrl Pts',(15.627894115168,111.405844298286,19.7302122221148));
#6821=CARTESIAN_POINT('Ctrl Pts',(12.7203305426528,97.6574729140492,15.8275298966759));
#6822=CARTESIAN_POINT('Ctrl Pts',(14.4630241965968,99.8945891799647,15.7321764418826));
#6823=CARTESIAN_POINT('Ctrl Pts',(16.4747795448797,104.738369218815,16.4182127280268));
#6824=CARTESIAN_POINT('Ctrl Pts',(16.0480297819127,109.641909981521,18.363341128128));
#6825=CARTESIAN_POINT('Ctrl Pts',(15.441828499501,111.528217589624,19.336160735766));
#6826=CARTESIAN_POINT('',(18.0147353677166,111.840028869134,20.5152015933627));
#6827=CARTESIAN_POINT('',(15.441828499501,111.528217589624,19.336160735766));
#6828=CARTESIAN_POINT('Origin',(17.1694988442352,112.369429990097,18.7816186929811));
#6829=CARTESIAN_POINT('Ctrl Pts',(15.441828499501,111.528217589624,19.336160735766));
#6830=CARTESIAN_POINT('Ctrl Pts',(16.0480297819127,109.641909981521,18.363341128128));
#6831=CARTESIAN_POINT('Ctrl Pts',(16.4747795448797,104.738369218815,16.4182127280268));
#6832=CARTESIAN_POINT('Ctrl Pts',(14.4630241965968,99.8945891799647,15.7321764418826));
#6833=CARTESIAN_POINT('Ctrl Pts',(12.7203305426528,97.6574729140492,15.8275298966759));
#6834=CARTESIAN_POINT('Ctrl Pts',(15.0873436365242,95.9221790996541,17.0815099595546));
#6835=CARTESIAN_POINT('Ctrl Pts',(17.062582745441,98.486418691534,16.9015168810373));
#6836=CARTESIAN_POINT('Ctrl Pts',(19.3101798881745,104.040321298069,17.5017137740056));
#6837=CARTESIAN_POINT('Ctrl Pts',(18.7437640199496,109.671989456834,19.4976764791566));
#6838=CARTESIAN_POINT('Ctrl Pts',(18.0147353677166,111.840028869134,20.5152015933627));
#6839=CARTESIAN_POINT('Ctrl Pts',(18.0147353677166,111.840028869134,20.5152015933627));
#6840=CARTESIAN_POINT('Ctrl Pts',(17.8834147168092,112.230559949008,20.6984893968021));
#6841=CARTESIAN_POINT('Ctrl Pts',(17.8881738398302,112.68682409154,20.8355028409602));
#6842=CARTESIAN_POINT('Ctrl Pts',(18.0279615360732,113.111136431911,20.896923475768));
#6843=CARTESIAN_POINT('Ctrl Pts',(17.4967788600305,111.584027401631,20.6895620430075));
#6844=CARTESIAN_POINT('Ctrl Pts',(17.3269028159506,112.093568817162,20.9279198873349));
#6845=CARTESIAN_POINT('Ctrl Pts',(17.3350052270503,112.686074103926,21.1050680032643));
#6846=CARTESIAN_POINT('Ctrl Pts',(17.5183372774986,113.237477199829,21.1839809799975));
#6847=CARTESIAN_POINT('Ctrl Pts',(16.3843173214111,111.276307891957,20.5481716151499));
#6848=CARTESIAN_POINT('Ctrl Pts',(16.149275674154,111.989303913356,20.8835274569935));
#6849=CARTESIAN_POINT('Ctrl Pts',(16.1644406271666,112.820299212667,21.1336560410829));
#6850=CARTESIAN_POINT('Ctrl Pts',(16.4238261773092,113.589120678807,21.2457276174027));
#6851=CARTESIAN_POINT('Ctrl Pts',(15.627894115168,111.405844298286,19.7302122221148));
#6852=CARTESIAN_POINT('Ctrl Pts',(15.3689763778978,112.187253741294,20.1026490677374));
#6853=CARTESIAN_POINT('Ctrl Pts',(15.3841701487586,113.09787328986,20.3828342309931));
#6854=CARTESIAN_POINT('Ctrl Pts',(15.6691020276231,113.944003131422,20.5117747042904));
#6855=CARTESIAN_POINT('Ctrl Pts',(15.441828499501,111.528217589624,19.336160735766));
#6856=CARTESIAN_POINT('Ctrl Pts',(15.1823518532107,112.3071126658,19.7093084393386));
#6857=CARTESIAN_POINT('Ctrl Pts',(15.1958811855813,113.216895227117,19.9916648044317));
#6858=CARTESIAN_POINT('Ctrl Pts',(15.4794313952863,114.062800465166,20.1227596111312));
#6859=CARTESIAN_POINT('',(18.0279615360732,113.111136431911,20.896923475768));
#6860=CARTESIAN_POINT('Origin',(17.1827250125918,113.640537552875,19.1633405753864));
#6861=CARTESIAN_POINT('Ctrl Pts',(15.4794313952863,114.062800465166,20.1227596111312));
#6862=CARTESIAN_POINT('Ctrl Pts',(15.1958811855813,113.216895227117,19.9916648044317));
#6863=CARTESIAN_POINT('Ctrl Pts',(15.1823518532107,112.3071126658,19.7093084393386));
#6864=CARTESIAN_POINT('Ctrl Pts',(15.441828499501,111.528217589624,19.336160735766));
#6865=CARTESIAN_POINT('Ctrl Pts',(18.0147353677166,111.840028869134,20.5152015933627));
#6866=CARTESIAN_POINT('Ctrl Pts',(17.8834147168092,112.230559949008,20.6984893968021));
#6867=CARTESIAN_POINT('Ctrl Pts',(17.8881738398302,112.68682409154,20.8355028409602));
#6868=CARTESIAN_POINT('Ctrl Pts',(18.0279615360732,113.111136431911,20.896923475768));
#6869=CARTESIAN_POINT('Origin',(26.1250165034453,111.423657263344,14.1263906377259));
#6870=CARTESIAN_POINT('Origin',(26.9702530269267,110.89425614238,15.8599735381075));
#6871=CARTESIAN_POINT('Origin',(20.4988374696731,104.109327076903,16.9432374156413));
#6872=CARTESIAN_POINT('Ctrl Pts',(17.8317853806115,92.8069837181315,14.7920951731058));
#6873=CARTESIAN_POINT('Ctrl Pts',(17.0028744146397,93.9227956672707,15.5369905683755));
#6874=CARTESIAN_POINT('Ctrl Pts',(16.0335864986246,94.9074080954535,16.3102633500145));
#6875=CARTESIAN_POINT('Ctrl Pts',(14.9510783029223,95.7243535970425,17.0875364345531));
#6876=CARTESIAN_POINT('',(32.1683107623347,100.979924291073,10.2979397624527));
#6877=CARTESIAN_POINT('Origin',(26.9702530269267,110.89425614238,15.8599735381075));
#6878=CARTESIAN_POINT('Ctrl Pts',(32.1683107623347,100.979924291073,10.2979397624528));
#6879=CARTESIAN_POINT('Ctrl Pts',(32.4377615641838,101.163456415878,10.2226116391936));
#6880=CARTESIAN_POINT('Ctrl Pts',(32.7340002831296,101.294966480377,10.1183361465894));
#6881=CARTESIAN_POINT('Ctrl Pts',(33.3046718025586,101.42023576491,9.87835067408251));
#6882=CARTESIAN_POINT('Ctrl Pts',(33.5760245881431,101.427089431799,9.74814118448374));
#6883=CARTESIAN_POINT('Ctrl Pts',(34.0538797844471,101.327191266861,9.48464823860192));
#6884=CARTESIAN_POINT('Ctrl Pts',(34.2601668181036,101.235894881928,9.35618957438608));
#6885=CARTESIAN_POINT('Ctrl Pts',(34.6005047442356,100.972598173374,9.10984680182337));
#6886=CARTESIAN_POINT('Ctrl Pts',(34.7339867094781,100.81079646192,8.99535453287525));
#6887=CARTESIAN_POINT('Ctrl Pts',(34.8861770966246,100.508332559277,8.82878528326761));
#6888=CARTESIAN_POINT('Ctrl Pts',(34.928644320279,100.388535430683,8.77149608029643));
#6889=CARTESIAN_POINT('Ctrl Pts',(34.9858745826098,100.135251951938,8.66624488896347));
#6890=CARTESIAN_POINT('Ctrl Pts',(35.,100.002927572437,8.61894862553806));
#6891=CARTESIAN_POINT('Ctrl Pts',(35.,99.8680984298693,8.57777453504696));
#6892=CARTESIAN_POINT('Ctrl Pts',(19.8569620258123,89.1364748407225,12.6837882785071));
#6893=CARTESIAN_POINT('Ctrl Pts',(18.8137265247961,91.8054027849939,14.0074712665055));
#6894=CARTESIAN_POINT('Ctrl Pts',(17.1069299335661,94.0973790404156,15.5395708363149));
#6895=CARTESIAN_POINT('Ctrl Pts',(14.9510783029223,95.7243535970425,17.0875364345531));
#6896=CARTESIAN_POINT('Ctrl Pts',(18.8470906523699,88.5815766211754,13.0067128004782));
#6897=CARTESIAN_POINT('Ctrl Pts',(17.8996745915353,91.1019493564637,14.2367250155856));
#6898=CARTESIAN_POINT('Ctrl Pts',(16.3216732017133,93.2818337158294,15.6744046533022));
#6899=CARTESIAN_POINT('Ctrl Pts',(14.3111446301658,94.8372792180846,17.1286519429059));
#6900=CARTESIAN_POINT('Ctrl Pts',(16.6743118972005,87.8866819470104,12.6953874130714));
#6901=CARTESIAN_POINT('Ctrl Pts',(15.9169881571343,90.1313440642399,13.8252807590947));
#6902=CARTESIAN_POINT('Ctrl Pts',(14.5875777885212,92.1003720786012,15.1428338705006));
#6903=CARTESIAN_POINT('Ctrl Pts',(12.8481179907104,93.5166865078257,16.4790912367561));
#6904=CARTESIAN_POINT('Ctrl Pts',(15.1705930052228,88.1028048562354,11.0744937225571));
#6905=CARTESIAN_POINT('Ctrl Pts',(14.4500637373615,90.1945449383186,12.2547878436923));
#6906=CARTESIAN_POINT('Ctrl Pts',(13.1993725545343,92.0081679311264,13.5977389256457));
#6907=CARTESIAN_POINT('Ctrl Pts',(11.5772007658467,93.3026067359513,14.9340913786008));
#6908=CARTESIAN_POINT('Ctrl Pts',(14.7911694000384,88.3403089515136,10.2965812609216));
#6909=CARTESIAN_POINT('Ctrl Pts',(14.0452671805871,90.4052003796501,11.5120437847736));
#6910=CARTESIAN_POINT('Ctrl Pts',(12.7847733127872,92.1747738807584,12.8817024477825));
#6911=CARTESIAN_POINT('Ctrl Pts',(11.1691792108022,93.4289666486081,14.2330303867507));
#6912=CARTESIAN_POINT('',(14.7911694000384,88.3403089515136,10.2965812609216));
#6913=CARTESIAN_POINT('Ctrl Pts',(12.4456364470907,92.2521218501806,13.0912646298814));
#6914=CARTESIAN_POINT('Ctrl Pts',(13.4536871279525,91.1550472618206,12.1227640402005));
#6915=CARTESIAN_POINT('Ctrl Pts',(14.2552497431611,89.8239027481239,11.1698730165208));
#6916=CARTESIAN_POINT('Ctrl Pts',(14.7911694000384,88.3403089515136,10.2965812609216));
#6917=CARTESIAN_POINT('Ctrl Pts',(16.0573341300372,90.3817114812337,13.7255477406282));
#6918=CARTESIAN_POINT('Ctrl Pts',(15.9923524418285,90.3074237403172,13.6517671419893));
#6919=CARTESIAN_POINT('Ctrl Pts',(15.9300669508901,90.2341621351377,13.5740987144713));
#6920=CARTESIAN_POINT('Ctrl Pts',(15.8704434518854,90.1621289612071,13.49299725476));
#6921=CARTESIAN_POINT('Ctrl Pts',(15.8257738344753,90.1081620794569,13.4322364601542));
#6922=CARTESIAN_POINT('Ctrl Pts',(15.7825984096581,90.0548838657947,13.369547800116));
#6923=CARTESIAN_POINT('Ctrl Pts',(15.740903881655,90.0023667344969,13.3051083566727));
#6924=CARTESIAN_POINT('Ctrl Pts',(15.6838477132465,89.9305005584979,13.2169272951916));
#6925=CARTESIAN_POINT('Ctrl Pts',(15.6295643608288,89.8600585855653,13.1254705793156));
#6926=CARTESIAN_POINT('Ctrl Pts',(15.5779646433474,89.7910682310724,13.0313341307686));
#6927=CARTESIAN_POINT('Ctrl Pts',(15.5247909387109,89.7199734090147,12.9343261633824));
#6928=CARTESIAN_POINT('Ctrl Pts',(15.4744671455977,89.6504198719409,12.8344721867841));
#6929=CARTESIAN_POINT('Ctrl Pts',(15.426901469447,89.5824327862718,12.7323680512244));
#6930=CARTESIAN_POINT('Ctrl Pts',(15.3771679004126,89.5113470645455,12.6256103325185));
#6931=CARTESIAN_POINT('Ctrl Pts',(15.3304496845595,89.4419735185189,12.5163924830154));
#6932=CARTESIAN_POINT('Ctrl Pts',(15.2866469812688,89.3743400768496,12.4053386272779));
#6933=CARTESIAN_POINT('Ctrl Pts',(15.2687075080381,89.3466406833151,12.359856327728));
#6934=CARTESIAN_POINT('Ctrl Pts',(15.2512571101082,89.3192331806072,12.3140654449633));
#6935=CARTESIAN_POINT('Ctrl Pts',(15.2342890938439,89.2921196486695,12.2680063887203));
#6936=CARTESIAN_POINT('Ctrl Pts',(15.1879840807236,89.2181279437726,12.1423131332197));
#6937=CARTESIAN_POINT('Ctrl Pts',(15.1449135840694,89.145750502751,12.0136525316765));
#6938=CARTESIAN_POINT('Ctrl Pts',(15.1050737566674,89.0750722857958,11.8826066491025));
#6939=CARTESIAN_POINT('Ctrl Pts',(15.0626406791875,88.9997934893811,11.7430307409903));
#6940=CARTESIAN_POINT('Ctrl Pts',(15.0238723984759,88.9264420070276,11.6007486820046));
#6941=CARTESIAN_POINT('Ctrl Pts',(14.9888007313921,88.8551150349544,11.4564160929161));
#6942=CARTESIAN_POINT('Ctrl Pts',(14.9523701907032,88.7810244548826,11.3064912476859));
#6943=CARTESIAN_POINT('Ctrl Pts',(14.9199283744758,88.7091177716477,11.154353408993));
#6944=CARTESIAN_POINT('Ctrl Pts',(14.8915491969214,88.6395049261457,11.0006936093583));
#6945=CARTESIAN_POINT('Ctrl Pts',(14.8617296868897,88.5663590098905,10.8392350918273));
#6946=CARTESIAN_POINT('Ctrl Pts',(14.8363958484737,88.4957448187556,10.6760957448484));
#6947=CARTESIAN_POINT('Ctrl Pts',(14.8156727622459,88.4278018561029,10.5120372153869));
#6948=CARTESIAN_POINT('Ctrl Pts',(14.8071146738747,88.3997432034392,10.4442853671461));
#6949=CARTESIAN_POINT('Ctrl Pts',(14.7993433664972,88.3721403346655,10.3763763400343));
#6950=CARTESIAN_POINT('Ctrl Pts',(14.7923693118595,88.3450042096669,10.3083622059613));
#6951=CARTESIAN_POINT('Ctrl Pts',(14.791966728129,88.3434377518457,10.3044360273976));
#6952=CARTESIAN_POINT('Ctrl Pts',(14.7915667562029,88.3418726649346,10.3005090428613));
#6953=CARTESIAN_POINT('Ctrl Pts',(14.7911694000384,88.3403089515136,10.2965812609216));
#6954=CARTESIAN_POINT('Origin',(10.108799783262,138.226067375551,20.8908305126476));
#6955=CARTESIAN_POINT('Ctrl Pts',(13.0250980909542,118.360923902663,13.4025292247067));
#6956=CARTESIAN_POINT('Ctrl Pts',(12.7201428463429,118.670792175541,13.6458426086196));
#6957=CARTESIAN_POINT('Ctrl Pts',(11.9425889879779,119.392545205829,14.2453603952385));
#6958=CARTESIAN_POINT('Ctrl Pts',(11.0942207365813,120.017670670137,14.8498967879078));
#6959=CARTESIAN_POINT('Ctrl Pts',(10.5714682014264,120.351700356959,15.2067791879119));
#6960=CARTESIAN_POINT('Ctrl Pts',(15.4399719108122,115.130477797112,11.2386053991955));
#6961=CARTESIAN_POINT('Ctrl Pts',(14.552427473487,116.716593672189,12.1557097941071));
#6962=CARTESIAN_POINT('Ctrl Pts',(11.8867995615696,119.975573370749,14.4506064349911));
#6963=CARTESIAN_POINT('Ctrl Pts',(8.16149043565374,121.78859819997,16.8206025341122));
#6964=CARTESIAN_POINT('Ctrl Pts',(5.88394874238423,122.25356878562,18.0730476128467));
#6965=CARTESIAN_POINT('Ctrl Pts',(14.511670896042,114.466556439342,11.488465507609));
#6966=CARTESIAN_POINT('Ctrl Pts',(13.6962075828684,115.969825399632,12.3441946318825));
#6967=CARTESIAN_POINT('Ctrl Pts',(11.2261422668632,119.07183820534,14.4956966252029));
#6968=CARTESIAN_POINT('Ctrl Pts',(7.7352351075519,120.816238369391,16.7319830709361));
#6969=CARTESIAN_POINT('Ctrl Pts',(5.59544904230195,121.270324542798,17.9134474456169));
#6970=CARTESIAN_POINT('Ctrl Pts',(12.4995639725344,113.568655749297,11.094115888801));
#6971=CARTESIAN_POINT('Ctrl Pts',(11.8239080116944,114.916725015356,11.8810067349795));
#6972=CARTESIAN_POINT('Ctrl Pts',(9.72702104379365,117.72162446681,13.8584716091028));
#6973=CARTESIAN_POINT('Ctrl Pts',(6.66997211689691,119.329553772264,15.9107586194771));
#6974=CARTESIAN_POINT('Ctrl Pts',(4.77975641338063,119.756640722084,16.9920852731366));
#6975=CARTESIAN_POINT('Ctrl Pts',(11.0327186553032,113.665042517966,9.50785047154886));
#6976=CARTESIAN_POINT('Ctrl Pts',(10.3948691377182,114.915501004177,10.3187330734656));
#6977=CARTESIAN_POINT('Ctrl Pts',(8.42683553121162,117.49913551691,12.3274501577378));
#6978=CARTESIAN_POINT('Ctrl Pts',(5.58116308489427,118.95555490095,14.3552015364815));
#6979=CARTESIAN_POINT('Ctrl Pts',(3.82346519125254,119.334700634038,15.4097377250434));
#6980=CARTESIAN_POINT('Ctrl Pts',(10.6366441764083,113.87821221222,8.75586897361126));
#6981=CARTESIAN_POINT('Ctrl Pts',(9.98716651442347,115.106758609911,9.5863241485313));
#6982=CARTESIAN_POINT('Ctrl Pts',(8.007966113148,117.627773986874,11.6313816075601));
#6983=CARTESIAN_POINT('Ctrl Pts',(5.1913625900222,119.025421544601,13.6706359155548));
#6984=CARTESIAN_POINT('Ctrl Pts',(3.45692137397538,119.382587180846,14.7254085863644));
#6985=CARTESIAN_POINT('',(5.31377012464287,118.81399302682,13.5218960267973));
#6986=CARTESIAN_POINT('Ctrl Pts',(5.31377012464286,118.81399302682,13.5218960267973));
#6987=CARTESIAN_POINT('Ctrl Pts',(5.31296204748883,118.814643400376,13.5260215506046));
#6988=CARTESIAN_POINT('Ctrl Pts',(5.31215512482671,118.815296291553,13.530146906928));
#6989=CARTESIAN_POINT('Ctrl Pts',(5.12502104765029,118.967511035651,14.4881918568711));
#6990=CARTESIAN_POINT('Ctrl Pts',(5.00204322576614,119.252145334583,15.4219630702976));
#6991=CARTESIAN_POINT('Ctrl Pts',(4.93211850007122,119.785809535752,16.4053248738708));
#6992=CARTESIAN_POINT('Ctrl Pts',(4.92254963298048,119.891324374647,16.5796376116024));
#6993=CARTESIAN_POINT('Ctrl Pts',(4.91649091327217,120.005918475622,16.7475912349041));
#6994=CARTESIAN_POINT('',(10.6366441764083,113.87821221222,8.75586897361125));
#6995=CARTESIAN_POINT('Ctrl Pts',(5.31318123362115,118.812797765912,13.5217287096103));
#6996=CARTESIAN_POINT('Ctrl Pts',(6.33866858445308,118.388088293261,12.8129180245333));
#6997=CARTESIAN_POINT('Ctrl Pts',(8.42407113721612,117.097758348522,11.2014308644916));
#6998=CARTESIAN_POINT('Ctrl Pts',(9.98716651442347,115.106758609911,9.5863241485313));
#6999=CARTESIAN_POINT('Ctrl Pts',(10.6366441764083,113.87821221222,8.75586897361126));
#7000=CARTESIAN_POINT('Ctrl Pts',(11.7630844179763,116.262658591535,12.5557160407679));
#7001=CARTESIAN_POINT('Ctrl Pts',(11.4755293604054,115.853578806093,12.2154684682419));
#7002=CARTESIAN_POINT('Ctrl Pts',(11.2517807166969,115.479963976935,11.7723523828862));
#7003=CARTESIAN_POINT('Ctrl Pts',(10.8186327726222,114.642218013049,10.5398961417493));
#7004=CARTESIAN_POINT('Ctrl Pts',(10.6722553373274,114.215657688655,9.6554211412458));
#7005=CARTESIAN_POINT('Ctrl Pts',(10.6369562714622,113.881228514738,8.76392515841741));
#7006=CARTESIAN_POINT('Ctrl Pts',(10.6367990889886,113.87971952512,8.75989742176489));
#7007=CARTESIAN_POINT('Ctrl Pts',(10.6366441764083,113.87821221222,8.75586897361126));
#7008=CARTESIAN_POINT('Ctrl Pts',(2.4128268966276,118.792920830379,2.24727293367316));
#7009=CARTESIAN_POINT('Ctrl Pts',(2.54951664465339,118.964379184555,4.20978838463406));
#7010=CARTESIAN_POINT('Ctrl Pts',(3.30439312582285,119.102675359044,8.8602319803603));
#7011=CARTESIAN_POINT('Ctrl Pts',(5.08803812721718,118.883164539765,13.3075162965132));
#7012=CARTESIAN_POINT('Ctrl Pts',(6.39028545629251,118.616681422422,15.6236722686356));
#7013=CARTESIAN_POINT('Ctrl Pts',(1.59962989458388,119.142040426499,2.2061875544365));
#7014=CARTESIAN_POINT('Ctrl Pts',(1.71340151324536,119.296432930685,4.24850156063418));
#7015=CARTESIAN_POINT('Ctrl Pts',(2.45653394900845,119.394324387813,9.08730042224268));
#7016=CARTESIAN_POINT('Ctrl Pts',(4.34153010182116,119.171151028862,13.6935027001003));
#7017=CARTESIAN_POINT('Ctrl Pts',(5.73334509014485,118.910388989444,16.0788452547712));
#7018=CARTESIAN_POINT('Ctrl Pts',(0.393644290488541,120.238862410003,2.07711044834392));
#7019=CARTESIAN_POINT('Ctrl Pts',(0.454754694107876,120.385040714575,4.26362026048544));
#7020=CARTESIAN_POINT('Ctrl Pts',(1.15273758681245,120.44288797911,9.44061045172274));
#7021=CARTESIAN_POINT('Ctrl Pts',(3.21114393096629,120.173962025746,14.3241379537026));
#7022=CARTESIAN_POINT('Ctrl Pts',(4.7610127004041,119.88198921888,16.8280955051143));
#7023=CARTESIAN_POINT('Ctrl Pts',(-1.50913291767582E-14,121.779499783196,
1.89580389480963));
#7024=CARTESIAN_POINT('Ctrl Pts',(0.0153606262529097,121.947255997486,4.18379925793451));
#7025=CARTESIAN_POINT('Ctrl Pts',(0.657459050706452,122.019076093696,9.58274944550825));
#7026=CARTESIAN_POINT('Ctrl Pts',(2.7852128860765,121.678860704207,14.648463339569));
#7027=CARTESIAN_POINT('Ctrl Pts',(4.42257043317602,121.319774039489,17.2436276628401));
#7028=CARTESIAN_POINT('Ctrl Pts',(-1.83186799063151E-14,122.439389234532,
1.81814624206331));
#7029=CARTESIAN_POINT('Ctrl Pts',(-1.24262608695348E-14,122.618790672297,
4.13658739377604));
#7030=CARTESIAN_POINT('Ctrl Pts',(0.620366398033867,122.702842096327,9.5970268661765));
#7031=CARTESIAN_POINT('Ctrl Pts',(2.75320620532989,122.337073920069,14.7144680170482));
#7032=CARTESIAN_POINT('Ctrl Pts',(4.40950462250983,121.950833154767,17.3406630571669));
#7033=CARTESIAN_POINT('Ctrl Pts',(4.20879079753095,121.99726541486,17.0174600947124));
#7034=CARTESIAN_POINT('Ctrl Pts',(2.65449236543705,122.353899008322,14.4754556893949));
#7035=CARTESIAN_POINT('Ctrl Pts',(0.605890476209494,122.700880800797,9.46961039877965));
#7036=CARTESIAN_POINT('Ctrl Pts',(-1.24262608695348E-14,122.618790672297,
4.13658739377604));
#7037=CARTESIAN_POINT('Ctrl Pts',(-1.83186799063151E-14,122.439389234532,
1.81814624206331));
#7038=CARTESIAN_POINT('',(2.41282689662761,118.792920830379,2.2472729336731));
#7039=CARTESIAN_POINT('Origin',(4.,122.439389234532,1.81814624206323));
#7040=CARTESIAN_POINT('Ctrl Pts',(2.4128268966276,118.792920830379,2.24727293367316));
#7041=CARTESIAN_POINT('Ctrl Pts',(2.54951664465339,118.964379184555,4.20978838463406));
#7042=CARTESIAN_POINT('Ctrl Pts',(3.17729912163541,119.079391265529,8.07726481609913));
#7043=CARTESIAN_POINT('Ctrl Pts',(4.51659691871995,118.946937417384,11.8042325354529));
#7044=CARTESIAN_POINT('Ctrl Pts',(5.31427614088261,118.816114447775,13.5218226049285));
#7045=CARTESIAN_POINT('Origin',(0.,1.77635683940025E-14,-75.));
#7046=CARTESIAN_POINT('',(18.,21.5536745012285,-68.4179441667742));
#7047=CARTESIAN_POINT('Ctrl Pts',(42.190259822574,75.9280475138363,1.00000000000001));
#7048=CARTESIAN_POINT('Ctrl Pts',(40.9391154430813,74.267722843931,1.00000000000001));
#7049=CARTESIAN_POINT('Ctrl Pts',(39.3247733599174,72.8829687982273,1.00000000000001));
#7050=CARTESIAN_POINT('Ctrl Pts',(37.4953255873235,71.8954663348461,1.00000000000001));
#7051=CARTESIAN_POINT('Ctrl Pts',(42.6681621942427,75.5679222461117,1.00000000000001));
#7052=CARTESIAN_POINT('Ctrl Pts',(41.3500854667239,73.8490643740096,0.999253912211514));
#7053=CARTESIAN_POINT('Ctrl Pts',(39.659595778261,72.4263242915799,1.00064864665682));
#7054=CARTESIAN_POINT('Ctrl Pts',(37.7517922300049,71.4203360484957,1.00000000000001));
#7055=CARTESIAN_POINT('Ctrl Pts',(43.4955803371416,74.9444179534017,0.497928182955298));
#7056=CARTESIAN_POINT('Ctrl Pts',(42.0643811373038,73.123641297955,0.529835086618545));
#7057=CARTESIAN_POINT('Ctrl Pts',(40.2398271576913,71.634239254444,0.563222495376615));
#7058=CARTESIAN_POINT('Ctrl Pts',(38.1974348263839,70.5947382545145,0.595865334674784));
#7059=CARTESIAN_POINT('Ctrl Pts',(43.7875308426686,74.7244174675322,-0.551201049487167));
#7060=CARTESIAN_POINT('Ctrl Pts',(42.3450572062494,72.8454031741086,-0.470746242507044));
#7061=CARTESIAN_POINT('Ctrl Pts',(40.4932955461382,71.2970459902375,-0.382662955207057));
#7062=CARTESIAN_POINT('Ctrl Pts',(38.4047522345212,70.210661875365,-0.294054310817139));
#7063=CARTESIAN_POINT('Ctrl Pts',(43.7875308426686,74.7244174675322,-0.999999999999995));
#7064=CARTESIAN_POINT('Ctrl Pts',(42.3621154546818,72.8328273582463,-0.906386772762804));
#7065=CARTESIAN_POINT('Ctrl Pts',(40.5211400047273,71.2638668699803,-0.801361039065338));
#7066=CARTESIAN_POINT('Ctrl Pts',(38.4341585778198,70.156183662659,-0.694241268014015));
#7067=CARTESIAN_POINT('',(38.4341585778198,70.156183662659,-0.694241268014015));
#7068=CARTESIAN_POINT('Origin',(37.4953255873235,71.8954663348461,-0.999999999999995));
#7069=CARTESIAN_POINT('Ctrl Pts',(38.4341585778198,70.156183662659,-0.694241268014015));
#7070=CARTESIAN_POINT('Ctrl Pts',(39.1838472265491,70.5540873125,-0.732720995421393));
#7071=CARTESIAN_POINT('Ctrl Pts',(39.9017912385992,71.0115142303256,-0.770930508032308));
#7072=CARTESIAN_POINT('Ctrl Pts',(40.5801311068692,71.522037544925,-0.808437857692264));
#7073=CARTESIAN_POINT('Ctrl Pts',(10.7139286901585,68.8423167743111,1.35342240197603));
#7074=CARTESIAN_POINT('Ctrl Pts',(11.0920444019831,69.004580220249,1.90486091638111));
#7075=CARTESIAN_POINT('Ctrl Pts',(11.9374118527948,69.2943978974009,2.97076780015676));
#7076=CARTESIAN_POINT('Ctrl Pts',(13.1512289653111,69.5775073879181,4.18858698170292));
#7077=CARTESIAN_POINT('Ctrl Pts',(14.2608571286465,69.7537619961144,5.03558863875156));
#7078=CARTESIAN_POINT('Ctrl Pts',(15.1778352922216,69.8542024952277,5.55493798298235));
#7079=CARTESIAN_POINT('Ctrl Pts',(15.8725966768803,69.8910611953258,5.75727889426454));
#7080=CARTESIAN_POINT('Ctrl Pts',(16.2292546767545,69.8910611953258,5.75727889426454));
#7081=CARTESIAN_POINT('Ctrl Pts',(10.3666039170372,68.9039591265472,1.56290869104763));
#7082=CARTESIAN_POINT('Ctrl Pts',(10.7782198004682,69.0644755040778,2.11845573092154));
#7083=CARTESIAN_POINT('Ctrl Pts',(11.6805567795852,69.3465848195232,3.1784205929679));
#7084=CARTESIAN_POINT('Ctrl Pts',(12.9644397461834,69.6199071269112,4.38008711116679));
#7085=CARTESIAN_POINT('Ctrl Pts',(14.1372659561404,69.7882740077302,5.20742658675914));
#7086=CARTESIAN_POINT('Ctrl Pts',(15.1081331779405,69.8827175363593,5.70637054028053));
#7087=CARTESIAN_POINT('Ctrl Pts',(15.8468778675511,69.9149721850681,5.88767946690685));
#7088=CARTESIAN_POINT('Ctrl Pts',(16.2292546767545,69.9121981297583,5.87252063475456));
#7089=CARTESIAN_POINT('Ctrl Pts',(9.67700786784863,69.2755873195423,1.90549310818805));
#7090=CARTESIAN_POINT('Ctrl Pts',(10.1546475937817,69.4006677392835,2.48264330563501));
#7091=CARTESIAN_POINT('Ctrl Pts',(11.1689066327327,69.6133505398456,3.5520241019537));
#7092=CARTESIAN_POINT('Ctrl Pts',(12.5917827404317,69.8107909235074,4.73914164024413));
#7093=CARTESIAN_POINT('Ctrl Pts',(13.8904174729832,69.9240085532822,5.53750722487829));
#7094=CARTESIAN_POINT('Ctrl Pts',(14.9689099605472,69.9799334599298,6.00161113041873));
#7095=CARTESIAN_POINT('Ctrl Pts',(15.7954438285815,69.9885020386617,6.14373626545019));
#7096=CARTESIAN_POINT('Ctrl Pts',(16.2292546767545,69.9748048752116,6.09925631151773));
#7097=CARTESIAN_POINT('Ctrl Pts',(8.9013381655065,70.5664105219147,2.03400970091119));
#7098=CARTESIAN_POINT('Ctrl Pts',(9.39809232188849,70.568228812127,2.70830957462998));
#7099=CARTESIAN_POINT('Ctrl Pts',(10.4739272379503,70.5435032840837,3.91200181771622));
#7100=CARTESIAN_POINT('Ctrl Pts',(12.0343874563535,70.4666995348077,5.18965110538724));
#7101=CARTESIAN_POINT('Ctrl Pts',(13.4979821257858,70.372486857058,6.01227532884864));
#7102=CARTESIAN_POINT('Ctrl Pts',(14.7364945233025,70.2820735239366,6.46200304011489));
#7103=CARTESIAN_POINT('Ctrl Pts',(15.7082006419463,70.2020247635015,6.55844767447974));
#7104=CARTESIAN_POINT('Ctrl Pts',(16.2292546767545,70.151971710636,6.47085665138333));
#7105=CARTESIAN_POINT('Ctrl Pts',(9.01368106035913,71.626362972515,1.64848785930987));
#7106=CARTESIAN_POINT('Ctrl Pts',(9.39701541824207,71.5812896492755,2.41875796039162));
#7107=CARTESIAN_POINT('Ctrl Pts',(10.3155678705899,71.4294483783085,3.81478145974487));
#7108=CARTESIAN_POINT('Ctrl Pts',(11.803824039904,71.1333878694914,5.28214330731443));
#7109=CARTESIAN_POINT('Ctrl Pts',(13.2896072269155,70.8426224871398,6.21427265107226));
#7110=CARTESIAN_POINT('Ctrl Pts',(14.5933472219383,70.6004421852252,6.71422339765359));
#7111=CARTESIAN_POINT('Ctrl Pts',(15.6507669505219,70.4233731392919,6.81057356595704));
#7112=CARTESIAN_POINT('Ctrl Pts',(16.2292546767545,70.3341887003149,6.70342642577927));
#7113=CARTESIAN_POINT('Ctrl Pts',(9.30054578119152,72.0682681565858,1.33045373880173));
#7114=CARTESIAN_POINT('Ctrl Pts',(9.59440716582884,72.0520634175734,2.13643224123258));
#7115=CARTESIAN_POINT('Ctrl Pts',(10.3696939286689,71.911564363503,3.63634793773772));
#7116=CARTESIAN_POINT('Ctrl Pts',(11.7473395135551,71.5415908203917,5.24344389269108));
#7117=CARTESIAN_POINT('Ctrl Pts',(13.2024470002427,71.1501912275163,6.27231795616357));
#7118=CARTESIAN_POINT('Ctrl Pts',(14.5190242809689,70.8176072183765,6.82824662633708));
#7119=CARTESIAN_POINT('Ctrl Pts',(15.6192659399713,70.5754998879932,6.93943385374687));
#7120=CARTESIAN_POINT('Ctrl Pts',(16.2292546767545,70.4598330989085,6.82630929596823));
#7121=CARTESIAN_POINT('',(10.0847819542045,69.0913505355354,1.69246439780925));
#7122=CARTESIAN_POINT('',(11.1387239917385,69.0105552581093,1.9404472235712));
#7123=CARTESIAN_POINT('Ctrl Pts',(10.0847819542045,69.0913505355354,1.69246439780925));
#7124=CARTESIAN_POINT('Ctrl Pts',(10.4213981056176,69.0220281822993,1.79874677513798));
#7125=CARTESIAN_POINT('Ctrl Pts',(10.7742182600553,68.9941425167777,1.87861422922114));
#7126=CARTESIAN_POINT('Ctrl Pts',(11.1327663824944,69.0102779483127,1.93944075782593));
#7127=CARTESIAN_POINT('Ctrl Pts',(11.13574514226,69.0104150667384,1.93994468516213));
#7128=CARTESIAN_POINT('Ctrl Pts',(11.1387239917359,69.0105552581112,1.94044722357789));
#7129=CARTESIAN_POINT('',(16.2292546767545,69.8910611953258,5.75727889426454));
#7130=CARTESIAN_POINT('Ctrl Pts',(11.138345796722,69.0106415835838,1.94071049614108));
#7131=CARTESIAN_POINT('Ctrl Pts',(11.3999796399055,69.1067121551273,2.28505050455273));
#7132=CARTESIAN_POINT('Ctrl Pts',(12.1119390122182,69.3351044376831,3.14587039201755));
#7133=CARTESIAN_POINT('Ctrl Pts',(13.1512289653111,69.5775073879181,4.18858698170292));
#7134=CARTESIAN_POINT('Ctrl Pts',(14.2608571286465,69.7537619961144,5.03558863875156));
#7135=CARTESIAN_POINT('Ctrl Pts',(15.1778352922216,69.8542024952277,5.55493798298235));
#7136=CARTESIAN_POINT('Ctrl Pts',(15.8725966768803,69.8910611953258,5.75727889426454));
#7137=CARTESIAN_POINT('Ctrl Pts',(16.2292546767545,69.8910611953258,5.75727889426454));
#7138=CARTESIAN_POINT('',(16.2292546767545,70.4598330989085,6.82630929596823));
#7139=CARTESIAN_POINT('Origin',(16.2292546767545,71.8582462005263,5.39646986539442));
#7140=CARTESIAN_POINT('',(10.2388091796873,71.9204658966596,3.25477942272934));
#7141=CARTESIAN_POINT('Ctrl Pts',(16.2292546767545,70.4598330989085,6.82630929596823));
#7142=CARTESIAN_POINT('Ctrl Pts',(15.6192659399713,70.5754998879932,6.93943385374687));
#7143=CARTESIAN_POINT('Ctrl Pts',(14.5190242809689,70.8176072183765,6.82824662633708));
#7144=CARTESIAN_POINT('Ctrl Pts',(13.2024470002427,71.1501912275163,6.27231795616357));
#7145=CARTESIAN_POINT('Ctrl Pts',(11.7473395135551,71.5415908203917,5.24344389269108));
#7146=CARTESIAN_POINT('Ctrl Pts',(10.8352383462501,71.7865401050596,4.17942996010541));
#7147=CARTESIAN_POINT('Ctrl Pts',(10.3077002272558,71.9056249414856,3.36536278899291));
#7148=CARTESIAN_POINT('Ctrl Pts',(10.238846201035,71.9206294448779,3.25470621330114));
#7149=CARTESIAN_POINT('Ctrl Pts',(10.2388091796873,71.9204658966596,3.25477942272934));
#7150=CARTESIAN_POINT('Ctrl Pts',(10.2156111783268,71.8030573750588,3.30706467833858));
#7151=CARTESIAN_POINT('Ctrl Pts',(10.1894388323033,71.6773223664481,3.33642650840905));
#7152=CARTESIAN_POINT('Ctrl Pts',(10.1326176248297,71.3805340034509,3.3628003858917));
#7153=CARTESIAN_POINT('Ctrl Pts',(10.1007806962361,71.1960325412284,3.34776406110815));
#7154=CARTESIAN_POINT('Ctrl Pts',(10.0441440524919,70.7591095193774,3.24130862642261));
#7155=CARTESIAN_POINT('Ctrl Pts',(10.023443685241,70.5012652498524,3.13215121408773));
#7156=CARTESIAN_POINT('Ctrl Pts',(10.0124202081705,69.9571876709942,2.77955465380451));
#7157=CARTESIAN_POINT('Ctrl Pts',(10.0263057206555,69.6693051839047,2.52089972223343));
#7158=CARTESIAN_POINT('Ctrl Pts',(10.0619338538186,69.2872461397886,2.01592722957542));
#7159=CARTESIAN_POINT('Ctrl Pts',(10.0737341107781,69.183624089025,1.85526747169424));
#7160=CARTESIAN_POINT('Ctrl Pts',(10.0847819542045,69.0913505355354,1.69246439780925));
#7161=CARTESIAN_POINT('Origin',(35.,71.8582462005263,5.39646986539441));
#7162=CARTESIAN_POINT('',(22.8351640801229,69.8910611953258,5.75727889426454));
#7163=CARTESIAN_POINT('',(22.8351640801229,70.4598330989085,6.82630929596822));
#7164=CARTESIAN_POINT('Origin',(22.8351640801229,71.8582462005263,5.39646986539441));
#7165=CARTESIAN_POINT('',(35.,70.4598330989085,6.82630929596822));
#7166=CARTESIAN_POINT('',(35.,69.8910611953258,5.75727889426454));
#7167=CARTESIAN_POINT('Ctrl Pts',(22.8351640801229,69.8910611953258,5.75727889426453));
#7168=CARTESIAN_POINT('Ctrl Pts',(23.6018938569287,69.8910611953258,5.75727889426453));
#7169=CARTESIAN_POINT('Ctrl Pts',(25.4028891971336,69.816568271739,5.3281553871625));
#7170=CARTESIAN_POINT('Ctrl Pts',(26.6287007237365,69.5408725298917,4.00476804607085));
#7171=CARTESIAN_POINT('Ctrl Pts',(27.1032943435384,69.3328390575671,3.16471963060566));
#7172=CARTESIAN_POINT('Ctrl Pts',(22.8351640801229,69.9650404658395,6.1606249859796));
#7173=CARTESIAN_POINT('Ctrl Pts',(23.6661714445096,69.9624806297823,6.14602574706969));
#7174=CARTESIAN_POINT('Ctrl Pts',(25.6235357571,69.8833587133913,5.66569625026802));
#7175=CARTESIAN_POINT('Ctrl Pts',(26.9792962739657,69.6001982523773,4.2608100655065));
#7176=CARTESIAN_POINT('Ctrl Pts',(27.515275318041,69.3847465868088,3.37432454275262));
#7177=CARTESIAN_POINT('Ctrl Pts',(22.8351640801229,70.1666628355233,6.53958259886064));
#7178=CARTESIAN_POINT('Ctrl Pts',(23.730276745577,70.1519831835846,6.51233784863225));
#7179=CARTESIAN_POINT('Ctrl Pts',(25.8438415700265,70.0608460220356,5.98131976500966));
#7180=CARTESIAN_POINT('Ctrl Pts',(27.3290759883131,69.7997489040899,4.48483095409288));
#7181=CARTESIAN_POINT('Ctrl Pts',(27.925666463103,69.6000466089248,3.54260771420032));
#7182=CARTESIAN_POINT('Ctrl Pts',(22.8351640801229,70.4598330989085,6.82630929596822));
#7183=CARTESIAN_POINT('Ctrl Pts',(23.7826986748548,70.4281279833796,6.79530102469253));
#7184=CARTESIAN_POINT('Ctrl Pts',(26.0306541794439,70.3211237375626,6.22470821069302));
#7185=CARTESIAN_POINT('Ctrl Pts',(27.6109544915246,70.1006755672206,4.63097022855014));
#7186=CARTESIAN_POINT('Ctrl Pts',(28.2413731127264,69.9298996596882,3.63139515940466));
#7187=CARTESIAN_POINT('',(27.1032943435384,69.3328390575671,3.16471963060566));
#7188=CARTESIAN_POINT('',(28.2413731127264,69.9298996596882,3.63139515940466));
#7189=CARTESIAN_POINT('Origin',(27.1032943435384,71.2741951973513,2.68395322316651));
#7190=CARTESIAN_POINT('Ctrl Pts',(28.2413731127264,69.9298996596882,3.63139515940466));
#7191=CARTESIAN_POINT('Ctrl Pts',(27.6109544915246,70.1006755672206,4.63097022855014));
#7192=CARTESIAN_POINT('Ctrl Pts',(26.0306541794439,70.3211237375626,6.22470821069302));
#7193=CARTESIAN_POINT('Ctrl Pts',(23.7826986748548,70.4281279833796,6.79530102469253));
#7194=CARTESIAN_POINT('Ctrl Pts',(22.8351640801229,70.4598330989085,6.82630929596822));
#7195=CARTESIAN_POINT('Ctrl Pts',(22.8351640801229,69.8910611953258,5.75727889426453));
#7196=CARTESIAN_POINT('Ctrl Pts',(23.6018938569287,69.8910611953258,5.75727889426453));
#7197=CARTESIAN_POINT('Ctrl Pts',(25.4028891971336,69.816568271739,5.3281553871625));
#7198=CARTESIAN_POINT('Ctrl Pts',(26.6287007237365,69.5408725298917,4.00476804607085));
#7199=CARTESIAN_POINT('Ctrl Pts',(27.1032943435384,69.3328390575671,3.16471963060566));
#7200=CARTESIAN_POINT('Ctrl Pts',(27.1032943435384,69.3328390575671,3.16471963060565));
#7201=CARTESIAN_POINT('Ctrl Pts',(27.4494175156071,69.1811193497304,2.55206870122006));
#7202=CARTESIAN_POINT('Ctrl Pts',(28.5778967906331,68.8369223048958,1.29740630582504));
#7203=CARTESIAN_POINT('Ctrl Pts',(30.1193699930962,68.5847093232577,0.50566941738147));
#7204=CARTESIAN_POINT('Ctrl Pts',(31.0515399322783,68.4826528025927,0.191735735331993));
#7205=CARTESIAN_POINT('Ctrl Pts',(27.515275318041,69.3847465868088,3.37432454275261));
#7206=CARTESIAN_POINT('Ctrl Pts',(27.8462652444944,69.2516016165429,2.82434871236329));
#7207=CARTESIAN_POINT('Ctrl Pts',(28.9333888187934,68.9561924109304,1.70919610824256));
#7208=CARTESIAN_POINT('Ctrl Pts',(30.403851500317,68.7542395513567,1.038182848742));
#7209=CARTESIAN_POINT('Ctrl Pts',(31.28384087263,68.6764897616573,0.787993082534099));
#7210=CARTESIAN_POINT('Ctrl Pts',(27.925666463103,69.6000466089248,3.54260771420031));
#7211=CARTESIAN_POINT('Ctrl Pts',(28.2413296909511,69.4972187289037,3.04940578557837));
#7212=CARTESIAN_POINT('Ctrl Pts',(29.286369501487,69.2961275408328,2.05468373361572));
#7213=CARTESIAN_POINT('Ctrl Pts',(30.6847644520813,69.215427959936,1.47273406501537));
#7214=CARTESIAN_POINT('Ctrl Pts',(31.5124081933592,69.2101987321522,1.26316559385171));
#7215=CARTESIAN_POINT('Ctrl Pts',(28.2413731127264,69.9298996596882,3.63139515940465));
#7216=CARTESIAN_POINT('Ctrl Pts',(28.5386758725881,69.8589049390702,3.17353929663128));
#7217=CARTESIAN_POINT('Ctrl Pts',(29.5275794434946,69.7603501631048,2.23588539621389));
#7218=CARTESIAN_POINT('Ctrl Pts',(30.8510177802948,69.7946464638191,1.64419221701432));
#7219=CARTESIAN_POINT('Ctrl Pts',(31.6373461960715,69.8505213892356,1.40957839378458));
#7220=CARTESIAN_POINT('',(31.0515399322783,68.4826528025927,0.191735735331993));
#7221=CARTESIAN_POINT('',(31.6373461960715,69.8505213892356,1.40957839378457));
#7222=CARTESIAN_POINT('Origin',(31.0515399322783,70.3846709353845,-0.426590248701598));
#7223=CARTESIAN_POINT('Ctrl Pts',(31.6373461960715,69.8505213892356,1.40957839378458));
#7224=CARTESIAN_POINT('Ctrl Pts',(30.8510177802948,69.7946464638191,1.64419221701432));
#7225=CARTESIAN_POINT('Ctrl Pts',(29.5275794434946,69.7603501631048,2.23588539621389));
#7226=CARTESIAN_POINT('Ctrl Pts',(28.5386758725881,69.8589049390702,3.17353929663128));
#7227=CARTESIAN_POINT('Ctrl Pts',(28.2413731127264,69.9298996596882,3.63139515940465));
#7228=CARTESIAN_POINT('Ctrl Pts',(27.1032943435384,69.3328390575671,3.16471963060565));
#7229=CARTESIAN_POINT('Ctrl Pts',(27.4494175156071,69.1811193497304,2.55206870122006));
#7230=CARTESIAN_POINT('Ctrl Pts',(28.5778967906331,68.8369223048958,1.29740630582504));
#7231=CARTESIAN_POINT('Ctrl Pts',(30.1193699930962,68.5847093232577,0.50566941738147));
#7232=CARTESIAN_POINT('Ctrl Pts',(31.0515399322783,68.4826528025927,0.191735735331993));
#7233=CARTESIAN_POINT('Ctrl Pts',(34.7341857667448,70.7194514255481,1.00136264079343));
#7234=CARTESIAN_POINT('Ctrl Pts',(33.7129686181269,70.2441088515514,1.01428249240307));
#7235=CARTESIAN_POINT('Ctrl Pts',(32.6250780489969,69.9207076403062,1.11487259186879));
#7236=CARTESIAN_POINT('Ctrl Pts',(31.6373461960715,69.8505213892356,1.40957839378458));
#7237=CARTESIAN_POINT('Ctrl Pts',(34.8729159592335,70.2362728848536,0.992157926678406));
#7238=CARTESIAN_POINT('Ctrl Pts',(33.7866287550182,69.7901751750435,0.961524458567899));
#7239=CARTESIAN_POINT('Ctrl Pts',(32.6252065398326,69.5089174700155,1.03440244783293));
#7240=CARTESIAN_POINT('Ctrl Pts',(31.5659530516645,69.4846227280451,1.32591393668008));
#7241=CARTESIAN_POINT('Ctrl Pts',(35.1077489348545,69.4000959833221,0.627919844036203));
#7242=CARTESIAN_POINT('Ctrl Pts',(33.8787406398292,69.0243298607339,0.591279986519969));
#7243=CARTESIAN_POINT('Ctrl Pts',(32.5764143686669,68.8312528281269,0.671055008036881));
#7244=CARTESIAN_POINT('Ctrl Pts',(31.3834820751364,68.8981462733166,0.998717323719003));
#7245=CARTESIAN_POINT('Ctrl Pts',(35.2213057403922,68.963136590799,-0.170086857412263));
#7246=CARTESIAN_POINT('Ctrl Pts',(33.8827789680076,68.5972745261658,-0.125327371508845));
#7247=CARTESIAN_POINT('Ctrl Pts',(32.4637083316559,68.4368290864123,0.0369284093050888));
#7248=CARTESIAN_POINT('Ctrl Pts',(31.1510974781433,68.5657257850489,0.447274598418609));
#7249=CARTESIAN_POINT('Ctrl Pts',(35.2402153296459,68.8781013594758,-0.53697526408443));
#7250=CARTESIAN_POINT('Ctrl Pts',(33.8698467789955,68.4990668329704,-0.456269463652706));
#7251=CARTESIAN_POINT('Ctrl Pts',(32.4095568779678,68.3371076063763,-0.255972446909462));
#7252=CARTESIAN_POINT('Ctrl Pts',(31.0515399322783,68.4826528025927,0.191735735331992));
#7253=CARTESIAN_POINT('',(35.2402153296459,68.8781013594758,-0.536975264084429));
#7254=CARTESIAN_POINT('Ctrl Pts',(31.0515399322783,68.4826528025927,0.191735735331992));
#7255=CARTESIAN_POINT('Ctrl Pts',(32.4095568779678,68.3371076063763,-0.255972446909462));
#7256=CARTESIAN_POINT('Ctrl Pts',(33.8698467789955,68.4990668329704,-0.456269463652706));
#7257=CARTESIAN_POINT('Ctrl Pts',(35.2402153296459,68.8781013594758,-0.53697526408443));
#7258=CARTESIAN_POINT('Origin',(34.6962323299725,70.7466445279871,-0.998092302889203));
#7259=CARTESIAN_POINT('Ctrl Pts',(34.7341857667448,70.7194514255481,1.00136264079343));
#7260=CARTESIAN_POINT('Ctrl Pts',(33.7129686181269,70.2441088515514,1.01428249240307));
#7261=CARTESIAN_POINT('Ctrl Pts',(32.6250780489969,69.9207076403062,1.11487259186879));
#7262=CARTESIAN_POINT('Ctrl Pts',(31.6373461960715,69.8505213892356,1.40957839378458));
#7263=CARTESIAN_POINT('Ctrl Pts',(35.2402189524059,68.8780577425274,-0.537156282152045));
#7264=CARTESIAN_POINT('Ctrl Pts',(36.3477388456697,69.1875573497512,-0.589566241949964));
#7265=CARTESIAN_POINT('Ctrl Pts',(37.419808292784,69.6178085901302,-0.642177091062898));
#7266=CARTESIAN_POINT('Ctrl Pts',(38.4341585778349,70.156183662667,-0.694241268014783));
#7267=CARTESIAN_POINT('Ctrl Pts',(35.2086684073125,68.9892591329346,-0.0493282591918849));
#7268=CARTESIAN_POINT('Ctrl Pts',(36.31071565278,69.2868848272051,-0.0851975324367428));
#7269=CARTESIAN_POINT('Ctrl Pts',(37.3795194878115,69.7042002374376,-0.122767302668521));
#7270=CARTESIAN_POINT('Ctrl Pts',(38.3949501201066,70.2288212796052,-0.160658658444994));
#7271=CARTESIAN_POINT('Ctrl Pts',(35.0595847386001,69.506267523046,0.719902155545987));
#7272=CARTESIAN_POINT('Ctrl Pts',(36.1221100770166,69.7977274900061,0.716099931484061));
#7273=CARTESIAN_POINT('Ctrl Pts',(37.1551214890549,70.2007982363135,0.711062081255615));
#7274=CARTESIAN_POINT('Ctrl Pts',(38.1369780743718,70.7067404767369,0.704451592029053));
#7275=CARTESIAN_POINT('Ctrl Pts',(34.8164680061422,70.3439782038263,0.992908153141891));
#7276=CARTESIAN_POINT('Ctrl Pts',(35.8111208079644,70.6433301183464,0.995396676471697));
#7277=CARTESIAN_POINT('Ctrl Pts',(36.7746847191924,71.04464427655,0.997788249790243));
#7278=CARTESIAN_POINT('Ctrl Pts',(37.6876755694092,71.5391186199877,0.999999999971809));
#7279=CARTESIAN_POINT('Ctrl Pts',(34.7115350486881,70.70494506414,1.00123093102837));
#7280=CARTESIAN_POINT('Ctrl Pts',(35.677361270514,71.0066748310421,1.00012309580664));
#7281=CARTESIAN_POINT('Ctrl Pts',(36.6114217517935,71.4065213527325,1.00000000000183));
#7282=CARTESIAN_POINT('Ctrl Pts',(37.4953255874074,71.895466334733,1.00000000000002));
#7283=CARTESIAN_POINT('Ctrl Pts',(35.2402189524059,68.8780577425274,-0.537156282152045));
#7284=CARTESIAN_POINT('Ctrl Pts',(36.3477388456697,69.1875573497512,-0.589566241949964));
#7285=CARTESIAN_POINT('Ctrl Pts',(37.419808292784,69.6178085901302,-0.642177091062898));
#7286=CARTESIAN_POINT('Ctrl Pts',(38.4341585778349,70.156183662667,-0.694241268014783));
#7287=CARTESIAN_POINT('Ctrl Pts',(31.5547901975155,68.9784388080824,1.82592962338919));
#7288=CARTESIAN_POINT('Ctrl Pts',(31.0145240797769,68.4461859730268,-0.0619304416490674));
#7289=CARTESIAN_POINT('Ctrl Pts',(30.3436239425893,67.7852366957483,-1.91349488756166));
#7290=CARTESIAN_POINT('Ctrl Pts',(29.548289310563,67.0016985488701,-3.71165413467462));
#7291=CARTESIAN_POINT('Ctrl Pts',(34.7944141388737,68.7986809271601,1.18834217919328));
#7292=CARTESIAN_POINT('Ctrl Pts',(34.2642180789925,68.2077681136636,-0.795586211676194));
#7293=CARTESIAN_POINT('Ctrl Pts',(33.6055646931652,67.4754168433671,-2.73788787940283));
#7294=CARTESIAN_POINT('Ctrl Pts',(32.8254843279791,66.6076225824335,-4.61602789865328));
#7295=CARTESIAN_POINT('Ctrl Pts',(38.0239231175327,69.7085579746849,0.245698037032785));
#7296=CARTESIAN_POINT('Ctrl Pts',(37.5033245736391,69.0669390162046,-1.88979842242974));
#7297=CARTESIAN_POINT('Ctrl Pts',(36.8565458782515,68.2715486378827,-3.9804275083895));
#7298=CARTESIAN_POINT('Ctrl Pts',(36.090954186479,67.328748957651,-6.00249500011144));
#7299=CARTESIAN_POINT('Ctrl Pts',(40.580553272446,71.5213438479953,-0.80855219639647));
#7300=CARTESIAN_POINT('Ctrl Pts',(40.0551470783797,70.8440479741546,-3.11640863953872));
#7301=CARTESIAN_POINT('Ctrl Pts',(39.4028391497505,70.0032489574497,-5.37684184419017));
#7302=CARTESIAN_POINT('Ctrl Pts',(38.6299316552819,69.0072328544531,-7.56757652372598));
#7303=CARTESIAN_POINT('Origin',(-10.6743999320096,27.3755963743835,13.5552051357989));
#7304=CARTESIAN_POINT('Origin',(35.,27.3755963743835,13.5552051357989));
#7305=CARTESIAN_POINT('',(6.59930985052841,57.3770839840942,-17.5620431971365));
#7306=CARTESIAN_POINT('Ctrl Pts',(6.60050081714171,57.3771154878236,-17.563542625197));
#7307=CARTESIAN_POINT('Ctrl Pts',(8.53100984030787,58.8647334081991,-16.1283786411718));
#7308=CARTESIAN_POINT('Ctrl Pts',(11.4238283161367,62.1522997151035,-12.5217576779504));
#7309=CARTESIAN_POINT('Ctrl Pts',(12.6210699423999,65.7313756398835,-6.70532747590133));
#7310=CARTESIAN_POINT('Ctrl Pts',(12.2603672740221,67.8668017777569,-1.74380476708949));
#7311=CARTESIAN_POINT('Ctrl Pts',(11.6105158194736,68.6779286474555,0.748581022738369));
#7312=CARTESIAN_POINT('Ctrl Pts',(11.1387525264236,69.0105509265434,1.94045875817061));
#7313=CARTESIAN_POINT('',(2.0000000000029,45.347841083294,-25.7559996629888));
#7314=CARTESIAN_POINT('Ctrl Pts',(1.99999999999745,45.3478410833019,-25.7559996629852));
#7315=CARTESIAN_POINT('Ctrl Pts',(3.6767452671035,46.3138141652674,-25.314377364707));
#7316=CARTESIAN_POINT('Ctrl Pts',(6.49218288180132,48.8620604763087,-24.0627826460801));
#7317=CARTESIAN_POINT('Ctrl Pts',(8.20415910507663,53.4294659380396,-21.0936455661282));
#7318=CARTESIAN_POINT('Ctrl Pts',(7.44997488165865,56.226563809681,-18.6711849155801));
#7319=CARTESIAN_POINT('Ctrl Pts',(6.59899859636328,57.3777681934707,-17.5629929737114));
#7320=CARTESIAN_POINT('',(2.,40.,-27.7848098098529));
#7321=CARTESIAN_POINT('Origin',(2.,27.3755963743835,13.5552051357989));
#7322=CARTESIAN_POINT('',(35.,40.,-27.7848098098529));
#7323=CARTESIAN_POINT('Ctrl Pts',(13.2809689309632,67.5893607339729,4.01892681851972));
#7324=CARTESIAN_POINT('Ctrl Pts',(15.0735881301157,69.1110711099587,5.50719164122945));
#7325=CARTESIAN_POINT('Ctrl Pts',(18.8018335872117,73.1082482413406,9.41651512923));
#7326=CARTESIAN_POINT('Ctrl Pts',(21.0097259949809,77.6656960416445,13.873795140963));
#7327=CARTESIAN_POINT('Ctrl Pts',(21.6585693649698,80.2177325849887,16.3697406728244));
#7328=CARTESIAN_POINT('Ctrl Pts',(12.7397417339584,67.9152351013297,4.33763881865691));
#7329=CARTESIAN_POINT('Ctrl Pts',(14.5199548497757,69.3938504700263,5.78361308441001));
#7330=CARTESIAN_POINT('Ctrl Pts',(18.2460040607393,73.2955949411304,9.59961418985599));
#7331=CARTESIAN_POINT('Ctrl Pts',(20.4913153588084,77.7715287678759,13.9774386108961));
#7332=CARTESIAN_POINT('Ctrl Pts',(21.1694125841324,80.2812972273901,16.4319082329245));
#7333=CARTESIAN_POINT('Ctrl Pts',(11.6623001363427,68.8331317125024,4.69689591348909));
#7334=CARTESIAN_POINT('Ctrl Pts',(13.4173012483184,70.2033135850093,6.08227620949252));
#7335=CARTESIAN_POINT('Ctrl Pts',(17.1374703599358,73.8646552978515,9.76501856473386));
#7336=CARTESIAN_POINT('Ctrl Pts',(19.4562263504762,78.1356992782726,14.0281604257158));
#7337=CARTESIAN_POINT('Ctrl Pts',(20.1924386325698,80.5398893295254,16.4214779478827));
#7338=CARTESIAN_POINT('Ctrl Pts',(10.2829123820081,70.945047929903,4.19899537964055));
#7339=CARTESIAN_POINT('Ctrl Pts',(11.964494938254,72.1325636441416,5.60232007081892));
#7340=CARTESIAN_POINT('Ctrl Pts',(15.5793312089775,75.3574758987369,9.31131948703066));
#7341=CARTESIAN_POINT('Ctrl Pts',(17.9261087928512,79.207102370162,13.563218386023));
#7342=CARTESIAN_POINT('Ctrl Pts',(18.7139652355951,81.388169528219,15.9384768609838));
#7343=CARTESIAN_POINT('Ctrl Pts',(10.1167602734588,72.3702989133747,2.94184562939569));
#7344=CARTESIAN_POINT('Ctrl Pts',(11.709148325757,73.5232077750467,4.45574072669457));
#7345=CARTESIAN_POINT('Ctrl Pts',(15.1095229721437,76.6078244758633,8.39453923333158));
#7346=CARTESIAN_POINT('Ctrl Pts',(17.3098636956571,80.214077779026,12.7980717399842));
#7347=CARTESIAN_POINT('Ctrl Pts',(18.0538583017163,82.2453836289451,15.2335994185342));
#7348=CARTESIAN_POINT('Ctrl Pts',(10.3463042245242,72.9439452508437,2.07882148342185));
#7349=CARTESIAN_POINT('Ctrl Pts',(11.8834892713392,74.1391561558783,3.66005673439744));
#7350=CARTESIAN_POINT('Ctrl Pts',(15.1267785876245,77.2679961948069,7.74588982257773));
#7351=CARTESIAN_POINT('Ctrl Pts',(17.179319594102,80.8032086972647,12.2597131202324));
#7352=CARTESIAN_POINT('Ctrl Pts',(17.8611758890376,82.7735600054516,14.7436429300672));
#7353=CARTESIAN_POINT('',(21.0874406408776,78.3726253946605,14.5651869490481));
#7354=CARTESIAN_POINT('Ctrl Pts',(16.2290701085968,70.4599173933156,6.82639173767512));
#7355=CARTESIAN_POINT('Ctrl Pts',(16.8592783191965,71.1651908939526,7.51616408723107));
#7356=CARTESIAN_POINT('Ctrl Pts',(18.9002000565966,73.6908027344348,9.9862657027069));
#7357=CARTESIAN_POINT('Ctrl Pts',(20.374929830767,76.4250639738954,12.6604308283483));
#7358=CARTESIAN_POINT('Ctrl Pts',(21.0864991010164,78.3728012031905,14.5653588934962));
#7359=CARTESIAN_POINT('',(17.861175889177,82.7735600048007,14.7436429291505));
#7360=CARTESIAN_POINT('Ctrl Pts',(17.8611758890376,82.7735600054516,14.7436429300672));
#7361=CARTESIAN_POINT('Ctrl Pts',(17.9630312516314,82.3948206173525,14.9831968219655));
#7362=CARTESIAN_POINT('Ctrl Pts',(18.1245484697679,81.9969395793571,15.155808988956));
#7363=CARTESIAN_POINT('Ctrl Pts',(18.5778006488607,81.1187064663358,15.396533589106));
#7364=CARTESIAN_POINT('Ctrl Pts',(18.8861068552719,80.6453600530248,15.4334535422197));
#7365=CARTESIAN_POINT('Ctrl Pts',(19.5023352707965,79.849275503009,15.3538574049397));
#7366=CARTESIAN_POINT('Ctrl Pts',(19.7991406503176,79.5148595590974,15.2654016760268));
#7367=CARTESIAN_POINT('Ctrl Pts',(20.4255821378348,78.8953421648969,14.9904608020011));
#7368=CARTESIAN_POINT('Ctrl Pts',(20.7565527251292,78.6124705843845,14.7997606001156));
#7369=CARTESIAN_POINT('Ctrl Pts',(21.0874406401939,78.3726254007337,14.5651869549877));
#7370=CARTESIAN_POINT('',(10.7543563476912,73.2673891649085,2.50618473956024));
#7371=CARTESIAN_POINT('Ctrl Pts',(17.861175888813,82.7735600048025,14.7436429292489));
#7372=CARTESIAN_POINT('Ctrl Pts',(17.179319594102,80.8032086972647,12.2597131202324));
#7373=CARTESIAN_POINT('Ctrl Pts',(15.2052902525084,77.4032214684606,7.91854789906551));
#7374=CARTESIAN_POINT('Ctrl Pts',(12.1298649074519,74.3791130072869,3.9732570220851));
#7375=CARTESIAN_POINT('Ctrl Pts',(10.7543271545301,73.2674028824794,2.50620171665455));
#7376=CARTESIAN_POINT('Ctrl Pts',(10.7543563476897,73.2673891649088,2.50618473955465));
#7377=CARTESIAN_POINT('Ctrl Pts',(10.7530616700651,73.2652537961423,2.50765316774829));
#7378=CARTESIAN_POINT('Ctrl Pts',(10.7517689035746,73.2631168606253,2.5091210022106));
#7379=CARTESIAN_POINT('Ctrl Pts',(10.5090195108685,72.8609648614122,2.78504016030644));
#7380=CARTESIAN_POINT('Ctrl Pts',(10.334929484301,72.4069449982483,3.03813685004117));
#7381=CARTESIAN_POINT('Ctrl Pts',(10.2388091796873,71.9204658966596,3.25477942272934));
#7382=CARTESIAN_POINT('Origin',(17.9353238112429,75.6576545865245,11.9098882718507));
#7383=CARTESIAN_POINT('',(24.3089565901598,76.03749906497,12.2813841782283));
#7384=CARTESIAN_POINT('Origin',(-15.,83.440601913974,19.5217748090256));
#7385=CARTESIAN_POINT('',(31.1134522633162,71.1052381993533,7.45752908821493));
#7386=CARTESIAN_POINT('Ctrl Pts',(0.374824809672256,70.042655013075,-27.0693282886363));
#7387=CARTESIAN_POINT('Ctrl Pts',(2.19925420900878,70.1543820453311,-22.9622981775123));
#7388=CARTESIAN_POINT('Ctrl Pts',(6.05607139298292,69.7887275271529,-13.0715243560837));
#7389=CARTESIAN_POINT('Ctrl Pts',(9.46301374729474,68.62674197565,-2.98164582861564));
#7390=CARTESIAN_POINT('Ctrl Pts',(11.2488858893173,67.8210576172413,2.79799798571941));
#7391=CARTESIAN_POINT('Ctrl Pts',(0.280755470124939,70.6162719788117,-27.1124548461899));
#7392=CARTESIAN_POINT('Ctrl Pts',(2.04031238051313,70.7895020612606,-22.9562127422701));
#7393=CARTESIAN_POINT('Ctrl Pts',(5.70698228764099,70.5372171952031,-12.9525762661725));
#7394=CARTESIAN_POINT('Ctrl Pts',(8.854853221515,69.4177744001503,-2.76352038393213));
#7395=CARTESIAN_POINT('Ctrl Pts',(10.4569588077951,68.5953033359995,3.05623012618527));
#7396=CARTESIAN_POINT('Ctrl Pts',(0.32171986929123,71.6462805971353,-27.2798912842164));
#7397=CARTESIAN_POINT('Ctrl Pts',(2.01722108047334,71.9620422654657,-23.0507745859676));
#7398=CARTESIAN_POINT('Ctrl Pts',(5.48293956053435,72.0290358331777,-12.8760274054618));
#7399=CARTESIAN_POINT('Ctrl Pts',(8.3201581713485,71.220961709942,-2.51166827362154));
#7400=CARTESIAN_POINT('Ctrl Pts',(9.69324435956782,70.5949090576189,3.40719466298951));
#7401=CARTESIAN_POINT('Ctrl Pts',(0.714354473793837,72.5544132586076,-27.5803915256628));
#7402=CARTESIAN_POINT('Ctrl Pts',(2.43860792045066,73.0124448704215,-23.3063755161067));
#7403=CARTESIAN_POINT('Ctrl Pts',(5.97516613751423,73.4085574278154,-13.0352053388059));
#7404=CARTESIAN_POINT('Ctrl Pts',(8.94357980282615,72.954086764401,-2.59124178262984));
#7405=CARTESIAN_POINT('Ctrl Pts',(10.4387329296624,72.5567762275398,3.38300553514236));
#7406=CARTESIAN_POINT('Ctrl Pts',(0.937846601033966,72.9005137699528,-27.7265847962083));
#7407=CARTESIAN_POINT('Ctrl Pts',(2.6886701551773,73.4113345072365,-23.4378831220569));
#7408=CARTESIAN_POINT('Ctrl Pts',(6.29622836769436,73.9230468412295,-13.1383977032283));
#7409=CARTESIAN_POINT('Ctrl Pts',(9.37968223627229,73.5729920354609,-2.67858956263212));
#7410=CARTESIAN_POINT('Ctrl Pts',(10.9678818043726,73.2213365869282,3.30661226054446));
#7411=CARTESIAN_POINT('',(0.937846602077563,72.9005137702573,-27.7265847936519));
#7412=CARTESIAN_POINT('Ctrl Pts',(10.754431324869,73.2674533491451,2.50617099944633));
#7413=CARTESIAN_POINT('Ctrl Pts',(9.22223805203898,73.5902682821797,-3.2114197601076));
#7414=CARTESIAN_POINT('Ctrl Pts',(6.20432461173403,73.9100107977534,-13.4007805500716));
#7415=CARTESIAN_POINT('Ctrl Pts',(2.68867015579168,73.4113345073236,-23.4378831203028));
#7416=CARTESIAN_POINT('Ctrl Pts',(0.937846602077568,72.9005137702573,-27.7265847936519));
#7417=CARTESIAN_POINT('',(0.374824809672258,70.042655013075,-27.0693282886363));
#7418=CARTESIAN_POINT('Origin',(4.,70.5151191113164,-28.6925604086072));
#7419=CARTESIAN_POINT('',(9.26261687084789,68.6266153377636,-3.41679644110657));
#7420=CARTESIAN_POINT('Ctrl Pts',(0.374824809672256,70.042655013075,-27.0693282886363));
#7421=CARTESIAN_POINT('Ctrl Pts',(2.19925420900878,70.1543820453311,-22.9622981775123));
#7422=CARTESIAN_POINT('Ctrl Pts',(5.2650893554455,69.8637184178347,-15.0999908498037));
#7423=CARTESIAN_POINT('Ctrl Pts',(8.04665439975826,69.069863481908,-7.11187182651386));
#7424=CARTESIAN_POINT('Ctrl Pts',(9.26448058577621,68.6283171802423,-3.4172073682851));
#7425=CARTESIAN_POINT('Ctrl Pts',(10.0847819542045,69.0913505355353,1.69246439780924));
#7426=CARTESIAN_POINT('Ctrl Pts',(10.062640939788,69.0700483601432,1.54013707823195));
#7427=CARTESIAN_POINT('Ctrl Pts',(10.0403661684786,69.050024427484,1.3885553817322));
#7428=CARTESIAN_POINT('Ctrl Pts',(9.8057550676299,68.851357670486,-0.191014796812461));
#7429=CARTESIAN_POINT('Ctrl Pts',(9.54157410662926,68.7352315677013,-1.79538796511142));
#7430=CARTESIAN_POINT('Ctrl Pts',(9.2662770187273,68.6280385409023,-3.39552887143076));
#7431=CARTESIAN_POINT('Ctrl Pts',(9.26444712834236,68.6273266904186,-3.40616269610109));
#7432=CARTESIAN_POINT('Ctrl Pts',(9.26261687084788,68.626615337763,-3.41679644110898));
#7433=CARTESIAN_POINT('Ctrl Pts',(18.9998753099039,79.2738645680572,16.6707955372876));
#7434=CARTESIAN_POINT('Ctrl Pts',(18.9998745233575,79.2738684622475,16.6707960027193));
#7435=CARTESIAN_POINT('Ctrl Pts',(19.0109034290088,79.2563496482292,16.6727158893827));
#7436=CARTESIAN_POINT('Ctrl Pts',(19.0460482675478,79.2008177613983,16.6785334517361));
#7437=CARTESIAN_POINT('Ctrl Pts',(19.0719676328123,79.1602035368402,16.6824756411191));
#7438=CARTESIAN_POINT('Ctrl Pts',(18.6142056623451,79.8856864203243,16.6044734921954));
#7439=CARTESIAN_POINT('Ctrl Pts',(18.6247178630597,79.8926927395739,16.6319866996803));
#7440=CARTESIAN_POINT('Ctrl Pts',(18.6535622381034,79.8918855660787,16.7013534301794));
#7441=CARTESIAN_POINT('Ctrl Pts',(18.6903824973939,79.85208907468,16.7780973559721));
#7442=CARTESIAN_POINT('Ctrl Pts',(18.7126391544888,79.8194359086251,16.8220012547597));
#7443=CARTESIAN_POINT('Ctrl Pts',(18.3888817610507,80.588206868916,16.4539616179951));
#7444=CARTESIAN_POINT('Ctrl Pts',(18.4105097785123,80.6031880884166,16.5142156826246));
#7445=CARTESIAN_POINT('Ctrl Pts',(18.4616139746604,80.6233261471544,16.6612974201223));
#7446=CARTESIAN_POINT('Ctrl Pts',(18.5120360041281,80.6084717668268,16.8168092777496));
#7447=CARTESIAN_POINT('Ctrl Pts',(18.5396097823016,80.5905570489963,16.9052807033974));
#7448=CARTESIAN_POINT('Ctrl Pts',(18.3559053034989,81.2816516695127,16.2406374014729));
#7449=CARTESIAN_POINT('Ctrl Pts',(18.3874845907167,81.3050196749304,16.3340746830276));
#7450=CARTESIAN_POINT('Ctrl Pts',(18.4624244043144,81.3466672374004,16.5584696716894));
#7451=CARTESIAN_POINT('Ctrl Pts',(18.5378133005468,81.356533337869,16.789154773133));
#7452=CARTESIAN_POINT('Ctrl Pts',(18.5799286715813,81.353019936133,16.9192951641954));
#7453=CARTESIAN_POINT('',(18.3559053034989,81.2816516695127,16.2406374014729));
#7454=CARTESIAN_POINT('',(18.9998745233575,79.2738684622475,16.6707960027193));
#7455=CARTESIAN_POINT('Origin',(22.1554720441566,81.0826088410444,15.0062652794112));
#7456=CARTESIAN_POINT('Origin',(23.0100370725895,89.4647138856483,0.435938700982192));
#7457=CARTESIAN_POINT('Ctrl Pts',(18.5799286715813,81.353019936133,16.9192951641954));
#7458=CARTESIAN_POINT('Ctrl Pts',(18.5378133005468,81.356533337869,16.789154773133));
#7459=CARTESIAN_POINT('Ctrl Pts',(18.4624244043144,81.3466672374004,16.5584696716894));
#7460=CARTESIAN_POINT('Ctrl Pts',(18.3874845907167,81.3050196749304,16.3340746830276));
#7461=CARTESIAN_POINT('Ctrl Pts',(18.3559053034989,81.2816516695127,16.2406374014729));
#7462=CARTESIAN_POINT('Ctrl Pts',(19.0266320875789,79.2315177806299,16.6752982297137));
#7463=CARTESIAN_POINT('Ctrl Pts',(19.0164848389804,79.2475416640554,16.6736284093629));
#7464=CARTESIAN_POINT('Ctrl Pts',(19.0037024989773,79.2677936598569,16.6714565115145));
#7465=CARTESIAN_POINT('Ctrl Pts',(18.9998745233575,79.2738684622475,16.6707960027193));
#7466=CARTESIAN_POINT('Ctrl Pts',(18.9998759368552,79.273865020786,16.6707974718574));
#7467=CARTESIAN_POINT('Ctrl Pts',(18.581123736358,79.8154827330923,16.503209170015));
#7468=CARTESIAN_POINT('Ctrl Pts',(18.5854338932905,79.8364980460838,16.5198548639363));
#7469=CARTESIAN_POINT('Ctrl Pts',(18.5949487192038,79.8658857841629,16.5518542375726));
#7470=CARTESIAN_POINT('Ctrl Pts',(18.6079659999047,79.8815277224214,16.5881426465412));
#7471=CARTESIAN_POINT('Ctrl Pts',(18.614205662345,79.8856864203243,16.6044734921954));
#7472=CARTESIAN_POINT('Ctrl Pts',(18.3004835691781,80.4907546924992,16.2197082807865));
#7473=CARTESIAN_POINT('Ctrl Pts',(18.3171030407635,80.5158071195933,16.2611513769525));
#7474=CARTESIAN_POINT('Ctrl Pts',(18.3463900807778,80.5534606035931,16.3371295185439));
#7475=CARTESIAN_POINT('Ctrl Pts',(18.3760441515074,80.5793145584317,16.4181969827725));
#7476=CARTESIAN_POINT('Ctrl Pts',(18.3888817610507,80.588206868916,16.4539616179951));
#7477=CARTESIAN_POINT('Ctrl Pts',(18.2275736170174,81.1541997135793,15.8680945096399));
#7478=CARTESIAN_POINT('Ctrl Pts',(18.2515057676432,81.1840355932968,15.9360463053981));
#7479=CARTESIAN_POINT('Ctrl Pts',(18.2939491809641,81.2310136500923,16.0582493777132));
#7480=CARTESIAN_POINT('Ctrl Pts',(18.3371609798607,81.2677812660008,16.1851764079027));
#7481=CARTESIAN_POINT('Ctrl Pts',(18.3559053034989,81.2816516695127,16.2406374014729));
#7482=CARTESIAN_POINT('',(18.4967537074389,80.2504932674003,16.4017813107608));
#7483=CARTESIAN_POINT('',(18.2275736170183,81.1541997135797,15.8680945096394));
#7484=CARTESIAN_POINT('Ctrl Pts',(18.4967537074389,80.2504932674003,16.4017813107608));
#7485=CARTESIAN_POINT('Ctrl Pts',(18.3705741009038,80.5625611234513,16.2656689740094));
#7486=CARTESIAN_POINT('Ctrl Pts',(18.2802002834101,80.8673462501731,16.0850823251042));
#7487=CARTESIAN_POINT('Ctrl Pts',(18.2275736170184,81.1541997135806,15.8680945096427));
#7488=CARTESIAN_POINT('Ctrl Pts',(18.4967537074389,80.2504932674003,16.4017813107608));
#7489=CARTESIAN_POINT('Ctrl Pts',(18.5014762730152,80.2388134012561,16.4068756318933));
#7490=CARTESIAN_POINT('Ctrl Pts',(18.5062490320559,80.2271233276635,16.4119076061014));
#7491=CARTESIAN_POINT('Ctrl Pts',(18.6404295014379,79.9016167357341,16.5501589178984));
#7492=CARTESIAN_POINT('Ctrl Pts',(18.8043008515298,79.5845865099966,16.636689681982));
#7493=CARTESIAN_POINT('Ctrl Pts',(18.9983027096868,79.2763628948219,16.6705247444082));
#7494=CARTESIAN_POINT('Ctrl Pts',(18.9990883838263,79.2751155794805,16.6706608122681));
#7495=CARTESIAN_POINT('Ctrl Pts',(18.9998745233575,79.2738684622475,16.6707960027193));
#7496=CARTESIAN_POINT('Ctrl Pts',(18.3559053034989,81.2816516695127,16.2406374014729));
#7497=CARTESIAN_POINT('Ctrl Pts',(18.3371609798607,81.2677812660008,16.1851764079027));
#7498=CARTESIAN_POINT('Ctrl Pts',(18.2939491809641,81.2310136500923,16.0582493777132));
#7499=CARTESIAN_POINT('Ctrl Pts',(18.2515057676432,81.1840355932968,15.9360463053981));
#7500=CARTESIAN_POINT('Ctrl Pts',(18.2275736170174,81.1541997135793,15.8680945096399));
#7501=CARTESIAN_POINT('Origin',(31.1134522633162,71.1052381993533,7.45752908821493));
#7502=CARTESIAN_POINT('Origin',(8.76860020512069,82.2842126988531,28.4288088820318));
#7503=CARTESIAN_POINT('Ctrl Pts',(24.3089565901598,76.03749906497,12.2813841782283));
#7504=CARTESIAN_POINT('Ctrl Pts',(25.6697057152262,75.0511556267687,11.3167195052713));
#7505=CARTESIAN_POINT('Ctrl Pts',(27.0337510280486,74.3087991345564,10.0978051191568));
#7506=CARTESIAN_POINT('Ctrl Pts',(28.3049208441776,73.916089349293,8.65606193256427));
#7507=CARTESIAN_POINT('Ctrl Pts',(28.3241942593776,73.9102116962392,8.63412397715068));
#7508=CARTESIAN_POINT('Ctrl Pts',(28.3434379106147,73.9044200969134,8.61214119386052));
#7509=CARTESIAN_POINT('Ctrl Pts',(8.84521547834766,69.5909330274494,1.09371846906103));
#7510=CARTESIAN_POINT('Ctrl Pts',(9.09709597436135,69.3924561410738,-0.0804772395358182));
#7511=CARTESIAN_POINT('Ctrl Pts',(9.34401075663568,68.8984010490997,-2.52503424056133));
#7512=CARTESIAN_POINT('Ctrl Pts',(9.11854587224877,67.5276581603303,-7.40789623262697));
#7513=CARTESIAN_POINT('Ctrl Pts',(7.65868652433659,65.1276585282878,-13.175184715731));
#7514=CARTESIAN_POINT('Ctrl Pts',(4.52283480594403,62.2868143558434,-17.8332102798738));
#7515=CARTESIAN_POINT('Ctrl Pts',(1.89172912464364,60.8379696872344,-19.9292660530049));
#7516=CARTESIAN_POINT('Ctrl Pts',(0.947334888118463,60.4148800460076,-20.5464965025078));
#7517=CARTESIAN_POINT('Ctrl Pts',(9.21242388087462,69.3477043879308,1.29732310684231));
#7518=CARTESIAN_POINT('Ctrl Pts',(9.49360571578038,69.0995552482611,0.12108880711671));
#7519=CARTESIAN_POINT('Ctrl Pts',(9.77567331547663,68.4972646568035,-2.31479398086546));
#7520=CARTESIAN_POINT('Ctrl Pts',(9.54062901438004,66.9087992480808,-7.13011824384995));
#7521=CARTESIAN_POINT('Ctrl Pts',(7.94271504651568,64.2916900010832,-12.716800047922));
#7522=CARTESIAN_POINT('Ctrl Pts',(4.60586239609165,61.4237542778252,-17.101990749969));
#7523=CARTESIAN_POINT('Ctrl Pts',(1.8872457471881,60.0434742919591,-19.0286862137686));
#7524=CARTESIAN_POINT('Ctrl Pts',(0.919706537257519,59.6518426002092,-19.5881411977849));
#7525=CARTESIAN_POINT('Ctrl Pts',(9.94236541013639,69.0516820587168,1.65041084945487));
#7526=CARTESIAN_POINT('Ctrl Pts',(10.3015829117169,68.7351805818677,0.46306503095864));
#7527=CARTESIAN_POINT('Ctrl Pts',(10.7102484830234,67.9763380553267,-1.97900525718808));
#7528=CARTESIAN_POINT('Ctrl Pts',(10.630718045846,66.0301464724136,-6.75452940441475));
#7529=CARTESIAN_POINT('Ctrl Pts',(9.04316199525955,62.9233272753929,-12.1840863512145));
#7530=CARTESIAN_POINT('Ctrl Pts',(5.48092803189864,59.6469909009256,-16.2729171675494));
#7531=CARTESIAN_POINT('Ctrl Pts',(2.54994981829621,58.1025450835541,-17.9670383000782));
#7532=CARTESIAN_POINT('Ctrl Pts',(1.50713247638571,57.6637000427697,-18.4442796233498));
#7533=CARTESIAN_POINT('Ctrl Pts',(10.7417461020603,69.0155568034832,1.95774019760173));
#7534=CARTESIAN_POINT('Ctrl Pts',(11.2008036658274,68.6763529503774,0.740060579874945));
#7535=CARTESIAN_POINT('Ctrl Pts',(11.7929713475289,67.8600956954307,-1.76297338832277));
#7536=CARTESIAN_POINT('Ctrl Pts',(12.024115724157,65.7387322502551,-6.67895703530975));
#7537=CARTESIAN_POINT('Ctrl Pts',(10.7097782038034,62.2671866694706,-12.3396522791965));
#7538=CARTESIAN_POINT('Ctrl Pts',(7.10871497536559,58.3854032698314,-16.671847577993));
#7539=CARTESIAN_POINT('Ctrl Pts',(3.94490215513141,56.4318260358034,-18.4632571780154));
#7540=CARTESIAN_POINT('Ctrl Pts',(2.80108615993405,55.8583150121558,-18.9662555358723));
#7541=CARTESIAN_POINT('Ctrl Pts',(11.0843094672115,69.048184643456,2.0761899530599));
#7542=CARTESIAN_POINT('Ctrl Pts',(11.5861191798148,68.7080896569076,0.841533658840505));
#7543=CARTESIAN_POINT('Ctrl Pts',(12.2570356976603,67.8865253225678,-1.69797840309514));
#7544=CARTESIAN_POINT('Ctrl Pts',(12.6210699423999,65.7313756398835,-6.70532747590133));
#7545=CARTESIAN_POINT('Ctrl Pts',(11.4234404926708,62.1511403420918,-12.5236417989756));
#7546=CARTESIAN_POINT('Ctrl Pts',(7.80497319005335,58.0398033679863,-17.033213857029));
#7547=CARTESIAN_POINT('Ctrl Pts',(4.54158017336476,55.9239200133073,-18.9107366634228));
#7548=CARTESIAN_POINT('Ctrl Pts',(3.3545247011309,55.2982753595804,-19.4401945571709));
#7549=CARTESIAN_POINT('',(1.46206660546713,60.6544535358622,-20.1971593386546));
#7550=CARTESIAN_POINT('Ctrl Pts',(9.2627697713667,68.6265266291235,-3.416774515409));
#7551=CARTESIAN_POINT('Ctrl Pts',(9.25551002687266,68.3859839987574,-4.33935364046122));
#7552=CARTESIAN_POINT('Ctrl Pts',(9.04739729595277,67.4106903461536,-7.68897424555196));
#7553=CARTESIAN_POINT('Ctrl Pts',(7.65868652433659,65.1276585282878,-13.175184715731));
#7554=CARTESIAN_POINT('Ctrl Pts',(4.63832343072486,62.3914383037067,-17.6616623194133));
#7555=CARTESIAN_POINT('Ctrl Pts',(2.21190361748677,61.016795366269,-19.6693183067996));
#7556=CARTESIAN_POINT('Ctrl Pts',(1.46209225538397,60.654498960016,-20.1972595061848));
#7557=CARTESIAN_POINT('',(0.980131457606063,59.8492824852309,-19.9454491114233));
#7558=CARTESIAN_POINT('Ctrl Pts',(1.46207289264517,60.6544620923306,-20.1971003955757));
#7559=CARTESIAN_POINT('Ctrl Pts',(1.46031660651954,60.6518283560297,-20.1961750602321));
#7560=CARTESIAN_POINT('Ctrl Pts',(1.45856166124824,60.6491935129517,-20.1952504552802));
#7561=CARTESIAN_POINT('Ctrl Pts',(1.45680805749818,60.6465575674522,-20.1943265820906));
#7562=CARTESIAN_POINT('Ctrl Pts',(1.38061188793681,60.5320225989751,-20.1541831926804));
#7563=CARTESIAN_POINT('Ctrl Pts',(1.3066004169305,60.4148811133866,-20.1152296456722));
#7564=CARTESIAN_POINT('Ctrl Pts',(1.23488233294979,60.2953992001658,-20.0776299416413));
#7565=CARTESIAN_POINT('Ctrl Pts',(1.16260376996686,60.1749835321681,-20.0397363947827));
#7566=CARTESIAN_POINT('Ctrl Pts',(1.09265455146978,60.0521903714528,-20.0032182053023));
#7567=CARTESIAN_POINT('Ctrl Pts',(1.02518853620863,59.9273050564319,-19.9682715736219));
#7568=CARTESIAN_POINT('Ctrl Pts',(1.01097315173839,59.9009911743857,-19.9609081654919));
#7569=CARTESIAN_POINT('Ctrl Pts',(0.996868162663744,59.8745844642571,-19.9536146199168));
#7570=CARTESIAN_POINT('Ctrl Pts',(0.982875248313695,59.8480876897435,-19.9463929135477));
#7571=CARTESIAN_POINT('',(1.93647628963713,59.050551391086,-18.8218647416073));
#7572=CARTESIAN_POINT('Ctrl Pts',(0.98013145760606,59.8492824852309,-19.9454491114233));
#7573=CARTESIAN_POINT('Ctrl Pts',(1.02571893448594,59.7984828177344,-19.8637547014353));
#7574=CARTESIAN_POINT('Ctrl Pts',(1.07416614685255,59.746819802239,-19.7839157898551));
#7575=CARTESIAN_POINT('Ctrl Pts',(1.34637369841266,59.471171987245,-19.3714476320454));
#7576=CARTESIAN_POINT('Ctrl Pts',(1.61453459362595,59.2475058438736,-19.083015678608));
#7577=CARTESIAN_POINT('Ctrl Pts',(1.93647628963713,59.050551391086,-18.8218647416073));
#7578=CARTESIAN_POINT('',(2.46398860729121,58.7183002698202,-18.4434025394126));
#7579=CARTESIAN_POINT('Ctrl Pts',(1.93647628963714,59.050551391086,-18.8218647416073));
#7580=CARTESIAN_POINT('Ctrl Pts',(2.10973296799941,58.9445580553316,-18.6813233191805));
#7581=CARTESIAN_POINT('Ctrl Pts',(2.28655933307956,58.8338356430771,-18.5542231906926));
#7582=CARTESIAN_POINT('Ctrl Pts',(2.46398860729121,58.7183002698202,-18.4434025394126));
#7583=CARTESIAN_POINT('Ctrl Pts',(2.46398860729121,58.7183002698202,-18.4434025394126));
#7584=CARTESIAN_POINT('Ctrl Pts',(2.93127737049624,58.4140191306702,-18.1515383850654));
#7585=CARTESIAN_POINT('Ctrl Pts',(3.51378553292764,58.1350734336023,-17.9076416331111));
#7586=CARTESIAN_POINT('Ctrl Pts',(4.93268379953593,57.6395968228774,-17.5585203290127));
#7587=CARTESIAN_POINT('Ctrl Pts',(5.76327222703924,57.452865331041,-17.4911187892891));
#7588=CARTESIAN_POINT('Ctrl Pts',(6.59215244666909,57.3777264956014,-17.5614283352209));
#7589=CARTESIAN_POINT('Ctrl Pts',(6.5957311648281,57.3774041851241,-17.5617344774473));
#7590=CARTESIAN_POINT('Ctrl Pts',(6.59930985053639,57.3770839840834,-17.5620431971469));
#7591=CARTESIAN_POINT('Ctrl Pts',(1.42453400463581,49.6535035123594,-25.3325327124925));
#7592=CARTESIAN_POINT('Ctrl Pts',(1.00029921736636,51.302493505323,-27.8461772708164));
#7593=CARTESIAN_POINT('Ctrl Pts',(0.370412754771492,54.5720072975517,-31.3275680022241));
#7594=CARTESIAN_POINT('Ctrl Pts',(0.309433783033925,58.2038251299227,-30.6521747030863));
#7595=CARTESIAN_POINT('Ctrl Pts',(1.00877896976081,59.4277601821441,-25.3045762291329));
#7596=CARTESIAN_POINT('Ctrl Pts',(1.68866653644459,59.2198889186577,-20.5326075289722));
#7597=CARTESIAN_POINT('Ctrl Pts',(1.93647628963713,59.050551391086,-18.8218647416073));
#7598=CARTESIAN_POINT('Ctrl Pts',(0.916625062341126,49.3265008592245,-25.6077532057456));
#7599=CARTESIAN_POINT('Ctrl Pts',(0.633010932236992,51.0061566599528,-28.1625199337866));
#7600=CARTESIAN_POINT('Ctrl Pts',(0.231134464485226,54.4509007167856,-31.6798205864686));
#7601=CARTESIAN_POINT('Ctrl Pts',(0.193742345035198,58.4586794712249,-30.8992115911274));
#7602=CARTESIAN_POINT('Ctrl Pts',(0.636659963624303,59.8692162061822,-25.3931626224918));
#7603=CARTESIAN_POINT('Ctrl Pts',(1.09405492795084,59.6451743904316,-20.5468881648863));
#7604=CARTESIAN_POINT('Ctrl Pts',(1.26501082551552,59.4548800719676,-18.8171150748576));
#7605=CARTESIAN_POINT('Ctrl Pts',(0.219036568531613,48.5818034305055,-26.234524859405));
#7606=CARTESIAN_POINT('Ctrl Pts',(0.148434899295172,50.4101831838218,-28.8169859427268));
#7607=CARTESIAN_POINT('Ctrl Pts',(0.0534572141890445,54.2449542019406,-32.3267950643524));
#7608=CARTESIAN_POINT('Ctrl Pts',(0.044723374950246,58.9107300758986,-31.3560513810332));
#7609=CARTESIAN_POINT('Ctrl Pts',(0.148911294023989,60.757555578688,-25.5927406834943));
#7610=CARTESIAN_POINT('Ctrl Pts',(0.262797406561174,60.6757024634743,-20.5857486642273));
#7611=CARTESIAN_POINT('Ctrl Pts',(0.30671473037086,60.5169998761509,-18.8046383069292));
#7612=CARTESIAN_POINT('Ctrl Pts',(2.15135406294541E-15,47.6928287941009,
-26.9827268558573));
#7613=CARTESIAN_POINT('Ctrl Pts',(0.000140739340617553,49.7525123725206,
-29.5527966735425));
#7614=CARTESIAN_POINT('Ctrl Pts',(6.61496563078573E-5,54.0435300537585,
-32.9975183601039));
#7615=CARTESIAN_POINT('Ctrl Pts',(0.000131723073472251,59.3688851345998,
-31.8318780128769));
#7616=CARTESIAN_POINT('Ctrl Pts',(0.000172715936130481,61.7384194033177,
-25.8281214833502));
#7617=CARTESIAN_POINT('Ctrl Pts',(0.000137874613614201,61.9520790859956,
-20.6364512930769));
#7618=CARTESIAN_POINT('Ctrl Pts',(-8.80020178412994E-15,61.889133504377,
-18.7885197930113));
#7619=CARTESIAN_POINT('Ctrl Pts',(2.22044604925031E-15,47.3119237613144,
-27.3033140743433));
#7620=CARTESIAN_POINT('Ctrl Pts',(8.05092975469937E-16,49.4706084421279,
-29.8681507606093));
#7621=CARTESIAN_POINT('Ctrl Pts',(-2.3234043303726E-15,53.9572048281942,
-33.2849804920055));
#7622=CARTESIAN_POINT('Ctrl Pts',(-3.91858379310553E-15,59.5652664245808,
-32.0358136457986));
#7623=CARTESIAN_POINT('Ctrl Pts',(-5.33131513502071E-15,62.1588513002157,
-25.9289747306204));
#7624=CARTESIAN_POINT('Ctrl Pts',(-8.42627166304729E-15,62.499000066228,
-20.658161573146));
#7625=CARTESIAN_POINT('Ctrl Pts',(-8.88178419700125E-15,62.4769561867883,
-18.7816146141768));
#7626=CARTESIAN_POINT('Ctrl Pts',(3.10862446895044E-15,61.7818337388059,
-25.7729794457944));
#7627=CARTESIAN_POINT('Ctrl Pts',(8.76256181200299E-6,61.7800786339822,
-25.7676011119192));
#7628=CARTESIAN_POINT('Ctrl Pts',(2.09508328766876E-5,61.7783233984166,
-25.7622228299871));
#7629=CARTESIAN_POINT('Ctrl Pts',(3.65509832130906E-5,61.7765680375429,
-25.7568446144121));
#7630=CARTESIAN_POINT('Ctrl Pts',(0.000593371197721151,61.7139134863279,
-25.5648785701397));
#7631=CARTESIAN_POINT('Ctrl Pts',(0.00549716866323747,61.6506891552153,
-25.3718062076468));
#7632=CARTESIAN_POINT('Ctrl Pts',(0.0142978755674164,61.5871043087199,-25.1780957417095));
#7633=CARTESIAN_POINT('Ctrl Pts',(0.0234064575557429,61.5212950738681,-24.9776087035434));
#7634=CARTESIAN_POINT('Ctrl Pts',(0.0366903623098624,61.4550987012666,-24.7764375745472));
#7635=CARTESIAN_POINT('Ctrl Pts',(0.0536815872205914,61.3887338826006,-24.5751453101165));
#7636=CARTESIAN_POINT('Ctrl Pts',(0.0707495542330978,61.3220693224094,-24.3729438945489));
#7637=CARTESIAN_POINT('Ctrl Pts',(0.0915591386913253,61.2552337593982,-24.1706201103967));
#7638=CARTESIAN_POINT('Ctrl Pts',(0.115653226597827,61.1884510435964,-23.968793032053));
#7639=CARTESIAN_POINT('Ctrl Pts',(0.13947939989764,61.1224109193012,-23.7692101732259));
#7640=CARTESIAN_POINT('Ctrl Pts',(0.166517759817394,61.0564216475488,-23.5701131690495));
#7641=CARTESIAN_POINT('Ctrl Pts',(0.196335319160834,60.990715688425,-23.3721476894716));
#7642=CARTESIAN_POINT('Ctrl Pts',(0.225653821650339,60.9261094507395,-23.1774955605368));
#7643=CARTESIAN_POINT('Ctrl Pts',(0.257659266111023,60.8617765758447,-22.9839376395933));
#7644=CARTESIAN_POINT('Ctrl Pts',(0.291946664227146,60.7979636458976,-22.7921305289285));
#7645=CARTESIAN_POINT('Ctrl Pts',(0.308305100436271,60.7675186485747,-22.7006198119694));
#7646=CARTESIAN_POINT('Ctrl Pts',(0.325183058046455,60.7371924320453,-22.6095082289571));
#7647=CARTESIAN_POINT('Ctrl Pts',(0.342537197876477,60.7070143505574,-22.5188703480202));
#7648=CARTESIAN_POINT('Ctrl Pts',(0.381591643748353,60.639100396796,-22.3148952590984));
#7649=CARTESIAN_POINT('Ctrl Pts',(0.423530755948034,60.5711204282062,-22.1108540267719));
#7650=CARTESIAN_POINT('Ctrl Pts',(0.46810956141979,60.5032771231193,-21.9073464160021));
#7651=CARTESIAN_POINT('Ctrl Pts',(0.513319699506109,60.434473009623,-21.7009566958839));
#7652=CARTESIAN_POINT('Ctrl Pts',(0.561244736549488,60.3658090661676,-21.4951159178494));
#7653=CARTESIAN_POINT('Ctrl Pts',(0.611624020192275,60.2975077900922,-21.2905019875163));
#7654=CARTESIAN_POINT('Ctrl Pts',(0.662500739269348,60.2285321202487,-21.0838677382755));
#7655=CARTESIAN_POINT('Ctrl Pts',(0.71588017567531,60.1599260338367,-20.8784848632254));
#7656=CARTESIAN_POINT('Ctrl Pts',(0.771491200895551,60.0919350409527,-20.6751023341948));
#7657=CARTESIAN_POINT('Ctrl Pts',(0.828043982063055,60.0227926411011,-20.4682755833481));
#7658=CARTESIAN_POINT('Ctrl Pts',(0.886904234326415,59.954286152804,-20.2635176752518));
#7659=CARTESIAN_POINT('Ctrl Pts',(0.947788477211517,59.8866942589673,-20.0616659533581));
#7660=CARTESIAN_POINT('Ctrl Pts',(0.959410947521726,59.8737913346292,-20.0231335592015));
#7661=CARTESIAN_POINT('Ctrl Pts',(0.971107187359205,59.8609218020223,-19.9847072069409));
#7662=CARTESIAN_POINT('Ctrl Pts',(0.9828752483137,59.8480876897435,-19.9463929135477));
#7663=CARTESIAN_POINT('',(1.19646888953051,50.5827831614801,-26.6707781394246));
#7664=CARTESIAN_POINT('Ctrl Pts',(1.19646888953051,50.5827831614801,-26.6707781394246));
#7665=CARTESIAN_POINT('Ctrl Pts',(1.19396008365564,50.5794970210523,-26.6709378686056));
#7666=CARTESIAN_POINT('Ctrl Pts',(1.1914542402654,50.5762079520696,-26.6710994203759));
#7667=CARTESIAN_POINT('Ctrl Pts',(0.918659651933218,50.2174656090792,-26.6888940266053));
#7668=CARTESIAN_POINT('Ctrl Pts',(0.562066303739204,49.6330331517184,-26.7461834962699));
#7669=CARTESIAN_POINT('Ctrl Pts',(0.137017906384483,48.5494923239334,-26.9395941441404));
#7670=CARTESIAN_POINT('Ctrl Pts',(6.29687545204007E-14,47.8185458869756,
-27.1294726234891));
#7671=CARTESIAN_POINT('Ctrl Pts',(-3.33066907387547E-15,47.3119237613149,
-27.3033140743432));
#7672=CARTESIAN_POINT('Origin',(4.,49.3399523001417,-7.11123738984797));
#7673=CARTESIAN_POINT('Ctrl Pts',(1.54016356037093,60.2661087456761,-19.6161864766743));
#7674=CARTESIAN_POINT('Ctrl Pts',(1.22841236925764,61.7937079014091,-21.9422478714976));
#7675=CARTESIAN_POINT('Ctrl Pts',(0.619843230258386,65.3954648410515,-26.2936958979582));
#7676=CARTESIAN_POINT('Ctrl Pts',(0.377968889516925,68.5658505185207,-27.4921509114608));
#7677=CARTESIAN_POINT('Ctrl Pts',(0.37482481075974,70.0426550131416,-27.0693282861883));
#7678=CARTESIAN_POINT('Ctrl Pts',(0.584995487972642,59.6815869332737,-20.0779164833544));
#7679=CARTESIAN_POINT('Ctrl Pts',(0.453581026475607,61.2335266579039,-22.4598621832384));
#7680=CARTESIAN_POINT('Ctrl Pts',(0.215710538824505,65.0138878210383,-26.8973449552489));
#7681=CARTESIAN_POINT('Ctrl Pts',(0.130027702096503,68.5267837152012,-28.0545659685276));
#7682=CARTESIAN_POINT('Ctrl Pts',(0.128919365756376,70.1900177913182,-27.5756185971543));
#7683=CARTESIAN_POINT('Ctrl Pts',(3.33066907387547E-15,58.7414551557239,
-20.8205526736861));
#7684=CARTESIAN_POINT('Ctrl Pts',(0.00313863325851777,60.4508325897137,
-23.199719805011));
#7685=CARTESIAN_POINT('Ctrl Pts',(0.00293209170807122,64.6037846342801,
-27.6028632477192));
#7686=CARTESIAN_POINT('Ctrl Pts',(-7.24165204276235E-6,68.4837899696222,
-28.675257500541));
#7687=CARTESIAN_POINT('Ctrl Pts',(3.33066907387547E-15,70.3525197659231,
-28.1339222357887));
#7688=CARTESIAN_POINT('Ctrl Pts',(3.33066907387547E-15,57.7909499871923,
-21.5713830935326));
#7689=CARTESIAN_POINT('Ctrl Pts',(3.81806331667328E-15,59.6648915135673,
-23.943677901073));
#7690=CARTESIAN_POINT('Ctrl Pts',(2.76459021672254E-15,64.1946676614853,
-28.3084454256687));
#7691=CARTESIAN_POINT('Ctrl Pts',(1.97510383609405E-15,68.440755128401,
-29.296332657159));
#7692=CARTESIAN_POINT('Ctrl Pts',(3.33066907387547E-15,70.5151191113164,
-28.6925604086072));
#7693=CARTESIAN_POINT('Origin',(4.,61.024233259933,2.6496927004977));
#7694=CARTESIAN_POINT('Origin',(4.,70.51511910953,-28.6925604091272));
#7695=CARTESIAN_POINT('Origin',(11.5892028854498,56.2708507413574,18.2151728758606));
#7696=CARTESIAN_POINT('Ctrl Pts',(0.,47.3119237613149,-27.3033140743433));
#7697=CARTESIAN_POINT('Ctrl Pts',(0.,46.9216243486407,-27.3193995115078));
#7698=CARTESIAN_POINT('Ctrl Pts',(0.,46.5346783715051,-27.4125049072106));
#7699=CARTESIAN_POINT('Ctrl Pts',(0.,46.1794144989968,-27.5749239754044));
#7700=CARTESIAN_POINT('Ctrl Pts',(9.93224079362111E-16,47.2918327891152,
-26.8158237705728));
#7701=CARTESIAN_POINT('Ctrl Pts',(-0.000891567945966464,46.8349644782331,
-26.796434517351));
#7702=CARTESIAN_POINT('Ctrl Pts',(0.00147710152995094,46.3725884316215,
-26.8683203422438));
#7703=CARTESIAN_POINT('Ctrl Pts',(-1.00142972802147E-15,45.9306083148354,
-27.0307030937543));
#7704=CARTESIAN_POINT('Ctrl Pts',(0.326848353666629,47.2568379142433,-25.9667029807921));
#7705=CARTESIAN_POINT('Ctrl Pts',(0.379914978201512,46.6845238734171,-25.8879175802068));
#7706=CARTESIAN_POINT('Ctrl Pts',(0.438778550706755,46.0888198507748,-25.9219068317822));
#7707=CARTESIAN_POINT('Ctrl Pts',(0.501947707130274,45.4997937679605,-26.088370115504));
#7708=CARTESIAN_POINT('Ctrl Pts',(1.07736026386001,47.2373170258677,-25.4930452747577));
#7709=CARTESIAN_POINT('Ctrl Pts',(1.23017812758053,46.6026004229296,-25.435443086463));
#7710=CARTESIAN_POINT('Ctrl Pts',(1.39191695408551,45.9593443139674,-25.5225652134519));
#7711=CARTESIAN_POINT('Ctrl Pts',(1.55120104948966,45.3478410832937,-25.7559996629882));
#7712=CARTESIAN_POINT('Ctrl Pts',(1.42800360407821,47.2330075394844,-25.3884792634564));
#7713=CARTESIAN_POINT('Ctrl Pts',(1.61822791073501,46.5855708598454,-25.3583386158848));
#7714=CARTESIAN_POINT('Ctrl Pts',(1.81466491838351,45.9417166611863,-25.4844924103561));
#7715=CARTESIAN_POINT('Ctrl Pts',(2.0000000000029,45.347841083294,-25.7559996629888));
#7716=CARTESIAN_POINT('Origin',(2.,46.1794144989967,-27.5749239754044));
#7717=CARTESIAN_POINT('',(1.42800360407831,47.233007539484,-25.3884792634564));
#7718=CARTESIAN_POINT('Ctrl Pts',(2.0000000000029,45.347841083294,-25.7559996629888));
#7719=CARTESIAN_POINT('Ctrl Pts',(1.81466491838351,45.9417166611863,-25.4844924103561));
#7720=CARTESIAN_POINT('Ctrl Pts',(1.61822791073501,46.5855708598454,-25.3583386158848));
#7721=CARTESIAN_POINT('Ctrl Pts',(1.42800360407821,47.2330075394844,-25.3884792634564));
#7722=CARTESIAN_POINT('Origin',(2.,47.3119237613147,-27.3033140743433));
#7723=CARTESIAN_POINT('Ctrl Pts',(1.19646888953051,50.5827831614801,-26.6707781394246));
#7724=CARTESIAN_POINT('Ctrl Pts',(1.19396008365564,50.5794970210523,-26.6709378686056));
#7725=CARTESIAN_POINT('Ctrl Pts',(1.1914542402654,50.5762079520696,-26.6710994203759));
#7726=CARTESIAN_POINT('Ctrl Pts',(0.918659651933218,50.2174656090792,-26.6888940266053));
#7727=CARTESIAN_POINT('Ctrl Pts',(0.562066303739204,49.6330331517184,-26.7461834962699));
#7728=CARTESIAN_POINT('Ctrl Pts',(0.137017906384483,48.5494923239334,-26.9395941441404));
#7729=CARTESIAN_POINT('Ctrl Pts',(6.29687545204007E-14,47.8185458869756,
-27.1294726234891));
#7730=CARTESIAN_POINT('Ctrl Pts',(-3.33066907387547E-15,47.3119237613149,
-27.3033140743432));
#7731=CARTESIAN_POINT('Ctrl Pts',(1.19646888953051,50.5827831614801,-26.6707781394246));
#7732=CARTESIAN_POINT('Ctrl Pts',(1.19430998677771,50.5794834649115,-26.6704397575674));
#7733=CARTESIAN_POINT('Ctrl Pts',(1.19214443228463,50.5761888530001,-26.6700947082558));
#7734=CARTESIAN_POINT('Ctrl Pts',(0.957270466477249,50.2160591934159,-26.6334226705137));
#7735=CARTESIAN_POINT('Ctrl Pts',(0.639405612619223,49.6442781662282,-26.5968283245));
#7736=CARTESIAN_POINT('Ctrl Pts',(0.216763859437849,48.5785138256411,-26.6189872720752));
#7737=CARTESIAN_POINT('Ctrl Pts',(0.0389856055424935,47.8385205369883,-26.7009877676028));
#7738=CARTESIAN_POINT('Ctrl Pts',(3.57501735372731E-14,47.2918327891151,
-26.8158237705727));
#7739=CARTESIAN_POINT('Ctrl Pts',(1.19646888953051,50.5827831614801,-26.6707781394246));
#7740=CARTESIAN_POINT('Ctrl Pts',(1.19491898500101,50.5794621315781,-26.6695642449567));
#7741=CARTESIAN_POINT('Ctrl Pts',(1.19335761445168,50.5761514598826,-26.6683416954119));
#7742=CARTESIAN_POINT('Ctrl Pts',(1.02465003743077,50.2138016964386,-26.5361491276134));
#7743=CARTESIAN_POINT('Ctrl Pts',(0.794334609309654,49.6496675390923,-26.3487692003227));
#7744=CARTESIAN_POINT('Ctrl Pts',(0.483241966186102,48.5929818355211,-26.0900765686139));
#7745=CARTESIAN_POINT('Ctrl Pts',(0.348119306096315,47.8421327530843,-25.9785203301134));
#7746=CARTESIAN_POINT('Ctrl Pts',(0.327100641278932,47.2568440221208,-25.9668511832336));
#7747=CARTESIAN_POINT('Ctrl Pts',(1.19646888953051,50.5827831614801,-26.6707781394246));
#7748=CARTESIAN_POINT('Ctrl Pts',(1.19552492885409,50.5794440040387,-26.668687145666));
#7749=CARTESIAN_POINT('Ctrl Pts',(1.19457586886701,50.5761086721859,-26.6665916977895));
#7750=CARTESIAN_POINT('Ctrl Pts',(1.09222227870037,50.2116561665396,-26.4390385171141));
#7751=CARTESIAN_POINT('Ctrl Pts',(0.982639035671338,49.6298740285567,-26.1247434481129));
#7752=CARTESIAN_POINT('Ctrl Pts',(0.924329017767068,48.5417531720538,-25.7060284261604));
#7753=CARTESIAN_POINT('Ctrl Pts',(0.975783625754123,47.7874082404187,-25.5328327155775));
#7754=CARTESIAN_POINT('Ctrl Pts',(1.07736026386011,47.2373170258674,-25.4930452747577));
#7755=CARTESIAN_POINT('Ctrl Pts',(1.19646888953051,50.5827831614801,-26.6707781394246));
#7756=CARTESIAN_POINT('Ctrl Pts',(1.19578290398073,50.5794373468854,-26.6683098695631));
#7757=CARTESIAN_POINT('Ctrl Pts',(1.19510043582516,50.5760886165285,-26.6658437191982));
#7758=CARTESIAN_POINT('Ctrl Pts',(1.12105861316458,50.2108482253063,-26.3972951054363));
#7759=CARTESIAN_POINT('Ctrl Pts',(1.06950202242464,49.6168061698237,-26.0333329283932));
#7760=CARTESIAN_POINT('Ctrl Pts',(1.1350249730879,48.5089881204348,-25.5773542147871));
#7761=CARTESIAN_POINT('Ctrl Pts',(1.2742238316159,47.7564036660279,-25.4128453500353));
#7762=CARTESIAN_POINT('Ctrl Pts',(1.42800360407831,47.233007539484,-25.3884792634564));
#7763=CARTESIAN_POINT('Ctrl Pts',(1.42800360407831,47.233007539484,-25.3884792634564));
#7764=CARTESIAN_POINT('Ctrl Pts',(1.2742238316159,47.7564036660279,-25.4128453500353));
#7765=CARTESIAN_POINT('Ctrl Pts',(1.1350249730879,48.5089881204348,-25.5773542147871));
#7766=CARTESIAN_POINT('Ctrl Pts',(1.06950202242464,49.6168061698237,-26.0333329283932));
#7767=CARTESIAN_POINT('Ctrl Pts',(1.12105861316458,50.2108482253063,-26.3972951054363));
#7768=CARTESIAN_POINT('Ctrl Pts',(1.19510043582516,50.5760886165285,-26.6658437191982));
#7769=CARTESIAN_POINT('Ctrl Pts',(1.19578290398073,50.5794373468854,-26.6683098695631));
#7770=CARTESIAN_POINT('Ctrl Pts',(1.19646888953051,50.5827831614801,-26.6707781394246));
#7771=CARTESIAN_POINT('Ctrl Pts',(2.46398860729121,58.7183002698202,-18.4434025394126));
#7772=CARTESIAN_POINT('Ctrl Pts',(2.92395118290482,58.4077782857191,-18.7887358379904));
#7773=CARTESIAN_POINT('Ctrl Pts',(4.03314928712845,57.3243424185877,-20.0611191575729));
#7774=CARTESIAN_POINT('Ctrl Pts',(4.46338392520063,54.9639529511639,-22.703483795516));
#7775=CARTESIAN_POINT('Ctrl Pts',(3.00755348176339,51.9296982934614,-25.5153615956975));
#7776=CARTESIAN_POINT('Ctrl Pts',(0.954746307852392,50.3014433541468,-26.9016518560119));
#7777=CARTESIAN_POINT('Ctrl Pts',(-0.248359203368252,49.7057503058276,-27.4746983332819));
#7778=CARTESIAN_POINT('Ctrl Pts',(2.76450899888495,58.5295489166974,-17.8571933237227));
#7779=CARTESIAN_POINT('Ctrl Pts',(3.25655061361564,58.195794214884,-18.2149944225244));
#7780=CARTESIAN_POINT('Ctrl Pts',(4.43992748926653,57.01594014817,-19.5130324636875));
#7781=CARTESIAN_POINT('Ctrl Pts',(4.85341153772039,54.4649551404634,-22.1132347653094));
#7782=CARTESIAN_POINT('Ctrl Pts',(3.258036314174,51.3239970689087,-24.7858513609293));
#7783=CARTESIAN_POINT('Ctrl Pts',(1.09753757178017,49.7064775291048,-26.0572413577085));
#7784=CARTESIAN_POINT('Ctrl Pts',(-0.152577990614991,49.1374686636225,-26.5645377884761));
#7785=CARTESIAN_POINT('Ctrl Pts',(3.46393705208322,58.4626434401641,-16.8371023169941));
#7786=CARTESIAN_POINT('Ctrl Pts',(4.03820242417392,58.0820475208995,-17.2315238679668));
#7787=CARTESIAN_POINT('Ctrl Pts',(5.43639765341432,56.7188276876158,-18.620341392443));
#7788=CARTESIAN_POINT('Ctrl Pts',(6.00049240974169,53.7442005500423,-21.2635604060608));
#7789=CARTESIAN_POINT('Ctrl Pts',(4.27066296957701,50.1191354382444,-23.8418007358392));
#7790=CARTESIAN_POINT('Ctrl Pts',(1.86144102587334,48.2660514485576,-24.9620723449827));
#7791=CARTESIAN_POINT('Ctrl Pts',(0.466363626591244,47.6076926271433,-25.3693561190655));
#7792=CARTESIAN_POINT('Ctrl Pts',(4.30953078486104,58.8685830618896,-16.0538653730358));
#7793=CARTESIAN_POINT('Ctrl Pts',(4.98806866060162,58.4409882777802,-16.5082316804614));
#7794=CARTESIAN_POINT('Ctrl Pts',(6.67678612552539,56.9110742114658,-18.0793092971114));
#7795=CARTESIAN_POINT('Ctrl Pts',(7.56221843279434,53.5068496282734,-21.0247655219882));
#7796=CARTESIAN_POINT('Ctrl Pts',(5.82617195682419,49.1671367422294,-23.8730520364445));
#7797=CARTESIAN_POINT('Ctrl Pts',(3.1325262581194,46.8274818477302,-25.0619717692653));
#7798=CARTESIAN_POINT('Ctrl Pts',(1.54021182815011,45.9520566056036,-25.4797652082494));
#7799=CARTESIAN_POINT('Ctrl Pts',(4.67184960289341,59.1160136472842,-15.7862044068823));
#7800=CARTESIAN_POINT('Ctrl Pts',(5.39503719678045,58.6693817502082,-16.2693537511548));
#7801=CARTESIAN_POINT('Ctrl Pts',(7.20829084805017,57.0746542948197,-17.932324626431));
#7802=CARTESIAN_POINT('Ctrl Pts',(8.23120277228466,53.501616118417,-21.0467428381618));
#7803=CARTESIAN_POINT('Ctrl Pts',(6.49218288149022,48.8620604754787,-24.0627826466196));
#7804=CARTESIAN_POINT('Ctrl Pts',(3.67674526559251,46.3138141638998,-25.3143773653787));
#7805=CARTESIAN_POINT('Ctrl Pts',(1.99999999729783,45.3478410817466,-25.7559996636963));
#7806=CARTESIAN_POINT('Ctrl Pts',(2.46398860729121,58.7183002698202,-18.4434025394126));
#7807=CARTESIAN_POINT('Ctrl Pts',(2.92395118290482,58.4077782857191,-18.7887358379904));
#7808=CARTESIAN_POINT('Ctrl Pts',(4.03314928712845,57.3243424185877,-20.0611191575729));
#7809=CARTESIAN_POINT('Ctrl Pts',(4.46338392520063,54.9639529511639,-22.703483795516));
#7810=CARTESIAN_POINT('Ctrl Pts',(3.21579002462846,52.3637067337578,-25.1131611095706));
#7811=CARTESIAN_POINT('Ctrl Pts',(1.78580388180684,51.018305849843,-26.284304563246));
#7812=CARTESIAN_POINT('Ctrl Pts',(1.19540320035686,50.5838005282331,-26.6705015858402));
#7813=CARTESIAN_POINT('Ctrl Pts',(15.4904986494227,114.054915325647,20.145878111026));
#7814=CARTESIAN_POINT('Ctrl Pts',(13.8397131298958,115.231809132683,16.6972138691505));
#7815=CARTESIAN_POINT('Ctrl Pts',(12.0906385170978,116.160874369303,13.1905455250342));
#7816=CARTESIAN_POINT('Ctrl Pts',(10.3122760409282,116.93714641547,9.67569671043031));
#7817=CARTESIAN_POINT('Ctrl Pts',(15.2029541605428,113.211810002607,20.0063335365191));
#7818=CARTESIAN_POINT('Ctrl Pts',(13.5237323508661,114.288163627588,16.5725505199527));
#7819=CARTESIAN_POINT('Ctrl Pts',(11.7765323942351,115.151775688345,13.0739022529983));
#7820=CARTESIAN_POINT('Ctrl Pts',(10.0190987086154,115.881849079483,9.56095673036575));
#7821=CARTESIAN_POINT('Ctrl Pts',(15.1854847519667,112.304890357403,19.7156978248482));
#7822=CARTESIAN_POINT('Ctrl Pts',(13.5403200798017,113.263940542265,16.2611219897861));
#7823=CARTESIAN_POINT('Ctrl Pts',(11.8422324380009,114.055060953033,12.7451376316555));
#7824=CARTESIAN_POINT('Ctrl Pts',(10.139656756112,114.744933659544,9.21908395109291));
#7825=CARTESIAN_POINT('Ctrl Pts',(15.441828499501,111.528217589624,19.336160735766));
#7826=CARTESIAN_POINT('Ctrl Pts',(13.8866845925119,112.419166254933,15.8426493426038));
#7827=CARTESIAN_POINT('Ctrl Pts',(12.2698672362318,113.187720228758,12.2992539412923));
#7828=CARTESIAN_POINT('Ctrl Pts',(10.6366441764083,113.87821221222,8.75586897361122));
#7829=CARTESIAN_POINT('Ctrl Pts',(10.6366441764083,113.87821221222,8.75586897361122));
#7830=CARTESIAN_POINT('Ctrl Pts',(12.2698672362318,113.187720228758,12.2992539412923));
#7831=CARTESIAN_POINT('Ctrl Pts',(13.8866845925119,112.419166254933,15.8426493426038));
#7832=CARTESIAN_POINT('Ctrl Pts',(15.441828499501,111.528217589624,19.336160735766));
#7833=CARTESIAN_POINT('Ctrl Pts',(19.6398111950504,87.0913416661764,21.541092426992));
#7834=CARTESIAN_POINT('Ctrl Pts',(19.2296187641078,87.6075345595669,20.6011870149584));
#7835=CARTESIAN_POINT('Ctrl Pts',(18.5941525323659,88.2893747174593,19.1732251389195));
#7836=CARTESIAN_POINT('Ctrl Pts',(17.0087433203644,89.7355584490582,15.7060447444982));
#7837=CARTESIAN_POINT('Ctrl Pts',(15.7982759962298,90.5956498137172,13.1659132511282));
#7838=CARTESIAN_POINT('Ctrl Pts',(14.8190579195016,91.2080687817051,11.1580029858458));
#7839=CARTESIAN_POINT('Ctrl Pts',(19.4244914065719,86.516992923635,21.3691757863167));
#7840=CARTESIAN_POINT('Ctrl Pts',(18.9917073410431,86.9777541526012,20.4343713982499));
#7841=CARTESIAN_POINT('Ctrl Pts',(18.3277080708765,87.5911672721177,19.0147647561071));
#7842=CARTESIAN_POINT('Ctrl Pts',(16.6855269610686,88.9019271545856,15.5686370010321));
#7843=CARTESIAN_POINT('Ctrl Pts',(15.4529173888312,89.6913057983204,13.0408606734967));
#7844=CARTESIAN_POINT('Ctrl Pts',(14.4631890074351,90.2560420053447,11.0410543341084));
#7845=CARTESIAN_POINT('Ctrl Pts',(19.3428449829154,85.9151346048391,21.1237708464729));
#7846=CARTESIAN_POINT('Ctrl Pts',(18.9109210050394,86.3129272211795,20.1803558291888));
#7847=CARTESIAN_POINT('Ctrl Pts',(18.2511537532442,86.8461861465471,18.749580616845));
#7848=CARTESIAN_POINT('Ctrl Pts',(16.6280482608829,87.9944289766404,15.2792740980204));
#7849=CARTESIAN_POINT('Ctrl Pts',(15.4193324670563,88.6969946810018,12.7364355042721));
#7850=CARTESIAN_POINT('Ctrl Pts',(14.4529715620094,89.2053881835305,10.725457463702));
#7851=CARTESIAN_POINT('Ctrl Pts',(19.4038817730251,85.3521829996317,20.831958541801));
#7852=CARTESIAN_POINT('Ctrl Pts',(18.9977177270058,85.6978086027123,19.8718118215695));
#7853=CARTESIAN_POINT('Ctrl Pts',(18.3765479474892,86.1687944123811,18.4187093350173));
#7854=CARTESIAN_POINT('Ctrl Pts',(16.8491195920738,87.2030999387559,14.8992016450924));
#7855=CARTESIAN_POINT('Ctrl Pts',(15.7064021963358,87.8574665615085,12.3277198236705));
#7856=CARTESIAN_POINT('Ctrl Pts',(14.7911694000384,88.3403089515136,10.2965812609216));
#7857=CARTESIAN_POINT('Ctrl Pts',(14.7911694000384,88.3403089515136,10.2965812609216));
#7858=CARTESIAN_POINT('Ctrl Pts',(15.7064021963358,87.8574665615085,12.3277198236705));
#7859=CARTESIAN_POINT('Ctrl Pts',(16.8491195920738,87.2030999387559,14.8992016450924));
#7860=CARTESIAN_POINT('Ctrl Pts',(18.3765479474892,86.1687944123811,18.4187093350173));
#7861=CARTESIAN_POINT('Ctrl Pts',(18.9977177270058,85.6978086027123,19.8718118215695));
#7862=CARTESIAN_POINT('Ctrl Pts',(19.4038817730251,85.3521829996317,20.831958541801));
#7863=CARTESIAN_POINT('Origin',(4.,95.4354383246696,-22.7644595747891));
#7864=CARTESIAN_POINT('',(0.,95.4354383246696,-22.7644595747891));
#7865=CARTESIAN_POINT('',(0.813955545524525,97.6324503145777,-21.7533913029568));
#7866=CARTESIAN_POINT('Origin',(4.,95.4354383246696,-22.7644595747891));
#7867=CARTESIAN_POINT('',(1.30829502875966,92.5957332391642,-21.9333161604768));
#7868=CARTESIAN_POINT('Origin',(4.,95.4354383246696,-22.7644595747891));
#7869=CARTESIAN_POINT('Origin',(4.,95.4354383246696,-22.7644595747892));
#7870=CARTESIAN_POINT('Origin',(4.,70.5151191113164,-28.6925604086072));
#7871=CARTESIAN_POINT('Origin',(4.,70.5151191113164,-28.6925604086072));
#7872=CARTESIAN_POINT('Ctrl Pts',(0.937846602077568,72.9005137702573,-27.7265847936519));
#7873=CARTESIAN_POINT('Ctrl Pts',(0.741846772460189,73.9031719102229,-30.8238854602025));
#7874=CARTESIAN_POINT('Ctrl Pts',(0.582184915646104,75.0342061756482,-33.3974321054443));
#7875=CARTESIAN_POINT('Ctrl Pts',(0.462271867492752,76.2469931750446,-35.3444140092993));
#7876=CARTESIAN_POINT('Ctrl Pts',(0.338276639383068,72.2392753239689,-27.994356087761));
#7877=CARTESIAN_POINT('Ctrl Pts',(0.263020443837628,73.2889151175088,-31.1238134435832));
#7878=CARTESIAN_POINT('Ctrl Pts',(0.203002530117405,74.4930095822936,-33.7252139469534));
#7879=CARTESIAN_POINT('Ctrl Pts',(0.160168516831433,75.7934002988066,-35.6937897371134));
#7880=CARTESIAN_POINT('Ctrl Pts',(-4.9960036108132E-15,71.3788752467694,
-28.342778723221));
#7881=CARTESIAN_POINT('Ctrl Pts',(0.00114776471450126,72.5441812171565,
-31.4921194852935));
#7882=CARTESIAN_POINT('Ctrl Pts',(-0.000337904165957613,73.8643826684594,
-34.1087519006654));
#7883=CARTESIAN_POINT('Ctrl Pts',(-6.10622663543836E-15,75.2810065161175,
-36.0884563205905));
#7884=CARTESIAN_POINT('Ctrl Pts',(-4.9960036108132E-15,70.5151191113164,
-28.6925604086072));
#7885=CARTESIAN_POINT('Ctrl Pts',(-5.90089296168876E-15,71.7982727284281,
-31.8611991790598));
#7886=CARTESIAN_POINT('Ctrl Pts',(-7.04537376058954E-15,73.2348812153038,
-34.4928579877296));
#7887=CARTESIAN_POINT('Ctrl Pts',(-6.10622663543836E-15,74.7681430520542,
-36.4834846718125));
#7888=CARTESIAN_POINT('',(0.462271867492756,76.2469931750446,-35.3444140092993));
#7889=CARTESIAN_POINT('Origin',(4.,74.7681430520542,-36.4834846718125));
#7890=CARTESIAN_POINT('Ctrl Pts',(0.937846602077568,72.9005137702573,-27.7265847936519));
#7891=CARTESIAN_POINT('Ctrl Pts',(0.741846772460189,73.9031719102229,-30.8238854602025));
#7892=CARTESIAN_POINT('Ctrl Pts',(0.582184915646104,75.0342061756482,-33.3974321054443));
#7893=CARTESIAN_POINT('Ctrl Pts',(0.462271867492752,76.2469931750446,-35.3444140092993));
#7894=CARTESIAN_POINT('Ctrl Pts',(0.462271867492761,76.2469931750446,-35.3444140092993));
#7895=CARTESIAN_POINT('Ctrl Pts',(0.438211131060667,76.4903407405525,-35.7350789048059));
#7896=CARTESIAN_POINT('Ctrl Pts',(0.446001456315099,77.0745301438744,-36.4183417075286));
#7897=CARTESIAN_POINT('Ctrl Pts',(0.604218599614794,78.5017792927931,-37.303310438333));
#7898=CARTESIAN_POINT('Ctrl Pts',(0.87002831714115,80.5002084533472,-37.6106029710479));
#7899=CARTESIAN_POINT('Ctrl Pts',(1.11972885322428,83.6872318034349,-37.0061618882873));
#7900=CARTESIAN_POINT('Ctrl Pts',(0.983484758469234,86.6324443707957,-35.2918525812081));
#7901=CARTESIAN_POINT('Ctrl Pts',(0.74864498252861,88.9634344376971,-32.6426522714332));
#7902=CARTESIAN_POINT('Ctrl Pts',(0.732435768081551,89.839317601783,-30.9901688098481));
#7903=CARTESIAN_POINT('Ctrl Pts',(0.788342370321574,90.1778815062083,-30.0991761014306));
#7904=CARTESIAN_POINT('Ctrl Pts',(0.160168516831438,75.7934002988066,-35.6937897371134));
#7905=CARTESIAN_POINT('Ctrl Pts',(0.142091929114934,76.0742162423409,-36.1437794497396));
#7906=CARTESIAN_POINT('Ctrl Pts',(0.165211227577336,76.7403985175304,-36.9383908466932));
#7907=CARTESIAN_POINT('Ctrl Pts',(0.348826244688824,78.340730465515,-37.9997386661768));
#7908=CARTESIAN_POINT('Ctrl Pts',(0.616460813628407,80.5408112895787,-38.4389489964776));
#7909=CARTESIAN_POINT('Ctrl Pts',(0.813340478492869,83.9841536136558,-37.9038966524475));
#7910=CARTESIAN_POINT('Ctrl Pts',(0.581040517251277,87.103388867601,-36.0946675001613));
#7911=CARTESIAN_POINT('Ctrl Pts',(0.261301148491857,89.5465663718385,-33.2013371347309));
#7912=CARTESIAN_POINT('Ctrl Pts',(0.222965962645037,90.4516334458392,-31.3777939829811));
#7913=CARTESIAN_POINT('Ctrl Pts',(0.280765731118054,90.7957979033112,-30.3917579588293));
#7914=CARTESIAN_POINT('Ctrl Pts',(-4.39927816688025E-15,75.2810065161175,
-36.0884563205905));
#7915=CARTESIAN_POINT('Ctrl Pts',(-0.0097953428482836,75.6012901184533,
-36.5984823457386));
#7916=CARTESIAN_POINT('Ctrl Pts',(0.0392280819610357,76.3521248645395,-37.5078045413687));
#7917=CARTESIAN_POINT('Ctrl Pts',(0.290897774191084,78.1304344506258,-38.7589520313869));
#7918=CARTESIAN_POINT('Ctrl Pts',(0.632938243075986,80.5501440251692,-39.3525404740761));
#7919=CARTESIAN_POINT('Ctrl Pts',(0.870014552410723,84.3155016866311,-38.9146308493962));
#7920=CARTESIAN_POINT('Ctrl Pts',(0.539511009118206,87.6939039795614,-37.009062600535));
#7921=CARTESIAN_POINT('Ctrl Pts',(0.0631083093932114,90.2840584843866,-33.8498367302213));
#7922=CARTESIAN_POINT('Ctrl Pts',(-0.0391516176770855,91.2176926198711,
-31.8424621964726));
#7923=CARTESIAN_POINT('Ctrl Pts',(-1.96219442674086E-15,91.5632973149354,
-30.7551669967805));
#7924=CARTESIAN_POINT('Ctrl Pts',(-6.10622663543836E-15,74.7681430520542,
-36.4834846718125));
#7925=CARTESIAN_POINT('Ctrl Pts',(-3.74723703758075E-15,75.1259085538908,
-37.0470113881876));
#7926=CARTESIAN_POINT('Ctrl Pts',(0.0835746294384267,75.9574997509071,-38.0583825768417));
#7927=CARTESIAN_POINT('Ctrl Pts',(0.440033813308115,77.90477852565,-39.4703678590245));
#7928=CARTESIAN_POINT('Ctrl Pts',(0.917481531984319,80.5310622169666,-40.1761245090485));
#7929=CARTESIAN_POINT('Ctrl Pts',(1.27479480709291,84.6034753241909,-39.783828467266));
#7930=CARTESIAN_POINT('Ctrl Pts',(0.870597969145122,88.2480220051711,-37.798418134663));
#7931=CARTESIAN_POINT('Ctrl Pts',(0.200776269091107,91.0068773578729,-34.442946136485));
#7932=CARTESIAN_POINT('Ctrl Pts',(9.19668118857544E-16,91.9805554650095,
-32.2902045919643));
#7933=CARTESIAN_POINT('Ctrl Pts',(1.11022302462516E-15,92.3328891810083,
-31.1195668066419));
#7934=CARTESIAN_POINT('',(0.788342370321574,90.1778815062083,-30.0991761014306));
#7935=CARTESIAN_POINT('Origin',(4.,92.3328891810083,-31.1195668066419));
#7936=CARTESIAN_POINT('Ctrl Pts',(0.462271867492761,76.2469931750446,-35.3444140092993));
#7937=CARTESIAN_POINT('Ctrl Pts',(0.438211131060667,76.4903407405525,-35.7350789048059));
#7938=CARTESIAN_POINT('Ctrl Pts',(0.446001456315099,77.0745301438744,-36.4183417075286));
#7939=CARTESIAN_POINT('Ctrl Pts',(0.604218599614794,78.5017792927931,-37.303310438333));
#7940=CARTESIAN_POINT('Ctrl Pts',(0.87002831714115,80.5002084533472,-37.6106029710479));
#7941=CARTESIAN_POINT('Ctrl Pts',(1.11972885322428,83.6872318034349,-37.0061618882873));
#7942=CARTESIAN_POINT('Ctrl Pts',(0.983484758469234,86.6324443707957,-35.2918525812081));
#7943=CARTESIAN_POINT('Ctrl Pts',(0.74864498252861,88.9634344376971,-32.6426522714332));
#7944=CARTESIAN_POINT('Ctrl Pts',(0.732435768081551,89.839317601783,-30.9901688098481));
#7945=CARTESIAN_POINT('Ctrl Pts',(0.788342370321574,90.1778815062083,-30.0991761014306));
#7946=CARTESIAN_POINT('Ctrl Pts',(0.788342370321584,90.1778815062083,-30.0991761014306));
#7947=CARTESIAN_POINT('Ctrl Pts',(0.936276021304592,91.0737505532605,-27.741533192109));
#7948=CARTESIAN_POINT('Ctrl Pts',(1.11054297535571,91.8874288446121,-24.9937576350936));
#7949=CARTESIAN_POINT('Ctrl Pts',(1.30829502875965,92.5957332391642,-21.9333161604768));
#7950=CARTESIAN_POINT('Ctrl Pts',(0.280765731118068,90.7957979033111,-30.3917579588293));
#7951=CARTESIAN_POINT('Ctrl Pts',(0.336276278490713,91.7417888473573,-28.0090664929306));
#7952=CARTESIAN_POINT('Ctrl Pts',(0.406695164224083,92.59153409255,-25.2333016407606));
#7953=CARTESIAN_POINT('Ctrl Pts',(0.487080603889912,93.3127260295178,-22.1431702889402));
#7954=CARTESIAN_POINT('Ctrl Pts',(1.11613151972394E-14,91.5632973149353,
-30.7551669967805));
#7955=CARTESIAN_POINT('Ctrl Pts',(-0.000731982470461887,92.6065960967103,
-28.3578822211371));
#7956=CARTESIAN_POINT('Ctrl Pts',(0.00166961335043085,93.5528843171506,
-25.5642258879526));
#7957=CARTESIAN_POINT('Ctrl Pts',(1.39548223612901E-14,94.3699533654869,
-22.4526064843419));
#7958=CARTESIAN_POINT('Ctrl Pts',(1.11022302462516E-14,92.3328891810082,
-31.1195668066419));
#7959=CARTESIAN_POINT('Ctrl Pts',(1.09825829845159E-14,93.4747218951486,
-28.7080804517162));
#7960=CARTESIAN_POINT('Ctrl Pts',(1.4290832275678E-14,94.5186219789041,
-25.8968769106099));
#7961=CARTESIAN_POINT('Ctrl Pts',(1.38777878078145E-14,95.4354383246696,
-22.7644595747891));
#7962=CARTESIAN_POINT('Origin',(0.,81.954981831075,11.2779478114598));
#7963=CARTESIAN_POINT('Ctrl Pts',(0.788342370321584,90.1778815062083,-30.0991761014306));
#7964=CARTESIAN_POINT('Ctrl Pts',(0.936276021304592,91.0737505532605,-27.741533192109));
#7965=CARTESIAN_POINT('Ctrl Pts',(1.11054297535571,91.8874288446121,-24.9937576350936));
#7966=CARTESIAN_POINT('Ctrl Pts',(1.30829502875965,92.5957332391642,-21.9333161604768));
#7967=CARTESIAN_POINT('Ctrl Pts',(12.7203305426528,97.6574729140491,15.8275298966759));
#7968=CARTESIAN_POINT('Ctrl Pts',(8.76161882609655,97.6450421695742,3.2978196336262));
#7969=CARTESIAN_POINT('Ctrl Pts',(4.79162958591791,97.6369472084002,-9.22884974503462));
#7970=CARTESIAN_POINT('Ctrl Pts',(0.813955545524515,97.6324503145777,-21.7533913029568));
#7971=CARTESIAN_POINT('Ctrl Pts',(12.0599821036364,96.7443428432762,16.0281836255189));
#7972=CARTESIAN_POINT('Ctrl Pts',(8.14531642063227,96.7441923704185,3.48573618096625));
#7973=CARTESIAN_POINT('Ctrl Pts',(4.20989470970644,96.7505864067867,-9.05107067321496));
#7974=CARTESIAN_POINT('Ctrl Pts',(0.265382422006336,96.7596367476262,-21.5854466465788));
#7975=CARTESIAN_POINT('Ctrl Pts',(11.6101136497172,94.6095968977857,16.1570231075313));
#7976=CARTESIAN_POINT('Ctrl Pts',(7.73196755256419,94.6856830839064,3.60438003048132));
#7977=CARTESIAN_POINT('Ctrl Pts',(3.83012196761559,94.757912563171,-8.94204559513758));
#7978=CARTESIAN_POINT('Ctrl Pts',(-0.088230807714607,94.8276475534347,-21.4839102333179));
#7979=CARTESIAN_POINT('Ctrl Pts',(12.6355387085137,92.7904412847687,15.8286215150091));
#7980=CARTESIAN_POINT('Ctrl Pts',(8.69615800290854,92.9174786271705,3.29428889711199));
#7981=CARTESIAN_POINT('Ctrl Pts',(4.74233615822656,93.0348507104166,-9.23634223192929));
#7982=CARTESIAN_POINT('Ctrl Pts',(0.778470229192482,93.1474234332882,-21.7642654279842));
#7983=CARTESIAN_POINT('Ctrl Pts',(13.2532985590542,92.2271781472008,15.6335454028899));
#7984=CARTESIAN_POINT('Ctrl Pts',(9.28070542453692,92.3561821398779,3.10888756278742));
#7985=CARTESIAN_POINT('Ctrl Pts',(5.29791268988169,92.4785391887944,-9.41312172498934));
#7986=CARTESIAN_POINT('Ctrl Pts',(1.30829502875963,92.5957332391642,-21.9333161604769));
#7987=CARTESIAN_POINT('Ctrl Pts',(12.7203305426528,97.6574729140491,15.8275298966759));
#7988=CARTESIAN_POINT('Ctrl Pts',(8.76161882609655,97.6450421695742,3.2978196336262));
#7989=CARTESIAN_POINT('Ctrl Pts',(4.79162958591791,97.6369472084002,-9.22884974503462));
#7990=CARTESIAN_POINT('Ctrl Pts',(0.813955545524515,97.6324503145777,-21.7533913029568));
#7991=CARTESIAN_POINT('Ctrl Pts',(1.30829502875963,92.5957332391642,-21.9333161604769));
#7992=CARTESIAN_POINT('Ctrl Pts',(5.02795457941555,92.4864691427607,-10.2603026630049));
#7993=CARTESIAN_POINT('Ctrl Pts',(8.74168157463527,92.372717118869,1.41428839165633));
#7994=CARTESIAN_POINT('Ctrl Pts',(12.4467410761635,92.253274533122,13.0911326593912));
#7995=CARTESIAN_POINT('Ctrl Pts',(0.813955545524525,97.6324503145777,-21.7533913029568));
#7996=CARTESIAN_POINT('Ctrl Pts',(0.656228238112242,98.542858195128,-24.2286971869405));
#7997=CARTESIAN_POINT('Ctrl Pts',(0.527111923922104,99.5431049422845,-26.2875257775084));
#7998=CARTESIAN_POINT('Ctrl Pts',(0.42869137619908,100.601256729221,-27.8664591598647));
#7999=CARTESIAN_POINT('Ctrl Pts',(0.290517664454636,97.0060401136006,-22.0416662337579));
#8000=CARTESIAN_POINT('Ctrl Pts',(0.23109258048748,97.9669165253748,-24.5435376025124));
#8001=CARTESIAN_POINT('Ctrl Pts',(0.18309434262299,99.0359816867753,-26.6251235561193));
#8002=CARTESIAN_POINT('Ctrl Pts',(0.148114918910487,100.173452468568,-28.2218848071455));
#8003=CARTESIAN_POINT('Ctrl Pts',(-9.99200722162641E-15,96.2218808366027,
-22.4025375301721));
#8004=CARTESIAN_POINT('Ctrl Pts',(0.000796549156569099,97.2844070595345,
-24.920044358815));
#8005=CARTESIAN_POINT('Ctrl Pts',(-0.00025676705216006,98.4553023830296,
-27.0138243872195));
#8006=CARTESIAN_POINT('Ctrl Pts',(-7.21644966006352E-15,99.6946721930718,
-28.6196620267168));
#8007=CARTESIAN_POINT('Ctrl Pts',(-9.99200722162641E-15,95.4354383246696,
-22.7644595747891));
#8008=CARTESIAN_POINT('Ctrl Pts',(-9.46423812327922E-15,96.6009971413786,
-25.2971735038019));
#8009=CARTESIAN_POINT('Ctrl Pts',(-7.36560179655294E-15,97.8739542852644,
-27.4029965894932));
#8010=CARTESIAN_POINT('Ctrl Pts',(-7.21644966006352E-15,99.2155153284959,
-29.0177521216609));
#8011=CARTESIAN_POINT('',(0.42869137619908,100.601256729221,-27.8664591598647));
#8012=CARTESIAN_POINT('Origin',(4.,99.2155153284959,-29.0177521216609));
#8013=CARTESIAN_POINT('Origin',(0.,105.864945493225,18.6474043855467));
#8014=CARTESIAN_POINT('Ctrl Pts',(0.813955545524525,97.6324503145777,-21.7533913029568));
#8015=CARTESIAN_POINT('Ctrl Pts',(0.656228238112242,98.542858195128,-24.2286971869405));
#8016=CARTESIAN_POINT('Ctrl Pts',(0.527111923922104,99.5431049422845,-26.2875257775084));
#8017=CARTESIAN_POINT('Ctrl Pts',(0.42869137619908,100.601256729221,-27.8664591598647));
#8018=CARTESIAN_POINT('Ctrl Pts',(0.428691376199083,100.601256729221,-27.8664591598647));
#8019=CARTESIAN_POINT('Ctrl Pts',(0.384624672970438,101.075032397459,-28.5734089827198));
#8020=CARTESIAN_POINT('Ctrl Pts',(0.489016736606558,102.364150141978,-29.5828055258108));
#8021=CARTESIAN_POINT('Ctrl Pts',(0.856166053687754,105.345494388411,-29.9958217138645));
#8022=CARTESIAN_POINT('Ctrl Pts',(0.960629704918193,108.28988351126,-28.9930843403778));
#8023=CARTESIAN_POINT('Ctrl Pts',(0.784308352544716,111.475423827084,-26.6662802803606));
#8024=CARTESIAN_POINT('Ctrl Pts',(0.634179226577618,112.980678558074,-24.5843218301742));
#8025=CARTESIAN_POINT('Ctrl Pts',(0.738377435853315,113.640611129689,-22.9420344493477));
#8026=CARTESIAN_POINT('Ctrl Pts',(0.148114918910496,100.173452468568,-28.2218848071455));
#8027=CARTESIAN_POINT('Ctrl Pts',(0.114015865913729,100.719128459795,-29.037307986526));
#8028=CARTESIAN_POINT('Ctrl Pts',(0.246232024646318,102.174873269318,-30.2307801056818));
#8029=CARTESIAN_POINT('Ctrl Pts',(0.61198229640899,105.459543507329,-30.8336841370765));
#8030=CARTESIAN_POINT('Ctrl Pts',(0.645068753328131,108.619771270794,-29.8349288244692));
#8031=CARTESIAN_POINT('Ctrl Pts',(0.364719640564374,111.993157048799,-27.3442827978203));
#8032=CARTESIAN_POINT('Ctrl Pts',(0.156261158882271,113.566697738607,-25.0585398365373));
#8033=CARTESIAN_POINT('Ctrl Pts',(0.26186084198859,114.240516381772,-23.2430840916793));
#8034=CARTESIAN_POINT('Ctrl Pts',(5.88327271254763E-15,99.6946721930718,
-28.6196620267168));
#8035=CARTESIAN_POINT('Ctrl Pts',(-0.0190078551818115,100.31556923604,-29.5451633517186));
#8036=CARTESIAN_POINT('Ctrl Pts',(0.173222659016247,101.940329966665,-30.9329931047333));
#8037=CARTESIAN_POINT('Ctrl Pts',(0.641968023217287,105.554576568138,-31.7581888147761));
#8038=CARTESIAN_POINT('Ctrl Pts',(0.664765036091828,109.0027123291,-30.7813901638818));
#8039=CARTESIAN_POINT('Ctrl Pts',(0.252091285755273,112.637837560211,-28.1178324723053));
#8040=CARTESIAN_POINT('Ctrl Pts',(-0.0707229018058847,114.29276333451,-25.6111056394155));
#8041=CARTESIAN_POINT('Ctrl Pts',(5.87599157563581E-15,114.974481067025,
-23.6114085982776));
#8042=CARTESIAN_POINT('Ctrl Pts',(6.66133814775094E-15,99.2155153284959,
-29.0177521216608));
#8043=CARTESIAN_POINT('Ctrl Pts',(7.31746094684888E-15,99.908253728498,
-30.0422323992646));
#8044=CARTESIAN_POINT('Ctrl Pts',(0.281185113925261,101.695147463613,-31.602323937443));
#8045=CARTESIAN_POINT('Ctrl Pts',(0.942003407035067,105.621073841998,-32.5919004560692));
#8046=CARTESIAN_POINT('Ctrl Pts',(1.01394615087364,109.349369028441,-31.6080857094417));
#8047=CARTESIAN_POINT('Ctrl Pts',(0.473510437737587,113.259473469846,-28.8099435697448));
#8048=CARTESIAN_POINT('Ctrl Pts',(-1.02701306014379E-15,115.011528790239,
-26.134045831161));
#8049=CARTESIAN_POINT('Ctrl Pts',(2.22044604925031E-15,115.710194952105,
-23.9806109034625));
#8050=CARTESIAN_POINT('',(0.738377435853316,113.640611129689,-22.9420344493477));
#8051=CARTESIAN_POINT('Origin',(4.,115.710194952105,-23.9806109034625));
#8052=CARTESIAN_POINT('Ctrl Pts',(0.428691376199083,100.601256729221,-27.8664591598647));
#8053=CARTESIAN_POINT('Ctrl Pts',(0.384624672970438,101.075032397459,-28.5734089827198));
#8054=CARTESIAN_POINT('Ctrl Pts',(0.489016736606558,102.364150141978,-29.5828055258108));
#8055=CARTESIAN_POINT('Ctrl Pts',(0.856166053687754,105.345494388411,-29.9958217138645));
#8056=CARTESIAN_POINT('Ctrl Pts',(0.960629704918193,108.28988351126,-28.9930843403778));
#8057=CARTESIAN_POINT('Ctrl Pts',(0.784308352544716,111.475423827084,-26.6662802803606));
#8058=CARTESIAN_POINT('Ctrl Pts',(0.634179226577618,112.980678558074,-24.5843218301742));
#8059=CARTESIAN_POINT('Ctrl Pts',(0.738377435853315,113.640611129689,-22.9420344493477));
#8060=CARTESIAN_POINT('Ctrl Pts',(0.738377435853317,113.640611129689,-22.9420344493477));
#8061=CARTESIAN_POINT('Ctrl Pts',(0.902831580940353,114.682170746062,-20.3500420429672));
#8062=CARTESIAN_POINT('Ctrl Pts',(1.36987742674861,116.868587745414,-13.0709509583701));
#8063=CARTESIAN_POINT('Ctrl Pts',(2.00848365196438,118.285728240932,-3.55806270125378));
#8064=CARTESIAN_POINT('Ctrl Pts',(2.41282689662761,118.792920830379,2.24727293367312));
#8065=CARTESIAN_POINT('Ctrl Pts',(0.466082239359185,113.983414130879,-23.1140628163943));
#8066=CARTESIAN_POINT('Ctrl Pts',(0.571845705587142,115.060656839667,-20.506035589789));
#8067=CARTESIAN_POINT('Ctrl Pts',(0.876072247511363,117.304002986006,-13.1832978358523));
#8068=CARTESIAN_POINT('Ctrl Pts',(1.31175236768843,118.690267071692,-3.62179128474657));
#8069=CARTESIAN_POINT('Ctrl Pts',(1.59962989458389,119.142040426499,2.20618755443646));
#8070=CARTESIAN_POINT('Ctrl Pts',(0.109422341941693,114.659131808155,-23.4531573056565));
#8071=CARTESIAN_POINT('Ctrl Pts',(0.134756972284901,115.827258273269,-20.8237920889632));
#8072=CARTESIAN_POINT('Ctrl Pts',(0.208010760910809,118.260237161018,-13.4406481587678));
#8073=CARTESIAN_POINT('Ctrl Pts',(0.317305125605196,119.758597297245,-3.79880798686143));
#8074=CARTESIAN_POINT('Ctrl Pts',(0.393641209296743,120.238860673683,2.07711065267899));
#8075=CARTESIAN_POINT('Ctrl Pts',(1.71429273595183E-15,115.394889001357,
-23.8223813440976));
#8076=CARTESIAN_POINT('Ctrl Pts',(-2.09049063624225E-5,116.676882889913,
-21.1772824295401));
#8077=CARTESIAN_POINT('Ctrl Pts',(9.373885532343E-5,119.376659630169,-13.7479895317673));
#8078=CARTESIAN_POINT('Ctrl Pts',(0.000338467079992712,121.144847931385,
-4.03372333344685));
#8079=CARTESIAN_POINT('Ctrl Pts',(7.67935115153161E-15,121.779499783196,
1.89580389480957));
#8080=CARTESIAN_POINT('Ctrl Pts',(1.66533453693773E-15,115.710194952105,
-23.9806109034625));
#8081=CARTESIAN_POINT('Ctrl Pts',(9.64167087176989E-16,117.040968663511,
-21.3287620833686));
#8082=CARTESIAN_POINT('Ctrl Pts',(2.71335942758557E-15,119.855100678124,
-13.8796802128597));
#8083=CARTESIAN_POINT('Ctrl Pts',(9.06784970605432E-15,121.738881703104,
-4.13435829834769));
#8084=CARTESIAN_POINT('Ctrl Pts',(7.7715611723761E-15,122.439389234532,
1.81814624206325));
#8085=CARTESIAN_POINT('Ctrl Pts',(0.738377435853317,113.640611129689,-22.9420344493477));
#8086=CARTESIAN_POINT('Ctrl Pts',(0.902831580940353,114.682170746062,-20.3500420429672));
#8087=CARTESIAN_POINT('Ctrl Pts',(1.36987742674861,116.868587745414,-13.0709509583701));
#8088=CARTESIAN_POINT('Ctrl Pts',(2.00848365196438,118.285728240932,-3.55806270125378));
#8089=CARTESIAN_POINT('Ctrl Pts',(2.41282689662761,118.792920830379,2.24727293367312));
#8090=CARTESIAN_POINT('Origin',(0.,80.,-13.0696196197057));
#8091=CARTESIAN_POINT('Ctrl Pts',(-1.77635683940025E-14,122.439389234532,
1.81814624206329));
#8092=CARTESIAN_POINT('Ctrl Pts',(-9.11047660443164E-15,120.950362438251,
9.75962248889345));
#8093=CARTESIAN_POINT('Ctrl Pts',(4.20876311500333,119.671286413208,16.5813612891203));
#8094=CARTESIAN_POINT('Ctrl Pts',(-1.77635683940025E-14,132.006301948113,
3.61194237585981));
#8095=CARTESIAN_POINT('Ctrl Pts',(-9.11047660443164E-15,130.517275151832,
11.55341862269));
#8096=CARTESIAN_POINT('Ctrl Pts',(4.20876311500333,129.23819912679,18.3751574229168));
#8097=CARTESIAN_POINT('Origin',(13.3380079752294,105.864945493225,49.2456109679088));
#8098=CARTESIAN_POINT('Origin',(13.8577564472245,43.1656955467151,13.1070536308084));
#8099=CARTESIAN_POINT('Ctrl Pts',(32.4597716325007,98.6189201291454,15.2032306346537));
#8100=CARTESIAN_POINT('Ctrl Pts',(32.6147715059641,98.6910998601705,15.149700155292));
#8101=CARTESIAN_POINT('Ctrl Pts',(32.985797944717,98.8248043255159,15.0096308206637));
#8102=CARTESIAN_POINT('Ctrl Pts',(33.6805451620857,98.8659261513529,14.6834532944038));
#8103=CARTESIAN_POINT('Ctrl Pts',(34.355538187072,98.6141175248603,14.2774522160636));
#8104=CARTESIAN_POINT('Ctrl Pts',(34.7631831886882,98.1793276585394,13.945922246272));
#8105=CARTESIAN_POINT('Ctrl Pts',(34.9305007986528,97.7916419567294,13.7459524611483));
#8106=CARTESIAN_POINT('Ctrl Pts',(34.982704981497,97.533487199379,13.641664226705));
#8107=CARTESIAN_POINT('Ctrl Pts',(34.9881085406715,97.4707303057597,13.6198649488089));
#8108=CARTESIAN_POINT('Ctrl Pts',(34.9881110667449,97.4707305784503,13.6198618593764));
#8109=CARTESIAN_POINT('Ctrl Pts',(32.4056706984362,98.223287420105,15.3190359519829));
#8110=CARTESIAN_POINT('Ctrl Pts',(32.5617798519593,98.2672495906081,15.2494757540493));
#8111=CARTESIAN_POINT('Ctrl Pts',(32.9148032932979,98.3520334682392,15.070995192599));
#8112=CARTESIAN_POINT('Ctrl Pts',(33.5583321831415,98.3608454091052,14.7092903638743));
#8113=CARTESIAN_POINT('Ctrl Pts',(34.2159250759882,98.1232709522507,14.327841866765));
#8114=CARTESIAN_POINT('Ctrl Pts',(34.6668320034971,97.7401696452896,14.0508030495557));
#8115=CARTESIAN_POINT('Ctrl Pts',(34.9178630209669,97.4101961544698,13.8534605459732));
#8116=CARTESIAN_POINT('Ctrl Pts',(35.0420481646797,97.1990837171495,13.6677845600846));
#8117=CARTESIAN_POINT('Ctrl Pts',(35.0416099063692,97.1649591900852,13.5535029156349));
#8118=CARTESIAN_POINT('Ctrl Pts',(35.0221583105181,97.1771424031409,13.513607628321));
#8119=CARTESIAN_POINT('Ctrl Pts',(32.3607910501721,97.5909108603497,15.7431088235014));
#8120=CARTESIAN_POINT('Ctrl Pts',(32.5425090227664,97.5775221551735,15.6708865331902));
#8121=CARTESIAN_POINT('Ctrl Pts',(32.9160678853078,97.5519064876936,15.4725290965222));
#8122=CARTESIAN_POINT('Ctrl Pts',(33.5241309468391,97.4607482994995,15.0902159692097));
#8123=CARTESIAN_POINT('Ctrl Pts',(34.1697227675435,97.2503146034885,14.7269353957293));
#8124=CARTESIAN_POINT('Ctrl Pts',(34.704395086135,96.9840271557543,14.4441393404814));
#8125=CARTESIAN_POINT('Ctrl Pts',(35.0882422700556,96.7624104256386,14.1346679253162));
#8126=CARTESIAN_POINT('Ctrl Pts',(35.2978408260901,96.6348030932299,13.7184681099499));
#8127=CARTESIAN_POINT('Ctrl Pts',(35.2629227772819,96.6560037917227,13.4074226708969));
#8128=CARTESIAN_POINT('Ctrl Pts',(35.2005202623056,96.6950886637811,13.2794349066458));
#8129=CARTESIAN_POINT('Ctrl Pts',(32.4166343011377,97.2657028553217,16.4146223549));
#8130=CARTESIAN_POINT('Ctrl Pts',(32.6568881512547,97.2192771030106,16.3686030157153));
#8131=CARTESIAN_POINT('Ctrl Pts',(33.1289473917421,97.1276365693123,16.2059764247342));
#8132=CARTESIAN_POINT('Ctrl Pts',(33.8065566585246,96.9677468819292,15.8519007579778));
#8133=CARTESIAN_POINT('Ctrl Pts',(34.4763892640494,96.7612479218012,15.4620126662053));
#8134=CARTESIAN_POINT('Ctrl Pts',(35.0721014784367,96.5344884545527,15.0459647744276));
#8135=CARTESIAN_POINT('Ctrl Pts',(35.5357515233902,96.3322951463552,14.5019042350628));
#8136=CARTESIAN_POINT('Ctrl Pts',(35.7632141766647,96.2242499772384,13.7742725100193));
#8137=CARTESIAN_POINT('Ctrl Pts',(35.6647039692138,96.2882947507026,13.2363121835353));
#8138=CARTESIAN_POINT('Ctrl Pts',(35.5520877482077,96.3588302185664,13.0053359424263));
#8139=CARTESIAN_POINT('Ctrl Pts',(32.4563249925256,97.197423285232,16.7162811021488));
#8140=CARTESIAN_POINT('Ctrl Pts',(32.7247310655197,97.1445406195004,16.6822669086896));
#8141=CARTESIAN_POINT('Ctrl Pts',(33.246294367824,97.0404952392206,16.5360419830714));
#8142=CARTESIAN_POINT('Ctrl Pts',(33.9654306433278,96.8672520083936,16.1930021527388));
#8143=CARTESIAN_POINT('Ctrl Pts',(34.651106427857,96.6566540538391,15.7873272125841));
#8144=CARTESIAN_POINT('Ctrl Pts',(35.2690824043516,96.4231834580521,15.3091415787279));
#8145=CARTESIAN_POINT('Ctrl Pts',(35.7594518614756,96.2054999481059,14.6611518849534));
#8146=CARTESIAN_POINT('Ctrl Pts',(35.9872175388888,96.0883434557676,13.7984279062913));
#8147=CARTESIAN_POINT('Ctrl Pts',(35.8591674661521,96.166297433938,13.1629702662992));
#8148=CARTESIAN_POINT('Ctrl Pts',(35.7250381007315,96.2503073346405,12.887870494966));
#8149=CARTESIAN_POINT('',(34.9881085406715,97.4707303057597,13.6198649488089));
#8150=CARTESIAN_POINT('Ctrl Pts',(35.,96.9173937548403,14.2935627702869));
#8151=CARTESIAN_POINT('Ctrl Pts',(35.0000003603797,96.9489899353162,14.2425310841));
#8152=CARTESIAN_POINT('Ctrl Pts',(34.9999608891589,96.9825336455094,14.1924339205812));
#8153=CARTESIAN_POINT('Ctrl Pts',(34.9997838528393,97.0179092420977,14.1437604033831));
#8154=CARTESIAN_POINT('Ctrl Pts',(34.9996472725536,97.0452008684815,14.106209674229));
#8155=CARTESIAN_POINT('Ctrl Pts',(34.9994279370719,97.0735827419116,14.0695062110147));
#8156=CARTESIAN_POINT('Ctrl Pts',(34.9990601146248,97.1029984095063,14.0338716952381));
#8157=CARTESIAN_POINT('Ctrl Pts',(34.9986354386364,97.1369607949158,13.9927292273751));
#8158=CARTESIAN_POINT('Ctrl Pts',(34.9980091748611,97.1727248807319,13.9525055397971));
#8159=CARTESIAN_POINT('Ctrl Pts',(34.9970304458692,97.2100102722564,13.9140293241138));
#8160=CARTESIAN_POINT('Ctrl Pts',(34.9964713384188,97.2313098765038,13.892049451207));
#8161=CARTESIAN_POINT('Ctrl Pts',(34.9957963712314,97.2531057067756,13.8706396174693));
#8162=CARTESIAN_POINT('Ctrl Pts',(34.9949703657859,97.2753432009903,13.8499521644745));
#8163=CARTESIAN_POINT('Ctrl Pts',(34.9936211606744,97.3116661344843,13.8161610829778));
#8164=CARTESIAN_POINT('Ctrl Pts',(34.9918402700608,97.3499940006028,13.7835435334205));
#8165=CARTESIAN_POINT('Ctrl Pts',(34.9894113227482,97.3894925072047,13.7537732710128));
#8166=CARTESIAN_POINT('Ctrl Pts',(34.9886738975562,97.4014842015761,13.7447350587141));
#8167=CARTESIAN_POINT('Ctrl Pts',(34.9881372076451,97.4115618864734,13.7345361448514));
#8168=CARTESIAN_POINT('Ctrl Pts',(34.9877812362417,97.4202401583235,13.7234868816186));
#8169=CARTESIAN_POINT('Ctrl Pts',(34.987307299112,97.4317943315316,13.7087759917756));
#8170=CARTESIAN_POINT('Ctrl Pts',(34.9871522364849,97.4408677538329,13.6925575260758));
#8171=CARTESIAN_POINT('Ctrl Pts',(34.9871738661568,97.4486672151998,13.675563728676));
#8172=CARTESIAN_POINT('Ctrl Pts',(34.9871967806229,97.4569299615405,13.6575605063157));
#8173=CARTESIAN_POINT('Ctrl Pts',(34.9874130913368,97.4637623577207,13.6386867639335));
#8174=CARTESIAN_POINT('Ctrl Pts',(34.9876260375778,97.4705987864772,13.6198183538604));
#8175=CARTESIAN_POINT('',(32.4597716325007,98.6189201291454,15.2032306346537));
#8176=CARTESIAN_POINT('Ctrl Pts',(32.4597716325007,98.6189201291454,15.2032306346537));
#8177=CARTESIAN_POINT('Ctrl Pts',(32.7405134190158,98.7496548593448,15.106274152863));
#8178=CARTESIAN_POINT('Ctrl Pts',(33.0376250828743,98.8245413351952,14.9842813445195));
#8179=CARTESIAN_POINT('Ctrl Pts',(33.5949541749912,98.8446857038864,14.7186981683193));
#8180=CARTESIAN_POINT('Ctrl Pts',(33.8535732277113,98.8013998151215,14.5793856116035));
#8181=CARTESIAN_POINT('Ctrl Pts',(34.2953225490828,98.6130237947619,14.3064773261774));
#8182=CARTESIAN_POINT('Ctrl Pts',(34.4797826171373,98.4817179480116,14.1764426742132));
#8183=CARTESIAN_POINT('Ctrl Pts',(34.7477411779868,98.1724053929676,13.9513373298469));
#8184=CARTESIAN_POINT('Ctrl Pts',(34.8412665270687,98.0117157244031,13.8566661540139));
#8185=CARTESIAN_POINT('Ctrl Pts',(34.9457638437534,97.7173988525038,13.715838374439));
#8186=CARTESIAN_POINT('Ctrl Pts',(34.9735837883402,97.5959673218166,13.6651915771659));
#8187=CARTESIAN_POINT('Ctrl Pts',(34.9881085406715,97.4707303057597,13.6198649488089));
#8188=CARTESIAN_POINT('Origin',(32.8819751895579,99.1147035675355,17.0942470117976));
#8189=CARTESIAN_POINT('Ctrl Pts',(29.0833443356302,97.615771508896,16.5431213694031));
#8190=CARTESIAN_POINT('Ctrl Pts',(29.0862268099369,97.6161640789269,16.5418358551384));
#8191=CARTESIAN_POINT('Ctrl Pts',(29.0891053130112,97.6165611336848,16.5405536466573));
#8192=CARTESIAN_POINT('Ctrl Pts',(30.2838423991967,97.7779597921234,16.0073280418712));
#8193=CARTESIAN_POINT('Ctrl Pts',(31.4792419307962,98.1623109168296,15.5418646205262));
#8194=CARTESIAN_POINT('Ctrl Pts',(32.4597716325007,98.6189201291454,15.2032306346537));
#8195=CARTESIAN_POINT('Ctrl Pts',(29.0833443356302,97.615771508896,16.5431213694031));
#8196=CARTESIAN_POINT('Ctrl Pts',(29.0859616095856,97.6162066845906,16.5426663598044));
#8197=CARTESIAN_POINT('Ctrl Pts',(29.0892094461553,97.6160152936529,16.5414204336122));
#8198=CARTESIAN_POINT('Ctrl Pts',(30.2568831837976,97.7136356578285,16.2482587600074));
#8199=CARTESIAN_POINT('Ctrl Pts',(31.4566560246894,97.7603042109734,15.9152392119117));
#8200=CARTESIAN_POINT('Ctrl Pts',(32.3650949978878,97.9265628883247,15.4058899399798));
#8201=CARTESIAN_POINT('Ctrl Pts',(29.0833443356302,97.615771508896,16.5431213694031));
#8202=CARTESIAN_POINT('Ctrl Pts',(29.0860568985727,97.6159019985842,16.543062539535));
#8203=CARTESIAN_POINT('Ctrl Pts',(29.0889786225458,97.6157957856647,16.5426958804357));
#8204=CARTESIAN_POINT('Ctrl Pts',(30.238373266873,97.6384319432094,16.476018233705));
#8205=CARTESIAN_POINT('Ctrl Pts',(31.4192767971297,97.5194361796142,16.3679271122307));
#8206=CARTESIAN_POINT('Ctrl Pts',(32.3637133792873,97.3567422821078,16.0124106919016));
#8207=CARTESIAN_POINT('Ctrl Pts',(29.0833443356302,97.615771508896,16.5431213694031));
#8208=CARTESIAN_POINT('Ctrl Pts',(29.0860786734296,97.6156505270161,16.5435175380357));
#8209=CARTESIAN_POINT('Ctrl Pts',(29.0888129874631,97.6155291777473,16.5439161562408));
#8210=CARTESIAN_POINT('Ctrl Pts',(30.2199518892322,97.564836603509,16.7060983835996));
#8211=CARTESIAN_POINT('Ctrl Pts',(31.3720501337081,97.4110523744713,16.8536875862844));
#8212=CARTESIAN_POINT('Ctrl Pts',(32.4563249925256,97.197423285232,16.7162811021488));
#8213=CARTESIAN_POINT('Origin',(29.0833443356302,109.570753339971,20.1939307890615));
#8214=CARTESIAN_POINT('Ctrl Pts',(32.1131053610808,101.473672176707,9.3830479751308));
#8215=CARTESIAN_POINT('Ctrl Pts',(32.2230455324122,100.474053027699,11.2000443594373));
#8216=CARTESIAN_POINT('Ctrl Pts',(32.3394399227707,99.5155602304629,13.154190661746));
#8217=CARTESIAN_POINT('Ctrl Pts',(32.4597716325007,98.6189201291454,15.2032306346537));
#8218=CARTESIAN_POINT('Ctrl Pts',(32.4597154144318,101.621702048962,9.46962007454572));
#8219=CARTESIAN_POINT('Ctrl Pts',(32.5697088573651,100.60236987164,11.2677807748165));
#8220=CARTESIAN_POINT('Ctrl Pts',(32.683219342161,99.6228836718516,13.2064265723376));
#8221=CARTESIAN_POINT('Ctrl Pts',(32.7980100857045,98.705267573321,15.2425787688596));
#8222=CARTESIAN_POINT('Ctrl Pts',(33.2516145320543,101.737808165359,9.53752224927812));
#8223=CARTESIAN_POINT('Ctrl Pts',(33.342890478843,100.681178547199,11.3081632850972));
#8224=CARTESIAN_POINT('Ctrl Pts',(33.4341749278114,99.6641785228969,13.2254672548927));
#8225=CARTESIAN_POINT('Ctrl Pts',(33.5231504028917,98.7110714931418,15.2452235884974));
#8226=CARTESIAN_POINT('Ctrl Pts',(34.5510268864879,101.25316959434,9.25409176385239));
#8227=CARTESIAN_POINT('Ctrl Pts',(34.5797597968904,100.162763089427,11.0288037533768));
#8228=CARTESIAN_POINT('Ctrl Pts',(34.6072813696349,99.11653436145,12.9540215924416));
#8229=CARTESIAN_POINT('Ctrl Pts',(34.6333747725462,98.1398207379535,14.9849072398786));
#8230=CARTESIAN_POINT('Ctrl Pts',(35.,100.426993551806,8.77092040526723));
#8231=CARTESIAN_POINT('Ctrl Pts',(34.9993443227083,99.3426788014571,10.589692869996));
#8232=CARTESIAN_POINT('Ctrl Pts',(35.00050658358,98.3082976926507,12.5553553519163));
#8233=CARTESIAN_POINT('Ctrl Pts',(35.,97.3461320545139,14.6232269477538));
#8234=CARTESIAN_POINT('Ctrl Pts',(35.,99.9262693425531,8.47808257893731));
#8235=CARTESIAN_POINT('Ctrl Pts',(35.,98.8465879926369,10.3242327056397));
#8236=CARTESIAN_POINT('Ctrl Pts',(35.,97.8193025137157,12.3141210927646));
#8237=CARTESIAN_POINT('Ctrl Pts',(35.,96.8666268154133,14.4047186099485));
#8238=CARTESIAN_POINT('Origin',(33.,107.117615263772,28.2270044883237));
#8239=CARTESIAN_POINT('Origin',(29.0833443356302,109.570753339971,20.1939307890615));
#8240=CARTESIAN_POINT('Ctrl Pts',(35.749989959716,72.2672646970812,1.00148228325315));
#8241=CARTESIAN_POINT('Ctrl Pts',(34.4795137071851,70.1620270886607,1.001320633756));
#8242=CARTESIAN_POINT('Ctrl Pts',(32.8931835846782,68.2406128609908,1.00116966583645));
#8243=CARTESIAN_POINT('Ctrl Pts',(31.020948424691,66.6466728834442,1.0010315380574));
#8244=CARTESIAN_POINT('Ctrl Pts',(34.9766232724732,72.736831189256,1.02351789208469));
#8245=CARTESIAN_POINT('Ctrl Pts',(33.7947001297944,70.6829296919784,1.02131339212846));
#8246=CARTESIAN_POINT('Ctrl Pts',(32.3045494184621,68.7972822998824,1.01838438501663));
#8247=CARTESIAN_POINT('Ctrl Pts',(30.5332262912808,67.2227689369983,1.01636660350717));
#8248=CARTESIAN_POINT('Ctrl Pts',(33.1825136612258,73.82616406411,1.66086843511312));
#8249=CARTESIAN_POINT('Ctrl Pts',(32.205426678307,71.8919230414611,1.58695859734726));
#8250=CARTESIAN_POINT('Ctrl Pts',(30.9371002915766,70.090247338848,1.51914549526837));
#8251=CARTESIAN_POINT('Ctrl Pts',(29.3999124605701,68.5614361423301,1.45690654825132));
#8252=CARTESIAN_POINT('Ctrl Pts',(32.0303767058972,74.5257092055583,3.46116199436254));
#8253=CARTESIAN_POINT('Ctrl Pts',(31.1177062693249,72.7100282884529,3.20998405060017));
#8254=CARTESIAN_POINT('Ctrl Pts',(29.9476505954678,71.0165147103323,2.96821561993826));
#8255=CARTESIAN_POINT('Ctrl Pts',(28.5494956156935,69.5659461996936,2.74487255680716));
#8256=CARTESIAN_POINT('Ctrl Pts',(31.7459136350944,74.6984271781753,4.62106773931817));
#8257=CARTESIAN_POINT('Ctrl Pts',(30.7944505607356,72.9442879098219,4.28262603950103));
#8258=CARTESIAN_POINT('Ctrl Pts',(29.6177780455487,71.3190110755683,3.94900728350874));
#8259=CARTESIAN_POINT('Ctrl Pts',(28.2413731127263,69.9298996596882,3.63139515940465));
#8260=CARTESIAN_POINT('Ctrl Pts',(31.7459136350944,74.6984271781753,4.62106773931817));
#8261=CARTESIAN_POINT('Ctrl Pts',(30.7944505607356,72.9442879098219,4.28262603950103));
#8262=CARTESIAN_POINT('Ctrl Pts',(29.6177780455487,71.3190110755683,3.94900728350874));
#8263=CARTESIAN_POINT('Ctrl Pts',(28.2413731127263,69.9298996596882,3.63139515940465));
#8264=CARTESIAN_POINT('Ctrl Pts',(24.3089565901598,76.0374990649701,12.2813841782283));
#8265=CARTESIAN_POINT('Ctrl Pts',(23.900330757733,73.8677797680611,10.1593529719601));
#8266=CARTESIAN_POINT('Ctrl Pts',(23.3116591118851,71.7319968308302,8.07051224077608));
#8267=CARTESIAN_POINT('Ctrl Pts',(22.5509792667866,69.6593118399147,6.04338263108302));
#8268=CARTESIAN_POINT('Ctrl Pts',(25.775412349364,75.8963409728731,12.1433285887916));
#8269=CARTESIAN_POINT('Ctrl Pts',(25.3200475786764,73.6883917518262,9.98373744918935));
#8270=CARTESIAN_POINT('Ctrl Pts',(24.6816416904325,71.5171470562965,7.86050385511587));
#8271=CARTESIAN_POINT('Ctrl Pts',(23.8694725044202,69.4119908016435,5.80149744255851));
#8272=CARTESIAN_POINT('Ctrl Pts',(29.1988675253889,76.110070789268,11.2655630203429));
#8273=CARTESIAN_POINT('Ctrl Pts',(28.634034848427,73.7831954718525,9.04861380995968));
#8274=CARTESIAN_POINT('Ctrl Pts',(27.8797292528009,71.5020841408127,6.87289270449982));
#8275=CARTESIAN_POINT('Ctrl Pts',(26.9471127199497,69.2946708651233,4.76657022289502));
#8276=CARTESIAN_POINT('Ctrl Pts',(31.8377340036619,77.5532196849281,9.28183299500694));
#8277=CARTESIAN_POINT('Ctrl Pts',(31.2291129353513,75.0684349070389,7.08021751278279));
#8278=CARTESIAN_POINT('Ctrl Pts',(30.4223712662397,72.6342586193585,4.92012270018801));
#8279=CARTESIAN_POINT('Ctrl Pts',(29.425701561543,70.2817221129566,2.82724731826348));
#8280=CARTESIAN_POINT('Ctrl Pts',(32.8346375338717,78.6439703218653,7.97460281301648));
#8281=CARTESIAN_POINT('Ctrl Pts',(32.2410247514381,76.0776370133968,5.79549043824534));
#8282=CARTESIAN_POINT('Ctrl Pts',(31.4398033652473,73.5617436262133,3.65491043950215));
#8283=CARTESIAN_POINT('Ctrl Pts',(30.4423016015049,71.1278066678609,1.58066993769655));
#8284=CARTESIAN_POINT('Origin',(15.6847030355127,81.954981831075,48.3914838170662));
#8285=CARTESIAN_POINT('Origin',(2.,27.3755963743835,13.5552051357989));
#8286=CARTESIAN_POINT('Origin',(2.,40.5841295071454,-29.6976069028249));
#8287=CARTESIAN_POINT('Origin',(2.,60.9332923893912,-23.483384532402));
#8288=CARTESIAN_POINT('',(2.,60.3491628822459,-21.57058743943));
#8289=CARTESIAN_POINT('Origin',(35.,40.,-27.7848098098529));
#8290=CARTESIAN_POINT('',(12.,36.6653941497863,-28.8031309265913));
#8291=CARTESIAN_POINT('Origin',(12.,39.0019121783677,-36.4543192984793));
#8292=CARTESIAN_POINT('Origin',(18.,20.9695449940831,-66.5051470738022));
#8293=CARTESIAN_POINT('Origin',(26.1250165034453,87.5136936011939,6.82477179840916));
#8294=CARTESIAN_POINT('',(11.4587183199356,86.9127560641055,-3.1106178238745));
#8295=CARTESIAN_POINT('Ctrl Pts',(11.4587183199356,86.9127560641055,-3.1106178238745));
#8296=CARTESIAN_POINT('Ctrl Pts',(10.5332414951441,87.0969774446823,-5.64957226977951));
#8297=CARTESIAN_POINT('Ctrl Pts',(9.03897749224529,87.8109370518754,-9.25714246722727));
#8298=CARTESIAN_POINT('Ctrl Pts',(7.88729506848631,88.6363083856933,-11.3938784350783));
#8299=CARTESIAN_POINT('Ctrl Pts',(7.63819308514678,88.8199463644976,-11.8420335331632));
#8300=CARTESIAN_POINT('Ctrl Pts',(7.42435977040161,89.0496968817825,-12.0873471679771));
#8301=CARTESIAN_POINT('Ctrl Pts',(7.39043357662391,89.0885081868311,-12.1217703981667));
#8302=CARTESIAN_POINT('Ctrl Pts',(7.34542627155719,89.1498100555884,-12.1493246964321));
#8303=CARTESIAN_POINT('Ctrl Pts',(7.33115322922526,89.1705966220842,-12.1555791245082));
#8304=CARTESIAN_POINT('Ctrl Pts',(7.30833690538835,89.2091288902862,-12.1559152487987));
#8305=CARTESIAN_POINT('Ctrl Pts',(7.29958469624482,89.2254978681751,-12.1531518217476));
#8306=CARTESIAN_POINT('Ctrl Pts',(7.28511628964899,89.2576066669545,-12.1394544665837));
#8307=CARTESIAN_POINT('Ctrl Pts',(7.27962307530155,89.2722849632425,-12.1297578463313));
#8308=CARTESIAN_POINT('Ctrl Pts',(7.27061077818983,89.3032986192025,-12.1013725569199));
#8309=CARTESIAN_POINT('Ctrl Pts',(7.26792658191909,89.3187689118665,-12.0817016760859));
#8310=CARTESIAN_POINT('Ctrl Pts',(7.26541615103579,89.3551327020943,-12.0239812119011));
#8311=CARTESIAN_POINT('Ctrl Pts',(7.26858054346287,89.3743061617563,-11.979987836416));
#8312=CARTESIAN_POINT('Ctrl Pts',(7.29039802399986,89.4370905799155,-11.8015857154995));
#8313=CARTESIAN_POINT('Ctrl Pts',(7.33414343696957,89.4667118861323,-11.6172625024132));
#8314=CARTESIAN_POINT('Ctrl Pts',(7.52952293206647,89.5423978634675,-10.8983633142816));
#8315=CARTESIAN_POINT('Ctrl Pts',(7.80668724248327,89.5131344287613,-10.1305310363531));
#8316=CARTESIAN_POINT('Ctrl Pts',(8.65839928190857,89.3843675242223,-7.84418499308327));
#8317=CARTESIAN_POINT('Ctrl Pts',(9.80028463291959,88.9922139162322,-5.19780993016062));
#8318=CARTESIAN_POINT('Ctrl Pts',(11.2994435528555,88.1508809424314,-2.03193152136608));
#8319=CARTESIAN_POINT('Ctrl Pts',(11.7206364917042,87.8520574810522,-1.19799891951603));
#8320=CARTESIAN_POINT('Ctrl Pts',(12.0412454552982,87.5224428428775,-0.667354741059914));
#8321=CARTESIAN_POINT('Ctrl Pts',(12.1077420215051,87.4486422707575,-0.562807507448937));
#8322=CARTESIAN_POINT('Ctrl Pts',(12.1809359694776,87.3408950441072,-0.476864809383993));
#8323=CARTESIAN_POINT('Ctrl Pts',(12.1994193747044,87.3116136719808,-0.457442402949682));
#8324=CARTESIAN_POINT('Ctrl Pts',(12.2266447082512,87.2593821526688,-0.439064238193314));
#8325=CARTESIAN_POINT('Ctrl Pts',(12.2366587101787,87.238092523812,-0.434639891374799));
#8326=CARTESIAN_POINT('Ctrl Pts',(12.2519397694023,87.197782398935,-0.436776333618349));
#8327=CARTESIAN_POINT('Ctrl Pts',(12.2575001135777,87.1802591233017,-0.440799254504787));
#8328=CARTESIAN_POINT('Ctrl Pts',(12.2657982895346,87.1450641987204,-0.457138545023934));
#8329=CARTESIAN_POINT('Ctrl Pts',(12.2683170179681,87.1285029572934,-0.468818239374846));
#8330=CARTESIAN_POINT('Ctrl Pts',(12.2707950594175,87.0919229860305,-0.503555260253873));
#8331=CARTESIAN_POINT('Ctrl Pts',(12.2694605387843,87.0731042367666,-0.528989614343729));
#8332=CARTESIAN_POINT('Ctrl Pts',(12.260328547229,87.0240181877206,-0.611822009177325));
#8333=CARTESIAN_POINT('Ctrl Pts',(12.2463305706962,86.9979131140796,-0.682569343955681));
#8334=CARTESIAN_POINT('Ctrl Pts',(12.1956200092598,86.9336587013265,-0.904576898501456));
#8335=CARTESIAN_POINT('Ctrl Pts',(12.1386032530276,86.9067457526202,-1.1029540571194));
#8336=CARTESIAN_POINT('Ctrl Pts',(11.9183672769164,86.8432435626726,-1.82503241085516));
#8337=CARTESIAN_POINT('Ctrl Pts',(11.6656393239026,86.8752023124276,-2.53884677536931));
#8338=CARTESIAN_POINT('Ctrl Pts',(11.5004302349772,86.9046600335342,-2.9959504344418));
#8339=CARTESIAN_POINT('Ctrl Pts',(11.4796010034315,86.9085992482019,-3.05332824007951));
#8340=CARTESIAN_POINT('Ctrl Pts',(11.4587183199356,86.9127560641055,-3.1106178238745));
#8341=CARTESIAN_POINT('Ctrl Pts',(7.10988161810312,89.5926316852316,-12.0485541819746));
#8342=CARTESIAN_POINT('Ctrl Pts',(8.58916726962894,89.4239344014277,-7.97646675941158));
#8343=CARTESIAN_POINT('Ctrl Pts',(10.0684529211548,89.2552371176237,-3.90437933684861));
#8344=CARTESIAN_POINT('Ctrl Pts',(11.5477385726806,89.0865398338197,0.16770808571437));
#8345=CARTESIAN_POINT('Ctrl Pts',(7.57889638233235,88.714641838918,-12.3063481472657));
#8346=CARTESIAN_POINT('Ctrl Pts',(9.00946061511315,88.5996446316607,-8.23433960063956));
#8347=CARTESIAN_POINT('Ctrl Pts',(10.4400603247544,88.484667312448,-4.1623485254907));
#8348=CARTESIAN_POINT('Ctrl Pts',(11.8706245575352,88.3696701051906,-0.0903399788645771));
#8349=CARTESIAN_POINT('Ctrl Pts',(7.96533005078346,87.7803086353143,-12.5244678304351));
#8350=CARTESIAN_POINT('Ctrl Pts',(9.35711053970596,87.7265987845726,-8.45786599104309));
#8351=CARTESIAN_POINT('Ctrl Pts',(10.748927123166,87.6729073914466,-4.39128191882125));
#8352=CARTESIAN_POINT('Ctrl Pts',(12.1407076120885,87.6191975407049,-0.324680079429266));
#8353=CARTESIAN_POINT('Ctrl Pts',(8.26025564567117,86.810528089282,-12.6984525597748));
#8354=CARTESIAN_POINT('Ctrl Pts',(9.62459783190925,86.8225232968191,-8.64318308634521));
#8355=CARTESIAN_POINT('Ctrl Pts',(10.9889400181473,86.8345185043562,-4.58791361291563));
#8356=CARTESIAN_POINT('Ctrl Pts',(12.3532822043854,86.8465137118932,-0.532644139486046));
#8357=UNCERTAINTY_MEASURE_WITH_UNIT(LENGTH_MEASURE(0.01),#8361,
'DISTANCE_ACCURACY_VALUE',
'Maximum model space distance between geometric entities at asserted c
onnectivities');
#8358=UNCERTAINTY_MEASURE_WITH_UNIT(LENGTH_MEASURE(0.01),#8361,
'DISTANCE_ACCURACY_VALUE',
'Maximum model space distance between geometric entities at asserted c
onnectivities');
#8359=(
GEOMETRIC_REPRESENTATION_CONTEXT(3)
GLOBAL_UNCERTAINTY_ASSIGNED_CONTEXT((#8357))
GLOBAL_UNIT_ASSIGNED_CONTEXT((#8361,#8363,#8364))
REPRESENTATION_CONTEXT('','3D')
);
#8360=(
GEOMETRIC_REPRESENTATION_CONTEXT(3)
GLOBAL_UNCERTAINTY_ASSIGNED_CONTEXT((#8358))
GLOBAL_UNIT_ASSIGNED_CONTEXT((#8361,#8363,#8364))
REPRESENTATION_CONTEXT('','3D')
);
#8361=(
LENGTH_UNIT()
NAMED_UNIT(*)
SI_UNIT(.MILLI.,.METRE.)
);
#8362=(
LENGTH_UNIT()
NAMED_UNIT(*)
SI_UNIT(.CENTI.,.METRE.)
);
#8363=(
NAMED_UNIT(*)
PLANE_ANGLE_UNIT()
SI_UNIT($,.RADIAN.)
);
#8364=(
NAMED_UNIT(*)
SI_UNIT($,.STERADIAN.)
SOLID_ANGLE_UNIT()
);
#8365=SHAPE_DEFINITION_REPRESENTATION(#8366,#8367);
#8366=PRODUCT_DEFINITION_SHAPE('',$,#8369);
#8367=SHAPE_REPRESENTATION('',(#3395),#8359);
#8368=PRODUCT_DEFINITION_CONTEXT('part definition',#8373,'design');
#8369=PRODUCT_DEFINITION('handle_outside','handle_outside',#8370,#8368);
#8370=PRODUCT_DEFINITION_FORMATION('',$,#8375);
#8371=PRODUCT_RELATED_PRODUCT_CATEGORY('handle_outside',
'handle_outside',(#8375));
#8372=APPLICATION_PROTOCOL_DEFINITION('international standard',
'automotive_design',2009,#8373);
#8373=APPLICATION_CONTEXT(
'Core Data for Automotive Mechanical Design Process');
#8374=PRODUCT_CONTEXT('part definition',#8373,'mechanical');
#8375=PRODUCT('handle_outside','handle_outside',$,(#8374));
#8376=PRESENTATION_STYLE_ASSIGNMENT((#8378));
#8377=PRESENTATION_STYLE_ASSIGNMENT((#8379));
#8378=SURFACE_STYLE_USAGE(.BOTH.,#8384);
#8379=SURFACE_STYLE_USAGE(.BOTH.,#8385);
#8380=SURFACE_STYLE_RENDERING_WITH_PROPERTIES($,#8392,(#8382));
#8381=SURFACE_STYLE_RENDERING_WITH_PROPERTIES($,#8393,(#8383));
#8382=SURFACE_STYLE_TRANSPARENT(0.);
#8383=SURFACE_STYLE_TRANSPARENT(0.);
#8384=SURFACE_SIDE_STYLE('',(#8386,#8380));
#8385=SURFACE_SIDE_STYLE('',(#8387,#8381));
#8386=SURFACE_STYLE_FILL_AREA(#8388);
#8387=SURFACE_STYLE_FILL_AREA(#8389);
#8388=FILL_AREA_STYLE('',(#8390));
#8389=FILL_AREA_STYLE('',(#8391));
#8390=FILL_AREA_STYLE_COLOUR('',#8392);
#8391=FILL_AREA_STYLE_COLOUR('',#8393);
#8392=COLOUR_RGB('',0.749019607843137,0.749019607843137,0.749019607843137);
#8393=COLOUR_RGB('',0.219607843137255,0.219607843137255,0.219607843137255);
ENDSEC;
END-ISO-10303-21;
