ISO-10303-21;
HEADER;
/* Generated by software containing ST-Developer
 * from STEP Tools, Inc. (www.steptools.com) 
 */

FILE_DESCRIPTION(
/* description */ (''),
/* implementation_level */ '2;1');

FILE_NAME(
/* name */ 'base.stp',
/* time_stamp */ '2026-01-21T07:19:50+09:00',
/* author */ ('hibik'),
/* organization */ (''),
/* preprocessor_version */ 'ST-DEVELOPER v20.1',
/* originating_system */ 'Autodesk Inventor 2026',
/* authorisation */ '');

FILE_SCHEMA (('AUTOMOTIVE_DESIGN { 1 0 10303 214 3 1 1 }'));
ENDSEC;

DATA;
#10=MECHANICAL_DESIGN_GEOMETRIC_PRESENTATION_REPRESENTATION('',(#13),#4192);
#11=SHAPE_REPRESENTATION_RELATIONSHIP('SRR','None',#4199,#12);
#12=ADVANCED_BREP_SHAPE_REPRESENTATION('',(#14),#4191);
#13=STYLED_ITEM('',(#4208),#14);
#14=MANIFOLD_SOLID_BREP('\X2\30BD30EA30C330C9\X0\1',#1558);
#15=(
BOUNDED_CURVE()
B_SPLINE_CURVE(2,(#3414,#3415,#3416),.UNSPECIFIED.,.F.,.F.)
B_SPLINE_CURVE_WITH_KNOTS((3,3),(0.782809698043393,1.23803127245606),
 .UNSPECIFIED.)
CURVE()
GEOMETRIC_REPRESENTATION_ITEM()
RATIONAL_B_SPLINE_CURVE((1.02157826650621,1.02583517826868,1.02774597914445))
REPRESENTATION_ITEM('')
);
#16=(
BOUNDED_CURVE()
B_SPLINE_CURVE(2,(#3417,#3418,#3419),.UNSPECIFIED.,.F.,.F.)
B_SPLINE_CURVE_WITH_KNOTS((3,3),(3.01435188547209,3.3158601013716),
 .UNSPECIFIED.)
CURVE()
GEOMETRIC_REPRESENTATION_ITEM()
RATIONAL_B_SPLINE_CURVE((1.00930942378342,1.0072630350119,1.00471412998184))
REPRESENTATION_ITEM('')
);
#17=SPHERICAL_SURFACE('',#1633,2.);
#18=SPHERICAL_SURFACE('',#1690,3.);
#19=(
BOUNDED_SURFACE()
B_SPLINE_SURFACE(1,2,((#2602,#2603,#2604),(#2605,#2606,#2607)),
 .UNSPECIFIED.,.F.,.F.,.F.)
B_SPLINE_SURFACE_WITH_KNOTS((2,2),(3,3),(2.27663862398673,2.59958295868707),
(-3.14159265358979,-2.20170851768536),.UNSPECIFIED.)
GEOMETRIC_REPRESENTATION_ITEM()
RATIONAL_B_SPLINE_SURFACE(((1.,0.891594523329132,1.),(1.,0.891594523329132,
1.)))
REPRESENTATION_ITEM('')
SURFACE()
);
#20=(
BOUNDED_SURFACE()
B_SPLINE_SURFACE(1,2,((#4072,#4073,#4074),(#4075,#4076,#4077)),
 .UNSPECIFIED.,.F.,.F.,.F.)
B_SPLINE_SURFACE_WITH_KNOTS((2,2),(3,3),(4.27323514821126,5.63421003843097),
(-3.14159265358979,-1.77097874035108),.UNSPECIFIED.)
GEOMETRIC_REPRESENTATION_ITEM()
RATIONAL_B_SPLINE_SURFACE(((1.,0.774224807442417,1.),(1.,0.774224807442417,
1.)))
REPRESENTATION_ITEM('')
SURFACE()
);
#21=PLANE('',#1604);
#22=PLANE('',#1608);
#23=PLANE('',#1616);
#24=PLANE('',#1635);
#25=PLANE('',#1641);
#26=PLANE('',#1645);
#27=PLANE('',#1670);
#28=PLANE('',#1674);
#29=PLANE('',#1677);
#30=PLANE('',#1682);
#31=PLANE('',#1683);
#32=PLANE('',#1688);
#33=PLANE('',#1689);
#34=PLANE('',#1693);
#35=PLANE('',#1697);
#36=PLANE('',#1698);
#37=PLANE('',#1699);
#38=PLANE('',#1700);
#39=PLANE('',#1701);
#40=PLANE('',#1702);
#41=PLANE('',#1703);
#42=PLANE('',#1704);
#43=PLANE('',#1705);
#44=PLANE('',#1707);
#45=PLANE('',#1708);
#46=PLANE('',#1713);
#47=PLANE('',#1715);
#48=PLANE('',#1719);
#49=PLANE('',#1721);
#50=PLANE('',#1722);
#51=PLANE('',#1723);
#52=ELLIPSE('',#1599,291.112327752147,12.5);
#53=ELLIPSE('',#1600,14.4210005731465,12.5);
#54=ELLIPSE('',#1601,25.1600822837825,12.5);
#55=ELLIPSE('',#1602,29.5775197894062,12.5);
#56=ELLIPSE('',#1614,17.8820407107017,15.5);
#57=ELLIPSE('',#1615,15.354718492346,12.5);
#58=ELLIPSE('',#1617,72.9051899234993,58.2246735396486);
#59=ELLIPSE('',#1624,134.749154231891,24.2776056985066);
#60=ELLIPSE('',#1627,134.749154231891,24.2776056985066);
#61=ELLIPSE('',#1636,62.4236998585393,15.7085440936017);
#62=ELLIPSE('',#1637,34.2318009588239,18.5629309044093);
#63=ELLIPSE('',#1639,128.20946292557,77.479304151092);
#64=ELLIPSE('',#1640,62.4236998585393,15.7085440936017);
#65=ELLIPSE('',#1643,15.6838381395632,15.);
#66=ELLIPSE('',#1644,15.6838381395633,15.);
#67=ELLIPSE('',#1646,33.4588546977349,32.);
#68=ELLIPSE('',#1647,31.5514652224606,30.);
#69=ELLIPSE('',#1651,32.1661749578929,30.);
#70=ELLIPSE('',#1657,2.09117841860843,2.);
#71=ELLIPSE('',#1659,21.3707147653618,19.358145785572);
#72=ELLIPSE('',#1660,21.3707147653618,19.358145785572);
#73=ELLIPSE('',#1662,2.09117841860843,2.);
#74=ELLIPSE('',#1669,61.5907989199039,43.2246735396485);
#75=ELLIPSE('',#1671,39.7323899535602,38.);
#76=ELLIPSE('',#1673,8.36471367443373,8.);
#77=ELLIPSE('',#1675,293.061733832131,29.7554200984741);
#78=ELLIPSE('',#1680,8.36471367443373,8.);
#79=ELLIPSE('',#1684,50.8686382998072,20.7393642022064);
#80=ELLIPSE('',#1687,50.8686382998072,20.7393642022064);
#81=ELLIPSE('',#1706,15.0256278978747,12.);
#82=CONICAL_SURFACE('',#1590,15.,0.122173047639603);
#83=CONICAL_SURFACE('',#1638,20.,0.523598775598299);
#84=CONICAL_SURFACE('',#1658,20.,0.0698131700797732);
#85=CONICAL_SURFACE('',#1692,15.,0.122173047639603);
#86=TOROIDAL_SURFACE('',#1587,18.9795726253642,2.);
#87=TOROIDAL_SURFACE('',#1593,18.9795726253642,2.);
#88=TOROIDAL_SURFACE('',#1618,21.9629189986944,2.);
#89=TOROIDAL_SURFACE('',#1652,62.,12.);
#90=TOROIDAL_SURFACE('',#1664,45.2246735396486,2.);
#91=TOROIDAL_SURFACE('',#1694,15.5,3.);
#92=TOROIDAL_SURFACE('',#1709,62.,12.);
#93=TOROIDAL_SURFACE('',#1714,18.,12.);
#94=B_SPLINE_SURFACE_WITH_KNOTS('',3,3,((#2125,#2126,#2127,#2128,#2129),
(#2130,#2131,#2132,#2133,#2134),(#2135,#2136,#2137,#2138,#2139),(#2140,
#2141,#2142,#2143,#2144),(#2145,#2146,#2147,#2148,#2149),(#2150,#2151,#2152,
#2153,#2154)),.UNSPECIFIED.,.F.,.F.,.F.,(4,1,1,4),(4,1,4),(0.,0.285714285714286,
0.571428571428571,1.),(0.,0.0767301323794465,0.134277731664031),
 .UNSPECIFIED.);
#95=B_SPLINE_SURFACE_WITH_KNOTS('',3,3,((#2274,#2275,#2276,#2277),(#2278,
#2279,#2280,#2281),(#2282,#2283,#2284,#2285),(#2286,#2287,#2288,#2289),
(#2290,#2291,#2292,#2293)),.UNSPECIFIED.,.F.,.F.,.F.,(4,1,4),(4,4),(0.,
0.571428571428571,1.),(2.57827720476595,7.55636316055408),.UNSPECIFIED.);
#96=B_SPLINE_SURFACE_WITH_KNOTS('',3,3,((#2332,#2333,#2334,#2335,#2336,
#2337,#2338,#2339,#2340,#2341,#2342,#2343,#2344,#2345,#2346,#2347,#2348,
#2349,#2350,#2351,#2352,#2353),(#2354,#2355,#2356,#2357,#2358,#2359,#2360,
#2361,#2362,#2363,#2364,#2365,#2366,#2367,#2368,#2369,#2370,#2371,#2372,
#2373,#2374,#2375),(#2376,#2377,#2378,#2379,#2380,#2381,#2382,#2383,#2384,
#2385,#2386,#2387,#2388,#2389,#2390,#2391,#2392,#2393,#2394,#2395,#2396,
#2397),(#2398,#2399,#2400,#2401,#2402,#2403,#2404,#2405,#2406,#2407,#2408,
#2409,#2410,#2411,#2412,#2413,#2414,#2415,#2416,#2417,#2418,#2419)),
 .UNSPECIFIED.,.F.,.F.,.F.,(4,4),(4,1,1,1,1,1,1,1,1,1,1,1,1,1,1,1,1,1,1,
4),(0.,1.),(6.21349673362062,6.56264712667085,6.73722232319597,6.91179751972108,
7.0863727162462,7.17366031450875,7.21730411364003,7.26094791277131,7.34823551103387,
7.43552310929643,7.52281070755898,7.56645450669026,7.61009830582154,7.74102970321538,
7.78467350234665,7.87196110060921,7.95924869887177,8.13382389539688,8.308399091922,
8.65754948497223),.UNSPECIFIED.);
#97=B_SPLINE_SURFACE_WITH_KNOTS('',3,3,((#2518,#2519,#2520,#2521),(#2522,
#2523,#2524,#2525),(#2526,#2527,#2528,#2529),(#2530,#2531,#2532,#2533),
(#2534,#2535,#2536,#2537)),.UNSPECIFIED.,.F.,.F.,.F.,(4,1,4),(4,4),(0.,
0.571428571428571,1.),(-2.4595509021559,-1.88160044601632),
 .UNSPECIFIED.);
#98=B_SPLINE_SURFACE_WITH_KNOTS('',3,3,((#2622,#2623,#2624,#2625,#2626,
#2627,#2628),(#2629,#2630,#2631,#2632,#2633,#2634,#2635),(#2636,#2637,#2638,
#2639,#2640,#2641,#2642),(#2643,#2644,#2645,#2646,#2647,#2648,#2649),(#2650,
#2651,#2652,#2653,#2654,#2655,#2656)),.UNSPECIFIED.,.F.,.F.,.F.,(4,1,4),
(4,1,1,1,4),(0.,0.571428571428571,1.),(12.2261925771066,12.6329455503492,
13.4464514968344,14.2599574433196,15.0734633898048),.UNSPECIFIED.);
#99=B_SPLINE_SURFACE_WITH_KNOTS('',3,3,((#2685,#2686,#2687,#2688,#2689,
#2690,#2691,#2692,#2693),(#2694,#2695,#2696,#2697,#2698,#2699,#2700,#2701,
#2702),(#2703,#2704,#2705,#2706,#2707,#2708,#2709,#2710,#2711),(#2712,#2713,
#2714,#2715,#2716,#2717,#2718,#2719,#2720),(#2721,#2722,#2723,#2724,#2725,
#2726,#2727,#2728,#2729)),.UNSPECIFIED.,.F.,.F.,.F.,(4,1,4),(4,1,1,1,1,
1,4),(0.,0.571428571428571,1.),(0.236544760501001,0.711502224727361,0.948980956840541,
1.18645968895372,1.4239384210669,1.66141715318008,1.89889588529326),
 .UNSPECIFIED.);
#100=B_SPLINE_SURFACE_WITH_KNOTS('',3,3,((#2767,#2768,#2769,#2770),(#2771,
#2772,#2773,#2774),(#2775,#2776,#2777,#2778),(#2779,#2780,#2781,#2782),
(#2783,#2784,#2785,#2786)),.UNSPECIFIED.,.F.,.F.,.F.,(4,1,4),(4,4),(0.,
0.571428571428571,1.),(0.460962966593699,0.955095583611265),
 .UNSPECIFIED.);
#101=B_SPLINE_SURFACE_WITH_KNOTS('',3,3,((#2803,#2804,#2805,#2806),(#2807,
#2808,#2809,#2810),(#2811,#2812,#2813,#2814),(#2815,#2816,#2817,#2818)),
 .UNSPECIFIED.,.F.,.F.,.F.,(4,4),(4,4),(0.641961059756434,1.),(2.86999948602936E-16,
0.23658189455179),.UNSPECIFIED.);
#102=B_SPLINE_SURFACE_WITH_KNOTS('',3,3,((#2830,#2831,#2832,#2833,#2834,
#2835,#2836,#2837,#2838,#2839),(#2840,#2841,#2842,#2843,#2844,#2845,#2846,
#2847,#2848,#2849),(#2850,#2851,#2852,#2853,#2854,#2855,#2856,#2857,#2858,
#2859),(#2860,#2861,#2862,#2863,#2864,#2865,#2866,#2867,#2868,#2869),(#2870,
#2871,#2872,#2873,#2874,#2875,#2876,#2877,#2878,#2879),(#2880,#2881,#2882,
#2883,#2884,#2885,#2886,#2887,#2888,#2889)),.UNSPECIFIED.,.F.,.F.,.F.,(4,
1,1,4),(4,1,1,1,1,1,1,4),(0.,0.285714285714286,0.571428571428571,1.),(-7.83329113781605,
-7.34799335479638,-6.86269557177672,-6.37739778875706,-5.89210000573739,
-5.40680222271773,-4.92150443969807,-4.43620665667841),.UNSPECIFIED.);
#103=B_SPLINE_SURFACE_WITH_KNOTS('',3,3,((#2992,#2993,#2994,#2995,#2996,
#2997,#2998,#2999),(#3000,#3001,#3002,#3003,#3004,#3005,#3006,#3007),(#3008,
#3009,#3010,#3011,#3012,#3013,#3014,#3015),(#3016,#3017,#3018,#3019,#3020,
#3021,#3022,#3023),(#3024,#3025,#3026,#3027,#3028,#3029,#3030,#3031)),
 .UNSPECIFIED.,.F.,.F.,.F.,(4,1,4),(4,1,1,1,1,4),(0.,0.571428571428571,
1.),(8.72554534939722E-16,0.0909709574358627,0.181941914871725,0.363883829743448,
0.727767659486896,1.27359340410207),.UNSPECIFIED.);
#104=B_SPLINE_SURFACE_WITH_KNOTS('',3,3,((#3051,#3052,#3053,#3054),(#3055,
#3056,#3057,#3058),(#3059,#3060,#3061,#3062),(#3063,#3064,#3065,#3066),
(#3067,#3068,#3069,#3070)),.UNSPECIFIED.,.F.,.F.,.F.,(4,1,4),(4,4),(0.,
0.571428571428571,1.),(-1.02503751016415,-0.862964659110524),
 .UNSPECIFIED.);
#105=B_SPLINE_SURFACE_WITH_KNOTS('',3,3,((#3079,#3080,#3081,#3082,#3083,
#3084,#3085,#3086,#3087,#3088,#3089,#3090),(#3091,#3092,#3093,#3094,#3095,
#3096,#3097,#3098,#3099,#3100,#3101,#3102),(#3103,#3104,#3105,#3106,#3107,
#3108,#3109,#3110,#3111,#3112,#3113,#3114),(#3115,#3116,#3117,#3118,#3119,
#3120,#3121,#3122,#3123,#3124,#3125,#3126),(#3127,#3128,#3129,#3130,#3131,
#3132,#3133,#3134,#3135,#3136,#3137,#3138)),.UNSPECIFIED.,.F.,.F.,.F.,(4,
1,4),(4,1,1,1,1,1,1,1,1,4),(0.,0.571428571428571,1.),(1.5477217446505E-15,
1.56682608471998,3.13365216943995,3.91706521179994,4.30877173297993,4.70047825415993,
4.89633151474992,5.09218477533992,5.28803803592992,5.48389129651991),
 .UNSPECIFIED.);
#106=B_SPLINE_SURFACE_WITH_KNOTS('',3,3,((#3166,#3167,#3168,#3169),(#3170,
#3171,#3172,#3173),(#3174,#3175,#3176,#3177),(#3178,#3179,#3180,#3181)),
 .UNSPECIFIED.,.F.,.F.,.F.,(4,4),(4,4),(0.,1.),(0.336584974429154,0.403039048800723),
 .UNSPECIFIED.);
#107=B_SPLINE_SURFACE_WITH_KNOTS('',3,3,((#3190,#3191,#3192,#3193,#3194),
(#3195,#3196,#3197,#3198,#3199),(#3200,#3201,#3202,#3203,#3204),(#3205,
#3206,#3207,#3208,#3209),(#3210,#3211,#3212,#3213,#3214),(#3215,#3216,#3217,
#3218,#3219)),.UNSPECIFIED.,.F.,.F.,.F.,(4,1,1,4),(4,1,4),(0.,0.285714285714286,
0.571428571428571,1.),(0.,0.97425598459006,2.27326396404347),
 .UNSPECIFIED.);
#108=B_SPLINE_SURFACE_WITH_KNOTS('',3,3,((#3235,#3236,#3237,#3238),(#3239,
#3240,#3241,#3242),(#3243,#3244,#3245,#3246),(#3247,#3248,#3249,#3250),
(#3251,#3252,#3253,#3254),(#3255,#3256,#3257,#3258)),.UNSPECIFIED.,.F.,
 .F.,.F.,(4,1,1,4),(4,4),(0.,0.285714285714286,0.571428571428571,1.),(0.,
1.63393315912178),.UNSPECIFIED.);
#109=B_SPLINE_SURFACE_WITH_KNOTS('',3,3,((#3270,#3271,#3272,#3273),(#3274,
#3275,#3276,#3277),(#3278,#3279,#3280,#3281),(#3282,#3283,#3284,#3285),
(#3286,#3287,#3288,#3289)),.UNSPECIFIED.,.F.,.F.,.F.,(4,1,4),(4,4),(0.,
0.571428571428571,1.),(0.,0.6351743607626),.UNSPECIFIED.);
#110=B_SPLINE_SURFACE_WITH_KNOTS('',3,3,((#3301,#3302,#3303,#3304,#3305),
(#3306,#3307,#3308,#3309,#3310),(#3311,#3312,#3313,#3314,#3315),(#3316,
#3317,#3318,#3319,#3320),(#3321,#3322,#3323,#3324,#3325)),.UNSPECIFIED.,
 .F.,.F.,.F.,(4,1,4),(4,1,4),(0.,0.571428571428571,1.),(7.00260559779082E-16,
0.558729516770204,1.30370220579714),.UNSPECIFIED.);
#111=B_SPLINE_SURFACE_WITH_KNOTS('',3,3,((#3339,#3340,#3341,#3342,#3343,
#3344,#3345),(#3346,#3347,#3348,#3349,#3350,#3351,#3352),(#3353,#3354,#3355,
#3356,#3357,#3358,#3359),(#3360,#3361,#3362,#3363,#3364,#3365,#3366)),
 .UNSPECIFIED.,.F.,.F.,.F.,(4,4),(4,1,1,1,4),(0.,1.),(1.02856670793897E-15,
0.30521483939703,0.610429678794058,0.763037098492572,1.0682519378896),
 .UNSPECIFIED.);
#112=B_SPLINE_SURFACE_WITH_KNOTS('',3,3,((#3420,#3421,#3422,#3423,#3424,
#3425),(#3426,#3427,#3428,#3429,#3430,#3431),(#3432,#3433,#3434,#3435,#3436,
#3437),(#3438,#3439,#3440,#3441,#3442,#3443),(#3444,#3445,#3446,#3447,#3448,
#3449),(#3450,#3451,#3452,#3453,#3454,#3455)),.UNSPECIFIED.,.F.,.F.,.F.,
(4,1,1,4),(4,1,1,4),(0.,0.285714285714286,0.571428571428571,1.),(1.57350048937451,
5.03994903869622,5.90656117602665,7.63978545068751),.UNSPECIFIED.);
#113=B_SPLINE_SURFACE_WITH_KNOTS('',3,3,((#3598,#3599,#3600,#3601),(#3602,
#3603,#3604,#3605),(#3606,#3607,#3608,#3609),(#3610,#3611,#3612,#3613),
(#3614,#3615,#3616,#3617)),.UNSPECIFIED.,.F.,.F.,.F.,(4,1,4),(4,4),(0.,
0.571428571428571,1.),(-1.5707963267949,-1.51546167673927),
 .UNSPECIFIED.);
#114=B_SPLINE_SURFACE_WITH_KNOTS('',3,3,((#3638,#3639,#3640,#3641,#3642,
#3643,#3644,#3645),(#3646,#3647,#3648,#3649,#3650,#3651,#3652,#3653),(#3654,
#3655,#3656,#3657,#3658,#3659,#3660,#3661),(#3662,#3663,#3664,#3665,#3666,
#3667,#3668,#3669),(#3670,#3671,#3672,#3673,#3674,#3675,#3676,#3677)),
 .UNSPECIFIED.,.F.,.F.,.F.,(4,1,4),(4,2,1,1,4),(0.,0.571428571428571,1.),
(-2.26354111048547,-2.26055961591201,-1.27469927421513,-0.781769103366694,
0.204091238330182),.UNSPECIFIED.);
#115=B_SPLINE_SURFACE_WITH_KNOTS('',3,3,((#3742,#3743,#3744,#3745,#3746),
(#3747,#3748,#3749,#3750,#3751),(#3752,#3753,#3754,#3755,#3756),(#3757,
#3758,#3759,#3760,#3761),(#3762,#3763,#3764,#3765,#3766)),.UNSPECIFIED.,
 .F.,.F.,.F.,(4,1,4),(4,1,4),(0.,0.571428571428571,1.),(2.3298794181483,
3.02433686471735,3.95028012680941),.UNSPECIFIED.);
#116=B_SPLINE_SURFACE_WITH_KNOTS('',3,3,((#3818,#3819,#3820,#3821),(#3822,
#3823,#3824,#3825),(#3826,#3827,#3828,#3829),(#3830,#3831,#3832,#3833),
(#3834,#3835,#3836,#3837),(#3838,#3839,#3840,#3841)),.UNSPECIFIED.,.F.,
 .F.,.F.,(4,1,1,4),(4,4),(0.,0.285714285714286,0.571428571428571,1.),(-1.5707963267949,
-1.43070669127536),.UNSPECIFIED.);
#117=B_SPLINE_SURFACE_WITH_KNOTS('',3,3,((#3860,#3861,#3862,#3863,#3864),
(#3865,#3866,#3867,#3868,#3869),(#3870,#3871,#3872,#3873,#3874),(#3875,
#3876,#3877,#3878,#3879),(#3880,#3881,#3882,#3883,#3884)),.UNSPECIFIED.,
 .F.,.F.,.F.,(4,1,4),(4,1,4),(0.,0.571428571428571,1.),(-1.3264518272638,
-0.975187617552118,-0.506835337936543),.UNSPECIFIED.);
#118=B_SPLINE_SURFACE_WITH_KNOTS('',3,3,((#3886,#3887,#3888,#3889),(#3890,
#3891,#3892,#3893),(#3894,#3895,#3896,#3897),(#3898,#3899,#3900,#3901)),
 .UNSPECIFIED.,.F.,.F.,.F.,(4,4),(4,4),(0.,0.96332856075706),(0.506835337930765,
0.646903673334618),.UNSPECIFIED.);
#119=B_SPLINE_SURFACE_WITH_KNOTS('',3,3,((#3903,#3904,#3905,#3906,#3907),
(#3908,#3909,#3910,#3911,#3912),(#3913,#3914,#3915,#3916,#3917),(#3918,
#3919,#3920,#3921,#3922)),.UNSPECIFIED.,.F.,.F.,.F.,(4,4),(4,1,4),(0.,1.),
(0.506835337896985,0.890330503044325,1.17795187690483),.UNSPECIFIED.);
#120=B_SPLINE_SURFACE_WITH_KNOTS('',3,3,((#3935,#3936,#3937,#3938,#3939,
#3940,#3941),(#3942,#3943,#3944,#3945,#3946,#3947,#3948),(#3949,#3950,#3951,
#3952,#3953,#3954,#3955),(#3956,#3957,#3958,#3959,#3960,#3961,#3962),(#3963,
#3964,#3965,#3966,#3967,#3968,#3969),(#3970,#3971,#3972,#3973,#3974,#3975,
#3976)),.UNSPECIFIED.,.F.,.F.,.F.,(4,1,1,4),(4,1,1,1,4),(0.,0.285714285714286,
0.571428571428571,1.),(0.165906466506706,0.403443219648365,0.640979972790025,
0.95769564364557,1.27441131450112),.UNSPECIFIED.);
#121=B_SPLINE_SURFACE_WITH_KNOTS('',3,3,((#3983,#3984,#3985,#3986),(#3987,
#3988,#3989,#3990),(#3991,#3992,#3993,#3994),(#3995,#3996,#3997,#3998)),
 .UNSPECIFIED.,.F.,.F.,.F.,(4,4),(4,4),(0.,0.96332856075711),(-0.646903673334619,
-0.506835337932261),.UNSPECIFIED.);
#122=B_SPLINE_SURFACE_WITH_KNOTS('',3,3,((#4003,#4004,#4005,#4006,#4007,
#4008,#4009,#4010,#4011,#4012),(#4013,#4014,#4015,#4016,#4017,#4018,#4019,
#4020,#4021,#4022),(#4023,#4024,#4025,#4026,#4027,#4028,#4029,#4030,#4031,
#4032),(#4033,#4034,#4035,#4036,#4037,#4038,#4039,#4040,#4041,#4042),(#4043,
#4044,#4045,#4046,#4047,#4048,#4049,#4050,#4051,#4052)),.UNSPECIFIED.,.F.,
 .F.,.F.,(4,1,4),(4,1,1,1,1,1,1,4),(0.,0.571428571428571,1.),(0.,0.584578944167429,
1.16915788833486,1.75373683250229,2.33831577666972,2.92289472083714,3.50747366500457,
4.092052609172),.UNSPECIFIED.);
#123=B_SPLINE_SURFACE_WITH_KNOTS('',3,3,((#4079,#4080,#4081,#4082,#4083),
(#4084,#4085,#4086,#4087,#4088),(#4089,#4090,#4091,#4092,#4093),(#4094,
#4095,#4096,#4097,#4098),(#4099,#4100,#4101,#4102,#4103),(#4104,#4105,#4106,
#4107,#4108)),.UNSPECIFIED.,.F.,.F.,.F.,(4,1,1,4),(4,1,4),(0.,0.285714285714286,
0.571428571428571,1.),(2.21008037248468,2.51168547680639,2.91382561590201),
 .UNSPECIFIED.);
#124=FACE_OUTER_BOUND('',#215,.T.);
#125=FACE_OUTER_BOUND('',#216,.T.);
#126=FACE_OUTER_BOUND('',#217,.T.);
#127=FACE_OUTER_BOUND('',#218,.T.);
#128=FACE_OUTER_BOUND('',#219,.T.);
#129=FACE_OUTER_BOUND('',#220,.T.);
#130=FACE_OUTER_BOUND('',#221,.T.);
#131=FACE_OUTER_BOUND('',#222,.T.);
#132=FACE_OUTER_BOUND('',#223,.T.);
#133=FACE_OUTER_BOUND('',#224,.T.);
#134=FACE_OUTER_BOUND('',#225,.T.);
#135=FACE_OUTER_BOUND('',#226,.T.);
#136=FACE_OUTER_BOUND('',#227,.T.);
#137=FACE_OUTER_BOUND('',#228,.T.);
#138=FACE_OUTER_BOUND('',#229,.T.);
#139=FACE_OUTER_BOUND('',#230,.T.);
#140=FACE_OUTER_BOUND('',#231,.T.);
#141=FACE_OUTER_BOUND('',#232,.T.);
#142=FACE_OUTER_BOUND('',#233,.T.);
#143=FACE_OUTER_BOUND('',#234,.T.);
#144=FACE_OUTER_BOUND('',#235,.T.);
#145=FACE_OUTER_BOUND('',#236,.T.);
#146=FACE_OUTER_BOUND('',#237,.T.);
#147=FACE_OUTER_BOUND('',#238,.T.);
#148=FACE_OUTER_BOUND('',#239,.T.);
#149=FACE_OUTER_BOUND('',#240,.T.);
#150=FACE_OUTER_BOUND('',#241,.T.);
#151=FACE_OUTER_BOUND('',#242,.T.);
#152=FACE_OUTER_BOUND('',#243,.T.);
#153=FACE_OUTER_BOUND('',#244,.T.);
#154=FACE_OUTER_BOUND('',#245,.T.);
#155=FACE_OUTER_BOUND('',#246,.T.);
#156=FACE_OUTER_BOUND('',#247,.T.);
#157=FACE_OUTER_BOUND('',#248,.T.);
#158=FACE_OUTER_BOUND('',#249,.T.);
#159=FACE_OUTER_BOUND('',#250,.T.);
#160=FACE_OUTER_BOUND('',#251,.T.);
#161=FACE_OUTER_BOUND('',#252,.T.);
#162=FACE_OUTER_BOUND('',#253,.T.);
#163=FACE_OUTER_BOUND('',#254,.T.);
#164=FACE_OUTER_BOUND('',#255,.T.);
#165=FACE_OUTER_BOUND('',#256,.T.);
#166=FACE_OUTER_BOUND('',#257,.T.);
#167=FACE_OUTER_BOUND('',#258,.T.);
#168=FACE_OUTER_BOUND('',#259,.T.);
#169=FACE_OUTER_BOUND('',#260,.T.);
#170=FACE_OUTER_BOUND('',#261,.T.);
#171=FACE_OUTER_BOUND('',#262,.T.);
#172=FACE_OUTER_BOUND('',#263,.T.);
#173=FACE_OUTER_BOUND('',#264,.T.);
#174=FACE_OUTER_BOUND('',#265,.T.);
#175=FACE_OUTER_BOUND('',#266,.T.);
#176=FACE_OUTER_BOUND('',#267,.T.);
#177=FACE_OUTER_BOUND('',#268,.T.);
#178=FACE_OUTER_BOUND('',#269,.T.);
#179=FACE_OUTER_BOUND('',#270,.T.);
#180=FACE_OUTER_BOUND('',#271,.T.);
#181=FACE_OUTER_BOUND('',#272,.T.);
#182=FACE_OUTER_BOUND('',#273,.T.);
#183=FACE_OUTER_BOUND('',#274,.T.);
#184=FACE_OUTER_BOUND('',#275,.T.);
#185=FACE_OUTER_BOUND('',#276,.T.);
#186=FACE_OUTER_BOUND('',#277,.T.);
#187=FACE_OUTER_BOUND('',#278,.T.);
#188=FACE_OUTER_BOUND('',#279,.T.);
#189=FACE_OUTER_BOUND('',#280,.T.);
#190=FACE_OUTER_BOUND('',#281,.T.);
#191=FACE_OUTER_BOUND('',#282,.T.);
#192=FACE_OUTER_BOUND('',#283,.T.);
#193=FACE_OUTER_BOUND('',#284,.T.);
#194=FACE_OUTER_BOUND('',#285,.T.);
#195=FACE_OUTER_BOUND('',#286,.T.);
#196=FACE_OUTER_BOUND('',#287,.T.);
#197=FACE_OUTER_BOUND('',#288,.T.);
#198=FACE_OUTER_BOUND('',#289,.T.);
#199=FACE_OUTER_BOUND('',#290,.T.);
#200=FACE_OUTER_BOUND('',#291,.T.);
#201=FACE_OUTER_BOUND('',#292,.T.);
#202=FACE_OUTER_BOUND('',#293,.T.);
#203=FACE_OUTER_BOUND('',#294,.T.);
#204=FACE_OUTER_BOUND('',#295,.T.);
#205=FACE_OUTER_BOUND('',#296,.T.);
#206=FACE_OUTER_BOUND('',#297,.T.);
#207=FACE_OUTER_BOUND('',#298,.T.);
#208=FACE_OUTER_BOUND('',#299,.T.);
#209=FACE_OUTER_BOUND('',#300,.T.);
#210=FACE_OUTER_BOUND('',#301,.T.);
#211=FACE_OUTER_BOUND('',#302,.T.);
#212=FACE_OUTER_BOUND('',#303,.T.);
#213=FACE_OUTER_BOUND('',#304,.T.);
#214=FACE_OUTER_BOUND('',#305,.T.);
#215=EDGE_LOOP('',(#971,#972,#973,#974,#975,#976,#977,#978));
#216=EDGE_LOOP('',(#979,#980,#981,#982));
#217=EDGE_LOOP('',(#983,#984,#985,#986));
#218=EDGE_LOOP('',(#987,#988,#989,#990,#991,#992,#993,#994,#995,#996));
#219=EDGE_LOOP('',(#997,#998,#999,#1000));
#220=EDGE_LOOP('',(#1001,#1002,#1003,#1004,#1005));
#221=EDGE_LOOP('',(#1006,#1007,#1008,#1009,#1010));
#222=EDGE_LOOP('',(#1011,#1012,#1013,#1014,#1015,#1016,#1017,#1018,#1019,
#1020,#1021));
#223=EDGE_LOOP('',(#1022,#1023,#1024,#1025,#1026));
#224=EDGE_LOOP('',(#1027,#1028,#1029,#1030,#1031));
#225=EDGE_LOOP('',(#1032,#1033,#1034,#1035));
#226=EDGE_LOOP('',(#1036,#1037,#1038,#1039,#1040,#1041,#1042,#1043,#1044));
#227=EDGE_LOOP('',(#1045,#1046,#1047,#1048,#1049));
#228=EDGE_LOOP('',(#1050,#1051,#1052,#1053,#1054));
#229=EDGE_LOOP('',(#1055,#1056,#1057,#1058,#1059));
#230=EDGE_LOOP('',(#1060,#1061,#1062,#1063,#1064,#1065,#1066));
#231=EDGE_LOOP('',(#1067,#1068,#1069,#1070,#1071,#1072));
#232=EDGE_LOOP('',(#1073,#1074,#1075,#1076));
#233=EDGE_LOOP('',(#1077,#1078,#1079,#1080,#1081,#1082,#1083,#1084));
#234=EDGE_LOOP('',(#1085,#1086,#1087,#1088,#1089,#1090,#1091,#1092,#1093,
#1094,#1095,#1096,#1097));
#235=EDGE_LOOP('',(#1098,#1099,#1100,#1101));
#236=EDGE_LOOP('',(#1102,#1103,#1104,#1105));
#237=EDGE_LOOP('',(#1106,#1107,#1108,#1109));
#238=EDGE_LOOP('',(#1110,#1111,#1112,#1113));
#239=EDGE_LOOP('',(#1114,#1115,#1116,#1117));
#240=EDGE_LOOP('',(#1118,#1119,#1120,#1121));
#241=EDGE_LOOP('',(#1122,#1123,#1124,#1125));
#242=EDGE_LOOP('',(#1126,#1127,#1128,#1129));
#243=EDGE_LOOP('',(#1130,#1131,#1132,#1133));
#244=EDGE_LOOP('',(#1134,#1135,#1136,#1137));
#245=EDGE_LOOP('',(#1138,#1139,#1140));
#246=EDGE_LOOP('',(#1141,#1142,#1143,#1144,#1145,#1146));
#247=EDGE_LOOP('',(#1147,#1148,#1149,#1150,#1151,#1152,#1153));
#248=EDGE_LOOP('',(#1154,#1155,#1156,#1157));
#249=EDGE_LOOP('',(#1158,#1159,#1160,#1161));
#250=EDGE_LOOP('',(#1162,#1163,#1164,#1165,#1166,#1167,#1168,#1169,#1170,
#1171,#1172,#1173,#1174,#1175));
#251=EDGE_LOOP('',(#1176,#1177,#1178,#1179,#1180));
#252=EDGE_LOOP('',(#1181,#1182,#1183,#1184));
#253=EDGE_LOOP('',(#1185,#1186,#1187,#1188,#1189,#1190,#1191,#1192));
#254=EDGE_LOOP('',(#1193,#1194,#1195,#1196,#1197));
#255=EDGE_LOOP('',(#1198,#1199,#1200,#1201,#1202,#1203));
#256=EDGE_LOOP('',(#1204,#1205,#1206,#1207));
#257=EDGE_LOOP('',(#1208,#1209,#1210,#1211,#1212,#1213,#1214,#1215,#1216,
#1217,#1218,#1219,#1220));
#258=EDGE_LOOP('',(#1221,#1222,#1223,#1224));
#259=EDGE_LOOP('',(#1225,#1226,#1227,#1228));
#260=EDGE_LOOP('',(#1229,#1230,#1231,#1232));
#261=EDGE_LOOP('',(#1233,#1234,#1235,#1236,#1237));
#262=EDGE_LOOP('',(#1238,#1239,#1240,#1241,#1242,#1243));
#263=EDGE_LOOP('',(#1244,#1245,#1246,#1247));
#264=EDGE_LOOP('',(#1248,#1249,#1250,#1251,#1252,#1253,#1254,#1255));
#265=EDGE_LOOP('',(#1256,#1257,#1258,#1259,#1260,#1261,#1262,#1263,#1264));
#266=EDGE_LOOP('',(#1265,#1266,#1267,#1268));
#267=EDGE_LOOP('',(#1269,#1270,#1271,#1272));
#268=EDGE_LOOP('',(#1273,#1274,#1275,#1276));
#269=EDGE_LOOP('',(#1277,#1278,#1279,#1280,#1281,#1282,#1283,#1284));
#270=EDGE_LOOP('',(#1285,#1286,#1287,#1288));
#271=EDGE_LOOP('',(#1289,#1290,#1291));
#272=EDGE_LOOP('',(#1292,#1293,#1294,#1295));
#273=EDGE_LOOP('',(#1296,#1297,#1298,#1299));
#274=EDGE_LOOP('',(#1300,#1301,#1302,#1303,#1304,#1305));
#275=EDGE_LOOP('',(#1306,#1307,#1308,#1309,#1310,#1311,#1312,#1313,#1314));
#276=EDGE_LOOP('',(#1315,#1316,#1317,#1318));
#277=EDGE_LOOP('',(#1319,#1320,#1321));
#278=EDGE_LOOP('',(#1322,#1323,#1324,#1325));
#279=EDGE_LOOP('',(#1326,#1327,#1328,#1329));
#280=EDGE_LOOP('',(#1330,#1331,#1332,#1333,#1334,#1335,#1336,#1337));
#281=EDGE_LOOP('',(#1338,#1339,#1340,#1341,#1342));
#282=EDGE_LOOP('',(#1343,#1344,#1345,#1346));
#283=EDGE_LOOP('',(#1347,#1348,#1349,#1350,#1351,#1352));
#284=EDGE_LOOP('',(#1353,#1354,#1355,#1356));
#285=EDGE_LOOP('',(#1357,#1358,#1359,#1360));
#286=EDGE_LOOP('',(#1361,#1362,#1363,#1364));
#287=EDGE_LOOP('',(#1365,#1366,#1367,#1368));
#288=EDGE_LOOP('',(#1369,#1370,#1371,#1372,#1373,#1374,#1375,#1376,#1377,
#1378,#1379,#1380));
#289=EDGE_LOOP('',(#1381,#1382,#1383));
#290=EDGE_LOOP('',(#1384,#1385,#1386,#1387,#1388,#1389));
#291=EDGE_LOOP('',(#1390,#1391,#1392));
#292=EDGE_LOOP('',(#1393,#1394,#1395,#1396));
#293=EDGE_LOOP('',(#1397,#1398,#1399,#1400));
#294=EDGE_LOOP('',(#1401,#1402,#1403,#1404,#1405));
#295=EDGE_LOOP('',(#1406,#1407,#1408,#1409));
#296=EDGE_LOOP('',(#1410,#1411,#1412,#1413));
#297=EDGE_LOOP('',(#1414,#1415,#1416,#1417));
#298=EDGE_LOOP('',(#1418,#1419,#1420,#1421));
#299=EDGE_LOOP('',(#1422,#1423,#1424,#1425,#1426,#1427,#1428));
#300=EDGE_LOOP('',(#1429,#1430,#1431,#1432,#1433,#1434,#1435,#1436,#1437,
#1438));
#301=EDGE_LOOP('',(#1439,#1440,#1441,#1442));
#302=EDGE_LOOP('',(#1443,#1444,#1445));
#303=EDGE_LOOP('',(#1446));
#304=EDGE_LOOP('',(#1447,#1448));
#305=EDGE_LOOP('',(#1449,#1450,#1451,#1452));
#306=B_SPLINE_CURVE_WITH_KNOTS('',3,(#2084,#2085,#2086,#2087,#2088,#2089,
#2090,#2091,#2092,#2093,#2094,#2095,#2096,#2097,#2098,#2099,#2100,#2101,
#2102,#2103,#2104,#2105),.UNSPECIFIED.,.F.,.F.,(4,1,1,1,1,1,1,1,1,1,1,1,
1,1,1,1,1,1,1,4),(6.41811775527546,6.56264712667085,6.73722232319597,6.91179751972108,
7.0863727162462,7.17366031450875,7.21730411364003,7.26094791277131,7.34823551103387,
7.43552310929643,7.52281070755898,7.56645450669026,7.61009830582154,7.74102970321538,
7.78467350234665,7.87196110060921,7.95924869887177,8.13382389539688,8.308399091922,
8.65754948497223),.UNSPECIFIED.);
#307=B_SPLINE_CURVE_WITH_KNOTS('',3,(#2107,#2108,#2109,#2110),
 .UNSPECIFIED.,.F.,.F.,(4,4),(6.32162357256126,6.41811775527546),
 .UNSPECIFIED.);
#308=B_SPLINE_CURVE_WITH_KNOTS('',3,(#2112,#2113,#2114,#2115,#2116,#2117,
#2118,#2119),.UNSPECIFIED.,.F.,.F.,(4,2,2,4),(-1.12861620928812,-1.03423248008062,
-0.909754718169084,-0.86020992254822),.UNSPECIFIED.);
#309=B_SPLINE_CURVE_WITH_KNOTS('',3,(#2159,#2160,#2161,#2162,#2163),
 .UNSPECIFIED.,.F.,.F.,(4,1,4),(-0.134277731664031,-0.0767301323794465,
0.),.UNSPECIFIED.);
#310=B_SPLINE_CURVE_WITH_KNOTS('',3,(#2166,#2167,#2168,#2169,#2170),
 .UNSPECIFIED.,.F.,.F.,(4,1,4),(0.,0.0767301323794465,0.134277731664031),
 .UNSPECIFIED.);
#311=B_SPLINE_CURVE_WITH_KNOTS('',3,(#2174,#2175,#2176,#2177,#2178,#2179,
#2180,#2181,#2182,#2183,#2184,#2185),.UNSPECIFIED.,.F.,.F.,(4,2,2,2,2,4),
(0.331736310383843,0.422310571086101,0.549859897139993,0.64079984347238,
0.704780102995072,0.751464927283599),.UNSPECIFIED.);
#312=B_SPLINE_CURVE_WITH_KNOTS('',3,(#2190,#2191,#2192,#2193,#2194,#2195),
 .UNSPECIFIED.,.F.,.F.,(4,2,4),(3.58767369271488,3.73597668487713,3.80821158745739),
 .UNSPECIFIED.);
#313=B_SPLINE_CURVE_WITH_KNOTS('',3,(#2197,#2198,#2199,#2200),
 .UNSPECIFIED.,.F.,.F.,(4,4),(-7.55636316055408,-2.58181029270162),
 .UNSPECIFIED.);
#314=B_SPLINE_CURVE_WITH_KNOTS('',3,(#2202,#2203,#2204,#2205),
 .UNSPECIFIED.,.F.,.F.,(4,4),(0.506835337930765,0.646903673334618),
 .UNSPECIFIED.);
#315=B_SPLINE_CURVE_WITH_KNOTS('',3,(#2207,#2208,#2209,#2210,#2211,#2212,
#2213,#2214,#2215,#2216),.UNSPECIFIED.,.F.,.F.,(4,2,2,2,4),(2.65124556591099,
3.09692221128733,3.56887877098695,4.04083533068658,4.48651197604689),
 .UNSPECIFIED.);
#316=B_SPLINE_CURVE_WITH_KNOTS('',3,(#2218,#2219,#2220,#2221,#2222),
 .UNSPECIFIED.,.F.,.F.,(4,1,4),(-1.3264518272638,-0.975187617552118,-0.506835337936543),
 .UNSPECIFIED.);
#317=B_SPLINE_CURVE_WITH_KNOTS('',3,(#2224,#2225,#2226,#2227,#2228,#2229,
#2230),.UNSPECIFIED.,.F.,.F.,(4,1,1,1,4),(12.2261925771066,12.6329455503492,
13.4464514968344,14.2599574433196,15.0734633898048),.UNSPECIFIED.);
#318=B_SPLINE_CURVE_WITH_KNOTS('',3,(#2234,#2235,#2236,#2237,#2238,#2239,
#2240,#2241,#2242,#2243,#2244,#2245),.UNSPECIFIED.,.F.,.F.,(4,2,2,2,2,4),
(1.15709972232805,1.16824839734819,1.25590486142042,1.40094867477599,1.62548250124765,
1.79206752347789),.UNSPECIFIED.);
#319=B_SPLINE_CURVE_WITH_KNOTS('',3,(#2246,#2247,#2248,#2249,#2250,#2251,
#2252,#2253,#2254,#2255,#2256,#2257,#2258,#2259,#2260,#2261,#2262,#2263,
#2264,#2265,#2266,#2267,#2268,#2269,#2270,#2271,#2272,#2273),
 .UNSPECIFIED.,.F.,.F.,(4,2,2,2,2,2,2,2,2,2,2,2,2,4),(2.07089024816928,
2.1640034143975,2.47314675931143,2.61281696103604,2.75248716276066,2.80043747431781,
2.84838778587496,2.89633809743212,2.94428840898927,3.08395861071388,3.22362881243849,
3.53277215735242,3.84191550226635,3.91763333219892),.UNSPECIFIED.);
#320=B_SPLINE_CURVE_WITH_KNOTS('',3,(#2295,#2296,#2297,#2298),
 .UNSPECIFIED.,.F.,.F.,(4,4),(2.58181029270158,7.55636316055408),
 .UNSPECIFIED.);
#321=B_SPLINE_CURVE_WITH_KNOTS('',3,(#2303,#2304,#2305,#2306,#2307,#2308,
#2309,#2310,#2311,#2312,#2313,#2314,#2315,#2316,#2317,#2318,#2319,#2320,
#2321,#2322,#2323,#2324,#2325,#2326,#2327,#2328,#2329,#2330),
 .UNSPECIFIED.,.F.,.F.,(4,3,3,3,3,3,3,3,3,4),(-0.169373348052275,-0.168558669091653,
-0.138748061096896,-0.110039876432935,-0.0837178369270644,-0.0577399659797493,
-0.0328369584230888,-0.00935965226505318,-0.00268738894763387,0.),
 .UNSPECIFIED.);
#322=B_SPLINE_CURVE_WITH_KNOTS('',3,(#2421,#2422,#2423,#2424,#2425,#2426,
#2427,#2428,#2429,#2430,#2431,#2432,#2433,#2434,#2435,#2436,#2437,#2438,
#2439),.UNSPECIFIED.,.F.,.F.,(4,3,3,3,3,3,4),(0.,0.0223144382353554,0.0452373124273924,
0.0625679600110536,0.0855171340900339,0.108380732248181,0.126098251549693),
 .UNSPECIFIED.);
#323=B_SPLINE_CURVE_WITH_KNOTS('',3,(#2440,#2441,#2442,#2443,#2444,#2445,
#2446,#2447,#2448,#2449,#2450,#2451,#2452,#2453,#2454,#2455,#2456,#2457,
#2458,#2459,#2460,#2461),.UNSPECIFIED.,.F.,.F.,(4,1,1,1,1,1,1,1,1,1,1,1,
1,1,1,1,1,1,1,4),(-8.6326113569279,-8.308399091922,-8.13382389539688,-7.95924869887177,
-7.87196110060921,-7.78467350234665,-7.74102970321538,-7.61009830582154,
-7.56645450669026,-7.52281070755898,-7.43552310929643,-7.34823551103387,
-7.26094791277131,-7.21730411364003,-7.17366031450875,-7.0863727162462,
-6.91179751972108,-6.73722232319597,-6.56264712667085,-6.21349673362062),
 .UNSPECIFIED.);
#324=B_SPLINE_CURVE_WITH_KNOTS('',3,(#2467,#2468,#2469,#2470,#2471,#2472,
#2473,#2474),.UNSPECIFIED.,.F.,.F.,(4,2,2,4),(0.,0.171948755001729,0.343801908867009,
0.401219268402475),.UNSPECIFIED.);
#325=B_SPLINE_CURVE_WITH_KNOTS('',3,(#2484,#2485,#2486,#2487,#2488,#2489,
#2490,#2491),.UNSPECIFIED.,.F.,.F.,(4,2,2,4),(2.87123026401374,3.16797383396638,
3.48864003032338,3.80930622668039),.UNSPECIFIED.);
#326=B_SPLINE_CURVE_WITH_KNOTS('',3,(#2498,#2499,#2500,#2501,#2502,#2503,
#2504,#2505),.UNSPECIFIED.,.F.,.F.,(4,2,2,4),(0.242360791878096,0.383967262741894,
0.583543949659872,0.696547302181179),.UNSPECIFIED.);
#327=B_SPLINE_CURVE_WITH_KNOTS('',3,(#2512,#2513,#2514,#2515,#2516,#2517),
 .UNSPECIFIED.,.F.,.F.,(4,2,4),(-0.209145805359836,-0.174596482076741,0.),
 .UNSPECIFIED.);
#328=B_SPLINE_CURVE_WITH_KNOTS('',3,(#2540,#2541,#2542,#2543,#2544,#2545,
#2546,#2547,#2548,#2549),.UNSPECIFIED.,.F.,.F.,(4,2,2,2,4),(-0.535501363992664,
-0.33754121770306,-0.173830147642412,0.,0.00105641430628452),
 .UNSPECIFIED.);
#329=B_SPLINE_CURVE_WITH_KNOTS('',3,(#2550,#2551,#2552,#2553),
 .UNSPECIFIED.,.F.,.F.,(4,4),(-2.32997533734029,-1.88160044601632),
 .UNSPECIFIED.);
#330=B_SPLINE_CURVE_WITH_KNOTS('',3,(#2554,#2555,#2556,#2557),
 .UNSPECIFIED.,.F.,.F.,(4,4),(1.88160044601632,2.4595509021559),
 .UNSPECIFIED.);
#331=B_SPLINE_CURVE_WITH_KNOTS('',3,(#2560,#2561,#2562,#2563),
 .UNSPECIFIED.,.F.,.F.,(4,4),(0.460962966593699,0.955095583611265),
 .UNSPECIFIED.);
#332=B_SPLINE_CURVE_WITH_KNOTS('',3,(#2567,#2568,#2569,#2570,#2571,#2572,
#2573,#2574,#2575,#2576,#2577,#2578),.UNSPECIFIED.,.F.,.F.,(4,2,2,2,2,4),
(0.,0.519695628329242,0.825853688564022,0.988569879597137,1.05883344066811,
1.11191928973487),.UNSPECIFIED.);
#333=B_SPLINE_CURVE_WITH_KNOTS('',3,(#2582,#2583,#2584,#2585,#2586,#2587,
#2588,#2589,#2590,#2591),.UNSPECIFIED.,.F.,.F.,(4,2,2,2,4),(0.,0.0998320728126364,
0.215821135258901,0.423074134062863,0.772728912626625),.UNSPECIFIED.);
#334=B_SPLINE_CURVE_WITH_KNOTS('',3,(#2594,#2595,#2596,#2597,#2598,#2599,
#2600,#2601),.UNSPECIFIED.,.F.,.F.,(4,1,1,1,1,4),(-1.56993122836552,-1.4239384210669,
-1.18645968895372,-0.948980956840541,-0.711502224727361,-0.500930861823375),
 .UNSPECIFIED.);
#335=B_SPLINE_CURVE_WITH_KNOTS('',3,(#2609,#2610,#2611,#2612,#2613,#2614,
#2615),.UNSPECIFIED.,.F.,.F.,(4,1,1,1,4),(-15.0734633898048,-14.2599574433196,
-13.4464514968344,-12.6329455503492,-12.5469633921877),.UNSPECIFIED.);
#336=B_SPLINE_CURVE_WITH_KNOTS('',3,(#2618,#2619,#2620,#2621),
 .UNSPECIFIED.,.F.,.F.,(4,4),(3.14127955644342,3.95028012680941),
 .UNSPECIFIED.);
#337=B_SPLINE_CURVE_WITH_KNOTS('',3,(#2657,#2658,#2659,#2660),
 .UNSPECIFIED.,.F.,.F.,(4,4),(0.172376727119491,0.37007227646692),
 .UNSPECIFIED.);
#338=B_SPLINE_CURVE_WITH_KNOTS('',3,(#2664,#2665,#2666,#2667,#2668,#2669,
#2670,#2671),.UNSPECIFIED.,.F.,.F.,(4,2,2,4),(-0.468068828347094,-0.247355130918411,
0.,0.0012009784751984),.UNSPECIFIED.);
#339=B_SPLINE_CURVE_WITH_KNOTS('',3,(#2673,#2674,#2675,#2676,#2677,#2678),
 .UNSPECIFIED.,.F.,.F.,(4,2,4),(-1.14832613441984,-1.14590568799755,0.),
 .UNSPECIFIED.);
#340=B_SPLINE_CURVE_WITH_KNOTS('',3,(#2681,#2682,#2683,#2684),
 .UNSPECIFIED.,.F.,.F.,(4,4),(-0.0755433976233113,0.),.UNSPECIFIED.);
#341=B_SPLINE_CURVE_WITH_KNOTS('',3,(#2733,#2734,#2735,#2736,#2737,#2738,
#2739,#2740,#2741,#2742,#2743,#2744,#2745,#2746,#2747,#2748,#2749,#2750,
#2751),.UNSPECIFIED.,.F.,.F.,(4,3,3,3,3,3,4),(0.236544760501001,0.711502224727399,
0.948980956840599,1.1864596889538,1.423938421067,1.6614171531802,1.89889588529326),
 .UNSPECIFIED.);
#342=B_SPLINE_CURVE_WITH_KNOTS('',3,(#2755,#2756,#2757,#2758),
 .UNSPECIFIED.,.F.,.F.,(4,4),(0.509749203947236,0.542397409684329),
 .UNSPECIFIED.);
#343=B_SPLINE_CURVE_WITH_KNOTS('',3,(#2759,#2760,#2761,#2762,#2763,#2764,
#2765,#2766),.UNSPECIFIED.,.F.,.F.,(4,2,2,4),(0.,0.248697994824619,0.382631701360055,
0.490102036155654),.UNSPECIFIED.);
#344=B_SPLINE_CURVE_WITH_KNOTS('',3,(#2787,#2788,#2789,#2790,#2791,#2792,
#2793,#2794,#2795,#2796,#2797,#2798,#2799,#2800,#2801,#2802),
 .UNSPECIFIED.,.F.,.F.,(4,3,3,3,3,4),(0.146181342284621,0.162484519747936,
0.187877526542866,0.191988792137363,0.215517435884074,0.22150726233374),
 .UNSPECIFIED.);
#345=B_SPLINE_CURVE_WITH_KNOTS('',3,(#2820,#2821,#2822,#2823,#2824,#2825),
 .UNSPECIFIED.,.F.,.F.,(4,2,4),(0.0927862524270638,0.197269389516404,0.377866314809412),
 .UNSPECIFIED.);
#346=B_SPLINE_CURVE_WITH_KNOTS('',3,(#2826,#2827,#2828,#2829),
 .UNSPECIFIED.,.F.,.F.,(4,4),(-0.23658189455179,-2.86999948602936E-16),
 .UNSPECIFIED.);
#347=B_SPLINE_CURVE_WITH_KNOTS('',3,(#2891,#2892,#2893,#2894,#2895,#2896,
#2897,#2898,#2899,#2900,#2901,#2902,#2903,#2904,#2905,#2906,#2907,#2908),
 .UNSPECIFIED.,.F.,.F.,(4,2,2,2,2,2,2,2,4),(0.334704080046389,0.341965243351237,
0.391118373752365,0.424583086129649,0.457424940093182,0.503502927918716,
0.597533262758462,0.73404750876248,0.845353818859814),.UNSPECIFIED.);
#348=B_SPLINE_CURVE_WITH_KNOTS('',3,(#2912,#2913,#2914,#2915,#2916,#2917,
#2918,#2919,#2920,#2921,#2922,#2923),.UNSPECIFIED.,.F.,.F.,(4,2,2,2,2,4),
(-0.000917007371459609,0.,0.107649441350289,0.200933113590014,0.284746371721583,
0.360917872211582),.UNSPECIFIED.);
#349=B_SPLINE_CURVE_WITH_KNOTS('',3,(#2925,#2926,#2927,#2928),
 .UNSPECIFIED.,.F.,.F.,(4,4),(0.,0.187067752772826),.UNSPECIFIED.);
#350=B_SPLINE_CURVE_WITH_KNOTS('',3,(#2931,#2932,#2933,#2934,#2935,#2936,
#2937,#2938,#2939,#2940,#2941,#2942),.UNSPECIFIED.,.F.,.F.,(4,2,2,2,2,4),
(0.141870355443062,0.228172107465256,0.347462414045357,0.412500608015633,
0.478331784818716,0.479133723603893),.UNSPECIFIED.);
#351=B_SPLINE_CURVE_WITH_KNOTS('',3,(#2947,#2948,#2949,#2950,#2951,#2952,
#2953),.UNSPECIFIED.,.F.,.F.,(4,1,2,4),(1.1972965338016,1.27469927421513,
2.26055961591201,2.26354111048547),.UNSPECIFIED.);
#352=B_SPLINE_CURVE_WITH_KNOTS('',3,(#2955,#2956,#2957,#2958,#2959,#2960,
#2961,#2962,#2963,#2964),.UNSPECIFIED.,.F.,.F.,(4,2,2,2,4),(17.7200271263178,
18.0972506658822,18.4744742054466,19.306544717815,19.7978389261163),
 .UNSPECIFIED.);
#353=B_SPLINE_CURVE_WITH_KNOTS('',3,(#2981,#2982,#2983,#2984,#2985,#2986),
 .UNSPECIFIED.,.F.,.F.,(4,2,4),(0.659795315261298,0.679973956438654,0.759277077026572),
 .UNSPECIFIED.);
#354=B_SPLINE_CURVE_WITH_KNOTS('',3,(#3035,#3036,#3037,#3038,#3039,#3040,
#3041,#3042),.UNSPECIFIED.,.F.,.F.,(4,1,1,1,1,4),(-1.27359340410207,-0.727767659486896,
-0.363883829743448,-0.181941914871725,-0.0909709574358627,-8.72554534939722E-16),
 .UNSPECIFIED.);
#355=B_SPLINE_CURVE_WITH_KNOTS('',3,(#3043,#3044,#3045,#3046,#3047,#3048,
#3049,#3050),.UNSPECIFIED.,.F.,.F.,(4,1,1,1,1,4),(8.72554534939722E-16,
0.0909709574358627,0.181941914871725,0.363883829743448,0.727767659486896,
1.27359340410207),.UNSPECIFIED.);
#356=B_SPLINE_CURVE_WITH_KNOTS('',3,(#3075,#3076,#3077,#3078),
 .UNSPECIFIED.,.F.,.F.,(4,4),(-1.02503751016415,-0.862964659110524),
 .UNSPECIFIED.);
#357=B_SPLINE_CURVE_WITH_KNOTS('',3,(#3142,#3143,#3144,#3145,#3146,#3147,
#3148,#3149,#3150,#3151,#3152,#3153),.UNSPECIFIED.,.F.,.F.,(4,1,1,1,1,1,
1,1,1,4),(-5.48389129651991,-5.28803803592992,-5.09218477533992,-4.89633151474992,
-4.70047825415993,-4.30877173297993,-3.91706521179994,-3.13365216943995,
-1.56682608471998,-1.5477217446505E-15),.UNSPECIFIED.);
#358=B_SPLINE_CURVE_WITH_KNOTS('',3,(#3154,#3155,#3156,#3157,#3158,#3159,
#3160,#3161,#3162,#3163,#3164,#3165),.UNSPECIFIED.,.F.,.F.,(4,1,1,1,1,1,
1,1,1,4),(1.5477217446505E-15,1.56682608471998,3.13365216943995,3.91706521179994,
4.30877173297993,4.70047825415993,4.89633151474992,5.09218477533992,5.28803803592992,
5.48389129651991),.UNSPECIFIED.);
#359=B_SPLINE_CURVE_WITH_KNOTS('',3,(#3186,#3187,#3188,#3189),
 .UNSPECIFIED.,.F.,.F.,(4,4),(0.336584974429154,0.403039048800723),
 .UNSPECIFIED.);
#360=B_SPLINE_CURVE_WITH_KNOTS('',3,(#3224,#3225,#3226,#3227,#3228),
 .UNSPECIFIED.,.F.,.F.,(4,1,4),(-2.27326396404347,-0.97425598459006,0.),
 .UNSPECIFIED.);
#361=B_SPLINE_CURVE_WITH_KNOTS('',3,(#3230,#3231,#3232,#3233,#3234),
 .UNSPECIFIED.,.F.,.F.,(4,1,4),(0.,0.97425598459006,2.27326396404347),
 .UNSPECIFIED.);
#362=B_SPLINE_CURVE_WITH_KNOTS('',3,(#3262,#3263,#3264,#3265),
 .UNSPECIFIED.,.F.,.F.,(4,4),(-1.63393315912178,0.),.UNSPECIFIED.);
#363=B_SPLINE_CURVE_WITH_KNOTS('',3,(#3266,#3267,#3268,#3269),
 .UNSPECIFIED.,.F.,.F.,(4,4),(0.,1.63393315912178),.UNSPECIFIED.);
#364=B_SPLINE_CURVE_WITH_KNOTS('',3,(#3293,#3294,#3295,#3296),
 .UNSPECIFIED.,.F.,.F.,(4,4),(-0.6351743607626,0.),.UNSPECIFIED.);
#365=B_SPLINE_CURVE_WITH_KNOTS('',3,(#3297,#3298,#3299,#3300),
 .UNSPECIFIED.,.F.,.F.,(4,4),(0.,0.6351743607626),.UNSPECIFIED.);
#366=B_SPLINE_CURVE_WITH_KNOTS('',3,(#3329,#3330,#3331,#3332,#3333),
 .UNSPECIFIED.,.F.,.F.,(4,1,4),(-1.30370220579714,-0.558729516770204,-7.00260559779082E-16),
 .UNSPECIFIED.);
#367=B_SPLINE_CURVE_WITH_KNOTS('',3,(#3334,#3335,#3336,#3337,#3338),
 .UNSPECIFIED.,.F.,.F.,(4,1,4),(7.00260559779082E-16,0.558729516770204,
1.30370220579714),.UNSPECIFIED.);
#368=B_SPLINE_CURVE_WITH_KNOTS('',3,(#3369,#3370,#3371,#3372,#3373,#3374),
 .UNSPECIFIED.,.F.,.F.,(4,2,4),(0.,0.0681745188213734,0.149473425836303),
 .UNSPECIFIED.);
#369=B_SPLINE_CURVE_WITH_KNOTS('',3,(#3375,#3376,#3377,#3378,#3379,#3380,
#3381),.UNSPECIFIED.,.F.,.F.,(4,1,1,1,4),(-1.06825193765026,-0.763037098492572,
-0.610429678794058,-0.30521483939703,-1.02856670793897E-15),
 .UNSPECIFIED.);
#370=B_SPLINE_CURVE_WITH_KNOTS('',3,(#3382,#3383,#3384,#3385,#3386,#3387,
#3388),.UNSPECIFIED.,.F.,.F.,(4,1,1,1,4),(1.02856670793897E-15,0.30521483939703,
0.610429678794058,0.763037098492572,0.938914458776713),.UNSPECIFIED.);
#371=B_SPLINE_CURVE_WITH_KNOTS('',3,(#3403,#3404,#3405,#3406,#3407,#3408),
 .UNSPECIFIED.,.F.,.F.,(4,1,1,4),(1.57350048937451,5.03994903869622,5.90656117602665,
6.7664026670053),.UNSPECIFIED.);
#372=B_SPLINE_CURVE_WITH_KNOTS('',3,(#3457,#3458,#3459,#3460,#3461,#3462),
 .UNSPECIFIED.,.F.,.F.,(4,1,1,4),(-7.63978545068751,-5.90656117602665,-5.03994903869622,
-1.90012093245704),.UNSPECIFIED.);
#373=B_SPLINE_CURVE_WITH_KNOTS('',3,(#3463,#3464,#3465,#3466,#3467,#3468,
#3469,#3470,#3471,#3472,#3473,#3474),.UNSPECIFIED.,.F.,.F.,(4,2,2,2,2,4),
(0.,0.302472539028459,0.617954339072363,0.949798280141904,1.16290466741544,
1.37609342688406),.UNSPECIFIED.);
#374=B_SPLINE_CURVE_WITH_KNOTS('',3,(#3486,#3487,#3488,#3489,#3490,#3491,
#3492,#3493),.UNSPECIFIED.,.F.,.F.,(4,2,2,4),(-0.487997590389178,-0.485509268673128,
-0.0547080612208887,0.),.UNSPECIFIED.);
#375=B_SPLINE_CURVE_WITH_KNOTS('',3,(#3495,#3496,#3497,#3498,#3499,#3500,
#3501,#3502,#3503,#3504,#3505,#3506,#3507,#3508,#3509,#3510,#3511,#3512,
#3513,#3514,#3515,#3516),.UNSPECIFIED.,.F.,.F.,(4,3,3,3,3,3,3,4),(-0.468608535564827,
-0.396270362076765,-0.321222309648458,-0.257767725001106,-0.173004798470355,
-0.0865023992351776,-0.00720989052298354,0.),.UNSPECIFIED.);
#376=B_SPLINE_CURVE_WITH_KNOTS('',3,(#3518,#3519,#3520,#3521,#3522,#3523,
#3524,#3525,#3526,#3527,#3528,#3529,#3530,#3531),.UNSPECIFIED.,.F.,.F.,
(4,2,2,2,2,2,4),(0.0211241794263086,0.0211450272296988,0.0240779858073747,
0.0270109443850506,0.0299439029627242,0.0328768615403977,0.0328977093437889),
 .UNSPECIFIED.);
#377=B_SPLINE_CURVE_WITH_KNOTS('',3,(#3533,#3534,#3535,#3536,#3537,#3538,
#3539,#3540,#3541,#3542,#3543,#3544,#3545,#3546,#3547,#3548,#3549,#3550,
#3551),.UNSPECIFIED.,.F.,.F.,(4,3,3,3,3,3,4),(-0.468303603623594,-0.388067636444447,
-0.303964099481404,-0.225675891907211,-0.149967134494205,-0.0749835672471027,
0.),.UNSPECIFIED.);
#378=B_SPLINE_CURVE_WITH_KNOTS('',3,(#3553,#3554,#3555,#3556,#3557,#3558,
#3559,#3560,#3561,#3562),.UNSPECIFIED.,.F.,.F.,(4,2,2,2,4),(2.65124556592287,
3.09692221128733,3.56887877098695,4.04083533068659,4.48651197595322),
 .UNSPECIFIED.);
#379=B_SPLINE_CURVE_WITH_KNOTS('',3,(#3564,#3565,#3566,#3567,#3568,#3569,
#3570,#3571,#3572,#3573,#3574,#3575,#3576,#3577,#3578,#3579,#3580,#3581,
#3582,#3583,#3584,#3585,#3586,#3587,#3588),.UNSPECIFIED.,.F.,.F.,(4,3,3,
3,3,3,3,3,4),(-0.486456319770384,-0.412904173711416,-0.336767400662284,
-0.260630627613153,-0.174280492211244,-0.0871402461056219,-0.00507999740840866,
0.,0.00248994489586595),.UNSPECIFIED.);
#380=B_SPLINE_CURVE_WITH_KNOTS('',3,(#3629,#3630,#3631,#3632,#3633,#3634),
 .UNSPECIFIED.,.F.,.F.,(4,2,4),(0.0372911816217547,0.566010791273639,0.989136052312838),
 .UNSPECIFIED.);
#381=B_SPLINE_CURVE_WITH_KNOTS('',3,(#3679,#3680,#3681,#3682),
 .UNSPECIFIED.,.F.,.F.,(4,4),(0.326956486861039,0.546808576448279),
 .UNSPECIFIED.);
#382=B_SPLINE_CURVE_WITH_KNOTS('',3,(#3684,#3685,#3686,#3687,#3688,#3689,
#3690,#3691,#3692,#3693,#3694,#3695,#3696),.UNSPECIFIED.,.F.,.F.,(4,3,3,
3,4),(0.,0.00301898554327703,1.0012760831157,1.50040463190192,2.29200413447993),
 .UNSPECIFIED.);
#383=B_SPLINE_CURVE_WITH_KNOTS('',3,(#3698,#3699,#3700,#3701,#3702,#3703),
 .UNSPECIFIED.,.F.,.F.,(4,2,4),(0.,0.321870848108389,0.611503436100824),
 .UNSPECIFIED.);
#384=B_SPLINE_CURVE_WITH_KNOTS('',3,(#3704,#3705,#3706,#3707,#3708,#3709,
#3710,#3711,#3712,#3713,#3714,#3715),.UNSPECIFIED.,.F.,.F.,(4,2,2,2,2,4),
(0.0211416508415739,0.397985330256866,0.664463640713446,0.906795987312445,
1.21775839337732,1.22613311030473),.UNSPECIFIED.);
#385=B_SPLINE_CURVE_WITH_KNOTS('',3,(#3767,#3768,#3769,#3770,#3771),
 .UNSPECIFIED.,.F.,.F.,(4,1,4),(-3.95028012680941,-3.02433686471735,-2.32987941896305),
 .UNSPECIFIED.);
#386=B_SPLINE_CURVE_WITH_KNOTS('',3,(#3783,#3784,#3785,#3786,#3787,#3788),
 .UNSPECIFIED.,.F.,.F.,(4,2,4),(3.20203087345819,4.26610696830577,4.27114996852159),
 .UNSPECIFIED.);
#387=B_SPLINE_CURVE_WITH_KNOTS('',3,(#3801,#3802,#3803,#3804,#3805,#3806),
 .UNSPECIFIED.,.F.,.F.,(4,2,4),(4.12466925890793E-9,0.39846047230284,0.700311933500686),
 .UNSPECIFIED.);
#388=B_SPLINE_CURVE_WITH_KNOTS('',3,(#3842,#3843,#3844,#3845,#3846,#3847,
#3848,#3849,#3850,#3851,#3852,#3853,#3854,#3855),.UNSPECIFIED.,.F.,.F.,
(4,2,2,2,2,2,4),(-1.68752051606058,-1.4616025191116,-1.31462629583883,-1.07405746714007,
-0.717799286578763,-0.283199492481514,0.),.UNSPECIFIED.);
#389=B_SPLINE_CURVE_WITH_KNOTS('',3,(#3924,#3925,#3926,#3927,#3928),
 .UNSPECIFIED.,.F.,.F.,(4,1,4),(0.506835337896985,0.890330503044325,1.17795187690483),
 .UNSPECIFIED.);
#390=B_SPLINE_CURVE_WITH_KNOTS('',3,(#3977,#3978,#3979,#3980),
 .UNSPECIFIED.,.F.,.F.,(4,4),(-0.728818808711226,-0.648763475399372),
 .UNSPECIFIED.);
#391=B_SPLINE_CURVE_WITH_KNOTS('',3,(#3999,#4000,#4001,#4002),
 .UNSPECIFIED.,.F.,.F.,(4,4),(-0.646903673334619,-0.506835337932261),
 .UNSPECIFIED.);
#392=B_SPLINE_CURVE_WITH_KNOTS('',3,(#4053,#4054,#4055,#4056,#4057,#4058,
#4059,#4060,#4061),.UNSPECIFIED.,.F.,.F.,(4,1,1,1,1,1,4),(-3.47358973330977,
-2.92289472083714,-2.33831577666972,-1.75373683250229,-1.16915788833486,
-0.584578944167429,0.),.UNSPECIFIED.);
#393=B_SPLINE_CURVE_WITH_KNOTS('',3,(#4062,#4063,#4064,#4065,#4066,#4067,
#4068,#4069,#4070,#4071),.UNSPECIFIED.,.F.,.F.,(4,1,1,1,1,1,1,4),(0.,0.584578944167429,
1.16915788833486,1.75373683250229,2.33831577666972,2.92289472083714,3.50747366500457,
4.09205260899054),.UNSPECIFIED.);
#394=B_SPLINE_CURVE_WITH_KNOTS('',3,(#4111,#4112,#4113,#4114,#4115),
 .UNSPECIFIED.,.F.,.F.,(4,1,4),(2.40030217819438,2.51168547680639,2.82423005009443),
 .UNSPECIFIED.);
#395=B_SPLINE_CURVE_WITH_KNOTS('',3,(#4116,#4117,#4118,#4119),
 .UNSPECIFIED.,.F.,.F.,(4,4),(0.,0.14256955172478),.UNSPECIFIED.);
#396=B_SPLINE_CURVE_WITH_KNOTS('',3,(#4169,#4170,#4171,#4172,#4173,#4174,
#4175,#4176,#4177,#4178),.UNSPECIFIED.,.F.,.F.,(4,2,2,2,4),(8.82697678382646,
8.98058780138376,9.20267278010599,9.41492077506873,9.62716877003146),
 .UNSPECIFIED.);
#397=CIRCLE('',#1582,12.5);
#398=CIRCLE('',#1583,12.5);
#399=CIRCLE('',#1584,12.5);
#400=CIRCLE('',#1585,2.);
#401=CIRCLE('',#1586,2.);
#402=CIRCLE('',#1588,18.9795726253642);
#403=CIRCLE('',#1589,16.9944803220815);
#404=CIRCLE('',#1591,16.7189838526407);
#405=CIRCLE('',#1592,2.99999999999999);
#406=CIRCLE('',#1594,18.9795726253642);
#407=CIRCLE('',#1595,16.9944803220815);
#408=CIRCLE('',#1597,12.5);
#409=CIRCLE('',#1598,12.5);
#410=CIRCLE('',#1603,12.5);
#411=CIRCLE('',#1605,12.5);
#412=CIRCLE('',#1607,5.00000000000001);
#413=CIRCLE('',#1609,29.8496691413899);
#414=CIRCLE('',#1610,3.);
#415=CIRCLE('',#1612,5.);
#416=CIRCLE('',#1613,5.);
#417=CIRCLE('',#1619,19.9677908981748);
#418=CIRCLE('',#1620,2.);
#419=CIRCLE('',#1621,20.2308681911256);
#420=CIRCLE('',#1622,2.00000000000001);
#421=CIRCLE('',#1623,2.00000000000003);
#422=CIRCLE('',#1625,2.);
#423=CIRCLE('',#1626,2.00000000000003);
#424=CIRCLE('',#1628,1.99999999999999);
#425=CIRCLE('',#1629,2.);
#426=CIRCLE('',#1630,2.00000000000001);
#427=CIRCLE('',#1631,2.);
#428=CIRCLE('',#1632,2.00000000000001);
#429=CIRCLE('',#1634,2.);
#430=CIRCLE('',#1648,2.00000000000001);
#431=CIRCLE('',#1650,30.);
#432=CIRCLE('',#1653,12.);
#433=CIRCLE('',#1654,12.);
#434=CIRCLE('',#1655,50.);
#435=CIRCLE('',#1663,2.);
#436=CIRCLE('',#1665,2.);
#437=CIRCLE('',#1666,45.2246735396486);
#438=CIRCLE('',#1667,43.2246735396486);
#439=CIRCLE('',#1676,16.7189838526407);
#440=CIRCLE('',#1678,29.8496691413899);
#441=CIRCLE('',#1681,8.);
#442=CIRCLE('',#1685,3.);
#443=CIRCLE('',#1686,2.99999999999995);
#444=CIRCLE('',#1691,3.);
#445=CIRCLE('',#1695,12.5);
#446=CIRCLE('',#1696,15.5);
#447=CIRCLE('',#1710,12.);
#448=CIRCLE('',#1711,62.);
#449=CIRCLE('',#1717,12.5);
#450=CIRCLE('',#1718,12.5);
#451=LINE('',#2080,#515);
#452=LINE('',#2123,#516);
#453=LINE('',#2507,#517);
#454=LINE('',#2511,#518);
#455=LINE('',#2580,#519);
#456=LINE('',#2593,#520);
#457=LINE('',#2617,#521);
#458=LINE('',#2680,#522);
#459=LINE('',#2966,#523);
#460=LINE('',#2968,#524);
#461=LINE('',#2970,#525);
#462=LINE('',#2972,#526);
#463=LINE('',#2974,#527);
#464=LINE('',#2976,#528);
#465=LINE('',#2977,#529);
#466=LINE('',#3395,#530);
#467=LINE('',#3397,#531);
#468=LINE('',#3399,#532);
#469=LINE('',#3477,#533);
#470=LINE('',#3478,#534);
#471=LINE('',#3481,#535);
#472=LINE('',#3485,#536);
#473=LINE('',#3590,#537);
#474=LINE('',#3596,#538);
#475=LINE('',#3597,#539);
#476=LINE('',#3623,#540);
#477=LINE('',#3627,#541);
#478=LINE('',#3637,#542);
#479=LINE('',#3723,#543);
#480=LINE('',#3733,#544);
#481=LINE('',#3736,#545);
#482=LINE('',#3774,#546);
#483=LINE('',#3778,#547);
#484=LINE('',#3780,#548);
#485=LINE('',#3793,#549);
#486=LINE('',#3794,#550);
#487=LINE('',#3797,#551);
#488=LINE('',#3809,#552);
#489=LINE('',#3811,#553);
#490=LINE('',#3816,#554);
#491=LINE('',#3857,#555);
#492=LINE('',#3859,#556);
#493=LINE('',#3933,#557);
#494=LINE('',#4109,#558);
#495=LINE('',#4121,#559);
#496=LINE('',#4128,#560);
#497=LINE('',#4130,#561);
#498=LINE('',#4131,#562);
#499=LINE('',#4134,#563);
#500=LINE('',#4136,#564);
#501=LINE('',#4137,#565);
#502=LINE('',#4139,#566);
#503=LINE('',#4140,#567);
#504=LINE('',#4143,#568);
#505=LINE('',#4144,#569);
#506=LINE('',#4146,#570);
#507=LINE('',#4147,#571);
#508=LINE('',#4149,#572);
#509=LINE('',#4151,#573);
#510=LINE('',#4152,#574);
#511=LINE('',#4154,#575);
#512=LINE('',#4157,#576);
#513=LINE('',#4166,#577);
#514=LINE('',#4182,#578);
#515=VECTOR('',#1728,12.5);
#516=VECTOR('',#1733,10.);
#517=VECTOR('',#1780,10.);
#518=VECTOR('',#1783,10.);
#519=VECTOR('',#1788,10.);
#520=VECTOR('',#1789,10.);
#521=VECTOR('',#1790,10.);
#522=VECTOR('',#1795,10.);
#523=VECTOR('',#1808,10.);
#524=VECTOR('',#1809,10.);
#525=VECTOR('',#1810,10.);
#526=VECTOR('',#1811,10.);
#527=VECTOR('',#1812,10.);
#528=VECTOR('',#1813,10.);
#529=VECTOR('',#1814,10.);
#530=VECTOR('',#1853,10.);
#531=VECTOR('',#1854,10.);
#532=VECTOR('',#1855,10.);
#533=VECTOR('',#1866,10.);
#534=VECTOR('',#1867,10.);
#535=VECTOR('',#1870,10.);
#536=VECTOR('',#1873,10.);
#537=VECTOR('',#1874,10.);
#538=VECTOR('',#1881,10.);
#539=VECTOR('',#1882,10.);
#540=VECTOR('',#1889,10.);
#541=VECTOR('',#1892,10.);
#542=VECTOR('',#1895,30.);
#543=VECTOR('',#1908,10.);
#544=VECTOR('',#1919,10.);
#545=VECTOR('',#1922,10.);
#546=VECTOR('',#1933,10.);
#547=VECTOR('',#1938,10.);
#548=VECTOR('',#1939,10.);
#549=VECTOR('',#1946,10.);
#550=VECTOR('',#1947,10.);
#551=VECTOR('',#1950,10.);
#552=VECTOR('',#1957,10.);
#553=VECTOR('',#1958,10.);
#554=VECTOR('',#1965,10.);
#555=VECTOR('',#1970,10.);
#556=VECTOR('',#1973,10.);
#557=VECTOR('',#1984,10.);
#558=VECTOR('',#1993,10.);
#559=VECTOR('',#1996,10.);
#560=VECTOR('',#2007,10.);
#561=VECTOR('',#2008,10.);
#562=VECTOR('',#2009,10.);
#563=VECTOR('',#2012,10.);
#564=VECTOR('',#2013,10.);
#565=VECTOR('',#2014,10.);
#566=VECTOR('',#2017,10.);
#567=VECTOR('',#2018,10.);
#568=VECTOR('',#2021,10.);
#569=VECTOR('',#2022,10.);
#570=VECTOR('',#2023,10.);
#571=VECTOR('',#2024,10.);
#572=VECTOR('',#2027,10.);
#573=VECTOR('',#2030,10.);
#574=VECTOR('',#2031,10.);
#575=VECTOR('',#2034,10.);
#576=VECTOR('',#2037,10.);
#577=VECTOR('',#2052,10.);
#578=VECTOR('',#2063,10.);
#579=VERTEX_POINT('',#2078);
#580=VERTEX_POINT('',#2079);
#581=VERTEX_POINT('',#2081);
#582=VERTEX_POINT('',#2083);
#583=VERTEX_POINT('',#2106);
#584=VERTEX_POINT('',#2111);
#585=VERTEX_POINT('',#2120);
#586=VERTEX_POINT('',#2122);
#587=VERTEX_POINT('',#2155);
#588=VERTEX_POINT('',#2156);
#589=VERTEX_POINT('',#2158);
#590=VERTEX_POINT('',#2164);
#591=VERTEX_POINT('',#2172);
#592=VERTEX_POINT('',#2173);
#593=VERTEX_POINT('',#2189);
#594=VERTEX_POINT('',#2196);
#595=VERTEX_POINT('',#2201);
#596=VERTEX_POINT('',#2206);
#597=VERTEX_POINT('',#2217);
#598=VERTEX_POINT('',#2223);
#599=VERTEX_POINT('',#2231);
#600=VERTEX_POINT('',#2233);
#601=VERTEX_POINT('',#2294);
#602=VERTEX_POINT('',#2302);
#603=VERTEX_POINT('',#2420);
#604=VERTEX_POINT('',#2464);
#605=VERTEX_POINT('',#2466);
#606=VERTEX_POINT('',#2475);
#607=VERTEX_POINT('',#2477);
#608=VERTEX_POINT('',#2479);
#609=VERTEX_POINT('',#2481);
#610=VERTEX_POINT('',#2483);
#611=VERTEX_POINT('',#2496);
#612=VERTEX_POINT('',#2497);
#613=VERTEX_POINT('',#2506);
#614=VERTEX_POINT('',#2508);
#615=VERTEX_POINT('',#2510);
#616=VERTEX_POINT('',#2538);
#617=VERTEX_POINT('',#2539);
#618=VERTEX_POINT('',#2559);
#619=VERTEX_POINT('',#2564);
#620=VERTEX_POINT('',#2566);
#621=VERTEX_POINT('',#2579);
#622=VERTEX_POINT('',#2581);
#623=VERTEX_POINT('',#2592);
#624=VERTEX_POINT('',#2608);
#625=VERTEX_POINT('',#2616);
#626=VERTEX_POINT('',#2663);
#627=VERTEX_POINT('',#2672);
#628=VERTEX_POINT('',#2679);
#629=VERTEX_POINT('',#2730);
#630=VERTEX_POINT('',#2732);
#631=VERTEX_POINT('',#2752);
#632=VERTEX_POINT('',#2754);
#633=VERTEX_POINT('',#2819);
#634=VERTEX_POINT('',#2890);
#635=VERTEX_POINT('',#2909);
#636=VERTEX_POINT('',#2911);
#637=VERTEX_POINT('',#2924);
#638=VERTEX_POINT('',#2929);
#639=VERTEX_POINT('',#2944);
#640=VERTEX_POINT('',#2946);
#641=VERTEX_POINT('',#2954);
#642=VERTEX_POINT('',#2965);
#643=VERTEX_POINT('',#2967);
#644=VERTEX_POINT('',#2969);
#645=VERTEX_POINT('',#2971);
#646=VERTEX_POINT('',#2973);
#647=VERTEX_POINT('',#2975);
#648=VERTEX_POINT('',#2979);
#649=VERTEX_POINT('',#2980);
#650=VERTEX_POINT('',#2987);
#651=VERTEX_POINT('',#2989);
#652=VERTEX_POINT('',#3032);
#653=VERTEX_POINT('',#3033);
#654=VERTEX_POINT('',#3071);
#655=VERTEX_POINT('',#3072);
#656=VERTEX_POINT('',#3139);
#657=VERTEX_POINT('',#3140);
#658=VERTEX_POINT('',#3182);
#659=VERTEX_POINT('',#3183);
#660=VERTEX_POINT('',#3220);
#661=VERTEX_POINT('',#3221);
#662=VERTEX_POINT('',#3223);
#663=VERTEX_POINT('',#3259);
#664=VERTEX_POINT('',#3260);
#665=VERTEX_POINT('',#3290);
#666=VERTEX_POINT('',#3291);
#667=VERTEX_POINT('',#3326);
#668=VERTEX_POINT('',#3327);
#669=VERTEX_POINT('',#3367);
#670=VERTEX_POINT('',#3368);
#671=VERTEX_POINT('',#3392);
#672=VERTEX_POINT('',#3394);
#673=VERTEX_POINT('',#3396);
#674=VERTEX_POINT('',#3398);
#675=VERTEX_POINT('',#3402);
#676=VERTEX_POINT('',#3409);
#677=VERTEX_POINT('',#3411);
#678=VERTEX_POINT('',#3413);
#679=VERTEX_POINT('',#3456);
#680=VERTEX_POINT('',#3476);
#681=VERTEX_POINT('',#3480);
#682=VERTEX_POINT('',#3482);
#683=VERTEX_POINT('',#3484);
#684=VERTEX_POINT('',#3494);
#685=VERTEX_POINT('',#3517);
#686=VERTEX_POINT('',#3532);
#687=VERTEX_POINT('',#3552);
#688=VERTEX_POINT('',#3563);
#689=VERTEX_POINT('',#3589);
#690=VERTEX_POINT('',#3593);
#691=VERTEX_POINT('',#3595);
#692=VERTEX_POINT('',#3618);
#693=VERTEX_POINT('',#3622);
#694=VERTEX_POINT('',#3624);
#695=VERTEX_POINT('',#3626);
#696=VERTEX_POINT('',#3628);
#697=VERTEX_POINT('',#3635);
#698=VERTEX_POINT('',#3678);
#699=VERTEX_POINT('',#3683);
#700=VERTEX_POINT('',#3697);
#701=VERTEX_POINT('',#3721);
#702=VERTEX_POINT('',#3725);
#703=VERTEX_POINT('',#3729);
#704=VERTEX_POINT('',#3730);
#705=VERTEX_POINT('',#3732);
#706=VERTEX_POINT('',#3734);
#707=VERTEX_POINT('',#3738);
#708=VERTEX_POINT('',#3773);
#709=VERTEX_POINT('',#3777);
#710=VERTEX_POINT('',#3779);
#711=VERTEX_POINT('',#3781);
#712=VERTEX_POINT('',#3790);
#713=VERTEX_POINT('',#3791);
#714=VERTEX_POINT('',#3796);
#715=VERTEX_POINT('',#3798);
#716=VERTEX_POINT('',#3800);
#717=VERTEX_POINT('',#3810);
#718=VERTEX_POINT('',#3814);
#719=VERTEX_POINT('',#3923);
#720=VERTEX_POINT('',#3929);
#721=VERTEX_POINT('',#4110);
#722=VERTEX_POINT('',#4127);
#723=VERTEX_POINT('',#4129);
#724=VERTEX_POINT('',#4133);
#725=VERTEX_POINT('',#4135);
#726=VERTEX_POINT('',#4142);
#727=VERTEX_POINT('',#4145);
#728=VERTEX_POINT('',#4156);
#729=VERTEX_POINT('',#4162);
#730=EDGE_CURVE('',#579,#580,#451,.T.);
#731=EDGE_CURVE('',#581,#579,#397,.T.);
#732=EDGE_CURVE('',#582,#581,#306,.T.);
#733=EDGE_CURVE('',#583,#582,#307,.T.);
#734=EDGE_CURVE('',#584,#583,#308,.T.);
#735=EDGE_CURVE('',#585,#584,#398,.T.);
#736=EDGE_CURVE('',#586,#585,#452,.T.);
#737=EDGE_CURVE('',#580,#586,#399,.T.);
#738=EDGE_CURVE('',#587,#588,#400,.T.);
#739=EDGE_CURVE('',#588,#589,#309,.T.);
#740=EDGE_CURVE('',#589,#590,#401,.T.);
#741=EDGE_CURVE('',#590,#587,#310,.T.);
#742=EDGE_CURVE('',#591,#592,#311,.F.);
#743=EDGE_CURVE('',#592,#590,#402,.T.);
#744=EDGE_CURVE('',#589,#591,#403,.T.);
#745=EDGE_CURVE('',#591,#593,#312,.T.);
#746=EDGE_CURVE('',#594,#589,#313,.T.);
#747=EDGE_CURVE('',#595,#594,#314,.T.);
#748=EDGE_CURVE('',#596,#595,#315,.T.);
#749=EDGE_CURVE('',#597,#596,#316,.T.);
#750=EDGE_CURVE('',#598,#597,#317,.T.);
#751=EDGE_CURVE('',#599,#598,#404,.T.);
#752=EDGE_CURVE('',#600,#599,#318,.T.);
#753=EDGE_CURVE('',#600,#593,#319,.T.);
#754=EDGE_CURVE('',#588,#601,#320,.T.);
#755=EDGE_CURVE('',#601,#594,#405,.F.);
#756=EDGE_CURVE('',#587,#584,#406,.T.);
#757=EDGE_CURVE('',#602,#583,#321,.T.);
#758=EDGE_CURVE('',#602,#588,#407,.T.);
#759=EDGE_CURVE('',#581,#603,#322,.F.);
#760=EDGE_CURVE('',#603,#602,#323,.T.);
#761=EDGE_CURVE('',#586,#580,#408,.T.);
#762=EDGE_CURVE('',#604,#585,#409,.T.);
#763=EDGE_CURVE('',#604,#605,#324,.T.);
#764=EDGE_CURVE('',#605,#606,#52,.T.);
#765=EDGE_CURVE('',#606,#607,#53,.T.);
#766=EDGE_CURVE('',#607,#608,#54,.T.);
#767=EDGE_CURVE('',#609,#608,#55,.T.);
#768=EDGE_CURVE('',#610,#609,#325,.F.);
#769=EDGE_CURVE('',#579,#610,#410,.T.);
#770=EDGE_CURVE('',#592,#585,#411,.T.);
#771=EDGE_CURVE('',#611,#612,#326,.T.);
#772=EDGE_CURVE('',#612,#613,#453,.T.);
#773=EDGE_CURVE('',#613,#614,#412,.T.);
#774=EDGE_CURVE('',#614,#615,#454,.T.);
#775=EDGE_CURVE('',#615,#611,#327,.T.);
#776=EDGE_CURVE('',#616,#617,#328,.F.);
#777=EDGE_CURVE('',#617,#614,#329,.T.);
#778=EDGE_CURVE('',#613,#616,#330,.T.);
#779=EDGE_CURVE('',#616,#618,#331,.T.);
#780=EDGE_CURVE('',#612,#619,#413,.T.);
#781=EDGE_CURVE('',#620,#619,#332,.F.);
#782=EDGE_CURVE('',#621,#620,#455,.T.);
#783=EDGE_CURVE('',#622,#621,#333,.F.);
#784=EDGE_CURVE('',#623,#622,#456,.T.);
#785=EDGE_CURVE('',#618,#623,#334,.T.);
#786=EDGE_CURVE('',#624,#611,#335,.T.);
#787=EDGE_CURVE('',#624,#625,#457,.T.);
#788=EDGE_CURVE('',#619,#625,#336,.T.);
#789=EDGE_CURVE('',#615,#598,#337,.T.);
#790=EDGE_CURVE('',#597,#624,#414,.T.);
#791=EDGE_CURVE('',#626,#623,#338,.T.);
#792=EDGE_CURVE('',#622,#627,#339,.F.);
#793=EDGE_CURVE('',#627,#628,#458,.T.);
#794=EDGE_CURVE('',#628,#626,#340,.T.);
#795=EDGE_CURVE('',#626,#629,#415,.T.);
#796=EDGE_CURVE('',#629,#630,#341,.T.);
#797=EDGE_CURVE('',#630,#631,#416,.T.);
#798=EDGE_CURVE('',#632,#631,#342,.T.);
#799=EDGE_CURVE('',#618,#632,#343,.T.);
#800=EDGE_CURVE('',#617,#630,#344,.T.);
#801=EDGE_CURVE('',#628,#633,#345,.T.);
#802=EDGE_CURVE('',#633,#629,#346,.T.);
#803=EDGE_CURVE('',#634,#633,#347,.F.);
#804=EDGE_CURVE('',#634,#635,#56,.T.);
#805=EDGE_CURVE('',#635,#636,#348,.T.);
#806=EDGE_CURVE('',#637,#636,#349,.T.);
#807=EDGE_CURVE('',#637,#638,#57,.T.);
#808=EDGE_CURVE('',#630,#638,#350,.T.);
#809=EDGE_CURVE('',#639,#627,#58,.T.);
#810=EDGE_CURVE('',#640,#639,#351,.T.);
#811=EDGE_CURVE('',#641,#640,#352,.T.);
#812=EDGE_CURVE('',#641,#642,#459,.T.);
#813=EDGE_CURVE('',#643,#642,#460,.T.);
#814=EDGE_CURVE('',#644,#643,#461,.T.);
#815=EDGE_CURVE('',#645,#644,#462,.T.);
#816=EDGE_CURVE('',#645,#646,#463,.T.);
#817=EDGE_CURVE('',#647,#646,#464,.T.);
#818=EDGE_CURVE('',#634,#647,#465,.T.);
#819=EDGE_CURVE('',#648,#649,#353,.T.);
#820=EDGE_CURVE('',#649,#650,#417,.T.);
#821=EDGE_CURVE('',#650,#651,#418,.T.);
#822=EDGE_CURVE('',#651,#648,#419,.T.);
#823=EDGE_CURVE('',#652,#653,#420,.T.);
#824=EDGE_CURVE('',#653,#651,#354,.T.);
#825=EDGE_CURVE('',#650,#652,#355,.T.);
#826=EDGE_CURVE('',#654,#655,#421,.T.);
#827=EDGE_CURVE('',#655,#653,#59,.T.);
#828=EDGE_CURVE('',#652,#654,#356,.T.);
#829=EDGE_CURVE('',#656,#657,#422,.T.);
#830=EDGE_CURVE('',#657,#655,#357,.T.);
#831=EDGE_CURVE('',#654,#656,#358,.T.);
#832=EDGE_CURVE('',#658,#659,#423,.T.);
#833=EDGE_CURVE('',#659,#657,#60,.T.);
#834=EDGE_CURVE('',#656,#658,#359,.T.);
#835=EDGE_CURVE('',#660,#661,#424,.T.);
#836=EDGE_CURVE('',#661,#662,#360,.T.);
#837=EDGE_CURVE('',#662,#658,#425,.T.);
#838=EDGE_CURVE('',#658,#660,#361,.T.);
#839=EDGE_CURVE('',#663,#664,#426,.T.);
#840=EDGE_CURVE('',#664,#661,#362,.T.);
#841=EDGE_CURVE('',#660,#663,#363,.T.);
#842=EDGE_CURVE('',#665,#666,#427,.T.);
#843=EDGE_CURVE('',#666,#664,#364,.T.);
#844=EDGE_CURVE('',#663,#665,#365,.T.);
#845=EDGE_CURVE('',#667,#668,#428,.T.);
#846=EDGE_CURVE('',#668,#666,#366,.T.);
#847=EDGE_CURVE('',#665,#667,#367,.T.);
#848=EDGE_CURVE('',#669,#670,#368,.T.);
#849=EDGE_CURVE('',#670,#668,#369,.T.);
#850=EDGE_CURVE('',#667,#669,#370,.T.);
#851=EDGE_CURVE('',#662,#659,#429,.T.);
#852=EDGE_CURVE('',#648,#671,#61,.T.);
#853=EDGE_CURVE('',#671,#672,#466,.T.);
#854=EDGE_CURVE('',#672,#673,#467,.T.);
#855=EDGE_CURVE('',#673,#674,#468,.T.);
#856=EDGE_CURVE('',#674,#649,#62,.T.);
#857=EDGE_CURVE('',#675,#651,#371,.T.);
#858=EDGE_CURVE('',#676,#675,#63,.T.);
#859=EDGE_CURVE('',#677,#676,#64,.T.);
#860=EDGE_CURVE('',#678,#677,#15,.T.);
#861=EDGE_CURVE('',#671,#678,#16,.T.);
#862=EDGE_CURVE('',#653,#679,#372,.T.);
#863=EDGE_CURVE('',#679,#675,#373,.T.);
#864=EDGE_CURVE('',#680,#655,#469,.T.);
#865=EDGE_CURVE('',#680,#679,#470,.T.);
#866=EDGE_CURVE('',#657,#681,#471,.T.);
#867=EDGE_CURVE('',#681,#682,#65,.T.);
#868=EDGE_CURVE('',#682,#683,#472,.T.);
#869=EDGE_CURVE('',#683,#596,#374,.T.);
#870=EDGE_CURVE('',#595,#684,#375,.T.);
#871=EDGE_CURVE('',#684,#685,#376,.T.);
#872=EDGE_CURVE('',#685,#686,#377,.T.);
#873=EDGE_CURVE('',#686,#687,#378,.T.);
#874=EDGE_CURVE('',#687,#688,#379,.T.);
#875=EDGE_CURVE('',#688,#689,#473,.T.);
#876=EDGE_CURVE('',#689,#680,#66,.T.);
#877=EDGE_CURVE('',#690,#659,#67,.T.);
#878=EDGE_CURVE('',#691,#690,#474,.T.);
#879=EDGE_CURVE('',#681,#691,#475,.T.);
#880=EDGE_CURVE('',#662,#692,#68,.T.);
#881=EDGE_CURVE('',#692,#690,#430,.T.);
#882=EDGE_CURVE('',#693,#661,#476,.T.);
#883=EDGE_CURVE('',#694,#693,#431,.T.);
#884=EDGE_CURVE('',#694,#695,#477,.T.);
#885=EDGE_CURVE('',#696,#695,#380,.T.);
#886=EDGE_CURVE('',#697,#696,#69,.T.);
#887=EDGE_CURVE('',#697,#692,#478,.T.);
#888=EDGE_CURVE('',#698,#640,#381,.T.);
#889=EDGE_CURVE('',#639,#699,#382,.T.);
#890=EDGE_CURVE('',#699,#700,#383,.T.);
#891=EDGE_CURVE('',#700,#698,#384,.T.);
#892=EDGE_CURVE('',#641,#666,#432,.T.);
#893=EDGE_CURVE('',#698,#693,#433,.T.);
#894=EDGE_CURVE('',#693,#664,#434,.T.);
#895=EDGE_CURVE('',#701,#691,#70,.T.);
#896=EDGE_CURVE('',#692,#701,#479,.T.);
#897=EDGE_CURVE('',#702,#674,#71,.T.);
#898=EDGE_CURVE('',#669,#702,#72,.T.);
#899=EDGE_CURVE('',#703,#704,#73,.T.);
#900=EDGE_CURVE('',#704,#705,#480,.T.);
#901=EDGE_CURVE('',#705,#706,#435,.T.);
#902=EDGE_CURVE('',#706,#703,#481,.T.);
#903=EDGE_CURVE('',#707,#625,#436,.T.);
#904=EDGE_CURVE('',#625,#706,#437,.T.);
#905=EDGE_CURVE('',#705,#707,#438,.T.);
#906=EDGE_CURVE('',#707,#620,#385,.T.);
#907=EDGE_CURVE('',#708,#705,#482,.T.);
#908=EDGE_CURVE('',#621,#708,#74,.T.);
#909=EDGE_CURVE('',#709,#704,#483,.T.);
#910=EDGE_CURVE('',#710,#709,#484,.T.);
#911=EDGE_CURVE('',#711,#710,#75,.T.);
#912=EDGE_CURVE('',#711,#708,#386,.T.);
#913=EDGE_CURVE('',#712,#713,#76,.T.);
#914=EDGE_CURVE('',#713,#610,#485,.T.);
#915=EDGE_CURVE('',#609,#712,#486,.T.);
#916=EDGE_CURVE('',#714,#713,#487,.T.);
#917=EDGE_CURVE('',#714,#715,#77,.T.);
#918=EDGE_CURVE('',#716,#715,#387,.T.);
#919=EDGE_CURVE('',#716,#603,#439,.T.);
#920=EDGE_CURVE('',#676,#712,#488,.T.);
#921=EDGE_CURVE('',#689,#717,#489,.T.);
#922=EDGE_CURVE('',#717,#714,#440,.T.);
#923=EDGE_CURVE('',#709,#718,#78,.T.);
#924=EDGE_CURVE('',#718,#697,#490,.T.);
#925=EDGE_CURVE('',#697,#710,#441,.T.);
#926=EDGE_CURVE('',#711,#696,#388,.T.);
#927=EDGE_CURVE('',#701,#718,#491,.T.);
#928=EDGE_CURVE('',#703,#682,#492,.T.);
#929=EDGE_CURVE('',#683,#624,#79,.T.);
#930=EDGE_CURVE('',#594,#684,#442,.F.);
#931=EDGE_CURVE('',#687,#719,#389,.T.);
#932=EDGE_CURVE('',#719,#720,#443,.T.);
#933=EDGE_CURVE('',#720,#688,#80,.T.);
#934=EDGE_CURVE('',#717,#720,#493,.T.);
#935=EDGE_CURVE('',#695,#699,#390,.T.);
#936=EDGE_CURVE('',#685,#601,#444,.F.);
#937=EDGE_CURVE('',#601,#686,#391,.T.);
#938=EDGE_CURVE('',#715,#720,#392,.T.);
#939=EDGE_CURVE('',#719,#716,#393,.T.);
#940=EDGE_CURVE('',#604,#636,#494,.T.);
#941=EDGE_CURVE('',#635,#721,#394,.T.);
#942=EDGE_CURVE('',#721,#605,#395,.T.);
#943=EDGE_CURVE('',#721,#647,#495,.T.);
#944=EDGE_CURVE('',#638,#600,#445,.T.);
#945=EDGE_CURVE('',#599,#614,#446,.T.);
#946=EDGE_CURVE('',#644,#722,#496,.T.);
#947=EDGE_CURVE('',#723,#643,#497,.T.);
#948=EDGE_CURVE('',#722,#723,#498,.T.);
#949=EDGE_CURVE('',#722,#724,#499,.T.);
#950=EDGE_CURVE('',#725,#723,#500,.T.);
#951=EDGE_CURVE('',#724,#725,#501,.T.);
#952=EDGE_CURVE('',#724,#645,#502,.T.);
#953=EDGE_CURVE('',#646,#725,#503,.T.);
#954=EDGE_CURVE('',#606,#726,#504,.T.);
#955=EDGE_CURVE('',#642,#672,#505,.T.);
#956=EDGE_CURVE('',#727,#672,#506,.T.);
#957=EDGE_CURVE('',#726,#727,#507,.T.);
#958=EDGE_CURVE('',#607,#726,#508,.T.);
#959=EDGE_CURVE('',#678,#727,#509,.T.);
#960=EDGE_CURVE('',#608,#677,#510,.T.);
#961=EDGE_CURVE('',#673,#702,#511,.T.);
#962=EDGE_CURVE('',#702,#728,#512,.T.);
#963=EDGE_CURVE('',#670,#728,#81,.T.);
#964=EDGE_CURVE('',#729,#668,#447,.T.);
#965=EDGE_CURVE('',#729,#641,#448,.T.);
#966=EDGE_CURVE('',#728,#729,#513,.T.);
#967=EDGE_CURVE('',#694,#700,#396,.F.);
#968=EDGE_CURVE('',#585,#637,#449,.T.);
#969=EDGE_CURVE('',#586,#585,#514,.T.);
#970=EDGE_CURVE('',#586,#586,#450,.T.);
#971=ORIENTED_EDGE('',*,*,#730,.F.);
#972=ORIENTED_EDGE('',*,*,#731,.F.);
#973=ORIENTED_EDGE('',*,*,#732,.F.);
#974=ORIENTED_EDGE('',*,*,#733,.F.);
#975=ORIENTED_EDGE('',*,*,#734,.F.);
#976=ORIENTED_EDGE('',*,*,#735,.F.);
#977=ORIENTED_EDGE('',*,*,#736,.F.);
#978=ORIENTED_EDGE('',*,*,#737,.F.);
#979=ORIENTED_EDGE('',*,*,#738,.T.);
#980=ORIENTED_EDGE('',*,*,#739,.T.);
#981=ORIENTED_EDGE('',*,*,#740,.T.);
#982=ORIENTED_EDGE('',*,*,#741,.T.);
#983=ORIENTED_EDGE('',*,*,#742,.T.);
#984=ORIENTED_EDGE('',*,*,#743,.T.);
#985=ORIENTED_EDGE('',*,*,#740,.F.);
#986=ORIENTED_EDGE('',*,*,#744,.T.);
#987=ORIENTED_EDGE('',*,*,#745,.F.);
#988=ORIENTED_EDGE('',*,*,#744,.F.);
#989=ORIENTED_EDGE('',*,*,#746,.F.);
#990=ORIENTED_EDGE('',*,*,#747,.F.);
#991=ORIENTED_EDGE('',*,*,#748,.F.);
#992=ORIENTED_EDGE('',*,*,#749,.F.);
#993=ORIENTED_EDGE('',*,*,#750,.F.);
#994=ORIENTED_EDGE('',*,*,#751,.F.);
#995=ORIENTED_EDGE('',*,*,#752,.F.);
#996=ORIENTED_EDGE('',*,*,#753,.T.);
#997=ORIENTED_EDGE('',*,*,#739,.F.);
#998=ORIENTED_EDGE('',*,*,#754,.T.);
#999=ORIENTED_EDGE('',*,*,#755,.T.);
#1000=ORIENTED_EDGE('',*,*,#746,.T.);
#1001=ORIENTED_EDGE('',*,*,#738,.F.);
#1002=ORIENTED_EDGE('',*,*,#756,.T.);
#1003=ORIENTED_EDGE('',*,*,#734,.T.);
#1004=ORIENTED_EDGE('',*,*,#757,.F.);
#1005=ORIENTED_EDGE('',*,*,#758,.T.);
#1006=ORIENTED_EDGE('',*,*,#732,.T.);
#1007=ORIENTED_EDGE('',*,*,#759,.T.);
#1008=ORIENTED_EDGE('',*,*,#760,.T.);
#1009=ORIENTED_EDGE('',*,*,#757,.T.);
#1010=ORIENTED_EDGE('',*,*,#733,.T.);
#1011=ORIENTED_EDGE('',*,*,#730,.T.);
#1012=ORIENTED_EDGE('',*,*,#761,.F.);
#1013=ORIENTED_EDGE('',*,*,#736,.T.);
#1014=ORIENTED_EDGE('',*,*,#762,.F.);
#1015=ORIENTED_EDGE('',*,*,#763,.T.);
#1016=ORIENTED_EDGE('',*,*,#764,.T.);
#1017=ORIENTED_EDGE('',*,*,#765,.T.);
#1018=ORIENTED_EDGE('',*,*,#766,.T.);
#1019=ORIENTED_EDGE('',*,*,#767,.F.);
#1020=ORIENTED_EDGE('',*,*,#768,.F.);
#1021=ORIENTED_EDGE('',*,*,#769,.F.);
#1022=ORIENTED_EDGE('',*,*,#743,.F.);
#1023=ORIENTED_EDGE('',*,*,#770,.T.);
#1024=ORIENTED_EDGE('',*,*,#735,.T.);
#1025=ORIENTED_EDGE('',*,*,#756,.F.);
#1026=ORIENTED_EDGE('',*,*,#741,.F.);
#1027=ORIENTED_EDGE('',*,*,#771,.T.);
#1028=ORIENTED_EDGE('',*,*,#772,.T.);
#1029=ORIENTED_EDGE('',*,*,#773,.T.);
#1030=ORIENTED_EDGE('',*,*,#774,.T.);
#1031=ORIENTED_EDGE('',*,*,#775,.T.);
#1032=ORIENTED_EDGE('',*,*,#776,.T.);
#1033=ORIENTED_EDGE('',*,*,#777,.T.);
#1034=ORIENTED_EDGE('',*,*,#773,.F.);
#1035=ORIENTED_EDGE('',*,*,#778,.T.);
#1036=ORIENTED_EDGE('',*,*,#779,.F.);
#1037=ORIENTED_EDGE('',*,*,#778,.F.);
#1038=ORIENTED_EDGE('',*,*,#772,.F.);
#1039=ORIENTED_EDGE('',*,*,#780,.T.);
#1040=ORIENTED_EDGE('',*,*,#781,.F.);
#1041=ORIENTED_EDGE('',*,*,#782,.F.);
#1042=ORIENTED_EDGE('',*,*,#783,.F.);
#1043=ORIENTED_EDGE('',*,*,#784,.F.);
#1044=ORIENTED_EDGE('',*,*,#785,.F.);
#1045=ORIENTED_EDGE('',*,*,#771,.F.);
#1046=ORIENTED_EDGE('',*,*,#786,.F.);
#1047=ORIENTED_EDGE('',*,*,#787,.T.);
#1048=ORIENTED_EDGE('',*,*,#788,.F.);
#1049=ORIENTED_EDGE('',*,*,#780,.F.);
#1050=ORIENTED_EDGE('',*,*,#775,.F.);
#1051=ORIENTED_EDGE('',*,*,#789,.T.);
#1052=ORIENTED_EDGE('',*,*,#750,.T.);
#1053=ORIENTED_EDGE('',*,*,#790,.T.);
#1054=ORIENTED_EDGE('',*,*,#786,.T.);
#1055=ORIENTED_EDGE('',*,*,#791,.T.);
#1056=ORIENTED_EDGE('',*,*,#784,.T.);
#1057=ORIENTED_EDGE('',*,*,#792,.T.);
#1058=ORIENTED_EDGE('',*,*,#793,.T.);
#1059=ORIENTED_EDGE('',*,*,#794,.T.);
#1060=ORIENTED_EDGE('',*,*,#791,.F.);
#1061=ORIENTED_EDGE('',*,*,#795,.T.);
#1062=ORIENTED_EDGE('',*,*,#796,.T.);
#1063=ORIENTED_EDGE('',*,*,#797,.T.);
#1064=ORIENTED_EDGE('',*,*,#798,.F.);
#1065=ORIENTED_EDGE('',*,*,#799,.F.);
#1066=ORIENTED_EDGE('',*,*,#785,.T.);
#1067=ORIENTED_EDGE('',*,*,#797,.F.);
#1068=ORIENTED_EDGE('',*,*,#800,.F.);
#1069=ORIENTED_EDGE('',*,*,#776,.F.);
#1070=ORIENTED_EDGE('',*,*,#779,.T.);
#1071=ORIENTED_EDGE('',*,*,#799,.T.);
#1072=ORIENTED_EDGE('',*,*,#798,.T.);
#1073=ORIENTED_EDGE('',*,*,#794,.F.);
#1074=ORIENTED_EDGE('',*,*,#801,.T.);
#1075=ORIENTED_EDGE('',*,*,#802,.T.);
#1076=ORIENTED_EDGE('',*,*,#795,.F.);
#1077=ORIENTED_EDGE('',*,*,#796,.F.);
#1078=ORIENTED_EDGE('',*,*,#802,.F.);
#1079=ORIENTED_EDGE('',*,*,#803,.F.);
#1080=ORIENTED_EDGE('',*,*,#804,.T.);
#1081=ORIENTED_EDGE('',*,*,#805,.T.);
#1082=ORIENTED_EDGE('',*,*,#806,.F.);
#1083=ORIENTED_EDGE('',*,*,#807,.T.);
#1084=ORIENTED_EDGE('',*,*,#808,.F.);
#1085=ORIENTED_EDGE('',*,*,#809,.F.);
#1086=ORIENTED_EDGE('',*,*,#810,.F.);
#1087=ORIENTED_EDGE('',*,*,#811,.F.);
#1088=ORIENTED_EDGE('',*,*,#812,.T.);
#1089=ORIENTED_EDGE('',*,*,#813,.F.);
#1090=ORIENTED_EDGE('',*,*,#814,.F.);
#1091=ORIENTED_EDGE('',*,*,#815,.F.);
#1092=ORIENTED_EDGE('',*,*,#816,.T.);
#1093=ORIENTED_EDGE('',*,*,#817,.F.);
#1094=ORIENTED_EDGE('',*,*,#818,.F.);
#1095=ORIENTED_EDGE('',*,*,#803,.T.);
#1096=ORIENTED_EDGE('',*,*,#801,.F.);
#1097=ORIENTED_EDGE('',*,*,#793,.F.);
#1098=ORIENTED_EDGE('',*,*,#819,.T.);
#1099=ORIENTED_EDGE('',*,*,#820,.T.);
#1100=ORIENTED_EDGE('',*,*,#821,.T.);
#1101=ORIENTED_EDGE('',*,*,#822,.T.);
#1102=ORIENTED_EDGE('',*,*,#823,.T.);
#1103=ORIENTED_EDGE('',*,*,#824,.T.);
#1104=ORIENTED_EDGE('',*,*,#821,.F.);
#1105=ORIENTED_EDGE('',*,*,#825,.T.);
#1106=ORIENTED_EDGE('',*,*,#826,.T.);
#1107=ORIENTED_EDGE('',*,*,#827,.T.);
#1108=ORIENTED_EDGE('',*,*,#823,.F.);
#1109=ORIENTED_EDGE('',*,*,#828,.T.);
#1110=ORIENTED_EDGE('',*,*,#829,.T.);
#1111=ORIENTED_EDGE('',*,*,#830,.T.);
#1112=ORIENTED_EDGE('',*,*,#826,.F.);
#1113=ORIENTED_EDGE('',*,*,#831,.T.);
#1114=ORIENTED_EDGE('',*,*,#832,.T.);
#1115=ORIENTED_EDGE('',*,*,#833,.T.);
#1116=ORIENTED_EDGE('',*,*,#829,.F.);
#1117=ORIENTED_EDGE('',*,*,#834,.T.);
#1118=ORIENTED_EDGE('',*,*,#835,.T.);
#1119=ORIENTED_EDGE('',*,*,#836,.T.);
#1120=ORIENTED_EDGE('',*,*,#837,.T.);
#1121=ORIENTED_EDGE('',*,*,#838,.T.);
#1122=ORIENTED_EDGE('',*,*,#839,.T.);
#1123=ORIENTED_EDGE('',*,*,#840,.T.);
#1124=ORIENTED_EDGE('',*,*,#835,.F.);
#1125=ORIENTED_EDGE('',*,*,#841,.T.);
#1126=ORIENTED_EDGE('',*,*,#842,.T.);
#1127=ORIENTED_EDGE('',*,*,#843,.T.);
#1128=ORIENTED_EDGE('',*,*,#839,.F.);
#1129=ORIENTED_EDGE('',*,*,#844,.T.);
#1130=ORIENTED_EDGE('',*,*,#845,.T.);
#1131=ORIENTED_EDGE('',*,*,#846,.T.);
#1132=ORIENTED_EDGE('',*,*,#842,.F.);
#1133=ORIENTED_EDGE('',*,*,#847,.T.);
#1134=ORIENTED_EDGE('',*,*,#848,.T.);
#1135=ORIENTED_EDGE('',*,*,#849,.T.);
#1136=ORIENTED_EDGE('',*,*,#845,.F.);
#1137=ORIENTED_EDGE('',*,*,#850,.T.);
#1138=ORIENTED_EDGE('',*,*,#837,.F.);
#1139=ORIENTED_EDGE('',*,*,#851,.T.);
#1140=ORIENTED_EDGE('',*,*,#832,.F.);
#1141=ORIENTED_EDGE('',*,*,#819,.F.);
#1142=ORIENTED_EDGE('',*,*,#852,.T.);
#1143=ORIENTED_EDGE('',*,*,#853,.T.);
#1144=ORIENTED_EDGE('',*,*,#854,.T.);
#1145=ORIENTED_EDGE('',*,*,#855,.T.);
#1146=ORIENTED_EDGE('',*,*,#856,.T.);
#1147=ORIENTED_EDGE('',*,*,#822,.F.);
#1148=ORIENTED_EDGE('',*,*,#857,.F.);
#1149=ORIENTED_EDGE('',*,*,#858,.F.);
#1150=ORIENTED_EDGE('',*,*,#859,.F.);
#1151=ORIENTED_EDGE('',*,*,#860,.F.);
#1152=ORIENTED_EDGE('',*,*,#861,.F.);
#1153=ORIENTED_EDGE('',*,*,#852,.F.);
#1154=ORIENTED_EDGE('',*,*,#824,.F.);
#1155=ORIENTED_EDGE('',*,*,#862,.T.);
#1156=ORIENTED_EDGE('',*,*,#863,.T.);
#1157=ORIENTED_EDGE('',*,*,#857,.T.);
#1158=ORIENTED_EDGE('',*,*,#827,.F.);
#1159=ORIENTED_EDGE('',*,*,#864,.F.);
#1160=ORIENTED_EDGE('',*,*,#865,.T.);
#1161=ORIENTED_EDGE('',*,*,#862,.F.);
#1162=ORIENTED_EDGE('',*,*,#830,.F.);
#1163=ORIENTED_EDGE('',*,*,#866,.T.);
#1164=ORIENTED_EDGE('',*,*,#867,.T.);
#1165=ORIENTED_EDGE('',*,*,#868,.T.);
#1166=ORIENTED_EDGE('',*,*,#869,.T.);
#1167=ORIENTED_EDGE('',*,*,#748,.T.);
#1168=ORIENTED_EDGE('',*,*,#870,.T.);
#1169=ORIENTED_EDGE('',*,*,#871,.T.);
#1170=ORIENTED_EDGE('',*,*,#872,.T.);
#1171=ORIENTED_EDGE('',*,*,#873,.T.);
#1172=ORIENTED_EDGE('',*,*,#874,.T.);
#1173=ORIENTED_EDGE('',*,*,#875,.T.);
#1174=ORIENTED_EDGE('',*,*,#876,.T.);
#1175=ORIENTED_EDGE('',*,*,#864,.T.);
#1176=ORIENTED_EDGE('',*,*,#833,.F.);
#1177=ORIENTED_EDGE('',*,*,#877,.F.);
#1178=ORIENTED_EDGE('',*,*,#878,.F.);
#1179=ORIENTED_EDGE('',*,*,#879,.F.);
#1180=ORIENTED_EDGE('',*,*,#866,.F.);
#1181=ORIENTED_EDGE('',*,*,#851,.F.);
#1182=ORIENTED_EDGE('',*,*,#880,.T.);
#1183=ORIENTED_EDGE('',*,*,#881,.T.);
#1184=ORIENTED_EDGE('',*,*,#877,.T.);
#1185=ORIENTED_EDGE('',*,*,#836,.F.);
#1186=ORIENTED_EDGE('',*,*,#882,.F.);
#1187=ORIENTED_EDGE('',*,*,#883,.F.);
#1188=ORIENTED_EDGE('',*,*,#884,.T.);
#1189=ORIENTED_EDGE('',*,*,#885,.F.);
#1190=ORIENTED_EDGE('',*,*,#886,.F.);
#1191=ORIENTED_EDGE('',*,*,#887,.T.);
#1192=ORIENTED_EDGE('',*,*,#880,.F.);
#1193=ORIENTED_EDGE('',*,*,#888,.T.);
#1194=ORIENTED_EDGE('',*,*,#810,.T.);
#1195=ORIENTED_EDGE('',*,*,#889,.T.);
#1196=ORIENTED_EDGE('',*,*,#890,.T.);
#1197=ORIENTED_EDGE('',*,*,#891,.T.);
#1198=ORIENTED_EDGE('',*,*,#843,.F.);
#1199=ORIENTED_EDGE('',*,*,#892,.F.);
#1200=ORIENTED_EDGE('',*,*,#811,.T.);
#1201=ORIENTED_EDGE('',*,*,#888,.F.);
#1202=ORIENTED_EDGE('',*,*,#893,.T.);
#1203=ORIENTED_EDGE('',*,*,#894,.T.);
#1204=ORIENTED_EDGE('',*,*,#895,.T.);
#1205=ORIENTED_EDGE('',*,*,#878,.T.);
#1206=ORIENTED_EDGE('',*,*,#881,.F.);
#1207=ORIENTED_EDGE('',*,*,#896,.T.);
#1208=ORIENTED_EDGE('',*,*,#820,.F.);
#1209=ORIENTED_EDGE('',*,*,#856,.F.);
#1210=ORIENTED_EDGE('',*,*,#897,.F.);
#1211=ORIENTED_EDGE('',*,*,#898,.F.);
#1212=ORIENTED_EDGE('',*,*,#850,.F.);
#1213=ORIENTED_EDGE('',*,*,#847,.F.);
#1214=ORIENTED_EDGE('',*,*,#844,.F.);
#1215=ORIENTED_EDGE('',*,*,#841,.F.);
#1216=ORIENTED_EDGE('',*,*,#838,.F.);
#1217=ORIENTED_EDGE('',*,*,#834,.F.);
#1218=ORIENTED_EDGE('',*,*,#831,.F.);
#1219=ORIENTED_EDGE('',*,*,#828,.F.);
#1220=ORIENTED_EDGE('',*,*,#825,.F.);
#1221=ORIENTED_EDGE('',*,*,#899,.T.);
#1222=ORIENTED_EDGE('',*,*,#900,.T.);
#1223=ORIENTED_EDGE('',*,*,#901,.T.);
#1224=ORIENTED_EDGE('',*,*,#902,.T.);
#1225=ORIENTED_EDGE('',*,*,#903,.T.);
#1226=ORIENTED_EDGE('',*,*,#904,.T.);
#1227=ORIENTED_EDGE('',*,*,#901,.F.);
#1228=ORIENTED_EDGE('',*,*,#905,.T.);
#1229=ORIENTED_EDGE('',*,*,#781,.T.);
#1230=ORIENTED_EDGE('',*,*,#788,.T.);
#1231=ORIENTED_EDGE('',*,*,#903,.F.);
#1232=ORIENTED_EDGE('',*,*,#906,.T.);
#1233=ORIENTED_EDGE('',*,*,#906,.F.);
#1234=ORIENTED_EDGE('',*,*,#905,.F.);
#1235=ORIENTED_EDGE('',*,*,#907,.F.);
#1236=ORIENTED_EDGE('',*,*,#908,.F.);
#1237=ORIENTED_EDGE('',*,*,#782,.T.);
#1238=ORIENTED_EDGE('',*,*,#900,.F.);
#1239=ORIENTED_EDGE('',*,*,#909,.F.);
#1240=ORIENTED_EDGE('',*,*,#910,.F.);
#1241=ORIENTED_EDGE('',*,*,#911,.F.);
#1242=ORIENTED_EDGE('',*,*,#912,.T.);
#1243=ORIENTED_EDGE('',*,*,#907,.T.);
#1244=ORIENTED_EDGE('',*,*,#913,.T.);
#1245=ORIENTED_EDGE('',*,*,#914,.T.);
#1246=ORIENTED_EDGE('',*,*,#768,.T.);
#1247=ORIENTED_EDGE('',*,*,#915,.T.);
#1248=ORIENTED_EDGE('',*,*,#914,.F.);
#1249=ORIENTED_EDGE('',*,*,#916,.F.);
#1250=ORIENTED_EDGE('',*,*,#917,.T.);
#1251=ORIENTED_EDGE('',*,*,#918,.F.);
#1252=ORIENTED_EDGE('',*,*,#919,.T.);
#1253=ORIENTED_EDGE('',*,*,#759,.F.);
#1254=ORIENTED_EDGE('',*,*,#731,.T.);
#1255=ORIENTED_EDGE('',*,*,#769,.T.);
#1256=ORIENTED_EDGE('',*,*,#913,.F.);
#1257=ORIENTED_EDGE('',*,*,#920,.F.);
#1258=ORIENTED_EDGE('',*,*,#858,.T.);
#1259=ORIENTED_EDGE('',*,*,#863,.F.);
#1260=ORIENTED_EDGE('',*,*,#865,.F.);
#1261=ORIENTED_EDGE('',*,*,#876,.F.);
#1262=ORIENTED_EDGE('',*,*,#921,.T.);
#1263=ORIENTED_EDGE('',*,*,#922,.T.);
#1264=ORIENTED_EDGE('',*,*,#916,.T.);
#1265=ORIENTED_EDGE('',*,*,#923,.T.);
#1266=ORIENTED_EDGE('',*,*,#924,.T.);
#1267=ORIENTED_EDGE('',*,*,#925,.T.);
#1268=ORIENTED_EDGE('',*,*,#910,.T.);
#1269=ORIENTED_EDGE('',*,*,#926,.F.);
#1270=ORIENTED_EDGE('',*,*,#911,.T.);
#1271=ORIENTED_EDGE('',*,*,#925,.F.);
#1272=ORIENTED_EDGE('',*,*,#886,.T.);
#1273=ORIENTED_EDGE('',*,*,#896,.F.);
#1274=ORIENTED_EDGE('',*,*,#887,.F.);
#1275=ORIENTED_EDGE('',*,*,#924,.F.);
#1276=ORIENTED_EDGE('',*,*,#927,.F.);
#1277=ORIENTED_EDGE('',*,*,#895,.F.);
#1278=ORIENTED_EDGE('',*,*,#927,.T.);
#1279=ORIENTED_EDGE('',*,*,#923,.F.);
#1280=ORIENTED_EDGE('',*,*,#909,.T.);
#1281=ORIENTED_EDGE('',*,*,#899,.F.);
#1282=ORIENTED_EDGE('',*,*,#928,.T.);
#1283=ORIENTED_EDGE('',*,*,#867,.F.);
#1284=ORIENTED_EDGE('',*,*,#879,.T.);
#1285=ORIENTED_EDGE('',*,*,#869,.F.);
#1286=ORIENTED_EDGE('',*,*,#929,.T.);
#1287=ORIENTED_EDGE('',*,*,#790,.F.);
#1288=ORIENTED_EDGE('',*,*,#749,.T.);
#1289=ORIENTED_EDGE('',*,*,#870,.F.);
#1290=ORIENTED_EDGE('',*,*,#747,.T.);
#1291=ORIENTED_EDGE('',*,*,#930,.T.);
#1292=ORIENTED_EDGE('',*,*,#874,.F.);
#1293=ORIENTED_EDGE('',*,*,#931,.T.);
#1294=ORIENTED_EDGE('',*,*,#932,.T.);
#1295=ORIENTED_EDGE('',*,*,#933,.T.);
#1296=ORIENTED_EDGE('',*,*,#875,.F.);
#1297=ORIENTED_EDGE('',*,*,#933,.F.);
#1298=ORIENTED_EDGE('',*,*,#934,.F.);
#1299=ORIENTED_EDGE('',*,*,#921,.F.);
#1300=ORIENTED_EDGE('',*,*,#904,.F.);
#1301=ORIENTED_EDGE('',*,*,#787,.F.);
#1302=ORIENTED_EDGE('',*,*,#929,.F.);
#1303=ORIENTED_EDGE('',*,*,#868,.F.);
#1304=ORIENTED_EDGE('',*,*,#928,.F.);
#1305=ORIENTED_EDGE('',*,*,#902,.F.);
#1306=ORIENTED_EDGE('',*,*,#889,.F.);
#1307=ORIENTED_EDGE('',*,*,#809,.T.);
#1308=ORIENTED_EDGE('',*,*,#792,.F.);
#1309=ORIENTED_EDGE('',*,*,#783,.T.);
#1310=ORIENTED_EDGE('',*,*,#908,.T.);
#1311=ORIENTED_EDGE('',*,*,#912,.F.);
#1312=ORIENTED_EDGE('',*,*,#926,.T.);
#1313=ORIENTED_EDGE('',*,*,#885,.T.);
#1314=ORIENTED_EDGE('',*,*,#935,.T.);
#1315=ORIENTED_EDGE('',*,*,#871,.F.);
#1316=ORIENTED_EDGE('',*,*,#930,.F.);
#1317=ORIENTED_EDGE('',*,*,#755,.F.);
#1318=ORIENTED_EDGE('',*,*,#936,.F.);
#1319=ORIENTED_EDGE('',*,*,#872,.F.);
#1320=ORIENTED_EDGE('',*,*,#936,.T.);
#1321=ORIENTED_EDGE('',*,*,#937,.T.);
#1322=ORIENTED_EDGE('',*,*,#918,.T.);
#1323=ORIENTED_EDGE('',*,*,#938,.T.);
#1324=ORIENTED_EDGE('',*,*,#932,.F.);
#1325=ORIENTED_EDGE('',*,*,#939,.T.);
#1326=ORIENTED_EDGE('',*,*,#938,.F.);
#1327=ORIENTED_EDGE('',*,*,#917,.F.);
#1328=ORIENTED_EDGE('',*,*,#922,.F.);
#1329=ORIENTED_EDGE('',*,*,#934,.T.);
#1330=ORIENTED_EDGE('',*,*,#919,.F.);
#1331=ORIENTED_EDGE('',*,*,#939,.F.);
#1332=ORIENTED_EDGE('',*,*,#931,.F.);
#1333=ORIENTED_EDGE('',*,*,#873,.F.);
#1334=ORIENTED_EDGE('',*,*,#937,.F.);
#1335=ORIENTED_EDGE('',*,*,#754,.F.);
#1336=ORIENTED_EDGE('',*,*,#758,.F.);
#1337=ORIENTED_EDGE('',*,*,#760,.F.);
#1338=ORIENTED_EDGE('',*,*,#763,.F.);
#1339=ORIENTED_EDGE('',*,*,#940,.T.);
#1340=ORIENTED_EDGE('',*,*,#805,.F.);
#1341=ORIENTED_EDGE('',*,*,#941,.T.);
#1342=ORIENTED_EDGE('',*,*,#942,.T.);
#1343=ORIENTED_EDGE('',*,*,#941,.F.);
#1344=ORIENTED_EDGE('',*,*,#804,.F.);
#1345=ORIENTED_EDGE('',*,*,#818,.T.);
#1346=ORIENTED_EDGE('',*,*,#943,.F.);
#1347=ORIENTED_EDGE('',*,*,#777,.F.);
#1348=ORIENTED_EDGE('',*,*,#800,.T.);
#1349=ORIENTED_EDGE('',*,*,#808,.T.);
#1350=ORIENTED_EDGE('',*,*,#944,.T.);
#1351=ORIENTED_EDGE('',*,*,#752,.T.);
#1352=ORIENTED_EDGE('',*,*,#945,.T.);
#1353=ORIENTED_EDGE('',*,*,#774,.F.);
#1354=ORIENTED_EDGE('',*,*,#945,.F.);
#1355=ORIENTED_EDGE('',*,*,#751,.T.);
#1356=ORIENTED_EDGE('',*,*,#789,.F.);
#1357=ORIENTED_EDGE('',*,*,#946,.F.);
#1358=ORIENTED_EDGE('',*,*,#814,.T.);
#1359=ORIENTED_EDGE('',*,*,#947,.F.);
#1360=ORIENTED_EDGE('',*,*,#948,.F.);
#1361=ORIENTED_EDGE('',*,*,#949,.F.);
#1362=ORIENTED_EDGE('',*,*,#948,.T.);
#1363=ORIENTED_EDGE('',*,*,#950,.F.);
#1364=ORIENTED_EDGE('',*,*,#951,.F.);
#1365=ORIENTED_EDGE('',*,*,#952,.F.);
#1366=ORIENTED_EDGE('',*,*,#951,.T.);
#1367=ORIENTED_EDGE('',*,*,#953,.F.);
#1368=ORIENTED_EDGE('',*,*,#816,.F.);
#1369=ORIENTED_EDGE('',*,*,#954,.F.);
#1370=ORIENTED_EDGE('',*,*,#764,.F.);
#1371=ORIENTED_EDGE('',*,*,#942,.F.);
#1372=ORIENTED_EDGE('',*,*,#943,.T.);
#1373=ORIENTED_EDGE('',*,*,#817,.T.);
#1374=ORIENTED_EDGE('',*,*,#953,.T.);
#1375=ORIENTED_EDGE('',*,*,#950,.T.);
#1376=ORIENTED_EDGE('',*,*,#947,.T.);
#1377=ORIENTED_EDGE('',*,*,#813,.T.);
#1378=ORIENTED_EDGE('',*,*,#955,.T.);
#1379=ORIENTED_EDGE('',*,*,#956,.F.);
#1380=ORIENTED_EDGE('',*,*,#957,.F.);
#1381=ORIENTED_EDGE('',*,*,#954,.T.);
#1382=ORIENTED_EDGE('',*,*,#958,.F.);
#1383=ORIENTED_EDGE('',*,*,#765,.F.);
#1384=ORIENTED_EDGE('',*,*,#957,.T.);
#1385=ORIENTED_EDGE('',*,*,#959,.F.);
#1386=ORIENTED_EDGE('',*,*,#860,.T.);
#1387=ORIENTED_EDGE('',*,*,#960,.F.);
#1388=ORIENTED_EDGE('',*,*,#766,.F.);
#1389=ORIENTED_EDGE('',*,*,#958,.T.);
#1390=ORIENTED_EDGE('',*,*,#961,.T.);
#1391=ORIENTED_EDGE('',*,*,#897,.T.);
#1392=ORIENTED_EDGE('',*,*,#855,.F.);
#1393=ORIENTED_EDGE('',*,*,#848,.F.);
#1394=ORIENTED_EDGE('',*,*,#898,.T.);
#1395=ORIENTED_EDGE('',*,*,#962,.T.);
#1396=ORIENTED_EDGE('',*,*,#963,.F.);
#1397=ORIENTED_EDGE('',*,*,#956,.T.);
#1398=ORIENTED_EDGE('',*,*,#853,.F.);
#1399=ORIENTED_EDGE('',*,*,#861,.T.);
#1400=ORIENTED_EDGE('',*,*,#959,.T.);
#1401=ORIENTED_EDGE('',*,*,#915,.F.);
#1402=ORIENTED_EDGE('',*,*,#767,.T.);
#1403=ORIENTED_EDGE('',*,*,#960,.T.);
#1404=ORIENTED_EDGE('',*,*,#859,.T.);
#1405=ORIENTED_EDGE('',*,*,#920,.T.);
#1406=ORIENTED_EDGE('',*,*,#846,.F.);
#1407=ORIENTED_EDGE('',*,*,#964,.F.);
#1408=ORIENTED_EDGE('',*,*,#965,.T.);
#1409=ORIENTED_EDGE('',*,*,#892,.T.);
#1410=ORIENTED_EDGE('',*,*,#849,.F.);
#1411=ORIENTED_EDGE('',*,*,#963,.T.);
#1412=ORIENTED_EDGE('',*,*,#966,.T.);
#1413=ORIENTED_EDGE('',*,*,#964,.T.);
#1414=ORIENTED_EDGE('',*,*,#952,.T.);
#1415=ORIENTED_EDGE('',*,*,#815,.T.);
#1416=ORIENTED_EDGE('',*,*,#946,.T.);
#1417=ORIENTED_EDGE('',*,*,#949,.T.);
#1418=ORIENTED_EDGE('',*,*,#891,.F.);
#1419=ORIENTED_EDGE('',*,*,#967,.F.);
#1420=ORIENTED_EDGE('',*,*,#883,.T.);
#1421=ORIENTED_EDGE('',*,*,#893,.F.);
#1422=ORIENTED_EDGE('',*,*,#965,.F.);
#1423=ORIENTED_EDGE('',*,*,#966,.F.);
#1424=ORIENTED_EDGE('',*,*,#962,.F.);
#1425=ORIENTED_EDGE('',*,*,#961,.F.);
#1426=ORIENTED_EDGE('',*,*,#854,.F.);
#1427=ORIENTED_EDGE('',*,*,#955,.F.);
#1428=ORIENTED_EDGE('',*,*,#812,.F.);
#1429=ORIENTED_EDGE('',*,*,#807,.F.);
#1430=ORIENTED_EDGE('',*,*,#968,.F.);
#1431=ORIENTED_EDGE('',*,*,#969,.F.);
#1432=ORIENTED_EDGE('',*,*,#970,.F.);
#1433=ORIENTED_EDGE('',*,*,#969,.T.);
#1434=ORIENTED_EDGE('',*,*,#770,.F.);
#1435=ORIENTED_EDGE('',*,*,#742,.F.);
#1436=ORIENTED_EDGE('',*,*,#745,.T.);
#1437=ORIENTED_EDGE('',*,*,#753,.F.);
#1438=ORIENTED_EDGE('',*,*,#944,.F.);
#1439=ORIENTED_EDGE('',*,*,#890,.F.);
#1440=ORIENTED_EDGE('',*,*,#935,.F.);
#1441=ORIENTED_EDGE('',*,*,#884,.F.);
#1442=ORIENTED_EDGE('',*,*,#967,.T.);
#1443=ORIENTED_EDGE('',*,*,#840,.F.);
#1444=ORIENTED_EDGE('',*,*,#894,.F.);
#1445=ORIENTED_EDGE('',*,*,#882,.T.);
#1446=ORIENTED_EDGE('',*,*,#970,.T.);
#1447=ORIENTED_EDGE('',*,*,#761,.T.);
#1448=ORIENTED_EDGE('',*,*,#737,.T.);
#1449=ORIENTED_EDGE('',*,*,#806,.T.);
#1450=ORIENTED_EDGE('',*,*,#940,.F.);
#1451=ORIENTED_EDGE('',*,*,#762,.T.);
#1452=ORIENTED_EDGE('',*,*,#968,.T.);
#1453=CYLINDRICAL_SURFACE('',#1581,12.5);
#1454=CYLINDRICAL_SURFACE('',#1596,12.5);
#1455=CYLINDRICAL_SURFACE('',#1606,5.);
#1456=CYLINDRICAL_SURFACE('',#1611,5.);
#1457=CYLINDRICAL_SURFACE('',#1642,15.);
#1458=CYLINDRICAL_SURFACE('',#1649,30.);
#1459=CYLINDRICAL_SURFACE('',#1656,2.);
#1460=CYLINDRICAL_SURFACE('',#1661,2.);
#1461=CYLINDRICAL_SURFACE('',#1668,43.2246735396485);
#1462=CYLINDRICAL_SURFACE('',#1672,8.);
#1463=CYLINDRICAL_SURFACE('',#1679,8.);
#1464=CYLINDRICAL_SURFACE('',#1712,12.);
#1465=CYLINDRICAL_SURFACE('',#1716,12.5);
#1466=CYLINDRICAL_SURFACE('',#1720,50.);
#1467=ADVANCED_FACE('',(#124),#1453,.T.);
#1468=ADVANCED_FACE('',(#125),#94,.F.);
#1469=ADVANCED_FACE('',(#126),#86,.T.);
#1470=ADVANCED_FACE('',(#127),#82,.F.);
#1471=ADVANCED_FACE('',(#128),#95,.F.);
#1472=ADVANCED_FACE('',(#129),#87,.T.);
#1473=ADVANCED_FACE('',(#130),#96,.F.);
#1474=ADVANCED_FACE('',(#131),#1454,.T.);
#1475=ADVANCED_FACE('',(#132),#21,.T.);
#1476=ADVANCED_FACE('',(#133),#1455,.T.);
#1477=ADVANCED_FACE('',(#134),#97,.F.);
#1478=ADVANCED_FACE('',(#135),#22,.F.);
#1479=ADVANCED_FACE('',(#136),#19,.F.);
#1480=ADVANCED_FACE('',(#137),#98,.F.);
#1481=ADVANCED_FACE('',(#138),#1456,.T.);
#1482=ADVANCED_FACE('',(#139),#99,.F.);
#1483=ADVANCED_FACE('',(#140),#100,.F.);
#1484=ADVANCED_FACE('',(#141),#101,.F.);
#1485=ADVANCED_FACE('',(#142),#102,.T.);
#1486=ADVANCED_FACE('',(#143),#23,.T.);
#1487=ADVANCED_FACE('',(#144),#88,.T.);
#1488=ADVANCED_FACE('',(#145),#103,.F.);
#1489=ADVANCED_FACE('',(#146),#104,.F.);
#1490=ADVANCED_FACE('',(#147),#105,.F.);
#1491=ADVANCED_FACE('',(#148),#106,.F.);
#1492=ADVANCED_FACE('',(#149),#107,.F.);
#1493=ADVANCED_FACE('',(#150),#108,.F.);
#1494=ADVANCED_FACE('',(#151),#109,.F.);
#1495=ADVANCED_FACE('',(#152),#110,.F.);
#1496=ADVANCED_FACE('',(#153),#111,.F.);
#1497=ADVANCED_FACE('',(#154),#17,.T.);
#1498=ADVANCED_FACE('',(#155),#24,.T.);
#1499=ADVANCED_FACE('',(#156),#83,.F.);
#1500=ADVANCED_FACE('',(#157),#112,.F.);
#1501=ADVANCED_FACE('',(#158),#25,.T.);
#1502=ADVANCED_FACE('',(#159),#1457,.T.);
#1503=ADVANCED_FACE('',(#160),#26,.T.);
#1504=ADVANCED_FACE('',(#161),#113,.F.);
#1505=ADVANCED_FACE('',(#162),#1458,.F.);
#1506=ADVANCED_FACE('',(#163),#114,.F.);
#1507=ADVANCED_FACE('',(#164),#89,.F.);
#1508=ADVANCED_FACE('',(#165),#1459,.T.);
#1509=ADVANCED_FACE('',(#166),#84,.F.);
#1510=ADVANCED_FACE('',(#167),#1460,.T.);
#1511=ADVANCED_FACE('',(#168),#90,.T.);
#1512=ADVANCED_FACE('',(#169),#115,.F.);
#1513=ADVANCED_FACE('',(#170),#1461,.F.);
#1514=ADVANCED_FACE('',(#171),#27,.F.);
#1515=ADVANCED_FACE('',(#172),#1462,.T.);
#1516=ADVANCED_FACE('',(#173),#28,.T.);
#1517=ADVANCED_FACE('',(#174),#29,.T.);
#1518=ADVANCED_FACE('',(#175),#1463,.T.);
#1519=ADVANCED_FACE('',(#176),#116,.F.);
#1520=ADVANCED_FACE('',(#177),#30,.T.);
#1521=ADVANCED_FACE('',(#178),#31,.T.);
#1522=ADVANCED_FACE('',(#179),#117,.F.);
#1523=ADVANCED_FACE('',(#180),#118,.F.);
#1524=ADVANCED_FACE('',(#181),#119,.F.);
#1525=ADVANCED_FACE('',(#182),#32,.F.);
#1526=ADVANCED_FACE('',(#183),#33,.F.);
#1527=ADVANCED_FACE('',(#184),#120,.F.);
#1528=ADVANCED_FACE('',(#185),#18,.T.);
#1529=ADVANCED_FACE('',(#186),#121,.F.);
#1530=ADVANCED_FACE('',(#187),#122,.F.);
#1531=ADVANCED_FACE('',(#188),#20,.F.);
#1532=ADVANCED_FACE('',(#189),#85,.F.);
#1533=ADVANCED_FACE('',(#190),#123,.T.);
#1534=ADVANCED_FACE('',(#191),#34,.T.);
#1535=ADVANCED_FACE('',(#192),#91,.F.);
#1536=ADVANCED_FACE('',(#193),#35,.T.);
#1537=ADVANCED_FACE('',(#194),#36,.T.);
#1538=ADVANCED_FACE('',(#195),#37,.T.);
#1539=ADVANCED_FACE('',(#196),#38,.T.);
#1540=ADVANCED_FACE('',(#197),#39,.T.);
#1541=ADVANCED_FACE('',(#198),#40,.F.);
#1542=ADVANCED_FACE('',(#199),#41,.F.);
#1543=ADVANCED_FACE('',(#200),#42,.F.);
#1544=ADVANCED_FACE('',(#201),#43,.F.);
#1545=ADVANCED_FACE('',(#202),#44,.F.);
#1546=ADVANCED_FACE('',(#203),#45,.T.);
#1547=ADVANCED_FACE('',(#204),#92,.F.);
#1548=ADVANCED_FACE('',(#205),#1464,.F.);
#1549=ADVANCED_FACE('',(#206),#46,.F.);
#1550=ADVANCED_FACE('',(#207),#93,.F.);
#1551=ADVANCED_FACE('',(#208),#47,.T.);
#1552=ADVANCED_FACE('',(#209),#1465,.T.);
#1553=ADVANCED_FACE('',(#210),#48,.T.);
#1554=ADVANCED_FACE('',(#211),#1466,.T.);
#1555=ADVANCED_FACE('',(#212),#49,.T.);
#1556=ADVANCED_FACE('',(#213),#50,.T.);
#1557=ADVANCED_FACE('',(#214),#51,.T.);
#1558=CLOSED_SHELL('',(#1467,#1468,#1469,#1470,#1471,#1472,#1473,#1474,
#1475,#1476,#1477,#1478,#1479,#1480,#1481,#1482,#1483,#1484,#1485,#1486,
#1487,#1488,#1489,#1490,#1491,#1492,#1493,#1494,#1495,#1496,#1497,#1498,
#1499,#1500,#1501,#1502,#1503,#1504,#1505,#1506,#1507,#1508,#1509,#1510,
#1511,#1512,#1513,#1514,#1515,#1516,#1517,#1518,#1519,#1520,#1521,#1522,
#1523,#1524,#1525,#1526,#1527,#1528,#1529,#1530,#1531,#1532,#1533,#1534,
#1535,#1536,#1537,#1538,#1539,#1540,#1541,#1542,#1543,#1544,#1545,#1546,
#1547,#1548,#1549,#1550,#1551,#1552,#1553,#1554,#1555,#1556,#1557));
#1559=DERIVED_UNIT_ELEMENT(#1562,1.);
#1560=DERIVED_UNIT_ELEMENT(#4194,-3.);
#1561=DIMENSIONAL_EXPONENTS(0.,1.,0.,0.,0.,0.,0.);
#1562=(
CONVERSION_BASED_UNIT('gram',#1564)
MASS_UNIT()
NAMED_UNIT(#1561)
);
#1563=(
MASS_UNIT()
NAMED_UNIT(*)
SI_UNIT(.KILO.,.GRAM.)
);
#1564=MASS_MEASURE_WITH_UNIT(MASS_MEASURE(0.001),#1563);
#1565=DERIVED_UNIT((#1559,#1560));
#1566=MEASURE_REPRESENTATION_ITEM('density measure',
POSITIVE_RATIO_MEASURE(1.),#1565);
#1567=PROPERTY_DEFINITION_REPRESENTATION(#1572,#1569);
#1568=PROPERTY_DEFINITION_REPRESENTATION(#1573,#1570);
#1569=REPRESENTATION('material name',(#1571),#4191);
#1570=REPRESENTATION('density',(#1566),#4191);
#1571=DESCRIPTIVE_REPRESENTATION_ITEM('\X2\4E00822C\X0\','\X2\4E00822C\X0\');
#1572=PROPERTY_DEFINITION('material property','material name',#4201);
#1573=PROPERTY_DEFINITION('material property','density of part',#4201);
#1574=DATE_TIME_ROLE('creation_date');
#1575=APPLIED_DATE_AND_TIME_ASSIGNMENT(#1576,#1574,(#4201));
#1576=DATE_AND_TIME(#1577,#1578);
#1577=CALENDAR_DATE(2026,20,1);
#1578=LOCAL_TIME(0,0,0.,#1579);
#1579=COORDINATED_UNIVERSAL_TIME_OFFSET(0,0,.BEHIND.);
#1580=AXIS2_PLACEMENT_3D('',#2076,#1724,#1725);
#1581=AXIS2_PLACEMENT_3D('',#2077,#1726,#1727);
#1582=AXIS2_PLACEMENT_3D('',#2082,#1729,#1730);
#1583=AXIS2_PLACEMENT_3D('',#2121,#1731,#1732);
#1584=AXIS2_PLACEMENT_3D('',#2124,#1734,#1735);
#1585=AXIS2_PLACEMENT_3D('',#2157,#1736,#1737);
#1586=AXIS2_PLACEMENT_3D('',#2165,#1738,#1739);
#1587=AXIS2_PLACEMENT_3D('',#2171,#1740,#1741);
#1588=AXIS2_PLACEMENT_3D('',#2186,#1742,#1743);
#1589=AXIS2_PLACEMENT_3D('',#2187,#1744,#1745);
#1590=AXIS2_PLACEMENT_3D('',#2188,#1746,#1747);
#1591=AXIS2_PLACEMENT_3D('',#2232,#1748,#1749);
#1592=AXIS2_PLACEMENT_3D('',#2299,#1750,#1751);
#1593=AXIS2_PLACEMENT_3D('',#2300,#1752,#1753);
#1594=AXIS2_PLACEMENT_3D('',#2301,#1754,#1755);
#1595=AXIS2_PLACEMENT_3D('',#2331,#1756,#1757);
#1596=AXIS2_PLACEMENT_3D('',#2462,#1758,#1759);
#1597=AXIS2_PLACEMENT_3D('',#2463,#1760,#1761);
#1598=AXIS2_PLACEMENT_3D('',#2465,#1762,#1763);
#1599=AXIS2_PLACEMENT_3D('',#2476,#1764,#1765);
#1600=AXIS2_PLACEMENT_3D('',#2478,#1766,#1767);
#1601=AXIS2_PLACEMENT_3D('',#2480,#1768,#1769);
#1602=AXIS2_PLACEMENT_3D('',#2482,#1770,#1771);
#1603=AXIS2_PLACEMENT_3D('',#2492,#1772,#1773);
#1604=AXIS2_PLACEMENT_3D('',#2493,#1774,#1775);
#1605=AXIS2_PLACEMENT_3D('',#2494,#1776,#1777);
#1606=AXIS2_PLACEMENT_3D('',#2495,#1778,#1779);
#1607=AXIS2_PLACEMENT_3D('',#2509,#1781,#1782);
#1608=AXIS2_PLACEMENT_3D('',#2558,#1784,#1785);
#1609=AXIS2_PLACEMENT_3D('',#2565,#1786,#1787);
#1610=AXIS2_PLACEMENT_3D('',#2661,#1791,#1792);
#1611=AXIS2_PLACEMENT_3D('',#2662,#1793,#1794);
#1612=AXIS2_PLACEMENT_3D('',#2731,#1796,#1797);
#1613=AXIS2_PLACEMENT_3D('',#2753,#1798,#1799);
#1614=AXIS2_PLACEMENT_3D('',#2910,#1800,#1801);
#1615=AXIS2_PLACEMENT_3D('',#2930,#1802,#1803);
#1616=AXIS2_PLACEMENT_3D('',#2943,#1804,#1805);
#1617=AXIS2_PLACEMENT_3D('',#2945,#1806,#1807);
#1618=AXIS2_PLACEMENT_3D('',#2978,#1815,#1816);
#1619=AXIS2_PLACEMENT_3D('',#2988,#1817,#1818);
#1620=AXIS2_PLACEMENT_3D('',#2990,#1819,#1820);
#1621=AXIS2_PLACEMENT_3D('',#2991,#1821,#1822);
#1622=AXIS2_PLACEMENT_3D('',#3034,#1823,#1824);
#1623=AXIS2_PLACEMENT_3D('',#3073,#1825,#1826);
#1624=AXIS2_PLACEMENT_3D('',#3074,#1827,#1828);
#1625=AXIS2_PLACEMENT_3D('',#3141,#1829,#1830);
#1626=AXIS2_PLACEMENT_3D('',#3184,#1831,#1832);
#1627=AXIS2_PLACEMENT_3D('',#3185,#1833,#1834);
#1628=AXIS2_PLACEMENT_3D('',#3222,#1835,#1836);
#1629=AXIS2_PLACEMENT_3D('',#3229,#1837,#1838);
#1630=AXIS2_PLACEMENT_3D('',#3261,#1839,#1840);
#1631=AXIS2_PLACEMENT_3D('',#3292,#1841,#1842);
#1632=AXIS2_PLACEMENT_3D('',#3328,#1843,#1844);
#1633=AXIS2_PLACEMENT_3D('',#3389,#1845,#1846);
#1634=AXIS2_PLACEMENT_3D('',#3390,#1847,#1848);
#1635=AXIS2_PLACEMENT_3D('',#3391,#1849,#1850);
#1636=AXIS2_PLACEMENT_3D('',#3393,#1851,#1852);
#1637=AXIS2_PLACEMENT_3D('',#3400,#1856,#1857);
#1638=AXIS2_PLACEMENT_3D('',#3401,#1858,#1859);
#1639=AXIS2_PLACEMENT_3D('',#3410,#1860,#1861);
#1640=AXIS2_PLACEMENT_3D('',#3412,#1862,#1863);
#1641=AXIS2_PLACEMENT_3D('',#3475,#1864,#1865);
#1642=AXIS2_PLACEMENT_3D('',#3479,#1868,#1869);
#1643=AXIS2_PLACEMENT_3D('',#3483,#1871,#1872);
#1644=AXIS2_PLACEMENT_3D('',#3591,#1875,#1876);
#1645=AXIS2_PLACEMENT_3D('',#3592,#1877,#1878);
#1646=AXIS2_PLACEMENT_3D('',#3594,#1879,#1880);
#1647=AXIS2_PLACEMENT_3D('',#3619,#1883,#1884);
#1648=AXIS2_PLACEMENT_3D('',#3620,#1885,#1886);
#1649=AXIS2_PLACEMENT_3D('',#3621,#1887,#1888);
#1650=AXIS2_PLACEMENT_3D('',#3625,#1890,#1891);
#1651=AXIS2_PLACEMENT_3D('',#3636,#1893,#1894);
#1652=AXIS2_PLACEMENT_3D('',#3716,#1896,#1897);
#1653=AXIS2_PLACEMENT_3D('',#3717,#1898,#1899);
#1654=AXIS2_PLACEMENT_3D('',#3718,#1900,#1901);
#1655=AXIS2_PLACEMENT_3D('',#3719,#1902,#1903);
#1656=AXIS2_PLACEMENT_3D('',#3720,#1904,#1905);
#1657=AXIS2_PLACEMENT_3D('',#3722,#1906,#1907);
#1658=AXIS2_PLACEMENT_3D('',#3724,#1909,#1910);
#1659=AXIS2_PLACEMENT_3D('',#3726,#1911,#1912);
#1660=AXIS2_PLACEMENT_3D('',#3727,#1913,#1914);
#1661=AXIS2_PLACEMENT_3D('',#3728,#1915,#1916);
#1662=AXIS2_PLACEMENT_3D('',#3731,#1917,#1918);
#1663=AXIS2_PLACEMENT_3D('',#3735,#1920,#1921);
#1664=AXIS2_PLACEMENT_3D('',#3737,#1923,#1924);
#1665=AXIS2_PLACEMENT_3D('',#3739,#1925,#1926);
#1666=AXIS2_PLACEMENT_3D('',#3740,#1927,#1928);
#1667=AXIS2_PLACEMENT_3D('',#3741,#1929,#1930);
#1668=AXIS2_PLACEMENT_3D('',#3772,#1931,#1932);
#1669=AXIS2_PLACEMENT_3D('',#3775,#1934,#1935);
#1670=AXIS2_PLACEMENT_3D('',#3776,#1936,#1937);
#1671=AXIS2_PLACEMENT_3D('',#3782,#1940,#1941);
#1672=AXIS2_PLACEMENT_3D('',#3789,#1942,#1943);
#1673=AXIS2_PLACEMENT_3D('',#3792,#1944,#1945);
#1674=AXIS2_PLACEMENT_3D('',#3795,#1948,#1949);
#1675=AXIS2_PLACEMENT_3D('',#3799,#1951,#1952);
#1676=AXIS2_PLACEMENT_3D('',#3807,#1953,#1954);
#1677=AXIS2_PLACEMENT_3D('',#3808,#1955,#1956);
#1678=AXIS2_PLACEMENT_3D('',#3812,#1959,#1960);
#1679=AXIS2_PLACEMENT_3D('',#3813,#1961,#1962);
#1680=AXIS2_PLACEMENT_3D('',#3815,#1963,#1964);
#1681=AXIS2_PLACEMENT_3D('',#3817,#1966,#1967);
#1682=AXIS2_PLACEMENT_3D('',#3856,#1968,#1969);
#1683=AXIS2_PLACEMENT_3D('',#3858,#1971,#1972);
#1684=AXIS2_PLACEMENT_3D('',#3885,#1974,#1975);
#1685=AXIS2_PLACEMENT_3D('',#3902,#1976,#1977);
#1686=AXIS2_PLACEMENT_3D('',#3930,#1978,#1979);
#1687=AXIS2_PLACEMENT_3D('',#3931,#1980,#1981);
#1688=AXIS2_PLACEMENT_3D('',#3932,#1982,#1983);
#1689=AXIS2_PLACEMENT_3D('',#3934,#1985,#1986);
#1690=AXIS2_PLACEMENT_3D('',#3981,#1987,#1988);
#1691=AXIS2_PLACEMENT_3D('',#3982,#1989,#1990);
#1692=AXIS2_PLACEMENT_3D('',#4078,#1991,#1992);
#1693=AXIS2_PLACEMENT_3D('',#4120,#1994,#1995);
#1694=AXIS2_PLACEMENT_3D('',#4122,#1997,#1998);
#1695=AXIS2_PLACEMENT_3D('',#4123,#1999,#2000);
#1696=AXIS2_PLACEMENT_3D('',#4124,#2001,#2002);
#1697=AXIS2_PLACEMENT_3D('',#4125,#2003,#2004);
#1698=AXIS2_PLACEMENT_3D('',#4126,#2005,#2006);
#1699=AXIS2_PLACEMENT_3D('',#4132,#2010,#2011);
#1700=AXIS2_PLACEMENT_3D('',#4138,#2015,#2016);
#1701=AXIS2_PLACEMENT_3D('',#4141,#2019,#2020);
#1702=AXIS2_PLACEMENT_3D('',#4148,#2025,#2026);
#1703=AXIS2_PLACEMENT_3D('',#4150,#2028,#2029);
#1704=AXIS2_PLACEMENT_3D('',#4153,#2032,#2033);
#1705=AXIS2_PLACEMENT_3D('',#4155,#2035,#2036);
#1706=AXIS2_PLACEMENT_3D('',#4158,#2038,#2039);
#1707=AXIS2_PLACEMENT_3D('',#4159,#2040,#2041);
#1708=AXIS2_PLACEMENT_3D('',#4160,#2042,#2043);
#1709=AXIS2_PLACEMENT_3D('',#4161,#2044,#2045);
#1710=AXIS2_PLACEMENT_3D('',#4163,#2046,#2047);
#1711=AXIS2_PLACEMENT_3D('',#4164,#2048,#2049);
#1712=AXIS2_PLACEMENT_3D('',#4165,#2050,#2051);
#1713=AXIS2_PLACEMENT_3D('',#4167,#2053,#2054);
#1714=AXIS2_PLACEMENT_3D('',#4168,#2055,#2056);
#1715=AXIS2_PLACEMENT_3D('',#4179,#2057,#2058);
#1716=AXIS2_PLACEMENT_3D('',#4180,#2059,#2060);
#1717=AXIS2_PLACEMENT_3D('',#4181,#2061,#2062);
#1718=AXIS2_PLACEMENT_3D('',#4183,#2064,#2065);
#1719=AXIS2_PLACEMENT_3D('',#4184,#2066,#2067);
#1720=AXIS2_PLACEMENT_3D('',#4185,#2068,#2069);
#1721=AXIS2_PLACEMENT_3D('',#4186,#2070,#2071);
#1722=AXIS2_PLACEMENT_3D('',#4187,#2072,#2073);
#1723=AXIS2_PLACEMENT_3D('',#4188,#2074,#2075);
#1724=DIRECTION('axis',(0.,0.,1.));
#1725=DIRECTION('refdir',(1.,0.,0.));
#1726=DIRECTION('center_axis',(-0.422618261740699,0.264700560481851,-0.866791450190796));
#1727=DIRECTION('ref_axis',(9.38401049623171E-17,-0.956398546486001,-0.29206475357267));
#1728=DIRECTION('',(0.422618261740699,-0.264700560481851,0.866791450190796));
#1729=DIRECTION('center_axis',(-0.422618261740699,0.264700560481851,-0.866791450190796));
#1730=DIRECTION('ref_axis',(9.38401049623171E-17,-0.956398546486001,-0.29206475357267));
#1731=DIRECTION('center_axis',(-0.422618261740699,0.264700560481851,-0.866791450190796));
#1732=DIRECTION('ref_axis',(9.38401049623171E-17,-0.956398546486001,-0.29206475357267));
#1733=DIRECTION('',(-0.422618261740699,0.264700560481851,-0.866791450190796));
#1734=DIRECTION('center_axis',(0.422618261740699,-0.264700560481851,0.866791450190796));
#1735=DIRECTION('ref_axis',(0.,-0.956398546486001,-0.29206475357267));
#1736=DIRECTION('center_axis',(-0.567233124559693,-0.823172137176285,0.0251836252131345));
#1737=DIRECTION('ref_axis',(0.422618261740698,-0.264700560481854,0.866791450190796));
#1738=DIRECTION('center_axis',(-0.567233124559702,0.668666874303616,0.480761056670848));
#1739=DIRECTION('ref_axis',(-0.75308788991977,-0.657413025550379,0.025821384410698));
#1740=DIRECTION('center_axis',(-0.422618261740699,0.264700560481851,-0.866791450190796));
#1741=DIRECTION('ref_axis',(-0.898852945491477,0.,0.438250364952837));
#1742=DIRECTION('center_axis',(0.422618261740699,-0.264700560481851,0.866791450190796));
#1743=DIRECTION('ref_axis',(0.833227311109219,0.489732358317322,-0.25669917264895));
#1744=DIRECTION('center_axis',(-0.422618261740699,0.264700560481851,-0.866791450190796));
#1745=DIRECTION('ref_axis',(0.833227311109219,0.489732358317322,-0.25669917264895));
#1746=DIRECTION('center_axis',(-0.422618261740699,0.264700560481851,-0.866791450190796));
#1747=DIRECTION('ref_axis',(0.898852945491477,0.,-0.438250364952838));
#1748=DIRECTION('center_axis',(-0.422618261740699,0.264700560481851,-0.866791450190796));
#1749=DIRECTION('ref_axis',(0.898852945491477,0.,-0.438250364952838));
#1750=DIRECTION('center_axis',(-0.292873854442802,0.279258032246292,-0.914461511934617));
#1751=DIRECTION('ref_axis',(-0.840410651449273,0.380932858416899,0.385486827672412));
#1752=DIRECTION('center_axis',(-0.422618261740699,0.264700560481851,-0.866791450190796));
#1753=DIRECTION('ref_axis',(-0.898852945491477,0.,0.438250364952837));
#1754=DIRECTION('center_axis',(0.422618261740699,-0.264700560481851,0.866791450190796));
#1755=DIRECTION('ref_axis',(0.783513667682475,-0.373989765126354,-0.496223727904552));
#1756=DIRECTION('center_axis',(-0.4226182617407,0.264700560481851,-0.866791450190796));
#1757=DIRECTION('ref_axis',(0.783513667682475,-0.373989765126354,-0.496223727904552));
#1758=DIRECTION('center_axis',(-0.422618261740699,0.264700560481851,-0.866791450190796));
#1759=DIRECTION('ref_axis',(9.38401049623171E-17,-0.956398546486001,-0.29206475357267));
#1760=DIRECTION('center_axis',(0.422618261740699,-0.264700560481851,0.866791450190796));
#1761=DIRECTION('ref_axis',(0.,-0.956398546486001,-0.29206475357267));
#1762=DIRECTION('center_axis',(-0.422618261740699,0.264700560481851,-0.866791450190796));
#1763=DIRECTION('ref_axis',(9.38401049623171E-17,-0.956398546486001,-0.29206475357267));
#1764=DIRECTION('center_axis',(0.601815023152047,0.798635510047293,0.));
#1765=DIRECTION('ref_axis',(0.3971433585509,-0.299268986307457,0.867591624321846));
#1766=DIRECTION('center_axis',(1.22298418143139E-16,-9.21584683129277E-17,
1.));
#1767=DIRECTION('ref_axis',(0.84748946380363,-0.530812216081954,-1.69890973622212E-16));
#1768=DIRECTION('center_axis',(-0.798635510047293,0.601815023152049,0.));
#1769=DIRECTION('ref_axis',(-0.029775948289652,-0.0395140179866197,-0.998775267658348));
#1770=DIRECTION('center_axis',(-1.,0.,0.));
#1771=DIRECTION('ref_axis',(0.,-0.29206475357267,0.956398546486001));
#1772=DIRECTION('center_axis',(-0.422618261740699,0.264700560481851,-0.866791450190796));
#1773=DIRECTION('ref_axis',(9.38401049623171E-17,-0.956398546486001,-0.29206475357267));
#1774=DIRECTION('center_axis',(0.422618261740699,-0.264700560481851,0.866791450190796));
#1775=DIRECTION('ref_axis',(0.898852945491477,0.,-0.438250364952838));
#1776=DIRECTION('center_axis',(-0.422618261740699,0.264700560481851,-0.866791450190796));
#1777=DIRECTION('ref_axis',(-1.87680209924634E-17,-0.956398546486001,-0.29206475357267));
#1778=DIRECTION('center_axis',(-0.898852945491477,1.83242108268181E-16,
0.438250364952838));
#1779=DIRECTION('ref_axis',(0.265729277100704,-0.79520455245234,0.545011624693099));
#1780=DIRECTION('',(0.898852945491477,-1.83242108268181E-16,-0.438250364952838));
#1781=DIRECTION('center_axis',(-0.898852945491477,1.94622258288407E-16,
0.438250364952837));
#1782=DIRECTION('ref_axis',(0.,-1.,4.44089209850062E-16));
#1783=DIRECTION('',(-0.898852945491477,1.83242108268181E-16,0.438250364952838));
#1784=DIRECTION('center_axis',(0.,1.,-4.1812197529579E-16));
#1785=DIRECTION('ref_axis',(0.,-4.1812197529579E-16,-1.));
#1786=DIRECTION('center_axis',(0.,-1.,4.1812197529579E-16));
#1787=DIRECTION('ref_axis',(-1.5989501971808E-15,-4.4632576101249E-16,-1.));
#1788=DIRECTION('',(-1.,0.,0.));
#1789=DIRECTION('',(-6.15650445789061E-16,-4.1812197529579E-16,-1.));
#1790=DIRECTION('',(-1.38777878078145E-17,-0.982872186934322,-0.184288535050186));
#1791=DIRECTION('center_axis',(2.51137652796281E-15,-0.387288235616807,
0.92195868809444));
#1792=DIRECTION('ref_axis',(-0.478770326143489,0.809424584530907,0.340015906630007));
#1793=DIRECTION('center_axis',(-6.15650445789061E-16,-4.1812197529579E-16,
-1.));
#1794=DIRECTION('ref_axis',(0.446197813109808,-0.894934361602025,1.24056363489915E-16));
#1795=DIRECTION('',(6.15650445789061E-16,4.1812197529579E-16,1.));
#1796=DIRECTION('center_axis',(-0.954686493816289,-7.1577558708632E-16,
0.297613337276341));
#1797=DIRECTION('ref_axis',(-9.9351638027656E-12,-1.,-3.18725046355439E-11));
#1798=DIRECTION('center_axis',(0.961820714094566,1.21538474125994E-16,0.273680313392502));
#1799=DIRECTION('ref_axis',(-0.249116912113664,-0.414063863546444,0.875495220434667));
#1800=DIRECTION('center_axis',(0.,0.,1.));
#1801=DIRECTION('ref_axis',(0.84748946380363,-0.530812216081955,0.));
#1802=DIRECTION('center_axis',(0.0825710211394689,-0.0517171110523059,-0.995242365905104));
#1803=DIRECTION('ref_axis',(0.843457419035572,-0.528286805784737,0.0974301447582378));
#1804=DIRECTION('center_axis',(0.798635510047293,-0.601815023152049,-2.40048221540574E-16));
#1805=DIRECTION('ref_axis',(1.91711033846002E-16,-1.44464626004049E-16,
1.));
#1806=DIRECTION('center_axis',(0.798635510047293,-0.601815023152049,-2.40048221540574E-16));
#1807=DIRECTION('ref_axis',(0.601815023152048,0.798635510047293,3.35022877896388E-16));
#1808=DIRECTION('',(0.601815023152047,0.798635510047293,0.));
#1809=DIRECTION('',(-5.75133101538006E-16,4.33393878012146E-16,-1.));
#1810=DIRECTION('',(0.601815023152047,0.798635510047293,0.));
#1811=DIRECTION('',(-1.91711033846002E-16,1.44464626004049E-16,-1.));
#1812=DIRECTION('',(0.601815023152047,0.798635510047293,0.));
#1813=DIRECTION('',(-5.75133101538006E-16,4.33393878012146E-16,-1.));
#1814=DIRECTION('',(0.601815023152047,0.798635510047293,0.));
#1815=DIRECTION('center_axis',(-0.545429641838343,-0.723809581759848,-0.422618261740699));
#1816=DIRECTION('ref_axis',(-0.612490434226776,0.,0.790477999681645));
#1817=DIRECTION('center_axis',(-0.545429641838343,-0.723809581759849,-0.422618261740699));
#1818=DIRECTION('ref_axis',(-0.740641271447822,0.180171230186921,0.647293468869481));
#1819=DIRECTION('center_axis',(0.166093437109957,-0.587563504807845,0.791948292483115));
#1820=DIRECTION('ref_axis',(0.85758086035768,-0.310386325566156,-0.410140703722177));
#1821=DIRECTION('center_axis',(0.545429641838343,0.723809581759848,0.422618261740699));
#1822=DIRECTION('ref_axis',(-0.740641271447822,0.180171230186921,0.647293468869481));
#1823=DIRECTION('center_axis',(0.462146458726561,0.8481376879243,0.25900407913568));
#1824=DIRECTION('ref_axis',(0.871917565176178,-0.381287483389607,-0.307212653625573));
#1825=DIRECTION('center_axis',(0.42269480633274,0.866757309378568,0.264690134568996));
#1826=DIRECTION('ref_axis',(0.845038591559259,-0.27141496815132,-0.460699135921658));
#1827=DIRECTION('center_axis',(0.,0.29206475357267,-0.956398546486001));
#1828=DIRECTION('ref_axis',(-0.555857754029193,-0.795032520979938,-0.242786836278052));
#1829=DIRECTION('center_axis',(-0.87474242893317,-0.463459410105994,-0.141531120988647));
#1830=DIRECTION('ref_axis',(-0.252710347562322,0.685489542510464,-0.682818839329822));
#1831=DIRECTION('center_axis',(-0.835582376726134,-0.525412051553963,-0.160450203448176));
#1832=DIRECTION('ref_axis',(-0.324208458903093,0.707400889958807,-0.628070741287293));
#1833=DIRECTION('center_axis',(0.,0.29206475357267,-0.956398546486001));
#1834=DIRECTION('ref_axis',(-0.555857754029193,-0.795032520979938,-0.242786836278052));
#1835=DIRECTION('center_axis',(-0.506438236581068,-0.705846416027655,-0.495278860349977));
#1836=DIRECTION('ref_axis',(-0.00073192283031487,0.57473705918557,-0.81833781355116));
#1837=DIRECTION('center_axis',(0.0372766324989883,0.67297034728453,0.738729561033856));
#1838=DIRECTION('ref_axis',(0.998469428852388,-0.0553064159676397,0.));
#1839=DIRECTION('center_axis',(-0.27800154227591,-0.809017847054151,-0.517885378863008));
#1840=DIRECTION('ref_axis',(0.11786030448901,0.506336240315356,-0.854243852988752));
#1841=DIRECTION('center_axis',(-0.300450141310774,-0.813720152645222,-0.497583385740895));
#1842=DIRECTION('ref_axis',(0.18845277726643,0.460757183216639,-0.86728793883856));
#1843=DIRECTION('center_axis',(-0.449516916085512,-0.751795518737411,-0.482429311049109));
#1844=DIRECTION('ref_axis',(0.29429963873934,0.38527405544677,-0.874615129549846));
#1845=DIRECTION('center_axis',(0.,0.,1.));
#1846=DIRECTION('ref_axis',(1.,0.,0.));
#1847=DIRECTION('center_axis',(0.0529018779031995,0.955059316194544,0.291655779754706));
#1848=DIRECTION('ref_axis',(0.,0.292064753572671,-0.956398546486001));
#1849=DIRECTION('center_axis',(1.,0.,0.));
#1850=DIRECTION('ref_axis',(0.,0.,-1.));
#1851=DIRECTION('center_axis',(-1.,0.,0.));
#1852=DIRECTION('ref_axis',(0.,0.863573193387942,0.504223501695184));
#1853=DIRECTION('',(0.,-1.,0.));
#1854=DIRECTION('',(0.,-1.,0.));
#1855=DIRECTION('',(0.,0.,-1.));
#1856=DIRECTION('center_axis',(-1.,0.,0.));
#1857=DIRECTION('ref_axis',(0.,0.863573193387941,0.504223501695184));
#1858=DIRECTION('center_axis',(0.545429641838343,0.723809581759848,0.422618261740699));
#1859=DIRECTION('ref_axis',(-0.798635510047293,0.601815023152048,0.));
#1860=DIRECTION('center_axis',(0.,-1.,0.));
#1861=DIRECTION('ref_axis',(0.790477999681646,0.,0.612490434226775));
#1862=DIRECTION('center_axis',(-1.,0.,0.));
#1863=DIRECTION('ref_axis',(0.,0.863573193387942,0.504223501695184));
#1864=DIRECTION('center_axis',(0.,0.29206475357267,-0.956398546486001));
#1865=DIRECTION('ref_axis',(0.,0.956398546486001,0.29206475357267));
#1866=DIRECTION('',(0.,-0.956398546486001,-0.29206475357267));
#1867=DIRECTION('',(1.,0.,0.));
#1868=DIRECTION('center_axis',(0.,0.956398546486001,0.29206475357267));
#1869=DIRECTION('ref_axis',(-0.707106781186548,0.206520967796813,-0.676275897737209));
#1870=DIRECTION('',(0.,-0.956398546486001,-0.29206475357267));
#1871=DIRECTION('center_axis',(0.,1.,2.368475785867E-16));
#1872=DIRECTION('ref_axis',(-7.07877124684528E-17,2.25245121800069E-16,
-1.));
#1873=DIRECTION('',(0.,0.956398546486001,0.29206475357267));
#1874=DIRECTION('',(0.,0.956398546486001,0.29206475357267));
#1875=DIRECTION('center_axis',(0.,-1.,0.));
#1876=DIRECTION('ref_axis',(-7.07877124684528E-17,0.,-1.));
#1877=DIRECTION('center_axis',(0.,0.29206475357267,-0.956398546486001));
#1878=DIRECTION('ref_axis',(0.,0.956398546486001,0.29206475357267));
#1879=DIRECTION('center_axis',(0.,0.29206475357267,-0.956398546486001));
#1880=DIRECTION('ref_axis',(1.32726960878349E-16,0.956398546486001,0.29206475357267));
#1881=DIRECTION('',(0.,0.956398546486001,0.29206475357267));
#1882=DIRECTION('',(1.,0.,0.));
#1883=DIRECTION('center_axis',(0.,-0.309721025100324,0.950827474682345));
#1884=DIRECTION('ref_axis',(0.,0.950827474682344,0.309721025100324));
#1885=DIRECTION('center_axis',(4.24726274810716E-15,0.956398546486002,0.292064753572667));
#1886=DIRECTION('ref_axis',(1.,-4.44089209850061E-15,0.));
#1887=DIRECTION('center_axis',(0.,0.,1.));
#1888=DIRECTION('ref_axis',(-0.5,0.866025403784439,0.));
#1889=DIRECTION('',(0.,0.,-1.));
#1890=DIRECTION('center_axis',(0.,0.,-1.));
#1891=DIRECTION('ref_axis',(-0.910933228685798,0.41255381815718,0.));
#1892=DIRECTION('',(0.,0.,1.));
#1893=DIRECTION('center_axis',(-1.69313963181732E-16,0.360765017781274,
-0.932656743901676));
#1894=DIRECTION('ref_axis',(2.76121864307085E-16,0.932656743901676,0.360765017781274));
#1895=DIRECTION('',(0.,0.,-1.));
#1896=DIRECTION('center_axis',(0.,0.,-1.));
#1897=DIRECTION('ref_axis',(-1.,0.,0.));
#1898=DIRECTION('center_axis',(-0.215895838974053,-0.976416400268702,0.));
#1899=DIRECTION('ref_axis',(0.,0.,1.));
#1900=DIRECTION('center_axis',(-0.582961190818051,-0.8125,0.));
#1901=DIRECTION('ref_axis',(0.,0.,1.));
#1902=DIRECTION('center_axis',(0.,0.,1.));
#1903=DIRECTION('ref_axis',(0.8125,-0.582961190818051,0.));
#1904=DIRECTION('center_axis',(0.,-0.956398546486001,-0.29206475357267));
#1905=DIRECTION('ref_axis',(0.707106781186547,0.206520967796814,-0.676275897737209));
#1906=DIRECTION('center_axis',(0.,1.,2.368475785867E-16));
#1907=DIRECTION('ref_axis',(-1.32726960878349E-16,2.34630335208405E-16,
-1.));
#1908=DIRECTION('',(0.,-0.956398546486001,-0.29206475357267));
#1909=DIRECTION('center_axis',(0.545429641838343,0.723809581759848,0.422618261740699));
#1910=DIRECTION('ref_axis',(-0.798635510047293,0.601815023152048,0.));
#1911=DIRECTION('center_axis',(-0.601815023152049,-0.798635510047293,0.));
#1912=DIRECTION('ref_axis',(-1.24681616331295E-15,8.31210775541966E-16,
1.));
#1913=DIRECTION('center_axis',(-0.601815023152049,-0.798635510047293,0.));
#1914=DIRECTION('ref_axis',(-1.24681616331295E-15,8.31210775541966E-16,
1.));
#1915=DIRECTION('center_axis',(0.,0.956398546486001,0.29206475357267));
#1916=DIRECTION('ref_axis',(-0.707106781186547,-0.206520967796817,0.676275897737208));
#1917=DIRECTION('center_axis',(0.,1.,2.368475785867E-16));
#1918=DIRECTION('ref_axis',(5.30907843513396E-16,-2.81556402250086E-16,
1.));
#1919=DIRECTION('',(0.,0.956398546486001,0.29206475357267));
#1920=DIRECTION('center_axis',(0.,-0.956398546486001,-0.292064753572672));
#1921=DIRECTION('ref_axis',(0.,-0.292064753572671,0.956398546486001));
#1922=DIRECTION('',(0.,-0.956398546486001,-0.29206475357267));
#1923=DIRECTION('center_axis',(1.,0.,0.));
#1924=DIRECTION('ref_axis',(0.,0.,-1.));
#1925=DIRECTION('center_axis',(-7.25891515807474E-16,-0.490236043919999,
-0.871589709233461));
#1926=DIRECTION('ref_axis',(0.,-0.871589709233461,0.490236043919999));
#1927=DIRECTION('center_axis',(-1.,0.,0.));
#1928=DIRECTION('ref_axis',(0.,0.611284967121285,-0.791410569155814));
#1929=DIRECTION('center_axis',(1.,0.,0.));
#1930=DIRECTION('ref_axis',(0.,0.611284967121284,-0.791410569155814));
#1931=DIRECTION('center_axis',(-1.,0.,0.));
#1932=DIRECTION('ref_axis',(0.,0.29206475357267,-0.956398546486001));
#1933=DIRECTION('',(-1.,0.,0.));
#1934=DIRECTION('center_axis',(-0.701804072972983,0.712370018430403,2.93840409373364E-16));
#1935=DIRECTION('ref_axis',(0.712370018430403,0.701804072972983,2.88412696466289E-16));
#1936=DIRECTION('center_axis',(0.,0.29206475357267,-0.956398546486001));
#1937=DIRECTION('ref_axis',(0.,-0.956398546486001,-0.29206475357267));
#1938=DIRECTION('',(-1.,0.,0.));
#1939=DIRECTION('',(0.,-0.956398546486001,-0.29206475357267));
#1940=DIRECTION('center_axis',(0.,-0.29206475357267,0.956398546486001));
#1941=DIRECTION('ref_axis',(2.79425180796524E-16,0.956398546486001,0.29206475357267));
#1942=DIRECTION('center_axis',(0.,-0.956398546486001,-0.29206475357267));
#1943=DIRECTION('ref_axis',(0.843391445812885,-0.156926277706509,0.5138725644504));
#1944=DIRECTION('center_axis',(0.,-1.,0.));
#1945=DIRECTION('ref_axis',(-9.95452206587617E-16,0.,1.));
#1946=DIRECTION('',(-2.34600262405793E-17,-0.956398546486001,-0.29206475357267));
#1947=DIRECTION('',(0.,0.956398546486001,0.29206475357267));
#1948=DIRECTION('center_axis',(0.422618261740699,-0.264700560481851,0.866791450190796));
#1949=DIRECTION('ref_axis',(0.898852945491477,0.,-0.438250364952838));
#1950=DIRECTION('',(0.898852945491477,0.,-0.438250364952838));
#1951=DIRECTION('center_axis',(0.422618261740699,-0.264700560481851,0.866791450190796));
#1952=DIRECTION('ref_axis',(0.0438920290925027,0.961254056418252,0.272147255730422));
#1953=DIRECTION('center_axis',(-0.422618261740699,0.264700560481851,-0.866791450190796));
#1954=DIRECTION('ref_axis',(0.898852945491477,0.,-0.438250364952838));
#1955=DIRECTION('center_axis',(0.,1.,0.));
#1956=DIRECTION('ref_axis',(0.,0.,1.));
#1957=DIRECTION('',(0.,0.,1.));
#1958=DIRECTION('',(0.,0.,1.));
#1959=DIRECTION('center_axis',(0.,1.,0.));
#1960=DIRECTION('ref_axis',(-1.5989501971808E-15,0.,-1.));
#1961=DIRECTION('center_axis',(0.,0.956398546486001,0.29206475357267));
#1962=DIRECTION('ref_axis',(0.707106781186548,-0.206520967796812,0.676275897737209));
#1963=DIRECTION('center_axis',(0.,1.,2.368475785867E-16));
#1964=DIRECTION('ref_axis',(6.63634804391745E-17,-2.58093368729246E-16,
1.));
#1965=DIRECTION('',(0.,0.956398546486001,0.29206475357267));
#1966=DIRECTION('center_axis',(0.,-0.956398546486001,-0.29206475357267));
#1967=DIRECTION('ref_axis',(1.,0.,0.));
#1968=DIRECTION('center_axis',(1.,0.,0.));
#1969=DIRECTION('ref_axis',(0.,0.,-1.));
#1970=DIRECTION('',(0.,-2.368475785867E-16,1.));
#1971=DIRECTION('center_axis',(0.,-1.,-2.368475785867E-16));
#1972=DIRECTION('ref_axis',(0.,2.368475785867E-16,-1.));
#1973=DIRECTION('',(0.,2.368475785867E-16,-1.));
#1974=DIRECTION('center_axis',(-1.,0.,0.));
#1975=DIRECTION('ref_axis',(0.,0.29206475357267,-0.956398546486001));
#1976=DIRECTION('center_axis',(2.8315035656419E-16,0.197267577006531,0.98034968407297));
#1977=DIRECTION('ref_axis',(-0.840410651449271,-0.531300632871124,0.106909187824782));
#1978=DIRECTION('center_axis',(2.11332471715313E-16,0.128661682679531,-0.991688545567645));
#1979=DIRECTION('ref_axis',(-0.579508808477699,-0.808192422732422,-0.104854893708669));
#1980=DIRECTION('center_axis',(-1.,0.,0.));
#1981=DIRECTION('ref_axis',(0.,0.29206475357267,-0.956398546486001));
#1982=DIRECTION('center_axis',(1.,0.,0.));
#1983=DIRECTION('ref_axis',(0.,0.,-1.));
#1984=DIRECTION('',(-1.38777878078145E-17,-0.982872186934322,-0.184288535050186));
#1985=DIRECTION('center_axis',(1.,0.,0.));
#1986=DIRECTION('ref_axis',(0.,0.,-1.));
#1987=DIRECTION('center_axis',(0.,0.,1.));
#1988=DIRECTION('ref_axis',(-0.997614086472016,-0.0690371962974012,0.));
#1989=DIRECTION('center_axis',(0.,-0.711295764284587,0.702892833731292));
#1990=DIRECTION('ref_axis',(-1.,0.,0.));
#1991=DIRECTION('center_axis',(-0.422618261740699,0.264700560481851,-0.866791450190796));
#1992=DIRECTION('ref_axis',(0.898852945491477,0.,-0.438250364952838));
#1993=DIRECTION('',(0.,-0.956398546486001,-0.29206475357267));
#1994=DIRECTION('center_axis',(0.,0.,1.));
#1995=DIRECTION('ref_axis',(-0.798635510047293,0.601815023152048,0.));
#1996=DIRECTION('',(0.798635510047293,-0.601815023152048,-7.64344770396032E-16));
#1997=DIRECTION('center_axis',(-0.422618261740699,0.264700560481851,-0.866791450190796));
#1998=DIRECTION('ref_axis',(-0.898852945491477,0.,0.438250364952837));
#1999=DIRECTION('center_axis',(-0.422618261740699,0.264700560481851,-0.866791450190796));
#2000=DIRECTION('ref_axis',(-0.722337530855111,-0.676007306157467,0.145748459819879));
#2001=DIRECTION('center_axis',(0.422618261740699,-0.264700560481851,0.866791450190796));
#2002=DIRECTION('ref_axis',(-0.722337530855111,-0.676007306157467,0.145748459819879));
#2003=DIRECTION('center_axis',(0.422618261740699,-0.264700560481851,0.866791450190796));
#2004=DIRECTION('ref_axis',(0.898852945491477,0.,-0.438250364952838));
#2005=DIRECTION('center_axis',(0.,0.,1.));
#2006=DIRECTION('ref_axis',(0.798635510047293,-0.601815023152048,0.));
#2007=DIRECTION('',(-0.798635510047293,0.601815023152048,0.));
#2008=DIRECTION('',(0.798635510047293,-0.601815023152048,0.));
#2009=DIRECTION('',(0.601815023152047,0.798635510047293,0.));
#2010=DIRECTION('center_axis',(0.798635510047293,-0.601815023152047,-4.44089209850063E-16));
#2011=DIRECTION('ref_axis',(-3.54665412615104E-16,2.6725955810749E-16,-1.));
#2012=DIRECTION('',(3.54665412615104E-16,-2.6725955810749E-16,1.));
#2013=DIRECTION('',(-3.54665412615104E-16,2.6725955810749E-16,-1.));
#2014=DIRECTION('',(0.601815023152047,0.798635510047293,0.));
#2015=DIRECTION('center_axis',(0.,0.,-1.));
#2016=DIRECTION('ref_axis',(-0.798635510047293,0.601815023152048,0.));
#2017=DIRECTION('',(0.798635510047293,-0.601815023152048,0.));
#2018=DIRECTION('',(-0.798635510047293,0.601815023152048,0.));
#2019=DIRECTION('center_axis',(0.601815023152047,0.798635510047293,0.));
#2020=DIRECTION('ref_axis',(0.,0.,-1.));
#2021=DIRECTION('',(-0.798635510047293,0.601815023152047,1.53134210293125E-16));
#2022=DIRECTION('',(-0.798635510047293,0.601815023152048,7.49018206356327E-16));
#2023=DIRECTION('',(0.798635510047293,-0.601815023152047,0.));
#2024=DIRECTION('',(0.,0.,-1.));
#2025=DIRECTION('center_axis',(1.22298418143139E-16,-9.21584683129277E-17,
1.));
#2026=DIRECTION('ref_axis',(-0.798635510047293,0.601815023152048,1.53134210293125E-16));
#2027=DIRECTION('',(-0.601815023152049,-0.798635510047293,0.));
#2028=DIRECTION('center_axis',(-0.798635510047293,0.601815023152049,0.));
#2029=DIRECTION('ref_axis',(0.,0.,-1.));
#2030=DIRECTION('',(-0.601815023152049,-0.798635510047293,0.));
#2031=DIRECTION('',(0.,0.,-1.));
#2032=DIRECTION('center_axis',(-0.601815023152049,-0.798635510047293,0.));
#2033=DIRECTION('ref_axis',(0.,0.,1.));
#2034=DIRECTION('',(0.798635510047293,-0.601815023152048,-7.49018206356327E-16));
#2035=DIRECTION('center_axis',(-0.601815023152049,-0.798635510047293,0.));
#2036=DIRECTION('ref_axis',(0.,0.,1.));
#2037=DIRECTION('',(0.798635510047293,-0.601815023152048,-7.49018206356327E-16));
#2038=DIRECTION('center_axis',(0.601815023152049,0.798635510047293,0.));
#2039=DIRECTION('ref_axis',(-0.798635510047293,0.601815023152049,1.47777255256293E-16));
#2040=DIRECTION('center_axis',(0.,0.,-1.));
#2041=DIRECTION('ref_axis',(0.798635510047293,-0.601815023152048,0.));
#2042=DIRECTION('center_axis',(1.,0.,0.));
#2043=DIRECTION('ref_axis',(0.,0.,-1.));
#2044=DIRECTION('center_axis',(0.,0.,-1.));
#2045=DIRECTION('ref_axis',(-1.,0.,0.));
#2046=DIRECTION('center_axis',(0.,-1.,0.));
#2047=DIRECTION('ref_axis',(0.,0.,1.));
#2048=DIRECTION('center_axis',(0.,0.,-1.));
#2049=DIRECTION('ref_axis',(0.951971638232988,-0.306186217847897,0.));
#2050=DIRECTION('center_axis',(0.,-1.,0.));
#2051=DIRECTION('ref_axis',(-0.707106781186548,0.,0.707106781186547));
#2052=DIRECTION('',(0.,-1.,0.));
#2053=DIRECTION('center_axis',(-0.601815023152049,-0.798635510047293,0.));
#2054=DIRECTION('ref_axis',(0.,0.,1.));
#2055=DIRECTION('center_axis',(0.,0.,1.));
#2056=DIRECTION('ref_axis',(1.,0.,0.));
#2057=DIRECTION('center_axis',(0.,0.,-1.));
#2058=DIRECTION('ref_axis',(0.798635510047293,-0.601815023152048,0.));
#2059=DIRECTION('center_axis',(-0.422618261740699,0.264700560481851,-0.866791450190796));
#2060=DIRECTION('ref_axis',(-1.87680209924634E-17,-0.956398546486001,-0.29206475357267));
#2061=DIRECTION('center_axis',(-0.422618261740699,0.264700560481851,-0.866791450190796));
#2062=DIRECTION('ref_axis',(-1.87680209924634E-17,-0.956398546486001,-0.29206475357267));
#2063=DIRECTION('',(-0.422618261740699,0.264700560481851,-0.866791450190796));
#2064=DIRECTION('center_axis',(0.422618261740699,-0.264700560481851,0.866791450190796));
#2065=DIRECTION('ref_axis',(0.,-0.956398546486001,-0.29206475357267));
#2066=DIRECTION('center_axis',(-0.601815023152049,-0.798635510047293,0.));
#2067=DIRECTION('ref_axis',(0.,0.,1.));
#2068=DIRECTION('center_axis',(0.,0.,-1.));
#2069=DIRECTION('ref_axis',(0.951971638232988,-0.306186217847897,0.));
#2070=DIRECTION('center_axis',(0.422618261740699,-0.264700560481851,0.866791450190796));
#2071=DIRECTION('ref_axis',(0.898852945491477,0.,-0.438250364952838));
#2072=DIRECTION('center_axis',(0.422618261740699,-0.264700560481851,0.866791450190796));
#2073=DIRECTION('ref_axis',(0.898852945491477,0.,-0.438250364952838));
#2074=DIRECTION('center_axis',(0.422618261740699,-0.264700560481851,0.866791450190796));
#2075=DIRECTION('ref_axis',(0.898852945491477,0.,-0.438250364952838));
#2076=CARTESIAN_POINT('',(0.,0.,0.));
#2077=CARTESIAN_POINT('Origin',(35.,105.864945493225,32.3290110917326));
#2078=CARTESIAN_POINT('',(29.0833443356302,121.525735171046,23.8447402087199));
#2079=CARTESIAN_POINT('',(35.,117.8199273243,35.979820511391));
#2080=CARTESIAN_POINT('',(35.,117.8199273243,35.979820511391));
#2081=CARTESIAN_POINT('',(19.2567101868695,114.181395712323,26.3930628428804));
#2082=CARTESIAN_POINT('Origin',(29.0833443356302,109.570753339971,20.1939307890615));
#2083=CARTESIAN_POINT('',(18.1474265488586,104.960110967619,24.1179184387932));
#2084=CARTESIAN_POINT('Ctrl Pts',(18.1474095706475,104.959820174255,24.1179026267043));
#2085=CARTESIAN_POINT('Ctrl Pts',(18.3178363796709,104.942431116044,24.5724814353647));
#2086=CARTESIAN_POINT('Ctrl Pts',(18.6954472451178,104.912773850065,25.5777013371298));
#2087=CARTESIAN_POINT('Ctrl Pts',(19.2848419318036,104.902634328489,27.1395255499063));
#2088=CARTESIAN_POINT('Ctrl Pts',(19.9150490840627,104.949522095819,28.8001429204949));
#2089=CARTESIAN_POINT('Ctrl Pts',(20.441983036098,105.057038959125,30.1795598591977));
#2090=CARTESIAN_POINT('Ctrl Pts',(20.8118526685378,105.191868202211,31.1415520693347));
#2091=CARTESIAN_POINT('Ctrl Pts',(21.0246117264527,105.294582267168,31.6925833945332));
#2092=CARTESIAN_POINT('Ctrl Pts',(21.2370843220652,105.416344088454,32.2411741461934));
#2093=CARTESIAN_POINT('Ctrl Pts',(21.5047637943274,105.621769721452,32.928004968688));
#2094=CARTESIAN_POINT('Ctrl Pts',(21.8120803907809,105.977801738976,33.7074068832836));
#2095=CARTESIAN_POINT('Ctrl Pts',(22.0622709037546,106.542131392228,34.3226513164092));
#2096=CARTESIAN_POINT('Ctrl Pts',(22.1306652476088,107.254360699395,34.453249320519));
#2097=CARTESIAN_POINT('Ctrl Pts',(22.0767834390888,108.070251191199,34.257572258256));
#2098=CARTESIAN_POINT('Ctrl Pts',(21.9253565223259,108.696704653288,33.819297953541));
#2099=CARTESIAN_POINT('Ctrl Pts',(21.7186633930262,109.361425400599,33.2328304332876));
#2100=CARTESIAN_POINT('Ctrl Pts',(21.5314077009677,109.87135861507,32.7071209646212));
#2101=CARTESIAN_POINT('Ctrl Pts',(21.2187693230829,110.6213727133,31.8347580624748));
#2102=CARTESIAN_POINT('Ctrl Pts',(20.8086032599019,111.476918593271,30.6961000526023));
#2103=CARTESIAN_POINT('Ctrl Pts',(20.1295701978776,112.749279122011,28.8142391470911));
#2104=CARTESIAN_POINT('Ctrl Pts',(19.6062366253992,113.621207991226,27.3637622291601));
#2105=CARTESIAN_POINT('Ctrl Pts',(19.2567101868695,114.181395712323,26.3930628428804));
#2106=CARTESIAN_POINT('',(17.806843008941,104.999860608084,23.208314528251));
#2107=CARTESIAN_POINT('Ctrl Pts',(17.8068340528934,104.999707342304,23.2083047614852));
#2108=CARTESIAN_POINT('Ctrl Pts',(17.9201087050075,104.984803245583,23.5112240748002));
#2109=CARTESIAN_POINT('Ctrl Pts',(18.0336251163838,104.97142987645,23.8144057651502));
#2110=CARTESIAN_POINT('Ctrl Pts',(18.1474095706475,104.959820174255,24.1179026267043));
#2111=CARTESIAN_POINT('',(18.9615939589336,102.822502750326,23.068175610089));
#2112=CARTESIAN_POINT('Ctrl Pts',(18.9615939589372,102.822502750319,23.0681756100852));
#2113=CARTESIAN_POINT('Ctrl Pts',(18.8354040455115,103.070198833937,23.2053429229361));
#2114=CARTESIAN_POINT('Ctrl Pts',(18.6982041685103,103.337065655847,23.2971303108311));
#2115=CARTESIAN_POINT('Ctrl Pts',(18.3739237719096,103.964772543354,23.4107289879141));
#2116=CARTESIAN_POINT('Ctrl Pts',(18.1893172262457,104.320083919494,23.3995913640586));
#2117=CARTESIAN_POINT('Ctrl Pts',(17.9470981786083,104.758900492629,23.2992241681698));
#2118=CARTESIAN_POINT('Ctrl Pts',(17.8769540356275,104.882557478983,23.2597833140827));
#2119=CARTESIAN_POINT('Ctrl Pts',(17.8068430089371,104.999860608078,23.2083145282438));
#2120=CARTESIAN_POINT('',(29.0833443356302,97.6157715088959,16.5431213694031));
#2121=CARTESIAN_POINT('Origin',(29.0833443356302,109.570753339971,20.1939307890615));
#2122=CARTESIAN_POINT('',(35.,93.90996366215,28.6782016720743));
#2123=CARTESIAN_POINT('',(35.,93.90996366215,28.6782016720743));
#2124=CARTESIAN_POINT('Origin',(35.,105.864945493225,32.3290110917326));
#2125=CARTESIAN_POINT('Ctrl Pts',(17.3312192878288,98.8487689611454,22.6495934336802));
#2126=CARTESIAN_POINT('Ctrl Pts',(17.1861397120372,99.0197919537557,22.772556298751));
#2127=CARTESIAN_POINT('Ctrl Pts',(17.061549036802,99.4434421982288,22.9626767155145));
#2128=CARTESIAN_POINT('Ctrl Pts',(17.2224096059851,99.8791072986878,23.0172898316599));
#2129=CARTESIAN_POINT('Ctrl Pts',(17.3312192878288,100.037012566329,23.0124589744189));
#2130=CARTESIAN_POINT('Ctrl Pts',(17.1032803256382,98.6247000386249,22.6923026673696));
#2131=CARTESIAN_POINT('Ctrl Pts',(16.9081600096664,98.8474909358903,22.8554950011206));
#2132=CARTESIAN_POINT('Ctrl Pts',(16.7371675120956,99.4122507276923,23.1113516593585));
#2133=CARTESIAN_POINT('Ctrl Pts',(16.9569400886594,99.9920312322513,23.1812253100834));
#2134=CARTESIAN_POINT('Ctrl Pts',(17.1032803256382,100.198994548318,23.1730603386498));
#2135=CARTESIAN_POINT('Ctrl Pts',(16.5809885197941,98.2195720909831,22.6395413753176));
#2136=CARTESIAN_POINT('Ctrl Pts',(16.2839386916014,98.5470481723805,22.8789019249416));
#2137=CARTESIAN_POINT('Ctrl Pts',(16.0185245117467,99.3944992319293,23.2622072054901));
#2138=CARTESIAN_POINT('Ctrl Pts',(16.3582011486497,100.260485263317,23.3673119275078));
#2139=CARTESIAN_POINT('Ctrl Pts',(16.5809885197941,100.564481848886,23.3556293421056));
#2140=CARTESIAN_POINT('Ctrl Pts',(15.6393897176191,97.8183026990223,22.0866877760603));
#2141=CARTESIAN_POINT('Ctrl Pts',(15.2035725009276,98.2962406800872,22.415216546854));
#2142=CARTESIAN_POINT('Ctrl Pts',(14.8140506021567,99.5258460611642,22.9541014644019));
#2143=CARTESIAN_POINT('Ctrl Pts',(15.3125268051006,100.771198672453,23.1253745647511));
#2144=CARTESIAN_POINT('Ctrl Pts',(15.6393897176191,101.206150751616,23.1212679835042));
#2145=CARTESIAN_POINT('Ctrl Pts',(15.1410378831524,97.8953005752659,21.391607355561));
#2146=CARTESIAN_POINT('Ctrl Pts',(14.6762161688173,98.4224769220637,21.7288353956525));
#2147=CARTESIAN_POINT('Ctrl Pts',(14.2690701258486,99.7362512930941,22.2845468641371));
#2148=CARTESIAN_POINT('Ctrl Pts',(14.7924215974012,101.061377421742,22.490642418915));
#2149=CARTESIAN_POINT('Ctrl Pts',(15.1410378831523,101.530603046198,22.5017551325897));
#2150=CARTESIAN_POINT('Ctrl Pts',(14.979806984508,98.0633440310083,20.9676533021203));
#2151=CARTESIAN_POINT('Ctrl Pts',(14.5307935054535,98.5903942025749,21.2907589221417));
#2152=CARTESIAN_POINT('Ctrl Pts',(14.1451885673983,99.8733566343031,21.8217865292471));
#2153=CARTESIAN_POINT('Ctrl Pts',(14.6430468752173,101.164844938937,22.0364052646661));
#2154=CARTESIAN_POINT('Ctrl Pts',(14.9798069845079,101.62807484656,22.0562499243364));
#2155=CARTESIAN_POINT('',(17.3312192878288,100.037012566329,23.0124589744189));
#2156=CARTESIAN_POINT('',(14.9798069845079,101.62807484656,22.0562499243364));
#2157=CARTESIAN_POINT('Origin',(16.4859827643474,100.566413687293,21.2788760740373));
#2158=CARTESIAN_POINT('',(14.9798069845078,98.0633440310084,20.96765330212));
#2159=CARTESIAN_POINT('Ctrl Pts',(14.9798069845079,101.62807484656,22.0562499243364));
#2160=CARTESIAN_POINT('Ctrl Pts',(14.6430468752173,101.164844938937,22.0364052646661));
#2161=CARTESIAN_POINT('Ctrl Pts',(14.1451885673983,99.8733566343031,21.8217865292471));
#2162=CARTESIAN_POINT('Ctrl Pts',(14.5307935054535,98.5903942025749,21.2907589221417));
#2163=CARTESIAN_POINT('Ctrl Pts',(14.979806984508,98.0633440310083,20.9676533021203));
#2164=CARTESIAN_POINT('',(17.3312192878288,98.8487689611454,22.6495934336802));
#2165=CARTESIAN_POINT('Origin',(16.4859827643474,99.3781700821091,20.9160105332986));
#2166=CARTESIAN_POINT('Ctrl Pts',(17.3312192878288,98.8487689611454,22.6495934336802));
#2167=CARTESIAN_POINT('Ctrl Pts',(17.1861397120372,99.0197919537557,22.772556298751));
#2168=CARTESIAN_POINT('Ctrl Pts',(17.061549036802,99.4434421982288,22.9626767155145));
#2169=CARTESIAN_POINT('Ctrl Pts',(17.2224096059851,99.8791072986878,23.0172898316599));
#2170=CARTESIAN_POINT('Ctrl Pts',(17.3312192878288,100.037012566329,23.0124589744189));
#2171=CARTESIAN_POINT('Origin',(3.07022533838742,86.1901907987846,23.4297392680426));
#2172=CARTESIAN_POINT('',(18.2095946460819,90.666204156345,17.1339810648359));
#2173=CARTESIAN_POINT('',(20.5851690184914,92.4090402674656,19.0965145784902));
#2174=CARTESIAN_POINT('Ctrl Pts',(20.5851690184911,92.4090402674653,19.0965145784903));
#2175=CARTESIAN_POINT('Ctrl Pts',(20.3977362152671,92.1591453933648,19.1115876531645));
#2176=CARTESIAN_POINT('Ctrl Pts',(20.1965767536368,91.9148366630765,19.0774092407527));
#2177=CARTESIAN_POINT('Ctrl Pts',(19.7069421717304,91.3660661983152,18.8952580282774));
#2178=CARTESIAN_POINT('Ctrl Pts',(19.4238360894145,91.085638837178,18.7092730583009));
#2179=CARTESIAN_POINT('Ctrl Pts',(18.9882467865578,90.7355613979759,18.3194696418487));
#2180=CARTESIAN_POINT('Ctrl Pts',(18.8165444574616,90.6247646401484,18.1318817727038));
#2181=CARTESIAN_POINT('Ctrl Pts',(18.5570891108547,90.5317595556325,17.7876087052617));
#2182=CARTESIAN_POINT('Ctrl Pts',(18.4571304184821,90.5203967036944,17.6351318822446));
#2183=CARTESIAN_POINT('Ctrl Pts',(18.3067577412692,90.567906308418,17.3599017561895));
#2184=CARTESIAN_POINT('Ctrl Pts',(18.25320719959,90.6077168831002,17.2456581727522));
#2185=CARTESIAN_POINT('Ctrl Pts',(18.2095946460819,90.666204156345,17.1339810648359));
#2186=CARTESIAN_POINT('Origin',(3.91546186186882,85.6607896778209,25.1633221684242));
#2187=CARTESIAN_POINT('Origin',(2.9672169182487,86.2547085657944,23.2184686582347));
#2188=CARTESIAN_POINT('Origin',(9.83211752623861,81.954981831075,37.2984024710954));
#2189=CARTESIAN_POINT('',(18.9569569644419,89.6416607858929,19.0452741655849));
#2190=CARTESIAN_POINT('Ctrl Pts',(18.2095946460819,90.666204156345,17.1339810648359));
#2191=CARTESIAN_POINT('Ctrl Pts',(18.3788319967239,90.4392458525074,17.5673411034218));
#2192=CARTESIAN_POINT('Ctrl Pts',(18.5470002151476,90.2106597134546,17.9975687579945));
#2193=CARTESIAN_POINT('Ctrl Pts',(18.7952422686793,89.867765807834,18.6321344755082));
#2194=CARTESIAN_POINT('Ctrl Pts',(18.8762575371946,89.7549790421983,18.8391459644044));
#2195=CARTESIAN_POINT('Ctrl Pts',(18.9569569644419,89.641660785893,19.0452741655849));
#2196=CARTESIAN_POINT('',(0.478768045652169,112.362419277484,-24.3740896665516));
#2197=CARTESIAN_POINT('Ctrl Pts',(0.478768045652164,112.362419277484,-24.3740896665516));
#2198=CARTESIAN_POINT('Ctrl Pts',(5.39020221318153,107.633265999841,-9.26762883014103));
#2199=CARTESIAN_POINT('Ctrl Pts',(10.2580091992151,102.878299187369,5.84311349384424));
#2200=CARTESIAN_POINT('Ctrl Pts',(14.9798070099361,98.063344037403,20.9676532964222));
#2201=CARTESIAN_POINT('',(0.349990695725511,111.43648227131,-28.6539463845242));
#2202=CARTESIAN_POINT('Ctrl Pts',(0.349990695706861,111.436482271312,-28.6539463845243));
#2203=CARTESIAN_POINT('Ctrl Pts',(0.387601556108847,111.818140760019,-27.3503056030454));
#2204=CARTESIAN_POINT('Ctrl Pts',(0.430503901041019,112.127913226458,-25.9189046436051));
#2205=CARTESIAN_POINT('Ctrl Pts',(0.47876804565218,112.362419277484,-24.3740896665516));
#2206=CARTESIAN_POINT('',(0.349990695712937,94.348112242654,-33.872388632869));
#2207=CARTESIAN_POINT('Ctrl Pts',(0.349990695713708,94.3481122426554,-33.8723886328651));
#2208=CARTESIAN_POINT('Ctrl Pts',(0.553508462760375,95.7235306811946,-34.4201080622459));
#2209=CARTESIAN_POINT('Ctrl Pts',(0.80192204295827,97.2808631619243,-34.6951218605025));
#2210=CARTESIAN_POINT('Ctrl Pts',(1.169070380913,100.524478675151,-34.7136688725982));
#2211=CARTESIAN_POINT('Ctrl Pts',(1.27455611992569,102.214078917318,-34.4287035301458));
#2212=CARTESIAN_POINT('Ctrl Pts',(1.27455611992569,105.223269368659,-33.509757688108));
#2213=CARTESIAN_POINT('Ctrl Pts',(1.169070380913,106.78381657092,-32.8021938010678));
#2214=CARTESIAN_POINT('Ctrl Pts',(0.801922042964682,109.46369798385,-30.974730750396));
#2215=CARTESIAN_POINT('Ctrl Pts',(0.553508462778497,110.601704497041,-29.8766149912348));
#2216=CARTESIAN_POINT('Ctrl Pts',(0.349990695735669,111.436482271266,-28.6539463844925));
#2217=CARTESIAN_POINT('',(1.56368902156952,76.922740734872,-6.15147896053152));
#2218=CARTESIAN_POINT('Ctrl Pts',(1.56368902156953,76.922740734872,-6.1514789605315));
#2219=CARTESIAN_POINT('Ctrl Pts',(1.31150362800152,78.9945025355902,-11.4385075461578));
#2220=CARTESIAN_POINT('Ctrl Pts',(0.799585092300678,84.5133554022138,-22.9833947238091));
#2221=CARTESIAN_POINT('Ctrl Pts',(0.475751683425043,90.854441190112,-30.9699631484024));
#2222=CARTESIAN_POINT('Ctrl Pts',(0.34999069571152,94.3481122426538,-33.8723886328691));
#2223=CARTESIAN_POINT('',(14.3486043855021,75.485779128706,16.96923170811));
#2224=CARTESIAN_POINT('Ctrl Pts',(14.3486043855021,75.485779128706,16.9692317081099));
#2225=CARTESIAN_POINT('Ctrl Pts',(13.4676825647926,74.978135950293,16.2655495320264));
#2226=CARTESIAN_POINT('Ctrl Pts',(10.7054715460065,73.8256531373183,13.9051987257228));
#2227=CARTESIAN_POINT('Ctrl Pts',(6.31860476540115,73.4866799168707,8.8214203156367));
#2228=CARTESIAN_POINT('Ctrl Pts',(2.67683825040611,74.5216930268606,1.49668232294268));
#2229=CARTESIAN_POINT('Ctrl Pts',(1.68141168628779,75.9556215992577,-3.68344112243323));
#2230=CARTESIAN_POINT('Ctrl Pts',(1.56368902156952,76.922740734872,-6.15147896053153));
#2231=CARTESIAN_POINT('',(16.2061480734902,77.9826736814497,16.8260571337388));
#2232=CARTESIAN_POINT('Origin',(3.91546186186882,85.6607896778209,25.1633221684242));
#2233=CARTESIAN_POINT('',(19.1508867839005,81.5455425582002,19.9393700683867));
#2234=CARTESIAN_POINT('Ctrl Pts',(19.1508867839003,81.5455425582011,19.9393700683868));
#2235=CARTESIAN_POINT('Ctrl Pts',(19.1399597782099,81.5462046146852,19.9123415912034));
#2236=CARTESIAN_POINT('Ctrl Pts',(19.1288136733405,81.5460895288447,19.8852818808306));
#2237=CARTESIAN_POINT('Ctrl Pts',(19.0281354197114,81.538425451354,19.6452205462936));
#2238=CARTESIAN_POINT('Ctrl Pts',(18.9286093404142,81.4854573050803,19.43787908192));
#2239=CARTESIAN_POINT('Ctrl Pts',(18.6601701807594,81.2857341642129,18.928611556224));
#2240=CARTESIAN_POINT('Ctrl Pts',(18.4667560974159,81.0843095370756,18.6124083038751));
#2241=CARTESIAN_POINT('Ctrl Pts',(17.9383677777316,80.4676951164171,17.8750397341073));
#2242=CARTESIAN_POINT('Ctrl Pts',(17.5496508599456,79.9563784446229,17.4449542187168));
#2243=CARTESIAN_POINT('Ctrl Pts',(16.825605385252,78.9345896123838,16.9519981344561));
#2244=CARTESIAN_POINT('Ctrl Pts',(16.5075978125042,78.4649053596881,16.8263442048763));
#2245=CARTESIAN_POINT('Ctrl Pts',(16.2061480734902,77.9826736814497,16.8260571337388));
#2246=CARTESIAN_POINT('Ctrl Pts',(19.1508867839003,81.5455425582011,19.9393700683868));
#2247=CARTESIAN_POINT('Ctrl Pts',(19.2722435707182,81.5381896703298,20.2395519513761));
#2248=CARTESIAN_POINT('Ctrl Pts',(19.3931798381756,81.5334003479758,20.5383545172607));
#2249=CARTESIAN_POINT('Ctrl Pts',(19.9136376853202,81.5258956041107,21.8227344759589));
#2250=CARTESIAN_POINT('Ctrl Pts',(20.3084431284772,81.5494789760861,22.7932864097369));
#2251=CARTESIAN_POINT('Ctrl Pts',(20.8724971152513,81.6888267577766,24.1719003524065));
#2252=CARTESIAN_POINT('Ctrl Pts',(21.0650555364775,81.7519975394893,24.6413341723904));
#2253=CARTESIAN_POINT('Ctrl Pts',(21.4421595388708,81.9552201914238,25.5559217642192));
#2254=CARTESIAN_POINT('Ctrl Pts',(21.6270694750548,82.0892324636357,26.0022569232871));
#2255=CARTESIAN_POINT('Ctrl Pts',(21.8387227622925,82.3941109643953,26.5056248660703));
#2256=CARTESIAN_POINT('Ctrl Pts',(21.8952224250829,82.4932978260115,26.6391165493768));
#2257=CARTESIAN_POINT('Ctrl Pts',(21.9885304274385,82.7349282711742,26.855850218532));
#2258=CARTESIAN_POINT('Ctrl Pts',(22.0248218111088,82.8787551786003,26.9377679955792));
#2259=CARTESIAN_POINT('Ctrl Pts',(22.0619050211995,83.187021547793,27.0138257819131));
#2260=CARTESIAN_POINT('Ctrl Pts',(22.0632914321433,83.356403688786,27.0091852860202));
#2261=CARTESIAN_POINT('Ctrl Pts',(22.0385198601515,83.6845048416695,26.9330200618283));
#2262=CARTESIAN_POINT('Ctrl Pts',(22.0131013186821,83.8436900140982,26.8632758609719));
#2263=CARTESIAN_POINT('Ctrl Pts',(21.9031430618726,84.3841848701301,26.5684847613637));
#2264=CARTESIAN_POINT('Ctrl Pts',(21.7778313978666,84.7456028190223,26.244385855309));
#2265=CARTESIAN_POINT('Ctrl Pts',(21.5068314290808,85.4244048115788,25.5474179867334));
#2266=CARTESIAN_POINT('Ctrl Pts',(21.3595025230506,85.7372192370706,25.1707500517507));
#2267=CARTESIAN_POINT('Ctrl Pts',(20.9179081314876,86.6158570800377,24.0433011431846));
#2268=CARTESIAN_POINT('Ctrl Pts',(20.5925809400108,87.1698345052771,23.2152493329993));
#2269=CARTESIAN_POINT('Ctrl Pts',(19.9205392289031,88.2447952907715,21.5034748210057));
#2270=CARTESIAN_POINT('Ctrl Pts',(19.5731440823609,88.7629206904561,20.6182261904405));
#2271=CARTESIAN_POINT('Ctrl Pts',(19.1318362143888,89.3949431057692,19.4918728617678));
#2272=CARTESIAN_POINT('Ctrl Pts',(19.0445854520648,89.5186127326562,19.2691010642631));
#2273=CARTESIAN_POINT('Ctrl Pts',(18.9569569644419,89.641660785893,19.0452741655849));
#2274=CARTESIAN_POINT('Ctrl Pts',(14.9898675083644,101.618580569255,22.0887093684351));
#2275=CARTESIAN_POINT('Ctrl Pts',(10.2649237243413,106.077663953889,6.843661615922));
#2276=CARTESIAN_POINT('Ctrl Pts',(5.3936904721799,110.578869464127,-8.35634636209115));
#2277=CARTESIAN_POINT('Ctrl Pts',(0.478768045652172,115.099119751348,-23.5383567470087));
#2278=CARTESIAN_POINT('Ctrl Pts',(14.5323391183971,101.005935612085,22.0392658466046));
#2279=CARTESIAN_POINT('Ctrl Pts',(9.91173507832693,105.503336420481,6.77975583188462));
#2280=CARTESIAN_POINT('Ctrl Pts',(5.09181003795996,110.045165796038,-8.42359862389046));
#2281=CARTESIAN_POINT('Ctrl Pts',(0.219689554610787,114.598334287926,-23.6083116286338));
#2282=CARTESIAN_POINT('Ctrl Pts',(14.1426263031412,99.6533188489334,21.7434478333694));
#2283=CARTESIAN_POINT('Ctrl Pts',(9.61746140559837,104.3241802473,6.51252574456474));
#2284=CARTESIAN_POINT('Ctrl Pts',(4.84749867848324,108.972052500444,-8.67381523736461));
#2285=CARTESIAN_POINT('Ctrl Pts',(0.0111923671950103,113.612820916096,-23.8424922335645));
#2286=CARTESIAN_POINT('Ctrl Pts',(14.6467212158889,98.4548954710871,21.2258183727445));
#2287=CARTESIAN_POINT('Ctrl Pts',(9.99835920079023,103.255389789642,6.06587136351283));
#2288=CARTESIAN_POINT('Ctrl Pts',(5.16764182868996,107.990115564736,-9.07521378513789));
#2289=CARTESIAN_POINT('Ctrl Pts',(0.284459177371128,112.703242285365,-24.2077780747063));
#2290=CARTESIAN_POINT('Ctrl Pts',(14.9898675083644,98.0530847371486,20.9998791256513));
#2291=CARTESIAN_POINT('Ctrl Pts',(10.2649237243413,102.871544912678,5.86457776940583));
#2292=CARTESIAN_POINT('Ctrl Pts',(5.39369047217989,107.629907202612,-9.2568997342907));
#2293=CARTESIAN_POINT('Ctrl Pts',(0.478768045652164,112.362419277484,-24.3740896665516));
#2294=CARTESIAN_POINT('',(0.47876804565218,115.099119751348,-23.5383567470086));
#2295=CARTESIAN_POINT('Ctrl Pts',(14.9798070099362,101.62807484444,22.0562499160382));
#2296=CARTESIAN_POINT('Ctrl Pts',(10.2580091992151,106.084053228363,6.82208587668376));
#2297=CARTESIAN_POINT('Ctrl Pts',(5.39020221318157,110.582077613183,-8.36712146284392));
#2298=CARTESIAN_POINT('Ctrl Pts',(0.478768045652172,115.099119751348,-23.5383567470087));
#2299=CARTESIAN_POINT('Origin',(3.,113.956321176097,-24.6948172300259));
#2300=CARTESIAN_POINT('Origin',(3.07022533838742,110.100154460935,30.7313581073593));
#2301=CARTESIAN_POINT('Origin',(3.91546186186882,109.570753339971,32.4649410077409));
#2302=CARTESIAN_POINT('',(17.3711980231851,106.370178437283,22.338430781526));
#2303=CARTESIAN_POINT('Ctrl Pts',(17.371198023181,106.370178437286,22.3384307815141));
#2304=CARTESIAN_POINT('Ctrl Pts',(17.3713114507123,106.368065846543,22.3401437876921));
#2305=CARTESIAN_POINT('Ctrl Pts',(17.3714277530232,106.365952504496,22.3418556448499));
#2306=CARTESIAN_POINT('Ctrl Pts',(17.3715469262585,106.363838418946,22.3435663468411));
#2307=CARTESIAN_POINT('Ctrl Pts',(17.3759076950676,106.286480123681,22.4061640926061));
#2308=CARTESIAN_POINT('Ctrl Pts',(17.3841206718574,106.207949482199,22.4673650160789));
#2309=CARTESIAN_POINT('Ctrl Pts',(17.3960698469658,106.128609820304,22.5268299407945));
#2310=CARTESIAN_POINT('Ctrl Pts',(17.4075771307372,106.052204211091,22.5840957986417));
#2311=CARTESIAN_POINT('Ctrl Pts',(17.4225493773416,105.975047591049,22.6397516236153));
#2312=CARTESIAN_POINT('Ctrl Pts',(17.4409250517377,105.89746707965,22.6934738913414));
#2313=CARTESIAN_POINT('Ctrl Pts',(17.4577733907415,105.826334846461,22.7427309122915));
#2314=CARTESIAN_POINT('Ctrl Pts',(17.4774831705121,105.754845807284,22.7903622670495));
#2315=CARTESIAN_POINT('Ctrl Pts',(17.5000406613243,105.683262248058,22.8361027994719));
#2316=CARTESIAN_POINT('Ctrl Pts',(17.5223032061807,105.612614665331,22.8812452607188));
#2317=CARTESIAN_POINT('Ctrl Pts',(17.5474271697507,105.5416087816,22.9247259203322));
#2318=CARTESIAN_POINT('Ctrl Pts',(17.5754700163596,105.470547288776,22.9661769259338));
#2319=CARTESIAN_POINT('Ctrl Pts',(17.6023525589063,105.402426044493,23.0059128499369));
#2320=CARTESIAN_POINT('Ctrl Pts',(17.6319172923037,105.33425331084,23.0437836234597));
#2321=CARTESIAN_POINT('Ctrl Pts',(17.6642456722527,105.266328917538,23.0794521160911));
#2322=CARTESIAN_POINT('Ctrl Pts',(17.6947232469766,105.202293207253,23.1130785814808));
#2323=CARTESIAN_POINT('Ctrl Pts',(17.7276570448186,105.138477943466,23.1447476843024));
#2324=CARTESIAN_POINT('Ctrl Pts',(17.7631444841951,105.075168951017,23.1741651782155));
#2325=CARTESIAN_POINT('Ctrl Pts',(17.7732300339761,105.057176500557,23.1825256461587));
#2326=CARTESIAN_POINT('Ctrl Pts',(17.7835220333845,105.039225181055,23.1907041764972));
#2327=CARTESIAN_POINT('Ctrl Pts',(17.7940231943871,105.021322159246,23.1986938310125));
#2328=CARTESIAN_POINT('Ctrl Pts',(17.7982527492882,105.014111355258,23.2019118258995));
#2329=CARTESIAN_POINT('Ctrl Pts',(17.8025169730788,105.006907026733,23.2050996063488));
#2330=CARTESIAN_POINT('Ctrl Pts',(17.8068160508194,104.999709710937,23.2082566202978));
#2331=CARTESIAN_POINT('Origin',(2.96721691824869,110.164672227944,30.5200874975515));
#2332=CARTESIAN_POINT('Ctrl Pts',(17.4269170293891,105.055248205141,22.1909074618568));
#2333=CARTESIAN_POINT('Ctrl Pts',(17.8349441105101,104.98996533363,23.2850898684275));
#2334=CARTESIAN_POINT('Ctrl Pts',(18.4511541797882,104.916976491967,24.9303544351913));
#2335=CARTESIAN_POINT('Ctrl Pts',(19.2848419318036,104.902634328489,27.1395255499063));
#2336=CARTESIAN_POINT('Ctrl Pts',(19.9150490840627,104.949522095819,28.8001429204949));
#2337=CARTESIAN_POINT('Ctrl Pts',(20.441983036098,105.057038959125,30.1795598591977));
#2338=CARTESIAN_POINT('Ctrl Pts',(20.8118526685378,105.191868202211,31.1415520693347));
#2339=CARTESIAN_POINT('Ctrl Pts',(21.0246117264527,105.294582267168,31.6925833945332));
#2340=CARTESIAN_POINT('Ctrl Pts',(21.2370843220652,105.416344088454,32.2411741461934));
#2341=CARTESIAN_POINT('Ctrl Pts',(21.5047637943274,105.621769721452,32.928004968688));
#2342=CARTESIAN_POINT('Ctrl Pts',(21.8120803907809,105.977801738976,33.7074068832836));
#2343=CARTESIAN_POINT('Ctrl Pts',(22.0622709037546,106.542131392228,34.3226513164092));
#2344=CARTESIAN_POINT('Ctrl Pts',(22.1306652476088,107.254360699395,34.453249320519));
#2345=CARTESIAN_POINT('Ctrl Pts',(22.0767834390888,108.070251191199,34.257572258256));
#2346=CARTESIAN_POINT('Ctrl Pts',(21.9253565223259,108.696704653288,33.819297953541));
#2347=CARTESIAN_POINT('Ctrl Pts',(21.7186633930262,109.361425400599,33.2328304332876));
#2348=CARTESIAN_POINT('Ctrl Pts',(21.5314077009677,109.87135861507,32.7071209646212));
#2349=CARTESIAN_POINT('Ctrl Pts',(21.2187693230829,110.6213727133,31.8347580624748));
#2350=CARTESIAN_POINT('Ctrl Pts',(20.8086032599019,111.476918593271,30.6961000526023));
#2351=CARTESIAN_POINT('Ctrl Pts',(20.1295701978776,112.749279122011,28.8142391470911));
#2352=CARTESIAN_POINT('Ctrl Pts',(19.6062366253992,113.621207991226,27.3637622291601));
#2353=CARTESIAN_POINT('Ctrl Pts',(19.2567101868695,114.181395712323,26.3930628428804));
#2354=CARTESIAN_POINT('Ctrl Pts',(17.270310319297,105.464974310378,22.2911403527877));
#2355=CARTESIAN_POINT('Ctrl Pts',(17.6925826677789,105.385450686075,23.3747558086932));
#2356=CARTESIAN_POINT('Ctrl Pts',(18.3292418085751,105.288281915773,25.0036988437873));
#2357=CARTESIAN_POINT('Ctrl Pts',(19.1899536187138,105.233348119848,27.188695989966));
#2358=CARTESIAN_POINT('Ctrl Pts',(19.8395997895733,105.244249974253,28.8298708566115));
#2359=CARTESIAN_POINT('Ctrl Pts',(20.3817276380864,105.315603669659,30.1916672252091));
#2360=CARTESIAN_POINT('Ctrl Pts',(20.7614086628091,105.419963586011,31.1401393966513));
#2361=CARTESIAN_POINT('Ctrl Pts',(20.9794419268012,105.503037214843,31.6829220079711));
#2362=CARTESIAN_POINT('Ctrl Pts',(21.1969046139212,105.603590698453,32.2229188916898));
#2363=CARTESIAN_POINT('Ctrl Pts',(21.4700988244035,105.777997329816,32.8979732348005));
#2364=CARTESIAN_POINT('Ctrl Pts',(21.7820329811266,106.08872729523,33.6617063420182));
#2365=CARTESIAN_POINT('Ctrl Pts',(22.0320928060273,106.594300750331,34.2593572204041));
#2366=CARTESIAN_POINT('Ctrl Pts',(22.0926739666079,107.247052006324,34.3755741608416));
#2367=CARTESIAN_POINT('Ctrl Pts',(22.0258054897271,108.003111496266,34.1677192371589));
#2368=CARTESIAN_POINT('Ctrl Pts',(21.861103502048,108.590945564209,33.7237668969955));
#2369=CARTESIAN_POINT('Ctrl Pts',(21.6389619468464,109.218096300022,33.1329030633945));
#2370=CARTESIAN_POINT('Ctrl Pts',(21.4390331532716,109.701326671695,32.6048226683707));
#2371=CARTESIAN_POINT('Ctrl Pts',(21.1066624969705,110.41501839819,31.7303416094504));
#2372=CARTESIAN_POINT('Ctrl Pts',(20.6725652142352,111.233507153615,30.5912100005639));
#2373=CARTESIAN_POINT('Ctrl Pts',(19.955829413862,112.45702859502,28.7114440956173));
#2374=CARTESIAN_POINT('Ctrl Pts',(19.4055524402708,113.300964368634,27.2645283326705));
#2375=CARTESIAN_POINT('Ctrl Pts',(19.0380691131562,113.844753501395,26.2968608271677));
#2376=CARTESIAN_POINT('Ctrl Pts',(17.2503164715823,105.936815367967,22.3440766664145));
#2377=CARTESIAN_POINT('Ctrl Pts',(17.6747641290925,105.834407293781,23.4202978034004));
#2378=CARTESIAN_POINT('Ctrl Pts',(18.3141343457574,105.701164411724,25.0378695358945));
#2379=CARTESIAN_POINT('Ctrl Pts',(19.1770487640371,105.591686569116,27.2064438115834));
#2380=CARTESIAN_POINT('Ctrl Pts',(19.8274754802063,105.557370049181,28.8344043260542));
#2381=CARTESIAN_POINT('Ctrl Pts',(20.3693222666934,105.586051803066,30.1841084326052));
#2382=CARTESIAN_POINT('Ctrl Pts',(20.7480828758108,105.656102273146,31.1231044513025));
#2383=CARTESIAN_POINT('Ctrl Pts',(20.9652969881822,105.717567483622,31.6600007973823));
#2384=CARTESIAN_POINT('Ctrl Pts',(21.1817245719295,105.795103327266,32.1937824268569));
#2385=CARTESIAN_POINT('Ctrl Pts',(21.4530428395198,105.936594255762,32.8600790398189));
#2386=CARTESIAN_POINT('Ctrl Pts',(21.7615369663671,106.200352740058,33.6115584310025));
#2387=CARTESIAN_POINT('Ctrl Pts',(22.0059379884264,106.646561779776,34.194124517063));
#2388=CARTESIAN_POINT('Ctrl Pts',(22.0591994511013,107.239633491148,34.2956583515615));
#2389=CARTESIAN_POINT('Ctrl Pts',(21.9838253060255,107.935273856311,34.0732620809666));
#2390=CARTESIAN_POINT('Ctrl Pts',(21.8124326037957,108.48317001872,33.6200214466198));
#2391=CARTESIAN_POINT('Ctrl Pts',(21.5830476222963,109.070514103876,33.0200849782245));
#2392=CARTESIAN_POINT('Ctrl Pts',(21.377467696148,109.524818372578,32.4855382844295));
#2393=CARTESIAN_POINT('Ctrl Pts',(21.036603267396,110.197986472363,31.6021937367367));
#2394=CARTESIAN_POINT('Ctrl Pts',(20.5924952075966,110.973132860226,30.4539076201133));
#2395=CARTESIAN_POINT('Ctrl Pts',(19.8602156021124,112.135726292861,28.561811267825));
#2396=CARTESIAN_POINT('Ctrl Pts',(19.2985849099414,112.940881034942,27.1076151028108));
#2397=CARTESIAN_POINT('Ctrl Pts',(18.9235013836825,113.46033665333,26.1355672726306));
#2398=CARTESIAN_POINT('Ctrl Pts',(17.371198023181,106.370178437286,22.3384307815141));
#2399=CARTESIAN_POINT('Ctrl Pts',(17.7849241533922,106.24966852069,23.4129693025758));
#2400=CARTESIAN_POINT('Ctrl Pts',(18.4083250024798,106.087186264162,25.0273984106692));
#2401=CARTESIAN_POINT('Ctrl Pts',(19.2477919138714,105.931515566212,27.1905929290904));
#2402=CARTESIAN_POINT('Ctrl Pts',(19.879898698369,105.857710039881,28.8134268146827));
#2403=CARTESIAN_POINT('Ctrl Pts',(20.4057275214675,105.847925618523,30.1575611394199));
#2404=CARTESIAN_POINT('Ctrl Pts',(20.7726778969905,105.886236759389,31.0915020063358));
#2405=CARTESIAN_POINT('Ctrl Pts',(20.9828899383728,105.927440420636,31.624991138848));
#2406=CARTESIAN_POINT('Ctrl Pts',(21.1921681969861,105.983217293309,32.1549888740132));
#2407=CARTESIAN_POINT('Ctrl Pts',(21.4540966511382,106.093160944779,32.8154654347712));
#2408=CARTESIAN_POINT('Ctrl Pts',(21.7509421139501,106.311218263376,33.5578380410677));
#2409=CARTESIAN_POINT('Ctrl Pts',(21.9839883918071,106.698622279627,34.1274119170773));
#2410=CARTESIAN_POINT('Ctrl Pts',(22.0304893075872,107.23211627642,34.214102272687));
#2411=CARTESIAN_POINT('Ctrl Pts',(21.9514420734186,107.867523910239,33.9755792118689));
#2412=CARTESIAN_POINT('Ctrl Pts',(21.7805899615832,108.376018665538,33.5107537758291));
#2413=CARTESIAN_POINT('Ctrl Pts',(21.5531607137153,108.924546358562,32.8989134808388));
#2414=CARTESIAN_POINT('Ctrl Pts',(21.3499089508433,109.350940854082,32.3554921230172));
#2415=CARTESIAN_POINT('Ctrl Pts',(21.0135534997779,109.985543592946,31.4594485728158));
#2416=CARTESIAN_POINT('Ctrl Pts',(20.5759663839239,110.720324693489,30.2972810241948));
#2417=CARTESIAN_POINT('Ctrl Pts',(19.8553521087433,111.827682020533,28.3853050778171));
#2418=CARTESIAN_POINT('Ctrl Pts',(19.3025994494266,112.599102160166,26.9184785827082));
#2419=CARTESIAN_POINT('Ctrl Pts',(18.9337740651536,113.097826311004,25.9384189811292));
#2420=CARTESIAN_POINT('',(19.012792423686,112.990694628926,26.1483729085133));
#2421=CARTESIAN_POINT('Ctrl Pts',(19.0128080545077,112.990705600913,26.1484120091532));
#2422=CARTESIAN_POINT('Ctrl Pts',(19.0070625854268,113.060800512735,26.1726150641091));
#2423=CARTESIAN_POINT('Ctrl Pts',(19.005097510415,113.131584677009,26.1951970991778));
#2424=CARTESIAN_POINT('Ctrl Pts',(19.0067698750316,113.202735270924,26.2161168461819));
#2425=CARTESIAN_POINT('Ctrl Pts',(19.0084878391276,113.275825890361,26.2376070008362));
#2426=CARTESIAN_POINT('Ctrl Pts',(19.0140444399474,113.349304011269,26.2573433599585));
#2427=CARTESIAN_POINT('Ctrl Pts',(19.0233374382528,113.422828523823,26.275267330086));
#2428=CARTESIAN_POINT('Ctrl Pts',(19.0303633320075,113.47841611747,26.288818598002));
#2429=CARTESIAN_POINT('Ctrl Pts',(19.0395260675069,113.534030498343,26.3013336543112));
#2430=CARTESIAN_POINT('Ctrl Pts',(19.0507998540794,113.589523081018,26.3127801310904));
#2431=CARTESIAN_POINT('Ctrl Pts',(19.0657285570798,113.663006136614,26.3279375097705));
#2432=CARTESIAN_POINT('Ctrl Pts',(19.0843013807851,113.736000898401,26.3411652389961));
#2433=CARTESIAN_POINT('Ctrl Pts',(19.1064177974035,113.808171478168,26.3524109131384));
#2434=CARTESIAN_POINT('Ctrl Pts',(19.1284517433974,113.880072938715,26.3636146529212));
#2435=CARTESIAN_POINT('Ctrl Pts',(19.1540032682185,113.951157184691,26.3728514013314));
#2436=CARTESIAN_POINT('Ctrl Pts',(19.1830190587502,114.021083965805,26.380048927244));
#2437=CARTESIAN_POINT('Ctrl Pts',(19.2055040510615,114.075271809971,26.3856264528547));
#2438=CARTESIAN_POINT('Ctrl Pts',(19.2300703104628,114.128764542095,26.3899790538126));
#2439=CARTESIAN_POINT('Ctrl Pts',(19.2567101868695,114.181395712323,26.3930628428804));
#2440=CARTESIAN_POINT('Ctrl Pts',(19.012797492895,112.990719950304,26.1483839495567));
#2441=CARTESIAN_POINT('Ctrl Pts',(19.355212186651,112.525503072519,27.0580952318649));
#2442=CARTESIAN_POINT('Ctrl Pts',(19.8810871092227,111.788135424908,28.4535866864269));
#2443=CARTESIAN_POINT('Ctrl Pts',(20.5759663839239,110.720324693489,30.2972810241948));
#2444=CARTESIAN_POINT('Ctrl Pts',(21.0135534997779,109.985543592946,31.4594485728158));
#2445=CARTESIAN_POINT('Ctrl Pts',(21.3499089508433,109.350940854082,32.3554921230172));
#2446=CARTESIAN_POINT('Ctrl Pts',(21.5531607137153,108.924546358562,32.8989134808388));
#2447=CARTESIAN_POINT('Ctrl Pts',(21.7805899615832,108.376018665538,33.5107537758291));
#2448=CARTESIAN_POINT('Ctrl Pts',(21.9514420734186,107.867523910239,33.9755792118689));
#2449=CARTESIAN_POINT('Ctrl Pts',(22.0304893075872,107.23211627642,34.214102272687));
#2450=CARTESIAN_POINT('Ctrl Pts',(21.9839883918071,106.698622279627,34.1274119170773));
#2451=CARTESIAN_POINT('Ctrl Pts',(21.7509421139501,106.311218263376,33.5578380410677));
#2452=CARTESIAN_POINT('Ctrl Pts',(21.4540966511382,106.093160944779,32.8154654347712));
#2453=CARTESIAN_POINT('Ctrl Pts',(21.1921681969861,105.983217293309,32.1549888740132));
#2454=CARTESIAN_POINT('Ctrl Pts',(20.9828899383728,105.927440420636,31.624991138848));
#2455=CARTESIAN_POINT('Ctrl Pts',(20.7726778969905,105.886236759389,31.0915020063358));
#2456=CARTESIAN_POINT('Ctrl Pts',(20.4057275214675,105.847925618523,30.1575611394199));
#2457=CARTESIAN_POINT('Ctrl Pts',(19.879898698369,105.857710039881,28.8134268146827));
#2458=CARTESIAN_POINT('Ctrl Pts',(19.2477919138714,105.931515566212,27.1905929290904));
#2459=CARTESIAN_POINT('Ctrl Pts',(18.4083250024798,106.087186264162,25.0273984106692));
#2460=CARTESIAN_POINT('Ctrl Pts',(17.7849241533922,106.24966852069,23.4129693025758));
#2461=CARTESIAN_POINT('Ctrl Pts',(17.371198023181,106.370178437286,22.3384307815141));
#2462=CARTESIAN_POINT('Origin',(35.,105.864945493225,32.3290110917326));
#2463=CARTESIAN_POINT('Origin',(35.,105.864945493225,32.3290110917326));
#2464=CARTESIAN_POINT('',(35.,100.181543349553,14.4418944970073));
#2465=CARTESIAN_POINT('Origin',(29.0833443356302,109.570753339971,20.1939307890615));
#2466=CARTESIAN_POINT('',(36.8677599832672,103.566914002114,12.2075274114466));
#2467=CARTESIAN_POINT('Ctrl Pts',(35.,100.181543349553,14.4418944970073));
#2468=CARTESIAN_POINT('Ctrl Pts',(35.104837346649,100.522466216936,13.9932342694845));
#2469=CARTESIAN_POINT('Ctrl Pts',(35.3097069750199,100.931913318857,13.5699630857424));
#2470=CARTESIAN_POINT('Ctrl Pts',(35.871640144897,101.913609852053,12.8409278457524));
#2471=CARTESIAN_POINT('Ctrl Pts',(36.2004729110569,102.442489989131,12.567958082136));
#2472=CARTESIAN_POINT('Ctrl Pts',(36.6446781384371,103.185945079727,12.3102408432638));
#2473=CARTESIAN_POINT('Ctrl Pts',(36.7564709421259,103.375101857514,12.2546595086102));
#2474=CARTESIAN_POINT('Ctrl Pts',(36.8677599832672,103.566914002114,12.2075274114466));
#2475=CARTESIAN_POINT('',(36.772776563539,103.638489142743,12.));
#2476=CARTESIAN_POINT('Origin',(27.9996915771709,110.249482866117,17.9713554035602));
#2477=CARTESIAN_POINT('',(38.0270709731221,115.26759312005,12.));
#2478=CARTESIAN_POINT('Origin',(25.088260182303,112.073013914803,12.));
#2479=CARTESIAN_POINT('',(35.,111.250534260491,4.02407834315243));
#2480=CARTESIAN_POINT('Origin',(32.2429380994083,107.591789542424,26.6742680306154));
#2481=CARTESIAN_POINT('',(35.,120.465719072212,15.3073607824221));
#2482=CARTESIAN_POINT('Origin',(35.,105.864945493225,32.3290110917327));
#2483=CARTESIAN_POINT('',(30.3809460939256,121.623778652838,23.2420138726151));
#2484=CARTESIAN_POINT('Ctrl Pts',(35.,120.465719072212,15.3073607824221));
#2485=CARTESIAN_POINT('Ctrl Pts',(35.,120.56002522211,16.3405996921283));
#2486=CARTESIAN_POINT('Ctrl Pts',(34.8217163578853,120.742739708128,17.3790432391546));
#2487=CARTESIAN_POINT('Ctrl Pts',(34.1888438158665,121.09647021728,19.3051390486309));
#2488=CARTESIAN_POINT('Ctrl Pts',(33.6610597673351,121.296603606548,20.3252176943737));
#2489=CARTESIAN_POINT('Ctrl Pts',(32.2397032358759,121.568722752783,22.0621040096788));
#2490=CARTESIAN_POINT('Ctrl Pts',(31.3433114046179,121.637753325401,22.7770646036581));
#2491=CARTESIAN_POINT('Ctrl Pts',(30.3809460939256,121.623778652838,23.2420138726151));
#2492=CARTESIAN_POINT('Origin',(29.0833443356302,109.570753339971,20.1939307890615));
#2493=CARTESIAN_POINT('Origin',(29.6586388226973,113.975558527094,21.2585749379261));
#2494=CARTESIAN_POINT('Origin',(29.0833443356302,85.6607896778209,12.8923119497447));
#2495=CARTESIAN_POINT('Origin',(24.8322294218706,75.,5.9410225637465));
#2496=CARTESIAN_POINT('',(12.2418989051712,71.9017484541335,16.445640758699));
#2497=CARTESIAN_POINT('',(9.21561960988015,70.,13.5551545346761));
#2498=CARTESIAN_POINT('Ctrl Pts',(12.2418989051711,71.9017484541335,16.445640758699));
#2499=CARTESIAN_POINT('Ctrl Pts',(12.0245307701402,71.5184804929018,16.2149878156701));
#2500=CARTESIAN_POINT('Ctrl Pts',(11.7553221165931,71.1880178492429,15.9514565966395));
#2501=CARTESIAN_POINT('Ctrl Pts',(11.0708864115071,70.5568586768023,15.2983216354952));
#2502=CARTESIAN_POINT('Ctrl Pts',(10.5841590794744,70.2734030311988,14.84706368159));
#2503=CARTESIAN_POINT('Ctrl Pts',(9.79261472360798,70.041666122031,14.1038242693005));
#2504=CARTESIAN_POINT('Ctrl Pts',(9.50046217718501,70.,13.8276450693666));
#2505=CARTESIAN_POINT('Ctrl Pts',(9.21561960988014,70.,13.5551545346761));
#2506=CARTESIAN_POINT('',(17.202409697692,70.,9.66106519743598));
#2507=CARTESIAN_POINT('',(24.8322294218706,70.,5.94102256374651));
#2508=CARTESIAN_POINT('',(19.3155010063955,73.6764971975907,13.99502244839));
#2509=CARTESIAN_POINT('Origin',(17.202409697692,75.,9.66106519743598));
#2510=CARTESIAN_POINT('',(13.1215500964581,73.6764971975907,17.0149839008117));
#2511=CARTESIAN_POINT('',(26.9453207305741,73.6764971975907,10.2749798147005));
#2512=CARTESIAN_POINT('Ctrl Pts',(13.1215500964581,73.6764971975907,17.0149839008117));
#2513=CARTESIAN_POINT('Ctrl Pts',(13.0719071186698,73.5737606172355,17.0078144698948));
#2514=CARTESIAN_POINT('Ctrl Pts',(13.0228341892623,73.4708174499588,16.9963754878399));
#2515=CARTESIAN_POINT('Ctrl Pts',(12.7272761265149,72.8479203996605,16.9011681890294));
#2516=CARTESIAN_POINT('Ctrl Pts',(12.4962651093195,72.3502521709105,16.7155529681661));
#2517=CARTESIAN_POINT('Ctrl Pts',(12.241898905171,71.9017484541334,16.4456407586989));
#2518=CARTESIAN_POINT('Ctrl Pts',(23.9747607677275,72.1824718187501,11.4721546274522));
#2519=CARTESIAN_POINT('Ctrl Pts',(22.1417572230873,72.5481105526771,12.3870593426795));
#2520=CARTESIAN_POINT('Ctrl Pts',(20.5936795693932,73.1201376128047,13.2019247589061));
#2521=CARTESIAN_POINT('Ctrl Pts',(19.3155010063955,73.6764971975907,13.9950224483899));
#2522=CARTESIAN_POINT('Ctrl Pts',(23.8003230244801,71.4175917434913,10.9804411575218));
#2523=CARTESIAN_POINT('Ctrl Pts',(21.9869123713147,71.6668208049497,11.9106250990783));
#2524=CARTESIAN_POINT('Ctrl Pts',(20.4265100776603,72.0684543680615,12.7936127347873));
#2525=CARTESIAN_POINT('Ctrl Pts',(19.1715549040137,72.4798979217441,13.6997885171375));
#2526=CARTESIAN_POINT('Ctrl Pts',(23.3677932933716,70.3418344620343,9.76120562413283));
#2527=CARTESIAN_POINT('Ctrl Pts',(21.5658465863994,70.4050667385096,10.6241710976955));
#2528=CARTESIAN_POINT('Ctrl Pts',(19.9250389685063,70.5077853135713,11.4807301012083));
#2529=CARTESIAN_POINT('Ctrl Pts',(18.5626005698903,70.6211038429364,12.450821167263));
#2530=CARTESIAN_POINT('Ctrl Pts',(22.8259189744718,70.,8.2337443267546));
#2531=CARTESIAN_POINT('Ctrl Pts',(21.01380694619,69.9998515678942,8.94353878406314));
#2532=CARTESIAN_POINT('Ctrl Pts',(19.2315102623089,70.0006594044786,9.61599678152674));
#2533=CARTESIAN_POINT('Ctrl Pts',(17.6102651876456,70.,10.4975781539491));
#2534=CARTESIAN_POINT('Ctrl Pts',(22.5937503872928,70.,7.57929638741901));
#2535=CARTESIAN_POINT('Ctrl Pts',(20.7773474882878,70.,8.22367414378864));
#2536=CARTESIAN_POINT('Ctrl Pts',(18.9340512638559,70.,8.81677520300993));
#2537=CARTESIAN_POINT('Ctrl Pts',(17.202409697692,70.,9.66106519743597));
#2538=CARTESIAN_POINT('',(22.5937503872928,70.,7.57929638741901));
#2539=CARTESIAN_POINT('',(22.7848121762614,72.4580398901879,12.0730329642441));
#2540=CARTESIAN_POINT('Ctrl Pts',(22.7848121762614,72.4580398901879,12.0730329642441));
#2541=CARTESIAN_POINT('Ctrl Pts',(22.7738259615744,71.8974483941496,11.7264829732835));
#2542=CARTESIAN_POINT('Ctrl Pts',(22.7588229541404,71.4114803112783,11.2718721876491));
#2543=CARTESIAN_POINT('Ctrl Pts',(22.7225105336072,70.7018035135108,10.2986364605979));
#2544=CARTESIAN_POINT('Ctrl Pts',(22.7028948460846,70.4511939803474,9.81013839457438));
#2545=CARTESIAN_POINT('Ctrl Pts',(22.655022027775,70.0949985616849,8.74410315763114));
#2546=CARTESIAN_POINT('Ctrl Pts',(22.6265009446845,70.0011375328078,8.1683835637489));
#2547=CARTESIAN_POINT('Ctrl Pts',(22.5941417009781,70.0000034253767,7.58632826918705));
#2548=CARTESIAN_POINT('Ctrl Pts',(22.5939461069425,70.,7.5828123251479));
#2549=CARTESIAN_POINT('Ctrl Pts',(22.5937503872928,70.,7.57929638741901));
#2550=CARTESIAN_POINT('Ctrl Pts',(22.784687397981,72.4570185326685,12.0733117991534));
#2551=CARTESIAN_POINT('Ctrl Pts',(21.4611706279671,72.8038181261458,12.7513482269946));
#2552=CARTESIAN_POINT('Ctrl Pts',(20.3071139866928,73.2448725389102,13.3797359881856));
#2553=CARTESIAN_POINT('Ctrl Pts',(19.3155010063955,73.6764971975907,13.9950224483899));
#2554=CARTESIAN_POINT('Ctrl Pts',(17.202409697692,70.,9.66106519743597));
#2555=CARTESIAN_POINT('Ctrl Pts',(18.9340512638559,70.,8.81677520300993));
#2556=CARTESIAN_POINT('Ctrl Pts',(20.7773474882878,70.,8.22367414378864));
#2557=CARTESIAN_POINT('Ctrl Pts',(22.5937503872928,70.,7.57929638741901));
#2558=CARTESIAN_POINT('Origin',(35.,70.,21.3765828327575));
#2559=CARTESIAN_POINT('',(27.336046342506,70.,8.96174737857771));
#2560=CARTESIAN_POINT('Ctrl Pts',(22.5937503872928,70.,7.5792963874189));
#2561=CARTESIAN_POINT('Ctrl Pts',(24.1972807886897,70.,7.95422204521292));
#2562=CARTESIAN_POINT('Ctrl Pts',(25.7625812253139,70.,8.47501333698633));
#2563=CARTESIAN_POINT('Ctrl Pts',(27.336046342506,70.,8.96174737857771));
#2564=CARTESIAN_POINT('',(0.879901465650827,69.9999999787809,-0.820122990218362));
#2565=CARTESIAN_POINT('Origin',(29.8496691413898,70.,-8.01423923941145));
#2566=CARTESIAN_POINT('',(5.60620528501843,69.99999999853,6.37658282402888));
#2567=CARTESIAN_POINT('Ctrl Pts',(0.879901481435493,70.,-0.820122922676988));
#2568=CARTESIAN_POINT('Ctrl Pts',(1.29741038600542,70.,0.861130956026374));
#2569=CARTESIAN_POINT('Ctrl Pts',(2.04564577073302,70.,2.46154912664772));
#2570=CARTESIAN_POINT('Ctrl Pts',(3.42693064556726,70.,4.55237885639497));
#2571=CARTESIAN_POINT('Ctrl Pts',(3.95041114763325,70.,5.18210158115396));
#2572=CARTESIAN_POINT('Ctrl Pts',(4.64977583407213,70.,5.86047352112202));
#2573=CARTESIAN_POINT('Ctrl Pts',(4.8801830777209,70.,6.04958188283712));
#2574=CARTESIAN_POINT('Ctrl Pts',(5.17406348953905,70.,6.23527375380394));
#2575=CARTESIAN_POINT('Ctrl Pts',(5.27239206892833,69.9999999999985,6.28927240793149));
#2576=CARTESIAN_POINT('Ctrl Pts',(5.44448060040036,69.9999999999985,6.35473357919721));
#2577=CARTESIAN_POINT('Ctrl Pts',(5.52681138358576,70.,6.37658283092453));
#2578=CARTESIAN_POINT('Ctrl Pts',(5.60620528501843,70.,6.37658283275742));
#2579=CARTESIAN_POINT('',(32.5917314082317,70.,6.3765828327575));
#2580=CARTESIAN_POINT('',(35.,70.,6.3765828327575));
#2581=CARTESIAN_POINT('',(37.7345188853522,70.,0.373827083531229));
#2582=CARTESIAN_POINT('Ctrl Pts',(32.5917314082317,70.,6.37658283275744));
#2583=CARTESIAN_POINT('Ctrl Pts',(32.9245049842738,70.,6.37658283275744));
#2584=CARTESIAN_POINT('Ctrl Pts',(33.2422060164058,69.9999999999972,6.31118973534382));
#2585=CARTESIAN_POINT('Ctrl Pts',(33.9080430102385,69.9999999999972,6.04079899497892));
#2586=CARTESIAN_POINT('Ctrl Pts',(34.234210622862,69.9999999999119,5.82216723187641));
#2587=CARTESIAN_POINT('Ctrl Pts',(35.0509952613918,69.9999999999119,5.12576620256893));
#2588=CARTESIAN_POINT('Ctrl Pts',(35.5145084402182,70.,4.53993605308516));
#2589=CARTESIAN_POINT('Ctrl Pts',(36.5426693199294,70.,3.01088050658589));
#2590=CARTESIAN_POINT('Ctrl Pts',(37.1698197384174,70.,1.78353259921674));
#2591=CARTESIAN_POINT('Ctrl Pts',(37.7345188853401,70.,0.373827083526396));
#2592=CARTESIAN_POINT('',(37.7345188853661,70.,8.67285048970557));
#2593=CARTESIAN_POINT('',(37.7345188853662,70.,-1.81170858362125));
#2594=CARTESIAN_POINT('Ctrl Pts',(27.3363175916049,70.,8.9618907674622));
#2595=CARTESIAN_POINT('Ctrl Pts',(27.801187627177,70.,9.1056099641499));
#2596=CARTESIAN_POINT('Ctrl Pts',(29.0256530921195,70.,9.47177619570987));
#2597=CARTESIAN_POINT('Ctrl Pts',(31.0485970150417,70.,9.93704503346892));
#2598=CARTESIAN_POINT('Ctrl Pts',(33.4436005779111,70.,9.97117179463821));
#2599=CARTESIAN_POINT('Ctrl Pts',(35.6739153199333,70.,9.42282777004736));
#2600=CARTESIAN_POINT('Ctrl Pts',(37.0780375168184,70.,8.91914795558907));
#2601=CARTESIAN_POINT('Ctrl Pts',(37.7362312626768,70.,8.67797009214405));
#2602=CARTESIAN_POINT('Ctrl Pts',(-1.77635683940025E-14,66.7929564349839,
-8.6155599078519));
#2603=CARTESIAN_POINT('Ctrl Pts',(-4.86264333222057E-15,64.0469147301907,
6.02999585104562));
#2604=CARTESIAN_POINT('Ctrl Pts',(12.2418989051712,62.4270752884854,14.6691395401401));
#2605=CARTESIAN_POINT('Ctrl Pts',(-1.77635683940025E-14,76.2676296006321,
-6.83905868929287));
#2606=CARTESIAN_POINT('Ctrl Pts',(-4.86264333222057E-15,73.5215878958388,
7.80649706960464));
#2607=CARTESIAN_POINT('Ctrl Pts',(12.2418989051712,71.9017484541336,16.4456407586991));
#2608=CARTESIAN_POINT('',(-2.39323616916864E-14,74.4944669812793,-7.17152668042153));
#2609=CARTESIAN_POINT('Ctrl Pts',(-7.7715611723761E-15,74.4944669812793,
-7.17152668042155));
#2610=CARTESIAN_POINT('Ctrl Pts',(-6.3573494665751E-15,73.387538290637,
-4.3689335495659));
#2611=CARTESIAN_POINT('Ctrl Pts',(0.937946517515077,71.7490734991351,1.47839966003478));
#2612=CARTESIAN_POINT('Ctrl Pts',(5.09007427721274,70.6018824298677,9.60663194904442));
#2613=CARTESIAN_POINT('Ctrl Pts',(9.5365175593298,70.9987238302893,14.2489541978538));
#2614=CARTESIAN_POINT('Ctrl Pts',(12.0039066893059,71.8186852778732,16.2589220364153));
#2615=CARTESIAN_POINT('Ctrl Pts',(12.2403233126578,71.9028498045264,16.4471274409015));
#2616=CARTESIAN_POINT('',(9.43091572620969E-16,66.7929564349839,-8.61555990785196));
#2617=CARTESIAN_POINT('',(0.,5.43935110999002E-15,-21.1392392394115));
#2618=CARTESIAN_POINT('Ctrl Pts',(0.880113072115659,69.9996455315514,-0.820060828340365));
#2619=CARTESIAN_POINT('Ctrl Pts',(0.260723020438408,69.164719770945,-3.47234088636734));
#2620=CARTESIAN_POINT('Ctrl Pts',(-8.46692684965443E-15,68.0865782559128,
-6.11379901724007));
#2621=CARTESIAN_POINT('Ctrl Pts',(-1.41553435639707E-14,66.7929564349839,
-8.61555990785187));
#2622=CARTESIAN_POINT('Ctrl Pts',(14.3486043855021,75.485779128706,16.9692317081099));
#2623=CARTESIAN_POINT('Ctrl Pts',(13.4676825647926,74.978135950293,16.2655495320264));
#2624=CARTESIAN_POINT('Ctrl Pts',(10.7054715460065,73.8256531373183,13.9051987257228));
#2625=CARTESIAN_POINT('Ctrl Pts',(6.31860476540115,73.4866799168707,8.8214203156367));
#2626=CARTESIAN_POINT('Ctrl Pts',(2.67683825040611,74.5216930268606,1.49668232294268));
#2627=CARTESIAN_POINT('Ctrl Pts',(1.68141168628779,75.9556215992577,-3.68344112243323));
#2628=CARTESIAN_POINT('Ctrl Pts',(1.56368902156952,76.922740734872,-6.15147896053153));
#2629=CARTESIAN_POINT('Ctrl Pts',(14.2659563411019,75.1392494438412,17.4026511852328));
#2630=CARTESIAN_POINT('Ctrl Pts',(13.3430806541462,74.6218487789313,16.6908165779339));
#2631=CARTESIAN_POINT('Ctrl Pts',(10.4489181825248,73.4531979567142,14.3039894946955));
#2632=CARTESIAN_POINT('Ctrl Pts',(5.86280640143049,73.1429676510648,9.13771472035341));
#2633=CARTESIAN_POINT('Ctrl Pts',(2.10075736793511,74.2199466367309,1.62139938606918));
#2634=CARTESIAN_POINT('Ctrl Pts',(1.11909185605896,75.672098617711,-3.71918990299765));
#2635=CARTESIAN_POINT('Ctrl Pts',(1.02611732155052,76.6524630722956,-6.2650148059198));
#2636=CARTESIAN_POINT('Ctrl Pts',(14.3115317116972,74.3536699581066,18.0520229838055));
#2637=CARTESIAN_POINT('Ctrl Pts',(13.3096844700814,73.8038529928827,17.3248589278061));
#2638=CARTESIAN_POINT('Ctrl Pts',(10.1711565792393,72.5609952109311,14.8876174405813));
#2639=CARTESIAN_POINT('Ctrl Pts',(5.22191580504527,72.2283890577902,9.5698367961325));
#2640=CARTESIAN_POINT('Ctrl Pts',(1.2441960944457,73.3608400905668,1.71914101279842));
#2641=CARTESIAN_POINT('Ctrl Pts',(0.293996309758794,74.8807420429205,-3.89863239450745));
#2642=CARTESIAN_POINT('Ctrl Pts',(0.249915972594036,75.9062256979824,-6.57848758922468));
#2643=CARTESIAN_POINT('Ctrl Pts',(14.6754350598965,73.4635247698273,18.341182181159));
#2644=CARTESIAN_POINT('Ctrl Pts',(13.6052878254024,72.8679272978849,17.5976106608872));
#2645=CARTESIAN_POINT('Ctrl Pts',(10.2655104511218,71.5092704104411,15.1025856162287));
#2646=CARTESIAN_POINT('Ctrl Pts',(5.06294534405912,71.0805242249375,9.64418049384089));
#2647=CARTESIAN_POINT('Ctrl Pts',(0.947727906568998,72.227608094816,1.57614259890672));
#2648=CARTESIAN_POINT('Ctrl Pts',(0.00988600360701865,73.8339056862582,
-4.22027849023321));
#2649=CARTESIAN_POINT('Ctrl Pts',(-7.72907361980132E-15,74.9178604872327,
-6.99367128840696));
#2650=CARTESIAN_POINT('Ctrl Pts',(14.8757314150413,73.0965143614993,18.3885170049408));
#2651=CARTESIAN_POINT('Ctrl Pts',(13.780581999647,72.4812834545664,17.6380981759241));
#2652=CARTESIAN_POINT('Ctrl Pts',(10.3691469749861,71.073035319805,15.1182633998536));
#2653=CARTESIAN_POINT('Ctrl Pts',(5.09007427721274,70.6018824298677,9.60663194904442));
#2654=CARTESIAN_POINT('Ctrl Pts',(0.937946517515077,71.7490734991351,1.47839966003478));
#2655=CARTESIAN_POINT('Ctrl Pts',(-6.3573494665751E-15,73.387538290637,
-4.3689335495659));
#2656=CARTESIAN_POINT('Ctrl Pts',(-7.7715611723761E-15,74.4944669812793,
-7.17152668042155));
#2657=CARTESIAN_POINT('Ctrl Pts',(13.1215500964581,73.6764971975908,17.0149839008117));
#2658=CARTESIAN_POINT('Ctrl Pts',(13.4152010603636,74.2842104572243,17.0573929260795));
#2659=CARTESIAN_POINT('Ctrl Pts',(13.8293068475105,74.8947564924721,17.0419373165349));
#2660=CARTESIAN_POINT('Ctrl Pts',(14.3486043855021,75.485779128706,16.96923170811));
#2661=CARTESIAN_POINT('Origin',(2.99999999999999,74.4944669812793,-7.17152668042154));
#2662=CARTESIAN_POINT('Origin',(37.7345188853662,75.,-1.81170858362125));
#2663=CARTESIAN_POINT('',(41.2837150378257,71.4781813403632,11.1914806361992));
#2664=CARTESIAN_POINT('Ctrl Pts',(41.2837150378257,71.4781813403631,11.1914806361992));
#2665=CARTESIAN_POINT('Ctrl Pts',(40.8255784345629,71.0164833295493,10.8544181115677));
#2666=CARTESIAN_POINT('Ctrl Pts',(40.2944645984025,70.6610696047455,10.4721407437744));
#2667=CARTESIAN_POINT('Ctrl Pts',(39.0963086210144,70.1397172564226,9.62350071321954));
#2668=CARTESIAN_POINT('Ctrl Pts',(38.4202396160006,70.0013404498376,9.1519773080375));
#2669=CARTESIAN_POINT('Ctrl Pts',(37.7410819887395,70.0000032305608,8.6774363468869));
#2670=CARTESIAN_POINT('Ctrl Pts',(37.7378004301757,70.,8.67514342820694));
#2671=CARTESIAN_POINT('Ctrl Pts',(37.7345188853658,70.,8.67285048970568));
#2672=CARTESIAN_POINT('',(41.7276964356026,71.9909248842397,-9.08522384606471));
#2673=CARTESIAN_POINT('Ctrl Pts',(41.7276964356033,71.9909248842406,-9.0852238460627));
#2674=CARTESIAN_POINT('Ctrl Pts',(41.7255560391678,71.9880844822347,-9.07876961417435));
#2675=CARTESIAN_POINT('Ctrl Pts',(41.7234128659916,71.9852467008886,-9.0723151497205));
#2676=CARTESIAN_POINT('Ctrl Pts',(40.7053190142817,70.6401714105515,-6.01002981451531));
#2677=CARTESIAN_POINT('Ctrl Pts',(39.1548857337447,69.9999999999934,-3.17195298614962));
#2678=CARTESIAN_POINT('Ctrl Pts',(37.7345188853429,70.,0.373827083519492));
#2679=CARTESIAN_POINT('',(41.7276964356098,71.9909248842493,11.52073465582));
#2680=CARTESIAN_POINT('',(41.7276964356026,71.9909248842397,-1.81170858362126));
#2681=CARTESIAN_POINT('Ctrl Pts',(41.727696435611,71.9909248842509,11.5207346558156));
#2682=CARTESIAN_POINT('Ctrl Pts',(41.5898788834106,71.8080348152738,11.4176677482353));
#2683=CARTESIAN_POINT('Ctrl Pts',(41.4411925242613,71.6368830064546,11.3073407503498));
#2684=CARTESIAN_POINT('Ctrl Pts',(41.2837150378257,71.4781813403632,11.1914806361992));
#2685=CARTESIAN_POINT('Ctrl Pts',(41.6296478159821,73.3262998470622,12.301166627078));
#2686=CARTESIAN_POINT('Ctrl Pts',(40.3223816560048,72.7057773601334,12.4778001335402));
#2687=CARTESIAN_POINT('Ctrl Pts',(37.9299142578919,71.7199228294002,12.8292560141345));
#2688=CARTESIAN_POINT('Ctrl Pts',(33.8154703573813,71.0978833162243,13.1141894229893));
#2689=CARTESIAN_POINT('Ctrl Pts',(30.6178688898277,71.1280116158372,13.1013918875508));
#2690=CARTESIAN_POINT('Ctrl Pts',(27.7208732555528,71.5408164268828,12.9012101804266));
#2691=CARTESIAN_POINT('Ctrl Pts',(25.1720456524292,72.1705821240116,12.632999476913));
#2692=CARTESIAN_POINT('Ctrl Pts',(23.6615321948068,72.6709915544457,12.454755905982));
#2693=CARTESIAN_POINT('Ctrl Pts',(22.9460431416113,72.9296806822687,12.373514338696));
#2694=CARTESIAN_POINT('Ctrl Pts',(41.5129970440803,72.2229287223635,11.9269733283265));
#2695=CARTESIAN_POINT('Ctrl Pts',(40.1520889024312,71.7734014302412,12.0093209708364));
#2696=CARTESIAN_POINT('Ctrl Pts',(37.7201214717014,71.1014193289188,12.3058719132933));
#2697=CARTESIAN_POINT('Ctrl Pts',(33.7545681984111,70.6980975860644,12.6079829785368));
#2698=CARTESIAN_POINT('Ctrl Pts',(30.6886801910103,70.716675931726,12.5939401550841));
#2699=CARTESIAN_POINT('Ctrl Pts',(27.8723799860348,70.9862290838788,12.381322194547));
#2700=CARTESIAN_POINT('Ctrl Pts',(25.3376488051701,71.4074696583849,12.1265912922944));
#2701=CARTESIAN_POINT('Ctrl Pts',(23.8021935871864,71.7547496908069,11.9895750626237));
#2702=CARTESIAN_POINT('Ctrl Pts',(23.0694964957171,71.9380461119539,11.9396504932063));
#2703=CARTESIAN_POINT('Ctrl Pts',(41.0991674993373,70.5510463440696,10.5994875351027));
#2704=CARTESIAN_POINT('Ctrl Pts',(39.6621883079816,70.4297794051961,10.7188627947365));
#2705=CARTESIAN_POINT('Ctrl Pts',(37.2710933744116,70.2609836047699,11.1510579325513));
#2706=CARTESIAN_POINT('Ctrl Pts',(33.6339613633005,70.1634655505205,11.5900873456852));
#2707=CARTESIAN_POINT('Ctrl Pts',(30.8291230563078,70.1680094869966,11.5688847316059));
#2708=CARTESIAN_POINT('Ctrl Pts',(28.1961071078546,70.2332073055548,11.2612137228394));
#2709=CARTESIAN_POINT('Ctrl Pts',(25.7431565519767,70.3380086143036,10.8895416993997));
#2710=CARTESIAN_POINT('Ctrl Pts',(24.197581000218,70.4271569218898,10.6899810146752));
#2711=CARTESIAN_POINT('Ctrl Pts',(23.4458911081884,70.4755125384147,10.6168511640892));
#2712=CARTESIAN_POINT('Ctrl Pts',(40.4887881944877,70.,8.64150781625744));
#2713=CARTESIAN_POINT('Ctrl Pts',(39.0001167937091,70.000592022017,9.00752966041748));
#2714=CARTESIAN_POINT('Ctrl Pts',(36.7551766296151,70.0003823721182,9.79335057951177));
#2715=CARTESIAN_POINT('Ctrl Pts',(33.5007235231643,70.000524114505,10.4570470368222));
#2716=CARTESIAN_POINT('Ctrl Pts',(30.9827530543764,70.0004086478372,10.4267479597501));
#2717=CARTESIAN_POINT('Ctrl Pts',(28.5681561195962,70.0004483642669,9.96075540622037));
#2718=CARTESIAN_POINT('Ctrl Pts',(26.2475978307293,70.0002751239898,9.34841677076626));
#2719=CARTESIAN_POINT('Ctrl Pts',(24.7264493838107,70.0001892210665,8.95566026369877));
#2720=CARTESIAN_POINT('Ctrl Pts',(23.9680148160277,70.,8.78190223665626));
#2721=CARTESIAN_POINT('Ctrl Pts',(40.2274269262439,70.,7.8031110055413));
#2722=CARTESIAN_POINT('Ctrl Pts',(38.7164765141592,70.,8.27413368944041));
#2723=CARTESIAN_POINT('Ctrl Pts',(36.5340749456539,70.,9.21134937102531));
#2724=CARTESIAN_POINT('Ctrl Pts',(33.4436005779111,70.,9.97117179463821));
#2725=CARTESIAN_POINT('Ctrl Pts',(31.0485970150417,70.,9.93704503346892));
#2726=CARTESIAN_POINT('Ctrl Pts',(28.7276084593633,70.,9.40322714780423));
#2727=CARTESIAN_POINT('Ctrl Pts',(26.4637229538111,70.,8.68799860510119));
#2728=CARTESIAN_POINT('Ctrl Pts',(24.9530009145254,70.,8.21268241595206));
#2729=CARTESIAN_POINT('Ctrl Pts',(24.1916277021809,70.,7.99603823652257));
#2730=CARTESIAN_POINT('',(41.6296478159821,73.3262998470622,12.301166627078));
#2731=CARTESIAN_POINT('Origin',(40.2274269262439,75.,7.8031110055413));
#2732=CARTESIAN_POINT('',(22.9460431416126,72.9296806822678,12.3735143386959));
#2733=CARTESIAN_POINT('Ctrl Pts',(41.6296478159821,73.3262998470622,12.301166627078));
#2734=CARTESIAN_POINT('Ctrl Pts',(40.3223816560048,72.7057773601334,12.4778001335402));
#2735=CARTESIAN_POINT('Ctrl Pts',(38.7274033905962,72.0485410063113,12.7121040539364));
#2736=CARTESIAN_POINT('Ctrl Pts',(36.8242626686231,71.6221157173119,12.8851831636867));
#2737=CARTESIAN_POINT('Ctrl Pts',(35.8726923076366,71.4089030728123,12.9717227185619));
#2738=CARTESIAN_POINT('Ctrl Pts',(34.844081332509,71.2533931945183,13.0429560707756));
#2739=CARTESIAN_POINT('Ctrl Pts',(33.7968422670195,71.1806596386401,13.0764398243094));
#2740=CARTESIAN_POINT('Ctrl Pts',(32.7496032015301,71.1079260827619,13.1099235778432));
#2741=CARTESIAN_POINT('Ctrl Pts',(31.6837360456789,71.1179688492996,13.105657732697));
#2742=CARTESIAN_POINT('Ctrl Pts',(30.6679698620409,71.1917910344093,13.0701611922699));
#2743=CARTESIAN_POINT('Ctrl Pts',(29.6522036784028,71.2656132195191,13.0346646518428));
#2744=CARTESIAN_POINT('Ctrl Pts',(28.6865384669778,71.4032148232009,12.9679374161347));
#2745=CARTESIAN_POINT('Ctrl Pts',(27.7789012607447,71.5769765745633,12.8898720143617));
#2746=CARTESIAN_POINT('Ctrl Pts',(26.8712640545116,71.7507383259257,12.8118066125887));
#2747=CARTESIAN_POINT('Ctrl Pts',(26.0216548534704,71.9606602249686,12.7224030447508));
#2748=CARTESIAN_POINT('Ctrl Pts',(25.2192218885442,72.1907235320986,12.6331403680992));
#2749=CARTESIAN_POINT('Ctrl Pts',(24.4167889236185,72.4207868392285,12.5438776914475));
#2750=CARTESIAN_POINT('Ctrl Pts',(23.6615321948077,72.6709915544454,12.4547559059821));
#2751=CARTESIAN_POINT('Ctrl Pts',(22.9460431416126,72.9296806822682,12.3735143386961));
#2752=CARTESIAN_POINT('',(23.2138477505167,71.5020356256119,11.4323431708431));
#2753=CARTESIAN_POINT('Origin',(24.1916277021809,75.,7.99603823652257));
#2754=CARTESIAN_POINT('',(23.3711196736662,71.3395569047257,11.303985387208));
#2755=CARTESIAN_POINT('Ctrl Pts',(23.3716446798289,71.3412750720961,11.3021356888974));
#2756=CARTESIAN_POINT('Ctrl Pts',(23.3154573223778,71.394922244877,11.3458493334232));
#2757=CARTESIAN_POINT('Ctrl Pts',(23.2630059155365,71.4491699957974,11.3885801359576));
#2758=CARTESIAN_POINT('Ctrl Pts',(23.2144086545853,71.5038374033843,11.4303719324078));
#2759=CARTESIAN_POINT('Ctrl Pts',(27.336046342506,70.,8.96174737857771));
#2760=CARTESIAN_POINT('Ctrl Pts',(26.5909032585529,70.,9.32505400189413));
#2761=CARTESIAN_POINT('Ctrl Pts',(25.8549098022515,70.0965441578889,9.71338220677543));
#2762=CARTESIAN_POINT('Ctrl Pts',(24.7994401668038,70.4338808019906,10.3310093664572));
#2763=CARTESIAN_POINT('Ctrl Pts',(24.4422549332172,70.5885404969882,10.5523907730752));
#2764=CARTESIAN_POINT('Ctrl Pts',(23.8457993966401,70.941188721182,10.9508939938843));
#2765=CARTESIAN_POINT('Ctrl Pts',(23.595352644451,71.1257379021427,11.1293609626938));
#2766=CARTESIAN_POINT('Ctrl Pts',(23.3711196736644,71.3395569047274,11.3039853872094));
#2767=CARTESIAN_POINT('Ctrl Pts',(22.5937503872928,70.,7.5792963874189));
#2768=CARTESIAN_POINT('Ctrl Pts',(24.1972807886897,70.,7.95422204521292));
#2769=CARTESIAN_POINT('Ctrl Pts',(25.7625812253139,70.,8.47501333698633));
#2770=CARTESIAN_POINT('Ctrl Pts',(27.336046342506,70.,8.96174737857771));
#2771=CARTESIAN_POINT('Ctrl Pts',(22.3201775704104,70.,8.74934788895617));
#2772=CARTESIAN_POINT('Ctrl Pts',(23.8821365853992,70.0025031647516,8.9997032416535));
#2773=CARTESIAN_POINT('Ctrl Pts',(25.4582709359728,69.9990644683904,9.40069077582771));
#2774=CARTESIAN_POINT('Ctrl Pts',(27.0796672267812,70.,9.79054413594157));
#2775=CARTESIAN_POINT('Ctrl Pts',(21.8435508537673,70.7921147635447,10.7878464935918));
#2776=CARTESIAN_POINT('Ctrl Pts',(23.3319579141173,70.6392949106271,10.8277432231797));
#2777=CARTESIAN_POINT('Ctrl Pts',(24.9269137899271,70.5063792747779,11.0170080816585));
#2778=CARTESIAN_POINT('Ctrl Pts',(26.6315459627817,70.4045597271299,11.2391857285244));
#2779=CARTESIAN_POINT('Ctrl Pts',(21.5717589100038,72.6204629044037,11.9502813273234));
#2780=CARTESIAN_POINT('Ctrl Pts',(22.982669029304,72.1769503161972,12.0211851821921));
#2781=CARTESIAN_POINT('Ctrl Pts',(24.5421376771626,71.7547790827883,12.1827313217025));
#2782=CARTESIAN_POINT('Ctrl Pts',(26.286503291609,71.4208475479647,12.3546051581127));
#2783=CARTESIAN_POINT('Ctrl Pts',(21.5093415023655,73.4789568800581,12.2172361452821));
#2784=CARTESIAN_POINT('Ctrl Pts',(22.8879449861964,72.924805012067,12.3578332669548));
#2785=CARTESIAN_POINT('Ctrl Pts',(24.4193117319761,72.376450174065,12.5531300013699));
#2786=CARTESIAN_POINT('Ctrl Pts',(26.1686296524004,71.9349131298414,12.7356552669666));
#2787=CARTESIAN_POINT('Ctrl Pts',(22.7843039741844,72.457560107374,12.0731674837749));
#2788=CARTESIAN_POINT('Ctrl Pts',(22.7850055370096,72.4935969157978,12.0954818000369));
#2789=CARTESIAN_POINT('Ctrl Pts',(22.7879297376769,72.5296565659513,12.117799888735));
#2790=CARTESIAN_POINT('Ctrl Pts',(22.7932850302454,72.5656020469423,12.1401317839034));
#2791=CARTESIAN_POINT('Ctrl Pts',(22.8016272241836,72.621596032293,12.1749192391393));
#2792=CARTESIAN_POINT('Ctrl Pts',(22.8157355763884,72.6764131495734,12.2091816780858));
#2793=CARTESIAN_POINT('Ctrl Pts',(22.835850137203,72.7296842624352,12.2430830662681));
#2794=CARTESIAN_POINT('Ctrl Pts',(22.83910679375,72.7383091446816,12.2485718849797));
#2795=CARTESIAN_POINT('Ctrl Pts',(22.8425209580784,72.7468934752334,12.254051325639));
#2796=CARTESIAN_POINT('Ctrl Pts',(22.8460937268248,72.7554356577844,12.2595221836525));
#2797=CARTESIAN_POINT('Ctrl Pts',(22.8665405700395,72.8043222999731,12.2908317320697));
#2798=CARTESIAN_POINT('Ctrl Pts',(22.891852991794,72.8510471944443,12.3213616484666));
#2799=CARTESIAN_POINT('Ctrl Pts',(22.9217435910056,72.8954787290411,12.3512953797266));
#2800=CARTESIAN_POINT('Ctrl Pts',(22.9293530182077,72.9067899284452,12.3589157873102));
#2801=CARTESIAN_POINT('Ctrl Pts',(22.9372592629141,72.9179527380423,12.3664975598492));
#2802=CARTESIAN_POINT('Ctrl Pts',(22.945457804451,72.9289654711942,12.3740437104338));
#2803=CARTESIAN_POINT('Ctrl Pts',(41.2837150378257,71.4781813403631,11.1914806361992));
#2804=CARTESIAN_POINT('Ctrl Pts',(41.9796660609847,71.6277026135639,11.1299354080316));
#2805=CARTESIAN_POINT('Ctrl Pts',(42.6260178073474,71.7779436710767,11.0980217053408));
#2806=CARTESIAN_POINT('Ctrl Pts',(43.2261424878099,71.9211400296138,11.1024687352145));
#2807=CARTESIAN_POINT('Ctrl Pts',(41.4375111166876,71.9989632443267,11.6848289539698));
#2808=CARTESIAN_POINT('Ctrl Pts',(42.1204457947863,72.1980094599353,11.6333727812699));
#2809=CARTESIAN_POINT('Ctrl Pts',(42.7455151917869,72.3970839539513,11.6074495764734));
#2810=CARTESIAN_POINT('Ctrl Pts',(43.3192126309403,72.5857524652164,11.6134645023901));
#2811=CARTESIAN_POINT('Ctrl Pts',(41.5565581581691,72.6349626477429,12.0667090258483));
#2812=CARTESIAN_POINT('Ctrl Pts',(42.2245553299293,72.8911044745279,12.0074319152748));
#2813=CARTESIAN_POINT('Ctrl Pts',(42.8289786975456,73.1450725096965,11.9678278323881));
#2814=CARTESIAN_POINT('Ctrl Pts',(43.3814197369398,73.3838155148625,11.9550087053412));
#2815=CARTESIAN_POINT('Ctrl Pts',(41.6296478159821,73.3262998470622,12.301166627078));
#2816=CARTESIAN_POINT('Ctrl Pts',(42.2810284413812,73.63549191367,12.213154218107));
#2817=CARTESIAN_POINT('Ctrl Pts',(42.8667036693102,73.9372981291262,12.1379695507238));
#2818=CARTESIAN_POINT('Ctrl Pts',(43.4050917737162,74.2169036814935,12.0849785344002));
#2819=CARTESIAN_POINT('',(43.4050917737162,74.2169036814935,12.0849785344002));
#2820=CARTESIAN_POINT('Ctrl Pts',(41.727696435611,71.9909248842509,11.5207346558156));
#2821=CARTESIAN_POINT('Ctrl Pts',(41.9182568476193,72.2438070922123,11.6632453306837));
#2822=CARTESIAN_POINT('Ctrl Pts',(42.1177552218879,72.5085503767072,11.7747873668021));
#2823=CARTESIAN_POINT('Ctrl Pts',(42.6744808486603,73.2473502367788,12.0062039908641));
#2824=CARTESIAN_POINT('Ctrl Pts',(43.0416742518273,73.7346323409848,12.0734346189954));
#2825=CARTESIAN_POINT('Ctrl Pts',(43.4050917737162,74.2169036814935,12.0849785344002));
#2826=CARTESIAN_POINT('Ctrl Pts',(43.4050917737162,74.2169036814935,12.0849785344002));
#2827=CARTESIAN_POINT('Ctrl Pts',(42.8667036693102,73.9372981291262,12.1379695507238));
#2828=CARTESIAN_POINT('Ctrl Pts',(42.2810284413812,73.63549191367,12.213154218107));
#2829=CARTESIAN_POINT('Ctrl Pts',(41.6296478159821,73.3262998470622,12.301166627078));
#2830=CARTESIAN_POINT('Ctrl Pts',(23.7451939548635,74.2579705622429,15.0309510313062));
#2831=CARTESIAN_POINT('Ctrl Pts',(25.8619907342464,72.9815100227522,15.2729030736854));
#2832=CARTESIAN_POINT('Ctrl Pts',(30.6030839899729,71.2915581654347,15.7540686226271));
#2833=CARTESIAN_POINT('Ctrl Pts',(37.6027481402131,71.9230936195292,16.3019836290485));
#2834=CARTESIAN_POINT('Ctrl Pts',(42.8748350457198,75.579658336697,16.5493752637003));
#2835=CARTESIAN_POINT('Ctrl Pts',(45.1929858057254,81.4176123148852,16.4383369452112));
#2836=CARTESIAN_POINT('Ctrl Pts',(44.0370341175161,88.0850990060564,15.9959610215034));
#2837=CARTESIAN_POINT('Ctrl Pts',(39.6568457151273,94.0436409934288,15.3229237495921));
#2838=CARTESIAN_POINT('Ctrl Pts',(35.2714604218295,96.6260638185267,14.8248931122644));
#2839=CARTESIAN_POINT('Ctrl Pts',(32.9631325276528,97.4212360497843,14.59206037737));
#2840=CARTESIAN_POINT('Ctrl Pts',(23.7475966634321,74.2619641682347,14.5792283539901));
#2841=CARTESIAN_POINT('Ctrl Pts',(25.8827310156061,73.0173913609211,14.7984776799743));
#2842=CARTESIAN_POINT('Ctrl Pts',(30.638681176137,71.4177604753748,15.2441220900783));
#2843=CARTESIAN_POINT('Ctrl Pts',(37.5313294731622,72.1740113263332,15.7790642046253));
#2844=CARTESIAN_POINT('Ctrl Pts',(42.6168461006633,75.7900236730614,16.032833396136));
#2845=CARTESIAN_POINT('Ctrl Pts',(44.8946994402203,81.4343010302927,15.9177318182009));
#2846=CARTESIAN_POINT('Ctrl Pts',(43.8764541239348,87.9939922456028,15.4764416910082));
#2847=CARTESIAN_POINT('Ctrl Pts',(39.6387789473573,93.996971270717,14.8408922112202));
#2848=CARTESIAN_POINT('Ctrl Pts',(35.2873968377731,96.6491165749867,14.3922934926347));
#2849=CARTESIAN_POINT('Ctrl Pts',(32.9805917850369,97.4741586965881,14.1860401928402));
#2850=CARTESIAN_POINT('Ctrl Pts',(23.6450122686118,74.0914559096889,13.676118621752));
#2851=CARTESIAN_POINT('Ctrl Pts',(25.8307591896731,72.8769138127383,13.8333133409359));
#2852=CARTESIAN_POINT('Ctrl Pts',(30.6674557510648,71.3917722428187,14.164616223877));
#2853=CARTESIAN_POINT('Ctrl Pts',(37.4963471881245,72.3666724769874,14.5935447821901));
#2854=CARTESIAN_POINT('Ctrl Pts',(42.3704867623012,75.9954810355309,14.8117726917624));
#2855=CARTESIAN_POINT('Ctrl Pts',(44.6336180146521,81.4357431283667,14.7116634908554));
#2856=CARTESIAN_POINT('Ctrl Pts',(43.8316840619974,87.9362708218979,14.3462669666264));
#2857=CARTESIAN_POINT('Ctrl Pts',(39.7581384615783,94.0891599666882,13.8609385885834));
#2858=CARTESIAN_POINT('Ctrl Pts',(35.4018179098754,96.8680071337545,13.5415434203563));
#2859=CARTESIAN_POINT('Ctrl Pts',(33.068513656243,97.7406682069187,13.3988384940207));
#2860=CARTESIAN_POINT('Ctrl Pts',(23.1280612423409,73.2322178218948,12.3987595347435));
#2861=CARTESIAN_POINT('Ctrl Pts',(25.4369538178231,71.9494551223106,12.4410155728895));
#2862=CARTESIAN_POINT('Ctrl Pts',(30.5604764836705,70.4033526955856,12.5331184550286));
#2863=CARTESIAN_POINT('Ctrl Pts',(37.8216307694138,71.5338635646502,12.6632677693566));
#2864=CARTESIAN_POINT('Ctrl Pts',(43.0181649591024,75.4868294377414,12.7342014127427));
#2865=CARTESIAN_POINT('Ctrl Pts',(45.484284987404,81.3308470099649,12.7011280172306));
#2866=CARTESIAN_POINT('Ctrl Pts',(44.7218124807754,88.2916965251764,12.5868919267654));
#2867=CARTESIAN_POINT('Ctrl Pts',(40.4580174804072,94.8502733088142,12.4471729339846));
#2868=CARTESIAN_POINT('Ctrl Pts',(35.8531845559514,97.7804856103852,12.3626663529551));
#2869=CARTESIAN_POINT('Ctrl Pts',(33.3815165945729,98.68944532781,12.3259141194382));
#2870=CARTESIAN_POINT('Ctrl Pts',(22.5480244986517,72.2681232806903,12.));
#2871=CARTESIAN_POINT('Ctrl Pts',(24.9629793871071,70.8557921643657,11.9993631551163));
#2872=CARTESIAN_POINT('Ctrl Pts',(30.3772894803272,69.081214558125,12.0004619307276));
#2873=CARTESIAN_POINT('Ctrl Pts',(38.3152514485338,70.1274387300551,11.9986840563773));
#2874=CARTESIAN_POINT('Ctrl Pts',(44.251065135329,74.5014817989524,11.9978707562922));
#2875=CARTESIAN_POINT('Ctrl Pts',(47.0138373033722,81.1856074255529,11.9989098749485));
#2876=CARTESIAN_POINT('Ctrl Pts',(46.0025544527256,88.855726005683,11.9993223276471));
#2877=CARTESIAN_POINT('Ctrl Pts',(41.2663413467238,95.7746453774715,12.0007040201886));
#2878=CARTESIAN_POINT('Ctrl Pts',(36.3292119355604,98.7576201915521,11.9995349021672));
#2879=CARTESIAN_POINT('Ctrl Pts',(33.7016878541845,99.6599511240411,12.));
#2880=CARTESIAN_POINT('Ctrl Pts',(22.1986924052696,71.6874890916299,12.));
#2881=CARTESIAN_POINT('Ctrl Pts',(24.6772405240508,70.1962982193128,12.));
#2882=CARTESIAN_POINT('Ctrl Pts',(30.2652920557357,68.2829613057304,12.));
#2883=CARTESIAN_POINT('Ctrl Pts',(38.6136159656409,69.2735447351632,12.));
#2884=CARTESIAN_POINT('Ctrl Pts',(45.0014351603869,73.9013649963818,12.));
#2885=CARTESIAN_POINT('Ctrl Pts',(47.943073888887,81.0983809497942,12.));
#2886=CARTESIAN_POINT('Ctrl Pts',(46.7771463856335,89.1985495594938,12.));
#2887=CARTESIAN_POINT('Ctrl Pts',(41.7526190922128,96.3322819971106,12.));
#2888=CARTESIAN_POINT('Ctrl Pts',(36.6158417654526,99.3458965926122,12.));
#2889=CARTESIAN_POINT('Ctrl Pts',(33.8942816937382,100.243743179056,12.));
#2890=CARTESIAN_POINT('',(46.6758127979958,78.5572970797288,12.));
#2891=CARTESIAN_POINT('Ctrl Pts',(43.4050917737162,74.2169036814935,12.0849785344002));
#2892=CARTESIAN_POINT('Ctrl Pts',(43.4207522145151,74.23768578836,12.0854759864846));
#2893=CARTESIAN_POINT('Ctrl Pts',(43.4364816486319,74.2585594524522,12.0859588311142));
#2894=CARTESIAN_POINT('Ctrl Pts',(43.559319651608,74.4215709881999,12.0895915086873));
#2895=CARTESIAN_POINT('Ctrl Pts',(43.6656145057366,74.5626290239357,12.091924424945));
#2896=CARTESIAN_POINT('Ctrl Pts',(43.8454711244901,74.8013068184866,12.0942963651431));
#2897=CARTESIAN_POINT('Ctrl Pts',(43.9181059809395,74.8976965286069,12.0948224878129));
#2898=CARTESIAN_POINT('Ctrl Pts',(44.0624535619439,75.0892522384923,12.0949836873853));
#2899=CARTESIAN_POINT('Ctrl Pts',(44.1337440434205,75.1838579027666,12.0946346988218));
#2900=CARTESIAN_POINT('Ctrl Pts',(44.3055504655085,75.4118527255197,12.0927778955973));
#2901=CARTESIAN_POINT('Ctrl Pts',(44.4052724287615,75.5441882404625,12.090870729375));
#2902=CARTESIAN_POINT('Ctrl Pts',(44.7103262197377,75.9490082940931,12.0827538751469));
#2903=CARTESIAN_POINT('Ctrl Pts',(44.908444324373,76.2119198989125,12.0744096748014));
#2904=CARTESIAN_POINT('Ctrl Pts',(45.4145502639747,76.8835451652523,12.0491432217166));
#2905=CARTESIAN_POINT('Ctrl Pts',(45.6998241786057,77.2621164364067,12.0316417805282));
#2906=CARTESIAN_POINT('Ctrl Pts',(46.2110634646549,77.9405538835672,12.0079559390959));
#2907=CARTESIAN_POINT('Ctrl Pts',(46.4448894943127,78.2508515053848,12.));
#2908=CARTESIAN_POINT('Ctrl Pts',(46.6758127979958,78.5572970797289,12.));
#2909=CARTESIAN_POINT('',(37.8162707040978,98.4696998159181,12.));
#2910=CARTESIAN_POINT('Origin',(30.1109819062297,85.0171444179367,12.));
#2911=CARTESIAN_POINT('',(35.,97.0291165833031,13.479207184251));
#2912=CARTESIAN_POINT('Ctrl Pts',(37.8162707040823,98.4696998159997,12.));
#2913=CARTESIAN_POINT('Ctrl Pts',(37.8135413472475,98.4683235992312,12.));
#2914=CARTESIAN_POINT('Ctrl Pts',(37.8108120154323,98.4669473324141,12.0000032950254));
#2915=CARTESIAN_POINT('Ctrl Pts',(37.4876843825435,98.3040026593899,12.0007833502776));
#2916=CARTESIAN_POINT('Ctrl Pts',(37.1673814411396,98.1415960949691,12.0469601371332));
#2917=CARTESIAN_POINT('Ctrl Pts',(36.5896630810528,97.8472486675804,12.2143366372725));
#2918=CARTESIAN_POINT('Ctrl Pts',(36.3287905997804,97.7137482383691,12.3249244276596));
#2919=CARTESIAN_POINT('Ctrl Pts',(35.862515795594,97.4743588381636,12.5954351836743));
#2920=CARTESIAN_POINT('Ctrl Pts',(35.6535119171294,97.3667085389682,12.7496180954142));
#2921=CARTESIAN_POINT('Ctrl Pts',(35.2911263658064,97.1797061104047,13.0919328870153));
#2922=CARTESIAN_POINT('Ctrl Pts',(35.1342170774398,97.0985724881462,13.2759052106609));
#2923=CARTESIAN_POINT('Ctrl Pts',(35.,97.0291165833031,13.479207184251));
#2924=CARTESIAN_POINT('',(32.9631325276528,97.4212360497844,14.59206037737));
#2925=CARTESIAN_POINT('Ctrl Pts',(32.9631325276528,97.4212360497844,14.59206037737));
#2926=CARTESIAN_POINT('Ctrl Pts',(33.4940945989842,97.2893097592741,14.2928935701528));
#2927=CARTESIAN_POINT('Ctrl Pts',(34.2383170112716,97.123628020705,13.8794399865817));
#2928=CARTESIAN_POINT('Ctrl Pts',(35.,97.0291165833031,13.479207184251));
#2929=CARTESIAN_POINT('',(24.3148466187858,73.9280144387558,15.0953586387711));
#2930=CARTESIAN_POINT('Origin',(30.1109819062297,85.0171444179367,15.));
#2931=CARTESIAN_POINT('Ctrl Pts',(22.9460431416139,72.9296806822669,12.3735143386958));
#2932=CARTESIAN_POINT('Ctrl Pts',(23.0959328998463,73.1311576377891,12.5114527277683));
#2933=CARTESIAN_POINT('Ctrl Pts',(23.2436961849499,73.3088506594491,12.6840446257744));
#2934=CARTESIAN_POINT('Ctrl Pts',(23.580574170041,73.6638081079364,13.1644290325721));
#2935=CARTESIAN_POINT('Ctrl Pts',(23.7597560403645,73.8105828766706,13.4926789472222));
#2936=CARTESIAN_POINT('Ctrl Pts',(23.9977321921394,73.9380796262555,14.0454213115339));
#2937=CARTESIAN_POINT('Ctrl Pts',(24.0736503563979,73.9636664593467,14.2479060586956));
#2938=CARTESIAN_POINT('Ctrl Pts',(24.2079373936996,73.9760802840457,14.6633324611432));
#2939=CARTESIAN_POINT('Ctrl Pts',(24.2658403262201,73.9624096075239,14.8756288010429));
#2940=CARTESIAN_POINT('Ctrl Pts',(24.3136994018835,73.9288313341954,15.090194289134));
#2941=CARTESIAN_POINT('Ctrl Pts',(24.3142738049143,73.9284243289578,15.0927765163389));
#2942=CARTESIAN_POINT('Ctrl Pts',(24.3148466187858,73.9280144387558,15.0953586387711));
#2943=CARTESIAN_POINT('Origin',(53.9402826049,88.1975741187989,-25.));
#2944=CARTESIAN_POINT('',(37.2520687757375,66.0515663747147,-19.8291888593933));
#2945=CARTESIAN_POINT('Origin',(1.30513271869977,18.3483710271028,13.5552051357989));
#2946=CARTESIAN_POINT('',(32.1675446335202,59.3041749413812,-26.3277544335533));
#2947=CARTESIAN_POINT('Ctrl Pts',(32.1675714141411,59.3042104804654,-26.327822131842));
#2948=CARTESIAN_POINT('Ctrl Pts',(32.2974919722815,59.4766208843677,-26.1859269772055));
#2949=CARTESIAN_POINT('Ctrl Pts',(34.0755828545135,61.8362271820041,-24.220534039311));
#2950=CARTESIAN_POINT('Ctrl Pts',(35.7607605032532,64.0725334542732,-22.034612042429));
#2951=CARTESIAN_POINT('Ctrl Pts',(37.2431349319607,66.0397107635935,-19.8424026333289));
#2952=CARTESIAN_POINT('Ctrl Pts',(37.2476018416862,66.0456385530134,-19.8357977568326));
#2953=CARTESIAN_POINT('Ctrl Pts',(37.252068775738,66.0515663747153,-19.8291888593931));
#2954=CARTESIAN_POINT('',(45.5378168166595,77.0471254056717,-25.));
#2955=CARTESIAN_POINT('Ctrl Pts',(45.5378168166595,77.0471254056717,-25.));
#2956=CARTESIAN_POINT('Ctrl Pts',(44.7810875060047,76.0429116925988,-25.));
#2957=CARTESIAN_POINT('Ctrl Pts',(43.9492342324984,74.9390051136443,-25.0366333771177));
#2958=CARTESIAN_POINT('Ctrl Pts',(42.2868546491471,72.7329528959905,-25.1666761284832));
#2959=CARTESIAN_POINT('Ctrl Pts',(41.456282593014,71.6307465499163,-25.258465815176));
#2960=CARTESIAN_POINT('Ctrl Pts',(39.0370151215819,68.4202701798378,-25.5564381877828));
#2961=CARTESIAN_POINT('Ctrl Pts',(37.2085290941908,65.9937872657831,-25.8368385123173));
#2962=CARTESIAN_POINT('Ctrl Pts',(34.2974197989106,62.1306147503105,-26.173054702747));
#2963=CARTESIAN_POINT('Ctrl Pts',(33.2158573643801,60.6953329223076,-26.2718833823389));
#2964=CARTESIAN_POINT('Ctrl Pts',(32.1675446335202,59.3041749413812,-26.3277544335533));
#2965=CARTESIAN_POINT('',(55.1439126512041,89.7948451388935,-25.));
#2966=CARTESIAN_POINT('',(53.9402826049,88.1975741187989,-25.));
#2967=CARTESIAN_POINT('',(55.1439126512041,89.7948451388935,-24.));
#2968=CARTESIAN_POINT('',(55.1439126512041,89.7948451388935,12.));
#2969=CARTESIAN_POINT('',(53.9402826049,88.1975741187989,-24.));
#2970=CARTESIAN_POINT('',(53.9402826049,88.1975741187989,-24.));
#2971=CARTESIAN_POINT('',(53.9402826049,88.1975741187989,11.));
#2972=CARTESIAN_POINT('',(53.9402826049,88.1975741187989,12.));
#2973=CARTESIAN_POINT('',(55.1439126512042,89.7948451388935,11.));
#2974=CARTESIAN_POINT('',(53.9402826049,88.1975741187989,11.));
#2975=CARTESIAN_POINT('',(55.1439126512042,89.7948451388935,12.));
#2976=CARTESIAN_POINT('',(55.1439126512041,89.7948451388935,12.));
#2977=CARTESIAN_POINT('',(53.9402826049,88.1975741187989,12.));
#2978=CARTESIAN_POINT('Origin',(46.7201846081494,103.540782577456,-43.3797793404263));
#2979=CARTESIAN_POINT('',(35.,104.11399377503,-26.8692757308882));
#2980=CARTESIAN_POINT('',(35.,103.128837772496,-27.2181051869138));
#2981=CARTESIAN_POINT('Ctrl Pts',(35.,104.11399377503,-26.8692757308882));
#2982=CARTESIAN_POINT('Ctrl Pts',(35.,104.05577319654,-26.9142005642726));
#2983=CARTESIAN_POINT('Ctrl Pts',(35.,103.992806324951,-26.954496348654));
#2984=CARTESIAN_POINT('Ctrl Pts',(35.,103.702553086016,-27.1148569173663));
#2985=CARTESIAN_POINT('Ctrl Pts',(35.,103.406328601274,-27.1908514696738));
#2986=CARTESIAN_POINT('Ctrl Pts',(35.,103.128837772496,-27.2181051869138));
#2987=CARTESIAN_POINT('',(30.3920434156677,110.865270563768,-34.5211215328067));
#2988=CARTESIAN_POINT('Origin',(46.7962791051297,103.641763385628,-43.3208186210685));
#2989=CARTESIAN_POINT('',(30.6452514015366,111.583269640558,-34.0415272550798));
#2990=CARTESIAN_POINT('Origin',(28.6768816949523,111.486043214901,-33.7008401253624));
#2991=CARTESIAN_POINT('Origin',(47.2656142499877,104.264592159216,-42.9571610786856));
#2992=CARTESIAN_POINT('Ctrl Pts',(30.3920434156677,110.865270563769,-34.5211215328067));
#2993=CARTESIAN_POINT('Ctrl Pts',(30.3462530677358,111.027256117113,-34.7394539876455));
#2994=CARTESIAN_POINT('Ctrl Pts',(30.2034778765384,111.254680985075,-35.2395944243178));
#2995=CARTESIAN_POINT('Ctrl Pts',(29.7382713037507,111.205100494903,-36.311494623389));
#2996=CARTESIAN_POINT('Ctrl Pts',(28.7404098115969,110.269438967632,-37.9378337992472));
#2997=CARTESIAN_POINT('Ctrl Pts',(26.9601977241752,107.788206265378,-39.9658232540577));
#2998=CARTESIAN_POINT('Ctrl Pts',(25.4915896798138,105.35895120155,-41.0797806833305));
#2999=CARTESIAN_POINT('Ctrl Pts',(24.6485474259988,103.835131606502,-41.5812249074969));
#3000=CARTESIAN_POINT('Ctrl Pts',(30.476195774563,110.994453623673,-34.4429269113939));
#3001=CARTESIAN_POINT('Ctrl Pts',(30.4236640351075,111.165137514973,-34.6819216642254));
#3002=CARTESIAN_POINT('Ctrl Pts',(30.2679751192611,111.409968101173,-35.2266674622653));
#3003=CARTESIAN_POINT('Ctrl Pts',(29.783160896147,111.388106029466,-36.3857836519774));
#3004=CARTESIAN_POINT('Ctrl Pts',(28.762610240796,110.479668797065,-38.1338819325506));
#3005=CARTESIAN_POINT('Ctrl Pts',(26.9502955736323,108.009870764444,-40.3106717107213));
#3006=CARTESIAN_POINT('Ctrl Pts',(25.4388379576453,105.568495340612,-41.5157798829374));
#3007=CARTESIAN_POINT('Ctrl Pts',(24.5630342824959,104.029517687882,-42.0651808575343));
#3008=CARTESIAN_POINT('Ctrl Pts',(30.5896077691246,111.232755310048,-34.2899113834705));
#3009=CARTESIAN_POINT('Ctrl Pts',(30.5276228752768,111.418104258998,-34.5666524010251));
#3010=CARTESIAN_POINT('Ctrl Pts',(30.3509282349179,111.693287102946,-35.191056201443));
#3011=CARTESIAN_POINT('Ctrl Pts',(29.8188723156396,111.725916765764,-36.4988348331039));
#3012=CARTESIAN_POINT('Ctrl Pts',(28.7145697298822,110.885367035837,-38.4466677380986));
#3013=CARTESIAN_POINT('Ctrl Pts',(26.7458587070326,108.482104623039,-40.8534926058623));
#3014=CARTESIAN_POINT('Ctrl Pts',(25.0695345352835,106.058542761319,-42.1857392804893));
#3015=CARTESIAN_POINT('Ctrl Pts',(24.0772063604439,104.514847234502,-42.7875734408854));
#3016=CARTESIAN_POINT('Ctrl Pts',(30.6372662644504,111.478546753729,-34.1175487177505));
#3017=CARTESIAN_POINT('Ctrl Pts',(30.5708889233806,111.677719048232,-34.4319672594206));
#3018=CARTESIAN_POINT('Ctrl Pts',(30.3763755443956,111.982457222555,-35.1341783988103));
#3019=CARTESIAN_POINT('Ctrl Pts',(29.7756460376364,112.070564182725,-36.5751868819316));
#3020=CARTESIAN_POINT('Ctrl Pts',(28.5146779769882,111.301021964895,-38.6657444500533));
#3021=CARTESIAN_POINT('Ctrl Pts',(26.26345501485,108.963677603741,-41.1429333624032));
#3022=CARTESIAN_POINT('Ctrl Pts',(24.365598444921,106.553616802038,-42.4063266505248));
#3023=CARTESIAN_POINT('Ctrl Pts',(23.2562188001717,105.006639974745,-42.9330980370045));
#3024=CARTESIAN_POINT('Ctrl Pts',(30.6452514015366,111.583269640558,-34.0415272550798));
#3025=CARTESIAN_POINT('Ctrl Pts',(30.5779844791431,111.788240726344,-34.371676404987));
#3026=CARTESIAN_POINT('Ctrl Pts',(30.3765726430654,112.105406680213,-35.106428496831));
#3027=CARTESIAN_POINT('Ctrl Pts',(29.7429730461191,112.216125547739,-36.6007252581291));
#3028=CARTESIAN_POINT('Ctrl Pts',(28.4042840735835,111.472895448492,-38.7391234023553));
#3029=CARTESIAN_POINT('Ctrl Pts',(26.0230624614217,109.15171733298,-41.208633981195));
#3030=CARTESIAN_POINT('Ctrl Pts',(24.0456144387957,106.735737127414,-42.4050667725772));
#3031=CARTESIAN_POINT('Ctrl Pts',(22.9047122956464,105.181836080426,-42.8795966932178));
#3032=CARTESIAN_POINT('',(24.6485474259988,103.835131606502,-41.5812249074969));
#3033=CARTESIAN_POINT('',(22.9047122956464,105.181836080426,-42.8795966932177));
#3034=CARTESIAN_POINT('Origin',(22.9047122956464,104.597706573281,-40.9667996002457));
#3035=CARTESIAN_POINT('Ctrl Pts',(22.9047122956464,105.181836080426,-42.8795966932178));
#3036=CARTESIAN_POINT('Ctrl Pts',(24.0456144387957,106.735737127414,-42.4050667725772));
#3037=CARTESIAN_POINT('Ctrl Pts',(26.0230624614217,109.15171733298,-41.208633981195));
#3038=CARTESIAN_POINT('Ctrl Pts',(28.4042840735835,111.472895448492,-38.7391234023553));
#3039=CARTESIAN_POINT('Ctrl Pts',(29.7429730461191,112.216125547739,-36.6007252581291));
#3040=CARTESIAN_POINT('Ctrl Pts',(30.3765726430654,112.105406680213,-35.106428496831));
#3041=CARTESIAN_POINT('Ctrl Pts',(30.5779844791431,111.788240726344,-34.371676404987));
#3042=CARTESIAN_POINT('Ctrl Pts',(30.6452514015366,111.583269640558,-34.0415272550798));
#3043=CARTESIAN_POINT('Ctrl Pts',(30.3920434156677,110.865270563769,-34.5211215328067));
#3044=CARTESIAN_POINT('Ctrl Pts',(30.3462530677358,111.027256117113,-34.7394539876455));
#3045=CARTESIAN_POINT('Ctrl Pts',(30.2034778765384,111.254680985075,-35.2395944243178));
#3046=CARTESIAN_POINT('Ctrl Pts',(29.7382713037507,111.205100494903,-36.311494623389));
#3047=CARTESIAN_POINT('Ctrl Pts',(28.7404098115969,110.269438967632,-37.9378337992472));
#3048=CARTESIAN_POINT('Ctrl Pts',(26.9601977241752,107.788206265378,-39.9658232540577));
#3049=CARTESIAN_POINT('Ctrl Pts',(25.4915896798138,105.35895120155,-41.0797806833305));
#3050=CARTESIAN_POINT('Ctrl Pts',(24.6485474259988,103.835131606502,-41.5812249074969));
#3051=CARTESIAN_POINT('Ctrl Pts',(24.6485474259988,103.835131606502,-41.5812249074969));
#3052=CARTESIAN_POINT('Ctrl Pts',(21.7482230636473,98.5927240339909,-43.3063470981448));
#3053=CARTESIAN_POINT('Ctrl Pts',(19.0843420237591,93.5529856327844,-44.9710509869293));
#3054=CARTESIAN_POINT('Ctrl Pts',(16.6900771831185,88.7822822489859,-46.5521390007466));
#3055=CARTESIAN_POINT('Ctrl Pts',(24.5630342824959,104.029517687882,-42.0651808575343));
#3056=CARTESIAN_POINT('Ctrl Pts',(21.6373869891193,98.7900457991497,-43.7594491813989));
#3057=CARTESIAN_POINT('Ctrl Pts',(18.9527454477858,93.7488850101804,-45.3922205822738));
#3058=CARTESIAN_POINT('Ctrl Pts',(16.5402389911487,88.9737285148319,-46.9397681993428));
#3059=CARTESIAN_POINT('Ctrl Pts',(24.0772085647883,104.514847164241,-42.7875771440665));
#3060=CARTESIAN_POINT('Ctrl Pts',(21.1415103796759,99.2536605531534,-44.4208801179297));
#3061=CARTESIAN_POINT('Ctrl Pts',(18.4496913064411,94.1882653624246,-45.9929870915521));
#3062=CARTESIAN_POINT('Ctrl Pts',(16.0371439952839,89.3851724458696,-47.4836735965603));
#3063=CARTESIAN_POINT('Ctrl Pts',(23.2562188001717,105.006639974745,-42.9330980370044));
#3064=CARTESIAN_POINT('Ctrl Pts',(20.3506725375044,99.7097877717686,-44.5504529365697));
#3065=CARTESIAN_POINT('Ctrl Pts',(17.6905763734468,94.6089503925965,-46.1084582820429));
#3066=CARTESIAN_POINT('Ctrl Pts',(15.3110042035206,89.7705107065067,-47.5859034563345));
#3067=CARTESIAN_POINT('Ctrl Pts',(22.9047122956464,105.181836080426,-42.8795966932177));
#3068=CARTESIAN_POINT('Ctrl Pts',(20.0119708427742,99.8730362372723,-44.5007966873565));
#3069=CARTESIAN_POINT('Ctrl Pts',(17.3655262524682,94.7598742034938,-46.0622528552476));
#3070=CARTESIAN_POINT('Ctrl Pts',(15.,89.9092416924339,-47.5435378218753));
#3071=CARTESIAN_POINT('',(16.6900771831185,88.7822822489859,-46.5521390007466));
#3072=CARTESIAN_POINT('',(15.,89.909241692434,-47.5435378218753));
#3073=CARTESIAN_POINT('Origin',(15.,89.3251121852886,-45.6307407289033));
#3074=CARTESIAN_POINT('Origin',(79.033268382062,149.757825723114,-29.2669919082314));
#3075=CARTESIAN_POINT('Ctrl Pts',(24.6485474259988,103.835131606502,-41.5812249074969));
#3076=CARTESIAN_POINT('Ctrl Pts',(21.7482230636473,98.5927240339909,-43.3063470981448));
#3077=CARTESIAN_POINT('Ctrl Pts',(19.0843420237591,93.5529856327844,-44.9710509869293));
#3078=CARTESIAN_POINT('Ctrl Pts',(16.6900771831185,88.7822822489859,-46.5521390007466));
#3079=CARTESIAN_POINT('Ctrl Pts',(16.6900771831185,88.7822822489859,-46.5521390007466));
#3080=CARTESIAN_POINT('Ctrl Pts',(14.4556260256304,84.3300163521568,-48.0276916975901));
#3081=CARTESIAN_POINT('Ctrl Pts',(10.5787313074103,74.9231532804092,-50.0457163614713));
#3082=CARTESIAN_POINT('Ctrl Pts',(8.11959660832952,62.6412374488301,-52.5704814835492));
#3083=CARTESIAN_POINT('Ctrl Pts',(7.707238748883,54.2605263472732,-55.3975012542202));
#3084=CARTESIAN_POINT('Ctrl Pts',(8.0519964515099,49.6963404459422,-57.3648527056519));
#3085=CARTESIAN_POINT('Ctrl Pts',(8.67422411342334,47.0213374030537,-58.7695144063673));
#3086=CARTESIAN_POINT('Ctrl Pts',(9.70492645535218,45.2169080015099,-59.9457233291785));
#3087=CARTESIAN_POINT('Ctrl Pts',(10.9832530446102,44.2663680620312,-60.7765502400875));
#3088=CARTESIAN_POINT('Ctrl Pts',(12.8003757011937,44.3048223978474,-61.149855050075));
#3089=CARTESIAN_POINT('Ctrl Pts',(13.9522851425634,44.851098133034,-61.0139724113258));
#3090=CARTESIAN_POINT('Ctrl Pts',(14.4945793049156,45.163415590921,-60.9011357398134));
#3091=CARTESIAN_POINT('Ctrl Pts',(16.5402389911487,88.9737285148319,-46.9397681993428));
#3092=CARTESIAN_POINT('Ctrl Pts',(14.255466060815,84.5111367483325,-48.4439135270867));
#3093=CARTESIAN_POINT('Ctrl Pts',(10.2578459612378,75.0760640804747,-50.4547062031261));
#3094=CARTESIAN_POINT('Ctrl Pts',(7.70860379155663,62.7458522823711,-52.8327591533699));
#3095=CARTESIAN_POINT('Ctrl Pts',(7.3342119989314,54.2912926080787,-55.5363049904088));
#3096=CARTESIAN_POINT('Ctrl Pts',(7.74602504805334,49.670865289602,-57.4476918237687));
#3097=CARTESIAN_POINT('Ctrl Pts',(8.43736243547981,46.9557258324338,-58.8312223704113));
#3098=CARTESIAN_POINT('Ctrl Pts',(9.55010357043966,45.1191893200274,-60.0091089233727));
#3099=CARTESIAN_POINT('Ctrl Pts',(10.9105841396311,44.1480451145125,-60.8579138723704));
#3100=CARTESIAN_POINT('Ctrl Pts',(12.8186119911738,44.1800678446075,-61.2672795121089));
#3101=CARTESIAN_POINT('Ctrl Pts',(14.017547545761,44.7308676964437,-61.1538856620262));
#3102=CARTESIAN_POINT('Ctrl Pts',(14.5809923962987,45.046061895041,-61.0509298107538));
#3103=CARTESIAN_POINT('Ctrl Pts',(16.0371473255375,89.3851727796382,-47.483680007745));
#3104=CARTESIAN_POINT('Ctrl Pts',(13.6280686158576,84.9062820885006,-49.0000612048604));
#3105=CARTESIAN_POINT('Ctrl Pts',(9.39241665136814,75.387766969109,-50.9113676260231));
#3106=CARTESIAN_POINT('Ctrl Pts',(6.81078947245566,62.8728411687006,-53.0135838572893));
#3107=CARTESIAN_POINT('Ctrl Pts',(6.61038166864427,54.2717280068915,-55.5945219481875));
#3108=CARTESIAN_POINT('Ctrl Pts',(7.18566725427204,49.5658025202941,-57.4781682056894));
#3109=CARTESIAN_POINT('Ctrl Pts',(8.01705534320893,46.7974467951866,-58.8706272321909));
#3110=CARTESIAN_POINT('Ctrl Pts',(9.28080321396518,44.9204741374843,-60.0824827254829));
#3111=CARTESIAN_POINT('Ctrl Pts',(10.7870791607334,43.9221016521066,-60.9776815809884));
#3112=CARTESIAN_POINT('Ctrl Pts',(12.8572547735371,43.9384539683362,-61.4473872551714));
#3113=CARTESIAN_POINT('Ctrl Pts',(14.1435075095373,44.4866149057266,-61.364100834186));
#3114=CARTESIAN_POINT('Ctrl Pts',(14.7468066006781,44.8010793139362,-61.2735327064153));
#3115=CARTESIAN_POINT('Ctrl Pts',(15.3110042035206,89.7705107065067,-47.5859034563345));
#3116=CARTESIAN_POINT('Ctrl Pts',(12.7942885818213,85.2610783583864,-49.0183421895863));
#3117=CARTESIAN_POINT('Ctrl Pts',(8.44599743466626,75.6151234340304,-50.6898048804043));
#3118=CARTESIAN_POINT('Ctrl Pts',(5.989378061114,62.8588319060108,-52.6501150187408));
#3119=CARTESIAN_POINT('Ctrl Pts',(5.96646197022591,54.134940211518,-55.31748040685));
#3120=CARTESIAN_POINT('Ctrl Pts',(6.68321748760769,49.376759508898,-57.3021995306038));
#3121=CARTESIAN_POINT('Ctrl Pts',(7.63309530949722,46.5828825041456,-58.7841634754591));
#3122=CARTESIAN_POINT('Ctrl Pts',(9.03142176207172,44.687066110873,-60.0836322105494));
#3123=CARTESIAN_POINT('Ctrl Pts',(10.6749116218506,43.6728711455642,-61.0515289424384));
#3124=CARTESIAN_POINT('Ctrl Pts',(12.9068707210438,43.6683558638946,-61.5735916286638));
#3125=CARTESIAN_POINT('Ctrl Pts',(14.2812336041058,44.2010459886068,-61.4984029825923));
#3126=CARTESIAN_POINT('Ctrl Pts',(14.9240439573115,44.5076979972497,-61.4082501009493));
#3127=CARTESIAN_POINT('Ctrl Pts',(15.,89.9092416924339,-47.5435378218753));
#3128=CARTESIAN_POINT('Ctrl Pts',(12.4527336598547,85.3823818209138,-48.9259491792444));
#3129=CARTESIAN_POINT('Ctrl Pts',(8.09752524570565,75.6798732153857,-50.4882825065848));
#3130=CARTESIAN_POINT('Ctrl Pts',(5.70239949669709,62.8296401906238,-52.418467100374));
#3131=CARTESIAN_POINT('Ctrl Pts',(5.73117519560546,54.0609876596074,-55.1484804919958));
#3132=CARTESIAN_POINT('Ctrl Pts',(6.49132302210641,49.285610099743,-57.1935576725349));
#3133=CARTESIAN_POINT('Ctrl Pts',(7.48115857455659,46.4842697651023,-58.7252867459309));
#3134=CARTESIAN_POINT('Ctrl Pts',(8.93036622092826,44.5829798623092,-60.0708460009907));
#3135=CARTESIAN_POINT('Ctrl Pts',(10.6295125691052,43.563357881033,-61.0743403163945));
#3136=CARTESIAN_POINT('Ctrl Pts',(12.9299428883,43.5493303649986,-61.6169761102145));
#3137=CARTESIAN_POINT('Ctrl Pts',(14.3410724735798,44.0739992243039,-61.5406929258704));
#3138=CARTESIAN_POINT('Ctrl Pts',(15.0000000000465,44.3765660130454,-61.4482951541258));
#3139=CARTESIAN_POINT('',(14.4945793049156,45.163415590921,-60.9011357398134));
#3140=CARTESIAN_POINT('',(15.0000000000232,44.3765660130454,-61.4482951541258));
#3141=CARTESIAN_POINT('Origin',(15.0000000000403,43.7924365059001,-59.5354980611538));
#3142=CARTESIAN_POINT('Ctrl Pts',(15.0000000000465,44.3765660130454,-61.4482951541258));
#3143=CARTESIAN_POINT('Ctrl Pts',(14.3410724735798,44.0739992243039,-61.5406929258704));
#3144=CARTESIAN_POINT('Ctrl Pts',(12.9299428883,43.5493303649986,-61.6169761102145));
#3145=CARTESIAN_POINT('Ctrl Pts',(10.6295125691052,43.563357881033,-61.0743403163945));
#3146=CARTESIAN_POINT('Ctrl Pts',(8.93036622092826,44.5829798623092,-60.0708460009907));
#3147=CARTESIAN_POINT('Ctrl Pts',(7.48115857455659,46.4842697651023,-58.7252867459309));
#3148=CARTESIAN_POINT('Ctrl Pts',(6.49132302210641,49.285610099743,-57.1935576725349));
#3149=CARTESIAN_POINT('Ctrl Pts',(5.73117519560546,54.0609876596074,-55.1484804919958));
#3150=CARTESIAN_POINT('Ctrl Pts',(5.70239949669709,62.8296401906238,-52.418467100374));
#3151=CARTESIAN_POINT('Ctrl Pts',(8.09752524570565,75.6798732153857,-50.4882825065848));
#3152=CARTESIAN_POINT('Ctrl Pts',(12.4527336598547,85.3823818209138,-48.9259491792444));
#3153=CARTESIAN_POINT('Ctrl Pts',(15.,89.9092416924339,-47.5435378218753));
#3154=CARTESIAN_POINT('Ctrl Pts',(16.6900771831185,88.7822822489859,-46.5521390007466));
#3155=CARTESIAN_POINT('Ctrl Pts',(14.4556260256304,84.3300163521568,-48.0276916975901));
#3156=CARTESIAN_POINT('Ctrl Pts',(10.5787313074103,74.9231532804092,-50.0457163614713));
#3157=CARTESIAN_POINT('Ctrl Pts',(8.11959660832952,62.6412374488301,-52.5704814835492));
#3158=CARTESIAN_POINT('Ctrl Pts',(7.707238748883,54.2605263472732,-55.3975012542202));
#3159=CARTESIAN_POINT('Ctrl Pts',(8.0519964515099,49.6963404459422,-57.3648527056519));
#3160=CARTESIAN_POINT('Ctrl Pts',(8.67422411342334,47.0213374030537,-58.7695144063673));
#3161=CARTESIAN_POINT('Ctrl Pts',(9.70492645535218,45.2169080015099,-59.9457233291785));
#3162=CARTESIAN_POINT('Ctrl Pts',(10.9832530446102,44.2663680620312,-60.7765502400875));
#3163=CARTESIAN_POINT('Ctrl Pts',(12.8003757011937,44.3048223978474,-61.149855050075));
#3164=CARTESIAN_POINT('Ctrl Pts',(13.9522851425634,44.851098133034,-61.0139724113258));
#3165=CARTESIAN_POINT('Ctrl Pts',(14.4945793049156,45.163415590921,-60.9011357398134));
#3166=CARTESIAN_POINT('Ctrl Pts',(14.4945793049094,45.1634155909174,-60.9011357398147));
#3167=CARTESIAN_POINT('Ctrl Pts',(15.4156316213242,45.6938670285531,-60.7094897939688));
#3168=CARTESIAN_POINT('Ctrl Pts',(16.3849689911947,46.2999584108535,-60.4922752956903));
#3169=CARTESIAN_POINT('Ctrl Pts',(17.4005613589174,46.9803792475011,-60.2501581917058));
#3170=CARTESIAN_POINT('Ctrl Pts',(14.6458022148275,44.9580466231272,-61.1632753639598));
#3171=CARTESIAN_POINT('Ctrl Pts',(15.579707845827,45.4893795043879,-60.990222105327));
#3172=CARTESIAN_POINT('Ctrl Pts',(16.5609748276595,46.0974548874109,-60.7923108897816));
#3173=CARTESIAN_POINT('Ctrl Pts',(17.5871991489304,46.7814165999139,-60.5705932812825));
#3174=CARTESIAN_POINT('Ctrl Pts',(14.8227692336543,44.6825406428518,-61.3548566967147));
#3175=CARTESIAN_POINT('Ctrl Pts',(15.7746405430326,45.2067499165396,-61.1948805735659));
#3176=CARTESIAN_POINT('Ctrl Pts',(16.773774648224,45.8082060870733,-61.0109374317101));
#3177=CARTESIAN_POINT('Ctrl Pts',(17.8177885676758,46.4860137020459,-60.8041125361931));
#3178=CARTESIAN_POINT('Ctrl Pts',(15.0000000000337,44.3765660130419,-61.4482951541268));
#3179=CARTESIAN_POINT('Ctrl Pts',(15.9699271438314,44.890456556192,-61.2913633860894));
#3180=CARTESIAN_POINT('Ctrl Pts',(16.9870013315206,45.481938600211,-61.1107367445457));
#3181=CARTESIAN_POINT('Ctrl Pts',(18.0489782767236,46.1497069747288,-60.9068138021032));
#3182=CARTESIAN_POINT('',(17.4005613589174,46.9803792475011,-60.2501581917058));
#3183=CARTESIAN_POINT('',(18.0489782767236,46.1497069747288,-60.9068138021032));
#3184=CARTESIAN_POINT('Origin',(18.0489782767236,45.5655774675835,-58.9940167091312));
#3185=CARTESIAN_POINT('Origin',(79.033268382062,149.757825723114,-29.2669919082314));
#3186=CARTESIAN_POINT('Ctrl Pts',(14.4945793049094,45.1634155909174,-60.9011357398147));
#3187=CARTESIAN_POINT('Ctrl Pts',(15.4156316213242,45.6938670285531,-60.7094897939688));
#3188=CARTESIAN_POINT('Ctrl Pts',(16.3849689911947,46.2999584108535,-60.4922752956903));
#3189=CARTESIAN_POINT('Ctrl Pts',(17.4005613589174,46.9803792475011,-60.2501581917058));
#3190=CARTESIAN_POINT('Ctrl Pts',(17.4005613589174,46.980379247501,-60.2501581917058));
#3191=CARTESIAN_POINT('Ctrl Pts',(17.6812806285813,49.1223122057274,-57.982589229394));
#3192=CARTESIAN_POINT('Ctrl Pts',(18.8808488627146,54.7416073747896,-53.2319886498488));
#3193=CARTESIAN_POINT('Ctrl Pts',(21.7875257094717,60.553347073891,-49.2194276738896));
#3194=CARTESIAN_POINT('Ctrl Pts',(23.9985361543393,63.6000043811676,-47.0816692284914));
#3195=CARTESIAN_POINT('Ctrl Pts',(17.7502332418321,47.0603163288483,-60.3406241473071));
#3196=CARTESIAN_POINT('Ctrl Pts',(18.0338750476781,49.1597992805542,-58.0711345564669));
#3197=CARTESIAN_POINT('Ctrl Pts',(19.2260940134502,54.6899712969817,-53.3103761537995));
#3198=CARTESIAN_POINT('Ctrl Pts',(22.1139769453478,60.4364083292999,-49.3066131577029));
#3199=CARTESIAN_POINT('Ctrl Pts',(24.3127470762599,63.4491165969313,-47.1879221451799));
#3200=CARTESIAN_POINT('Ctrl Pts',(18.5148281362828,47.0704196340784,-60.388409899472));
#3201=CARTESIAN_POINT('Ctrl Pts',(18.784815952611,49.0956646656773,-58.1062747352045));
#3202=CARTESIAN_POINT('Ctrl Pts',(19.9288529755145,54.4698191729997,-53.3162804366673));
#3203=CARTESIAN_POINT('Ctrl Pts',(22.7663128501674,60.0910910143951,-49.3222592722216));
#3204=CARTESIAN_POINT('Ctrl Pts',(24.9386891460673,63.0311398596188,-47.2322882947965));
#3205=CARTESIAN_POINT('Ctrl Pts',(19.6971111887561,46.5630865409446,-59.9858964321589));
#3206=CARTESIAN_POINT('Ctrl Pts',(19.8969276332056,48.5332284802881,-57.6585157039558));
#3207=CARTESIAN_POINT('Ctrl Pts',(20.8841045011408,53.7805715023001,-52.8003144207953));
#3208=CARTESIAN_POINT('Ctrl Pts',(23.6035208874653,59.2570225867684,-48.7921636785022));
#3209=CARTESIAN_POINT('Ctrl Pts',(25.7213328964253,62.0994300465925,-46.7047404173942));
#3210=CARTESIAN_POINT('Ctrl Pts',(20.0685878824517,45.8642489552789,-59.3680118955102));
#3211=CARTESIAN_POINT('Ctrl Pts',(20.2076002388137,47.8725120190869,-56.9958342158979));
#3212=CARTESIAN_POINT('Ctrl Pts',(21.0759480431732,53.1859967523096,-52.0829182707581));
#3213=CARTESIAN_POINT('Ctrl Pts',(23.7072736172021,58.6674023368253,-48.0424286040057));
#3214=CARTESIAN_POINT('Ctrl Pts',(25.7828176997078,61.5045657154593,-45.91983996651));
#3215=CARTESIAN_POINT('Ctrl Pts',(20.0459171344284,45.4549646356482,-58.9940167091312));
#3216=CARTESIAN_POINT('Ctrl Pts',(20.1594077041081,47.5038564740657,-56.5949777230285));
#3217=CARTESIAN_POINT('Ctrl Pts',(20.9781299378515,52.8957254305182,-51.6494293045521));
#3218=CARTESIAN_POINT('Ctrl Pts',(23.5691646549401,58.4192949852587,-47.5895642402198));
#3219=CARTESIAN_POINT('Ctrl Pts',(25.6249999999999,61.2846078811604,-45.444993601389));
#3220=CARTESIAN_POINT('',(23.9985361543393,63.6000043811676,-47.0816692284914));
#3221=CARTESIAN_POINT('',(25.625,61.2846078811604,-45.444993601389));
#3222=CARTESIAN_POINT('Origin',(24.,62.4505302627965,-45.444993601389));
#3223=CARTESIAN_POINT('',(20.0459171344284,45.4549646356482,-58.9940167091312));
#3224=CARTESIAN_POINT('Ctrl Pts',(25.6249999999999,61.2846078811604,-45.444993601389));
#3225=CARTESIAN_POINT('Ctrl Pts',(23.5691646549401,58.4192949852587,-47.5895642402198));
#3226=CARTESIAN_POINT('Ctrl Pts',(20.9781299378515,52.8957254305182,-51.6494293045521));
#3227=CARTESIAN_POINT('Ctrl Pts',(20.1594077041081,47.5038564740657,-56.5949777230285));
#3228=CARTESIAN_POINT('Ctrl Pts',(20.0459171344284,45.4549646356482,-58.9940167091312));
#3229=CARTESIAN_POINT('Origin',(18.0489782767236,45.5655774675834,-58.9940167091312));
#3230=CARTESIAN_POINT('Ctrl Pts',(17.4005613589174,46.980379247501,-60.2501581917058));
#3231=CARTESIAN_POINT('Ctrl Pts',(17.6812806285813,49.1223122057274,-57.982589229394));
#3232=CARTESIAN_POINT('Ctrl Pts',(18.8808488627146,54.7416073747896,-53.2319886498488));
#3233=CARTESIAN_POINT('Ctrl Pts',(21.7875257094717,60.553347073891,-49.2194276738896));
#3234=CARTESIAN_POINT('Ctrl Pts',(23.9985361543393,63.6000043811676,-47.0816692284914));
#3235=CARTESIAN_POINT('Ctrl Pts',(23.9985361543393,63.6000043811677,-47.0816692284913));
#3236=CARTESIAN_POINT('Ctrl Pts',(26.7796147452144,67.4321859209105,-44.3927293102019));
#3237=CARTESIAN_POINT('Ctrl Pts',(28.9873675470015,71.5200411771397,-41.4995651659546));
#3238=CARTESIAN_POINT('Ctrl Pts',(30.630373497225,75.8464460587198,-38.7084877059881));
#3239=CARTESIAN_POINT('Ctrl Pts',(24.3127470762599,63.4491165969313,-47.1879221451799));
#3240=CARTESIAN_POINT('Ctrl Pts',(27.1003072219638,67.306681404479,-44.4750297166923));
#3241=CARTESIAN_POINT('Ctrl Pts',(29.3004870130139,71.4117577902462,-41.5474619263471));
#3242=CARTESIAN_POINT('Ctrl Pts',(30.9252508720407,75.7541094629467,-38.7225340787218));
#3243=CARTESIAN_POINT('Ctrl Pts',(24.9392801865773,63.0309619015258,-47.2326390354506));
#3244=CARTESIAN_POINT('Ctrl Pts',(27.7375642638586,66.9482896536552,-44.4824215098269));
#3245=CARTESIAN_POINT('Ctrl Pts',(29.914875421428,71.1040228623418,-41.5006013315927));
#3246=CARTESIAN_POINT('Ctrl Pts',(31.4966477432148,75.4956866032535,-38.6255637911072));
#3247=CARTESIAN_POINT('Ctrl Pts',(25.7213650664545,62.0993765301009,-46.7046970432616));
#3248=CARTESIAN_POINT('Ctrl Pts',(28.5449628595497,66.1093671697268,-43.9454402610307));
#3249=CARTESIAN_POINT('Ctrl Pts',(30.6973981192194,70.3733889258006,-40.9448839670216));
#3250=CARTESIAN_POINT('Ctrl Pts',(32.2276835818869,74.8795848555981,-38.0555376214332));
#3251=CARTESIAN_POINT('Ctrl Pts',(25.7828176997079,61.5045657154593,-45.91983996651));
#3252=CARTESIAN_POINT('Ctrl Pts',(28.6370944169493,65.5297728388229,-43.1985086260987));
#3253=CARTESIAN_POINT('Ctrl Pts',(30.8180702009767,69.8372520573032,-40.2439019589992));
#3254=CARTESIAN_POINT('Ctrl Pts',(32.3641838075435,74.4110623504971,-37.3969057908374));
#3255=CARTESIAN_POINT('Ctrl Pts',(25.625,61.2846078811604,-45.444993601389));
#3256=CARTESIAN_POINT('Ctrl Pts',(28.4982160687394,65.2891421325313,-42.7474850915962));
#3257=CARTESIAN_POINT('Ctrl Pts',(30.7088886397929,69.5939547838179,-39.8206336438389));
#3258=CARTESIAN_POINT('Ctrl Pts',(32.2860967585906,74.1838196679235,-37.0000000000106));
#3259=CARTESIAN_POINT('',(30.630373497225,75.8464460587198,-38.7084877059881));
#3260=CARTESIAN_POINT('',(32.2860967585906,74.1838196679235,-37.0000000000053));
#3261=CARTESIAN_POINT('Origin',(30.394652888247,74.8337735780891,-37.0000000000106));
#3262=CARTESIAN_POINT('Ctrl Pts',(32.2860967585906,74.1838196679235,-37.0000000000106));
#3263=CARTESIAN_POINT('Ctrl Pts',(30.7088886397929,69.5939547838179,-39.8206336438389));
#3264=CARTESIAN_POINT('Ctrl Pts',(28.4982160687394,65.2891421325313,-42.7474850915962));
#3265=CARTESIAN_POINT('Ctrl Pts',(25.625,61.2846078811604,-45.444993601389));
#3266=CARTESIAN_POINT('Ctrl Pts',(23.9985361543393,63.6000043811677,-47.0816692284913));
#3267=CARTESIAN_POINT('Ctrl Pts',(26.7796147452144,67.4321859209105,-44.3927293102019));
#3268=CARTESIAN_POINT('Ctrl Pts',(28.9873675470015,71.5200411771397,-41.4995651659546));
#3269=CARTESIAN_POINT('Ctrl Pts',(30.630373497225,75.8464460587198,-38.7084877059881));
#3270=CARTESIAN_POINT('Ctrl Pts',(30.6303734972258,75.8464460587218,-38.7084877059868));
#3271=CARTESIAN_POINT('Ctrl Pts',(31.2690748102729,77.52829053303,-37.6234856472576));
#3272=CARTESIAN_POINT('Ctrl Pts',(31.9315360736128,79.2169129112867,-36.5596004744273));
#3273=CARTESIAN_POINT('Ctrl Pts',(32.6119037276441,80.9100315707046,-35.5122738396931));
#3274=CARTESIAN_POINT('Ctrl Pts',(31.2201282468574,75.6617728671757,-38.7365804514542));
#3275=CARTESIAN_POINT('Ctrl Pts',(31.8122134912958,77.3424754137042,-37.6353973395636));
#3276=CARTESIAN_POINT('Ctrl Pts',(32.4326674500516,79.037205123215,-36.5619872955049));
#3277=CARTESIAN_POINT('Ctrl Pts',(33.0696205920736,80.7365643552742,-35.5049732092361));
#3278=CARTESIAN_POINT('Ctrl Pts',(32.175632258477,75.0693217245845,-38.3239950267594));
#3279=CARTESIAN_POINT('Ctrl Pts',(32.6902500925068,76.7990267311301,-37.2667043983355));
#3280=CARTESIAN_POINT('Ctrl Pts',(33.2363794414164,78.539562746877,-36.2272443222117));
#3281=CARTESIAN_POINT('Ctrl Pts',(33.8045626461806,80.2826262229601,-35.206399811161));
#3282=CARTESIAN_POINT('Ctrl Pts',(32.3641838075444,74.4110623504986,-37.3969057908349));
#3283=CARTESIAN_POINT('Ctrl Pts',(32.9321898163014,76.1893076909687,-36.4315263017163));
#3284=CARTESIAN_POINT('Ctrl Pts',(33.5156808329429,77.9772159420234,-35.4807808434376));
#3285=CARTESIAN_POINT('Ctrl Pts',(34.1050197257218,79.76730050845,-34.5450864383737));
#3286=CARTESIAN_POINT('Ctrl Pts',(32.2860967585911,74.183819667925,-37.000000000008));
#3287=CARTESIAN_POINT('Ctrl Pts',(32.8992198555034,75.9680814521571,-36.0601499586478));
#3288=CARTESIAN_POINT('Ctrl Pts',(33.5182247441787,77.7663066370417,-35.1410331359111));
#3289=CARTESIAN_POINT('Ctrl Pts',(34.1354008364753,79.5683183758999,-34.2380268245851));
#3290=CARTESIAN_POINT('',(32.6119037276441,80.9100315707046,-35.5122738396931));
#3291=CARTESIAN_POINT('',(34.1354008364753,79.5683183758999,-34.2380268245851));
#3292=CARTESIAN_POINT('Origin',(32.2349981731113,79.9885172042713,-33.777697962016));
#3293=CARTESIAN_POINT('Ctrl Pts',(34.1354008364753,79.5683183758999,-34.2380268245851));
#3294=CARTESIAN_POINT('Ctrl Pts',(33.5182247441787,77.7663066370417,-35.1410331359111));
#3295=CARTESIAN_POINT('Ctrl Pts',(32.8992198555034,75.9680814521571,-36.0601499586478));
#3296=CARTESIAN_POINT('Ctrl Pts',(32.2860967585911,74.183819667925,-37.000000000008));
#3297=CARTESIAN_POINT('Ctrl Pts',(30.6303734972258,75.8464460587218,-38.7084877059868));
#3298=CARTESIAN_POINT('Ctrl Pts',(31.2690748102729,77.52829053303,-37.6234856472576));
#3299=CARTESIAN_POINT('Ctrl Pts',(31.9315360736128,79.2169129112867,-36.5596004744273));
#3300=CARTESIAN_POINT('Ctrl Pts',(32.6119037276441,80.9100315707046,-35.5122738396931));
#3301=CARTESIAN_POINT('Ctrl Pts',(32.6119037276441,80.9100315707046,-35.5122738396931));
#3302=CARTESIAN_POINT('Ctrl Pts',(33.2103874103082,82.3993791087182,-34.5909956196103));
#3303=CARTESIAN_POINT('Ctrl Pts',(34.646523078771,85.8720332017863,-32.4738188578485));
#3304=CARTESIAN_POINT('Ctrl Pts',(36.2123955144007,89.3493425946818,-30.4033444728119));
#3305=CARTESIAN_POINT('Ctrl Pts',(37.3458814788489,91.2032155329566,-29.2052933304715));
#3306=CARTESIAN_POINT('Ctrl Pts',(33.0696205920736,80.7365643552742,-35.5049732092361));
#3307=CARTESIAN_POINT('Ctrl Pts',(33.629926044672,82.2314035118534,-34.575182841319));
#3308=CARTESIAN_POINT('Ctrl Pts',(34.9795599093318,85.7208730444002,-32.4459084973756));
#3309=CARTESIAN_POINT('Ctrl Pts',(36.4613136658874,89.2167643331595,-30.3810517837831));
#3310=CARTESIAN_POINT('Ctrl Pts',(37.5463683298797,91.0760075162225,-29.1938674369554));
#3311=CARTESIAN_POINT('Ctrl Pts',(33.8045549593589,80.2827090467325,-35.2065306150983));
#3312=CARTESIAN_POINT('Ctrl Pts',(34.3043810073722,81.8160133302483,-34.3085971615344));
#3313=CARTESIAN_POINT('Ctrl Pts',(35.5172202011327,85.3874020120836,-32.2483074435303));
#3314=CARTESIAN_POINT('Ctrl Pts',(36.8668170620234,88.9444809709935,-30.2514290783584));
#3315=CARTESIAN_POINT('Ctrl Pts',(37.8750441245266,90.8245516018528,-29.1082629783629));
#3316=CARTESIAN_POINT('Ctrl Pts',(34.1050197257218,79.76730050845,-34.5450864383737));
#3317=CARTESIAN_POINT('Ctrl Pts',(34.6234130594395,81.3419299746641,-33.7219740037274));
#3318=CARTESIAN_POINT('Ctrl Pts',(35.8531388330736,85.0069377556736,-31.8290987741879));
#3319=CARTESIAN_POINT('Ctrl Pts',(37.1628846855453,88.6419865706553,-29.9821342386925));
#3320=CARTESIAN_POINT('Ctrl Pts',(38.1291555836637,90.5502276640552,-28.9175446584805));
#3321=CARTESIAN_POINT('Ctrl Pts',(34.1354008364753,79.5683183758999,-34.2380268245851));
#3322=CARTESIAN_POINT('Ctrl Pts',(34.6782982220011,81.1534534352837,-33.4436996112483));
#3323=CARTESIAN_POINT('Ctrl Pts',(35.9492263636494,84.8472701732569,-31.621600886988));
#3324=CARTESIAN_POINT('Ctrl Pts',(37.2637338133479,88.5129975810981,-29.8463302357978));
#3325=CARTESIAN_POINT('Ctrl Pts',(38.2205276011745,90.432667422063,-28.8194826326044));
#3326=CARTESIAN_POINT('',(37.3458814788489,91.2032155329566,-29.2052933304715));
#3327=CARTESIAN_POINT('',(38.2205276011745,90.432667422063,-28.8194826326044));
#3328=CARTESIAN_POINT('Origin',(36.7572822013702,90.432667422063,-27.4560630713718));
#3329=CARTESIAN_POINT('Ctrl Pts',(38.2205276011745,90.432667422063,-28.8194826326044));
#3330=CARTESIAN_POINT('Ctrl Pts',(37.2637338133479,88.5129975810981,-29.8463302357978));
#3331=CARTESIAN_POINT('Ctrl Pts',(35.9492263636494,84.8472701732569,-31.621600886988));
#3332=CARTESIAN_POINT('Ctrl Pts',(34.6782982220011,81.1534534352837,-33.4436996112483));
#3333=CARTESIAN_POINT('Ctrl Pts',(34.1354008364753,79.5683183758999,-34.2380268245851));
#3334=CARTESIAN_POINT('Ctrl Pts',(32.6119037276441,80.9100315707046,-35.5122738396931));
#3335=CARTESIAN_POINT('Ctrl Pts',(33.2103874103082,82.3993791087182,-34.5909956196103));
#3336=CARTESIAN_POINT('Ctrl Pts',(34.646523078771,85.8720332017863,-32.4738188578485));
#3337=CARTESIAN_POINT('Ctrl Pts',(36.2123955144007,89.3493425946818,-30.4033444728119));
#3338=CARTESIAN_POINT('Ctrl Pts',(37.3458814788489,91.2032155329566,-29.2052933304715));
#3339=CARTESIAN_POINT('Ctrl Pts',(37.3458814788489,91.2032155329566,-29.2052933304715));
#3340=CARTESIAN_POINT('Ctrl Pts',(37.8102699613981,91.9627461029391,-28.7144525353862));
#3341=CARTESIAN_POINT('Ctrl Pts',(38.8600598867619,93.4116495407052,-27.7239673513977));
#3342=CARTESIAN_POINT('Ctrl Pts',(40.6381624271629,94.8038491966412,-26.5100534361038));
#3343=CARTESIAN_POINT('Ctrl Pts',(42.7607059756936,95.6470082642616,-25.4896439022714));
#3344=CARTESIAN_POINT('Ctrl Pts',(44.1661514738354,95.8112452945253,-25.0690214518356));
#3345=CARTESIAN_POINT('Ctrl Pts',(45.1080684177962,95.8153217604069,-24.8977641815619));
#3346=CARTESIAN_POINT('Ctrl Pts',(37.6967334681527,90.9806015036719,-29.1852980168183));
#3347=CARTESIAN_POINT('Ctrl Pts',(38.1277145820365,91.7370589025088,-28.7047045780905));
#3348=CARTESIAN_POINT('Ctrl Pts',(39.1114618984265,93.1792468685621,-27.7395107262586));
#3349=CARTESIAN_POINT('Ctrl Pts',(40.8076598180818,94.5559773241252,-26.5703815554281));
#3350=CARTESIAN_POINT('Ctrl Pts',(42.8508025158987,95.3773759773698,-25.6011231896578));
#3351=CARTESIAN_POINT('Ctrl Pts',(44.2110094284931,95.5264959493404,-25.2120066434509));
#3352=CARTESIAN_POINT('Ctrl Pts',(45.1232942283743,95.5210720178517,-25.0599670726117));
#3353=CARTESIAN_POINT('Ctrl Pts',(38.0073262269827,90.7069746533781,-29.0482940263152));
#3354=CARTESIAN_POINT('Ctrl Pts',(38.4100953338006,91.4675290957877,-28.5937164623958));
#3355=CARTESIAN_POINT('Ctrl Pts',(39.3369734043893,92.9139273015677,-27.6793858086342));
#3356=CARTESIAN_POINT('Ctrl Pts',(40.9580573941614,94.2805316141278,-26.5700896552038));
#3357=CARTESIAN_POINT('Ctrl Pts',(42.9251328024076,95.0780400418994,-25.6524492356623));
#3358=CARTESIAN_POINT('Ctrl Pts',(44.2410525810683,95.2060489437508,-25.2871598932848));
#3359=CARTESIAN_POINT('Ctrl Pts',(45.1251154708748,95.1853032435611,-25.1473652325321));
#3360=CARTESIAN_POINT('Ctrl Pts',(38.2205276011745,90.432667422063,-28.8194826326044));
#3361=CARTESIAN_POINT('Ctrl Pts',(38.6125254107438,91.1975312504325,-28.398783819198));
#3362=CARTESIAN_POINT('Ctrl Pts',(39.5102028660359,92.6483687061798,-27.5498706000069));
#3363=CARTESIAN_POINT('Ctrl Pts',(41.0745964379021,94.0049311250511,-26.5090754749591));
#3364=CARTESIAN_POINT('Ctrl Pts',(42.9762678045102,94.778529062705,-25.6386006935276));
#3365=CARTESIAN_POINT('Ctrl Pts',(44.2526117366348,94.8853408712902,-25.2862715744869));
#3366=CARTESIAN_POINT('Ctrl Pts',(45.1133088869005,94.8491759081302,-25.1492448914109));
#3367=CARTESIAN_POINT('',(43.917116783523,95.7505713183121,-25.1717963862296));
#3368=CARTESIAN_POINT('',(45.1133088850473,94.8491759111198,-25.1492448920445));
#3369=CARTESIAN_POINT('Ctrl Pts',(43.9171167835918,95.7505713182977,-25.1717963862054));
#3370=CARTESIAN_POINT('Ctrl Pts',(44.0968319921268,95.6151461950411,-25.2034873005331));
#3371=CARTESIAN_POINT('Ctrl Pts',(44.2811223230835,95.4762734698995,-25.2138765813634));
#3372=CARTESIAN_POINT('Ctrl Pts',(44.6787881881521,95.1766107466894,-25.2067754611768));
#3373=CARTESIAN_POINT('Ctrl Pts',(44.8992339891416,95.01049292038,-25.1833265341446));
#3374=CARTESIAN_POINT('Ctrl Pts',(45.1133088871065,94.8491759139932,-25.1492448913781));
#3375=CARTESIAN_POINT('Ctrl Pts',(45.1133088848757,94.8491759082153,-25.1492448917332));
#3376=CARTESIAN_POINT('Ctrl Pts',(44.2526117353003,94.8853408711785,-25.2862715748553));
#3377=CARTESIAN_POINT('Ctrl Pts',(42.9762678039137,94.7785290624623,-25.6386006938007));
#3378=CARTESIAN_POINT('Ctrl Pts',(41.0745964379021,94.0049311250511,-26.5090754749591));
#3379=CARTESIAN_POINT('Ctrl Pts',(39.5102028660359,92.6483687061798,-27.5498706000069));
#3380=CARTESIAN_POINT('Ctrl Pts',(38.6125254107438,91.1975312504325,-28.398783819198));
#3381=CARTESIAN_POINT('Ctrl Pts',(38.2205276011745,90.432667422063,-28.8194826326044));
#3382=CARTESIAN_POINT('Ctrl Pts',(37.3458814788489,91.2032155329566,-29.2052933304715));
#3383=CARTESIAN_POINT('Ctrl Pts',(37.8102699613981,91.9627461029391,-28.7144525353862));
#3384=CARTESIAN_POINT('Ctrl Pts',(38.8600598867619,93.4116495407052,-27.7239673513977));
#3385=CARTESIAN_POINT('Ctrl Pts',(40.6381624271629,94.8038491966412,-26.5100534361038));
#3386=CARTESIAN_POINT('Ctrl Pts',(42.4009273588785,95.5040898288243,-25.6626069168212));
#3387=CARTESIAN_POINT('Ctrl Pts',(43.3825866741915,95.691181830648,-25.3219714518172));
#3388=CARTESIAN_POINT('Ctrl Pts',(43.9173845875664,95.749817563396,-25.1724587049082));
#3389=CARTESIAN_POINT('Origin',(18.0489782767236,45.5655774675835,-58.9940167091312));
#3390=CARTESIAN_POINT('Origin',(18.0489782767236,45.5655774675835,-58.9940167091312));
#3391=CARTESIAN_POINT('Origin',(35.,80.,-13.0696196197057));
#3392=CARTESIAN_POINT('',(35.,106.579211479877,-25.));
#3393=CARTESIAN_POINT('Origin',(35.,135.814718741257,-24.5356590844983));
#3394=CARTESIAN_POINT('',(35.,104.974372102125,-25.));
#3395=CARTESIAN_POINT('',(35.,106.401908565908,-25.));
#3396=CARTESIAN_POINT('',(35.,102.470100785813,-25.));
#3397=CARTESIAN_POINT('',(35.,106.401908565908,-25.));
#3398=CARTESIAN_POINT('',(35.,102.470100785813,-27.2886369706097));
#3399=CARTESIAN_POINT('',(35.,102.470100785813,-9.78480980985286));
#3400=CARTESIAN_POINT('Origin',(35.,91.164146954913,-50.6062548732312));
#3401=CARTESIAN_POINT('Origin',(47.0475103336698,103.975158486491,-43.126155740733));
#3402=CARTESIAN_POINT('',(33.295560941235,160.,-16.9893689566733));
#3403=CARTESIAN_POINT('Ctrl Pts',(33.295560941235,160.,-16.9893689566733));
#3404=CARTESIAN_POINT('Ctrl Pts',(32.4739629038524,149.094195421249,-20.5849778975303));
#3405=CARTESIAN_POINT('Ctrl Pts',(31.5443881732727,135.481607821526,-25.1580857254681));
#3406=CARTESIAN_POINT('Ctrl Pts',(30.8474924489347,119.455919469814,-30.9965088973782));
#3407=CARTESIAN_POINT('Ctrl Pts',(30.6927392491487,114.181235479846,-33.0107273243824));
#3408=CARTESIAN_POINT('Ctrl Pts',(30.6433932701159,111.582523481872,-34.0390663960386));
#3409=CARTESIAN_POINT('',(35.,160.,4.53873399980333));
#3410=CARTESIAN_POINT('Origin',(145.044659584023,160.,32.8055166416841));
#3411=CARTESIAN_POINT('',(35.,111.250534260491,-21.6218494740504));
#3412=CARTESIAN_POINT('Origin',(35.,135.814718741257,-24.5356590844983));
#3413=CARTESIAN_POINT('',(33.8578790728592,109.734888598465,-25.));
#3414=CARTESIAN_POINT('Ctrl Pts',(33.8578790728592,109.734888598465,-25.));
#3415=CARTESIAN_POINT('Ctrl Pts',(34.3888810047725,110.439551962481,-23.3899908721636));
#3416=CARTESIAN_POINT('Ctrl Pts',(35.,111.250534260491,-21.6218494740504));
#3417=CARTESIAN_POINT('Ctrl Pts',(35.,106.579211479877,-25.));
#3418=CARTESIAN_POINT('Ctrl Pts',(34.3724538625226,108.07154294963,-25.));
#3419=CARTESIAN_POINT('Ctrl Pts',(33.8578790728592,109.734888598465,-25.));
#3420=CARTESIAN_POINT('Ctrl Pts',(33.295560941235,160.,-16.9893689566733));
#3421=CARTESIAN_POINT('Ctrl Pts',(32.4739629038524,149.094195421249,-20.5849778975303));
#3422=CARTESIAN_POINT('Ctrl Pts',(31.5443881732727,135.481607821526,-25.1580857254681));
#3423=CARTESIAN_POINT('Ctrl Pts',(30.730283091462,116.760594230811,-31.9784604357998));
#3424=CARTESIAN_POINT('Ctrl Pts',(30.5558555286231,108.858130042416,-35.0673641906608));
#3425=CARTESIAN_POINT('Ctrl Pts',(30.5879037163403,103.766958716586,-37.2579767675936));
#3426=CARTESIAN_POINT('Ctrl Pts',(33.4142998818535,160.360460659013,-18.1996813708725));
#3427=CARTESIAN_POINT('Ctrl Pts',(32.5502582608871,149.452329325231,-21.7746934394973));
#3428=CARTESIAN_POINT('Ctrl Pts',(31.5546757165917,135.836254162316,-26.3148623940032));
#3429=CARTESIAN_POINT('Ctrl Pts',(30.5959790941779,117.085480036453,-33.0285408450972));
#3430=CARTESIAN_POINT('Ctrl Pts',(30.3421783536393,109.15899598343,-36.0469374692602));
#3431=CARTESIAN_POINT('Ctrl Pts',(30.3163659246466,104.033272130768,-38.1649831624007));
#3432=CARTESIAN_POINT('Ctrl Pts',(33.0387693373526,161.139258900293,-20.6552407379134));
#3433=CARTESIAN_POINT('Ctrl Pts',(32.1119628077872,150.215395150154,-24.1699929346751));
#3434=CARTESIAN_POINT('Ctrl Pts',(31.0187686490422,136.575277092122,-28.6161579474246));
#3435=CARTESIAN_POINT('Ctrl Pts',(29.8647835858712,117.727122829195,-35.0664749830558));
#3436=CARTESIAN_POINT('Ctrl Pts',(29.5092121408277,109.732190671886,-37.9215276878098));
#3437=CARTESIAN_POINT('Ctrl Pts',(29.4203017261676,104.522828307021,-39.8833684730025));
#3438=CARTESIAN_POINT('Ctrl Pts',(30.3984230258241,162.414131646848,-24.1641047903411));
#3439=CARTESIAN_POINT('Ctrl Pts',(29.4563603876284,151.44123277055,-27.5643852228697));
#3440=CARTESIAN_POINT('Ctrl Pts',(28.3385704898425,137.724158800888,-31.8301123061904));
#3441=CARTESIAN_POINT('Ctrl Pts',(27.1924135878287,118.640316905285,-37.8403811772354));
#3442=CARTESIAN_POINT('Ctrl Pts',(26.8599756138595,110.492202412038,-40.4345307844099));
#3443=CARTESIAN_POINT('Ctrl Pts',(26.8320810111167,105.118680098341,-42.1675274078011));
#3444=CARTESIAN_POINT('Ctrl Pts',(27.2498865871383,162.981706457561,-25.2286864526541));
#3445=CARTESIAN_POINT('Ctrl Pts',(26.3654157314293,151.974122076164,-28.5893582374638));
#3446=CARTESIAN_POINT('Ctrl Pts',(25.3381972618045,138.20346641303,-32.7970906570362));
#3447=CARTESIAN_POINT('Ctrl Pts',(24.4356335178798,118.960808134546,-38.6712206674481));
#3448=CARTESIAN_POINT('Ctrl Pts',(24.2544733810804,110.712599869179,-41.1915797473667));
#3449=CARTESIAN_POINT('Ctrl Pts',(24.3789554954443,105.234814464247,-42.8634181673594));
#3450=CARTESIAN_POINT('Ctrl Pts',(25.3523977999821,163.115369676763,-25.1878684115545));
#3451=CARTESIAN_POINT('Ctrl Pts',(24.5037393130704,152.095458980666,-28.5531260373361));
#3452=CARTESIAN_POINT('Ctrl Pts',(23.530788405052,138.304423674791,-32.7646290168436));
#3453=CARTESIAN_POINT('Ctrl Pts',(22.7776935970176,118.997651323779,-38.6605264224806));
#3454=CARTESIAN_POINT('Ctrl Pts',(22.6876669836003,110.706408266308,-41.1925041939742));
#3455=CARTESIAN_POINT('Ctrl Pts',(22.9047122956464,105.181836080426,-42.8795966932177));
#3456=CARTESIAN_POINT('',(25.1150985316949,160.,-26.1392392394114));
#3457=CARTESIAN_POINT('Ctrl Pts',(22.9047122956464,105.181836080426,-42.8795966932177));
#3458=CARTESIAN_POINT('Ctrl Pts',(22.6876669836003,110.706408266308,-41.1925041939742));
#3459=CARTESIAN_POINT('Ctrl Pts',(22.7776935970176,118.997651323779,-38.6605264224806));
#3460=CARTESIAN_POINT('Ctrl Pts',(23.4902403329697,137.264909939449,-33.0820754664053));
#3461=CARTESIAN_POINT('Ctrl Pts',(24.3595315761033,150.016361347646,-29.1880403626166));
#3462=CARTESIAN_POINT('Ctrl Pts',(25.114553842578,160.000037527036,-26.1392277794143));
#3463=CARTESIAN_POINT('Ctrl Pts',(25.1150985316949,160.,-26.1392392394114));
#3464=CARTESIAN_POINT('Ctrl Pts',(26.1233403284564,160.,-26.1392392394114));
#3465=CARTESIAN_POINT('Ctrl Pts',(27.1199373431886,160.,-25.9411043207593));
#3466=CARTESIAN_POINT('Ctrl Pts',(29.0298798380894,160.,-25.1668982223358));
#3467=CARTESIAN_POINT('Ctrl Pts',(29.9175045474977,159.999999999999,-24.583370980906));
#3468=CARTESIAN_POINT('Ctrl Pts',(31.4712533466273,159.999999999999,-23.082330788138));
#3469=CARTESIAN_POINT('Ctrl Pts',(32.1100966683809,160.000000000002,-22.1622228972266));
#3470=CARTESIAN_POINT('Ctrl Pts',(32.8487996696062,160.000000000002,-20.4992254757507));
#3471=CARTESIAN_POINT('Ctrl Pts',(33.0576493885227,160.,-19.8154009267167));
#3472=CARTESIAN_POINT('Ctrl Pts',(33.3058561168505,160.,-18.4137034967906));
#3473=CARTESIAN_POINT('Ctrl Pts',(33.3444925487285,160.,-17.6995167193662));
#3474=CARTESIAN_POINT('Ctrl Pts',(33.295560941235,160.,-16.9893689566733));
#3475=CARTESIAN_POINT('Origin',(0.,1.77635683940025E-14,-75.));
#3476=CARTESIAN_POINT('',(15.,160.,-26.1392392394114));
#3477=CARTESIAN_POINT('',(15.,45.237443233688,-61.1854006796129));
#3478=CARTESIAN_POINT('',(0.,160.,-26.1392392394114));
#3479=CARTESIAN_POINT('Origin',(15.,40.856471930098,-46.8394224823229));
#3480=CARTESIAN_POINT('',(15.,1.77635683940025E-14,-75.));
#3481=CARTESIAN_POINT('',(15.,45.237443233688,-61.1854006796129));
#3482=CARTESIAN_POINT('',(0.,1.40488893077012E-14,-59.3161618604368));
#3483=CARTESIAN_POINT('Origin',(15.,1.77635683940025E-14,-59.3161618604368));
#3484=CARTESIAN_POINT('',(0.,89.9087898623862,-31.8598376620612));
#3485=CARTESIAN_POINT('',(0.,40.856471930098,-46.8394224823229));
#3486=CARTESIAN_POINT('Ctrl Pts',(-6.10622663543836E-15,89.908789862386,
-31.8598376620611));
#3487=CARTESIAN_POINT('Ctrl Pts',(-6.10824766539965E-15,89.9161963623009,
-31.863592249204));
#3488=CARTESIAN_POINT('Ctrl Pts',(3.31092071780616E-6,89.9236036812492,
-31.8673452267326));
#3489=CARTESIAN_POINT('Ctrl Pts',(0.00115558441023477,91.2135755666497,
-32.5205674078521));
#3490=CARTESIAN_POINT('Ctrl Pts',(0.102293036376565,92.5273439698997,-33.1266074982715));
#3491=CARTESIAN_POINT('Ctrl Pts',(0.301484672979609,94.01264526987,-33.7376699301353));
#3492=CARTESIAN_POINT('Ctrl Pts',(0.325155397850139,94.1802697633285,-33.8055503642865));
#3493=CARTESIAN_POINT('Ctrl Pts',(0.349990695711896,94.3481122426431,-33.8723886328603));
#3494=CARTESIAN_POINT('',(0.000661713849649002,113.894552569973,-24.6823880494354));
#3495=CARTESIAN_POINT('Ctrl Pts',(0.349990695711899,111.436482271363,-28.6539463843497));
#3496=CARTESIAN_POINT('Ctrl Pts',(0.317171801212922,111.571096974051,-28.4567811314286));
#3497=CARTESIAN_POINT('Ctrl Pts',(0.28642228750714,111.704472268388,-28.2581926797829));
#3498=CARTESIAN_POINT('Ctrl Pts',(0.257853525240982,111.836587853406,-28.058393659563));
#3499=CARTESIAN_POINT('Ctrl Pts',(0.228214541216644,111.973652654368,-27.8511099168092));
#3500=CARTESIAN_POINT('Ctrl Pts',(0.200921891796767,112.109360921144,-27.642523278363));
#3501=CARTESIAN_POINT('Ctrl Pts',(0.17608260070617,112.243688040326,-27.4328172264437));
#3502=CARTESIAN_POINT('Ctrl Pts',(0.155080498078734,112.357264226234,-27.2555066901672));
#3503=CARTESIAN_POINT('Ctrl Pts',(0.135831724660804,112.469852883473,-27.0773948833184));
#3504=CARTESIAN_POINT('Ctrl Pts',(0.118398774266349,112.581442621897,-26.8985640008838));
#3505=CARTESIAN_POINT('Ctrl Pts',(0.0951117588093659,112.730504708619,-26.6596808841875));
#3506=CARTESIAN_POINT('Ctrl Pts',(0.0750325727442706,112.877980330758,-26.4192086824681));
#3507=CARTESIAN_POINT('Ctrl Pts',(0.0583555950473648,113.023766492177,-26.1774216476741));
#3508=CARTESIAN_POINT('Ctrl Pts',(0.0413363787246421,113.172544422036,-25.930672750843));
#3509=CARTESIAN_POINT('Ctrl Pts',(0.0278591474984686,113.319562666842,-25.6825545331093));
#3510=CARTESIAN_POINT('Ctrl Pts',(0.0181582534384122,113.464724009168,-25.4333094565451));
#3511=CARTESIAN_POINT('Ctrl Pts',(0.0092659194271692,113.597786295334,-25.2048387137718));
#3512=CARTESIAN_POINT('Ctrl Pts',(0.00354623749915879,113.729288595536,
-24.9754205186609));
#3513=CARTESIAN_POINT('Ctrl Pts',(0.00121371309383522,113.859164859545,
-24.7452063414369));
#3514=CARTESIAN_POINT('Ctrl Pts',(0.00100162186507096,113.870974217834,
-24.7242734810496));
#3515=CARTESIAN_POINT('Ctrl Pts',(0.000817562641846413,113.88277013699,
-24.7033340169415));
#3516=CARTESIAN_POINT('Ctrl Pts',(0.000661713849647805,113.894552569973,
-24.6823880494354));
#3517=CARTESIAN_POINT('',(0.000661713849649317,114.000608139514,-24.6500008256187));
#3518=CARTESIAN_POINT('Ctrl Pts',(0.000661713849649628,113.894552569973,
-24.6823880494354));
#3519=CARTESIAN_POINT('Ctrl Pts',(0.000661261986666095,113.894586731581,
-24.6823273193698));
#3520=CARTESIAN_POINT('Ctrl Pts',(0.000660811516663737,113.89462091903,
-24.6822667107068));
#3521=CARTESIAN_POINT('Ctrl Pts',(0.00059718477121256,113.899468217342,
-24.673696775727));
#3522=CARTESIAN_POINT('Ctrl Pts',(0.000545925140578384,113.906140945089,
-24.6653966094416));
#3523=CARTESIAN_POINT('Ctrl Pts',(0.000479695869851281,113.922184850051,
-24.6521436779659));
#3524=CARTESIAN_POINT('Ctrl Pts',(0.000464421106597252,113.931554128938,
-24.6471886163679));
#3525=CARTESIAN_POINT('Ctrl Pts',(0.000464421106597272,113.950254644409,
-24.6414778575397));
#3526=CARTESIAN_POINT('Ctrl Pts',(0.000479695869851195,113.960793687952,
-24.6403533205163));
#3527=CARTESIAN_POINT('Ctrl Pts',(0.000545925140578173,113.981504335122,
-24.6423821558759));
#3528=CARTESIAN_POINT('Ctrl Pts',(0.000597184771212623,113.991675647196,
-24.6455384934119));
#3529=CARTESIAN_POINT('Ctrl Pts',(0.000660811516663758,114.000483663887,
-24.6499383716448));
#3530=CARTESIAN_POINT('Ctrl Pts',(0.000661261986665832,114.000545878505,
-24.6499695410682));
#3531=CARTESIAN_POINT('Ctrl Pts',(0.000661713849649317,114.000608139514,
-24.6500008256187));
#3532=CARTESIAN_POINT('',(0.349990695722249,118.258075904901,-26.5707697936309));
#3533=CARTESIAN_POINT('Ctrl Pts',(0.000661713849645251,114.000608139514,
-24.6500008256181));
#3534=CARTESIAN_POINT('Ctrl Pts',(0.00239726750897947,114.239745500848,
-24.7701611799835));
#3535=CARTESIAN_POINT('Ctrl Pts',(0.00762771210678429,114.479816955815,
-24.8887180278791));
#3536=CARTESIAN_POINT('Ctrl Pts',(0.0161262066599097,114.720675432165,-25.005579503489));
#3537=CARTESIAN_POINT('Ctrl Pts',(0.0250343494281415,114.97314387594,-25.1280739879334));
#3538=CARTESIAN_POINT('Ctrl Pts',(0.0375338839263251,115.226477466553,-25.248705905459));
#3539=CARTESIAN_POINT('Ctrl Pts',(0.0534048907131687,115.480475725897,-25.3673411156124));
#3540=CARTESIAN_POINT('Ctrl Pts',(0.0681784985613835,115.716911304817,-25.4777733078064));
#3541=CARTESIAN_POINT('Ctrl Pts',(0.0858745453849622,115.95392248652,-25.5864751930956));
#3542=CARTESIAN_POINT('Ctrl Pts',(0.106336537601354,116.191321700155,-25.6933154031259));
#3543=CARTESIAN_POINT('Ctrl Pts',(0.12612434540663,116.420899053272,-25.7966354278623));
#3544=CARTESIAN_POINT('Ctrl Pts',(0.148522521571098,116.65109829384,-25.8983274086076));
#3545=CARTESIAN_POINT('Ctrl Pts',(0.173423273908103,116.881824191167,-25.9982877269788));
#3546=CARTESIAN_POINT('Ctrl Pts',(0.198085509839141,117.11034003833,-26.0972905571764));
#3547=CARTESIAN_POINT('Ctrl Pts',(0.225203520593821,117.339372214777,-26.1945950942043));
#3548=CARTESIAN_POINT('Ctrl Pts',(0.254669670566025,117.568794532167,-26.2900624028885));
#3549=CARTESIAN_POINT('Ctrl Pts',(0.284135820538228,117.798216849557,-26.3855297115727));
#3550=CARTESIAN_POINT('Ctrl Pts',(0.315951119354033,118.028028859554,-26.4791604092145));
#3551=CARTESIAN_POINT('Ctrl Pts',(0.349990695711894,118.258075904793,-26.5707697935435));
#3552=CARTESIAN_POINT('',(0.349990695798992,135.346445933171,-21.3523275461499));
#3553=CARTESIAN_POINT('Ctrl Pts',(0.349990695729978,118.258075904915,-26.5707697935922));
#3554=CARTESIAN_POINT('Ctrl Pts',(0.553508462773797,119.633494343427,-27.1184892229444));
#3555=CARTESIAN_POINT('Ctrl Pts',(0.801922042963022,121.190826824116,-27.393503021186));
#3556=CARTESIAN_POINT('Ctrl Pts',(1.169070380913,124.434442337301,-27.4120500332814));
#3557=CARTESIAN_POINT('Ctrl Pts',(1.27455611992568,126.124042579468,-27.1270846908291));
#3558=CARTESIAN_POINT('Ctrl Pts',(1.27455611992569,129.133233030809,-26.2081388487912));
#3559=CARTESIAN_POINT('Ctrl Pts',(1.169070380913,130.69378023307,-25.500574961751));
#3560=CARTESIAN_POINT('Ctrl Pts',(0.801922043002162,133.373661645726,-23.6731119112658));
#3561=CARTESIAN_POINT('Ctrl Pts',(0.553508462884378,134.511668158717,-22.5749961523825));
#3562=CARTESIAN_POINT('Ctrl Pts',(0.349990695863997,135.346445932889,-21.3523275459467));
#3563=CARTESIAN_POINT('',(0.,137.904070797874,-17.2030505406481));
#3564=CARTESIAN_POINT('Ctrl Pts',(0.349990695711913,135.346445933513,-21.352327545033));
#3565=CARTESIAN_POINT('Ctrl Pts',(0.31662307692866,135.483311362726,-21.1518657349321));
#3566=CARTESIAN_POINT('Ctrl Pts',(0.285395857029775,135.618876279728,-20.9498799702611));
#3567=CARTESIAN_POINT('Ctrl Pts',(0.256423789623825,135.753128058039,-20.7466082192892));
#3568=CARTESIAN_POINT('Ctrl Pts',(0.226433641966102,135.892097452194,-20.536193486337));
#3569=CARTESIAN_POINT('Ctrl Pts',(0.19885961589137,136.029659229485,-20.3244009676888));
#3570=CARTESIAN_POINT('Ctrl Pts',(0.173816679646892,136.165795035617,-20.11143828469));
#3571=CARTESIAN_POINT('Ctrl Pts',(0.148773743402414,136.30193084175,-19.8984756016912));
#3572=CARTESIAN_POINT('Ctrl Pts',(0.126261300088967,136.436640261557,-19.6843425778541));
#3573=CARTESIAN_POINT('Ctrl Pts',(0.106389272146984,136.569908230229,-19.4691920613581));
#3574=CARTESIAN_POINT('Ctrl Pts',(0.0838515123394677,136.721053421689,-19.2251801931477));
#3575=CARTESIAN_POINT('Ctrl Pts',(0.0646778596901659,136.870552446157,-18.9795322417927));
#3576=CARTESIAN_POINT('Ctrl Pts',(0.0490719549464078,137.018295814231,-18.7325508783821));
#3577=CARTESIAN_POINT('Ctrl Pts',(0.0333232549155113,137.16739104604,-18.4833096155754));
#3578=CARTESIAN_POINT('Ctrl Pts',(0.0212067830922961,137.314698180641,-18.2327103743583));
#3579=CARTESIAN_POINT('Ctrl Pts',(0.0129495113433498,137.460111413557,-17.981013009182));
#3580=CARTESIAN_POINT('Ctrl Pts',(0.00517361210549697,137.597047520468,
-17.7439887947018));
#3581=CARTESIAN_POINT('Ctrl Pts',(0.000819357509909464,137.732304290537,
-17.5059902445636));
#3582=CARTESIAN_POINT('Ctrl Pts',(0.000104621787341108,137.865798844258,
-17.2671941794707));
#3583=CARTESIAN_POINT('Ctrl Pts',(6.03755697633196E-5,137.874062918492,
-17.2524113411164));
#3584=CARTESIAN_POINT('Ctrl Pts',(3.00886478537401E-5,137.882320240552,
-17.2376254342955));
#3585=CARTESIAN_POINT('Ctrl Pts',(1.3817491923529E-5,137.890570791185,-17.2228364961716));
#3586=CARTESIAN_POINT('Ctrl Pts',(5.84223555994631E-6,137.894614772862,
-17.2155877442459));
#3587=CARTESIAN_POINT('Ctrl Pts',(1.2340504719648E-6,137.898657197041,-17.2083381394982));
#3588=CARTESIAN_POINT('Ctrl Pts',(1.72084568816899E-14,137.902698070074,
-17.2010876703949));
#3589=CARTESIAN_POINT('',(0.,160.,-10.4554010998482));
#3590=CARTESIAN_POINT('',(0.,40.856471930098,-46.8394224823229));
#3591=CARTESIAN_POINT('Origin',(15.,160.,-10.4554010998482));
#3592=CARTESIAN_POINT('Origin',(0.,1.77635683940025E-14,-75.));
#3593=CARTESIAN_POINT('',(18.,44.3799016637643,-61.4472765139273));
#3594=CARTESIAN_POINT('Origin',(50.,44.3799016637643,-61.4472765139273));
#3595=CARTESIAN_POINT('',(18.,1.77635683940025E-14,-75.));
#3596=CARTESIAN_POINT('',(18.,21.5536745012285,-68.4179441667742));
#3597=CARTESIAN_POINT('',(0.,1.77635683940025E-14,-75.));
#3598=CARTESIAN_POINT('Ctrl Pts',(18.,44.3799016637643,-61.4472765139273));
#3599=CARTESIAN_POINT('Ctrl Pts',(18.,44.9701379310243,-61.2670303073847));
#3600=CARTESIAN_POINT('Ctrl Pts',(18.0163344242073,45.5603741060697,-61.0867841290026));
#3601=CARTESIAN_POINT('Ctrl Pts',(18.0489782767236,46.1497069747288,-60.9068138021032));
#3602=CARTESIAN_POINT('Ctrl Pts',(18.5983986006838,44.3799016637643,-61.4472765139273));
#3603=CARTESIAN_POINT('Ctrl Pts',(18.6004965555449,44.960022062713,-61.2702092727512));
#3604=CARTESIAN_POINT('Ctrl Pts',(18.6185132655374,45.5401023961114,-61.0928824759643));
#3605=CARTESIAN_POINT('Ctrl Pts',(18.6526841441847,46.1191194766436,-60.916154604767));
#3606=CARTESIAN_POINT('Ctrl Pts',(19.6344293348194,44.2332610172849,-60.9670853938656));
#3607=CARTESIAN_POINT('Ctrl Pts',(19.6398658265102,44.7948661547135,-60.7917428874371));
#3608=CARTESIAN_POINT('Ctrl Pts',(19.6609182676066,45.3561557555985,-60.6165415042582));
#3609=CARTESIAN_POINT('Ctrl Pts',(19.6974349025224,45.9163281990781,-60.4415937305013));
#3610=CARTESIAN_POINT('Ctrl Pts',(20.,43.9268505115041,-59.9637100848902));
#3611=CARTESIAN_POINT('Ctrl Pts',(20.0024390031671,44.4806134088221,-59.7849201995848));
#3612=CARTESIAN_POINT('Ctrl Pts',(20.0201536516774,45.03434997631,-59.6061968112277));
#3613=CARTESIAN_POINT('Ctrl Pts',(20.0532309048761,45.5870031355937,-59.4277180805456));
#3614=CARTESIAN_POINT('Ctrl Pts',(20.,43.7957721566189,-59.5344794209553));
#3615=CARTESIAN_POINT('Ctrl Pts',(20.,44.3491186571752,-59.3542332144127));
#3616=CARTESIAN_POINT('Ctrl Pts',(20.0153135226943,44.9024650712803,-59.1739870360306));
#3617=CARTESIAN_POINT('Ctrl Pts',(20.0459171344283,45.4549646356482,-58.9940167091312));
#3618=CARTESIAN_POINT('',(20.,43.795772156619,-59.5344794209553));
#3619=CARTESIAN_POINT('Origin',(50.,43.795772156619,-59.5344794209553));
#3620=CARTESIAN_POINT('Origin',(18.,43.795772156619,-59.5344794209553));
#3621=CARTESIAN_POINT('Origin',(50.,43.795772156619,-3.95639966932458));
#3622=CARTESIAN_POINT('',(25.625,61.2846078811605,-37.));
#3623=CARTESIAN_POINT('',(25.625,61.2846078811605,-3.95639966932458));
#3624=CARTESIAN_POINT('',(20.7773587423685,50.5808468008489,-37.));
#3625=CARTESIAN_POINT('Origin',(50.,43.795772156619,-37.));
#3626=CARTESIAN_POINT('',(20.7773587423685,50.5808468008489,-25.080191836458));
#3627=CARTESIAN_POINT('',(20.7773587423685,50.5808468008489,-3.95639966932458));
#3628=CARTESIAN_POINT('',(20.0002348026197,43.9144654675011,-34.9444592373846));
#3629=CARTESIAN_POINT('Ctrl Pts',(20.0002348026197,43.914465467501,-34.9444592373846));
#3630=CARTESIAN_POINT('Ctrl Pts',(20.0025536730804,44.5005605795828,-33.2522732062004));
#3631=CARTESIAN_POINT('Ctrl Pts',(20.0134129322636,45.4459449506126,-31.4654796876726));
#3632=CARTESIAN_POINT('Ctrl Pts',(20.2651112942939,47.9267630406476,-28.0252956229861));
#3633=CARTESIAN_POINT('Ctrl Pts',(20.4551523701995,49.1931360211562,-26.5648408621945));
#3634=CARTESIAN_POINT('Ctrl Pts',(20.7773587423685,50.5808468008489,-25.080191836458));
#3635=CARTESIAN_POINT('',(20.,43.795772156619,-34.9903715139975));
#3636=CARTESIAN_POINT('Origin',(50.,43.795772156619,-34.9903715139975));
#3637=CARTESIAN_POINT('',(20.,43.795772156619,-3.95639966932458));
#3638=CARTESIAN_POINT('Ctrl Pts',(37.252068775738,66.0515663747153,-19.8291888593931));
#3639=CARTESIAN_POINT('Ctrl Pts',(37.2454892313233,66.0428350243712,-19.8318552370199));
#3640=CARTESIAN_POINT('Ctrl Pts',(37.2389168132557,66.0341082881015,-19.8345202056017));
#3641=CARTESIAN_POINT('Ctrl Pts',(35.0506915166697,63.1404359287155,-20.718189161046));
#3642=CARTESIAN_POINT('Ctrl Pts',(31.4417003391113,59.4363128752829,-21.8493533506837));
#3643=CARTESIAN_POINT('Ctrl Pts',(25.1864712346158,54.2080366601866,-23.445963059033));
#3644=CARTESIAN_POINT('Ctrl Pts',(21.3470769108663,51.5116457181777,-24.2693862636245));
#3645=CARTESIAN_POINT('Ctrl Pts',(18.778696802642,49.8222322514225,-24.7852989337798));
#3646=CARTESIAN_POINT('Ctrl Pts',(37.252068775738,66.0515663747153,-19.8291888593931));
#3647=CARTESIAN_POINT('Ctrl Pts',(37.2460296572099,66.0433971532251,-19.832675174917));
#3648=CARTESIAN_POINT('Ctrl Pts',(37.2395920251043,66.0351479607815,-19.8359568400931));
#3649=CARTESIAN_POINT('Ctrl Pts',(35.189694294579,63.3188913911088,-20.9707727821509));
#3650=CARTESIAN_POINT('Ctrl Pts',(31.9133670196182,59.6412084099764,-22.4564711279901));
#3651=CARTESIAN_POINT('Ctrl Pts',(26.2423673508318,54.0773776907209,-24.403445943917));
#3652=CARTESIAN_POINT('Ctrl Pts',(22.7430163777887,51.0238917843627,-25.2647435761493));
#3653=CARTESIAN_POINT('Ctrl Pts',(20.3787894833302,49.0821558198694,-25.7119957380071));
#3654=CARTESIAN_POINT('Ctrl Pts',(37.252068775738,66.0515663747153,-19.8291888593931));
#3655=CARTESIAN_POINT('Ctrl Pts',(37.2466534808634,66.0443190146558,-19.8339490330157));
#3656=CARTESIAN_POINT('Ctrl Pts',(37.2410712207368,66.0370271909036,-19.8386212073848));
#3657=CARTESIAN_POINT('Ctrl Pts',(35.4258844283661,63.6287694493343,-21.4090621697434));
#3658=CARTESIAN_POINT('Ctrl Pts',(32.6448161901268,60.0923095247625,-23.5306257966481));
#3659=CARTESIAN_POINT('Ctrl Pts',(27.8669146658402,54.2169186406046,-26.3480964328626));
#3660=CARTESIAN_POINT('Ctrl Pts',(24.9314796563942,50.7115079392101,-27.5853743372684));
#3661=CARTESIAN_POINT('Ctrl Pts',(22.9511357189529,48.3904150393429,-28.1928348856787));
#3662=CARTESIAN_POINT('Ctrl Pts',(37.252068775738,66.0515663747153,-19.8291888593931));
#3663=CARTESIAN_POINT('Ctrl Pts',(37.247300543993,66.0452387174699,-19.8352354315654));
#3664=CARTESIAN_POINT('Ctrl Pts',(37.2425311168127,66.0389094738282,-19.8412752833294));
#3665=CARTESIAN_POINT('Ctrl Pts',(35.6602260755378,63.939119762579,-21.8468541586519));
#3666=CARTESIAN_POINT('Ctrl Pts',(33.2077124057934,60.6845241971931,-24.6115474030544));
#3667=CARTESIAN_POINT('Ctrl Pts',(28.8972549559806,54.9643539596031,-28.5060474914402));
#3668=CARTESIAN_POINT('Ctrl Pts',(26.200525851035,51.3856735655725,-30.3893655758385));
#3669=CARTESIAN_POINT('Ctrl Pts',(24.3656318024152,48.9506869201295,-31.4288938814378));
#3670=CARTESIAN_POINT('Ctrl Pts',(37.252068775738,66.0515663747153,-19.8291888593931));
#3671=CARTESIAN_POINT('Ctrl Pts',(37.2476018416862,66.0456385530134,-19.8357977568326));
#3672=CARTESIAN_POINT('Ctrl Pts',(37.2431349319607,66.0397107635935,-19.8424026333289));
#3673=CARTESIAN_POINT('Ctrl Pts',(35.7607605032532,64.0725334542732,-22.034612042429));
#3674=CARTESIAN_POINT('Ctrl Pts',(33.4170087443156,60.9622698194131,-25.0748010272071));
#3675=CARTESIAN_POINT('Ctrl Pts',(29.2112135091124,55.3809910317401,-29.4308206250372));
#3676=CARTESIAN_POINT('Ctrl Pts',(26.5362423821261,51.8311844496894,-31.5909615118575));
#3677=CARTESIAN_POINT('Ctrl Pts',(24.7004535273822,49.3950103564131,-32.8151777549651));
#3678=CARTESIAN_POINT('',(30.7892800674456,57.5792849792085,-26.4101141779839));
#3679=CARTESIAN_POINT('Ctrl Pts',(30.7892800674456,57.5792849792085,-26.4101141779839));
#3680=CARTESIAN_POINT('Ctrl Pts',(31.265491113277,58.1436148529774,-26.3792351002222));
#3681=CARTESIAN_POINT('Ctrl Pts',(31.7267513130517,58.7192224480486,-26.3512470283277));
#3682=CARTESIAN_POINT('Ctrl Pts',(32.1675446335202,59.3041749413812,-26.3277544335533));
#3683=CARTESIAN_POINT('',(20.3718160338145,50.8864451513604,-24.4603098593928));
#3684=CARTESIAN_POINT('Ctrl Pts',(37.2520687757375,66.0515663747147,-19.8291888593933));
#3685=CARTESIAN_POINT('Ctrl Pts',(37.2454892313231,66.0428350243708,-19.83185523702));
#3686=CARTESIAN_POINT('Ctrl Pts',(37.2389168132556,66.0341082881013,-19.8345202056018));
#3687=CARTESIAN_POINT('Ctrl Pts',(37.2323190120624,66.0253834666787,-19.8371845894281));
#3688=CARTESIAN_POINT('Ctrl Pts',(35.0506915166697,63.1404359287155,-20.718189161046));
#3689=CARTESIAN_POINT('Ctrl Pts',(32.6446973982974,60.6710205597604,-21.4722986208045));
#3690=CARTESIAN_POINT('Ctrl Pts',(30.1746382643079,58.4536751127497,-22.1494310296171));
#3691=CARTESIAN_POINT('Ctrl Pts',(28.9396086973131,57.3450023892444,-22.4879972340234));
#3692=CARTESIAN_POINT('Ctrl Pts',(27.688562876414,56.2993471462251,-22.8073191756933));
#3693=CARTESIAN_POINT('Ctrl Pts',(26.4279329598424,55.3026446573224,-23.1116919373167));
#3694=CARTESIAN_POINT('Ctrl Pts',(24.4286203232085,53.7219112042824,-23.5944159315368));
#3695=CARTESIAN_POINT('Ctrl Pts',(22.4052010098703,52.2643075965199,-24.0395385638037));
#3696=CARTESIAN_POINT('Ctrl Pts',(20.372411148372,50.8861375288568,-24.4604038010757));
#3697=CARTESIAN_POINT('',(23.2516722390255,48.716317844219,-29.2920504627585));
#3698=CARTESIAN_POINT('Ctrl Pts',(20.3718160338228,50.8864451513632,-24.4603098593902));
#3699=CARTESIAN_POINT('Ctrl Pts',(21.0586001518843,50.3689161976516,-25.1018796790461));
#3700=CARTESIAN_POINT('Ctrl Pts',(21.6601810722183,49.9155924585495,-25.8771139564308));
#3701=CARTESIAN_POINT('Ctrl Pts',(22.6113723210584,49.1988184405637,-27.53280931233));
#3702=CARTESIAN_POINT('Ctrl Pts',(22.9772122521528,48.9231382789181,-28.3896288111042));
#3703=CARTESIAN_POINT('Ctrl Pts',(23.2516722390255,48.716317844219,-29.2920504627585));
#3704=CARTESIAN_POINT('Ctrl Pts',(23.2516722390255,48.716317844219,-29.2920504627585));
#3705=CARTESIAN_POINT('Ctrl Pts',(23.8966728976681,49.6393540251847,-28.7343956938546));
#3706=CARTESIAN_POINT('Ctrl Pts',(24.6163871259078,50.5676452285134,-28.2630769240284));
#3707=CARTESIAN_POINT('Ctrl Pts',(25.928383995191,52.1355918958689,-27.5935924010649));
#3708=CARTESIAN_POINT('Ctrl Pts',(26.4957601734587,52.78089154831,-27.3562568060681));
#3709=CARTESIAN_POINT('Ctrl Pts',(27.6034971061704,54.0130948896422,-26.9768133033012));
#3710=CARTESIAN_POINT('Ctrl Pts',(28.1420088329433,54.6006210678395,-26.8279604211476));
#3711=CARTESIAN_POINT('Ctrl Pts',(29.370586090987,55.9520039568682,-26.5600635501041));
#3712=CARTESIAN_POINT('Ctrl Pts',(30.0672336220642,56.7263820715012,-26.4598757085984));
#3713=CARTESIAN_POINT('Ctrl Pts',(30.7533204804867,57.5367074597143,-26.4124841004864));
#3714=CARTESIAN_POINT('Ctrl Pts',(30.7713050234411,57.5579838052797,-26.4112797384773));
#3715=CARTESIAN_POINT('Ctrl Pts',(30.7892800674456,57.5792849792085,-26.4101141779839));
#3716=CARTESIAN_POINT('Origin',(-15.,90.432667422063,-37.));
#3717=CARTESIAN_POINT('Origin',(45.5378168166595,77.0471254056717,-37.));
#3718=CARTESIAN_POINT('Origin',(35.375,54.2890735913439,-37.));
#3719=CARTESIAN_POINT('Origin',(-15.,90.432667422063,-37.));
#3720=CARTESIAN_POINT('Origin',(18.,20.9695449940831,-66.5051470738022));
#3721=CARTESIAN_POINT('',(20.,1.75736229483561E-14,-72.9088215813916));
#3722=CARTESIAN_POINT('Origin',(18.,2.22044604925031E-14,-72.9088215813916));
#3723=CARTESIAN_POINT('',(20.,20.9695449940831,-66.5051470738022));
#3724=CARTESIAN_POINT('Origin',(47.0475103336698,103.975158486491,-43.126155740733));
#3725=CARTESIAN_POINT('',(41.9607499541907,97.2247994660796,-25.));
#3726=CARTESIAN_POINT('Origin',(41.9607499541906,97.2247994660797,-46.3707147653618));
#3727=CARTESIAN_POINT('Origin',(41.9607499541906,97.2247994660797,-46.3707147653618));
#3728=CARTESIAN_POINT('Origin',(2.,60.9332923893912,-23.483384532402));
#3729=CARTESIAN_POINT('',(0.,9.96919368830818E-15,-42.0911784186085));
#3730=CARTESIAN_POINT('',(2.,1.33226762955019E-14,-40.));
#3731=CARTESIAN_POINT('Origin',(2.,1.77635683940025E-14,-42.0911784186085));
#3732=CARTESIAN_POINT('',(2.,40.,-27.7848098098529));
#3733=CARTESIAN_POINT('',(2.,60.3491628822459,-21.57058743943));
#3734=CARTESIAN_POINT('',(0.,40.5841295071454,-29.6976069028249));
#3735=CARTESIAN_POINT('Origin',(2.,40.5841295071454,-29.6976069028249));
#3736=CARTESIAN_POINT('',(0.,60.9332923893912,-23.483384532402));
#3737=CARTESIAN_POINT('Origin',(2.,27.3755963743835,13.5552051357989));
#3738=CARTESIAN_POINT('',(2.,65.049777016517,-7.63508782001197));
#3739=CARTESIAN_POINT('Origin',(2.,66.7929564349839,-8.61555990785197));
#3740=CARTESIAN_POINT('Origin',(0.,27.3755963743835,13.5552051357989));
#3741=CARTESIAN_POINT('Origin',(2.,27.3755963743835,13.5552051357989));
#3742=CARTESIAN_POINT('Ctrl Pts',(3.87308884799939,71.7882776213043,7.02548473832704));
#3743=CARTESIAN_POINT('Ctrl Pts',(2.69114126387615,71.4759232526662,4.87890990592938));
#3744=CARTESIAN_POINT('Ctrl Pts',(0.597707249456808,70.3706662089942,-0.420966345911689));
#3745=CARTESIAN_POINT('Ctrl Pts',(-7.64465454652025E-15,68.2735739433775,
-5.75216434933027));
#3746=CARTESIAN_POINT('Ctrl Pts',(-1.41553435639707E-14,66.7929564349839,
-8.61555990785187));
#3747=CARTESIAN_POINT('Ctrl Pts',(3.95373356355823,71.263787942813,7.06960849891888));
#3748=CARTESIAN_POINT('Ctrl Pts',(2.77402838501262,70.9532521507903,4.95419791189307));
#3749=CARTESIAN_POINT('Ctrl Pts',(0.674450293375626,69.8492358802076,-0.262354893732994));
#3750=CARTESIAN_POINT('Ctrl Pts',(0.0349377683129276,67.751020117986,-5.50480897162773));
#3751=CARTESIAN_POINT('Ctrl Pts',(-1.36668067484916E-14,66.2713983726083,
-8.3222033451654));
#3752=CARTESIAN_POINT('Ctrl Pts',(4.43401156676483,70.3881239072319,6.95380082666935));
#3753=CARTESIAN_POINT('Ctrl Pts',(3.2762838401619,70.0757697892383,4.91927557598204));
#3754=CARTESIAN_POINT('Ctrl Pts',(1.20969457272934,68.9633990834576,-0.0943078793195963));
#3755=CARTESIAN_POINT('Ctrl Pts',(0.55587186111392,66.852285041024,-5.1196877757614));
#3756=CARTESIAN_POINT('Ctrl Pts',(0.501978748509409,65.368329207739,-7.81426130537124));
#3757=CARTESIAN_POINT('Ctrl Pts',(5.25488793198894,70.0315403291599,6.56385939684683));
#3758=CARTESIAN_POINT('Ctrl Pts',(4.13689978281572,69.7117613479047,4.6137580968726));
#3759=CARTESIAN_POINT('Ctrl Pts',(2.152610586512,68.5945844170151,-0.19938931854835));
#3760=CARTESIAN_POINT('Ctrl Pts',(1.5672064500212,66.5109863669268,-5.03779175263553));
#3761=CARTESIAN_POINT('Ctrl Pts',(1.55120104948716,65.049777016517,-7.63508782001188));
#3762=CARTESIAN_POINT('Ctrl Pts',(5.60620529268656,69.9999999993116,6.37658282866977));
#3763=CARTESIAN_POINT('Ctrl Pts',(4.50519720066241,69.6767050370015,4.45695892677908));
#3764=CARTESIAN_POINT('Ctrl Pts',(2.55612244613699,68.5596201880179,-0.284770520643802));
#3765=CARTESIAN_POINT('Ctrl Pts',(1.99999999999999,66.4959646429085,-5.06391365112667));
#3766=CARTESIAN_POINT('Ctrl Pts',(1.99999999999999,65.049777016517,-7.63508782001188));
#3767=CARTESIAN_POINT('Ctrl Pts',(1.99999999999999,65.049777016517,-7.63508782001188));
#3768=CARTESIAN_POINT('Ctrl Pts',(1.99999999999999,66.4959646429085,-5.06391365112667));
#3769=CARTESIAN_POINT('Ctrl Pts',(2.55612244585737,68.5596201869803,-0.284770523046779));
#3770=CARTESIAN_POINT('Ctrl Pts',(4.5051971987024,69.6767050358781,4.45695892201075));
#3771=CARTESIAN_POINT('Ctrl Pts',(5.60620528881142,69.9999999981736,6.37658282191339));
#3772=CARTESIAN_POINT('Origin',(35.,27.3755963743835,13.5552051357989));
#3773=CARTESIAN_POINT('',(2.14006921941053,40.,-27.7848098098529));
#3774=CARTESIAN_POINT('',(35.,40.,-27.7848098098529));
#3775=CARTESIAN_POINT('Origin',(-10.6743999320096,27.3755963743835,13.5552051357989));
#3776=CARTESIAN_POINT('Origin',(35.,40.,-27.7848098098529));
#3777=CARTESIAN_POINT('',(12.,1.33226762955019E-14,-40.));
#3778=CARTESIAN_POINT('',(17.5,1.33226762955019E-14,-40.));
#3779=CARTESIAN_POINT('',(12.,41.4592541280376,-27.3391831421095));
#3780=CARTESIAN_POINT('',(12.,36.6653941497863,-28.8031309265913));
#3781=CARTESIAN_POINT('',(12.2423904743577,45.744452255806,-26.0305703887806));
#3782=CARTESIAN_POINT('Origin',(50.,41.4592541280376,-27.3391831421095));
#3783=CARTESIAN_POINT('Ctrl Pts',(12.2423904739876,45.7444522563745,-26.030570388607));
#3784=CARTESIAN_POINT('Ctrl Pts',(8.96857466314652,43.7948581997057,-26.6259369435018));
#3785=CARTESIAN_POINT('Ctrl Pts',(5.59284218417896,41.899512478694,-27.2047371549577));
#3786=CARTESIAN_POINT('Ctrl Pts',(2.17233936660212,40.0177505757177,-27.7793891433935));
#3787=CARTESIAN_POINT('Ctrl Pts',(2.15620439801236,40.0088749174532,-27.7820995897376));
#3788=CARTESIAN_POINT('Ctrl Pts',(2.14006921941053,40.,-27.7848098098529));
#3789=CARTESIAN_POINT('Origin',(27.,95.8583921939405,7.79278133519184));
#3790=CARTESIAN_POINT('',(35.,160.,27.3803297965129));
#3791=CARTESIAN_POINT('',(30.3809460939256,160.,34.9613349359842));
#3792=CARTESIAN_POINT('Origin',(27.,160.,27.3803297965129));
#3793=CARTESIAN_POINT('',(30.3809460939256,93.7407877100856,14.7271129367182));
#3794=CARTESIAN_POINT('',(35.,95.8583921939405,7.79278133519184));
#3795=CARTESIAN_POINT('Origin',(29.6586388226973,113.975558527094,21.2585749379261));
#3796=CARTESIAN_POINT('',(23.9141190001804,160.,38.1143416075829));
#3797=CARTESIAN_POINT('',(32.5495805511072,160.,33.9039819539683));
#3798=CARTESIAN_POINT('',(18.0787916083406,120.401323988331,28.8668163396295));
#3799=CARTESIAN_POINT('Origin',(29.8496691413898,-63.6143682594346,-33.0669332880555));
#3800=CARTESIAN_POINT('',(18.8229536842497,114.465136058211,26.691196426177));
#3801=CARTESIAN_POINT('Ctrl Pts',(18.8229536856198,114.465136055947,26.6911964325791));
#3802=CARTESIAN_POINT('Ctrl Pts',(18.6073385425922,115.685517368237,27.1690028463651));
#3803=CARTESIAN_POINT('Ctrl Pts',(18.3413423876799,116.815481997849,27.6437619170863));
#3804=CARTESIAN_POINT('Ctrl Pts',(18.0511195977032,118.74661999308,28.3749952034591));
#3805=CARTESIAN_POINT('Ctrl Pts',(17.9773573903036,119.612532538021,28.6753913273369));
#3806=CARTESIAN_POINT('Ctrl Pts',(18.0787916455705,120.401323923992,28.8668163273081));
#3807=CARTESIAN_POINT('Origin',(3.91546186186882,109.570753339971,32.4649410077409));
#3808=CARTESIAN_POINT('Origin',(0.,160.,-26.1392392394114));
#3809=CARTESIAN_POINT('',(35.,160.,-26.1392392394114));
#3810=CARTESIAN_POINT('',(0.,160.,8.86076076058859));
#3811=CARTESIAN_POINT('',(0.,160.,-26.1392392394114));
#3812=CARTESIAN_POINT('Origin',(29.8496691413899,160.,8.86076076058858));
#3813=CARTESIAN_POINT('Origin',(12.,39.0019121783677,-36.4543192984793));
#3814=CARTESIAN_POINT('',(20.,1.17604104220225E-14,-48.3647136744338));
#3815=CARTESIAN_POINT('Origin',(12.,8.88178419700125E-15,-48.3647136744338));
#3816=CARTESIAN_POINT('',(20.,39.0019121783677,-36.4543192984793));
#3817=CARTESIAN_POINT('Origin',(12.,43.795772156619,-34.9903715139975));
#3818=CARTESIAN_POINT('Ctrl Pts',(20.,43.795772156619,-34.9903715139975));
#3819=CARTESIAN_POINT('Ctrl Pts',(20.,45.1966685118144,-34.4484846925099));
#3820=CARTESIAN_POINT('Ctrl Pts',(20.0982856921397,46.5975558829446,-33.9066013461878));
#3821=CARTESIAN_POINT('Ctrl Pts',(20.2938954735465,47.9847283348834,-33.3700231275006));
#3822=CARTESIAN_POINT('Ctrl Pts',(20.,43.4462298769251,-33.845756410171));
#3823=CARTESIAN_POINT('Ctrl Pts',(19.9836306106905,44.8501085501999,-33.3138407835777));
#3824=CARTESIAN_POINT('Ctrl Pts',(20.0661239949296,46.2563245719362,-32.7815113662348));
#3825=CARTESIAN_POINT('Ctrl Pts',(20.246782261939,47.6506236250154,-32.2542048895217));
#3826=CARTESIAN_POINT('Ctrl Pts',(19.4520536485287,42.7489215729996,-31.5623427487517));
#3827=CARTESIAN_POINT('Ctrl Pts',(19.4127515327394,44.1844130785249,-31.050179303256));
#3828=CARTESIAN_POINT('Ctrl Pts',(19.4748752193838,45.6252010250205,-30.5366783898189));
#3829=CARTESIAN_POINT('Ctrl Pts',(19.6383785774004,47.0565003413107,-30.027743273929));
#3830=CARTESIAN_POINT('Ctrl Pts',(16.776515410661,41.7654153863327,-28.3417422624481));
#3831=CARTESIAN_POINT('Ctrl Pts',(16.7354088409038,43.3303354914219,-27.8440731610086));
#3832=CARTESIAN_POINT('Ctrl Pts',(16.8044857982788,44.900651547134,-27.3451135805249));
#3833=CARTESIAN_POINT('Ctrl Pts',(16.9840169946822,46.4603223818259,-26.8498041285832));
#3834=CARTESIAN_POINT('Ctrl Pts',(13.7951958020513,41.4592541280376,-27.3391831421095));
#3835=CARTESIAN_POINT('Ctrl Pts',(13.7795114289795,43.1570309772078,-26.8210110385419));
#3836=CARTESIAN_POINT('Ctrl Pts',(13.8832433147319,44.8568268380813,-26.3013629002762));
#3837=CARTESIAN_POINT('Ctrl Pts',(14.1051546546894,46.5417495096469,-25.7870919489369));
#3838=CARTESIAN_POINT('Ctrl Pts',(12.,41.4592541280376,-27.3391831421095));
#3839=CARTESIAN_POINT('Ctrl Pts',(12.,43.2337228446184,-26.7972963206219));
#3840=CARTESIAN_POINT('Ctrl Pts',(12.1244952100436,45.0081801813835,-26.2554129742998));
#3841=CARTESIAN_POINT('Ctrl Pts',(12.3722675998256,46.7652652871725,-25.7188347556125));
#3842=CARTESIAN_POINT('Ctrl Pts',(12.2423904756624,45.7444522573718,-26.0305703883024));
#3843=CARTESIAN_POINT('Ctrl Pts',(12.6959446112786,46.0145488352747,-25.9480883615826));
#3844=CARTESIAN_POINT('Ctrl Pts',(13.1818740917292,46.2152276686687,-25.9206534808856));
#3845=CARTESIAN_POINT('Ctrl Pts',(14.0313904041201,46.4296341119079,-26.0047361274371));
#3846=CARTESIAN_POINT('Ctrl Pts',(14.3665469816932,46.4814132701805,-26.0702525371026));
#3847=CARTESIAN_POINT('Ctrl Pts',(15.2411740167792,46.5481870830071,-26.3296758528778));
#3848=CARTESIAN_POINT('Ctrl Pts',(15.7564684990886,46.5184438242477,-26.573746809887));
#3849=CARTESIAN_POINT('Ctrl Pts',(16.9324743363135,46.3495224881338,-27.3374757256317));
#3850=CARTESIAN_POINT('Ctrl Pts',(17.5951540926378,46.1567245841484,-27.9661427513907));
#3851=CARTESIAN_POINT('Ctrl Pts',(18.8610264906753,45.6030801930237,-29.7352845984451));
#3852=CARTESIAN_POINT('Ctrl Pts',(19.398056130313,45.2266539451855,-30.9295954549837));
#3853=CARTESIAN_POINT('Ctrl Pts',(19.907238647275,44.5154537426784,-33.153776109646));
#3854=CARTESIAN_POINT('Ctrl Pts',(20.0014571588473,44.2234163219739,-34.0524498868811));
#3855=CARTESIAN_POINT('Ctrl Pts',(20.0002348026197,43.914465467501,-34.9444592373846));
#3856=CARTESIAN_POINT('Origin',(20.,34.8882671350761,-34.9215898594717));
#3857=CARTESIAN_POINT('',(20.,4.44089209850063E-15,-17.4607949297359));
#3858=CARTESIAN_POINT('Origin',(0.,0.,0.));
#3859=CARTESIAN_POINT('',(0.,0.,0.));
#3860=CARTESIAN_POINT('Ctrl Pts',(1.56368902156953,76.922740734872,-6.1514789605315));
#3861=CARTESIAN_POINT('Ctrl Pts',(1.31150362800152,78.9945025355902,-11.4385075461578));
#3862=CARTESIAN_POINT('Ctrl Pts',(0.799585092300678,84.5133554022138,-22.9833947238091));
#3863=CARTESIAN_POINT('Ctrl Pts',(0.475751683425043,90.854441190112,-30.9699631484024));
#3864=CARTESIAN_POINT('Ctrl Pts',(0.34999069571152,94.3481122426538,-33.8723886328691));
#3865=CARTESIAN_POINT('Ctrl Pts',(1.02611732155052,76.6524630722956,-6.26501480591977));
#3866=CARTESIAN_POINT('Ctrl Pts',(0.850469983909355,78.7059517327855,-11.5755892456579));
#3867=CARTESIAN_POINT('Ctrl Pts',(0.506157345705807,84.2318002543757,-23.166508180122));
#3868=CARTESIAN_POINT('Ctrl Pts',(0.299036464168893,90.6525559000764,-31.1682820176484));
#3869=CARTESIAN_POINT('Ctrl Pts',(0.219315948761848,94.2008482332761,-34.0697592629378));
#3870=CARTESIAN_POINT('Ctrl Pts',(0.249929186110536,75.9062194189617,-6.57849022686003));
#3871=CARTESIAN_POINT('Ctrl Pts',(0.204370726973515,78.0000842548428,-11.9162730839326));
#3872=CARTESIAN_POINT('Ctrl Pts',(0.118792161592974,83.6599409581994,-23.5505364771534));
#3873=CARTESIAN_POINT('Ctrl Pts',(0.0699800391877949,90.2652076381819,-31.5515364262056));
#3874=CARTESIAN_POINT('Ctrl Pts',(0.0511527874596074,93.923966135335,-34.4408505727308));
#3875=CARTESIAN_POINT('Ctrl Pts',(-6.14871418801314E-15,74.9178604872327,
-6.99367128840694));
#3876=CARTESIAN_POINT('Ctrl Pts',(0.000160293781750584,77.1209484367328,
-12.3439193399552));
#3877=CARTESIAN_POINT('Ctrl Pts',(0.000118607778144529,83.024384684251,
-23.9857985321705));
#3878=CARTESIAN_POINT('Ctrl Pts',(-8.87691304475712E-6,89.8513427320682,
-31.9630443879011));
#3879=CARTESIAN_POINT('Ctrl Pts',(0.,93.6322107584611,-34.8318757988048));
#3880=CARTESIAN_POINT('Ctrl Pts',(-6.10622663543836E-15,74.4944669812793,
-7.17152668042153));
#3881=CARTESIAN_POINT('Ctrl Pts',(-6.50846533191731E-15,76.7442136991367,
-12.5271593637566));
#3882=CARTESIAN_POINT('Ctrl Pts',(-3.56527031082651E-15,82.7519632812493,
-24.1723415859471));
#3883=CARTESIAN_POINT('Ctrl Pts',(5.86236578745114E-16,89.6739812222704,
-32.1393953346893));
#3884=CARTESIAN_POINT('Ctrl Pts',(0.,93.5071757178053,-34.9994540472796));
#3885=CARTESIAN_POINT('Origin',(0.,90.1461900516973,10.4753793560583));
#3886=CARTESIAN_POINT('Ctrl Pts',(0.349990695706861,111.436482271312,-28.6539463845243));
#3887=CARTESIAN_POINT('Ctrl Pts',(0.387601556108847,111.818140760019,-27.3503056030454));
#3888=CARTESIAN_POINT('Ctrl Pts',(0.430503901041019,112.127913226458,-25.9189046436051));
#3889=CARTESIAN_POINT('Ctrl Pts',(0.47876804565218,112.362419277484,-24.3740896665516));
#3890=CARTESIAN_POINT('Ctrl Pts',(0.129695942873667,111.828273779617,-28.7912195396407));
#3891=CARTESIAN_POINT('Ctrl Pts',(0.144036875772902,112.233021569568,-27.4725878573587));
#3892=CARTESIAN_POINT('Ctrl Pts',(0.160900991506311,112.564000774355,-26.0258365884707));
#3893=CARTESIAN_POINT('Ctrl Pts',(0.179745959398579,112.81700575055,-24.465562304875));
#3894=CARTESIAN_POINT('Ctrl Pts',(0.00888776720136708,112.269483878361,
-28.9458076331545));
#3895=CARTESIAN_POINT('Ctrl Pts',(0.00977034036290134,112.706244897255,
-27.6123909398567));
#3896=CARTESIAN_POINT('Ctrl Pts',(0.0111425331625974,113.069059330386,-26.1501305256437));
#3897=CARTESIAN_POINT('Ctrl Pts',(0.012249740367668,113.353761941533,-24.5735692690826));
#3898=CARTESIAN_POINT('Ctrl Pts',(0.000480100176311615,112.712948897084,
-29.1011857896825));
#3899=CARTESIAN_POINT('Ctrl Pts',(0.000532739775583833,113.18219485252,
-27.7530130395108));
#3900=CARTESIAN_POINT('Ctrl Pts',(0.000593124168844051,113.57736407219,
-26.2752537173002));
#3901=CARTESIAN_POINT('Ctrl Pts',(0.00066171384964564,113.894552569973,
-24.6823880494354));
#3902=CARTESIAN_POINT('Origin',(3.,113.956321176097,-24.6948172300259));
#3903=CARTESIAN_POINT('Ctrl Pts',(0.349990695679665,135.346445933186,-21.3523275461508));
#3904=CARTESIAN_POINT('Ctrl Pts',(0.452966026104117,136.391394348884,-17.7830701881547));
#3905=CARTESIAN_POINT('Ctrl Pts',(0.702660874987694,137.264403345822,-9.84364542011798));
#3906=CARTESIAN_POINT('Ctrl Pts',(1.07789856470389,136.346552022385,0.0273362396306892));
#3907=CARTESIAN_POINT('Ctrl Pts',(1.26147357456693,135.64321233598,4.43390663024578));
#3908=CARTESIAN_POINT('Ctrl Pts',(0.121309888538127,135.753151935944,-21.49482633703));
#3909=CARTESIAN_POINT('Ctrl Pts',(0.158114630983266,136.863712842862,-17.8829611791024));
#3910=CARTESIAN_POINT('Ctrl Pts',(0.252065201021491,137.826018645984,-9.86314333764076));
#3911=CARTESIAN_POINT('Ctrl Pts',(0.405939086257812,136.913319624519,0.0762528457507727));
#3912=CARTESIAN_POINT('Ctrl Pts',(0.485079548087994,136.190704674907,4.50493829224826));
#3913=CARTESIAN_POINT('Ctrl Pts',(1.05245505232172E-14,136.213142405709,
-21.6559945649706));
#3914=CARTESIAN_POINT('Ctrl Pts',(-0.000296660218941681,137.41568100057,
-18.0021344712835));
#3915=CARTESIAN_POINT('Ctrl Pts',(0.00226079494537272,138.537838051582,
-9.89898960578328));
#3916=CARTESIAN_POINT('Ctrl Pts',(0.00203455292750545,137.78101569187,0.14656715048892));
#3917=CARTESIAN_POINT('Ctrl Pts',(4.87616733584035E-14,137.12303720194,
4.62589912443804));
#3918=CARTESIAN_POINT('Ctrl Pts',(1.0547118733939E-14,136.673562679059,
-21.8173133844708));
#3919=CARTESIAN_POINT('Ctrl Pts',(1.4070878938642E-14,137.968470081455,
-18.121516316146));
#3920=CARTESIAN_POINT('Ctrl Pts',(3.3065476317793E-14,139.250729272498,
-9.93537204169237));
#3921=CARTESIAN_POINT('Ctrl Pts',(4.68956702939814E-14,138.655684395248,
0.2171414067545));
#3922=CARTESIAN_POINT('Ctrl Pts',(4.88498130835069E-14,138.067789604177,
4.74847131137178));
#3923=CARTESIAN_POINT('',(1.26147357456693,135.64321233598,4.43390663024578));
#3924=CARTESIAN_POINT('Ctrl Pts',(0.349990695679665,135.346445933186,-21.3523275461508));
#3925=CARTESIAN_POINT('Ctrl Pts',(0.452966026104117,136.391394348884,-17.7830701881547));
#3926=CARTESIAN_POINT('Ctrl Pts',(0.702660874987694,137.264403345822,-9.84364542011798));
#3927=CARTESIAN_POINT('Ctrl Pts',(1.07789856470389,136.346552022385,0.0273362396306892));
#3928=CARTESIAN_POINT('Ctrl Pts',(1.26147357456693,135.64321233598,4.43390663024578));
#3929=CARTESIAN_POINT('',(1.94946556906567E-15,138.067789604177,4.74847131137179));
#3930=CARTESIAN_POINT('Origin',(3.,138.067789604177,4.74847131137178));
#3931=CARTESIAN_POINT('Origin',(0.,114.056153713847,17.7769981953751));
#3932=CARTESIAN_POINT('Origin',(0.,80.,-13.0696196197057));
#3933=CARTESIAN_POINT('',(0.,5.43935110999002E-15,-21.1392392394115));
#3934=CARTESIAN_POINT('Origin',(0.,80.,-13.0696196197057));
#3935=CARTESIAN_POINT('Ctrl Pts',(32.5985876534777,70.0067545527106,6.41680510612496));
#3936=CARTESIAN_POINT('Ctrl Pts',(32.0248673868558,69.4415437641522,3.04131614067553));
#3937=CARTESIAN_POINT('Ctrl Pts',(30.0593135733164,67.5051432471444,-3.57420695378957));
#3938=CARTESIAN_POINT('Ctrl Pts',(24.2441474188736,61.7762282358211,-13.5334188556966));
#3939=CARTESIAN_POINT('Ctrl Pts',(14.9978911278723,52.6671133701022,-22.3932566642803));
#3940=CARTESIAN_POINT('Ctrl Pts',(6.57011970657458,44.3643435222302,-26.4520276553734));
#3941=CARTESIAN_POINT('Ctrl Pts',(2.14006921941052,40.,-27.7848098098529));
#3942=CARTESIAN_POINT('Ctrl Pts',(33.924547625303,69.9795035089014,6.25405945523345));
#3943=CARTESIAN_POINT('Ctrl Pts',(33.3551343632014,69.388417873033,2.80327062891658));
#3944=CARTESIAN_POINT('Ctrl Pts',(31.404321541192,67.3637183827561,-3.95275228413895));
#3945=CARTESIAN_POINT('Ctrl Pts',(25.6354457006823,61.3866709234013,-14.0683760484562));
#3946=CARTESIAN_POINT('Ctrl Pts',(16.4706907347286,51.9207055240967,-22.9545106998012));
#3947=CARTESIAN_POINT('Ctrl Pts',(8.13193349064582,43.3595672251984,-26.8877289255564));
#3948=CARTESIAN_POINT('Ctrl Pts',(3.75577390067018,38.8863359346751,-28.1249002689998));
#3949=CARTESIAN_POINT('Ctrl Pts',(36.5754945757633,70.2802271350781,5.86920994086603));
#3950=CARTESIAN_POINT('Ctrl Pts',(36.0146558181352,69.6402025911865,2.23844467169974));
#3951=CARTESIAN_POINT('Ctrl Pts',(34.0931689023347,67.4481632994223,-4.86143719514858));
#3952=CARTESIAN_POINT('Ctrl Pts',(28.4163211679052,60.9897004806801,-15.4259101875856));
#3953=CARTESIAN_POINT('Ctrl Pts',(19.4135363872862,50.7975717329909,-24.5677456597034));
#3954=CARTESIAN_POINT('Ctrl Pts',(11.2512298413294,41.6488354039223,-28.4346663179498));
#3955=CARTESIAN_POINT('Ctrl Pts',(6.98195363140861,36.8981867082744,-29.5753945115341));
#3956=CARTESIAN_POINT('Ctrl Pts',(40.8883341015171,72.0059151322629,5.03605994322141));
#3957=CARTESIAN_POINT('Ctrl Pts',(40.3346590872527,71.2951163588826,1.01121075760382));
#3958=CARTESIAN_POINT('Ctrl Pts',(38.4380113095875,68.8602697260075,-6.86139851494949));
#3959=CARTESIAN_POINT('Ctrl Pts',(32.838114438582,61.6788789746778,-18.591590310617));
#3960=CARTESIAN_POINT('Ctrl Pts',(23.9674393813527,50.3247186934975,-28.7729488609026));
#3961=CARTESIAN_POINT('Ctrl Pts',(15.9464593413707,40.0959893631034,-33.1109437191361));
#3962=CARTESIAN_POINT('Ctrl Pts',(11.7591274063974,34.7722482718803,-34.4019103065396));
#3963=CARTESIAN_POINT('Ctrl Pts',(43.3975819338764,74.2069377874229,4.35089320757942));
#3964=CARTESIAN_POINT('Ctrl Pts',(42.8357449400722,73.4612188258062,-0.000123432891788178));
#3965=CARTESIAN_POINT('Ctrl Pts',(40.9105378859907,70.9069567343061,-8.52184329865137));
#3966=CARTESIAN_POINT('Ctrl Pts',(35.2205822547888,63.3570302706293,-21.3049996814328));
#3967=CARTESIAN_POINT('Ctrl Pts',(26.1909638994388,51.3728909039723,-32.5808726934094));
#3968=CARTESIAN_POINT('Ctrl Pts',(17.9891761026539,40.4916446288315,-37.6238200685919));
#3969=CARTESIAN_POINT('Ctrl Pts',(13.693615781526,34.7884433233584,-39.2284797777933));
#3970=CARTESIAN_POINT('Ctrl Pts',(44.5781203041871,75.7735651184679,3.93960882731693));
#3971=CARTESIAN_POINT('Ctrl Pts',(44.0044000375652,75.0122126095887,-0.607255890347229));
#3972=CARTESIAN_POINT('Ctrl Pts',(42.0388462240258,72.403834599715,-9.51852440729548));
#3973=CARTESIAN_POINT('Ctrl Pts',(36.223680069583,64.6868484675994,-22.9338220652135));
#3974=CARTESIAN_POINT('Ctrl Pts',(26.9774237785817,52.416651937251,-34.8682364118213));
#3975=CARTESIAN_POINT('Ctrl Pts',(18.549652357284,41.2326215148174,-40.3354984308583));
#3976=CARTESIAN_POINT('Ctrl Pts',(14.1196018701199,35.3537459563093,-42.1307880071429));
#3977=CARTESIAN_POINT('Ctrl Pts',(20.7764916366228,50.5824237567754,-25.0811282163024));
#3978=CARTESIAN_POINT('Ctrl Pts',(20.6451250429991,50.6813893866736,-24.8705415288496));
#3979=CARTESIAN_POINT('Ctrl Pts',(20.5098673504403,50.7832737277415,-24.6637933400275));
#3980=CARTESIAN_POINT('Ctrl Pts',(20.3707795752024,50.8880390199224,-24.4611667956525));
#3981=CARTESIAN_POINT('Origin',(3.,113.956321176097,-24.6948172300259));
#3982=CARTESIAN_POINT('Origin',(3.,113.956321176097,-24.6948172300259));
#3983=CARTESIAN_POINT('Ctrl Pts',(0.478768045652176,115.099119751348,-23.5383567470087));
#3984=CARTESIAN_POINT('Ctrl Pts',(0.43050390104153,116.156645496203,-24.6886113710863));
#3985=CARTESIAN_POINT('Ctrl Pts',(0.387601556109757,117.213236987548,-25.7027524401814));
#3986=CARTESIAN_POINT('Ctrl Pts',(0.34999069570806,118.2580759049,-26.570769793632));
#3987=CARTESIAN_POINT('Ctrl Pts',(0.179745959398552,114.773189545605,-23.8681833772879));
#3988=CARTESIAN_POINT('Ctrl Pts',(0.160900991506488,115.854694737297,-25.0209252730821));
#3989=CARTESIAN_POINT('Ctrl Pts',(0.144036875773243,116.937450633487,-26.0359504635343));
#3990=CARTESIAN_POINT('Ctrl Pts',(0.129695942874116,118.009814559043,-26.9035021323815));
#3991=CARTESIAN_POINT('Ctrl Pts',(0.0122497403676364,114.388345151577,-24.2576285021272));
#3992=CARTESIAN_POINT('Ctrl Pts',(0.0111425331625799,115.505239136578,-25.406170533877));
#3993=CARTESIAN_POINT('Ctrl Pts',(0.00977034036291276,116.623063403871,
-26.4162738648629));
#3994=CARTESIAN_POINT('Ctrl Pts',(0.00888776720138696,117.730238788263,
-27.2782036379605));
#3995=CARTESIAN_POINT('Ctrl Pts',(0.000661713849628986,114.000608139514,
-24.6500008256187));
#3996=CARTESIAN_POINT('Ctrl Pts',(0.00059312416882868,115.153554433014,
-25.7939170914507));
#3997=CARTESIAN_POINT('Ctrl Pts',(0.00053273977558485,116.306872271894,
-26.7987998154688));
#3998=CARTESIAN_POINT('Ctrl Pts',(0.000480100176313281,117.449234172147,
-27.6548201539016));
#3999=CARTESIAN_POINT('Ctrl Pts',(0.478768045652176,115.099119751348,-23.5383567470087));
#4000=CARTESIAN_POINT('Ctrl Pts',(0.43050390104153,116.156645496203,-24.6886113710863));
#4001=CARTESIAN_POINT('Ctrl Pts',(0.387601556109757,117.213236987548,-25.7027524401814));
#4002=CARTESIAN_POINT('Ctrl Pts',(0.34999069570806,118.2580759049,-26.570769793632));
#4003=CARTESIAN_POINT('Ctrl Pts',(1.26147357456691,135.64321233598,4.43390663024583));
#4004=CARTESIAN_POINT('Ctrl Pts',(1.3397597521721,135.343270771778,6.31310332748048));
#4005=CARTESIAN_POINT('Ctrl Pts',(1.90205482884675,134.368747841886,10.0409547792974));
#4006=CARTESIAN_POINT('Ctrl Pts',(3.85669861348333,132.270689720493,15.1843860793035));
#4007=CARTESIAN_POINT('Ctrl Pts',(6.71292991155605,129.760125986699,19.640228064539));
#4008=CARTESIAN_POINT('Ctrl Pts',(10.1829401309468,126.83980051139,23.1740073346089));
#4009=CARTESIAN_POINT('Ctrl Pts',(13.827280305877,123.376431330844,25.5718595511813));
#4010=CARTESIAN_POINT('Ctrl Pts',(17.0232929654088,119.240309752812,26.7330467171063));
#4011=CARTESIAN_POINT('Ctrl Pts',(18.4015779115472,116.08523770164,26.7917956528114));
#4012=CARTESIAN_POINT('Ctrl Pts',(18.8229536823227,114.465136056469,26.6911964201267));
#4013=CARTESIAN_POINT('Ctrl Pts',(0.817819845150356,135.956065101081,4.47449615139011));
#4014=CARTESIAN_POINT('Ctrl Pts',(0.872968196341391,135.643792438762,6.4087878305531));
#4015=CARTESIAN_POINT('Ctrl Pts',(1.40566798518476,134.636618602487,10.2446247815774));
#4016=CARTESIAN_POINT('Ctrl Pts',(3.38134178792151,132.489109164214,15.5350273770321));
#4017=CARTESIAN_POINT('Ctrl Pts',(6.32447961522533,129.943208118743,20.1106545181544));
#4018=CARTESIAN_POINT('Ctrl Pts',(9.93271676767453,126.998129871411,23.7237033158883));
#4019=CARTESIAN_POINT('Ctrl Pts',(13.7386739058984,123.501930803597,26.1546946330249));
#4020=CARTESIAN_POINT('Ctrl Pts',(17.0816734522858,119.306846219208,27.3101672598069));
#4021=CARTESIAN_POINT('Ctrl Pts',(18.5249679773939,116.093941826429,27.3494232882551));
#4022=CARTESIAN_POINT('Ctrl Pts',(18.967520704958,114.442230146485,27.2371877496619));
#4023=CARTESIAN_POINT('Ctrl Pts',(0.19685841353513,136.717867928065,4.57333245844217));
#4024=CARTESIAN_POINT('Ctrl Pts',(0.214287870600997,136.40158585213,6.61028738135747));
#4025=CARTESIAN_POINT('Ctrl Pts',(0.702221646273824,135.371563858693,10.6470205686503));
#4026=CARTESIAN_POINT('Ctrl Pts',(2.72987877110245,133.170490383457,16.2014923460571));
#4027=CARTESIAN_POINT('Ctrl Pts',(5.84330549995812,130.562779005921,20.9780352586493));
#4028=CARTESIAN_POINT('Ctrl Pts',(9.71385551220356,127.542156161226,24.7070350328957));
#4029=CARTESIAN_POINT('Ctrl Pts',(13.8236898002179,123.935935378428,27.1659287312079));
#4030=CARTESIAN_POINT('Ctrl Pts',(17.4447880481622,119.573453594999,28.2789854814097));
#4031=CARTESIAN_POINT('Ctrl Pts',(19.0099852436203,116.210040378185,28.2640303935408));
#4032=CARTESIAN_POINT('Ctrl Pts',(19.4893906666815,114.476497834537,28.122803842865));
#4033=CARTESIAN_POINT('Ctrl Pts',(-2.59686887180524E-14,137.662895717504,
4.69594037411452));
#4034=CARTESIAN_POINT('Ctrl Pts',(0.00170070488163787,137.362567824013,
6.81954119894487));
#4035=CARTESIAN_POINT('Ctrl Pts',(0.490455826296549,136.353298631428,11.0149962804716));
#4036=CARTESIAN_POINT('Ctrl Pts',(2.60026658466844,134.149049995336,16.7464596979138));
#4037=CARTESIAN_POINT('Ctrl Pts',(5.8629829891004,131.495491221389,21.6366213923554));
#4038=CARTESIAN_POINT('Ctrl Pts',(9.94135102324159,128.377419131257,25.4174519111529));
#4039=CARTESIAN_POINT('Ctrl Pts',(14.2980867101213,124.614538705031,27.8650930421781));
#4040=CARTESIAN_POINT('Ctrl Pts',(18.1590265913967,120.027859781605,28.9076723589842));
#4041=CARTESIAN_POINT('Ctrl Pts',(19.8303814360485,116.469335087263,28.8246758018248));
#4042=CARTESIAN_POINT('Ctrl Pts',(20.3388825144033,114.630709153514,28.6509547036008));
#4043=CARTESIAN_POINT('Ctrl Pts',(-2.83106871279415E-14,138.067789604177,
4.74847131137184));
#4044=CARTESIAN_POINT('Ctrl Pts',(-2.43335477259886E-14,137.775447792058,
6.90291004143171));
#4045=CARTESIAN_POINT('Ctrl Pts',(0.498378766950665,136.777839913468,11.1514918061238));
#4046=CARTESIAN_POINT('Ctrl Pts',(2.64616785096503,134.577079909396,16.9325704626611));
#4047=CARTESIAN_POINT('Ctrl Pts',(5.96186821884552,131.908000258257,21.8493772255637));
#4048=CARTESIAN_POINT('Ctrl Pts',(10.1096418180752,128.750598306196,25.6397402219633));
#4049=CARTESIAN_POINT('Ctrl Pts',(14.5520120616775,124.921443022696,28.0782170367546));
#4050=CARTESIAN_POINT('Ctrl Pts',(18.500435600133,120.238856439909,29.0900212463178));
#4051=CARTESIAN_POINT('Ctrl Pts',(20.2112625623023,116.596582478884,28.9786086216557));
#4052=CARTESIAN_POINT('Ctrl Pts',(20.7302075163504,114.712776965715,28.791900482822));
#4053=CARTESIAN_POINT('Ctrl Pts',(18.0789740797178,120.40145109425,28.8670653631782));
#4054=CARTESIAN_POINT('Ctrl Pts',(17.0314429317916,121.980185170981,28.7128561918379));
#4055=CARTESIAN_POINT('Ctrl Pts',(14.4661810708997,124.995426093399,28.0311032507518));
#4056=CARTESIAN_POINT('Ctrl Pts',(10.1096418180752,128.750598306196,25.6397402219633));
#4057=CARTESIAN_POINT('Ctrl Pts',(5.96186821884552,131.908000258257,21.8493772255637));
#4058=CARTESIAN_POINT('Ctrl Pts',(2.64616785096503,134.577079909396,16.9325704626611));
#4059=CARTESIAN_POINT('Ctrl Pts',(0.498378766950665,136.777839913468,11.1514918061238));
#4060=CARTESIAN_POINT('Ctrl Pts',(-2.43335477259886E-14,137.775447792058,
6.90291004143171));
#4061=CARTESIAN_POINT('Ctrl Pts',(-2.83106871279415E-14,138.067789604177,
4.74847131137184));
#4062=CARTESIAN_POINT('Ctrl Pts',(1.26147357456691,135.64321233598,4.43390663024583));
#4063=CARTESIAN_POINT('Ctrl Pts',(1.3397597521721,135.343270771778,6.31310332748048));
#4064=CARTESIAN_POINT('Ctrl Pts',(1.90205482884675,134.368747841886,10.0409547792974));
#4065=CARTESIAN_POINT('Ctrl Pts',(3.85669861348333,132.270689720493,15.1843860793035));
#4066=CARTESIAN_POINT('Ctrl Pts',(6.71292991155605,129.760125986699,19.640228064539));
#4067=CARTESIAN_POINT('Ctrl Pts',(10.1829401309468,126.83980051139,23.1740073346089));
#4068=CARTESIAN_POINT('Ctrl Pts',(13.827280305877,123.376431330844,25.5718595511813));
#4069=CARTESIAN_POINT('Ctrl Pts',(17.0232929650781,119.24030975324,26.7330467169861));
#4070=CARTESIAN_POINT('Ctrl Pts',(18.4015779111193,116.08523770262,26.7917956527932));
#4071=CARTESIAN_POINT('Ctrl Pts',(18.8229536819303,114.465136057978,26.6911964202204));
#4072=CARTESIAN_POINT('Ctrl Pts',(-1.77635683940025E-14,125.369923045187,
2.36762133156124));
#4073=CARTESIAN_POINT('Ctrl Pts',(1.26438487298163E-14,120.950045504358,
25.9403015493182));
#4074=CARTESIAN_POINT('Ctrl Pts',(23.9141190001804,120.071161231392,30.6276843384689));
#4075=CARTESIAN_POINT('Ctrl Pts',(-8.88178419700125E-15,165.298761813796,
9.8542786006753));
#4076=CARTESIAN_POINT('Ctrl Pts',(2.15256329268176E-14,160.878884272966,
33.4269588184323));
#4077=CARTESIAN_POINT('Ctrl Pts',(23.9141190001804,160.,38.1143416075829));
#4078=CARTESIAN_POINT('Origin',(9.83211752623861,105.864945493225,44.6000213104121));
#4079=CARTESIAN_POINT('Ctrl Pts',(35.,97.029116583303,13.479207184251));
#4080=CARTESIAN_POINT('Ctrl Pts',(35.,97.9420122772628,13.7579870473882));
#4081=CARTESIAN_POINT('Ctrl Pts',(35.,100.107023389636,14.4191376099236));
#4082=CARTESIAN_POINT('Ctrl Pts',(35.,102.251517852468,15.074022803054));
#4083=CARTESIAN_POINT('Ctrl Pts',(35.,103.480422574316,15.4493054256275));
#4084=CARTESIAN_POINT('Ctrl Pts',(35.1480643659389,97.0020858245135,13.2232770042103));
#4085=CARTESIAN_POINT('Ctrl Pts',(35.1374658917844,97.9238041889802,13.459258213656));
#4086=CARTESIAN_POINT('Ctrl Pts',(35.0871894324421,100.105692364733,14.0272379108037));
#4087=CARTESIAN_POINT('Ctrl Pts',(34.9933241564262,102.254150506039,14.6142029930314));
#4088=CARTESIAN_POINT('Ctrl Pts',(34.9264299592108,103.477015724438,14.9631002933414));
#4089=CARTESIAN_POINT('Ctrl Pts',(35.5195245055651,96.9342717399396,12.7567075922925));
#4090=CARTESIAN_POINT('Ctrl Pts',(35.5089651282075,97.873272883518,12.9083628995364));
#4091=CARTESIAN_POINT('Ctrl Pts',(35.4136231160921,100.091353799478,13.2824767086812));
#4092=CARTESIAN_POINT('Ctrl Pts',(35.1922085766056,102.259498002477,13.6960206064037));
#4093=CARTESIAN_POINT('Ctrl Pts',(35.0236116278059,103.481515971444,13.9559290461715));
#4094=CARTESIAN_POINT('Ctrl Pts',(36.3761390443919,96.777887448366,12.168458029158));
#4095=CARTESIAN_POINT('Ctrl Pts',(36.4277886231791,97.7453983830181,12.2040336927571));
#4096=CARTESIAN_POINT('Ctrl Pts',(36.4258395205979,100.031542119356,12.294538191883));
#4097=CARTESIAN_POINT('Ctrl Pts',(36.2055999095419,102.267525883443,12.4032253820547));
#4098=CARTESIAN_POINT('Ctrl Pts',(36.0048083819674,103.526952809677,12.476507444718));
#4099=CARTESIAN_POINT('Ctrl Pts',(37.1057951383574,96.6446808003639,12.));
#4100=CARTESIAN_POINT('Ctrl Pts',(37.2388846405093,97.6312803969027,11.9997133481538));
#4101=CARTESIAN_POINT('Ctrl Pts',(37.4095212752158,99.9679536756796,12.0002995843911));
#4102=CARTESIAN_POINT('Ctrl Pts',(37.3417043308238,102.271744109041,12.0015053695516));
#4103=CARTESIAN_POINT('Ctrl Pts',(37.2261503679654,103.583510190254,12.));
#4104=CARTESIAN_POINT('Ctrl Pts',(37.5439150714774,96.5646972461984,12.));
#4105=CARTESIAN_POINT('Ctrl Pts',(37.7261161861823,97.5627266663933,12.));
#4106=CARTESIAN_POINT('Ctrl Pts',(38.000606319482,99.9296397754085,12.));
#4107=CARTESIAN_POINT('Ctrl Pts',(38.0252026960132,102.274122917911,12.));
#4108=CARTESIAN_POINT('Ctrl Pts',(37.9629880838444,103.617631355004,12.));
#4109=CARTESIAN_POINT('',(35.,94.3698660440907,12.6671259067578));
#4110=CARTESIAN_POINT('',(37.9928247467235,102.719116892863,12.));
#4111=CARTESIAN_POINT('Ctrl Pts',(37.8162941055638,98.467450317011,12.));
#4112=CARTESIAN_POINT('Ctrl Pts',(37.8562474782831,98.8406375328588,12.));
#4113=CARTESIAN_POINT('Ctrl Pts',(37.9809081384219,100.262786038287,12.));
#4114=CARTESIAN_POINT('Ctrl Pts',(38.0148894475947,101.676795345554,12.));
#4115=CARTESIAN_POINT('Ctrl Pts',(37.9931550941,102.720086291646,12.));
#4116=CARTESIAN_POINT('Ctrl Pts',(37.9928247466603,102.719116893032,12.));
#4117=CARTESIAN_POINT('Ctrl Pts',(37.6132877244639,103.005118553272,12.));
#4118=CARTESIAN_POINT('Ctrl Pts',(37.2314191252973,103.292877182781,12.0698747480372));
#4119=CARTESIAN_POINT('Ctrl Pts',(36.8677599832673,103.566914002114,12.2075274114466));
#4120=CARTESIAN_POINT('Origin',(53.9402826049,88.1975741187989,12.));
#4121=CARTESIAN_POINT('',(31.9834828598326,107.247480810303,12.));
#4122=CARTESIAN_POINT('Origin',(30.3511991208523,84.8666879963754,15.4926863003171));
#4123=CARTESIAN_POINT('Origin',(30.3511991208523,84.8666879963754,15.4926863003171));
#4124=CARTESIAN_POINT('Origin',(29.0833443356302,85.6607896778209,12.8923119497447));
#4125=CARTESIAN_POINT('Origin',(29.6586388226973,113.975558527094,21.2585749379261));
#4126=CARTESIAN_POINT('Origin',(31.5784883235758,105.048394767056,-24.));
#4127=CARTESIAN_POINT('',(31.5784883235758,105.048394767056,-24.));
#4128=CARTESIAN_POINT('',(36.9692780163951,100.98614336078,-24.));
#4129=CARTESIAN_POINT('',(32.7821183698799,106.645665787151,-24.));
#4130=CARTESIAN_POINT('',(32.7821183698799,106.645665787151,-24.));
#4131=CARTESIAN_POINT('',(31.5784883235758,105.048394767056,-24.));
#4132=CARTESIAN_POINT('Origin',(31.5784883235758,105.048394767056,11.));
#4133=CARTESIAN_POINT('',(31.5784883235758,105.048394767056,11.));
#4134=CARTESIAN_POINT('',(31.5784883235758,105.048394767056,2.25));
#4135=CARTESIAN_POINT('',(32.7821183698799,106.645665787151,11.));
#4136=CARTESIAN_POINT('',(32.7821183698799,106.645665787151,11.));
#4137=CARTESIAN_POINT('',(31.5784883235758,105.048394767056,11.));
#4138=CARTESIAN_POINT('Origin',(53.9402826049001,88.1975741187989,11.));
#4139=CARTESIAN_POINT('',(48.1501751570572,92.5607330366513,11.));
#4140=CARTESIAN_POINT('',(55.1439126512041,89.7948451388935,11.));
#4141=CARTESIAN_POINT('Origin',(43.5636977555184,98.5211629745982,-6.50000000000001));
#4142=CARTESIAN_POINT('',(31.9834828598326,107.247480810303,12.));
#4143=CARTESIAN_POINT('',(49.3538052033613,94.1580040567459,12.));
#4144=CARTESIAN_POINT('',(55.1439126512041,89.7948451388935,-25.));
#4145=CARTESIAN_POINT('',(31.9834828598326,107.247480810303,-25.));
#4146=CARTESIAN_POINT('',(37.7735903076756,102.884321892451,-25.));
#4147=CARTESIAN_POINT('',(31.9834828598327,107.247480810303,2.75));
#4148=CARTESIAN_POINT('Origin',(74.4019933920697,115.351181460407,12.));
#4149=CARTESIAN_POINT('',(51.2415636006982,132.803817131816,12.));
#4150=CARTESIAN_POINT('Origin',(51.2415636006982,132.803817131816,12.));
#4151=CARTESIAN_POINT('',(51.2415636006982,132.803817131816,-25.));
#4152=CARTESIAN_POINT('',(35.,111.250534260491,-0.534809809852854));
#4153=CARTESIAN_POINT('Origin',(42.3600677092143,96.9238919545036,-6.5));
#4154=CARTESIAN_POINT('',(48.1501751570571,92.5607330366513,-25.));
#4155=CARTESIAN_POINT('Origin',(42.3600677092143,96.9238919545036,-6.5));
#4156=CARTESIAN_POINT('',(47.,93.4274521845793,-25.));
#4157=CARTESIAN_POINT('',(48.1501751570571,92.5607330366513,-25.));
#4158=CARTESIAN_POINT('Origin',(47.,93.4274521845793,-37.));
#4159=CARTESIAN_POINT('Origin',(51.2415636006982,132.803817131816,-25.));
#4160=CARTESIAN_POINT('Origin',(35.,80.,-13.0696196197057));
#4161=CARTESIAN_POINT('Origin',(-15.,90.432667422063,-37.));
#4162=CARTESIAN_POINT('',(47.,90.432667422063,-25.));
#4163=CARTESIAN_POINT('Origin',(47.,90.432667422063,-37.));
#4164=CARTESIAN_POINT('Origin',(-15.,90.432667422063,-25.));
#4165=CARTESIAN_POINT('Origin',(47.,92.8251048951041,-37.));
#4166=CARTESIAN_POINT('',(47.,92.8251048951041,-25.));
#4167=CARTESIAN_POINT('Origin',(42.3600677092143,96.9238919545036,-6.5));
#4168=CARTESIAN_POINT('Origin',(50.,43.795772156619,-37.));
#4169=CARTESIAN_POINT('Ctrl Pts',(23.2516722390255,48.716317844219,-29.2920504627585));
#4170=CARTESIAN_POINT('Ctrl Pts',(22.9586888581967,48.9370966574553,-29.6835308192739));
#4171=CARTESIAN_POINT('Ctrl Pts',(22.6751878977687,49.1507299543939,-30.1164634508007));
#4172=CARTESIAN_POINT('Ctrl Pts',(22.0480741268915,49.6232940763136,-31.2327629324714));
#4173=CARTESIAN_POINT('Ctrl Pts',(21.7355901036493,49.8587676776202,-31.9435466473381));
#4174=CARTESIAN_POINT('Ctrl Pts',(21.2779670368117,50.2036113930561,-33.273103326528));
#4175=CARTESIAN_POINT('Ctrl Pts',(21.0860258368833,50.3482494616438,-34.0106826676994));
#4176=CARTESIAN_POINT('Ctrl Pts',(20.8356875740288,50.5368928735135,-35.5203754773822));
#4177=CARTESIAN_POINT('Ctrl Pts',(20.7773587423685,50.5808468008489,-36.2925066834576));
#4178=CARTESIAN_POINT('Ctrl Pts',(20.7773587423685,50.5808468008489,-37.));
#4179=CARTESIAN_POINT('Origin',(30.7798528135286,105.650209790208,-25.));
#4180=CARTESIAN_POINT('Origin',(35.,81.954981831075,25.0273922524159));
#4181=CARTESIAN_POINT('Origin',(29.0833443356302,85.6607896778209,12.8923119497447));
#4182=CARTESIAN_POINT('',(35.,93.90996366215,28.6782016720743));
#4183=CARTESIAN_POINT('Origin',(35.,81.954981831075,25.0273922524159));
#4184=CARTESIAN_POINT('Origin',(12.2693165516119,56.992116452139,-6.50000000000001));
#4185=CARTESIAN_POINT('Origin',(-15.,90.432667422063,-3.95639966932458));
#4186=CARTESIAN_POINT('Origin',(35.,81.954981831075,25.0273922524159));
#4187=CARTESIAN_POINT('Origin',(35.,105.864945493225,32.3290110917326));
#4188=CARTESIAN_POINT('Origin',(29.6586388226973,113.975558527094,21.2585749379261));
#4189=UNCERTAINTY_MEASURE_WITH_UNIT(LENGTH_MEASURE(0.01),#4193,
'DISTANCE_ACCURACY_VALUE',
'Maximum model space distance between geometric entities at asserted c
onnectivities');
#4190=UNCERTAINTY_MEASURE_WITH_UNIT(LENGTH_MEASURE(0.01),#4193,
'DISTANCE_ACCURACY_VALUE',
'Maximum model space distance between geometric entities at asserted c
onnectivities');
#4191=(
GEOMETRIC_REPRESENTATION_CONTEXT(3)
GLOBAL_UNCERTAINTY_ASSIGNED_CONTEXT((#4189))
GLOBAL_UNIT_ASSIGNED_CONTEXT((#4193,#4195,#4196))
REPRESENTATION_CONTEXT('','3D')
);
#4192=(
GEOMETRIC_REPRESENTATION_CONTEXT(3)
GLOBAL_UNCERTAINTY_ASSIGNED_CONTEXT((#4190))
GLOBAL_UNIT_ASSIGNED_CONTEXT((#4193,#4195,#4196))
REPRESENTATION_CONTEXT('','3D')
);
#4193=(
LENGTH_UNIT()
NAMED_UNIT(*)
SI_UNIT(.MILLI.,.METRE.)
);
#4194=(
LENGTH_UNIT()
NAMED_UNIT(*)
SI_UNIT(.CENTI.,.METRE.)
);
#4195=(
NAMED_UNIT(*)
PLANE_ANGLE_UNIT()
SI_UNIT($,.RADIAN.)
);
#4196=(
NAMED_UNIT(*)
SI_UNIT($,.STERADIAN.)
SOLID_ANGLE_UNIT()
);
#4197=SHAPE_DEFINITION_REPRESENTATION(#4198,#4199);
#4198=PRODUCT_DEFINITION_SHAPE('',$,#4201);
#4199=SHAPE_REPRESENTATION('',(#1580),#4191);
#4200=PRODUCT_DEFINITION_CONTEXT('part definition',#4205,'design');
#4201=PRODUCT_DEFINITION('base','base',#4202,#4200);
#4202=PRODUCT_DEFINITION_FORMATION('',$,#4207);
#4203=PRODUCT_RELATED_PRODUCT_CATEGORY('base','base',(#4207));
#4204=APPLICATION_PROTOCOL_DEFINITION('international standard',
'automotive_design',2009,#4205);
#4205=APPLICATION_CONTEXT(
'Core Data for Automotive Mechanical Design Process');
#4206=PRODUCT_CONTEXT('part definition',#4205,'mechanical');
#4207=PRODUCT('base','base',$,(#4206));
#4208=PRESENTATION_STYLE_ASSIGNMENT((#4209));
#4209=SURFACE_STYLE_USAGE(.BOTH.,#4212);
#4210=SURFACE_STYLE_RENDERING_WITH_PROPERTIES($,#4216,(#4211));
#4211=SURFACE_STYLE_TRANSPARENT(0.);
#4212=SURFACE_SIDE_STYLE('',(#4213,#4210));
#4213=SURFACE_STYLE_FILL_AREA(#4214);
#4214=FILL_AREA_STYLE('',(#4215));
#4215=FILL_AREA_STYLE_COLOUR('',#4216);
#4216=COLOUR_RGB('',0.749019607843137,0.749019607843137,0.749019607843137);
ENDSEC;
END-ISO-10303-21;
