ISO-10303-21;
HEADER;
/* Generated by software containing ST-Developer
 * from STEP Tools, Inc. (www.steptools.com) 
 */

FILE_DESCRIPTION(
/* description */ (''),
/* implementation_level */ '2;1');

FILE_NAME(
/* name */ 'back_board_setter_cover.stp',
/* time_stamp */ '2026-02-05T09:40:13+09:00',
/* author */ ('hibik'),
/* organization */ (''),
/* preprocessor_version */ 'ST-DEVELOPER v20.1',
/* originating_system */ 'Autodesk Inventor 2026',
/* authorisation */ '');

FILE_SCHEMA (('AUTOMOTIVE_DESIGN { 1 0 10303 214 3 1 1 }'));
ENDSEC;

DATA;
#10=MECHANICAL_DESIGN_GEOMETRIC_PRESENTATION_REPRESENTATION('',(#15,#16,
#17,#18,#19,#20,#21),#3525);
#11=SHAPE_REPRESENTATION_RELATIONSHIP('SRR','None',#3532,#12);
#12=ADVANCED_BREP_SHAPE_REPRESENTATION('',(#13),#3524);
#13=MANIFOLD_SOLID_BREP('\X2\30BD30EA30C330C9\X0\1',#2031);
#14=TOROIDAL_SURFACE('',#2217,8.,5.);
#15=STYLED_ITEM('',(#3543),#1932);
#16=STYLED_ITEM('',(#3543),#1940);
#17=STYLED_ITEM('',(#3543),#1948);
#18=STYLED_ITEM('',(#3543),#1956);
#19=STYLED_ITEM('',(#3543),#1964);
#20=STYLED_ITEM('',(#3543),#1972);
#21=STYLED_ITEM('',(#3542),#13);
#22=FACE_BOUND('',#225,.T.);
#23=FACE_BOUND('',#231,.T.);
#24=FACE_BOUND('',#285,.T.);
#25=FACE_BOUND('',#288,.T.);
#26=FACE_BOUND('',#292,.T.);
#27=FACE_BOUND('',#298,.T.);
#28=FACE_BOUND('',#328,.T.);
#29=FACE_BOUND('',#329,.T.);
#30=FACE_BOUND('',#330,.T.);
#31=FACE_BOUND('',#331,.T.);
#32=FACE_BOUND('',#332,.T.);
#33=FACE_BOUND('',#333,.T.);
#34=FACE_BOUND('',#338,.T.);
#35=PLANE('',#2072);
#36=PLANE('',#2073);
#37=PLANE('',#2074);
#38=PLANE('',#2081);
#39=PLANE('',#2082);
#40=PLANE('',#2083);
#41=PLANE('',#2106);
#42=PLANE('',#2128);
#43=PLANE('',#2150);
#44=PLANE('',#2172);
#45=PLANE('',#2194);
#46=PLANE('',#2216);
#47=PLANE('',#2224);
#48=PLANE('',#2228);
#49=PLANE('',#2235);
#50=PLANE('',#2236);
#51=PLANE('',#2237);
#52=PLANE('',#2243);
#53=PLANE('',#2244);
#54=PLANE('',#2245);
#55=PLANE('',#2246);
#56=PLANE('',#2247);
#57=PLANE('',#2248);
#58=PLANE('',#2249);
#59=PLANE('',#2250);
#60=PLANE('',#2251);
#61=PLANE('',#2252);
#62=PLANE('',#2253);
#63=PLANE('',#2254);
#64=PLANE('',#2255);
#65=PLANE('',#2256);
#66=PLANE('',#2257);
#67=PLANE('',#2258);
#68=PLANE('',#2259);
#69=PLANE('',#2260);
#70=PLANE('',#2261);
#71=PLANE('',#2262);
#72=PLANE('',#2263);
#73=PLANE('',#2264);
#74=PLANE('',#2265);
#75=PLANE('',#2266);
#76=PLANE('',#2267);
#77=PLANE('',#2268);
#78=PLANE('',#2269);
#79=PLANE('',#2270);
#80=PLANE('',#2271);
#81=PLANE('',#2272);
#82=PLANE('',#2273);
#83=PLANE('',#2274);
#84=PLANE('',#2275);
#85=PLANE('',#2276);
#86=PLANE('',#2277);
#87=PLANE('',#2278);
#88=PLANE('',#2279);
#89=PLANE('',#2280);
#90=PLANE('',#2281);
#91=PLANE('',#2282);
#92=PLANE('',#2283);
#93=PLANE('',#2284);
#94=PLANE('',#2285);
#95=PLANE('',#2286);
#96=PLANE('',#2287);
#97=PLANE('',#2288);
#98=FACE_OUTER_BOUND('',#218,.T.);
#99=FACE_OUTER_BOUND('',#219,.T.);
#100=FACE_OUTER_BOUND('',#220,.T.);
#101=FACE_OUTER_BOUND('',#221,.T.);
#102=FACE_OUTER_BOUND('',#222,.T.);
#103=FACE_OUTER_BOUND('',#223,.T.);
#104=FACE_OUTER_BOUND('',#224,.T.);
#105=FACE_OUTER_BOUND('',#226,.T.);
#106=FACE_OUTER_BOUND('',#227,.T.);
#107=FACE_OUTER_BOUND('',#228,.T.);
#108=FACE_OUTER_BOUND('',#229,.T.);
#109=FACE_OUTER_BOUND('',#230,.T.);
#110=FACE_OUTER_BOUND('',#232,.T.);
#111=FACE_OUTER_BOUND('',#233,.T.);
#112=FACE_OUTER_BOUND('',#234,.T.);
#113=FACE_OUTER_BOUND('',#235,.T.);
#114=FACE_OUTER_BOUND('',#236,.T.);
#115=FACE_OUTER_BOUND('',#237,.T.);
#116=FACE_OUTER_BOUND('',#238,.T.);
#117=FACE_OUTER_BOUND('',#239,.T.);
#118=FACE_OUTER_BOUND('',#240,.T.);
#119=FACE_OUTER_BOUND('',#241,.T.);
#120=FACE_OUTER_BOUND('',#242,.T.);
#121=FACE_OUTER_BOUND('',#243,.T.);
#122=FACE_OUTER_BOUND('',#244,.T.);
#123=FACE_OUTER_BOUND('',#245,.T.);
#124=FACE_OUTER_BOUND('',#246,.T.);
#125=FACE_OUTER_BOUND('',#247,.T.);
#126=FACE_OUTER_BOUND('',#248,.T.);
#127=FACE_OUTER_BOUND('',#249,.T.);
#128=FACE_OUTER_BOUND('',#250,.T.);
#129=FACE_OUTER_BOUND('',#251,.T.);
#130=FACE_OUTER_BOUND('',#252,.T.);
#131=FACE_OUTER_BOUND('',#253,.T.);
#132=FACE_OUTER_BOUND('',#254,.T.);
#133=FACE_OUTER_BOUND('',#255,.T.);
#134=FACE_OUTER_BOUND('',#256,.T.);
#135=FACE_OUTER_BOUND('',#257,.T.);
#136=FACE_OUTER_BOUND('',#258,.T.);
#137=FACE_OUTER_BOUND('',#259,.T.);
#138=FACE_OUTER_BOUND('',#260,.T.);
#139=FACE_OUTER_BOUND('',#261,.T.);
#140=FACE_OUTER_BOUND('',#262,.T.);
#141=FACE_OUTER_BOUND('',#263,.T.);
#142=FACE_OUTER_BOUND('',#264,.T.);
#143=FACE_OUTER_BOUND('',#265,.T.);
#144=FACE_OUTER_BOUND('',#266,.T.);
#145=FACE_OUTER_BOUND('',#267,.T.);
#146=FACE_OUTER_BOUND('',#268,.T.);
#147=FACE_OUTER_BOUND('',#269,.T.);
#148=FACE_OUTER_BOUND('',#270,.T.);
#149=FACE_OUTER_BOUND('',#271,.T.);
#150=FACE_OUTER_BOUND('',#272,.T.);
#151=FACE_OUTER_BOUND('',#273,.T.);
#152=FACE_OUTER_BOUND('',#274,.T.);
#153=FACE_OUTER_BOUND('',#275,.T.);
#154=FACE_OUTER_BOUND('',#276,.T.);
#155=FACE_OUTER_BOUND('',#277,.T.);
#156=FACE_OUTER_BOUND('',#278,.T.);
#157=FACE_OUTER_BOUND('',#279,.T.);
#158=FACE_OUTER_BOUND('',#280,.T.);
#159=FACE_OUTER_BOUND('',#281,.T.);
#160=FACE_OUTER_BOUND('',#282,.T.);
#161=FACE_OUTER_BOUND('',#283,.T.);
#162=FACE_OUTER_BOUND('',#284,.T.);
#163=FACE_OUTER_BOUND('',#286,.T.);
#164=FACE_OUTER_BOUND('',#287,.T.);
#165=FACE_OUTER_BOUND('',#289,.T.);
#166=FACE_OUTER_BOUND('',#290,.T.);
#167=FACE_OUTER_BOUND('',#291,.T.);
#168=FACE_OUTER_BOUND('',#293,.T.);
#169=FACE_OUTER_BOUND('',#294,.T.);
#170=FACE_OUTER_BOUND('',#295,.T.);
#171=FACE_OUTER_BOUND('',#296,.T.);
#172=FACE_OUTER_BOUND('',#297,.T.);
#173=FACE_OUTER_BOUND('',#299,.T.);
#174=FACE_OUTER_BOUND('',#300,.T.);
#175=FACE_OUTER_BOUND('',#301,.T.);
#176=FACE_OUTER_BOUND('',#302,.T.);
#177=FACE_OUTER_BOUND('',#303,.T.);
#178=FACE_OUTER_BOUND('',#304,.T.);
#179=FACE_OUTER_BOUND('',#305,.T.);
#180=FACE_OUTER_BOUND('',#306,.T.);
#181=FACE_OUTER_BOUND('',#307,.T.);
#182=FACE_OUTER_BOUND('',#308,.T.);
#183=FACE_OUTER_BOUND('',#309,.T.);
#184=FACE_OUTER_BOUND('',#310,.T.);
#185=FACE_OUTER_BOUND('',#311,.T.);
#186=FACE_OUTER_BOUND('',#312,.T.);
#187=FACE_OUTER_BOUND('',#313,.T.);
#188=FACE_OUTER_BOUND('',#314,.T.);
#189=FACE_OUTER_BOUND('',#315,.T.);
#190=FACE_OUTER_BOUND('',#316,.T.);
#191=FACE_OUTER_BOUND('',#317,.T.);
#192=FACE_OUTER_BOUND('',#318,.T.);
#193=FACE_OUTER_BOUND('',#319,.T.);
#194=FACE_OUTER_BOUND('',#320,.T.);
#195=FACE_OUTER_BOUND('',#321,.T.);
#196=FACE_OUTER_BOUND('',#322,.T.);
#197=FACE_OUTER_BOUND('',#323,.T.);
#198=FACE_OUTER_BOUND('',#324,.T.);
#199=FACE_OUTER_BOUND('',#325,.T.);
#200=FACE_OUTER_BOUND('',#326,.T.);
#201=FACE_OUTER_BOUND('',#327,.T.);
#202=FACE_OUTER_BOUND('',#334,.T.);
#203=FACE_OUTER_BOUND('',#335,.T.);
#204=FACE_OUTER_BOUND('',#336,.T.);
#205=FACE_OUTER_BOUND('',#337,.T.);
#206=FACE_OUTER_BOUND('',#339,.T.);
#207=FACE_OUTER_BOUND('',#340,.T.);
#208=FACE_OUTER_BOUND('',#341,.T.);
#209=FACE_OUTER_BOUND('',#342,.T.);
#210=FACE_OUTER_BOUND('',#343,.T.);
#211=FACE_OUTER_BOUND('',#344,.T.);
#212=FACE_OUTER_BOUND('',#345,.T.);
#213=FACE_OUTER_BOUND('',#346,.T.);
#214=FACE_OUTER_BOUND('',#347,.T.);
#215=FACE_OUTER_BOUND('',#348,.T.);
#216=FACE_OUTER_BOUND('',#349,.T.);
#217=FACE_OUTER_BOUND('',#350,.T.);
#218=EDGE_LOOP('',(#1279,#1280,#1281,#1282));
#219=EDGE_LOOP('',(#1283,#1284,#1285,#1286));
#220=EDGE_LOOP('',(#1287,#1288,#1289,#1290));
#221=EDGE_LOOP('',(#1291,#1292,#1293,#1294));
#222=EDGE_LOOP('',(#1295,#1296,#1297,#1298));
#223=EDGE_LOOP('',(#1299,#1300,#1301,#1302));
#224=EDGE_LOOP('',(#1303,#1304));
#225=EDGE_LOOP('',(#1305));
#226=EDGE_LOOP('',(#1306,#1307,#1308,#1309));
#227=EDGE_LOOP('',(#1310,#1311,#1312,#1313,#1314,#1315,#1316));
#228=EDGE_LOOP('',(#1317,#1318,#1319,#1320));
#229=EDGE_LOOP('',(#1321,#1322,#1323,#1324));
#230=EDGE_LOOP('',(#1325,#1326));
#231=EDGE_LOOP('',(#1327));
#232=EDGE_LOOP('',(#1328,#1329,#1330,#1331));
#233=EDGE_LOOP('',(#1332,#1333,#1334,#1335,#1336,#1337,#1338,#1339,#1340,
#1341));
#234=EDGE_LOOP('',(#1342,#1343,#1344,#1345));
#235=EDGE_LOOP('',(#1346,#1347,#1348,#1349));
#236=EDGE_LOOP('',(#1350,#1351,#1352,#1353));
#237=EDGE_LOOP('',(#1354,#1355,#1356,#1357));
#238=EDGE_LOOP('',(#1358,#1359,#1360,#1361));
#239=EDGE_LOOP('',(#1362,#1363,#1364,#1365));
#240=EDGE_LOOP('',(#1366,#1367,#1368,#1369));
#241=EDGE_LOOP('',(#1370,#1371,#1372,#1373,#1374,#1375,#1376));
#242=EDGE_LOOP('',(#1377,#1378,#1379,#1380));
#243=EDGE_LOOP('',(#1381,#1382,#1383,#1384));
#244=EDGE_LOOP('',(#1385,#1386,#1387,#1388));
#245=EDGE_LOOP('',(#1389,#1390,#1391,#1392));
#246=EDGE_LOOP('',(#1393,#1394,#1395,#1396));
#247=EDGE_LOOP('',(#1397,#1398,#1399,#1400));
#248=EDGE_LOOP('',(#1401,#1402,#1403,#1404));
#249=EDGE_LOOP('',(#1405,#1406,#1407,#1408,#1409,#1410,#1411));
#250=EDGE_LOOP('',(#1412,#1413,#1414,#1415));
#251=EDGE_LOOP('',(#1416,#1417,#1418,#1419));
#252=EDGE_LOOP('',(#1420,#1421,#1422,#1423));
#253=EDGE_LOOP('',(#1424,#1425,#1426,#1427));
#254=EDGE_LOOP('',(#1428,#1429,#1430,#1431));
#255=EDGE_LOOP('',(#1432,#1433,#1434,#1435));
#256=EDGE_LOOP('',(#1436,#1437,#1438,#1439));
#257=EDGE_LOOP('',(#1440,#1441,#1442,#1443,#1444,#1445,#1446));
#258=EDGE_LOOP('',(#1447,#1448,#1449,#1450));
#259=EDGE_LOOP('',(#1451,#1452,#1453,#1454));
#260=EDGE_LOOP('',(#1455,#1456,#1457,#1458));
#261=EDGE_LOOP('',(#1459,#1460,#1461,#1462));
#262=EDGE_LOOP('',(#1463,#1464,#1465,#1466));
#263=EDGE_LOOP('',(#1467,#1468,#1469,#1470));
#264=EDGE_LOOP('',(#1471,#1472,#1473,#1474));
#265=EDGE_LOOP('',(#1475,#1476,#1477,#1478,#1479,#1480,#1481));
#266=EDGE_LOOP('',(#1482,#1483,#1484,#1485));
#267=EDGE_LOOP('',(#1486,#1487,#1488,#1489));
#268=EDGE_LOOP('',(#1490,#1491,#1492,#1493));
#269=EDGE_LOOP('',(#1494,#1495,#1496,#1497));
#270=EDGE_LOOP('',(#1498,#1499,#1500,#1501));
#271=EDGE_LOOP('',(#1502,#1503,#1504,#1505));
#272=EDGE_LOOP('',(#1506,#1507,#1508,#1509));
#273=EDGE_LOOP('',(#1510,#1511,#1512,#1513,#1514,#1515,#1516));
#274=EDGE_LOOP('',(#1517,#1518,#1519,#1520));
#275=EDGE_LOOP('',(#1521,#1522,#1523,#1524));
#276=EDGE_LOOP('',(#1525,#1526,#1527,#1528));
#277=EDGE_LOOP('',(#1529,#1530,#1531,#1532));
#278=EDGE_LOOP('',(#1533,#1534,#1535,#1536));
#279=EDGE_LOOP('',(#1537,#1538,#1539,#1540));
#280=EDGE_LOOP('',(#1541,#1542,#1543,#1544));
#281=EDGE_LOOP('',(#1545,#1546,#1547,#1548,#1549,#1550,#1551));
#282=EDGE_LOOP('',(#1552,#1553,#1554,#1555,#1556));
#283=EDGE_LOOP('',(#1557,#1558,#1559,#1560,#1561));
#284=EDGE_LOOP('',(#1562,#1563,#1564,#1565,#1566,#1567));
#285=EDGE_LOOP('',(#1568));
#286=EDGE_LOOP('',(#1569,#1570,#1571,#1572));
#287=EDGE_LOOP('',(#1573));
#288=EDGE_LOOP('',(#1574));
#289=EDGE_LOOP('',(#1575,#1576,#1577,#1578));
#290=EDGE_LOOP('',(#1579,#1580,#1581,#1582));
#291=EDGE_LOOP('',(#1583,#1584));
#292=EDGE_LOOP('',(#1585));
#293=EDGE_LOOP('',(#1586,#1587,#1588,#1589));
#294=EDGE_LOOP('',(#1590,#1591,#1592,#1593,#1594,#1595,#1596));
#295=EDGE_LOOP('',(#1597,#1598,#1599,#1600));
#296=EDGE_LOOP('',(#1601,#1602,#1603,#1604));
#297=EDGE_LOOP('',(#1605,#1606));
#298=EDGE_LOOP('',(#1607));
#299=EDGE_LOOP('',(#1608,#1609,#1610,#1611));
#300=EDGE_LOOP('',(#1612));
#301=EDGE_LOOP('',(#1613,#1614,#1615,#1616));
#302=EDGE_LOOP('',(#1617,#1618,#1619,#1620,#1621,#1622));
#303=EDGE_LOOP('',(#1623,#1624,#1625,#1626));
#304=EDGE_LOOP('',(#1627,#1628,#1629,#1630));
#305=EDGE_LOOP('',(#1631,#1632,#1633,#1634,#1635));
#306=EDGE_LOOP('',(#1636,#1637,#1638,#1639,#1640,#1641,#1642,#1643,#1644,
#1645));
#307=EDGE_LOOP('',(#1646,#1647,#1648,#1649));
#308=EDGE_LOOP('',(#1650));
#309=EDGE_LOOP('',(#1651,#1652,#1653,#1654));
#310=EDGE_LOOP('',(#1655));
#311=EDGE_LOOP('',(#1656,#1657,#1658,#1659));
#312=EDGE_LOOP('',(#1660));
#313=EDGE_LOOP('',(#1661,#1662,#1663,#1664));
#314=EDGE_LOOP('',(#1665,#1666,#1667,#1668));
#315=EDGE_LOOP('',(#1669,#1670,#1671,#1672));
#316=EDGE_LOOP('',(#1673));
#317=EDGE_LOOP('',(#1674,#1675,#1676,#1677));
#318=EDGE_LOOP('',(#1678,#1679,#1680,#1681));
#319=EDGE_LOOP('',(#1682,#1683,#1684,#1685));
#320=EDGE_LOOP('',(#1686,#1687,#1688,#1689));
#321=EDGE_LOOP('',(#1690,#1691,#1692,#1693));
#322=EDGE_LOOP('',(#1694,#1695,#1696,#1697));
#323=EDGE_LOOP('',(#1698,#1699,#1700,#1701));
#324=EDGE_LOOP('',(#1702,#1703,#1704,#1705));
#325=EDGE_LOOP('',(#1706,#1707,#1708,#1709));
#326=EDGE_LOOP('',(#1710,#1711,#1712,#1713));
#327=EDGE_LOOP('',(#1714,#1715,#1716,#1717,#1718,#1719));
#328=EDGE_LOOP('',(#1720,#1721,#1722,#1723,#1724,#1725,#1726));
#329=EDGE_LOOP('',(#1727,#1728,#1729,#1730,#1731,#1732,#1733));
#330=EDGE_LOOP('',(#1734,#1735,#1736,#1737,#1738,#1739,#1740));
#331=EDGE_LOOP('',(#1741,#1742,#1743,#1744,#1745,#1746,#1747));
#332=EDGE_LOOP('',(#1748,#1749,#1750,#1751,#1752,#1753,#1754));
#333=EDGE_LOOP('',(#1755,#1756,#1757,#1758,#1759,#1760,#1761));
#334=EDGE_LOOP('',(#1762,#1763,#1764,#1765));
#335=EDGE_LOOP('',(#1766,#1767,#1768,#1769));
#336=EDGE_LOOP('',(#1770,#1771,#1772,#1773,#1774));
#337=EDGE_LOOP('',(#1775,#1776,#1777,#1778,#1779,#1780,#1781,#1782));
#338=EDGE_LOOP('',(#1783,#1784,#1785,#1786,#1787,#1788,#1789,#1790,#1791,
#1792));
#339=EDGE_LOOP('',(#1793,#1794,#1795,#1796));
#340=EDGE_LOOP('',(#1797,#1798,#1799,#1800));
#341=EDGE_LOOP('',(#1801,#1802,#1803,#1804));
#342=EDGE_LOOP('',(#1805,#1806,#1807,#1808));
#343=EDGE_LOOP('',(#1809,#1810,#1811,#1812,#1813,#1814));
#344=EDGE_LOOP('',(#1815,#1816,#1817,#1818));
#345=EDGE_LOOP('',(#1819,#1820,#1821,#1822));
#346=EDGE_LOOP('',(#1823,#1824,#1825,#1826));
#347=EDGE_LOOP('',(#1827,#1828,#1829,#1830,#1831));
#348=EDGE_LOOP('',(#1832,#1833,#1834,#1835,#1836,#1837,#1838));
#349=EDGE_LOOP('',(#1839,#1840,#1841,#1842));
#350=EDGE_LOOP('',(#1843,#1844,#1845,#1846,#1847,#1848,#1849,#1850,#1851,
#1852,#1853,#1854));
#351=CIRCLE('',#2056,3.5);
#352=CIRCLE('',#2059,3.50000000000007);
#353=CIRCLE('',#2062,3.5);
#354=CIRCLE('',#2065,3.50000000000007);
#355=CIRCLE('',#2068,1.3);
#356=CIRCLE('',#2070,3.50000000000007);
#357=CIRCLE('',#2077,1.3);
#358=CIRCLE('',#2079,3.5);
#359=CIRCLE('',#2086,15.1329579387235);
#360=CIRCLE('',#2087,15.1329579387235);
#361=CIRCLE('',#2089,2.5);
#362=CIRCLE('',#2090,2.5);
#363=CIRCLE('',#2092,12.5);
#364=CIRCLE('',#2093,12.5);
#365=CIRCLE('',#2095,21.875);
#366=CIRCLE('',#2096,21.875);
#367=CIRCLE('',#2098,12.5);
#368=CIRCLE('',#2099,12.5);
#369=CIRCLE('',#2101,21.25);
#370=CIRCLE('',#2102,21.25);
#371=CIRCLE('',#2104,9.37500000000001);
#372=CIRCLE('',#2105,9.37500000000001);
#373=CIRCLE('',#2108,15.1329579387235);
#374=CIRCLE('',#2109,15.1329579387235);
#375=CIRCLE('',#2111,2.5);
#376=CIRCLE('',#2112,2.5);
#377=CIRCLE('',#2114,12.5);
#378=CIRCLE('',#2115,12.5);
#379=CIRCLE('',#2117,21.875);
#380=CIRCLE('',#2118,21.875);
#381=CIRCLE('',#2120,12.5);
#382=CIRCLE('',#2121,12.5);
#383=CIRCLE('',#2123,21.25);
#384=CIRCLE('',#2124,21.25);
#385=CIRCLE('',#2126,9.37500000000001);
#386=CIRCLE('',#2127,9.37500000000001);
#387=CIRCLE('',#2130,15.1329579387235);
#388=CIRCLE('',#2131,15.1329579387235);
#389=CIRCLE('',#2133,2.5);
#390=CIRCLE('',#2134,2.5);
#391=CIRCLE('',#2136,12.5);
#392=CIRCLE('',#2137,12.5);
#393=CIRCLE('',#2139,21.875);
#394=CIRCLE('',#2140,21.875);
#395=CIRCLE('',#2142,12.5);
#396=CIRCLE('',#2143,12.5);
#397=CIRCLE('',#2145,21.25);
#398=CIRCLE('',#2146,21.25);
#399=CIRCLE('',#2148,9.37500000000001);
#400=CIRCLE('',#2149,9.37500000000001);
#401=CIRCLE('',#2152,15.1329579387235);
#402=CIRCLE('',#2153,15.1329579387235);
#403=CIRCLE('',#2155,2.5);
#404=CIRCLE('',#2156,2.5);
#405=CIRCLE('',#2158,12.5);
#406=CIRCLE('',#2159,12.5);
#407=CIRCLE('',#2161,21.875);
#408=CIRCLE('',#2162,21.875);
#409=CIRCLE('',#2164,12.5);
#410=CIRCLE('',#2165,12.5);
#411=CIRCLE('',#2167,21.25);
#412=CIRCLE('',#2168,21.25);
#413=CIRCLE('',#2170,9.37500000000001);
#414=CIRCLE('',#2171,9.37500000000001);
#415=CIRCLE('',#2174,15.1329579387235);
#416=CIRCLE('',#2175,15.1329579387235);
#417=CIRCLE('',#2177,2.5);
#418=CIRCLE('',#2178,2.5);
#419=CIRCLE('',#2180,12.5);
#420=CIRCLE('',#2181,12.5);
#421=CIRCLE('',#2183,21.875);
#422=CIRCLE('',#2184,21.875);
#423=CIRCLE('',#2186,12.5);
#424=CIRCLE('',#2187,12.5);
#425=CIRCLE('',#2189,21.25);
#426=CIRCLE('',#2190,21.25);
#427=CIRCLE('',#2192,9.375);
#428=CIRCLE('',#2193,9.375);
#429=CIRCLE('',#2196,15.1329579387235);
#430=CIRCLE('',#2197,15.1329579387235);
#431=CIRCLE('',#2199,2.5);
#432=CIRCLE('',#2200,2.5);
#433=CIRCLE('',#2202,12.5);
#434=CIRCLE('',#2203,12.5);
#435=CIRCLE('',#2205,21.875);
#436=CIRCLE('',#2206,21.875);
#437=CIRCLE('',#2208,12.5);
#438=CIRCLE('',#2209,12.5);
#439=CIRCLE('',#2211,21.25);
#440=CIRCLE('',#2212,21.25);
#441=CIRCLE('',#2214,9.37500000000001);
#442=CIRCLE('',#2215,9.37500000000001);
#443=CIRCLE('',#2218,3.);
#444=CIRCLE('',#2219,5.);
#445=CIRCLE('',#2220,8.);
#446=CIRCLE('',#2221,3.);
#447=CIRCLE('',#2223,3.);
#448=CIRCLE('',#2226,1.3);
#449=CIRCLE('',#2227,1.3);
#450=CIRCLE('',#2231,1.3);
#451=CIRCLE('',#2233,3.50000000000007);
#452=CIRCLE('',#2240,1.3);
#453=CIRCLE('',#2242,3.5);
#454=ELLIPSE('',#2055,7.05447552976122,3.5);
#455=ELLIPSE('',#2058,7.05447552976138,3.50000000000007);
#456=ELLIPSE('',#2061,7.05447552976122,3.5);
#457=ELLIPSE('',#2064,7.05447552976138,3.50000000000007);
#458=ELLIPSE('',#2067,2.62023376819703,1.3);
#459=ELLIPSE('',#2071,7.05447552976138,3.50000000000007);
#460=ELLIPSE('',#2076,2.62023376819702,1.3);
#461=ELLIPSE('',#2080,7.05447552976122,3.5);
#462=ELLIPSE('',#2084,7.05447552976122,3.5);
#463=ELLIPSE('',#2230,2.62023376819703,1.3);
#464=ELLIPSE('',#2234,7.05447552976138,3.50000000000007);
#465=ELLIPSE('',#2239,2.62023376819702,1.3);
#466=LINE('',#2938,#639);
#467=LINE('',#2942,#640);
#468=LINE('',#2947,#641);
#469=LINE('',#2951,#642);
#470=LINE('',#2956,#643);
#471=LINE('',#2960,#644);
#472=LINE('',#2965,#645);
#473=LINE('',#2969,#646);
#474=LINE('',#2975,#647);
#475=LINE('',#2982,#648);
#476=LINE('',#2984,#649);
#477=LINE('',#2986,#650);
#478=LINE('',#2987,#651);
#479=LINE('',#2991,#652);
#480=LINE('',#2992,#653);
#481=LINE('',#2994,#654);
#482=LINE('',#2995,#655);
#483=LINE('',#3000,#656);
#484=LINE('',#3007,#657);
#485=LINE('',#3009,#658);
#486=LINE('',#3011,#659);
#487=LINE('',#3012,#660);
#488=LINE('',#3016,#661);
#489=LINE('',#3017,#662);
#490=LINE('',#3018,#663);
#491=LINE('',#3021,#664);
#492=LINE('',#3022,#665);
#493=LINE('',#3028,#666);
#494=LINE('',#3031,#667);
#495=LINE('',#3036,#668);
#496=LINE('',#3042,#669);
#497=LINE('',#3048,#670);
#498=LINE('',#3054,#671);
#499=LINE('',#3060,#672);
#500=LINE('',#3071,#673);
#501=LINE('',#3074,#674);
#502=LINE('',#3079,#675);
#503=LINE('',#3085,#676);
#504=LINE('',#3091,#677);
#505=LINE('',#3097,#678);
#506=LINE('',#3103,#679);
#507=LINE('',#3114,#680);
#508=LINE('',#3117,#681);
#509=LINE('',#3122,#682);
#510=LINE('',#3128,#683);
#511=LINE('',#3134,#684);
#512=LINE('',#3140,#685);
#513=LINE('',#3146,#686);
#514=LINE('',#3157,#687);
#515=LINE('',#3160,#688);
#516=LINE('',#3165,#689);
#517=LINE('',#3171,#690);
#518=LINE('',#3177,#691);
#519=LINE('',#3183,#692);
#520=LINE('',#3189,#693);
#521=LINE('',#3200,#694);
#522=LINE('',#3203,#695);
#523=LINE('',#3208,#696);
#524=LINE('',#3214,#697);
#525=LINE('',#3220,#698);
#526=LINE('',#3226,#699);
#527=LINE('',#3232,#700);
#528=LINE('',#3243,#701);
#529=LINE('',#3246,#702);
#530=LINE('',#3251,#703);
#531=LINE('',#3257,#704);
#532=LINE('',#3263,#705);
#533=LINE('',#3269,#706);
#534=LINE('',#3275,#707);
#535=LINE('',#3291,#708);
#536=LINE('',#3295,#709);
#537=LINE('',#3296,#710);
#538=LINE('',#3298,#711);
#539=LINE('',#3299,#712);
#540=LINE('',#3304,#713);
#541=LINE('',#3311,#714);
#542=LINE('',#3318,#715);
#543=LINE('',#3320,#716);
#544=LINE('',#3322,#717);
#545=LINE('',#3323,#718);
#546=LINE('',#3326,#719);
#547=LINE('',#3327,#720);
#548=LINE('',#3328,#721);
#549=LINE('',#3333,#722);
#550=LINE('',#3339,#723);
#551=LINE('',#3340,#724);
#552=LINE('',#3345,#725);
#553=LINE('',#3347,#726);
#554=LINE('',#3349,#727);
#555=LINE('',#3350,#728);
#556=LINE('',#3353,#729);
#557=LINE('',#3355,#730);
#558=LINE('',#3357,#731);
#559=LINE('',#3359,#732);
#560=LINE('',#3360,#733);
#561=LINE('',#3363,#734);
#562=LINE('',#3364,#735);
#563=LINE('',#3367,#736);
#564=LINE('',#3369,#737);
#565=LINE('',#3370,#738);
#566=LINE('',#3373,#739);
#567=LINE('',#3375,#740);
#568=LINE('',#3377,#741);
#569=LINE('',#3378,#742);
#570=LINE('',#3381,#743);
#571=LINE('',#3383,#744);
#572=LINE('',#3385,#745);
#573=LINE('',#3387,#746);
#574=LINE('',#3389,#747);
#575=LINE('',#3391,#748);
#576=LINE('',#3392,#749);
#577=LINE('',#3394,#750);
#578=LINE('',#3397,#751);
#579=LINE('',#3400,#752);
#580=LINE('',#3404,#753);
#581=LINE('',#3405,#754);
#582=LINE('',#3408,#755);
#583=LINE('',#3409,#756);
#584=LINE('',#3411,#757);
#585=LINE('',#3415,#758);
#586=LINE('',#3416,#759);
#587=LINE('',#3418,#760);
#588=LINE('',#3420,#761);
#589=LINE('',#3424,#762);
#590=LINE('',#3426,#763);
#591=LINE('',#3427,#764);
#592=LINE('',#3428,#765);
#593=LINE('',#3431,#766);
#594=LINE('',#3433,#767);
#595=LINE('',#3434,#768);
#596=LINE('',#3437,#769);
#597=LINE('',#3439,#770);
#598=LINE('',#3440,#771);
#599=LINE('',#3443,#772);
#600=LINE('',#3444,#773);
#601=LINE('',#3445,#774);
#602=LINE('',#3448,#775);
#603=LINE('',#3449,#776);
#604=LINE('',#3451,#777);
#605=LINE('',#3453,#778);
#606=LINE('',#3456,#779);
#607=LINE('',#3458,#780);
#608=LINE('',#3461,#781);
#609=LINE('',#3463,#782);
#610=LINE('',#3464,#783);
#611=LINE('',#3467,#784);
#612=LINE('',#3469,#785);
#613=LINE('',#3471,#786);
#614=LINE('',#3473,#787);
#615=LINE('',#3475,#788);
#616=LINE('',#3477,#789);
#617=LINE('',#3478,#790);
#618=LINE('',#3481,#791);
#619=LINE('',#3483,#792);
#620=LINE('',#3484,#793);
#621=LINE('',#3487,#794);
#622=LINE('',#3488,#795);
#623=LINE('',#3491,#796);
#624=LINE('',#3492,#797);
#625=LINE('',#3495,#798);
#626=LINE('',#3496,#799);
#627=LINE('',#3499,#800);
#628=LINE('',#3500,#801);
#629=LINE('',#3503,#802);
#630=LINE('',#3504,#803);
#631=LINE('',#3507,#804);
#632=LINE('',#3508,#805);
#633=LINE('',#3510,#806);
#634=LINE('',#3513,#807);
#635=LINE('',#3514,#808);
#636=LINE('',#3517,#809);
#637=LINE('',#3518,#810);
#638=LINE('',#3520,#811);
#639=VECTOR('',#2293,3.5);
#640=VECTOR('',#2296,10.);
#641=VECTOR('',#2301,3.50000000000007);
#642=VECTOR('',#2304,10.);
#643=VECTOR('',#2309,3.5);
#644=VECTOR('',#2312,10.);
#645=VECTOR('',#2317,3.50000000000007);
#646=VECTOR('',#2320,10.);
#647=VECTOR('',#2327,1.3);
#648=VECTOR('',#2340,10.);
#649=VECTOR('',#2341,10.);
#650=VECTOR('',#2342,10.);
#651=VECTOR('',#2343,10.);
#652=VECTOR('',#2346,10.);
#653=VECTOR('',#2347,10.);
#654=VECTOR('',#2348,10.);
#655=VECTOR('',#2349,10.);
#656=VECTOR('',#2354,1.3);
#657=VECTOR('',#2367,10.);
#658=VECTOR('',#2368,10.);
#659=VECTOR('',#2369,10.);
#660=VECTOR('',#2370,10.);
#661=VECTOR('',#2373,10.);
#662=VECTOR('',#2374,10.);
#663=VECTOR('',#2375,10.);
#664=VECTOR('',#2378,10.);
#665=VECTOR('',#2379,10.);
#666=VECTOR('',#2384,10.);
#667=VECTOR('',#2387,10.);
#668=VECTOR('',#2392,10.);
#669=VECTOR('',#2399,10.);
#670=VECTOR('',#2406,10.);
#671=VECTOR('',#2413,10.);
#672=VECTOR('',#2420,10.);
#673=VECTOR('',#2435,10.);
#674=VECTOR('',#2438,10.);
#675=VECTOR('',#2443,10.);
#676=VECTOR('',#2450,10.);
#677=VECTOR('',#2457,10.);
#678=VECTOR('',#2464,10.);
#679=VECTOR('',#2471,10.);
#680=VECTOR('',#2486,10.);
#681=VECTOR('',#2489,10.);
#682=VECTOR('',#2494,10.);
#683=VECTOR('',#2501,10.);
#684=VECTOR('',#2508,10.);
#685=VECTOR('',#2515,10.);
#686=VECTOR('',#2522,10.);
#687=VECTOR('',#2537,10.);
#688=VECTOR('',#2540,10.);
#689=VECTOR('',#2545,10.);
#690=VECTOR('',#2552,10.);
#691=VECTOR('',#2559,10.);
#692=VECTOR('',#2566,10.);
#693=VECTOR('',#2573,10.);
#694=VECTOR('',#2588,10.);
#695=VECTOR('',#2591,10.);
#696=VECTOR('',#2596,10.);
#697=VECTOR('',#2603,10.);
#698=VECTOR('',#2610,10.);
#699=VECTOR('',#2617,10.);
#700=VECTOR('',#2624,10.);
#701=VECTOR('',#2639,10.);
#702=VECTOR('',#2642,10.);
#703=VECTOR('',#2647,10.);
#704=VECTOR('',#2654,10.);
#705=VECTOR('',#2661,10.);
#706=VECTOR('',#2668,10.);
#707=VECTOR('',#2675,10.);
#708=VECTOR('',#2698,3.);
#709=VECTOR('',#2703,10.);
#710=VECTOR('',#2704,10.);
#711=VECTOR('',#2705,10.);
#712=VECTOR('',#2706,10.);
#713=VECTOR('',#2711,1.3);
#714=VECTOR('',#2720,1.3);
#715=VECTOR('',#2733,10.);
#716=VECTOR('',#2734,10.);
#717=VECTOR('',#2735,10.);
#718=VECTOR('',#2736,10.);
#719=VECTOR('',#2739,10.);
#720=VECTOR('',#2740,10.);
#721=VECTOR('',#2741,10.);
#722=VECTOR('',#2746,1.3);
#723=VECTOR('',#2757,10.);
#724=VECTOR('',#2758,10.);
#725=VECTOR('',#2763,10.);
#726=VECTOR('',#2764,10.);
#727=VECTOR('',#2765,10.);
#728=VECTOR('',#2766,10.);
#729=VECTOR('',#2769,10.);
#730=VECTOR('',#2770,10.);
#731=VECTOR('',#2771,10.);
#732=VECTOR('',#2772,10.);
#733=VECTOR('',#2773,10.);
#734=VECTOR('',#2776,10.);
#735=VECTOR('',#2777,10.);
#736=VECTOR('',#2780,10.);
#737=VECTOR('',#2781,10.);
#738=VECTOR('',#2782,10.);
#739=VECTOR('',#2785,10.);
#740=VECTOR('',#2786,10.);
#741=VECTOR('',#2787,10.);
#742=VECTOR('',#2788,10.);
#743=VECTOR('',#2791,10.);
#744=VECTOR('',#2792,10.);
#745=VECTOR('',#2793,10.);
#746=VECTOR('',#2794,10.);
#747=VECTOR('',#2795,10.);
#748=VECTOR('',#2796,10.);
#749=VECTOR('',#2797,10.);
#750=VECTOR('',#2800,10.);
#751=VECTOR('',#2805,10.);
#752=VECTOR('',#2810,10.);
#753=VECTOR('',#2815,10.);
#754=VECTOR('',#2816,10.);
#755=VECTOR('',#2819,10.);
#756=VECTOR('',#2820,10.);
#757=VECTOR('',#2823,10.);
#758=VECTOR('',#2828,10.);
#759=VECTOR('',#2829,10.);
#760=VECTOR('',#2832,10.);
#761=VECTOR('',#2835,10.);
#762=VECTOR('',#2838,10.);
#763=VECTOR('',#2839,10.);
#764=VECTOR('',#2840,10.);
#765=VECTOR('',#2841,10.);
#766=VECTOR('',#2844,10.);
#767=VECTOR('',#2845,10.);
#768=VECTOR('',#2846,10.);
#769=VECTOR('',#2849,10.);
#770=VECTOR('',#2850,10.);
#771=VECTOR('',#2851,10.);
#772=VECTOR('',#2854,10.);
#773=VECTOR('',#2855,10.);
#774=VECTOR('',#2856,10.);
#775=VECTOR('',#2859,10.);
#776=VECTOR('',#2860,10.);
#777=VECTOR('',#2863,10.);
#778=VECTOR('',#2866,10.);
#779=VECTOR('',#2871,10.);
#780=VECTOR('',#2874,10.);
#781=VECTOR('',#2877,10.);
#782=VECTOR('',#2878,10.);
#783=VECTOR('',#2879,10.);
#784=VECTOR('',#2882,10.);
#785=VECTOR('',#2883,10.);
#786=VECTOR('',#2884,10.);
#787=VECTOR('',#2885,10.);
#788=VECTOR('',#2886,10.);
#789=VECTOR('',#2887,10.);
#790=VECTOR('',#2888,10.);
#791=VECTOR('',#2891,10.);
#792=VECTOR('',#2892,10.);
#793=VECTOR('',#2893,10.);
#794=VECTOR('',#2896,10.);
#795=VECTOR('',#2897,10.);
#796=VECTOR('',#2900,10.);
#797=VECTOR('',#2901,10.);
#798=VECTOR('',#2904,10.);
#799=VECTOR('',#2905,10.);
#800=VECTOR('',#2908,10.);
#801=VECTOR('',#2909,10.);
#802=VECTOR('',#2912,10.);
#803=VECTOR('',#2913,10.);
#804=VECTOR('',#2916,10.);
#805=VECTOR('',#2917,10.);
#806=VECTOR('',#2920,10.);
#807=VECTOR('',#2923,10.);
#808=VECTOR('',#2924,10.);
#809=VECTOR('',#2927,10.);
#810=VECTOR('',#2928,10.);
#811=VECTOR('',#2931,10.);
#812=VERTEX_POINT('',#2936);
#813=VERTEX_POINT('',#2937);
#814=VERTEX_POINT('',#2939);
#815=VERTEX_POINT('',#2941);
#816=VERTEX_POINT('',#2945);
#817=VERTEX_POINT('',#2946);
#818=VERTEX_POINT('',#2948);
#819=VERTEX_POINT('',#2950);
#820=VERTEX_POINT('',#2954);
#821=VERTEX_POINT('',#2955);
#822=VERTEX_POINT('',#2957);
#823=VERTEX_POINT('',#2959);
#824=VERTEX_POINT('',#2963);
#825=VERTEX_POINT('',#2964);
#826=VERTEX_POINT('',#2966);
#827=VERTEX_POINT('',#2968);
#828=VERTEX_POINT('',#2972);
#829=VERTEX_POINT('',#2974);
#830=VERTEX_POINT('',#2983);
#831=VERTEX_POINT('',#2985);
#832=VERTEX_POINT('',#2989);
#833=VERTEX_POINT('',#2990);
#834=VERTEX_POINT('',#2993);
#835=VERTEX_POINT('',#2997);
#836=VERTEX_POINT('',#2999);
#837=VERTEX_POINT('',#3008);
#838=VERTEX_POINT('',#3010);
#839=VERTEX_POINT('',#3014);
#840=VERTEX_POINT('',#3015);
#841=VERTEX_POINT('',#3020);
#842=VERTEX_POINT('',#3024);
#843=VERTEX_POINT('',#3025);
#844=VERTEX_POINT('',#3027);
#845=VERTEX_POINT('',#3029);
#846=VERTEX_POINT('',#3033);
#847=VERTEX_POINT('',#3035);
#848=VERTEX_POINT('',#3039);
#849=VERTEX_POINT('',#3041);
#850=VERTEX_POINT('',#3045);
#851=VERTEX_POINT('',#3047);
#852=VERTEX_POINT('',#3051);
#853=VERTEX_POINT('',#3053);
#854=VERTEX_POINT('',#3057);
#855=VERTEX_POINT('',#3059);
#856=VERTEX_POINT('',#3067);
#857=VERTEX_POINT('',#3068);
#858=VERTEX_POINT('',#3070);
#859=VERTEX_POINT('',#3072);
#860=VERTEX_POINT('',#3076);
#861=VERTEX_POINT('',#3078);
#862=VERTEX_POINT('',#3082);
#863=VERTEX_POINT('',#3084);
#864=VERTEX_POINT('',#3088);
#865=VERTEX_POINT('',#3090);
#866=VERTEX_POINT('',#3094);
#867=VERTEX_POINT('',#3096);
#868=VERTEX_POINT('',#3100);
#869=VERTEX_POINT('',#3102);
#870=VERTEX_POINT('',#3110);
#871=VERTEX_POINT('',#3111);
#872=VERTEX_POINT('',#3113);
#873=VERTEX_POINT('',#3115);
#874=VERTEX_POINT('',#3119);
#875=VERTEX_POINT('',#3121);
#876=VERTEX_POINT('',#3125);
#877=VERTEX_POINT('',#3127);
#878=VERTEX_POINT('',#3131);
#879=VERTEX_POINT('',#3133);
#880=VERTEX_POINT('',#3137);
#881=VERTEX_POINT('',#3139);
#882=VERTEX_POINT('',#3143);
#883=VERTEX_POINT('',#3145);
#884=VERTEX_POINT('',#3153);
#885=VERTEX_POINT('',#3154);
#886=VERTEX_POINT('',#3156);
#887=VERTEX_POINT('',#3158);
#888=VERTEX_POINT('',#3162);
#889=VERTEX_POINT('',#3164);
#890=VERTEX_POINT('',#3168);
#891=VERTEX_POINT('',#3170);
#892=VERTEX_POINT('',#3174);
#893=VERTEX_POINT('',#3176);
#894=VERTEX_POINT('',#3180);
#895=VERTEX_POINT('',#3182);
#896=VERTEX_POINT('',#3186);
#897=VERTEX_POINT('',#3188);
#898=VERTEX_POINT('',#3196);
#899=VERTEX_POINT('',#3197);
#900=VERTEX_POINT('',#3199);
#901=VERTEX_POINT('',#3201);
#902=VERTEX_POINT('',#3205);
#903=VERTEX_POINT('',#3207);
#904=VERTEX_POINT('',#3211);
#905=VERTEX_POINT('',#3213);
#906=VERTEX_POINT('',#3217);
#907=VERTEX_POINT('',#3219);
#908=VERTEX_POINT('',#3223);
#909=VERTEX_POINT('',#3225);
#910=VERTEX_POINT('',#3229);
#911=VERTEX_POINT('',#3231);
#912=VERTEX_POINT('',#3239);
#913=VERTEX_POINT('',#3240);
#914=VERTEX_POINT('',#3242);
#915=VERTEX_POINT('',#3244);
#916=VERTEX_POINT('',#3248);
#917=VERTEX_POINT('',#3250);
#918=VERTEX_POINT('',#3254);
#919=VERTEX_POINT('',#3256);
#920=VERTEX_POINT('',#3260);
#921=VERTEX_POINT('',#3262);
#922=VERTEX_POINT('',#3266);
#923=VERTEX_POINT('',#3268);
#924=VERTEX_POINT('',#3272);
#925=VERTEX_POINT('',#3274);
#926=VERTEX_POINT('',#3282);
#927=VERTEX_POINT('',#3283);
#928=VERTEX_POINT('',#3285);
#929=VERTEX_POINT('',#3290);
#930=VERTEX_POINT('',#3294);
#931=VERTEX_POINT('',#3297);
#932=VERTEX_POINT('',#3301);
#933=VERTEX_POINT('',#3303);
#934=VERTEX_POINT('',#3308);
#935=VERTEX_POINT('',#3310);
#936=VERTEX_POINT('',#3319);
#937=VERTEX_POINT('',#3321);
#938=VERTEX_POINT('',#3325);
#939=VERTEX_POINT('',#3330);
#940=VERTEX_POINT('',#3332);
#941=VERTEX_POINT('',#3343);
#942=VERTEX_POINT('',#3344);
#943=VERTEX_POINT('',#3346);
#944=VERTEX_POINT('',#3348);
#945=VERTEX_POINT('',#3352);
#946=VERTEX_POINT('',#3354);
#947=VERTEX_POINT('',#3356);
#948=VERTEX_POINT('',#3358);
#949=VERTEX_POINT('',#3362);
#950=VERTEX_POINT('',#3366);
#951=VERTEX_POINT('',#3368);
#952=VERTEX_POINT('',#3372);
#953=VERTEX_POINT('',#3374);
#954=VERTEX_POINT('',#3376);
#955=VERTEX_POINT('',#3380);
#956=VERTEX_POINT('',#3382);
#957=VERTEX_POINT('',#3384);
#958=VERTEX_POINT('',#3386);
#959=VERTEX_POINT('',#3388);
#960=VERTEX_POINT('',#3390);
#961=VERTEX_POINT('',#3403);
#962=VERTEX_POINT('',#3407);
#963=VERTEX_POINT('',#3414);
#964=VERTEX_POINT('',#3422);
#965=VERTEX_POINT('',#3423);
#966=VERTEX_POINT('',#3425);
#967=VERTEX_POINT('',#3430);
#968=VERTEX_POINT('',#3432);
#969=VERTEX_POINT('',#3436);
#970=VERTEX_POINT('',#3438);
#971=VERTEX_POINT('',#3442);
#972=VERTEX_POINT('',#3447);
#973=VERTEX_POINT('',#3460);
#974=VERTEX_POINT('',#3462);
#975=VERTEX_POINT('',#3466);
#976=VERTEX_POINT('',#3468);
#977=VERTEX_POINT('',#3470);
#978=VERTEX_POINT('',#3472);
#979=VERTEX_POINT('',#3474);
#980=VERTEX_POINT('',#3476);
#981=VERTEX_POINT('',#3480);
#982=VERTEX_POINT('',#3482);
#983=VERTEX_POINT('',#3486);
#984=VERTEX_POINT('',#3490);
#985=VERTEX_POINT('',#3494);
#986=VERTEX_POINT('',#3498);
#987=VERTEX_POINT('',#3502);
#988=VERTEX_POINT('',#3506);
#989=VERTEX_POINT('',#3512);
#990=VERTEX_POINT('',#3516);
#991=EDGE_CURVE('',#812,#813,#466,.T.);
#992=EDGE_CURVE('',#814,#812,#454,.T.);
#993=EDGE_CURVE('',#815,#814,#467,.T.);
#994=EDGE_CURVE('',#813,#815,#351,.T.);
#995=EDGE_CURVE('',#816,#817,#468,.T.);
#996=EDGE_CURVE('',#818,#816,#455,.T.);
#997=EDGE_CURVE('',#819,#818,#469,.T.);
#998=EDGE_CURVE('',#817,#819,#352,.T.);
#999=EDGE_CURVE('',#820,#821,#470,.T.);
#1000=EDGE_CURVE('',#822,#820,#456,.T.);
#1001=EDGE_CURVE('',#822,#823,#471,.T.);
#1002=EDGE_CURVE('',#823,#821,#353,.T.);
#1003=EDGE_CURVE('',#824,#825,#472,.T.);
#1004=EDGE_CURVE('',#826,#824,#457,.T.);
#1005=EDGE_CURVE('',#826,#827,#473,.T.);
#1006=EDGE_CURVE('',#827,#825,#354,.T.);
#1007=EDGE_CURVE('',#828,#828,#458,.T.);
#1008=EDGE_CURVE('',#828,#829,#474,.T.);
#1009=EDGE_CURVE('',#829,#829,#355,.T.);
#1010=EDGE_CURVE('',#825,#827,#356,.T.);
#1011=EDGE_CURVE('',#824,#826,#459,.T.);
#1012=EDGE_CURVE('',#826,#827,#475,.T.);
#1013=EDGE_CURVE('',#826,#830,#476,.T.);
#1014=EDGE_CURVE('',#831,#830,#477,.F.);
#1015=EDGE_CURVE('',#827,#831,#478,.T.);
#1016=EDGE_CURVE('',#832,#833,#479,.T.);
#1017=EDGE_CURVE('',#832,#830,#480,.T.);
#1018=EDGE_CURVE('',#834,#826,#481,.T.);
#1019=EDGE_CURVE('',#833,#834,#482,.T.);
#1020=EDGE_CURVE('',#835,#835,#460,.T.);
#1021=EDGE_CURVE('',#835,#836,#483,.T.);
#1022=EDGE_CURVE('',#836,#836,#357,.T.);
#1023=EDGE_CURVE('',#821,#823,#358,.T.);
#1024=EDGE_CURVE('',#820,#822,#461,.T.);
#1025=EDGE_CURVE('',#822,#823,#484,.T.);
#1026=EDGE_CURVE('',#822,#837,#485,.T.);
#1027=EDGE_CURVE('',#838,#837,#486,.F.);
#1028=EDGE_CURVE('',#823,#838,#487,.T.);
#1029=EDGE_CURVE('',#839,#840,#488,.T.);
#1030=EDGE_CURVE('',#839,#837,#489,.T.);
#1031=EDGE_CURVE('',#814,#822,#490,.T.);
#1032=EDGE_CURVE('',#812,#814,#462,.T.);
#1033=EDGE_CURVE('',#841,#814,#491,.T.);
#1034=EDGE_CURVE('',#840,#841,#492,.T.);
#1035=EDGE_CURVE('',#842,#843,#359,.T.);
#1036=EDGE_CURVE('',#842,#844,#493,.T.);
#1037=EDGE_CURVE('',#844,#845,#360,.T.);
#1038=EDGE_CURVE('',#843,#845,#494,.T.);
#1039=EDGE_CURVE('',#846,#842,#361,.T.);
#1040=EDGE_CURVE('',#846,#847,#495,.T.);
#1041=EDGE_CURVE('',#847,#844,#362,.T.);
#1042=EDGE_CURVE('',#848,#846,#363,.T.);
#1043=EDGE_CURVE('',#848,#849,#496,.T.);
#1044=EDGE_CURVE('',#849,#847,#364,.T.);
#1045=EDGE_CURVE('',#850,#848,#365,.T.);
#1046=EDGE_CURVE('',#850,#851,#497,.T.);
#1047=EDGE_CURVE('',#851,#849,#366,.T.);
#1048=EDGE_CURVE('',#852,#850,#367,.T.);
#1049=EDGE_CURVE('',#852,#853,#498,.T.);
#1050=EDGE_CURVE('',#853,#851,#368,.T.);
#1051=EDGE_CURVE('',#854,#852,#369,.T.);
#1052=EDGE_CURVE('',#854,#855,#499,.T.);
#1053=EDGE_CURVE('',#855,#853,#370,.T.);
#1054=EDGE_CURVE('',#843,#854,#371,.T.);
#1055=EDGE_CURVE('',#845,#855,#372,.T.);
#1056=EDGE_CURVE('',#856,#857,#373,.T.);
#1057=EDGE_CURVE('',#856,#858,#500,.T.);
#1058=EDGE_CURVE('',#858,#859,#374,.T.);
#1059=EDGE_CURVE('',#857,#859,#501,.T.);
#1060=EDGE_CURVE('',#860,#856,#375,.T.);
#1061=EDGE_CURVE('',#860,#861,#502,.T.);
#1062=EDGE_CURVE('',#861,#858,#376,.T.);
#1063=EDGE_CURVE('',#862,#860,#377,.T.);
#1064=EDGE_CURVE('',#862,#863,#503,.T.);
#1065=EDGE_CURVE('',#863,#861,#378,.T.);
#1066=EDGE_CURVE('',#864,#862,#379,.T.);
#1067=EDGE_CURVE('',#864,#865,#504,.T.);
#1068=EDGE_CURVE('',#865,#863,#380,.T.);
#1069=EDGE_CURVE('',#866,#864,#381,.T.);
#1070=EDGE_CURVE('',#866,#867,#505,.T.);
#1071=EDGE_CURVE('',#867,#865,#382,.T.);
#1072=EDGE_CURVE('',#868,#866,#383,.T.);
#1073=EDGE_CURVE('',#868,#869,#506,.T.);
#1074=EDGE_CURVE('',#869,#867,#384,.T.);
#1075=EDGE_CURVE('',#857,#868,#385,.T.);
#1076=EDGE_CURVE('',#859,#869,#386,.T.);
#1077=EDGE_CURVE('',#870,#871,#387,.T.);
#1078=EDGE_CURVE('',#870,#872,#507,.T.);
#1079=EDGE_CURVE('',#872,#873,#388,.T.);
#1080=EDGE_CURVE('',#871,#873,#508,.T.);
#1081=EDGE_CURVE('',#874,#870,#389,.T.);
#1082=EDGE_CURVE('',#874,#875,#509,.T.);
#1083=EDGE_CURVE('',#875,#872,#390,.T.);
#1084=EDGE_CURVE('',#876,#874,#391,.T.);
#1085=EDGE_CURVE('',#876,#877,#510,.T.);
#1086=EDGE_CURVE('',#877,#875,#392,.T.);
#1087=EDGE_CURVE('',#878,#876,#393,.T.);
#1088=EDGE_CURVE('',#878,#879,#511,.T.);
#1089=EDGE_CURVE('',#879,#877,#394,.T.);
#1090=EDGE_CURVE('',#880,#878,#395,.T.);
#1091=EDGE_CURVE('',#880,#881,#512,.T.);
#1092=EDGE_CURVE('',#881,#879,#396,.T.);
#1093=EDGE_CURVE('',#882,#880,#397,.T.);
#1094=EDGE_CURVE('',#882,#883,#513,.T.);
#1095=EDGE_CURVE('',#883,#881,#398,.T.);
#1096=EDGE_CURVE('',#871,#882,#399,.T.);
#1097=EDGE_CURVE('',#873,#883,#400,.T.);
#1098=EDGE_CURVE('',#884,#885,#401,.T.);
#1099=EDGE_CURVE('',#884,#886,#514,.T.);
#1100=EDGE_CURVE('',#886,#887,#402,.T.);
#1101=EDGE_CURVE('',#885,#887,#515,.T.);
#1102=EDGE_CURVE('',#888,#884,#403,.T.);
#1103=EDGE_CURVE('',#888,#889,#516,.T.);
#1104=EDGE_CURVE('',#889,#886,#404,.T.);
#1105=EDGE_CURVE('',#890,#888,#405,.T.);
#1106=EDGE_CURVE('',#890,#891,#517,.T.);
#1107=EDGE_CURVE('',#891,#889,#406,.T.);
#1108=EDGE_CURVE('',#892,#890,#407,.T.);
#1109=EDGE_CURVE('',#892,#893,#518,.T.);
#1110=EDGE_CURVE('',#893,#891,#408,.T.);
#1111=EDGE_CURVE('',#894,#892,#409,.T.);
#1112=EDGE_CURVE('',#894,#895,#519,.T.);
#1113=EDGE_CURVE('',#895,#893,#410,.T.);
#1114=EDGE_CURVE('',#896,#894,#411,.T.);
#1115=EDGE_CURVE('',#896,#897,#520,.T.);
#1116=EDGE_CURVE('',#897,#895,#412,.T.);
#1117=EDGE_CURVE('',#885,#896,#413,.T.);
#1118=EDGE_CURVE('',#887,#897,#414,.T.);
#1119=EDGE_CURVE('',#898,#899,#415,.T.);
#1120=EDGE_CURVE('',#898,#900,#521,.T.);
#1121=EDGE_CURVE('',#900,#901,#416,.T.);
#1122=EDGE_CURVE('',#899,#901,#522,.T.);
#1123=EDGE_CURVE('',#902,#898,#417,.T.);
#1124=EDGE_CURVE('',#902,#903,#523,.T.);
#1125=EDGE_CURVE('',#903,#900,#418,.T.);
#1126=EDGE_CURVE('',#904,#902,#419,.T.);
#1127=EDGE_CURVE('',#904,#905,#524,.T.);
#1128=EDGE_CURVE('',#905,#903,#420,.T.);
#1129=EDGE_CURVE('',#906,#904,#421,.T.);
#1130=EDGE_CURVE('',#906,#907,#525,.T.);
#1131=EDGE_CURVE('',#907,#905,#422,.T.);
#1132=EDGE_CURVE('',#908,#906,#423,.T.);
#1133=EDGE_CURVE('',#908,#909,#526,.T.);
#1134=EDGE_CURVE('',#909,#907,#424,.T.);
#1135=EDGE_CURVE('',#910,#908,#425,.T.);
#1136=EDGE_CURVE('',#910,#911,#527,.T.);
#1137=EDGE_CURVE('',#911,#909,#426,.T.);
#1138=EDGE_CURVE('',#899,#910,#427,.T.);
#1139=EDGE_CURVE('',#901,#911,#428,.T.);
#1140=EDGE_CURVE('',#912,#913,#429,.T.);
#1141=EDGE_CURVE('',#912,#914,#528,.T.);
#1142=EDGE_CURVE('',#914,#915,#430,.T.);
#1143=EDGE_CURVE('',#913,#915,#529,.T.);
#1144=EDGE_CURVE('',#916,#912,#431,.T.);
#1145=EDGE_CURVE('',#916,#917,#530,.T.);
#1146=EDGE_CURVE('',#917,#914,#432,.T.);
#1147=EDGE_CURVE('',#918,#916,#433,.T.);
#1148=EDGE_CURVE('',#918,#919,#531,.T.);
#1149=EDGE_CURVE('',#919,#917,#434,.T.);
#1150=EDGE_CURVE('',#920,#918,#435,.T.);
#1151=EDGE_CURVE('',#920,#921,#532,.T.);
#1152=EDGE_CURVE('',#921,#919,#436,.T.);
#1153=EDGE_CURVE('',#922,#920,#437,.T.);
#1154=EDGE_CURVE('',#922,#923,#533,.T.);
#1155=EDGE_CURVE('',#923,#921,#438,.T.);
#1156=EDGE_CURVE('',#924,#922,#439,.T.);
#1157=EDGE_CURVE('',#924,#925,#534,.T.);
#1158=EDGE_CURVE('',#925,#923,#440,.T.);
#1159=EDGE_CURVE('',#913,#924,#441,.T.);
#1160=EDGE_CURVE('',#915,#925,#442,.T.);
#1161=EDGE_CURVE('',#926,#927,#443,.T.);
#1162=EDGE_CURVE('',#927,#928,#444,.T.);
#1163=EDGE_CURVE('',#928,#928,#445,.T.);
#1164=EDGE_CURVE('',#927,#926,#446,.T.);
#1165=EDGE_CURVE('',#926,#929,#535,.T.);
#1166=EDGE_CURVE('',#929,#929,#447,.T.);
#1167=EDGE_CURVE('',#930,#832,#536,.T.);
#1168=EDGE_CURVE('',#833,#839,#537,.T.);
#1169=EDGE_CURVE('',#840,#931,#538,.T.);
#1170=EDGE_CURVE('',#931,#930,#539,.T.);
#1171=EDGE_CURVE('',#932,#932,#448,.T.);
#1172=EDGE_CURVE('',#932,#933,#540,.T.);
#1173=EDGE_CURVE('',#933,#933,#449,.T.);
#1174=EDGE_CURVE('',#934,#934,#463,.T.);
#1175=EDGE_CURVE('',#934,#935,#541,.T.);
#1176=EDGE_CURVE('',#935,#935,#450,.T.);
#1177=EDGE_CURVE('',#819,#817,#451,.T.);
#1178=EDGE_CURVE('',#816,#818,#464,.T.);
#1179=EDGE_CURVE('',#819,#818,#542,.T.);
#1180=EDGE_CURVE('',#818,#936,#543,.T.);
#1181=EDGE_CURVE('',#937,#936,#544,.F.);
#1182=EDGE_CURVE('',#819,#937,#545,.T.);
#1183=EDGE_CURVE('',#938,#818,#546,.T.);
#1184=EDGE_CURVE('',#930,#938,#547,.F.);
#1185=EDGE_CURVE('',#931,#936,#548,.T.);
#1186=EDGE_CURVE('',#939,#939,#465,.T.);
#1187=EDGE_CURVE('',#939,#940,#549,.T.);
#1188=EDGE_CURVE('',#940,#940,#452,.T.);
#1189=EDGE_CURVE('',#815,#813,#453,.T.);
#1190=EDGE_CURVE('',#815,#823,#550,.T.);
#1191=EDGE_CURVE('',#815,#814,#551,.T.);
#1192=EDGE_CURVE('',#941,#942,#552,.T.);
#1193=EDGE_CURVE('',#942,#943,#553,.T.);
#1194=EDGE_CURVE('',#943,#944,#554,.T.);
#1195=EDGE_CURVE('',#944,#941,#555,.T.);
#1196=EDGE_CURVE('',#945,#943,#556,.T.);
#1197=EDGE_CURVE('',#946,#945,#557,.T.);
#1198=EDGE_CURVE('',#947,#946,#558,.T.);
#1199=EDGE_CURVE('',#947,#948,#559,.T.);
#1200=EDGE_CURVE('',#944,#948,#560,.F.);
#1201=EDGE_CURVE('',#942,#949,#561,.T.);
#1202=EDGE_CURVE('',#945,#949,#562,.T.);
#1203=EDGE_CURVE('',#948,#950,#563,.T.);
#1204=EDGE_CURVE('',#950,#951,#564,.T.);
#1205=EDGE_CURVE('',#951,#944,#565,.T.);
#1206=EDGE_CURVE('',#952,#950,#566,.T.);
#1207=EDGE_CURVE('',#952,#953,#567,.T.);
#1208=EDGE_CURVE('',#954,#953,#568,.T.);
#1209=EDGE_CURVE('',#951,#954,#569,.T.);
#1210=EDGE_CURVE('',#955,#947,#570,.T.);
#1211=EDGE_CURVE('',#956,#955,#571,.T.);
#1212=EDGE_CURVE('',#957,#956,#572,.T.);
#1213=EDGE_CURVE('',#957,#958,#573,.T.);
#1214=EDGE_CURVE('',#958,#959,#574,.T.);
#1215=EDGE_CURVE('',#959,#960,#575,.T.);
#1216=EDGE_CURVE('',#960,#952,#576,.T.);
#1217=EDGE_CURVE('',#830,#938,#577,.T.);
#1218=EDGE_CURVE('',#837,#834,#578,.T.);
#1219=EDGE_CURVE('',#936,#841,#579,.T.);
#1220=EDGE_CURVE('',#961,#841,#580,.T.);
#1221=EDGE_CURVE('',#937,#961,#581,.T.);
#1222=EDGE_CURVE('',#962,#819,#582,.T.);
#1223=EDGE_CURVE('',#962,#938,#583,.F.);
#1224=EDGE_CURVE('',#831,#962,#584,.T.);
#1225=EDGE_CURVE('',#963,#827,#585,.T.);
#1226=EDGE_CURVE('',#963,#834,#586,.F.);
#1227=EDGE_CURVE('',#838,#963,#587,.T.);
#1228=EDGE_CURVE('',#961,#815,#588,.T.);
#1229=EDGE_CURVE('',#964,#965,#589,.T.);
#1230=EDGE_CURVE('',#965,#966,#590,.T.);
#1231=EDGE_CURVE('',#966,#946,#591,.T.);
#1232=EDGE_CURVE('',#964,#946,#592,.T.);
#1233=EDGE_CURVE('',#965,#967,#593,.T.);
#1234=EDGE_CURVE('',#967,#968,#594,.T.);
#1235=EDGE_CURVE('',#968,#966,#595,.T.);
#1236=EDGE_CURVE('',#967,#969,#596,.T.);
#1237=EDGE_CURVE('',#969,#970,#597,.T.);
#1238=EDGE_CURVE('',#970,#968,#598,.T.);
#1239=EDGE_CURVE('',#969,#971,#599,.T.);
#1240=EDGE_CURVE('',#971,#949,#600,.T.);
#1241=EDGE_CURVE('',#949,#970,#601,.T.);
#1242=EDGE_CURVE('',#971,#972,#602,.T.);
#1243=EDGE_CURVE('',#972,#945,#603,.T.);
#1244=EDGE_CURVE('',#972,#964,#604,.T.);
#1245=EDGE_CURVE('',#955,#966,#605,.T.);
#1246=EDGE_CURVE('',#956,#968,#606,.T.);
#1247=EDGE_CURVE('',#957,#970,#607,.T.);
#1248=EDGE_CURVE('',#973,#949,#608,.T.);
#1249=EDGE_CURVE('',#973,#974,#609,.T.);
#1250=EDGE_CURVE('',#974,#957,#610,.T.);
#1251=EDGE_CURVE('',#973,#975,#611,.T.);
#1252=EDGE_CURVE('',#976,#975,#612,.T.);
#1253=EDGE_CURVE('',#977,#976,#613,.T.);
#1254=EDGE_CURVE('',#978,#977,#614,.T.);
#1255=EDGE_CURVE('',#979,#978,#615,.T.);
#1256=EDGE_CURVE('',#980,#979,#616,.T.);
#1257=EDGE_CURVE('',#980,#974,#617,.T.);
#1258=EDGE_CURVE('',#976,#981,#618,.T.);
#1259=EDGE_CURVE('',#982,#981,#619,.T.);
#1260=EDGE_CURVE('',#977,#982,#620,.T.);
#1261=EDGE_CURVE('',#983,#982,#621,.T.);
#1262=EDGE_CURVE('',#978,#983,#622,.T.);
#1263=EDGE_CURVE('',#984,#983,#623,.T.);
#1264=EDGE_CURVE('',#979,#984,#624,.T.);
#1265=EDGE_CURVE('',#985,#984,#625,.T.);
#1266=EDGE_CURVE('',#980,#985,#626,.T.);
#1267=EDGE_CURVE('',#986,#985,#627,.T.);
#1268=EDGE_CURVE('',#958,#986,#628,.T.);
#1269=EDGE_CURVE('',#987,#986,#629,.T.);
#1270=EDGE_CURVE('',#959,#987,#630,.T.);
#1271=EDGE_CURVE('',#988,#987,#631,.T.);
#1272=EDGE_CURVE('',#960,#988,#632,.T.);
#1273=EDGE_CURVE('',#953,#988,#633,.T.);
#1274=EDGE_CURVE('',#989,#954,#634,.T.);
#1275=EDGE_CURVE('',#941,#989,#635,.T.);
#1276=EDGE_CURVE('',#990,#989,#636,.T.);
#1277=EDGE_CURVE('',#975,#990,#637,.T.);
#1278=EDGE_CURVE('',#981,#990,#638,.T.);
#1279=ORIENTED_EDGE('',*,*,#991,.F.);
#1280=ORIENTED_EDGE('',*,*,#992,.F.);
#1281=ORIENTED_EDGE('',*,*,#993,.F.);
#1282=ORIENTED_EDGE('',*,*,#994,.F.);
#1283=ORIENTED_EDGE('',*,*,#995,.F.);
#1284=ORIENTED_EDGE('',*,*,#996,.F.);
#1285=ORIENTED_EDGE('',*,*,#997,.F.);
#1286=ORIENTED_EDGE('',*,*,#998,.F.);
#1287=ORIENTED_EDGE('',*,*,#999,.F.);
#1288=ORIENTED_EDGE('',*,*,#1000,.F.);
#1289=ORIENTED_EDGE('',*,*,#1001,.T.);
#1290=ORIENTED_EDGE('',*,*,#1002,.T.);
#1291=ORIENTED_EDGE('',*,*,#1003,.F.);
#1292=ORIENTED_EDGE('',*,*,#1004,.F.);
#1293=ORIENTED_EDGE('',*,*,#1005,.T.);
#1294=ORIENTED_EDGE('',*,*,#1006,.T.);
#1295=ORIENTED_EDGE('',*,*,#1007,.F.);
#1296=ORIENTED_EDGE('',*,*,#1008,.T.);
#1297=ORIENTED_EDGE('',*,*,#1009,.T.);
#1298=ORIENTED_EDGE('',*,*,#1008,.F.);
#1299=ORIENTED_EDGE('',*,*,#1003,.T.);
#1300=ORIENTED_EDGE('',*,*,#1010,.T.);
#1301=ORIENTED_EDGE('',*,*,#1005,.F.);
#1302=ORIENTED_EDGE('',*,*,#1011,.F.);
#1303=ORIENTED_EDGE('',*,*,#1006,.F.);
#1304=ORIENTED_EDGE('',*,*,#1010,.F.);
#1305=ORIENTED_EDGE('',*,*,#1009,.F.);
#1306=ORIENTED_EDGE('',*,*,#1012,.F.);
#1307=ORIENTED_EDGE('',*,*,#1013,.T.);
#1308=ORIENTED_EDGE('',*,*,#1014,.F.);
#1309=ORIENTED_EDGE('',*,*,#1015,.F.);
#1310=ORIENTED_EDGE('',*,*,#1016,.F.);
#1311=ORIENTED_EDGE('',*,*,#1017,.T.);
#1312=ORIENTED_EDGE('',*,*,#1013,.F.);
#1313=ORIENTED_EDGE('',*,*,#1004,.T.);
#1314=ORIENTED_EDGE('',*,*,#1011,.T.);
#1315=ORIENTED_EDGE('',*,*,#1018,.F.);
#1316=ORIENTED_EDGE('',*,*,#1019,.F.);
#1317=ORIENTED_EDGE('',*,*,#1020,.F.);
#1318=ORIENTED_EDGE('',*,*,#1021,.T.);
#1319=ORIENTED_EDGE('',*,*,#1022,.T.);
#1320=ORIENTED_EDGE('',*,*,#1021,.F.);
#1321=ORIENTED_EDGE('',*,*,#999,.T.);
#1322=ORIENTED_EDGE('',*,*,#1023,.T.);
#1323=ORIENTED_EDGE('',*,*,#1001,.F.);
#1324=ORIENTED_EDGE('',*,*,#1024,.F.);
#1325=ORIENTED_EDGE('',*,*,#1002,.F.);
#1326=ORIENTED_EDGE('',*,*,#1023,.F.);
#1327=ORIENTED_EDGE('',*,*,#1022,.F.);
#1328=ORIENTED_EDGE('',*,*,#1025,.F.);
#1329=ORIENTED_EDGE('',*,*,#1026,.T.);
#1330=ORIENTED_EDGE('',*,*,#1027,.F.);
#1331=ORIENTED_EDGE('',*,*,#1028,.F.);
#1332=ORIENTED_EDGE('',*,*,#1029,.F.);
#1333=ORIENTED_EDGE('',*,*,#1030,.T.);
#1334=ORIENTED_EDGE('',*,*,#1026,.F.);
#1335=ORIENTED_EDGE('',*,*,#1000,.T.);
#1336=ORIENTED_EDGE('',*,*,#1024,.T.);
#1337=ORIENTED_EDGE('',*,*,#1031,.F.);
#1338=ORIENTED_EDGE('',*,*,#992,.T.);
#1339=ORIENTED_EDGE('',*,*,#1032,.T.);
#1340=ORIENTED_EDGE('',*,*,#1033,.F.);
#1341=ORIENTED_EDGE('',*,*,#1034,.F.);
#1342=ORIENTED_EDGE('',*,*,#1035,.F.);
#1343=ORIENTED_EDGE('',*,*,#1036,.T.);
#1344=ORIENTED_EDGE('',*,*,#1037,.T.);
#1345=ORIENTED_EDGE('',*,*,#1038,.F.);
#1346=ORIENTED_EDGE('',*,*,#1039,.F.);
#1347=ORIENTED_EDGE('',*,*,#1040,.T.);
#1348=ORIENTED_EDGE('',*,*,#1041,.T.);
#1349=ORIENTED_EDGE('',*,*,#1036,.F.);
#1350=ORIENTED_EDGE('',*,*,#1042,.F.);
#1351=ORIENTED_EDGE('',*,*,#1043,.T.);
#1352=ORIENTED_EDGE('',*,*,#1044,.T.);
#1353=ORIENTED_EDGE('',*,*,#1040,.F.);
#1354=ORIENTED_EDGE('',*,*,#1045,.F.);
#1355=ORIENTED_EDGE('',*,*,#1046,.T.);
#1356=ORIENTED_EDGE('',*,*,#1047,.T.);
#1357=ORIENTED_EDGE('',*,*,#1043,.F.);
#1358=ORIENTED_EDGE('',*,*,#1048,.F.);
#1359=ORIENTED_EDGE('',*,*,#1049,.T.);
#1360=ORIENTED_EDGE('',*,*,#1050,.T.);
#1361=ORIENTED_EDGE('',*,*,#1046,.F.);
#1362=ORIENTED_EDGE('',*,*,#1051,.F.);
#1363=ORIENTED_EDGE('',*,*,#1052,.T.);
#1364=ORIENTED_EDGE('',*,*,#1053,.T.);
#1365=ORIENTED_EDGE('',*,*,#1049,.F.);
#1366=ORIENTED_EDGE('',*,*,#1054,.F.);
#1367=ORIENTED_EDGE('',*,*,#1038,.T.);
#1368=ORIENTED_EDGE('',*,*,#1055,.T.);
#1369=ORIENTED_EDGE('',*,*,#1052,.F.);
#1370=ORIENTED_EDGE('',*,*,#1055,.F.);
#1371=ORIENTED_EDGE('',*,*,#1037,.F.);
#1372=ORIENTED_EDGE('',*,*,#1041,.F.);
#1373=ORIENTED_EDGE('',*,*,#1044,.F.);
#1374=ORIENTED_EDGE('',*,*,#1047,.F.);
#1375=ORIENTED_EDGE('',*,*,#1050,.F.);
#1376=ORIENTED_EDGE('',*,*,#1053,.F.);
#1377=ORIENTED_EDGE('',*,*,#1056,.F.);
#1378=ORIENTED_EDGE('',*,*,#1057,.T.);
#1379=ORIENTED_EDGE('',*,*,#1058,.T.);
#1380=ORIENTED_EDGE('',*,*,#1059,.F.);
#1381=ORIENTED_EDGE('',*,*,#1060,.F.);
#1382=ORIENTED_EDGE('',*,*,#1061,.T.);
#1383=ORIENTED_EDGE('',*,*,#1062,.T.);
#1384=ORIENTED_EDGE('',*,*,#1057,.F.);
#1385=ORIENTED_EDGE('',*,*,#1063,.F.);
#1386=ORIENTED_EDGE('',*,*,#1064,.T.);
#1387=ORIENTED_EDGE('',*,*,#1065,.T.);
#1388=ORIENTED_EDGE('',*,*,#1061,.F.);
#1389=ORIENTED_EDGE('',*,*,#1066,.F.);
#1390=ORIENTED_EDGE('',*,*,#1067,.T.);
#1391=ORIENTED_EDGE('',*,*,#1068,.T.);
#1392=ORIENTED_EDGE('',*,*,#1064,.F.);
#1393=ORIENTED_EDGE('',*,*,#1069,.F.);
#1394=ORIENTED_EDGE('',*,*,#1070,.T.);
#1395=ORIENTED_EDGE('',*,*,#1071,.T.);
#1396=ORIENTED_EDGE('',*,*,#1067,.F.);
#1397=ORIENTED_EDGE('',*,*,#1072,.F.);
#1398=ORIENTED_EDGE('',*,*,#1073,.T.);
#1399=ORIENTED_EDGE('',*,*,#1074,.T.);
#1400=ORIENTED_EDGE('',*,*,#1070,.F.);
#1401=ORIENTED_EDGE('',*,*,#1075,.F.);
#1402=ORIENTED_EDGE('',*,*,#1059,.T.);
#1403=ORIENTED_EDGE('',*,*,#1076,.T.);
#1404=ORIENTED_EDGE('',*,*,#1073,.F.);
#1405=ORIENTED_EDGE('',*,*,#1076,.F.);
#1406=ORIENTED_EDGE('',*,*,#1058,.F.);
#1407=ORIENTED_EDGE('',*,*,#1062,.F.);
#1408=ORIENTED_EDGE('',*,*,#1065,.F.);
#1409=ORIENTED_EDGE('',*,*,#1068,.F.);
#1410=ORIENTED_EDGE('',*,*,#1071,.F.);
#1411=ORIENTED_EDGE('',*,*,#1074,.F.);
#1412=ORIENTED_EDGE('',*,*,#1077,.F.);
#1413=ORIENTED_EDGE('',*,*,#1078,.T.);
#1414=ORIENTED_EDGE('',*,*,#1079,.T.);
#1415=ORIENTED_EDGE('',*,*,#1080,.F.);
#1416=ORIENTED_EDGE('',*,*,#1081,.F.);
#1417=ORIENTED_EDGE('',*,*,#1082,.T.);
#1418=ORIENTED_EDGE('',*,*,#1083,.T.);
#1419=ORIENTED_EDGE('',*,*,#1078,.F.);
#1420=ORIENTED_EDGE('',*,*,#1084,.F.);
#1421=ORIENTED_EDGE('',*,*,#1085,.T.);
#1422=ORIENTED_EDGE('',*,*,#1086,.T.);
#1423=ORIENTED_EDGE('',*,*,#1082,.F.);
#1424=ORIENTED_EDGE('',*,*,#1087,.F.);
#1425=ORIENTED_EDGE('',*,*,#1088,.T.);
#1426=ORIENTED_EDGE('',*,*,#1089,.T.);
#1427=ORIENTED_EDGE('',*,*,#1085,.F.);
#1428=ORIENTED_EDGE('',*,*,#1090,.F.);
#1429=ORIENTED_EDGE('',*,*,#1091,.T.);
#1430=ORIENTED_EDGE('',*,*,#1092,.T.);
#1431=ORIENTED_EDGE('',*,*,#1088,.F.);
#1432=ORIENTED_EDGE('',*,*,#1093,.F.);
#1433=ORIENTED_EDGE('',*,*,#1094,.T.);
#1434=ORIENTED_EDGE('',*,*,#1095,.T.);
#1435=ORIENTED_EDGE('',*,*,#1091,.F.);
#1436=ORIENTED_EDGE('',*,*,#1096,.F.);
#1437=ORIENTED_EDGE('',*,*,#1080,.T.);
#1438=ORIENTED_EDGE('',*,*,#1097,.T.);
#1439=ORIENTED_EDGE('',*,*,#1094,.F.);
#1440=ORIENTED_EDGE('',*,*,#1097,.F.);
#1441=ORIENTED_EDGE('',*,*,#1079,.F.);
#1442=ORIENTED_EDGE('',*,*,#1083,.F.);
#1443=ORIENTED_EDGE('',*,*,#1086,.F.);
#1444=ORIENTED_EDGE('',*,*,#1089,.F.);
#1445=ORIENTED_EDGE('',*,*,#1092,.F.);
#1446=ORIENTED_EDGE('',*,*,#1095,.F.);
#1447=ORIENTED_EDGE('',*,*,#1098,.F.);
#1448=ORIENTED_EDGE('',*,*,#1099,.T.);
#1449=ORIENTED_EDGE('',*,*,#1100,.T.);
#1450=ORIENTED_EDGE('',*,*,#1101,.F.);
#1451=ORIENTED_EDGE('',*,*,#1102,.F.);
#1452=ORIENTED_EDGE('',*,*,#1103,.T.);
#1453=ORIENTED_EDGE('',*,*,#1104,.T.);
#1454=ORIENTED_EDGE('',*,*,#1099,.F.);
#1455=ORIENTED_EDGE('',*,*,#1105,.F.);
#1456=ORIENTED_EDGE('',*,*,#1106,.T.);
#1457=ORIENTED_EDGE('',*,*,#1107,.T.);
#1458=ORIENTED_EDGE('',*,*,#1103,.F.);
#1459=ORIENTED_EDGE('',*,*,#1108,.F.);
#1460=ORIENTED_EDGE('',*,*,#1109,.T.);
#1461=ORIENTED_EDGE('',*,*,#1110,.T.);
#1462=ORIENTED_EDGE('',*,*,#1106,.F.);
#1463=ORIENTED_EDGE('',*,*,#1111,.F.);
#1464=ORIENTED_EDGE('',*,*,#1112,.T.);
#1465=ORIENTED_EDGE('',*,*,#1113,.T.);
#1466=ORIENTED_EDGE('',*,*,#1109,.F.);
#1467=ORIENTED_EDGE('',*,*,#1114,.F.);
#1468=ORIENTED_EDGE('',*,*,#1115,.T.);
#1469=ORIENTED_EDGE('',*,*,#1116,.T.);
#1470=ORIENTED_EDGE('',*,*,#1112,.F.);
#1471=ORIENTED_EDGE('',*,*,#1117,.F.);
#1472=ORIENTED_EDGE('',*,*,#1101,.T.);
#1473=ORIENTED_EDGE('',*,*,#1118,.T.);
#1474=ORIENTED_EDGE('',*,*,#1115,.F.);
#1475=ORIENTED_EDGE('',*,*,#1118,.F.);
#1476=ORIENTED_EDGE('',*,*,#1100,.F.);
#1477=ORIENTED_EDGE('',*,*,#1104,.F.);
#1478=ORIENTED_EDGE('',*,*,#1107,.F.);
#1479=ORIENTED_EDGE('',*,*,#1110,.F.);
#1480=ORIENTED_EDGE('',*,*,#1113,.F.);
#1481=ORIENTED_EDGE('',*,*,#1116,.F.);
#1482=ORIENTED_EDGE('',*,*,#1119,.F.);
#1483=ORIENTED_EDGE('',*,*,#1120,.T.);
#1484=ORIENTED_EDGE('',*,*,#1121,.T.);
#1485=ORIENTED_EDGE('',*,*,#1122,.F.);
#1486=ORIENTED_EDGE('',*,*,#1123,.F.);
#1487=ORIENTED_EDGE('',*,*,#1124,.T.);
#1488=ORIENTED_EDGE('',*,*,#1125,.T.);
#1489=ORIENTED_EDGE('',*,*,#1120,.F.);
#1490=ORIENTED_EDGE('',*,*,#1126,.F.);
#1491=ORIENTED_EDGE('',*,*,#1127,.T.);
#1492=ORIENTED_EDGE('',*,*,#1128,.T.);
#1493=ORIENTED_EDGE('',*,*,#1124,.F.);
#1494=ORIENTED_EDGE('',*,*,#1129,.F.);
#1495=ORIENTED_EDGE('',*,*,#1130,.T.);
#1496=ORIENTED_EDGE('',*,*,#1131,.T.);
#1497=ORIENTED_EDGE('',*,*,#1127,.F.);
#1498=ORIENTED_EDGE('',*,*,#1132,.F.);
#1499=ORIENTED_EDGE('',*,*,#1133,.T.);
#1500=ORIENTED_EDGE('',*,*,#1134,.T.);
#1501=ORIENTED_EDGE('',*,*,#1130,.F.);
#1502=ORIENTED_EDGE('',*,*,#1135,.F.);
#1503=ORIENTED_EDGE('',*,*,#1136,.T.);
#1504=ORIENTED_EDGE('',*,*,#1137,.T.);
#1505=ORIENTED_EDGE('',*,*,#1133,.F.);
#1506=ORIENTED_EDGE('',*,*,#1138,.F.);
#1507=ORIENTED_EDGE('',*,*,#1122,.T.);
#1508=ORIENTED_EDGE('',*,*,#1139,.T.);
#1509=ORIENTED_EDGE('',*,*,#1136,.F.);
#1510=ORIENTED_EDGE('',*,*,#1139,.F.);
#1511=ORIENTED_EDGE('',*,*,#1121,.F.);
#1512=ORIENTED_EDGE('',*,*,#1125,.F.);
#1513=ORIENTED_EDGE('',*,*,#1128,.F.);
#1514=ORIENTED_EDGE('',*,*,#1131,.F.);
#1515=ORIENTED_EDGE('',*,*,#1134,.F.);
#1516=ORIENTED_EDGE('',*,*,#1137,.F.);
#1517=ORIENTED_EDGE('',*,*,#1140,.F.);
#1518=ORIENTED_EDGE('',*,*,#1141,.T.);
#1519=ORIENTED_EDGE('',*,*,#1142,.T.);
#1520=ORIENTED_EDGE('',*,*,#1143,.F.);
#1521=ORIENTED_EDGE('',*,*,#1144,.F.);
#1522=ORIENTED_EDGE('',*,*,#1145,.T.);
#1523=ORIENTED_EDGE('',*,*,#1146,.T.);
#1524=ORIENTED_EDGE('',*,*,#1141,.F.);
#1525=ORIENTED_EDGE('',*,*,#1147,.F.);
#1526=ORIENTED_EDGE('',*,*,#1148,.T.);
#1527=ORIENTED_EDGE('',*,*,#1149,.T.);
#1528=ORIENTED_EDGE('',*,*,#1145,.F.);
#1529=ORIENTED_EDGE('',*,*,#1150,.F.);
#1530=ORIENTED_EDGE('',*,*,#1151,.T.);
#1531=ORIENTED_EDGE('',*,*,#1152,.T.);
#1532=ORIENTED_EDGE('',*,*,#1148,.F.);
#1533=ORIENTED_EDGE('',*,*,#1153,.F.);
#1534=ORIENTED_EDGE('',*,*,#1154,.T.);
#1535=ORIENTED_EDGE('',*,*,#1155,.T.);
#1536=ORIENTED_EDGE('',*,*,#1151,.F.);
#1537=ORIENTED_EDGE('',*,*,#1156,.F.);
#1538=ORIENTED_EDGE('',*,*,#1157,.T.);
#1539=ORIENTED_EDGE('',*,*,#1158,.T.);
#1540=ORIENTED_EDGE('',*,*,#1154,.F.);
#1541=ORIENTED_EDGE('',*,*,#1159,.F.);
#1542=ORIENTED_EDGE('',*,*,#1143,.T.);
#1543=ORIENTED_EDGE('',*,*,#1160,.T.);
#1544=ORIENTED_EDGE('',*,*,#1157,.F.);
#1545=ORIENTED_EDGE('',*,*,#1160,.F.);
#1546=ORIENTED_EDGE('',*,*,#1142,.F.);
#1547=ORIENTED_EDGE('',*,*,#1146,.F.);
#1548=ORIENTED_EDGE('',*,*,#1149,.F.);
#1549=ORIENTED_EDGE('',*,*,#1152,.F.);
#1550=ORIENTED_EDGE('',*,*,#1155,.F.);
#1551=ORIENTED_EDGE('',*,*,#1158,.F.);
#1552=ORIENTED_EDGE('',*,*,#1161,.T.);
#1553=ORIENTED_EDGE('',*,*,#1162,.T.);
#1554=ORIENTED_EDGE('',*,*,#1163,.T.);
#1555=ORIENTED_EDGE('',*,*,#1162,.F.);
#1556=ORIENTED_EDGE('',*,*,#1164,.T.);
#1557=ORIENTED_EDGE('',*,*,#1161,.F.);
#1558=ORIENTED_EDGE('',*,*,#1165,.T.);
#1559=ORIENTED_EDGE('',*,*,#1166,.F.);
#1560=ORIENTED_EDGE('',*,*,#1165,.F.);
#1561=ORIENTED_EDGE('',*,*,#1164,.F.);
#1562=ORIENTED_EDGE('',*,*,#1167,.T.);
#1563=ORIENTED_EDGE('',*,*,#1016,.T.);
#1564=ORIENTED_EDGE('',*,*,#1168,.T.);
#1565=ORIENTED_EDGE('',*,*,#1029,.T.);
#1566=ORIENTED_EDGE('',*,*,#1169,.T.);
#1567=ORIENTED_EDGE('',*,*,#1170,.T.);
#1568=ORIENTED_EDGE('',*,*,#1163,.F.);
#1569=ORIENTED_EDGE('',*,*,#1171,.F.);
#1570=ORIENTED_EDGE('',*,*,#1172,.T.);
#1571=ORIENTED_EDGE('',*,*,#1173,.F.);
#1572=ORIENTED_EDGE('',*,*,#1172,.F.);
#1573=ORIENTED_EDGE('',*,*,#1166,.T.);
#1574=ORIENTED_EDGE('',*,*,#1173,.T.);
#1575=ORIENTED_EDGE('',*,*,#1174,.F.);
#1576=ORIENTED_EDGE('',*,*,#1175,.T.);
#1577=ORIENTED_EDGE('',*,*,#1176,.F.);
#1578=ORIENTED_EDGE('',*,*,#1175,.F.);
#1579=ORIENTED_EDGE('',*,*,#995,.T.);
#1580=ORIENTED_EDGE('',*,*,#1177,.F.);
#1581=ORIENTED_EDGE('',*,*,#997,.T.);
#1582=ORIENTED_EDGE('',*,*,#1178,.F.);
#1583=ORIENTED_EDGE('',*,*,#1177,.T.);
#1584=ORIENTED_EDGE('',*,*,#998,.T.);
#1585=ORIENTED_EDGE('',*,*,#1176,.T.);
#1586=ORIENTED_EDGE('',*,*,#1179,.T.);
#1587=ORIENTED_EDGE('',*,*,#1180,.T.);
#1588=ORIENTED_EDGE('',*,*,#1181,.F.);
#1589=ORIENTED_EDGE('',*,*,#1182,.F.);
#1590=ORIENTED_EDGE('',*,*,#1183,.F.);
#1591=ORIENTED_EDGE('',*,*,#1184,.F.);
#1592=ORIENTED_EDGE('',*,*,#1170,.F.);
#1593=ORIENTED_EDGE('',*,*,#1185,.T.);
#1594=ORIENTED_EDGE('',*,*,#1180,.F.);
#1595=ORIENTED_EDGE('',*,*,#996,.T.);
#1596=ORIENTED_EDGE('',*,*,#1178,.T.);
#1597=ORIENTED_EDGE('',*,*,#1186,.F.);
#1598=ORIENTED_EDGE('',*,*,#1187,.T.);
#1599=ORIENTED_EDGE('',*,*,#1188,.F.);
#1600=ORIENTED_EDGE('',*,*,#1187,.F.);
#1601=ORIENTED_EDGE('',*,*,#991,.T.);
#1602=ORIENTED_EDGE('',*,*,#1189,.F.);
#1603=ORIENTED_EDGE('',*,*,#993,.T.);
#1604=ORIENTED_EDGE('',*,*,#1032,.F.);
#1605=ORIENTED_EDGE('',*,*,#1189,.T.);
#1606=ORIENTED_EDGE('',*,*,#994,.T.);
#1607=ORIENTED_EDGE('',*,*,#1188,.T.);
#1608=ORIENTED_EDGE('',*,*,#1025,.T.);
#1609=ORIENTED_EDGE('',*,*,#1190,.F.);
#1610=ORIENTED_EDGE('',*,*,#1191,.T.);
#1611=ORIENTED_EDGE('',*,*,#1031,.T.);
#1612=ORIENTED_EDGE('',*,*,#1020,.T.);
#1613=ORIENTED_EDGE('',*,*,#1192,.T.);
#1614=ORIENTED_EDGE('',*,*,#1193,.T.);
#1615=ORIENTED_EDGE('',*,*,#1194,.T.);
#1616=ORIENTED_EDGE('',*,*,#1195,.T.);
#1617=ORIENTED_EDGE('',*,*,#1194,.F.);
#1618=ORIENTED_EDGE('',*,*,#1196,.F.);
#1619=ORIENTED_EDGE('',*,*,#1197,.F.);
#1620=ORIENTED_EDGE('',*,*,#1198,.F.);
#1621=ORIENTED_EDGE('',*,*,#1199,.T.);
#1622=ORIENTED_EDGE('',*,*,#1200,.F.);
#1623=ORIENTED_EDGE('',*,*,#1193,.F.);
#1624=ORIENTED_EDGE('',*,*,#1201,.T.);
#1625=ORIENTED_EDGE('',*,*,#1202,.F.);
#1626=ORIENTED_EDGE('',*,*,#1196,.T.);
#1627=ORIENTED_EDGE('',*,*,#1200,.T.);
#1628=ORIENTED_EDGE('',*,*,#1203,.T.);
#1629=ORIENTED_EDGE('',*,*,#1204,.T.);
#1630=ORIENTED_EDGE('',*,*,#1205,.T.);
#1631=ORIENTED_EDGE('',*,*,#1204,.F.);
#1632=ORIENTED_EDGE('',*,*,#1206,.F.);
#1633=ORIENTED_EDGE('',*,*,#1207,.T.);
#1634=ORIENTED_EDGE('',*,*,#1208,.F.);
#1635=ORIENTED_EDGE('',*,*,#1209,.F.);
#1636=ORIENTED_EDGE('',*,*,#1203,.F.);
#1637=ORIENTED_EDGE('',*,*,#1199,.F.);
#1638=ORIENTED_EDGE('',*,*,#1210,.F.);
#1639=ORIENTED_EDGE('',*,*,#1211,.F.);
#1640=ORIENTED_EDGE('',*,*,#1212,.F.);
#1641=ORIENTED_EDGE('',*,*,#1213,.T.);
#1642=ORIENTED_EDGE('',*,*,#1214,.T.);
#1643=ORIENTED_EDGE('',*,*,#1215,.T.);
#1644=ORIENTED_EDGE('',*,*,#1216,.T.);
#1645=ORIENTED_EDGE('',*,*,#1206,.T.);
#1646=ORIENTED_EDGE('',*,*,#1167,.F.);
#1647=ORIENTED_EDGE('',*,*,#1184,.T.);
#1648=ORIENTED_EDGE('',*,*,#1217,.F.);
#1649=ORIENTED_EDGE('',*,*,#1017,.F.);
#1650=ORIENTED_EDGE('',*,*,#1007,.T.);
#1651=ORIENTED_EDGE('',*,*,#1168,.F.);
#1652=ORIENTED_EDGE('',*,*,#1019,.T.);
#1653=ORIENTED_EDGE('',*,*,#1218,.F.);
#1654=ORIENTED_EDGE('',*,*,#1030,.F.);
#1655=ORIENTED_EDGE('',*,*,#1186,.T.);
#1656=ORIENTED_EDGE('',*,*,#1219,.F.);
#1657=ORIENTED_EDGE('',*,*,#1185,.F.);
#1658=ORIENTED_EDGE('',*,*,#1169,.F.);
#1659=ORIENTED_EDGE('',*,*,#1034,.T.);
#1660=ORIENTED_EDGE('',*,*,#1174,.T.);
#1661=ORIENTED_EDGE('',*,*,#1219,.T.);
#1662=ORIENTED_EDGE('',*,*,#1220,.F.);
#1663=ORIENTED_EDGE('',*,*,#1221,.F.);
#1664=ORIENTED_EDGE('',*,*,#1181,.T.);
#1665=ORIENTED_EDGE('',*,*,#1179,.F.);
#1666=ORIENTED_EDGE('',*,*,#1222,.F.);
#1667=ORIENTED_EDGE('',*,*,#1223,.T.);
#1668=ORIENTED_EDGE('',*,*,#1183,.T.);
#1669=ORIENTED_EDGE('',*,*,#1217,.T.);
#1670=ORIENTED_EDGE('',*,*,#1223,.F.);
#1671=ORIENTED_EDGE('',*,*,#1224,.F.);
#1672=ORIENTED_EDGE('',*,*,#1014,.T.);
#1673=ORIENTED_EDGE('',*,*,#1171,.T.);
#1674=ORIENTED_EDGE('',*,*,#1012,.T.);
#1675=ORIENTED_EDGE('',*,*,#1225,.F.);
#1676=ORIENTED_EDGE('',*,*,#1226,.T.);
#1677=ORIENTED_EDGE('',*,*,#1018,.T.);
#1678=ORIENTED_EDGE('',*,*,#1218,.T.);
#1679=ORIENTED_EDGE('',*,*,#1226,.F.);
#1680=ORIENTED_EDGE('',*,*,#1227,.F.);
#1681=ORIENTED_EDGE('',*,*,#1027,.T.);
#1682=ORIENTED_EDGE('',*,*,#1191,.F.);
#1683=ORIENTED_EDGE('',*,*,#1228,.F.);
#1684=ORIENTED_EDGE('',*,*,#1220,.T.);
#1685=ORIENTED_EDGE('',*,*,#1033,.T.);
#1686=ORIENTED_EDGE('',*,*,#1229,.T.);
#1687=ORIENTED_EDGE('',*,*,#1230,.T.);
#1688=ORIENTED_EDGE('',*,*,#1231,.T.);
#1689=ORIENTED_EDGE('',*,*,#1232,.F.);
#1690=ORIENTED_EDGE('',*,*,#1233,.T.);
#1691=ORIENTED_EDGE('',*,*,#1234,.T.);
#1692=ORIENTED_EDGE('',*,*,#1235,.T.);
#1693=ORIENTED_EDGE('',*,*,#1230,.F.);
#1694=ORIENTED_EDGE('',*,*,#1236,.T.);
#1695=ORIENTED_EDGE('',*,*,#1237,.T.);
#1696=ORIENTED_EDGE('',*,*,#1238,.T.);
#1697=ORIENTED_EDGE('',*,*,#1234,.F.);
#1698=ORIENTED_EDGE('',*,*,#1239,.T.);
#1699=ORIENTED_EDGE('',*,*,#1240,.T.);
#1700=ORIENTED_EDGE('',*,*,#1241,.T.);
#1701=ORIENTED_EDGE('',*,*,#1237,.F.);
#1702=ORIENTED_EDGE('',*,*,#1202,.T.);
#1703=ORIENTED_EDGE('',*,*,#1240,.F.);
#1704=ORIENTED_EDGE('',*,*,#1242,.T.);
#1705=ORIENTED_EDGE('',*,*,#1243,.T.);
#1706=ORIENTED_EDGE('',*,*,#1197,.T.);
#1707=ORIENTED_EDGE('',*,*,#1243,.F.);
#1708=ORIENTED_EDGE('',*,*,#1244,.T.);
#1709=ORIENTED_EDGE('',*,*,#1232,.T.);
#1710=ORIENTED_EDGE('',*,*,#1210,.T.);
#1711=ORIENTED_EDGE('',*,*,#1198,.T.);
#1712=ORIENTED_EDGE('',*,*,#1231,.F.);
#1713=ORIENTED_EDGE('',*,*,#1245,.F.);
#1714=ORIENTED_EDGE('',*,*,#1229,.F.);
#1715=ORIENTED_EDGE('',*,*,#1244,.F.);
#1716=ORIENTED_EDGE('',*,*,#1242,.F.);
#1717=ORIENTED_EDGE('',*,*,#1239,.F.);
#1718=ORIENTED_EDGE('',*,*,#1236,.F.);
#1719=ORIENTED_EDGE('',*,*,#1233,.F.);
#1720=ORIENTED_EDGE('',*,*,#1035,.T.);
#1721=ORIENTED_EDGE('',*,*,#1054,.T.);
#1722=ORIENTED_EDGE('',*,*,#1051,.T.);
#1723=ORIENTED_EDGE('',*,*,#1048,.T.);
#1724=ORIENTED_EDGE('',*,*,#1045,.T.);
#1725=ORIENTED_EDGE('',*,*,#1042,.T.);
#1726=ORIENTED_EDGE('',*,*,#1039,.T.);
#1727=ORIENTED_EDGE('',*,*,#1056,.T.);
#1728=ORIENTED_EDGE('',*,*,#1075,.T.);
#1729=ORIENTED_EDGE('',*,*,#1072,.T.);
#1730=ORIENTED_EDGE('',*,*,#1069,.T.);
#1731=ORIENTED_EDGE('',*,*,#1066,.T.);
#1732=ORIENTED_EDGE('',*,*,#1063,.T.);
#1733=ORIENTED_EDGE('',*,*,#1060,.T.);
#1734=ORIENTED_EDGE('',*,*,#1077,.T.);
#1735=ORIENTED_EDGE('',*,*,#1096,.T.);
#1736=ORIENTED_EDGE('',*,*,#1093,.T.);
#1737=ORIENTED_EDGE('',*,*,#1090,.T.);
#1738=ORIENTED_EDGE('',*,*,#1087,.T.);
#1739=ORIENTED_EDGE('',*,*,#1084,.T.);
#1740=ORIENTED_EDGE('',*,*,#1081,.T.);
#1741=ORIENTED_EDGE('',*,*,#1098,.T.);
#1742=ORIENTED_EDGE('',*,*,#1117,.T.);
#1743=ORIENTED_EDGE('',*,*,#1114,.T.);
#1744=ORIENTED_EDGE('',*,*,#1111,.T.);
#1745=ORIENTED_EDGE('',*,*,#1108,.T.);
#1746=ORIENTED_EDGE('',*,*,#1105,.T.);
#1747=ORIENTED_EDGE('',*,*,#1102,.T.);
#1748=ORIENTED_EDGE('',*,*,#1119,.T.);
#1749=ORIENTED_EDGE('',*,*,#1138,.T.);
#1750=ORIENTED_EDGE('',*,*,#1135,.T.);
#1751=ORIENTED_EDGE('',*,*,#1132,.T.);
#1752=ORIENTED_EDGE('',*,*,#1129,.T.);
#1753=ORIENTED_EDGE('',*,*,#1126,.T.);
#1754=ORIENTED_EDGE('',*,*,#1123,.T.);
#1755=ORIENTED_EDGE('',*,*,#1140,.T.);
#1756=ORIENTED_EDGE('',*,*,#1159,.T.);
#1757=ORIENTED_EDGE('',*,*,#1156,.T.);
#1758=ORIENTED_EDGE('',*,*,#1153,.T.);
#1759=ORIENTED_EDGE('',*,*,#1150,.T.);
#1760=ORIENTED_EDGE('',*,*,#1147,.T.);
#1761=ORIENTED_EDGE('',*,*,#1144,.T.);
#1762=ORIENTED_EDGE('',*,*,#1211,.T.);
#1763=ORIENTED_EDGE('',*,*,#1245,.T.);
#1764=ORIENTED_EDGE('',*,*,#1235,.F.);
#1765=ORIENTED_EDGE('',*,*,#1246,.F.);
#1766=ORIENTED_EDGE('',*,*,#1212,.T.);
#1767=ORIENTED_EDGE('',*,*,#1246,.T.);
#1768=ORIENTED_EDGE('',*,*,#1238,.F.);
#1769=ORIENTED_EDGE('',*,*,#1247,.F.);
#1770=ORIENTED_EDGE('',*,*,#1241,.F.);
#1771=ORIENTED_EDGE('',*,*,#1248,.F.);
#1772=ORIENTED_EDGE('',*,*,#1249,.T.);
#1773=ORIENTED_EDGE('',*,*,#1250,.T.);
#1774=ORIENTED_EDGE('',*,*,#1247,.T.);
#1775=ORIENTED_EDGE('',*,*,#1251,.T.);
#1776=ORIENTED_EDGE('',*,*,#1252,.F.);
#1777=ORIENTED_EDGE('',*,*,#1253,.F.);
#1778=ORIENTED_EDGE('',*,*,#1254,.F.);
#1779=ORIENTED_EDGE('',*,*,#1255,.F.);
#1780=ORIENTED_EDGE('',*,*,#1256,.F.);
#1781=ORIENTED_EDGE('',*,*,#1257,.T.);
#1782=ORIENTED_EDGE('',*,*,#1249,.F.);
#1783=ORIENTED_EDGE('',*,*,#1221,.T.);
#1784=ORIENTED_EDGE('',*,*,#1228,.T.);
#1785=ORIENTED_EDGE('',*,*,#1190,.T.);
#1786=ORIENTED_EDGE('',*,*,#1028,.T.);
#1787=ORIENTED_EDGE('',*,*,#1227,.T.);
#1788=ORIENTED_EDGE('',*,*,#1225,.T.);
#1789=ORIENTED_EDGE('',*,*,#1015,.T.);
#1790=ORIENTED_EDGE('',*,*,#1224,.T.);
#1791=ORIENTED_EDGE('',*,*,#1222,.T.);
#1792=ORIENTED_EDGE('',*,*,#1182,.T.);
#1793=ORIENTED_EDGE('',*,*,#1253,.T.);
#1794=ORIENTED_EDGE('',*,*,#1258,.T.);
#1795=ORIENTED_EDGE('',*,*,#1259,.F.);
#1796=ORIENTED_EDGE('',*,*,#1260,.F.);
#1797=ORIENTED_EDGE('',*,*,#1254,.T.);
#1798=ORIENTED_EDGE('',*,*,#1260,.T.);
#1799=ORIENTED_EDGE('',*,*,#1261,.F.);
#1800=ORIENTED_EDGE('',*,*,#1262,.F.);
#1801=ORIENTED_EDGE('',*,*,#1255,.T.);
#1802=ORIENTED_EDGE('',*,*,#1262,.T.);
#1803=ORIENTED_EDGE('',*,*,#1263,.F.);
#1804=ORIENTED_EDGE('',*,*,#1264,.F.);
#1805=ORIENTED_EDGE('',*,*,#1256,.T.);
#1806=ORIENTED_EDGE('',*,*,#1264,.T.);
#1807=ORIENTED_EDGE('',*,*,#1265,.F.);
#1808=ORIENTED_EDGE('',*,*,#1266,.F.);
#1809=ORIENTED_EDGE('',*,*,#1266,.T.);
#1810=ORIENTED_EDGE('',*,*,#1267,.F.);
#1811=ORIENTED_EDGE('',*,*,#1268,.F.);
#1812=ORIENTED_EDGE('',*,*,#1213,.F.);
#1813=ORIENTED_EDGE('',*,*,#1250,.F.);
#1814=ORIENTED_EDGE('',*,*,#1257,.F.);
#1815=ORIENTED_EDGE('',*,*,#1268,.T.);
#1816=ORIENTED_EDGE('',*,*,#1269,.F.);
#1817=ORIENTED_EDGE('',*,*,#1270,.F.);
#1818=ORIENTED_EDGE('',*,*,#1214,.F.);
#1819=ORIENTED_EDGE('',*,*,#1270,.T.);
#1820=ORIENTED_EDGE('',*,*,#1271,.F.);
#1821=ORIENTED_EDGE('',*,*,#1272,.F.);
#1822=ORIENTED_EDGE('',*,*,#1215,.F.);
#1823=ORIENTED_EDGE('',*,*,#1272,.T.);
#1824=ORIENTED_EDGE('',*,*,#1273,.F.);
#1825=ORIENTED_EDGE('',*,*,#1207,.F.);
#1826=ORIENTED_EDGE('',*,*,#1216,.F.);
#1827=ORIENTED_EDGE('',*,*,#1195,.F.);
#1828=ORIENTED_EDGE('',*,*,#1205,.F.);
#1829=ORIENTED_EDGE('',*,*,#1209,.T.);
#1830=ORIENTED_EDGE('',*,*,#1274,.F.);
#1831=ORIENTED_EDGE('',*,*,#1275,.F.);
#1832=ORIENTED_EDGE('',*,*,#1192,.F.);
#1833=ORIENTED_EDGE('',*,*,#1275,.T.);
#1834=ORIENTED_EDGE('',*,*,#1276,.F.);
#1835=ORIENTED_EDGE('',*,*,#1277,.F.);
#1836=ORIENTED_EDGE('',*,*,#1251,.F.);
#1837=ORIENTED_EDGE('',*,*,#1248,.T.);
#1838=ORIENTED_EDGE('',*,*,#1201,.F.);
#1839=ORIENTED_EDGE('',*,*,#1252,.T.);
#1840=ORIENTED_EDGE('',*,*,#1277,.T.);
#1841=ORIENTED_EDGE('',*,*,#1278,.F.);
#1842=ORIENTED_EDGE('',*,*,#1258,.F.);
#1843=ORIENTED_EDGE('',*,*,#1278,.T.);
#1844=ORIENTED_EDGE('',*,*,#1276,.T.);
#1845=ORIENTED_EDGE('',*,*,#1274,.T.);
#1846=ORIENTED_EDGE('',*,*,#1208,.T.);
#1847=ORIENTED_EDGE('',*,*,#1273,.T.);
#1848=ORIENTED_EDGE('',*,*,#1271,.T.);
#1849=ORIENTED_EDGE('',*,*,#1269,.T.);
#1850=ORIENTED_EDGE('',*,*,#1267,.T.);
#1851=ORIENTED_EDGE('',*,*,#1265,.T.);
#1852=ORIENTED_EDGE('',*,*,#1263,.T.);
#1853=ORIENTED_EDGE('',*,*,#1261,.T.);
#1854=ORIENTED_EDGE('',*,*,#1259,.T.);
#1855=CYLINDRICAL_SURFACE('',#2054,3.5);
#1856=CYLINDRICAL_SURFACE('',#2057,3.50000000000007);
#1857=CYLINDRICAL_SURFACE('',#2060,3.5);
#1858=CYLINDRICAL_SURFACE('',#2063,3.50000000000007);
#1859=CYLINDRICAL_SURFACE('',#2066,1.3);
#1860=CYLINDRICAL_SURFACE('',#2069,3.50000000000007);
#1861=CYLINDRICAL_SURFACE('',#2075,1.3);
#1862=CYLINDRICAL_SURFACE('',#2078,3.5);
#1863=CYLINDRICAL_SURFACE('',#2085,15.1329579387235);
#1864=CYLINDRICAL_SURFACE('',#2088,2.5);
#1865=CYLINDRICAL_SURFACE('',#2091,12.5);
#1866=CYLINDRICAL_SURFACE('',#2094,21.875);
#1867=CYLINDRICAL_SURFACE('',#2097,12.5);
#1868=CYLINDRICAL_SURFACE('',#2100,21.25);
#1869=CYLINDRICAL_SURFACE('',#2103,9.37500000000001);
#1870=CYLINDRICAL_SURFACE('',#2107,15.1329579387235);
#1871=CYLINDRICAL_SURFACE('',#2110,2.5);
#1872=CYLINDRICAL_SURFACE('',#2113,12.5);
#1873=CYLINDRICAL_SURFACE('',#2116,21.875);
#1874=CYLINDRICAL_SURFACE('',#2119,12.5);
#1875=CYLINDRICAL_SURFACE('',#2122,21.25);
#1876=CYLINDRICAL_SURFACE('',#2125,9.37500000000001);
#1877=CYLINDRICAL_SURFACE('',#2129,15.1329579387235);
#1878=CYLINDRICAL_SURFACE('',#2132,2.5);
#1879=CYLINDRICAL_SURFACE('',#2135,12.5);
#1880=CYLINDRICAL_SURFACE('',#2138,21.875);
#1881=CYLINDRICAL_SURFACE('',#2141,12.5);
#1882=CYLINDRICAL_SURFACE('',#2144,21.25);
#1883=CYLINDRICAL_SURFACE('',#2147,9.37500000000001);
#1884=CYLINDRICAL_SURFACE('',#2151,15.1329579387235);
#1885=CYLINDRICAL_SURFACE('',#2154,2.5);
#1886=CYLINDRICAL_SURFACE('',#2157,12.5);
#1887=CYLINDRICAL_SURFACE('',#2160,21.875);
#1888=CYLINDRICAL_SURFACE('',#2163,12.5);
#1889=CYLINDRICAL_SURFACE('',#2166,21.25);
#1890=CYLINDRICAL_SURFACE('',#2169,9.37500000000001);
#1891=CYLINDRICAL_SURFACE('',#2173,15.1329579387235);
#1892=CYLINDRICAL_SURFACE('',#2176,2.5);
#1893=CYLINDRICAL_SURFACE('',#2179,12.5);
#1894=CYLINDRICAL_SURFACE('',#2182,21.875);
#1895=CYLINDRICAL_SURFACE('',#2185,12.5);
#1896=CYLINDRICAL_SURFACE('',#2188,21.25);
#1897=CYLINDRICAL_SURFACE('',#2191,9.375);
#1898=CYLINDRICAL_SURFACE('',#2195,15.1329579387235);
#1899=CYLINDRICAL_SURFACE('',#2198,2.5);
#1900=CYLINDRICAL_SURFACE('',#2201,12.5);
#1901=CYLINDRICAL_SURFACE('',#2204,21.875);
#1902=CYLINDRICAL_SURFACE('',#2207,12.5);
#1903=CYLINDRICAL_SURFACE('',#2210,21.25);
#1904=CYLINDRICAL_SURFACE('',#2213,9.37500000000001);
#1905=CYLINDRICAL_SURFACE('',#2222,3.);
#1906=CYLINDRICAL_SURFACE('',#2225,1.3);
#1907=CYLINDRICAL_SURFACE('',#2229,1.3);
#1908=CYLINDRICAL_SURFACE('',#2232,3.50000000000007);
#1909=CYLINDRICAL_SURFACE('',#2238,1.3);
#1910=CYLINDRICAL_SURFACE('',#2241,3.5);
#1911=ADVANCED_FACE('',(#98),#1855,.T.);
#1912=ADVANCED_FACE('',(#99),#1856,.T.);
#1913=ADVANCED_FACE('',(#100),#1857,.T.);
#1914=ADVANCED_FACE('',(#101),#1858,.T.);
#1915=ADVANCED_FACE('',(#102),#1859,.F.);
#1916=ADVANCED_FACE('',(#103),#1860,.T.);
#1917=ADVANCED_FACE('',(#104,#22),#35,.F.);
#1918=ADVANCED_FACE('',(#105),#36,.F.);
#1919=ADVANCED_FACE('',(#106),#37,.F.);
#1920=ADVANCED_FACE('',(#107),#1861,.F.);
#1921=ADVANCED_FACE('',(#108),#1862,.T.);
#1922=ADVANCED_FACE('',(#109,#23),#38,.F.);
#1923=ADVANCED_FACE('',(#110),#39,.F.);
#1924=ADVANCED_FACE('',(#111),#40,.F.);
#1925=ADVANCED_FACE('',(#112),#1863,.F.);
#1926=ADVANCED_FACE('',(#113),#1864,.T.);
#1927=ADVANCED_FACE('',(#114),#1865,.F.);
#1928=ADVANCED_FACE('',(#115),#1866,.T.);
#1929=ADVANCED_FACE('',(#116),#1867,.T.);
#1930=ADVANCED_FACE('',(#117),#1868,.F.);
#1931=ADVANCED_FACE('',(#118),#1869,.F.);
#1932=ADVANCED_FACE('',(#119),#41,.T.);
#1933=ADVANCED_FACE('',(#120),#1870,.F.);
#1934=ADVANCED_FACE('',(#121),#1871,.T.);
#1935=ADVANCED_FACE('',(#122),#1872,.F.);
#1936=ADVANCED_FACE('',(#123),#1873,.T.);
#1937=ADVANCED_FACE('',(#124),#1874,.T.);
#1938=ADVANCED_FACE('',(#125),#1875,.F.);
#1939=ADVANCED_FACE('',(#126),#1876,.F.);
#1940=ADVANCED_FACE('',(#127),#42,.T.);
#1941=ADVANCED_FACE('',(#128),#1877,.F.);
#1942=ADVANCED_FACE('',(#129),#1878,.T.);
#1943=ADVANCED_FACE('',(#130),#1879,.F.);
#1944=ADVANCED_FACE('',(#131),#1880,.T.);
#1945=ADVANCED_FACE('',(#132),#1881,.T.);
#1946=ADVANCED_FACE('',(#133),#1882,.F.);
#1947=ADVANCED_FACE('',(#134),#1883,.F.);
#1948=ADVANCED_FACE('',(#135),#43,.T.);
#1949=ADVANCED_FACE('',(#136),#1884,.F.);
#1950=ADVANCED_FACE('',(#137),#1885,.T.);
#1951=ADVANCED_FACE('',(#138),#1886,.F.);
#1952=ADVANCED_FACE('',(#139),#1887,.T.);
#1953=ADVANCED_FACE('',(#140),#1888,.T.);
#1954=ADVANCED_FACE('',(#141),#1889,.F.);
#1955=ADVANCED_FACE('',(#142),#1890,.F.);
#1956=ADVANCED_FACE('',(#143),#44,.T.);
#1957=ADVANCED_FACE('',(#144),#1891,.F.);
#1958=ADVANCED_FACE('',(#145),#1892,.T.);
#1959=ADVANCED_FACE('',(#146),#1893,.F.);
#1960=ADVANCED_FACE('',(#147),#1894,.T.);
#1961=ADVANCED_FACE('',(#148),#1895,.T.);
#1962=ADVANCED_FACE('',(#149),#1896,.F.);
#1963=ADVANCED_FACE('',(#150),#1897,.F.);
#1964=ADVANCED_FACE('',(#151),#45,.T.);
#1965=ADVANCED_FACE('',(#152),#1898,.F.);
#1966=ADVANCED_FACE('',(#153),#1899,.T.);
#1967=ADVANCED_FACE('',(#154),#1900,.F.);
#1968=ADVANCED_FACE('',(#155),#1901,.T.);
#1969=ADVANCED_FACE('',(#156),#1902,.T.);
#1970=ADVANCED_FACE('',(#157),#1903,.F.);
#1971=ADVANCED_FACE('',(#158),#1904,.F.);
#1972=ADVANCED_FACE('',(#159),#46,.T.);
#1973=ADVANCED_FACE('',(#160),#14,.F.);
#1974=ADVANCED_FACE('',(#161),#1905,.T.);
#1975=ADVANCED_FACE('',(#162,#24),#47,.F.);
#1976=ADVANCED_FACE('',(#163),#1906,.F.);
#1977=ADVANCED_FACE('',(#164,#25),#48,.T.);
#1978=ADVANCED_FACE('',(#165),#1907,.F.);
#1979=ADVANCED_FACE('',(#166),#1908,.T.);
#1980=ADVANCED_FACE('',(#167,#26),#49,.T.);
#1981=ADVANCED_FACE('',(#168),#50,.F.);
#1982=ADVANCED_FACE('',(#169),#51,.F.);
#1983=ADVANCED_FACE('',(#170),#1909,.F.);
#1984=ADVANCED_FACE('',(#171),#1910,.T.);
#1985=ADVANCED_FACE('',(#172,#27),#52,.T.);
#1986=ADVANCED_FACE('',(#173),#53,.F.);
#1987=ADVANCED_FACE('',(#174),#54,.F.);
#1988=ADVANCED_FACE('',(#175),#55,.T.);
#1989=ADVANCED_FACE('',(#176),#56,.T.);
#1990=ADVANCED_FACE('',(#177),#57,.T.);
#1991=ADVANCED_FACE('',(#178),#58,.T.);
#1992=ADVANCED_FACE('',(#179),#59,.T.);
#1993=ADVANCED_FACE('',(#180),#60,.T.);
#1994=ADVANCED_FACE('',(#181),#61,.F.);
#1995=ADVANCED_FACE('',(#182),#62,.F.);
#1996=ADVANCED_FACE('',(#183),#63,.F.);
#1997=ADVANCED_FACE('',(#184),#64,.F.);
#1998=ADVANCED_FACE('',(#185),#65,.F.);
#1999=ADVANCED_FACE('',(#186),#66,.F.);
#2000=ADVANCED_FACE('',(#187),#67,.F.);
#2001=ADVANCED_FACE('',(#188),#68,.F.);
#2002=ADVANCED_FACE('',(#189),#69,.F.);
#2003=ADVANCED_FACE('',(#190),#70,.F.);
#2004=ADVANCED_FACE('',(#191),#71,.F.);
#2005=ADVANCED_FACE('',(#192),#72,.F.);
#2006=ADVANCED_FACE('',(#193),#73,.F.);
#2007=ADVANCED_FACE('',(#194),#74,.T.);
#2008=ADVANCED_FACE('',(#195),#75,.T.);
#2009=ADVANCED_FACE('',(#196),#76,.T.);
#2010=ADVANCED_FACE('',(#197),#77,.T.);
#2011=ADVANCED_FACE('',(#198),#78,.T.);
#2012=ADVANCED_FACE('',(#199),#79,.T.);
#2013=ADVANCED_FACE('',(#200),#80,.T.);
#2014=ADVANCED_FACE('',(#201,#28,#29,#30,#31,#32,#33),#81,.T.);
#2015=ADVANCED_FACE('',(#202),#82,.T.);
#2016=ADVANCED_FACE('',(#203),#83,.T.);
#2017=ADVANCED_FACE('',(#204),#84,.T.);
#2018=ADVANCED_FACE('',(#205,#34),#85,.F.);
#2019=ADVANCED_FACE('',(#206),#86,.T.);
#2020=ADVANCED_FACE('',(#207),#87,.T.);
#2021=ADVANCED_FACE('',(#208),#88,.T.);
#2022=ADVANCED_FACE('',(#209),#89,.T.);
#2023=ADVANCED_FACE('',(#210),#90,.T.);
#2024=ADVANCED_FACE('',(#211),#91,.T.);
#2025=ADVANCED_FACE('',(#212),#92,.T.);
#2026=ADVANCED_FACE('',(#213),#93,.T.);
#2027=ADVANCED_FACE('',(#214),#94,.T.);
#2028=ADVANCED_FACE('',(#215),#95,.T.);
#2029=ADVANCED_FACE('',(#216),#96,.T.);
#2030=ADVANCED_FACE('',(#217),#97,.T.);
#2031=CLOSED_SHELL('',(#1911,#1912,#1913,#1914,#1915,#1916,#1917,#1918,
#1919,#1920,#1921,#1922,#1923,#1924,#1925,#1926,#1927,#1928,#1929,#1930,
#1931,#1932,#1933,#1934,#1935,#1936,#1937,#1938,#1939,#1940,#1941,#1942,
#1943,#1944,#1945,#1946,#1947,#1948,#1949,#1950,#1951,#1952,#1953,#1954,
#1955,#1956,#1957,#1958,#1959,#1960,#1961,#1962,#1963,#1964,#1965,#1966,
#1967,#1968,#1969,#1970,#1971,#1972,#1973,#1974,#1975,#1976,#1977,#1978,
#1979,#1980,#1981,#1982,#1983,#1984,#1985,#1986,#1987,#1988,#1989,#1990,
#1991,#1992,#1993,#1994,#1995,#1996,#1997,#1998,#1999,#2000,#2001,#2002,
#2003,#2004,#2005,#2006,#2007,#2008,#2009,#2010,#2011,#2012,#2013,#2014,
#2015,#2016,#2017,#2018,#2019,#2020,#2021,#2022,#2023,#2024,#2025,#2026,
#2027,#2028,#2029,#2030));
#2032=DERIVED_UNIT_ELEMENT(#2035,1.);
#2033=DERIVED_UNIT_ELEMENT(#3527,-3.);
#2034=DIMENSIONAL_EXPONENTS(0.,1.,0.,0.,0.,0.,0.);
#2035=(
CONVERSION_BASED_UNIT('gram',#2037)
MASS_UNIT()
NAMED_UNIT(#2034)
);
#2036=(
MASS_UNIT()
NAMED_UNIT(*)
SI_UNIT(.KILO.,.GRAM.)
);
#2037=MASS_MEASURE_WITH_UNIT(MASS_MEASURE(0.001),#2036);
#2038=DERIVED_UNIT((#2032,#2033));
#2039=MEASURE_REPRESENTATION_ITEM('density measure',
POSITIVE_RATIO_MEASURE(1.),#2038);
#2040=PROPERTY_DEFINITION_REPRESENTATION(#2045,#2042);
#2041=PROPERTY_DEFINITION_REPRESENTATION(#2046,#2043);
#2042=REPRESENTATION('material name',(#2044),#3524);
#2043=REPRESENTATION('density',(#2039),#3524);
#2044=DESCRIPTIVE_REPRESENTATION_ITEM('\X2\4E00822C\X0\','\X2\4E00822C\X0\');
#2045=PROPERTY_DEFINITION('material property','material name',#3534);
#2046=PROPERTY_DEFINITION('material property','density of part',#3534);
#2047=DATE_TIME_ROLE('creation_date');
#2048=APPLIED_DATE_AND_TIME_ASSIGNMENT(#2049,#2047,(#3534));
#2049=DATE_AND_TIME(#2050,#2051);
#2050=CALENDAR_DATE(2026,4,2);
#2051=LOCAL_TIME(0,0,0.,#2052);
#2052=COORDINATED_UNIVERSAL_TIME_OFFSET(0,0,.BEHIND.);
#2053=AXIS2_PLACEMENT_3D('',#2934,#2289,#2290);
#2054=AXIS2_PLACEMENT_3D('',#2935,#2291,#2292);
#2055=AXIS2_PLACEMENT_3D('',#2940,#2294,#2295);
#2056=AXIS2_PLACEMENT_3D('',#2943,#2297,#2298);
#2057=AXIS2_PLACEMENT_3D('',#2944,#2299,#2300);
#2058=AXIS2_PLACEMENT_3D('',#2949,#2302,#2303);
#2059=AXIS2_PLACEMENT_3D('',#2952,#2305,#2306);
#2060=AXIS2_PLACEMENT_3D('',#2953,#2307,#2308);
#2061=AXIS2_PLACEMENT_3D('',#2958,#2310,#2311);
#2062=AXIS2_PLACEMENT_3D('',#2961,#2313,#2314);
#2063=AXIS2_PLACEMENT_3D('',#2962,#2315,#2316);
#2064=AXIS2_PLACEMENT_3D('',#2967,#2318,#2319);
#2065=AXIS2_PLACEMENT_3D('',#2970,#2321,#2322);
#2066=AXIS2_PLACEMENT_3D('',#2971,#2323,#2324);
#2067=AXIS2_PLACEMENT_3D('',#2973,#2325,#2326);
#2068=AXIS2_PLACEMENT_3D('',#2976,#2328,#2329);
#2069=AXIS2_PLACEMENT_3D('',#2977,#2330,#2331);
#2070=AXIS2_PLACEMENT_3D('',#2978,#2332,#2333);
#2071=AXIS2_PLACEMENT_3D('',#2979,#2334,#2335);
#2072=AXIS2_PLACEMENT_3D('',#2980,#2336,#2337);
#2073=AXIS2_PLACEMENT_3D('',#2981,#2338,#2339);
#2074=AXIS2_PLACEMENT_3D('',#2988,#2344,#2345);
#2075=AXIS2_PLACEMENT_3D('',#2996,#2350,#2351);
#2076=AXIS2_PLACEMENT_3D('',#2998,#2352,#2353);
#2077=AXIS2_PLACEMENT_3D('',#3001,#2355,#2356);
#2078=AXIS2_PLACEMENT_3D('',#3002,#2357,#2358);
#2079=AXIS2_PLACEMENT_3D('',#3003,#2359,#2360);
#2080=AXIS2_PLACEMENT_3D('',#3004,#2361,#2362);
#2081=AXIS2_PLACEMENT_3D('',#3005,#2363,#2364);
#2082=AXIS2_PLACEMENT_3D('',#3006,#2365,#2366);
#2083=AXIS2_PLACEMENT_3D('',#3013,#2371,#2372);
#2084=AXIS2_PLACEMENT_3D('',#3019,#2376,#2377);
#2085=AXIS2_PLACEMENT_3D('',#3023,#2380,#2381);
#2086=AXIS2_PLACEMENT_3D('',#3026,#2382,#2383);
#2087=AXIS2_PLACEMENT_3D('',#3030,#2385,#2386);
#2088=AXIS2_PLACEMENT_3D('',#3032,#2388,#2389);
#2089=AXIS2_PLACEMENT_3D('',#3034,#2390,#2391);
#2090=AXIS2_PLACEMENT_3D('',#3037,#2393,#2394);
#2091=AXIS2_PLACEMENT_3D('',#3038,#2395,#2396);
#2092=AXIS2_PLACEMENT_3D('',#3040,#2397,#2398);
#2093=AXIS2_PLACEMENT_3D('',#3043,#2400,#2401);
#2094=AXIS2_PLACEMENT_3D('',#3044,#2402,#2403);
#2095=AXIS2_PLACEMENT_3D('',#3046,#2404,#2405);
#2096=AXIS2_PLACEMENT_3D('',#3049,#2407,#2408);
#2097=AXIS2_PLACEMENT_3D('',#3050,#2409,#2410);
#2098=AXIS2_PLACEMENT_3D('',#3052,#2411,#2412);
#2099=AXIS2_PLACEMENT_3D('',#3055,#2414,#2415);
#2100=AXIS2_PLACEMENT_3D('',#3056,#2416,#2417);
#2101=AXIS2_PLACEMENT_3D('',#3058,#2418,#2419);
#2102=AXIS2_PLACEMENT_3D('',#3061,#2421,#2422);
#2103=AXIS2_PLACEMENT_3D('',#3062,#2423,#2424);
#2104=AXIS2_PLACEMENT_3D('',#3063,#2425,#2426);
#2105=AXIS2_PLACEMENT_3D('',#3064,#2427,#2428);
#2106=AXIS2_PLACEMENT_3D('',#3065,#2429,#2430);
#2107=AXIS2_PLACEMENT_3D('',#3066,#2431,#2432);
#2108=AXIS2_PLACEMENT_3D('',#3069,#2433,#2434);
#2109=AXIS2_PLACEMENT_3D('',#3073,#2436,#2437);
#2110=AXIS2_PLACEMENT_3D('',#3075,#2439,#2440);
#2111=AXIS2_PLACEMENT_3D('',#3077,#2441,#2442);
#2112=AXIS2_PLACEMENT_3D('',#3080,#2444,#2445);
#2113=AXIS2_PLACEMENT_3D('',#3081,#2446,#2447);
#2114=AXIS2_PLACEMENT_3D('',#3083,#2448,#2449);
#2115=AXIS2_PLACEMENT_3D('',#3086,#2451,#2452);
#2116=AXIS2_PLACEMENT_3D('',#3087,#2453,#2454);
#2117=AXIS2_PLACEMENT_3D('',#3089,#2455,#2456);
#2118=AXIS2_PLACEMENT_3D('',#3092,#2458,#2459);
#2119=AXIS2_PLACEMENT_3D('',#3093,#2460,#2461);
#2120=AXIS2_PLACEMENT_3D('',#3095,#2462,#2463);
#2121=AXIS2_PLACEMENT_3D('',#3098,#2465,#2466);
#2122=AXIS2_PLACEMENT_3D('',#3099,#2467,#2468);
#2123=AXIS2_PLACEMENT_3D('',#3101,#2469,#2470);
#2124=AXIS2_PLACEMENT_3D('',#3104,#2472,#2473);
#2125=AXIS2_PLACEMENT_3D('',#3105,#2474,#2475);
#2126=AXIS2_PLACEMENT_3D('',#3106,#2476,#2477);
#2127=AXIS2_PLACEMENT_3D('',#3107,#2478,#2479);
#2128=AXIS2_PLACEMENT_3D('',#3108,#2480,#2481);
#2129=AXIS2_PLACEMENT_3D('',#3109,#2482,#2483);
#2130=AXIS2_PLACEMENT_3D('',#3112,#2484,#2485);
#2131=AXIS2_PLACEMENT_3D('',#3116,#2487,#2488);
#2132=AXIS2_PLACEMENT_3D('',#3118,#2490,#2491);
#2133=AXIS2_PLACEMENT_3D('',#3120,#2492,#2493);
#2134=AXIS2_PLACEMENT_3D('',#3123,#2495,#2496);
#2135=AXIS2_PLACEMENT_3D('',#3124,#2497,#2498);
#2136=AXIS2_PLACEMENT_3D('',#3126,#2499,#2500);
#2137=AXIS2_PLACEMENT_3D('',#3129,#2502,#2503);
#2138=AXIS2_PLACEMENT_3D('',#3130,#2504,#2505);
#2139=AXIS2_PLACEMENT_3D('',#3132,#2506,#2507);
#2140=AXIS2_PLACEMENT_3D('',#3135,#2509,#2510);
#2141=AXIS2_PLACEMENT_3D('',#3136,#2511,#2512);
#2142=AXIS2_PLACEMENT_3D('',#3138,#2513,#2514);
#2143=AXIS2_PLACEMENT_3D('',#3141,#2516,#2517);
#2144=AXIS2_PLACEMENT_3D('',#3142,#2518,#2519);
#2145=AXIS2_PLACEMENT_3D('',#3144,#2520,#2521);
#2146=AXIS2_PLACEMENT_3D('',#3147,#2523,#2524);
#2147=AXIS2_PLACEMENT_3D('',#3148,#2525,#2526);
#2148=AXIS2_PLACEMENT_3D('',#3149,#2527,#2528);
#2149=AXIS2_PLACEMENT_3D('',#3150,#2529,#2530);
#2150=AXIS2_PLACEMENT_3D('',#3151,#2531,#2532);
#2151=AXIS2_PLACEMENT_3D('',#3152,#2533,#2534);
#2152=AXIS2_PLACEMENT_3D('',#3155,#2535,#2536);
#2153=AXIS2_PLACEMENT_3D('',#3159,#2538,#2539);
#2154=AXIS2_PLACEMENT_3D('',#3161,#2541,#2542);
#2155=AXIS2_PLACEMENT_3D('',#3163,#2543,#2544);
#2156=AXIS2_PLACEMENT_3D('',#3166,#2546,#2547);
#2157=AXIS2_PLACEMENT_3D('',#3167,#2548,#2549);
#2158=AXIS2_PLACEMENT_3D('',#3169,#2550,#2551);
#2159=AXIS2_PLACEMENT_3D('',#3172,#2553,#2554);
#2160=AXIS2_PLACEMENT_3D('',#3173,#2555,#2556);
#2161=AXIS2_PLACEMENT_3D('',#3175,#2557,#2558);
#2162=AXIS2_PLACEMENT_3D('',#3178,#2560,#2561);
#2163=AXIS2_PLACEMENT_3D('',#3179,#2562,#2563);
#2164=AXIS2_PLACEMENT_3D('',#3181,#2564,#2565);
#2165=AXIS2_PLACEMENT_3D('',#3184,#2567,#2568);
#2166=AXIS2_PLACEMENT_3D('',#3185,#2569,#2570);
#2167=AXIS2_PLACEMENT_3D('',#3187,#2571,#2572);
#2168=AXIS2_PLACEMENT_3D('',#3190,#2574,#2575);
#2169=AXIS2_PLACEMENT_3D('',#3191,#2576,#2577);
#2170=AXIS2_PLACEMENT_3D('',#3192,#2578,#2579);
#2171=AXIS2_PLACEMENT_3D('',#3193,#2580,#2581);
#2172=AXIS2_PLACEMENT_3D('',#3194,#2582,#2583);
#2173=AXIS2_PLACEMENT_3D('',#3195,#2584,#2585);
#2174=AXIS2_PLACEMENT_3D('',#3198,#2586,#2587);
#2175=AXIS2_PLACEMENT_3D('',#3202,#2589,#2590);
#2176=AXIS2_PLACEMENT_3D('',#3204,#2592,#2593);
#2177=AXIS2_PLACEMENT_3D('',#3206,#2594,#2595);
#2178=AXIS2_PLACEMENT_3D('',#3209,#2597,#2598);
#2179=AXIS2_PLACEMENT_3D('',#3210,#2599,#2600);
#2180=AXIS2_PLACEMENT_3D('',#3212,#2601,#2602);
#2181=AXIS2_PLACEMENT_3D('',#3215,#2604,#2605);
#2182=AXIS2_PLACEMENT_3D('',#3216,#2606,#2607);
#2183=AXIS2_PLACEMENT_3D('',#3218,#2608,#2609);
#2184=AXIS2_PLACEMENT_3D('',#3221,#2611,#2612);
#2185=AXIS2_PLACEMENT_3D('',#3222,#2613,#2614);
#2186=AXIS2_PLACEMENT_3D('',#3224,#2615,#2616);
#2187=AXIS2_PLACEMENT_3D('',#3227,#2618,#2619);
#2188=AXIS2_PLACEMENT_3D('',#3228,#2620,#2621);
#2189=AXIS2_PLACEMENT_3D('',#3230,#2622,#2623);
#2190=AXIS2_PLACEMENT_3D('',#3233,#2625,#2626);
#2191=AXIS2_PLACEMENT_3D('',#3234,#2627,#2628);
#2192=AXIS2_PLACEMENT_3D('',#3235,#2629,#2630);
#2193=AXIS2_PLACEMENT_3D('',#3236,#2631,#2632);
#2194=AXIS2_PLACEMENT_3D('',#3237,#2633,#2634);
#2195=AXIS2_PLACEMENT_3D('',#3238,#2635,#2636);
#2196=AXIS2_PLACEMENT_3D('',#3241,#2637,#2638);
#2197=AXIS2_PLACEMENT_3D('',#3245,#2640,#2641);
#2198=AXIS2_PLACEMENT_3D('',#3247,#2643,#2644);
#2199=AXIS2_PLACEMENT_3D('',#3249,#2645,#2646);
#2200=AXIS2_PLACEMENT_3D('',#3252,#2648,#2649);
#2201=AXIS2_PLACEMENT_3D('',#3253,#2650,#2651);
#2202=AXIS2_PLACEMENT_3D('',#3255,#2652,#2653);
#2203=AXIS2_PLACEMENT_3D('',#3258,#2655,#2656);
#2204=AXIS2_PLACEMENT_3D('',#3259,#2657,#2658);
#2205=AXIS2_PLACEMENT_3D('',#3261,#2659,#2660);
#2206=AXIS2_PLACEMENT_3D('',#3264,#2662,#2663);
#2207=AXIS2_PLACEMENT_3D('',#3265,#2664,#2665);
#2208=AXIS2_PLACEMENT_3D('',#3267,#2666,#2667);
#2209=AXIS2_PLACEMENT_3D('',#3270,#2669,#2670);
#2210=AXIS2_PLACEMENT_3D('',#3271,#2671,#2672);
#2211=AXIS2_PLACEMENT_3D('',#3273,#2673,#2674);
#2212=AXIS2_PLACEMENT_3D('',#3276,#2676,#2677);
#2213=AXIS2_PLACEMENT_3D('',#3277,#2678,#2679);
#2214=AXIS2_PLACEMENT_3D('',#3278,#2680,#2681);
#2215=AXIS2_PLACEMENT_3D('',#3279,#2682,#2683);
#2216=AXIS2_PLACEMENT_3D('',#3280,#2684,#2685);
#2217=AXIS2_PLACEMENT_3D('',#3281,#2686,#2687);
#2218=AXIS2_PLACEMENT_3D('',#3284,#2688,#2689);
#2219=AXIS2_PLACEMENT_3D('',#3286,#2690,#2691);
#2220=AXIS2_PLACEMENT_3D('',#3287,#2692,#2693);
#2221=AXIS2_PLACEMENT_3D('',#3288,#2694,#2695);
#2222=AXIS2_PLACEMENT_3D('',#3289,#2696,#2697);
#2223=AXIS2_PLACEMENT_3D('',#3292,#2699,#2700);
#2224=AXIS2_PLACEMENT_3D('',#3293,#2701,#2702);
#2225=AXIS2_PLACEMENT_3D('',#3300,#2707,#2708);
#2226=AXIS2_PLACEMENT_3D('',#3302,#2709,#2710);
#2227=AXIS2_PLACEMENT_3D('',#3305,#2712,#2713);
#2228=AXIS2_PLACEMENT_3D('',#3306,#2714,#2715);
#2229=AXIS2_PLACEMENT_3D('',#3307,#2716,#2717);
#2230=AXIS2_PLACEMENT_3D('',#3309,#2718,#2719);
#2231=AXIS2_PLACEMENT_3D('',#3312,#2721,#2722);
#2232=AXIS2_PLACEMENT_3D('',#3313,#2723,#2724);
#2233=AXIS2_PLACEMENT_3D('',#3314,#2725,#2726);
#2234=AXIS2_PLACEMENT_3D('',#3315,#2727,#2728);
#2235=AXIS2_PLACEMENT_3D('',#3316,#2729,#2730);
#2236=AXIS2_PLACEMENT_3D('',#3317,#2731,#2732);
#2237=AXIS2_PLACEMENT_3D('',#3324,#2737,#2738);
#2238=AXIS2_PLACEMENT_3D('',#3329,#2742,#2743);
#2239=AXIS2_PLACEMENT_3D('',#3331,#2744,#2745);
#2240=AXIS2_PLACEMENT_3D('',#3334,#2747,#2748);
#2241=AXIS2_PLACEMENT_3D('',#3335,#2749,#2750);
#2242=AXIS2_PLACEMENT_3D('',#3336,#2751,#2752);
#2243=AXIS2_PLACEMENT_3D('',#3337,#2753,#2754);
#2244=AXIS2_PLACEMENT_3D('',#3338,#2755,#2756);
#2245=AXIS2_PLACEMENT_3D('',#3341,#2759,#2760);
#2246=AXIS2_PLACEMENT_3D('',#3342,#2761,#2762);
#2247=AXIS2_PLACEMENT_3D('',#3351,#2767,#2768);
#2248=AXIS2_PLACEMENT_3D('',#3361,#2774,#2775);
#2249=AXIS2_PLACEMENT_3D('',#3365,#2778,#2779);
#2250=AXIS2_PLACEMENT_3D('',#3371,#2783,#2784);
#2251=AXIS2_PLACEMENT_3D('',#3379,#2789,#2790);
#2252=AXIS2_PLACEMENT_3D('',#3393,#2798,#2799);
#2253=AXIS2_PLACEMENT_3D('',#3395,#2801,#2802);
#2254=AXIS2_PLACEMENT_3D('',#3396,#2803,#2804);
#2255=AXIS2_PLACEMENT_3D('',#3398,#2806,#2807);
#2256=AXIS2_PLACEMENT_3D('',#3399,#2808,#2809);
#2257=AXIS2_PLACEMENT_3D('',#3401,#2811,#2812);
#2258=AXIS2_PLACEMENT_3D('',#3402,#2813,#2814);
#2259=AXIS2_PLACEMENT_3D('',#3406,#2817,#2818);
#2260=AXIS2_PLACEMENT_3D('',#3410,#2821,#2822);
#2261=AXIS2_PLACEMENT_3D('',#3412,#2824,#2825);
#2262=AXIS2_PLACEMENT_3D('',#3413,#2826,#2827);
#2263=AXIS2_PLACEMENT_3D('',#3417,#2830,#2831);
#2264=AXIS2_PLACEMENT_3D('',#3419,#2833,#2834);
#2265=AXIS2_PLACEMENT_3D('',#3421,#2836,#2837);
#2266=AXIS2_PLACEMENT_3D('',#3429,#2842,#2843);
#2267=AXIS2_PLACEMENT_3D('',#3435,#2847,#2848);
#2268=AXIS2_PLACEMENT_3D('',#3441,#2852,#2853);
#2269=AXIS2_PLACEMENT_3D('',#3446,#2857,#2858);
#2270=AXIS2_PLACEMENT_3D('',#3450,#2861,#2862);
#2271=AXIS2_PLACEMENT_3D('',#3452,#2864,#2865);
#2272=AXIS2_PLACEMENT_3D('',#3454,#2867,#2868);
#2273=AXIS2_PLACEMENT_3D('',#3455,#2869,#2870);
#2274=AXIS2_PLACEMENT_3D('',#3457,#2872,#2873);
#2275=AXIS2_PLACEMENT_3D('',#3459,#2875,#2876);
#2276=AXIS2_PLACEMENT_3D('',#3465,#2880,#2881);
#2277=AXIS2_PLACEMENT_3D('',#3479,#2889,#2890);
#2278=AXIS2_PLACEMENT_3D('',#3485,#2894,#2895);
#2279=AXIS2_PLACEMENT_3D('',#3489,#2898,#2899);
#2280=AXIS2_PLACEMENT_3D('',#3493,#2902,#2903);
#2281=AXIS2_PLACEMENT_3D('',#3497,#2906,#2907);
#2282=AXIS2_PLACEMENT_3D('',#3501,#2910,#2911);
#2283=AXIS2_PLACEMENT_3D('',#3505,#2914,#2915);
#2284=AXIS2_PLACEMENT_3D('',#3509,#2918,#2919);
#2285=AXIS2_PLACEMENT_3D('',#3511,#2921,#2922);
#2286=AXIS2_PLACEMENT_3D('',#3515,#2925,#2926);
#2287=AXIS2_PLACEMENT_3D('',#3519,#2929,#2930);
#2288=AXIS2_PLACEMENT_3D('',#3521,#2932,#2933);
#2289=DIRECTION('axis',(0.,0.,1.));
#2290=DIRECTION('refdir',(1.,0.,0.));
#2291=DIRECTION('center_axis',(0.,0.,-1.));
#2292=DIRECTION('ref_axis',(1.,0.,0.));
#2293=DIRECTION('',(0.,0.,1.));
#2294=DIRECTION('center_axis',(0.,0.868243142124459,-0.496138938356834));
#2295=DIRECTION('ref_axis',(0.,-0.496138938356834,-0.868243142124459));
#2296=DIRECTION('',(0.,0.,-1.));
#2297=DIRECTION('center_axis',(0.,0.,1.));
#2298=DIRECTION('ref_axis',(1.,0.,0.));
#2299=DIRECTION('center_axis',(0.,0.,-1.));
#2300=DIRECTION('ref_axis',(1.,0.,0.));
#2301=DIRECTION('',(0.,0.,1.));
#2302=DIRECTION('center_axis',(-0.815881673702325,-0.296956643910936,-0.496138938356834));
#2303=DIRECTION('ref_axis',(0.466218099258472,0.169689510806249,-0.868243142124459));
#2304=DIRECTION('',(0.,0.,-1.));
#2305=DIRECTION('center_axis',(0.,0.,1.));
#2306=DIRECTION('ref_axis',(1.,0.,0.));
#2307=DIRECTION('center_axis',(0.,0.,1.));
#2308=DIRECTION('ref_axis',(-1.,0.,0.));
#2309=DIRECTION('',(0.,0.,1.));
#2310=DIRECTION('center_axis',(0.,0.868243142124459,-0.496138938356834));
#2311=DIRECTION('ref_axis',(0.,-0.496138938356834,-0.868243142124459));
#2312=DIRECTION('',(0.,0.,1.));
#2313=DIRECTION('center_axis',(0.,0.,-1.));
#2314=DIRECTION('ref_axis',(-1.,0.,0.));
#2315=DIRECTION('center_axis',(0.,0.,1.));
#2316=DIRECTION('ref_axis',(-1.,0.,0.));
#2317=DIRECTION('',(0.,0.,1.));
#2318=DIRECTION('center_axis',(0.815881673702325,-0.296956643910937,-0.496138938356834));
#2319=DIRECTION('ref_axis',(-0.466218099258471,0.169689510806249,-0.868243142124459));
#2320=DIRECTION('',(0.,0.,1.));
#2321=DIRECTION('center_axis',(0.,0.,-1.));
#2322=DIRECTION('ref_axis',(-1.,0.,0.));
#2323=DIRECTION('center_axis',(0.,0.,1.));
#2324=DIRECTION('ref_axis',(1.,0.,0.));
#2325=DIRECTION('center_axis',(-0.815881673702325,0.296956643910937,0.496138938356834));
#2326=DIRECTION('ref_axis',(0.466218099258471,-0.169689510806249,0.868243142124459));
#2327=DIRECTION('',(0.,0.,1.));
#2328=DIRECTION('center_axis',(0.,0.,1.));
#2329=DIRECTION('ref_axis',(1.,0.,0.));
#2330=DIRECTION('center_axis',(0.,0.,1.));
#2331=DIRECTION('ref_axis',(-1.,0.,0.));
#2332=DIRECTION('center_axis',(0.,0.,-1.));
#2333=DIRECTION('ref_axis',(-1.,0.,0.));
#2334=DIRECTION('center_axis',(0.815881673702325,-0.296956643910937,-0.496138938356834));
#2335=DIRECTION('ref_axis',(-0.466218099258471,0.169689510806249,-0.868243142124459));
#2336=DIRECTION('center_axis',(0.,0.,-1.));
#2337=DIRECTION('ref_axis',(-1.,0.,0.));
#2338=DIRECTION('center_axis',(0.939692620785908,-0.342020143325669,0.));
#2339=DIRECTION('ref_axis',(-0.342020143325669,-0.939692620785908,0.));
#2340=DIRECTION('',(0.,0.,1.));
#2341=DIRECTION('',(-0.342020143325669,-0.939692620785908,0.));
#2342=DIRECTION('',(0.,0.,1.));
#2343=DIRECTION('',(-0.342020143325669,-0.939692620785908,0.));
#2344=DIRECTION('center_axis',(0.815881673702325,-0.296956643910937,-0.496138938356834));
#2345=DIRECTION('ref_axis',(-0.519576535402911,0.,-0.854423913440341));
#2346=DIRECTION('',(0.342020143325669,0.939692620785908,0.));
#2347=DIRECTION('',(0.328161738757153,-0.468663533095055,0.820161182916347));
#2348=DIRECTION('',(-0.342020143325669,-0.939692620785908,0.));
#2349=DIRECTION('',(0.536933795640036,0.0706886752350912,0.84065760586168));
#2350=DIRECTION('center_axis',(0.,0.,1.));
#2351=DIRECTION('ref_axis',(1.,0.,0.));
#2352=DIRECTION('center_axis',(0.,-0.868243142124459,0.496138938356834));
#2353=DIRECTION('ref_axis',(0.,0.496138938356834,0.868243142124459));
#2354=DIRECTION('',(0.,0.,1.));
#2355=DIRECTION('center_axis',(0.,0.,1.));
#2356=DIRECTION('ref_axis',(1.,0.,0.));
#2357=DIRECTION('center_axis',(0.,0.,1.));
#2358=DIRECTION('ref_axis',(-1.,0.,0.));
#2359=DIRECTION('center_axis',(0.,0.,-1.));
#2360=DIRECTION('ref_axis',(-1.,0.,0.));
#2361=DIRECTION('center_axis',(0.,0.868243142124459,-0.496138938356834));
#2362=DIRECTION('ref_axis',(0.,-0.496138938356834,-0.868243142124459));
#2363=DIRECTION('center_axis',(0.,0.,-1.));
#2364=DIRECTION('ref_axis',(-1.,0.,0.));
#2365=DIRECTION('center_axis',(0.,1.,0.));
#2366=DIRECTION('ref_axis',(1.,0.,0.));
#2367=DIRECTION('',(0.,0.,1.));
#2368=DIRECTION('',(1.,0.,0.));
#2369=DIRECTION('',(0.,0.,1.));
#2370=DIRECTION('',(1.,0.,0.));
#2371=DIRECTION('center_axis',(0.,0.868243142124459,-0.496138938356834));
#2372=DIRECTION('ref_axis',(0.,0.496138938356834,0.868243142124459));
#2373=DIRECTION('',(-1.,0.,0.));
#2374=DIRECTION('',(0.250067800232747,0.480375774778103,0.84065760586168));
#2375=DIRECTION('',(1.,0.,0.));
#2376=DIRECTION('center_axis',(0.,0.868243142124459,-0.496138938356834));
#2377=DIRECTION('ref_axis',(0.,-0.496138938356834,-0.868243142124459));
#2378=DIRECTION('',(1.,0.,0.));
#2379=DIRECTION('',(-0.250067800232747,0.480375774778103,0.84065760586168));
#2380=DIRECTION('center_axis',(0.,0.,1.));
#2381=DIRECTION('ref_axis',(-0.233989768634515,-0.97223905916928,0.));
#2382=DIRECTION('center_axis',(0.,0.,1.));
#2383=DIRECTION('ref_axis',(-0.233989768634515,-0.97223905916928,0.));
#2384=DIRECTION('',(0.,0.,1.));
#2385=DIRECTION('center_axis',(0.,0.,1.));
#2386=DIRECTION('ref_axis',(-0.233989768634515,-0.97223905916928,0.));
#2387=DIRECTION('',(0.,0.,1.));
#2388=DIRECTION('center_axis',(0.,0.,1.));
#2389=DIRECTION('ref_axis',(-0.963525491562421,0.267616567329817,0.));
#2390=DIRECTION('center_axis',(0.,0.,-1.));
#2391=DIRECTION('ref_axis',(-0.963525491562421,0.267616567329817,0.));
#2392=DIRECTION('',(0.,0.,1.));
#2393=DIRECTION('center_axis',(0.,0.,-1.));
#2394=DIRECTION('ref_axis',(-0.963525491562421,0.267616567329817,0.));
#2395=DIRECTION('center_axis',(0.,0.,1.));
#2396=DIRECTION('ref_axis',(-0.963525491562421,0.267616567329818,0.));
#2397=DIRECTION('center_axis',(0.,0.,1.));
#2398=DIRECTION('ref_axis',(-0.963525491562421,0.267616567329818,0.));
#2399=DIRECTION('',(0.,0.,1.));
#2400=DIRECTION('center_axis',(0.,0.,1.));
#2401=DIRECTION('ref_axis',(-0.963525491562421,0.267616567329818,0.));
#2402=DIRECTION('center_axis',(0.,0.,1.));
#2403=DIRECTION('ref_axis',(0.729258063053443,0.684238757650822,0.));
#2404=DIRECTION('center_axis',(0.,0.,-1.));
#2405=DIRECTION('ref_axis',(0.729258063053443,0.684238757650822,0.));
#2406=DIRECTION('',(0.,0.,1.));
#2407=DIRECTION('center_axis',(0.,0.,-1.));
#2408=DIRECTION('ref_axis',(0.729258063053443,0.684238757650822,0.));
#2409=DIRECTION('center_axis',(0.,0.,1.));
#2410=DIRECTION('ref_axis',(0.178820802464244,0.983881659858564,0.));
#2411=DIRECTION('center_axis',(0.,0.,-1.));
#2412=DIRECTION('ref_axis',(0.178820802464244,0.983881659858564,0.));
#2413=DIRECTION('',(0.,0.,1.));
#2414=DIRECTION('center_axis',(0.,0.,-1.));
#2415=DIRECTION('ref_axis',(0.178820802464244,0.983881659858564,0.));
#2416=DIRECTION('center_axis',(0.,0.,1.));
#2417=DIRECTION('ref_axis',(0.0448852304166073,-0.998992150164579,0.));
#2418=DIRECTION('center_axis',(0.,0.,1.));
#2419=DIRECTION('ref_axis',(0.0448852304166073,-0.998992150164579,0.));
#2420=DIRECTION('',(0.,0.,1.));
#2421=DIRECTION('center_axis',(0.,0.,1.));
#2422=DIRECTION('ref_axis',(0.0448852304166073,-0.998992150164579,0.));
#2423=DIRECTION('center_axis',(0.,0.,1.));
#2424=DIRECTION('ref_axis',(-0.804667731009359,-0.593725393319378,0.));
#2425=DIRECTION('center_axis',(0.,0.,1.));
#2426=DIRECTION('ref_axis',(-0.804667731009359,-0.593725393319378,0.));
#2427=DIRECTION('center_axis',(0.,0.,1.));
#2428=DIRECTION('ref_axis',(-0.804667731009359,-0.593725393319378,0.));
#2429=DIRECTION('center_axis',(0.,0.,-1.));
#2430=DIRECTION('ref_axis',(-1.,0.,0.));
#2431=DIRECTION('center_axis',(0.,0.,1.));
#2432=DIRECTION('ref_axis',(-0.724988839474822,0.688760613447772,0.));
#2433=DIRECTION('center_axis',(0.,0.,1.));
#2434=DIRECTION('ref_axis',(-0.724988839474822,0.688760613447772,0.));
#2435=DIRECTION('',(0.,0.,1.));
#2436=DIRECTION('center_axis',(0.,0.,1.));
#2437=DIRECTION('ref_axis',(-0.724988839474822,0.688760613447772,0.));
#2438=DIRECTION('',(0.,0.,1.));
#2439=DIRECTION('center_axis',(0.,0.,1.));
#2440=DIRECTION('ref_axis',(0.713525491562421,0.700629269222037,0.));
#2441=DIRECTION('center_axis',(0.,0.,-1.));
#2442=DIRECTION('ref_axis',(0.713525491562421,0.700629269222037,0.));
#2443=DIRECTION('',(0.,0.,1.));
#2444=DIRECTION('center_axis',(0.,0.,-1.));
#2445=DIRECTION('ref_axis',(0.713525491562421,0.700629269222037,0.));
#2446=DIRECTION('center_axis',(0.,0.,1.));
#2447=DIRECTION('ref_axis',(0.713525491562421,0.700629269222037,0.));
#2448=DIRECTION('center_axis',(0.,0.,1.));
#2449=DIRECTION('ref_axis',(0.713525491562421,0.700629269222037,0.));
#2450=DIRECTION('',(0.,0.,1.));
#2451=DIRECTION('center_axis',(0.,0.,1.));
#2452=DIRECTION('ref_axis',(0.713525491562421,0.700629269222037,0.));
#2453=DIRECTION('center_axis',(0.,0.,1.));
#2454=DIRECTION('ref_axis',(0.227939114852796,-0.973675387344326,0.));
#2455=DIRECTION('center_axis',(0.,0.,-1.));
#2456=DIRECTION('ref_axis',(0.227939114852796,-0.973675387344326,0.));
#2457=DIRECTION('',(0.,0.,1.));
#2458=DIRECTION('center_axis',(0.,0.,-1.));
#2459=DIRECTION('ref_axis',(0.227939114852796,-0.973675387344326,0.));
#2460=DIRECTION('center_axis',(0.,0.,1.));
#2461=DIRECTION('ref_axis',(0.762656110522996,-0.646804187588436,0.));
#2462=DIRECTION('center_axis',(0.,0.,-1.));
#2463=DIRECTION('ref_axis',(0.762656110522996,-0.646804187588436,0.));
#2464=DIRECTION('',(0.,0.,1.));
#2465=DIRECTION('center_axis',(0.,0.,-1.));
#2466=DIRECTION('ref_axis',(0.762656110522996,-0.646804187588436,0.));
#2467=DIRECTION('center_axis',(0.,0.,1.));
#2468=DIRECTION('ref_axis',(-0.887595195432068,0.460624325286789,0.));
#2469=DIRECTION('center_axis',(0.,0.,1.));
#2470=DIRECTION('ref_axis',(-0.887595195432068,0.460624325286789,0.));
#2471=DIRECTION('',(0.,0.,1.));
#2472=DIRECTION('center_axis',(0.,0.,1.));
#2473=DIRECTION('ref_axis',(-0.887595195432068,0.460624325286789,0.));
#2474=DIRECTION('center_axis',(0.,0.,1.));
#2475=DIRECTION('ref_axis',(-0.11184740798181,0.993725393319377,0.));
#2476=DIRECTION('center_axis',(0.,0.,1.));
#2477=DIRECTION('ref_axis',(-0.11184740798181,0.993725393319377,0.));
#2478=DIRECTION('center_axis',(0.,0.,1.));
#2479=DIRECTION('ref_axis',(-0.11184740798181,0.993725393319377,0.));
#2480=DIRECTION('center_axis',(0.,0.,-1.));
#2481=DIRECTION('ref_axis',(-1.,0.,0.));
#2482=DIRECTION('center_axis',(0.,0.,1.));
#2483=DIRECTION('ref_axis',(0.233989768634514,0.97223905916928,0.));
#2484=DIRECTION('center_axis',(0.,0.,1.));
#2485=DIRECTION('ref_axis',(0.233989768634514,0.97223905916928,0.));
#2486=DIRECTION('',(0.,0.,1.));
#2487=DIRECTION('center_axis',(0.,0.,1.));
#2488=DIRECTION('ref_axis',(0.233989768634514,0.97223905916928,0.));
#2489=DIRECTION('',(0.,0.,1.));
#2490=DIRECTION('center_axis',(0.,0.,1.));
#2491=DIRECTION('ref_axis',(0.963525491562422,-0.267616567329817,0.));
#2492=DIRECTION('center_axis',(0.,0.,-1.));
#2493=DIRECTION('ref_axis',(0.963525491562422,-0.267616567329817,0.));
#2494=DIRECTION('',(0.,0.,1.));
#2495=DIRECTION('center_axis',(0.,0.,-1.));
#2496=DIRECTION('ref_axis',(0.963525491562422,-0.267616567329817,0.));
#2497=DIRECTION('center_axis',(0.,0.,1.));
#2498=DIRECTION('ref_axis',(0.963525491562421,-0.267616567329817,0.));
#2499=DIRECTION('center_axis',(0.,0.,1.));
#2500=DIRECTION('ref_axis',(0.963525491562421,-0.267616567329817,0.));
#2501=DIRECTION('',(0.,0.,1.));
#2502=DIRECTION('center_axis',(0.,0.,1.));
#2503=DIRECTION('ref_axis',(0.963525491562421,-0.267616567329817,0.));
#2504=DIRECTION('center_axis',(0.,0.,1.));
#2505=DIRECTION('ref_axis',(-0.729258063053442,-0.684238757650823,0.));
#2506=DIRECTION('center_axis',(0.,0.,-1.));
#2507=DIRECTION('ref_axis',(-0.729258063053442,-0.684238757650823,0.));
#2508=DIRECTION('',(0.,0.,1.));
#2509=DIRECTION('center_axis',(0.,0.,-1.));
#2510=DIRECTION('ref_axis',(-0.729258063053442,-0.684238757650823,0.));
#2511=DIRECTION('center_axis',(0.,0.,1.));
#2512=DIRECTION('ref_axis',(-0.178820802464243,-0.983881659858564,0.));
#2513=DIRECTION('center_axis',(0.,0.,-1.));
#2514=DIRECTION('ref_axis',(-0.178820802464243,-0.983881659858564,0.));
#2515=DIRECTION('',(0.,0.,1.));
#2516=DIRECTION('center_axis',(0.,0.,-1.));
#2517=DIRECTION('ref_axis',(-0.178820802464243,-0.983881659858564,0.));
#2518=DIRECTION('center_axis',(0.,0.,1.));
#2519=DIRECTION('ref_axis',(-0.0448852304166078,0.998992150164579,0.));
#2520=DIRECTION('center_axis',(0.,0.,1.));
#2521=DIRECTION('ref_axis',(-0.0448852304166078,0.998992150164579,0.));
#2522=DIRECTION('',(0.,0.,1.));
#2523=DIRECTION('center_axis',(0.,0.,1.));
#2524=DIRECTION('ref_axis',(-0.0448852304166078,0.998992150164579,0.));
#2525=DIRECTION('center_axis',(0.,0.,1.));
#2526=DIRECTION('ref_axis',(0.804667731009359,0.593725393319377,0.));
#2527=DIRECTION('center_axis',(0.,0.,1.));
#2528=DIRECTION('ref_axis',(0.804667731009359,0.593725393319377,0.));
#2529=DIRECTION('center_axis',(0.,0.,1.));
#2530=DIRECTION('ref_axis',(0.804667731009359,0.593725393319377,0.));
#2531=DIRECTION('center_axis',(0.,0.,-1.));
#2532=DIRECTION('ref_axis',(-1.,0.,0.));
#2533=DIRECTION('center_axis',(0.,0.,1.));
#2534=DIRECTION('ref_axis',(0.958978608109336,0.283478445721507,0.));
#2535=DIRECTION('center_axis',(0.,0.,1.));
#2536=DIRECTION('ref_axis',(0.958978608109336,0.283478445721507,0.));
#2537=DIRECTION('',(0.,0.,1.));
#2538=DIRECTION('center_axis',(0.,0.,1.));
#2539=DIRECTION('ref_axis',(0.958978608109336,0.283478445721507,0.));
#2540=DIRECTION('',(0.,0.,1.));
#2541=DIRECTION('center_axis',(0.,0.,1.));
#2542=DIRECTION('ref_axis',(0.25,-0.968245836551854,0.));
#2543=DIRECTION('center_axis',(0.,0.,-1.));
#2544=DIRECTION('ref_axis',(0.25,-0.968245836551854,0.));
#2545=DIRECTION('',(0.,0.,1.));
#2546=DIRECTION('center_axis',(0.,0.,-1.));
#2547=DIRECTION('ref_axis',(0.25,-0.968245836551854,0.));
#2548=DIRECTION('center_axis',(0.,0.,1.));
#2549=DIRECTION('ref_axis',(0.25,-0.968245836551854,0.));
#2550=DIRECTION('center_axis',(0.,0.,1.));
#2551=DIRECTION('ref_axis',(0.25,-0.968245836551854,0.));
#2552=DIRECTION('',(0.,0.,1.));
#2553=DIRECTION('center_axis',(0.,0.,1.));
#2554=DIRECTION('ref_axis',(0.25,-0.968245836551854,0.));
#2555=DIRECTION('center_axis',(0.,0.,1.));
#2556=DIRECTION('ref_axis',(-0.957197177906238,0.289436629693504,0.));
#2557=DIRECTION('center_axis',(0.,0.,-1.));
#2558=DIRECTION('ref_axis',(-0.957197177906238,0.289436629693504,0.));
#2559=DIRECTION('',(0.,0.,1.));
#2560=DIRECTION('center_axis',(0.,0.,-1.));
#2561=DIRECTION('ref_axis',(-0.957197177906238,0.289436629693504,0.));
#2562=DIRECTION('center_axis',(0.,0.,1.));
#2563=DIRECTION('ref_axis',(-0.941476912987239,-0.337077472270128,0.));
#2564=DIRECTION('center_axis',(0.,0.,-1.));
#2565=DIRECTION('ref_axis',(-0.941476912987239,-0.337077472270128,0.));
#2566=DIRECTION('',(0.,0.,1.));
#2567=DIRECTION('center_axis',(0.,0.,-1.));
#2568=DIRECTION('ref_axis',(-0.941476912987239,-0.337077472270128,0.));
#2569=DIRECTION('center_axis',(0.,0.,1.));
#2570=DIRECTION('ref_axis',(0.842709965015461,0.538367824877788,0.));
#2571=DIRECTION('center_axis',(0.,0.,1.));
#2572=DIRECTION('ref_axis',(0.842709965015461,0.538367824877788,0.));
#2573=DIRECTION('',(0.,0.,1.));
#2574=DIRECTION('center_axis',(0.,0.,1.));
#2575=DIRECTION('ref_axis',(0.842709965015461,0.538367824877788,0.));
#2576=DIRECTION('center_axis',(0.,0.,1.));
#2577=DIRECTION('ref_axis',(0.916515138991168,-0.4,0.));
#2578=DIRECTION('center_axis',(0.,0.,1.));
#2579=DIRECTION('ref_axis',(0.916515138991168,-0.4,0.));
#2580=DIRECTION('center_axis',(0.,0.,1.));
#2581=DIRECTION('ref_axis',(0.916515138991168,-0.4,0.));
#2582=DIRECTION('center_axis',(0.,0.,-1.));
#2583=DIRECTION('ref_axis',(-1.,0.,0.));
#2584=DIRECTION('center_axis',(0.,0.,1.));
#2585=DIRECTION('ref_axis',(0.724988839474822,-0.688760613447772,0.));
#2586=DIRECTION('center_axis',(0.,0.,1.));
#2587=DIRECTION('ref_axis',(0.724988839474822,-0.688760613447772,0.));
#2588=DIRECTION('',(0.,0.,1.));
#2589=DIRECTION('center_axis',(0.,0.,1.));
#2590=DIRECTION('ref_axis',(0.724988839474822,-0.688760613447772,0.));
#2591=DIRECTION('',(0.,0.,1.));
#2592=DIRECTION('center_axis',(0.,0.,1.));
#2593=DIRECTION('ref_axis',(-0.713525491562421,-0.700629269222037,0.));
#2594=DIRECTION('center_axis',(0.,0.,-1.));
#2595=DIRECTION('ref_axis',(-0.713525491562421,-0.700629269222037,0.));
#2596=DIRECTION('',(0.,0.,1.));
#2597=DIRECTION('center_axis',(0.,0.,-1.));
#2598=DIRECTION('ref_axis',(-0.713525491562421,-0.700629269222037,0.));
#2599=DIRECTION('center_axis',(0.,0.,1.));
#2600=DIRECTION('ref_axis',(-0.713525491562421,-0.700629269222037,0.));
#2601=DIRECTION('center_axis',(0.,0.,1.));
#2602=DIRECTION('ref_axis',(-0.713525491562421,-0.700629269222037,0.));
#2603=DIRECTION('',(0.,0.,1.));
#2604=DIRECTION('center_axis',(0.,0.,1.));
#2605=DIRECTION('ref_axis',(-0.713525491562421,-0.700629269222037,0.));
#2606=DIRECTION('center_axis',(0.,0.,1.));
#2607=DIRECTION('ref_axis',(-0.227939114852796,0.973675387344326,0.));
#2608=DIRECTION('center_axis',(0.,0.,-1.));
#2609=DIRECTION('ref_axis',(-0.227939114852796,0.973675387344326,0.));
#2610=DIRECTION('',(0.,0.,1.));
#2611=DIRECTION('center_axis',(0.,0.,-1.));
#2612=DIRECTION('ref_axis',(-0.227939114852796,0.973675387344326,0.));
#2613=DIRECTION('center_axis',(0.,0.,1.));
#2614=DIRECTION('ref_axis',(-0.762656110522995,0.646804187588437,0.));
#2615=DIRECTION('center_axis',(0.,0.,-1.));
#2616=DIRECTION('ref_axis',(-0.762656110522995,0.646804187588437,0.));
#2617=DIRECTION('',(0.,0.,1.));
#2618=DIRECTION('center_axis',(0.,0.,-1.));
#2619=DIRECTION('ref_axis',(-0.762656110522995,0.646804187588437,0.));
#2620=DIRECTION('center_axis',(0.,0.,1.));
#2621=DIRECTION('ref_axis',(0.887595195432067,-0.46062432528679,0.));
#2622=DIRECTION('center_axis',(0.,0.,1.));
#2623=DIRECTION('ref_axis',(0.887595195432067,-0.46062432528679,0.));
#2624=DIRECTION('',(0.,0.,1.));
#2625=DIRECTION('center_axis',(0.,0.,1.));
#2626=DIRECTION('ref_axis',(0.887595195432067,-0.46062432528679,0.));
#2627=DIRECTION('center_axis',(0.,0.,1.));
#2628=DIRECTION('ref_axis',(0.111847407981809,-0.993725393319377,0.));
#2629=DIRECTION('center_axis',(0.,0.,1.));
#2630=DIRECTION('ref_axis',(0.111847407981809,-0.993725393319377,0.));
#2631=DIRECTION('center_axis',(0.,0.,1.));
#2632=DIRECTION('ref_axis',(0.111847407981809,-0.993725393319377,0.));
#2633=DIRECTION('center_axis',(0.,0.,-1.));
#2634=DIRECTION('ref_axis',(-1.,0.,0.));
#2635=DIRECTION('center_axis',(0.,0.,1.));
#2636=DIRECTION('ref_axis',(-0.958978608109336,-0.283478445721507,0.));
#2637=DIRECTION('center_axis',(0.,0.,1.));
#2638=DIRECTION('ref_axis',(-0.958978608109336,-0.283478445721507,0.));
#2639=DIRECTION('',(0.,0.,1.));
#2640=DIRECTION('center_axis',(0.,0.,1.));
#2641=DIRECTION('ref_axis',(-0.958978608109336,-0.283478445721507,0.));
#2642=DIRECTION('',(0.,0.,1.));
#2643=DIRECTION('center_axis',(0.,0.,1.));
#2644=DIRECTION('ref_axis',(-0.250000000000001,0.968245836551854,0.));
#2645=DIRECTION('center_axis',(0.,0.,-1.));
#2646=DIRECTION('ref_axis',(-0.250000000000001,0.968245836551854,0.));
#2647=DIRECTION('',(0.,0.,1.));
#2648=DIRECTION('center_axis',(0.,0.,-1.));
#2649=DIRECTION('ref_axis',(-0.250000000000001,0.968245836551854,0.));
#2650=DIRECTION('center_axis',(0.,0.,1.));
#2651=DIRECTION('ref_axis',(-0.25,0.968245836551854,0.));
#2652=DIRECTION('center_axis',(0.,0.,1.));
#2653=DIRECTION('ref_axis',(-0.25,0.968245836551854,0.));
#2654=DIRECTION('',(0.,0.,1.));
#2655=DIRECTION('center_axis',(0.,0.,1.));
#2656=DIRECTION('ref_axis',(-0.25,0.968245836551854,0.));
#2657=DIRECTION('center_axis',(0.,0.,1.));
#2658=DIRECTION('ref_axis',(0.957197177906238,-0.289436629693503,0.));
#2659=DIRECTION('center_axis',(0.,0.,-1.));
#2660=DIRECTION('ref_axis',(0.957197177906238,-0.289436629693503,0.));
#2661=DIRECTION('',(0.,0.,1.));
#2662=DIRECTION('center_axis',(0.,0.,-1.));
#2663=DIRECTION('ref_axis',(0.957197177906238,-0.289436629693503,0.));
#2664=DIRECTION('center_axis',(0.,0.,1.));
#2665=DIRECTION('ref_axis',(0.941476912987239,0.337077472270128,0.));
#2666=DIRECTION('center_axis',(0.,0.,-1.));
#2667=DIRECTION('ref_axis',(0.941476912987239,0.337077472270128,0.));
#2668=DIRECTION('',(0.,0.,1.));
#2669=DIRECTION('center_axis',(0.,0.,-1.));
#2670=DIRECTION('ref_axis',(0.941476912987239,0.337077472270128,0.));
#2671=DIRECTION('center_axis',(0.,0.,1.));
#2672=DIRECTION('ref_axis',(-0.84270996501546,-0.538367824877789,0.));
#2673=DIRECTION('center_axis',(0.,0.,1.));
#2674=DIRECTION('ref_axis',(-0.84270996501546,-0.538367824877789,0.));
#2675=DIRECTION('',(0.,0.,1.));
#2676=DIRECTION('center_axis',(0.,0.,1.));
#2677=DIRECTION('ref_axis',(-0.84270996501546,-0.538367824877789,0.));
#2678=DIRECTION('center_axis',(0.,0.,1.));
#2679=DIRECTION('ref_axis',(-0.916515138991168,0.4,0.));
#2680=DIRECTION('center_axis',(0.,0.,1.));
#2681=DIRECTION('ref_axis',(-0.916515138991168,0.4,0.));
#2682=DIRECTION('center_axis',(0.,0.,1.));
#2683=DIRECTION('ref_axis',(-0.916515138991168,0.4,0.));
#2684=DIRECTION('center_axis',(0.,0.,-1.));
#2685=DIRECTION('ref_axis',(-1.,0.,0.));
#2686=DIRECTION('center_axis',(0.,0.,-1.));
#2687=DIRECTION('ref_axis',(-1.,0.,0.));
#2688=DIRECTION('center_axis',(0.,0.,-1.));
#2689=DIRECTION('ref_axis',(1.,0.,0.));
#2690=DIRECTION('center_axis',(0.,-1.,0.));
#2691=DIRECTION('ref_axis',(1.,0.,0.));
#2692=DIRECTION('center_axis',(0.,0.,1.));
#2693=DIRECTION('ref_axis',(1.,0.,0.));
#2694=DIRECTION('center_axis',(0.,0.,-1.));
#2695=DIRECTION('ref_axis',(1.,0.,0.));
#2696=DIRECTION('center_axis',(0.,0.,-1.));
#2697=DIRECTION('ref_axis',(1.,0.,0.));
#2698=DIRECTION('',(0.,0.,1.));
#2699=DIRECTION('center_axis',(0.,0.,1.));
#2700=DIRECTION('ref_axis',(1.,0.,0.));
#2701=DIRECTION('center_axis',(0.,0.,-1.));
#2702=DIRECTION('ref_axis',(-1.,0.,0.));
#2703=DIRECTION('',(1.,0.,0.));
#2704=DIRECTION('',(-0.573576436351046,0.819152044288992,0.));
#2705=DIRECTION('',(-0.573576436351046,-0.819152044288992,0.));
#2706=DIRECTION('',(0.342020143325669,-0.939692620785909,0.));
#2707=DIRECTION('center_axis',(0.,0.,-1.));
#2708=DIRECTION('ref_axis',(-1.,0.,0.));
#2709=DIRECTION('center_axis',(0.,0.,1.));
#2710=DIRECTION('ref_axis',(-1.,0.,0.));
#2711=DIRECTION('',(0.,0.,1.));
#2712=DIRECTION('center_axis',(0.,0.,-1.));
#2713=DIRECTION('ref_axis',(-1.,0.,0.));
#2714=DIRECTION('center_axis',(0.,0.,1.));
#2715=DIRECTION('ref_axis',(1.,0.,0.));
#2716=DIRECTION('center_axis',(0.,0.,-1.));
#2717=DIRECTION('ref_axis',(-1.,0.,0.));
#2718=DIRECTION('center_axis',(0.815881673702325,0.296956643910936,0.496138938356834));
#2719=DIRECTION('ref_axis',(-0.466218099258471,-0.169689510806249,0.868243142124459));
#2720=DIRECTION('',(0.,0.,1.));
#2721=DIRECTION('center_axis',(0.,0.,-1.));
#2722=DIRECTION('ref_axis',(-1.,0.,0.));
#2723=DIRECTION('center_axis',(0.,0.,-1.));
#2724=DIRECTION('ref_axis',(1.,0.,0.));
#2725=DIRECTION('center_axis',(0.,0.,1.));
#2726=DIRECTION('ref_axis',(1.,0.,0.));
#2727=DIRECTION('center_axis',(-0.815881673702325,-0.296956643910936,-0.496138938356834));
#2728=DIRECTION('ref_axis',(0.466218099258472,0.169689510806249,-0.868243142124459));
#2729=DIRECTION('center_axis',(0.,0.,1.));
#2730=DIRECTION('ref_axis',(1.,0.,0.));
#2731=DIRECTION('center_axis',(-0.939692620785908,-0.342020143325669,0.));
#2732=DIRECTION('ref_axis',(-0.342020143325669,0.939692620785909,0.));
#2733=DIRECTION('',(0.,0.,-1.));
#2734=DIRECTION('',(-0.342020143325669,0.939692620785909,-1.11886302282795E-16));
#2735=DIRECTION('',(0.,0.,1.));
#2736=DIRECTION('',(-0.342020143325669,0.939692620785909,0.));
#2737=DIRECTION('center_axis',(-0.815881673702325,-0.296956643910936,-0.496138938356834));
#2738=DIRECTION('ref_axis',(-0.519576535402911,0.,0.854423913440341));
#2739=DIRECTION('',(-0.342020143325669,0.939692620785909,-1.11886302282795E-16));
#2740=DIRECTION('',(0.328161738757154,0.468663533095055,-0.820161182916347));
#2741=DIRECTION('',(-0.536933795640036,0.0706886752350909,0.84065760586168));
#2742=DIRECTION('center_axis',(0.,0.,-1.));
#2743=DIRECTION('ref_axis',(-1.,0.,0.));
#2744=DIRECTION('center_axis',(0.,-0.868243142124459,0.496138938356834));
#2745=DIRECTION('ref_axis',(0.,0.496138938356834,0.868243142124459));
#2746=DIRECTION('',(0.,0.,1.));
#2747=DIRECTION('center_axis',(0.,0.,-1.));
#2748=DIRECTION('ref_axis',(-1.,0.,0.));
#2749=DIRECTION('center_axis',(0.,0.,-1.));
#2750=DIRECTION('ref_axis',(1.,0.,0.));
#2751=DIRECTION('center_axis',(0.,0.,1.));
#2752=DIRECTION('ref_axis',(1.,0.,0.));
#2753=DIRECTION('center_axis',(0.,0.,1.));
#2754=DIRECTION('ref_axis',(1.,0.,0.));
#2755=DIRECTION('center_axis',(0.,1.,0.));
#2756=DIRECTION('ref_axis',(1.,0.,0.));
#2757=DIRECTION('',(1.,0.,0.));
#2758=DIRECTION('',(0.,0.,-1.));
#2759=DIRECTION('center_axis',(0.,0.868243142124459,-0.496138938356834));
#2760=DIRECTION('ref_axis',(0.,0.496138938356834,0.868243142124459));
#2761=DIRECTION('center_axis',(-0.75679780772902,0.529915529873523,-0.382683432376439));
#2762=DIRECTION('ref_axis',(-0.451250797128351,0.,0.892397175080148));
#2763=DIRECTION('',(0.195373351807428,-0.375308716929184,-0.906075394434978));
#2764=DIRECTION('',(-0.573576436352386,-0.819152044288054,1.63521204340767E-12));
#2765=DIRECTION('',(-0.154336862309496,0.424037044184817,0.892397175080392));
#2766=DIRECTION('',(0.573576436352386,0.819152044288054,-1.63525129571913E-12));
#2767=DIRECTION('center_axis',(-0.939692620785908,-0.342020143325669,0.));
#2768=DIRECTION('ref_axis',(-0.342020143325669,0.939692620785909,0.));
#2769=DIRECTION('',(-0.264583130647116,0.726936177021563,0.633687274224633));
#2770=DIRECTION('',(-0.342020143325669,0.939692620785909,0.));
#2771=DIRECTION('',(0.,0.,-1.));
#2772=DIRECTION('',(-0.342020143325669,0.939692620785909,0.));
#2773=DIRECTION('',(-0.264583130646993,0.726936177021225,0.633687274225072));
#2774=DIRECTION('center_axis',(-0.579227965339563,0.405579787672634,-0.707106781186556));
#2775=DIRECTION('ref_axis',(-0.773589321594962,0.,0.633687274224633));
#2776=DIRECTION('',(0.345437164176736,-0.663578618411651,-0.663578618396056));
#2777=DIRECTION('',(0.573576436351046,0.819152044288992,0.));
#2778=DIRECTION('center_axis',(-0.579227965338903,0.405579787673584,-0.707106781186551));
#2779=DIRECTION('ref_axis',(-0.773589321595314,0.,0.633687274224204));
#2780=DIRECTION('',(-0.573576436352386,-0.819152044288054,0.));
#2781=DIRECTION('',(-0.264583130646197,0.726936177021798,0.633687274224748));
#2782=DIRECTION('',(0.573576436352386,0.819152044288054,0.));
#2783=DIRECTION('center_axis',(-0.939692620786326,-0.342020143324522,0.));
#2784=DIRECTION('ref_axis',(0.342020143324522,-0.939692620786326,0.));
#2785=DIRECTION('',(-0.342020143324522,0.939692620786326,0.));
#2786=DIRECTION('',(0.,0.,1.));
#2787=DIRECTION('',(0.342020143324522,-0.939692620786326,0.));
#2788=DIRECTION('',(0.,0.,1.));
#2789=DIRECTION('center_axis',(0.,0.,-1.));
#2790=DIRECTION('ref_axis',(-1.,0.,0.));
#2791=DIRECTION('',(-1.,0.,0.));
#2792=DIRECTION('',(-0.342020143325669,-0.939692620785908,0.));
#2793=DIRECTION('',(0.573576436351046,-0.819152044288992,0.));
#2794=DIRECTION('',(0.46174861334006,0.887010833123549,0.));
#2795=DIRECTION('',(0.57357643634697,-0.819152044291846,0.));
#2796=DIRECTION('',(-0.34202014332789,-0.9396926207851,0.));
#2797=DIRECTION('',(-1.,2.28343287056417E-12,0.));
#2798=DIRECTION('center_axis',(0.,-0.868243142124459,-0.496138938356834));
#2799=DIRECTION('ref_axis',(0.,0.496138938356834,-0.868243142124459));
#2800=DIRECTION('',(-1.,0.,0.));
#2801=DIRECTION('center_axis',(0.815881673702325,-0.296956643910937,-0.496138938356834));
#2802=DIRECTION('ref_axis',(-0.519576535402911,0.,-0.854423913440341));
#2803=DIRECTION('center_axis',(0.711223144811148,0.498003807345982,-0.496138938356834));
#2804=DIRECTION('ref_axis',(-0.572132531881607,0.,-0.820161182916347));
#2805=DIRECTION('',(0.573576436351046,-0.819152044288992,-1.11886302282795E-16));
#2806=DIRECTION('center_axis',(0.,0.868243142124459,-0.496138938356834));
#2807=DIRECTION('ref_axis',(0.,0.496138938356834,0.868243142124459));
#2808=DIRECTION('center_axis',(-0.711223144811148,0.498003807345982,-0.496138938356834));
#2809=DIRECTION('ref_axis',(-0.572132531881607,0.,0.820161182916347));
#2810=DIRECTION('',(0.573576436351046,0.819152044288992,0.));
#2811=DIRECTION('center_axis',(-0.815881673702325,-0.296956643910936,-0.496138938356834));
#2812=DIRECTION('ref_axis',(-0.519576535402911,0.,0.854423913440341));
#2813=DIRECTION('center_axis',(-0.819152044288992,0.573576436351046,0.));
#2814=DIRECTION('ref_axis',(0.573576436351046,0.819152044288992,0.));
#2815=DIRECTION('',(0.,0.,-1.));
#2816=DIRECTION('',(0.573576436351046,0.819152044288992,0.));
#2817=DIRECTION('center_axis',(-0.939692620785908,-0.342020143325669,0.));
#2818=DIRECTION('ref_axis',(-0.342020143325669,0.939692620785909,0.));
#2819=DIRECTION('',(-0.342020143325669,0.939692620785909,0.));
#2820=DIRECTION('',(0.,0.,1.));
#2821=DIRECTION('center_axis',(0.,-1.,0.));
#2822=DIRECTION('ref_axis',(-1.,0.,0.));
#2823=DIRECTION('',(-1.,0.,0.));
#2824=DIRECTION('center_axis',(0.,0.,-1.));
#2825=DIRECTION('ref_axis',(-1.,0.,0.));
#2826=DIRECTION('center_axis',(0.939692620785908,-0.342020143325669,0.));
#2827=DIRECTION('ref_axis',(-0.342020143325669,-0.939692620785908,0.));
#2828=DIRECTION('',(-0.342020143325669,-0.939692620785908,0.));
#2829=DIRECTION('',(0.,0.,1.));
#2830=DIRECTION('center_axis',(0.819152044288992,0.573576436351046,0.));
#2831=DIRECTION('ref_axis',(0.573576436351046,-0.819152044288992,0.));
#2832=DIRECTION('',(0.573576436351046,-0.819152044288992,0.));
#2833=DIRECTION('center_axis',(0.,1.,0.));
#2834=DIRECTION('ref_axis',(1.,0.,0.));
#2835=DIRECTION('',(1.,0.,0.));
#2836=DIRECTION('center_axis',(0.,-0.868243142124459,-0.496138938356834));
#2837=DIRECTION('ref_axis',(0.,0.496138938356834,-0.868243142124459));
#2838=DIRECTION('',(1.,0.,0.));
#2839=DIRECTION('',(0.328161738757153,-0.468663533095055,0.820161182916347));
#2840=DIRECTION('',(-1.,0.,0.));
#2841=DIRECTION('',(-0.328161738757154,-0.468663533095055,0.820161182916347));
#2842=DIRECTION('center_axis',(0.815881673702325,-0.296956643910937,-0.496138938356834));
#2843=DIRECTION('ref_axis',(-0.519576535402911,0.,-0.854423913440341));
#2844=DIRECTION('',(0.342020143325669,0.939692620785908,0.));
#2845=DIRECTION('',(0.536933795640036,0.0706886752350915,0.84065760586168));
#2846=DIRECTION('',(-0.342020143325669,-0.939692620785908,0.));
#2847=DIRECTION('center_axis',(0.711223144811148,0.498003807345982,-0.496138938356834));
#2848=DIRECTION('ref_axis',(-0.572132531881607,0.,-0.820161182916347));
#2849=DIRECTION('',(-0.573576436351046,0.819152044288992,0.));
#2850=DIRECTION('',(0.250067800232747,0.480375774778103,0.84065760586168));
#2851=DIRECTION('',(0.573576436351046,-0.819152044288992,0.));
#2852=DIRECTION('center_axis',(0.,0.868243142124459,-0.496138938356834));
#2853=DIRECTION('ref_axis',(0.,0.496138938356834,0.868243142124459));
#2854=DIRECTION('',(-1.,0.,0.));
#2855=DIRECTION('',(-0.250067800232747,0.480375774778103,0.84065760586168));
#2856=DIRECTION('',(1.,0.,0.));
#2857=DIRECTION('center_axis',(-0.711223144811148,0.498003807345982,-0.496138938356834));
#2858=DIRECTION('ref_axis',(-0.572132531881607,0.,0.820161182916347));
#2859=DIRECTION('',(-0.573576436351046,-0.819152044288992,0.));
#2860=DIRECTION('',(-0.536933795640036,0.0706886752350911,0.84065760586168));
#2861=DIRECTION('center_axis',(-0.815881673702325,-0.296956643910936,-0.496138938356834));
#2862=DIRECTION('ref_axis',(-0.519576535402911,0.,0.854423913440341));
#2863=DIRECTION('',(0.342020143325669,-0.939692620785908,0.));
#2864=DIRECTION('center_axis',(0.,-1.,0.));
#2865=DIRECTION('ref_axis',(-1.,0.,0.));
#2866=DIRECTION('',(0.,0.,-1.));
#2867=DIRECTION('center_axis',(0.,0.,-1.));
#2868=DIRECTION('ref_axis',(-1.,0.,0.));
#2869=DIRECTION('center_axis',(0.939692620785908,-0.342020143325669,0.));
#2870=DIRECTION('ref_axis',(-0.342020143325669,-0.939692620785908,0.));
#2871=DIRECTION('',(0.,0.,-1.));
#2872=DIRECTION('center_axis',(0.819152044288992,0.573576436351046,0.));
#2873=DIRECTION('ref_axis',(0.573576436351046,-0.819152044288992,0.));
#2874=DIRECTION('',(0.,0.,-1.));
#2875=DIRECTION('center_axis',(0.,1.,0.));
#2876=DIRECTION('ref_axis',(1.,0.,0.));
#2877=DIRECTION('',(0.,0.,-1.));
#2878=DIRECTION('',(1.,0.,0.));
#2879=DIRECTION('',(0.,0.,-1.));
#2880=DIRECTION('center_axis',(0.,0.,-1.));
#2881=DIRECTION('ref_axis',(-1.,0.,0.));
#2882=DIRECTION('',(-0.461748613215031,0.887010833188635,0.));
#2883=DIRECTION('',(0.573576436351,0.819152044289024,0.));
#2884=DIRECTION('',(-0.342020143324995,0.939692620786153,0.));
#2885=DIRECTION('',(-1.,1.54492147074986E-12,0.));
#2886=DIRECTION('',(-0.342020143327539,-0.939692620785228,0.));
#2887=DIRECTION('',(0.573576436347014,-0.819152044291815,0.));
#2888=DIRECTION('',(-0.46174861334006,-0.887010833123549,0.));
#2889=DIRECTION('center_axis',(0.939692620786154,0.342020143324995,0.));
#2890=DIRECTION('ref_axis',(-0.342020143324995,0.939692620786153,0.));
#2891=DIRECTION('',(0.,0.,1.));
#2892=DIRECTION('',(-0.342020143324995,0.939692620786153,0.));
#2893=DIRECTION('',(0.,0.,1.));
#2894=DIRECTION('center_axis',(1.54492147074986E-12,1.,0.));
#2895=DIRECTION('ref_axis',(-1.,1.54492147074986E-12,0.));
#2896=DIRECTION('',(-1.,1.54492147074986E-12,0.));
#2897=DIRECTION('',(0.,0.,1.));
#2898=DIRECTION('center_axis',(-0.939692620785228,0.342020143327539,0.));
#2899=DIRECTION('ref_axis',(-0.342020143327539,-0.939692620785228,0.));
#2900=DIRECTION('',(-0.342020143327539,-0.939692620785228,0.));
#2901=DIRECTION('',(0.,0.,1.));
#2902=DIRECTION('center_axis',(-0.819152044291815,-0.573576436347014,0.));
#2903=DIRECTION('ref_axis',(0.573576436347014,-0.819152044291815,0.));
#2904=DIRECTION('',(0.573576436347014,-0.819152044291815,0.));
#2905=DIRECTION('',(0.,0.,1.));
#2906=DIRECTION('center_axis',(-0.887010833123549,0.46174861334006,0.));
#2907=DIRECTION('ref_axis',(-0.46174861334006,-0.887010833123549,0.));
#2908=DIRECTION('',(-0.46174861334006,-0.887010833123549,0.));
#2909=DIRECTION('',(0.,0.,1.));
#2910=DIRECTION('center_axis',(0.819152044291846,0.57357643634697,0.));
#2911=DIRECTION('ref_axis',(-0.57357643634697,0.819152044291846,0.));
#2912=DIRECTION('',(-0.57357643634697,0.819152044291846,0.));
#2913=DIRECTION('',(0.,0.,1.));
#2914=DIRECTION('center_axis',(0.9396926207851,-0.34202014332789,0.));
#2915=DIRECTION('ref_axis',(0.34202014332789,0.9396926207851,0.));
#2916=DIRECTION('',(0.34202014332789,0.9396926207851,0.));
#2917=DIRECTION('',(0.,0.,1.));
#2918=DIRECTION('center_axis',(-2.28343287056417E-12,-1.,0.));
#2919=DIRECTION('ref_axis',(1.,-2.28343287056417E-12,0.));
#2920=DIRECTION('',(1.,-2.28343287056417E-12,0.));
#2921=DIRECTION('center_axis',(-0.819152044288054,0.573576436352386,0.));
#2922=DIRECTION('ref_axis',(-0.573576436352386,-0.819152044288054,0.));
#2923=DIRECTION('',(-0.573576436352386,-0.819152044288054,0.));
#2924=DIRECTION('',(0.,0.,1.));
#2925=DIRECTION('center_axis',(0.887010833188635,0.461748613215031,0.));
#2926=DIRECTION('ref_axis',(-0.461748613215031,0.887010833188635,0.));
#2927=DIRECTION('',(-0.461748613215031,0.887010833188635,0.));
#2928=DIRECTION('',(0.,0.,1.));
#2929=DIRECTION('center_axis',(0.819152044289024,-0.573576436351,0.));
#2930=DIRECTION('ref_axis',(0.573576436351,0.819152044289024,0.));
#2931=DIRECTION('',(0.573576436351,0.819152044289024,0.));
#2932=DIRECTION('center_axis',(0.,0.,1.));
#2933=DIRECTION('ref_axis',(1.,0.,0.));
#2934=CARTESIAN_POINT('',(0.,0.,0.));
#2935=CARTESIAN_POINT('Origin',(-24.9999999999999,117.75,-15.25));
#2936=CARTESIAN_POINT('',(-28.4999999999999,117.75,-25.976653344388));
#2937=CARTESIAN_POINT('',(-28.4999999999999,117.75,-15.25));
#2938=CARTESIAN_POINT('',(-28.4999999999999,117.75,-15.25));
#2939=CARTESIAN_POINT('',(-24.9999999999999,121.25,-19.851653344388));
#2940=CARTESIAN_POINT('Origin',(-24.9999999999999,117.75,-25.976653344388));
#2941=CARTESIAN_POINT('',(-24.9999999999999,121.25,-15.25));
#2942=CARTESIAN_POINT('',(-24.9999999999999,121.25,-15.25));
#2943=CARTESIAN_POINT('Origin',(-24.9999999999999,117.75,-15.25));
#2944=CARTESIAN_POINT('Origin',(-65.2986992860129,55.7653689607046,-15.25));
#2945=CARTESIAN_POINT('',(-68.798699286013,55.7653689607046,-20.2210360420744));
#2946=CARTESIAN_POINT('',(-68.798699286013,55.7653689607046,-15.25));
#2947=CARTESIAN_POINT('',(-68.798699286013,55.7653689607046,-15.25));
#2948=CARTESIAN_POINT('',(-68.5876234587636,54.5682984590647,-19.851653344388));
#2949=CARTESIAN_POINT('Origin',(-65.2986992860129,55.7653689607046,-25.9766533443882));
#2950=CARTESIAN_POINT('',(-68.5876234587636,54.5682984590647,-15.25));
#2951=CARTESIAN_POINT('',(-68.5876234587636,54.5682984590647,-15.25));
#2952=CARTESIAN_POINT('Origin',(-65.2986992860129,55.7653689607046,-15.25));
#2953=CARTESIAN_POINT('Origin',(24.9999999999999,117.75,-15.25));
#2954=CARTESIAN_POINT('',(28.4999999999999,117.75,-25.976653344388));
#2955=CARTESIAN_POINT('',(28.4999999999999,117.75,-15.25));
#2956=CARTESIAN_POINT('',(28.4999999999999,117.75,-15.25));
#2957=CARTESIAN_POINT('',(24.9999999999999,121.25,-19.851653344388));
#2958=CARTESIAN_POINT('Origin',(24.9999999999999,117.75,-25.976653344388));
#2959=CARTESIAN_POINT('',(24.9999999999999,121.25,-15.25));
#2960=CARTESIAN_POINT('',(24.9999999999999,121.25,-15.25));
#2961=CARTESIAN_POINT('Origin',(24.9999999999999,117.75,-15.25));
#2962=CARTESIAN_POINT('Origin',(65.2986992860129,55.7653689607046,-15.25));
#2963=CARTESIAN_POINT('',(68.798699286013,55.7653689607046,-20.2210360420744));
#2964=CARTESIAN_POINT('',(68.798699286013,55.7653689607046,-15.25));
#2965=CARTESIAN_POINT('',(68.798699286013,55.7653689607046,-15.25));
#2966=CARTESIAN_POINT('',(68.5876234587636,54.5682984590647,-19.851653344388));
#2967=CARTESIAN_POINT('Origin',(65.2986992860129,55.7653689607046,-25.9766533443882));
#2968=CARTESIAN_POINT('',(68.5876234587636,54.5682984590647,-15.25));
#2969=CARTESIAN_POINT('',(68.5876234587636,54.5682984590647,-15.25));
#2970=CARTESIAN_POINT('Origin',(65.2986992860129,55.7653689607046,-15.25));
#2971=CARTESIAN_POINT('Origin',(65.2986992860129,55.7653689607046,-15.25));
#2972=CARTESIAN_POINT('',(63.9986992860129,55.7653689607046,-28.1144540566761));
#2973=CARTESIAN_POINT('Origin',(65.2986992860129,55.7653689607046,-25.9766533443882));
#2974=CARTESIAN_POINT('',(63.9986992860129,55.7653689607046,-15.25));
#2975=CARTESIAN_POINT('',(63.9986992860129,55.7653689607046,-15.25));
#2976=CARTESIAN_POINT('Origin',(65.2986992860129,55.7653689607046,-15.25));
#2977=CARTESIAN_POINT('Origin',(65.2986992860129,55.7653689607046,-15.25));
#2978=CARTESIAN_POINT('Origin',(65.2986992860129,55.7653689607046,-15.25));
#2979=CARTESIAN_POINT('Origin',(65.2986992860129,55.7653689607046,-25.9766533443882));
#2980=CARTESIAN_POINT('Origin',(65.2986992860129,55.7653689607046,-15.25));
#2981=CARTESIAN_POINT('Origin',(76.4894539025377,76.2783991756931,-15.25));
#2982=CARTESIAN_POINT('',(68.5876234587636,54.5682984590647,-15.25));
#2983=CARTESIAN_POINT('',(45.9056177695467,-7.75000000000001,-19.851653344388));
#2984=CARTESIAN_POINT('',(72.6834856762325,65.8215874147577,-19.8516533443881));
#2985=CARTESIAN_POINT('',(45.9056177695467,-7.75000000000001,-15.25));
#2986=CARTESIAN_POINT('',(45.9056177695467,-7.75000000000001,-15.25));
#2987=CARTESIAN_POINT('',(68.8775174499273,55.3647756538223,-15.25));
#2988=CARTESIAN_POINT('Origin',(59.6663076626935,58.7173818379569,-37.0057915924648));
#2989=CARTESIAN_POINT('',(32.3422589917722,11.6204838032068,-53.75));
#2990=CARTESIAN_POINT('',(54.5712800853456,72.6942173143802,-53.75));
#2991=CARTESIAN_POINT('',(46.8692485326956,51.5330595395473,-53.75));
#2992=CARTESIAN_POINT('',(34.9569392417198,7.88633341597623,-47.2152368223465));
#2993=CARTESIAN_POINT('',(76.2223872766772,75.5446396516514,-19.851653344388));
#2994=CARTESIAN_POINT('',(72.6834856762325,65.8215874147577,-19.8516533443881));
#2995=CARTESIAN_POINT('',(61.6594576293779,73.6273935913949,-42.652299664364));
#2996=CARTESIAN_POINT('Origin',(24.9999999999999,117.75,-15.25));
#2997=CARTESIAN_POINT('',(23.6999999999999,117.75,-25.976653344388));
#2998=CARTESIAN_POINT('Origin',(24.9999999999999,117.75,-25.976653344388));
#2999=CARTESIAN_POINT('',(23.6999999999999,117.75,-15.25));
#3000=CARTESIAN_POINT('',(23.6999999999999,117.75,-15.25));
#3001=CARTESIAN_POINT('Origin',(24.9999999999999,117.75,-15.25));
#3002=CARTESIAN_POINT('Origin',(24.9999999999999,117.75,-15.25));
#3003=CARTESIAN_POINT('Origin',(24.9999999999999,117.75,-15.25));
#3004=CARTESIAN_POINT('Origin',(24.9999999999999,117.75,-25.976653344388));
#3005=CARTESIAN_POINT('Origin',(24.9999999999999,117.75,-15.25));
#3006=CARTESIAN_POINT('Origin',(-45.,121.25,-15.25));
#3007=CARTESIAN_POINT('',(24.9999999999999,121.25,-15.25));
#3008=CARTESIAN_POINT('',(44.2191494241724,121.25,-19.851653344388));
#3009=CARTESIAN_POINT('',(-33.75,121.25,-19.851653344388));
#3010=CARTESIAN_POINT('',(44.2191494241724,121.25,-15.25));
#3011=CARTESIAN_POINT('',(44.2191494241724,121.25,-15.25));
#3012=CARTESIAN_POINT('',(-22.5,121.25,-15.25));
#3013=CARTESIAN_POINT('Origin',(-22.5,111.447635286813,-37.0057915924648));
#3014=CARTESIAN_POINT('',(34.1355138029766,101.879516196793,-53.75));
#3015=CARTESIAN_POINT('',(-34.1355138029766,101.879516196793,-53.75));
#3016=CARTESIAN_POINT('',(-11.25,101.879516196793,-53.75));
#3017=CARTESIAN_POINT('',(36.9320748603065,107.251660004907,-44.3487483358));
#3018=CARTESIAN_POINT('',(-33.75,121.25,-19.851653344388));
#3019=CARTESIAN_POINT('Origin',(-24.9999999999999,117.75,-25.976653344388));
#3020=CARTESIAN_POINT('',(-44.2191494241724,121.25,-19.851653344388));
#3021=CARTESIAN_POINT('',(-33.75,121.25,-19.851653344388));
#3022=CARTESIAN_POINT('',(-37.442388360941,108.231963118778,-42.6332178865257));
#3023=CARTESIAN_POINT('Origin',(-15.1534435340587,73.4516783226212,-55.25));
#3024=CARTESIAN_POINT('',(-30.0222143674963,76.2670059905653,-55.25));
#3025=CARTESIAN_POINT('',(-18.6944008608965,58.7388255338284,-55.25));
#3026=CARTESIAN_POINT('Origin',(-15.1534435340587,73.4516783226212,-55.25));
#3027=CARTESIAN_POINT('',(-30.0222143674963,76.2670059905653,-55.24));
#3028=CARTESIAN_POINT('',(-30.0222143674963,76.2670059905653,-55.25));
#3029=CARTESIAN_POINT('',(-18.6944008608965,58.7388255338284,-55.24));
#3030=CARTESIAN_POINT('Origin',(-15.1534435340587,73.4516783226212,-55.24));
#3031=CARTESIAN_POINT('',(-18.6944008608965,58.7388255338284,-55.25));
#3032=CARTESIAN_POINT('Origin',(-27.5658586943946,75.8019072836,-55.25));
#3033=CARTESIAN_POINT('',(-25.1570449654885,75.1328658652755,-55.25));
#3034=CARTESIAN_POINT('Origin',(-27.5658586943946,75.8019072836,-55.25));
#3035=CARTESIAN_POINT('',(-25.1570449654885,75.1328658652755,-55.24));
#3036=CARTESIAN_POINT('',(-25.1570449654885,75.1328658652755,-55.25));
#3037=CARTESIAN_POINT('Origin',(-27.5658586943946,75.8019072836,-55.24));
#3038=CARTESIAN_POINT('Origin',(-13.1129763209582,71.7876587736528,-55.25));
#3039=CARTESIAN_POINT('',(-11.5503459158659,84.1896016140742,-55.25));
#3040=CARTESIAN_POINT('Origin',(-13.1129763209582,71.7876587736528,-55.25));
#3041=CARTESIAN_POINT('',(-11.5503459158659,84.1896016140742,-55.24));
#3042=CARTESIAN_POINT('',(-11.5503459158659,84.1896016140742,-55.25));
#3043=CARTESIAN_POINT('Origin',(-13.1129763209582,71.7876587736528,-55.24));
#3044=CARTESIAN_POINT('Origin',(3.83102896814463,68.6355368180947,-55.25));
#3045=CARTESIAN_POINT('',(-12.1214911611494,53.6678139944829,-55.25));
#3046=CARTESIAN_POINT('Origin',(3.83102896814463,68.6355368180947,-55.25));
#3047=CARTESIAN_POINT('',(-12.1214911611494,53.6678139944829,-55.24));
#3048=CARTESIAN_POINT('',(-12.1214911611494,53.6678139944829,-55.25));
#3049=CARTESIAN_POINT('Origin',(3.83102896814463,68.6355368180947,-55.24));
#3050=CARTESIAN_POINT('Origin',(-3.00576537298139,62.2207984651182,-55.25));
#3051=CARTESIAN_POINT('',(-5.24102540378444,49.9222777168862,-55.25));
#3052=CARTESIAN_POINT('Origin',(-3.00576537298139,62.2207984651182,-55.25));
#3053=CARTESIAN_POINT('',(-5.24102540378444,49.9222777168862,-55.24));
#3054=CARTESIAN_POINT('',(-5.24102540378444,49.9222777168862,-55.25));
#3055=CARTESIAN_POINT('Origin',(-3.00576537298139,62.2207984651182,-55.24));
#3056=CARTESIAN_POINT('Origin',(-6.19483655013735,71.1508609078835,-55.25));
#3057=CARTESIAN_POINT('',(-16.8714822613266,52.7777355243853,-55.25));
#3058=CARTESIAN_POINT('Origin',(-6.19483655013735,71.1508609078835,-55.25));
#3059=CARTESIAN_POINT('',(-16.8714822613266,52.7777355243853,-55.24));
#3060=CARTESIAN_POINT('',(-16.8714822613266,52.7777355243853,-55.25));
#3061=CARTESIAN_POINT('Origin',(-6.19483655013735,71.1508609078835,-55.24));
#3062=CARTESIAN_POINT('Origin',(-9.32772228311385,58.3439110867545,-55.25));
#3063=CARTESIAN_POINT('Origin',(-9.32772228311385,58.3439110867545,-55.25));
#3064=CARTESIAN_POINT('Origin',(-9.32772228311385,58.3439110867545,-55.24));
#3065=CARTESIAN_POINT('Origin',(-17.7637134382834,67.0942598407681,-55.24));
#3066=CARTESIAN_POINT('Origin',(21.8242931293091,61.8974278939973,-55.25));
#3067=CARTESIAN_POINT('',(31.6968238264447,73.3664973248314,-55.25));
#3068=CARTESIAN_POINT('',(10.8530675154927,72.3204132871519,-55.25));
#3069=CARTESIAN_POINT('Origin',(21.8242931293091,61.8974278939973,-55.25));
#3070=CARTESIAN_POINT('',(31.6968238264447,73.3664973248314,-55.24));
#3071=CARTESIAN_POINT('',(31.6968238264447,73.3664973248314,-55.25));
#3072=CARTESIAN_POINT('',(10.8530675154927,72.3204132871519,-55.24));
#3073=CARTESIAN_POINT('Origin',(21.8242931293091,61.8974278939973,-55.24));
#3074=CARTESIAN_POINT('',(10.8530675154927,72.3204132871519,-55.25));
#3075=CARTESIAN_POINT('Origin',(30.0658586943946,71.4717802646778,-55.25));
#3076=CARTESIAN_POINT('',(28.2820449654885,69.7202070916227,-55.25));
#3077=CARTESIAN_POINT('Origin',(30.0658586943946,71.4717802646778,-55.25));
#3078=CARTESIAN_POINT('',(28.2820449654885,69.7202070916227,-55.24));
#3079=CARTESIAN_POINT('',(28.2820449654885,69.7202070916227,-55.25));
#3080=CARTESIAN_POINT('Origin',(30.0658586943946,71.4717802646778,-55.24));
#3081=CARTESIAN_POINT('Origin',(19.3629763209582,60.9623412263473,-55.25));
#3082=CARTESIAN_POINT('',(29.3220586744996,53.4080921786006,-55.25));
#3083=CARTESIAN_POINT('Origin',(19.3629763209582,60.9623412263473,-55.25));
#3084=CARTESIAN_POINT('',(29.3220586744996,53.4080921786006,-55.24));
#3085=CARTESIAN_POINT('',(29.3220586744996,53.4080921786006,-55.25));
#3086=CARTESIAN_POINT('Origin',(19.3629763209582,60.9623412263473,-55.24));
#3087=CARTESIAN_POINT('Origin',(8.16115598706684,47.8644631819053,-55.25));
#3088=CARTESIAN_POINT('',(3.17498784966193,69.1636122800625,-55.25));
#3089=CARTESIAN_POINT('Origin',(8.16115598706684,47.8644631819053,-55.25));
#3090=CARTESIAN_POINT('',(3.17498784966193,69.1636122800625,-55.24));
#3091=CARTESIAN_POINT('',(3.17498784966193,69.1636122800625,-55.25));
#3092=CARTESIAN_POINT('Origin',(8.16115598706684,47.8644631819053,-55.24));
#3093=CARTESIAN_POINT('Origin',(6.02422678532188,56.9926699382584,-55.25));
#3094=CARTESIAN_POINT('',(-3.50897459621557,65.0777222831138,-55.25));
#3095=CARTESIAN_POINT('Origin',(6.02422678532188,56.9926699382584,-55.25));
#3096=CARTESIAN_POINT('',(-3.50897459621557,65.0777222831138,-55.24));
#3097=CARTESIAN_POINT('',(-3.50897459621557,65.0777222831138,-55.25));
#3098=CARTESIAN_POINT('Origin',(6.02422678532188,56.9926699382584,-55.24));
#3099=CARTESIAN_POINT('Origin',(15.3524233067159,55.2894553707696,-55.25));
#3100=CARTESIAN_POINT('',(4.77915283328438,73.7222644756147,-55.25));
#3101=CARTESIAN_POINT('Origin',(15.3524233067159,55.2894553707696,-55.25));
#3102=CARTESIAN_POINT('',(4.77915283328438,73.7222644756147,-55.24));
#3103=CARTESIAN_POINT('',(4.77915283328438,73.7222644756147,-55.25));
#3104=CARTESIAN_POINT('Origin',(15.3524233067159,55.2894553707696,-55.24));
#3105=CARTESIAN_POINT('Origin',(5.82772228311384,64.4060889132456,-55.25));
#3106=CARTESIAN_POINT('Origin',(5.82772228311384,64.4060889132456,-55.25));
#3107=CARTESIAN_POINT('Origin',(5.82772228311384,64.4060889132456,-55.24));
#3108=CARTESIAN_POINT('Origin',(14.1770008623713,65.2192390056607,-55.24));
#3109=CARTESIAN_POINT('Origin',(15.1534435340588,40.5483216773788,-55.25));
#3110=CARTESIAN_POINT('',(30.0222143674964,37.7329940094347,-55.25));
#3111=CARTESIAN_POINT('',(18.6944008608965,55.2611744661716,-55.25));
#3112=CARTESIAN_POINT('Origin',(15.1534435340588,40.5483216773788,-55.25));
#3113=CARTESIAN_POINT('',(30.0222143674964,37.7329940094347,-55.24));
#3114=CARTESIAN_POINT('',(30.0222143674964,37.7329940094347,-55.25));
#3115=CARTESIAN_POINT('',(18.6944008608965,55.2611744661716,-55.24));
#3116=CARTESIAN_POINT('Origin',(15.1534435340588,40.5483216773788,-55.24));
#3117=CARTESIAN_POINT('',(18.6944008608965,55.2611744661716,-55.25));
#3118=CARTESIAN_POINT('Origin',(27.5658586943946,38.1980927164,-55.25));
#3119=CARTESIAN_POINT('',(25.1570449654885,38.8671341347246,-55.25));
#3120=CARTESIAN_POINT('Origin',(27.5658586943946,38.1980927164,-55.25));
#3121=CARTESIAN_POINT('',(25.1570449654885,38.8671341347246,-55.24));
#3122=CARTESIAN_POINT('',(25.1570449654885,38.8671341347246,-55.25));
#3123=CARTESIAN_POINT('Origin',(27.5658586943946,38.1980927164,-55.24));
#3124=CARTESIAN_POINT('Origin',(13.1129763209583,42.2123412263473,-55.25));
#3125=CARTESIAN_POINT('',(11.550345915866,29.8103983859258,-55.25));
#3126=CARTESIAN_POINT('Origin',(13.1129763209583,42.2123412263473,-55.25));
#3127=CARTESIAN_POINT('',(11.550345915866,29.8103983859258,-55.24));
#3128=CARTESIAN_POINT('',(11.550345915866,29.8103983859258,-55.25));
#3129=CARTESIAN_POINT('Origin',(13.1129763209583,42.2123412263473,-55.24));
#3130=CARTESIAN_POINT('Origin',(-3.83102896814463,45.3644631819053,-55.25));
#3131=CARTESIAN_POINT('',(12.1214911611494,60.3321860055171,-55.25));
#3132=CARTESIAN_POINT('Origin',(-3.83102896814463,45.3644631819053,-55.25));
#3133=CARTESIAN_POINT('',(12.1214911611494,60.3321860055171,-55.24));
#3134=CARTESIAN_POINT('',(12.1214911611494,60.3321860055171,-55.25));
#3135=CARTESIAN_POINT('Origin',(-3.83102896814463,45.3644631819053,-55.24));
#3136=CARTESIAN_POINT('Origin',(3.0057653729814,51.7792015348818,-55.25));
#3137=CARTESIAN_POINT('',(5.24102540378444,64.0777222831139,-55.25));
#3138=CARTESIAN_POINT('Origin',(3.0057653729814,51.7792015348818,-55.25));
#3139=CARTESIAN_POINT('',(5.24102540378444,64.0777222831139,-55.24));
#3140=CARTESIAN_POINT('',(5.24102540378444,64.0777222831139,-55.25));
#3141=CARTESIAN_POINT('Origin',(3.0057653729814,51.7792015348818,-55.24));
#3142=CARTESIAN_POINT('Origin',(6.19483655013736,42.8491390921165,-55.25));
#3143=CARTESIAN_POINT('',(16.8714822613266,61.2222644756147,-55.25));
#3144=CARTESIAN_POINT('Origin',(6.19483655013736,42.8491390921165,-55.25));
#3145=CARTESIAN_POINT('',(16.8714822613266,61.2222644756147,-55.24));
#3146=CARTESIAN_POINT('',(16.8714822613266,61.2222644756147,-55.25));
#3147=CARTESIAN_POINT('Origin',(6.19483655013736,42.8491390921165,-55.24));
#3148=CARTESIAN_POINT('Origin',(9.32772228311385,55.6560889132456,-55.25));
#3149=CARTESIAN_POINT('Origin',(9.32772228311385,55.6560889132456,-55.25));
#3150=CARTESIAN_POINT('Origin',(9.32772228311385,55.6560889132456,-55.24));
#3151=CARTESIAN_POINT('Origin',(17.7637134382834,46.9057401592319,-55.24));
#3152=CARTESIAN_POINT('Origin',(-6.67084959525039,35.6508937833815,-55.25));
#3153=CARTESIAN_POINT('',(-1.67460945894834,21.3664966846034,-55.25));
#3154=CARTESIAN_POINT('',(7.84133334540384,39.9407611790198,-55.25));
#3155=CARTESIAN_POINT('Origin',(-6.67084959525039,35.6508937833815,-55.25));
#3156=CARTESIAN_POINT('',(-1.67460945894834,21.3664966846034,-55.24));
#3157=CARTESIAN_POINT('',(-1.67460945894834,21.3664966846034,-55.25));
#3158=CARTESIAN_POINT('',(7.84133334540384,39.9407611790198,-55.24));
#3159=CARTESIAN_POINT('Origin',(-6.67084959525039,35.6508937833815,-55.24));
#3160=CARTESIAN_POINT('',(7.84133334540384,39.9407611790198,-55.25));
#3161=CARTESIAN_POINT('Origin',(-2.5,23.7263124517222,-55.25));
#3162=CARTESIAN_POINT('',(-3.125,26.1469270431018,-55.25));
#3163=CARTESIAN_POINT('Origin',(-2.5,23.7263124517222,-55.25));
#3164=CARTESIAN_POINT('',(-3.125,26.1469270431018,-55.24));
#3165=CARTESIAN_POINT('',(-3.125,26.1469270431018,-55.25));
#3166=CARTESIAN_POINT('Origin',(-2.5,23.7263124517222,-55.24));
#3167=CARTESIAN_POINT('Origin',(-6.25000000000001,38.25,-55.25));
#3168=CARTESIAN_POINT('',(-17.7717127586337,33.4023062073252,-55.25));
#3169=CARTESIAN_POINT('Origin',(-6.25000000000001,38.25,-55.25));
#3170=CARTESIAN_POINT('',(-17.7717127586337,33.4023062073252,-55.24));
#3171=CARTESIAN_POINT('',(-17.7717127586337,33.4023062073252,-55.25));
#3172=CARTESIAN_POINT('Origin',(-6.25000000000001,38.25,-55.24));
#3173=CARTESIAN_POINT('Origin',(-11.9921849552115,54.5,-55.25));
#3174=CARTESIAN_POINT('',(8.9465033114875,48.1685737254546,-55.25));
#3175=CARTESIAN_POINT('Origin',(-11.9921849552115,54.5,-55.25));
#3176=CARTESIAN_POINT('',(8.9465033114875,48.1685737254546,-55.24));
#3177=CARTESIAN_POINT('',(8.9465033114875,48.1685737254546,-55.25));
#3178=CARTESIAN_POINT('Origin',(-11.9921849552115,54.5,-55.24));
#3179=CARTESIAN_POINT('Origin',(-3.01846141234049,51.7865315966234,-55.25));
#3180=CARTESIAN_POINT('',(8.75000000000001,56.,-55.25));
#3181=CARTESIAN_POINT('Origin',(-3.01846141234049,51.7865315966234,-55.25));
#3182=CARTESIAN_POINT('',(8.75000000000001,56.,-55.24));
#3183=CARTESIAN_POINT('',(8.75000000000001,56.,-55.25));
#3184=CARTESIAN_POINT('Origin',(-3.01846141234049,51.7865315966234,-55.24));
#3185=CARTESIAN_POINT('Origin',(-9.15758675657854,44.559683721347,-55.25));
#3186=CARTESIAN_POINT('',(12.0923294280422,44.5,-55.25));
#3187=CARTESIAN_POINT('Origin',(-9.15758675657854,44.559683721347,-55.25));
#3188=CARTESIAN_POINT('',(12.0923294280422,44.5,-55.24));
#3189=CARTESIAN_POINT('',(12.0923294280422,44.5,-55.25));
#3190=CARTESIAN_POINT('Origin',(-9.15758675657854,44.559683721347,-55.24));
#3191=CARTESIAN_POINT('Origin',(3.5,48.25,-55.25));
#3192=CARTESIAN_POINT('Origin',(3.5,48.25,-55.25));
#3193=CARTESIAN_POINT('Origin',(3.5,48.25,-55.24));
#3194=CARTESIAN_POINT('Origin',(-2.83964975760612,38.6832483423017,-55.24));
#3195=CARTESIAN_POINT('Origin',(-21.8242931293091,52.1025721060027,-55.25));
#3196=CARTESIAN_POINT('',(-31.6968238264447,40.6335026751687,-55.25));
#3197=CARTESIAN_POINT('',(-10.8530675154927,41.6795867128482,-55.25));
#3198=CARTESIAN_POINT('Origin',(-21.8242931293091,52.1025721060027,-55.25));
#3199=CARTESIAN_POINT('',(-31.6968238264447,40.6335026751687,-55.24));
#3200=CARTESIAN_POINT('',(-31.6968238264447,40.6335026751687,-55.25));
#3201=CARTESIAN_POINT('',(-10.8530675154927,41.6795867128482,-55.24));
#3202=CARTESIAN_POINT('Origin',(-21.8242931293091,52.1025721060027,-55.24));
#3203=CARTESIAN_POINT('',(-10.8530675154927,41.6795867128482,-55.25));
#3204=CARTESIAN_POINT('Origin',(-30.0658586943946,42.5282197353222,-55.25));
#3205=CARTESIAN_POINT('',(-28.2820449654885,44.2797929083773,-55.25));
#3206=CARTESIAN_POINT('Origin',(-30.0658586943946,42.5282197353222,-55.25));
#3207=CARTESIAN_POINT('',(-28.2820449654885,44.2797929083773,-55.24));
#3208=CARTESIAN_POINT('',(-28.2820449654885,44.2797929083773,-55.25));
#3209=CARTESIAN_POINT('Origin',(-30.0658586943946,42.5282197353222,-55.24));
#3210=CARTESIAN_POINT('Origin',(-19.3629763209582,53.0376587736528,-55.25));
#3211=CARTESIAN_POINT('',(-29.3220586744996,60.5919078213994,-55.25));
#3212=CARTESIAN_POINT('Origin',(-19.3629763209582,53.0376587736528,-55.25));
#3213=CARTESIAN_POINT('',(-29.3220586744996,60.5919078213994,-55.24));
#3214=CARTESIAN_POINT('',(-29.3220586744996,60.5919078213994,-55.25));
#3215=CARTESIAN_POINT('Origin',(-19.3629763209582,53.0376587736528,-55.24));
#3216=CARTESIAN_POINT('Origin',(-8.16115598706683,66.1355368180947,-55.25));
#3217=CARTESIAN_POINT('',(-3.17498784966193,44.8363877199375,-55.25));
#3218=CARTESIAN_POINT('Origin',(-8.16115598706683,66.1355368180947,-55.25));
#3219=CARTESIAN_POINT('',(-3.17498784966193,44.8363877199375,-55.24));
#3220=CARTESIAN_POINT('',(-3.17498784966193,44.8363877199375,-55.25));
#3221=CARTESIAN_POINT('Origin',(-8.16115598706683,66.1355368180947,-55.24));
#3222=CARTESIAN_POINT('Origin',(-6.02422678532188,57.0073300617416,-55.25));
#3223=CARTESIAN_POINT('',(3.50897459621556,48.9222777168862,-55.25));
#3224=CARTESIAN_POINT('Origin',(-6.02422678532188,57.0073300617416,-55.25));
#3225=CARTESIAN_POINT('',(3.50897459621556,48.9222777168862,-55.24));
#3226=CARTESIAN_POINT('',(3.50897459621556,48.9222777168862,-55.25));
#3227=CARTESIAN_POINT('Origin',(-6.02422678532188,57.0073300617416,-55.24));
#3228=CARTESIAN_POINT('Origin',(-15.3524233067159,58.7105446292305,-55.25));
#3229=CARTESIAN_POINT('',(-4.77915283328438,40.2777355243853,-55.25));
#3230=CARTESIAN_POINT('Origin',(-15.3524233067159,58.7105446292305,-55.25));
#3231=CARTESIAN_POINT('',(-4.77915283328438,40.2777355243853,-55.24));
#3232=CARTESIAN_POINT('',(-4.77915283328438,40.2777355243853,-55.25));
#3233=CARTESIAN_POINT('Origin',(-15.3524233067159,58.7105446292305,-55.24));
#3234=CARTESIAN_POINT('Origin',(-5.82772228311384,49.5939110867545,-55.25));
#3235=CARTESIAN_POINT('Origin',(-5.82772228311384,49.5939110867545,-55.25));
#3236=CARTESIAN_POINT('Origin',(-5.82772228311384,49.5939110867545,-55.24));
#3237=CARTESIAN_POINT('Origin',(-14.1770008623713,48.7807609943393,-55.24));
#3238=CARTESIAN_POINT('Origin',(6.67084959525039,78.3491062166185,-55.25));
#3239=CARTESIAN_POINT('',(1.67460945894833,92.6335033153966,-55.25));
#3240=CARTESIAN_POINT('',(-7.84133334540384,74.0592388209802,-55.25));
#3241=CARTESIAN_POINT('Origin',(6.67084959525039,78.3491062166185,-55.25));
#3242=CARTESIAN_POINT('',(1.67460945894833,92.6335033153966,-55.24));
#3243=CARTESIAN_POINT('',(1.67460945894833,92.6335033153966,-55.25));
#3244=CARTESIAN_POINT('',(-7.84133334540384,74.0592388209802,-55.24));
#3245=CARTESIAN_POINT('Origin',(6.67084959525039,78.3491062166185,-55.24));
#3246=CARTESIAN_POINT('',(-7.84133334540384,74.0592388209802,-55.25));
#3247=CARTESIAN_POINT('Origin',(2.5,90.2736875482778,-55.25));
#3248=CARTESIAN_POINT('',(3.125,87.8530729568982,-55.25));
#3249=CARTESIAN_POINT('Origin',(2.5,90.2736875482778,-55.25));
#3250=CARTESIAN_POINT('',(3.125,87.8530729568982,-55.24));
#3251=CARTESIAN_POINT('',(3.125,87.8530729568982,-55.25));
#3252=CARTESIAN_POINT('Origin',(2.5,90.2736875482778,-55.24));
#3253=CARTESIAN_POINT('Origin',(6.25000000000001,75.75,-55.25));
#3254=CARTESIAN_POINT('',(17.7717127586337,80.5976937926748,-55.25));
#3255=CARTESIAN_POINT('Origin',(6.25000000000001,75.75,-55.25));
#3256=CARTESIAN_POINT('',(17.7717127586337,80.5976937926748,-55.24));
#3257=CARTESIAN_POINT('',(17.7717127586337,80.5976937926748,-55.25));
#3258=CARTESIAN_POINT('Origin',(6.25000000000001,75.75,-55.24));
#3259=CARTESIAN_POINT('Origin',(11.9921849552115,59.5,-55.25));
#3260=CARTESIAN_POINT('',(-8.9465033114875,65.8314262745454,-55.25));
#3261=CARTESIAN_POINT('Origin',(11.9921849552115,59.5,-55.25));
#3262=CARTESIAN_POINT('',(-8.9465033114875,65.8314262745454,-55.24));
#3263=CARTESIAN_POINT('',(-8.9465033114875,65.8314262745454,-55.25));
#3264=CARTESIAN_POINT('Origin',(11.9921849552115,59.5,-55.24));
#3265=CARTESIAN_POINT('Origin',(3.01846141234049,62.2134684033766,-55.25));
#3266=CARTESIAN_POINT('',(-8.75000000000002,58.,-55.25));
#3267=CARTESIAN_POINT('Origin',(3.01846141234049,62.2134684033766,-55.25));
#3268=CARTESIAN_POINT('',(-8.75000000000002,58.,-55.24));
#3269=CARTESIAN_POINT('',(-8.75000000000002,58.,-55.25));
#3270=CARTESIAN_POINT('Origin',(3.01846141234049,62.2134684033766,-55.24));
#3271=CARTESIAN_POINT('Origin',(9.15758675657854,69.440316278653,-55.25));
#3272=CARTESIAN_POINT('',(-12.0923294280422,69.5,-55.25));
#3273=CARTESIAN_POINT('Origin',(9.15758675657854,69.440316278653,-55.25));
#3274=CARTESIAN_POINT('',(-12.0923294280422,69.5,-55.24));
#3275=CARTESIAN_POINT('',(-12.0923294280422,69.5,-55.25));
#3276=CARTESIAN_POINT('Origin',(9.15758675657854,69.440316278653,-55.24));
#3277=CARTESIAN_POINT('Origin',(-3.50000000000001,65.75,-55.25));
#3278=CARTESIAN_POINT('Origin',(-3.50000000000001,65.75,-55.25));
#3279=CARTESIAN_POINT('Origin',(-3.50000000000001,65.75,-55.24));
#3280=CARTESIAN_POINT('Origin',(2.83964975760612,75.3167516576983,-55.24));
#3281=CARTESIAN_POINT('Origin',(1.28785870856514E-13,21.,-48.75));
#3282=CARTESIAN_POINT('',(-2.99999999999987,21.,-48.75));
#3283=CARTESIAN_POINT('',(3.00000000000013,21.,-48.75));
#3284=CARTESIAN_POINT('Origin',(1.28785870856514E-13,21.,-48.75));
#3285=CARTESIAN_POINT('',(8.00000000000013,21.,-53.75));
#3286=CARTESIAN_POINT('Origin',(8.00000000000013,21.,-48.75));
#3287=CARTESIAN_POINT('Origin',(1.28785870856514E-13,21.,-53.75));
#3288=CARTESIAN_POINT('Origin',(1.28785870856514E-13,21.,-48.75));
#3289=CARTESIAN_POINT('Origin',(1.28785870856514E-13,21.,-15.25));
#3290=CARTESIAN_POINT('',(-2.99999999999987,21.,-15.25));
#3291=CARTESIAN_POINT('',(-2.99999999999987,21.,-15.25));
#3292=CARTESIAN_POINT('Origin',(1.28785870856514E-13,21.,-15.25));
#3293=CARTESIAN_POINT('Origin',(8.88178419700125E-15,56.75,-53.75));
#3294=CARTESIAN_POINT('',(-32.3422589917722,11.6204838032068,-53.75));
#3295=CARTESIAN_POINT('',(11.7389822692153,11.6204838032068,-53.75));
#3296=CARTESIAN_POINT('',(40.0578828103747,93.4214967036863,-53.75));
#3297=CARTESIAN_POINT('',(-54.5712800853456,72.6942173143802,-53.75));
#3298=CARTESIAN_POINT('',(-48.2826310188039,81.6753389438624,-53.75));
#3299=CARTESIAN_POINT('',(-39.1334825934818,30.2792172993712,-53.75));
#3300=CARTESIAN_POINT('Origin',(1.28785870856514E-13,21.,-15.25));
#3301=CARTESIAN_POINT('',(1.30000000000013,21.,-53.75));
#3302=CARTESIAN_POINT('Origin',(1.28785870856514E-13,21.,-53.75));
#3303=CARTESIAN_POINT('',(1.30000000000013,21.,-15.25));
#3304=CARTESIAN_POINT('',(1.30000000000013,21.,-15.25));
#3305=CARTESIAN_POINT('Origin',(1.28785870856514E-13,21.,-15.25));
#3306=CARTESIAN_POINT('Origin',(1.28785870856518E-13,21.,-15.25));
#3307=CARTESIAN_POINT('Origin',(-65.2986992860129,55.7653689607046,-15.25));
#3308=CARTESIAN_POINT('',(-63.9986992860129,55.7653689607046,-28.1144540566761));
#3309=CARTESIAN_POINT('Origin',(-65.2986992860129,55.7653689607046,-25.9766533443882));
#3310=CARTESIAN_POINT('',(-63.9986992860129,55.7653689607046,-15.25));
#3311=CARTESIAN_POINT('',(-63.9986992860129,55.7653689607046,-15.25));
#3312=CARTESIAN_POINT('Origin',(-65.2986992860129,55.7653689607046,-15.25));
#3313=CARTESIAN_POINT('Origin',(-65.2986992860129,55.7653689607046,-15.25));
#3314=CARTESIAN_POINT('Origin',(-65.2986992860129,55.7653689607046,-15.25));
#3315=CARTESIAN_POINT('Origin',(-65.2986992860129,55.7653689607046,-25.9766533443882));
#3316=CARTESIAN_POINT('Origin',(-65.2986992860129,55.7653689607046,-15.25));
#3317=CARTESIAN_POINT('Origin',(-45.5463901456824,-8.7369697850115,-15.25));
#3318=CARTESIAN_POINT('',(-68.5876234587636,54.5682984590647,-15.25));
#3319=CARTESIAN_POINT('',(-76.2223872766772,75.5446396516514,-19.851653344388));
#3320=CARTESIAN_POINT('',(-49.476187858591,2.06006069422928,-19.8516533443881));
#3321=CARTESIAN_POINT('',(-76.2223872766772,75.5446396516514,-15.25));
#3322=CARTESIAN_POINT('',(-76.2223872766772,75.5446396516514,-15.25));
#3323=CARTESIAN_POINT('',(-53.4059855714996,12.8570911734701,-15.25));
#3324=CARTESIAN_POINT('Origin',(-44.1947757842659,16.2096973576046,-37.0057915924648));
#3325=CARTESIAN_POINT('',(-45.9056177695467,-7.75,-19.851653344388));
#3326=CARTESIAN_POINT('',(-49.476187858591,2.06006069422928,-19.8516533443881));
#3327=CARTESIAN_POINT('',(-34.8643151740211,8.0186142936364,-47.4467283582518));
#3328=CARTESIAN_POINT('',(-60.5479106139797,73.4810556506319,-44.392608172331));
#3329=CARTESIAN_POINT('Origin',(-24.9999999999999,117.75,-15.25));
#3330=CARTESIAN_POINT('',(-23.6999999999999,117.75,-25.976653344388));
#3331=CARTESIAN_POINT('Origin',(-24.9999999999999,117.75,-25.976653344388));
#3332=CARTESIAN_POINT('',(-23.6999999999999,117.75,-15.25));
#3333=CARTESIAN_POINT('',(-23.6999999999999,117.75,-15.25));
#3334=CARTESIAN_POINT('Origin',(-24.9999999999999,117.75,-15.25));
#3335=CARTESIAN_POINT('Origin',(-24.9999999999999,117.75,-15.25));
#3336=CARTESIAN_POINT('Origin',(-24.9999999999999,117.75,-15.25));
#3337=CARTESIAN_POINT('Origin',(-24.9999999999999,117.75,-15.25));
#3338=CARTESIAN_POINT('Origin',(-45.,121.25,-15.25));
#3339=CARTESIAN_POINT('',(-22.5,121.25,-15.25));
#3340=CARTESIAN_POINT('',(-24.9999999999999,121.25,-15.25));
#3341=CARTESIAN_POINT('Origin',(-22.5,111.447635286813,-37.0057915924648));
#3342=CARTESIAN_POINT('Origin',(-57.7323703138355,105.918745038881,-18.8742640687127));
#3343=CARTESIAN_POINT('',(-45.6246804606417,123.95000000002,-17.8500000000467));
#3344=CARTESIAN_POINT('',(-45.1829646708363,123.101471862556,-19.898528137449));
#3345=CARTESIAN_POINT('',(-45.287559316336,123.302396307149,-19.4134536183282));
#3346=CARTESIAN_POINT('',(-78.0457427047262,76.1685609176114,-19.8985281373553));
#3347=CARTESIAN_POINT('',(-57.3848335346246,105.675397166269,-19.8985281374142));
#3348=CARTESIAN_POINT('',(-78.4000282335333,77.1419524080485,-17.85));
#3349=CARTESIAN_POINT('',(-76.002594538779,70.5550574670713,-31.7122946237159));
#3350=CARTESIAN_POINT('',(-58.0799070930465,106.162092911492,-17.8500000000112));
#3351=CARTESIAN_POINT('Origin',(-46.9559290768613,-9.25000000000001,-15.25));
#3352=CARTESIAN_POINT('',(-77.8989928337166,75.7653689607046,-20.25));
#3353=CARTESIAN_POINT('',(-70.0141679726713,54.1019906986282,-39.1344737066719));
#3354=CARTESIAN_POINT('',(-46.9559290768613,-9.25000000000001,-20.25));
#3355=CARTESIAN_POINT('',(-54.8155245026785,12.3440609584816,-20.25));
#3356=CARTESIAN_POINT('',(-46.9559290768613,-9.25000000000001,-19.05));
#3357=CARTESIAN_POINT('',(-46.9559290768613,-9.25000000000001,-15.25));
#3358=CARTESIAN_POINT('',(-77.898992833754,75.7653689608076,-19.05));
#3359=CARTESIAN_POINT('',(-54.8155245026681,12.3440609584529,-19.05));
#3360=CARTESIAN_POINT('',(-71.6153350340987,58.5011610446747,-34.0996139851762));
#3361=CARTESIAN_POINT('Origin',(-70.0436424988236,88.0300399611156,-19.65));
#3362=CARTESIAN_POINT('',(-45.,122.75,-20.25));
#3363=CARTESIAN_POINT('',(-43.1858162368378,119.264985415726,-23.7350145841895));
#3364=CARTESIAN_POINT('',(-69.5521512722395,87.6858940993202,-20.25));
#3365=CARTESIAN_POINT('Origin',(-53.414995085695,111.778209619025,-18.45));
#3366=CARTESIAN_POINT('',(-78.7392418795723,74.5653689608595,-19.05));
#3367=CARTESIAN_POINT('',(-52.9235038591222,111.434063757214,-19.05));
#3368=CARTESIAN_POINT('',(-79.2402772793503,75.9419524081022,-17.85));
#3369=CARTESIAN_POINT('',(-81.9502848581509,83.3876370374361,-11.3594224958923));
#3370=CARTESIAN_POINT('',(-53.9064863122679,112.122355480836,-17.85));
#3371=CARTESIAN_POINT('Origin',(-79.2402772793503,75.9419524081022,-15.25));
#3372=CARTESIAN_POINT('',(-47.7961781228078,-10.4499999999185,-19.05));
#3373=CARTESIAN_POINT('',(-79.2402772793503,75.9419524081022,-19.05));
#3374=CARTESIAN_POINT('',(-47.7961781228078,-10.4499999999185,-12.25));
#3375=CARTESIAN_POINT('',(-47.7961781228078,-10.4499999999185,-15.25));
#3376=CARTESIAN_POINT('',(-79.2402772793503,75.9419524081022,-12.25));
#3377=CARTESIAN_POINT('',(-79.2402772793503,75.9419524081022,-12.25));
#3378=CARTESIAN_POINT('',(-79.2402772793503,75.9419524081022,-15.25));
#3379=CARTESIAN_POINT('Origin',(1.81898940354586E-11,56.7499999999418,-19.05));
#3380=CARTESIAN_POINT('',(46.9559290768613,-9.25000000000001,-19.05));
#3381=CARTESIAN_POINT('',(23.4779645384397,-9.25000000000001,-19.05));
#3382=CARTESIAN_POINT('',(77.8989928337166,75.7653689607046,-19.05));
#3383=CARTESIAN_POINT('',(70.2870563810978,54.8517454388111,-19.05));
#3384=CARTESIAN_POINT('',(45.,122.75,-19.05));
#3385=CARTESIAN_POINT('',(53.1026548553979,111.178209618944,-19.05));
#3386=CARTESIAN_POINT('',(45.6246804608963,123.949999999802,-19.05));
#3387=CARTESIAN_POINT('',(45.6246804608963,123.949999999802,-19.05));
#3388=CARTESIAN_POINT('',(79.2402772793866,75.9419524075201,-19.05));
#3389=CARTESIAN_POINT('',(79.2402772793866,75.9419524075201,-19.05));
#3390=CARTESIAN_POINT('',(47.7961781226259,-10.4500000001368,-19.05));
#3391=CARTESIAN_POINT('',(47.7961781226259,-10.4500000001368,-19.05));
#3392=CARTESIAN_POINT('',(-47.7961781228078,-10.4499999999185,-19.05));
#3393=CARTESIAN_POINT('Origin',(23.4779645384307,2.05236471318668,-37.0057915924648));
#3394=CARTESIAN_POINT('',(35.216946807646,-7.75,-19.851653344388));
#3395=CARTESIAN_POINT('Origin',(59.6663076626935,58.7173818379569,-37.0057915924648));
#3396=CARTESIAN_POINT('Origin',(43.8442996952746,104.695439544438,-37.0057915924648));
#3397=CARTESIAN_POINT('',(47.8225993612571,116.103740154957,-19.851653344388));
#3398=CARTESIAN_POINT('Origin',(-22.5,111.447635286813,-37.0057915924648));
#3399=CARTESIAN_POINT('Origin',(-60.2937961121329,81.2031240247908,-37.0057915924648));
#3400=CARTESIAN_POINT('',(-72.4968439865446,80.8652668754858,-19.851653344388));
#3401=CARTESIAN_POINT('Origin',(-44.1947757842659,16.2096973576046,-37.0057915924648));
#3402=CARTESIAN_POINT('Origin',(-76.6702647672831,74.905004306178,-15.25));
#3403=CARTESIAN_POINT('',(-44.2191494241724,121.25,-15.25));
#3404=CARTESIAN_POINT('',(-44.2191494241724,121.25,-15.25));
#3405=CARTESIAN_POINT('',(-68.3234232058061,86.8255294447937,-15.25));
#3406=CARTESIAN_POINT('Origin',(-45.5463901456824,-8.7369697850115,-15.25));
#3407=CARTESIAN_POINT('',(-45.9056177695467,-7.75,-15.25));
#3408=CARTESIAN_POINT('',(-53.4059855714996,12.8570911734701,-15.25));
#3409=CARTESIAN_POINT('',(-45.9056177695467,-7.75,-15.25));
#3410=CARTESIAN_POINT('Origin',(46.9559290768613,-7.75,-15.25));
#3411=CARTESIAN_POINT('',(23.4779645384307,-7.75,-15.25));
#3412=CARTESIAN_POINT('Origin',(8.88178419700125E-15,56.75,-53.75));
#3413=CARTESIAN_POINT('Origin',(76.4894539025377,76.2783991756931,-15.25));
#3414=CARTESIAN_POINT('',(76.2223872766772,75.5446396516514,-15.25));
#3415=CARTESIAN_POINT('',(68.8775174499273,55.3647756538223,-15.25));
#3416=CARTESIAN_POINT('',(76.2223872766772,75.5446396516514,-15.25));
#3417=CARTESIAN_POINT('Origin',(43.7712719335665,121.889635345473,-15.25));
#3418=CARTESIAN_POINT('',(51.8739267889478,110.317844964441,-15.25));
#3419=CARTESIAN_POINT('Origin',(-45.,121.25,-15.25));
#3420=CARTESIAN_POINT('',(-22.5,121.25,-15.25));
#3421=CARTESIAN_POINT('Origin',(23.4779645384307,0.749999999999994,-37.75));
#3422=CARTESIAN_POINT('',(-32.9517783126671,10.75,-55.25));
#3423=CARTESIAN_POINT('',(32.9517783126671,10.75,-55.25));
#3424=CARTESIAN_POINT('',(23.4779645384307,10.75,-55.25));
#3425=CARTESIAN_POINT('',(46.9559290768613,-9.25000000000001,-20.25));
#3426=CARTESIAN_POINT('',(32.9517783126671,10.75,-55.25));
#3427=CARTESIAN_POINT('',(23.4779645384307,-9.25000000000001,-20.25));
#3428=CARTESIAN_POINT('',(-32.9517783126671,10.75,-55.25));
#3429=CARTESIAN_POINT('Origin',(60.890130173247,58.2719468720905,-37.75));
#3430=CARTESIAN_POINT('',(55.5442520731918,72.8223115066627,-55.25));
#3431=CARTESIAN_POINT('',(51.493203965388,61.6921483053472,-55.25));
#3432=CARTESIAN_POINT('',(77.8989928337166,75.7653689607046,-20.25));
#3433=CARTESIAN_POINT('',(55.5442520731918,72.8223115066627,-55.25));
#3434=CARTESIAN_POINT('',(70.2870563811061,54.8517454388338,-20.25));
#3435=CARTESIAN_POINT('Origin',(44.9111344124913,105.442445255457,-37.75));
#3436=CARTESIAN_POINT('',(34.5886589889651,102.75,-55.25));
#3437=CARTESIAN_POINT('',(36.7196139696014,99.706680891947,-55.25));
#3438=CARTESIAN_POINT('',(45.,122.75,-20.25));
#3439=CARTESIAN_POINT('',(34.5886589889651,102.75,-55.25));
#3440=CARTESIAN_POINT('',(53.1026548553813,111.178209618968,-20.25));
#3441=CARTESIAN_POINT('Origin',(-22.5,112.75,-37.75));
#3442=CARTESIAN_POINT('',(-34.5886589889651,102.75,-55.25));
#3443=CARTESIAN_POINT('',(-22.5,102.75,-55.25));
#3444=CARTESIAN_POINT('',(-34.5886589889651,102.75,-55.25));
#3445=CARTESIAN_POINT('',(-22.5,122.75,-20.25));
#3446=CARTESIAN_POINT('Origin',(-61.3606308293496,81.9501297358098,-37.75));
#3447=CARTESIAN_POINT('',(-55.5442520731918,72.8223115066627,-55.25));
#3448=CARTESIAN_POINT('',(-53.1691103864597,76.2143653722993,-55.25));
#3449=CARTESIAN_POINT('',(-55.5442520731918,72.8223115066627,-55.25));
#3450=CARTESIAN_POINT('Origin',(-45.4185982948194,15.7642623917382,-37.75));
#3451=CARTESIAN_POINT('',(-36.0216720869603,19.1844638249949,-55.25));
#3452=CARTESIAN_POINT('Origin',(46.9559290768613,-9.25000000000001,-15.25));
#3453=CARTESIAN_POINT('',(46.9559290768613,-9.25000000000001,-15.25));
#3454=CARTESIAN_POINT('Origin',(8.88178419700125E-15,56.75,-55.25));
#3455=CARTESIAN_POINT('Origin',(77.8989928337166,75.7653689607046,-15.25));
#3456=CARTESIAN_POINT('',(77.8989928337166,75.7653689607046,-15.25));
#3457=CARTESIAN_POINT('Origin',(45.,122.75,-15.25));
#3458=CARTESIAN_POINT('',(45.,122.75,-15.25));
#3459=CARTESIAN_POINT('Origin',(-45.,122.75,-15.25));
#3460=CARTESIAN_POINT('',(-45.,122.75,-15.25));
#3461=CARTESIAN_POINT('',(-45.,122.75,-15.25));
#3462=CARTESIAN_POINT('',(45.,122.75,-15.25));
#3463=CARTESIAN_POINT('',(-45.,122.75,-15.25));
#3464=CARTESIAN_POINT('',(45.,122.75,-15.25));
#3465=CARTESIAN_POINT('Origin',(4.44089209850063E-15,56.75,-15.25));
#3466=CARTESIAN_POINT('',(-45.1041134101251,122.950000000064,-15.25));
#3467=CARTESIAN_POINT('',(-43.5944689635653,120.049999999951,-15.25));
#3468=CARTESIAN_POINT('',(-78.1225402413475,75.7947995352879,-15.25));
#3469=CARTESIAN_POINT('',(-78.1225402413475,75.7947995352879,-15.25));
#3470=CARTESIAN_POINT('',(-47.0959705845962,-9.44999999996217,-15.25));
#3471=CARTESIAN_POINT('',(-47.0959705845962,-9.44999999996217,-15.25));
#3472=CARTESIAN_POINT('',(47.0959705844507,-9.45000000010769,-15.25));
#3473=CARTESIAN_POINT('',(47.0959705844507,-9.45000000010769,-15.25));
#3474=CARTESIAN_POINT('',(78.1225402413838,75.7947995349241,-15.25));
#3475=CARTESIAN_POINT('',(78.1225402413838,75.7947995349241,-15.25));
#3476=CARTESIAN_POINT('',(45.1041134104526,122.949999999773,-15.25));
#3477=CARTESIAN_POINT('',(45.1041134104526,122.949999999773,-15.25));
#3478=CARTESIAN_POINT('',(45.6246804608963,123.949999999802,-15.25));
#3479=CARTESIAN_POINT('Origin',(-47.0959705845962,-9.44999999996217,-15.25));
#3480=CARTESIAN_POINT('',(-78.1225402413475,75.7947995352879,-12.25));
#3481=CARTESIAN_POINT('',(-78.1225402413475,75.7947995352879,-15.25));
#3482=CARTESIAN_POINT('',(-47.0959705845962,-9.44999999996217,-12.25));
#3483=CARTESIAN_POINT('',(-47.0959705845962,-9.44999999996217,-12.25));
#3484=CARTESIAN_POINT('',(-47.0959705845962,-9.44999999996217,-15.25));
#3485=CARTESIAN_POINT('Origin',(47.0959705844507,-9.45000000010769,-15.25));
#3486=CARTESIAN_POINT('',(47.0959705844507,-9.45000000010769,-12.25));
#3487=CARTESIAN_POINT('',(47.0959705844507,-9.45000000010769,-12.25));
#3488=CARTESIAN_POINT('',(47.0959705844507,-9.45000000010769,-15.25));
#3489=CARTESIAN_POINT('Origin',(78.1225402413838,75.7947995349241,-15.25));
#3490=CARTESIAN_POINT('',(78.1225402413838,75.7947995349241,-12.25));
#3491=CARTESIAN_POINT('',(78.1225402413838,75.7947995349241,-12.25));
#3492=CARTESIAN_POINT('',(78.1225402413838,75.7947995349241,-15.25));
#3493=CARTESIAN_POINT('Origin',(45.1041134104526,122.949999999773,-15.25));
#3494=CARTESIAN_POINT('',(45.1041134104526,122.949999999773,-12.25));
#3495=CARTESIAN_POINT('',(45.1041134104526,122.949999999773,-12.25));
#3496=CARTESIAN_POINT('',(45.1041134104526,122.949999999773,-15.25));
#3497=CARTESIAN_POINT('Origin',(45.6246804608963,123.949999999802,-15.25));
#3498=CARTESIAN_POINT('',(45.6246804608963,123.949999999802,-12.25));
#3499=CARTESIAN_POINT('',(45.6246804608963,123.949999999802,-12.25));
#3500=CARTESIAN_POINT('',(45.6246804608963,123.949999999802,-15.25));
#3501=CARTESIAN_POINT('Origin',(79.2402772793866,75.9419524075201,-15.25));
#3502=CARTESIAN_POINT('',(79.2402772793866,75.9419524075201,-12.25));
#3503=CARTESIAN_POINT('',(79.2402772793866,75.9419524075201,-12.25));
#3504=CARTESIAN_POINT('',(79.2402772793866,75.9419524075201,-15.25));
#3505=CARTESIAN_POINT('Origin',(47.7961781226259,-10.4500000001368,-15.25));
#3506=CARTESIAN_POINT('',(47.7961781226259,-10.4500000001368,-12.25));
#3507=CARTESIAN_POINT('',(47.7961781226259,-10.4500000001368,-12.25));
#3508=CARTESIAN_POINT('',(47.7961781226259,-10.4500000001368,-15.25));
#3509=CARTESIAN_POINT('Origin',(-47.7961781228078,-10.4499999999185,-15.25));
#3510=CARTESIAN_POINT('',(-47.7961781228078,-10.4499999999185,-12.25));
#3511=CARTESIAN_POINT('Origin',(-45.6246804606417,123.95000000002,-15.25));
#3512=CARTESIAN_POINT('',(-45.6246804606417,123.95000000002,-12.25));
#3513=CARTESIAN_POINT('',(-45.6246804606417,123.95000000002,-12.25));
#3514=CARTESIAN_POINT('',(-45.6246804606417,123.95000000002,-15.25));
#3515=CARTESIAN_POINT('Origin',(-45.1041134101379,122.950000000057,-15.25));
#3516=CARTESIAN_POINT('',(-45.1041134101251,122.950000000064,-12.25));
#3517=CARTESIAN_POINT('',(-43.5944689635653,120.049999999951,-12.25));
#3518=CARTESIAN_POINT('',(-45.1041134101251,122.950000000064,-15.25));
#3519=CARTESIAN_POINT('Origin',(-78.1225402413475,75.7947995352879,-15.25));
#3520=CARTESIAN_POINT('',(-78.1225402413475,75.7947995352879,-12.25));
#3521=CARTESIAN_POINT('Origin',(1.81898940354586E-11,56.7499999999418,-12.25));
#3522=UNCERTAINTY_MEASURE_WITH_UNIT(LENGTH_MEASURE(0.01),#3526,
'DISTANCE_ACCURACY_VALUE',
'Maximum model space distance between geometric entities at asserted c
onnectivities');
#3523=UNCERTAINTY_MEASURE_WITH_UNIT(LENGTH_MEASURE(0.01),#3526,
'DISTANCE_ACCURACY_VALUE',
'Maximum model space distance between geometric entities at asserted c
onnectivities');
#3524=(
GEOMETRIC_REPRESENTATION_CONTEXT(3)
GLOBAL_UNCERTAINTY_ASSIGNED_CONTEXT((#3522))
GLOBAL_UNIT_ASSIGNED_CONTEXT((#3526,#3528,#3529))
REPRESENTATION_CONTEXT('','3D')
);
#3525=(
GEOMETRIC_REPRESENTATION_CONTEXT(3)
GLOBAL_UNCERTAINTY_ASSIGNED_CONTEXT((#3523))
GLOBAL_UNIT_ASSIGNED_CONTEXT((#3526,#3528,#3529))
REPRESENTATION_CONTEXT('','3D')
);
#3526=(
LENGTH_UNIT()
NAMED_UNIT(*)
SI_UNIT(.MILLI.,.METRE.)
);
#3527=(
LENGTH_UNIT()
NAMED_UNIT(*)
SI_UNIT(.CENTI.,.METRE.)
);
#3528=(
NAMED_UNIT(*)
PLANE_ANGLE_UNIT()
SI_UNIT($,.RADIAN.)
);
#3529=(
NAMED_UNIT(*)
SI_UNIT($,.STERADIAN.)
SOLID_ANGLE_UNIT()
);
#3530=SHAPE_DEFINITION_REPRESENTATION(#3531,#3532);
#3531=PRODUCT_DEFINITION_SHAPE('',$,#3534);
#3532=SHAPE_REPRESENTATION('',(#2053),#3524);
#3533=PRODUCT_DEFINITION_CONTEXT('part definition',#3538,'design');
#3534=PRODUCT_DEFINITION('back_board_setter_cover',
'back_board_setter_cover',#3535,#3533);
#3535=PRODUCT_DEFINITION_FORMATION('',$,#3540);
#3536=PRODUCT_RELATED_PRODUCT_CATEGORY('back_board_setter_cover',
'back_board_setter_cover',(#3540));
#3537=APPLICATION_PROTOCOL_DEFINITION('international standard',
'automotive_design',2009,#3538);
#3538=APPLICATION_CONTEXT(
'Core Data for Automotive Mechanical Design Process');
#3539=PRODUCT_CONTEXT('part definition',#3538,'mechanical');
#3540=PRODUCT('back_board_setter_cover','back_board_setter_cover',$,(#3539));
#3541=PRESENTATION_STYLE_ASSIGNMENT((#3544));
#3542=PRESENTATION_STYLE_ASSIGNMENT((#3545));
#3543=PRESENTATION_STYLE_ASSIGNMENT((#3546));
#3544=SURFACE_STYLE_USAGE(.BOTH.,#3553);
#3545=SURFACE_STYLE_USAGE(.BOTH.,#3554);
#3546=SURFACE_STYLE_USAGE(.BOTH.,#3555);
#3547=SURFACE_STYLE_RENDERING_WITH_PROPERTIES($,#3565,(#3550));
#3548=SURFACE_STYLE_RENDERING_WITH_PROPERTIES($,#3566,(#3551));
#3549=SURFACE_STYLE_RENDERING_WITH_PROPERTIES($,#3567,(#3552));
#3550=SURFACE_STYLE_TRANSPARENT(0.);
#3551=SURFACE_STYLE_TRANSPARENT(0.);
#3552=SURFACE_STYLE_TRANSPARENT(0.);
#3553=SURFACE_SIDE_STYLE('',(#3556,#3547));
#3554=SURFACE_SIDE_STYLE('',(#3557,#3548));
#3555=SURFACE_SIDE_STYLE('',(#3558,#3549));
#3556=SURFACE_STYLE_FILL_AREA(#3559);
#3557=SURFACE_STYLE_FILL_AREA(#3560);
#3558=SURFACE_STYLE_FILL_AREA(#3561);
#3559=FILL_AREA_STYLE('',(#3562));
#3560=FILL_AREA_STYLE('',(#3563));
#3561=FILL_AREA_STYLE('',(#3564));
#3562=FILL_AREA_STYLE_COLOUR('',#3565);
#3563=FILL_AREA_STYLE_COLOUR('',#3566);
#3564=FILL_AREA_STYLE_COLOUR('',#3567);
#3565=COLOUR_RGB('',0.749019607843137,0.749019607843137,0.749019607843137);
#3566=COLOUR_RGB('',0.352941176470588,0.352941176470588,0.352941176470588);
#3567=COLOUR_RGB('',0.937254901960784,0.937254901960784,0.937254901960784);
ENDSEC;
END-ISO-10303-21;
