ISO-10303-21;
HEADER;
/* Generated by software containing ST-Developer
 * from STEP Tools, Inc. (www.steptools.com) 
 */

FILE_DESCRIPTION(
/* description */ (''),
/* implementation_level */ '2;1');

FILE_NAME(
/* name */ 'buckle_male.stp',
/* time_stamp */ '2026-02-05T09:40:53+09:00',
/* author */ ('hibik'),
/* organization */ (''),
/* preprocessor_version */ 'ST-DEVELOPER v20.1',
/* originating_system */ 'Autodesk Inventor 2026',
/* authorisation */ '');

FILE_SCHEMA (('AUTOMOTIVE_DESIGN { 1 0 10303 214 3 1 1 }'));
ENDSEC;

DATA;
#10=MECHANICAL_DESIGN_GEOMETRIC_PRESENTATION_REPRESENTATION('',(#13),#4648);
#11=SHAPE_REPRESENTATION_RELATIONSHIP('SRR','None',#4655,#12);
#12=ADVANCED_BREP_SHAPE_REPRESENTATION('',(#14),#4647);
#13=STYLED_ITEM('',(#4665),#14);
#14=MANIFOLD_SOLID_BREP('\X2\30BD30EA30C330C9\X0\1',#2847);
#15=TOROIDAL_SURFACE('',#2934,55.8333333333333,5.);
#16=TOROIDAL_SURFACE('',#2942,55.8333333333333,5.);
#17=TOROIDAL_SURFACE('',#2944,55.8333333333333,5.);
#18=TOROIDAL_SURFACE('',#2950,55.8333333333333,5.);
#19=B_SPLINE_CURVE_WITH_KNOTS('',3,(#4177,#4178,#4179,#4180,#4181,#4182,
#4183,#4184,#4185,#4186,#4187,#4188,#4189,#4190,#4191,#4192,#4193,#4194),
 .UNSPECIFIED.,.F.,.F.,(4,2,2,2,2,2,2,2,4),(4.22225832932744,4.30161097480268,
4.38096362027792,4.48028630000731,4.5796089797367,4.71257579740621,4.84554261507571,
5.0283832746642,5.21122393425269),.UNSPECIFIED.);
#20=B_SPLINE_CURVE_WITH_KNOTS('',3,(#4198,#4199,#4200,#4201,#4202,#4203,
#4204,#4205,#4206,#4207,#4208,#4209,#4210,#4211,#4212,#4213,#4214,#4215),
 .UNSPECIFIED.,.F.,.F.,(4,2,2,2,2,2,2,2,4),(3.2332927244022,3.41613338399069,
3.59897404357918,3.73194086124868,3.86490767891819,3.96423035864758,4.06355303837697,
4.14290568385221,4.22225832932745),.UNSPECIFIED.);
#21=B_SPLINE_CURVE_WITH_KNOTS('',3,(#4230,#4231,#4232,#4233,#4234,#4235,
#4236,#4237,#4238,#4239,#4240,#4241,#4242,#4243,#4244,#4245,#4246,#4247),
 .UNSPECIFIED.,.F.,.F.,(4,2,2,2,2,2,2,2,4),(4.22113690387817,4.30676959720166,
4.3993233560263,4.51693445040694,4.63454554478758,4.75855859571356,4.88257164663955,
5.04577636499684,5.20898108335413),.UNSPECIFIED.);
#22=B_SPLINE_CURVE_WITH_KNOTS('',3,(#4251,#4252,#4253,#4254,#4255,#4256,
#4257,#4258,#4259,#4260,#4261,#4262,#4263,#4264,#4265,#4266,#4267,#4268),
 .UNSPECIFIED.,.F.,.F.,(4,2,2,2,2,2,2,2,4),(3.2332927244022,3.4161333839907,
3.59897404357919,3.73194086124869,3.86490767891819,3.96423035864759,4.06355303837698,
4.14290568385222,4.22225832932745),.UNSPECIFIED.);
#23=CYLINDRICAL_SURFACE('',#2890,1.6);
#24=CYLINDRICAL_SURFACE('',#2897,1.6);
#25=CYLINDRICAL_SURFACE('',#2909,1.6);
#26=CYLINDRICAL_SURFACE('',#2911,1.6);
#27=CYLINDRICAL_SURFACE('',#2924,100.);
#28=CYLINDRICAL_SURFACE('',#2928,100.);
#29=CYLINDRICAL_SURFACE('',#2938,60.8333333333333);
#30=CYLINDRICAL_SURFACE('',#2948,60.8333333333333);
#31=CYLINDRICAL_SURFACE('',#2997,1.6);
#32=CYLINDRICAL_SURFACE('',#3004,1.6);
#33=CYLINDRICAL_SURFACE('',#3016,1.6);
#34=CYLINDRICAL_SURFACE('',#3018,1.6);
#35=CYLINDRICAL_SURFACE('',#3029,1.6);
#36=CYLINDRICAL_SURFACE('',#3036,1.6);
#37=CYLINDRICAL_SURFACE('',#3048,1.6);
#38=CYLINDRICAL_SURFACE('',#3050,1.6);
#39=CIRCLE('',#2889,1.6);
#40=CIRCLE('',#2891,1.6);
#41=CIRCLE('',#2896,1.6);
#42=CIRCLE('',#2898,1.6);
#43=CIRCLE('',#2903,1.6);
#44=CIRCLE('',#2908,1.6);
#45=CIRCLE('',#2910,1.6);
#46=CIRCLE('',#2912,1.6);
#47=CIRCLE('',#2925,100.);
#48=CIRCLE('',#2926,100.);
#49=CIRCLE('',#2929,100.);
#50=CIRCLE('',#2930,100.);
#51=CIRCLE('',#2935,55.8333333333333);
#52=CIRCLE('',#2936,5.);
#53=CIRCLE('',#2937,60.8333333333333);
#54=CIRCLE('',#2939,60.8333333333333);
#55=CIRCLE('',#2941,5.);
#56=CIRCLE('',#2943,55.8333333333333);
#57=CIRCLE('',#2945,60.8333333333333);
#58=CIRCLE('',#2946,5.);
#59=CIRCLE('',#2947,55.8333333333333);
#60=CIRCLE('',#2949,60.8333333333333);
#61=CIRCLE('',#2951,55.8333333333333);
#62=CIRCLE('',#2952,5.);
#63=CIRCLE('',#2996,1.6);
#64=CIRCLE('',#2998,1.6);
#65=CIRCLE('',#3003,1.6);
#66=CIRCLE('',#3005,1.6);
#67=CIRCLE('',#3010,1.6);
#68=CIRCLE('',#3015,1.6);
#69=CIRCLE('',#3017,1.6);
#70=CIRCLE('',#3019,1.6);
#71=CIRCLE('',#3028,1.6);
#72=CIRCLE('',#3030,1.6);
#73=CIRCLE('',#3035,1.6);
#74=CIRCLE('',#3037,1.6);
#75=CIRCLE('',#3042,1.6);
#76=CIRCLE('',#3047,1.6);
#77=CIRCLE('',#3049,1.6);
#78=CIRCLE('',#3051,1.6);
#79=FACE_BOUND('',#267,.T.);
#80=FACE_BOUND('',#268,.T.);
#81=FACE_BOUND('',#269,.T.);
#82=FACE_BOUND('',#270,.T.);
#83=FACE_BOUND('',#271,.T.);
#84=FACE_BOUND('',#272,.T.);
#85=FACE_BOUND('',#273,.T.);
#86=FACE_BOUND('',#274,.T.);
#87=FACE_BOUND('',#275,.T.);
#88=FACE_BOUND('',#276,.T.);
#89=FACE_BOUND('',#277,.T.);
#90=FACE_BOUND('',#278,.T.);
#91=FACE_BOUND('',#296,.T.);
#92=FACE_BOUND('',#302,.T.);
#93=FACE_BOUND('',#308,.T.);
#94=FACE_BOUND('',#313,.T.);
#95=FACE_BOUND('',#320,.T.);
#96=FACE_BOUND('',#321,.T.);
#97=FACE_BOUND('',#322,.T.);
#98=FACE_BOUND('',#323,.T.);
#99=FACE_BOUND('',#354,.T.);
#100=FACE_BOUND('',#355,.T.);
#101=FACE_BOUND('',#356,.T.);
#102=FACE_BOUND('',#390,.T.);
#103=FACE_BOUND('',#396,.T.);
#104=FACE_BOUND('',#402,.T.);
#105=FACE_BOUND('',#407,.T.);
#106=FACE_BOUND('',#413,.T.);
#107=FACE_BOUND('',#414,.T.);
#108=FACE_BOUND('',#415,.T.);
#109=FACE_BOUND('',#416,.T.);
#110=FACE_BOUND('',#422,.T.);
#111=FACE_BOUND('',#428,.T.);
#112=FACE_BOUND('',#434,.T.);
#113=FACE_BOUND('',#439,.T.);
#114=FACE_BOUND('',#445,.T.);
#115=FACE_BOUND('',#446,.T.);
#116=FACE_BOUND('',#447,.T.);
#117=FACE_BOUND('',#448,.T.);
#118=FACE_OUTER_BOUND('',#265,.T.);
#119=FACE_OUTER_BOUND('',#266,.T.);
#120=FACE_OUTER_BOUND('',#279,.T.);
#121=FACE_OUTER_BOUND('',#280,.T.);
#122=FACE_OUTER_BOUND('',#281,.T.);
#123=FACE_OUTER_BOUND('',#282,.T.);
#124=FACE_OUTER_BOUND('',#283,.T.);
#125=FACE_OUTER_BOUND('',#284,.T.);
#126=FACE_OUTER_BOUND('',#285,.T.);
#127=FACE_OUTER_BOUND('',#286,.T.);
#128=FACE_OUTER_BOUND('',#287,.T.);
#129=FACE_OUTER_BOUND('',#288,.T.);
#130=FACE_OUTER_BOUND('',#289,.T.);
#131=FACE_OUTER_BOUND('',#290,.T.);
#132=FACE_OUTER_BOUND('',#291,.T.);
#133=FACE_OUTER_BOUND('',#292,.T.);
#134=FACE_OUTER_BOUND('',#293,.T.);
#135=FACE_OUTER_BOUND('',#294,.T.);
#136=FACE_OUTER_BOUND('',#295,.T.);
#137=FACE_OUTER_BOUND('',#297,.T.);
#138=FACE_OUTER_BOUND('',#298,.T.);
#139=FACE_OUTER_BOUND('',#299,.T.);
#140=FACE_OUTER_BOUND('',#300,.T.);
#141=FACE_OUTER_BOUND('',#301,.T.);
#142=FACE_OUTER_BOUND('',#303,.T.);
#143=FACE_OUTER_BOUND('',#304,.T.);
#144=FACE_OUTER_BOUND('',#305,.T.);
#145=FACE_OUTER_BOUND('',#306,.T.);
#146=FACE_OUTER_BOUND('',#307,.T.);
#147=FACE_OUTER_BOUND('',#309,.T.);
#148=FACE_OUTER_BOUND('',#310,.T.);
#149=FACE_OUTER_BOUND('',#311,.T.);
#150=FACE_OUTER_BOUND('',#312,.T.);
#151=FACE_OUTER_BOUND('',#314,.T.);
#152=FACE_OUTER_BOUND('',#315,.T.);
#153=FACE_OUTER_BOUND('',#316,.T.);
#154=FACE_OUTER_BOUND('',#317,.T.);
#155=FACE_OUTER_BOUND('',#318,.T.);
#156=FACE_OUTER_BOUND('',#319,.T.);
#157=FACE_OUTER_BOUND('',#324,.T.);
#158=FACE_OUTER_BOUND('',#325,.T.);
#159=FACE_OUTER_BOUND('',#326,.T.);
#160=FACE_OUTER_BOUND('',#327,.T.);
#161=FACE_OUTER_BOUND('',#328,.T.);
#162=FACE_OUTER_BOUND('',#329,.T.);
#163=FACE_OUTER_BOUND('',#330,.T.);
#164=FACE_OUTER_BOUND('',#331,.T.);
#165=FACE_OUTER_BOUND('',#332,.T.);
#166=FACE_OUTER_BOUND('',#333,.T.);
#167=FACE_OUTER_BOUND('',#334,.T.);
#168=FACE_OUTER_BOUND('',#335,.T.);
#169=FACE_OUTER_BOUND('',#336,.T.);
#170=FACE_OUTER_BOUND('',#337,.T.);
#171=FACE_OUTER_BOUND('',#338,.T.);
#172=FACE_OUTER_BOUND('',#339,.T.);
#173=FACE_OUTER_BOUND('',#340,.T.);
#174=FACE_OUTER_BOUND('',#341,.T.);
#175=FACE_OUTER_BOUND('',#342,.T.);
#176=FACE_OUTER_BOUND('',#343,.T.);
#177=FACE_OUTER_BOUND('',#344,.T.);
#178=FACE_OUTER_BOUND('',#345,.T.);
#179=FACE_OUTER_BOUND('',#346,.T.);
#180=FACE_OUTER_BOUND('',#347,.T.);
#181=FACE_OUTER_BOUND('',#348,.T.);
#182=FACE_OUTER_BOUND('',#349,.T.);
#183=FACE_OUTER_BOUND('',#350,.T.);
#184=FACE_OUTER_BOUND('',#351,.T.);
#185=FACE_OUTER_BOUND('',#352,.T.);
#186=FACE_OUTER_BOUND('',#353,.T.);
#187=FACE_OUTER_BOUND('',#357,.T.);
#188=FACE_OUTER_BOUND('',#358,.T.);
#189=FACE_OUTER_BOUND('',#359,.T.);
#190=FACE_OUTER_BOUND('',#360,.T.);
#191=FACE_OUTER_BOUND('',#361,.T.);
#192=FACE_OUTER_BOUND('',#362,.T.);
#193=FACE_OUTER_BOUND('',#363,.T.);
#194=FACE_OUTER_BOUND('',#364,.T.);
#195=FACE_OUTER_BOUND('',#365,.T.);
#196=FACE_OUTER_BOUND('',#366,.T.);
#197=FACE_OUTER_BOUND('',#367,.T.);
#198=FACE_OUTER_BOUND('',#368,.T.);
#199=FACE_OUTER_BOUND('',#369,.T.);
#200=FACE_OUTER_BOUND('',#370,.T.);
#201=FACE_OUTER_BOUND('',#371,.T.);
#202=FACE_OUTER_BOUND('',#372,.T.);
#203=FACE_OUTER_BOUND('',#373,.T.);
#204=FACE_OUTER_BOUND('',#374,.T.);
#205=FACE_OUTER_BOUND('',#375,.T.);
#206=FACE_OUTER_BOUND('',#376,.T.);
#207=FACE_OUTER_BOUND('',#377,.T.);
#208=FACE_OUTER_BOUND('',#378,.T.);
#209=FACE_OUTER_BOUND('',#379,.T.);
#210=FACE_OUTER_BOUND('',#380,.T.);
#211=FACE_OUTER_BOUND('',#381,.T.);
#212=FACE_OUTER_BOUND('',#382,.T.);
#213=FACE_OUTER_BOUND('',#383,.T.);
#214=FACE_OUTER_BOUND('',#384,.T.);
#215=FACE_OUTER_BOUND('',#385,.T.);
#216=FACE_OUTER_BOUND('',#386,.T.);
#217=FACE_OUTER_BOUND('',#387,.T.);
#218=FACE_OUTER_BOUND('',#388,.T.);
#219=FACE_OUTER_BOUND('',#389,.T.);
#220=FACE_OUTER_BOUND('',#391,.T.);
#221=FACE_OUTER_BOUND('',#392,.T.);
#222=FACE_OUTER_BOUND('',#393,.T.);
#223=FACE_OUTER_BOUND('',#394,.T.);
#224=FACE_OUTER_BOUND('',#395,.T.);
#225=FACE_OUTER_BOUND('',#397,.T.);
#226=FACE_OUTER_BOUND('',#398,.T.);
#227=FACE_OUTER_BOUND('',#399,.T.);
#228=FACE_OUTER_BOUND('',#400,.T.);
#229=FACE_OUTER_BOUND('',#401,.T.);
#230=FACE_OUTER_BOUND('',#403,.T.);
#231=FACE_OUTER_BOUND('',#404,.T.);
#232=FACE_OUTER_BOUND('',#405,.T.);
#233=FACE_OUTER_BOUND('',#406,.T.);
#234=FACE_OUTER_BOUND('',#408,.T.);
#235=FACE_OUTER_BOUND('',#409,.T.);
#236=FACE_OUTER_BOUND('',#410,.T.);
#237=FACE_OUTER_BOUND('',#411,.T.);
#238=FACE_OUTER_BOUND('',#412,.T.);
#239=FACE_OUTER_BOUND('',#417,.T.);
#240=FACE_OUTER_BOUND('',#418,.T.);
#241=FACE_OUTER_BOUND('',#419,.T.);
#242=FACE_OUTER_BOUND('',#420,.T.);
#243=FACE_OUTER_BOUND('',#421,.T.);
#244=FACE_OUTER_BOUND('',#423,.T.);
#245=FACE_OUTER_BOUND('',#424,.T.);
#246=FACE_OUTER_BOUND('',#425,.T.);
#247=FACE_OUTER_BOUND('',#426,.T.);
#248=FACE_OUTER_BOUND('',#427,.T.);
#249=FACE_OUTER_BOUND('',#429,.T.);
#250=FACE_OUTER_BOUND('',#430,.T.);
#251=FACE_OUTER_BOUND('',#431,.T.);
#252=FACE_OUTER_BOUND('',#432,.T.);
#253=FACE_OUTER_BOUND('',#433,.T.);
#254=FACE_OUTER_BOUND('',#435,.T.);
#255=FACE_OUTER_BOUND('',#436,.T.);
#256=FACE_OUTER_BOUND('',#437,.T.);
#257=FACE_OUTER_BOUND('',#438,.T.);
#258=FACE_OUTER_BOUND('',#440,.T.);
#259=FACE_OUTER_BOUND('',#441,.T.);
#260=FACE_OUTER_BOUND('',#442,.T.);
#261=FACE_OUTER_BOUND('',#443,.T.);
#262=FACE_OUTER_BOUND('',#444,.T.);
#263=FACE_OUTER_BOUND('',#449,.T.);
#264=FACE_OUTER_BOUND('',#450,.T.);
#265=EDGE_LOOP('',(#1793,#1794,#1795,#1796,#1797,#1798));
#266=EDGE_LOOP('',(#1799,#1800,#1801,#1802,#1803,#1804,#1805,#1806,#1807,
#1808));
#267=EDGE_LOOP('',(#1809,#1810,#1811,#1812,#1813,#1814));
#268=EDGE_LOOP('',(#1815,#1816,#1817,#1818,#1819,#1820));
#269=EDGE_LOOP('',(#1821,#1822,#1823,#1824,#1825,#1826));
#270=EDGE_LOOP('',(#1827,#1828,#1829,#1830,#1831,#1832));
#271=EDGE_LOOP('',(#1833,#1834,#1835,#1836,#1837,#1838));
#272=EDGE_LOOP('',(#1839,#1840,#1841,#1842,#1843,#1844));
#273=EDGE_LOOP('',(#1845,#1846,#1847,#1848,#1849,#1850));
#274=EDGE_LOOP('',(#1851,#1852,#1853,#1854,#1855,#1856));
#275=EDGE_LOOP('',(#1857,#1858,#1859,#1860,#1861,#1862));
#276=EDGE_LOOP('',(#1863,#1864,#1865,#1866,#1867,#1868));
#277=EDGE_LOOP('',(#1869,#1870,#1871,#1872,#1873,#1874));
#278=EDGE_LOOP('',(#1875,#1876,#1877,#1878,#1879,#1880));
#279=EDGE_LOOP('',(#1881,#1882,#1883,#1884));
#280=EDGE_LOOP('',(#1885,#1886,#1887,#1888));
#281=EDGE_LOOP('',(#1889,#1890,#1891,#1892));
#282=EDGE_LOOP('',(#1893,#1894,#1895,#1896));
#283=EDGE_LOOP('',(#1897,#1898,#1899,#1900));
#284=EDGE_LOOP('',(#1901,#1902,#1903,#1904));
#285=EDGE_LOOP('',(#1905,#1906,#1907,#1908));
#286=EDGE_LOOP('',(#1909,#1910,#1911,#1912));
#287=EDGE_LOOP('',(#1913,#1914,#1915,#1916));
#288=EDGE_LOOP('',(#1917,#1918,#1919,#1920));
#289=EDGE_LOOP('',(#1921,#1922,#1923,#1924));
#290=EDGE_LOOP('',(#1925,#1926,#1927,#1928));
#291=EDGE_LOOP('',(#1929,#1930,#1931,#1932));
#292=EDGE_LOOP('',(#1933,#1934,#1935,#1936));
#293=EDGE_LOOP('',(#1937,#1938,#1939,#1940));
#294=EDGE_LOOP('',(#1941,#1942,#1943,#1944));
#295=EDGE_LOOP('',(#1945,#1946,#1947,#1948,#1949,#1950));
#296=EDGE_LOOP('',(#1951));
#297=EDGE_LOOP('',(#1952,#1953,#1954,#1955));
#298=EDGE_LOOP('',(#1956,#1957,#1958,#1959));
#299=EDGE_LOOP('',(#1960,#1961,#1962,#1963));
#300=EDGE_LOOP('',(#1964,#1965,#1966,#1967));
#301=EDGE_LOOP('',(#1968,#1969,#1970,#1971,#1972,#1973));
#302=EDGE_LOOP('',(#1974));
#303=EDGE_LOOP('',(#1975,#1976,#1977,#1978));
#304=EDGE_LOOP('',(#1979,#1980,#1981,#1982));
#305=EDGE_LOOP('',(#1983,#1984,#1985,#1986));
#306=EDGE_LOOP('',(#1987,#1988,#1989,#1990));
#307=EDGE_LOOP('',(#1991,#1992,#1993,#1994,#1995,#1996));
#308=EDGE_LOOP('',(#1997));
#309=EDGE_LOOP('',(#1998,#1999,#2000,#2001));
#310=EDGE_LOOP('',(#2002,#2003,#2004,#2005));
#311=EDGE_LOOP('',(#2006,#2007,#2008,#2009));
#312=EDGE_LOOP('',(#2010,#2011,#2012,#2013,#2014,#2015));
#313=EDGE_LOOP('',(#2016));
#314=EDGE_LOOP('',(#2017,#2018,#2019,#2020));
#315=EDGE_LOOP('',(#2021,#2022,#2023,#2024));
#316=EDGE_LOOP('',(#2025,#2026,#2027,#2028));
#317=EDGE_LOOP('',(#2029,#2030,#2031,#2032));
#318=EDGE_LOOP('',(#2033,#2034,#2035,#2036));
#319=EDGE_LOOP('',(#2037,#2038,#2039,#2040));
#320=EDGE_LOOP('',(#2041));
#321=EDGE_LOOP('',(#2042));
#322=EDGE_LOOP('',(#2043));
#323=EDGE_LOOP('',(#2044));
#324=EDGE_LOOP('',(#2045,#2046,#2047,#2048,#2049,#2050,#2051,#2052,#2053,
#2054,#2055,#2056,#2057,#2058,#2059,#2060,#2061,#2062,#2063,#2064,#2065,
#2066));
#325=EDGE_LOOP('',(#2067,#2068,#2069,#2070));
#326=EDGE_LOOP('',(#2071,#2072,#2073,#2074,#2075,#2076,#2077,#2078));
#327=EDGE_LOOP('',(#2079,#2080,#2081,#2082));
#328=EDGE_LOOP('',(#2083,#2084,#2085,#2086));
#329=EDGE_LOOP('',(#2087,#2088,#2089,#2090));
#330=EDGE_LOOP('',(#2091,#2092,#2093,#2094));
#331=EDGE_LOOP('',(#2095,#2096,#2097,#2098));
#332=EDGE_LOOP('',(#2099,#2100,#2101,#2102,#2103,#2104));
#333=EDGE_LOOP('',(#2105,#2106,#2107,#2108));
#334=EDGE_LOOP('',(#2109,#2110,#2111,#2112,#2113,#2114));
#335=EDGE_LOOP('',(#2115,#2116,#2117,#2118));
#336=EDGE_LOOP('',(#2119,#2120,#2121,#2122));
#337=EDGE_LOOP('',(#2123,#2124,#2125,#2126));
#338=EDGE_LOOP('',(#2127,#2128,#2129,#2130));
#339=EDGE_LOOP('',(#2131,#2132,#2133,#2134,#2135,#2136));
#340=EDGE_LOOP('',(#2137,#2138,#2139,#2140));
#341=EDGE_LOOP('',(#2141,#2142,#2143,#2144));
#342=EDGE_LOOP('',(#2145,#2146,#2147,#2148));
#343=EDGE_LOOP('',(#2149,#2150,#2151,#2152));
#344=EDGE_LOOP('',(#2153,#2154,#2155,#2156));
#345=EDGE_LOOP('',(#2157,#2158,#2159,#2160,#2161,#2162,#2163));
#346=EDGE_LOOP('',(#2164,#2165,#2166,#2167,#2168,#2169));
#347=EDGE_LOOP('',(#2170,#2171,#2172,#2173));
#348=EDGE_LOOP('',(#2174,#2175,#2176,#2177,#2178,#2179,#2180));
#349=EDGE_LOOP('',(#2181,#2182,#2183,#2184));
#350=EDGE_LOOP('',(#2185,#2186,#2187,#2188,#2189,#2190,#2191));
#351=EDGE_LOOP('',(#2192,#2193,#2194,#2195,#2196,#2197,#2198));
#352=EDGE_LOOP('',(#2199,#2200,#2201,#2202));
#353=EDGE_LOOP('',(#2203,#2204,#2205,#2206));
#354=EDGE_LOOP('',(#2207,#2208,#2209,#2210));
#355=EDGE_LOOP('',(#2211,#2212,#2213,#2214));
#356=EDGE_LOOP('',(#2215,#2216,#2217,#2218));
#357=EDGE_LOOP('',(#2219,#2220,#2221,#2222));
#358=EDGE_LOOP('',(#2223,#2224,#2225,#2226,#2227,#2228,#2229,#2230));
#359=EDGE_LOOP('',(#2231,#2232,#2233,#2234));
#360=EDGE_LOOP('',(#2235,#2236,#2237,#2238));
#361=EDGE_LOOP('',(#2239,#2240,#2241,#2242));
#362=EDGE_LOOP('',(#2243,#2244,#2245,#2246));
#363=EDGE_LOOP('',(#2247,#2248,#2249,#2250));
#364=EDGE_LOOP('',(#2251,#2252,#2253,#2254));
#365=EDGE_LOOP('',(#2255,#2256,#2257,#2258));
#366=EDGE_LOOP('',(#2259,#2260,#2261,#2262));
#367=EDGE_LOOP('',(#2263,#2264,#2265,#2266));
#368=EDGE_LOOP('',(#2267,#2268,#2269,#2270));
#369=EDGE_LOOP('',(#2271,#2272,#2273,#2274));
#370=EDGE_LOOP('',(#2275,#2276,#2277,#2278));
#371=EDGE_LOOP('',(#2279,#2280,#2281,#2282));
#372=EDGE_LOOP('',(#2283,#2284,#2285,#2286));
#373=EDGE_LOOP('',(#2287,#2288,#2289,#2290));
#374=EDGE_LOOP('',(#2291,#2292,#2293,#2294));
#375=EDGE_LOOP('',(#2295,#2296,#2297,#2298));
#376=EDGE_LOOP('',(#2299,#2300,#2301,#2302));
#377=EDGE_LOOP('',(#2303,#2304,#2305,#2306));
#378=EDGE_LOOP('',(#2307,#2308,#2309,#2310));
#379=EDGE_LOOP('',(#2311,#2312,#2313,#2314));
#380=EDGE_LOOP('',(#2315,#2316,#2317,#2318));
#381=EDGE_LOOP('',(#2319,#2320,#2321,#2322));
#382=EDGE_LOOP('',(#2323,#2324,#2325,#2326));
#383=EDGE_LOOP('',(#2327,#2328,#2329,#2330));
#384=EDGE_LOOP('',(#2331,#2332,#2333,#2334));
#385=EDGE_LOOP('',(#2335,#2336,#2337,#2338));
#386=EDGE_LOOP('',(#2339,#2340,#2341,#2342));
#387=EDGE_LOOP('',(#2343,#2344,#2345,#2346));
#388=EDGE_LOOP('',(#2347,#2348,#2349,#2350));
#389=EDGE_LOOP('',(#2351,#2352,#2353,#2354,#2355,#2356));
#390=EDGE_LOOP('',(#2357));
#391=EDGE_LOOP('',(#2358,#2359,#2360,#2361));
#392=EDGE_LOOP('',(#2362,#2363,#2364,#2365));
#393=EDGE_LOOP('',(#2366,#2367,#2368,#2369));
#394=EDGE_LOOP('',(#2370,#2371,#2372,#2373));
#395=EDGE_LOOP('',(#2374,#2375,#2376,#2377,#2378,#2379));
#396=EDGE_LOOP('',(#2380));
#397=EDGE_LOOP('',(#2381,#2382,#2383,#2384));
#398=EDGE_LOOP('',(#2385,#2386,#2387,#2388));
#399=EDGE_LOOP('',(#2389,#2390,#2391,#2392));
#400=EDGE_LOOP('',(#2393,#2394,#2395,#2396));
#401=EDGE_LOOP('',(#2397,#2398,#2399,#2400,#2401,#2402));
#402=EDGE_LOOP('',(#2403));
#403=EDGE_LOOP('',(#2404,#2405,#2406,#2407));
#404=EDGE_LOOP('',(#2408,#2409,#2410,#2411));
#405=EDGE_LOOP('',(#2412,#2413,#2414,#2415));
#406=EDGE_LOOP('',(#2416,#2417,#2418,#2419,#2420,#2421));
#407=EDGE_LOOP('',(#2422));
#408=EDGE_LOOP('',(#2423,#2424,#2425,#2426));
#409=EDGE_LOOP('',(#2427,#2428,#2429,#2430));
#410=EDGE_LOOP('',(#2431,#2432,#2433,#2434));
#411=EDGE_LOOP('',(#2435,#2436,#2437,#2438));
#412=EDGE_LOOP('',(#2439,#2440,#2441,#2442));
#413=EDGE_LOOP('',(#2443));
#414=EDGE_LOOP('',(#2444));
#415=EDGE_LOOP('',(#2445));
#416=EDGE_LOOP('',(#2446));
#417=EDGE_LOOP('',(#2447,#2448,#2449,#2450));
#418=EDGE_LOOP('',(#2451,#2452,#2453,#2454));
#419=EDGE_LOOP('',(#2455,#2456,#2457,#2458));
#420=EDGE_LOOP('',(#2459,#2460,#2461,#2462));
#421=EDGE_LOOP('',(#2463,#2464,#2465,#2466,#2467,#2468));
#422=EDGE_LOOP('',(#2469));
#423=EDGE_LOOP('',(#2470,#2471,#2472,#2473));
#424=EDGE_LOOP('',(#2474,#2475,#2476,#2477));
#425=EDGE_LOOP('',(#2478,#2479,#2480,#2481));
#426=EDGE_LOOP('',(#2482,#2483,#2484,#2485));
#427=EDGE_LOOP('',(#2486,#2487,#2488,#2489,#2490,#2491));
#428=EDGE_LOOP('',(#2492));
#429=EDGE_LOOP('',(#2493,#2494,#2495,#2496));
#430=EDGE_LOOP('',(#2497,#2498,#2499,#2500));
#431=EDGE_LOOP('',(#2501,#2502,#2503,#2504));
#432=EDGE_LOOP('',(#2505,#2506,#2507,#2508));
#433=EDGE_LOOP('',(#2509,#2510,#2511,#2512,#2513,#2514));
#434=EDGE_LOOP('',(#2515));
#435=EDGE_LOOP('',(#2516,#2517,#2518,#2519));
#436=EDGE_LOOP('',(#2520,#2521,#2522,#2523));
#437=EDGE_LOOP('',(#2524,#2525,#2526,#2527));
#438=EDGE_LOOP('',(#2528,#2529,#2530,#2531,#2532,#2533));
#439=EDGE_LOOP('',(#2534));
#440=EDGE_LOOP('',(#2535,#2536,#2537,#2538));
#441=EDGE_LOOP('',(#2539,#2540,#2541,#2542));
#442=EDGE_LOOP('',(#2543,#2544,#2545,#2546));
#443=EDGE_LOOP('',(#2547,#2548,#2549,#2550));
#444=EDGE_LOOP('',(#2551,#2552,#2553,#2554));
#445=EDGE_LOOP('',(#2555));
#446=EDGE_LOOP('',(#2556));
#447=EDGE_LOOP('',(#2557));
#448=EDGE_LOOP('',(#2558));
#449=EDGE_LOOP('',(#2559,#2560,#2561,#2562,#2563,#2564,#2565,#2566,#2567,
#2568));
#450=EDGE_LOOP('',(#2569,#2570,#2571,#2572));
#451=LINE('',#3783,#797);
#452=LINE('',#3785,#798);
#453=LINE('',#3787,#799);
#454=LINE('',#3789,#800);
#455=LINE('',#3791,#801);
#456=LINE('',#3792,#802);
#457=LINE('',#3795,#803);
#458=LINE('',#3797,#804);
#459=LINE('',#3799,#805);
#460=LINE('',#3801,#806);
#461=LINE('',#3803,#807);
#462=LINE('',#3805,#808);
#463=LINE('',#3807,#809);
#464=LINE('',#3809,#810);
#465=LINE('',#3810,#811);
#466=LINE('',#3813,#812);
#467=LINE('',#3815,#813);
#468=LINE('',#3817,#814);
#469=LINE('',#3819,#815);
#470=LINE('',#3821,#816);
#471=LINE('',#3822,#817);
#472=LINE('',#3825,#818);
#473=LINE('',#3827,#819);
#474=LINE('',#3829,#820);
#475=LINE('',#3831,#821);
#476=LINE('',#3833,#822);
#477=LINE('',#3834,#823);
#478=LINE('',#3837,#824);
#479=LINE('',#3839,#825);
#480=LINE('',#3841,#826);
#481=LINE('',#3843,#827);
#482=LINE('',#3845,#828);
#483=LINE('',#3846,#829);
#484=LINE('',#3849,#830);
#485=LINE('',#3851,#831);
#486=LINE('',#3853,#832);
#487=LINE('',#3855,#833);
#488=LINE('',#3857,#834);
#489=LINE('',#3858,#835);
#490=LINE('',#3861,#836);
#491=LINE('',#3863,#837);
#492=LINE('',#3865,#838);
#493=LINE('',#3867,#839);
#494=LINE('',#3869,#840);
#495=LINE('',#3870,#841);
#496=LINE('',#3873,#842);
#497=LINE('',#3875,#843);
#498=LINE('',#3877,#844);
#499=LINE('',#3879,#845);
#500=LINE('',#3881,#846);
#501=LINE('',#3882,#847);
#502=LINE('',#3885,#848);
#503=LINE('',#3887,#849);
#504=LINE('',#3889,#850);
#505=LINE('',#3891,#851);
#506=LINE('',#3893,#852);
#507=LINE('',#3894,#853);
#508=LINE('',#3897,#854);
#509=LINE('',#3899,#855);
#510=LINE('',#3901,#856);
#511=LINE('',#3903,#857);
#512=LINE('',#3905,#858);
#513=LINE('',#3906,#859);
#514=LINE('',#3909,#860);
#515=LINE('',#3911,#861);
#516=LINE('',#3913,#862);
#517=LINE('',#3915,#863);
#518=LINE('',#3917,#864);
#519=LINE('',#3918,#865);
#520=LINE('',#3921,#866);
#521=LINE('',#3923,#867);
#522=LINE('',#3925,#868);
#523=LINE('',#3927,#869);
#524=LINE('',#3929,#870);
#525=LINE('',#3930,#871);
#526=LINE('',#3933,#872);
#527=LINE('',#3935,#873);
#528=LINE('',#3937,#874);
#529=LINE('',#3939,#875);
#530=LINE('',#3941,#876);
#531=LINE('',#3942,#877);
#532=LINE('',#3945,#878);
#533=LINE('',#3947,#879);
#534=LINE('',#3949,#880);
#535=LINE('',#3951,#881);
#536=LINE('',#3953,#882);
#537=LINE('',#3954,#883);
#538=LINE('',#3957,#884);
#539=LINE('',#3958,#885);
#540=LINE('',#3961,#886);
#541=LINE('',#3963,#887);
#542=LINE('',#3964,#888);
#543=LINE('',#3967,#889);
#544=LINE('',#3968,#890);
#545=LINE('',#3971,#891);
#546=LINE('',#3972,#892);
#547=LINE('',#3975,#893);
#548=LINE('',#3977,#894);
#549=LINE('',#3978,#895);
#550=LINE('',#3981,#896);
#551=LINE('',#3982,#897);
#552=LINE('',#3985,#898);
#553=LINE('',#3986,#899);
#554=LINE('',#3989,#900);
#555=LINE('',#3991,#901);
#556=LINE('',#3992,#902);
#557=LINE('',#3995,#903);
#558=LINE('',#3996,#904);
#559=LINE('',#3999,#905);
#560=LINE('',#4000,#906);
#561=LINE('',#4003,#907);
#562=LINE('',#4005,#908);
#563=LINE('',#4006,#909);
#564=LINE('',#4009,#910);
#565=LINE('',#4010,#911);
#566=LINE('',#4013,#912);
#567=LINE('',#4014,#913);
#568=LINE('',#4017,#914);
#569=LINE('',#4018,#915);
#570=LINE('',#4021,#916);
#571=LINE('',#4022,#917);
#572=LINE('',#4024,#918);
#573=LINE('',#4031,#919);
#574=LINE('',#4034,#920);
#575=LINE('',#4035,#921);
#576=LINE('',#4038,#922);
#577=LINE('',#4039,#923);
#578=LINE('',#4041,#924);
#579=LINE('',#4048,#925);
#580=LINE('',#4051,#926);
#581=LINE('',#4052,#927);
#582=LINE('',#4055,#928);
#583=LINE('',#4056,#929);
#584=LINE('',#4058,#930);
#585=LINE('',#4064,#931);
#586=LINE('',#4065,#932);
#587=LINE('',#4068,#933);
#588=LINE('',#4069,#934);
#589=LINE('',#4071,#935);
#590=LINE('',#4078,#936);
#591=LINE('',#4082,#937);
#592=LINE('',#4086,#938);
#593=LINE('',#4088,#939);
#594=LINE('',#4090,#940);
#595=LINE('',#4091,#941);
#596=LINE('',#4095,#942);
#597=LINE('',#4097,#943);
#598=LINE('',#4099,#944);
#599=LINE('',#4100,#945);
#600=LINE('',#4102,#946);
#601=LINE('',#4103,#947);
#602=LINE('',#4105,#948);
#603=LINE('',#4108,#949);
#604=LINE('',#4110,#950);
#605=LINE('',#4112,#951);
#606=LINE('',#4114,#952);
#607=LINE('',#4116,#953);
#608=LINE('',#4118,#954);
#609=LINE('',#4120,#955);
#610=LINE('',#4122,#956);
#611=LINE('',#4124,#957);
#612=LINE('',#4126,#958);
#613=LINE('',#4128,#959);
#614=LINE('',#4130,#960);
#615=LINE('',#4132,#961);
#616=LINE('',#4134,#962);
#617=LINE('',#4136,#963);
#618=LINE('',#4137,#964);
#619=LINE('',#4138,#965);
#620=LINE('',#4140,#966);
#621=LINE('',#4141,#967);
#622=LINE('',#4144,#968);
#623=LINE('',#4148,#969);
#624=LINE('',#4150,#970);
#625=LINE('',#4152,#971);
#626=LINE('',#4153,#972);
#627=LINE('',#4156,#973);
#628=LINE('',#4158,#974);
#629=LINE('',#4159,#975);
#630=LINE('',#4162,#976);
#631=LINE('',#4163,#977);
#632=LINE('',#4169,#978);
#633=LINE('',#4172,#979);
#634=LINE('',#4175,#980);
#635=LINE('',#4196,#981);
#636=LINE('',#4216,#982);
#637=LINE('',#4222,#983);
#638=LINE('',#4225,#984);
#639=LINE('',#4228,#985);
#640=LINE('',#4249,#986);
#641=LINE('',#4269,#987);
#642=LINE('',#4272,#988);
#643=LINE('',#4274,#989);
#644=LINE('',#4275,#990);
#645=LINE('',#4278,#991);
#646=LINE('',#4280,#992);
#647=LINE('',#4281,#993);
#648=LINE('',#4290,#994);
#649=LINE('',#4294,#995);
#650=LINE('',#4296,#996);
#651=LINE('',#4298,#997);
#652=LINE('',#4311,#998);
#653=LINE('',#4318,#999);
#654=LINE('',#4320,#1000);
#655=LINE('',#4321,#1001);
#656=LINE('',#4323,#1002);
#657=LINE('',#4326,#1003);
#658=LINE('',#4328,#1004);
#659=LINE('',#4329,#1005);
#660=LINE('',#4332,#1006);
#661=LINE('',#4334,#1007);
#662=LINE('',#4335,#1008);
#663=LINE('',#4337,#1009);
#664=LINE('',#4340,#1010);
#665=LINE('',#4341,#1011);
#666=LINE('',#4343,#1012);
#667=LINE('',#4345,#1013);
#668=LINE('',#4347,#1014);
#669=LINE('',#4350,#1015);
#670=LINE('',#4351,#1016);
#671=LINE('',#4354,#1017);
#672=LINE('',#4355,#1018);
#673=LINE('',#4357,#1019);
#674=LINE('',#4359,#1020);
#675=LINE('',#4361,#1021);
#676=LINE('',#4362,#1022);
#677=LINE('',#4364,#1023);
#678=LINE('',#4366,#1024);
#679=LINE('',#4369,#1025);
#680=LINE('',#4371,#1026);
#681=LINE('',#4372,#1027);
#682=LINE('',#4375,#1028);
#683=LINE('',#4376,#1029);
#684=LINE('',#4379,#1030);
#685=LINE('',#4380,#1031);
#686=LINE('',#4383,#1032);
#687=LINE('',#4385,#1033);
#688=LINE('',#4386,#1034);
#689=LINE('',#4389,#1035);
#690=LINE('',#4390,#1036);
#691=LINE('',#4393,#1037);
#692=LINE('',#4394,#1038);
#693=LINE('',#4397,#1039);
#694=LINE('',#4399,#1040);
#695=LINE('',#4400,#1041);
#696=LINE('',#4403,#1042);
#697=LINE('',#4404,#1043);
#698=LINE('',#4407,#1044);
#699=LINE('',#4408,#1045);
#700=LINE('',#4411,#1046);
#701=LINE('',#4413,#1047);
#702=LINE('',#4414,#1048);
#703=LINE('',#4417,#1049);
#704=LINE('',#4418,#1050);
#705=LINE('',#4421,#1051);
#706=LINE('',#4422,#1052);
#707=LINE('',#4425,#1053);
#708=LINE('',#4427,#1054);
#709=LINE('',#4428,#1055);
#710=LINE('',#4431,#1056);
#711=LINE('',#4432,#1057);
#712=LINE('',#4435,#1058);
#713=LINE('',#4436,#1059);
#714=LINE('',#4439,#1060);
#715=LINE('',#4441,#1061);
#716=LINE('',#4442,#1062);
#717=LINE('',#4445,#1063);
#718=LINE('',#4446,#1064);
#719=LINE('',#4449,#1065);
#720=LINE('',#4450,#1066);
#721=LINE('',#4453,#1067);
#722=LINE('',#4455,#1068);
#723=LINE('',#4456,#1069);
#724=LINE('',#4459,#1070);
#725=LINE('',#4460,#1071);
#726=LINE('',#4463,#1072);
#727=LINE('',#4464,#1073);
#728=LINE('',#4467,#1074);
#729=LINE('',#4469,#1075);
#730=LINE('',#4470,#1076);
#731=LINE('',#4473,#1077);
#732=LINE('',#4474,#1078);
#733=LINE('',#4477,#1079);
#734=LINE('',#4478,#1080);
#735=LINE('',#4481,#1081);
#736=LINE('',#4483,#1082);
#737=LINE('',#4484,#1083);
#738=LINE('',#4487,#1084);
#739=LINE('',#4488,#1085);
#740=LINE('',#4491,#1086);
#741=LINE('',#4492,#1087);
#742=LINE('',#4494,#1088);
#743=LINE('',#4501,#1089);
#744=LINE('',#4504,#1090);
#745=LINE('',#4505,#1091);
#746=LINE('',#4508,#1092);
#747=LINE('',#4509,#1093);
#748=LINE('',#4511,#1094);
#749=LINE('',#4518,#1095);
#750=LINE('',#4521,#1096);
#751=LINE('',#4522,#1097);
#752=LINE('',#4525,#1098);
#753=LINE('',#4526,#1099);
#754=LINE('',#4528,#1100);
#755=LINE('',#4534,#1101);
#756=LINE('',#4535,#1102);
#757=LINE('',#4538,#1103);
#758=LINE('',#4539,#1104);
#759=LINE('',#4541,#1105);
#760=LINE('',#4548,#1106);
#761=LINE('',#4552,#1107);
#762=LINE('',#4554,#1108);
#763=LINE('',#4556,#1109);
#764=LINE('',#4560,#1110);
#765=LINE('',#4562,#1111);
#766=LINE('',#4563,#1112);
#767=LINE('',#4566,#1113);
#768=LINE('',#4567,#1114);
#769=LINE('',#4570,#1115);
#770=LINE('',#4571,#1116);
#771=LINE('',#4573,#1117);
#772=LINE('',#4580,#1118);
#773=LINE('',#4583,#1119);
#774=LINE('',#4584,#1120);
#775=LINE('',#4587,#1121);
#776=LINE('',#4588,#1122);
#777=LINE('',#4590,#1123);
#778=LINE('',#4597,#1124);
#779=LINE('',#4600,#1125);
#780=LINE('',#4601,#1126);
#781=LINE('',#4604,#1127);
#782=LINE('',#4605,#1128);
#783=LINE('',#4607,#1129);
#784=LINE('',#4613,#1130);
#785=LINE('',#4614,#1131);
#786=LINE('',#4617,#1132);
#787=LINE('',#4618,#1133);
#788=LINE('',#4620,#1134);
#789=LINE('',#4627,#1135);
#790=LINE('',#4631,#1136);
#791=LINE('',#4634,#1137);
#792=LINE('',#4635,#1138);
#793=LINE('',#4638,#1139);
#794=LINE('',#4639,#1140);
#795=LINE('',#4641,#1141);
#796=LINE('',#4643,#1142);
#797=VECTOR('',#3061,10.);
#798=VECTOR('',#3062,10.);
#799=VECTOR('',#3063,10.);
#800=VECTOR('',#3064,10.);
#801=VECTOR('',#3065,10.);
#802=VECTOR('',#3066,10.);
#803=VECTOR('',#3069,10.);
#804=VECTOR('',#3070,10.);
#805=VECTOR('',#3071,10.);
#806=VECTOR('',#3072,10.);
#807=VECTOR('',#3073,10.);
#808=VECTOR('',#3074,10.);
#809=VECTOR('',#3075,10.);
#810=VECTOR('',#3076,10.);
#811=VECTOR('',#3077,10.);
#812=VECTOR('',#3078,10.);
#813=VECTOR('',#3079,10.);
#814=VECTOR('',#3080,10.);
#815=VECTOR('',#3081,10.);
#816=VECTOR('',#3082,10.);
#817=VECTOR('',#3083,10.);
#818=VECTOR('',#3084,10.);
#819=VECTOR('',#3085,10.);
#820=VECTOR('',#3086,10.);
#821=VECTOR('',#3087,10.);
#822=VECTOR('',#3088,10.);
#823=VECTOR('',#3089,10.);
#824=VECTOR('',#3090,10.);
#825=VECTOR('',#3091,10.);
#826=VECTOR('',#3092,10.);
#827=VECTOR('',#3093,10.);
#828=VECTOR('',#3094,10.);
#829=VECTOR('',#3095,10.);
#830=VECTOR('',#3096,10.);
#831=VECTOR('',#3097,10.);
#832=VECTOR('',#3098,10.);
#833=VECTOR('',#3099,10.);
#834=VECTOR('',#3100,10.);
#835=VECTOR('',#3101,10.);
#836=VECTOR('',#3102,10.);
#837=VECTOR('',#3103,10.);
#838=VECTOR('',#3104,10.);
#839=VECTOR('',#3105,10.);
#840=VECTOR('',#3106,10.);
#841=VECTOR('',#3107,10.);
#842=VECTOR('',#3108,10.);
#843=VECTOR('',#3109,10.);
#844=VECTOR('',#3110,10.);
#845=VECTOR('',#3111,10.);
#846=VECTOR('',#3112,10.);
#847=VECTOR('',#3113,10.);
#848=VECTOR('',#3114,10.);
#849=VECTOR('',#3115,10.);
#850=VECTOR('',#3116,10.);
#851=VECTOR('',#3117,10.);
#852=VECTOR('',#3118,10.);
#853=VECTOR('',#3119,10.);
#854=VECTOR('',#3120,10.);
#855=VECTOR('',#3121,10.);
#856=VECTOR('',#3122,10.);
#857=VECTOR('',#3123,10.);
#858=VECTOR('',#3124,10.);
#859=VECTOR('',#3125,10.);
#860=VECTOR('',#3126,10.);
#861=VECTOR('',#3127,10.);
#862=VECTOR('',#3128,10.);
#863=VECTOR('',#3129,10.);
#864=VECTOR('',#3130,10.);
#865=VECTOR('',#3131,10.);
#866=VECTOR('',#3132,10.);
#867=VECTOR('',#3133,10.);
#868=VECTOR('',#3134,10.);
#869=VECTOR('',#3135,10.);
#870=VECTOR('',#3136,10.);
#871=VECTOR('',#3137,10.);
#872=VECTOR('',#3138,10.);
#873=VECTOR('',#3139,10.);
#874=VECTOR('',#3140,10.);
#875=VECTOR('',#3141,10.);
#876=VECTOR('',#3142,10.);
#877=VECTOR('',#3143,10.);
#878=VECTOR('',#3144,10.);
#879=VECTOR('',#3145,10.);
#880=VECTOR('',#3146,10.);
#881=VECTOR('',#3147,10.);
#882=VECTOR('',#3148,10.);
#883=VECTOR('',#3149,10.);
#884=VECTOR('',#3152,10.);
#885=VECTOR('',#3153,10.);
#886=VECTOR('',#3156,10.);
#887=VECTOR('',#3157,10.);
#888=VECTOR('',#3158,10.);
#889=VECTOR('',#3161,10.);
#890=VECTOR('',#3162,10.);
#891=VECTOR('',#3165,10.);
#892=VECTOR('',#3166,10.);
#893=VECTOR('',#3169,10.);
#894=VECTOR('',#3170,10.);
#895=VECTOR('',#3171,10.);
#896=VECTOR('',#3174,10.);
#897=VECTOR('',#3175,10.);
#898=VECTOR('',#3178,10.);
#899=VECTOR('',#3179,10.);
#900=VECTOR('',#3182,10.);
#901=VECTOR('',#3183,10.);
#902=VECTOR('',#3184,10.);
#903=VECTOR('',#3187,10.);
#904=VECTOR('',#3188,10.);
#905=VECTOR('',#3191,10.);
#906=VECTOR('',#3192,10.);
#907=VECTOR('',#3195,10.);
#908=VECTOR('',#3196,10.);
#909=VECTOR('',#3197,10.);
#910=VECTOR('',#3200,10.);
#911=VECTOR('',#3201,10.);
#912=VECTOR('',#3204,10.);
#913=VECTOR('',#3205,10.);
#914=VECTOR('',#3208,10.);
#915=VECTOR('',#3209,10.);
#916=VECTOR('',#3212,10.);
#917=VECTOR('',#3213,10.);
#918=VECTOR('',#3216,10.);
#919=VECTOR('',#3225,1.6);
#920=VECTOR('',#3228,10.);
#921=VECTOR('',#3229,10.);
#922=VECTOR('',#3232,10.);
#923=VECTOR('',#3233,10.);
#924=VECTOR('',#3236,10.);
#925=VECTOR('',#3245,1.6);
#926=VECTOR('',#3248,10.);
#927=VECTOR('',#3249,10.);
#928=VECTOR('',#3252,10.);
#929=VECTOR('',#3253,10.);
#930=VECTOR('',#3256,10.);
#931=VECTOR('',#3263,10.);
#932=VECTOR('',#3264,10.);
#933=VECTOR('',#3267,10.);
#934=VECTOR('',#3268,10.);
#935=VECTOR('',#3271,10.);
#936=VECTOR('',#3280,1.6);
#937=VECTOR('',#3285,1.6);
#938=VECTOR('',#3288,10.);
#939=VECTOR('',#3289,10.);
#940=VECTOR('',#3290,10.);
#941=VECTOR('',#3291,10.);
#942=VECTOR('',#3294,10.);
#943=VECTOR('',#3295,10.);
#944=VECTOR('',#3296,10.);
#945=VECTOR('',#3297,10.);
#946=VECTOR('',#3300,10.);
#947=VECTOR('',#3301,10.);
#948=VECTOR('',#3304,10.);
#949=VECTOR('',#3307,10.);
#950=VECTOR('',#3308,10.);
#951=VECTOR('',#3309,10.);
#952=VECTOR('',#3310,10.);
#953=VECTOR('',#3311,10.);
#954=VECTOR('',#3312,10.);
#955=VECTOR('',#3313,10.);
#956=VECTOR('',#3314,10.);
#957=VECTOR('',#3315,10.);
#958=VECTOR('',#3316,10.);
#959=VECTOR('',#3317,10.);
#960=VECTOR('',#3318,10.);
#961=VECTOR('',#3319,10.);
#962=VECTOR('',#3320,10.);
#963=VECTOR('',#3321,10.);
#964=VECTOR('',#3322,10.);
#965=VECTOR('',#3323,10.);
#966=VECTOR('',#3326,10.);
#967=VECTOR('',#3327,10.);
#968=VECTOR('',#3332,10.);
#969=VECTOR('',#3335,10.);
#970=VECTOR('',#3336,10.);
#971=VECTOR('',#3337,10.);
#972=VECTOR('',#3338,10.);
#973=VECTOR('',#3341,10.);
#974=VECTOR('',#3342,10.);
#975=VECTOR('',#3343,10.);
#976=VECTOR('',#3346,10.);
#977=VECTOR('',#3347,10.);
#978=VECTOR('',#3352,10.);
#979=VECTOR('',#3355,10.);
#980=VECTOR('',#3358,10.);
#981=VECTOR('',#3359,10.);
#982=VECTOR('',#3360,10.);
#983=VECTOR('',#3365,10.);
#984=VECTOR('',#3368,10.);
#985=VECTOR('',#3371,10.);
#986=VECTOR('',#3372,10.);
#987=VECTOR('',#3373,10.);
#988=VECTOR('',#3376,10.);
#989=VECTOR('',#3377,10.);
#990=VECTOR('',#3378,10.);
#991=VECTOR('',#3381,10.);
#992=VECTOR('',#3382,10.);
#993=VECTOR('',#3383,10.);
#994=VECTOR('',#3394,10.);
#995=VECTOR('',#3399,10.);
#996=VECTOR('',#3400,10.);
#997=VECTOR('',#3401,10.);
#998=VECTOR('',#3420,10.);
#999=VECTOR('',#3429,10.);
#1000=VECTOR('',#3430,10.);
#1001=VECTOR('',#3431,10.);
#1002=VECTOR('',#3434,10.);
#1003=VECTOR('',#3437,10.);
#1004=VECTOR('',#3438,10.);
#1005=VECTOR('',#3439,10.);
#1006=VECTOR('',#3442,10.);
#1007=VECTOR('',#3443,10.);
#1008=VECTOR('',#3444,10.);
#1009=VECTOR('',#3447,10.);
#1010=VECTOR('',#3450,10.);
#1011=VECTOR('',#3451,10.);
#1012=VECTOR('',#3454,10.);
#1013=VECTOR('',#3457,10.);
#1014=VECTOR('',#3460,10.);
#1015=VECTOR('',#3463,10.);
#1016=VECTOR('',#3464,10.);
#1017=VECTOR('',#3467,10.);
#1018=VECTOR('',#3468,10.);
#1019=VECTOR('',#3471,10.);
#1020=VECTOR('',#3472,10.);
#1021=VECTOR('',#3473,10.);
#1022=VECTOR('',#3474,10.);
#1023=VECTOR('',#3477,10.);
#1024=VECTOR('',#3480,10.);
#1025=VECTOR('',#3483,10.);
#1026=VECTOR('',#3484,10.);
#1027=VECTOR('',#3485,10.);
#1028=VECTOR('',#3488,10.);
#1029=VECTOR('',#3489,10.);
#1030=VECTOR('',#3492,10.);
#1031=VECTOR('',#3493,10.);
#1032=VECTOR('',#3496,10.);
#1033=VECTOR('',#3497,10.);
#1034=VECTOR('',#3498,10.);
#1035=VECTOR('',#3501,10.);
#1036=VECTOR('',#3502,10.);
#1037=VECTOR('',#3505,10.);
#1038=VECTOR('',#3506,10.);
#1039=VECTOR('',#3509,10.);
#1040=VECTOR('',#3510,10.);
#1041=VECTOR('',#3511,10.);
#1042=VECTOR('',#3514,10.);
#1043=VECTOR('',#3515,10.);
#1044=VECTOR('',#3518,10.);
#1045=VECTOR('',#3519,10.);
#1046=VECTOR('',#3522,10.);
#1047=VECTOR('',#3523,10.);
#1048=VECTOR('',#3524,10.);
#1049=VECTOR('',#3527,10.);
#1050=VECTOR('',#3528,10.);
#1051=VECTOR('',#3531,10.);
#1052=VECTOR('',#3532,10.);
#1053=VECTOR('',#3535,10.);
#1054=VECTOR('',#3536,10.);
#1055=VECTOR('',#3537,10.);
#1056=VECTOR('',#3540,10.);
#1057=VECTOR('',#3541,10.);
#1058=VECTOR('',#3544,10.);
#1059=VECTOR('',#3545,10.);
#1060=VECTOR('',#3548,10.);
#1061=VECTOR('',#3549,10.);
#1062=VECTOR('',#3550,10.);
#1063=VECTOR('',#3553,10.);
#1064=VECTOR('',#3554,10.);
#1065=VECTOR('',#3557,10.);
#1066=VECTOR('',#3558,10.);
#1067=VECTOR('',#3561,10.);
#1068=VECTOR('',#3562,10.);
#1069=VECTOR('',#3563,10.);
#1070=VECTOR('',#3566,10.);
#1071=VECTOR('',#3567,10.);
#1072=VECTOR('',#3570,10.);
#1073=VECTOR('',#3571,10.);
#1074=VECTOR('',#3574,10.);
#1075=VECTOR('',#3575,10.);
#1076=VECTOR('',#3576,10.);
#1077=VECTOR('',#3579,10.);
#1078=VECTOR('',#3580,10.);
#1079=VECTOR('',#3583,10.);
#1080=VECTOR('',#3584,10.);
#1081=VECTOR('',#3587,10.);
#1082=VECTOR('',#3588,10.);
#1083=VECTOR('',#3589,10.);
#1084=VECTOR('',#3592,10.);
#1085=VECTOR('',#3593,10.);
#1086=VECTOR('',#3596,10.);
#1087=VECTOR('',#3597,10.);
#1088=VECTOR('',#3600,10.);
#1089=VECTOR('',#3609,1.6);
#1090=VECTOR('',#3612,10.);
#1091=VECTOR('',#3613,10.);
#1092=VECTOR('',#3616,10.);
#1093=VECTOR('',#3617,10.);
#1094=VECTOR('',#3620,10.);
#1095=VECTOR('',#3629,1.6);
#1096=VECTOR('',#3632,10.);
#1097=VECTOR('',#3633,10.);
#1098=VECTOR('',#3636,10.);
#1099=VECTOR('',#3637,10.);
#1100=VECTOR('',#3640,10.);
#1101=VECTOR('',#3647,10.);
#1102=VECTOR('',#3648,10.);
#1103=VECTOR('',#3651,10.);
#1104=VECTOR('',#3652,10.);
#1105=VECTOR('',#3655,10.);
#1106=VECTOR('',#3664,1.6);
#1107=VECTOR('',#3669,1.6);
#1108=VECTOR('',#3672,10.);
#1109=VECTOR('',#3675,10.);
#1110=VECTOR('',#3680,10.);
#1111=VECTOR('',#3681,10.);
#1112=VECTOR('',#3682,10.);
#1113=VECTOR('',#3685,10.);
#1114=VECTOR('',#3686,10.);
#1115=VECTOR('',#3689,10.);
#1116=VECTOR('',#3690,10.);
#1117=VECTOR('',#3693,10.);
#1118=VECTOR('',#3702,1.6);
#1119=VECTOR('',#3705,10.);
#1120=VECTOR('',#3706,10.);
#1121=VECTOR('',#3709,10.);
#1122=VECTOR('',#3710,10.);
#1123=VECTOR('',#3713,10.);
#1124=VECTOR('',#3722,1.6);
#1125=VECTOR('',#3725,10.);
#1126=VECTOR('',#3726,10.);
#1127=VECTOR('',#3729,10.);
#1128=VECTOR('',#3730,10.);
#1129=VECTOR('',#3733,10.);
#1130=VECTOR('',#3740,10.);
#1131=VECTOR('',#3741,10.);
#1132=VECTOR('',#3744,10.);
#1133=VECTOR('',#3745,10.);
#1134=VECTOR('',#3748,10.);
#1135=VECTOR('',#3757,1.6);
#1136=VECTOR('',#3762,1.6);
#1137=VECTOR('',#3765,10.);
#1138=VECTOR('',#3766,10.);
#1139=VECTOR('',#3769,10.);
#1140=VECTOR('',#3770,10.);
#1141=VECTOR('',#3773,10.);
#1142=VECTOR('',#3776,10.);
#1143=VERTEX_POINT('',#3781);
#1144=VERTEX_POINT('',#3782);
#1145=VERTEX_POINT('',#3784);
#1146=VERTEX_POINT('',#3786);
#1147=VERTEX_POINT('',#3788);
#1148=VERTEX_POINT('',#3790);
#1149=VERTEX_POINT('',#3794);
#1150=VERTEX_POINT('',#3796);
#1151=VERTEX_POINT('',#3798);
#1152=VERTEX_POINT('',#3800);
#1153=VERTEX_POINT('',#3802);
#1154=VERTEX_POINT('',#3804);
#1155=VERTEX_POINT('',#3806);
#1156=VERTEX_POINT('',#3808);
#1157=VERTEX_POINT('',#3811);
#1158=VERTEX_POINT('',#3812);
#1159=VERTEX_POINT('',#3814);
#1160=VERTEX_POINT('',#3816);
#1161=VERTEX_POINT('',#3818);
#1162=VERTEX_POINT('',#3820);
#1163=VERTEX_POINT('',#3823);
#1164=VERTEX_POINT('',#3824);
#1165=VERTEX_POINT('',#3826);
#1166=VERTEX_POINT('',#3828);
#1167=VERTEX_POINT('',#3830);
#1168=VERTEX_POINT('',#3832);
#1169=VERTEX_POINT('',#3835);
#1170=VERTEX_POINT('',#3836);
#1171=VERTEX_POINT('',#3838);
#1172=VERTEX_POINT('',#3840);
#1173=VERTEX_POINT('',#3842);
#1174=VERTEX_POINT('',#3844);
#1175=VERTEX_POINT('',#3847);
#1176=VERTEX_POINT('',#3848);
#1177=VERTEX_POINT('',#3850);
#1178=VERTEX_POINT('',#3852);
#1179=VERTEX_POINT('',#3854);
#1180=VERTEX_POINT('',#3856);
#1181=VERTEX_POINT('',#3859);
#1182=VERTEX_POINT('',#3860);
#1183=VERTEX_POINT('',#3862);
#1184=VERTEX_POINT('',#3864);
#1185=VERTEX_POINT('',#3866);
#1186=VERTEX_POINT('',#3868);
#1187=VERTEX_POINT('',#3871);
#1188=VERTEX_POINT('',#3872);
#1189=VERTEX_POINT('',#3874);
#1190=VERTEX_POINT('',#3876);
#1191=VERTEX_POINT('',#3878);
#1192=VERTEX_POINT('',#3880);
#1193=VERTEX_POINT('',#3883);
#1194=VERTEX_POINT('',#3884);
#1195=VERTEX_POINT('',#3886);
#1196=VERTEX_POINT('',#3888);
#1197=VERTEX_POINT('',#3890);
#1198=VERTEX_POINT('',#3892);
#1199=VERTEX_POINT('',#3895);
#1200=VERTEX_POINT('',#3896);
#1201=VERTEX_POINT('',#3898);
#1202=VERTEX_POINT('',#3900);
#1203=VERTEX_POINT('',#3902);
#1204=VERTEX_POINT('',#3904);
#1205=VERTEX_POINT('',#3907);
#1206=VERTEX_POINT('',#3908);
#1207=VERTEX_POINT('',#3910);
#1208=VERTEX_POINT('',#3912);
#1209=VERTEX_POINT('',#3914);
#1210=VERTEX_POINT('',#3916);
#1211=VERTEX_POINT('',#3919);
#1212=VERTEX_POINT('',#3920);
#1213=VERTEX_POINT('',#3922);
#1214=VERTEX_POINT('',#3924);
#1215=VERTEX_POINT('',#3926);
#1216=VERTEX_POINT('',#3928);
#1217=VERTEX_POINT('',#3931);
#1218=VERTEX_POINT('',#3932);
#1219=VERTEX_POINT('',#3934);
#1220=VERTEX_POINT('',#3936);
#1221=VERTEX_POINT('',#3938);
#1222=VERTEX_POINT('',#3940);
#1223=VERTEX_POINT('',#3943);
#1224=VERTEX_POINT('',#3944);
#1225=VERTEX_POINT('',#3946);
#1226=VERTEX_POINT('',#3948);
#1227=VERTEX_POINT('',#3950);
#1228=VERTEX_POINT('',#3952);
#1229=VERTEX_POINT('',#3956);
#1230=VERTEX_POINT('',#3960);
#1231=VERTEX_POINT('',#3962);
#1232=VERTEX_POINT('',#3966);
#1233=VERTEX_POINT('',#3970);
#1234=VERTEX_POINT('',#3974);
#1235=VERTEX_POINT('',#3976);
#1236=VERTEX_POINT('',#3980);
#1237=VERTEX_POINT('',#3984);
#1238=VERTEX_POINT('',#3988);
#1239=VERTEX_POINT('',#3990);
#1240=VERTEX_POINT('',#3994);
#1241=VERTEX_POINT('',#3998);
#1242=VERTEX_POINT('',#4002);
#1243=VERTEX_POINT('',#4004);
#1244=VERTEX_POINT('',#4008);
#1245=VERTEX_POINT('',#4012);
#1246=VERTEX_POINT('',#4016);
#1247=VERTEX_POINT('',#4020);
#1248=VERTEX_POINT('',#4026);
#1249=VERTEX_POINT('',#4029);
#1250=VERTEX_POINT('',#4033);
#1251=VERTEX_POINT('',#4037);
#1252=VERTEX_POINT('',#4043);
#1253=VERTEX_POINT('',#4046);
#1254=VERTEX_POINT('',#4050);
#1255=VERTEX_POINT('',#4054);
#1256=VERTEX_POINT('',#4060);
#1257=VERTEX_POINT('',#4063);
#1258=VERTEX_POINT('',#4067);
#1259=VERTEX_POINT('',#4073);
#1260=VERTEX_POINT('',#4076);
#1261=VERTEX_POINT('',#4080);
#1262=VERTEX_POINT('',#4084);
#1263=VERTEX_POINT('',#4085);
#1264=VERTEX_POINT('',#4087);
#1265=VERTEX_POINT('',#4089);
#1266=VERTEX_POINT('',#4093);
#1267=VERTEX_POINT('',#4094);
#1268=VERTEX_POINT('',#4096);
#1269=VERTEX_POINT('',#4098);
#1270=VERTEX_POINT('',#4107);
#1271=VERTEX_POINT('',#4109);
#1272=VERTEX_POINT('',#4111);
#1273=VERTEX_POINT('',#4113);
#1274=VERTEX_POINT('',#4115);
#1275=VERTEX_POINT('',#4117);
#1276=VERTEX_POINT('',#4119);
#1277=VERTEX_POINT('',#4121);
#1278=VERTEX_POINT('',#4123);
#1279=VERTEX_POINT('',#4125);
#1280=VERTEX_POINT('',#4127);
#1281=VERTEX_POINT('',#4129);
#1282=VERTEX_POINT('',#4131);
#1283=VERTEX_POINT('',#4133);
#1284=VERTEX_POINT('',#4135);
#1285=VERTEX_POINT('',#4146);
#1286=VERTEX_POINT('',#4147);
#1287=VERTEX_POINT('',#4149);
#1288=VERTEX_POINT('',#4151);
#1289=VERTEX_POINT('',#4155);
#1290=VERTEX_POINT('',#4157);
#1291=VERTEX_POINT('',#4161);
#1292=VERTEX_POINT('',#4165);
#1293=VERTEX_POINT('',#4166);
#1294=VERTEX_POINT('',#4168);
#1295=VERTEX_POINT('',#4170);
#1296=VERTEX_POINT('',#4174);
#1297=VERTEX_POINT('',#4176);
#1298=VERTEX_POINT('',#4195);
#1299=VERTEX_POINT('',#4197);
#1300=VERTEX_POINT('',#4218);
#1301=VERTEX_POINT('',#4219);
#1302=VERTEX_POINT('',#4221);
#1303=VERTEX_POINT('',#4223);
#1304=VERTEX_POINT('',#4227);
#1305=VERTEX_POINT('',#4229);
#1306=VERTEX_POINT('',#4248);
#1307=VERTEX_POINT('',#4250);
#1308=VERTEX_POINT('',#4271);
#1309=VERTEX_POINT('',#4273);
#1310=VERTEX_POINT('',#4277);
#1311=VERTEX_POINT('',#4279);
#1312=VERTEX_POINT('',#4283);
#1313=VERTEX_POINT('',#4285);
#1314=VERTEX_POINT('',#4289);
#1315=VERTEX_POINT('',#4293);
#1316=VERTEX_POINT('',#4295);
#1317=VERTEX_POINT('',#4297);
#1318=VERTEX_POINT('',#4303);
#1319=VERTEX_POINT('',#4305);
#1320=VERTEX_POINT('',#4309);
#1321=VERTEX_POINT('',#4313);
#1322=VERTEX_POINT('',#4317);
#1323=VERTEX_POINT('',#4319);
#1324=VERTEX_POINT('',#4325);
#1325=VERTEX_POINT('',#4327);
#1326=VERTEX_POINT('',#4331);
#1327=VERTEX_POINT('',#4333);
#1328=VERTEX_POINT('',#4339);
#1329=VERTEX_POINT('',#4349);
#1330=VERTEX_POINT('',#4353);
#1331=VERTEX_POINT('',#4358);
#1332=VERTEX_POINT('',#4360);
#1333=VERTEX_POINT('',#4368);
#1334=VERTEX_POINT('',#4370);
#1335=VERTEX_POINT('',#4374);
#1336=VERTEX_POINT('',#4378);
#1337=VERTEX_POINT('',#4382);
#1338=VERTEX_POINT('',#4384);
#1339=VERTEX_POINT('',#4388);
#1340=VERTEX_POINT('',#4392);
#1341=VERTEX_POINT('',#4396);
#1342=VERTEX_POINT('',#4398);
#1343=VERTEX_POINT('',#4402);
#1344=VERTEX_POINT('',#4406);
#1345=VERTEX_POINT('',#4410);
#1346=VERTEX_POINT('',#4412);
#1347=VERTEX_POINT('',#4416);
#1348=VERTEX_POINT('',#4420);
#1349=VERTEX_POINT('',#4424);
#1350=VERTEX_POINT('',#4426);
#1351=VERTEX_POINT('',#4430);
#1352=VERTEX_POINT('',#4434);
#1353=VERTEX_POINT('',#4438);
#1354=VERTEX_POINT('',#4440);
#1355=VERTEX_POINT('',#4444);
#1356=VERTEX_POINT('',#4448);
#1357=VERTEX_POINT('',#4452);
#1358=VERTEX_POINT('',#4454);
#1359=VERTEX_POINT('',#4458);
#1360=VERTEX_POINT('',#4462);
#1361=VERTEX_POINT('',#4466);
#1362=VERTEX_POINT('',#4468);
#1363=VERTEX_POINT('',#4472);
#1364=VERTEX_POINT('',#4476);
#1365=VERTEX_POINT('',#4480);
#1366=VERTEX_POINT('',#4482);
#1367=VERTEX_POINT('',#4486);
#1368=VERTEX_POINT('',#4490);
#1369=VERTEX_POINT('',#4496);
#1370=VERTEX_POINT('',#4499);
#1371=VERTEX_POINT('',#4503);
#1372=VERTEX_POINT('',#4507);
#1373=VERTEX_POINT('',#4513);
#1374=VERTEX_POINT('',#4516);
#1375=VERTEX_POINT('',#4520);
#1376=VERTEX_POINT('',#4524);
#1377=VERTEX_POINT('',#4530);
#1378=VERTEX_POINT('',#4533);
#1379=VERTEX_POINT('',#4537);
#1380=VERTEX_POINT('',#4543);
#1381=VERTEX_POINT('',#4546);
#1382=VERTEX_POINT('',#4550);
#1383=VERTEX_POINT('',#4559);
#1384=VERTEX_POINT('',#4561);
#1385=VERTEX_POINT('',#4565);
#1386=VERTEX_POINT('',#4569);
#1387=VERTEX_POINT('',#4575);
#1388=VERTEX_POINT('',#4578);
#1389=VERTEX_POINT('',#4582);
#1390=VERTEX_POINT('',#4586);
#1391=VERTEX_POINT('',#4592);
#1392=VERTEX_POINT('',#4595);
#1393=VERTEX_POINT('',#4599);
#1394=VERTEX_POINT('',#4603);
#1395=VERTEX_POINT('',#4609);
#1396=VERTEX_POINT('',#4612);
#1397=VERTEX_POINT('',#4616);
#1398=VERTEX_POINT('',#4622);
#1399=VERTEX_POINT('',#4625);
#1400=VERTEX_POINT('',#4629);
#1401=VERTEX_POINT('',#4633);
#1402=VERTEX_POINT('',#4637);
#1403=EDGE_CURVE('',#1143,#1144,#451,.T.);
#1404=EDGE_CURVE('',#1144,#1145,#452,.T.);
#1405=EDGE_CURVE('',#1145,#1146,#453,.T.);
#1406=EDGE_CURVE('',#1146,#1147,#454,.T.);
#1407=EDGE_CURVE('',#1148,#1147,#455,.T.);
#1408=EDGE_CURVE('',#1143,#1148,#456,.T.);
#1409=EDGE_CURVE('',#1149,#1143,#457,.T.);
#1410=EDGE_CURVE('',#1150,#1149,#458,.T.);
#1411=EDGE_CURVE('',#1151,#1150,#459,.T.);
#1412=EDGE_CURVE('',#1152,#1151,#460,.T.);
#1413=EDGE_CURVE('',#1153,#1152,#461,.T.);
#1414=EDGE_CURVE('',#1154,#1153,#462,.T.);
#1415=EDGE_CURVE('',#1155,#1154,#463,.T.);
#1416=EDGE_CURVE('',#1156,#1155,#464,.T.);
#1417=EDGE_CURVE('',#1144,#1156,#465,.T.);
#1418=EDGE_CURVE('',#1157,#1158,#466,.T.);
#1419=EDGE_CURVE('',#1159,#1157,#467,.T.);
#1420=EDGE_CURVE('',#1160,#1159,#468,.T.);
#1421=EDGE_CURVE('',#1161,#1160,#469,.T.);
#1422=EDGE_CURVE('',#1162,#1161,#470,.T.);
#1423=EDGE_CURVE('',#1158,#1162,#471,.T.);
#1424=EDGE_CURVE('',#1163,#1164,#472,.T.);
#1425=EDGE_CURVE('',#1165,#1163,#473,.T.);
#1426=EDGE_CURVE('',#1166,#1165,#474,.T.);
#1427=EDGE_CURVE('',#1167,#1166,#475,.T.);
#1428=EDGE_CURVE('',#1168,#1167,#476,.T.);
#1429=EDGE_CURVE('',#1164,#1168,#477,.T.);
#1430=EDGE_CURVE('',#1169,#1170,#478,.T.);
#1431=EDGE_CURVE('',#1171,#1169,#479,.T.);
#1432=EDGE_CURVE('',#1172,#1171,#480,.T.);
#1433=EDGE_CURVE('',#1173,#1172,#481,.T.);
#1434=EDGE_CURVE('',#1174,#1173,#482,.T.);
#1435=EDGE_CURVE('',#1170,#1174,#483,.T.);
#1436=EDGE_CURVE('',#1175,#1176,#484,.T.);
#1437=EDGE_CURVE('',#1177,#1175,#485,.T.);
#1438=EDGE_CURVE('',#1178,#1177,#486,.T.);
#1439=EDGE_CURVE('',#1179,#1178,#487,.T.);
#1440=EDGE_CURVE('',#1180,#1179,#488,.T.);
#1441=EDGE_CURVE('',#1176,#1180,#489,.T.);
#1442=EDGE_CURVE('',#1181,#1182,#490,.T.);
#1443=EDGE_CURVE('',#1183,#1181,#491,.T.);
#1444=EDGE_CURVE('',#1184,#1183,#492,.T.);
#1445=EDGE_CURVE('',#1185,#1184,#493,.T.);
#1446=EDGE_CURVE('',#1186,#1185,#494,.T.);
#1447=EDGE_CURVE('',#1182,#1186,#495,.T.);
#1448=EDGE_CURVE('',#1187,#1188,#496,.T.);
#1449=EDGE_CURVE('',#1189,#1187,#497,.T.);
#1450=EDGE_CURVE('',#1190,#1189,#498,.T.);
#1451=EDGE_CURVE('',#1191,#1190,#499,.T.);
#1452=EDGE_CURVE('',#1192,#1191,#500,.T.);
#1453=EDGE_CURVE('',#1188,#1192,#501,.T.);
#1454=EDGE_CURVE('',#1193,#1194,#502,.T.);
#1455=EDGE_CURVE('',#1195,#1193,#503,.T.);
#1456=EDGE_CURVE('',#1196,#1195,#504,.T.);
#1457=EDGE_CURVE('',#1197,#1196,#505,.T.);
#1458=EDGE_CURVE('',#1198,#1197,#506,.T.);
#1459=EDGE_CURVE('',#1194,#1198,#507,.T.);
#1460=EDGE_CURVE('',#1199,#1200,#508,.T.);
#1461=EDGE_CURVE('',#1201,#1199,#509,.T.);
#1462=EDGE_CURVE('',#1202,#1201,#510,.T.);
#1463=EDGE_CURVE('',#1203,#1202,#511,.T.);
#1464=EDGE_CURVE('',#1204,#1203,#512,.T.);
#1465=EDGE_CURVE('',#1200,#1204,#513,.T.);
#1466=EDGE_CURVE('',#1205,#1206,#514,.T.);
#1467=EDGE_CURVE('',#1207,#1205,#515,.T.);
#1468=EDGE_CURVE('',#1208,#1207,#516,.T.);
#1469=EDGE_CURVE('',#1209,#1208,#517,.T.);
#1470=EDGE_CURVE('',#1210,#1209,#518,.T.);
#1471=EDGE_CURVE('',#1206,#1210,#519,.T.);
#1472=EDGE_CURVE('',#1211,#1212,#520,.T.);
#1473=EDGE_CURVE('',#1213,#1211,#521,.T.);
#1474=EDGE_CURVE('',#1214,#1213,#522,.T.);
#1475=EDGE_CURVE('',#1215,#1214,#523,.T.);
#1476=EDGE_CURVE('',#1216,#1215,#524,.T.);
#1477=EDGE_CURVE('',#1212,#1216,#525,.T.);
#1478=EDGE_CURVE('',#1217,#1218,#526,.T.);
#1479=EDGE_CURVE('',#1219,#1217,#527,.T.);
#1480=EDGE_CURVE('',#1220,#1219,#528,.T.);
#1481=EDGE_CURVE('',#1221,#1220,#529,.T.);
#1482=EDGE_CURVE('',#1222,#1221,#530,.T.);
#1483=EDGE_CURVE('',#1218,#1222,#531,.T.);
#1484=EDGE_CURVE('',#1223,#1224,#532,.T.);
#1485=EDGE_CURVE('',#1225,#1223,#533,.T.);
#1486=EDGE_CURVE('',#1226,#1225,#534,.T.);
#1487=EDGE_CURVE('',#1227,#1226,#535,.T.);
#1488=EDGE_CURVE('',#1228,#1227,#536,.T.);
#1489=EDGE_CURVE('',#1224,#1228,#537,.T.);
#1490=EDGE_CURVE('',#1229,#1156,#538,.T.);
#1491=EDGE_CURVE('',#1145,#1229,#539,.T.);
#1492=EDGE_CURVE('',#1178,#1230,#540,.T.);
#1493=EDGE_CURVE('',#1230,#1231,#541,.T.);
#1494=EDGE_CURVE('',#1179,#1231,#542,.T.);
#1495=EDGE_CURVE('',#1177,#1232,#543,.T.);
#1496=EDGE_CURVE('',#1232,#1230,#544,.T.);
#1497=EDGE_CURVE('',#1175,#1233,#545,.T.);
#1498=EDGE_CURVE('',#1233,#1232,#546,.T.);
#1499=EDGE_CURVE('',#1172,#1234,#547,.T.);
#1500=EDGE_CURVE('',#1234,#1235,#548,.T.);
#1501=EDGE_CURVE('',#1173,#1235,#549,.T.);
#1502=EDGE_CURVE('',#1171,#1236,#550,.T.);
#1503=EDGE_CURVE('',#1236,#1234,#551,.T.);
#1504=EDGE_CURVE('',#1169,#1237,#552,.T.);
#1505=EDGE_CURVE('',#1237,#1236,#553,.T.);
#1506=EDGE_CURVE('',#1166,#1238,#554,.T.);
#1507=EDGE_CURVE('',#1239,#1238,#555,.T.);
#1508=EDGE_CURVE('',#1167,#1239,#556,.T.);
#1509=EDGE_CURVE('',#1165,#1240,#557,.T.);
#1510=EDGE_CURVE('',#1238,#1240,#558,.T.);
#1511=EDGE_CURVE('',#1163,#1241,#559,.T.);
#1512=EDGE_CURVE('',#1240,#1241,#560,.T.);
#1513=EDGE_CURVE('',#1160,#1242,#561,.T.);
#1514=EDGE_CURVE('',#1243,#1242,#562,.T.);
#1515=EDGE_CURVE('',#1161,#1243,#563,.T.);
#1516=EDGE_CURVE('',#1159,#1244,#564,.T.);
#1517=EDGE_CURVE('',#1242,#1244,#565,.T.);
#1518=EDGE_CURVE('',#1157,#1245,#566,.T.);
#1519=EDGE_CURVE('',#1244,#1245,#567,.T.);
#1520=EDGE_CURVE('',#1176,#1246,#568,.T.);
#1521=EDGE_CURVE('',#1246,#1233,#569,.T.);
#1522=EDGE_CURVE('',#1180,#1247,#570,.T.);
#1523=EDGE_CURVE('',#1247,#1246,#571,.T.);
#1524=EDGE_CURVE('',#1231,#1247,#572,.T.);
#1525=EDGE_CURVE('',#1248,#1248,#39,.T.);
#1526=EDGE_CURVE('',#1249,#1249,#40,.T.);
#1527=EDGE_CURVE('',#1249,#1248,#573,.T.);
#1528=EDGE_CURVE('',#1170,#1250,#574,.T.);
#1529=EDGE_CURVE('',#1250,#1237,#575,.T.);
#1530=EDGE_CURVE('',#1174,#1251,#576,.T.);
#1531=EDGE_CURVE('',#1251,#1250,#577,.T.);
#1532=EDGE_CURVE('',#1235,#1251,#578,.T.);
#1533=EDGE_CURVE('',#1252,#1252,#41,.T.);
#1534=EDGE_CURVE('',#1253,#1253,#42,.T.);
#1535=EDGE_CURVE('',#1253,#1252,#579,.T.);
#1536=EDGE_CURVE('',#1164,#1254,#580,.T.);
#1537=EDGE_CURVE('',#1241,#1254,#581,.T.);
#1538=EDGE_CURVE('',#1255,#1239,#582,.T.);
#1539=EDGE_CURVE('',#1168,#1255,#583,.T.);
#1540=EDGE_CURVE('',#1254,#1255,#584,.T.);
#1541=EDGE_CURVE('',#1256,#1256,#43,.T.);
#1542=EDGE_CURVE('',#1158,#1257,#585,.T.);
#1543=EDGE_CURVE('',#1245,#1257,#586,.T.);
#1544=EDGE_CURVE('',#1258,#1243,#587,.T.);
#1545=EDGE_CURVE('',#1162,#1258,#588,.T.);
#1546=EDGE_CURVE('',#1257,#1258,#589,.T.);
#1547=EDGE_CURVE('',#1259,#1259,#44,.T.);
#1548=EDGE_CURVE('',#1260,#1260,#45,.T.);
#1549=EDGE_CURVE('',#1260,#1259,#590,.T.);
#1550=EDGE_CURVE('',#1261,#1261,#46,.T.);
#1551=EDGE_CURVE('',#1261,#1256,#591,.T.);
#1552=EDGE_CURVE('',#1262,#1263,#592,.T.);
#1553=EDGE_CURVE('',#1262,#1264,#593,.T.);
#1554=EDGE_CURVE('',#1265,#1264,#594,.T.);
#1555=EDGE_CURVE('',#1263,#1265,#595,.T.);
#1556=EDGE_CURVE('',#1266,#1267,#596,.T.);
#1557=EDGE_CURVE('',#1268,#1266,#597,.T.);
#1558=EDGE_CURVE('',#1269,#1268,#598,.T.);
#1559=EDGE_CURVE('',#1267,#1269,#599,.T.);
#1560=EDGE_CURVE('',#1267,#1262,#600,.T.);
#1561=EDGE_CURVE('',#1264,#1269,#601,.T.);
#1562=EDGE_CURVE('',#1265,#1268,#602,.T.);
#1563=EDGE_CURVE('',#1263,#1270,#603,.T.);
#1564=EDGE_CURVE('',#1270,#1271,#604,.T.);
#1565=EDGE_CURVE('',#1272,#1271,#605,.T.);
#1566=EDGE_CURVE('',#1273,#1272,#606,.T.);
#1567=EDGE_CURVE('',#1273,#1274,#607,.T.);
#1568=EDGE_CURVE('',#1274,#1275,#608,.T.);
#1569=EDGE_CURVE('',#1275,#1276,#609,.T.);
#1570=EDGE_CURVE('',#1277,#1276,#610,.T.);
#1571=EDGE_CURVE('',#1278,#1277,#611,.T.);
#1572=EDGE_CURVE('',#1279,#1278,#612,.T.);
#1573=EDGE_CURVE('',#1280,#1279,#613,.T.);
#1574=EDGE_CURVE('',#1280,#1281,#614,.T.);
#1575=EDGE_CURVE('',#1282,#1281,#615,.T.);
#1576=EDGE_CURVE('',#1282,#1283,#616,.T.);
#1577=EDGE_CURVE('',#1283,#1284,#617,.T.);
#1578=EDGE_CURVE('',#1284,#1146,#618,.T.);
#1579=EDGE_CURVE('',#1229,#1266,#619,.T.);
#1580=EDGE_CURVE('',#1271,#1154,#620,.T.);
#1581=EDGE_CURVE('',#1270,#1155,#621,.T.);
#1582=EDGE_CURVE('',#1272,#1153,#622,.T.);
#1583=EDGE_CURVE('',#1285,#1286,#623,.T.);
#1584=EDGE_CURVE('',#1287,#1285,#624,.T.);
#1585=EDGE_CURVE('',#1288,#1287,#625,.T.);
#1586=EDGE_CURVE('',#1286,#1288,#626,.T.);
#1587=EDGE_CURVE('',#1289,#1285,#627,.T.);
#1588=EDGE_CURVE('',#1290,#1289,#628,.T.);
#1589=EDGE_CURVE('',#1287,#1290,#629,.T.);
#1590=EDGE_CURVE('',#1286,#1291,#630,.T.);
#1591=EDGE_CURVE('',#1291,#1289,#631,.T.);
#1592=EDGE_CURVE('',#1292,#1293,#47,.T.);
#1593=EDGE_CURVE('',#1293,#1294,#632,.T.);
#1594=EDGE_CURVE('',#1294,#1295,#48,.T.);
#1595=EDGE_CURVE('',#1295,#1292,#633,.T.);
#1596=EDGE_CURVE('',#1296,#1293,#634,.T.);
#1597=EDGE_CURVE('',#1297,#1296,#19,.T.);
#1598=EDGE_CURVE('',#1298,#1297,#635,.T.);
#1599=EDGE_CURVE('',#1299,#1298,#20,.T.);
#1600=EDGE_CURVE('',#1294,#1299,#636,.T.);
#1601=EDGE_CURVE('',#1300,#1301,#49,.T.);
#1602=EDGE_CURVE('',#1301,#1302,#637,.T.);
#1603=EDGE_CURVE('',#1302,#1303,#50,.T.);
#1604=EDGE_CURVE('',#1303,#1300,#638,.T.);
#1605=EDGE_CURVE('',#1304,#1301,#639,.T.);
#1606=EDGE_CURVE('',#1305,#1304,#21,.T.);
#1607=EDGE_CURVE('',#1306,#1305,#640,.T.);
#1608=EDGE_CURVE('',#1307,#1306,#22,.T.);
#1609=EDGE_CURVE('',#1302,#1307,#641,.T.);
#1610=EDGE_CURVE('',#1295,#1308,#642,.T.);
#1611=EDGE_CURVE('',#1308,#1309,#643,.T.);
#1612=EDGE_CURVE('',#1309,#1292,#644,.T.);
#1613=EDGE_CURVE('',#1303,#1310,#645,.T.);
#1614=EDGE_CURVE('',#1310,#1311,#646,.T.);
#1615=EDGE_CURVE('',#1311,#1300,#647,.T.);
#1616=EDGE_CURVE('',#1304,#1312,#51,.T.);
#1617=EDGE_CURVE('',#1312,#1313,#52,.T.);
#1618=EDGE_CURVE('',#1313,#1305,#53,.T.);
#1619=EDGE_CURVE('',#1314,#1313,#648,.T.);
#1620=EDGE_CURVE('',#1306,#1314,#54,.T.);
#1621=EDGE_CURVE('',#1315,#1312,#649,.T.);
#1622=EDGE_CURVE('',#1316,#1315,#650,.T.);
#1623=EDGE_CURVE('',#1317,#1316,#651,.T.);
#1624=EDGE_CURVE('',#1314,#1317,#55,.T.);
#1625=EDGE_CURVE('',#1317,#1307,#56,.T.);
#1626=EDGE_CURVE('',#1298,#1318,#57,.T.);
#1627=EDGE_CURVE('',#1318,#1319,#58,.T.);
#1628=EDGE_CURVE('',#1319,#1299,#59,.T.);
#1629=EDGE_CURVE('',#1320,#1297,#60,.T.);
#1630=EDGE_CURVE('',#1318,#1320,#652,.T.);
#1631=EDGE_CURVE('',#1296,#1321,#61,.T.);
#1632=EDGE_CURVE('',#1321,#1320,#62,.T.);
#1633=EDGE_CURVE('',#1322,#1315,#653,.T.);
#1634=EDGE_CURVE('',#1323,#1322,#654,.T.);
#1635=EDGE_CURVE('',#1316,#1323,#655,.T.);
#1636=EDGE_CURVE('',#1311,#1322,#656,.T.);
#1637=EDGE_CURVE('',#1324,#1321,#657,.T.);
#1638=EDGE_CURVE('',#1324,#1325,#658,.T.);
#1639=EDGE_CURVE('',#1319,#1325,#659,.T.);
#1640=EDGE_CURVE('',#1325,#1326,#660,.T.);
#1641=EDGE_CURVE('',#1327,#1324,#661,.T.);
#1642=EDGE_CURVE('',#1327,#1326,#662,.T.);
#1643=EDGE_CURVE('',#1309,#1327,#663,.T.);
#1644=EDGE_CURVE('',#1328,#1288,#664,.T.);
#1645=EDGE_CURVE('',#1291,#1328,#665,.T.);
#1646=EDGE_CURVE('',#1326,#1308,#666,.T.);
#1647=EDGE_CURVE('',#1323,#1310,#667,.T.);
#1648=EDGE_CURVE('',#1290,#1328,#668,.T.);
#1649=EDGE_CURVE('',#1329,#1284,#669,.T.);
#1650=EDGE_CURVE('',#1147,#1329,#670,.T.);
#1651=EDGE_CURVE('',#1148,#1330,#671,.T.);
#1652=EDGE_CURVE('',#1330,#1149,#672,.T.);
#1653=EDGE_CURVE('',#1277,#1152,#673,.T.);
#1654=EDGE_CURVE('',#1276,#1331,#674,.T.);
#1655=EDGE_CURVE('',#1331,#1332,#675,.T.);
#1656=EDGE_CURVE('',#1332,#1273,#676,.T.);
#1657=EDGE_CURVE('',#1278,#1151,#677,.T.);
#1658=EDGE_CURVE('',#1279,#1150,#678,.T.);
#1659=EDGE_CURVE('',#1184,#1333,#679,.T.);
#1660=EDGE_CURVE('',#1334,#1333,#680,.T.);
#1661=EDGE_CURVE('',#1185,#1334,#681,.T.);
#1662=EDGE_CURVE('',#1183,#1335,#682,.T.);
#1663=EDGE_CURVE('',#1333,#1335,#683,.T.);
#1664=EDGE_CURVE('',#1181,#1336,#684,.T.);
#1665=EDGE_CURVE('',#1335,#1336,#685,.T.);
#1666=EDGE_CURVE('',#1190,#1337,#686,.T.);
#1667=EDGE_CURVE('',#1338,#1337,#687,.T.);
#1668=EDGE_CURVE('',#1191,#1338,#688,.T.);
#1669=EDGE_CURVE('',#1189,#1339,#689,.T.);
#1670=EDGE_CURVE('',#1337,#1339,#690,.T.);
#1671=EDGE_CURVE('',#1187,#1340,#691,.T.);
#1672=EDGE_CURVE('',#1339,#1340,#692,.T.);
#1673=EDGE_CURVE('',#1196,#1341,#693,.T.);
#1674=EDGE_CURVE('',#1341,#1342,#694,.T.);
#1675=EDGE_CURVE('',#1197,#1342,#695,.T.);
#1676=EDGE_CURVE('',#1195,#1343,#696,.T.);
#1677=EDGE_CURVE('',#1343,#1341,#697,.T.);
#1678=EDGE_CURVE('',#1193,#1344,#698,.T.);
#1679=EDGE_CURVE('',#1344,#1343,#699,.T.);
#1680=EDGE_CURVE('',#1202,#1345,#700,.T.);
#1681=EDGE_CURVE('',#1345,#1346,#701,.T.);
#1682=EDGE_CURVE('',#1203,#1346,#702,.T.);
#1683=EDGE_CURVE('',#1201,#1347,#703,.T.);
#1684=EDGE_CURVE('',#1347,#1345,#704,.T.);
#1685=EDGE_CURVE('',#1199,#1348,#705,.T.);
#1686=EDGE_CURVE('',#1348,#1347,#706,.T.);
#1687=EDGE_CURVE('',#1208,#1349,#707,.T.);
#1688=EDGE_CURVE('',#1350,#1349,#708,.T.);
#1689=EDGE_CURVE('',#1209,#1350,#709,.T.);
#1690=EDGE_CURVE('',#1207,#1351,#710,.T.);
#1691=EDGE_CURVE('',#1349,#1351,#711,.T.);
#1692=EDGE_CURVE('',#1205,#1352,#712,.T.);
#1693=EDGE_CURVE('',#1351,#1352,#713,.T.);
#1694=EDGE_CURVE('',#1214,#1353,#714,.T.);
#1695=EDGE_CURVE('',#1354,#1353,#715,.T.);
#1696=EDGE_CURVE('',#1215,#1354,#716,.T.);
#1697=EDGE_CURVE('',#1213,#1355,#717,.T.);
#1698=EDGE_CURVE('',#1353,#1355,#718,.T.);
#1699=EDGE_CURVE('',#1211,#1356,#719,.T.);
#1700=EDGE_CURVE('',#1355,#1356,#720,.T.);
#1701=EDGE_CURVE('',#1220,#1357,#721,.T.);
#1702=EDGE_CURVE('',#1357,#1358,#722,.T.);
#1703=EDGE_CURVE('',#1221,#1358,#723,.T.);
#1704=EDGE_CURVE('',#1219,#1359,#724,.T.);
#1705=EDGE_CURVE('',#1359,#1357,#725,.T.);
#1706=EDGE_CURVE('',#1217,#1360,#726,.T.);
#1707=EDGE_CURVE('',#1360,#1359,#727,.T.);
#1708=EDGE_CURVE('',#1226,#1361,#728,.T.);
#1709=EDGE_CURVE('',#1361,#1362,#729,.T.);
#1710=EDGE_CURVE('',#1227,#1362,#730,.T.);
#1711=EDGE_CURVE('',#1225,#1363,#731,.T.);
#1712=EDGE_CURVE('',#1363,#1361,#732,.T.);
#1713=EDGE_CURVE('',#1223,#1364,#733,.T.);
#1714=EDGE_CURVE('',#1364,#1363,#734,.T.);
#1715=EDGE_CURVE('',#1274,#1365,#735,.T.);
#1716=EDGE_CURVE('',#1365,#1366,#736,.T.);
#1717=EDGE_CURVE('',#1366,#1275,#737,.T.);
#1718=EDGE_CURVE('',#1182,#1367,#738,.T.);
#1719=EDGE_CURVE('',#1336,#1367,#739,.T.);
#1720=EDGE_CURVE('',#1368,#1334,#740,.T.);
#1721=EDGE_CURVE('',#1186,#1368,#741,.T.);
#1722=EDGE_CURVE('',#1367,#1368,#742,.T.);
#1723=EDGE_CURVE('',#1369,#1369,#63,.T.);
#1724=EDGE_CURVE('',#1370,#1370,#64,.T.);
#1725=EDGE_CURVE('',#1370,#1369,#743,.T.);
#1726=EDGE_CURVE('',#1188,#1371,#744,.T.);
#1727=EDGE_CURVE('',#1340,#1371,#745,.T.);
#1728=EDGE_CURVE('',#1372,#1338,#746,.T.);
#1729=EDGE_CURVE('',#1192,#1372,#747,.T.);
#1730=EDGE_CURVE('',#1371,#1372,#748,.T.);
#1731=EDGE_CURVE('',#1373,#1373,#65,.T.);
#1732=EDGE_CURVE('',#1374,#1374,#66,.T.);
#1733=EDGE_CURVE('',#1374,#1373,#749,.T.);
#1734=EDGE_CURVE('',#1194,#1375,#750,.T.);
#1735=EDGE_CURVE('',#1375,#1344,#751,.T.);
#1736=EDGE_CURVE('',#1198,#1376,#752,.T.);
#1737=EDGE_CURVE('',#1376,#1375,#753,.T.);
#1738=EDGE_CURVE('',#1342,#1376,#754,.T.);
#1739=EDGE_CURVE('',#1377,#1377,#67,.T.);
#1740=EDGE_CURVE('',#1200,#1378,#755,.T.);
#1741=EDGE_CURVE('',#1378,#1348,#756,.T.);
#1742=EDGE_CURVE('',#1204,#1379,#757,.T.);
#1743=EDGE_CURVE('',#1379,#1378,#758,.T.);
#1744=EDGE_CURVE('',#1346,#1379,#759,.T.);
#1745=EDGE_CURVE('',#1380,#1380,#68,.T.);
#1746=EDGE_CURVE('',#1381,#1381,#69,.T.);
#1747=EDGE_CURVE('',#1381,#1380,#760,.T.);
#1748=EDGE_CURVE('',#1382,#1382,#70,.T.);
#1749=EDGE_CURVE('',#1382,#1377,#761,.T.);
#1750=EDGE_CURVE('',#1332,#1365,#762,.T.);
#1751=EDGE_CURVE('',#1366,#1331,#763,.T.);
#1752=EDGE_CURVE('',#1281,#1383,#764,.T.);
#1753=EDGE_CURVE('',#1383,#1384,#765,.T.);
#1754=EDGE_CURVE('',#1384,#1282,#766,.T.);
#1755=EDGE_CURVE('',#1206,#1385,#767,.T.);
#1756=EDGE_CURVE('',#1352,#1385,#768,.T.);
#1757=EDGE_CURVE('',#1386,#1350,#769,.T.);
#1758=EDGE_CURVE('',#1210,#1386,#770,.T.);
#1759=EDGE_CURVE('',#1385,#1386,#771,.T.);
#1760=EDGE_CURVE('',#1387,#1387,#71,.T.);
#1761=EDGE_CURVE('',#1388,#1388,#72,.T.);
#1762=EDGE_CURVE('',#1388,#1387,#772,.T.);
#1763=EDGE_CURVE('',#1212,#1389,#773,.T.);
#1764=EDGE_CURVE('',#1356,#1389,#774,.T.);
#1765=EDGE_CURVE('',#1390,#1354,#775,.T.);
#1766=EDGE_CURVE('',#1216,#1390,#776,.T.);
#1767=EDGE_CURVE('',#1389,#1390,#777,.T.);
#1768=EDGE_CURVE('',#1391,#1391,#73,.T.);
#1769=EDGE_CURVE('',#1392,#1392,#74,.T.);
#1770=EDGE_CURVE('',#1392,#1391,#778,.T.);
#1771=EDGE_CURVE('',#1218,#1393,#779,.T.);
#1772=EDGE_CURVE('',#1393,#1360,#780,.T.);
#1773=EDGE_CURVE('',#1222,#1394,#781,.T.);
#1774=EDGE_CURVE('',#1394,#1393,#782,.T.);
#1775=EDGE_CURVE('',#1358,#1394,#783,.T.);
#1776=EDGE_CURVE('',#1395,#1395,#75,.T.);
#1777=EDGE_CURVE('',#1224,#1396,#784,.T.);
#1778=EDGE_CURVE('',#1396,#1364,#785,.T.);
#1779=EDGE_CURVE('',#1228,#1397,#786,.T.);
#1780=EDGE_CURVE('',#1397,#1396,#787,.T.);
#1781=EDGE_CURVE('',#1362,#1397,#788,.T.);
#1782=EDGE_CURVE('',#1398,#1398,#76,.T.);
#1783=EDGE_CURVE('',#1399,#1399,#77,.T.);
#1784=EDGE_CURVE('',#1399,#1398,#789,.T.);
#1785=EDGE_CURVE('',#1400,#1400,#78,.T.);
#1786=EDGE_CURVE('',#1400,#1395,#790,.T.);
#1787=EDGE_CURVE('',#1401,#1280,#791,.T.);
#1788=EDGE_CURVE('',#1401,#1383,#792,.T.);
#1789=EDGE_CURVE('',#1384,#1402,#793,.T.);
#1790=EDGE_CURVE('',#1283,#1402,#794,.T.);
#1791=EDGE_CURVE('',#1402,#1401,#795,.T.);
#1792=EDGE_CURVE('',#1329,#1330,#796,.T.);
#1793=ORIENTED_EDGE('',*,*,#1403,.T.);
#1794=ORIENTED_EDGE('',*,*,#1404,.T.);
#1795=ORIENTED_EDGE('',*,*,#1405,.T.);
#1796=ORIENTED_EDGE('',*,*,#1406,.T.);
#1797=ORIENTED_EDGE('',*,*,#1407,.F.);
#1798=ORIENTED_EDGE('',*,*,#1408,.F.);
#1799=ORIENTED_EDGE('',*,*,#1409,.F.);
#1800=ORIENTED_EDGE('',*,*,#1410,.F.);
#1801=ORIENTED_EDGE('',*,*,#1411,.F.);
#1802=ORIENTED_EDGE('',*,*,#1412,.F.);
#1803=ORIENTED_EDGE('',*,*,#1413,.F.);
#1804=ORIENTED_EDGE('',*,*,#1414,.F.);
#1805=ORIENTED_EDGE('',*,*,#1415,.F.);
#1806=ORIENTED_EDGE('',*,*,#1416,.F.);
#1807=ORIENTED_EDGE('',*,*,#1417,.F.);
#1808=ORIENTED_EDGE('',*,*,#1403,.F.);
#1809=ORIENTED_EDGE('',*,*,#1418,.F.);
#1810=ORIENTED_EDGE('',*,*,#1419,.F.);
#1811=ORIENTED_EDGE('',*,*,#1420,.F.);
#1812=ORIENTED_EDGE('',*,*,#1421,.F.);
#1813=ORIENTED_EDGE('',*,*,#1422,.F.);
#1814=ORIENTED_EDGE('',*,*,#1423,.F.);
#1815=ORIENTED_EDGE('',*,*,#1424,.F.);
#1816=ORIENTED_EDGE('',*,*,#1425,.F.);
#1817=ORIENTED_EDGE('',*,*,#1426,.F.);
#1818=ORIENTED_EDGE('',*,*,#1427,.F.);
#1819=ORIENTED_EDGE('',*,*,#1428,.F.);
#1820=ORIENTED_EDGE('',*,*,#1429,.F.);
#1821=ORIENTED_EDGE('',*,*,#1430,.F.);
#1822=ORIENTED_EDGE('',*,*,#1431,.F.);
#1823=ORIENTED_EDGE('',*,*,#1432,.F.);
#1824=ORIENTED_EDGE('',*,*,#1433,.F.);
#1825=ORIENTED_EDGE('',*,*,#1434,.F.);
#1826=ORIENTED_EDGE('',*,*,#1435,.F.);
#1827=ORIENTED_EDGE('',*,*,#1436,.F.);
#1828=ORIENTED_EDGE('',*,*,#1437,.F.);
#1829=ORIENTED_EDGE('',*,*,#1438,.F.);
#1830=ORIENTED_EDGE('',*,*,#1439,.F.);
#1831=ORIENTED_EDGE('',*,*,#1440,.F.);
#1832=ORIENTED_EDGE('',*,*,#1441,.F.);
#1833=ORIENTED_EDGE('',*,*,#1442,.F.);
#1834=ORIENTED_EDGE('',*,*,#1443,.F.);
#1835=ORIENTED_EDGE('',*,*,#1444,.F.);
#1836=ORIENTED_EDGE('',*,*,#1445,.F.);
#1837=ORIENTED_EDGE('',*,*,#1446,.F.);
#1838=ORIENTED_EDGE('',*,*,#1447,.F.);
#1839=ORIENTED_EDGE('',*,*,#1448,.F.);
#1840=ORIENTED_EDGE('',*,*,#1449,.F.);
#1841=ORIENTED_EDGE('',*,*,#1450,.F.);
#1842=ORIENTED_EDGE('',*,*,#1451,.F.);
#1843=ORIENTED_EDGE('',*,*,#1452,.F.);
#1844=ORIENTED_EDGE('',*,*,#1453,.F.);
#1845=ORIENTED_EDGE('',*,*,#1454,.F.);
#1846=ORIENTED_EDGE('',*,*,#1455,.F.);
#1847=ORIENTED_EDGE('',*,*,#1456,.F.);
#1848=ORIENTED_EDGE('',*,*,#1457,.F.);
#1849=ORIENTED_EDGE('',*,*,#1458,.F.);
#1850=ORIENTED_EDGE('',*,*,#1459,.F.);
#1851=ORIENTED_EDGE('',*,*,#1460,.F.);
#1852=ORIENTED_EDGE('',*,*,#1461,.F.);
#1853=ORIENTED_EDGE('',*,*,#1462,.F.);
#1854=ORIENTED_EDGE('',*,*,#1463,.F.);
#1855=ORIENTED_EDGE('',*,*,#1464,.F.);
#1856=ORIENTED_EDGE('',*,*,#1465,.F.);
#1857=ORIENTED_EDGE('',*,*,#1466,.F.);
#1858=ORIENTED_EDGE('',*,*,#1467,.F.);
#1859=ORIENTED_EDGE('',*,*,#1468,.F.);
#1860=ORIENTED_EDGE('',*,*,#1469,.F.);
#1861=ORIENTED_EDGE('',*,*,#1470,.F.);
#1862=ORIENTED_EDGE('',*,*,#1471,.F.);
#1863=ORIENTED_EDGE('',*,*,#1472,.F.);
#1864=ORIENTED_EDGE('',*,*,#1473,.F.);
#1865=ORIENTED_EDGE('',*,*,#1474,.F.);
#1866=ORIENTED_EDGE('',*,*,#1475,.F.);
#1867=ORIENTED_EDGE('',*,*,#1476,.F.);
#1868=ORIENTED_EDGE('',*,*,#1477,.F.);
#1869=ORIENTED_EDGE('',*,*,#1478,.F.);
#1870=ORIENTED_EDGE('',*,*,#1479,.F.);
#1871=ORIENTED_EDGE('',*,*,#1480,.F.);
#1872=ORIENTED_EDGE('',*,*,#1481,.F.);
#1873=ORIENTED_EDGE('',*,*,#1482,.F.);
#1874=ORIENTED_EDGE('',*,*,#1483,.F.);
#1875=ORIENTED_EDGE('',*,*,#1484,.F.);
#1876=ORIENTED_EDGE('',*,*,#1485,.F.);
#1877=ORIENTED_EDGE('',*,*,#1486,.F.);
#1878=ORIENTED_EDGE('',*,*,#1487,.F.);
#1879=ORIENTED_EDGE('',*,*,#1488,.F.);
#1880=ORIENTED_EDGE('',*,*,#1489,.F.);
#1881=ORIENTED_EDGE('',*,*,#1417,.T.);
#1882=ORIENTED_EDGE('',*,*,#1490,.F.);
#1883=ORIENTED_EDGE('',*,*,#1491,.F.);
#1884=ORIENTED_EDGE('',*,*,#1404,.F.);
#1885=ORIENTED_EDGE('',*,*,#1439,.T.);
#1886=ORIENTED_EDGE('',*,*,#1492,.T.);
#1887=ORIENTED_EDGE('',*,*,#1493,.T.);
#1888=ORIENTED_EDGE('',*,*,#1494,.F.);
#1889=ORIENTED_EDGE('',*,*,#1438,.T.);
#1890=ORIENTED_EDGE('',*,*,#1495,.T.);
#1891=ORIENTED_EDGE('',*,*,#1496,.T.);
#1892=ORIENTED_EDGE('',*,*,#1492,.F.);
#1893=ORIENTED_EDGE('',*,*,#1437,.T.);
#1894=ORIENTED_EDGE('',*,*,#1497,.T.);
#1895=ORIENTED_EDGE('',*,*,#1498,.T.);
#1896=ORIENTED_EDGE('',*,*,#1495,.F.);
#1897=ORIENTED_EDGE('',*,*,#1433,.T.);
#1898=ORIENTED_EDGE('',*,*,#1499,.T.);
#1899=ORIENTED_EDGE('',*,*,#1500,.T.);
#1900=ORIENTED_EDGE('',*,*,#1501,.F.);
#1901=ORIENTED_EDGE('',*,*,#1432,.T.);
#1902=ORIENTED_EDGE('',*,*,#1502,.T.);
#1903=ORIENTED_EDGE('',*,*,#1503,.T.);
#1904=ORIENTED_EDGE('',*,*,#1499,.F.);
#1905=ORIENTED_EDGE('',*,*,#1431,.T.);
#1906=ORIENTED_EDGE('',*,*,#1504,.T.);
#1907=ORIENTED_EDGE('',*,*,#1505,.T.);
#1908=ORIENTED_EDGE('',*,*,#1502,.F.);
#1909=ORIENTED_EDGE('',*,*,#1427,.T.);
#1910=ORIENTED_EDGE('',*,*,#1506,.T.);
#1911=ORIENTED_EDGE('',*,*,#1507,.F.);
#1912=ORIENTED_EDGE('',*,*,#1508,.F.);
#1913=ORIENTED_EDGE('',*,*,#1426,.T.);
#1914=ORIENTED_EDGE('',*,*,#1509,.T.);
#1915=ORIENTED_EDGE('',*,*,#1510,.F.);
#1916=ORIENTED_EDGE('',*,*,#1506,.F.);
#1917=ORIENTED_EDGE('',*,*,#1425,.T.);
#1918=ORIENTED_EDGE('',*,*,#1511,.T.);
#1919=ORIENTED_EDGE('',*,*,#1512,.F.);
#1920=ORIENTED_EDGE('',*,*,#1509,.F.);
#1921=ORIENTED_EDGE('',*,*,#1421,.T.);
#1922=ORIENTED_EDGE('',*,*,#1513,.T.);
#1923=ORIENTED_EDGE('',*,*,#1514,.F.);
#1924=ORIENTED_EDGE('',*,*,#1515,.F.);
#1925=ORIENTED_EDGE('',*,*,#1420,.T.);
#1926=ORIENTED_EDGE('',*,*,#1516,.T.);
#1927=ORIENTED_EDGE('',*,*,#1517,.F.);
#1928=ORIENTED_EDGE('',*,*,#1513,.F.);
#1929=ORIENTED_EDGE('',*,*,#1419,.T.);
#1930=ORIENTED_EDGE('',*,*,#1518,.T.);
#1931=ORIENTED_EDGE('',*,*,#1519,.F.);
#1932=ORIENTED_EDGE('',*,*,#1516,.F.);
#1933=ORIENTED_EDGE('',*,*,#1436,.T.);
#1934=ORIENTED_EDGE('',*,*,#1520,.T.);
#1935=ORIENTED_EDGE('',*,*,#1521,.T.);
#1936=ORIENTED_EDGE('',*,*,#1497,.F.);
#1937=ORIENTED_EDGE('',*,*,#1441,.T.);
#1938=ORIENTED_EDGE('',*,*,#1522,.T.);
#1939=ORIENTED_EDGE('',*,*,#1523,.T.);
#1940=ORIENTED_EDGE('',*,*,#1520,.F.);
#1941=ORIENTED_EDGE('',*,*,#1440,.T.);
#1942=ORIENTED_EDGE('',*,*,#1494,.T.);
#1943=ORIENTED_EDGE('',*,*,#1524,.T.);
#1944=ORIENTED_EDGE('',*,*,#1522,.F.);
#1945=ORIENTED_EDGE('',*,*,#1498,.F.);
#1946=ORIENTED_EDGE('',*,*,#1521,.F.);
#1947=ORIENTED_EDGE('',*,*,#1523,.F.);
#1948=ORIENTED_EDGE('',*,*,#1524,.F.);
#1949=ORIENTED_EDGE('',*,*,#1493,.F.);
#1950=ORIENTED_EDGE('',*,*,#1496,.F.);
#1951=ORIENTED_EDGE('',*,*,#1525,.T.);
#1952=ORIENTED_EDGE('',*,*,#1526,.F.);
#1953=ORIENTED_EDGE('',*,*,#1527,.T.);
#1954=ORIENTED_EDGE('',*,*,#1525,.F.);
#1955=ORIENTED_EDGE('',*,*,#1527,.F.);
#1956=ORIENTED_EDGE('',*,*,#1430,.T.);
#1957=ORIENTED_EDGE('',*,*,#1528,.T.);
#1958=ORIENTED_EDGE('',*,*,#1529,.T.);
#1959=ORIENTED_EDGE('',*,*,#1504,.F.);
#1960=ORIENTED_EDGE('',*,*,#1435,.T.);
#1961=ORIENTED_EDGE('',*,*,#1530,.T.);
#1962=ORIENTED_EDGE('',*,*,#1531,.T.);
#1963=ORIENTED_EDGE('',*,*,#1528,.F.);
#1964=ORIENTED_EDGE('',*,*,#1434,.T.);
#1965=ORIENTED_EDGE('',*,*,#1501,.T.);
#1966=ORIENTED_EDGE('',*,*,#1532,.T.);
#1967=ORIENTED_EDGE('',*,*,#1530,.F.);
#1968=ORIENTED_EDGE('',*,*,#1505,.F.);
#1969=ORIENTED_EDGE('',*,*,#1529,.F.);
#1970=ORIENTED_EDGE('',*,*,#1531,.F.);
#1971=ORIENTED_EDGE('',*,*,#1532,.F.);
#1972=ORIENTED_EDGE('',*,*,#1500,.F.);
#1973=ORIENTED_EDGE('',*,*,#1503,.F.);
#1974=ORIENTED_EDGE('',*,*,#1533,.T.);
#1975=ORIENTED_EDGE('',*,*,#1534,.F.);
#1976=ORIENTED_EDGE('',*,*,#1535,.T.);
#1977=ORIENTED_EDGE('',*,*,#1533,.F.);
#1978=ORIENTED_EDGE('',*,*,#1535,.F.);
#1979=ORIENTED_EDGE('',*,*,#1424,.T.);
#1980=ORIENTED_EDGE('',*,*,#1536,.T.);
#1981=ORIENTED_EDGE('',*,*,#1537,.F.);
#1982=ORIENTED_EDGE('',*,*,#1511,.F.);
#1983=ORIENTED_EDGE('',*,*,#1428,.T.);
#1984=ORIENTED_EDGE('',*,*,#1508,.T.);
#1985=ORIENTED_EDGE('',*,*,#1538,.F.);
#1986=ORIENTED_EDGE('',*,*,#1539,.F.);
#1987=ORIENTED_EDGE('',*,*,#1429,.T.);
#1988=ORIENTED_EDGE('',*,*,#1539,.T.);
#1989=ORIENTED_EDGE('',*,*,#1540,.F.);
#1990=ORIENTED_EDGE('',*,*,#1536,.F.);
#1991=ORIENTED_EDGE('',*,*,#1540,.T.);
#1992=ORIENTED_EDGE('',*,*,#1538,.T.);
#1993=ORIENTED_EDGE('',*,*,#1507,.T.);
#1994=ORIENTED_EDGE('',*,*,#1510,.T.);
#1995=ORIENTED_EDGE('',*,*,#1512,.T.);
#1996=ORIENTED_EDGE('',*,*,#1537,.T.);
#1997=ORIENTED_EDGE('',*,*,#1541,.F.);
#1998=ORIENTED_EDGE('',*,*,#1418,.T.);
#1999=ORIENTED_EDGE('',*,*,#1542,.T.);
#2000=ORIENTED_EDGE('',*,*,#1543,.F.);
#2001=ORIENTED_EDGE('',*,*,#1518,.F.);
#2002=ORIENTED_EDGE('',*,*,#1422,.T.);
#2003=ORIENTED_EDGE('',*,*,#1515,.T.);
#2004=ORIENTED_EDGE('',*,*,#1544,.F.);
#2005=ORIENTED_EDGE('',*,*,#1545,.F.);
#2006=ORIENTED_EDGE('',*,*,#1423,.T.);
#2007=ORIENTED_EDGE('',*,*,#1545,.T.);
#2008=ORIENTED_EDGE('',*,*,#1546,.F.);
#2009=ORIENTED_EDGE('',*,*,#1542,.F.);
#2010=ORIENTED_EDGE('',*,*,#1546,.T.);
#2011=ORIENTED_EDGE('',*,*,#1544,.T.);
#2012=ORIENTED_EDGE('',*,*,#1514,.T.);
#2013=ORIENTED_EDGE('',*,*,#1517,.T.);
#2014=ORIENTED_EDGE('',*,*,#1519,.T.);
#2015=ORIENTED_EDGE('',*,*,#1543,.T.);
#2016=ORIENTED_EDGE('',*,*,#1547,.F.);
#2017=ORIENTED_EDGE('',*,*,#1548,.F.);
#2018=ORIENTED_EDGE('',*,*,#1549,.T.);
#2019=ORIENTED_EDGE('',*,*,#1547,.T.);
#2020=ORIENTED_EDGE('',*,*,#1549,.F.);
#2021=ORIENTED_EDGE('',*,*,#1550,.F.);
#2022=ORIENTED_EDGE('',*,*,#1551,.T.);
#2023=ORIENTED_EDGE('',*,*,#1541,.T.);
#2024=ORIENTED_EDGE('',*,*,#1551,.F.);
#2025=ORIENTED_EDGE('',*,*,#1552,.F.);
#2026=ORIENTED_EDGE('',*,*,#1553,.T.);
#2027=ORIENTED_EDGE('',*,*,#1554,.F.);
#2028=ORIENTED_EDGE('',*,*,#1555,.F.);
#2029=ORIENTED_EDGE('',*,*,#1556,.F.);
#2030=ORIENTED_EDGE('',*,*,#1557,.F.);
#2031=ORIENTED_EDGE('',*,*,#1558,.F.);
#2032=ORIENTED_EDGE('',*,*,#1559,.F.);
#2033=ORIENTED_EDGE('',*,*,#1560,.F.);
#2034=ORIENTED_EDGE('',*,*,#1559,.T.);
#2035=ORIENTED_EDGE('',*,*,#1561,.F.);
#2036=ORIENTED_EDGE('',*,*,#1553,.F.);
#2037=ORIENTED_EDGE('',*,*,#1561,.T.);
#2038=ORIENTED_EDGE('',*,*,#1558,.T.);
#2039=ORIENTED_EDGE('',*,*,#1562,.F.);
#2040=ORIENTED_EDGE('',*,*,#1554,.T.);
#2041=ORIENTED_EDGE('',*,*,#1526,.T.);
#2042=ORIENTED_EDGE('',*,*,#1534,.T.);
#2043=ORIENTED_EDGE('',*,*,#1548,.T.);
#2044=ORIENTED_EDGE('',*,*,#1550,.T.);
#2045=ORIENTED_EDGE('',*,*,#1556,.T.);
#2046=ORIENTED_EDGE('',*,*,#1560,.T.);
#2047=ORIENTED_EDGE('',*,*,#1552,.T.);
#2048=ORIENTED_EDGE('',*,*,#1563,.T.);
#2049=ORIENTED_EDGE('',*,*,#1564,.T.);
#2050=ORIENTED_EDGE('',*,*,#1565,.F.);
#2051=ORIENTED_EDGE('',*,*,#1566,.F.);
#2052=ORIENTED_EDGE('',*,*,#1567,.T.);
#2053=ORIENTED_EDGE('',*,*,#1568,.T.);
#2054=ORIENTED_EDGE('',*,*,#1569,.T.);
#2055=ORIENTED_EDGE('',*,*,#1570,.F.);
#2056=ORIENTED_EDGE('',*,*,#1571,.F.);
#2057=ORIENTED_EDGE('',*,*,#1572,.F.);
#2058=ORIENTED_EDGE('',*,*,#1573,.F.);
#2059=ORIENTED_EDGE('',*,*,#1574,.T.);
#2060=ORIENTED_EDGE('',*,*,#1575,.F.);
#2061=ORIENTED_EDGE('',*,*,#1576,.T.);
#2062=ORIENTED_EDGE('',*,*,#1577,.T.);
#2063=ORIENTED_EDGE('',*,*,#1578,.T.);
#2064=ORIENTED_EDGE('',*,*,#1405,.F.);
#2065=ORIENTED_EDGE('',*,*,#1491,.T.);
#2066=ORIENTED_EDGE('',*,*,#1579,.T.);
#2067=ORIENTED_EDGE('',*,*,#1415,.T.);
#2068=ORIENTED_EDGE('',*,*,#1580,.F.);
#2069=ORIENTED_EDGE('',*,*,#1564,.F.);
#2070=ORIENTED_EDGE('',*,*,#1581,.T.);
#2071=ORIENTED_EDGE('',*,*,#1416,.T.);
#2072=ORIENTED_EDGE('',*,*,#1581,.F.);
#2073=ORIENTED_EDGE('',*,*,#1563,.F.);
#2074=ORIENTED_EDGE('',*,*,#1555,.T.);
#2075=ORIENTED_EDGE('',*,*,#1562,.T.);
#2076=ORIENTED_EDGE('',*,*,#1557,.T.);
#2077=ORIENTED_EDGE('',*,*,#1579,.F.);
#2078=ORIENTED_EDGE('',*,*,#1490,.T.);
#2079=ORIENTED_EDGE('',*,*,#1580,.T.);
#2080=ORIENTED_EDGE('',*,*,#1414,.T.);
#2081=ORIENTED_EDGE('',*,*,#1582,.F.);
#2082=ORIENTED_EDGE('',*,*,#1565,.T.);
#2083=ORIENTED_EDGE('',*,*,#1583,.F.);
#2084=ORIENTED_EDGE('',*,*,#1584,.F.);
#2085=ORIENTED_EDGE('',*,*,#1585,.F.);
#2086=ORIENTED_EDGE('',*,*,#1586,.F.);
#2087=ORIENTED_EDGE('',*,*,#1584,.T.);
#2088=ORIENTED_EDGE('',*,*,#1587,.F.);
#2089=ORIENTED_EDGE('',*,*,#1588,.F.);
#2090=ORIENTED_EDGE('',*,*,#1589,.F.);
#2091=ORIENTED_EDGE('',*,*,#1583,.T.);
#2092=ORIENTED_EDGE('',*,*,#1590,.T.);
#2093=ORIENTED_EDGE('',*,*,#1591,.T.);
#2094=ORIENTED_EDGE('',*,*,#1587,.T.);
#2095=ORIENTED_EDGE('',*,*,#1592,.T.);
#2096=ORIENTED_EDGE('',*,*,#1593,.T.);
#2097=ORIENTED_EDGE('',*,*,#1594,.T.);
#2098=ORIENTED_EDGE('',*,*,#1595,.T.);
#2099=ORIENTED_EDGE('',*,*,#1593,.F.);
#2100=ORIENTED_EDGE('',*,*,#1596,.F.);
#2101=ORIENTED_EDGE('',*,*,#1597,.F.);
#2102=ORIENTED_EDGE('',*,*,#1598,.F.);
#2103=ORIENTED_EDGE('',*,*,#1599,.F.);
#2104=ORIENTED_EDGE('',*,*,#1600,.F.);
#2105=ORIENTED_EDGE('',*,*,#1601,.T.);
#2106=ORIENTED_EDGE('',*,*,#1602,.T.);
#2107=ORIENTED_EDGE('',*,*,#1603,.T.);
#2108=ORIENTED_EDGE('',*,*,#1604,.T.);
#2109=ORIENTED_EDGE('',*,*,#1602,.F.);
#2110=ORIENTED_EDGE('',*,*,#1605,.F.);
#2111=ORIENTED_EDGE('',*,*,#1606,.F.);
#2112=ORIENTED_EDGE('',*,*,#1607,.F.);
#2113=ORIENTED_EDGE('',*,*,#1608,.F.);
#2114=ORIENTED_EDGE('',*,*,#1609,.F.);
#2115=ORIENTED_EDGE('',*,*,#1595,.F.);
#2116=ORIENTED_EDGE('',*,*,#1610,.T.);
#2117=ORIENTED_EDGE('',*,*,#1611,.T.);
#2118=ORIENTED_EDGE('',*,*,#1612,.T.);
#2119=ORIENTED_EDGE('',*,*,#1604,.F.);
#2120=ORIENTED_EDGE('',*,*,#1613,.T.);
#2121=ORIENTED_EDGE('',*,*,#1614,.T.);
#2122=ORIENTED_EDGE('',*,*,#1615,.T.);
#2123=ORIENTED_EDGE('',*,*,#1606,.T.);
#2124=ORIENTED_EDGE('',*,*,#1616,.T.);
#2125=ORIENTED_EDGE('',*,*,#1617,.T.);
#2126=ORIENTED_EDGE('',*,*,#1618,.T.);
#2127=ORIENTED_EDGE('',*,*,#1618,.F.);
#2128=ORIENTED_EDGE('',*,*,#1619,.F.);
#2129=ORIENTED_EDGE('',*,*,#1620,.F.);
#2130=ORIENTED_EDGE('',*,*,#1607,.T.);
#2131=ORIENTED_EDGE('',*,*,#1617,.F.);
#2132=ORIENTED_EDGE('',*,*,#1621,.F.);
#2133=ORIENTED_EDGE('',*,*,#1622,.F.);
#2134=ORIENTED_EDGE('',*,*,#1623,.F.);
#2135=ORIENTED_EDGE('',*,*,#1624,.F.);
#2136=ORIENTED_EDGE('',*,*,#1619,.T.);
#2137=ORIENTED_EDGE('',*,*,#1608,.T.);
#2138=ORIENTED_EDGE('',*,*,#1620,.T.);
#2139=ORIENTED_EDGE('',*,*,#1624,.T.);
#2140=ORIENTED_EDGE('',*,*,#1625,.T.);
#2141=ORIENTED_EDGE('',*,*,#1599,.T.);
#2142=ORIENTED_EDGE('',*,*,#1626,.T.);
#2143=ORIENTED_EDGE('',*,*,#1627,.T.);
#2144=ORIENTED_EDGE('',*,*,#1628,.T.);
#2145=ORIENTED_EDGE('',*,*,#1626,.F.);
#2146=ORIENTED_EDGE('',*,*,#1598,.T.);
#2147=ORIENTED_EDGE('',*,*,#1629,.F.);
#2148=ORIENTED_EDGE('',*,*,#1630,.F.);
#2149=ORIENTED_EDGE('',*,*,#1597,.T.);
#2150=ORIENTED_EDGE('',*,*,#1631,.T.);
#2151=ORIENTED_EDGE('',*,*,#1632,.T.);
#2152=ORIENTED_EDGE('',*,*,#1629,.T.);
#2153=ORIENTED_EDGE('',*,*,#1633,.F.);
#2154=ORIENTED_EDGE('',*,*,#1634,.F.);
#2155=ORIENTED_EDGE('',*,*,#1635,.F.);
#2156=ORIENTED_EDGE('',*,*,#1622,.T.);
#2157=ORIENTED_EDGE('',*,*,#1616,.F.);
#2158=ORIENTED_EDGE('',*,*,#1605,.T.);
#2159=ORIENTED_EDGE('',*,*,#1601,.F.);
#2160=ORIENTED_EDGE('',*,*,#1615,.F.);
#2161=ORIENTED_EDGE('',*,*,#1636,.T.);
#2162=ORIENTED_EDGE('',*,*,#1633,.T.);
#2163=ORIENTED_EDGE('',*,*,#1621,.T.);
#2164=ORIENTED_EDGE('',*,*,#1627,.F.);
#2165=ORIENTED_EDGE('',*,*,#1630,.T.);
#2166=ORIENTED_EDGE('',*,*,#1632,.F.);
#2167=ORIENTED_EDGE('',*,*,#1637,.F.);
#2168=ORIENTED_EDGE('',*,*,#1638,.T.);
#2169=ORIENTED_EDGE('',*,*,#1639,.F.);
#2170=ORIENTED_EDGE('',*,*,#1640,.F.);
#2171=ORIENTED_EDGE('',*,*,#1638,.F.);
#2172=ORIENTED_EDGE('',*,*,#1641,.F.);
#2173=ORIENTED_EDGE('',*,*,#1642,.T.);
#2174=ORIENTED_EDGE('',*,*,#1631,.F.);
#2175=ORIENTED_EDGE('',*,*,#1596,.T.);
#2176=ORIENTED_EDGE('',*,*,#1592,.F.);
#2177=ORIENTED_EDGE('',*,*,#1612,.F.);
#2178=ORIENTED_EDGE('',*,*,#1643,.T.);
#2179=ORIENTED_EDGE('',*,*,#1641,.T.);
#2180=ORIENTED_EDGE('',*,*,#1637,.T.);
#2181=ORIENTED_EDGE('',*,*,#1586,.T.);
#2182=ORIENTED_EDGE('',*,*,#1644,.F.);
#2183=ORIENTED_EDGE('',*,*,#1645,.F.);
#2184=ORIENTED_EDGE('',*,*,#1590,.F.);
#2185=ORIENTED_EDGE('',*,*,#1628,.F.);
#2186=ORIENTED_EDGE('',*,*,#1639,.T.);
#2187=ORIENTED_EDGE('',*,*,#1640,.T.);
#2188=ORIENTED_EDGE('',*,*,#1646,.T.);
#2189=ORIENTED_EDGE('',*,*,#1610,.F.);
#2190=ORIENTED_EDGE('',*,*,#1594,.F.);
#2191=ORIENTED_EDGE('',*,*,#1600,.T.);
#2192=ORIENTED_EDGE('',*,*,#1625,.F.);
#2193=ORIENTED_EDGE('',*,*,#1623,.T.);
#2194=ORIENTED_EDGE('',*,*,#1635,.T.);
#2195=ORIENTED_EDGE('',*,*,#1647,.T.);
#2196=ORIENTED_EDGE('',*,*,#1613,.F.);
#2197=ORIENTED_EDGE('',*,*,#1603,.F.);
#2198=ORIENTED_EDGE('',*,*,#1609,.T.);
#2199=ORIENTED_EDGE('',*,*,#1585,.T.);
#2200=ORIENTED_EDGE('',*,*,#1589,.T.);
#2201=ORIENTED_EDGE('',*,*,#1648,.T.);
#2202=ORIENTED_EDGE('',*,*,#1644,.T.);
#2203=ORIENTED_EDGE('',*,*,#1578,.F.);
#2204=ORIENTED_EDGE('',*,*,#1649,.F.);
#2205=ORIENTED_EDGE('',*,*,#1650,.F.);
#2206=ORIENTED_EDGE('',*,*,#1406,.F.);
#2207=ORIENTED_EDGE('',*,*,#1646,.F.);
#2208=ORIENTED_EDGE('',*,*,#1642,.F.);
#2209=ORIENTED_EDGE('',*,*,#1643,.F.);
#2210=ORIENTED_EDGE('',*,*,#1611,.F.);
#2211=ORIENTED_EDGE('',*,*,#1647,.F.);
#2212=ORIENTED_EDGE('',*,*,#1634,.T.);
#2213=ORIENTED_EDGE('',*,*,#1636,.F.);
#2214=ORIENTED_EDGE('',*,*,#1614,.F.);
#2215=ORIENTED_EDGE('',*,*,#1645,.T.);
#2216=ORIENTED_EDGE('',*,*,#1648,.F.);
#2217=ORIENTED_EDGE('',*,*,#1588,.T.);
#2218=ORIENTED_EDGE('',*,*,#1591,.F.);
#2219=ORIENTED_EDGE('',*,*,#1408,.T.);
#2220=ORIENTED_EDGE('',*,*,#1651,.T.);
#2221=ORIENTED_EDGE('',*,*,#1652,.T.);
#2222=ORIENTED_EDGE('',*,*,#1409,.T.);
#2223=ORIENTED_EDGE('',*,*,#1413,.T.);
#2224=ORIENTED_EDGE('',*,*,#1653,.F.);
#2225=ORIENTED_EDGE('',*,*,#1570,.T.);
#2226=ORIENTED_EDGE('',*,*,#1654,.T.);
#2227=ORIENTED_EDGE('',*,*,#1655,.T.);
#2228=ORIENTED_EDGE('',*,*,#1656,.T.);
#2229=ORIENTED_EDGE('',*,*,#1566,.T.);
#2230=ORIENTED_EDGE('',*,*,#1582,.T.);
#2231=ORIENTED_EDGE('',*,*,#1412,.T.);
#2232=ORIENTED_EDGE('',*,*,#1657,.F.);
#2233=ORIENTED_EDGE('',*,*,#1571,.T.);
#2234=ORIENTED_EDGE('',*,*,#1653,.T.);
#2235=ORIENTED_EDGE('',*,*,#1411,.T.);
#2236=ORIENTED_EDGE('',*,*,#1658,.F.);
#2237=ORIENTED_EDGE('',*,*,#1572,.T.);
#2238=ORIENTED_EDGE('',*,*,#1657,.T.);
#2239=ORIENTED_EDGE('',*,*,#1445,.T.);
#2240=ORIENTED_EDGE('',*,*,#1659,.T.);
#2241=ORIENTED_EDGE('',*,*,#1660,.F.);
#2242=ORIENTED_EDGE('',*,*,#1661,.F.);
#2243=ORIENTED_EDGE('',*,*,#1444,.T.);
#2244=ORIENTED_EDGE('',*,*,#1662,.T.);
#2245=ORIENTED_EDGE('',*,*,#1663,.F.);
#2246=ORIENTED_EDGE('',*,*,#1659,.F.);
#2247=ORIENTED_EDGE('',*,*,#1443,.T.);
#2248=ORIENTED_EDGE('',*,*,#1664,.T.);
#2249=ORIENTED_EDGE('',*,*,#1665,.F.);
#2250=ORIENTED_EDGE('',*,*,#1662,.F.);
#2251=ORIENTED_EDGE('',*,*,#1451,.T.);
#2252=ORIENTED_EDGE('',*,*,#1666,.T.);
#2253=ORIENTED_EDGE('',*,*,#1667,.F.);
#2254=ORIENTED_EDGE('',*,*,#1668,.F.);
#2255=ORIENTED_EDGE('',*,*,#1450,.T.);
#2256=ORIENTED_EDGE('',*,*,#1669,.T.);
#2257=ORIENTED_EDGE('',*,*,#1670,.F.);
#2258=ORIENTED_EDGE('',*,*,#1666,.F.);
#2259=ORIENTED_EDGE('',*,*,#1449,.T.);
#2260=ORIENTED_EDGE('',*,*,#1671,.T.);
#2261=ORIENTED_EDGE('',*,*,#1672,.F.);
#2262=ORIENTED_EDGE('',*,*,#1669,.F.);
#2263=ORIENTED_EDGE('',*,*,#1457,.T.);
#2264=ORIENTED_EDGE('',*,*,#1673,.T.);
#2265=ORIENTED_EDGE('',*,*,#1674,.T.);
#2266=ORIENTED_EDGE('',*,*,#1675,.F.);
#2267=ORIENTED_EDGE('',*,*,#1456,.T.);
#2268=ORIENTED_EDGE('',*,*,#1676,.T.);
#2269=ORIENTED_EDGE('',*,*,#1677,.T.);
#2270=ORIENTED_EDGE('',*,*,#1673,.F.);
#2271=ORIENTED_EDGE('',*,*,#1455,.T.);
#2272=ORIENTED_EDGE('',*,*,#1678,.T.);
#2273=ORIENTED_EDGE('',*,*,#1679,.T.);
#2274=ORIENTED_EDGE('',*,*,#1676,.F.);
#2275=ORIENTED_EDGE('',*,*,#1463,.T.);
#2276=ORIENTED_EDGE('',*,*,#1680,.T.);
#2277=ORIENTED_EDGE('',*,*,#1681,.T.);
#2278=ORIENTED_EDGE('',*,*,#1682,.F.);
#2279=ORIENTED_EDGE('',*,*,#1462,.T.);
#2280=ORIENTED_EDGE('',*,*,#1683,.T.);
#2281=ORIENTED_EDGE('',*,*,#1684,.T.);
#2282=ORIENTED_EDGE('',*,*,#1680,.F.);
#2283=ORIENTED_EDGE('',*,*,#1461,.T.);
#2284=ORIENTED_EDGE('',*,*,#1685,.T.);
#2285=ORIENTED_EDGE('',*,*,#1686,.T.);
#2286=ORIENTED_EDGE('',*,*,#1683,.F.);
#2287=ORIENTED_EDGE('',*,*,#1469,.T.);
#2288=ORIENTED_EDGE('',*,*,#1687,.T.);
#2289=ORIENTED_EDGE('',*,*,#1688,.F.);
#2290=ORIENTED_EDGE('',*,*,#1689,.F.);
#2291=ORIENTED_EDGE('',*,*,#1468,.T.);
#2292=ORIENTED_EDGE('',*,*,#1690,.T.);
#2293=ORIENTED_EDGE('',*,*,#1691,.F.);
#2294=ORIENTED_EDGE('',*,*,#1687,.F.);
#2295=ORIENTED_EDGE('',*,*,#1467,.T.);
#2296=ORIENTED_EDGE('',*,*,#1692,.T.);
#2297=ORIENTED_EDGE('',*,*,#1693,.F.);
#2298=ORIENTED_EDGE('',*,*,#1690,.F.);
#2299=ORIENTED_EDGE('',*,*,#1475,.T.);
#2300=ORIENTED_EDGE('',*,*,#1694,.T.);
#2301=ORIENTED_EDGE('',*,*,#1695,.F.);
#2302=ORIENTED_EDGE('',*,*,#1696,.F.);
#2303=ORIENTED_EDGE('',*,*,#1474,.T.);
#2304=ORIENTED_EDGE('',*,*,#1697,.T.);
#2305=ORIENTED_EDGE('',*,*,#1698,.F.);
#2306=ORIENTED_EDGE('',*,*,#1694,.F.);
#2307=ORIENTED_EDGE('',*,*,#1473,.T.);
#2308=ORIENTED_EDGE('',*,*,#1699,.T.);
#2309=ORIENTED_EDGE('',*,*,#1700,.F.);
#2310=ORIENTED_EDGE('',*,*,#1697,.F.);
#2311=ORIENTED_EDGE('',*,*,#1481,.T.);
#2312=ORIENTED_EDGE('',*,*,#1701,.T.);
#2313=ORIENTED_EDGE('',*,*,#1702,.T.);
#2314=ORIENTED_EDGE('',*,*,#1703,.F.);
#2315=ORIENTED_EDGE('',*,*,#1480,.T.);
#2316=ORIENTED_EDGE('',*,*,#1704,.T.);
#2317=ORIENTED_EDGE('',*,*,#1705,.T.);
#2318=ORIENTED_EDGE('',*,*,#1701,.F.);
#2319=ORIENTED_EDGE('',*,*,#1479,.T.);
#2320=ORIENTED_EDGE('',*,*,#1706,.T.);
#2321=ORIENTED_EDGE('',*,*,#1707,.T.);
#2322=ORIENTED_EDGE('',*,*,#1704,.F.);
#2323=ORIENTED_EDGE('',*,*,#1487,.T.);
#2324=ORIENTED_EDGE('',*,*,#1708,.T.);
#2325=ORIENTED_EDGE('',*,*,#1709,.T.);
#2326=ORIENTED_EDGE('',*,*,#1710,.F.);
#2327=ORIENTED_EDGE('',*,*,#1486,.T.);
#2328=ORIENTED_EDGE('',*,*,#1711,.T.);
#2329=ORIENTED_EDGE('',*,*,#1712,.T.);
#2330=ORIENTED_EDGE('',*,*,#1708,.F.);
#2331=ORIENTED_EDGE('',*,*,#1485,.T.);
#2332=ORIENTED_EDGE('',*,*,#1713,.T.);
#2333=ORIENTED_EDGE('',*,*,#1714,.T.);
#2334=ORIENTED_EDGE('',*,*,#1711,.F.);
#2335=ORIENTED_EDGE('',*,*,#1715,.T.);
#2336=ORIENTED_EDGE('',*,*,#1716,.T.);
#2337=ORIENTED_EDGE('',*,*,#1717,.T.);
#2338=ORIENTED_EDGE('',*,*,#1568,.F.);
#2339=ORIENTED_EDGE('',*,*,#1442,.T.);
#2340=ORIENTED_EDGE('',*,*,#1718,.T.);
#2341=ORIENTED_EDGE('',*,*,#1719,.F.);
#2342=ORIENTED_EDGE('',*,*,#1664,.F.);
#2343=ORIENTED_EDGE('',*,*,#1446,.T.);
#2344=ORIENTED_EDGE('',*,*,#1661,.T.);
#2345=ORIENTED_EDGE('',*,*,#1720,.F.);
#2346=ORIENTED_EDGE('',*,*,#1721,.F.);
#2347=ORIENTED_EDGE('',*,*,#1447,.T.);
#2348=ORIENTED_EDGE('',*,*,#1721,.T.);
#2349=ORIENTED_EDGE('',*,*,#1722,.F.);
#2350=ORIENTED_EDGE('',*,*,#1718,.F.);
#2351=ORIENTED_EDGE('',*,*,#1722,.T.);
#2352=ORIENTED_EDGE('',*,*,#1720,.T.);
#2353=ORIENTED_EDGE('',*,*,#1660,.T.);
#2354=ORIENTED_EDGE('',*,*,#1663,.T.);
#2355=ORIENTED_EDGE('',*,*,#1665,.T.);
#2356=ORIENTED_EDGE('',*,*,#1719,.T.);
#2357=ORIENTED_EDGE('',*,*,#1723,.F.);
#2358=ORIENTED_EDGE('',*,*,#1724,.F.);
#2359=ORIENTED_EDGE('',*,*,#1725,.T.);
#2360=ORIENTED_EDGE('',*,*,#1723,.T.);
#2361=ORIENTED_EDGE('',*,*,#1725,.F.);
#2362=ORIENTED_EDGE('',*,*,#1448,.T.);
#2363=ORIENTED_EDGE('',*,*,#1726,.T.);
#2364=ORIENTED_EDGE('',*,*,#1727,.F.);
#2365=ORIENTED_EDGE('',*,*,#1671,.F.);
#2366=ORIENTED_EDGE('',*,*,#1452,.T.);
#2367=ORIENTED_EDGE('',*,*,#1668,.T.);
#2368=ORIENTED_EDGE('',*,*,#1728,.F.);
#2369=ORIENTED_EDGE('',*,*,#1729,.F.);
#2370=ORIENTED_EDGE('',*,*,#1453,.T.);
#2371=ORIENTED_EDGE('',*,*,#1729,.T.);
#2372=ORIENTED_EDGE('',*,*,#1730,.F.);
#2373=ORIENTED_EDGE('',*,*,#1726,.F.);
#2374=ORIENTED_EDGE('',*,*,#1730,.T.);
#2375=ORIENTED_EDGE('',*,*,#1728,.T.);
#2376=ORIENTED_EDGE('',*,*,#1667,.T.);
#2377=ORIENTED_EDGE('',*,*,#1670,.T.);
#2378=ORIENTED_EDGE('',*,*,#1672,.T.);
#2379=ORIENTED_EDGE('',*,*,#1727,.T.);
#2380=ORIENTED_EDGE('',*,*,#1731,.F.);
#2381=ORIENTED_EDGE('',*,*,#1732,.F.);
#2382=ORIENTED_EDGE('',*,*,#1733,.T.);
#2383=ORIENTED_EDGE('',*,*,#1731,.T.);
#2384=ORIENTED_EDGE('',*,*,#1733,.F.);
#2385=ORIENTED_EDGE('',*,*,#1454,.T.);
#2386=ORIENTED_EDGE('',*,*,#1734,.T.);
#2387=ORIENTED_EDGE('',*,*,#1735,.T.);
#2388=ORIENTED_EDGE('',*,*,#1678,.F.);
#2389=ORIENTED_EDGE('',*,*,#1459,.T.);
#2390=ORIENTED_EDGE('',*,*,#1736,.T.);
#2391=ORIENTED_EDGE('',*,*,#1737,.T.);
#2392=ORIENTED_EDGE('',*,*,#1734,.F.);
#2393=ORIENTED_EDGE('',*,*,#1458,.T.);
#2394=ORIENTED_EDGE('',*,*,#1675,.T.);
#2395=ORIENTED_EDGE('',*,*,#1738,.T.);
#2396=ORIENTED_EDGE('',*,*,#1736,.F.);
#2397=ORIENTED_EDGE('',*,*,#1679,.F.);
#2398=ORIENTED_EDGE('',*,*,#1735,.F.);
#2399=ORIENTED_EDGE('',*,*,#1737,.F.);
#2400=ORIENTED_EDGE('',*,*,#1738,.F.);
#2401=ORIENTED_EDGE('',*,*,#1674,.F.);
#2402=ORIENTED_EDGE('',*,*,#1677,.F.);
#2403=ORIENTED_EDGE('',*,*,#1739,.T.);
#2404=ORIENTED_EDGE('',*,*,#1460,.T.);
#2405=ORIENTED_EDGE('',*,*,#1740,.T.);
#2406=ORIENTED_EDGE('',*,*,#1741,.T.);
#2407=ORIENTED_EDGE('',*,*,#1685,.F.);
#2408=ORIENTED_EDGE('',*,*,#1465,.T.);
#2409=ORIENTED_EDGE('',*,*,#1742,.T.);
#2410=ORIENTED_EDGE('',*,*,#1743,.T.);
#2411=ORIENTED_EDGE('',*,*,#1740,.F.);
#2412=ORIENTED_EDGE('',*,*,#1464,.T.);
#2413=ORIENTED_EDGE('',*,*,#1682,.T.);
#2414=ORIENTED_EDGE('',*,*,#1744,.T.);
#2415=ORIENTED_EDGE('',*,*,#1742,.F.);
#2416=ORIENTED_EDGE('',*,*,#1686,.F.);
#2417=ORIENTED_EDGE('',*,*,#1741,.F.);
#2418=ORIENTED_EDGE('',*,*,#1743,.F.);
#2419=ORIENTED_EDGE('',*,*,#1744,.F.);
#2420=ORIENTED_EDGE('',*,*,#1681,.F.);
#2421=ORIENTED_EDGE('',*,*,#1684,.F.);
#2422=ORIENTED_EDGE('',*,*,#1745,.T.);
#2423=ORIENTED_EDGE('',*,*,#1746,.T.);
#2424=ORIENTED_EDGE('',*,*,#1747,.T.);
#2425=ORIENTED_EDGE('',*,*,#1745,.F.);
#2426=ORIENTED_EDGE('',*,*,#1747,.F.);
#2427=ORIENTED_EDGE('',*,*,#1748,.T.);
#2428=ORIENTED_EDGE('',*,*,#1749,.T.);
#2429=ORIENTED_EDGE('',*,*,#1739,.F.);
#2430=ORIENTED_EDGE('',*,*,#1749,.F.);
#2431=ORIENTED_EDGE('',*,*,#1567,.F.);
#2432=ORIENTED_EDGE('',*,*,#1656,.F.);
#2433=ORIENTED_EDGE('',*,*,#1750,.T.);
#2434=ORIENTED_EDGE('',*,*,#1715,.F.);
#2435=ORIENTED_EDGE('',*,*,#1569,.F.);
#2436=ORIENTED_EDGE('',*,*,#1717,.F.);
#2437=ORIENTED_EDGE('',*,*,#1751,.T.);
#2438=ORIENTED_EDGE('',*,*,#1654,.F.);
#2439=ORIENTED_EDGE('',*,*,#1716,.F.);
#2440=ORIENTED_EDGE('',*,*,#1750,.F.);
#2441=ORIENTED_EDGE('',*,*,#1655,.F.);
#2442=ORIENTED_EDGE('',*,*,#1751,.F.);
#2443=ORIENTED_EDGE('',*,*,#1724,.T.);
#2444=ORIENTED_EDGE('',*,*,#1732,.T.);
#2445=ORIENTED_EDGE('',*,*,#1746,.F.);
#2446=ORIENTED_EDGE('',*,*,#1748,.F.);
#2447=ORIENTED_EDGE('',*,*,#1752,.T.);
#2448=ORIENTED_EDGE('',*,*,#1753,.T.);
#2449=ORIENTED_EDGE('',*,*,#1754,.T.);
#2450=ORIENTED_EDGE('',*,*,#1575,.T.);
#2451=ORIENTED_EDGE('',*,*,#1466,.T.);
#2452=ORIENTED_EDGE('',*,*,#1755,.T.);
#2453=ORIENTED_EDGE('',*,*,#1756,.F.);
#2454=ORIENTED_EDGE('',*,*,#1692,.F.);
#2455=ORIENTED_EDGE('',*,*,#1470,.T.);
#2456=ORIENTED_EDGE('',*,*,#1689,.T.);
#2457=ORIENTED_EDGE('',*,*,#1757,.F.);
#2458=ORIENTED_EDGE('',*,*,#1758,.F.);
#2459=ORIENTED_EDGE('',*,*,#1471,.T.);
#2460=ORIENTED_EDGE('',*,*,#1758,.T.);
#2461=ORIENTED_EDGE('',*,*,#1759,.F.);
#2462=ORIENTED_EDGE('',*,*,#1755,.F.);
#2463=ORIENTED_EDGE('',*,*,#1759,.T.);
#2464=ORIENTED_EDGE('',*,*,#1757,.T.);
#2465=ORIENTED_EDGE('',*,*,#1688,.T.);
#2466=ORIENTED_EDGE('',*,*,#1691,.T.);
#2467=ORIENTED_EDGE('',*,*,#1693,.T.);
#2468=ORIENTED_EDGE('',*,*,#1756,.T.);
#2469=ORIENTED_EDGE('',*,*,#1760,.F.);
#2470=ORIENTED_EDGE('',*,*,#1761,.F.);
#2471=ORIENTED_EDGE('',*,*,#1762,.T.);
#2472=ORIENTED_EDGE('',*,*,#1760,.T.);
#2473=ORIENTED_EDGE('',*,*,#1762,.F.);
#2474=ORIENTED_EDGE('',*,*,#1472,.T.);
#2475=ORIENTED_EDGE('',*,*,#1763,.T.);
#2476=ORIENTED_EDGE('',*,*,#1764,.F.);
#2477=ORIENTED_EDGE('',*,*,#1699,.F.);
#2478=ORIENTED_EDGE('',*,*,#1476,.T.);
#2479=ORIENTED_EDGE('',*,*,#1696,.T.);
#2480=ORIENTED_EDGE('',*,*,#1765,.F.);
#2481=ORIENTED_EDGE('',*,*,#1766,.F.);
#2482=ORIENTED_EDGE('',*,*,#1477,.T.);
#2483=ORIENTED_EDGE('',*,*,#1766,.T.);
#2484=ORIENTED_EDGE('',*,*,#1767,.F.);
#2485=ORIENTED_EDGE('',*,*,#1763,.F.);
#2486=ORIENTED_EDGE('',*,*,#1767,.T.);
#2487=ORIENTED_EDGE('',*,*,#1765,.T.);
#2488=ORIENTED_EDGE('',*,*,#1695,.T.);
#2489=ORIENTED_EDGE('',*,*,#1698,.T.);
#2490=ORIENTED_EDGE('',*,*,#1700,.T.);
#2491=ORIENTED_EDGE('',*,*,#1764,.T.);
#2492=ORIENTED_EDGE('',*,*,#1768,.F.);
#2493=ORIENTED_EDGE('',*,*,#1769,.F.);
#2494=ORIENTED_EDGE('',*,*,#1770,.T.);
#2495=ORIENTED_EDGE('',*,*,#1768,.T.);
#2496=ORIENTED_EDGE('',*,*,#1770,.F.);
#2497=ORIENTED_EDGE('',*,*,#1478,.T.);
#2498=ORIENTED_EDGE('',*,*,#1771,.T.);
#2499=ORIENTED_EDGE('',*,*,#1772,.T.);
#2500=ORIENTED_EDGE('',*,*,#1706,.F.);
#2501=ORIENTED_EDGE('',*,*,#1483,.T.);
#2502=ORIENTED_EDGE('',*,*,#1773,.T.);
#2503=ORIENTED_EDGE('',*,*,#1774,.T.);
#2504=ORIENTED_EDGE('',*,*,#1771,.F.);
#2505=ORIENTED_EDGE('',*,*,#1482,.T.);
#2506=ORIENTED_EDGE('',*,*,#1703,.T.);
#2507=ORIENTED_EDGE('',*,*,#1775,.T.);
#2508=ORIENTED_EDGE('',*,*,#1773,.F.);
#2509=ORIENTED_EDGE('',*,*,#1707,.F.);
#2510=ORIENTED_EDGE('',*,*,#1772,.F.);
#2511=ORIENTED_EDGE('',*,*,#1774,.F.);
#2512=ORIENTED_EDGE('',*,*,#1775,.F.);
#2513=ORIENTED_EDGE('',*,*,#1702,.F.);
#2514=ORIENTED_EDGE('',*,*,#1705,.F.);
#2515=ORIENTED_EDGE('',*,*,#1776,.F.);
#2516=ORIENTED_EDGE('',*,*,#1484,.T.);
#2517=ORIENTED_EDGE('',*,*,#1777,.T.);
#2518=ORIENTED_EDGE('',*,*,#1778,.T.);
#2519=ORIENTED_EDGE('',*,*,#1713,.F.);
#2520=ORIENTED_EDGE('',*,*,#1489,.T.);
#2521=ORIENTED_EDGE('',*,*,#1779,.T.);
#2522=ORIENTED_EDGE('',*,*,#1780,.T.);
#2523=ORIENTED_EDGE('',*,*,#1777,.F.);
#2524=ORIENTED_EDGE('',*,*,#1488,.T.);
#2525=ORIENTED_EDGE('',*,*,#1710,.T.);
#2526=ORIENTED_EDGE('',*,*,#1781,.T.);
#2527=ORIENTED_EDGE('',*,*,#1779,.F.);
#2528=ORIENTED_EDGE('',*,*,#1714,.F.);
#2529=ORIENTED_EDGE('',*,*,#1778,.F.);
#2530=ORIENTED_EDGE('',*,*,#1780,.F.);
#2531=ORIENTED_EDGE('',*,*,#1781,.F.);
#2532=ORIENTED_EDGE('',*,*,#1709,.F.);
#2533=ORIENTED_EDGE('',*,*,#1712,.F.);
#2534=ORIENTED_EDGE('',*,*,#1782,.F.);
#2535=ORIENTED_EDGE('',*,*,#1783,.F.);
#2536=ORIENTED_EDGE('',*,*,#1784,.T.);
#2537=ORIENTED_EDGE('',*,*,#1782,.T.);
#2538=ORIENTED_EDGE('',*,*,#1784,.F.);
#2539=ORIENTED_EDGE('',*,*,#1785,.F.);
#2540=ORIENTED_EDGE('',*,*,#1786,.T.);
#2541=ORIENTED_EDGE('',*,*,#1776,.T.);
#2542=ORIENTED_EDGE('',*,*,#1786,.F.);
#2543=ORIENTED_EDGE('',*,*,#1574,.F.);
#2544=ORIENTED_EDGE('',*,*,#1787,.F.);
#2545=ORIENTED_EDGE('',*,*,#1788,.T.);
#2546=ORIENTED_EDGE('',*,*,#1752,.F.);
#2547=ORIENTED_EDGE('',*,*,#1576,.F.);
#2548=ORIENTED_EDGE('',*,*,#1754,.F.);
#2549=ORIENTED_EDGE('',*,*,#1789,.T.);
#2550=ORIENTED_EDGE('',*,*,#1790,.F.);
#2551=ORIENTED_EDGE('',*,*,#1753,.F.);
#2552=ORIENTED_EDGE('',*,*,#1788,.F.);
#2553=ORIENTED_EDGE('',*,*,#1791,.F.);
#2554=ORIENTED_EDGE('',*,*,#1789,.F.);
#2555=ORIENTED_EDGE('',*,*,#1761,.T.);
#2556=ORIENTED_EDGE('',*,*,#1769,.T.);
#2557=ORIENTED_EDGE('',*,*,#1783,.T.);
#2558=ORIENTED_EDGE('',*,*,#1785,.T.);
#2559=ORIENTED_EDGE('',*,*,#1649,.T.);
#2560=ORIENTED_EDGE('',*,*,#1577,.F.);
#2561=ORIENTED_EDGE('',*,*,#1790,.T.);
#2562=ORIENTED_EDGE('',*,*,#1791,.T.);
#2563=ORIENTED_EDGE('',*,*,#1787,.T.);
#2564=ORIENTED_EDGE('',*,*,#1573,.T.);
#2565=ORIENTED_EDGE('',*,*,#1658,.T.);
#2566=ORIENTED_EDGE('',*,*,#1410,.T.);
#2567=ORIENTED_EDGE('',*,*,#1652,.F.);
#2568=ORIENTED_EDGE('',*,*,#1792,.F.);
#2569=ORIENTED_EDGE('',*,*,#1650,.T.);
#2570=ORIENTED_EDGE('',*,*,#1792,.T.);
#2571=ORIENTED_EDGE('',*,*,#1651,.F.);
#2572=ORIENTED_EDGE('',*,*,#1407,.T.);
#2573=PLANE('',#2870);
#2574=PLANE('',#2871);
#2575=PLANE('',#2872);
#2576=PLANE('',#2873);
#2577=PLANE('',#2874);
#2578=PLANE('',#2875);
#2579=PLANE('',#2876);
#2580=PLANE('',#2877);
#2581=PLANE('',#2878);
#2582=PLANE('',#2879);
#2583=PLANE('',#2880);
#2584=PLANE('',#2881);
#2585=PLANE('',#2882);
#2586=PLANE('',#2883);
#2587=PLANE('',#2884);
#2588=PLANE('',#2885);
#2589=PLANE('',#2886);
#2590=PLANE('',#2887);
#2591=PLANE('',#2888);
#2592=PLANE('',#2892);
#2593=PLANE('',#2893);
#2594=PLANE('',#2894);
#2595=PLANE('',#2895);
#2596=PLANE('',#2899);
#2597=PLANE('',#2900);
#2598=PLANE('',#2901);
#2599=PLANE('',#2902);
#2600=PLANE('',#2904);
#2601=PLANE('',#2905);
#2602=PLANE('',#2906);
#2603=PLANE('',#2907);
#2604=PLANE('',#2913);
#2605=PLANE('',#2914);
#2606=PLANE('',#2915);
#2607=PLANE('',#2916);
#2608=PLANE('',#2917);
#2609=PLANE('',#2918);
#2610=PLANE('',#2919);
#2611=PLANE('',#2920);
#2612=PLANE('',#2921);
#2613=PLANE('',#2922);
#2614=PLANE('',#2923);
#2615=PLANE('',#2927);
#2616=PLANE('',#2931);
#2617=PLANE('',#2932);
#2618=PLANE('',#2933);
#2619=PLANE('',#2940);
#2620=PLANE('',#2953);
#2621=PLANE('',#2954);
#2622=PLANE('',#2955);
#2623=PLANE('',#2956);
#2624=PLANE('',#2957);
#2625=PLANE('',#2958);
#2626=PLANE('',#2959);
#2627=PLANE('',#2960);
#2628=PLANE('',#2961);
#2629=PLANE('',#2962);
#2630=PLANE('',#2963);
#2631=PLANE('',#2964);
#2632=PLANE('',#2965);
#2633=PLANE('',#2966);
#2634=PLANE('',#2967);
#2635=PLANE('',#2968);
#2636=PLANE('',#2969);
#2637=PLANE('',#2970);
#2638=PLANE('',#2971);
#2639=PLANE('',#2972);
#2640=PLANE('',#2973);
#2641=PLANE('',#2974);
#2642=PLANE('',#2975);
#2643=PLANE('',#2976);
#2644=PLANE('',#2977);
#2645=PLANE('',#2978);
#2646=PLANE('',#2979);
#2647=PLANE('',#2980);
#2648=PLANE('',#2981);
#2649=PLANE('',#2982);
#2650=PLANE('',#2983);
#2651=PLANE('',#2984);
#2652=PLANE('',#2985);
#2653=PLANE('',#2986);
#2654=PLANE('',#2987);
#2655=PLANE('',#2988);
#2656=PLANE('',#2989);
#2657=PLANE('',#2990);
#2658=PLANE('',#2991);
#2659=PLANE('',#2992);
#2660=PLANE('',#2993);
#2661=PLANE('',#2994);
#2662=PLANE('',#2995);
#2663=PLANE('',#2999);
#2664=PLANE('',#3000);
#2665=PLANE('',#3001);
#2666=PLANE('',#3002);
#2667=PLANE('',#3006);
#2668=PLANE('',#3007);
#2669=PLANE('',#3008);
#2670=PLANE('',#3009);
#2671=PLANE('',#3011);
#2672=PLANE('',#3012);
#2673=PLANE('',#3013);
#2674=PLANE('',#3014);
#2675=PLANE('',#3020);
#2676=PLANE('',#3021);
#2677=PLANE('',#3022);
#2678=PLANE('',#3023);
#2679=PLANE('',#3024);
#2680=PLANE('',#3025);
#2681=PLANE('',#3026);
#2682=PLANE('',#3027);
#2683=PLANE('',#3031);
#2684=PLANE('',#3032);
#2685=PLANE('',#3033);
#2686=PLANE('',#3034);
#2687=PLANE('',#3038);
#2688=PLANE('',#3039);
#2689=PLANE('',#3040);
#2690=PLANE('',#3041);
#2691=PLANE('',#3043);
#2692=PLANE('',#3044);
#2693=PLANE('',#3045);
#2694=PLANE('',#3046);
#2695=PLANE('',#3052);
#2696=PLANE('',#3053);
#2697=PLANE('',#3054);
#2698=PLANE('',#3055);
#2699=PLANE('',#3056);
#2700=ADVANCED_FACE('',(#118),#2573,.T.);
#2701=ADVANCED_FACE('',(#119,#79,#80,#81,#82,#83,#84,#85,#86,#87,#88,#89,
#90),#2574,.F.);
#2702=ADVANCED_FACE('',(#120),#2575,.F.);
#2703=ADVANCED_FACE('',(#121),#2576,.F.);
#2704=ADVANCED_FACE('',(#122),#2577,.F.);
#2705=ADVANCED_FACE('',(#123),#2578,.F.);
#2706=ADVANCED_FACE('',(#124),#2579,.F.);
#2707=ADVANCED_FACE('',(#125),#2580,.F.);
#2708=ADVANCED_FACE('',(#126),#2581,.F.);
#2709=ADVANCED_FACE('',(#127),#2582,.T.);
#2710=ADVANCED_FACE('',(#128),#2583,.T.);
#2711=ADVANCED_FACE('',(#129),#2584,.T.);
#2712=ADVANCED_FACE('',(#130),#2585,.T.);
#2713=ADVANCED_FACE('',(#131),#2586,.T.);
#2714=ADVANCED_FACE('',(#132),#2587,.T.);
#2715=ADVANCED_FACE('',(#133),#2588,.F.);
#2716=ADVANCED_FACE('',(#134),#2589,.F.);
#2717=ADVANCED_FACE('',(#135),#2590,.F.);
#2718=ADVANCED_FACE('',(#136,#91),#2591,.T.);
#2719=ADVANCED_FACE('',(#137),#23,.F.);
#2720=ADVANCED_FACE('',(#138),#2592,.F.);
#2721=ADVANCED_FACE('',(#139),#2593,.F.);
#2722=ADVANCED_FACE('',(#140),#2594,.F.);
#2723=ADVANCED_FACE('',(#141,#92),#2595,.T.);
#2724=ADVANCED_FACE('',(#142),#24,.F.);
#2725=ADVANCED_FACE('',(#143),#2596,.T.);
#2726=ADVANCED_FACE('',(#144),#2597,.T.);
#2727=ADVANCED_FACE('',(#145),#2598,.T.);
#2728=ADVANCED_FACE('',(#146,#93),#2599,.F.);
#2729=ADVANCED_FACE('',(#147),#2600,.T.);
#2730=ADVANCED_FACE('',(#148),#2601,.T.);
#2731=ADVANCED_FACE('',(#149),#2602,.T.);
#2732=ADVANCED_FACE('',(#150,#94),#2603,.F.);
#2733=ADVANCED_FACE('',(#151),#25,.F.);
#2734=ADVANCED_FACE('',(#152),#26,.F.);
#2735=ADVANCED_FACE('',(#153),#2604,.T.);
#2736=ADVANCED_FACE('',(#154),#2605,.T.);
#2737=ADVANCED_FACE('',(#155),#2606,.T.);
#2738=ADVANCED_FACE('',(#156,#95,#96,#97,#98),#2607,.T.);
#2739=ADVANCED_FACE('',(#157),#2608,.F.);
#2740=ADVANCED_FACE('',(#158),#2609,.F.);
#2741=ADVANCED_FACE('',(#159),#2610,.F.);
#2742=ADVANCED_FACE('',(#160),#2611,.T.);
#2743=ADVANCED_FACE('',(#161),#2612,.F.);
#2744=ADVANCED_FACE('',(#162),#2613,.F.);
#2745=ADVANCED_FACE('',(#163),#2614,.F.);
#2746=ADVANCED_FACE('',(#164),#27,.F.);
#2747=ADVANCED_FACE('',(#165),#2615,.F.);
#2748=ADVANCED_FACE('',(#166),#28,.F.);
#2749=ADVANCED_FACE('',(#167),#2616,.F.);
#2750=ADVANCED_FACE('',(#168),#2617,.T.);
#2751=ADVANCED_FACE('',(#169),#2618,.T.);
#2752=ADVANCED_FACE('',(#170),#15,.T.);
#2753=ADVANCED_FACE('',(#171),#29,.T.);
#2754=ADVANCED_FACE('',(#172),#2619,.T.);
#2755=ADVANCED_FACE('',(#173),#16,.T.);
#2756=ADVANCED_FACE('',(#174),#17,.T.);
#2757=ADVANCED_FACE('',(#175),#30,.T.);
#2758=ADVANCED_FACE('',(#176),#18,.T.);
#2759=ADVANCED_FACE('',(#177),#2620,.T.);
#2760=ADVANCED_FACE('',(#178),#2621,.F.);
#2761=ADVANCED_FACE('',(#179),#2622,.F.);
#2762=ADVANCED_FACE('',(#180),#2623,.F.);
#2763=ADVANCED_FACE('',(#181),#2624,.F.);
#2764=ADVANCED_FACE('',(#182),#2625,.F.);
#2765=ADVANCED_FACE('',(#183),#2626,.F.);
#2766=ADVANCED_FACE('',(#184),#2627,.F.);
#2767=ADVANCED_FACE('',(#185),#2628,.F.);
#2768=ADVANCED_FACE('',(#186,#99,#100,#101),#2629,.F.);
#2769=ADVANCED_FACE('',(#187),#2630,.T.);
#2770=ADVANCED_FACE('',(#188),#2631,.T.);
#2771=ADVANCED_FACE('',(#189),#2632,.T.);
#2772=ADVANCED_FACE('',(#190),#2633,.T.);
#2773=ADVANCED_FACE('',(#191),#2634,.T.);
#2774=ADVANCED_FACE('',(#192),#2635,.T.);
#2775=ADVANCED_FACE('',(#193),#2636,.T.);
#2776=ADVANCED_FACE('',(#194),#2637,.T.);
#2777=ADVANCED_FACE('',(#195),#2638,.T.);
#2778=ADVANCED_FACE('',(#196),#2639,.T.);
#2779=ADVANCED_FACE('',(#197),#2640,.F.);
#2780=ADVANCED_FACE('',(#198),#2641,.F.);
#2781=ADVANCED_FACE('',(#199),#2642,.F.);
#2782=ADVANCED_FACE('',(#200),#2643,.F.);
#2783=ADVANCED_FACE('',(#201),#2644,.F.);
#2784=ADVANCED_FACE('',(#202),#2645,.F.);
#2785=ADVANCED_FACE('',(#203),#2646,.T.);
#2786=ADVANCED_FACE('',(#204),#2647,.T.);
#2787=ADVANCED_FACE('',(#205),#2648,.T.);
#2788=ADVANCED_FACE('',(#206),#2649,.T.);
#2789=ADVANCED_FACE('',(#207),#2650,.T.);
#2790=ADVANCED_FACE('',(#208),#2651,.T.);
#2791=ADVANCED_FACE('',(#209),#2652,.F.);
#2792=ADVANCED_FACE('',(#210),#2653,.F.);
#2793=ADVANCED_FACE('',(#211),#2654,.F.);
#2794=ADVANCED_FACE('',(#212),#2655,.F.);
#2795=ADVANCED_FACE('',(#213),#2656,.F.);
#2796=ADVANCED_FACE('',(#214),#2657,.F.);
#2797=ADVANCED_FACE('',(#215),#2658,.T.);
#2798=ADVANCED_FACE('',(#216),#2659,.T.);
#2799=ADVANCED_FACE('',(#217),#2660,.T.);
#2800=ADVANCED_FACE('',(#218),#2661,.T.);
#2801=ADVANCED_FACE('',(#219,#102),#2662,.F.);
#2802=ADVANCED_FACE('',(#220),#31,.F.);
#2803=ADVANCED_FACE('',(#221),#2663,.T.);
#2804=ADVANCED_FACE('',(#222),#2664,.T.);
#2805=ADVANCED_FACE('',(#223),#2665,.T.);
#2806=ADVANCED_FACE('',(#224,#103),#2666,.F.);
#2807=ADVANCED_FACE('',(#225),#32,.F.);
#2808=ADVANCED_FACE('',(#226),#2667,.F.);
#2809=ADVANCED_FACE('',(#227),#2668,.F.);
#2810=ADVANCED_FACE('',(#228),#2669,.F.);
#2811=ADVANCED_FACE('',(#229,#104),#2670,.T.);
#2812=ADVANCED_FACE('',(#230),#2671,.F.);
#2813=ADVANCED_FACE('',(#231),#2672,.F.);
#2814=ADVANCED_FACE('',(#232),#2673,.F.);
#2815=ADVANCED_FACE('',(#233,#105),#2674,.T.);
#2816=ADVANCED_FACE('',(#234),#33,.F.);
#2817=ADVANCED_FACE('',(#235),#34,.F.);
#2818=ADVANCED_FACE('',(#236),#2675,.F.);
#2819=ADVANCED_FACE('',(#237),#2676,.F.);
#2820=ADVANCED_FACE('',(#238,#106,#107,#108,#109),#2677,.F.);
#2821=ADVANCED_FACE('',(#239),#2678,.T.);
#2822=ADVANCED_FACE('',(#240),#2679,.T.);
#2823=ADVANCED_FACE('',(#241),#2680,.T.);
#2824=ADVANCED_FACE('',(#242),#2681,.T.);
#2825=ADVANCED_FACE('',(#243,#110),#2682,.F.);
#2826=ADVANCED_FACE('',(#244),#35,.F.);
#2827=ADVANCED_FACE('',(#245),#2683,.T.);
#2828=ADVANCED_FACE('',(#246),#2684,.T.);
#2829=ADVANCED_FACE('',(#247),#2685,.T.);
#2830=ADVANCED_FACE('',(#248,#111),#2686,.F.);
#2831=ADVANCED_FACE('',(#249),#36,.F.);
#2832=ADVANCED_FACE('',(#250),#2687,.F.);
#2833=ADVANCED_FACE('',(#251),#2688,.F.);
#2834=ADVANCED_FACE('',(#252),#2689,.F.);
#2835=ADVANCED_FACE('',(#253,#112),#2690,.T.);
#2836=ADVANCED_FACE('',(#254),#2691,.F.);
#2837=ADVANCED_FACE('',(#255),#2692,.F.);
#2838=ADVANCED_FACE('',(#256),#2693,.F.);
#2839=ADVANCED_FACE('',(#257,#113),#2694,.T.);
#2840=ADVANCED_FACE('',(#258),#37,.F.);
#2841=ADVANCED_FACE('',(#259),#38,.F.);
#2842=ADVANCED_FACE('',(#260),#2695,.F.);
#2843=ADVANCED_FACE('',(#261),#2696,.F.);
#2844=ADVANCED_FACE('',(#262,#114,#115,#116,#117),#2697,.F.);
#2845=ADVANCED_FACE('',(#263),#2698,.T.);
#2846=ADVANCED_FACE('',(#264),#2699,.T.);
#2847=CLOSED_SHELL('',(#2700,#2701,#2702,#2703,#2704,#2705,#2706,#2707,
#2708,#2709,#2710,#2711,#2712,#2713,#2714,#2715,#2716,#2717,#2718,#2719,
#2720,#2721,#2722,#2723,#2724,#2725,#2726,#2727,#2728,#2729,#2730,#2731,
#2732,#2733,#2734,#2735,#2736,#2737,#2738,#2739,#2740,#2741,#2742,#2743,
#2744,#2745,#2746,#2747,#2748,#2749,#2750,#2751,#2752,#2753,#2754,#2755,
#2756,#2757,#2758,#2759,#2760,#2761,#2762,#2763,#2764,#2765,#2766,#2767,
#2768,#2769,#2770,#2771,#2772,#2773,#2774,#2775,#2776,#2777,#2778,#2779,
#2780,#2781,#2782,#2783,#2784,#2785,#2786,#2787,#2788,#2789,#2790,#2791,
#2792,#2793,#2794,#2795,#2796,#2797,#2798,#2799,#2800,#2801,#2802,#2803,
#2804,#2805,#2806,#2807,#2808,#2809,#2810,#2811,#2812,#2813,#2814,#2815,
#2816,#2817,#2818,#2819,#2820,#2821,#2822,#2823,#2824,#2825,#2826,#2827,
#2828,#2829,#2830,#2831,#2832,#2833,#2834,#2835,#2836,#2837,#2838,#2839,
#2840,#2841,#2842,#2843,#2844,#2845,#2846));
#2848=DERIVED_UNIT_ELEMENT(#2851,1.);
#2849=DERIVED_UNIT_ELEMENT(#4650,-3.);
#2850=DIMENSIONAL_EXPONENTS(0.,1.,0.,0.,0.,0.,0.);
#2851=(
CONVERSION_BASED_UNIT('gram',#2853)
MASS_UNIT()
NAMED_UNIT(#2850)
);
#2852=(
MASS_UNIT()
NAMED_UNIT(*)
SI_UNIT(.KILO.,.GRAM.)
);
#2853=MASS_MEASURE_WITH_UNIT(MASS_MEASURE(0.001),#2852);
#2854=DERIVED_UNIT((#2848,#2849));
#2855=MEASURE_REPRESENTATION_ITEM('density measure',
POSITIVE_RATIO_MEASURE(1.),#2854);
#2856=PROPERTY_DEFINITION_REPRESENTATION(#2861,#2858);
#2857=PROPERTY_DEFINITION_REPRESENTATION(#2862,#2859);
#2858=REPRESENTATION('material name',(#2860),#4647);
#2859=REPRESENTATION('density',(#2855),#4647);
#2860=DESCRIPTIVE_REPRESENTATION_ITEM('\X2\4E00822C\X0\','\X2\4E00822C\X0\');
#2861=PROPERTY_DEFINITION('material property','material name',#4657);
#2862=PROPERTY_DEFINITION('material property','density of part',#4657);
#2863=DATE_TIME_ROLE('creation_date');
#2864=APPLIED_DATE_AND_TIME_ASSIGNMENT(#2865,#2863,(#4657));
#2865=DATE_AND_TIME(#2866,#2867);
#2866=CALENDAR_DATE(2026,4,2);
#2867=LOCAL_TIME(0,0,0.,#2868);
#2868=COORDINATED_UNIVERSAL_TIME_OFFSET(0,0,.BEHIND.);
#2869=AXIS2_PLACEMENT_3D('',#3779,#3057,#3058);
#2870=AXIS2_PLACEMENT_3D('',#3780,#3059,#3060);
#2871=AXIS2_PLACEMENT_3D('',#3793,#3067,#3068);
#2872=AXIS2_PLACEMENT_3D('',#3955,#3150,#3151);
#2873=AXIS2_PLACEMENT_3D('',#3959,#3154,#3155);
#2874=AXIS2_PLACEMENT_3D('',#3965,#3159,#3160);
#2875=AXIS2_PLACEMENT_3D('',#3969,#3163,#3164);
#2876=AXIS2_PLACEMENT_3D('',#3973,#3167,#3168);
#2877=AXIS2_PLACEMENT_3D('',#3979,#3172,#3173);
#2878=AXIS2_PLACEMENT_3D('',#3983,#3176,#3177);
#2879=AXIS2_PLACEMENT_3D('',#3987,#3180,#3181);
#2880=AXIS2_PLACEMENT_3D('',#3993,#3185,#3186);
#2881=AXIS2_PLACEMENT_3D('',#3997,#3189,#3190);
#2882=AXIS2_PLACEMENT_3D('',#4001,#3193,#3194);
#2883=AXIS2_PLACEMENT_3D('',#4007,#3198,#3199);
#2884=AXIS2_PLACEMENT_3D('',#4011,#3202,#3203);
#2885=AXIS2_PLACEMENT_3D('',#4015,#3206,#3207);
#2886=AXIS2_PLACEMENT_3D('',#4019,#3210,#3211);
#2887=AXIS2_PLACEMENT_3D('',#4023,#3214,#3215);
#2888=AXIS2_PLACEMENT_3D('',#4025,#3217,#3218);
#2889=AXIS2_PLACEMENT_3D('',#4027,#3219,#3220);
#2890=AXIS2_PLACEMENT_3D('',#4028,#3221,#3222);
#2891=AXIS2_PLACEMENT_3D('',#4030,#3223,#3224);
#2892=AXIS2_PLACEMENT_3D('',#4032,#3226,#3227);
#2893=AXIS2_PLACEMENT_3D('',#4036,#3230,#3231);
#2894=AXIS2_PLACEMENT_3D('',#4040,#3234,#3235);
#2895=AXIS2_PLACEMENT_3D('',#4042,#3237,#3238);
#2896=AXIS2_PLACEMENT_3D('',#4044,#3239,#3240);
#2897=AXIS2_PLACEMENT_3D('',#4045,#3241,#3242);
#2898=AXIS2_PLACEMENT_3D('',#4047,#3243,#3244);
#2899=AXIS2_PLACEMENT_3D('',#4049,#3246,#3247);
#2900=AXIS2_PLACEMENT_3D('',#4053,#3250,#3251);
#2901=AXIS2_PLACEMENT_3D('',#4057,#3254,#3255);
#2902=AXIS2_PLACEMENT_3D('',#4059,#3257,#3258);
#2903=AXIS2_PLACEMENT_3D('',#4061,#3259,#3260);
#2904=AXIS2_PLACEMENT_3D('',#4062,#3261,#3262);
#2905=AXIS2_PLACEMENT_3D('',#4066,#3265,#3266);
#2906=AXIS2_PLACEMENT_3D('',#4070,#3269,#3270);
#2907=AXIS2_PLACEMENT_3D('',#4072,#3272,#3273);
#2908=AXIS2_PLACEMENT_3D('',#4074,#3274,#3275);
#2909=AXIS2_PLACEMENT_3D('',#4075,#3276,#3277);
#2910=AXIS2_PLACEMENT_3D('',#4077,#3278,#3279);
#2911=AXIS2_PLACEMENT_3D('',#4079,#3281,#3282);
#2912=AXIS2_PLACEMENT_3D('',#4081,#3283,#3284);
#2913=AXIS2_PLACEMENT_3D('',#4083,#3286,#3287);
#2914=AXIS2_PLACEMENT_3D('',#4092,#3292,#3293);
#2915=AXIS2_PLACEMENT_3D('',#4101,#3298,#3299);
#2916=AXIS2_PLACEMENT_3D('',#4104,#3302,#3303);
#2917=AXIS2_PLACEMENT_3D('',#4106,#3305,#3306);
#2918=AXIS2_PLACEMENT_3D('',#4139,#3324,#3325);
#2919=AXIS2_PLACEMENT_3D('',#4142,#3328,#3329);
#2920=AXIS2_PLACEMENT_3D('',#4143,#3330,#3331);
#2921=AXIS2_PLACEMENT_3D('',#4145,#3333,#3334);
#2922=AXIS2_PLACEMENT_3D('',#4154,#3339,#3340);
#2923=AXIS2_PLACEMENT_3D('',#4160,#3344,#3345);
#2924=AXIS2_PLACEMENT_3D('',#4164,#3348,#3349);
#2925=AXIS2_PLACEMENT_3D('',#4167,#3350,#3351);
#2926=AXIS2_PLACEMENT_3D('',#4171,#3353,#3354);
#2927=AXIS2_PLACEMENT_3D('',#4173,#3356,#3357);
#2928=AXIS2_PLACEMENT_3D('',#4217,#3361,#3362);
#2929=AXIS2_PLACEMENT_3D('',#4220,#3363,#3364);
#2930=AXIS2_PLACEMENT_3D('',#4224,#3366,#3367);
#2931=AXIS2_PLACEMENT_3D('',#4226,#3369,#3370);
#2932=AXIS2_PLACEMENT_3D('',#4270,#3374,#3375);
#2933=AXIS2_PLACEMENT_3D('',#4276,#3379,#3380);
#2934=AXIS2_PLACEMENT_3D('',#4282,#3384,#3385);
#2935=AXIS2_PLACEMENT_3D('',#4284,#3386,#3387);
#2936=AXIS2_PLACEMENT_3D('',#4286,#3388,#3389);
#2937=AXIS2_PLACEMENT_3D('',#4287,#3390,#3391);
#2938=AXIS2_PLACEMENT_3D('',#4288,#3392,#3393);
#2939=AXIS2_PLACEMENT_3D('',#4291,#3395,#3396);
#2940=AXIS2_PLACEMENT_3D('',#4292,#3397,#3398);
#2941=AXIS2_PLACEMENT_3D('',#4299,#3402,#3403);
#2942=AXIS2_PLACEMENT_3D('',#4300,#3404,#3405);
#2943=AXIS2_PLACEMENT_3D('',#4301,#3406,#3407);
#2944=AXIS2_PLACEMENT_3D('',#4302,#3408,#3409);
#2945=AXIS2_PLACEMENT_3D('',#4304,#3410,#3411);
#2946=AXIS2_PLACEMENT_3D('',#4306,#3412,#3413);
#2947=AXIS2_PLACEMENT_3D('',#4307,#3414,#3415);
#2948=AXIS2_PLACEMENT_3D('',#4308,#3416,#3417);
#2949=AXIS2_PLACEMENT_3D('',#4310,#3418,#3419);
#2950=AXIS2_PLACEMENT_3D('',#4312,#3421,#3422);
#2951=AXIS2_PLACEMENT_3D('',#4314,#3423,#3424);
#2952=AXIS2_PLACEMENT_3D('',#4315,#3425,#3426);
#2953=AXIS2_PLACEMENT_3D('',#4316,#3427,#3428);
#2954=AXIS2_PLACEMENT_3D('',#4322,#3432,#3433);
#2955=AXIS2_PLACEMENT_3D('',#4324,#3435,#3436);
#2956=AXIS2_PLACEMENT_3D('',#4330,#3440,#3441);
#2957=AXIS2_PLACEMENT_3D('',#4336,#3445,#3446);
#2958=AXIS2_PLACEMENT_3D('',#4338,#3448,#3449);
#2959=AXIS2_PLACEMENT_3D('',#4342,#3452,#3453);
#2960=AXIS2_PLACEMENT_3D('',#4344,#3455,#3456);
#2961=AXIS2_PLACEMENT_3D('',#4346,#3458,#3459);
#2962=AXIS2_PLACEMENT_3D('',#4348,#3461,#3462);
#2963=AXIS2_PLACEMENT_3D('',#4352,#3465,#3466);
#2964=AXIS2_PLACEMENT_3D('',#4356,#3469,#3470);
#2965=AXIS2_PLACEMENT_3D('',#4363,#3475,#3476);
#2966=AXIS2_PLACEMENT_3D('',#4365,#3478,#3479);
#2967=AXIS2_PLACEMENT_3D('',#4367,#3481,#3482);
#2968=AXIS2_PLACEMENT_3D('',#4373,#3486,#3487);
#2969=AXIS2_PLACEMENT_3D('',#4377,#3490,#3491);
#2970=AXIS2_PLACEMENT_3D('',#4381,#3494,#3495);
#2971=AXIS2_PLACEMENT_3D('',#4387,#3499,#3500);
#2972=AXIS2_PLACEMENT_3D('',#4391,#3503,#3504);
#2973=AXIS2_PLACEMENT_3D('',#4395,#3507,#3508);
#2974=AXIS2_PLACEMENT_3D('',#4401,#3512,#3513);
#2975=AXIS2_PLACEMENT_3D('',#4405,#3516,#3517);
#2976=AXIS2_PLACEMENT_3D('',#4409,#3520,#3521);
#2977=AXIS2_PLACEMENT_3D('',#4415,#3525,#3526);
#2978=AXIS2_PLACEMENT_3D('',#4419,#3529,#3530);
#2979=AXIS2_PLACEMENT_3D('',#4423,#3533,#3534);
#2980=AXIS2_PLACEMENT_3D('',#4429,#3538,#3539);
#2981=AXIS2_PLACEMENT_3D('',#4433,#3542,#3543);
#2982=AXIS2_PLACEMENT_3D('',#4437,#3546,#3547);
#2983=AXIS2_PLACEMENT_3D('',#4443,#3551,#3552);
#2984=AXIS2_PLACEMENT_3D('',#4447,#3555,#3556);
#2985=AXIS2_PLACEMENT_3D('',#4451,#3559,#3560);
#2986=AXIS2_PLACEMENT_3D('',#4457,#3564,#3565);
#2987=AXIS2_PLACEMENT_3D('',#4461,#3568,#3569);
#2988=AXIS2_PLACEMENT_3D('',#4465,#3572,#3573);
#2989=AXIS2_PLACEMENT_3D('',#4471,#3577,#3578);
#2990=AXIS2_PLACEMENT_3D('',#4475,#3581,#3582);
#2991=AXIS2_PLACEMENT_3D('',#4479,#3585,#3586);
#2992=AXIS2_PLACEMENT_3D('',#4485,#3590,#3591);
#2993=AXIS2_PLACEMENT_3D('',#4489,#3594,#3595);
#2994=AXIS2_PLACEMENT_3D('',#4493,#3598,#3599);
#2995=AXIS2_PLACEMENT_3D('',#4495,#3601,#3602);
#2996=AXIS2_PLACEMENT_3D('',#4497,#3603,#3604);
#2997=AXIS2_PLACEMENT_3D('',#4498,#3605,#3606);
#2998=AXIS2_PLACEMENT_3D('',#4500,#3607,#3608);
#2999=AXIS2_PLACEMENT_3D('',#4502,#3610,#3611);
#3000=AXIS2_PLACEMENT_3D('',#4506,#3614,#3615);
#3001=AXIS2_PLACEMENT_3D('',#4510,#3618,#3619);
#3002=AXIS2_PLACEMENT_3D('',#4512,#3621,#3622);
#3003=AXIS2_PLACEMENT_3D('',#4514,#3623,#3624);
#3004=AXIS2_PLACEMENT_3D('',#4515,#3625,#3626);
#3005=AXIS2_PLACEMENT_3D('',#4517,#3627,#3628);
#3006=AXIS2_PLACEMENT_3D('',#4519,#3630,#3631);
#3007=AXIS2_PLACEMENT_3D('',#4523,#3634,#3635);
#3008=AXIS2_PLACEMENT_3D('',#4527,#3638,#3639);
#3009=AXIS2_PLACEMENT_3D('',#4529,#3641,#3642);
#3010=AXIS2_PLACEMENT_3D('',#4531,#3643,#3644);
#3011=AXIS2_PLACEMENT_3D('',#4532,#3645,#3646);
#3012=AXIS2_PLACEMENT_3D('',#4536,#3649,#3650);
#3013=AXIS2_PLACEMENT_3D('',#4540,#3653,#3654);
#3014=AXIS2_PLACEMENT_3D('',#4542,#3656,#3657);
#3015=AXIS2_PLACEMENT_3D('',#4544,#3658,#3659);
#3016=AXIS2_PLACEMENT_3D('',#4545,#3660,#3661);
#3017=AXIS2_PLACEMENT_3D('',#4547,#3662,#3663);
#3018=AXIS2_PLACEMENT_3D('',#4549,#3665,#3666);
#3019=AXIS2_PLACEMENT_3D('',#4551,#3667,#3668);
#3020=AXIS2_PLACEMENT_3D('',#4553,#3670,#3671);
#3021=AXIS2_PLACEMENT_3D('',#4555,#3673,#3674);
#3022=AXIS2_PLACEMENT_3D('',#4557,#3676,#3677);
#3023=AXIS2_PLACEMENT_3D('',#4558,#3678,#3679);
#3024=AXIS2_PLACEMENT_3D('',#4564,#3683,#3684);
#3025=AXIS2_PLACEMENT_3D('',#4568,#3687,#3688);
#3026=AXIS2_PLACEMENT_3D('',#4572,#3691,#3692);
#3027=AXIS2_PLACEMENT_3D('',#4574,#3694,#3695);
#3028=AXIS2_PLACEMENT_3D('',#4576,#3696,#3697);
#3029=AXIS2_PLACEMENT_3D('',#4577,#3698,#3699);
#3030=AXIS2_PLACEMENT_3D('',#4579,#3700,#3701);
#3031=AXIS2_PLACEMENT_3D('',#4581,#3703,#3704);
#3032=AXIS2_PLACEMENT_3D('',#4585,#3707,#3708);
#3033=AXIS2_PLACEMENT_3D('',#4589,#3711,#3712);
#3034=AXIS2_PLACEMENT_3D('',#4591,#3714,#3715);
#3035=AXIS2_PLACEMENT_3D('',#4593,#3716,#3717);
#3036=AXIS2_PLACEMENT_3D('',#4594,#3718,#3719);
#3037=AXIS2_PLACEMENT_3D('',#4596,#3720,#3721);
#3038=AXIS2_PLACEMENT_3D('',#4598,#3723,#3724);
#3039=AXIS2_PLACEMENT_3D('',#4602,#3727,#3728);
#3040=AXIS2_PLACEMENT_3D('',#4606,#3731,#3732);
#3041=AXIS2_PLACEMENT_3D('',#4608,#3734,#3735);
#3042=AXIS2_PLACEMENT_3D('',#4610,#3736,#3737);
#3043=AXIS2_PLACEMENT_3D('',#4611,#3738,#3739);
#3044=AXIS2_PLACEMENT_3D('',#4615,#3742,#3743);
#3045=AXIS2_PLACEMENT_3D('',#4619,#3746,#3747);
#3046=AXIS2_PLACEMENT_3D('',#4621,#3749,#3750);
#3047=AXIS2_PLACEMENT_3D('',#4623,#3751,#3752);
#3048=AXIS2_PLACEMENT_3D('',#4624,#3753,#3754);
#3049=AXIS2_PLACEMENT_3D('',#4626,#3755,#3756);
#3050=AXIS2_PLACEMENT_3D('',#4628,#3758,#3759);
#3051=AXIS2_PLACEMENT_3D('',#4630,#3760,#3761);
#3052=AXIS2_PLACEMENT_3D('',#4632,#3763,#3764);
#3053=AXIS2_PLACEMENT_3D('',#4636,#3767,#3768);
#3054=AXIS2_PLACEMENT_3D('',#4640,#3771,#3772);
#3055=AXIS2_PLACEMENT_3D('',#4642,#3774,#3775);
#3056=AXIS2_PLACEMENT_3D('',#4644,#3777,#3778);
#3057=DIRECTION('axis',(0.,0.,1.));
#3058=DIRECTION('refdir',(1.,0.,0.));
#3059=DIRECTION('center_axis',(-2.2570982508702E-16,-1.,0.));
#3060=DIRECTION('ref_axis',(1.,-2.2570982508702E-16,0.));
#3061=DIRECTION('',(-1.,2.2570982508702E-16,0.));
#3062=DIRECTION('',(0.,0.,-1.));
#3063=DIRECTION('',(1.,-2.2570982508702E-16,0.));
#3064=DIRECTION('',(0.,0.,1.));
#3065=DIRECTION('',(1.,-2.2570982508702E-16,0.));
#3066=DIRECTION('',(0.707106781186548,-1.59600947899462E-16,0.707106781186547));
#3067=DIRECTION('center_axis',(0.,0.,-1.));
#3068=DIRECTION('ref_axis',(-1.,0.,0.));
#3069=DIRECTION('',(3.27223628310572E-16,-1.,0.));
#3070=DIRECTION('',(1.,0.,0.));
#3071=DIRECTION('',(1.64477485129653E-16,1.,0.));
#3072=DIRECTION('',(1.,-2.66829196369434E-16,0.));
#3073=DIRECTION('',(6.12323399573677E-17,1.,0.));
#3074=DIRECTION('',(-1.,2.2570982508702E-16,0.));
#3075=DIRECTION('',(3.69180907609215E-16,1.,0.));
#3076=DIRECTION('',(-1.,5.33658392738867E-16,0.));
#3077=DIRECTION('',(-3.28061536326801E-16,-1.,0.));
#3078=DIRECTION('',(1.,-5.33658392738867E-16,0.));
#3079=DIRECTION('',(0.499999999999999,-0.866025403784439,0.));
#3080=DIRECTION('',(-0.499999999999999,-0.866025403784439,0.));
#3081=DIRECTION('',(-1.,5.33658392738867E-16,0.));
#3082=DIRECTION('',(-0.5,0.866025403784439,0.));
#3083=DIRECTION('',(0.500000000000001,0.866025403784438,0.));
#3084=DIRECTION('',(-0.5,-0.866025403784439,0.));
#3085=DIRECTION('',(-1.,-8.15789106477667E-16,0.));
#3086=DIRECTION('',(-0.5,0.866025403784439,0.));
#3087=DIRECTION('',(0.500000000000001,0.866025403784438,0.));
#3088=DIRECTION('',(1.,-5.33658392738867E-16,0.));
#3089=DIRECTION('',(0.5,-0.866025403784439,0.));
#3090=DIRECTION('',(1.,-2.04703422479562E-16,0.));
#3091=DIRECTION('',(0.5,-0.866025403784439,0.));
#3092=DIRECTION('',(-0.500000000000001,-0.866025403784438,0.));
#3093=DIRECTION('',(-1.,2.04703422479562E-16,0.));
#3094=DIRECTION('',(-0.499999999999998,0.86602540378444,0.));
#3095=DIRECTION('',(0.5,0.866025403784439,0.));
#3096=DIRECTION('',(-0.499999999999999,0.866025403784439,0.));
#3097=DIRECTION('',(0.5,0.866025403784438,0.));
#3098=DIRECTION('',(1.,-2.04703422479562E-16,0.));
#3099=DIRECTION('',(0.5,-0.866025403784439,0.));
#3100=DIRECTION('',(-0.500000000000001,-0.866025403784438,0.));
#3101=DIRECTION('',(-1.,1.5541509216961E-15,0.));
#3102=DIRECTION('',(-0.866025403784439,0.5,0.));
#3103=DIRECTION('',(-9.59260188999861E-16,1.,0.));
#3104=DIRECTION('',(0.866025403784438,0.5,0.));
#3105=DIRECTION('',(0.866025403784438,-0.500000000000001,0.));
#3106=DIRECTION('',(-3.90187310216673E-16,-1.,0.));
#3107=DIRECTION('',(-0.866025403784439,-0.5,0.));
#3108=DIRECTION('',(-3.90187310216673E-16,-1.,0.));
#3109=DIRECTION('',(-0.866025403784439,-0.499999999999999,0.));
#3110=DIRECTION('',(-0.866025403784439,0.499999999999999,0.));
#3111=DIRECTION('',(3.90187310216673E-16,1.,0.));
#3112=DIRECTION('',(0.866025403784438,0.5,0.));
#3113=DIRECTION('',(0.866025403784438,-0.5,0.));
#3114=DIRECTION('',(0.866025403784439,0.5,0.));
#3115=DIRECTION('',(0.866025403784439,-0.5,0.));
#3116=DIRECTION('',(-6.12323399573677E-17,-1.,0.));
#3117=DIRECTION('',(-0.866025403784438,-0.5,0.));
#3118=DIRECTION('',(-0.866025403784438,0.500000000000001,0.));
#3119=DIRECTION('',(1.4106798391739E-15,1.,0.));
#3120=DIRECTION('',(-6.12323399573677E-17,-1.,0.));
#3121=DIRECTION('',(-0.866025403784439,-0.5,0.));
#3122=DIRECTION('',(-0.866025403784438,0.500000000000001,0.));
#3123=DIRECTION('',(6.12323399573677E-17,1.,0.));
#3124=DIRECTION('',(0.866025403784439,0.499999999999999,0.));
#3125=DIRECTION('',(0.866025403784439,-0.5,0.));
#3126=DIRECTION('',(0.5,0.866025403784439,0.));
#3127=DIRECTION('',(1.,1.02049252895723E-15,0.));
#3128=DIRECTION('',(0.5,-0.866025403784438,0.));
#3129=DIRECTION('',(-0.500000000000001,-0.866025403784438,0.));
#3130=DIRECTION('',(-1.,3.28954970259306E-16,0.));
#3131=DIRECTION('',(-0.5,0.866025403784439,0.));
#3132=DIRECTION('',(-1.,3.28954970259306E-16,0.));
#3133=DIRECTION('',(-0.499999999999999,0.866025403784439,0.));
#3134=DIRECTION('',(0.499999999999999,0.866025403784439,0.));
#3135=DIRECTION('',(1.,-3.28954970259306E-16,0.));
#3136=DIRECTION('',(0.5,-0.866025403784438,0.));
#3137=DIRECTION('',(-0.5,-0.866025403784438,0.));
#3138=DIRECTION('',(0.5,-0.866025403784439,0.));
#3139=DIRECTION('',(-0.5,-0.866025403784439,0.));
#3140=DIRECTION('',(-1.,0.,0.));
#3141=DIRECTION('',(-0.5,0.866025403784438,0.));
#3142=DIRECTION('',(0.500000000000001,0.866025403784438,0.));
#3143=DIRECTION('',(1.,-1.34944749921653E-15,0.));
#3144=DIRECTION('',(-1.,0.,0.));
#3145=DIRECTION('',(-0.5,0.866025403784439,0.));
#3146=DIRECTION('',(0.500000000000001,0.866025403784438,0.));
#3147=DIRECTION('',(1.,0.,0.));
#3148=DIRECTION('',(0.499999999999999,-0.866025403784439,0.));
#3149=DIRECTION('',(-0.5,-0.866025403784439,0.));
#3150=DIRECTION('center_axis',(-1.,3.28061536326801E-16,0.));
#3151=DIRECTION('ref_axis',(-3.28061536326801E-16,-1.,0.));
#3152=DIRECTION('',(0.,0.,1.));
#3153=DIRECTION('',(-3.28061536326801E-16,-1.,0.));
#3154=DIRECTION('center_axis',(-0.866025403784439,-0.5,0.));
#3155=DIRECTION('ref_axis',(-0.5,0.866025403784439,0.));
#3156=DIRECTION('',(0.,0.,-1.));
#3157=DIRECTION('',(-0.5,0.866025403784439,0.));
#3158=DIRECTION('',(0.,0.,-1.));
#3159=DIRECTION('center_axis',(-2.04703422479562E-16,-1.,0.));
#3160=DIRECTION('ref_axis',(-1.,2.04703422479562E-16,0.));
#3161=DIRECTION('',(0.,0.,-1.));
#3162=DIRECTION('',(-1.,2.04703422479562E-16,0.));
#3163=DIRECTION('center_axis',(0.866025403784438,-0.5,0.));
#3164=DIRECTION('ref_axis',(-0.5,-0.866025403784438,0.));
#3165=DIRECTION('',(0.,0.,-1.));
#3166=DIRECTION('',(-0.5,-0.866025403784438,0.));
#3167=DIRECTION('center_axis',(2.04703422479562E-16,1.,0.));
#3168=DIRECTION('ref_axis',(1.,-2.04703422479562E-16,0.));
#3169=DIRECTION('',(0.,0.,-1.));
#3170=DIRECTION('',(1.,-2.04703422479562E-16,0.));
#3171=DIRECTION('',(0.,0.,-1.));
#3172=DIRECTION('center_axis',(-0.866025403784438,0.500000000000001,0.));
#3173=DIRECTION('ref_axis',(0.500000000000001,0.866025403784438,0.));
#3174=DIRECTION('',(0.,0.,-1.));
#3175=DIRECTION('',(0.500000000000001,0.866025403784438,0.));
#3176=DIRECTION('center_axis',(-0.866025403784439,-0.5,0.));
#3177=DIRECTION('ref_axis',(-0.5,0.866025403784439,0.));
#3178=DIRECTION('',(0.,0.,-1.));
#3179=DIRECTION('',(-0.5,0.866025403784439,0.));
#3180=DIRECTION('center_axis',(-0.866025403784438,0.500000000000001,0.));
#3181=DIRECTION('ref_axis',(0.500000000000001,0.866025403784438,0.));
#3182=DIRECTION('',(0.,0.,-1.));
#3183=DIRECTION('',(0.500000000000001,0.866025403784438,0.));
#3184=DIRECTION('',(0.,0.,-1.));
#3185=DIRECTION('center_axis',(-0.866025403784439,-0.5,0.));
#3186=DIRECTION('ref_axis',(-0.5,0.866025403784439,0.));
#3187=DIRECTION('',(0.,0.,-1.));
#3188=DIRECTION('',(-0.5,0.866025403784439,0.));
#3189=DIRECTION('center_axis',(8.15789106477667E-16,-1.,0.));
#3190=DIRECTION('ref_axis',(-1.,-8.15789106477667E-16,0.));
#3191=DIRECTION('',(0.,0.,-1.));
#3192=DIRECTION('',(-1.,-8.15789106477667E-16,0.));
#3193=DIRECTION('center_axis',(-5.33658392738867E-16,-1.,0.));
#3194=DIRECTION('ref_axis',(-1.,5.33658392738867E-16,0.));
#3195=DIRECTION('',(0.,0.,-1.));
#3196=DIRECTION('',(-1.,5.33658392738867E-16,0.));
#3197=DIRECTION('',(0.,0.,-1.));
#3198=DIRECTION('center_axis',(0.866025403784439,-0.499999999999999,0.));
#3199=DIRECTION('ref_axis',(-0.499999999999999,-0.866025403784439,0.));
#3200=DIRECTION('',(0.,0.,-1.));
#3201=DIRECTION('',(-0.499999999999999,-0.866025403784439,0.));
#3202=DIRECTION('center_axis',(0.866025403784439,0.499999999999999,0.));
#3203=DIRECTION('ref_axis',(0.499999999999999,-0.866025403784439,0.));
#3204=DIRECTION('',(0.,0.,-1.));
#3205=DIRECTION('',(0.499999999999999,-0.866025403784439,0.));
#3206=DIRECTION('center_axis',(0.866025403784439,0.499999999999999,0.));
#3207=DIRECTION('ref_axis',(0.499999999999999,-0.866025403784439,0.));
#3208=DIRECTION('',(0.,0.,-1.));
#3209=DIRECTION('',(0.499999999999999,-0.866025403784439,0.));
#3210=DIRECTION('center_axis',(1.5541509216961E-15,1.,0.));
#3211=DIRECTION('ref_axis',(1.,-1.5541509216961E-15,0.));
#3212=DIRECTION('',(0.,0.,-1.));
#3213=DIRECTION('',(1.,-1.5541509216961E-15,0.));
#3214=DIRECTION('center_axis',(-0.866025403784438,0.500000000000001,0.));
#3215=DIRECTION('ref_axis',(0.500000000000001,0.866025403784438,0.));
#3216=DIRECTION('',(0.500000000000001,0.866025403784438,0.));
#3217=DIRECTION('center_axis',(0.,0.,1.));
#3218=DIRECTION('ref_axis',(-1.,2.04703422479562E-16,0.));
#3219=DIRECTION('center_axis',(0.,0.,-1.));
#3220=DIRECTION('ref_axis',(1.,-2.04703422479562E-16,0.));
#3221=DIRECTION('center_axis',(0.,0.,1.));
#3222=DIRECTION('ref_axis',(1.,-2.04703422479562E-16,0.));
#3223=DIRECTION('center_axis',(0.,0.,1.));
#3224=DIRECTION('ref_axis',(1.,-2.04703422479562E-16,0.));
#3225=DIRECTION('',(0.,0.,1.));
#3226=DIRECTION('center_axis',(-2.04703422479562E-16,-1.,0.));
#3227=DIRECTION('ref_axis',(-1.,2.04703422479562E-16,0.));
#3228=DIRECTION('',(0.,0.,-1.));
#3229=DIRECTION('',(-1.,2.04703422479562E-16,0.));
#3230=DIRECTION('center_axis',(0.866025403784439,-0.5,0.));
#3231=DIRECTION('ref_axis',(-0.5,-0.866025403784439,0.));
#3232=DIRECTION('',(0.,0.,-1.));
#3233=DIRECTION('',(-0.5,-0.866025403784439,0.));
#3234=DIRECTION('center_axis',(0.86602540378444,0.499999999999998,0.));
#3235=DIRECTION('ref_axis',(0.499999999999998,-0.86602540378444,0.));
#3236=DIRECTION('',(0.499999999999998,-0.86602540378444,0.));
#3237=DIRECTION('center_axis',(0.,0.,1.));
#3238=DIRECTION('ref_axis',(-1.,2.04703422479562E-16,0.));
#3239=DIRECTION('center_axis',(0.,0.,-1.));
#3240=DIRECTION('ref_axis',(1.,-2.04703422479562E-16,0.));
#3241=DIRECTION('center_axis',(0.,0.,1.));
#3242=DIRECTION('ref_axis',(1.,-2.04703422479562E-16,0.));
#3243=DIRECTION('center_axis',(0.,0.,1.));
#3244=DIRECTION('ref_axis',(1.,-2.04703422479562E-16,0.));
#3245=DIRECTION('',(0.,0.,1.));
#3246=DIRECTION('center_axis',(0.866025403784439,-0.5,0.));
#3247=DIRECTION('ref_axis',(-0.5,-0.866025403784439,0.));
#3248=DIRECTION('',(0.,0.,-1.));
#3249=DIRECTION('',(-0.5,-0.866025403784439,0.));
#3250=DIRECTION('center_axis',(5.33658392738867E-16,1.,0.));
#3251=DIRECTION('ref_axis',(1.,-5.33658392738867E-16,0.));
#3252=DIRECTION('',(1.,-5.33658392738867E-16,0.));
#3253=DIRECTION('',(0.,0.,-1.));
#3254=DIRECTION('center_axis',(0.866025403784439,0.5,0.));
#3255=DIRECTION('ref_axis',(0.5,-0.866025403784439,0.));
#3256=DIRECTION('',(0.5,-0.866025403784439,0.));
#3257=DIRECTION('center_axis',(0.,0.,-1.));
#3258=DIRECTION('ref_axis',(1.,-5.33658392738867E-16,0.));
#3259=DIRECTION('center_axis',(0.,0.,1.));
#3260=DIRECTION('ref_axis',(-1.,5.33658392738867E-16,0.));
#3261=DIRECTION('center_axis',(5.33658392738867E-16,1.,0.));
#3262=DIRECTION('ref_axis',(1.,-5.33658392738867E-16,0.));
#3263=DIRECTION('',(0.,0.,-1.));
#3264=DIRECTION('',(1.,-5.33658392738867E-16,0.));
#3265=DIRECTION('center_axis',(-0.866025403784439,-0.5,0.));
#3266=DIRECTION('ref_axis',(-0.5,0.866025403784439,0.));
#3267=DIRECTION('',(-0.5,0.866025403784439,0.));
#3268=DIRECTION('',(0.,0.,-1.));
#3269=DIRECTION('center_axis',(-0.866025403784438,0.500000000000001,0.));
#3270=DIRECTION('ref_axis',(0.500000000000001,0.866025403784438,0.));
#3271=DIRECTION('',(0.500000000000001,0.866025403784438,0.));
#3272=DIRECTION('center_axis',(0.,0.,-1.));
#3273=DIRECTION('ref_axis',(1.,-5.33658392738867E-16,0.));
#3274=DIRECTION('center_axis',(0.,0.,1.));
#3275=DIRECTION('ref_axis',(-1.,5.33658392738867E-16,0.));
#3276=DIRECTION('center_axis',(0.,0.,-1.));
#3277=DIRECTION('ref_axis',(-1.,5.33658392738867E-16,0.));
#3278=DIRECTION('center_axis',(0.,0.,1.));
#3279=DIRECTION('ref_axis',(-1.,5.33658392738867E-16,0.));
#3280=DIRECTION('',(0.,0.,1.));
#3281=DIRECTION('center_axis',(0.,0.,-1.));
#3282=DIRECTION('ref_axis',(-1.,5.33658392738867E-16,0.));
#3283=DIRECTION('center_axis',(0.,0.,1.));
#3284=DIRECTION('ref_axis',(-1.,5.33658392738867E-16,0.));
#3285=DIRECTION('',(0.,0.,1.));
#3286=DIRECTION('center_axis',(1.,-3.69180907609215E-16,0.));
#3287=DIRECTION('ref_axis',(3.69180907609215E-16,1.,0.));
#3288=DIRECTION('',(-3.69180907609215E-16,-1.,0.));
#3289=DIRECTION('',(0.,0.,1.));
#3290=DIRECTION('',(3.69180907609215E-16,1.,0.));
#3291=DIRECTION('',(0.,0.,1.));
#3292=DIRECTION('center_axis',(-1.,3.58901064788611E-16,0.));
#3293=DIRECTION('ref_axis',(-3.58901064788611E-16,-1.,0.));
#3294=DIRECTION('',(3.58901064788611E-16,1.,0.));
#3295=DIRECTION('',(0.,0.,-1.));
#3296=DIRECTION('',(-3.58901064788611E-16,-1.,0.));
#3297=DIRECTION('',(0.,0.,1.));
#3298=DIRECTION('center_axis',(-3.49961372866764E-16,-1.,0.));
#3299=DIRECTION('ref_axis',(1.,-3.49961372866764E-16,0.));
#3300=DIRECTION('',(-1.,3.49961372866764E-16,0.));
#3301=DIRECTION('',(1.,-3.49961372866764E-16,0.));
#3302=DIRECTION('center_axis',(0.,0.,-1.));
#3303=DIRECTION('ref_axis',(1.,-5.33658392738867E-16,0.));
#3304=DIRECTION('',(1.,-5.33658392738867E-16,0.));
#3305=DIRECTION('center_axis',(0.,0.,1.));
#3306=DIRECTION('ref_axis',(1.,0.,0.));
#3307=DIRECTION('',(-1.,5.33658392738867E-16,0.));
#3308=DIRECTION('',(3.69180907609215E-16,1.,0.));
#3309=DIRECTION('',(1.,-2.2570982508702E-16,0.));
#3310=DIRECTION('',(-6.12323399573677E-17,-1.,0.));
#3311=DIRECTION('',(1.,-2.2570982508702E-16,0.));
#3312=DIRECTION('',(9.65459377474001E-17,1.,0.));
#3313=DIRECTION('',(-1.,2.35989667907624E-16,0.));
#3314=DIRECTION('',(-6.12323399573677E-17,-1.,0.));
#3315=DIRECTION('',(-1.,2.66829196369434E-16,0.));
#3316=DIRECTION('',(-1.64477485129653E-16,-1.,0.));
#3317=DIRECTION('',(-1.,0.,0.));
#3318=DIRECTION('',(-1.64477485129653E-16,-1.,0.));
#3319=DIRECTION('',(-1.,2.66829196369434E-16,0.));
#3320=DIRECTION('',(1.74757327950256E-16,1.,0.));
#3321=DIRECTION('',(1.,0.,0.));
#3322=DIRECTION('',(1.97372982155583E-16,-1.,0.));
#3323=DIRECTION('',(-1.,5.33658392738867E-16,0.));
#3324=DIRECTION('center_axis',(1.,-3.69180907609215E-16,0.));
#3325=DIRECTION('ref_axis',(3.69180907609215E-16,1.,0.));
#3326=DIRECTION('',(0.,0.,1.));
#3327=DIRECTION('',(0.,0.,1.));
#3328=DIRECTION('center_axis',(5.33658392738867E-16,1.,0.));
#3329=DIRECTION('ref_axis',(-1.,5.33658392738867E-16,0.));
#3330=DIRECTION('center_axis',(-2.2570982508702E-16,-1.,0.));
#3331=DIRECTION('ref_axis',(1.,-2.2570982508702E-16,0.));
#3332=DIRECTION('',(0.,0.,1.));
#3333=DIRECTION('center_axis',(-1.,-1.86984930463184E-16,0.));
#3334=DIRECTION('ref_axis',(0.,0.,1.));
#3335=DIRECTION('',(1.86984930463184E-16,-1.,-2.01858731750028E-16));
#3336=DIRECTION('',(-1.84367565261444E-31,9.86002266625139E-16,-1.));
#3337=DIRECTION('',(-1.86984930463184E-16,1.,2.96480012257854E-16));
#3338=DIRECTION('',(5.66168113794984E-32,-3.02788097625043E-16,1.));
#3339=DIRECTION('center_axis',(1.97372982155583E-16,-1.,-9.86002266625139E-16));
#3340=DIRECTION('ref_axis',(1.84367565261444E-31,-9.86002266625139E-16,
1.));
#3341=DIRECTION('',(1.,1.97372982155583E-16,-1.09476442525376E-47));
#3342=DIRECTION('',(-1.94610207775968E-31,9.86002266625139E-16,-1.));
#3343=DIRECTION('',(-1.,-1.97372982155583E-16,2.18952885050753E-47));
#3344=DIRECTION('center_axis',(3.98414598596471E-32,-2.01858731750028E-16,
1.));
#3345=DIRECTION('ref_axis',(-1.86984930463184E-16,1.,2.01858731750028E-16));
#3346=DIRECTION('',(-1.,-1.97372982155583E-16,1.09476442525376E-47));
#3347=DIRECTION('',(-1.86984930463184E-16,1.,2.01858731750028E-16));
#3348=DIRECTION('center_axis',(0.,6.44395182125091E-16,-1.));
#3349=DIRECTION('ref_axis',(-0.0498137018801595,-0.998758526924799,-6.447297689315E-16));
#3350=DIRECTION('center_axis',(5.85171441688566E-32,-2.96480012257854E-16,
1.));
#3351=DIRECTION('ref_axis',(-0.0498137018801595,-0.998758526924799,-6.447297689315E-16));
#3352=DIRECTION('',(-1.9462478671178E-47,6.44395182125091E-16,-1.));
#3353=DIRECTION('center_axis',(-3.98414598596471E-32,2.01858731750028E-16,
-1.));
#3354=DIRECTION('ref_axis',(-0.0498137018801595,-0.998758526924799,-6.447297689315E-16));
#3355=DIRECTION('',(-9.81182423247029E-33,-6.44395182125091E-16,1.));
#3356=DIRECTION('center_axis',(1.97372982155583E-16,-1.,-6.44395182125091E-16));
#3357=DIRECTION('ref_axis',(1.20492188320471E-31,-6.44395182125091E-16,
1.));
#3358=DIRECTION('',(-1.,-1.97372982155583E-16,2.18952885050753E-47));
#3359=DIRECTION('',(1.20492188320471E-31,-6.44395182125091E-16,1.));
#3360=DIRECTION('',(1.,1.97372982155583E-16,-1.09476442525376E-47));
#3361=DIRECTION('center_axis',(0.,-3.02788097625043E-16,1.));
#3362=DIRECTION('ref_axis',(-0.0498137018801601,0.998758526924799,3.11248853966931E-16));
#3363=DIRECTION('center_axis',(-3.98414598596471E-32,2.01858731750028E-16,
-1.));
#3364=DIRECTION('ref_axis',(-0.0498137018801601,0.998758526924799,3.11248853966931E-16));
#3365=DIRECTION('',(0.,-3.02788097625043E-16,1.));
#3366=DIRECTION('center_axis',(5.85171441688566E-32,-2.96480012257854E-16,
1.));
#3367=DIRECTION('ref_axis',(-0.0498137018801601,0.998758526924799,3.11248853966931E-16));
#3368=DIRECTION('',(0.,3.02788097625043E-16,-1.));
#3369=DIRECTION('center_axis',(-1.97372982155583E-16,1.,3.02788097625043E-16));
#3370=DIRECTION('ref_axis',(-5.66168113794984E-32,3.02788097625043E-16,
-1.));
#3371=DIRECTION('',(-1.,-1.97372982155583E-16,1.09476442525376E-47));
#3372=DIRECTION('',(-5.66168113794984E-32,3.02788097625043E-16,-1.));
#3373=DIRECTION('',(1.,1.97372982155583E-16,-2.18952885050753E-47));
#3374=DIRECTION('center_axis',(0.0995037190209988,0.995037190209989,6.41197171406605E-16));
#3375=DIRECTION('ref_axis',(0.,-6.44395182125091E-16,1.));
#3376=DIRECTION('',(-0.995037190209989,0.0995037190209988,2.008569452599E-17));
#3377=DIRECTION('',(1.27186198782719E-31,-6.44395182125091E-16,1.));
#3378=DIRECTION('',(0.995037190209989,-0.0995037190209988,-2.95008638350479E-17));
#3379=DIRECTION('center_axis',(0.0995037190209992,-0.995037190209989,-3.0128541788985E-16));
#3380=DIRECTION('ref_axis',(0.,3.02788097625043E-16,-1.));
#3381=DIRECTION('',(-0.995037190209989,-0.0995037190209992,-2.95008638350479E-17));
#3382=DIRECTION('',(-5.97621897894706E-32,3.02788097625043E-16,-1.));
#3383=DIRECTION('',(0.995037190209989,0.0995037190209992,2.008569452599E-17));
#3384=DIRECTION('center_axis',(-3.98414598596471E-32,2.01858731750028E-16,
-1.));
#3385=DIRECTION('ref_axis',(-1.,0.,0.));
#3386=DIRECTION('center_axis',(3.98414598596471E-32,-2.01858731750028E-16,
1.));
#3387=DIRECTION('ref_axis',(0.351123441588392,0.936329177569045,1.89006220284635E-16));
#3388=DIRECTION('center_axis',(1.,-6.48792632329624E-16,7.08292619727058E-32));
#3389=DIRECTION('ref_axis',(6.48792632329624E-16,1.,2.01858731750028E-16));
#3390=DIRECTION('center_axis',(-3.98414598596471E-32,2.01858731750028E-16,
-1.));
#3391=DIRECTION('ref_axis',(0.351123441588392,0.936329177569045,1.82502415006875E-16));
#3392=DIRECTION('center_axis',(1.61996441015419E-31,3.58859967555606E-16,
1.));
#3393=DIRECTION('ref_axis',(-7.94794564335124E-16,-1.,3.58859967555606E-16));
#3394=DIRECTION('',(-1.61996441015419E-31,-3.58859967555606E-16,-1.));
#3395=DIRECTION('center_axis',(5.85171441688566E-32,-2.96480012257854E-16,
1.));
#3396=DIRECTION('ref_axis',(0.351123441588392,0.936329177569045,2.73753622510312E-16));
#3397=DIRECTION('center_axis',(-1.,6.48792632329624E-16,-7.08292619727058E-32));
#3398=DIRECTION('ref_axis',(6.48792632329624E-16,1.,-2.96480012257854E-16));
#3399=DIRECTION('',(6.48792632329624E-16,1.,2.01858731750028E-16));
#3400=DIRECTION('',(-1.61996441015419E-31,-3.58859967555606E-16,-1.));
#3401=DIRECTION('',(-6.48792632329624E-16,-1.,-2.96480012257854E-16));
#3402=DIRECTION('center_axis',(1.,-6.48792632329624E-16,7.08292619727058E-32));
#3403=DIRECTION('ref_axis',(6.48792632329624E-16,1.,2.96480012257854E-16));
#3404=DIRECTION('center_axis',(5.85171441688566E-32,-2.96480012257854E-16,
1.));
#3405=DIRECTION('ref_axis',(1.,0.,0.));
#3406=DIRECTION('center_axis',(-5.85171441688566E-32,2.96480012257854E-16,
-1.));
#3407=DIRECTION('ref_axis',(0.351123441588392,0.936329177569045,2.77602886043057E-16));
#3408=DIRECTION('center_axis',(-3.98414598596471E-32,2.01858731750028E-16,
-1.));
#3409=DIRECTION('ref_axis',(-1.,0.,0.));
#3410=DIRECTION('center_axis',(-3.98414598596471E-32,2.01858731750028E-16,
-1.));
#3411=DIRECTION('ref_axis',(0.351123441588392,-0.936329177569045,-1.82502415006875E-16));
#3412=DIRECTION('center_axis',(1.,1.97372982155583E-16,7.08292619727058E-32));
#3413=DIRECTION('ref_axis',(1.97372982155583E-16,-1.,-2.01858731750028E-16));
#3414=DIRECTION('center_axis',(3.98414598596471E-32,-2.01858731750028E-16,
1.));
#3415=DIRECTION('ref_axis',(0.351123441588392,-0.936329177569045,-1.89006220284635E-16));
#3416=DIRECTION('center_axis',(0.,3.58859967555606E-16,-1.));
#3417=DIRECTION('ref_axis',(-3.43374914161083E-16,1.,3.58859967555606E-16));
#3418=DIRECTION('center_axis',(5.85171441688566E-32,-2.96480012257854E-16,
1.));
#3419=DIRECTION('ref_axis',(0.351123441588392,-0.936329177569045,-2.73753622510312E-16));
#3420=DIRECTION('',(0.,-3.58859967555606E-16,1.));
#3421=DIRECTION('center_axis',(5.85171441688566E-32,-2.96480012257854E-16,
1.));
#3422=DIRECTION('ref_axis',(1.,0.,0.));
#3423=DIRECTION('center_axis',(-5.85171441688566E-32,2.96480012257854E-16,
-1.));
#3424=DIRECTION('ref_axis',(0.351123441588392,-0.936329177569045,-2.77602886043057E-16));
#3425=DIRECTION('center_axis',(1.,1.97372982155583E-16,7.08292619727058E-32));
#3426=DIRECTION('ref_axis',(1.97372982155583E-16,-1.,-2.96480012257854E-16));
#3427=DIRECTION('center_axis',(7.5981493479214E-16,1.,-3.58859967555606E-16));
#3428=DIRECTION('ref_axis',(1.,-7.5981493479214E-16,3.29158935949818E-32));
#3429=DIRECTION('',(1.,-7.5981493479214E-16,-1.93216738961519E-31));
#3430=DIRECTION('',(-1.61996441015419E-31,-3.58859967555606E-16,-1.));
#3431=DIRECTION('',(-1.,7.5981493479214E-16,2.83787085349731E-31));
#3432=DIRECTION('center_axis',(3.98414598596471E-32,-2.01858731750028E-16,
1.));
#3433=DIRECTION('ref_axis',(-1.86984930463184E-16,1.,2.01858731750028E-16));
#3434=DIRECTION('',(-1.86984930463184E-16,1.,2.01858731750028E-16));
#3435=DIRECTION('center_axis',(1.,1.97372982155583E-16,7.08292619727058E-32));
#3436=DIRECTION('ref_axis',(1.97372982155583E-16,-1.,-2.96480012257854E-16));
#3437=DIRECTION('',(1.97372982155583E-16,-1.,-2.96480012257854E-16));
#3438=DIRECTION('',(0.,3.58859967555606E-16,-1.));
#3439=DIRECTION('',(-1.97372982155583E-16,1.,2.01858731750028E-16));
#3440=DIRECTION('center_axis',(-3.08395284618099E-16,1.,3.58859967555606E-16));
#3441=DIRECTION('ref_axis',(1.,3.08395284618099E-16,3.29158935949818E-32));
#3442=DIRECTION('',(-1.,-3.08395284618099E-16,-2.24108211710515E-32));
#3443=DIRECTION('',(1.,3.08395284618099E-16,3.29158935949818E-32));
#3444=DIRECTION('',(0.,3.58859967555606E-16,-1.));
#3445=DIRECTION('center_axis',(-5.85171441688566E-32,2.96480012257854E-16,
-1.));
#3446=DIRECTION('ref_axis',(1.86984930463184E-16,-1.,-2.96480012257854E-16));
#3447=DIRECTION('',(1.86984930463184E-16,-1.,-2.96480012257854E-16));
#3448=DIRECTION('center_axis',(-1.97372982155583E-16,1.,3.02788097625043E-16));
#3449=DIRECTION('ref_axis',(-5.66168113794984E-32,3.02788097625043E-16,
-1.));
#3450=DIRECTION('',(1.,1.97372982155583E-16,-2.18952885050753E-47));
#3451=DIRECTION('',(5.97621897894706E-32,-3.02788097625043E-16,1.));
#3452=DIRECTION('center_axis',(3.98414598596471E-32,-2.01858731750028E-16,
1.));
#3453=DIRECTION('ref_axis',(-1.86984930463184E-16,1.,2.01858731750028E-16));
#3454=DIRECTION('',(-1.86984930463184E-16,1.,2.01858731750028E-16));
#3455=DIRECTION('center_axis',(-5.85171441688566E-32,2.96480012257854E-16,
-1.));
#3456=DIRECTION('ref_axis',(1.86984930463184E-16,-1.,-2.96480012257854E-16));
#3457=DIRECTION('',(1.86984930463184E-16,-1.,-2.96480012257854E-16));
#3458=DIRECTION('center_axis',(-5.85171441688566E-32,2.96480012257854E-16,
-1.));
#3459=DIRECTION('ref_axis',(1.86984930463184E-16,-1.,-2.96480012257854E-16));
#3460=DIRECTION('',(1.86984930463184E-16,-1.,-2.96480012257854E-16));
#3461=DIRECTION('center_axis',(-1.,-1.97372982155583E-16,0.));
#3462=DIRECTION('ref_axis',(0.,0.,1.));
#3463=DIRECTION('',(0.,0.,-1.));
#3464=DIRECTION('',(-1.97372982155583E-16,1.,0.));
#3465=DIRECTION('center_axis',(-0.707106781186548,-2.31382046542872E-16,
0.707106781186548));
#3466=DIRECTION('ref_axis',(0.707106781186548,0.,0.707106781186548));
#3467=DIRECTION('',(-3.27223628310572E-16,1.,0.));
#3468=DIRECTION('',(-0.707106781186548,0.,-0.707106781186547));
#3469=DIRECTION('center_axis',(-1.,6.12323399573677E-17,0.));
#3470=DIRECTION('ref_axis',(-6.12323399573677E-17,-1.,0.));
#3471=DIRECTION('',(0.,0.,1.));
#3472=DIRECTION('',(0.,0.,1.));
#3473=DIRECTION('',(-6.12323399573677E-17,-1.,0.));
#3474=DIRECTION('',(0.,0.,-1.));
#3475=DIRECTION('center_axis',(2.66829196369434E-16,1.,0.));
#3476=DIRECTION('ref_axis',(-1.,2.66829196369434E-16,0.));
#3477=DIRECTION('',(0.,0.,1.));
#3478=DIRECTION('center_axis',(-1.,1.64477485129653E-16,0.));
#3479=DIRECTION('ref_axis',(-1.64477485129653E-16,-1.,0.));
#3480=DIRECTION('',(0.,0.,1.));
#3481=DIRECTION('center_axis',(0.500000000000001,0.866025403784438,0.));
#3482=DIRECTION('ref_axis',(0.866025403784438,-0.500000000000001,0.));
#3483=DIRECTION('',(0.,0.,-1.));
#3484=DIRECTION('',(0.866025403784438,-0.500000000000001,0.));
#3485=DIRECTION('',(0.,0.,-1.));
#3486=DIRECTION('center_axis',(-0.5,0.866025403784439,0.));
#3487=DIRECTION('ref_axis',(0.866025403784439,0.5,0.));
#3488=DIRECTION('',(0.,0.,-1.));
#3489=DIRECTION('',(0.866025403784439,0.5,0.));
#3490=DIRECTION('center_axis',(-1.,-9.59260188999861E-16,0.));
#3491=DIRECTION('ref_axis',(-9.59260188999861E-16,1.,0.));
#3492=DIRECTION('',(0.,0.,-1.));
#3493=DIRECTION('',(-9.59260188999861E-16,1.,0.));
#3494=DIRECTION('center_axis',(-1.,3.90187310216673E-16,0.));
#3495=DIRECTION('ref_axis',(3.90187310216673E-16,1.,0.));
#3496=DIRECTION('',(0.,0.,-1.));
#3497=DIRECTION('',(3.90187310216673E-16,1.,0.));
#3498=DIRECTION('',(0.,0.,-1.));
#3499=DIRECTION('center_axis',(-0.499999999999999,-0.866025403784439,0.));
#3500=DIRECTION('ref_axis',(-0.866025403784439,0.499999999999999,0.));
#3501=DIRECTION('',(0.,0.,-1.));
#3502=DIRECTION('',(-0.866025403784439,0.499999999999999,0.));
#3503=DIRECTION('center_axis',(0.499999999999999,-0.866025403784439,0.));
#3504=DIRECTION('ref_axis',(-0.866025403784439,-0.499999999999999,0.));
#3505=DIRECTION('',(0.,0.,-1.));
#3506=DIRECTION('',(-0.866025403784439,-0.499999999999999,0.));
#3507=DIRECTION('center_axis',(-0.5,0.866025403784439,0.));
#3508=DIRECTION('ref_axis',(0.866025403784438,0.5,0.));
#3509=DIRECTION('',(0.,0.,-1.));
#3510=DIRECTION('',(0.866025403784438,0.5,0.));
#3511=DIRECTION('',(0.,0.,-1.));
#3512=DIRECTION('center_axis',(-1.,6.12323399573677E-17,0.));
#3513=DIRECTION('ref_axis',(6.12323399573677E-17,1.,0.));
#3514=DIRECTION('',(0.,0.,-1.));
#3515=DIRECTION('',(6.12323399573677E-17,1.,0.));
#3516=DIRECTION('center_axis',(-0.5,-0.866025403784439,0.));
#3517=DIRECTION('ref_axis',(-0.866025403784439,0.5,0.));
#3518=DIRECTION('',(0.,0.,-1.));
#3519=DIRECTION('',(-0.866025403784439,0.5,0.));
#3520=DIRECTION('center_axis',(1.,-6.12323399573677E-17,0.));
#3521=DIRECTION('ref_axis',(-6.12323399573677E-17,-1.,0.));
#3522=DIRECTION('',(0.,0.,-1.));
#3523=DIRECTION('',(-6.12323399573677E-17,-1.,0.));
#3524=DIRECTION('',(0.,0.,-1.));
#3525=DIRECTION('center_axis',(0.500000000000001,0.866025403784438,0.));
#3526=DIRECTION('ref_axis',(0.866025403784438,-0.500000000000001,0.));
#3527=DIRECTION('',(0.,0.,-1.));
#3528=DIRECTION('',(0.866025403784438,-0.500000000000001,0.));
#3529=DIRECTION('center_axis',(-0.5,0.866025403784439,0.));
#3530=DIRECTION('ref_axis',(0.866025403784439,0.5,0.));
#3531=DIRECTION('',(0.,0.,-1.));
#3532=DIRECTION('',(0.866025403784439,0.5,0.));
#3533=DIRECTION('center_axis',(0.866025403784438,-0.500000000000001,0.));
#3534=DIRECTION('ref_axis',(-0.500000000000001,-0.866025403784438,0.));
#3535=DIRECTION('',(0.,0.,-1.));
#3536=DIRECTION('',(-0.500000000000001,-0.866025403784438,0.));
#3537=DIRECTION('',(0.,0.,-1.));
#3538=DIRECTION('center_axis',(0.866025403784439,0.5,0.));
#3539=DIRECTION('ref_axis',(0.5,-0.866025403784439,0.));
#3540=DIRECTION('',(0.,0.,-1.));
#3541=DIRECTION('',(0.5,-0.866025403784439,0.));
#3542=DIRECTION('center_axis',(-1.02049252895723E-15,1.,0.));
#3543=DIRECTION('ref_axis',(1.,1.02049252895723E-15,0.));
#3544=DIRECTION('',(0.,0.,-1.));
#3545=DIRECTION('',(1.,1.02049252895723E-15,0.));
#3546=DIRECTION('center_axis',(3.28954970259306E-16,1.,0.));
#3547=DIRECTION('ref_axis',(1.,-3.28954970259306E-16,0.));
#3548=DIRECTION('',(0.,0.,-1.));
#3549=DIRECTION('',(1.,-3.28954970259306E-16,0.));
#3550=DIRECTION('',(0.,0.,-1.));
#3551=DIRECTION('center_axis',(-0.866025403784439,0.499999999999999,0.));
#3552=DIRECTION('ref_axis',(0.499999999999999,0.866025403784439,0.));
#3553=DIRECTION('',(0.,0.,-1.));
#3554=DIRECTION('',(0.499999999999999,0.866025403784439,0.));
#3555=DIRECTION('center_axis',(-0.866025403784439,-0.499999999999999,0.));
#3556=DIRECTION('ref_axis',(-0.499999999999999,0.866025403784439,0.));
#3557=DIRECTION('',(0.,0.,-1.));
#3558=DIRECTION('',(-0.499999999999999,0.866025403784439,0.));
#3559=DIRECTION('center_axis',(0.866025403784439,0.5,0.));
#3560=DIRECTION('ref_axis',(0.5,-0.866025403784438,0.));
#3561=DIRECTION('',(0.,0.,-1.));
#3562=DIRECTION('',(0.5,-0.866025403784438,0.));
#3563=DIRECTION('',(0.,0.,-1.));
#3564=DIRECTION('center_axis',(0.,1.,0.));
#3565=DIRECTION('ref_axis',(1.,0.,0.));
#3566=DIRECTION('',(0.,0.,-1.));
#3567=DIRECTION('',(1.,0.,0.));
#3568=DIRECTION('center_axis',(-0.866025403784439,0.5,0.));
#3569=DIRECTION('ref_axis',(0.5,0.866025403784439,0.));
#3570=DIRECTION('',(0.,0.,-1.));
#3571=DIRECTION('',(0.5,0.866025403784439,0.));
#3572=DIRECTION('center_axis',(0.,-1.,0.));
#3573=DIRECTION('ref_axis',(-1.,0.,0.));
#3574=DIRECTION('',(0.,0.,-1.));
#3575=DIRECTION('',(-1.,0.,0.));
#3576=DIRECTION('',(0.,0.,-1.));
#3577=DIRECTION('center_axis',(0.866025403784438,-0.500000000000001,0.));
#3578=DIRECTION('ref_axis',(-0.500000000000001,-0.866025403784438,0.));
#3579=DIRECTION('',(0.,0.,-1.));
#3580=DIRECTION('',(-0.500000000000001,-0.866025403784438,0.));
#3581=DIRECTION('center_axis',(0.866025403784439,0.5,0.));
#3582=DIRECTION('ref_axis',(0.5,-0.866025403784439,0.));
#3583=DIRECTION('',(0.,0.,-1.));
#3584=DIRECTION('',(0.5,-0.866025403784439,0.));
#3585=DIRECTION('center_axis',(-1.,9.65459377474001E-17,0.));
#3586=DIRECTION('ref_axis',(9.65459377474001E-17,1.,0.));
#3587=DIRECTION('',(0.,0.,1.));
#3588=DIRECTION('',(2.05596856412066E-16,1.,0.));
#3589=DIRECTION('',(0.,0.,-1.));
#3590=DIRECTION('center_axis',(-0.5,-0.866025403784439,0.));
#3591=DIRECTION('ref_axis',(-0.866025403784439,0.5,0.));
#3592=DIRECTION('',(0.,0.,-1.));
#3593=DIRECTION('',(-0.866025403784439,0.5,0.));
#3594=DIRECTION('center_axis',(1.,-3.90187310216673E-16,0.));
#3595=DIRECTION('ref_axis',(-3.90187310216673E-16,-1.,0.));
#3596=DIRECTION('',(-3.90187310216673E-16,-1.,0.));
#3597=DIRECTION('',(0.,0.,-1.));
#3598=DIRECTION('center_axis',(0.5,-0.866025403784439,0.));
#3599=DIRECTION('ref_axis',(-0.866025403784439,-0.5,0.));
#3600=DIRECTION('',(-0.866025403784439,-0.5,0.));
#3601=DIRECTION('center_axis',(0.,0.,-1.));
#3602=DIRECTION('ref_axis',(-3.90187310216673E-16,-1.,0.));
#3603=DIRECTION('center_axis',(0.,0.,1.));
#3604=DIRECTION('ref_axis',(3.90187310216673E-16,1.,0.));
#3605=DIRECTION('center_axis',(0.,0.,-1.));
#3606=DIRECTION('ref_axis',(3.90187310216673E-16,1.,0.));
#3607=DIRECTION('center_axis',(0.,0.,1.));
#3608=DIRECTION('ref_axis',(3.90187310216673E-16,1.,0.));
#3609=DIRECTION('',(0.,0.,1.));
#3610=DIRECTION('center_axis',(1.,-3.90187310216673E-16,0.));
#3611=DIRECTION('ref_axis',(-3.90187310216673E-16,-1.,0.));
#3612=DIRECTION('',(0.,0.,-1.));
#3613=DIRECTION('',(-3.90187310216673E-16,-1.,0.));
#3614=DIRECTION('center_axis',(-0.5,0.866025403784438,0.));
#3615=DIRECTION('ref_axis',(0.866025403784438,0.5,0.));
#3616=DIRECTION('',(0.866025403784438,0.5,0.));
#3617=DIRECTION('',(0.,0.,-1.));
#3618=DIRECTION('center_axis',(0.500000000000001,0.866025403784438,0.));
#3619=DIRECTION('ref_axis',(0.866025403784438,-0.5,0.));
#3620=DIRECTION('',(0.866025403784438,-0.5,0.));
#3621=DIRECTION('center_axis',(0.,0.,-1.));
#3622=DIRECTION('ref_axis',(-3.90187310216673E-16,-1.,0.));
#3623=DIRECTION('center_axis',(0.,0.,1.));
#3624=DIRECTION('ref_axis',(3.90187310216673E-16,1.,0.));
#3625=DIRECTION('center_axis',(0.,0.,-1.));
#3626=DIRECTION('ref_axis',(3.90187310216673E-16,1.,0.));
#3627=DIRECTION('center_axis',(0.,0.,1.));
#3628=DIRECTION('ref_axis',(3.90187310216673E-16,1.,0.));
#3629=DIRECTION('',(0.,0.,1.));
#3630=DIRECTION('center_axis',(0.5,-0.866025403784439,0.));
#3631=DIRECTION('ref_axis',(-0.866025403784439,-0.5,0.));
#3632=DIRECTION('',(0.,0.,-1.));
#3633=DIRECTION('',(-0.866025403784439,-0.499999999999999,0.));
#3634=DIRECTION('center_axis',(1.,-1.4106798391739E-15,0.));
#3635=DIRECTION('ref_axis',(-1.4106798391739E-15,-1.,0.));
#3636=DIRECTION('',(0.,0.,-1.));
#3637=DIRECTION('',(-1.4106798391739E-15,-1.,0.));
#3638=DIRECTION('center_axis',(0.500000000000001,0.866025403784438,0.));
#3639=DIRECTION('ref_axis',(0.866025403784438,-0.500000000000001,0.));
#3640=DIRECTION('',(0.866025403784438,-0.500000000000001,0.));
#3641=DIRECTION('center_axis',(0.,0.,1.));
#3642=DIRECTION('ref_axis',(6.12323399573677E-17,1.,0.));
#3643=DIRECTION('center_axis',(0.,0.,-1.));
#3644=DIRECTION('ref_axis',(-6.12323399573677E-17,-1.,0.));
#3645=DIRECTION('center_axis',(-1.,6.12323399573677E-17,0.));
#3646=DIRECTION('ref_axis',(6.12323399573677E-17,1.,0.));
#3647=DIRECTION('',(0.,0.,-1.));
#3648=DIRECTION('',(6.12323399573677E-17,1.,0.));
#3649=DIRECTION('center_axis',(-0.5,-0.866025403784439,0.));
#3650=DIRECTION('ref_axis',(-0.866025403784439,0.5,0.));
#3651=DIRECTION('',(0.,0.,-1.));
#3652=DIRECTION('',(-0.866025403784439,0.5,0.));
#3653=DIRECTION('center_axis',(0.499999999999999,-0.866025403784439,0.));
#3654=DIRECTION('ref_axis',(-0.866025403784439,-0.499999999999999,0.));
#3655=DIRECTION('',(-0.866025403784439,-0.499999999999999,0.));
#3656=DIRECTION('center_axis',(0.,0.,1.));
#3657=DIRECTION('ref_axis',(6.12323399573677E-17,1.,0.));
#3658=DIRECTION('center_axis',(0.,0.,-1.));
#3659=DIRECTION('ref_axis',(-6.12323399573677E-17,-1.,0.));
#3660=DIRECTION('center_axis',(0.,0.,1.));
#3661=DIRECTION('ref_axis',(-6.12323399573677E-17,-1.,0.));
#3662=DIRECTION('center_axis',(0.,0.,-1.));
#3663=DIRECTION('ref_axis',(-6.12323399573677E-17,-1.,0.));
#3664=DIRECTION('',(0.,0.,1.));
#3665=DIRECTION('center_axis',(0.,0.,1.));
#3666=DIRECTION('ref_axis',(-6.12323399573677E-17,-1.,0.));
#3667=DIRECTION('center_axis',(0.,0.,-1.));
#3668=DIRECTION('ref_axis',(-6.12323399573677E-17,-1.,0.));
#3669=DIRECTION('',(0.,0.,1.));
#3670=DIRECTION('center_axis',(-2.2570982508702E-16,-1.,0.));
#3671=DIRECTION('ref_axis',(1.,-2.2570982508702E-16,0.));
#3672=DIRECTION('',(1.,-2.2570982508702E-16,0.));
#3673=DIRECTION('center_axis',(2.35989667907624E-16,1.,0.));
#3674=DIRECTION('ref_axis',(-1.,2.35989667907624E-16,0.));
#3675=DIRECTION('',(-1.,2.35989667907624E-16,0.));
#3676=DIRECTION('center_axis',(0.,0.,1.));
#3677=DIRECTION('ref_axis',(6.12323399573677E-17,1.,0.));
#3678=DIRECTION('center_axis',(2.66829196369434E-16,1.,0.));
#3679=DIRECTION('ref_axis',(-1.,2.66829196369434E-16,0.));
#3680=DIRECTION('',(0.,0.,1.));
#3681=DIRECTION('',(1.,1.08314441426845E-16,0.));
#3682=DIRECTION('',(0.,0.,-1.));
#3683=DIRECTION('center_axis',(-0.866025403784439,0.5,0.));
#3684=DIRECTION('ref_axis',(0.5,0.866025403784439,0.));
#3685=DIRECTION('',(0.,0.,-1.));
#3686=DIRECTION('',(0.5,0.866025403784439,0.));
#3687=DIRECTION('center_axis',(-3.28954970259306E-16,-1.,0.));
#3688=DIRECTION('ref_axis',(-1.,3.28954970259306E-16,0.));
#3689=DIRECTION('',(-1.,3.28954970259306E-16,0.));
#3690=DIRECTION('',(0.,0.,-1.));
#3691=DIRECTION('center_axis',(-0.866025403784439,-0.5,0.));
#3692=DIRECTION('ref_axis',(-0.5,0.866025403784439,0.));
#3693=DIRECTION('',(-0.5,0.866025403784439,0.));
#3694=DIRECTION('center_axis',(0.,0.,-1.));
#3695=DIRECTION('ref_axis',(-1.,3.28954970259306E-16,0.));
#3696=DIRECTION('center_axis',(0.,0.,1.));
#3697=DIRECTION('ref_axis',(1.,-3.28954970259306E-16,0.));
#3698=DIRECTION('center_axis',(0.,0.,-1.));
#3699=DIRECTION('ref_axis',(1.,-3.28954970259306E-16,0.));
#3700=DIRECTION('center_axis',(0.,0.,1.));
#3701=DIRECTION('ref_axis',(1.,-3.28954970259306E-16,0.));
#3702=DIRECTION('',(0.,0.,1.));
#3703=DIRECTION('center_axis',(-3.28954970259306E-16,-1.,0.));
#3704=DIRECTION('ref_axis',(-1.,3.28954970259306E-16,0.));
#3705=DIRECTION('',(0.,0.,-1.));
#3706=DIRECTION('',(-1.,3.28954970259306E-16,0.));
#3707=DIRECTION('center_axis',(0.866025403784438,0.5,0.));
#3708=DIRECTION('ref_axis',(0.5,-0.866025403784438,0.));
#3709=DIRECTION('',(0.5,-0.866025403784438,0.));
#3710=DIRECTION('',(0.,0.,-1.));
#3711=DIRECTION('center_axis',(0.866025403784438,-0.500000000000001,0.));
#3712=DIRECTION('ref_axis',(-0.5,-0.866025403784438,0.));
#3713=DIRECTION('',(-0.5,-0.866025403784438,0.));
#3714=DIRECTION('center_axis',(0.,0.,-1.));
#3715=DIRECTION('ref_axis',(-1.,3.28954970259306E-16,0.));
#3716=DIRECTION('center_axis',(0.,0.,1.));
#3717=DIRECTION('ref_axis',(1.,-3.28954970259306E-16,0.));
#3718=DIRECTION('center_axis',(0.,0.,-1.));
#3719=DIRECTION('ref_axis',(1.,-3.28954970259306E-16,0.));
#3720=DIRECTION('center_axis',(0.,0.,1.));
#3721=DIRECTION('ref_axis',(1.,-3.28954970259306E-16,0.));
#3722=DIRECTION('',(0.,0.,1.));
#3723=DIRECTION('center_axis',(-0.866025403784439,-0.5,0.));
#3724=DIRECTION('ref_axis',(-0.5,0.866025403784439,0.));
#3725=DIRECTION('',(0.,0.,-1.));
#3726=DIRECTION('',(-0.5,0.866025403784439,0.));
#3727=DIRECTION('center_axis',(-1.34944749921653E-15,-1.,0.));
#3728=DIRECTION('ref_axis',(-1.,1.34944749921653E-15,0.));
#3729=DIRECTION('',(0.,0.,-1.));
#3730=DIRECTION('',(-1.,1.34944749921653E-15,0.));
#3731=DIRECTION('center_axis',(0.866025403784438,-0.500000000000001,0.));
#3732=DIRECTION('ref_axis',(-0.500000000000001,-0.866025403784438,0.));
#3733=DIRECTION('',(-0.500000000000001,-0.866025403784438,0.));
#3734=DIRECTION('center_axis',(0.,0.,1.));
#3735=DIRECTION('ref_axis',(1.,0.,0.));
#3736=DIRECTION('center_axis',(0.,0.,1.));
#3737=DIRECTION('ref_axis',(-1.,0.,0.));
#3738=DIRECTION('center_axis',(0.,1.,0.));
#3739=DIRECTION('ref_axis',(1.,0.,0.));
#3740=DIRECTION('',(0.,0.,-1.));
#3741=DIRECTION('',(1.,0.,0.));
#3742=DIRECTION('center_axis',(-0.866025403784439,0.5,0.));
#3743=DIRECTION('ref_axis',(0.5,0.866025403784439,0.));
#3744=DIRECTION('',(0.,0.,-1.));
#3745=DIRECTION('',(0.5,0.866025403784439,0.));
#3746=DIRECTION('center_axis',(-0.866025403784439,-0.499999999999999,0.));
#3747=DIRECTION('ref_axis',(-0.499999999999999,0.866025403784439,0.));
#3748=DIRECTION('',(-0.499999999999999,0.866025403784439,0.));
#3749=DIRECTION('center_axis',(0.,0.,1.));
#3750=DIRECTION('ref_axis',(1.,0.,0.));
#3751=DIRECTION('center_axis',(0.,0.,1.));
#3752=DIRECTION('ref_axis',(-1.,0.,0.));
#3753=DIRECTION('center_axis',(0.,0.,1.));
#3754=DIRECTION('ref_axis',(-1.,0.,0.));
#3755=DIRECTION('center_axis',(0.,0.,1.));
#3756=DIRECTION('ref_axis',(-1.,0.,0.));
#3757=DIRECTION('',(0.,0.,1.));
#3758=DIRECTION('center_axis',(0.,0.,1.));
#3759=DIRECTION('ref_axis',(-1.,0.,0.));
#3760=DIRECTION('center_axis',(0.,0.,1.));
#3761=DIRECTION('ref_axis',(-1.,0.,0.));
#3762=DIRECTION('',(0.,0.,1.));
#3763=DIRECTION('center_axis',(-1.,1.64477485129653E-16,0.));
#3764=DIRECTION('ref_axis',(-1.64477485129653E-16,-1.,0.));
#3765=DIRECTION('',(0.,0.,-1.));
#3766=DIRECTION('',(-1.64477485129653E-16,-1.,0.));
#3767=DIRECTION('center_axis',(1.,-1.74757327950256E-16,0.));
#3768=DIRECTION('ref_axis',(1.74757327950256E-16,1.,0.));
#3769=DIRECTION('',(1.74757327950256E-16,1.,0.));
#3770=DIRECTION('',(0.,0.,1.));
#3771=DIRECTION('center_axis',(0.,0.,1.));
#3772=DIRECTION('ref_axis',(1.,0.,0.));
#3773=DIRECTION('',(-1.,0.,0.));
#3774=DIRECTION('center_axis',(0.,1.,0.));
#3775=DIRECTION('ref_axis',(-1.,0.,0.));
#3776=DIRECTION('',(-1.,0.,0.));
#3777=DIRECTION('center_axis',(0.,0.,1.));
#3778=DIRECTION('ref_axis',(1.,0.,0.));
#3779=CARTESIAN_POINT('',(0.,0.,0.));
#3780=CARTESIAN_POINT('Origin',(-54.,-41.,0.));
#3781=CARTESIAN_POINT('',(7.5,-41.,15.));
#3782=CARTESIAN_POINT('',(-8.88178419700125E-15,-41.,15.));
#3783=CARTESIAN_POINT('',(-38.,-41.,15.));
#3784=CARTESIAN_POINT('',(-8.88178419700125E-15,-41.,0.));
#3785=CARTESIAN_POINT('',(-8.88178419700125E-15,-41.,0.));
#3786=CARTESIAN_POINT('',(30.,-41.,0.));
#3787=CARTESIAN_POINT('',(-54.,-41.,0.));
#3788=CARTESIAN_POINT('',(30.,-41.,20.));
#3789=CARTESIAN_POINT('',(30.,-41.,5.));
#3790=CARTESIAN_POINT('',(12.5,-41.,20.));
#3791=CARTESIAN_POINT('',(-54.,-41.,20.));
#3792=CARTESIAN_POINT('',(-11.,-41.,-3.50000000000001));
#3793=CARTESIAN_POINT('Origin',(-22.,6.50000000000002,15.));
#3794=CARTESIAN_POINT('',(7.49999999999999,54.,15.));
#3795=CARTESIAN_POINT('',(7.49999999999999,30.25,15.));
#3796=CARTESIAN_POINT('',(-41.,54.,15.));
#3797=CARTESIAN_POINT('',(-11.,54.,15.));
#3798=CARTESIAN_POINT('',(-41.,0.,15.));
#3799=CARTESIAN_POINT('',(-41.,30.25,15.));
#3800=CARTESIAN_POINT('',(-54.,8.88178419700125E-15,15.));
#3801=CARTESIAN_POINT('',(-11.,2.77555756156289E-15,15.));
#3802=CARTESIAN_POINT('',(-54.,-41.,15.));
#3803=CARTESIAN_POINT('',(-54.,3.25000000000002,15.));
#3804=CARTESIAN_POINT('',(-41.,-41.,15.));
#3805=CARTESIAN_POINT('',(-38.,-41.,15.));
#3806=CARTESIAN_POINT('',(-41.,-95.,15.));
#3807=CARTESIAN_POINT('',(-41.,-71.25,15.));
#3808=CARTESIAN_POINT('',(-2.66453525910038E-14,-95.,15.));
#3809=CARTESIAN_POINT('',(-11.,-95.,15.));
#3810=CARTESIAN_POINT('',(-8.88178419700125E-15,-44.25,15.));
#3811=CARTESIAN_POINT('',(-13.1454482671905,-87.85,15.));
#3812=CARTESIAN_POINT('',(-9.85455173280959,-87.85,15.));
#3813=CARTESIAN_POINT('',(-17.5727241335952,-87.85,15.));
#3814=CARTESIAN_POINT('',(-14.7908965343809,-85.,15.));
#3815=CARTESIAN_POINT('',(-23.8110226280624,-69.3766833150658,15.));
#3816=CARTESIAN_POINT('',(-13.1454482671905,-82.15,15.));
#3817=CARTESIAN_POINT('',(-6.75032217350896,-71.0733166849341,15.));
#3818=CARTESIAN_POINT('',(-9.85455173280959,-82.15,15.));
#3819=CARTESIAN_POINT('',(-15.9272758664048,-82.15,15.));
#3820=CARTESIAN_POINT('',(-8.20910346561915,-85.,15.));
#3821=CARTESIAN_POINT('',(-18.0519536928959,-67.9516833150658,15.));
#3822=CARTESIAN_POINT('',(-2.63670150553286,-75.3483166849342,15.));
#3823=CARTESIAN_POINT('',(-13.1454482671904,-48.15,15.));
#3824=CARTESIAN_POINT('',(-14.7908965343809,-51.,15.));
#3825=CARTESIAN_POINT('',(-14.1115381056767,-49.8233166849341,15.));
#3826=CARTESIAN_POINT('',(-9.85455173280957,-48.15,15.));
#3827=CARTESIAN_POINT('',(-15.9272758664048,-48.15,15.));
#3828=CARTESIAN_POINT('',(-8.20910346561913,-51.,15.));
#3829=CARTESIAN_POINT('',(-10.6907377607281,-46.7016833150658,15.));
#3830=CARTESIAN_POINT('',(-9.85455173280957,-53.85,15.));
#3831=CARTESIAN_POINT('',(-9.99791743770059,-54.0983166849342,15.));
#3832=CARTESIAN_POINT('',(-13.1454482671904,-53.85,15.));
#3833=CARTESIAN_POINT('',(-17.5727241335952,-53.85,15.));
#3834=CARTESIAN_POINT('',(-16.4498066958946,-48.1266833150658,15.));
#3835=CARTESIAN_POINT('',(-31.1454482671905,-87.85,15.));
#3836=CARTESIAN_POINT('',(-27.8545517328096,-87.85,15.));
#3837=CARTESIAN_POINT('',(-24.9272758664048,-87.85,15.));
#3838=CARTESIAN_POINT('',(-32.7908965343809,-85.,15.));
#3839=CARTESIAN_POINT('',(-38.7382984944672,-74.6987976320958,15.));
#3840=CARTESIAN_POINT('',(-31.1454482671905,-82.15,15.));
#3841=CARTESIAN_POINT('',(-23.3230463071042,-68.6012023679042,15.));
#3842=CARTESIAN_POINT('',(-27.8545517328096,-82.15,15.));
#3843=CARTESIAN_POINT('',(-26.5727241335952,-82.15,15.));
#3844=CARTESIAN_POINT('',(-26.2091034656192,-85.,15.));
#3845=CARTESIAN_POINT('',(-34.6246778264911,-70.4237976320958,15.));
#3846=CARTESIAN_POINT('',(-17.5639773719377,-70.0262023679042,15.));
#3847=CARTESIAN_POINT('',(-26.2091034656192,-51.,15.));
#3848=CARTESIAN_POINT('',(-27.8545517328096,-48.15,15.));
#3849=CARTESIAN_POINT('',(-27.2634618943233,-49.1737976320958,15.));
#3850=CARTESIAN_POINT('',(-27.8545517328096,-53.85,15.));
#3851=CARTESIAN_POINT('',(-24.9251933041054,-48.7762023679042,15.));
#3852=CARTESIAN_POINT('',(-31.1454482671905,-53.85,15.));
#3853=CARTESIAN_POINT('',(-24.9272758664048,-53.85,15.));
#3854=CARTESIAN_POINT('',(-32.7908965343809,-51.,15.));
#3855=CARTESIAN_POINT('',(-31.3770825622994,-53.4487976320958,15.));
#3856=CARTESIAN_POINT('',(-31.1454482671905,-48.15,15.));
#3857=CARTESIAN_POINT('',(-30.6842622392719,-47.3512023679042,15.));
#3858=CARTESIAN_POINT('',(-26.5727241335952,-48.15,15.));
#3859=CARTESIAN_POINT('',(-7.15,-27.8545517328096,15.));
#3860=CARTESIAN_POINT('',(-10.,-26.2091034656191,15.));
#3861=CARTESIAN_POINT('',(-20.15672863406,-20.3451134546586,15.));
#3862=CARTESIAN_POINT('',(-7.15,-31.1454482671904,15.));
#3863=CARTESIAN_POINT('',(-7.15000000000002,-12.3227241335952,15.));
#3864=CARTESIAN_POINT('',(-10.,-32.7908965343809,15.));
#3865=CARTESIAN_POINT('',(-5.99327136594004,-30.4776106789366,15.));
#3866=CARTESIAN_POINT('',(-12.85,-31.1454482671904,15.));
#3867=CARTESIAN_POINT('',(-24.43172863406,-24.4587341226347,15.));
#3868=CARTESIAN_POINT('',(-12.85,-27.8545517328096,15.));
#3869=CARTESIAN_POINT('',(-12.85,-10.6772758664048,15.));
#3870=CARTESIAN_POINT('',(-7.41827136594005,-24.7185417437701,15.));
#3871=CARTESIAN_POINT('',(-46.85,-27.8545517328096,15.));
#3872=CARTESIAN_POINT('',(-46.85,-31.1454482671904,15.));
#3873=CARTESIAN_POINT('',(-46.85,-10.6772758664048,15.));
#3874=CARTESIAN_POINT('',(-44.,-26.2091034656191,15.));
#3875=CARTESIAN_POINT('',(-28.6682713659401,-17.3573258116023,15.));
#3876=CARTESIAN_POINT('',(-41.15,-27.8545517328095,15.));
#3877=CARTESIAN_POINT('',(-41.4067286340599,-27.7063293868264,15.));
#3878=CARTESIAN_POINT('',(-41.15,-31.1454482671904,15.));
#3879=CARTESIAN_POINT('',(-41.15,-12.3227241335952,15.));
#3880=CARTESIAN_POINT('',(-44.,-32.7908965343809,15.));
#3881=CARTESIAN_POINT('',(-27.2432713659401,-23.1163947467688,15.));
#3882=CARTESIAN_POINT('',(-45.68172863406,-31.8199500548024,15.));
#3883=CARTESIAN_POINT('',(-10.,-14.7908965343809,15.));
#3884=CARTESIAN_POINT('',(-7.15,-13.1454482671904,15.));
#3885=CARTESIAN_POINT('',(-8.46538568297003,-13.9048865453414,15.));
#3886=CARTESIAN_POINT('',(-12.85,-13.1454482671904,15.));
#3887=CARTESIAN_POINT('',(-19.10961431703,-9.53145825622993,15.));
#3888=CARTESIAN_POINT('',(-12.85,-9.85455173280955,15.));
#3889=CARTESIAN_POINT('',(-12.85,-3.3227241335952,15.));
#3890=CARTESIAN_POINT('',(-10.,-8.20910346561912,15.));
#3891=CARTESIAN_POINT('',(-12.74038568297,-9.79126587736526,15.));
#3892=CARTESIAN_POINT('',(-7.15,-9.85455173280956,15.));
#3893=CARTESIAN_POINT('',(-17.68461431703,-3.7723893210634,15.));
#3894=CARTESIAN_POINT('',(-7.14999999999998,-1.67727586640478,15.));
#3895=CARTESIAN_POINT('',(-46.85,-9.85455173280955,15.));
#3896=CARTESIAN_POINT('',(-46.85,-13.1454482671904,15.));
#3897=CARTESIAN_POINT('',(-46.85,-3.3227241335952,15.));
#3898=CARTESIAN_POINT('',(-44.,-8.20910346561912,15.));
#3899=CARTESIAN_POINT('',(-33.99038568297,-2.43004994519753,15.));
#3900=CARTESIAN_POINT('',(-41.15,-9.85455173280956,15.));
#3901=CARTESIAN_POINT('',(-38.93461431703,-11.1336052532311,15.));
#3902=CARTESIAN_POINT('',(-41.15,-13.1454482671904,15.));
#3903=CARTESIAN_POINT('',(-41.15,-1.67727586640477,15.));
#3904=CARTESIAN_POINT('',(-44.,-14.7908965343809,15.));
#3905=CARTESIAN_POINT('',(-29.71538568297,-6.54367061317364,15.));
#3906=CARTESIAN_POINT('',(-40.35961431703,-16.8926741883977,15.));
#3907=CARTESIAN_POINT('',(-27.8545517328096,7.15,15.));
#3908=CARTESIAN_POINT('',(-26.2091034656191,10.,15.));
#3909=CARTESIAN_POINT('',(-27.2634618943233,8.17379763209583,15.));
#3910=CARTESIAN_POINT('',(-31.1454482671904,7.15,15.));
#3911=CARTESIAN_POINT('',(-26.5727241335952,7.15,15.));
#3912=CARTESIAN_POINT('',(-32.7908965343809,10.,15.));
#3913=CARTESIAN_POINT('',(-30.6842622392719,6.35120236790418,15.));
#3914=CARTESIAN_POINT('',(-31.1454482671904,12.85,15.));
#3915=CARTESIAN_POINT('',(-31.3770825622994,12.4487976320958,15.));
#3916=CARTESIAN_POINT('',(-27.8545517328096,12.85,15.));
#3917=CARTESIAN_POINT('',(-24.9272758664048,12.85,15.));
#3918=CARTESIAN_POINT('',(-24.9251933041054,7.77620236790418,15.));
#3919=CARTESIAN_POINT('',(-27.8545517328096,46.85,15.));
#3920=CARTESIAN_POINT('',(-31.1454482671904,46.85,15.));
#3921=CARTESIAN_POINT('',(-24.9272758664048,46.85,15.));
#3922=CARTESIAN_POINT('',(-26.2091034656191,44.,15.));
#3923=CARTESIAN_POINT('',(-17.5639773719376,29.0262023679042,15.));
#3924=CARTESIAN_POINT('',(-27.8545517328096,41.15,15.));
#3925=CARTESIAN_POINT('',(-34.6246778264911,29.4237976320958,15.));
#3926=CARTESIAN_POINT('',(-31.1454482671904,41.15,15.));
#3927=CARTESIAN_POINT('',(-26.5727241335952,41.15,15.));
#3928=CARTESIAN_POINT('',(-32.7908965343809,44.,15.));
#3929=CARTESIAN_POINT('',(-23.3230463071041,27.6012023679042,15.));
#3930=CARTESIAN_POINT('',(-38.7382984944671,33.6987976320959,15.));
#3931=CARTESIAN_POINT('',(-14.7908965343809,10.,15.));
#3932=CARTESIAN_POINT('',(-13.1454482671904,7.15,15.));
#3933=CARTESIAN_POINT('',(-14.1115381056767,8.82331668493416,15.));
#3934=CARTESIAN_POINT('',(-13.1454482671904,12.85,15.));
#3935=CARTESIAN_POINT('',(-16.4498066958946,7.12668331506586,15.));
#3936=CARTESIAN_POINT('',(-9.85455173280956,12.85,15.));
#3937=CARTESIAN_POINT('',(-17.5727241335952,12.85,15.));
#3938=CARTESIAN_POINT('',(-8.20910346561912,10.,15.));
#3939=CARTESIAN_POINT('',(-9.99791743770057,13.0983166849342,15.));
#3940=CARTESIAN_POINT('',(-9.85455173280956,7.14999999999999,15.));
#3941=CARTESIAN_POINT('',(-10.6907377607281,5.70168331506585,15.));
#3942=CARTESIAN_POINT('',(-15.9272758664048,7.15,15.));
#3943=CARTESIAN_POINT('',(-9.85455173280956,46.85,15.));
#3944=CARTESIAN_POINT('',(-13.1454482671904,46.85,15.));
#3945=CARTESIAN_POINT('',(-17.5727241335952,46.85,15.));
#3946=CARTESIAN_POINT('',(-8.20910346561912,44.,15.));
#3947=CARTESIAN_POINT('',(-2.63670150553284,34.3483166849342,15.));
#3948=CARTESIAN_POINT('',(-9.85455173280956,41.15,15.));
#3949=CARTESIAN_POINT('',(-18.0519536928959,26.9516833150659,15.));
#3950=CARTESIAN_POINT('',(-13.1454482671904,41.15,15.));
#3951=CARTESIAN_POINT('',(-15.9272758664048,41.15,15.));
#3952=CARTESIAN_POINT('',(-14.7908965343809,44.,15.));
#3953=CARTESIAN_POINT('',(-6.75032217350894,30.0733166849341,15.));
#3954=CARTESIAN_POINT('',(-23.8110226280624,28.3766833150659,15.));
#3955=CARTESIAN_POINT('Origin',(-8.88178419700125E-15,-41.,0.));
#3956=CARTESIAN_POINT('',(-2.65971071586485E-14,-95.,0.));
#3957=CARTESIAN_POINT('',(-2.65971071586485E-14,-95.,0.));
#3958=CARTESIAN_POINT('',(-8.88178419700125E-15,-41.,0.));
#3959=CARTESIAN_POINT('Origin',(-31.1454482671905,-53.85,20.));
#3960=CARTESIAN_POINT('',(-31.1454482671905,-53.85,13.));
#3961=CARTESIAN_POINT('',(-31.1454482671905,-53.85,20.));
#3962=CARTESIAN_POINT('',(-32.7908965343809,-51.,13.));
#3963=CARTESIAN_POINT('',(-32.7908965343809,-51.,13.));
#3964=CARTESIAN_POINT('',(-32.7908965343809,-51.,20.));
#3965=CARTESIAN_POINT('Origin',(-27.8545517328096,-53.85,20.));
#3966=CARTESIAN_POINT('',(-27.8545517328096,-53.85,13.));
#3967=CARTESIAN_POINT('',(-27.8545517328096,-53.85,20.));
#3968=CARTESIAN_POINT('',(-31.1454482671905,-53.85,13.));
#3969=CARTESIAN_POINT('Origin',(-26.2091034656192,-51.,20.));
#3970=CARTESIAN_POINT('',(-26.2091034656192,-51.,13.));
#3971=CARTESIAN_POINT('',(-26.2091034656192,-51.,20.));
#3972=CARTESIAN_POINT('',(-27.8545517328096,-53.85,13.));
#3973=CARTESIAN_POINT('Origin',(-31.1454482671905,-82.15,20.));
#3974=CARTESIAN_POINT('',(-31.1454482671905,-82.15,13.));
#3975=CARTESIAN_POINT('',(-31.1454482671905,-82.15,20.));
#3976=CARTESIAN_POINT('',(-27.8545517328096,-82.15,13.));
#3977=CARTESIAN_POINT('',(-27.8545517328096,-82.15,13.));
#3978=CARTESIAN_POINT('',(-27.8545517328096,-82.15,20.));
#3979=CARTESIAN_POINT('Origin',(-32.7908965343809,-85.,20.));
#3980=CARTESIAN_POINT('',(-32.7908965343809,-85.,13.));
#3981=CARTESIAN_POINT('',(-32.7908965343809,-85.,20.));
#3982=CARTESIAN_POINT('',(-31.1454482671905,-82.15,13.));
#3983=CARTESIAN_POINT('Origin',(-31.1454482671905,-87.85,20.));
#3984=CARTESIAN_POINT('',(-31.1454482671905,-87.85,13.));
#3985=CARTESIAN_POINT('',(-31.1454482671905,-87.85,20.));
#3986=CARTESIAN_POINT('',(-32.7908965343809,-85.,13.));
#3987=CARTESIAN_POINT('Origin',(-9.85455173280957,-53.85,20.));
#3988=CARTESIAN_POINT('',(-8.20910346561913,-51.,13.));
#3989=CARTESIAN_POINT('',(-8.20910346561913,-51.,20.));
#3990=CARTESIAN_POINT('',(-9.85455173280957,-53.85,13.));
#3991=CARTESIAN_POINT('',(-8.20910346561913,-51.,13.));
#3992=CARTESIAN_POINT('',(-9.85455173280957,-53.85,20.));
#3993=CARTESIAN_POINT('Origin',(-8.20910346561913,-51.,20.));
#3994=CARTESIAN_POINT('',(-9.85455173280957,-48.15,13.));
#3995=CARTESIAN_POINT('',(-9.85455173280957,-48.15,20.));
#3996=CARTESIAN_POINT('',(-9.85455173280957,-48.15,13.));
#3997=CARTESIAN_POINT('Origin',(-9.85455173280957,-48.15,20.));
#3998=CARTESIAN_POINT('',(-13.1454482671904,-48.15,13.));
#3999=CARTESIAN_POINT('',(-13.1454482671904,-48.15,20.));
#4000=CARTESIAN_POINT('',(-13.1454482671904,-48.15,13.));
#4001=CARTESIAN_POINT('Origin',(-9.85455173280959,-82.15,20.));
#4002=CARTESIAN_POINT('',(-13.1454482671905,-82.15,13.));
#4003=CARTESIAN_POINT('',(-13.1454482671905,-82.15,20.));
#4004=CARTESIAN_POINT('',(-9.85455173280959,-82.15,13.));
#4005=CARTESIAN_POINT('',(-13.1454482671905,-82.15,13.));
#4006=CARTESIAN_POINT('',(-9.85455173280959,-82.15,20.));
#4007=CARTESIAN_POINT('Origin',(-13.1454482671905,-82.15,20.));
#4008=CARTESIAN_POINT('',(-14.7908965343809,-85.,13.));
#4009=CARTESIAN_POINT('',(-14.7908965343809,-85.,20.));
#4010=CARTESIAN_POINT('',(-14.7908965343809,-85.,13.));
#4011=CARTESIAN_POINT('Origin',(-14.7908965343809,-85.,20.));
#4012=CARTESIAN_POINT('',(-13.1454482671905,-87.85,13.));
#4013=CARTESIAN_POINT('',(-13.1454482671905,-87.85,20.));
#4014=CARTESIAN_POINT('',(-13.1454482671905,-87.85,13.));
#4015=CARTESIAN_POINT('Origin',(-27.8545517328096,-48.15,20.));
#4016=CARTESIAN_POINT('',(-27.8545517328096,-48.15,13.));
#4017=CARTESIAN_POINT('',(-27.8545517328096,-48.15,20.));
#4018=CARTESIAN_POINT('',(-26.2091034656192,-51.,13.));
#4019=CARTESIAN_POINT('Origin',(-31.1454482671905,-48.15,20.));
#4020=CARTESIAN_POINT('',(-31.1454482671905,-48.15,13.));
#4021=CARTESIAN_POINT('',(-31.1454482671905,-48.15,20.));
#4022=CARTESIAN_POINT('',(-27.8545517328096,-48.15,13.));
#4023=CARTESIAN_POINT('Origin',(-32.7908965343809,-51.,20.));
#4024=CARTESIAN_POINT('',(-31.1454482671905,-48.15,13.));
#4025=CARTESIAN_POINT('Origin',(-29.5,-51.,13.));
#4026=CARTESIAN_POINT('',(-31.1,-51.,13.));
#4027=CARTESIAN_POINT('Origin',(-29.5,-51.,13.));
#4028=CARTESIAN_POINT('Origin',(-29.5,-51.,10.));
#4029=CARTESIAN_POINT('',(-31.1,-51.,10.));
#4030=CARTESIAN_POINT('Origin',(-29.5,-51.,10.));
#4031=CARTESIAN_POINT('',(-31.1,-51.,10.));
#4032=CARTESIAN_POINT('Origin',(-27.8545517328096,-87.85,20.));
#4033=CARTESIAN_POINT('',(-27.8545517328096,-87.85,13.));
#4034=CARTESIAN_POINT('',(-27.8545517328096,-87.85,20.));
#4035=CARTESIAN_POINT('',(-31.1454482671905,-87.85,13.));
#4036=CARTESIAN_POINT('Origin',(-26.2091034656192,-85.,20.));
#4037=CARTESIAN_POINT('',(-26.2091034656192,-85.,13.));
#4038=CARTESIAN_POINT('',(-26.2091034656192,-85.,20.));
#4039=CARTESIAN_POINT('',(-27.8545517328096,-87.85,13.));
#4040=CARTESIAN_POINT('Origin',(-27.8545517328096,-82.15,20.));
#4041=CARTESIAN_POINT('',(-26.2091034656192,-85.,13.));
#4042=CARTESIAN_POINT('Origin',(-29.5,-85.,13.));
#4043=CARTESIAN_POINT('',(-31.1,-85.,13.));
#4044=CARTESIAN_POINT('Origin',(-29.5,-85.,13.));
#4045=CARTESIAN_POINT('Origin',(-29.5,-85.,10.));
#4046=CARTESIAN_POINT('',(-31.1,-85.,10.));
#4047=CARTESIAN_POINT('Origin',(-29.5,-85.,10.));
#4048=CARTESIAN_POINT('',(-31.1,-85.,10.));
#4049=CARTESIAN_POINT('Origin',(-13.1454482671904,-48.15,20.));
#4050=CARTESIAN_POINT('',(-14.7908965343809,-51.,13.));
#4051=CARTESIAN_POINT('',(-14.7908965343809,-51.,20.));
#4052=CARTESIAN_POINT('',(-14.7908965343809,-51.,13.));
#4053=CARTESIAN_POINT('Origin',(-13.1454482671904,-53.85,20.));
#4054=CARTESIAN_POINT('',(-13.1454482671904,-53.85,13.));
#4055=CARTESIAN_POINT('',(-9.85455173280957,-53.85,13.));
#4056=CARTESIAN_POINT('',(-13.1454482671904,-53.85,20.));
#4057=CARTESIAN_POINT('Origin',(-14.7908965343809,-51.,20.));
#4058=CARTESIAN_POINT('',(-13.1454482671904,-53.85,13.));
#4059=CARTESIAN_POINT('Origin',(-11.5,-51.,13.));
#4060=CARTESIAN_POINT('',(-9.9,-51.,13.));
#4061=CARTESIAN_POINT('Origin',(-11.5,-51.,13.));
#4062=CARTESIAN_POINT('Origin',(-13.1454482671905,-87.85,20.));
#4063=CARTESIAN_POINT('',(-9.85455173280959,-87.85,13.));
#4064=CARTESIAN_POINT('',(-9.85455173280959,-87.85,20.));
#4065=CARTESIAN_POINT('',(-9.85455173280959,-87.85,13.));
#4066=CARTESIAN_POINT('Origin',(-8.20910346561915,-85.,20.));
#4067=CARTESIAN_POINT('',(-8.20910346561915,-85.,13.));
#4068=CARTESIAN_POINT('',(-9.85455173280959,-82.15,13.));
#4069=CARTESIAN_POINT('',(-8.20910346561915,-85.,20.));
#4070=CARTESIAN_POINT('Origin',(-9.85455173280959,-87.85,20.));
#4071=CARTESIAN_POINT('',(-8.20910346561915,-85.,13.));
#4072=CARTESIAN_POINT('Origin',(-11.5,-85.,13.));
#4073=CARTESIAN_POINT('',(-9.90000000000002,-85.,13.));
#4074=CARTESIAN_POINT('Origin',(-11.5,-85.,13.));
#4075=CARTESIAN_POINT('Origin',(-11.5,-85.,10.));
#4076=CARTESIAN_POINT('',(-9.90000000000003,-85.,10.));
#4077=CARTESIAN_POINT('Origin',(-11.5,-85.,10.));
#4078=CARTESIAN_POINT('',(-9.90000000000003,-85.,10.));
#4079=CARTESIAN_POINT('Origin',(-11.5,-51.,10.));
#4080=CARTESIAN_POINT('',(-9.9,-51.,10.));
#4081=CARTESIAN_POINT('Origin',(-11.5,-51.,10.));
#4082=CARTESIAN_POINT('',(-9.9,-51.,10.));
#4083=CARTESIAN_POINT('Origin',(-39.,-95.,0.));
#4084=CARTESIAN_POINT('',(-39.,-41.,0.));
#4085=CARTESIAN_POINT('',(-39.,-95.,0.));
#4086=CARTESIAN_POINT('',(-39.,-34.,0.));
#4087=CARTESIAN_POINT('',(-39.,-41.,10.));
#4088=CARTESIAN_POINT('',(-39.,-41.,0.));
#4089=CARTESIAN_POINT('',(-39.,-95.,10.));
#4090=CARTESIAN_POINT('',(-39.,-41.,10.));
#4091=CARTESIAN_POINT('',(-39.,-95.,0.));
#4092=CARTESIAN_POINT('Origin',(-2.00000000000001,-41.,0.));
#4093=CARTESIAN_POINT('',(-2.00000000000003,-95.,0.));
#4094=CARTESIAN_POINT('',(-2.00000000000001,-41.,0.));
#4095=CARTESIAN_POINT('',(-2.,-7.,0.));
#4096=CARTESIAN_POINT('',(-2.00000000000003,-95.,10.));
#4097=CARTESIAN_POINT('',(-2.00000000000003,-95.,0.));
#4098=CARTESIAN_POINT('',(-2.00000000000001,-41.,10.));
#4099=CARTESIAN_POINT('',(-2.00000000000003,-95.,10.));
#4100=CARTESIAN_POINT('',(-2.00000000000001,-41.,0.));
#4101=CARTESIAN_POINT('Origin',(-39.,-41.,0.));
#4102=CARTESIAN_POINT('',(-29.75,-41.,0.));
#4103=CARTESIAN_POINT('',(-2.00000000000001,-41.,10.));
#4104=CARTESIAN_POINT('Origin',(-20.5,-68.,10.));
#4105=CARTESIAN_POINT('',(-10.25,-95.,10.));
#4106=CARTESIAN_POINT('Origin',(-20.5,27.,0.));
#4107=CARTESIAN_POINT('',(-41.,-95.,0.));
#4108=CARTESIAN_POINT('',(-2.88175532078988E-14,-95.,0.));
#4109=CARTESIAN_POINT('',(-41.,-41.,0.));
#4110=CARTESIAN_POINT('',(-41.,-95.,0.));
#4111=CARTESIAN_POINT('',(-54.,-41.,0.));
#4112=CARTESIAN_POINT('',(-54.,-41.,0.));
#4113=CARTESIAN_POINT('',(-54.,-39.,0.));
#4114=CARTESIAN_POINT('',(-54.,1.21883305546991E-14,0.));
#4115=CARTESIAN_POINT('',(-8.52409651544659E-15,-39.,0.));
#4116=CARTESIAN_POINT('',(-37.25,-39.,0.));
#4117=CARTESIAN_POINT('',(5.38289798243822E-16,-2.,0.));
#4118=CARTESIAN_POINT('',(4.44089209850063E-15,-17.25,0.));
#4119=CARTESIAN_POINT('',(-54.,-1.99999999999999,0.));
#4120=CARTESIAN_POINT('',(-10.25,-2.,0.));
#4121=CARTESIAN_POINT('',(-54.,1.44087766039494E-14,0.));
#4122=CARTESIAN_POINT('',(-54.,1.21883305546991E-14,0.));
#4123=CARTESIAN_POINT('',(-41.,-4.44089209850063E-15,0.));
#4124=CARTESIAN_POINT('',(0.,0.,0.));
#4125=CARTESIAN_POINT('',(-41.,54.,0.));
#4126=CARTESIAN_POINT('',(-41.,54.,0.));
#4127=CARTESIAN_POINT('',(-39.,54.,0.));
#4128=CARTESIAN_POINT('',(8.88178419700125E-15,54.,0.));
#4129=CARTESIAN_POINT('',(-39.,6.13603525710925E-15,0.));
#4130=CARTESIAN_POINT('',(-39.,40.5,0.));
#4131=CARTESIAN_POINT('',(-2.,-6.60754478158558E-16,0.));
#4132=CARTESIAN_POINT('',(0.,0.,0.));
#4133=CARTESIAN_POINT('',(-1.99999999999999,54.,0.));
#4134=CARTESIAN_POINT('',(-2.,13.5,0.));
#4135=CARTESIAN_POINT('',(30.,54.,0.));
#4136=CARTESIAN_POINT('',(30.,54.,0.));
#4137=CARTESIAN_POINT('',(30.,16.75,0.));
#4138=CARTESIAN_POINT('',(-2.88175532078988E-14,-95.,0.));
#4139=CARTESIAN_POINT('Origin',(-41.,-95.,0.));
#4140=CARTESIAN_POINT('',(-41.,-41.,0.));
#4141=CARTESIAN_POINT('',(-41.,-95.,0.));
#4142=CARTESIAN_POINT('Origin',(-2.65971071586485E-14,-95.,0.));
#4143=CARTESIAN_POINT('Origin',(-54.,-41.,0.));
#4144=CARTESIAN_POINT('',(-54.,-41.,0.));
#4145=CARTESIAN_POINT('Origin',(75.,6.5,10.));
#4146=CARTESIAN_POINT('',(75.,13.,3.50000000000001));
#4147=CARTESIAN_POINT('',(75.,9.34924652315922E-15,3.5));
#4148=CARTESIAN_POINT('',(75.,-15.5,3.5));
#4149=CARTESIAN_POINT('',(75.,13.,16.5));
#4150=CARTESIAN_POINT('',(75.,13.,6.75000000000001));
#4151=CARTESIAN_POINT('',(75.,-8.41432187084328E-15,16.5));
#4152=CARTESIAN_POINT('',(75.,28.5,16.5));
#4153=CARTESIAN_POINT('',(75.,5.55111512312578E-15,13.25));
#4154=CARTESIAN_POINT('Origin',(120.,13.,3.50000000000001));
#4155=CARTESIAN_POINT('',(30.,13.,3.50000000000001));
#4156=CARTESIAN_POINT('',(120.,13.,3.5));
#4157=CARTESIAN_POINT('',(30.,13.,16.5));
#4158=CARTESIAN_POINT('',(30.,13.,6.75000000000001));
#4159=CARTESIAN_POINT('',(120.,13.,16.5));
#4160=CARTESIAN_POINT('Origin',(120.,-37.5,3.49999999999999));
#4161=CARTESIAN_POINT('',(30.,1.18329135783152E-29,3.5));
#4162=CARTESIAN_POINT('',(120.,1.7511244979315E-14,3.5));
#4163=CARTESIAN_POINT('',(30.,50.5,3.50000000000001));
#4164=CARTESIAN_POINT('Origin',(84.9875621120891,77.5,5.12500000000006));
#4165=CARTESIAN_POINT('',(75.0371902099892,-22.0037190209989,16.5));
#4166=CARTESIAN_POINT('',(84.9875621120891,-22.5,16.5));
#4167=CARTESIAN_POINT('Origin',(84.9875621120891,77.5,16.5));
#4168=CARTESIAN_POINT('',(84.9875621120891,-22.5,3.49999999999999));
#4169=CARTESIAN_POINT('',(84.9875621120891,-22.5,5.12499999999999));
#4170=CARTESIAN_POINT('',(75.0371902099892,-22.0037190209989,3.49999999999999));
#4171=CARTESIAN_POINT('Origin',(84.9875621120891,77.5,3.50000000000007));
#4172=CARTESIAN_POINT('',(75.0371902099892,-22.0037190209989,5.12499999999999));
#4173=CARTESIAN_POINT('Origin',(120.,-22.5,3.49999999999999));
#4174=CARTESIAN_POINT('',(111.885210782848,-22.5,16.5));
#4175=CARTESIAN_POINT('',(120.,-22.5,16.5));
#4176=CARTESIAN_POINT('',(120.,-22.5,11.5));
#4177=CARTESIAN_POINT('Ctrl Pts',(120.,-22.5,11.5));
#4178=CARTESIAN_POINT('Ctrl Pts',(120.,-22.5,11.7645088182508));
#4179=CARTESIAN_POINT('Ctrl Pts',(119.96574203399,-22.5,12.0518111775049));
#4180=CARTESIAN_POINT('Ctrl Pts',(119.823112454118,-22.5,12.6081223502669));
#4181=CARTESIAN_POINT('Ctrl Pts',(119.715087629973,-22.5,12.8772200177012));
#4182=CARTESIAN_POINT('Ctrl Pts',(119.439924422195,-22.5,13.4054302100245));
#4183=CARTESIAN_POINT('Ctrl Pts',(119.234505280105,-22.5,13.7033302814891));
#4184=CARTESIAN_POINT('Ctrl Pts',(118.758950208087,-22.5,14.2445741299062));
#4185=CARTESIAN_POINT('Ctrl Pts',(118.489439233618,-22.5,14.488466694259));
#4186=CARTESIAN_POINT('Ctrl Pts',(117.876740507709,-22.5,14.9618990197783));
#4187=CARTESIAN_POINT('Ctrl Pts',(117.463850797541,-22.5,15.2169052599213));
#4188=CARTESIAN_POINT('Ctrl Pts',(116.59594627159,-22.5,15.6455610966257));
#4189=CARTESIAN_POINT('Ctrl Pts',(116.141332072207,-22.5,15.8200213490632));
#4190=CARTESIAN_POINT('Ctrl Pts',(115.136979505247,-22.5,16.1353553096661));
#4191=CARTESIAN_POINT('Ctrl Pts',(114.484459298484,-22.5,16.2798362121604));
#4192=CARTESIAN_POINT('Ctrl Pts',(113.163251254494,-22.5,16.4617369426614));
#4193=CARTESIAN_POINT('Ctrl Pts',(112.494679648143,-22.5,16.5));
#4194=CARTESIAN_POINT('Ctrl Pts',(111.885210782848,-22.5,16.5));
#4195=CARTESIAN_POINT('',(120.,-22.5,8.50000000000001));
#4196=CARTESIAN_POINT('',(120.,-22.5,11.75));
#4197=CARTESIAN_POINT('',(111.885210782848,-22.5,3.49999999999999));
#4198=CARTESIAN_POINT('Ctrl Pts',(111.885210782848,-22.5,3.50000000000001));
#4199=CARTESIAN_POINT('Ctrl Pts',(112.494679648143,-22.5,3.50000000000001));
#4200=CARTESIAN_POINT('Ctrl Pts',(113.163251254494,-22.5,3.5382630573386));
#4201=CARTESIAN_POINT('Ctrl Pts',(114.484459298484,-22.5,3.72016378783963));
#4202=CARTESIAN_POINT('Ctrl Pts',(115.136979505247,-22.5,3.86464469033392));
#4203=CARTESIAN_POINT('Ctrl Pts',(116.141332072207,-22.5,4.17997865093681));
#4204=CARTESIAN_POINT('Ctrl Pts',(116.59594627159,-22.5,4.35443890337434));
#4205=CARTESIAN_POINT('Ctrl Pts',(117.463850797541,-22.5,4.78309474007865));
#4206=CARTESIAN_POINT('Ctrl Pts',(117.876740507709,-22.5,5.03810098022171));
#4207=CARTESIAN_POINT('Ctrl Pts',(118.489439233618,-22.5,5.51153330574096));
#4208=CARTESIAN_POINT('Ctrl Pts',(118.758950208087,-22.5,5.75542587009377));
#4209=CARTESIAN_POINT('Ctrl Pts',(119.234505280105,-22.5,6.2966697185109));
#4210=CARTESIAN_POINT('Ctrl Pts',(119.439924422195,-22.5,6.59456978997551));
#4211=CARTESIAN_POINT('Ctrl Pts',(119.715087629973,-22.5,7.12277998229877));
#4212=CARTESIAN_POINT('Ctrl Pts',(119.823112454118,-22.5,7.39187764973315));
#4213=CARTESIAN_POINT('Ctrl Pts',(119.96574203399,-22.5,7.94818882249508));
#4214=CARTESIAN_POINT('Ctrl Pts',(120.,-22.5,8.23549118174922));
#4215=CARTESIAN_POINT('Ctrl Pts',(120.,-22.5,8.50000000000001));
#4216=CARTESIAN_POINT('',(120.,-22.5,3.49999999999999));
#4217=CARTESIAN_POINT('Origin',(84.9875621120893,-64.5,14.875));
#4218=CARTESIAN_POINT('',(75.0371902099893,35.0037190209989,3.50000000000001));
#4219=CARTESIAN_POINT('',(84.9875621120893,35.5,3.50000000000001));
#4220=CARTESIAN_POINT('Origin',(84.9875621120893,-64.5,3.49999999999998));
#4221=CARTESIAN_POINT('',(84.9875621120893,35.5,16.5));
#4222=CARTESIAN_POINT('',(84.9875621120893,35.5,14.875));
#4223=CARTESIAN_POINT('',(75.0371902099893,35.0037190209989,16.5));
#4224=CARTESIAN_POINT('Origin',(84.9875621120893,-64.5,16.5));
#4225=CARTESIAN_POINT('',(75.0371902099893,35.003719020999,14.875));
#4226=CARTESIAN_POINT('Origin',(120.,35.5,16.5));
#4227=CARTESIAN_POINT('',(111.885210782848,35.5,3.50000000000001));
#4228=CARTESIAN_POINT('',(120.,35.5,3.50000000000001));
#4229=CARTESIAN_POINT('',(120.,35.5,8.49999999999999));
#4230=CARTESIAN_POINT('Ctrl Pts',(120.,35.5,8.49999999999999));
#4231=CARTESIAN_POINT('Ctrl Pts',(120.,35.5,8.21455768892167));
#4232=CARTESIAN_POINT('Ctrl Pts',(119.952418370979,35.5,7.87534784349697));
#4233=CARTESIAN_POINT('Ctrl Pts',(119.792978486865,35.5,7.30319290303094));
#4234=CARTESIAN_POINT('Ctrl Pts',(119.644533727139,35.5,6.96404201379255));
#4235=CARTESIAN_POINT('Ctrl Pts',(119.287773710944,35.5,6.36113911301643));
#4236=CARTESIAN_POINT('Ctrl Pts',(119.020771652837,35.5,6.02705761945033));
#4237=CARTESIAN_POINT('Ctrl Pts',(118.40967619478,35.5,5.43426989686913));
#4238=CARTESIAN_POINT('Ctrl Pts',(118.066359160014,35.5,5.17476384929117));
#4239=CARTESIAN_POINT('Ctrl Pts',(117.386630891737,35.5,4.74272114419204));
#4240=CARTESIAN_POINT('Ctrl Pts',(116.984551144046,35.5,4.5334173850089));
#4241=CARTESIAN_POINT('Ctrl Pts',(116.15095772418,35.5,4.18197163519532));
#4242=CARTESIAN_POINT('Ctrl Pts',(115.719710952554,35.5,4.03919691918325));
#4243=CARTESIAN_POINT('Ctrl Pts',(114.795719182034,35.5,3.78851837972731));
#4244=CARTESIAN_POINT('Ctrl Pts',(114.209605451687,35.5,3.67449782674769));
#4245=CARTESIAN_POINT('Ctrl Pts',(113.026321157682,35.5,3.53055032143953));
#4246=CARTESIAN_POINT('Ctrl Pts',(112.429226510706,35.5,3.49999999999999));
#4247=CARTESIAN_POINT('Ctrl Pts',(111.885210782848,35.5,3.49999999999999));
#4248=CARTESIAN_POINT('',(120.,35.5,11.5));
#4249=CARTESIAN_POINT('',(120.,35.5,18.25));
#4250=CARTESIAN_POINT('',(111.885210782848,35.5,16.5));
#4251=CARTESIAN_POINT('Ctrl Pts',(111.885210782848,35.5,16.5));
#4252=CARTESIAN_POINT('Ctrl Pts',(112.494679648143,35.5,16.5));
#4253=CARTESIAN_POINT('Ctrl Pts',(113.163251254494,35.5,16.4617369426615));
#4254=CARTESIAN_POINT('Ctrl Pts',(114.484459298484,35.5,16.2798362121604));
#4255=CARTESIAN_POINT('Ctrl Pts',(115.136979505247,35.5,16.1353553096661));
#4256=CARTESIAN_POINT('Ctrl Pts',(116.141332072207,35.5,15.8200213490632));
#4257=CARTESIAN_POINT('Ctrl Pts',(116.595946271589,35.5,15.6455610966257));
#4258=CARTESIAN_POINT('Ctrl Pts',(117.463850797541,35.5,15.2169052599214));
#4259=CARTESIAN_POINT('Ctrl Pts',(117.876740507709,35.5,14.9618990197783));
#4260=CARTESIAN_POINT('Ctrl Pts',(118.489439233617,35.5,14.4884666942591));
#4261=CARTESIAN_POINT('Ctrl Pts',(118.758950208087,35.5,14.2445741299063));
#4262=CARTESIAN_POINT('Ctrl Pts',(119.234505280105,35.5,13.7033302814892));
#4263=CARTESIAN_POINT('Ctrl Pts',(119.439924422195,35.5,13.4054302100245));
#4264=CARTESIAN_POINT('Ctrl Pts',(119.715087629972,35.5,12.8772200177013));
#4265=CARTESIAN_POINT('Ctrl Pts',(119.823112454118,35.5,12.6081223502669));
#4266=CARTESIAN_POINT('Ctrl Pts',(119.96574203399,35.5,12.051811177505));
#4267=CARTESIAN_POINT('Ctrl Pts',(120.,35.5,11.7645088182508));
#4268=CARTESIAN_POINT('Ctrl Pts',(120.,35.5,11.5));
#4269=CARTESIAN_POINT('',(120.,35.5,16.5));
#4270=CARTESIAN_POINT('Origin',(55.,-20.,6.74999999999999));
#4271=CARTESIAN_POINT('',(30.,-17.5,3.5));
#4272=CARTESIAN_POINT('',(88.0445544554456,-23.3044554455446,3.49999999999999));
#4273=CARTESIAN_POINT('',(30.,-17.5,16.5));
#4274=CARTESIAN_POINT('',(30.,-17.5,6.74999999999999));
#4275=CARTESIAN_POINT('',(83.6881188118812,-22.8688118811881,16.5));
#4276=CARTESIAN_POINT('Origin',(55.,33.,13.25));
#4277=CARTESIAN_POINT('',(30.,30.5,16.5));
#4278=CARTESIAN_POINT('',(88.0445544554455,36.3044554455446,16.5));
#4279=CARTESIAN_POINT('',(30.,30.5,3.50000000000001));
#4280=CARTESIAN_POINT('',(30.,30.5,13.25));
#4281=CARTESIAN_POINT('',(83.6881188118812,35.8688118811881,3.50000000000001));
#4282=CARTESIAN_POINT('Origin',(80.,-10.3333333333334,8.49999999999998));
#4283=CARTESIAN_POINT('',(80.0000000000001,45.5,3.50000000000001));
#4284=CARTESIAN_POINT('Origin',(80.,-10.3333333333334,3.5));
#4285=CARTESIAN_POINT('',(80.,50.5,8.49999999999999));
#4286=CARTESIAN_POINT('Origin',(80.0000000000001,45.5,8.49999999999999));
#4287=CARTESIAN_POINT('Origin',(80.,-10.3333333333334,8.49999999999998));
#4288=CARTESIAN_POINT('Origin',(80.,-10.3333333333334,16.5));
#4289=CARTESIAN_POINT('',(80.,50.5,11.5000000000001));
#4290=CARTESIAN_POINT('',(80.,50.5,16.5));
#4291=CARTESIAN_POINT('Origin',(80.,-10.3333333333334,11.5));
#4292=CARTESIAN_POINT('Origin',(80.0000000000001,41.5,16.5));
#4293=CARTESIAN_POINT('',(80.0000000000001,41.5,3.49999999999999));
#4294=CARTESIAN_POINT('',(80.,2.,3.5));
#4295=CARTESIAN_POINT('',(80.0000000000001,41.5,16.5));
#4296=CARTESIAN_POINT('',(80.0000000000001,41.5,16.5));
#4297=CARTESIAN_POINT('',(80.0000000000001,45.5,16.5));
#4298=CARTESIAN_POINT('',(80.0000000000001,46.,16.5));
#4299=CARTESIAN_POINT('Origin',(80.0000000000001,45.5,11.5));
#4300=CARTESIAN_POINT('Origin',(80.,-10.3333333333334,11.5));
#4301=CARTESIAN_POINT('Origin',(80.,-10.3333333333334,16.5));
#4302=CARTESIAN_POINT('Origin',(80.,23.3333333333334,8.50000000000001));
#4303=CARTESIAN_POINT('',(80.0000000000001,-37.5,8.5));
#4304=CARTESIAN_POINT('Origin',(80.,23.3333333333334,8.50000000000001));
#4305=CARTESIAN_POINT('',(80.0000000000001,-32.5,3.49999999999999));
#4306=CARTESIAN_POINT('Origin',(80.0000000000001,-32.5,8.5));
#4307=CARTESIAN_POINT('Origin',(80.,23.3333333333334,3.5));
#4308=CARTESIAN_POINT('Origin',(80.,23.3333333333333,16.5));
#4309=CARTESIAN_POINT('',(80.0000000000001,-37.5,11.5));
#4310=CARTESIAN_POINT('Origin',(80.,23.3333333333333,11.5));
#4311=CARTESIAN_POINT('',(80.0000000000001,-37.5,16.5));
#4312=CARTESIAN_POINT('Origin',(80.,23.3333333333333,11.5));
#4313=CARTESIAN_POINT('',(80.0000000000001,-32.5,16.5));
#4314=CARTESIAN_POINT('Origin',(80.,23.3333333333333,16.5));
#4315=CARTESIAN_POINT('Origin',(80.0000000000001,-32.5,11.5));
#4316=CARTESIAN_POINT('Origin',(30.,41.5,16.5));
#4317=CARTESIAN_POINT('',(30.,41.5,3.49999999999999));
#4318=CARTESIAN_POINT('',(75.0000000000001,41.5,3.50000000000001));
#4319=CARTESIAN_POINT('',(30.,41.5,16.5));
#4320=CARTESIAN_POINT('',(30.,41.5,16.5));
#4321=CARTESIAN_POINT('',(75.,41.5,16.5));
#4322=CARTESIAN_POINT('Origin',(120.,-37.5,3.49999999999999));
#4323=CARTESIAN_POINT('',(30.,50.5,3.50000000000001));
#4324=CARTESIAN_POINT('Origin',(80.,-28.5,16.5));
#4325=CARTESIAN_POINT('',(80.,-28.5,16.5));
#4326=CARTESIAN_POINT('',(80.,11.,16.5));
#4327=CARTESIAN_POINT('',(80.,-28.5,3.49999999999999));
#4328=CARTESIAN_POINT('',(80.,-28.5,16.5));
#4329=CARTESIAN_POINT('',(80.,-33.,3.49999999999999));
#4330=CARTESIAN_POINT('Origin',(30.,-28.5,16.5));
#4331=CARTESIAN_POINT('',(30.,-28.5,3.49999999999999));
#4332=CARTESIAN_POINT('',(75.,-28.5,3.49999999999999));
#4333=CARTESIAN_POINT('',(30.,-28.5,16.5));
#4334=CARTESIAN_POINT('',(75.,-28.5,16.5));
#4335=CARTESIAN_POINT('',(30.,-28.5,16.5));
#4336=CARTESIAN_POINT('Origin',(120.,50.5,16.5));
#4337=CARTESIAN_POINT('',(30.,-37.5,16.5));
#4338=CARTESIAN_POINT('Origin',(120.,1.33226762955019E-14,16.5));
#4339=CARTESIAN_POINT('',(30.,-1.77635683940025E-14,16.5));
#4340=CARTESIAN_POINT('',(120.,8.88178419700125E-15,16.5));
#4341=CARTESIAN_POINT('',(30.,-3.33066907387546E-15,13.25));
#4342=CARTESIAN_POINT('Origin',(120.,-37.5,3.49999999999999));
#4343=CARTESIAN_POINT('',(30.,50.5,3.50000000000001));
#4344=CARTESIAN_POINT('Origin',(120.,50.5,16.5));
#4345=CARTESIAN_POINT('',(30.,-37.5,16.5));
#4346=CARTESIAN_POINT('Origin',(120.,50.5,16.5));
#4347=CARTESIAN_POINT('',(30.,-37.5,16.5));
#4348=CARTESIAN_POINT('Origin',(30.,6.49999999999999,10.));
#4349=CARTESIAN_POINT('',(30.,54.,20.));
#4350=CARTESIAN_POINT('',(30.,54.,5.));
#4351=CARTESIAN_POINT('',(30.,16.75,20.));
#4352=CARTESIAN_POINT('Origin',(11.25,40.5,18.75));
#4353=CARTESIAN_POINT('',(12.5,54.,20.));
#4354=CARTESIAN_POINT('',(12.5,40.5,20.));
#4355=CARTESIAN_POINT('',(2.49999999999999,54.,10.));
#4356=CARTESIAN_POINT('Origin',(-54.,1.44087766039494E-14,0.));
#4357=CARTESIAN_POINT('',(-54.,1.44087766039494E-14,0.));
#4358=CARTESIAN_POINT('',(-54.,-1.99999999999999,10.));
#4359=CARTESIAN_POINT('',(-54.,-1.99999999999999,0.));
#4360=CARTESIAN_POINT('',(-54.,-39.,10.));
#4361=CARTESIAN_POINT('',(-54.,-10.25,10.));
#4362=CARTESIAN_POINT('',(-54.,-39.,0.));
#4363=CARTESIAN_POINT('Origin',(0.,0.,0.));
#4364=CARTESIAN_POINT('',(-41.,-4.44089209850063E-15,0.));
#4365=CARTESIAN_POINT('Origin',(-41.,54.,0.));
#4366=CARTESIAN_POINT('',(-41.,54.,0.));
#4367=CARTESIAN_POINT('Origin',(-12.85,-31.1454482671904,20.));
#4368=CARTESIAN_POINT('',(-10.,-32.7908965343809,13.));
#4369=CARTESIAN_POINT('',(-10.,-32.7908965343809,20.));
#4370=CARTESIAN_POINT('',(-12.85,-31.1454482671904,13.));
#4371=CARTESIAN_POINT('',(-10.,-32.7908965343809,13.));
#4372=CARTESIAN_POINT('',(-12.85,-31.1454482671904,20.));
#4373=CARTESIAN_POINT('Origin',(-10.,-32.7908965343809,20.));
#4374=CARTESIAN_POINT('',(-7.15,-31.1454482671904,13.));
#4375=CARTESIAN_POINT('',(-7.15,-31.1454482671904,20.));
#4376=CARTESIAN_POINT('',(-7.15,-31.1454482671904,13.));
#4377=CARTESIAN_POINT('Origin',(-7.15,-31.1454482671904,20.));
#4378=CARTESIAN_POINT('',(-7.15,-27.8545517328096,13.));
#4379=CARTESIAN_POINT('',(-7.15,-27.8545517328096,20.));
#4380=CARTESIAN_POINT('',(-7.15,-27.8545517328096,13.));
#4381=CARTESIAN_POINT('Origin',(-41.15,-31.1454482671904,20.));
#4382=CARTESIAN_POINT('',(-41.15,-27.8545517328095,13.));
#4383=CARTESIAN_POINT('',(-41.15,-27.8545517328095,20.));
#4384=CARTESIAN_POINT('',(-41.15,-31.1454482671904,13.));
#4385=CARTESIAN_POINT('',(-41.15,-27.8545517328095,13.));
#4386=CARTESIAN_POINT('',(-41.15,-31.1454482671904,20.));
#4387=CARTESIAN_POINT('Origin',(-41.15,-27.8545517328095,20.));
#4388=CARTESIAN_POINT('',(-44.,-26.2091034656191,13.));
#4389=CARTESIAN_POINT('',(-44.,-26.2091034656191,20.));
#4390=CARTESIAN_POINT('',(-44.,-26.2091034656191,13.));
#4391=CARTESIAN_POINT('Origin',(-44.,-26.2091034656191,20.));
#4392=CARTESIAN_POINT('',(-46.85,-27.8545517328096,13.));
#4393=CARTESIAN_POINT('',(-46.85,-27.8545517328096,20.));
#4394=CARTESIAN_POINT('',(-46.85,-27.8545517328096,13.));
#4395=CARTESIAN_POINT('Origin',(-12.85,-9.85455173280955,20.));
#4396=CARTESIAN_POINT('',(-12.85,-9.85455173280955,13.));
#4397=CARTESIAN_POINT('',(-12.85,-9.85455173280955,20.));
#4398=CARTESIAN_POINT('',(-10.,-8.20910346561912,13.));
#4399=CARTESIAN_POINT('',(-10.,-8.20910346561912,13.));
#4400=CARTESIAN_POINT('',(-10.,-8.20910346561912,20.));
#4401=CARTESIAN_POINT('Origin',(-12.85,-13.1454482671904,20.));
#4402=CARTESIAN_POINT('',(-12.85,-13.1454482671904,13.));
#4403=CARTESIAN_POINT('',(-12.85,-13.1454482671904,20.));
#4404=CARTESIAN_POINT('',(-12.85,-9.85455173280955,13.));
#4405=CARTESIAN_POINT('Origin',(-10.,-14.7908965343809,20.));
#4406=CARTESIAN_POINT('',(-10.,-14.7908965343809,13.));
#4407=CARTESIAN_POINT('',(-10.,-14.7908965343809,20.));
#4408=CARTESIAN_POINT('',(-12.85,-13.1454482671904,13.));
#4409=CARTESIAN_POINT('Origin',(-41.15,-9.85455173280956,20.));
#4410=CARTESIAN_POINT('',(-41.15,-9.85455173280956,13.));
#4411=CARTESIAN_POINT('',(-41.15,-9.85455173280956,20.));
#4412=CARTESIAN_POINT('',(-41.15,-13.1454482671904,13.));
#4413=CARTESIAN_POINT('',(-41.15,-13.1454482671904,13.));
#4414=CARTESIAN_POINT('',(-41.15,-13.1454482671904,20.));
#4415=CARTESIAN_POINT('Origin',(-44.,-8.20910346561912,20.));
#4416=CARTESIAN_POINT('',(-44.,-8.20910346561912,13.));
#4417=CARTESIAN_POINT('',(-44.,-8.20910346561912,20.));
#4418=CARTESIAN_POINT('',(-41.15,-9.85455173280956,13.));
#4419=CARTESIAN_POINT('Origin',(-46.85,-9.85455173280955,20.));
#4420=CARTESIAN_POINT('',(-46.85,-9.85455173280955,13.));
#4421=CARTESIAN_POINT('',(-46.85,-9.85455173280955,20.));
#4422=CARTESIAN_POINT('',(-44.,-8.20910346561912,13.));
#4423=CARTESIAN_POINT('Origin',(-31.1454482671904,12.85,20.));
#4424=CARTESIAN_POINT('',(-32.7908965343809,10.,13.));
#4425=CARTESIAN_POINT('',(-32.7908965343809,10.,20.));
#4426=CARTESIAN_POINT('',(-31.1454482671904,12.85,13.));
#4427=CARTESIAN_POINT('',(-32.7908965343809,10.,13.));
#4428=CARTESIAN_POINT('',(-31.1454482671904,12.85,20.));
#4429=CARTESIAN_POINT('Origin',(-32.7908965343809,10.,20.));
#4430=CARTESIAN_POINT('',(-31.1454482671904,7.15,13.));
#4431=CARTESIAN_POINT('',(-31.1454482671904,7.15,20.));
#4432=CARTESIAN_POINT('',(-31.1454482671904,7.15,13.));
#4433=CARTESIAN_POINT('Origin',(-31.1454482671904,7.15,20.));
#4434=CARTESIAN_POINT('',(-27.8545517328096,7.15,13.));
#4435=CARTESIAN_POINT('',(-27.8545517328096,7.15,20.));
#4436=CARTESIAN_POINT('',(-27.8545517328096,7.15,13.));
#4437=CARTESIAN_POINT('Origin',(-31.1454482671904,41.15,20.));
#4438=CARTESIAN_POINT('',(-27.8545517328096,41.15,13.));
#4439=CARTESIAN_POINT('',(-27.8545517328096,41.15,20.));
#4440=CARTESIAN_POINT('',(-31.1454482671904,41.15,13.));
#4441=CARTESIAN_POINT('',(-27.8545517328096,41.15,13.));
#4442=CARTESIAN_POINT('',(-31.1454482671904,41.15,20.));
#4443=CARTESIAN_POINT('Origin',(-27.8545517328096,41.15,20.));
#4444=CARTESIAN_POINT('',(-26.2091034656191,44.,13.));
#4445=CARTESIAN_POINT('',(-26.2091034656191,44.,20.));
#4446=CARTESIAN_POINT('',(-26.2091034656191,44.,13.));
#4447=CARTESIAN_POINT('Origin',(-26.2091034656191,44.,20.));
#4448=CARTESIAN_POINT('',(-27.8545517328096,46.85,13.));
#4449=CARTESIAN_POINT('',(-27.8545517328096,46.85,20.));
#4450=CARTESIAN_POINT('',(-27.8545517328096,46.85,13.));
#4451=CARTESIAN_POINT('Origin',(-9.85455173280956,12.85,20.));
#4452=CARTESIAN_POINT('',(-9.85455173280956,12.85,13.));
#4453=CARTESIAN_POINT('',(-9.85455173280956,12.85,20.));
#4454=CARTESIAN_POINT('',(-8.20910346561912,10.,13.));
#4455=CARTESIAN_POINT('',(-8.20910346561912,10.,13.));
#4456=CARTESIAN_POINT('',(-8.20910346561912,10.,20.));
#4457=CARTESIAN_POINT('Origin',(-13.1454482671904,12.85,20.));
#4458=CARTESIAN_POINT('',(-13.1454482671904,12.85,13.));
#4459=CARTESIAN_POINT('',(-13.1454482671904,12.85,20.));
#4460=CARTESIAN_POINT('',(-9.85455173280956,12.85,13.));
#4461=CARTESIAN_POINT('Origin',(-14.7908965343809,10.,20.));
#4462=CARTESIAN_POINT('',(-14.7908965343809,10.,13.));
#4463=CARTESIAN_POINT('',(-14.7908965343809,10.,20.));
#4464=CARTESIAN_POINT('',(-13.1454482671904,12.85,13.));
#4465=CARTESIAN_POINT('Origin',(-9.85455173280956,41.15,20.));
#4466=CARTESIAN_POINT('',(-9.85455173280956,41.15,13.));
#4467=CARTESIAN_POINT('',(-9.85455173280956,41.15,20.));
#4468=CARTESIAN_POINT('',(-13.1454482671904,41.15,13.));
#4469=CARTESIAN_POINT('',(-13.1454482671904,41.15,13.));
#4470=CARTESIAN_POINT('',(-13.1454482671904,41.15,20.));
#4471=CARTESIAN_POINT('Origin',(-8.20910346561912,44.,20.));
#4472=CARTESIAN_POINT('',(-8.20910346561912,44.,13.));
#4473=CARTESIAN_POINT('',(-8.20910346561912,44.,20.));
#4474=CARTESIAN_POINT('',(-9.85455173280956,41.15,13.));
#4475=CARTESIAN_POINT('Origin',(-9.85455173280956,46.85,20.));
#4476=CARTESIAN_POINT('',(-9.85455173280956,46.85,13.));
#4477=CARTESIAN_POINT('',(-9.85455173280956,46.85,20.));
#4478=CARTESIAN_POINT('',(-8.20910346561912,44.,13.));
#4479=CARTESIAN_POINT('Origin',(1.93036616024855E-15,-41.,20.));
#4480=CARTESIAN_POINT('',(-8.52409651544659E-15,-39.,10.));
#4481=CARTESIAN_POINT('',(-8.88178419700125E-15,-39.,0.));
#4482=CARTESIAN_POINT('',(5.38289798243822E-16,-2.,10.));
#4483=CARTESIAN_POINT('',(-2.22044604925031E-15,-10.25,10.));
#4484=CARTESIAN_POINT('',(-4.11193712824132E-16,-2.,0.));
#4485=CARTESIAN_POINT('Origin',(-7.15,-27.8545517328096,20.));
#4486=CARTESIAN_POINT('',(-10.,-26.2091034656191,13.));
#4487=CARTESIAN_POINT('',(-10.,-26.2091034656191,20.));
#4488=CARTESIAN_POINT('',(-10.,-26.2091034656191,13.));
#4489=CARTESIAN_POINT('Origin',(-12.85,-27.8545517328096,20.));
#4490=CARTESIAN_POINT('',(-12.85,-27.8545517328096,13.));
#4491=CARTESIAN_POINT('',(-12.85,-31.1454482671904,13.));
#4492=CARTESIAN_POINT('',(-12.85,-27.8545517328096,20.));
#4493=CARTESIAN_POINT('Origin',(-10.,-26.2091034656191,20.));
#4494=CARTESIAN_POINT('',(-12.85,-27.8545517328096,13.));
#4495=CARTESIAN_POINT('Origin',(-10.,-29.5,13.));
#4496=CARTESIAN_POINT('',(-10.,-31.1,13.));
#4497=CARTESIAN_POINT('Origin',(-10.,-29.5,13.));
#4498=CARTESIAN_POINT('Origin',(-10.,-29.5,10.));
#4499=CARTESIAN_POINT('',(-10.,-31.1,10.));
#4500=CARTESIAN_POINT('Origin',(-10.,-29.5,10.));
#4501=CARTESIAN_POINT('',(-10.,-31.1,10.));
#4502=CARTESIAN_POINT('Origin',(-46.85,-27.8545517328096,20.));
#4503=CARTESIAN_POINT('',(-46.85,-31.1454482671904,13.));
#4504=CARTESIAN_POINT('',(-46.85,-31.1454482671904,20.));
#4505=CARTESIAN_POINT('',(-46.85,-31.1454482671904,13.));
#4506=CARTESIAN_POINT('Origin',(-44.,-32.7908965343809,20.));
#4507=CARTESIAN_POINT('',(-44.,-32.7908965343809,13.));
#4508=CARTESIAN_POINT('',(-41.15,-31.1454482671904,13.));
#4509=CARTESIAN_POINT('',(-44.,-32.7908965343809,20.));
#4510=CARTESIAN_POINT('Origin',(-46.85,-31.1454482671904,20.));
#4511=CARTESIAN_POINT('',(-44.,-32.7908965343809,13.));
#4512=CARTESIAN_POINT('Origin',(-44.,-29.5,13.));
#4513=CARTESIAN_POINT('',(-44.,-31.1,13.));
#4514=CARTESIAN_POINT('Origin',(-44.,-29.5,13.));
#4515=CARTESIAN_POINT('Origin',(-44.,-29.5,10.));
#4516=CARTESIAN_POINT('',(-44.,-31.1,10.));
#4517=CARTESIAN_POINT('Origin',(-44.,-29.5,10.));
#4518=CARTESIAN_POINT('',(-44.,-31.1,10.));
#4519=CARTESIAN_POINT('Origin',(-7.15,-13.1454482671904,20.));
#4520=CARTESIAN_POINT('',(-7.15,-13.1454482671904,13.));
#4521=CARTESIAN_POINT('',(-7.15,-13.1454482671904,20.));
#4522=CARTESIAN_POINT('',(-10.,-14.7908965343809,13.));
#4523=CARTESIAN_POINT('Origin',(-7.15,-9.85455173280956,20.));
#4524=CARTESIAN_POINT('',(-7.15,-9.85455173280956,13.));
#4525=CARTESIAN_POINT('',(-7.15,-9.85455173280956,20.));
#4526=CARTESIAN_POINT('',(-7.15,-13.1454482671904,13.));
#4527=CARTESIAN_POINT('Origin',(-10.,-8.20910346561912,20.));
#4528=CARTESIAN_POINT('',(-7.15,-9.85455173280956,13.));
#4529=CARTESIAN_POINT('Origin',(-10.,-11.5,13.));
#4530=CARTESIAN_POINT('',(-10.,-9.89999999999999,13.));
#4531=CARTESIAN_POINT('Origin',(-10.,-11.5,13.));
#4532=CARTESIAN_POINT('Origin',(-46.85,-13.1454482671904,20.));
#4533=CARTESIAN_POINT('',(-46.85,-13.1454482671904,13.));
#4534=CARTESIAN_POINT('',(-46.85,-13.1454482671904,20.));
#4535=CARTESIAN_POINT('',(-46.85,-9.85455173280955,13.));
#4536=CARTESIAN_POINT('Origin',(-44.,-14.7908965343809,20.));
#4537=CARTESIAN_POINT('',(-44.,-14.7908965343809,13.));
#4538=CARTESIAN_POINT('',(-44.,-14.7908965343809,20.));
#4539=CARTESIAN_POINT('',(-46.85,-13.1454482671904,13.));
#4540=CARTESIAN_POINT('Origin',(-41.15,-13.1454482671904,20.));
#4541=CARTESIAN_POINT('',(-44.,-14.7908965343809,13.));
#4542=CARTESIAN_POINT('Origin',(-44.,-11.5,13.));
#4543=CARTESIAN_POINT('',(-44.,-9.89999999999999,13.));
#4544=CARTESIAN_POINT('Origin',(-44.,-11.5,13.));
#4545=CARTESIAN_POINT('Origin',(-44.,-11.5,10.));
#4546=CARTESIAN_POINT('',(-44.,-9.89999999999999,10.));
#4547=CARTESIAN_POINT('Origin',(-44.,-11.5,10.));
#4548=CARTESIAN_POINT('',(-44.,-9.89999999999999,10.));
#4549=CARTESIAN_POINT('Origin',(-10.,-11.5,10.));
#4550=CARTESIAN_POINT('',(-10.,-9.89999999999999,10.));
#4551=CARTESIAN_POINT('Origin',(-10.,-11.5,10.));
#4552=CARTESIAN_POINT('',(-10.,-9.89999999999999,10.));
#4553=CARTESIAN_POINT('Origin',(-54.,-39.,0.));
#4554=CARTESIAN_POINT('',(-1.12698454553386E-14,-39.,10.));
#4555=CARTESIAN_POINT('Origin',(-1.22464679914735E-16,-2.,0.));
#4556=CARTESIAN_POINT('',(-54.,-1.99999999999999,10.));
#4557=CARTESIAN_POINT('Origin',(-27.,-20.5,10.));
#4558=CARTESIAN_POINT('Origin',(0.,0.,0.));
#4559=CARTESIAN_POINT('',(-39.,6.13603525710925E-15,10.));
#4560=CARTESIAN_POINT('',(-39.,-4.44089209850063E-15,0.));
#4561=CARTESIAN_POINT('',(-2.,-6.60754478158558E-16,10.));
#4562=CARTESIAN_POINT('',(-30.75,-2.22044604925031E-15,10.));
#4563=CARTESIAN_POINT('',(-2.,-2.16628882853689E-16,0.));
#4564=CARTESIAN_POINT('Origin',(-27.8545517328096,7.15,20.));
#4565=CARTESIAN_POINT('',(-26.2091034656191,10.,13.));
#4566=CARTESIAN_POINT('',(-26.2091034656191,10.,20.));
#4567=CARTESIAN_POINT('',(-26.2091034656191,10.,13.));
#4568=CARTESIAN_POINT('Origin',(-27.8545517328096,12.85,20.));
#4569=CARTESIAN_POINT('',(-27.8545517328096,12.85,13.));
#4570=CARTESIAN_POINT('',(-31.1454482671904,12.85,13.));
#4571=CARTESIAN_POINT('',(-27.8545517328096,12.85,20.));
#4572=CARTESIAN_POINT('Origin',(-26.2091034656191,10.,20.));
#4573=CARTESIAN_POINT('',(-27.8545517328096,12.85,13.));
#4574=CARTESIAN_POINT('Origin',(-29.5,10.,13.));
#4575=CARTESIAN_POINT('',(-31.1,10.,13.));
#4576=CARTESIAN_POINT('Origin',(-29.5,10.,13.));
#4577=CARTESIAN_POINT('Origin',(-29.5,10.,10.));
#4578=CARTESIAN_POINT('',(-31.1,10.,10.));
#4579=CARTESIAN_POINT('Origin',(-29.5,10.,10.));
#4580=CARTESIAN_POINT('',(-31.1,10.,10.));
#4581=CARTESIAN_POINT('Origin',(-27.8545517328096,46.85,20.));
#4582=CARTESIAN_POINT('',(-31.1454482671904,46.85,13.));
#4583=CARTESIAN_POINT('',(-31.1454482671904,46.85,20.));
#4584=CARTESIAN_POINT('',(-31.1454482671904,46.85,13.));
#4585=CARTESIAN_POINT('Origin',(-32.7908965343809,44.,20.));
#4586=CARTESIAN_POINT('',(-32.7908965343809,44.,13.));
#4587=CARTESIAN_POINT('',(-31.1454482671904,41.15,13.));
#4588=CARTESIAN_POINT('',(-32.7908965343809,44.,20.));
#4589=CARTESIAN_POINT('Origin',(-31.1454482671904,46.85,20.));
#4590=CARTESIAN_POINT('',(-32.7908965343809,44.,13.));
#4591=CARTESIAN_POINT('Origin',(-29.5,44.,13.));
#4592=CARTESIAN_POINT('',(-31.1,44.,13.));
#4593=CARTESIAN_POINT('Origin',(-29.5,44.,13.));
#4594=CARTESIAN_POINT('Origin',(-29.5,44.,10.));
#4595=CARTESIAN_POINT('',(-31.1,44.,10.));
#4596=CARTESIAN_POINT('Origin',(-29.5,44.,10.));
#4597=CARTESIAN_POINT('',(-31.1,44.,10.));
#4598=CARTESIAN_POINT('Origin',(-13.1454482671904,7.15,20.));
#4599=CARTESIAN_POINT('',(-13.1454482671904,7.15,13.));
#4600=CARTESIAN_POINT('',(-13.1454482671904,7.15,20.));
#4601=CARTESIAN_POINT('',(-14.7908965343809,10.,13.));
#4602=CARTESIAN_POINT('Origin',(-9.85455173280956,7.14999999999999,20.));
#4603=CARTESIAN_POINT('',(-9.85455173280956,7.14999999999999,13.));
#4604=CARTESIAN_POINT('',(-9.85455173280956,7.14999999999999,20.));
#4605=CARTESIAN_POINT('',(-13.1454482671904,7.15,13.));
#4606=CARTESIAN_POINT('Origin',(-8.20910346561912,10.,20.));
#4607=CARTESIAN_POINT('',(-9.85455173280956,7.14999999999999,13.));
#4608=CARTESIAN_POINT('Origin',(-11.5,10.,13.));
#4609=CARTESIAN_POINT('',(-9.89999999999999,10.,13.));
#4610=CARTESIAN_POINT('Origin',(-11.5,10.,13.));
#4611=CARTESIAN_POINT('Origin',(-13.1454482671904,46.85,20.));
#4612=CARTESIAN_POINT('',(-13.1454482671904,46.85,13.));
#4613=CARTESIAN_POINT('',(-13.1454482671904,46.85,20.));
#4614=CARTESIAN_POINT('',(-9.85455173280956,46.85,13.));
#4615=CARTESIAN_POINT('Origin',(-14.7908965343809,44.,20.));
#4616=CARTESIAN_POINT('',(-14.7908965343809,44.,13.));
#4617=CARTESIAN_POINT('',(-14.7908965343809,44.,20.));
#4618=CARTESIAN_POINT('',(-13.1454482671904,46.85,13.));
#4619=CARTESIAN_POINT('Origin',(-13.1454482671904,41.15,20.));
#4620=CARTESIAN_POINT('',(-14.7908965343809,44.,13.));
#4621=CARTESIAN_POINT('Origin',(-11.5,44.,13.));
#4622=CARTESIAN_POINT('',(-9.89999999999999,44.,13.));
#4623=CARTESIAN_POINT('Origin',(-11.5,44.,13.));
#4624=CARTESIAN_POINT('Origin',(-11.5,44.,10.));
#4625=CARTESIAN_POINT('',(-9.89999999999999,44.,10.));
#4626=CARTESIAN_POINT('Origin',(-11.5,44.,10.));
#4627=CARTESIAN_POINT('',(-9.89999999999999,44.,10.));
#4628=CARTESIAN_POINT('Origin',(-11.5,10.,10.));
#4629=CARTESIAN_POINT('',(-9.89999999999999,10.,10.));
#4630=CARTESIAN_POINT('Origin',(-11.5,10.,10.));
#4631=CARTESIAN_POINT('',(-9.89999999999999,10.,10.));
#4632=CARTESIAN_POINT('Origin',(-39.,54.,0.));
#4633=CARTESIAN_POINT('',(-39.,54.,10.));
#4634=CARTESIAN_POINT('',(-39.,54.,0.));
#4635=CARTESIAN_POINT('',(-39.,8.88178419700125E-15,10.));
#4636=CARTESIAN_POINT('Origin',(-2.,0.,0.));
#4637=CARTESIAN_POINT('',(-1.99999999999999,54.,10.));
#4638=CARTESIAN_POINT('',(-1.99999999999999,54.,10.));
#4639=CARTESIAN_POINT('',(-1.99999999999999,54.,0.));
#4640=CARTESIAN_POINT('Origin',(-20.5,27.,10.));
#4641=CARTESIAN_POINT('',(-10.25,54.,10.));
#4642=CARTESIAN_POINT('Origin',(1.11022302462516E-14,54.,0.));
#4643=CARTESIAN_POINT('',(120.,54.,20.));
#4644=CARTESIAN_POINT('Origin',(-20.5,27.,20.));
#4645=UNCERTAINTY_MEASURE_WITH_UNIT(LENGTH_MEASURE(0.01),#4649,
'DISTANCE_ACCURACY_VALUE',
'Maximum model space distance between geometric entities at asserted c
onnectivities');
#4646=UNCERTAINTY_MEASURE_WITH_UNIT(LENGTH_MEASURE(0.01),#4649,
'DISTANCE_ACCURACY_VALUE',
'Maximum model space distance between geometric entities at asserted c
onnectivities');
#4647=(
GEOMETRIC_REPRESENTATION_CONTEXT(3)
GLOBAL_UNCERTAINTY_ASSIGNED_CONTEXT((#4645))
GLOBAL_UNIT_ASSIGNED_CONTEXT((#4649,#4651,#4652))
REPRESENTATION_CONTEXT('','3D')
);
#4648=(
GEOMETRIC_REPRESENTATION_CONTEXT(3)
GLOBAL_UNCERTAINTY_ASSIGNED_CONTEXT((#4646))
GLOBAL_UNIT_ASSIGNED_CONTEXT((#4649,#4651,#4652))
REPRESENTATION_CONTEXT('','3D')
);
#4649=(
LENGTH_UNIT()
NAMED_UNIT(*)
SI_UNIT(.MILLI.,.METRE.)
);
#4650=(
LENGTH_UNIT()
NAMED_UNIT(*)
SI_UNIT(.CENTI.,.METRE.)
);
#4651=(
NAMED_UNIT(*)
PLANE_ANGLE_UNIT()
SI_UNIT($,.RADIAN.)
);
#4652=(
NAMED_UNIT(*)
SI_UNIT($,.STERADIAN.)
SOLID_ANGLE_UNIT()
);
#4653=SHAPE_DEFINITION_REPRESENTATION(#4654,#4655);
#4654=PRODUCT_DEFINITION_SHAPE('',$,#4657);
#4655=SHAPE_REPRESENTATION('',(#2869),#4647);
#4656=PRODUCT_DEFINITION_CONTEXT('part definition',#4661,'design');
#4657=PRODUCT_DEFINITION('buckle_male','buckle_male',#4658,#4656);
#4658=PRODUCT_DEFINITION_FORMATION('',$,#4663);
#4659=PRODUCT_RELATED_PRODUCT_CATEGORY('buckle_male','buckle_male',(#4663));
#4660=APPLICATION_PROTOCOL_DEFINITION('international standard',
'automotive_design',2009,#4661);
#4661=APPLICATION_CONTEXT(
'Core Data for Automotive Mechanical Design Process');
#4662=PRODUCT_CONTEXT('part definition',#4661,'mechanical');
#4663=PRODUCT('buckle_male','buckle_male',$,(#4662));
#4664=PRESENTATION_STYLE_ASSIGNMENT((#4666));
#4665=PRESENTATION_STYLE_ASSIGNMENT((#4667));
#4666=SURFACE_STYLE_USAGE(.BOTH.,#4672);
#4667=SURFACE_STYLE_USAGE(.BOTH.,#4673);
#4668=SURFACE_STYLE_RENDERING_WITH_PROPERTIES($,#4680,(#4670));
#4669=SURFACE_STYLE_RENDERING_WITH_PROPERTIES($,#4681,(#4671));
#4670=SURFACE_STYLE_TRANSPARENT(0.);
#4671=SURFACE_STYLE_TRANSPARENT(0.);
#4672=SURFACE_SIDE_STYLE('',(#4674,#4668));
#4673=SURFACE_SIDE_STYLE('',(#4675,#4669));
#4674=SURFACE_STYLE_FILL_AREA(#4676);
#4675=SURFACE_STYLE_FILL_AREA(#4677);
#4676=FILL_AREA_STYLE('',(#4678));
#4677=FILL_AREA_STYLE('',(#4679));
#4678=FILL_AREA_STYLE_COLOUR('',#4680);
#4679=FILL_AREA_STYLE_COLOUR('',#4681);
#4680=COLOUR_RGB('',0.749019607843137,0.749019607843137,0.749019607843137);
#4681=COLOUR_RGB('',0.352941176470588,0.352941176470588,0.352941176470588);
ENDSEC;
END-ISO-10303-21;
