ISO-10303-21;
HEADER;
/* Generated by software containing ST-Developer
 * from STEP Tools, Inc. (www.steptools.com) 
 */

FILE_DESCRIPTION(
/* description */ (''),
/* implementation_level */ '2;1');

FILE_NAME(
/* name */ 'handle_monitor.stp',
/* time_stamp */ '2026-01-23T14:07:38+09:00',
/* author */ ('hibik'),
/* organization */ (''),
/* preprocessor_version */ 'ST-DEVELOPER v20.1',
/* originating_system */ 'Autodesk Inventor 2026',
/* authorisation */ '');

FILE_SCHEMA (('AUTOMOTIVE_DESIGN { 1 0 10303 214 3 1 1 }'));
ENDSEC;

DATA;
#10=MECHANICAL_DESIGN_GEOMETRIC_PRESENTATION_REPRESENTATION('',(#13),#3296);
#11=SHAPE_REPRESENTATION_RELATIONSHIP('SRR','None',#3303,#12);
#12=ADVANCED_BREP_SHAPE_REPRESENTATION('',(#14),#3295);
#13=STYLED_ITEM('',(#3313),#14);
#14=MANIFOLD_SOLID_BREP('\X2\30BD30EA30C330C9\X0\1',#1197);
#15=TOROIDAL_SURFACE('',#1281,21.,1.);
#16=TOROIDAL_SURFACE('',#1299,19.,1.);
#17=TOROIDAL_SURFACE('',#1303,19.,1.);
#18=TOROIDAL_SURFACE('',#1314,19.,1.);
#19=TOROIDAL_SURFACE('',#1327,51.3111137805625,1.);
#20=TOROIDAL_SURFACE('',#1331,51.3111137805625,1.);
#21=TOROIDAL_SURFACE('',#1335,53.0431645881314,3.);
#22=CONICAL_SURFACE('',#1259,20.,0.523598775598299);
#23=FACE_BOUND('',#229,.T.);
#24=FACE_BOUND('',#232,.T.);
#25=FACE_BOUND('',#237,.T.);
#26=FACE_BOUND('',#241,.T.);
#27=FACE_BOUND('',#242,.T.);
#28=FACE_BOUND('',#261,.T.);
#29=CIRCLE('',#1224,7.43663125288917);
#30=CIRCLE('',#1225,7.43663125288917);
#31=CIRCLE('',#1228,14.1044273896817);
#32=CIRCLE('',#1229,14.1044273896817);
#33=CIRCLE('',#1232,3.5);
#34=CIRCLE('',#1233,3.5);
#35=CIRCLE('',#1235,1.75);
#36=CIRCLE('',#1237,3.5);
#37=CIRCLE('',#1238,3.5);
#38=CIRCLE('',#1239,3.5);
#39=CIRCLE('',#1241,1.75);
#40=CIRCLE('',#1244,1.75);
#41=CIRCLE('',#1246,1.75);
#42=CIRCLE('',#1250,53.0431645881314);
#43=CIRCLE('',#1255,51.3111137805625);
#44=CIRCLE('',#1256,51.3111137805625);
#45=CIRCLE('',#1258,29.8496691413899);
#46=CIRCLE('',#1261,1.);
#47=CIRCLE('',#1262,1.);
#48=CIRCLE('',#1263,0.999999999999997);
#49=CIRCLE('',#1265,1.);
#50=CIRCLE('',#1267,21.);
#51=CIRCLE('',#1268,19.);
#52=CIRCLE('',#1270,0.999999999999994);
#53=CIRCLE('',#1273,0.999999999999994);
#54=CIRCLE('',#1280,0.999999999999996);
#55=CIRCLE('',#1282,20.);
#56=CIRCLE('',#1284,1.00000000000001);
#57=CIRCLE('',#1287,1.);
#58=CIRCLE('',#1294,19.);
#59=CIRCLE('',#1300,20.);
#60=CIRCLE('',#1301,1.00000000000001);
#61=CIRCLE('',#1304,0.999999999999996);
#62=CIRCLE('',#1305,20.);
#63=CIRCLE('',#1307,0.999999999999996);
#64=CIRCLE('',#1308,1.);
#65=CIRCLE('',#1310,1.);
#66=CIRCLE('',#1311,1.);
#67=CIRCLE('',#1313,1.);
#68=CIRCLE('',#1315,20.);
#69=CIRCLE('',#1316,19.);
#70=CIRCLE('',#1317,1.00000000000002);
#71=CIRCLE('',#1320,0.999999999999999);
#72=CIRCLE('',#1323,0.999999999999997);
#73=CIRCLE('',#1324,0.999999999999998);
#74=CIRCLE('',#1328,0.999999999999996);
#75=CIRCLE('',#1329,50.4450883767781);
#76=CIRCLE('',#1330,1.);
#77=CIRCLE('',#1332,50.4450883767781);
#78=CIRCLE('',#1333,0.999999999999999);
#79=CIRCLE('',#1334,3.00000000000001);
#80=CIRCLE('',#1336,3.);
#81=CYLINDRICAL_SURFACE('',#1223,7.43663125288917);
#82=CYLINDRICAL_SURFACE('',#1227,14.1044273896817);
#83=CYLINDRICAL_SURFACE('',#1231,3.5);
#84=CYLINDRICAL_SURFACE('',#1236,3.5);
#85=CYLINDRICAL_SURFACE('',#1242,10.);
#86=CYLINDRICAL_SURFACE('',#1243,1.75);
#87=CYLINDRICAL_SURFACE('',#1245,1.75);
#88=CYLINDRICAL_SURFACE('',#1252,10.);
#89=CYLINDRICAL_SURFACE('',#1264,1.);
#90=CYLINDRICAL_SURFACE('',#1272,1.);
#91=CYLINDRICAL_SURFACE('',#1279,1.);
#92=CYLINDRICAL_SURFACE('',#1286,1.);
#93=CYLINDRICAL_SURFACE('',#1298,20.);
#94=CYLINDRICAL_SURFACE('',#1306,1.);
#95=CYLINDRICAL_SURFACE('',#1309,1.);
#96=CYLINDRICAL_SURFACE('',#1312,1.);
#97=CYLINDRICAL_SURFACE('',#1319,1.);
#98=CYLINDRICAL_SURFACE('',#1322,1.);
#99=CYLINDRICAL_SURFACE('',#1337,20.);
#100=CYLINDRICAL_SURFACE('',#1338,20.);
#101=CYLINDRICAL_SURFACE('',#1341,20.);
#102=ELLIPSE('',#1221,15.5590160664539,12.937386168381);
#103=ELLIPSE('',#1222,15.5590160664539,12.937386168381);
#104=ELLIPSE('',#1248,93.1317279763579,56.281192615135);
#105=ELLIPSE('',#1249,10.1542661188574,10.);
#106=ELLIPSE('',#1253,10.1542661188574,10.);
#107=ELLIPSE('',#1257,87.6813402584227,52.9874244477694);
#108=ELLIPSE('',#1269,22.1502549344121,21.);
#109=ELLIPSE('',#1271,21.204570112583,20.);
#110=ELLIPSE('',#1274,21.204570112583,20.);
#111=ELLIPSE('',#1275,22.1502549344121,21.);
#112=ELLIPSE('',#1277,20.0407068454205,19.);
#113=ELLIPSE('',#1278,20.0407068454205,19.);
#114=ELLIPSE('',#1283,22.1502549344121,21.);
#115=ELLIPSE('',#1285,21.204570112583,20.);
#116=ELLIPSE('',#1288,21.204570112583,20.);
#117=ELLIPSE('',#1289,22.1502549344121,21.);
#118=ELLIPSE('',#1291,20.0407068454205,19.);
#119=ELLIPSE('',#1292,20.0407068454205,19.);
#120=ELLIPSE('',#1296,8.36471367443373,8.);
#121=ELLIPSE('',#1297,2.09117841860843,2.);
#122=ELLIPSE('',#1302,20.991186980828,20.);
#123=ELLIPSE('',#1318,20.991186980828,20.);
#124=ELLIPSE('',#1321,20.991186980828,20.);
#125=ELLIPSE('',#1325,20.991186980828,20.);
#126=(
BOUNDED_SURFACE()
B_SPLINE_SURFACE(1,2,((#1798,#1799,#1800),(#1801,#1802,#1803)),
 .UNSPECIFIED.,.F.,.F.,.F.)
B_SPLINE_SURFACE_WITH_KNOTS((2,2),(3,3),(1.45565436822093E-14,0.0964071245632505),
(-1.93251756312087,-1.45432022440782),.UNSPECIFIED.)
GEOMETRIC_REPRESENTATION_ITEM()
RATIONAL_B_SPLINE_SURFACE(((1.,0.971551828928286,1.),(1.,0.971551828928286,
1.)))
REPRESENTATION_ITEM('')
SURFACE()
);
#127=(
BOUNDED_SURFACE()
B_SPLINE_SURFACE(1,2,((#2118,#2119,#2120),(#2121,#2122,#2123)),
 .UNSPECIFIED.,.F.,.F.,.F.)
B_SPLINE_SURFACE_WITH_KNOTS((2,2),(3,3),(4.48936618719277,4.51428837697656),
(-2.81962665287204,-2.76142651074057),.UNSPECIFIED.)
GEOMETRIC_REPRESENTATION_ITEM()
RATIONAL_B_SPLINE_SURFACE(((1.,0.999576622810065,1.),(1.,0.999576622810065,
1.)))
REPRESENTATION_ITEM('')
SURFACE()
);
#128=(
BOUNDED_SURFACE()
B_SPLINE_SURFACE(1,2,((#3050,#3051,#3052),(#3053,#3054,#3055)),
 .UNSPECIFIED.,.F.,.F.,.F.)
B_SPLINE_SURFACE_WITH_KNOTS((2,2),(3,3),(-2.04661343591136E-16,0.239099636621502),
(-1.5707963267949,1.94289029309402E-16),.UNSPECIFIED.)
GEOMETRIC_REPRESENTATION_ITEM()
RATIONAL_B_SPLINE_SURFACE(((1.,0.707106781186547,1.),(1.,0.707106781186547,
1.)))
REPRESENTATION_ITEM('')
SURFACE()
);
#129=(
BOUNDED_SURFACE()
B_SPLINE_SURFACE(1,2,((#3056,#3057,#3058),(#3059,#3060,#3061)),
 .UNSPECIFIED.,.F.,.F.,.F.)
B_SPLINE_SURFACE_WITH_KNOTS((2,2),(3,3),(0.,0.956398546486002),(-1.07292639048232E-15,
1.5707963267949),.UNSPECIFIED.)
GEOMETRIC_REPRESENTATION_ITEM()
RATIONAL_B_SPLINE_SURFACE(((1.,0.707106781186547,1.),(1.,0.707106781186547,
1.)))
REPRESENTATION_ITEM('')
SURFACE()
);
#130=PLANE('',#1220);
#131=PLANE('',#1226);
#132=PLANE('',#1230);
#133=PLANE('',#1234);
#134=PLANE('',#1240);
#135=PLANE('',#1247);
#136=PLANE('',#1251);
#137=PLANE('',#1254);
#138=PLANE('',#1260);
#139=PLANE('',#1266);
#140=PLANE('',#1276);
#141=PLANE('',#1290);
#142=PLANE('',#1293);
#143=PLANE('',#1295);
#144=PLANE('',#1326);
#145=PLANE('',#1339);
#146=PLANE('',#1340);
#147=PLANE('',#1342);
#148=FACE_OUTER_BOUND('',#219,.T.);
#149=FACE_OUTER_BOUND('',#220,.T.);
#150=FACE_OUTER_BOUND('',#221,.T.);
#151=FACE_OUTER_BOUND('',#222,.T.);
#152=FACE_OUTER_BOUND('',#223,.T.);
#153=FACE_OUTER_BOUND('',#224,.T.);
#154=FACE_OUTER_BOUND('',#225,.T.);
#155=FACE_OUTER_BOUND('',#226,.T.);
#156=FACE_OUTER_BOUND('',#227,.T.);
#157=FACE_OUTER_BOUND('',#228,.T.);
#158=FACE_OUTER_BOUND('',#230,.T.);
#159=FACE_OUTER_BOUND('',#231,.T.);
#160=FACE_OUTER_BOUND('',#233,.T.);
#161=FACE_OUTER_BOUND('',#234,.T.);
#162=FACE_OUTER_BOUND('',#235,.T.);
#163=FACE_OUTER_BOUND('',#236,.T.);
#164=FACE_OUTER_BOUND('',#238,.T.);
#165=FACE_OUTER_BOUND('',#239,.T.);
#166=FACE_OUTER_BOUND('',#240,.T.);
#167=FACE_OUTER_BOUND('',#243,.T.);
#168=FACE_OUTER_BOUND('',#244,.T.);
#169=FACE_OUTER_BOUND('',#245,.T.);
#170=FACE_OUTER_BOUND('',#246,.T.);
#171=FACE_OUTER_BOUND('',#247,.T.);
#172=FACE_OUTER_BOUND('',#248,.T.);
#173=FACE_OUTER_BOUND('',#249,.T.);
#174=FACE_OUTER_BOUND('',#250,.T.);
#175=FACE_OUTER_BOUND('',#251,.T.);
#176=FACE_OUTER_BOUND('',#252,.T.);
#177=FACE_OUTER_BOUND('',#253,.T.);
#178=FACE_OUTER_BOUND('',#254,.T.);
#179=FACE_OUTER_BOUND('',#255,.T.);
#180=FACE_OUTER_BOUND('',#256,.T.);
#181=FACE_OUTER_BOUND('',#257,.T.);
#182=FACE_OUTER_BOUND('',#258,.T.);
#183=FACE_OUTER_BOUND('',#259,.T.);
#184=FACE_OUTER_BOUND('',#260,.T.);
#185=FACE_OUTER_BOUND('',#262,.T.);
#186=FACE_OUTER_BOUND('',#263,.T.);
#187=FACE_OUTER_BOUND('',#264,.T.);
#188=FACE_OUTER_BOUND('',#265,.T.);
#189=FACE_OUTER_BOUND('',#266,.T.);
#190=FACE_OUTER_BOUND('',#267,.T.);
#191=FACE_OUTER_BOUND('',#268,.T.);
#192=FACE_OUTER_BOUND('',#269,.T.);
#193=FACE_OUTER_BOUND('',#270,.T.);
#194=FACE_OUTER_BOUND('',#271,.T.);
#195=FACE_OUTER_BOUND('',#272,.T.);
#196=FACE_OUTER_BOUND('',#273,.T.);
#197=FACE_OUTER_BOUND('',#274,.T.);
#198=FACE_OUTER_BOUND('',#275,.T.);
#199=FACE_OUTER_BOUND('',#276,.T.);
#200=FACE_OUTER_BOUND('',#277,.T.);
#201=FACE_OUTER_BOUND('',#278,.T.);
#202=FACE_OUTER_BOUND('',#279,.T.);
#203=FACE_OUTER_BOUND('',#280,.T.);
#204=FACE_OUTER_BOUND('',#281,.T.);
#205=FACE_OUTER_BOUND('',#282,.T.);
#206=FACE_OUTER_BOUND('',#283,.T.);
#207=FACE_OUTER_BOUND('',#284,.T.);
#208=FACE_OUTER_BOUND('',#285,.T.);
#209=FACE_OUTER_BOUND('',#286,.T.);
#210=FACE_OUTER_BOUND('',#287,.T.);
#211=FACE_OUTER_BOUND('',#288,.T.);
#212=FACE_OUTER_BOUND('',#289,.T.);
#213=FACE_OUTER_BOUND('',#290,.T.);
#214=FACE_OUTER_BOUND('',#291,.T.);
#215=FACE_OUTER_BOUND('',#292,.T.);
#216=FACE_OUTER_BOUND('',#293,.T.);
#217=FACE_OUTER_BOUND('',#294,.T.);
#218=FACE_OUTER_BOUND('',#295,.T.);
#219=EDGE_LOOP('',(#748,#749,#750,#751));
#220=EDGE_LOOP('',(#752,#753,#754,#755));
#221=EDGE_LOOP('',(#756,#757,#758,#759));
#222=EDGE_LOOP('',(#760,#761,#762,#763));
#223=EDGE_LOOP('',(#764,#765,#766,#767));
#224=EDGE_LOOP('',(#768,#769,#770,#771));
#225=EDGE_LOOP('',(#772,#773,#774,#775));
#226=EDGE_LOOP('',(#776,#777,#778,#779,#780,#781,#782));
#227=EDGE_LOOP('',(#783,#784,#785,#786));
#228=EDGE_LOOP('',(#787));
#229=EDGE_LOOP('',(#788));
#230=EDGE_LOOP('',(#789,#790,#791,#792,#793,#794));
#231=EDGE_LOOP('',(#795));
#232=EDGE_LOOP('',(#796));
#233=EDGE_LOOP('',(#797,#798,#799,#800,#801,#802));
#234=EDGE_LOOP('',(#803,#804,#805,#806));
#235=EDGE_LOOP('',(#807,#808,#809,#810));
#236=EDGE_LOOP('',(#811,#812,#813,#814,#815,#816,#817,#818,#819,#820));
#237=EDGE_LOOP('',(#821));
#238=EDGE_LOOP('',(#822,#823,#824,#825));
#239=EDGE_LOOP('',(#826,#827,#828,#829,#830));
#240=EDGE_LOOP('',(#831,#832,#833,#834,#835,#836,#837,#838,#839,#840,#841,
#842,#843,#844));
#241=EDGE_LOOP('',(#845));
#242=EDGE_LOOP('',(#846));
#243=EDGE_LOOP('',(#847,#848,#849));
#244=EDGE_LOOP('',(#850,#851,#852,#853));
#245=EDGE_LOOP('',(#854,#855,#856,#857,#858,#859));
#246=EDGE_LOOP('',(#860,#861,#862,#863));
#247=EDGE_LOOP('',(#864,#865,#866,#867));
#248=EDGE_LOOP('',(#868,#869,#870,#871,#872,#873,#874));
#249=EDGE_LOOP('',(#875,#876,#877,#878,#879));
#250=EDGE_LOOP('',(#880,#881,#882,#883));
#251=EDGE_LOOP('',(#884,#885,#886,#887));
#252=EDGE_LOOP('',(#888,#889,#890,#891,#892,#893,#894,#895,#896,#897,#898));
#253=EDGE_LOOP('',(#899,#900,#901,#902));
#254=EDGE_LOOP('',(#903,#904,#905,#906));
#255=EDGE_LOOP('',(#907,#908,#909,#910,#911));
#256=EDGE_LOOP('',(#912,#913,#914,#915));
#257=EDGE_LOOP('',(#916,#917,#918,#919,#920));
#258=EDGE_LOOP('',(#921,#922,#923,#924,#925,#926,#927,#928,#929));
#259=EDGE_LOOP('',(#930,#931,#932,#933,#934,#935,#936));
#260=EDGE_LOOP('',(#937,#938,#939,#940,#941,#942,#943,#944));
#261=EDGE_LOOP('',(#945,#946,#947,#948,#949,#950,#951));
#262=EDGE_LOOP('',(#952,#953,#954,#955));
#263=EDGE_LOOP('',(#956,#957,#958,#959,#960));
#264=EDGE_LOOP('',(#961,#962,#963,#964));
#265=EDGE_LOOP('',(#965,#966,#967,#968));
#266=EDGE_LOOP('',(#969,#970,#971,#972));
#267=EDGE_LOOP('',(#973,#974,#975,#976));
#268=EDGE_LOOP('',(#977,#978,#979,#980));
#269=EDGE_LOOP('',(#981,#982,#983,#984));
#270=EDGE_LOOP('',(#985,#986,#987,#988));
#271=EDGE_LOOP('',(#989,#990,#991,#992,#993));
#272=EDGE_LOOP('',(#994,#995,#996,#997));
#273=EDGE_LOOP('',(#998,#999,#1000,#1001));
#274=EDGE_LOOP('',(#1002,#1003,#1004,#1005,#1006));
#275=EDGE_LOOP('',(#1007,#1008,#1009,#1010));
#276=EDGE_LOOP('',(#1011,#1012,#1013,#1014));
#277=EDGE_LOOP('',(#1015,#1016,#1017,#1018));
#278=EDGE_LOOP('',(#1019,#1020,#1021,#1022));
#279=EDGE_LOOP('',(#1023,#1024,#1025,#1026,#1027));
#280=EDGE_LOOP('',(#1028,#1029,#1030,#1031));
#281=EDGE_LOOP('',(#1032,#1033,#1034,#1035));
#282=EDGE_LOOP('',(#1036,#1037,#1038,#1039));
#283=EDGE_LOOP('',(#1040,#1041,#1042,#1043));
#284=EDGE_LOOP('',(#1044,#1045,#1046,#1047,#1048));
#285=EDGE_LOOP('',(#1049,#1050,#1051,#1052,#1053,#1054));
#286=EDGE_LOOP('',(#1055,#1056,#1057,#1058,#1059));
#287=EDGE_LOOP('',(#1060,#1061,#1062,#1063,#1064));
#288=EDGE_LOOP('',(#1065,#1066,#1067,#1068,#1069));
#289=EDGE_LOOP('',(#1070,#1071,#1072,#1073,#1074));
#290=EDGE_LOOP('',(#1075,#1076,#1077,#1078,#1079,#1080));
#291=EDGE_LOOP('',(#1081,#1082,#1083,#1084,#1085,#1086));
#292=EDGE_LOOP('',(#1087,#1088,#1089,#1090));
#293=EDGE_LOOP('',(#1091,#1092,#1093,#1094));
#294=EDGE_LOOP('',(#1095,#1096,#1097,#1098,#1099));
#295=EDGE_LOOP('',(#1100,#1101,#1102,#1103,#1104,#1105));
#296=LINE('',#1755,#354);
#297=LINE('',#1791,#355);
#298=LINE('',#1794,#356);
#299=LINE('',#1796,#357);
#300=LINE('',#1797,#358);
#301=LINE('',#1808,#359);
#302=LINE('',#1939,#360);
#303=LINE('',#1945,#361);
#304=LINE('',#1948,#362);
#305=LINE('',#1950,#363);
#306=LINE('',#1951,#364);
#307=LINE('',#1960,#365);
#308=LINE('',#1989,#366);
#309=LINE('',#1997,#367);
#310=LINE('',#2005,#368);
#311=LINE('',#2012,#369);
#312=LINE('',#2015,#370);
#313=LINE('',#2019,#371);
#314=LINE('',#2027,#372);
#315=LINE('',#2029,#373);
#316=LINE('',#2031,#374);
#317=LINE('',#2036,#375);
#318=LINE('',#2038,#376);
#319=LINE('',#2040,#377);
#320=LINE('',#2041,#378);
#321=LINE('',#2046,#379);
#322=LINE('',#2076,#380);
#323=LINE('',#2078,#381);
#324=LINE('',#2079,#382);
#325=LINE('',#2154,#383);
#326=LINE('',#2179,#384);
#327=LINE('',#2183,#385);
#328=LINE('',#2200,#386);
#329=LINE('',#2253,#387);
#330=LINE('',#2254,#388);
#331=LINE('',#2341,#389);
#332=LINE('',#2355,#390);
#333=LINE('',#2487,#391);
#334=LINE('',#2488,#392);
#335=LINE('',#2529,#393);
#336=LINE('',#2533,#394);
#337=LINE('',#2548,#395);
#338=LINE('',#2550,#396);
#339=LINE('',#2552,#397);
#340=LINE('',#2575,#398);
#341=LINE('',#2577,#399);
#342=LINE('',#2581,#400);
#343=LINE('',#2742,#401);
#344=LINE('',#2790,#402);
#345=LINE('',#2840,#403);
#346=LINE('',#2841,#404);
#347=LINE('',#2876,#405);
#348=LINE('',#2917,#406);
#349=LINE('',#3049,#407);
#350=LINE('',#3284,#408);
#351=LINE('',#3286,#409);
#352=LINE('',#3287,#410);
#353=LINE('',#3290,#411);
#354=VECTOR('',#1345,10.);
#355=VECTOR('',#1346,10.);
#356=VECTOR('',#1349,10.);
#357=VECTOR('',#1350,10.);
#358=VECTOR('',#1351,10.);
#359=VECTOR('',#1356,10.);
#360=VECTOR('',#1357,10.);
#361=VECTOR('',#1364,10.);
#362=VECTOR('',#1367,10.);
#363=VECTOR('',#1368,10.);
#364=VECTOR('',#1369,10.);
#365=VECTOR('',#1382,3.5);
#366=VECTOR('',#1393,3.5);
#367=VECTOR('',#1404,10.);
#368=VECTOR('',#1405,10.);
#369=VECTOR('',#1406,10.);
#370=VECTOR('',#1409,1.75);
#371=VECTOR('',#1414,1.75);
#372=VECTOR('',#1423,10.);
#373=VECTOR('',#1424,10.);
#374=VECTOR('',#1425,10.);
#375=VECTOR('',#1430,10.);
#376=VECTOR('',#1431,10.);
#377=VECTOR('',#1432,10.);
#378=VECTOR('',#1433,10.);
#379=VECTOR('',#1438,10.);
#380=VECTOR('',#1445,10.);
#381=VECTOR('',#1446,10.);
#382=VECTOR('',#1447,10.);
#383=VECTOR('',#1458,10.);
#384=VECTOR('',#1465,10.);
#385=VECTOR('',#1470,10.);
#386=VECTOR('',#1473,10.);
#387=VECTOR('',#1486,10.);
#388=VECTOR('',#1487,10.);
#389=VECTOR('',#1496,10.);
#390=VECTOR('',#1499,10.);
#391=VECTOR('',#1518,10.);
#392=VECTOR('',#1519,10.);
#393=VECTOR('',#1526,10.);
#394=VECTOR('',#1529,10.);
#395=VECTOR('',#1534,10.);
#396=VECTOR('',#1535,10.);
#397=VECTOR('',#1536,10.);
#398=VECTOR('',#1541,10.);
#399=VECTOR('',#1542,10.);
#400=VECTOR('',#1549,10.);
#401=VECTOR('',#1568,10.);
#402=VECTOR('',#1575,10.);
#403=VECTOR('',#1582,10.);
#404=VECTOR('',#1583,10.);
#405=VECTOR('',#1598,10.);
#406=VECTOR('',#1605,10.);
#407=VECTOR('',#1612,10.);
#408=VECTOR('',#1635,10.);
#409=VECTOR('',#1638,10.);
#410=VECTOR('',#1639,10.);
#411=VECTOR('',#1644,10.);
#412=B_SPLINE_CURVE_WITH_KNOTS('',3,(#1720,#1721,#1722,#1723,#1724,#1725,
#1726,#1727,#1728,#1729,#1730,#1731,#1732,#1733,#1734,#1735,#1736,#1737,
#1738,#1739,#1740,#1741,#1742,#1743,#1744,#1745,#1746,#1747,#1748,#1749,
#1750,#1751,#1752,#1753),.UNSPECIFIED.,.F.,.F.,(4,1,1,1,1,1,1,1,1,1,1,1,
1,1,1,1,1,1,1,1,1,1,1,1,1,1,1,1,1,1,1,4),(-0.617099054493783,-0.606203177613535,
-0.595307300733287,-0.589859362293163,-0.578963485412914,-0.57351554697279,
-0.562619670092542,-0.557171731652418,-0.540827916332046,-0.529932039451798,
-0.508140285691301,-0.497244408811053,-0.464556778170309,-0.442765024409813,
-0.410077393769068,-0.39918151688882,-0.377389763128324,-0.366493886248075,
-0.350150070927703,-0.344702132487579,-0.333806255607331,-0.328358317167207,
-0.317462440286959,-0.312014501846835,-0.301118624966587,-0.295670686526463,
-0.268430994325842,-0.246639240565346,-0.203055733044353,-0.181263979283857,
-0.137680471762864,-0.0940969642418717),.UNSPECIFIED.);
#413=B_SPLINE_CURVE_WITH_KNOTS('',3,(#1757,#1758,#1759,#1760,#1761,#1762,
#1763,#1764,#1765,#1766,#1767,#1768,#1769,#1770,#1771,#1772,#1773,#1774,
#1775,#1776,#1777,#1778,#1779,#1780,#1781,#1782,#1783,#1784,#1785,#1786,
#1787,#1788,#1789,#1790),.UNSPECIFIED.,.F.,.F.,(4,1,1,1,1,1,1,1,1,1,1,1,
1,1,1,1,1,1,1,1,1,1,1,1,1,1,1,1,1,1,1,4),(0.0940969642418717,0.137680471762864,
0.181263979283857,0.203055733044353,0.246639240565346,0.268430994325842,
0.295670686526463,0.301118624966587,0.312014501846835,0.317462440286959,
0.328358317167207,0.333806255607331,0.344702132487579,0.350150070927703,
0.366493886248075,0.377389763128324,0.39918151688882,0.410077393769068,
0.442765024409813,0.464556778170309,0.497244408811053,0.508140285691301,
0.529932039451798,0.540827916332046,0.557171731652418,0.562619670092542,
0.57351554697279,0.578963485412914,0.589859362293163,0.595307300733287,
0.606203177613535,0.617099054493783),.UNSPECIFIED.);
#414=B_SPLINE_CURVE_WITH_KNOTS('',3,(#1874,#1875,#1876,#1877,#1878,#1879,
#1880,#1881,#1882,#1883,#1884,#1885,#1886,#1887,#1888,#1889,#1890,#1891,
#1892,#1893,#1894,#1895,#1896,#1897,#1898,#1899,#1900,#1901,#1902,#1903,
#1904,#1905),.UNSPECIFIED.,.F.,.F.,(4,1,1,1,1,1,1,1,1,1,1,1,1,1,1,1,1,1,
1,1,1,1,1,1,1,1,1,1,1,4),(-1.8576699932712,-1.80257485224864,-1.74747971122608,
-1.7199321407148,-1.63728942918096,-1.5821942881584,-1.49955157662455,-1.47200400611327,
-1.41690886509071,-1.38936129457943,-1.35492683144033,-1.34803993881251,
-1.33426615355687,-1.32737926092905,-1.30671858304559,-1.29294479778995,
-1.25162344202303,-1.22407587151175,-1.16898073048918,-1.1414331599779,
-1.08633801895534,-1.05879044844406,-1.0036953074215,-0.976147736910219,
-0.921052595887658,-0.893505025376377,-0.810862313842535,-0.755767172819973,
-0.64557689077485,-0.535386608729727),.UNSPECIFIED.);
#415=B_SPLINE_CURVE_WITH_KNOTS('',3,(#1907,#1908,#1909,#1910,#1911,#1912,
#1913,#1914,#1915,#1916,#1917,#1918,#1919,#1920,#1921,#1922,#1923,#1924,
#1925,#1926,#1927,#1928,#1929,#1930,#1931,#1932,#1933,#1934,#1935,#1936,
#1937,#1938),.UNSPECIFIED.,.F.,.F.,(4,1,1,1,1,1,1,1,1,1,1,1,1,1,1,1,1,1,
1,1,1,1,1,1,1,1,1,1,1,4),(0.535386608729727,0.64557689077485,0.755767172819973,
0.810862313842535,0.893505025376377,0.921052595887658,0.976147736910219,
1.0036953074215,1.05879044844406,1.08633801895534,1.1414331599779,1.16898073048918,
1.22407587151175,1.25162344202303,1.29294479778995,1.30671858304559,1.32737926092905,
1.33426615355687,1.34803993881251,1.35492683144033,1.38936129457943,1.41690886509071,
1.47200400611327,1.49955157662455,1.5821942881584,1.63728942918096,1.7199321407148,
1.74747971122608,1.80257485224864,1.8576699932712),.UNSPECIFIED.);
#416=B_SPLINE_CURVE_WITH_KNOTS('',3,(#1968,#1969,#1970,#1971,#1972,#1973,
#1974,#1975,#1976,#1977,#1978,#1979,#1980,#1981,#1982,#1983,#1984,#1985),
 .UNSPECIFIED.,.F.,.F.,(4,2,2,2,2,2,2,2,4),(0.669287016899721,0.673245357437182,
0.805580846254334,0.937804959484439,1.07002907271454,1.20275340020454,1.33547772769454,
1.46731234548104,1.47080129622603),.UNSPECIFIED.);
#417=B_SPLINE_CURVE_WITH_KNOTS('',3,(#1999,#2000,#2001,#2002,#2003),
 .UNSPECIFIED.,.F.,.F.,(4,1,4),(-5.32077324611974,-4.974610262429,-4.71498802466095),
 .UNSPECIFIED.);
#418=B_SPLINE_CURVE_WITH_KNOTS('',3,(#2007,#2008,#2009,#2010,#2011),
 .UNSPECIFIED.,.F.,.F.,(4,1,4),(-6.0118631186724,-5.69323011832481,-5.27531888483497),
 .UNSPECIFIED.);
#419=B_SPLINE_CURVE_WITH_KNOTS('',3,(#2048,#2049,#2050,#2051,#2052,#2053,
#2054,#2055,#2056,#2057),.UNSPECIFIED.,.F.,.F.,(4,2,2,2,4),(-0.153407458815363,
-0.125139376755583,-0.0960044719904618,-0.0512215786900028,0.),
 .UNSPECIFIED.);
#420=B_SPLINE_CURVE_WITH_KNOTS('',3,(#2058,#2059,#2060,#2061),
 .UNSPECIFIED.,.F.,.F.,(4,4),(4.66983641587398,4.88740807059013),
 .UNSPECIFIED.);
#421=B_SPLINE_CURVE_WITH_KNOTS('',3,(#2069,#2070,#2071,#2072,#2073,#2074),
 .UNSPECIFIED.,.F.,.F.,(4,2,4),(0.0965512730423224,0.526627397839944,0.528658402959578),
 .UNSPECIFIED.);
#422=B_SPLINE_CURVE_WITH_KNOTS('',3,(#2082,#2083,#2084,#2085,#2086,#2087,
#2088,#2089,#2090,#2091,#2092,#2093),.UNSPECIFIED.,.F.,.F.,(4,2,2,2,2,4),
(-0.187043541045001,-0.162832013827655,-0.139312196707537,-0.104586584045617,
-0.0608149709791402,0.),.UNSPECIFIED.);
#423=B_SPLINE_CURVE_WITH_KNOTS('',3,(#2095,#2096,#2097,#2098,#2099,#2100),
 .UNSPECIFIED.,.F.,.F.,(4,2,4),(-0.181836685825564,-0.0923420276440927,
0.),.UNSPECIFIED.);
#424=B_SPLINE_CURVE_WITH_KNOTS('',3,(#2102,#2103,#2104,#2105,#2106,#2107,
#2108,#2109),.UNSPECIFIED.,.F.,.F.,(4,2,2,4),(-0.141508718968031,-0.0866849187742166,
-0.0403930858473916,0.),.UNSPECIFIED.);
#425=B_SPLINE_CURVE_WITH_KNOTS('',3,(#2112,#2113,#2114,#2115,#2116,#2117),
 .UNSPECIFIED.,.F.,.F.,(4,1,1,4),(2.10522737144895,2.34632456876658,2.40659886809599,
2.41994410906566),.UNSPECIFIED.);
#426=B_SPLINE_CURVE_WITH_KNOTS('',3,(#2125,#2126,#2127,#2128),
 .UNSPECIFIED.,.F.,.F.,(4,4),(0.170169314725555,0.256102291630234),
 .UNSPECIFIED.);
#427=B_SPLINE_CURVE_WITH_KNOTS('',3,(#2129,#2130,#2131,#2132,#2133,#2134,
#2135,#2136,#2137,#2138),.UNSPECIFIED.,.F.,.F.,(4,2,2,2,4),(-0.263621705417178,
-0.224348172945324,-0.186503696149265,-0.148895591679331,-0.136461081664828),
 .UNSPECIFIED.);
#428=B_SPLINE_CURVE_WITH_KNOTS('',3,(#2141,#2142,#2143,#2144),
 .UNSPECIFIED.,.F.,.F.,(4,4),(-0.929311324649554,-0.724159536371238),
 .UNSPECIFIED.);
#429=B_SPLINE_CURVE_WITH_KNOTS('',3,(#2145,#2146,#2147,#2148,#2149),
 .UNSPECIFIED.,.F.,.F.,(4,1,4),(5.3218513697572,5.69323011832481,6.0118631186724),
 .UNSPECIFIED.);
#430=B_SPLINE_CURVE_WITH_KNOTS('',3,(#2187,#2188,#2189,#2190,#2191,#2192,
#2193,#2194,#2195,#2196,#2197,#2198),.UNSPECIFIED.,.F.,.F.,(4,2,2,2,2,4),
(-1.06159888274688,-0.967185148897517,-0.930858413828526,-0.911745527438472,
-0.89730968151996,-0.896676335991339),.UNSPECIFIED.);
#431=B_SPLINE_CURVE_WITH_KNOTS('',3,(#2238,#2239,#2240,#2241,#2242,#2243),
 .UNSPECIFIED.,.F.,.F.,(4,2,4),(0.,0.0287348797134847,0.0884916584231573),
 .UNSPECIFIED.);
#432=B_SPLINE_CURVE_WITH_KNOTS('',3,(#2299,#2300,#2301,#2302,#2303,#2304,
#2305,#2306,#2307,#2308),.UNSPECIFIED.,.F.,.F.,(4,2,2,2,4),(-0.00200822936514362,
0.,0.299505259584959,0.547055952731492,0.742875721015273),.UNSPECIFIED.);
#433=B_SPLINE_CURVE_WITH_KNOTS('',3,(#2313,#2314,#2315,#2316),
 .UNSPECIFIED.,.F.,.F.,(4,4),(0.583360392421716,0.600377607071086),
 .UNSPECIFIED.);
#434=B_SPLINE_CURVE_WITH_KNOTS('',3,(#2318,#2319,#2320,#2321,#2322,#2323,
#2324,#2325,#2326,#2327,#2328,#2329),.UNSPECIFIED.,.F.,.F.,(4,2,2,2,2,4),
(0.105252537282136,0.200864036391109,0.25718633612195,0.273563558334762,
0.283248408060925,0.28577128394617),.UNSPECIFIED.);
#435=B_SPLINE_CURVE_WITH_KNOTS('',3,(#2331,#2332,#2333,#2334,#2335,#2336,
#2337),.UNSPECIFIED.,.F.,.F.,(4,1,1,1,4),(0.,0.315520691164576,0.631041382329151,
1.05173563721525,1.4608589627212),.UNSPECIFIED.);
#436=B_SPLINE_CURVE_WITH_KNOTS('',3,(#2345,#2346,#2347,#2348,#2349,#2350,
#2351,#2352,#2353,#2354),.UNSPECIFIED.,.F.,.F.,(4,2,2,2,4),(-2.72900029730845,
-2.70619780739322,-2.69506289836311,-2.69094859049613,-2.68918435777378),
 .UNSPECIFIED.);
#437=B_SPLINE_CURVE_WITH_KNOTS('',3,(#2361,#2362,#2363,#2364,#2365,#2366,
#2367,#2368,#2369,#2370,#2371,#2372,#2373,#2374,#2375,#2376,#2377,#2378,
#2379,#2380,#2381,#2382,#2383,#2384,#2385,#2386,#2387,#2388,#2389,#2390,
#2391,#2392,#2393,#2394,#2395,#2396,#2397,#2398,#2399,#2400,#2401,#2402,
#2403,#2404,#2405,#2406,#2407,#2408,#2409),.UNSPECIFIED.,.F.,.F.,(4,3,3,
3,3,3,3,3,3,3,3,3,3,3,3,3,4),(-0.000476637733951037,0.,0.0131213831240715,
0.0265699790471111,0.0353600383386304,0.0487919480893581,0.0621120811910004,
0.0707038688969395,0.0802297829757265,0.0935027858096343,0.10687207538846,
0.109754846925499,0.123141872714548,0.134032368063092,0.147412859868126,
0.148767721600297,0.157163198529452),.UNSPECIFIED.);
#438=B_SPLINE_CURVE_WITH_KNOTS('',3,(#2447,#2448,#2449,#2450,#2451,#2452,
#2453,#2454,#2455,#2456,#2457,#2458,#2459,#2460,#2461,#2462,#2463,#2464,
#2465,#2466,#2467,#2468),.UNSPECIFIED.,.F.,.F.,(4,2,2,2,2,2,2,2,2,2,4),
(0.,0.0751256567131041,0.284548864402412,0.324972513646071,0.344317707670301,
0.359373424330678,0.375595445402485,0.400967672888485,0.449845554217456,
0.578268509322507,0.718938555486455),.UNSPECIFIED.);
#439=B_SPLINE_CURVE_WITH_KNOTS('',3,(#2475,#2476,#2477,#2478,#2479,#2480,
#2481,#2482),.UNSPECIFIED.,.F.,.F.,(4,2,2,4),(-0.00204376604494843,0.,0.278996398519036,
0.532858117351239),.UNSPECIFIED.);
#440=B_SPLINE_CURVE_WITH_KNOTS('',3,(#2536,#2537,#2538,#2539,#2540,#2541,
#2542,#2543,#2544,#2545),.UNSPECIFIED.,.F.,.F.,(4,2,2,2,4),(-2.72900029730845,
-2.70619780739321,-2.69506289836311,-2.69094859049614,-2.68918435777378),
 .UNSPECIFIED.);
#441=B_SPLINE_CURVE_WITH_KNOTS('',3,(#2555,#2556,#2557,#2558,#2559,#2560,
#2561,#2562,#2563,#2564,#2565,#2566,#2567,#2568,#2569,#2570,#2571,#2572,
#2573),.UNSPECIFIED.,.F.,.F.,(4,3,3,3,3,3,4),(0.,0.0156259955200524,0.0299237358964539,
0.0396874367211914,0.042640999892705,0.0508753668047095,0.0520317469148978),
 .UNSPECIFIED.);
#442=B_SPLINE_CURVE_WITH_KNOTS('',3,(#2585,#2586,#2587,#2588,#2589,#2590,
#2591,#2592,#2593,#2594,#2595,#2596,#2597,#2598,#2599,#2600,#2601,#2602,
#2603,#2604,#2605,#2606,#2607,#2608,#2609,#2610,#2611,#2612,#2613,#2614,
#2615,#2616,#2617,#2618,#2619,#2620,#2621),.UNSPECIFIED.,.F.,.F.,(4,3,3,
3,3,3,3,3,3,3,3,3,4),(0.,0.0131174389776866,0.0265503209808159,0.038998568918196,
0.0524226310556886,0.065727981965648,0.0737812792805205,0.0781062554768926,
0.0914534434240306,0.103353633707298,0.116713085813847,0.128602502290414,
0.129052951132491),.UNSPECIFIED.);
#443=B_SPLINE_CURVE_WITH_KNOTS('',3,(#2651,#2652,#2653,#2654,#2655,#2656,
#2657,#2658,#2659,#2660,#2661,#2662,#2663,#2664,#2665,#2666,#2667,#2668,
#2669,#2670,#2671,#2672,#2673,#2674,#2675,#2676,#2677,#2678,#2679,#2680,
#2681,#2682,#2683,#2684,#2685,#2686,#2687),.UNSPECIFIED.,.F.,.F.,(4,3,3,
3,3,3,3,3,3,3,3,3,4),(-0.129030850667479,-0.128580396646454,-0.115327563424971,
-0.101942148000173,-0.0974503708871322,-0.084093371147851,-0.0737143865400125,
-0.0663246640141384,-0.0530417364828565,-0.0396186818420544,-0.0272522611080251,
-0.0136261305540125,0.),.UNSPECIFIED.);
#444=B_SPLINE_CURVE_WITH_KNOTS('',3,(#2693,#2694,#2695,#2696,#2697,#2698,
#2699,#2700,#2701,#2702,#2703,#2704,#2705,#2706,#2707,#2708,#2709,#2710,
#2711,#2712,#2713,#2714,#2715,#2716,#2717,#2718,#2719,#2720,#2721,#2722,
#2723,#2724,#2725,#2726,#2727,#2728,#2729,#2730,#2731,#2732,#2733,#2734,
#2735,#2736,#2737,#2738),.UNSPECIFIED.,.F.,.F.,(4,3,3,3,3,3,3,3,3,3,3,3,
3,3,3,4),(-0.157779753046633,-0.157317286367467,-0.144183205904986,-0.130656760585722,
-0.117130315266459,-0.103677149998159,-0.0904221745238222,-0.0780028912918762,
-0.077576768356396,-0.064388191246554,-0.0510100602655996,-0.0389729846104595,
-0.0255972177003127,-0.024164454524677,-0.0107778693443775,0.),
 .UNSPECIFIED.);
#445=B_SPLINE_CURVE_WITH_KNOTS('',3,(#2775,#2776,#2777,#2778,#2779,#2780),
 .UNSPECIFIED.,.F.,.F.,(4,1,1,4),(-0.164275142608424,-0.0704036325464673,
-0.0352018162732336,0.),.UNSPECIFIED.);
#446=B_SPLINE_CURVE_WITH_KNOTS('',3,(#2781,#2782,#2783,#2784,#2785,#2786),
 .UNSPECIFIED.,.F.,.F.,(4,1,1,4),(0.,0.0352018162732336,0.0704036325464673,
0.164275142608424),.UNSPECIFIED.);
#447=B_SPLINE_CURVE_WITH_KNOTS('',3,(#2824,#2825,#2826,#2827,#2828,#2829),
 .UNSPECIFIED.,.F.,.F.,(4,1,1,4),(-1.12830751129421,-0.805933936638725,
-0.483560361983235,0.),.UNSPECIFIED.);
#448=B_SPLINE_CURVE_WITH_KNOTS('',3,(#2830,#2831,#2832,#2833,#2834,#2835),
 .UNSPECIFIED.,.F.,.F.,(4,1,1,4),(0.,0.483560361983235,0.805933936638725,
1.12830751129421),.UNSPECIFIED.);
#449=B_SPLINE_CURVE_WITH_KNOTS('',3,(#2988,#2989,#2990,#2991,#2992,#2993,
#2994,#2995,#2996,#2997,#2998,#2999,#3000,#3001,#3002,#3003,#3004,#3005,
#3006,#3007,#3008,#3009,#3010,#3011,#3012,#3013,#3014,#3015),
 .UNSPECIFIED.,.F.,.F.,(4,3,3,3,3,3,3,3,3,4),(-0.0960864217185862,-0.0955220217985174,
-0.0814199856527898,-0.0673179495070622,-0.0546487109022418,-0.0411867333775058,
-0.0392390524909663,-0.0272519419734178,-0.0136259709867089,0.),
 .UNSPECIFIED.);
#450=B_SPLINE_CURVE_WITH_KNOTS('',3,(#3016,#3017,#3018,#3019,#3020,#3021,
#3022),.UNSPECIFIED.,.F.,.F.,(4,1,1,1,4),(-1.47242989210135,-1.05173563721525,
-0.631041382329151,-0.315520691164576,0.),.UNSPECIFIED.);
#451=B_SPLINE_CURVE_WITH_KNOTS('',3,(#3083,#3084,#3085,#3086),
 .UNSPECIFIED.,.F.,.F.,(4,4),(-0.337584588404485,-0.104612376583224),
 .UNSPECIFIED.);
#452=B_SPLINE_CURVE_WITH_KNOTS('',3,(#3087,#3088,#3089,#3090,#3091,#3092,
#3093,#3094,#3095,#3096,#3097,#3098),.UNSPECIFIED.,.F.,.F.,(4,2,2,2,2,4),
(-0.166579534263467,-0.165854216377325,-0.118759549032889,-0.0765602291908984,
-0.035747601614635,0.),.UNSPECIFIED.);
#453=B_SPLINE_CURVE_WITH_KNOTS('',3,(#3154,#3155,#3156,#3157,#3158,#3159,
#3160,#3161,#3162,#3163,#3164,#3165,#3166,#3167,#3168,#3169,#3170,#3171,
#3172,#3173,#3174,#3175,#3176,#3177,#3178,#3179,#3180,#3181,#3182,#3183,
#3184,#3185,#3186,#3187),.UNSPECIFIED.,.F.,.F.,(4,3,3,3,3,3,3,3,3,3,3,4),
(-2.52714746675481,-2.50238819122178,-2.47336087618933,-2.46979396809246,
-2.46688858474687,-2.40657954563253,-2.34631339132734,-2.28862996240733,
-2.20486058887318,-2.1819332712023,-2.12377347631886,-2.10522737144895),
 .UNSPECIFIED.);
#454=B_SPLINE_CURVE_WITH_KNOTS('',3,(#3217,#3218,#3219,#3220),
 .UNSPECIFIED.,.F.,.F.,(4,4),(-0.653307410351253,-0.605721694507321),
 .UNSPECIFIED.);
#455=B_SPLINE_CURVE_WITH_KNOTS('',3,(#3221,#3222,#3223,#3224),
 .UNSPECIFIED.,.F.,.F.,(4,4),(0.434439108102197,0.60572169451434),
 .UNSPECIFIED.);
#456=B_SPLINE_CURVE_WITH_KNOTS('',3,(#3251,#3252,#3253,#3254,#3255),
 .UNSPECIFIED.,.F.,.F.,(4,1,4),(-2.97935483006368,-2.0783632044615,-1.40261948525986),
 .UNSPECIFIED.);
#457=VERTEX_POINT('',#1718);
#458=VERTEX_POINT('',#1719);
#459=VERTEX_POINT('',#1754);
#460=VERTEX_POINT('',#1756);
#461=VERTEX_POINT('',#1793);
#462=VERTEX_POINT('',#1795);
#463=VERTEX_POINT('',#1804);
#464=VERTEX_POINT('',#1806);
#465=VERTEX_POINT('',#1873);
#466=VERTEX_POINT('',#1906);
#467=VERTEX_POINT('',#1941);
#468=VERTEX_POINT('',#1943);
#469=VERTEX_POINT('',#1947);
#470=VERTEX_POINT('',#1949);
#471=VERTEX_POINT('',#1957);
#472=VERTEX_POINT('',#1959);
#473=VERTEX_POINT('',#1963);
#474=VERTEX_POINT('',#1966);
#475=VERTEX_POINT('',#1967);
#476=VERTEX_POINT('',#1986);
#477=VERTEX_POINT('',#1988);
#478=VERTEX_POINT('',#1993);
#479=VERTEX_POINT('',#1996);
#480=VERTEX_POINT('',#1998);
#481=VERTEX_POINT('',#2004);
#482=VERTEX_POINT('',#2006);
#483=VERTEX_POINT('',#2014);
#484=VERTEX_POINT('',#2018);
#485=VERTEX_POINT('',#2022);
#486=VERTEX_POINT('',#2024);
#487=VERTEX_POINT('',#2026);
#488=VERTEX_POINT('',#2028);
#489=VERTEX_POINT('',#2030);
#490=VERTEX_POINT('',#2034);
#491=VERTEX_POINT('',#2035);
#492=VERTEX_POINT('',#2037);
#493=VERTEX_POINT('',#2039);
#494=VERTEX_POINT('',#2043);
#495=VERTEX_POINT('',#2044);
#496=VERTEX_POINT('',#2047);
#497=VERTEX_POINT('',#2063);
#498=VERTEX_POINT('',#2064);
#499=VERTEX_POINT('',#2066);
#500=VERTEX_POINT('',#2068);
#501=VERTEX_POINT('',#2075);
#502=VERTEX_POINT('',#2077);
#503=VERTEX_POINT('',#2080);
#504=VERTEX_POINT('',#2094);
#505=VERTEX_POINT('',#2101);
#506=VERTEX_POINT('',#2110);
#507=VERTEX_POINT('',#2124);
#508=VERTEX_POINT('',#2140);
#509=VERTEX_POINT('',#2151);
#510=VERTEX_POINT('',#2153);
#511=VERTEX_POINT('',#2178);
#512=VERTEX_POINT('',#2182);
#513=VERTEX_POINT('',#2184);
#514=VERTEX_POINT('',#2186);
#515=VERTEX_POINT('',#2199);
#516=VERTEX_POINT('',#2237);
#517=VERTEX_POINT('',#2244);
#518=VERTEX_POINT('',#2246);
#519=VERTEX_POINT('',#2250);
#520=VERTEX_POINT('',#2251);
#521=VERTEX_POINT('',#2297);
#522=VERTEX_POINT('',#2298);
#523=VERTEX_POINT('',#2312);
#524=VERTEX_POINT('',#2317);
#525=VERTEX_POINT('',#2330);
#526=VERTEX_POINT('',#2338);
#527=VERTEX_POINT('',#2340);
#528=VERTEX_POINT('',#2342);
#529=VERTEX_POINT('',#2344);
#530=VERTEX_POINT('',#2359);
#531=VERTEX_POINT('',#2445);
#532=VERTEX_POINT('',#2446);
#533=VERTEX_POINT('',#2469);
#534=VERTEX_POINT('',#2471);
#535=VERTEX_POINT('',#2473);
#536=VERTEX_POINT('',#2484);
#537=VERTEX_POINT('',#2485);
#538=VERTEX_POINT('',#2528);
#539=VERTEX_POINT('',#2530);
#540=VERTEX_POINT('',#2532);
#541=VERTEX_POINT('',#2534);
#542=VERTEX_POINT('',#2547);
#543=VERTEX_POINT('',#2549);
#544=VERTEX_POINT('',#2551);
#545=VERTEX_POINT('',#2553);
#546=VERTEX_POINT('',#2576);
#547=VERTEX_POINT('',#2583);
#548=VERTEX_POINT('',#2647);
#549=VERTEX_POINT('',#2649);
#550=VERTEX_POINT('',#2689);
#551=VERTEX_POINT('',#2691);
#552=VERTEX_POINT('',#2740);
#553=VERTEX_POINT('',#2773);
#554=VERTEX_POINT('',#2788);
#555=VERTEX_POINT('',#2821);
#556=VERTEX_POINT('',#2822);
#557=VERTEX_POINT('',#2837);
#558=VERTEX_POINT('',#2838);
#559=VERTEX_POINT('',#2870);
#560=VERTEX_POINT('',#2874);
#561=VERTEX_POINT('',#2915);
#562=VERTEX_POINT('',#2942);
#563=VERTEX_POINT('',#2987);
#564=VERTEX_POINT('',#3082);
#565=VERTEX_POINT('',#3100);
#566=VERTEX_POINT('',#3102);
#567=VERTEX_POINT('',#3189);
#568=VERTEX_POINT('',#3216);
#569=EDGE_CURVE('',#457,#458,#412,.T.);
#570=EDGE_CURVE('',#457,#459,#296,.T.);
#571=EDGE_CURVE('',#460,#459,#413,.T.);
#572=EDGE_CURVE('',#458,#460,#297,.T.);
#573=EDGE_CURVE('',#458,#461,#298,.T.);
#574=EDGE_CURVE('',#462,#460,#299,.T.);
#575=EDGE_CURVE('',#461,#462,#300,.T.);
#576=EDGE_CURVE('',#461,#463,#102,.T.);
#577=EDGE_CURVE('',#464,#462,#103,.T.);
#578=EDGE_CURVE('',#463,#464,#301,.T.);
#579=EDGE_CURVE('',#463,#465,#414,.T.);
#580=EDGE_CURVE('',#466,#464,#415,.T.);
#581=EDGE_CURVE('',#465,#466,#302,.T.);
#582=EDGE_CURVE('',#465,#467,#29,.T.);
#583=EDGE_CURVE('',#468,#466,#30,.T.);
#584=EDGE_CURVE('',#467,#468,#303,.T.);
#585=EDGE_CURVE('',#467,#469,#304,.T.);
#586=EDGE_CURVE('',#470,#468,#305,.T.);
#587=EDGE_CURVE('',#469,#470,#306,.T.);
#588=EDGE_CURVE('',#469,#457,#31,.T.);
#589=EDGE_CURVE('',#459,#470,#32,.T.);
#590=EDGE_CURVE('',#471,#471,#33,.T.);
#591=EDGE_CURVE('',#471,#472,#307,.T.);
#592=EDGE_CURVE('',#472,#472,#34,.T.);
#593=EDGE_CURVE('',#473,#473,#35,.T.);
#594=EDGE_CURVE('',#474,#475,#416,.T.);
#595=EDGE_CURVE('',#476,#474,#36,.T.);
#596=EDGE_CURVE('',#476,#477,#308,.T.);
#597=EDGE_CURVE('',#477,#477,#37,.T.);
#598=EDGE_CURVE('',#475,#476,#38,.T.);
#599=EDGE_CURVE('',#478,#478,#39,.T.);
#600=EDGE_CURVE('',#475,#479,#309,.T.);
#601=EDGE_CURVE('',#480,#479,#417,.T.);
#602=EDGE_CURVE('',#480,#481,#310,.T.);
#603=EDGE_CURVE('',#482,#481,#418,.T.);
#604=EDGE_CURVE('',#482,#474,#311,.T.);
#605=EDGE_CURVE('',#478,#483,#312,.T.);
#606=EDGE_CURVE('',#483,#483,#40,.T.);
#607=EDGE_CURVE('',#473,#484,#313,.T.);
#608=EDGE_CURVE('',#484,#484,#41,.T.);
#609=EDGE_CURVE('',#485,#482,#104,.T.);
#610=EDGE_CURVE('',#485,#486,#105,.T.);
#611=EDGE_CURVE('',#486,#487,#314,.T.);
#612=EDGE_CURVE('',#488,#487,#315,.T.);
#613=EDGE_CURVE('',#489,#488,#316,.T.);
#614=EDGE_CURVE('',#479,#489,#42,.T.);
#615=EDGE_CURVE('',#490,#491,#317,.T.);
#616=EDGE_CURVE('',#491,#492,#318,.T.);
#617=EDGE_CURVE('',#493,#492,#319,.T.);
#618=EDGE_CURVE('',#490,#493,#320,.T.);
#619=EDGE_CURVE('',#494,#495,#106,.T.);
#620=EDGE_CURVE('',#486,#494,#321,.T.);
#621=EDGE_CURVE('',#496,#485,#419,.T.);
#622=EDGE_CURVE('',#495,#496,#420,.T.);
#623=EDGE_CURVE('',#497,#498,#43,.T.);
#624=EDGE_CURVE('',#499,#497,#44,.T.);
#625=EDGE_CURVE('',#499,#500,#421,.T.);
#626=EDGE_CURVE('',#501,#500,#322,.T.);
#627=EDGE_CURVE('',#502,#501,#323,.T.);
#628=EDGE_CURVE('',#502,#494,#324,.T.);
#629=EDGE_CURVE('',#503,#495,#107,.T.);
#630=EDGE_CURVE('',#481,#503,#422,.T.);
#631=EDGE_CURVE('',#504,#480,#423,.T.);
#632=EDGE_CURVE('',#505,#504,#424,.T.);
#633=EDGE_CURVE('',#506,#505,#45,.T.);
#634=EDGE_CURVE('',#498,#506,#425,.T.);
#635=EDGE_CURVE('',#507,#505,#426,.T.);
#636=EDGE_CURVE('',#506,#507,#427,.T.);
#637=EDGE_CURVE('',#508,#496,#428,.T.);
#638=EDGE_CURVE('',#503,#508,#429,.T.);
#639=EDGE_CURVE('',#509,#502,#46,.T.);
#640=EDGE_CURVE('',#510,#509,#325,.T.);
#641=EDGE_CURVE('',#487,#510,#47,.T.);
#642=EDGE_CURVE('',#508,#482,#48,.T.);
#643=EDGE_CURVE('',#510,#511,#326,.T.);
#644=EDGE_CURVE('',#511,#488,#49,.T.);
#645=EDGE_CURVE('',#512,#509,#327,.T.);
#646=EDGE_CURVE('',#513,#512,#50,.T.);
#647=EDGE_CURVE('',#514,#513,#430,.T.);
#648=EDGE_CURVE('',#514,#515,#328,.T.);
#649=EDGE_CURVE('',#511,#515,#51,.T.);
#650=EDGE_CURVE('',#516,#499,#431,.T.);
#651=EDGE_CURVE('',#516,#517,#108,.T.);
#652=EDGE_CURVE('',#517,#518,#52,.T.);
#653=EDGE_CURVE('',#518,#500,#109,.T.);
#654=EDGE_CURVE('',#519,#520,#53,.T.);
#655=EDGE_CURVE('',#520,#518,#329,.T.);
#656=EDGE_CURVE('',#517,#519,#330,.T.);
#657=EDGE_CURVE('',#521,#522,#432,.T.);
#658=EDGE_CURVE('',#521,#520,#110,.T.);
#659=EDGE_CURVE('',#519,#522,#111,.T.);
#660=EDGE_CURVE('',#523,#516,#433,.F.);
#661=EDGE_CURVE('',#524,#523,#434,.F.);
#662=EDGE_CURVE('',#525,#524,#435,.T.);
#663=EDGE_CURVE('',#526,#525,#112,.T.);
#664=EDGE_CURVE('',#527,#526,#331,.T.);
#665=EDGE_CURVE('',#528,#527,#113,.T.);
#666=EDGE_CURVE('',#529,#528,#436,.T.);
#667=EDGE_CURVE('',#522,#529,#332,.T.);
#668=EDGE_CURVE('',#501,#512,#54,.T.);
#669=EDGE_CURVE('',#501,#530,#55,.T.);
#670=EDGE_CURVE('',#530,#513,#437,.T.);
#671=EDGE_CURVE('',#531,#532,#438,.T.);
#672=EDGE_CURVE('',#532,#533,#114,.T.);
#673=EDGE_CURVE('',#533,#534,#56,.T.);
#674=EDGE_CURVE('',#534,#535,#115,.T.);
#675=EDGE_CURVE('',#535,#531,#439,.T.);
#676=EDGE_CURVE('',#536,#537,#57,.T.);
#677=EDGE_CURVE('',#537,#534,#333,.T.);
#678=EDGE_CURVE('',#533,#536,#334,.T.);
#679=EDGE_CURVE('',#530,#537,#116,.T.);
#680=EDGE_CURVE('',#536,#514,#117,.T.);
#681=EDGE_CURVE('',#538,#532,#335,.T.);
#682=EDGE_CURVE('',#539,#538,#118,.T.);
#683=EDGE_CURVE('',#540,#539,#336,.T.);
#684=EDGE_CURVE('',#541,#540,#119,.T.);
#685=EDGE_CURVE('',#515,#541,#440,.T.);
#686=EDGE_CURVE('',#542,#531,#337,.T.);
#687=EDGE_CURVE('',#542,#543,#338,.T.);
#688=EDGE_CURVE('',#544,#543,#339,.T.);
#689=EDGE_CURVE('',#545,#544,#58,.T.);
#690=EDGE_CURVE('',#538,#545,#441,.T.);
#691=EDGE_CURVE('',#521,#535,#340,.T.);
#692=EDGE_CURVE('',#522,#546,#341,.T.);
#693=EDGE_CURVE('',#546,#491,#120,.T.);
#694=EDGE_CURVE('',#490,#542,#121,.T.);
#695=EDGE_CURVE('',#534,#520,#342,.T.);
#696=EDGE_CURVE('',#547,#488,#59,.T.);
#697=EDGE_CURVE('',#541,#547,#442,.T.);
#698=EDGE_CURVE('',#527,#548,#60,.T.);
#699=EDGE_CURVE('',#548,#549,#122,.T.);
#700=EDGE_CURVE('',#549,#528,#443,.T.);
#701=EDGE_CURVE('',#544,#550,#61,.T.);
#702=EDGE_CURVE('',#550,#551,#62,.T.);
#703=EDGE_CURVE('',#551,#545,#444,.T.);
#704=EDGE_CURVE('',#543,#552,#63,.T.);
#705=EDGE_CURVE('',#552,#550,#343,.T.);
#706=EDGE_CURVE('',#493,#553,#64,.T.);
#707=EDGE_CURVE('',#553,#552,#445,.T.);
#708=EDGE_CURVE('',#543,#493,#446,.T.);
#709=EDGE_CURVE('',#492,#554,#65,.T.);
#710=EDGE_CURVE('',#554,#553,#344,.T.);
#711=EDGE_CURVE('',#555,#556,#66,.T.);
#712=EDGE_CURVE('',#556,#554,#447,.T.);
#713=EDGE_CURVE('',#492,#555,#448,.T.);
#714=EDGE_CURVE('',#557,#558,#67,.T.);
#715=EDGE_CURVE('',#558,#556,#345,.T.);
#716=EDGE_CURVE('',#555,#557,#346,.T.);
#717=EDGE_CURVE('',#549,#558,#68,.T.);
#718=EDGE_CURVE('',#557,#529,#69,.T.);
#719=EDGE_CURVE('',#540,#559,#70,.T.);
#720=EDGE_CURVE('',#559,#547,#123,.T.);
#721=EDGE_CURVE('',#539,#560,#71,.T.);
#722=EDGE_CURVE('',#560,#559,#347,.T.);
#723=EDGE_CURVE('',#551,#560,#124,.T.);
#724=EDGE_CURVE('',#526,#561,#72,.T.);
#725=EDGE_CURVE('',#561,#548,#348,.T.);
#726=EDGE_CURVE('',#525,#562,#73,.T.);
#727=EDGE_CURVE('',#562,#561,#125,.T.);
#728=EDGE_CURVE('',#524,#563,#449,.F.);
#729=EDGE_CURVE('',#563,#562,#450,.T.);
#730=EDGE_CURVE('',#546,#555,#349,.T.);
#731=EDGE_CURVE('',#504,#564,#451,.T.);
#732=EDGE_CURVE('',#564,#507,#452,.T.);
#733=EDGE_CURVE('',#498,#565,#74,.T.);
#734=EDGE_CURVE('',#565,#566,#75,.T.);
#735=EDGE_CURVE('',#566,#497,#76,.T.);
#736=EDGE_CURVE('',#564,#565,#453,.T.);
#737=EDGE_CURVE('',#566,#567,#77,.T.);
#738=EDGE_CURVE('',#567,#523,#78,.T.);
#739=EDGE_CURVE('',#567,#568,#454,.T.);
#740=EDGE_CURVE('',#563,#568,#455,.T.);
#741=EDGE_CURVE('',#489,#567,#79,.T.);
#742=EDGE_CURVE('',#489,#562,#456,.T.);
#743=EDGE_CURVE('',#565,#479,#80,.T.);
#744=EDGE_CURVE('',#559,#561,#350,.T.);
#745=EDGE_CURVE('',#548,#560,#351,.T.);
#746=EDGE_CURVE('',#550,#558,#352,.T.);
#747=EDGE_CURVE('',#518,#537,#353,.T.);
#748=ORIENTED_EDGE('',*,*,#569,.F.);
#749=ORIENTED_EDGE('',*,*,#570,.T.);
#750=ORIENTED_EDGE('',*,*,#571,.F.);
#751=ORIENTED_EDGE('',*,*,#572,.F.);
#752=ORIENTED_EDGE('',*,*,#573,.F.);
#753=ORIENTED_EDGE('',*,*,#572,.T.);
#754=ORIENTED_EDGE('',*,*,#574,.F.);
#755=ORIENTED_EDGE('',*,*,#575,.F.);
#756=ORIENTED_EDGE('',*,*,#576,.F.);
#757=ORIENTED_EDGE('',*,*,#575,.T.);
#758=ORIENTED_EDGE('',*,*,#577,.F.);
#759=ORIENTED_EDGE('',*,*,#578,.F.);
#760=ORIENTED_EDGE('',*,*,#579,.F.);
#761=ORIENTED_EDGE('',*,*,#578,.T.);
#762=ORIENTED_EDGE('',*,*,#580,.F.);
#763=ORIENTED_EDGE('',*,*,#581,.F.);
#764=ORIENTED_EDGE('',*,*,#582,.F.);
#765=ORIENTED_EDGE('',*,*,#581,.T.);
#766=ORIENTED_EDGE('',*,*,#583,.F.);
#767=ORIENTED_EDGE('',*,*,#584,.F.);
#768=ORIENTED_EDGE('',*,*,#585,.F.);
#769=ORIENTED_EDGE('',*,*,#584,.T.);
#770=ORIENTED_EDGE('',*,*,#586,.F.);
#771=ORIENTED_EDGE('',*,*,#587,.F.);
#772=ORIENTED_EDGE('',*,*,#588,.F.);
#773=ORIENTED_EDGE('',*,*,#587,.T.);
#774=ORIENTED_EDGE('',*,*,#589,.F.);
#775=ORIENTED_EDGE('',*,*,#570,.F.);
#776=ORIENTED_EDGE('',*,*,#589,.T.);
#777=ORIENTED_EDGE('',*,*,#586,.T.);
#778=ORIENTED_EDGE('',*,*,#583,.T.);
#779=ORIENTED_EDGE('',*,*,#580,.T.);
#780=ORIENTED_EDGE('',*,*,#577,.T.);
#781=ORIENTED_EDGE('',*,*,#574,.T.);
#782=ORIENTED_EDGE('',*,*,#571,.T.);
#783=ORIENTED_EDGE('',*,*,#590,.F.);
#784=ORIENTED_EDGE('',*,*,#591,.T.);
#785=ORIENTED_EDGE('',*,*,#592,.T.);
#786=ORIENTED_EDGE('',*,*,#591,.F.);
#787=ORIENTED_EDGE('',*,*,#592,.F.);
#788=ORIENTED_EDGE('',*,*,#593,.F.);
#789=ORIENTED_EDGE('',*,*,#594,.F.);
#790=ORIENTED_EDGE('',*,*,#595,.F.);
#791=ORIENTED_EDGE('',*,*,#596,.T.);
#792=ORIENTED_EDGE('',*,*,#597,.T.);
#793=ORIENTED_EDGE('',*,*,#596,.F.);
#794=ORIENTED_EDGE('',*,*,#598,.F.);
#795=ORIENTED_EDGE('',*,*,#597,.F.);
#796=ORIENTED_EDGE('',*,*,#599,.F.);
#797=ORIENTED_EDGE('',*,*,#594,.T.);
#798=ORIENTED_EDGE('',*,*,#600,.T.);
#799=ORIENTED_EDGE('',*,*,#601,.F.);
#800=ORIENTED_EDGE('',*,*,#602,.T.);
#801=ORIENTED_EDGE('',*,*,#603,.F.);
#802=ORIENTED_EDGE('',*,*,#604,.T.);
#803=ORIENTED_EDGE('',*,*,#599,.T.);
#804=ORIENTED_EDGE('',*,*,#605,.T.);
#805=ORIENTED_EDGE('',*,*,#606,.F.);
#806=ORIENTED_EDGE('',*,*,#605,.F.);
#807=ORIENTED_EDGE('',*,*,#593,.T.);
#808=ORIENTED_EDGE('',*,*,#607,.T.);
#809=ORIENTED_EDGE('',*,*,#608,.F.);
#810=ORIENTED_EDGE('',*,*,#607,.F.);
#811=ORIENTED_EDGE('',*,*,#598,.T.);
#812=ORIENTED_EDGE('',*,*,#595,.T.);
#813=ORIENTED_EDGE('',*,*,#604,.F.);
#814=ORIENTED_EDGE('',*,*,#609,.F.);
#815=ORIENTED_EDGE('',*,*,#610,.T.);
#816=ORIENTED_EDGE('',*,*,#611,.T.);
#817=ORIENTED_EDGE('',*,*,#612,.F.);
#818=ORIENTED_EDGE('',*,*,#613,.F.);
#819=ORIENTED_EDGE('',*,*,#614,.F.);
#820=ORIENTED_EDGE('',*,*,#600,.F.);
#821=ORIENTED_EDGE('',*,*,#590,.T.);
#822=ORIENTED_EDGE('',*,*,#615,.T.);
#823=ORIENTED_EDGE('',*,*,#616,.T.);
#824=ORIENTED_EDGE('',*,*,#617,.F.);
#825=ORIENTED_EDGE('',*,*,#618,.F.);
#826=ORIENTED_EDGE('',*,*,#619,.F.);
#827=ORIENTED_EDGE('',*,*,#620,.F.);
#828=ORIENTED_EDGE('',*,*,#610,.F.);
#829=ORIENTED_EDGE('',*,*,#621,.F.);
#830=ORIENTED_EDGE('',*,*,#622,.F.);
#831=ORIENTED_EDGE('',*,*,#623,.F.);
#832=ORIENTED_EDGE('',*,*,#624,.F.);
#833=ORIENTED_EDGE('',*,*,#625,.T.);
#834=ORIENTED_EDGE('',*,*,#626,.F.);
#835=ORIENTED_EDGE('',*,*,#627,.F.);
#836=ORIENTED_EDGE('',*,*,#628,.T.);
#837=ORIENTED_EDGE('',*,*,#619,.T.);
#838=ORIENTED_EDGE('',*,*,#629,.F.);
#839=ORIENTED_EDGE('',*,*,#630,.F.);
#840=ORIENTED_EDGE('',*,*,#602,.F.);
#841=ORIENTED_EDGE('',*,*,#631,.F.);
#842=ORIENTED_EDGE('',*,*,#632,.F.);
#843=ORIENTED_EDGE('',*,*,#633,.F.);
#844=ORIENTED_EDGE('',*,*,#634,.F.);
#845=ORIENTED_EDGE('',*,*,#606,.T.);
#846=ORIENTED_EDGE('',*,*,#608,.T.);
#847=ORIENTED_EDGE('',*,*,#633,.T.);
#848=ORIENTED_EDGE('',*,*,#635,.F.);
#849=ORIENTED_EDGE('',*,*,#636,.F.);
#850=ORIENTED_EDGE('',*,*,#629,.T.);
#851=ORIENTED_EDGE('',*,*,#622,.T.);
#852=ORIENTED_EDGE('',*,*,#637,.F.);
#853=ORIENTED_EDGE('',*,*,#638,.F.);
#854=ORIENTED_EDGE('',*,*,#628,.F.);
#855=ORIENTED_EDGE('',*,*,#639,.F.);
#856=ORIENTED_EDGE('',*,*,#640,.F.);
#857=ORIENTED_EDGE('',*,*,#641,.F.);
#858=ORIENTED_EDGE('',*,*,#611,.F.);
#859=ORIENTED_EDGE('',*,*,#620,.T.);
#860=ORIENTED_EDGE('',*,*,#621,.T.);
#861=ORIENTED_EDGE('',*,*,#609,.T.);
#862=ORIENTED_EDGE('',*,*,#642,.F.);
#863=ORIENTED_EDGE('',*,*,#637,.T.);
#864=ORIENTED_EDGE('',*,*,#641,.T.);
#865=ORIENTED_EDGE('',*,*,#643,.T.);
#866=ORIENTED_EDGE('',*,*,#644,.T.);
#867=ORIENTED_EDGE('',*,*,#612,.T.);
#868=ORIENTED_EDGE('',*,*,#640,.T.);
#869=ORIENTED_EDGE('',*,*,#645,.F.);
#870=ORIENTED_EDGE('',*,*,#646,.F.);
#871=ORIENTED_EDGE('',*,*,#647,.F.);
#872=ORIENTED_EDGE('',*,*,#648,.T.);
#873=ORIENTED_EDGE('',*,*,#649,.F.);
#874=ORIENTED_EDGE('',*,*,#643,.F.);
#875=ORIENTED_EDGE('',*,*,#650,.F.);
#876=ORIENTED_EDGE('',*,*,#651,.T.);
#877=ORIENTED_EDGE('',*,*,#652,.T.);
#878=ORIENTED_EDGE('',*,*,#653,.T.);
#879=ORIENTED_EDGE('',*,*,#625,.F.);
#880=ORIENTED_EDGE('',*,*,#654,.T.);
#881=ORIENTED_EDGE('',*,*,#655,.T.);
#882=ORIENTED_EDGE('',*,*,#652,.F.);
#883=ORIENTED_EDGE('',*,*,#656,.T.);
#884=ORIENTED_EDGE('',*,*,#657,.F.);
#885=ORIENTED_EDGE('',*,*,#658,.T.);
#886=ORIENTED_EDGE('',*,*,#654,.F.);
#887=ORIENTED_EDGE('',*,*,#659,.T.);
#888=ORIENTED_EDGE('',*,*,#659,.F.);
#889=ORIENTED_EDGE('',*,*,#656,.F.);
#890=ORIENTED_EDGE('',*,*,#651,.F.);
#891=ORIENTED_EDGE('',*,*,#660,.F.);
#892=ORIENTED_EDGE('',*,*,#661,.F.);
#893=ORIENTED_EDGE('',*,*,#662,.F.);
#894=ORIENTED_EDGE('',*,*,#663,.F.);
#895=ORIENTED_EDGE('',*,*,#664,.F.);
#896=ORIENTED_EDGE('',*,*,#665,.F.);
#897=ORIENTED_EDGE('',*,*,#666,.F.);
#898=ORIENTED_EDGE('',*,*,#667,.F.);
#899=ORIENTED_EDGE('',*,*,#639,.T.);
#900=ORIENTED_EDGE('',*,*,#627,.T.);
#901=ORIENTED_EDGE('',*,*,#668,.T.);
#902=ORIENTED_EDGE('',*,*,#645,.T.);
#903=ORIENTED_EDGE('',*,*,#646,.T.);
#904=ORIENTED_EDGE('',*,*,#668,.F.);
#905=ORIENTED_EDGE('',*,*,#669,.T.);
#906=ORIENTED_EDGE('',*,*,#670,.T.);
#907=ORIENTED_EDGE('',*,*,#671,.T.);
#908=ORIENTED_EDGE('',*,*,#672,.T.);
#909=ORIENTED_EDGE('',*,*,#673,.T.);
#910=ORIENTED_EDGE('',*,*,#674,.T.);
#911=ORIENTED_EDGE('',*,*,#675,.T.);
#912=ORIENTED_EDGE('',*,*,#676,.T.);
#913=ORIENTED_EDGE('',*,*,#677,.T.);
#914=ORIENTED_EDGE('',*,*,#673,.F.);
#915=ORIENTED_EDGE('',*,*,#678,.T.);
#916=ORIENTED_EDGE('',*,*,#679,.T.);
#917=ORIENTED_EDGE('',*,*,#676,.F.);
#918=ORIENTED_EDGE('',*,*,#680,.T.);
#919=ORIENTED_EDGE('',*,*,#647,.T.);
#920=ORIENTED_EDGE('',*,*,#670,.F.);
#921=ORIENTED_EDGE('',*,*,#680,.F.);
#922=ORIENTED_EDGE('',*,*,#678,.F.);
#923=ORIENTED_EDGE('',*,*,#672,.F.);
#924=ORIENTED_EDGE('',*,*,#681,.F.);
#925=ORIENTED_EDGE('',*,*,#682,.F.);
#926=ORIENTED_EDGE('',*,*,#683,.F.);
#927=ORIENTED_EDGE('',*,*,#684,.F.);
#928=ORIENTED_EDGE('',*,*,#685,.F.);
#929=ORIENTED_EDGE('',*,*,#648,.F.);
#930=ORIENTED_EDGE('',*,*,#671,.F.);
#931=ORIENTED_EDGE('',*,*,#686,.F.);
#932=ORIENTED_EDGE('',*,*,#687,.T.);
#933=ORIENTED_EDGE('',*,*,#688,.F.);
#934=ORIENTED_EDGE('',*,*,#689,.F.);
#935=ORIENTED_EDGE('',*,*,#690,.F.);
#936=ORIENTED_EDGE('',*,*,#681,.T.);
#937=ORIENTED_EDGE('',*,*,#686,.T.);
#938=ORIENTED_EDGE('',*,*,#675,.F.);
#939=ORIENTED_EDGE('',*,*,#691,.F.);
#940=ORIENTED_EDGE('',*,*,#657,.T.);
#941=ORIENTED_EDGE('',*,*,#692,.T.);
#942=ORIENTED_EDGE('',*,*,#693,.T.);
#943=ORIENTED_EDGE('',*,*,#615,.F.);
#944=ORIENTED_EDGE('',*,*,#694,.T.);
#945=ORIENTED_EDGE('',*,*,#569,.T.);
#946=ORIENTED_EDGE('',*,*,#573,.T.);
#947=ORIENTED_EDGE('',*,*,#576,.T.);
#948=ORIENTED_EDGE('',*,*,#579,.T.);
#949=ORIENTED_EDGE('',*,*,#582,.T.);
#950=ORIENTED_EDGE('',*,*,#585,.T.);
#951=ORIENTED_EDGE('',*,*,#588,.T.);
#952=ORIENTED_EDGE('',*,*,#658,.F.);
#953=ORIENTED_EDGE('',*,*,#691,.T.);
#954=ORIENTED_EDGE('',*,*,#674,.F.);
#955=ORIENTED_EDGE('',*,*,#695,.T.);
#956=ORIENTED_EDGE('',*,*,#696,.T.);
#957=ORIENTED_EDGE('',*,*,#644,.F.);
#958=ORIENTED_EDGE('',*,*,#649,.T.);
#959=ORIENTED_EDGE('',*,*,#685,.T.);
#960=ORIENTED_EDGE('',*,*,#697,.T.);
#961=ORIENTED_EDGE('',*,*,#665,.T.);
#962=ORIENTED_EDGE('',*,*,#698,.T.);
#963=ORIENTED_EDGE('',*,*,#699,.T.);
#964=ORIENTED_EDGE('',*,*,#700,.T.);
#965=ORIENTED_EDGE('',*,*,#689,.T.);
#966=ORIENTED_EDGE('',*,*,#701,.T.);
#967=ORIENTED_EDGE('',*,*,#702,.T.);
#968=ORIENTED_EDGE('',*,*,#703,.T.);
#969=ORIENTED_EDGE('',*,*,#704,.T.);
#970=ORIENTED_EDGE('',*,*,#705,.T.);
#971=ORIENTED_EDGE('',*,*,#701,.F.);
#972=ORIENTED_EDGE('',*,*,#688,.T.);
#973=ORIENTED_EDGE('',*,*,#706,.T.);
#974=ORIENTED_EDGE('',*,*,#707,.T.);
#975=ORIENTED_EDGE('',*,*,#704,.F.);
#976=ORIENTED_EDGE('',*,*,#708,.T.);
#977=ORIENTED_EDGE('',*,*,#709,.T.);
#978=ORIENTED_EDGE('',*,*,#710,.T.);
#979=ORIENTED_EDGE('',*,*,#706,.F.);
#980=ORIENTED_EDGE('',*,*,#617,.T.);
#981=ORIENTED_EDGE('',*,*,#711,.T.);
#982=ORIENTED_EDGE('',*,*,#712,.T.);
#983=ORIENTED_EDGE('',*,*,#709,.F.);
#984=ORIENTED_EDGE('',*,*,#713,.T.);
#985=ORIENTED_EDGE('',*,*,#714,.T.);
#986=ORIENTED_EDGE('',*,*,#715,.T.);
#987=ORIENTED_EDGE('',*,*,#711,.F.);
#988=ORIENTED_EDGE('',*,*,#716,.T.);
#989=ORIENTED_EDGE('',*,*,#717,.T.);
#990=ORIENTED_EDGE('',*,*,#714,.F.);
#991=ORIENTED_EDGE('',*,*,#718,.T.);
#992=ORIENTED_EDGE('',*,*,#666,.T.);
#993=ORIENTED_EDGE('',*,*,#700,.F.);
#994=ORIENTED_EDGE('',*,*,#684,.T.);
#995=ORIENTED_EDGE('',*,*,#719,.T.);
#996=ORIENTED_EDGE('',*,*,#720,.T.);
#997=ORIENTED_EDGE('',*,*,#697,.F.);
#998=ORIENTED_EDGE('',*,*,#721,.T.);
#999=ORIENTED_EDGE('',*,*,#722,.T.);
#1000=ORIENTED_EDGE('',*,*,#719,.F.);
#1001=ORIENTED_EDGE('',*,*,#683,.T.);
#1002=ORIENTED_EDGE('',*,*,#723,.T.);
#1003=ORIENTED_EDGE('',*,*,#721,.F.);
#1004=ORIENTED_EDGE('',*,*,#682,.T.);
#1005=ORIENTED_EDGE('',*,*,#690,.T.);
#1006=ORIENTED_EDGE('',*,*,#703,.F.);
#1007=ORIENTED_EDGE('',*,*,#724,.T.);
#1008=ORIENTED_EDGE('',*,*,#725,.T.);
#1009=ORIENTED_EDGE('',*,*,#698,.F.);
#1010=ORIENTED_EDGE('',*,*,#664,.T.);
#1011=ORIENTED_EDGE('',*,*,#726,.T.);
#1012=ORIENTED_EDGE('',*,*,#727,.T.);
#1013=ORIENTED_EDGE('',*,*,#724,.F.);
#1014=ORIENTED_EDGE('',*,*,#663,.T.);
#1015=ORIENTED_EDGE('',*,*,#728,.T.);
#1016=ORIENTED_EDGE('',*,*,#729,.T.);
#1017=ORIENTED_EDGE('',*,*,#726,.F.);
#1018=ORIENTED_EDGE('',*,*,#662,.T.);
#1019=ORIENTED_EDGE('',*,*,#630,.T.);
#1020=ORIENTED_EDGE('',*,*,#638,.T.);
#1021=ORIENTED_EDGE('',*,*,#642,.T.);
#1022=ORIENTED_EDGE('',*,*,#603,.T.);
#1023=ORIENTED_EDGE('',*,*,#718,.F.);
#1024=ORIENTED_EDGE('',*,*,#716,.F.);
#1025=ORIENTED_EDGE('',*,*,#730,.F.);
#1026=ORIENTED_EDGE('',*,*,#692,.F.);
#1027=ORIENTED_EDGE('',*,*,#667,.T.);
#1028=ORIENTED_EDGE('',*,*,#713,.F.);
#1029=ORIENTED_EDGE('',*,*,#616,.F.);
#1030=ORIENTED_EDGE('',*,*,#693,.F.);
#1031=ORIENTED_EDGE('',*,*,#730,.T.);
#1032=ORIENTED_EDGE('',*,*,#708,.F.);
#1033=ORIENTED_EDGE('',*,*,#687,.F.);
#1034=ORIENTED_EDGE('',*,*,#694,.F.);
#1035=ORIENTED_EDGE('',*,*,#618,.T.);
#1036=ORIENTED_EDGE('',*,*,#632,.T.);
#1037=ORIENTED_EDGE('',*,*,#731,.T.);
#1038=ORIENTED_EDGE('',*,*,#732,.T.);
#1039=ORIENTED_EDGE('',*,*,#635,.T.);
#1040=ORIENTED_EDGE('',*,*,#733,.T.);
#1041=ORIENTED_EDGE('',*,*,#734,.T.);
#1042=ORIENTED_EDGE('',*,*,#735,.T.);
#1043=ORIENTED_EDGE('',*,*,#623,.T.);
#1044=ORIENTED_EDGE('',*,*,#736,.T.);
#1045=ORIENTED_EDGE('',*,*,#733,.F.);
#1046=ORIENTED_EDGE('',*,*,#634,.T.);
#1047=ORIENTED_EDGE('',*,*,#636,.T.);
#1048=ORIENTED_EDGE('',*,*,#732,.F.);
#1049=ORIENTED_EDGE('',*,*,#660,.T.);
#1050=ORIENTED_EDGE('',*,*,#650,.T.);
#1051=ORIENTED_EDGE('',*,*,#624,.T.);
#1052=ORIENTED_EDGE('',*,*,#735,.F.);
#1053=ORIENTED_EDGE('',*,*,#737,.T.);
#1054=ORIENTED_EDGE('',*,*,#738,.T.);
#1055=ORIENTED_EDGE('',*,*,#661,.T.);
#1056=ORIENTED_EDGE('',*,*,#738,.F.);
#1057=ORIENTED_EDGE('',*,*,#739,.T.);
#1058=ORIENTED_EDGE('',*,*,#740,.F.);
#1059=ORIENTED_EDGE('',*,*,#728,.F.);
#1060=ORIENTED_EDGE('',*,*,#740,.T.);
#1061=ORIENTED_EDGE('',*,*,#739,.F.);
#1062=ORIENTED_EDGE('',*,*,#741,.F.);
#1063=ORIENTED_EDGE('',*,*,#742,.T.);
#1064=ORIENTED_EDGE('',*,*,#729,.F.);
#1065=ORIENTED_EDGE('',*,*,#737,.F.);
#1066=ORIENTED_EDGE('',*,*,#734,.F.);
#1067=ORIENTED_EDGE('',*,*,#743,.T.);
#1068=ORIENTED_EDGE('',*,*,#614,.T.);
#1069=ORIENTED_EDGE('',*,*,#741,.T.);
#1070=ORIENTED_EDGE('',*,*,#631,.T.);
#1071=ORIENTED_EDGE('',*,*,#601,.T.);
#1072=ORIENTED_EDGE('',*,*,#743,.F.);
#1073=ORIENTED_EDGE('',*,*,#736,.F.);
#1074=ORIENTED_EDGE('',*,*,#731,.F.);
#1075=ORIENTED_EDGE('',*,*,#727,.F.);
#1076=ORIENTED_EDGE('',*,*,#742,.F.);
#1077=ORIENTED_EDGE('',*,*,#613,.T.);
#1078=ORIENTED_EDGE('',*,*,#696,.F.);
#1079=ORIENTED_EDGE('',*,*,#720,.F.);
#1080=ORIENTED_EDGE('',*,*,#744,.T.);
#1081=ORIENTED_EDGE('',*,*,#699,.F.);
#1082=ORIENTED_EDGE('',*,*,#745,.T.);
#1083=ORIENTED_EDGE('',*,*,#723,.F.);
#1084=ORIENTED_EDGE('',*,*,#702,.F.);
#1085=ORIENTED_EDGE('',*,*,#746,.T.);
#1086=ORIENTED_EDGE('',*,*,#717,.F.);
#1087=ORIENTED_EDGE('',*,*,#725,.F.);
#1088=ORIENTED_EDGE('',*,*,#744,.F.);
#1089=ORIENTED_EDGE('',*,*,#722,.F.);
#1090=ORIENTED_EDGE('',*,*,#745,.F.);
#1091=ORIENTED_EDGE('',*,*,#655,.F.);
#1092=ORIENTED_EDGE('',*,*,#695,.F.);
#1093=ORIENTED_EDGE('',*,*,#677,.F.);
#1094=ORIENTED_EDGE('',*,*,#747,.F.);
#1095=ORIENTED_EDGE('',*,*,#653,.F.);
#1096=ORIENTED_EDGE('',*,*,#747,.T.);
#1097=ORIENTED_EDGE('',*,*,#679,.F.);
#1098=ORIENTED_EDGE('',*,*,#669,.F.);
#1099=ORIENTED_EDGE('',*,*,#626,.T.);
#1100=ORIENTED_EDGE('',*,*,#715,.F.);
#1101=ORIENTED_EDGE('',*,*,#746,.F.);
#1102=ORIENTED_EDGE('',*,*,#705,.F.);
#1103=ORIENTED_EDGE('',*,*,#707,.F.);
#1104=ORIENTED_EDGE('',*,*,#710,.F.);
#1105=ORIENTED_EDGE('',*,*,#712,.F.);
#1106=B_SPLINE_SURFACE_WITH_KNOTS('',3,1,((#1650,#1651),(#1652,#1653),(#1654,
#1655),(#1656,#1657),(#1658,#1659),(#1660,#1661),(#1662,#1663),(#1664,#1665),
(#1666,#1667),(#1668,#1669),(#1670,#1671),(#1672,#1673),(#1674,#1675),(#1676,
#1677),(#1678,#1679),(#1680,#1681),(#1682,#1683),(#1684,#1685),(#1686,#1687),
(#1688,#1689),(#1690,#1691),(#1692,#1693),(#1694,#1695),(#1696,#1697),(#1698,
#1699),(#1700,#1701),(#1702,#1703),(#1704,#1705),(#1706,#1707),(#1708,#1709),
(#1710,#1711),(#1712,#1713),(#1714,#1715),(#1716,#1717)),.UNSPECIFIED.,
 .F.,.F.,.F.,(4,1,1,1,1,1,1,1,1,1,1,1,1,1,1,1,1,1,1,1,1,1,1,1,1,1,1,1,1,
1,1,4),(2,2),(0.0940969642418717,0.137680471762864,0.181263979283857,0.203055733044353,
0.246639240565346,0.268430994325842,0.295670686526463,0.301118624966587,
0.312014501846835,0.317462440286959,0.328358317167207,0.333806255607331,
0.344702132487579,0.350150070927703,0.366493886248075,0.377389763128324,
0.39918151688882,0.410077393769068,0.442765024409813,0.464556778170309,
0.497244408811053,0.508140285691301,0.529932039451798,0.540827916332046,
0.557171731652418,0.562619670092542,0.57351554697279,0.578963485412914,
0.589859362293163,0.595307300733287,0.606203177613535,0.617099054493783),
(0.,0.15),.UNSPECIFIED.);
#1107=B_SPLINE_SURFACE_WITH_KNOTS('',3,1,((#1809,#1810),(#1811,#1812),(#1813,
#1814),(#1815,#1816),(#1817,#1818),(#1819,#1820),(#1821,#1822),(#1823,#1824),
(#1825,#1826),(#1827,#1828),(#1829,#1830),(#1831,#1832),(#1833,#1834),(#1835,
#1836),(#1837,#1838),(#1839,#1840),(#1841,#1842),(#1843,#1844),(#1845,#1846),
(#1847,#1848),(#1849,#1850),(#1851,#1852),(#1853,#1854),(#1855,#1856),(#1857,
#1858),(#1859,#1860),(#1861,#1862),(#1863,#1864),(#1865,#1866),(#1867,#1868),
(#1869,#1870),(#1871,#1872)),.UNSPECIFIED.,.F.,.F.,.F.,(4,1,1,1,1,1,1,1,
1,1,1,1,1,1,1,1,1,1,1,1,1,1,1,1,1,1,1,1,1,4),(2,2),(0.535386608729727,0.64557689077485,
0.755767172819973,0.810862313842535,0.893505025376377,0.921052595887658,
0.976147736910219,1.0036953074215,1.05879044844406,1.08633801895534,1.1414331599779,
1.16898073048918,1.22407587151175,1.25162344202303,1.29294479778995,1.30671858304559,
1.32737926092905,1.33426615355687,1.34803993881251,1.35492683144033,1.38936129457943,
1.41690886509071,1.47200400611327,1.49955157662455,1.5821942881584,1.63728942918096,
1.7199321407148,1.74747971122608,1.80257485224864,1.8576699932712),(0.,
0.15),.UNSPECIFIED.);
#1108=B_SPLINE_SURFACE_WITH_KNOTS('',3,3,((#2156,#2157,#2158,#2159),(#2160,
#2161,#2162,#2163),(#2164,#2165,#2166,#2167),(#2168,#2169,#2170,#2171),
(#2172,#2173,#2174,#2175)),.UNSPECIFIED.,.F.,.F.,.F.,(4,1,4),(4,4),(0.,
0.571428571428571,1.),(-0.929311324649554,-0.724152036644467),
 .UNSPECIFIED.);
#1109=B_SPLINE_SURFACE_WITH_KNOTS('',3,3,((#2202,#2203,#2204,#2205,#2206,
#2207,#2208),(#2209,#2210,#2211,#2212,#2213,#2214,#2215),(#2216,#2217,#2218,
#2219,#2220,#2221,#2222),(#2223,#2224,#2225,#2226,#2227,#2228,#2229),(#2230,
#2231,#2232,#2233,#2234,#2235,#2236)),.UNSPECIFIED.,.F.,.F.,.F.,(4,1,4),
(4,1,1,1,4),(0.,0.571428571428571,1.),(-1.11022302462516E-16,0.448798950512827,
0.897597901025655,1.12199737628207,1.5707963267949),.UNSPECIFIED.);
#1110=B_SPLINE_SURFACE_WITH_KNOTS('',3,3,((#2255,#2256,#2257,#2258,#2259,
#2260,#2261),(#2262,#2263,#2264,#2265,#2266,#2267,#2268),(#2269,#2270,#2271,
#2272,#2273,#2274,#2275),(#2276,#2277,#2278,#2279,#2280,#2281,#2282),(#2283,
#2284,#2285,#2286,#2287,#2288,#2289),(#2290,#2291,#2292,#2293,#2294,#2295,
#2296)),.UNSPECIFIED.,.F.,.F.,.F.,(4,1,1,4),(4,1,1,1,4),(0.,0.285714285714286,
0.571428571428571,1.),(4.71238898038469,5.16118793089752,5.60998688141035,
5.83438635666676,6.28318530717959),.UNSPECIFIED.);
#1111=B_SPLINE_SURFACE_WITH_KNOTS('',3,3,((#2410,#2411,#2412,#2413,#2414,
#2415,#2416),(#2417,#2418,#2419,#2420,#2421,#2422,#2423),(#2424,#2425,#2426,
#2427,#2428,#2429,#2430),(#2431,#2432,#2433,#2434,#2435,#2436,#2437),(#2438,
#2439,#2440,#2441,#2442,#2443,#2444)),.UNSPECIFIED.,.F.,.F.,.F.,(4,1,4),
(4,1,1,1,4),(0.,0.571428571428571,1.),(-0.25554095830299,0.26626969458212,
0.788080347467231,1.04898567390979,1.5707963267949),.UNSPECIFIED.);
#1112=B_SPLINE_SURFACE_WITH_KNOTS('',3,3,((#2489,#2490,#2491,#2492,#2493,
#2494),(#2495,#2496,#2497,#2498,#2499,#2500),(#2501,#2502,#2503,#2504,#2505,
#2506),(#2507,#2508,#2509,#2510,#2511,#2512),(#2513,#2514,#2515,#2516,#2517,
#2518),(#2519,#2520,#2521,#2522,#2523,#2524)),.UNSPECIFIED.,.F.,.F.,.F.,
(4,1,1,4),(4,1,1,4),(0.,0.285714285714286,0.571428571428571,1.),(4.71238898038469,
5.24227156347945,5.59552661887595,5.94878167427245),.UNSPECIFIED.);
#1113=B_SPLINE_SURFACE_WITH_KNOTS('',3,3,((#2622,#2623,#2624,#2625,#2626),
(#2627,#2628,#2629,#2630,#2631),(#2632,#2633,#2634,#2635,#2636),(#2637,
#2638,#2639,#2640,#2641),(#2642,#2643,#2644,#2645,#2646)),.UNSPECIFIED.,
 .F.,.F.,.F.,(4,1,4),(4,1,4),(0.,0.571428571428571,1.),(0.481840094108441,
0.948535622402636,1.5707963267949),.UNSPECIFIED.);
#1114=B_SPLINE_SURFACE_WITH_KNOTS('',3,3,((#2743,#2744,#2745,#2746,#2747,
#2748),(#2749,#2750,#2751,#2752,#2753,#2754),(#2755,#2756,#2757,#2758,#2759,
#2760),(#2761,#2762,#2763,#2764,#2765,#2766),(#2767,#2768,#2769,#2770,#2771,
#2772)),.UNSPECIFIED.,.F.,.F.,.F.,(4,1,4),(4,1,1,4),(0.,0.571428571428571,
1.),(0.,0.0352018162732336,0.0704036325464673,0.164275142608424),
 .UNSPECIFIED.);
#1115=B_SPLINE_SURFACE_WITH_KNOTS('',3,3,((#2791,#2792,#2793,#2794,#2795,
#2796),(#2797,#2798,#2799,#2800,#2801,#2802),(#2803,#2804,#2805,#2806,#2807,
#2808),(#2809,#2810,#2811,#2812,#2813,#2814),(#2815,#2816,#2817,#2818,#2819,
#2820)),.UNSPECIFIED.,.F.,.F.,.F.,(4,1,4),(4,1,1,4),(0.,0.571428571428571,
1.),(0.,0.483560361983235,0.805933936638725,1.12830751129421),
 .UNSPECIFIED.);
#1116=B_SPLINE_SURFACE_WITH_KNOTS('',3,3,((#2845,#2846,#2847,#2848,#2849),
(#2850,#2851,#2852,#2853,#2854),(#2855,#2856,#2857,#2858,#2859),(#2860,
#2861,#2862,#2863,#2864),(#2865,#2866,#2867,#2868,#2869)),.UNSPECIFIED.,
 .F.,.F.,.F.,(4,1,4),(4,1,4),(0.,0.571428571428571,1.),(0.481840094117622,
1.10410079850464,1.5707963267949),.UNSPECIFIED.);
#1117=B_SPLINE_SURFACE_WITH_KNOTS('',3,3,((#2877,#2878,#2879,#2880,#2881,
#2882),(#2883,#2884,#2885,#2886,#2887,#2888),(#2889,#2890,#2891,#2892,#2893,
#2894),(#2895,#2896,#2897,#2898,#2899,#2900),(#2901,#2902,#2903,#2904,#2905,
#2906),(#2907,#2908,#2909,#2910,#2911,#2912)),.UNSPECIFIED.,.F.,.F.,.F.,
(4,1,1,4),(4,1,1,4),(0.,0.285714285714286,0.571428571428571,1.),(4.71238898038469,
5.20390049931611,5.5315748452704,5.85924919122468),.UNSPECIFIED.);
#1118=B_SPLINE_SURFACE_WITH_KNOTS('',3,3,((#2918,#2919,#2920,#2921),(#2922,
#2923,#2924,#2925),(#2926,#2927,#2928,#2929),(#2930,#2931,#2932,#2933),
(#2934,#2935,#2936,#2937),(#2938,#2939,#2940,#2941)),.UNSPECIFIED.,.F.,
 .F.,.F.,(4,1,1,4),(4,4),(0.,0.285714285714286,0.571428571428571,1.),(-1.5707963267949,
-0.923410754393756),.UNSPECIFIED.);
#1119=B_SPLINE_SURFACE_WITH_KNOTS('',3,3,((#2945,#2946,#2947,#2948,#2949,
#2950,#2951),(#2952,#2953,#2954,#2955,#2956,#2957,#2958),(#2959,#2960,#2961,
#2962,#2963,#2964,#2965),(#2966,#2967,#2968,#2969,#2970,#2971,#2972),(#2973,
#2974,#2975,#2976,#2977,#2978,#2979),(#2980,#2981,#2982,#2983,#2984,#2985,
#2986)),.UNSPECIFIED.,.F.,.F.,.F.,(4,1,1,4),(4,1,1,1,4),(0.,0.285714285714286,
0.571428571428571,1.),(0.,0.315520691164576,0.631041382329151,1.05173563721525,
1.47242989210135),.UNSPECIFIED.);
#1120=B_SPLINE_SURFACE_WITH_KNOTS('',3,3,((#3023,#3024,#3025,#3026,#3027),
(#3028,#3029,#3030,#3031,#3032),(#3033,#3034,#3035,#3036,#3037),(#3038,
#3039,#3040,#3041,#3042),(#3043,#3044,#3045,#3046,#3047)),.UNSPECIFIED.,
 .F.,.F.,.F.,(4,1,4),(4,1,4),(0.,0.5,1.),(5.26838611786135,5.69323011832481,
6.0118631186724),.UNSPECIFIED.);
#1121=B_SPLINE_SURFACE_WITH_KNOTS('',3,3,((#3062,#3063,#3064,#3065),(#3066,
#3067,#3068,#3069),(#3070,#3071,#3072,#3073),(#3074,#3075,#3076,#3077),
(#3078,#3079,#3080,#3081)),.UNSPECIFIED.,.F.,.F.,.F.,(4,1,4),(4,4),(0.,
0.571428571428571,1.),(0.104612376583224,0.337584588404485),
 .UNSPECIFIED.);
#1122=B_SPLINE_SURFACE_WITH_KNOTS('',3,3,((#3105,#3106,#3107,#3108,#3109,
#3110,#3111),(#3112,#3113,#3114,#3115,#3116,#3117,#3118),(#3119,#3120,#3121,
#3122,#3123,#3124,#3125),(#3126,#3127,#3128,#3129,#3130,#3131,#3132),(#3133,
#3134,#3135,#3136,#3137,#3138,#3139),(#3140,#3141,#3142,#3143,#3144,#3145,
#3146),(#3147,#3148,#3149,#3150,#3151,#3152,#3153)),.UNSPECIFIED.,.F.,.F.,
 .F.,(4,1,1,1,4),(4,1,1,1,4),(0.,0.285714285714286,0.571428571428571,0.785714285714286,
1.),(2.10522737144895,2.34632456876658,2.40659886809599,2.4668731674254,
2.52714746675481),.UNSPECIFIED.);
#1123=B_SPLINE_SURFACE_WITH_KNOTS('',3,3,((#3192,#3193,#3194,#3195),(#3196,
#3197,#3198,#3199),(#3200,#3201,#3202,#3203),(#3204,#3205,#3206,#3207),
(#3208,#3209,#3210,#3211),(#3212,#3213,#3214,#3215)),.UNSPECIFIED.,.F.,
 .F.,.F.,(4,1,1,4),(4,4),(0.126880442847294,0.501074538769882,0.750537269384941,
1.),(0.434439108102197,0.653307410351253),.UNSPECIFIED.);
#1124=B_SPLINE_SURFACE_WITH_KNOTS('',3,3,((#3225,#3226,#3227,#3228,#3229),
(#3230,#3231,#3232,#3233,#3234),(#3235,#3236,#3237,#3238,#3239),(#3240,
#3241,#3242,#3243,#3244),(#3245,#3246,#3247,#3248,#3249)),.UNSPECIFIED.,
 .F.,.F.,.F.,(4,1,4),(4,1,4),(0.325454120319863,0.614545211611351,1.),(1.40261948525986,
2.0783632044615,2.97935483006368),.UNSPECIFIED.);
#1125=B_SPLINE_SURFACE_WITH_KNOTS('',3,3,((#3258,#3259,#3260,#3261,#3262),
(#3263,#3264,#3265,#3266,#3267),(#3268,#3269,#3270,#3271,#3272),(#3273,
#3274,#3275,#3276,#3277),(#3278,#3279,#3280,#3281,#3282)),.UNSPECIFIED.,
 .F.,.F.,.F.,(4,1,4),(4,1,4),(0.333333333333333,0.666666666666667,1.),(4.71498802466095,
4.974610262429,5.32077324611974),.UNSPECIFIED.);
#1126=ADVANCED_FACE('',(#148),#1106,.T.);
#1127=ADVANCED_FACE('',(#149),#130,.T.);
#1128=ADVANCED_FACE('',(#150),#126,.F.);
#1129=ADVANCED_FACE('',(#151),#1107,.T.);
#1130=ADVANCED_FACE('',(#152),#81,.T.);
#1131=ADVANCED_FACE('',(#153),#131,.T.);
#1132=ADVANCED_FACE('',(#154),#82,.T.);
#1133=ADVANCED_FACE('',(#155),#132,.T.);
#1134=ADVANCED_FACE('',(#156),#83,.F.);
#1135=ADVANCED_FACE('',(#157,#23),#133,.T.);
#1136=ADVANCED_FACE('',(#158),#84,.F.);
#1137=ADVANCED_FACE('',(#159,#24),#134,.T.);
#1138=ADVANCED_FACE('',(#160),#85,.T.);
#1139=ADVANCED_FACE('',(#161),#86,.F.);
#1140=ADVANCED_FACE('',(#162),#87,.F.);
#1141=ADVANCED_FACE('',(#163,#25),#135,.T.);
#1142=ADVANCED_FACE('',(#164),#136,.T.);
#1143=ADVANCED_FACE('',(#165),#88,.F.);
#1144=ADVANCED_FACE('',(#166,#26,#27),#137,.F.);
#1145=ADVANCED_FACE('',(#167),#127,.F.);
#1146=ADVANCED_FACE('',(#168),#22,.F.);
#1147=ADVANCED_FACE('',(#169),#138,.F.);
#1148=ADVANCED_FACE('',(#170),#1108,.F.);
#1149=ADVANCED_FACE('',(#171),#89,.T.);
#1150=ADVANCED_FACE('',(#172),#139,.T.);
#1151=ADVANCED_FACE('',(#173),#1109,.F.);
#1152=ADVANCED_FACE('',(#174),#90,.T.);
#1153=ADVANCED_FACE('',(#175),#1110,.F.);
#1154=ADVANCED_FACE('',(#176),#140,.T.);
#1155=ADVANCED_FACE('',(#177),#91,.T.);
#1156=ADVANCED_FACE('',(#178),#15,.T.);
#1157=ADVANCED_FACE('',(#179),#1111,.F.);
#1158=ADVANCED_FACE('',(#180),#92,.T.);
#1159=ADVANCED_FACE('',(#181),#1112,.F.);
#1160=ADVANCED_FACE('',(#182),#141,.T.);
#1161=ADVANCED_FACE('',(#183),#142,.T.);
#1162=ADVANCED_FACE('',(#184,#28),#143,.F.);
#1163=ADVANCED_FACE('',(#185),#93,.F.);
#1164=ADVANCED_FACE('',(#186),#16,.T.);
#1165=ADVANCED_FACE('',(#187),#1113,.F.);
#1166=ADVANCED_FACE('',(#188),#17,.T.);
#1167=ADVANCED_FACE('',(#189),#94,.T.);
#1168=ADVANCED_FACE('',(#190),#1114,.F.);
#1169=ADVANCED_FACE('',(#191),#95,.T.);
#1170=ADVANCED_FACE('',(#192),#1115,.F.);
#1171=ADVANCED_FACE('',(#193),#96,.T.);
#1172=ADVANCED_FACE('',(#194),#18,.T.);
#1173=ADVANCED_FACE('',(#195),#1116,.F.);
#1174=ADVANCED_FACE('',(#196),#97,.T.);
#1175=ADVANCED_FACE('',(#197),#1117,.F.);
#1176=ADVANCED_FACE('',(#198),#98,.T.);
#1177=ADVANCED_FACE('',(#199),#1118,.F.);
#1178=ADVANCED_FACE('',(#200),#1119,.F.);
#1179=ADVANCED_FACE('',(#201),#1120,.F.);
#1180=ADVANCED_FACE('',(#202),#144,.T.);
#1181=ADVANCED_FACE('',(#203),#128,.F.);
#1182=ADVANCED_FACE('',(#204),#129,.F.);
#1183=ADVANCED_FACE('',(#205),#1121,.F.);
#1184=ADVANCED_FACE('',(#206),#19,.T.);
#1185=ADVANCED_FACE('',(#207),#1122,.F.);
#1186=ADVANCED_FACE('',(#208),#20,.T.);
#1187=ADVANCED_FACE('',(#209),#1123,.F.);
#1188=ADVANCED_FACE('',(#210),#1124,.F.);
#1189=ADVANCED_FACE('',(#211),#21,.T.);
#1190=ADVANCED_FACE('',(#212),#1125,.F.);
#1191=ADVANCED_FACE('',(#213),#99,.T.);
#1192=ADVANCED_FACE('',(#214),#100,.T.);
#1193=ADVANCED_FACE('',(#215),#145,.T.);
#1194=ADVANCED_FACE('',(#216),#146,.T.);
#1195=ADVANCED_FACE('',(#217),#101,.F.);
#1196=ADVANCED_FACE('',(#218),#147,.T.);
#1197=CLOSED_SHELL('',(#1126,#1127,#1128,#1129,#1130,#1131,#1132,#1133,
#1134,#1135,#1136,#1137,#1138,#1139,#1140,#1141,#1142,#1143,#1144,#1145,
#1146,#1147,#1148,#1149,#1150,#1151,#1152,#1153,#1154,#1155,#1156,#1157,
#1158,#1159,#1160,#1161,#1162,#1163,#1164,#1165,#1166,#1167,#1168,#1169,
#1170,#1171,#1172,#1173,#1174,#1175,#1176,#1177,#1178,#1179,#1180,#1181,
#1182,#1183,#1184,#1185,#1186,#1187,#1188,#1189,#1190,#1191,#1192,#1193,
#1194,#1195,#1196));
#1198=DERIVED_UNIT_ELEMENT(#1201,1.);
#1199=DERIVED_UNIT_ELEMENT(#3298,-3.);
#1200=DIMENSIONAL_EXPONENTS(0.,1.,0.,0.,0.,0.,0.);
#1201=(
CONVERSION_BASED_UNIT('gram',#1203)
MASS_UNIT()
NAMED_UNIT(#1200)
);
#1202=(
MASS_UNIT()
NAMED_UNIT(*)
SI_UNIT(.KILO.,.GRAM.)
);
#1203=MASS_MEASURE_WITH_UNIT(MASS_MEASURE(0.001),#1202);
#1204=DERIVED_UNIT((#1198,#1199));
#1205=MEASURE_REPRESENTATION_ITEM('density measure',
POSITIVE_RATIO_MEASURE(1.),#1204);
#1206=PROPERTY_DEFINITION_REPRESENTATION(#1211,#1208);
#1207=PROPERTY_DEFINITION_REPRESENTATION(#1212,#1209);
#1208=REPRESENTATION('material name',(#1210),#3295);
#1209=REPRESENTATION('density',(#1205),#3295);
#1210=DESCRIPTIVE_REPRESENTATION_ITEM('\X2\4E00822C\X0\','\X2\4E00822C\X0\');
#1211=PROPERTY_DEFINITION('material property','material name',#3305);
#1212=PROPERTY_DEFINITION('material property','density of part',#3305);
#1213=DATE_TIME_ROLE('creation_date');
#1214=APPLIED_DATE_AND_TIME_ASSIGNMENT(#1215,#1213,(#3305));
#1215=DATE_AND_TIME(#1216,#1217);
#1216=CALENDAR_DATE(2026,20,1);
#1217=LOCAL_TIME(0,0,0.,#1218);
#1218=COORDINATED_UNIVERSAL_TIME_OFFSET(0,0,.BEHIND.);
#1219=AXIS2_PLACEMENT_3D('',#1649,#1343,#1344);
#1220=AXIS2_PLACEMENT_3D('',#1792,#1347,#1348);
#1221=AXIS2_PLACEMENT_3D('',#1805,#1352,#1353);
#1222=AXIS2_PLACEMENT_3D('',#1807,#1354,#1355);
#1223=AXIS2_PLACEMENT_3D('',#1940,#1358,#1359);
#1224=AXIS2_PLACEMENT_3D('',#1942,#1360,#1361);
#1225=AXIS2_PLACEMENT_3D('',#1944,#1362,#1363);
#1226=AXIS2_PLACEMENT_3D('',#1946,#1365,#1366);
#1227=AXIS2_PLACEMENT_3D('',#1952,#1370,#1371);
#1228=AXIS2_PLACEMENT_3D('',#1953,#1372,#1373);
#1229=AXIS2_PLACEMENT_3D('',#1954,#1374,#1375);
#1230=AXIS2_PLACEMENT_3D('',#1955,#1376,#1377);
#1231=AXIS2_PLACEMENT_3D('',#1956,#1378,#1379);
#1232=AXIS2_PLACEMENT_3D('',#1958,#1380,#1381);
#1233=AXIS2_PLACEMENT_3D('',#1961,#1383,#1384);
#1234=AXIS2_PLACEMENT_3D('',#1962,#1385,#1386);
#1235=AXIS2_PLACEMENT_3D('',#1964,#1387,#1388);
#1236=AXIS2_PLACEMENT_3D('',#1965,#1389,#1390);
#1237=AXIS2_PLACEMENT_3D('',#1987,#1391,#1392);
#1238=AXIS2_PLACEMENT_3D('',#1990,#1394,#1395);
#1239=AXIS2_PLACEMENT_3D('',#1991,#1396,#1397);
#1240=AXIS2_PLACEMENT_3D('',#1992,#1398,#1399);
#1241=AXIS2_PLACEMENT_3D('',#1994,#1400,#1401);
#1242=AXIS2_PLACEMENT_3D('',#1995,#1402,#1403);
#1243=AXIS2_PLACEMENT_3D('',#2013,#1407,#1408);
#1244=AXIS2_PLACEMENT_3D('',#2016,#1410,#1411);
#1245=AXIS2_PLACEMENT_3D('',#2017,#1412,#1413);
#1246=AXIS2_PLACEMENT_3D('',#2020,#1415,#1416);
#1247=AXIS2_PLACEMENT_3D('',#2021,#1417,#1418);
#1248=AXIS2_PLACEMENT_3D('',#2023,#1419,#1420);
#1249=AXIS2_PLACEMENT_3D('',#2025,#1421,#1422);
#1250=AXIS2_PLACEMENT_3D('',#2032,#1426,#1427);
#1251=AXIS2_PLACEMENT_3D('',#2033,#1428,#1429);
#1252=AXIS2_PLACEMENT_3D('',#2042,#1434,#1435);
#1253=AXIS2_PLACEMENT_3D('',#2045,#1436,#1437);
#1254=AXIS2_PLACEMENT_3D('',#2062,#1439,#1440);
#1255=AXIS2_PLACEMENT_3D('',#2065,#1441,#1442);
#1256=AXIS2_PLACEMENT_3D('',#2067,#1443,#1444);
#1257=AXIS2_PLACEMENT_3D('',#2081,#1448,#1449);
#1258=AXIS2_PLACEMENT_3D('',#2111,#1450,#1451);
#1259=AXIS2_PLACEMENT_3D('',#2139,#1452,#1453);
#1260=AXIS2_PLACEMENT_3D('',#2150,#1454,#1455);
#1261=AXIS2_PLACEMENT_3D('',#2152,#1456,#1457);
#1262=AXIS2_PLACEMENT_3D('',#2155,#1459,#1460);
#1263=AXIS2_PLACEMENT_3D('',#2176,#1461,#1462);
#1264=AXIS2_PLACEMENT_3D('',#2177,#1463,#1464);
#1265=AXIS2_PLACEMENT_3D('',#2180,#1466,#1467);
#1266=AXIS2_PLACEMENT_3D('',#2181,#1468,#1469);
#1267=AXIS2_PLACEMENT_3D('',#2185,#1471,#1472);
#1268=AXIS2_PLACEMENT_3D('',#2201,#1474,#1475);
#1269=AXIS2_PLACEMENT_3D('',#2245,#1476,#1477);
#1270=AXIS2_PLACEMENT_3D('',#2247,#1478,#1479);
#1271=AXIS2_PLACEMENT_3D('',#2248,#1480,#1481);
#1272=AXIS2_PLACEMENT_3D('',#2249,#1482,#1483);
#1273=AXIS2_PLACEMENT_3D('',#2252,#1484,#1485);
#1274=AXIS2_PLACEMENT_3D('',#2309,#1488,#1489);
#1275=AXIS2_PLACEMENT_3D('',#2310,#1490,#1491);
#1276=AXIS2_PLACEMENT_3D('',#2311,#1492,#1493);
#1277=AXIS2_PLACEMENT_3D('',#2339,#1494,#1495);
#1278=AXIS2_PLACEMENT_3D('',#2343,#1497,#1498);
#1279=AXIS2_PLACEMENT_3D('',#2356,#1500,#1501);
#1280=AXIS2_PLACEMENT_3D('',#2357,#1502,#1503);
#1281=AXIS2_PLACEMENT_3D('',#2358,#1504,#1505);
#1282=AXIS2_PLACEMENT_3D('',#2360,#1506,#1507);
#1283=AXIS2_PLACEMENT_3D('',#2470,#1508,#1509);
#1284=AXIS2_PLACEMENT_3D('',#2472,#1510,#1511);
#1285=AXIS2_PLACEMENT_3D('',#2474,#1512,#1513);
#1286=AXIS2_PLACEMENT_3D('',#2483,#1514,#1515);
#1287=AXIS2_PLACEMENT_3D('',#2486,#1516,#1517);
#1288=AXIS2_PLACEMENT_3D('',#2525,#1520,#1521);
#1289=AXIS2_PLACEMENT_3D('',#2526,#1522,#1523);
#1290=AXIS2_PLACEMENT_3D('',#2527,#1524,#1525);
#1291=AXIS2_PLACEMENT_3D('',#2531,#1527,#1528);
#1292=AXIS2_PLACEMENT_3D('',#2535,#1530,#1531);
#1293=AXIS2_PLACEMENT_3D('',#2546,#1532,#1533);
#1294=AXIS2_PLACEMENT_3D('',#2554,#1537,#1538);
#1295=AXIS2_PLACEMENT_3D('',#2574,#1539,#1540);
#1296=AXIS2_PLACEMENT_3D('',#2578,#1543,#1544);
#1297=AXIS2_PLACEMENT_3D('',#2579,#1545,#1546);
#1298=AXIS2_PLACEMENT_3D('',#2580,#1547,#1548);
#1299=AXIS2_PLACEMENT_3D('',#2582,#1550,#1551);
#1300=AXIS2_PLACEMENT_3D('',#2584,#1552,#1553);
#1301=AXIS2_PLACEMENT_3D('',#2648,#1554,#1555);
#1302=AXIS2_PLACEMENT_3D('',#2650,#1556,#1557);
#1303=AXIS2_PLACEMENT_3D('',#2688,#1558,#1559);
#1304=AXIS2_PLACEMENT_3D('',#2690,#1560,#1561);
#1305=AXIS2_PLACEMENT_3D('',#2692,#1562,#1563);
#1306=AXIS2_PLACEMENT_3D('',#2739,#1564,#1565);
#1307=AXIS2_PLACEMENT_3D('',#2741,#1566,#1567);
#1308=AXIS2_PLACEMENT_3D('',#2774,#1569,#1570);
#1309=AXIS2_PLACEMENT_3D('',#2787,#1571,#1572);
#1310=AXIS2_PLACEMENT_3D('',#2789,#1573,#1574);
#1311=AXIS2_PLACEMENT_3D('',#2823,#1576,#1577);
#1312=AXIS2_PLACEMENT_3D('',#2836,#1578,#1579);
#1313=AXIS2_PLACEMENT_3D('',#2839,#1580,#1581);
#1314=AXIS2_PLACEMENT_3D('',#2842,#1584,#1585);
#1315=AXIS2_PLACEMENT_3D('',#2843,#1586,#1587);
#1316=AXIS2_PLACEMENT_3D('',#2844,#1588,#1589);
#1317=AXIS2_PLACEMENT_3D('',#2871,#1590,#1591);
#1318=AXIS2_PLACEMENT_3D('',#2872,#1592,#1593);
#1319=AXIS2_PLACEMENT_3D('',#2873,#1594,#1595);
#1320=AXIS2_PLACEMENT_3D('',#2875,#1596,#1597);
#1321=AXIS2_PLACEMENT_3D('',#2913,#1599,#1600);
#1322=AXIS2_PLACEMENT_3D('',#2914,#1601,#1602);
#1323=AXIS2_PLACEMENT_3D('',#2916,#1603,#1604);
#1324=AXIS2_PLACEMENT_3D('',#2943,#1606,#1607);
#1325=AXIS2_PLACEMENT_3D('',#2944,#1608,#1609);
#1326=AXIS2_PLACEMENT_3D('',#3048,#1610,#1611);
#1327=AXIS2_PLACEMENT_3D('',#3099,#1613,#1614);
#1328=AXIS2_PLACEMENT_3D('',#3101,#1615,#1616);
#1329=AXIS2_PLACEMENT_3D('',#3103,#1617,#1618);
#1330=AXIS2_PLACEMENT_3D('',#3104,#1619,#1620);
#1331=AXIS2_PLACEMENT_3D('',#3188,#1621,#1622);
#1332=AXIS2_PLACEMENT_3D('',#3190,#1623,#1624);
#1333=AXIS2_PLACEMENT_3D('',#3191,#1625,#1626);
#1334=AXIS2_PLACEMENT_3D('',#3250,#1627,#1628);
#1335=AXIS2_PLACEMENT_3D('',#3256,#1629,#1630);
#1336=AXIS2_PLACEMENT_3D('',#3257,#1631,#1632);
#1337=AXIS2_PLACEMENT_3D('',#3283,#1633,#1634);
#1338=AXIS2_PLACEMENT_3D('',#3285,#1636,#1637);
#1339=AXIS2_PLACEMENT_3D('',#3288,#1640,#1641);
#1340=AXIS2_PLACEMENT_3D('',#3289,#1642,#1643);
#1341=AXIS2_PLACEMENT_3D('',#3291,#1645,#1646);
#1342=AXIS2_PLACEMENT_3D('',#3292,#1647,#1648);
#1343=DIRECTION('axis',(0.,0.,1.));
#1344=DIRECTION('refdir',(1.,0.,0.));
#1345=DIRECTION('',(0.,1.,0.));
#1346=DIRECTION('',(0.,1.,0.));
#1347=DIRECTION('center_axis',(-0.918308078182487,0.,0.395866484492925));
#1348=DIRECTION('ref_axis',(0.395866484492925,-2.17499044714128E-16,0.918308078182487));
#1349=DIRECTION('',(-0.395866484492925,2.17499044714128E-16,-0.918308078182487));
#1350=DIRECTION('',(0.395866484492925,-2.17499044714128E-16,0.918308078182487));
#1351=DIRECTION('',(0.,1.,0.));
#1352=DIRECTION('center_axis',(0.,-1.,-2.368475785867E-16));
#1353=DIRECTION('ref_axis',(-0.176444192583689,0.,0.984310645529901));
#1354=DIRECTION('center_axis',(1.718739250428E-14,1.,5.56122677936705E-15));
#1355=DIRECTION('ref_axis',(-0.176444192583689,-2.44135912810031E-15,0.984310645529901));
#1356=DIRECTION('',(0.,1.,0.));
#1357=DIRECTION('',(0.,1.,0.));
#1358=DIRECTION('center_axis',(0.,1.,0.));
#1359=DIRECTION('ref_axis',(0.523481170518344,0.,-0.852037243383612));
#1360=DIRECTION('center_axis',(0.,-1.,-2.368475785867E-16));
#1361=DIRECTION('ref_axis',(0.523481170518344,0.,-0.852037243383612));
#1362=DIRECTION('center_axis',(1.23259516440783E-32,1.,2.368475785867E-16));
#1363=DIRECTION('ref_axis',(0.523481170518344,2.01802957961095E-16,-0.852037243383612));
#1364=DIRECTION('',(0.,1.,0.));
#1365=DIRECTION('center_axis',(0.999945078392818,0.,-0.0104804674505424));
#1366=DIRECTION('ref_axis',(-0.0104804674505424,2.36834570537027E-16,-0.999945078392818));
#1367=DIRECTION('',(0.0104804674505424,-2.36834570537027E-16,0.999945078392818));
#1368=DIRECTION('',(-0.0104804674505424,2.36834570537027E-16,-0.999945078392818));
#1369=DIRECTION('',(0.,1.,0.));
#1370=DIRECTION('center_axis',(0.,1.,0.));
#1371=DIRECTION('ref_axis',(0.665353448924033,0.,0.746528491087175));
#1372=DIRECTION('center_axis',(0.,-1.,-2.368475785867E-16));
#1373=DIRECTION('ref_axis',(0.665353448924033,0.,0.746528491087175));
#1374=DIRECTION('center_axis',(0.,1.,2.368475785867E-16));
#1375=DIRECTION('ref_axis',(0.665353448924033,-1.7681346545998E-16,0.746528491087175));
#1376=DIRECTION('center_axis',(0.,1.,2.368475785867E-16));
#1377=DIRECTION('ref_axis',(0.,-2.368475785867E-16,1.));
#1378=DIRECTION('center_axis',(0.,-1.,0.));
#1379=DIRECTION('ref_axis',(1.,0.,0.));
#1380=DIRECTION('center_axis',(0.,-1.,0.));
#1381=DIRECTION('ref_axis',(1.,0.,0.));
#1382=DIRECTION('',(0.,-1.,0.));
#1383=DIRECTION('center_axis',(0.,-1.,0.));
#1384=DIRECTION('ref_axis',(1.,0.,0.));
#1385=DIRECTION('center_axis',(0.,1.,0.));
#1386=DIRECTION('ref_axis',(0.,0.,1.));
#1387=DIRECTION('center_axis',(0.,1.,0.));
#1388=DIRECTION('ref_axis',(1.,0.,0.));
#1389=DIRECTION('center_axis',(0.,-1.,0.));
#1390=DIRECTION('ref_axis',(1.,0.,0.));
#1391=DIRECTION('center_axis',(0.,-1.,0.));
#1392=DIRECTION('ref_axis',(1.,0.,0.));
#1393=DIRECTION('',(0.,-1.,0.));
#1394=DIRECTION('center_axis',(0.,-1.,0.));
#1395=DIRECTION('ref_axis',(1.,0.,0.));
#1396=DIRECTION('center_axis',(0.,-1.,0.));
#1397=DIRECTION('ref_axis',(1.,0.,0.));
#1398=DIRECTION('center_axis',(0.,1.,0.));
#1399=DIRECTION('ref_axis',(0.,0.,1.));
#1400=DIRECTION('center_axis',(0.,1.,0.));
#1401=DIRECTION('ref_axis',(1.,0.,0.));
#1402=DIRECTION('center_axis',(0.898852945491477,0.,-0.438250364952838));
#1403=DIRECTION('ref_axis',(0.348498685324395,0.606341256850526,0.714771954240017));
#1404=DIRECTION('',(-0.898852945491477,0.,0.438250364952838));
#1405=DIRECTION('',(0.898852945491477,0.,-0.438250364952838));
#1406=DIRECTION('',(-0.898852945491477,0.,0.438250364952838));
#1407=DIRECTION('center_axis',(0.,-1.,0.));
#1408=DIRECTION('ref_axis',(1.,0.,0.));
#1409=DIRECTION('',(0.,-1.,0.));
#1410=DIRECTION('center_axis',(0.,1.,0.));
#1411=DIRECTION('ref_axis',(1.,0.,0.));
#1412=DIRECTION('center_axis',(0.,-1.,0.));
#1413=DIRECTION('ref_axis',(1.,0.,0.));
#1414=DIRECTION('',(0.,-1.,0.));
#1415=DIRECTION('center_axis',(0.,1.,0.));
#1416=DIRECTION('ref_axis',(1.,0.,0.));
#1417=DIRECTION('center_axis',(0.,1.,0.));
#1418=DIRECTION('ref_axis',(0.,0.,1.));
#1419=DIRECTION('center_axis',(0.,1.,0.));
#1420=DIRECTION('ref_axis',(-0.790477999681644,0.,-0.612490434226778));
#1421=DIRECTION('center_axis',(0.,-1.,0.));
#1422=DIRECTION('ref_axis',(0.,0.,1.));
#1423=DIRECTION('',(0.,0.,-1.));
#1424=DIRECTION('',(1.,0.,-2.96059473233375E-16));
#1425=DIRECTION('',(-2.79880460187057E-16,0.,-1.));
#1426=DIRECTION('center_axis',(0.,1.,0.));
#1427=DIRECTION('ref_axis',(0.391283879795893,0.,-0.920270028530688));
#1428=DIRECTION('center_axis',(1.,0.,0.));
#1429=DIRECTION('ref_axis',(0.,0.,-1.));
#1430=DIRECTION('',(0.,0.,1.));
#1431=DIRECTION('',(0.,-1.,0.));
#1432=DIRECTION('',(0.,-2.368475785867E-16,1.));
#1433=DIRECTION('',(0.,-1.,0.));
#1434=DIRECTION('center_axis',(0.,0.984807753012208,-0.173648177666931));
#1435=DIRECTION('ref_axis',(0.,0.173648177666931,0.984807753012208));
#1436=DIRECTION('center_axis',(0.,1.,0.));
#1437=DIRECTION('ref_axis',(0.,0.,1.));
#1438=DIRECTION('',(0.,-0.984807753012208,0.173648177666931));
#1439=DIRECTION('center_axis',(0.,1.,0.));
#1440=DIRECTION('ref_axis',(0.,0.,1.));
#1441=DIRECTION('center_axis',(0.,-1.,0.));
#1442=DIRECTION('ref_axis',(0.400609306120624,0.,-0.916248974815007));
#1443=DIRECTION('center_axis',(0.,-1.,0.));
#1444=DIRECTION('ref_axis',(0.,0.,-1.));
#1445=DIRECTION('',(0.,0.,1.));
#1446=DIRECTION('',(-1.,0.,2.96059473233375E-16));
#1447=DIRECTION('',(0.,0.,1.));
#1448=DIRECTION('center_axis',(0.,-1.,0.));
#1449=DIRECTION('ref_axis',(0.790477999681644,0.,0.612490434226778));
#1450=DIRECTION('center_axis',(0.,1.,0.));
#1451=DIRECTION('ref_axis',(1.,0.,-1.65251586015207E-15));
#1452=DIRECTION('center_axis',(0.545429641838343,0.723809581759848,0.422618261740699));
#1453=DIRECTION('ref_axis',(-0.798635510047293,0.601815023152048,0.));
#1454=DIRECTION('center_axis',(-1.,0.,0.));
#1455=DIRECTION('ref_axis',(0.,0.173648177666931,0.984807753012208));
#1456=DIRECTION('center_axis',(-1.,0.,0.));
#1457=DIRECTION('ref_axis',(0.,-0.707106781186541,-0.707106781186554));
#1458=DIRECTION('',(0.,-1.,0.));
#1459=DIRECTION('center_axis',(-1.,0.,0.));
#1460=DIRECTION('ref_axis',(0.,0.707106781186541,-0.707106781186554));
#1461=DIRECTION('center_axis',(0.468527398468523,-4.90412691993845E-16,
0.883448966768493));
#1462=DIRECTION('ref_axis',(0.837253344994269,0.319133071709176,-0.444028060867073));
#1463=DIRECTION('center_axis',(-1.,0.,2.96059473233375E-16));
#1464=DIRECTION('ref_axis',(0.,0.707106781186541,-0.707106781186554));
#1465=DIRECTION('',(-1.,0.,2.96059473233375E-16));
#1466=DIRECTION('center_axis',(1.,0.,0.));
#1467=DIRECTION('ref_axis',(0.,0.,-1.));
#1468=DIRECTION('center_axis',(-2.96059473233375E-16,0.,-1.));
#1469=DIRECTION('ref_axis',(-1.,0.,2.96059473233375E-16));
#1470=DIRECTION('',(1.,0.,-2.96059473233375E-16));
#1471=DIRECTION('center_axis',(-2.96059473233375E-16,0.,-1.));
#1472=DIRECTION('ref_axis',(1.48029736616687E-17,1.,-4.38256058456116E-33));
#1473=DIRECTION('',(-1.,0.,2.96059473233375E-16));
#1474=DIRECTION('center_axis',(2.96059473233375E-16,0.,1.));
#1475=DIRECTION('ref_axis',(-0.273861278752583,0.961769203083567,8.10792259265082E-17));
#1476=DIRECTION('center_axis',(0.,-0.318060697071364,0.948070352335985));
#1477=DIRECTION('ref_axis',(0.,0.948070352335985,0.318060697071364));
#1478=DIRECTION('center_axis',(-7.06236618233894E-16,0.948070352335987,
0.318060697071358));
#1479=DIRECTION('ref_axis',(-4.44089209850065E-15,-0.318060697071358,0.948070352335987));
#1480=DIRECTION('center_axis',(5.23577237704215E-17,0.332245619097314,-0.94319290104975));
#1481=DIRECTION('ref_axis',(0.,0.94319290104975,0.332245619097314));
#1482=DIRECTION('center_axis',(0.,-0.948070352335985,-0.318060697071364));
#1483=DIRECTION('ref_axis',(0.70710678118655,-0.224902875728065,0.670386975178697));
#1484=DIRECTION('center_axis',(0.,0.948070352335987,0.318060697071358));
#1485=DIRECTION('ref_axis',(0.,-0.318060697071358,0.948070352335987));
#1486=DIRECTION('',(0.,0.948070352335985,0.318060697071364));
#1487=DIRECTION('',(0.,-0.948070352335985,-0.318060697071364));
#1488=DIRECTION('center_axis',(-1.47546694461071E-16,0.332245619097314,
-0.94319290104975));
#1489=DIRECTION('ref_axis',(0.,-0.94319290104975,-0.332245619097314));
#1490=DIRECTION('center_axis',(0.,-0.318060697071364,0.948070352335985));
#1491=DIRECTION('ref_axis',(0.,-0.948070352335985,-0.318060697071364));
#1492=DIRECTION('center_axis',(0.,-0.318060697071364,0.948070352335985));
#1493=DIRECTION('ref_axis',(1.6142551273918E-16,-0.948070352335985,-0.318060697071364));
#1494=DIRECTION('center_axis',(0.,0.318060697071364,-0.948070352335985));
#1495=DIRECTION('ref_axis',(2.54832624052017E-15,0.948070352335985,0.318060697071364));
#1496=DIRECTION('',(8.90189742637493E-17,0.948070352335985,0.318060697071364));
#1497=DIRECTION('center_axis',(0.,0.318060697071364,-0.948070352335985));
#1498=DIRECTION('ref_axis',(-1.71735029252446E-15,-0.948070352335985,-0.318060697071364));
#1499=DIRECTION('',(-1.,0.,0.));
#1500=DIRECTION('center_axis',(-1.,0.,2.96059473233375E-16));
#1501=DIRECTION('ref_axis',(0.,-0.707106781186541,-0.707106781186554));
#1502=DIRECTION('center_axis',(1.,-9.86076131526267E-30,-2.22044604925031E-15));
#1503=DIRECTION('ref_axis',(0.,-1.,4.44089209850064E-15));
#1504=DIRECTION('center_axis',(2.96059473233375E-16,0.,1.));
#1505=DIRECTION('ref_axis',(1.,0.,-3.22973970800046E-16));
#1506=DIRECTION('center_axis',(2.96059473233375E-16,0.,1.));
#1507=DIRECTION('ref_axis',(1.48029736616687E-17,1.,0.));
#1508=DIRECTION('center_axis',(0.,0.318060697071364,-0.948070352335985));
#1509=DIRECTION('ref_axis',(0.,-0.948070352335985,-0.318060697071364));
#1510=DIRECTION('center_axis',(8.42055627302316E-15,-0.948070352335985,
-0.318060697071362));
#1511=DIRECTION('ref_axis',(0.,0.318060697071362,-0.948070352335985));
#1512=DIRECTION('center_axis',(1.47546694461071E-16,-0.332245619097314,
0.94319290104975));
#1513=DIRECTION('ref_axis',(0.,-0.94319290104975,-0.332245619097314));
#1514=DIRECTION('center_axis',(0.,0.948070352335985,0.318060697071364));
#1515=DIRECTION('ref_axis',(0.707106781186545,0.224902875728089,-0.670386975178695));
#1516=DIRECTION('center_axis',(0.,-0.948070352335982,-0.318060697071373));
#1517=DIRECTION('ref_axis',(0.,0.318060697071373,-0.948070352335982));
#1518=DIRECTION('',(0.,-0.948070352335985,-0.318060697071364));
#1519=DIRECTION('',(0.,0.948070352335985,0.318060697071364));
#1520=DIRECTION('center_axis',(0.,-0.332245619097314,0.94319290104975));
#1521=DIRECTION('ref_axis',(0.,0.94319290104975,0.332245619097314));
#1522=DIRECTION('center_axis',(0.,0.318060697071364,-0.948070352335985));
#1523=DIRECTION('ref_axis',(0.,0.948070352335985,0.318060697071364));
#1524=DIRECTION('center_axis',(0.,0.318060697071364,-0.948070352335985));
#1525=DIRECTION('ref_axis',(-1.6142551273918E-16,0.948070352335985,0.318060697071364));
#1526=DIRECTION('',(1.,-8.67125308685505E-33,3.66111114101209E-17));
#1527=DIRECTION('center_axis',(0.,-0.318060697071364,0.948070352335985));
#1528=DIRECTION('ref_axis',(-1.71735029252446E-15,-0.948070352335985,-0.318060697071364));
#1529=DIRECTION('',(-8.90189742637493E-17,-0.948070352335985,-0.318060697071364));
#1530=DIRECTION('center_axis',(0.,-0.318060697071364,0.948070352335985));
#1531=DIRECTION('ref_axis',(2.54832624052017E-15,0.948070352335985,0.318060697071364));
#1532=DIRECTION('center_axis',(3.66111114101209E-17,0.,-1.));
#1533=DIRECTION('ref_axis',(1.,-8.67125308685505E-33,3.66111114101209E-17));
#1534=DIRECTION('',(-1.,0.,0.));
#1535=DIRECTION('',(0.,-1.,0.));
#1536=DIRECTION('',(1.,-8.67125308685505E-33,3.66111114101209E-17));
#1537=DIRECTION('center_axis',(-3.66111114101209E-17,0.,1.));
#1538=DIRECTION('ref_axis',(-0.273861278752582,-0.961769203083567,-1.0026365787329E-17));
#1539=DIRECTION('center_axis',(0.,-1.,-2.368475785867E-16));
#1540=DIRECTION('ref_axis',(0.,2.368475785867E-16,-1.));
#1541=DIRECTION('',(0.,2.368475785867E-16,-1.));
#1542=DIRECTION('',(1.,0.,0.));
#1543=DIRECTION('center_axis',(0.,1.,2.368475785867E-16));
#1544=DIRECTION('ref_axis',(6.63634804391745E-17,-2.58093368729246E-16,
1.));
#1545=DIRECTION('center_axis',(0.,1.,2.368475785867E-16));
#1546=DIRECTION('ref_axis',(-1.32726960878349E-16,2.34630335208405E-16,
-1.));
#1547=DIRECTION('center_axis',(0.,-2.368475785867E-16,1.));
#1548=DIRECTION('ref_axis',(-0.707106781186547,-0.707106781186547,-3.14018491736755E-16));
#1549=DIRECTION('',(0.,-2.368475785867E-16,1.));
#1550=DIRECTION('center_axis',(2.96059473233375E-16,0.,1.));
#1551=DIRECTION('ref_axis',(1.,0.,-3.5527136788005E-16));
#1552=DIRECTION('center_axis',(-2.96059473233375E-16,0.,-1.));
#1553=DIRECTION('ref_axis',(-0.273861278752583,0.961769203083567,8.32667268468868E-17));
#1554=DIRECTION('center_axis',(9.83302950949094E-15,-0.948070352335982,
-0.318060697071371));
#1555=DIRECTION('ref_axis',(0.,-0.318060697071371,0.948070352335982));
#1556=DIRECTION('center_axis',(-1.16286926930324E-16,-0.303658920997609,
0.952780803594703));
#1557=DIRECTION('ref_axis',(-1.69247869691472E-15,-0.952780803594703,-0.303658920997609));
#1558=DIRECTION('center_axis',(-3.66111114101209E-17,0.,1.));
#1559=DIRECTION('ref_axis',(1.,0.,0.));
#1560=DIRECTION('center_axis',(-1.,0.,0.));
#1561=DIRECTION('ref_axis',(0.,0.,-1.));
#1562=DIRECTION('center_axis',(3.66111114101209E-17,0.,-1.));
#1563=DIRECTION('ref_axis',(-0.273861278752582,-0.961769203083567,-6.93889390390723E-18));
#1564=DIRECTION('center_axis',(1.,-8.67125308685505E-33,3.66111114101209E-17));
#1565=DIRECTION('ref_axis',(0.,-0.707106781186551,-0.707106781186544));
#1566=DIRECTION('center_axis',(-1.,0.,-2.22044604925032E-15));
#1567=DIRECTION('ref_axis',(2.22044604925032E-15,0.,-1.));
#1568=DIRECTION('',(-1.,8.67125308685505E-33,-3.66111114101209E-17));
#1569=DIRECTION('center_axis',(0.,0.,-1.));
#1570=DIRECTION('ref_axis',(1.,0.,0.));
#1571=DIRECTION('center_axis',(0.,-2.368475785867E-16,1.));
#1572=DIRECTION('ref_axis',(0.707106781186549,-0.707106781186546,0.));
#1573=DIRECTION('center_axis',(0.,0.,-1.));
#1574=DIRECTION('ref_axis',(1.,0.,0.));
#1575=DIRECTION('',(0.,2.368475785867E-16,-1.));
#1576=DIRECTION('center_axis',(1.,0.,0.));
#1577=DIRECTION('ref_axis',(0.,0.,1.));
#1578=DIRECTION('center_axis',(-1.,0.,0.));
#1579=DIRECTION('ref_axis',(0.,-0.707106781186548,0.707106781186548));
#1580=DIRECTION('center_axis',(1.,0.,0.));
#1581=DIRECTION('ref_axis',(0.,0.,1.));
#1582=DIRECTION('',(1.,0.,0.));
#1583=DIRECTION('',(-1.,0.,0.));
#1584=DIRECTION('center_axis',(0.,0.,-1.));
#1585=DIRECTION('ref_axis',(-1.,0.,0.));
#1586=DIRECTION('center_axis',(0.,0.,1.));
#1587=DIRECTION('ref_axis',(-0.273861278752582,-0.961769203083568,0.));
#1588=DIRECTION('center_axis',(0.,0.,-1.));
#1589=DIRECTION('ref_axis',(-0.273861278752582,-0.961769203083567,0.));
#1590=DIRECTION('center_axis',(-1.41247323646783E-15,0.948070352335983,
0.318060697071369));
#1591=DIRECTION('ref_axis',(0.,0.318060697071369,-0.948070352335983));
#1592=DIRECTION('center_axis',(1.74430390395486E-16,0.303658920997609,-0.952780803594703));
#1593=DIRECTION('ref_axis',(2.75027788248642E-15,0.952780803594703,0.303658920997609));
#1594=DIRECTION('center_axis',(-8.90189742637493E-17,-0.948070352335985,
-0.318060697071364));
#1595=DIRECTION('ref_axis',(-0.707106781186544,0.224902875728078,-0.670386975178699));
#1596=DIRECTION('center_axis',(0.,0.948070352335987,0.318060697071357));
#1597=DIRECTION('ref_axis',(0.,0.318060697071357,-0.948070352335987));
#1598=DIRECTION('',(8.90189742637493E-17,0.948070352335985,0.318060697071364));
#1599=DIRECTION('center_axis',(-1.85647233594266E-17,0.303658920997609,
-0.952780803594703));
#1600=DIRECTION('ref_axis',(-1.69247869691472E-15,-0.952780803594703,-0.303658920997609));
#1601=DIRECTION('center_axis',(8.90189742637493E-17,0.948070352335985,0.318060697071364));
#1602=DIRECTION('ref_axis',(-0.707106781186549,-0.224902875728088,0.67038697517869));
#1603=DIRECTION('center_axis',(-7.06236618233889E-16,-0.948070352335987,
-0.318060697071357));
#1604=DIRECTION('ref_axis',(0.,-0.318060697071357,0.948070352335987));
#1605=DIRECTION('',(-8.90189742637493E-17,-0.948070352335985,-0.318060697071364));
#1606=DIRECTION('center_axis',(-0.58260336461861,-0.770550452859545,-0.258505936359353));
#1607=DIRECTION('ref_axis',(0.,-0.318060697071357,0.948070352335987));
#1608=DIRECTION('center_axis',(-1.5760512559731E-17,-0.303658920997609,
0.952780803594703));
#1609=DIRECTION('ref_axis',(2.75027788248642E-15,0.952780803594703,0.303658920997609));
#1610=DIRECTION('center_axis',(0.,0.,1.));
#1611=DIRECTION('ref_axis',(-1.,0.,0.));
#1612=DIRECTION('',(0.,-1.,0.));
#1613=DIRECTION('center_axis',(0.,1.,0.));
#1614=DIRECTION('ref_axis',(0.,0.,1.));
#1615=DIRECTION('center_axis',(-0.811308422854807,0.,-0.584618373817353));
#1616=DIRECTION('ref_axis',(0.,-1.,0.));
#1617=DIRECTION('center_axis',(0.,1.,0.));
#1618=DIRECTION('ref_axis',(0.400609306120624,0.,-0.916248974815007));
#1619=DIRECTION('center_axis',(0.975288994936776,-2.03297651786613E-16,
0.220932968013407));
#1620=DIRECTION('ref_axis',(-0.191333562833104,0.500000000000006,0.844625045646638));
#1621=DIRECTION('center_axis',(0.,-1.,0.));
#1622=DIRECTION('ref_axis',(0.,0.,-1.));
#1623=DIRECTION('center_axis',(0.,1.,0.));
#1624=DIRECTION('ref_axis',(0.198624155150995,0.,-0.980075734313708));
#1625=DIRECTION('center_axis',(0.980075734313708,0.,0.198624155150993));
#1626=DIRECTION('ref_axis',(-0.172013564165981,0.500000000000008,0.848770483548355));
#1627=DIRECTION('center_axis',(0.980075734313708,1.83764258579461E-16,0.198624155150995));
#1628=DIRECTION('ref_axis',(0.,1.,-9.25185853854295E-16));
#1629=DIRECTION('center_axis',(0.,-1.,0.));
#1630=DIRECTION('ref_axis',(0.,0.,-1.));
#1631=DIRECTION('center_axis',(-0.811308422854809,-1.36876206276417E-15,
-0.58461837381735));
#1632=DIRECTION('ref_axis',(-0.58461837381735,0.,0.811308422854809));
#1633=DIRECTION('center_axis',(2.79880460187057E-16,0.,1.));
#1634=DIRECTION('ref_axis',(-0.707106781186548,0.707106781186547,1.57009245868377E-16));
#1635=DIRECTION('',(2.79880460187057E-16,0.,1.));
#1636=DIRECTION('center_axis',(-2.79880460187057E-16,2.368475785867E-16,
-1.));
#1637=DIRECTION('ref_axis',(-0.707106781186547,-0.707106781186548,0.));
#1638=DIRECTION('',(-2.79880460187057E-16,2.368475785867E-16,-1.));
#1639=DIRECTION('',(2.79880460187057E-16,-2.368475785867E-16,1.));
#1640=DIRECTION('center_axis',(-1.,0.,2.79880460187057E-16));
#1641=DIRECTION('ref_axis',(2.79880460187057E-16,0.,1.));
#1642=DIRECTION('center_axis',(1.,0.,0.));
#1643=DIRECTION('ref_axis',(0.,0.,-1.));
#1644=DIRECTION('',(0.,0.,-1.));
#1645=DIRECTION('center_axis',(0.,0.,-1.));
#1646=DIRECTION('ref_axis',(-0.707106781186547,0.707106781186547,0.));
#1647=DIRECTION('center_axis',(0.,-1.,-2.368475785867E-16));
#1648=DIRECTION('ref_axis',(0.,2.368475785867E-16,-1.));
#1649=CARTESIAN_POINT('',(0.,0.,0.));
#1650=CARTESIAN_POINT('Ctrl Pts',(7.80966299265218,30.,-33.3391732490527));
#1651=CARTESIAN_POINT('Ctrl Pts',(7.80966299265218,31.5,-33.3391732490527));
#1652=CARTESIAN_POINT('Ctrl Pts',(7.94588114116193,30.,-33.3275358202964));
#1653=CARTESIAN_POINT('Ctrl Pts',(7.94588114116193,31.5,-33.3275358202964));
#1654=CARTESIAN_POINT('Ctrl Pts',(8.21892632110101,30.,-33.3111683922657));
#1655=CARTESIAN_POINT('Ctrl Pts',(8.21892632110101,31.5,-33.3111683922657));
#1656=CARTESIAN_POINT('Ctrl Pts',(8.56086855092155,30.,-33.3079630942656));
#1657=CARTESIAN_POINT('Ctrl Pts',(8.56086855092155,31.5,-33.3079630942656));
#1658=CARTESIAN_POINT('Ctrl Pts',(8.90262178019675,30.,-33.3176819331875));
#1659=CARTESIAN_POINT('Ctrl Pts',(8.90262178019675,31.5,-33.3176819331875));
#1660=CARTESIAN_POINT('Ctrl Pts',(9.17560500040233,30.,-33.3357880107863));
#1661=CARTESIAN_POINT('Ctrl Pts',(9.17560500040233,31.5,-33.3357880107863));
#1662=CARTESIAN_POINT('Ctrl Pts',(9.46464286075098,30.,-33.3659828099297));
#1663=CARTESIAN_POINT('Ctrl Pts',(9.46464286075098,31.5,-33.3659828099297));
#1664=CARTESIAN_POINT('Ctrl Pts',(9.63408921319731,30.,-33.3885718485508));
#1665=CARTESIAN_POINT('Ctrl Pts',(9.63408921319731,31.5,-33.3885718485508));
#1666=CARTESIAN_POINT('Ctrl Pts',(9.76926421131263,30.,-33.4092152610811));
#1667=CARTESIAN_POINT('Ctrl Pts',(9.76926421131263,31.5,-33.4092152610811));
#1668=CARTESIAN_POINT('Ctrl Pts',(9.83674599942232,30.,-33.4201787239676));
#1669=CARTESIAN_POINT('Ctrl Pts',(9.83674599942232,31.5,-33.4201787239676));
#1670=CARTESIAN_POINT('Ctrl Pts',(9.9209828592109,30.,-33.4346895749146));
#1671=CARTESIAN_POINT('Ctrl Pts',(9.9209828592109,31.5,-33.4346895749146));
#1672=CARTESIAN_POINT('Ctrl Pts',(9.98820608561636,30.,-33.4469307708073));
#1673=CARTESIAN_POINT('Ctrl Pts',(9.98820608561636,31.5,-33.4469307708073));
#1674=CARTESIAN_POINT('Ctrl Pts',(10.0723140916686,30.,-33.4630754993829));
#1675=CARTESIAN_POINT('Ctrl Pts',(10.0723140916686,31.5,-33.4630754993829));
#1676=CARTESIAN_POINT('Ctrl Pts',(10.1412198197013,30.,-33.4769497142838));
#1677=CARTESIAN_POINT('Ctrl Pts',(10.1412198197013,31.5,-33.4769497142838));
#1678=CARTESIAN_POINT('Ctrl Pts',(10.2465140645255,30.,-33.4992201624263));
#1679=CARTESIAN_POINT('Ctrl Pts',(10.2465140645255,31.5,-33.4992201624263));
#1680=CARTESIAN_POINT('Ctrl Pts',(10.3545081077599,30.,-33.5235282850474));
#1681=CARTESIAN_POINT('Ctrl Pts',(10.3545081077599,31.5,-33.5235282850474));
#1682=CARTESIAN_POINT('Ctrl Pts',(10.5212100970588,30.,-33.564153016771));
#1683=CARTESIAN_POINT('Ctrl Pts',(10.5212100970588,31.5,-33.564153016771));
#1684=CARTESIAN_POINT('Ctrl Pts',(10.6742725785303,30.,-33.6049661830318));
#1685=CARTESIAN_POINT('Ctrl Pts',(10.6742725785303,31.5,-33.6049661830318));
#1686=CARTESIAN_POINT('Ctrl Pts',(10.9106170111877,30.,-33.6740027348301));
#1687=CARTESIAN_POINT('Ctrl Pts',(10.9106170111877,31.5,-33.6740027348301));
#1688=CARTESIAN_POINT('Ctrl Pts',(11.1555967839638,30.,-33.7539742597228));
#1689=CARTESIAN_POINT('Ctrl Pts',(11.1555967839638,31.5,-33.7539742597228));
#1690=CARTESIAN_POINT('Ctrl Pts',(11.4947643756634,30.,-33.881399636996));
#1691=CARTESIAN_POINT('Ctrl Pts',(11.4947643756634,31.5,-33.881399636996));
#1692=CARTESIAN_POINT('Ctrl Pts',(11.7576085371176,30.,-33.9938609570724));
#1693=CARTESIAN_POINT('Ctrl Pts',(11.7576085371176,31.5,-33.9938609570724));
#1694=CARTESIAN_POINT('Ctrl Pts',(12.0261290090793,30.,-34.1214149960264));
#1695=CARTESIAN_POINT('Ctrl Pts',(12.0261290090793,31.5,-34.1214149960264));
#1696=CARTESIAN_POINT('Ctrl Pts',(12.2077952840362,30.,-34.2142611636915));
#1697=CARTESIAN_POINT('Ctrl Pts',(12.2077952840362,31.5,-34.2142611636915));
#1698=CARTESIAN_POINT('Ctrl Pts',(12.4147604248649,30.,-34.3281129258557));
#1699=CARTESIAN_POINT('Ctrl Pts',(12.4147604248649,31.5,-34.3281129258557));
#1700=CARTESIAN_POINT('Ctrl Pts',(12.554038188424,30.,-34.4093899781211));
#1701=CARTESIAN_POINT('Ctrl Pts',(12.554038188424,31.5,-34.4093899781211));
#1702=CARTESIAN_POINT('Ctrl Pts',(12.6942736059128,30.,-34.4952065951184));
#1703=CARTESIAN_POINT('Ctrl Pts',(12.6942736059128,31.5,-34.4952065951184));
#1704=CARTESIAN_POINT('Ctrl Pts',(12.7881393328342,30.,-34.5546707008231));
#1705=CARTESIAN_POINT('Ctrl Pts',(12.7881393328342,31.5,-34.5546707008231));
#1706=CARTESIAN_POINT('Ctrl Pts',(12.90623827809,30.,-34.6321287356035));
#1707=CARTESIAN_POINT('Ctrl Pts',(12.90623827809,31.5,-34.6321287356035));
#1708=CARTESIAN_POINT('Ctrl Pts',(13.0001565699148,30.,-34.6958984638119));
#1709=CARTESIAN_POINT('Ctrl Pts',(13.0001565699148,31.5,-34.6958984638119));
#1710=CARTESIAN_POINT('Ctrl Pts',(13.1161103137523,30.,-34.77738773095));
#1711=CARTESIAN_POINT('Ctrl Pts',(13.1161103137523,31.5,-34.77738773095));
#1712=CARTESIAN_POINT('Ctrl Pts',(13.2308107400034,30.,-34.8607674280989));
#1713=CARTESIAN_POINT('Ctrl Pts',(13.2308107400034,31.5,-34.8607674280989));
#1714=CARTESIAN_POINT('Ctrl Pts',(13.321131381514,30.,-34.9294101932693));
#1715=CARTESIAN_POINT('Ctrl Pts',(13.321131381514,31.5,-34.9294101932693));
#1716=CARTESIAN_POINT('Ctrl Pts',(13.3659285602971,30.,-34.9642109864078));
#1717=CARTESIAN_POINT('Ctrl Pts',(13.3659285602971,31.5,-34.9642109864078));
#1718=CARTESIAN_POINT('',(13.3659285602971,30.,-34.9642109864078));
#1719=CARTESIAN_POINT('',(7.80966299265218,30.,-33.3391732490527));
#1720=CARTESIAN_POINT('Ctrl Pts',(13.3659285602971,30.,-34.9642109864078));
#1721=CARTESIAN_POINT('Ctrl Pts',(13.321131381514,30.,-34.9294101932693));
#1722=CARTESIAN_POINT('Ctrl Pts',(13.2308107400034,30.,-34.8607674280989));
#1723=CARTESIAN_POINT('Ctrl Pts',(13.1161103137523,30.,-34.77738773095));
#1724=CARTESIAN_POINT('Ctrl Pts',(13.0001565699148,30.,-34.6958984638119));
#1725=CARTESIAN_POINT('Ctrl Pts',(12.90623827809,30.,-34.6321287356035));
#1726=CARTESIAN_POINT('Ctrl Pts',(12.7881393328342,30.,-34.5546707008231));
#1727=CARTESIAN_POINT('Ctrl Pts',(12.6942736059128,30.,-34.4952065951184));
#1728=CARTESIAN_POINT('Ctrl Pts',(12.554038188424,30.,-34.4093899781211));
#1729=CARTESIAN_POINT('Ctrl Pts',(12.4147604248649,30.,-34.3281129258557));
#1730=CARTESIAN_POINT('Ctrl Pts',(12.2077952840362,30.,-34.2142611636915));
#1731=CARTESIAN_POINT('Ctrl Pts',(12.0261290090793,30.,-34.1214149960264));
#1732=CARTESIAN_POINT('Ctrl Pts',(11.7576085371176,30.,-33.9938609570724));
#1733=CARTESIAN_POINT('Ctrl Pts',(11.4947643756634,30.,-33.881399636996));
#1734=CARTESIAN_POINT('Ctrl Pts',(11.1555967839638,30.,-33.7539742597228));
#1735=CARTESIAN_POINT('Ctrl Pts',(10.9106170111877,30.,-33.6740027348301));
#1736=CARTESIAN_POINT('Ctrl Pts',(10.6742725785303,30.,-33.6049661830318));
#1737=CARTESIAN_POINT('Ctrl Pts',(10.5212100970588,30.,-33.564153016771));
#1738=CARTESIAN_POINT('Ctrl Pts',(10.3545081077599,30.,-33.5235282850474));
#1739=CARTESIAN_POINT('Ctrl Pts',(10.2465140645255,30.,-33.4992201624263));
#1740=CARTESIAN_POINT('Ctrl Pts',(10.1412198197013,30.,-33.4769497142838));
#1741=CARTESIAN_POINT('Ctrl Pts',(10.0723140916686,30.,-33.4630754993829));
#1742=CARTESIAN_POINT('Ctrl Pts',(9.98820608561636,30.,-33.4469307708073));
#1743=CARTESIAN_POINT('Ctrl Pts',(9.9209828592109,30.,-33.4346895749146));
#1744=CARTESIAN_POINT('Ctrl Pts',(9.83674599942232,30.,-33.4201787239676));
#1745=CARTESIAN_POINT('Ctrl Pts',(9.76926421131263,30.,-33.4092152610811));
#1746=CARTESIAN_POINT('Ctrl Pts',(9.63408921319731,30.,-33.3885718485508));
#1747=CARTESIAN_POINT('Ctrl Pts',(9.46464286075098,30.,-33.3659828099297));
#1748=CARTESIAN_POINT('Ctrl Pts',(9.17560500040233,30.,-33.3357880107863));
#1749=CARTESIAN_POINT('Ctrl Pts',(8.90262178019675,30.,-33.3176819331875));
#1750=CARTESIAN_POINT('Ctrl Pts',(8.56086855092155,30.,-33.3079630942656));
#1751=CARTESIAN_POINT('Ctrl Pts',(8.21892632110101,30.,-33.3111683922657));
#1752=CARTESIAN_POINT('Ctrl Pts',(7.94588114116193,30.,-33.3275358202964));
#1753=CARTESIAN_POINT('Ctrl Pts',(7.80966299265218,30.,-33.3391732490527));
#1754=CARTESIAN_POINT('',(13.3659285602971,31.5,-34.9642109864078));
#1755=CARTESIAN_POINT('',(13.3659285602971,30.,-34.9642109864078));
#1756=CARTESIAN_POINT('',(7.80966299265218,31.5,-33.3391732490527));
#1757=CARTESIAN_POINT('Ctrl Pts',(7.80966299265218,31.5,-33.3391732490527));
#1758=CARTESIAN_POINT('Ctrl Pts',(7.94588114116193,31.5,-33.3275358202964));
#1759=CARTESIAN_POINT('Ctrl Pts',(8.21892632110101,31.5,-33.3111683922657));
#1760=CARTESIAN_POINT('Ctrl Pts',(8.56086855092155,31.5,-33.3079630942656));
#1761=CARTESIAN_POINT('Ctrl Pts',(8.90262178019675,31.5,-33.3176819331875));
#1762=CARTESIAN_POINT('Ctrl Pts',(9.17560500040233,31.5,-33.3357880107863));
#1763=CARTESIAN_POINT('Ctrl Pts',(9.46464286075098,31.5,-33.3659828099297));
#1764=CARTESIAN_POINT('Ctrl Pts',(9.63408921319731,31.5,-33.3885718485508));
#1765=CARTESIAN_POINT('Ctrl Pts',(9.76926421131263,31.5,-33.4092152610811));
#1766=CARTESIAN_POINT('Ctrl Pts',(9.83674599942232,31.5,-33.4201787239676));
#1767=CARTESIAN_POINT('Ctrl Pts',(9.9209828592109,31.5,-33.4346895749146));
#1768=CARTESIAN_POINT('Ctrl Pts',(9.98820608561636,31.5,-33.4469307708073));
#1769=CARTESIAN_POINT('Ctrl Pts',(10.0723140916686,31.5,-33.4630754993829));
#1770=CARTESIAN_POINT('Ctrl Pts',(10.1412198197013,31.5,-33.4769497142838));
#1771=CARTESIAN_POINT('Ctrl Pts',(10.2465140645255,31.5,-33.4992201624263));
#1772=CARTESIAN_POINT('Ctrl Pts',(10.3545081077599,31.5,-33.5235282850474));
#1773=CARTESIAN_POINT('Ctrl Pts',(10.5212100970588,31.5,-33.564153016771));
#1774=CARTESIAN_POINT('Ctrl Pts',(10.6742725785303,31.5,-33.6049661830318));
#1775=CARTESIAN_POINT('Ctrl Pts',(10.9106170111877,31.5,-33.6740027348301));
#1776=CARTESIAN_POINT('Ctrl Pts',(11.1555967839638,31.5,-33.7539742597228));
#1777=CARTESIAN_POINT('Ctrl Pts',(11.4947643756634,31.5,-33.881399636996));
#1778=CARTESIAN_POINT('Ctrl Pts',(11.7576085371176,31.5,-33.9938609570724));
#1779=CARTESIAN_POINT('Ctrl Pts',(12.0261290090793,31.5,-34.1214149960264));
#1780=CARTESIAN_POINT('Ctrl Pts',(12.2077952840362,31.5,-34.2142611636915));
#1781=CARTESIAN_POINT('Ctrl Pts',(12.4147604248649,31.5,-34.3281129258557));
#1782=CARTESIAN_POINT('Ctrl Pts',(12.554038188424,31.5,-34.4093899781211));
#1783=CARTESIAN_POINT('Ctrl Pts',(12.6942736059128,31.5,-34.4952065951184));
#1784=CARTESIAN_POINT('Ctrl Pts',(12.7881393328342,31.5,-34.5546707008231));
#1785=CARTESIAN_POINT('Ctrl Pts',(12.90623827809,31.5,-34.6321287356035));
#1786=CARTESIAN_POINT('Ctrl Pts',(13.0001565699148,31.5,-34.6958984638119));
#1787=CARTESIAN_POINT('Ctrl Pts',(13.1161103137523,31.5,-34.77738773095));
#1788=CARTESIAN_POINT('Ctrl Pts',(13.2308107400034,31.5,-34.8607674280989));
#1789=CARTESIAN_POINT('Ctrl Pts',(13.321131381514,31.5,-34.9294101932693));
#1790=CARTESIAN_POINT('Ctrl Pts',(13.3659285602971,31.5,-34.9642109864078));
#1791=CARTESIAN_POINT('',(7.80966299265218,30.,-33.3391732490527));
#1792=CARTESIAN_POINT('Origin',(1.67790892916884,30.,-47.5632601836608));
#1793=CARTESIAN_POINT('',(1.67790892916884,30.,-47.5632601836608));
#1794=CARTESIAN_POINT('',(0.596508500535389,30.,-50.0718300885774));
#1795=CARTESIAN_POINT('',(1.67790892916884,31.5,-47.5632601836608));
#1796=CARTESIAN_POINT('',(1.67790892916884,31.5,-47.5632601836608));
#1797=CARTESIAN_POINT('',(1.67790892916884,30.,-47.5632601836608));
#1798=CARTESIAN_POINT('Ctrl Pts',(3.70623758233984,30.,-54.630508894691));
#1799=CARTESIAN_POINT('Ctrl Pts',(1.98182949061382,30.,-51.3358168325481));
#1800=CARTESIAN_POINT('Ctrl Pts',(1.67790892916883,30.,-47.5632601836608));
#1801=CARTESIAN_POINT('Ctrl Pts',(3.70623758233984,31.5,-54.630508894691));
#1802=CARTESIAN_POINT('Ctrl Pts',(1.98182949061382,31.5,-51.3358168325481));
#1803=CARTESIAN_POINT('Ctrl Pts',(1.67790892916883,31.5,-47.5632601836608));
#1804=CARTESIAN_POINT('',(3.70623758233984,30.,-54.630508894691));
#1805=CARTESIAN_POINT('Origin',(14.6450707351017,30.,-47.0757903169013));
#1806=CARTESIAN_POINT('',(3.70623758233984,31.5,-54.630508894691));
#1807=CARTESIAN_POINT('Origin',(14.6450707351017,31.4999999999998,-47.0757903169013));
#1808=CARTESIAN_POINT('',(3.70623758233984,30.,-54.630508894691));
#1809=CARTESIAN_POINT('Ctrl Pts',(11.6582093199595,30.,-60.7140382677127));
#1810=CARTESIAN_POINT('Ctrl Pts',(11.6582093199595,31.5,-60.7140382677127));
#1811=CARTESIAN_POINT('Ctrl Pts',(11.3185508759332,30.,-60.6411481570061));
#1812=CARTESIAN_POINT('Ctrl Pts',(11.3185508759332,31.5,-60.6411481570061));
#1813=CARTESIAN_POINT('Ctrl Pts',(10.6546795492801,30.,-60.4671584663898));
#1814=CARTESIAN_POINT('Ctrl Pts',(10.6546795492801,31.5,-60.4671584663898));
#1815=CARTESIAN_POINT('Ctrl Pts',(9.86284850885177,30.,-60.1830443952227));
#1816=CARTESIAN_POINT('Ctrl Pts',(9.86284850885177,31.5,-60.1830443952227));
#1817=CARTESIAN_POINT('Ctrl Pts',(9.17556288035921,30.,-59.8849130208525));
#1818=CARTESIAN_POINT('Ctrl Pts',(9.17556288035921,31.5,-59.8849130208525));
#1819=CARTESIAN_POINT('Ctrl Pts',(8.73135374771028,30.,-59.6632525307824));
#1820=CARTESIAN_POINT('Ctrl Pts',(8.73135374771028,31.5,-59.6632525307824));
#1821=CARTESIAN_POINT('Ctrl Pts',(8.29836158904296,30.,-59.4241325494727));
#1822=CARTESIAN_POINT('Ctrl Pts',(8.29836158904296,31.5,-59.4241325494727));
#1823=CARTESIAN_POINT('Ctrl Pts',(8.01516707962841,30.,-59.2560548860118));
#1824=CARTESIAN_POINT('Ctrl Pts',(8.01516707962841,31.5,-59.2560548860118));
#1825=CARTESIAN_POINT('Ctrl Pts',(7.66859232872552,30.,-59.035776116217));
#1826=CARTESIAN_POINT('Ctrl Pts',(7.66859232872552,31.5,-59.035776116217));
#1827=CARTESIAN_POINT('Ctrl Pts',(7.39778327463781,30.,-58.8515387399603));
#1828=CARTESIAN_POINT('Ctrl Pts',(7.39778327463781,31.5,-58.8515387399603));
#1829=CARTESIAN_POINT('Ctrl Pts',(7.06714060115785,30.,-58.6110965654696));
#1830=CARTESIAN_POINT('Ctrl Pts',(7.06714060115785,31.5,-58.6110965654696));
#1831=CARTESIAN_POINT('Ctrl Pts',(6.80899050655341,30.,-58.4106369736694));
#1832=CARTESIAN_POINT('Ctrl Pts',(6.80899050655341,31.5,-58.4106369736694));
#1833=CARTESIAN_POINT('Ctrl Pts',(6.49427939446391,30.,-58.1498865199706));
#1834=CARTESIAN_POINT('Ctrl Pts',(6.49427939446391,31.5,-58.1498865199706));
#1835=CARTESIAN_POINT('Ctrl Pts',(6.24890727757631,30.,-57.9331237752154));
#1836=CARTESIAN_POINT('Ctrl Pts',(6.24890727757631,31.5,-57.9331237752154));
#1837=CARTESIAN_POINT('Ctrl Pts',(5.98012439141272,30.,-57.6800666275463));
#1838=CARTESIAN_POINT('Ctrl Pts',(5.98012439141272,31.5,-57.6800666275463));
#1839=CARTESIAN_POINT('Ctrl Pts',(5.80493864273038,30.,-57.5061917738163));
#1840=CARTESIAN_POINT('Ctrl Pts',(5.80493864273038,31.5,-57.5061917738163));
#1841=CARTESIAN_POINT('Ctrl Pts',(5.64738382175127,30.,-57.3430879120588));
#1842=CARTESIAN_POINT('Ctrl Pts',(5.64738382175127,31.5,-57.3430879120588));
#1843=CARTESIAN_POINT('Ctrl Pts',(5.5623935152001,30.,-57.2527599173124));
#1844=CARTESIAN_POINT('Ctrl Pts',(5.5623935152001,31.5,-57.2527599173124));
#1845=CARTESIAN_POINT('Ctrl Pts',(5.47834663729463,30.,-57.1615348725717));
#1846=CARTESIAN_POINT('Ctrl Pts',(5.47834663729463,31.5,-57.1615348725717));
#1847=CARTESIAN_POINT('Ctrl Pts',(5.42341971138105,30.,-57.100970539625));
#1848=CARTESIAN_POINT('Ctrl Pts',(5.42341971138105,31.5,-57.100970539625));
#1849=CARTESIAN_POINT('Ctrl Pts',(5.31556824608097,30.,-56.9802093940962));
#1850=CARTESIAN_POINT('Ctrl Pts',(5.31556824608097,31.5,-56.9802093940962));
#1851=CARTESIAN_POINT('Ctrl Pts',(5.18588399452589,30.,-56.8304151026894));
#1852=CARTESIAN_POINT('Ctrl Pts',(5.18588399452589,31.5,-56.8304151026894));
#1853=CARTESIAN_POINT('Ctrl Pts',(4.97822432858151,30.,-56.5797613650175));
#1854=CARTESIAN_POINT('Ctrl Pts',(4.97822432858151,31.5,-56.5797613650175));
#1855=CARTESIAN_POINT('Ctrl Pts',(4.7987512379984,30.,-56.3501177801831));
#1856=CARTESIAN_POINT('Ctrl Pts',(4.7987512379984,31.5,-56.3501177801831));
#1857=CARTESIAN_POINT('Ctrl Pts',(4.55296549103987,30.,-56.0185558455028));
#1858=CARTESIAN_POINT('Ctrl Pts',(4.55296549103987,31.5,-56.0185558455028));
#1859=CARTESIAN_POINT('Ctrl Pts',(4.33808809838927,30.,-55.7065799864125));
#1860=CARTESIAN_POINT('Ctrl Pts',(4.33808809838927,31.5,-55.7065799864125));
#1861=CARTESIAN_POINT('Ctrl Pts',(4.10132933069512,30.,-55.3350116984863));
#1862=CARTESIAN_POINT('Ctrl Pts',(4.10132933069512,31.5,-55.3350116984863));
#1863=CARTESIAN_POINT('Ctrl Pts',(3.96016921798972,30.,-55.0955382212315));
#1864=CARTESIAN_POINT('Ctrl Pts',(3.96016921798972,31.5,-55.0955382212315));
#1865=CARTESIAN_POINT('Ctrl Pts',(3.84684047006213,30.,-54.8941079224668));
#1866=CARTESIAN_POINT('Ctrl Pts',(3.84684047006213,31.5,-54.8941079224668));
#1867=CARTESIAN_POINT('Ctrl Pts',(3.76946589555311,30.,-54.7513080255864));
#1868=CARTESIAN_POINT('Ctrl Pts',(3.76946589555311,31.5,-54.7513080255864));
#1869=CARTESIAN_POINT('Ctrl Pts',(3.72486621254106,30.,-54.6661029243004));
#1870=CARTESIAN_POINT('Ctrl Pts',(3.72486621254106,31.5,-54.6661029243004));
#1871=CARTESIAN_POINT('Ctrl Pts',(3.70623758233984,30.,-54.630508894691));
#1872=CARTESIAN_POINT('Ctrl Pts',(3.70623758233984,31.5,-54.630508894691));
#1873=CARTESIAN_POINT('',(11.6582093199595,30.,-60.7140382677127));
#1874=CARTESIAN_POINT('Ctrl Pts',(3.70623758233984,30.,-54.630508894691));
#1875=CARTESIAN_POINT('Ctrl Pts',(3.72486621254106,30.,-54.6661029243004));
#1876=CARTESIAN_POINT('Ctrl Pts',(3.76946589555311,30.,-54.7513080255864));
#1877=CARTESIAN_POINT('Ctrl Pts',(3.84684047006213,30.,-54.8941079224668));
#1878=CARTESIAN_POINT('Ctrl Pts',(3.96016921798972,30.,-55.0955382212315));
#1879=CARTESIAN_POINT('Ctrl Pts',(4.10132933069512,30.,-55.3350116984863));
#1880=CARTESIAN_POINT('Ctrl Pts',(4.33808809838927,30.,-55.7065799864125));
#1881=CARTESIAN_POINT('Ctrl Pts',(4.55296549103987,30.,-56.0185558455028));
#1882=CARTESIAN_POINT('Ctrl Pts',(4.7987512379984,30.,-56.3501177801831));
#1883=CARTESIAN_POINT('Ctrl Pts',(4.97822432858151,30.,-56.5797613650175));
#1884=CARTESIAN_POINT('Ctrl Pts',(5.18588399452589,30.,-56.8304151026894));
#1885=CARTESIAN_POINT('Ctrl Pts',(5.31556824608097,30.,-56.9802093940962));
#1886=CARTESIAN_POINT('Ctrl Pts',(5.42341971138105,30.,-57.100970539625));
#1887=CARTESIAN_POINT('Ctrl Pts',(5.47834663729463,30.,-57.1615348725717));
#1888=CARTESIAN_POINT('Ctrl Pts',(5.5623935152001,30.,-57.2527599173124));
#1889=CARTESIAN_POINT('Ctrl Pts',(5.64738382175127,30.,-57.3430879120588));
#1890=CARTESIAN_POINT('Ctrl Pts',(5.80493864273038,30.,-57.5061917738163));
#1891=CARTESIAN_POINT('Ctrl Pts',(5.98012439141272,30.,-57.6800666275463));
#1892=CARTESIAN_POINT('Ctrl Pts',(6.24890727757631,30.,-57.9331237752154));
#1893=CARTESIAN_POINT('Ctrl Pts',(6.49427939446391,30.,-58.1498865199706));
#1894=CARTESIAN_POINT('Ctrl Pts',(6.80899050655341,30.,-58.4106369736694));
#1895=CARTESIAN_POINT('Ctrl Pts',(7.06714060115785,30.,-58.6110965654696));
#1896=CARTESIAN_POINT('Ctrl Pts',(7.39778327463781,30.,-58.8515387399603));
#1897=CARTESIAN_POINT('Ctrl Pts',(7.66859232872552,30.,-59.035776116217));
#1898=CARTESIAN_POINT('Ctrl Pts',(8.01516707962841,30.,-59.2560548860118));
#1899=CARTESIAN_POINT('Ctrl Pts',(8.29836158904296,30.,-59.4241325494727));
#1900=CARTESIAN_POINT('Ctrl Pts',(8.73135374771028,30.,-59.6632525307824));
#1901=CARTESIAN_POINT('Ctrl Pts',(9.17556288035921,30.,-59.8849130208525));
#1902=CARTESIAN_POINT('Ctrl Pts',(9.86284850885177,30.,-60.1830443952227));
#1903=CARTESIAN_POINT('Ctrl Pts',(10.6546795492801,30.,-60.4671584663898));
#1904=CARTESIAN_POINT('Ctrl Pts',(11.3185508759332,30.,-60.6411481570061));
#1905=CARTESIAN_POINT('Ctrl Pts',(11.6582093199595,30.,-60.7140382677127));
#1906=CARTESIAN_POINT('',(11.6582093199595,31.5,-60.7140382677127));
#1907=CARTESIAN_POINT('Ctrl Pts',(11.6582093199595,31.5,-60.7140382677127));
#1908=CARTESIAN_POINT('Ctrl Pts',(11.3185508759332,31.5,-60.6411481570061));
#1909=CARTESIAN_POINT('Ctrl Pts',(10.6546795492801,31.5,-60.4671584663898));
#1910=CARTESIAN_POINT('Ctrl Pts',(9.86284850885177,31.5,-60.1830443952227));
#1911=CARTESIAN_POINT('Ctrl Pts',(9.17556288035921,31.5,-59.8849130208525));
#1912=CARTESIAN_POINT('Ctrl Pts',(8.73135374771028,31.5,-59.6632525307824));
#1913=CARTESIAN_POINT('Ctrl Pts',(8.29836158904296,31.5,-59.4241325494727));
#1914=CARTESIAN_POINT('Ctrl Pts',(8.01516707962841,31.5,-59.2560548860118));
#1915=CARTESIAN_POINT('Ctrl Pts',(7.66859232872552,31.5,-59.035776116217));
#1916=CARTESIAN_POINT('Ctrl Pts',(7.39778327463781,31.5,-58.8515387399603));
#1917=CARTESIAN_POINT('Ctrl Pts',(7.06714060115785,31.5,-58.6110965654696));
#1918=CARTESIAN_POINT('Ctrl Pts',(6.80899050655341,31.5,-58.4106369736694));
#1919=CARTESIAN_POINT('Ctrl Pts',(6.49427939446391,31.5,-58.1498865199706));
#1920=CARTESIAN_POINT('Ctrl Pts',(6.24890727757631,31.5,-57.9331237752154));
#1921=CARTESIAN_POINT('Ctrl Pts',(5.98012439141272,31.5,-57.6800666275463));
#1922=CARTESIAN_POINT('Ctrl Pts',(5.80493864273038,31.5,-57.5061917738163));
#1923=CARTESIAN_POINT('Ctrl Pts',(5.64738382175127,31.5,-57.3430879120588));
#1924=CARTESIAN_POINT('Ctrl Pts',(5.5623935152001,31.5,-57.2527599173124));
#1925=CARTESIAN_POINT('Ctrl Pts',(5.47834663729463,31.5,-57.1615348725717));
#1926=CARTESIAN_POINT('Ctrl Pts',(5.42341971138105,31.5,-57.100970539625));
#1927=CARTESIAN_POINT('Ctrl Pts',(5.31556824608097,31.5,-56.9802093940962));
#1928=CARTESIAN_POINT('Ctrl Pts',(5.18588399452589,31.5,-56.8304151026894));
#1929=CARTESIAN_POINT('Ctrl Pts',(4.97822432858151,31.5,-56.5797613650175));
#1930=CARTESIAN_POINT('Ctrl Pts',(4.7987512379984,31.5,-56.3501177801831));
#1931=CARTESIAN_POINT('Ctrl Pts',(4.55296549103987,31.5,-56.0185558455028));
#1932=CARTESIAN_POINT('Ctrl Pts',(4.33808809838927,31.5,-55.7065799864125));
#1933=CARTESIAN_POINT('Ctrl Pts',(4.10132933069512,31.5,-55.3350116984863));
#1934=CARTESIAN_POINT('Ctrl Pts',(3.96016921798972,31.5,-55.0955382212315));
#1935=CARTESIAN_POINT('Ctrl Pts',(3.84684047006213,31.5,-54.8941079224668));
#1936=CARTESIAN_POINT('Ctrl Pts',(3.76946589555311,31.5,-54.7513080255864));
#1937=CARTESIAN_POINT('Ctrl Pts',(3.72486621254106,31.5,-54.6661029243004));
#1938=CARTESIAN_POINT('Ctrl Pts',(3.70623758233984,31.5,-54.630508894691));
#1939=CARTESIAN_POINT('',(11.6582093199595,30.,-60.7140382677127));
#1940=CARTESIAN_POINT('Origin',(13.2185725899926,30.,-53.4429481942107));
#1941=CARTESIAN_POINT('',(16.8762339137801,30.,-59.9178997795059));
#1942=CARTESIAN_POINT('Origin',(13.2185725899926,30.,-53.4429481942107));
#1943=CARTESIAN_POINT('',(16.8762339137801,31.5,-59.9178997795059));
#1944=CARTESIAN_POINT('Origin',(13.2185725899926,31.5,-53.4429481942107));
#1945=CARTESIAN_POINT('',(16.8762339137801,30.,-59.9178997795059));
#1946=CARTESIAN_POINT('Origin',(17.0821856855617,30.,-40.2679689390041));
#1947=CARTESIAN_POINT('',(17.0821856855617,30.,-40.2679689390041));
#1948=CARTESIAN_POINT('',(17.0383907847268,30.,-44.4464558008936));
#1949=CARTESIAN_POINT('',(17.0821856855617,31.5,-40.2679689390041));
#1950=CARTESIAN_POINT('',(17.0989505480118,31.5,-38.6684275277059));
#1951=CARTESIAN_POINT('',(17.0821856855617,30.,-40.2679689390041));
#1952=CARTESIAN_POINT('Origin',(3.98149915147378,30.,-45.4935678832755));
#1953=CARTESIAN_POINT('Origin',(3.98149915147378,30.,-45.4935678832755));
#1954=CARTESIAN_POINT('Origin',(3.98149915147378,31.5,-45.4935678832755));
#1955=CARTESIAN_POINT('Origin',(9.38004730736527,31.5,-47.0937712706827));
#1956=CARTESIAN_POINT('Origin',(8.11952779030267,133.,-3.38670189351773));
#1957=CARTESIAN_POINT('',(4.61952779030267,133.,-3.38670189351773));
#1958=CARTESIAN_POINT('Origin',(8.11952779030267,133.,-3.38670189351773));
#1959=CARTESIAN_POINT('',(4.61952779030267,131.5,-3.38670189351773));
#1960=CARTESIAN_POINT('',(4.61952779030267,133.,-3.38670189351773));
#1961=CARTESIAN_POINT('Origin',(8.11952779030267,131.5,-3.38670189351773));
#1962=CARTESIAN_POINT('Origin',(8.11952779030267,131.5,-3.38670189351773));
#1963=CARTESIAN_POINT('',(6.36952779030267,131.5,-3.38670189351773));
#1964=CARTESIAN_POINT('Origin',(8.11952779030267,131.5,-3.38670189351773));
#1965=CARTESIAN_POINT('Origin',(16.7928891479732,133.,0.));
#1966=CARTESIAN_POINT('',(20.2834753144792,133.,-0.256531117403767));
#1967=CARTESIAN_POINT('',(14.4410237271245,133.,2.5920511264665));
#1968=CARTESIAN_POINT('Ctrl Pts',(20.2834753144792,133.,-0.256531117403767));
#1969=CARTESIAN_POINT('Ctrl Pts',(20.2844993539638,133.,-0.242597142862807));
#1970=CARTESIAN_POINT('Ctrl Pts',(20.2854400305811,132.999974751918,-0.228656018711674));
#1971=CARTESIAN_POINT('Ctrl Pts',(20.3149543712999,132.998248539934,0.25155410894167));
#1972=CARTESIAN_POINT('Ctrl Pts',(20.2452203147556,132.967444940058,0.724320814835157));
#1973=CARTESIAN_POINT('Ctrl Pts',(19.9590022004186,132.893876368505,1.55519585626806));
#1974=CARTESIAN_POINT('Ctrl Pts',(19.7237950943524,132.846437044886,1.96909555035125));
#1975=CARTESIAN_POINT('Ctrl Pts',(19.1058565902591,132.776006384586,2.66790691715411));
#1976=CARTESIAN_POINT('Ctrl Pts',(18.7229322041143,132.754810798465,2.95282775629131));
#1977=CARTESIAN_POINT('Ctrl Pts',(17.9290999162989,132.754810798465,3.33987359242221));
#1978=CARTESIAN_POINT('Ctrl Pts',(17.4670196281537,132.776172955733,3.46621166692533));
#1979=CARTESIAN_POINT('Ctrl Pts',(16.5325457892297,132.84701957297,3.52154764619748));
#1980=CARTESIAN_POINT('Ctrl Pts',(16.0600239495557,132.894684507352,3.45069350824461));
#1981=CARTESIAN_POINT('Ctrl Pts',(15.2299461442274,132.968016057129,3.16211780264523));
#1982=CARTESIAN_POINT('Ctrl Pts',(14.8165499788449,132.998467555677,2.925879956535));
#1983=CARTESIAN_POINT('Ctrl Pts',(14.4593134197684,132.999980374085,2.60855823879358));
#1984=CARTESIAN_POINT('Ctrl Pts',(14.4501464472666,133.,2.60032851336958));
#1985=CARTESIAN_POINT('Ctrl Pts',(14.4410237271245,133.,2.5920511264665));
#1986=CARTESIAN_POINT('',(13.2928891479732,133.,-4.28626379701574E-16));
#1987=CARTESIAN_POINT('Origin',(16.7928891479732,133.,0.));
#1988=CARTESIAN_POINT('',(13.2928891479732,131.5,-4.28626379701574E-16));
#1989=CARTESIAN_POINT('',(13.2928891479732,133.,-4.28626379701574E-16));
#1990=CARTESIAN_POINT('Origin',(16.7928891479732,131.5,0.));
#1991=CARTESIAN_POINT('Origin',(16.7928891479732,133.,0.));
#1992=CARTESIAN_POINT('Origin',(16.7928891479732,131.5,0.));
#1993=CARTESIAN_POINT('',(15.0428891479732,131.5,2.14313189850787E-16));
#1994=CARTESIAN_POINT('Origin',(16.7928891479732,131.5,0.));
#1995=CARTESIAN_POINT('Origin',(2.73204610048857,123.,8.30095350458798));
#1996=CARTESIAN_POINT('',(-0.175157359986127,133.,9.71840781002894));
#1997=CARTESIAN_POINT('',(2.73204610048857,133.,8.30095350458798));
#1998=CARTESIAN_POINT('',(5.07333700258434,129.999999968002,15.1044656137056));
#1999=CARTESIAN_POINT('Ctrl Pts',(5.07333699188516,129.999999951692,15.1044656018144));
#2000=CARTESIAN_POINT('Ctrl Pts',(4.30154418003172,131.131664724903,14.2466891902209));
#2001=CARTESIAN_POINT('Ctrl Pts',(2.61982919932656,132.585592306659,12.436542910025));
#2002=CARTESIAN_POINT('Ctrl Pts',(0.670161532384768,133.,10.5180579804613));
#2003=CARTESIAN_POINT('Ctrl Pts',(-0.17515735998627,133.,9.71840781002879));
#2004=CARTESIAN_POINT('',(29.0233274047393,129.999999999995,3.42725840230771));
#2005=CARTESIAN_POINT('',(5.86177971558205,130.,14.7200474826003));
#2006=CARTESIAN_POINT('',(24.4913897191094,133.,-2.30816818748218));
#2007=CARTESIAN_POINT('Ctrl Pts',(24.4913897191094,133.,-2.30816818748218));
#2008=CARTESIAN_POINT('Ctrl Pts',(25.0407064130319,133.,-1.26383377534982));
#2009=CARTESIAN_POINT('Ctrl Pts',(26.4765252354528,132.507086411346,1.0633229794139));
#2010=CARTESIAN_POINT('Ctrl Pts',(28.1135577743818,131.024682168419,2.75296618118977));
#2011=CARTESIAN_POINT('Ctrl Pts',(29.0233285428521,129.999996096712,3.42725093504549));
#2012=CARTESIAN_POINT('',(2.73204610048857,133.,8.30095350458798));
#2013=CARTESIAN_POINT('Origin',(16.7928891479732,133.,0.));
#2014=CARTESIAN_POINT('',(15.0428891479732,130.,-2.14313189850787E-16));
#2015=CARTESIAN_POINT('',(15.0428891479732,133.,-2.14313189850787E-16));
#2016=CARTESIAN_POINT('Origin',(16.7928891479732,130.,0.));
#2017=CARTESIAN_POINT('Origin',(8.11952779030267,133.,-3.38670189351773));
#2018=CARTESIAN_POINT('',(6.36952779030267,130.,-3.38670189351773));
#2019=CARTESIAN_POINT('',(6.36952779030267,133.,-3.38670189351773));
#2020=CARTESIAN_POINT('Origin',(8.11952779030267,130.,-3.38670189351773));
#2021=CARTESIAN_POINT('Origin',(-2.82475611538639,133.,-0.556197035920918));
#2022=CARTESIAN_POINT('',(18.3471452406421,133.,-16.5630737299244));
#2023=CARTESIAN_POINT('Origin',(96.1627076937275,133.,-3.8198449253801));
#2024=CARTESIAN_POINT('',(1.,133.,-23.4514884342259));
#2025=CARTESIAN_POINT('Origin',(11.,133.,-23.4514884342259));
#2026=CARTESIAN_POINT('',(1.,133.,-31.2903905728776));
#2027=CARTESIAN_POINT('',(1.,133.,-20.0705311857472));
#2028=CARTESIAN_POINT('',(-20.6495122307728,133.,-31.2903905728775));
#2029=CARTESIAN_POINT('',(3.25914172369325,133.,-31.2903905728776));
#2030=CARTESIAN_POINT('',(-20.6495122307728,133.,0.766455531218124));
#2031=CARTESIAN_POINT('',(-20.6495122307728,133.,-16.4232938043992));
#2032=CARTESIAN_POINT('Origin',(-31.1851659836255,133.,52.7527740152539));
#2033=CARTESIAN_POINT('Origin',(20.,34.8882671350761,-34.9215898594717));
#2034=CARTESIAN_POINT('',(20.,30.,-63.7474289387812));
#2035=CARTESIAN_POINT('',(20.,30.,-39.2033210318234));
#2036=CARTESIAN_POINT('',(20.,30.,-17.4607949297359));
#2037=CARTESIAN_POINT('',(20.,28.,-39.2033210318234));
#2038=CARTESIAN_POINT('',(20.,30.,-39.2033210318234));
#2039=CARTESIAN_POINT('',(20.,28.,-63.7474289387812));
#2040=CARTESIAN_POINT('',(20.,28.,-41.6300986084307));
#2041=CARTESIAN_POINT('',(20.,30.,-63.7474289387812));
#2042=CARTESIAN_POINT('Origin',(11.,134.119861432148,-23.6489502193684));
#2043=CARTESIAN_POINT('',(1.,130.,-22.9225074921005));
#2044=CARTESIAN_POINT('',(19.4663162830678,130.,-17.518616507068));
#2045=CARTESIAN_POINT('Origin',(11.,130.,-22.9225074921005));
#2046=CARTESIAN_POINT('',(1.,134.119861432148,-23.6489502193684));
#2047=CARTESIAN_POINT('',(19.1199427620237,132.159909027162,-17.3766639625124));
#2048=CARTESIAN_POINT('Ctrl Pts',(19.1199427621151,132.159909027313,-17.3766639662067));
#2049=CARTESIAN_POINT('Ctrl Pts',(19.1055290042783,132.252302750597,-17.3725937373408));
#2050=CARTESIAN_POINT('Ctrl Pts',(19.0820376477414,132.341212309857,-17.3552038463765));
#2051=CARTESIAN_POINT('Ctrl Pts',(19.0177731507069,132.51020857207,-17.2964461390665));
#2052=CARTESIAN_POINT('Ctrl Pts',(18.9771980392846,132.588052868869,-17.2550479694166));
#2053=CARTESIAN_POINT('Ctrl Pts',(18.8588901751917,132.761890702902,-17.1292977853654));
#2054=CARTESIAN_POINT('Ctrl Pts',(18.7737352031688,132.844002566253,-17.0348805971296));
#2055=CARTESIAN_POINT('Ctrl Pts',(18.5763447496724,132.966844856169,-16.8160606747251));
#2056=CARTESIAN_POINT('Ctrl Pts',(18.4620103863675,133.,-16.6893973869975));
#2057=CARTESIAN_POINT('Ctrl Pts',(18.3471452406421,133.,-16.5630737299244));
#2058=CARTESIAN_POINT('Ctrl Pts',(19.4663162830678,130.,-17.518616507068));
#2059=CARTESIAN_POINT('Ctrl Pts',(19.3494421830088,130.712381451401,-17.455428020451));
#2060=CARTESIAN_POINT('Ctrl Pts',(19.2333231620202,131.433128585095,-17.4086808893261));
#2061=CARTESIAN_POINT('Ctrl Pts',(19.1199427621111,132.159909027339,-17.3766639662056));
#2062=CARTESIAN_POINT('Origin',(-2.82475611538639,130.,-0.556197035920918));
#2063=CARTESIAN_POINT('',(-19.8488493240123,130.,2.70960942712247));
#2064=CARTESIAN_POINT('',(-1.18774608647606,130.,11.123635219022));
#2065=CARTESIAN_POINT('Origin',(-31.1851659836255,130.,52.7527740152539));
#2066=CARTESIAN_POINT('',(-19.9914506805491,130.,2.67751929649614));
#2067=CARTESIAN_POINT('Origin',(-31.1851659836255,130.,52.7527740152539));
#2068=CARTESIAN_POINT('',(-15.6495122307728,130.,1.99031755047178));
#2069=CARTESIAN_POINT('Ctrl Pts',(-19.9914506805491,130.,2.67751929649614));
#2070=CARTESIAN_POINT('Ctrl Pts',(-18.5532114559832,130.,2.58556616576433));
#2071=CARTESIAN_POINT('Ctrl Pts',(-17.0773893743659,130.,2.30910005213052));
#2072=CARTESIAN_POINT('Ctrl Pts',(-15.662809213091,130.,1.99328967835421));
#2073=CARTESIAN_POINT('Ctrl Pts',(-15.6561605906979,130.,1.99180416894493));
#2074=CARTESIAN_POINT('Ctrl Pts',(-15.6495122307728,130.,1.99031755047178));
#2075=CARTESIAN_POINT('',(-15.6495122307728,130.,-31.2903905728775));
#2076=CARTESIAN_POINT('',(-15.6495122307728,130.,-16.0603480005273));
#2077=CARTESIAN_POINT('',(1.,130.,-31.2903905728776));
#2078=CARTESIAN_POINT('',(3.25914172369325,130.,-31.2903905728776));
#2079=CARTESIAN_POINT('',(1.,130.,-20.0705311857472));
#2080=CARTESIAN_POINT('',(29.1931076878052,129.999999996791,2.0857612466201));
#2081=CARTESIAN_POINT('Origin',(92.2843286576275,130.,-6.82495077383336));
#2082=CARTESIAN_POINT('Ctrl Pts',(29.0233274047296,130.,3.42725840230051));
#2083=CARTESIAN_POINT('Ctrl Pts',(29.081191574449,130.,3.39904578573803));
#2084=CARTESIAN_POINT('Ctrl Pts',(29.1353805560842,130.,3.36418389245506));
#2085=CARTESIAN_POINT('Ctrl Pts',(29.2316880113871,130.,3.2816335620883));
#2086=CARTESIAN_POINT('Ctrl Pts',(29.2732173113707,130.000000000005,3.23509519482013));
#2087=CARTESIAN_POINT('Ctrl Pts',(29.3589480328962,130.000000000005,3.1062464260055));
#2088=CARTESIAN_POINT('Ctrl Pts',(29.3927990194456,130.,3.02080674474556));
#2089=CARTESIAN_POINT('Ctrl Pts',(29.4325316352854,130.,2.81579033954888));
#2090=CARTESIAN_POINT('Ctrl Pts',(29.4279733286362,130.,2.69813408696876));
#2091=CARTESIAN_POINT('Ctrl Pts',(29.3730269139201,130.,2.42442966952218));
#2092=CARTESIAN_POINT('Ctrl Pts',(29.3025747640451,130.,2.2563806006635));
#2093=CARTESIAN_POINT('Ctrl Pts',(29.1931076815047,130.,2.08576124195976));
#2094=CARTESIAN_POINT('',(3.11880746983757,129.999999999957,15.2605004635637));
#2095=CARTESIAN_POINT('Ctrl Pts',(3.11880746984959,130.,15.2605004635109));
#2096=CARTESIAN_POINT('Ctrl Pts',(3.53582719612161,130.,15.3554776930346));
#2097=CARTESIAN_POINT('Ctrl Pts',(3.89157954554155,129.999999999772,15.3700321316163));
#2098=CARTESIAN_POINT('Ctrl Pts',(4.49705031192284,129.999999999772,15.3159139553214));
#2099=CARTESIAN_POINT('Ctrl Pts',(4.79666394713737,130.,15.2393619895831));
#2100=CARTESIAN_POINT('Ctrl Pts',(5.0733369589392,130.,15.104465565198));
#2101=CARTESIAN_POINT('',(2.13117691795384,129.999999999996,14.3122194324622));
#2102=CARTESIAN_POINT('Ctrl Pts',(2.13117691794991,130.,14.312219432454));
#2103=CARTESIAN_POINT('Ctrl Pts',(2.19952653046566,130.,14.4832622051594));
#2104=CARTESIAN_POINT('Ctrl Pts',(2.29204530614631,129.999999999987,14.6456325630023));
#2105=CARTESIAN_POINT('Ctrl Pts',(2.50542739531859,129.999999999987,14.9091876842052));
#2106=CARTESIAN_POINT('Ctrl Pts',(2.62016612077261,129.999999999999,15.0165335827969));
#2107=CARTESIAN_POINT('Ctrl Pts',(2.86313219035263,129.999999999999,15.1746337234758));
#2108=CARTESIAN_POINT('Ctrl Pts',(2.98752567427492,130.,15.2306007238931));
#2109=CARTESIAN_POINT('Ctrl Pts',(3.11880746981771,130.,15.2605004635036));
#2110=CARTESIAN_POINT('',(1.53382090972169,130.,12.6811557084446));
#2111=CARTESIAN_POINT('Origin',(29.8496691413898,130.,3.23576076058858));
#2112=CARTESIAN_POINT('Ctrl Pts',(-1.18774608647607,130.,11.123635219022));
#2113=CARTESIAN_POINT('Ctrl Pts',(-0.535732130107786,130.,11.5934680571146));
#2114=CARTESIAN_POINT('Ctrl Pts',(0.302503316596628,130.,12.1572433578652));
#2115=CARTESIAN_POINT('Ctrl Pts',(1.26022422522016,130.,12.5848115432732));
#2116=CARTESIAN_POINT('Ctrl Pts',(1.49151245255201,130.,12.6673066635419));
#2117=CARTESIAN_POINT('Ctrl Pts',(1.53366816404789,130.,12.681606015827));
#2118=CARTESIAN_POINT('Ctrl Pts',(1.53382089302788,130.,12.6811557140132));
#2119=CARTESIAN_POINT('Ctrl Pts',(1.80876016928666,129.850706258448,13.4773890022926));
#2120=CARTESIAN_POINT('Ctrl Pts',(2.13117691795327,129.704562043451,14.2568248156094));
#2121=CARTESIAN_POINT('Ctrl Pts',(1.53382089302788,130.731177411713,12.8182514787094));
#2122=CARTESIAN_POINT('Ctrl Pts',(1.80876016928666,130.581883670161,13.6144847669889));
#2123=CARTESIAN_POINT('Ctrl Pts',(2.13117691795327,130.435739455164,14.3939205803056));
#2124=CARTESIAN_POINT('',(1.85361011682676,130.566441484809,13.696843088864));
#2125=CARTESIAN_POINT('Ctrl Pts',(1.85364619052804,130.566536470387,13.6969039308672));
#2126=CARTESIAN_POINT('Ctrl Pts',(1.94636202782193,130.3917656728,13.9147775280693));
#2127=CARTESIAN_POINT('Ctrl Pts',(2.0392301190006,130.201896961596,14.1199014886372));
#2128=CARTESIAN_POINT('Ctrl Pts',(2.13121085085738,130.000048436556,14.3122540323583));
#2129=CARTESIAN_POINT('Ctrl Pts',(1.53382089302788,130.,12.6811557140132));
#2130=CARTESIAN_POINT('Ctrl Pts',(1.57529106506487,130.000000002221,12.8054769422897));
#2131=CARTESIAN_POINT('Ctrl Pts',(1.61676482017804,130.016350720527,12.9300731444217));
#2132=CARTESIAN_POINT('Ctrl Pts',(1.6941614580299,130.084910105333,13.1654852041375));
#2133=CARTESIAN_POINT('Ctrl Pts',(1.73009295337554,130.135694821774,13.2762329041117));
#2134=CARTESIAN_POINT('Ctrl Pts',(1.79277912829914,130.273755875714,13.4764076036077));
#2135=CARTESIAN_POINT('Ctrl Pts',(1.81904714336312,130.359703470199,13.5642925250807));
#2136=CARTESIAN_POINT('Ctrl Pts',(1.84395347260112,130.495109085255,13.6573380062486));
#2137=CARTESIAN_POINT('Ctrl Pts',(1.84925426705147,130.530162283167,13.6782640022157));
#2138=CARTESIAN_POINT('Ctrl Pts',(1.85361011682676,130.566441484809,13.696843088864));
#2139=CARTESIAN_POINT('Origin',(31.2375599322202,99.611047087397,-54.126155740733));
#2140=CARTESIAN_POINT('',(25.3286430641037,132.319133071709,-2.75219624834925));
#2141=CARTESIAN_POINT('Ctrl Pts',(25.3286430641037,132.319133071709,-2.75219624834925));
#2142=CARTESIAN_POINT('Ctrl Pts',(22.7445226364271,132.268392241052,-7.66124759260935));
#2143=CARTESIAN_POINT('Ctrl Pts',(20.6615748135463,132.214540874288,-12.5710757762693));
#2144=CARTESIAN_POINT('Ctrl Pts',(19.1199427631884,132.15990902735,-17.3766639628844));
#2145=CARTESIAN_POINT('Ctrl Pts',(29.1930474237835,129.999961212292,2.08534371882919));
#2146=CARTESIAN_POINT('Ctrl Pts',(28.4370298878117,130.769674264036,1.5246247438072));
#2147=CARTESIAN_POINT('Ctrl Pts',(27.0329835196019,131.93778946871,0.112901470546924));
#2148=CARTESIAN_POINT('Ctrl Pts',(25.8189014860305,132.328759604319,-1.82085274770644));
#2149=CARTESIAN_POINT('Ctrl Pts',(25.3286430641037,132.319133071709,-2.75219624834925));
#2150=CARTESIAN_POINT('Origin',(1.,131.309929634881,-39.5848653355735));
#2151=CARTESIAN_POINT('',(1.,131.,-32.2903905728776));
#2152=CARTESIAN_POINT('Origin',(1.,131.,-31.2903905728776));
#2153=CARTESIAN_POINT('',(1.,132.,-32.2903905728776));
#2154=CARTESIAN_POINT('',(1.,130.654964817441,-32.2903905728776));
#2155=CARTESIAN_POINT('Origin',(1.,132.,-31.2903905728776));
#2156=CARTESIAN_POINT('Ctrl Pts',(25.3286430641037,132.319133071709,-2.75219624834925));
#2157=CARTESIAN_POINT('Ctrl Pts',(22.7444281688268,132.268390386122,-7.66142705262817));
#2158=CARTESIAN_POINT('Ctrl Pts',(20.6614225217142,132.214536936999,-12.5714347531058));
#2159=CARTESIAN_POINT('Ctrl Pts',(19.1197736931913,132.159903035823,-17.3771909956258));
#2160=CARTESIAN_POINT('Ctrl Pts',(25.2617308109091,132.544052928912,-2.71671007416809));
#2161=CARTESIAN_POINT('Ctrl Pts',(22.683605376686,132.507124505009,-7.6336890476077));
#2162=CARTESIAN_POINT('Ctrl Pts',(20.6086571859701,132.466817664242,-12.5516407881312));
#2163=CARTESIAN_POINT('Ctrl Pts',(19.0788980387603,132.425057021157,-17.363999309803));
#2164=CARTESIAN_POINT('Ctrl Pts',(25.0158249626756,132.886635883169,-2.58629662452368));
#2165=CARTESIAN_POINT('Ctrl Pts',(22.4301592806979,132.8766248576,-7.51621045477693));
#2166=CARTESIAN_POINT('Ctrl Pts',(20.3511059372125,132.86562471645,-12.4500003858045));
#2167=CARTESIAN_POINT('Ctrl Pts',(18.8198820564839,132.853731236184,-17.2804078050596));
#2168=CARTESIAN_POINT('Ctrl Pts',(24.6486413308811,133.,-2.39156484234258));
#2169=CARTESIAN_POINT('Ctrl Pts',(22.0367674803596,133.000054108539,-7.3327354931507));
#2170=CARTESIAN_POINT('Ctrl Pts',(19.9301612390033,132.99990799518,-12.2824230557184));
#2171=CARTESIAN_POINT('Ctrl Pts',(18.3720720252386,133.,-17.1358873240376));
#2172=CARTESIAN_POINT('Ctrl Pts',(24.4913897191095,133.,-2.30816818748219));
#2173=CARTESIAN_POINT('Ctrl Pts',(21.8683307546121,133.,-7.25417292388119));
#2174=CARTESIAN_POINT('Ctrl Pts',(19.7498834592289,133.,-12.2106734495449));
#2175=CARTESIAN_POINT('Ctrl Pts',(18.180351207273,133.,-17.0740137997726));
#2176=CARTESIAN_POINT('Origin',(24.4913897191094,132.,-2.30816818748218));
#2177=CARTESIAN_POINT('Origin',(3.25914172369325,132.,-31.2903905728776));
#2178=CARTESIAN_POINT('',(-20.6495122307728,132.,-32.2903905728775));
#2179=CARTESIAN_POINT('',(3.25914172369325,132.,-32.2903905728776));
#2180=CARTESIAN_POINT('Origin',(-20.6495122307728,132.,-31.2903905728775));
#2181=CARTESIAN_POINT('Origin',(9.3430395627729,130.,-32.2903905728776));
#2182=CARTESIAN_POINT('',(-15.6495122307728,131.,-32.2903905728776));
#2183=CARTESIAN_POINT('',(3.25914172369325,131.,-32.2903905728776));
#2184=CARTESIAN_POINT('',(-22.4897709163635,129.854744045547,-32.2903905728775));
#2185=CARTESIAN_POINT('Origin',(-15.6495122307728,110.,-32.2903905728775));
#2186=CARTESIAN_POINT('',(-22.9721664815095,130.,-32.2903905728775));
#2187=CARTESIAN_POINT('Ctrl Pts',(-22.9721664815094,130.,-32.2903905728775));
#2188=CARTESIAN_POINT('Ctrl Pts',(-22.875259579207,130.,-32.2903905728775));
#2189=CARTESIAN_POINT('Ctrl Pts',(-22.7605558936169,129.994089760333,-32.2903905728775));
#2190=CARTESIAN_POINT('Ctrl Pts',(-22.6302806395681,129.96222378069,-32.2903905728775));
#2191=CARTESIAN_POINT('Ctrl Pts',(-22.5915886773598,129.949478998208,-32.2903905728775));
#2192=CARTESIAN_POINT('Ctrl Pts',(-22.5422752804192,129.920917769798,-32.2903905728775));
#2193=CARTESIAN_POINT('Ctrl Pts',(-22.526108808635,129.908885231021,-32.2903905728776));
#2194=CARTESIAN_POINT('Ctrl Pts',(-22.5033197327238,129.882974341838,-32.2903905728776));
#2195=CARTESIAN_POINT('Ctrl Pts',(-22.4955488272821,129.870520048421,-32.2903905728776));
#2196=CARTESIAN_POINT('Ctrl Pts',(-22.4902030126168,129.855970162678,-32.2903905728776));
#2197=CARTESIAN_POINT('Ctrl Pts',(-22.4899841025782,129.855357611106,-32.2903905728775));
#2198=CARTESIAN_POINT('Ctrl Pts',(-22.4897709163634,129.854744045547,-32.2903905728775));
#2199=CARTESIAN_POINT('',(-29.1347936050114,130.,-32.2903905728775));
#2200=CARTESIAN_POINT('',(19.3504877692272,130.,-32.2903905728776));
#2201=CARTESIAN_POINT('Origin',(-20.6495122307728,113.,-32.2903905728775));
#2202=CARTESIAN_POINT('Ctrl Pts',(-15.6495122307728,130.681939302929,2.93838790280776));
#2203=CARTESIAN_POINT('Ctrl Pts',(-18.7911048843626,130.681939302929,2.93838790280776));
#2204=CARTESIAN_POINT('Ctrl Pts',(-25.0739357241338,129.248262019091,2.4574147396356));
#2205=CARTESIAN_POINT('Ctrl Pts',(-31.3658976608496,124.225453678017,0.772352108701597));
#2206=CARTESIAN_POINT('Ctrl Pts',(-35.5699800332607,117.53056075275,-1.47366508335787));
#2207=CARTESIAN_POINT('Ctrl Pts',(-36.6495122307728,112.823531956518,-3.05278930802717));
#2208=CARTESIAN_POINT('Ctrl Pts',(-36.6495122307728,109.681939302929,-4.10673762193978));
#2209=CARTESIAN_POINT('Ctrl Pts',(-15.6495122307728,130.456729602479,2.86283406428131));
#2210=CARTESIAN_POINT('Ctrl Pts',(-18.7535572249576,130.456729602479,2.86283406428131));
#2211=CARTESIAN_POINT('Ctrl Pts',(-24.9615975310429,129.035851828965,2.38589019297825));
#2212=CARTESIAN_POINT('Ctrl Pts',(-31.1700740889064,124.060630137056,0.716613250834784));
#2213=CARTESIAN_POINT('Ctrl Pts',(-35.3068992877427,117.43566798982,-1.50550814690333));
#2214=CARTESIAN_POINT('Ctrl Pts',(-36.3595725600646,112.783244365624,-3.06669900596988));
#2215=CARTESIAN_POINT('Ctrl Pts',(-36.3503129304309,109.681939302929,-4.10673762193978));
#2216=CARTESIAN_POINT('Ctrl Pts',(-15.6495122307728,130.113572822857,2.58448144647847));
#2217=CARTESIAN_POINT('Ctrl Pts',(-18.6883332945569,130.113572822857,2.58448144647847));
#2218=CARTESIAN_POINT('Ctrl Pts',(-24.7655284223787,128.716870457991,2.10980171155632));
#2219=CARTESIAN_POINT('Ctrl Pts',(-30.8287451904392,123.831898563375,0.448454632130062));
#2220=CARTESIAN_POINT('Ctrl Pts',(-34.850222800561,117.338790345649,-1.76198304366724));
#2221=CARTESIAN_POINT('Ctrl Pts',(-35.8565062317489,112.788481518272,-3.31247949424313));
#2222=CARTESIAN_POINT('Ctrl Pts',(-35.8325068413983,109.761865194028,-4.34497946833212));
#2223=CARTESIAN_POINT('Ctrl Pts',(-15.6495122307728,130.,2.16847656042365));
#2224=CARTESIAN_POINT('Ctrl Pts',(-18.6503992418844,130.,2.16847656042365));
#2225=CARTESIAN_POINT('Ctrl Pts',(-24.6520249380622,128.626075479374,1.68940286743022));
#2226=CARTESIAN_POINT('Ctrl Pts',(-30.651464372457,123.816946782728,0.0114437507612395));
#2227=CARTESIAN_POINT('Ctrl Pts',(-34.6461828720853,117.415991844888,-2.22396348284824));
#2228=CARTESIAN_POINT('Ctrl Pts',(-35.6602904060384,112.922642015693,-3.794501743122));
#2229=CARTESIAN_POINT('Ctrl Pts',(-35.6495122307728,109.928627346477,-4.84206148470541));
#2230=CARTESIAN_POINT('Ctrl Pts',(-15.6495122307728,130.,1.99031755047178));
#2231=CARTESIAN_POINT('Ctrl Pts',(-18.6415052341916,130.,1.99031755047178));
#2232=CARTESIAN_POINT('Ctrl Pts',(-24.6251536530214,128.634593063012,1.50934438729961));
#2233=CARTESIAN_POINT('Ctrl Pts',(-30.6174983546555,123.850966071513,-0.175718243634386));
#2234=CARTESIAN_POINT('Ctrl Pts',(-34.6213863283803,117.474877571259,-2.42173543569385));
#2235=CARTESIAN_POINT('Ctrl Pts',(-35.6495122307728,112.991993003419,-4.00085966036316));
#2236=CARTESIAN_POINT('Ctrl Pts',(-35.6495122307728,110.,-5.05480797427577));
#2237=CARTESIAN_POINT('',(-20.860949335423,130.025019780197,2.71800311722183));
#2238=CARTESIAN_POINT('Ctrl Pts',(-20.8609493353726,130.025019780202,2.71800311722348));
#2239=CARTESIAN_POINT('Ctrl Pts',(-20.7652982981397,130.020255860049,2.71640490696313));
#2240=CARTESIAN_POINT('Ctrl Pts',(-20.6701600360392,130.015879270555,2.71353204011147));
#2241=CARTESIAN_POINT('Ctrl Pts',(-20.3755489750836,130.004430714517,2.70164572048791));
#2242=CARTESIAN_POINT('Ctrl Pts',(-20.1835982698756,129.999999999983,2.68980415987877));
#2243=CARTESIAN_POINT('Ctrl Pts',(-19.9914506805522,130.,2.67751929649634));
#2244=CARTESIAN_POINT('',(-36.6495122307728,109.681939302929,-4.10673762193979));
#2245=CARTESIAN_POINT('Origin',(-15.6495122307728,109.681939302929,-4.10673762193979));
#2246=CARTESIAN_POINT('',(-35.6495122307728,110.,-5.05480797427577));
#2247=CARTESIAN_POINT('Origin',(-36.6495122307728,110.,-5.05480797427577));
#2248=CARTESIAN_POINT('Origin',(-15.6495122307728,110.,-5.05480797427577));
#2249=CARTESIAN_POINT('Origin',(-36.6495122307728,102.679551422125,-7.51068793277986));
#2250=CARTESIAN_POINT('',(-36.6495122307728,49.6819393029287,-24.2356676926471));
#2251=CARTESIAN_POINT('',(-35.6495122307728,50.,-25.183738044983));
#2252=CARTESIAN_POINT('Origin',(-36.6495122307728,50.,-25.183738044983));
#2253=CARTESIAN_POINT('',(-35.6495122307728,102.679551422125,-7.51068793277986));
#2254=CARTESIAN_POINT('',(-36.6495122307728,102.361490725054,-6.56261758044388));
#2255=CARTESIAN_POINT('Ctrl Pts',(-36.6495122307728,49.6819393029286,-24.235667692647));
#2256=CARTESIAN_POINT('Ctrl Pts',(-36.6495122307728,46.5403466493389,-25.2896160065597));
#2257=CARTESIAN_POINT('Ctrl Pts',(-35.2161161142485,40.2573797883097,-27.3974393495968));
#2258=CARTESIAN_POINT('Ctrl Pts',(-30.1931717793707,33.9653842693354,-29.5082916463741));
#2259=CARTESIAN_POINT('Ctrl Pts',(-23.4982981451146,29.7612114713831,-30.9187166506266));
#2260=CARTESIAN_POINT('Ctrl Pts',(-18.7911048843626,28.6819393029287,-31.2807932173946));
#2261=CARTESIAN_POINT('Ctrl Pts',(-15.6495122307728,28.6819393029287,-31.2807932173946));
#2262=CARTESIAN_POINT('Ctrl Pts',(-36.4999125806018,49.6819393029286,-24.235667692647));
#2263=CARTESIAN_POINT('Ctrl Pts',(-36.4953739942746,46.5604650875325,-25.2828484280479));
#2264=CARTESIAN_POINT('Ctrl Pts',(-35.0619024303522,40.3216286620617,-27.3758886944849));
#2265=CARTESIAN_POINT('Ctrl Pts',(-30.0693459560802,34.084012178747,-29.4684865784407));
#2266=CARTESIAN_POINT('Ctrl Pts',(-23.4274249214465,29.920641731536,-30.8652089167435));
#2267=CARTESIAN_POINT('Ctrl Pts',(-18.7626165365409,28.8529964387979,-31.2234065986278));
#2268=CARTESIAN_POINT('Ctrl Pts',(-15.6495122307728,28.8529964387979,-31.2234065986278));
#2269=CARTESIAN_POINT('Ctrl Pts',(-36.2012441843323,49.703721662432,-24.3005962092452));
#2270=CARTESIAN_POINT('Ctrl Pts',(-36.1876794633663,46.6237860731453,-25.3382968042136));
#2271=CARTESIAN_POINT('Ctrl Pts',(-34.7541842520034,40.4757527877991,-27.410198441899));
#2272=CARTESIAN_POINT('Ctrl Pts',(-29.8223329042452,34.3496669879686,-29.4757874241757));
#2273=CARTESIAN_POINT('Ctrl Pts',(-23.2861285656326,30.2698403443792,-30.8518547848213));
#2274=CARTESIAN_POINT('Ctrl Pts',(-18.7057736060667,29.225860313009,-31.2040790598676));
#2275=CARTESIAN_POINT('Ctrl Pts',(-15.6495122307728,29.225860313009,-31.2040790598676));
#2276=CARTESIAN_POINT('Ctrl Pts',(-35.7806675918093,49.8101090853242,-24.6177141758293));
#2277=CARTESIAN_POINT('Ctrl Pts',(-35.7605195742261,46.7927853520928,-25.6546653392178));
#2278=CARTESIAN_POINT('Ctrl Pts',(-34.3410274196297,40.7763985371623,-27.7244836827578));
#2279=CARTESIAN_POINT('Ctrl Pts',(-29.5027465476318,34.7970453705435,-29.7864773641289));
#2280=CARTESIAN_POINT('Ctrl Pts',(-23.1081227754669,30.8214018679298,-31.159416526467));
#2281=CARTESIAN_POINT('Ctrl Pts',(-18.6345089636858,29.8059377530029,-31.5106049671374));
#2282=CARTESIAN_POINT('Ctrl Pts',(-15.6495122307728,29.8059377530029,-31.5106049671374));
#2283=CARTESIAN_POINT('Ctrl Pts',(-35.6495122307728,49.9286273464775,-24.9709915554127));
#2284=CARTESIAN_POINT('Ctrl Pts',(-35.6386870628569,46.9346262353001,-26.0184556087208));
#2285=CARTESIAN_POINT('Ctrl Pts',(-34.2497824296633,40.9559158844481,-28.1119143186436));
#2286=CARTESIAN_POINT('Ctrl Pts',(-29.454310345421,34.9927222466628,-30.2041474826034));
#2287=CARTESIAN_POINT('Ctrl Pts',(-23.0910374737053,31.0182725303259,-31.6002336262673));
#2288=CARTESIAN_POINT('Ctrl Pts',(-18.6275345842061,30.,-31.9582236291696));
#2289=CARTESIAN_POINT('Ctrl Pts',(-15.6495122307728,30.,-31.9582236291696));
#2290=CARTESIAN_POINT('Ctrl Pts',(-35.6495122307728,50.,-25.183738044983));
#2291=CARTESIAN_POINT('Ctrl Pts',(-35.6495122307728,47.0080069965812,-26.2376863588956));
#2292=CARTESIAN_POINT('Ctrl Pts',(-34.2843730721782,41.0242290336962,-28.3455097019328));
#2293=CARTESIAN_POINT('Ctrl Pts',(-29.5006165627708,35.0318523489588,-30.4563619987101));
#2294=CARTESIAN_POINT('Ctrl Pts',(-23.1245464349078,31.0278782556709,-31.8667870029626));
#2295=CARTESIAN_POINT('Ctrl Pts',(-18.6415052341916,30.,-32.2288635697306));
#2296=CARTESIAN_POINT('Ctrl Pts',(-15.6495122307728,30.,-32.2288635697306));
#2297=CARTESIAN_POINT('',(-15.6495122307728,30.,-32.2288635697306));
#2298=CARTESIAN_POINT('',(-22.9721664815095,30.,-30.8386073573897));
#2299=CARTESIAN_POINT('Ctrl Pts',(-15.6495122307728,30.,-32.2288635697306));
#2300=CARTESIAN_POINT('Ctrl Pts',(-15.6560450013859,30.,-32.2274027978133));
#2301=CARTESIAN_POINT('Ctrl Pts',(-15.6625775314911,30.,-32.2259409521797));
#2302=CARTESIAN_POINT('Ctrl Pts',(-16.6433291853059,30.,-32.0063013120259));
#2303=CARTESIAN_POINT('Ctrl Pts',(-17.6153891285598,30.,-31.7633986524303));
#2304=CARTESIAN_POINT('Ctrl Pts',(-19.3077693813435,30.,-31.3644341635261));
#2305=CARTESIAN_POINT('Ctrl Pts',(-20.1774601120378,29.9999999994674,-31.168803632842));
#2306=CARTESIAN_POINT('Ctrl Pts',(-21.6174751208061,29.9999999994674,-30.927294301318));
#2307=CARTESIAN_POINT('Ctrl Pts',(-22.3252070362793,30.,-30.8386073573896));
#2308=CARTESIAN_POINT('Ctrl Pts',(-22.9721664815095,30.,-30.8386073573896));
#2309=CARTESIAN_POINT('Origin',(-15.6495122307728,50.,-25.183738044983));
#2310=CARTESIAN_POINT('Origin',(-15.6495122307728,49.6819393029286,-24.235667692647));
#2311=CARTESIAN_POINT('Origin',(-40.6495122307728,130.,2.70960942712247));
#2312=CARTESIAN_POINT('',(-21.0457022772317,130.035100992678,2.72138518423971));
#2313=CARTESIAN_POINT('Ctrl Pts',(-20.8609493354226,130.025019780204,2.71800311722431));
#2314=CARTESIAN_POINT('Ctrl Pts',(-20.9223604640632,130.028078374463,2.71902922105692));
#2315=CARTESIAN_POINT('Ctrl Pts',(-20.9839699936864,130.031435706494,2.72015554608466));
#2316=CARTESIAN_POINT('Ctrl Pts',(-21.0457022772317,130.035100992678,2.7213851842397));
#2317=CARTESIAN_POINT('',(-23.2423086113703,130.654939506768,2.92932995266033));
#2318=CARTESIAN_POINT('Ctrl Pts',(-21.0457022772317,130.035100992678,2.72138518423971));
#2319=CARTESIAN_POINT('Ctrl Pts',(-21.4943975493131,130.061741779111,2.73032269302529));
#2320=CARTESIAN_POINT('Ctrl Pts',(-21.9548567210888,130.107785641668,2.7457695878519));
#2321=CARTESIAN_POINT('Ctrl Pts',(-22.5688030169615,130.232247234537,2.78752423284098));
#2322=CARTESIAN_POINT('Ctrl Pts',(-22.8444638457415,130.304567375355,2.81178635046132));
#2323=CARTESIAN_POINT('Ctrl Pts',(-23.0867245010718,130.446954174598,2.85955458254402));
#2324=CARTESIAN_POINT('Ctrl Pts',(-23.1413002088511,130.486616807932,2.87286068875747));
#2325=CARTESIAN_POINT('Ctrl Pts',(-23.2054341027521,130.562058807646,2.89817013436801));
#2326=CARTESIAN_POINT('Ctrl Pts',(-23.2247354695708,130.593341957792,2.90866507339612));
#2327=CARTESIAN_POINT('Ctrl Pts',(-23.2384858826704,130.636798369377,2.92324392456143));
#2328=CARTESIAN_POINT('Ctrl Pts',(-23.2407085866855,130.645840404746,2.92627736618864));
#2329=CARTESIAN_POINT('Ctrl Pts',(-23.2423086113703,130.654939506768,2.92932995266034));
#2330=CARTESIAN_POINT('',(-35.8051147803214,124.140896993754,0.743984848959031));
#2331=CARTESIAN_POINT('Ctrl Pts',(-35.8051147791005,124.140896995368,0.743984849500773));
#2332=CARTESIAN_POINT('Ctrl Pts',(-35.1923700581104,124.951312366873,1.01586475518811));
#2333=CARTESIAN_POINT('Ctrl Pts',(-33.7227113706379,126.400365256131,1.50199615979875));
#2334=CARTESIAN_POINT('Ctrl Pts',(-30.7666972484737,128.222317064822,2.11322850228762));
#2335=CARTESIAN_POINT('Ctrl Pts',(-27.2048656439892,129.555889597838,2.56061830664249));
#2336=CARTESIAN_POINT('Ctrl Pts',(-24.5636203890352,130.335362165992,2.82211745358267));
#2337=CARTESIAN_POINT('Ctrl Pts',(-23.2423186231222,130.654976708803,2.92934243327963));
#2338=CARTESIAN_POINT('',(-39.6495122307728,112.681939302929,-3.10029111840442));
#2339=CARTESIAN_POINT('Origin',(-20.6495122307728,112.681939302929,-3.10029111840442));
#2340=CARTESIAN_POINT('',(-39.6495122307728,46.6819393029287,-25.2421141961824));
#2341=CARTESIAN_POINT('',(-39.6495122307728,124.722981450108,0.939263804245832));
#2342=CARTESIAN_POINT('',(-29.518920082348,29.8791536897508,-30.8791491395281));
#2343=CARTESIAN_POINT('Origin',(-20.6495122307728,46.6819393029287,-25.2421141961824));
#2344=CARTESIAN_POINT('',(-29.1347936050113,30.,-30.8386073573897));
#2345=CARTESIAN_POINT('Ctrl Pts',(-29.1347936050113,30.,-30.8386073573896));
#2346=CARTESIAN_POINT('Ctrl Pts',(-29.2108019047288,30.,-30.8386073573896));
#2347=CARTESIAN_POINT('Ctrl Pts',(-29.3018226431001,29.9944328062745,-30.8404750516095));
#2348=CARTESIAN_POINT('Ctrl Pts',(-29.4103836433492,29.9642773330361,-30.8505916751439));
#2349=CARTESIAN_POINT('Ctrl Pts',(-29.4512018513939,29.9473800414103,-30.8562604151692));
#2350=CARTESIAN_POINT('Ctrl Pts',(-29.4901058275085,29.9163643282008,-30.866665633874));
#2351=CARTESIAN_POINT('Ctrl Pts',(-29.5013624431419,29.9049823863897,-30.8704840723871));
#2352=CARTESIAN_POINT('Ctrl Pts',(-29.5125672186744,29.8897416627938,-30.8755970633786));
#2353=CARTESIAN_POINT('Ctrl Pts',(-29.5159329296901,29.8845611994568,-30.8773350164493));
#2354=CARTESIAN_POINT('Ctrl Pts',(-29.5189200823481,29.8791536897509,-30.8791491395281));
#2355=CARTESIAN_POINT('',(12.,30.,-30.8386073573897));
#2356=CARTESIAN_POINT('Origin',(3.25914172369325,131.,-31.2903905728776));
#2357=CARTESIAN_POINT('Origin',(-15.6495122307728,131.,-31.2903905728776));
#2358=CARTESIAN_POINT('Origin',(-15.6495122307728,110.,-31.2903905728776));
#2359=CARTESIAN_POINT('',(-22.2136301550223,128.892124175871,-31.2903905728776));
#2360=CARTESIAN_POINT('Origin',(-15.6495122307728,110.,-31.2903905728776));
#2361=CARTESIAN_POINT('Ctrl Pts',(-22.2136301550223,128.892124175871,-31.2903905728776));
#2362=CARTESIAN_POINT('Ctrl Pts',(-22.2135479165173,128.892152749855,-31.2919769781832));
#2363=CARTESIAN_POINT('Ctrl Pts',(-22.2134669953292,128.892185097082,-31.2935633121708));
#2364=CARTESIAN_POINT('Ctrl Pts',(-22.2133873894969,128.892221210394,-31.2951495631356));
#2365=CARTESIAN_POINT('Ctrl Pts',(-22.2111959167086,128.893215375507,-31.3388175423111));
#2366=CARTESIAN_POINT('Ctrl Pts',(-22.2100060497196,128.897056581065,-31.3822971114044));
#2367=CARTESIAN_POINT('Ctrl Pts',(-22.2097703261649,128.903572729434,-31.4253470449206));
#2368=CARTESIAN_POINT('Ctrl Pts',(-22.2095287242844,128.910251373411,-31.4694705306004));
#2369=CARTESIAN_POINT('Ctrl Pts',(-22.2102894305372,128.919740323345,-31.5131437339373));
#2370=CARTESIAN_POINT('Ctrl Pts',(-22.2120194767305,128.931905532475,-31.5561025218058));
#2371=CARTESIAN_POINT('Ctrl Pts',(-22.2131502422545,128.939856764719,-31.5841805676194));
#2372=CARTESIAN_POINT('Ctrl Pts',(-22.2146954796401,128.948952329993,-31.6119532942548));
#2373=CARTESIAN_POINT('Ctrl Pts',(-22.2166500562378,128.959165243239,-31.6393426211771));
#2374=CARTESIAN_POINT('Ctrl Pts',(-22.2196368047442,128.974771387004,-31.6811956912365));
#2375=CARTESIAN_POINT('Ctrl Pts',(-22.2235607320943,128.992893521319,-31.7219104261756));
#2376=CARTESIAN_POINT('Ctrl Pts',(-22.2283860287162,129.013383679453,-31.7612296011225));
#2377=CARTESIAN_POINT('Ctrl Pts',(-22.2331711705502,129.033703324142,-31.8002215727378));
#2378=CARTESIAN_POINT('Ctrl Pts',(-22.2388428203755,129.05635229886,-31.8378421161387));
#2379=CARTESIAN_POINT('Ctrl Pts',(-22.2453826920456,129.081228746243,-31.8738192244346));
#2380=CARTESIAN_POINT('Ctrl Pts',(-22.2496010574766,129.097274618545,-31.8970252745839));
#2381=CARTESIAN_POINT('Ctrl Pts',(-22.2541809825622,129.114248073939,-31.9195471013653));
#2382=CARTESIAN_POINT('Ctrl Pts',(-22.259121069882,129.13212969453,-31.9413040130089));
#2383=CARTESIAN_POINT('Ctrl Pts',(-22.2645982591423,129.15195546155,-31.9654264049989));
#2384=CARTESIAN_POINT('Ctrl Pts',(-22.270493981871,129.172810667994,-31.9885028107666));
#2385=CARTESIAN_POINT('Ctrl Pts',(-22.2767997707623,129.194649537331,-32.0104410637487));
#2386=CARTESIAN_POINT('Ctrl Pts',(-22.2855859883507,129.225078887438,-32.0410088907933));
#2387=CARTESIAN_POINT('Ctrl Pts',(-22.2951677353371,129.257416787746,-32.0693690140018));
#2388=CARTESIAN_POINT('Ctrl Pts',(-22.3054518765372,129.291387140659,-32.0954105768252));
#2389=CARTESIAN_POINT('Ctrl Pts',(-22.315810622293,129.325603925728,-32.1216410537436));
#2390=CARTESIAN_POINT('Ctrl Pts',(-22.3268822664768,129.361477932664,-32.1455198008762));
#2391=CARTESIAN_POINT('Ctrl Pts',(-22.3385846868851,129.398752759026,-32.1668903670889));
#2392=CARTESIAN_POINT('Ctrl Pts',(-22.3411080374543,129.406790194961,-32.1714984249551));
#2393=CARTESIAN_POINT('Ctrl Pts',(-22.3436607548425,129.414892824041,-32.1759896879655));
#2394=CARTESIAN_POINT('Ctrl Pts',(-22.3462420750983,129.423058160764,-32.1803622846913));
#2395=CARTESIAN_POINT('Ctrl Pts',(-22.3582292202432,129.460976383517,-32.200667766545));
#2396=CARTESIAN_POINT('Ctrl Pts',(-22.3707542320512,129.499998067536,-32.2182856001628));
#2397=CARTESIAN_POINT('Ctrl Pts',(-22.3837282906047,129.539841702188,-32.2331044032743));
#2398=CARTESIAN_POINT('Ctrl Pts',(-22.3942828324838,129.57225494503,-32.2451596655036));
#2399=CARTESIAN_POINT('Ctrl Pts',(-22.4051349212312,129.605213046931,-32.2553619132089));
#2400=CARTESIAN_POINT('Ctrl Pts',(-22.4162424524225,129.638574052269,-32.2636283285199));
#2401=CARTESIAN_POINT('Ctrl Pts',(-22.4298896030179,129.679562698262,-32.2737847721698));
#2402=CARTESIAN_POINT('Ctrl Pts',(-22.4439224246233,129.721160208871,-32.2810204712144));
#2403=CARTESIAN_POINT('Ctrl Pts',(-22.4582446838148,129.763100806916,-32.2853237832455));
#2404=CARTESIAN_POINT('Ctrl Pts',(-22.4596949056138,129.767347564968,-32.2857595215485));
#2405=CARTESIAN_POINT('Ctrl Pts',(-22.4611480985688,129.771597837452,-32.2861651505993));
#2406=CARTESIAN_POINT('Ctrl Pts',(-22.4626041647725,129.77585134503,-32.2865406286492));
#2407=CARTESIAN_POINT('Ctrl Pts',(-22.4716266565719,129.802208139209,-32.2888672726009));
#2408=CARTESIAN_POINT('Ctrl Pts',(-22.480722567879,129.828581175653,-32.2900273845819));
#2409=CARTESIAN_POINT('Ctrl Pts',(-22.4898673729612,129.854903101725,-32.2900348648877));
#2410=CARTESIAN_POINT('Ctrl Pts',(-10.3413666496752,30.,-65.8386073573896));
#2411=CARTESIAN_POINT('Ctrl Pts',(-13.8754268222413,29.0767176962395,-66.1483521061883));
#2412=CARTESIAN_POINT('Ctrl Pts',(-21.435579353785,29.1167106304854,-66.134935189909));
#2413=CARTESIAN_POINT('Ctrl Pts',(-29.5913654557116,33.8724787097165,-64.5394598049199));
#2414=CARTESIAN_POINT('Ctrl Pts',(-35.1808090075373,41.1972500717076,-62.0821296294292));
#2415=CARTESIAN_POINT('Ctrl Pts',(-36.6495122307728,46.6653861268756,-60.2476674915694));
#2416=CARTESIAN_POINT('Ctrl Pts',(-36.6495122307728,50.3180606970714,-59.0222603083274));
#2417=CARTESIAN_POINT('Ctrl Pts',(-10.4050233519763,30.2190103786196,-65.7651332807898));
#2418=CARTESIAN_POINT('Ctrl Pts',(-13.8961794548727,29.3041397572248,-66.0719910581138));
#2419=CARTESIAN_POINT('Ctrl Pts',(-21.3677985121745,29.3437689470832,-66.0585178889116));
#2420=CARTESIAN_POINT('Ctrl Pts',(-29.4207381909724,34.0559820180654,-64.477407957546));
#2421=CARTESIAN_POINT('Ctrl Pts',(-34.9261212573491,41.3063701160283,-62.0455188531492));
#2422=CARTESIAN_POINT('Ctrl Pts',(-36.3610789390837,46.7122278008226,-60.2314949302107));
#2423=CARTESIAN_POINT('Ctrl Pts',(-36.3503129304309,50.3180606970714,-59.0222603083274));
#2424=CARTESIAN_POINT('Ctrl Pts',(-10.5159141115321,30.5504106924639,-65.4877482017797));
#2425=CARTESIAN_POINT('Ctrl Pts',(-13.9326008039676,29.6515629181592,-65.7933571265344));
#2426=CARTESIAN_POINT('Ctrl Pts',(-21.2493805268059,29.6906250014577,-65.7801369095486));
#2427=CARTESIAN_POINT('Ctrl Pts',(-29.123042547229,34.3201039563857,-64.2061867670145));
#2428=CARTESIAN_POINT('Ctrl Pts',(-34.4838135333317,41.4299514024227,-61.786437217472));
#2429=CARTESIAN_POINT('Ctrl Pts',(-35.860405595533,46.7191424963443,-59.9844919211961));
#2430=CARTESIAN_POINT('Ctrl Pts',(-35.8325019261207,50.2381361089226,-58.784022345749));
#2431=CARTESIAN_POINT('Ctrl Pts',(-10.5794435732953,30.6533043029737,-65.069606840705));
#2432=CARTESIAN_POINT('Ctrl Pts',(-13.9543717185233,29.7688524365985,-65.3781190348493));
#2433=CARTESIAN_POINT('Ctrl Pts',(-21.1780828331859,29.8072597588478,-65.3647725916541));
#2434=CARTESIAN_POINT('Ctrl Pts',(-28.9614753539917,34.3628643241587,-63.7757502746084));
#2435=CARTESIAN_POINT('Ctrl Pts',(-34.2790360178489,41.3689173441105,-61.3296250456222));
#2436=CARTESIAN_POINT('Ctrl Pts',(-35.662043825746,46.5902844123272,-59.5049157480249));
#2437=CARTESIAN_POINT('Ctrl Pts',(-35.6495122307728,50.0713726535225,-58.2869364455618));
#2438=CARTESIAN_POINT('Ctrl Pts',(-10.5941354868704,30.6494660027892,-64.8905370050537));
#2439=CARTESIAN_POINT('Ctrl Pts',(-13.9599070797904,29.7701495230173,-65.2002817538523));
#2440=CARTESIAN_POINT('Ctrl Pts',(-21.1600523479273,29.8082380318229,-65.186864837573));
#2441=CARTESIAN_POINT('Ctrl Pts',(-28.9274676830954,34.337540964424,-63.5913894525839));
#2442=CARTESIAN_POINT('Ctrl Pts',(-34.2507472562628,41.3135136901298,-61.1340592770932));
#2443=CARTESIAN_POINT('Ctrl Pts',(-35.6495122307728,46.5212623140993,-59.2995971392334));
#2444=CARTESIAN_POINT('Ctrl Pts',(-35.6495122307728,50.,-58.0741899559914));
#2445=CARTESIAN_POINT('',(-10.3413666496755,30.,-65.8386073573896));
#2446=CARTESIAN_POINT('',(-20.9576578118702,30.,-65.8386073573896));
#2447=CARTESIAN_POINT('Ctrl Pts',(-10.3413666496753,30.,-65.8386073573896));
#2448=CARTESIAN_POINT('Ctrl Pts',(-10.5917855053856,30.,-65.8386073573896));
#2449=CARTESIAN_POINT('Ctrl Pts',(-10.905692117929,29.9785084704457,-65.8386073573896));
#2450=CARTESIAN_POINT('Ctrl Pts',(-12.0000407280714,29.8901315107403,-65.8386073573896));
#2451=CARTESIAN_POINT('Ctrl Pts',(-13.0512634501775,29.7742680448185,-65.8386073573896));
#2452=CARTESIAN_POINT('Ctrl Pts',(-14.5825394931036,29.7117422026582,-65.8386073573896));
#2453=CARTESIAN_POINT('Ctrl Pts',(-14.8295195671818,29.7043822135818,-65.8386073573896));
#2454=CARTESIAN_POINT('Ctrl Pts',(-15.1959846691689,29.697749498853,-65.8386073573896));
#2455=CARTESIAN_POINT('Ctrl Pts',(-15.3145317987978,29.6962659594583,-65.8386073573896));
#2456=CARTESIAN_POINT('Ctrl Pts',(-15.5254841213577,29.6948170849973,-65.8386073573896));
#2457=CARTESIAN_POINT('Ctrl Pts',(-15.6177762226644,29.6945886153711,-65.8386073573896));
#2458=CARTESIAN_POINT('Ctrl Pts',(-15.8095807083362,29.6949577449129,-65.8386073573896));
#2459=CARTESIAN_POINT('Ctrl Pts',(-15.909014150488,29.6956205434539,-65.8386073573896));
#2460=CARTESIAN_POINT('Ctrl Pts',(-16.1640672934842,29.6985241249516,-65.8386073573896));
#2461=CARTESIAN_POINT('Ctrl Pts',(-16.3194553518468,29.7014407768591,-65.8386073573896));
#2462=CARTESIAN_POINT('Ctrl Pts',(-16.7746437152578,29.7132738058717,-65.8386073573896));
#2463=CARTESIAN_POINT('Ctrl Pts',(-17.0724653610251,29.7251786662695,-65.8386073573897));
#2464=CARTESIAN_POINT('Ctrl Pts',(-18.1590837822804,29.7823030655401,-65.8386073573897));
#2465=CARTESIAN_POINT('Ctrl Pts',(-18.9167519212641,29.8504158807216,-65.8386073573896));
#2466=CARTESIAN_POINT('Ctrl Pts',(-20.0791496535875,29.9547314992191,-65.8386073573896));
#2467=CARTESIAN_POINT('Ctrl Pts',(-20.5888586084137,30.,-65.8386073573896));
#2468=CARTESIAN_POINT('Ctrl Pts',(-20.9576578118703,30.,-65.8386073573896));
#2469=CARTESIAN_POINT('',(-36.6495122307728,50.3180606970714,-59.0222603083274));
#2470=CARTESIAN_POINT('Origin',(-15.6495122307728,50.3180606970714,-59.0222603083274));
#2471=CARTESIAN_POINT('',(-35.6495122307728,50.,-58.0741899559914));
#2472=CARTESIAN_POINT('Origin',(-36.6495122307728,50.,-58.0741899559914));
#2473=CARTESIAN_POINT('',(-15.6495122307728,30.,-65.119315480739));
#2474=CARTESIAN_POINT('Origin',(-15.6495122307728,50.,-58.0741899559914));
#2475=CARTESIAN_POINT('Ctrl Pts',(-15.6495122307728,30.,-65.119315480739));
#2476=CARTESIAN_POINT('Ctrl Pts',(-15.6428638593316,30.,-65.1208021017872));
#2477=CARTESIAN_POINT('Ctrl Pts',(-15.6362152599806,30.,-65.1222876060536));
#2478=CARTESIAN_POINT('Ctrl Pts',(-14.7219228538229,30.,-65.3264068452242));
#2479=CARTESIAN_POINT('Ctrl Pts',(-13.8020386488036,30.,-65.5097978626585));
#2480=CARTESIAN_POINT('Ctrl Pts',(-12.0465527247523,30.,-65.7595196326969));
#2481=CARTESIAN_POINT('Ctrl Pts',(-11.1841708912243,30.,-65.8386073573897));
#2482=CARTESIAN_POINT('Ctrl Pts',(-10.3413666496754,30.,-65.8386073573897));
#2483=CARTESIAN_POINT('Origin',(-36.6495122307728,57.3204485778746,-55.6183099974873));
#2484=CARTESIAN_POINT('',(-36.6495122307728,110.318060697071,-38.8933302376201));
#2485=CARTESIAN_POINT('',(-35.6495122307728,110.,-37.9452598852842));
#2486=CARTESIAN_POINT('Origin',(-36.6495122307728,110.,-37.9452598852842));
#2487=CARTESIAN_POINT('',(-35.6495122307728,57.3204485778746,-55.6183099974873));
#2488=CARTESIAN_POINT('',(-36.6495122307728,57.6385092749459,-56.5663803498233));
#2489=CARTESIAN_POINT('Ctrl Pts',(-36.6495122307728,110.318060697071,-38.8933302376201));
#2490=CARTESIAN_POINT('Ctrl Pts',(-36.6495122307728,114.027238778735,-37.6489671338601));
#2491=CARTESIAN_POINT('Ctrl Pts',(-34.9688477059097,120.200480670205,-35.5779545614773));
#2492=CARTESIAN_POINT('Ctrl Pts',(-29.2553777698214,126.885494985094,-33.3352514670427));
#2493=CARTESIAN_POINT('Ctrl Pts',(-24.8776444815415,129.3432083374,-32.5107324636691));
#2494=CARTESIAN_POINT('Ctrl Pts',(-22.5418360512347,130.154791081736,-32.2384609252135));
#2495=CARTESIAN_POINT('Ctrl Pts',(-36.4999125806018,110.318060697071,-38.8933302376201));
#2496=CARTESIAN_POINT('Ctrl Pts',(-36.4945540167194,114.003485581483,-37.6569573976053));
#2497=CARTESIAN_POINT('Ctrl Pts',(-34.8156128620281,120.132484636384,-35.600744015169));
#2498=CARTESIAN_POINT('Ctrl Pts',(-29.1381920473725,126.759107098682,-33.3776747652398));
#2499=CARTESIAN_POINT('Ctrl Pts',(-24.7959911576495,129.192417603271,-32.5613129920993));
#2500=CARTESIAN_POINT('Ctrl Pts',(-22.4803577909929,129.995750806967,-32.2918161013679));
#2501=CARTESIAN_POINT('Ctrl Pts',(-36.2012554347095,110.296275631507,-38.8283936548363));
#2502=CARTESIAN_POINT('Ctrl Pts',(-36.185240002017,113.932657187105,-37.6032137137679));
#2503=CARTESIAN_POINT('Ctrl Pts',(-34.5098485511215,119.970743768953,-35.5682595214885));
#2504=CARTESIAN_POINT('Ctrl Pts',(-28.9044752098694,126.477521015112,-33.3742505906542));
#2505=CARTESIAN_POINT('Ctrl Pts',(-24.6331766957527,128.861015207828,-32.5702764715377));
#2506=CARTESIAN_POINT('Ctrl Pts',(-22.3578070409148,129.647456908235,-32.3049858840969));
#2507=CARTESIAN_POINT('Ctrl Pts',(-35.7806851259863,110.189888329895,-38.5112760497634));
#2508=CARTESIAN_POINT('Ctrl Pts',(-35.7568970052943,113.752346067309,-37.2869809386194));
#2509=CARTESIAN_POINT('Ctrl Pts',(-34.1006492610598,119.659575104727,-35.2542269870395));
#2510=CARTESIAN_POINT('Ctrl Pts',(-28.6036069190553,126.00982183161,-33.0640973650884));
#2511=CARTESIAN_POINT('Ctrl Pts',(-24.4262008035844,128.331420449318,-32.2620920222178));
#2512=CARTESIAN_POINT('Ctrl Pts',(-22.202487766086,129.097265415306,-31.9974625539591));
#2513=CARTESIAN_POINT('Ctrl Pts',(-35.6495122307728,110.071372653523,-38.1580063748545));
#2514=CARTESIAN_POINT('Ctrl Pts',(-35.636731300846,113.606294116165,-36.9212990304376));
#2515=CARTESIAN_POINT('Ctrl Pts',(-34.0124021813589,119.478803699032,-34.8646873339441));
#2516=CARTESIAN_POINT('Ctrl Pts',(-28.5613727445023,125.812595815825,-32.6421208656634));
#2517=CARTESIAN_POINT('Ctrl Pts',(-24.4023007713645,128.135395647952,-31.8261078392381));
#2518=CARTESIAN_POINT('Ctrl Pts',(-22.1859241677543,128.901750693564,-31.5567738852484));
#2519=CARTESIAN_POINT('Ctrl Pts',(-35.6495122307728,110.,-37.9452598852842));
#2520=CARTESIAN_POINT('Ctrl Pts',(-35.6495122307728,113.532550553965,-36.7008967815242));
#2521=CARTESIAN_POINT('Ctrl Pts',(-34.0488793499508,119.411828545842,-34.6298842091413));
#2522=CARTESIAN_POINT('Ctrl Pts',(-28.6074794108191,125.778508845736,-32.3871811147067));
#2523=CARTESIAN_POINT('Ctrl Pts',(-24.4382096124573,128.119188228885,-31.5626621113331));
#2524=CARTESIAN_POINT('Ctrl Pts',(-22.2136301550223,128.892124175871,-31.2903905728776));
#2525=CARTESIAN_POINT('Origin',(-15.6495122307728,110.,-37.9452598852842));
#2526=CARTESIAN_POINT('Origin',(-15.6495122307728,110.318060697071,-38.8933302376201));
#2527=CARTESIAN_POINT('Origin',(-40.6495122307728,30.,-65.8386073573897));
#2528=CARTESIAN_POINT('',(-28.4651871019884,30.,-65.8386073573896));
#2529=CARTESIAN_POINT('',(-40.6495122307728,30.,-65.8386073573896));
#2530=CARTESIAN_POINT('',(-39.6495122307728,47.3180606970714,-60.0287068118628));
#2531=CARTESIAN_POINT('Origin',(-20.6495122307728,47.3180606970714,-60.0287068118628));
#2532=CARTESIAN_POINT('',(-39.6495122307728,113.318060697071,-37.8868837340848));
#2533=CARTESIAN_POINT('',(-39.6495122307728,80.,-49.0644989651336));
#2534=CARTESIAN_POINT('',(-29.518920082348,130.120846310249,-32.2498487907391));
#2535=CARTESIAN_POINT('Origin',(-20.6495122307728,113.318060697071,-37.8868837340848));
#2536=CARTESIAN_POINT('Ctrl Pts',(-29.1347936050113,130.,-32.2903905728775));
#2537=CARTESIAN_POINT('Ctrl Pts',(-29.2108019047287,130.,-32.2903905728775));
#2538=CARTESIAN_POINT('Ctrl Pts',(-29.3018226431002,130.005567193726,-32.2885228786577));
#2539=CARTESIAN_POINT('Ctrl Pts',(-29.4103836433493,130.035722666964,-32.2784062551233));
#2540=CARTESIAN_POINT('Ctrl Pts',(-29.4512018513939,130.05261995859,-32.2727375150979));
#2541=CARTESIAN_POINT('Ctrl Pts',(-29.4901058275085,130.083635671799,-32.2623322963932));
#2542=CARTESIAN_POINT('Ctrl Pts',(-29.5013624431419,130.09501761361,-32.2585138578801));
#2543=CARTESIAN_POINT('Ctrl Pts',(-29.5125672186744,130.110258337206,-32.2534008668886));
#2544=CARTESIAN_POINT('Ctrl Pts',(-29.5159329296901,130.115438800543,-32.2516629138179));
#2545=CARTESIAN_POINT('Ctrl Pts',(-29.5189200823481,130.120846310249,-32.2498487907391));
#2546=CARTESIAN_POINT('Origin',(-40.6495122307728,30.,-65.8386073573896));
#2547=CARTESIAN_POINT('',(18.,30.,-65.8386073573896));
#2548=CARTESIAN_POINT('',(5.46696099308217,30.,-65.8386073573896));
#2549=CARTESIAN_POINT('',(18.,28.,-65.8386073573896));
#2550=CARTESIAN_POINT('',(18.,30.,-65.8386073573896));
#2551=CARTESIAN_POINT('',(-20.6495122307728,28.,-65.8386073573896));
#2552=CARTESIAN_POINT('',(-25.4871341730796,28.,-65.8386073573896));
#2553=CARTESIAN_POINT('',(-28.863848814439,29.8674381807553,-65.8386073573896));
#2554=CARTESIAN_POINT('Origin',(-20.6495122307728,47.,-65.8386073573896));
#2555=CARTESIAN_POINT('Ctrl Pts',(-28.4651871019884,30.,-65.8386073573897));
#2556=CARTESIAN_POINT('Ctrl Pts',(-28.517273753722,30.,-65.8386073573897));
#2557=CARTESIAN_POINT('Ctrl Pts',(-28.5676308415026,29.99764430331,-65.8385844607141));
#2558=CARTESIAN_POINT('Ctrl Pts',(-28.6142500709716,29.9919858776931,-65.8385491827427));
#2559=CARTESIAN_POINT('Ctrl Pts',(-28.6569065301163,29.9868084347388,-65.8385169035017));
#2560=CARTESIAN_POINT('Ctrl Pts',(-28.6964341841627,29.9788640193131,-65.8384745130211));
#2561=CARTESIAN_POINT('Ctrl Pts',(-28.7312579223022,29.9674158403986,-65.8384316376783));
#2562=CARTESIAN_POINT('Ctrl Pts',(-28.7550385024387,29.9595980600385,-65.8384023587846));
#2563=CARTESIAN_POINT('Ctrl Pts',(-28.7789079985429,29.94939304413,-65.8383706278391));
#2564=CARTESIAN_POINT('Ctrl Pts',(-28.8002686537282,29.9358772266664,-65.8383411358982));
#2565=CARTESIAN_POINT('Ctrl Pts',(-28.8067303474658,29.9317886314288,-65.8383322144541));
#2566=CARTESIAN_POINT('Ctrl Pts',(-28.8129621229053,29.9273970282649,-65.8383235532831));
#2567=CARTESIAN_POINT('Ctrl Pts',(-28.8188910926138,29.9226768822814,-65.8383155423019));
#2568=CARTESIAN_POINT('Ctrl Pts',(-28.8354207245042,29.9095173825011,-65.8382932081396));
#2569=CARTESIAN_POINT('Ctrl Pts',(-28.8494362369145,29.8939418966439,-65.8382751450129));
#2570=CARTESIAN_POINT('Ctrl Pts',(-28.8596726294515,29.8754655655185,-65.8382647537985));
#2571=CARTESIAN_POINT('Ctrl Pts',(-28.8611101633589,29.8728708670072,-65.8382632945224));
#2572=CARTESIAN_POINT('Ctrl Pts',(-28.8624584257812,29.8702455150863,-65.838262000089));
#2573=CARTESIAN_POINT('Ctrl Pts',(-28.863719133031,29.8675905375502,-65.8382608630417));
#2574=CARTESIAN_POINT('Origin',(-10.3247561153864,30.,-48.3386073573897));
#2575=CARTESIAN_POINT('',(-15.6495122307728,30.,-39.9515531612616));
#2576=CARTESIAN_POINT('',(12.,30.,-30.8386073573897));
#2577=CARTESIAN_POINT('',(22.9669609930822,30.,-30.8386073573897));
#2578=CARTESIAN_POINT('Origin',(12.,30.,-39.2033210318234));
#2579=CARTESIAN_POINT('Origin',(18.,30.,-63.7474289387812));
#2580=CARTESIAN_POINT('Origin',(-15.6495122307728,50.,-39.9515531612616));
#2581=CARTESIAN_POINT('',(-35.6495122307728,50.,-39.9515531612616));
#2582=CARTESIAN_POINT('Origin',(-20.6495122307728,113.,-31.2903905728775));
#2583=CARTESIAN_POINT('',(-29.9177231703857,130.722874089121,-31.2903905728775));
#2584=CARTESIAN_POINT('Origin',(-20.6495122307728,113.,-31.2903905728775));
#2585=CARTESIAN_POINT('Ctrl Pts',(-29.5189169008074,130.12084263823,-32.2498500226361));
#2586=CARTESIAN_POINT('Ctrl Pts',(-29.5392033271687,130.157565648476,-32.2375305926855));
#2587=CARTESIAN_POINT('Ctrl Pts',(-29.559219330807,130.193277799216,-32.2223884234625));
#2588=CARTESIAN_POINT('Ctrl Pts',(-29.578853317222,130.22782437332,-32.2046580873716));
#2589=CARTESIAN_POINT('Ctrl Pts',(-29.5989594540381,130.263201709882,-32.1865013791154));
#2590=CARTESIAN_POINT('Ctrl Pts',(-29.6186654848571,130.297357547698,-32.1656300094186));
#2591=CARTESIAN_POINT('Ctrl Pts',(-29.6378514108059,130.330106392131,-32.1422445653814));
#2592=CARTESIAN_POINT('Ctrl Pts',(-29.6556310029338,130.360454736967,-32.1205732810336));
#2593=CARTESIAN_POINT('Ctrl Pts',(-29.6729642681039,130.389595081733,-32.0967420143786));
#2594=CARTESIAN_POINT('Ctrl Pts',(-29.689749743147,130.417356216068,-32.070878717007));
#2595=CARTESIAN_POINT('Ctrl Pts',(-29.7078510262449,130.447293536901,-32.0429880039731));
#2596=CARTESIAN_POINT('Ctrl Pts',(-29.725197752078,130.475432231877,-32.0129163134887));
#2597=CARTESIAN_POINT('Ctrl Pts',(-29.7416786232237,130.501594525573,-31.9808732570783));
#2598=CARTESIAN_POINT('Ctrl Pts',(-29.7580137512682,130.527525461729,-31.949113562777));
#2599=CARTESIAN_POINT('Ctrl Pts',(-29.7734987605053,130.551515475515,-31.915416445335));
#2600=CARTESIAN_POINT('Ctrl Pts',(-29.7880165066301,130.573359512619,-31.8799482531875));
#2601=CARTESIAN_POINT('Ctrl Pts',(-29.7968036274416,130.586580999714,-31.8584805069763));
#2602=CARTESIAN_POINT('Ctrl Pts',(-29.8052361908538,130.599015649057,-31.8363632510626));
#2603=CARTESIAN_POINT('Ctrl Pts',(-29.8132854904225,130.610610617747,-31.8136283163738));
#2604=CARTESIAN_POINT('Ctrl Pts',(-29.8176083196527,130.616837627831,-31.8014186527403));
#2605=CARTESIAN_POINT('Ctrl Pts',(-29.8218205663229,130.622822350809,-31.7890307784135));
#2606=CARTESIAN_POINT('Ctrl Pts',(-29.8259199545071,130.6285622605,-31.7764742982034));
#2607=CARTESIAN_POINT('Ctrl Pts',(-29.8385709616059,130.646276035089,-31.7377240961886));
#2608=CARTESIAN_POINT('Ctrl Pts',(-29.8500814848708,130.661568548474,-31.6975739511338));
#2609=CARTESIAN_POINT('Ctrl Pts',(-29.8604065292506,130.674413291515,-31.65633470506));
#2610=CARTESIAN_POINT('Ctrl Pts',(-29.8696122131212,130.685865508037,-31.6195662953124));
#2611=CARTESIAN_POINT('Ctrl Pts',(-29.8778754714033,130.695371444842,-31.5819310959944));
#2612=CARTESIAN_POINT('Ctrl Pts',(-29.8851518053,130.702882543064,-31.5436362832723));
#2613=CARTESIAN_POINT('Ctrl Pts',(-29.893320400246,130.711314690331,-31.5006455659549));
#2614=CARTESIAN_POINT('Ctrl Pts',(-29.9002119131368,130.717198911611,-31.4570004765061));
#2615=CARTESIAN_POINT('Ctrl Pts',(-29.9057736538462,130.720486294483,-31.4129998443963));
#2616=CARTESIAN_POINT('Ctrl Pts',(-29.9107233966277,130.723411943212,-31.3738409151069));
#2617=CARTESIAN_POINT('Ctrl Pts',(-29.914619806907,130.724280294737,-31.3343995340028));
#2618=CARTESIAN_POINT('Ctrl Pts',(-29.917410744585,130.723025817637,-31.2948821085799));
#2619=CARTESIAN_POINT('Ctrl Pts',(-29.9175164835544,130.722978289841,-31.293384930097));
#2620=CARTESIAN_POINT('Ctrl Pts',(-29.9176206263833,130.722927714704,-31.2918877477582));
#2621=CARTESIAN_POINT('Ctrl Pts',(-29.9177231703857,130.722874089121,-31.2903905728775));
#2622=CARTESIAN_POINT('Ctrl Pts',(-29.4543126232505,29.8452089181828,-30.8905370050808));
#2623=CARTESIAN_POINT('Ctrl Pts',(-32.0735215504691,31.2149292417469,-30.4310202615899));
#2624=CARTESIAN_POINT('Ctrl Pts',(-37.4310045143771,35.8611327103892,-28.8723018496803));
#2625=CARTESIAN_POINT('Ctrl Pts',(-39.6495122307728,42.7409548417777,-26.5642442066533));
#2626=CARTESIAN_POINT('Ctrl Pts',(-39.6495122307728,46.6819393029287,-25.2421141961824));
#2627=CARTESIAN_POINT('Ctrl Pts',(-29.5725376204733,29.642006586772,-30.9587077637336));
#2628=CARTESIAN_POINT('Ctrl Pts',(-32.2283720940199,31.0258699815037,-30.4943339293086));
#2629=CARTESIAN_POINT('Ctrl Pts',(-37.6654997279325,35.7209632751027,-28.9193504528751));
#2630=CARTESIAN_POINT('Ctrl Pts',(-39.935873034831,42.6850960108703,-26.583530032589));
#2631=CARTESIAN_POINT('Ctrl Pts',(-39.9487115311147,46.6819393029287,-25.2421141961824));
#2632=CARTESIAN_POINT('Ctrl Pts',(-29.7784072408028,29.3405549367263,-31.2335858776645));
#2633=CARTESIAN_POINT('Ctrl Pts',(-32.4976763324313,30.7513163788538,-30.7670704243655));
#2634=CARTESIAN_POINT('Ctrl Pts',(-38.0733278989411,35.5389872422731,-29.1839880165736));
#2635=CARTESIAN_POINT('Ctrl Pts',(-40.4332679702625,42.6614590319587,-26.8322040288398));
#2636=CARTESIAN_POINT('Ctrl Pts',(-40.4665431762929,46.7618584195604,-25.4803358493482));
#2637=CARTESIAN_POINT('Ctrl Pts',(-29.8927321066825,29.2640567862642,-31.6572040388514));
#2638=CARTESIAN_POINT('Ctrl Pts',(-32.6441656462319,30.6979475593004,-31.1956017894996));
#2639=CARTESIAN_POINT('Ctrl Pts',(-38.2783340829703,35.5629271648173,-29.6295899087272));
#2640=CARTESIAN_POINT('Ctrl Pts',(-40.634568267724,42.7830256944785,-27.3084258386117));
#2641=CARTESIAN_POINT('Ctrl Pts',(-40.6495122307728,46.9286273464775,-25.977438058948));
#2642=CARTESIAN_POINT('Ctrl Pts',(-29.917723170223,29.2771259107939,-31.8386073574168));
#2643=CARTESIAN_POINT('Ctrl Pts',(-32.6747851988742,30.7189367777034,-31.3790906139259));
#2644=CARTESIAN_POINT('Ctrl Pts',(-38.3142409503563,35.6096772710111,-29.8203722020163));
#2645=CARTESIAN_POINT('Ctrl Pts',(-40.6495122307728,42.8515953040516,-27.5123145589893));
#2646=CARTESIAN_POINT('Ctrl Pts',(-40.6495122307728,47.,-26.1901845485184));
#2647=CARTESIAN_POINT('',(-40.6495122307728,47.,-26.1901845485184));
#2648=CARTESIAN_POINT('Origin',(-39.6495122307728,47.,-26.1901845485184));
#2649=CARTESIAN_POINT('',(-29.917723170223,29.2771259107939,-31.8386073573896));
#2650=CARTESIAN_POINT('Origin',(-20.6495122307728,47.,-26.1901845485184));
#2651=CARTESIAN_POINT('Ctrl Pts',(-29.917723170223,29.2771259107939,-31.8386073574168));
#2652=CARTESIAN_POINT('Ctrl Pts',(-29.9176206262191,29.2770722852107,-31.8371101825127));
#2653=CARTESIAN_POINT('Ctrl Pts',(-29.9175164838187,29.2770217096266,-31.8356129998275));
#2654=CARTESIAN_POINT('Ctrl Pts',(-29.9174107453055,29.2769741807386,-31.8341158206052));
#2655=CARTESIAN_POINT('Ctrl Pts',(-29.9142998065297,29.2755758306386,-31.7900672260565));
#2656=CARTESIAN_POINT('Ctrl Pts',(-29.909817472385,29.2768144730707,-31.7461335534682));
#2657=CARTESIAN_POINT('Ctrl Pts',(-29.9040383039314,29.2805946900025,-31.702599965847));
#2658=CARTESIAN_POINT('Ctrl Pts',(-29.8982013203016,29.2844127244698,-31.6586308653911));
#2659=CARTESIAN_POINT('Ctrl Pts',(-29.891041162469,29.2908235552857,-31.6150687556555));
#2660=CARTESIAN_POINT('Ctrl Pts',(-29.8826119078978,29.2997756417648,-31.5722127967337));
#2661=CARTESIAN_POINT('Ctrl Pts',(-29.879783281997,29.302779715668,-31.5578315161134));
#2662=CARTESIAN_POINT('Ctrl Pts',(-29.8768115741685,29.3060703363837,-31.5435298749862));
#2663=CARTESIAN_POINT('Ctrl Pts',(-29.8736983415779,29.3096466870259,-31.5293196612911));
#2664=CARTESIAN_POINT('Ctrl Pts',(-29.8644406589606,29.320281523393,-31.4870633747829));
#2665=CARTESIAN_POINT('Ctrl Pts',(-29.8539798946274,29.3333858726269,-31.4458281876133));
#2666=CARTESIAN_POINT('Ctrl Pts',(-29.8423788426201,29.3488921323253,-31.405905602939));
#2667=CARTESIAN_POINT('Ctrl Pts',(-29.8333643077269,29.3609411877925,-31.3748839738361));
#2668=CARTESIAN_POINT('Ctrl Pts',(-29.8236607722331,29.3744414782503,-31.3446548213121));
#2669=CARTESIAN_POINT('Ctrl Pts',(-29.8132899809104,29.3893797464809,-31.3153634941437));
#2670=CARTESIAN_POINT('Ctrl Pts',(-29.8059060919132,29.4000156286421,-31.2945083923812));
#2671=CARTESIAN_POINT('Ctrl Pts',(-29.7981837938162,29.4113808379308,-31.2741288863342));
#2672=CARTESIAN_POINT('Ctrl Pts',(-29.7901417279018,29.4234431577323,-31.2542561326084));
#2673=CARTESIAN_POINT('Ctrl Pts',(-29.7756862218434,29.4451250164519,-31.2185351232384));
#2674=CARTESIAN_POINT('Ctrl Pts',(-29.7602815799886,29.4689324825024,-31.18465444138));
#2675=CARTESIAN_POINT('Ctrl Pts',(-29.7440557422826,29.4946340447561,-31.1527581563909));
#2676=CARTESIAN_POINT('Ctrl Pts',(-29.7276587314875,29.5206067434456,-31.1205253842674));
#2677=CARTESIAN_POINT('Ctrl Pts',(-29.7104226135127,29.5485144064796,-31.0903183412916));
#2678=CARTESIAN_POINT('Ctrl Pts',(-29.6924659299577,29.578157402908,-31.062318306039));
#2679=CARTESIAN_POINT('Ctrl Pts',(-29.6759227577981,29.6054669665997,-31.0365223731633));
#2680=CARTESIAN_POINT('Ctrl Pts',(-29.6587675432375,29.6342502819094,-31.012599569194));
#2681=CARTESIAN_POINT('Ctrl Pts',(-29.6410885120925,29.6643725622539,-30.9907242014815));
#2682=CARTESIAN_POINT('Ctrl Pts',(-29.6216086001898,29.697563259335,-30.9666204917034));
#2683=CARTESIAN_POINT('Ctrl Pts',(-29.6016020245623,29.7321918479309,-30.9451379222399));
#2684=CARTESIAN_POINT('Ctrl Pts',(-29.5811981251989,29.7680529942285,-30.9264693974591));
#2685=CARTESIAN_POINT('Ctrl Pts',(-29.5607942258355,29.8039141405261,-30.9078008726782));
#2686=CARTESIAN_POINT('Ctrl Pts',(-29.5399924355355,29.8410086786445,-30.8919456026542));
#2687=CARTESIAN_POINT('Ctrl Pts',(-29.5189193839272,29.879155753224,-30.8791484472697));
#2688=CARTESIAN_POINT('Origin',(-20.6495122307728,47.,-64.8386073573897));
#2689=CARTESIAN_POINT('',(-20.6495122307728,27.,-64.8386073573897));
#2690=CARTESIAN_POINT('Origin',(-20.6495122307728,28.,-64.8386073573897));
#2691=CARTESIAN_POINT('',(-29.2284386828827,28.9334004049105,-64.8386073573897));
#2692=CARTESIAN_POINT('Origin',(-20.6495122307728,47.,-64.8386073573897));
#2693=CARTESIAN_POINT('Ctrl Pts',(-29.2284118239637,28.9334301844457,-64.8385978664118));
#2694=CARTESIAN_POINT('Ctrl Pts',(-29.2285114937432,28.9334775627272,-64.8401356270408));
#2695=CARTESIAN_POINT('Ctrl Pts',(-29.2286095412396,28.9335283256277,-64.8416733228994));
#2696=CARTESIAN_POINT('Ctrl Pts',(-29.2287059687721,28.9335824668325,-64.8432109432884));
#2697=CARTESIAN_POINT('Ctrl Pts',(-29.2314445162776,28.935120080183,-64.886879451358));
#2698=CARTESIAN_POINT('Ctrl Pts',(-29.2328695570661,28.9393734296603,-64.9303455969748));
#2699=CARTESIAN_POINT('Ctrl Pts',(-29.2330470380144,28.9461708120475,-64.9733682081758));
#2700=CARTESIAN_POINT('Ctrl Pts',(-29.2332298209925,28.9531712580581,-65.017676068141));
#2701=CARTESIAN_POINT('Ctrl Pts',(-29.2320894325598,28.9628702792334,-65.0615145536108));
#2702=CARTESIAN_POINT('Ctrl Pts',(-29.2296732369152,28.9751305352792,-65.1046173641126));
#2703=CARTESIAN_POINT('Ctrl Pts',(-29.2272570412707,28.9873907913249,-65.1477201746144));
#2704=CARTESIAN_POINT('Ctrl Pts',(-29.2235649748337,29.0022127852051,-65.1900884071489));
#2705=CARTESIAN_POINT('Ctrl Pts',(-29.2186204498028,29.0195024094303,-65.2314366386836));
#2706=CARTESIAN_POINT('Ctrl Pts',(-29.2137027119312,29.0366983664343,-65.2725608645433));
#2707=CARTESIAN_POINT('Ctrl Pts',(-29.2075779387772,29.0562231108016,-65.3124080389798));
#2708=CARTESIAN_POINT('Ctrl Pts',(-29.2002946729207,29.0779337257922,-65.3507212277378));
#2709=CARTESIAN_POINT('Ctrl Pts',(-29.1931187029257,29.0993245036124,-65.3884699929692));
#2710=CARTESIAN_POINT('Ctrl Pts',(-29.1848179918501,29.1228378116349,-65.4247305872943));
#2711=CARTESIAN_POINT('Ctrl Pts',(-29.1754166254585,29.1483752929736,-65.4592356299778));
#2712=CARTESIAN_POINT('Ctrl Pts',(-29.1666079911301,29.1723027015449,-65.4915652181273));
#2713=CARTESIAN_POINT('Ctrl Pts',(-29.1568328786668,29.1980077355758,-65.5223541203909));
#2714=CARTESIAN_POINT('Ctrl Pts',(-29.1460941961837,29.2254342704987,-65.5513536251585));
#2715=CARTESIAN_POINT('Ctrl Pts',(-29.1457257370048,29.2263753131783,-65.5523486386281));
#2716=CARTESIAN_POINT('Ctrl Pts',(-29.1453562175349,29.2273181915509,-65.5533413379484));
#2717=CARTESIAN_POINT('Ctrl Pts',(-29.144985638994,29.2282629014561,-65.5543317150579));
#2718=CARTESIAN_POINT('Ctrl Pts',(-29.1335161703124,29.2575018332145,-65.5849840545331));
#2719=CARTESIAN_POINT('Ctrl Pts',(-29.1210341697065,29.2884921959733,-65.6134146657774));
#2720=CARTESIAN_POINT('Ctrl Pts',(-29.1076687698225,29.320959831301,-65.6395305365987));
#2721=CARTESIAN_POINT('Ctrl Pts',(-29.0941112746681,29.353894110294,-65.6660217598458));
#2722=CARTESIAN_POINT('Ctrl Pts',(-29.0796444598722,29.3883493620508,-65.6901318412209));
#2723=CARTESIAN_POINT('Ctrl Pts',(-29.0643818990744,29.4240684257935,-65.7117243304376));
#2724=CARTESIAN_POINT('Ctrl Pts',(-29.050649293281,29.4562069265463,-65.731152337732));
#2725=CARTESIAN_POINT('Ctrl Pts',(-29.0362720092932,29.4893694495125,-65.7485419736533));
#2726=CARTESIAN_POINT('Ctrl Pts',(-29.0213219616244,29.5233787318142,-65.7637609276817));
#2727=CARTESIAN_POINT('Ctrl Pts',(-29.0047092594497,29.5611703222204,-65.7806724423661));
#2728=CARTESIAN_POINT('Ctrl Pts',(-28.9874984544916,29.5997602124379,-65.7947936020955));
#2729=CARTESIAN_POINT('Ctrl Pts',(-28.9698015884344,29.6388841352673,-65.8060038829909));
#2730=CARTESIAN_POINT('Ctrl Pts',(-28.96790596494,29.6430749466273,-65.8072046872337));
#2731=CARTESIAN_POINT('Ctrl Pts',(-28.9660047484398,29.647271902807,-65.8083720491106));
#2732=CARTESIAN_POINT('Ctrl Pts',(-28.9640980657037,29.6514746900855,-65.8095057886662));
#2733=CARTESIAN_POINT('Ctrl Pts',(-28.9462835578398,29.6907421495338,-65.8200985379713));
#2734=CARTESIAN_POINT('Ctrl Pts',(-28.9279927908116,29.7305182776988,-65.8277604540855));
#2735=CARTESIAN_POINT('Ctrl Pts',(-28.9093538533041,29.7705473791388,-65.8325032129631));
#2736=CARTESIAN_POINT('Ctrl Pts',(-28.8943471857733,29.8027757943382,-65.8363217249156));
#2737=CARTESIAN_POINT('Ctrl Pts',(-28.8791144541579,29.8351686093176,-65.8382469936725));
#2738=CARTESIAN_POINT('Ctrl Pts',(-28.863719133031,29.8675905375502,-65.8382608630417));
#2739=CARTESIAN_POINT('Origin',(-25.4871341730796,28.,-64.8386073573897));
#2740=CARTESIAN_POINT('',(18.,27.,-64.8386073573897));
#2741=CARTESIAN_POINT('Origin',(18.,28.,-64.8386073573897));
#2742=CARTESIAN_POINT('',(-25.4871341730796,27.,-64.8386073573897));
#2743=CARTESIAN_POINT('Ctrl Pts',(18.,28.,-65.8386073573896));
#2744=CARTESIAN_POINT('Ctrl Pts',(18.2458886440123,28.,-65.8386073573896));
#2745=CARTESIAN_POINT('Ctrl Pts',(18.7361070726449,28.,-65.7423386626865));
#2746=CARTESIAN_POINT('Ctrl Pts',(19.6823251049931,28.,-65.1309682439704));
#2747=CARTESIAN_POINT('Ctrl Pts',(20.,28.,-64.3240520084067));
#2748=CARTESIAN_POINT('Ctrl Pts',(20.,28.,-63.7474289387812));
#2749=CARTESIAN_POINT('Ctrl Pts',(18.,27.7008006996581,-65.8386073573896));
#2750=CARTESIAN_POINT('Ctrl Pts',(18.246299467246,27.7008006996581,-65.8386073573896));
#2751=CARTESIAN_POINT('Ctrl Pts',(18.736511801195,27.7008006996581,-65.7429903311906));
#2752=CARTESIAN_POINT('Ctrl Pts',(19.6842437891231,27.7008006996581,-65.1306182875193));
#2753=CARTESIAN_POINT('Ctrl Pts',(20.,27.7008006996581,-64.3248948098305));
#2754=CARTESIAN_POINT('Ctrl Pts',(20.,27.7008006996581,-63.7474289387812));
#2755=CARTESIAN_POINT('Ctrl Pts',(18.,27.1829680774093,-65.5873381551147));
#2756=CARTESIAN_POINT('Ctrl Pts',(18.2134868325532,27.1829680774093,-65.5873381551147));
#2757=CARTESIAN_POINT('Ctrl Pts',(18.639262799153,27.1829680774093,-65.5035575985586));
#2758=CARTESIAN_POINT('Ctrl Pts',(19.4657848261034,27.1829680774093,-64.9707493893928));
#2759=CARTESIAN_POINT('Ctrl Pts',(19.748730797725,27.1829680774093,-64.2575798846418));
#2760=CARTESIAN_POINT('Ctrl Pts',(19.748730797725,27.1829680774093,-63.7474289387812));
#2761=CARTESIAN_POINT('Ctrl Pts',(18.,27.,-65.0630068326461));
#2762=CARTESIAN_POINT('Ctrl Pts',(18.1461267659871,27.,-65.0630068326461));
#2763=CARTESIAN_POINT('Ctrl Pts',(18.4374248612531,27.,-65.0056882706059));
#2764=CARTESIAN_POINT('Ctrl Pts',(19.0151088126403,27.,-64.6361994767748));
#2765=CARTESIAN_POINT('Ctrl Pts',(19.2243994752564,27.,-64.1193911081521));
#2766=CARTESIAN_POINT('Ctrl Pts',(19.2243994752564,27.,-63.7474289387812));
#2767=CARTESIAN_POINT('Ctrl Pts',(18.,27.,-64.8386073573897));
#2768=CARTESIAN_POINT('Ctrl Pts',(18.1173393875774,27.,-64.8386073573897));
#2769=CARTESIAN_POINT('Ctrl Pts',(18.3510840227934,27.,-64.7926786659937));
#2770=CARTESIAN_POINT('Ctrl Pts',(18.8224227621915,27.,-64.4929864269355));
#2771=CARTESIAN_POINT('Ctrl Pts',(19.,27.,-64.0603339723211));
#2772=CARTESIAN_POINT('Ctrl Pts',(19.,27.,-63.7474289387812));
#2773=CARTESIAN_POINT('',(19.,27.,-63.7474289387812));
#2774=CARTESIAN_POINT('Origin',(19.,28.,-63.7474289387812));
#2775=CARTESIAN_POINT('Ctrl Pts',(19.,27.,-63.7474289387812));
#2776=CARTESIAN_POINT('Ctrl Pts',(19.,27.,-64.0603339723211));
#2777=CARTESIAN_POINT('Ctrl Pts',(18.8224227621915,27.,-64.4929864269355));
#2778=CARTESIAN_POINT('Ctrl Pts',(18.3510840227934,27.,-64.7926786659937));
#2779=CARTESIAN_POINT('Ctrl Pts',(18.1173393875774,27.,-64.8386073573897));
#2780=CARTESIAN_POINT('Ctrl Pts',(18.,27.,-64.8386073573897));
#2781=CARTESIAN_POINT('Ctrl Pts',(18.,28.,-65.8386073573896));
#2782=CARTESIAN_POINT('Ctrl Pts',(18.2458886440123,28.,-65.8386073573896));
#2783=CARTESIAN_POINT('Ctrl Pts',(18.7361070726449,28.,-65.7423386626865));
#2784=CARTESIAN_POINT('Ctrl Pts',(19.6823251049931,28.,-65.1309682439704));
#2785=CARTESIAN_POINT('Ctrl Pts',(20.,28.,-64.3240520084067));
#2786=CARTESIAN_POINT('Ctrl Pts',(20.,28.,-63.7474289387812));
#2787=CARTESIAN_POINT('Origin',(19.,28.,-41.6300986084307));
#2788=CARTESIAN_POINT('',(19.,27.,-39.2033210318234));
#2789=CARTESIAN_POINT('Origin',(19.,28.,-39.2033210318234));
#2790=CARTESIAN_POINT('',(19.,27.,-41.6300986084307));
#2791=CARTESIAN_POINT('Ctrl Pts',(20.,28.,-39.2033210318234));
#2792=CARTESIAN_POINT('Ctrl Pts',(20.,28.,-37.3833642659293));
#2793=CARTESIAN_POINT('Ctrl Pts',(19.0299580974085,28.,-34.3463810223011));
#2794=CARTESIAN_POINT('Ctrl Pts',(15.7027594327236,28.,-31.4553624842093));
#2795=CARTESIAN_POINT('Ctrl Pts',(13.2361404749028,28.,-30.8386073573897));
#2796=CARTESIAN_POINT('Ctrl Pts',(12.,28.,-30.8386073573897));
#2797=CARTESIAN_POINT('Ctrl Pts',(20.,27.7008006996581,-39.2033210318234));
#2798=CARTESIAN_POINT('Ctrl Pts',(20.,27.7008006996581,-37.3826992465108));
#2799=CARTESIAN_POINT('Ctrl Pts',(19.0312181210302,27.7008006996581,-34.3465973434122));
#2800=CARTESIAN_POINT('Ctrl Pts',(15.7029599799437,27.7008006996581,-31.4545590435485));
#2801=CARTESIAN_POINT('Ctrl Pts',(13.236656801337,27.7008006996581,-30.8386073573897));
#2802=CARTESIAN_POINT('Ctrl Pts',(12.,27.7008006996581,-30.8386073573897));
#2803=CARTESIAN_POINT('Ctrl Pts',(19.7487527600051,27.1829417257704,-39.2033210318234));
#2804=CARTESIAN_POINT('Ctrl Pts',(19.7487527600051,27.1829417257704,-37.4358146437245));
#2805=CARTESIAN_POINT('Ctrl Pts',(18.8055251641654,27.1829417257704,-34.4863625294874));
#2806=CARTESIAN_POINT('Ctrl Pts',(15.5812223440639,27.1829417257704,-31.6862701243809));
#2807=CARTESIAN_POINT('Ctrl Pts',(13.1954175790105,27.1829417257704,-31.0898545973845));
#2808=CARTESIAN_POINT('Ctrl Pts',(12.,27.1829417257704,-31.0898545973845));
#2809=CARTESIAN_POINT('Ctrl Pts',(19.2243994752564,27.,-39.2033210318234));
#2810=CARTESIAN_POINT('Ctrl Pts',(19.2243994752564,27.,-37.5448536381696));
#2811=CARTESIAN_POINT('Ctrl Pts',(18.3379386343777,27.,-34.7786423473861));
#2812=CARTESIAN_POINT('Ctrl Pts',(15.3277024646017,27.,-32.1676611715736));
#2813=CARTESIAN_POINT('Ctrl Pts',(13.1107588252392,27.,-31.6142078821333));
#2814=CARTESIAN_POINT('Ctrl Pts',(12.,27.,-31.6142078821333));
#2815=CARTESIAN_POINT('Ctrl Pts',(19.,27.,-39.2033210318234));
#2816=CARTESIAN_POINT('Ctrl Pts',(19.,27.,-37.5914531585459));
#2817=CARTESIAN_POINT('Ctrl Pts',(18.1379544673134,27.,-34.9037457762995));
#2818=CARTESIAN_POINT('Ctrl Pts',(15.2192268006531,27.,-32.3735971488579));
#2819=CARTESIAN_POINT('Ctrl Pts',(13.074578582185,27.,-31.8386073573897));
#2820=CARTESIAN_POINT('Ctrl Pts',(12.,27.,-31.8386073573897));
#2821=CARTESIAN_POINT('',(12.,28.,-30.8386073573897));
#2822=CARTESIAN_POINT('',(12.,27.,-31.8386073573897));
#2823=CARTESIAN_POINT('Origin',(12.,28.,-31.8386073573897));
#2824=CARTESIAN_POINT('Ctrl Pts',(12.,27.,-31.8386073573897));
#2825=CARTESIAN_POINT('Ctrl Pts',(13.074578582185,27.,-31.8386073573897));
#2826=CARTESIAN_POINT('Ctrl Pts',(15.2192268006531,27.,-32.3735971488579));
#2827=CARTESIAN_POINT('Ctrl Pts',(18.1379544673134,27.,-34.9037457762995));
#2828=CARTESIAN_POINT('Ctrl Pts',(19.,27.,-37.5914531585459));
#2829=CARTESIAN_POINT('Ctrl Pts',(19.,27.,-39.2033210318234));
#2830=CARTESIAN_POINT('Ctrl Pts',(20.,28.,-39.2033210318234));
#2831=CARTESIAN_POINT('Ctrl Pts',(20.,28.,-37.3833642659293));
#2832=CARTESIAN_POINT('Ctrl Pts',(19.0299580974085,28.,-34.3463810223011));
#2833=CARTESIAN_POINT('Ctrl Pts',(15.7027594327236,28.,-31.4553624842093));
#2834=CARTESIAN_POINT('Ctrl Pts',(13.2361404749028,28.,-30.8386073573897));
#2835=CARTESIAN_POINT('Ctrl Pts',(12.,28.,-30.8386073573897));
#2836=CARTESIAN_POINT('Origin',(0.8376219423068,28.,-31.8386073573897));
#2837=CARTESIAN_POINT('',(-20.6495122307728,28.,-30.8386073573897));
#2838=CARTESIAN_POINT('',(-20.6495122307728,27.,-31.8386073573897));
#2839=CARTESIAN_POINT('Origin',(-20.6495122307728,28.,-31.8386073573897));
#2840=CARTESIAN_POINT('',(0.8376219423068,27.,-31.8386073573897));
#2841=CARTESIAN_POINT('',(0.8376219423068,28.,-30.8386073573897));
#2842=CARTESIAN_POINT('Origin',(-20.6495122307728,47.,-31.8386073573896));
#2843=CARTESIAN_POINT('Origin',(-20.6495122307728,47.,-31.8386073573896));
#2844=CARTESIAN_POINT('Origin',(-20.6495122307728,47.,-30.8386073573897));
#2845=CARTESIAN_POINT('Ctrl Pts',(-29.454312623405,130.154791081736,-32.2384609252135));
#2846=CARTESIAN_POINT('Ctrl Pts',(-32.9465911929837,128.328497316968,-32.8511499165402));
#2847=CARTESIAN_POINT('Ctrl Pts',(-38.014452088092,123.174099023896,-34.5803586298369));
#2848=CARTESIAN_POINT('Ctrl Pts',(-39.6495122307728,116.27379904291,-36.89528622624));
#2849=CARTESIAN_POINT('Ctrl Pts',(-39.6495122307728,113.318060697071,-37.8868837340848));
#2850=CARTESIAN_POINT('Ctrl Pts',(-29.57253762063,130.357993413146,-32.1702901665609));
#2851=CARTESIAN_POINT('Ctrl Pts',(-33.1136502519787,128.512842220154,-32.7894552791333));
#2852=CARTESIAN_POINT('Ctrl Pts',(-38.2592482897623,123.303926122043,-34.5363570902443));
#2853=CARTESIAN_POINT('Ctrl Pts',(-39.939082658902,116.31569316609,-36.8808218567883));
#2854=CARTESIAN_POINT('Ctrl Pts',(-39.9487115311147,113.318060697071,-37.8868837340848));
#2855=CARTESIAN_POINT('Ctrl Pts',(-29.7783996492765,130.65942625926,-31.8953992741789));
#2856=CARTESIAN_POINT('Ctrl Pts',(-33.4040917714002,128.778411003073,-32.5174198785833));
#2857=CARTESIAN_POINT('Ctrl Pts',(-38.6855470797205,123.466282204412,-34.2739081726695));
#2858=CARTESIAN_POINT('Ctrl Pts',(-40.4415470225464,116.313430584322,-36.6347295384004));
#2859=CARTESIAN_POINT('Ctrl Pts',(-40.466503427069,113.238131043646,-37.6486306730106));
#2860=CARTESIAN_POINT('Ctrl Pts',(-29.8927321068448,130.735943213651,-31.471793891443));
#2861=CARTESIAN_POINT('Ctrl Pts',(-33.561310159529,128.824088849586,-32.0872635572511));
#2862=CARTESIAN_POINT('Ctrl Pts',(-38.8941308665251,123.426624109519,-33.8246698487922));
#2863=CARTESIAN_POINT('Ctrl Pts',(-40.6383042584863,116.180573892496,-36.1533190365798));
#2864=CARTESIAN_POINT('Ctrl Pts',(-40.6495122307728,113.071372653523,-37.1515598713192));
#2865=CARTESIAN_POINT('Ctrl Pts',(-29.9177231703857,130.722874089121,-31.2903905728775));
#2866=CARTESIAN_POINT('Ctrl Pts',(-33.5938058752053,128.800459599891,-31.9030795642042));
#2867=CARTESIAN_POINT('Ctrl Pts',(-38.9283962911088,123.374777186132,-33.6322882775009));
#2868=CARTESIAN_POINT('Ctrl Pts',(-40.6495122307728,116.111303521935,-35.947215873904));
#2869=CARTESIAN_POINT('Ctrl Pts',(-40.6495122307728,113.,-36.9388133817488));
#2870=CARTESIAN_POINT('',(-40.6495122307728,113.,-36.9388133817488));
#2871=CARTESIAN_POINT('Origin',(-39.6495122307728,113.,-36.9388133817488));
#2872=CARTESIAN_POINT('Origin',(-20.6495122307728,113.,-36.9388133817488));
#2873=CARTESIAN_POINT('Origin',(-39.6495122307728,79.6819393029286,-48.1164286127976));
#2874=CARTESIAN_POINT('',(-40.6495122307728,47.,-59.0806364595268));
#2875=CARTESIAN_POINT('Origin',(-39.6495122307728,47.,-59.0806364595268));
#2876=CARTESIAN_POINT('',(-40.6495122307728,79.6819393029286,-48.1164286127976));
#2877=CARTESIAN_POINT('Ctrl Pts',(-39.6495122307728,47.3180606970714,-60.0287068118628));
#2878=CARTESIAN_POINT('Ctrl Pts',(-39.6495122307728,44.2051544105057,-61.0730313611785));
#2879=CARTESIAN_POINT('Ctrl Pts',(-38.3457488630876,39.0223987604523,-62.81175346207));
#2880=CARTESIAN_POINT('Ctrl Pts',(-33.8548607769152,33.1868392981661,-64.7694796010669));
#2881=CARTESIAN_POINT('Ctrl Pts',(-30.3567485060249,30.8536653838723,-65.5522178437938));
#2882=CARTESIAN_POINT('Ctrl Pts',(-28.4651871019884,30.,-65.8386073573897));
#2883=CARTESIAN_POINT('Ctrl Pts',(-39.7991118809437,47.3180606970714,-60.0287068118628));
#2884=CARTESIAN_POINT('Ctrl Pts',(-39.8040824082967,44.18312128386,-61.0804430157513));
#2885=CARTESIAN_POINT('Ctrl Pts',(-38.4994609712439,38.9596957521352,-62.83276671093));
#2886=CARTESIAN_POINT('Ctrl Pts',(-33.9788570206445,33.0691202434206,-64.8089915090546));
#2887=CARTESIAN_POINT('Ctrl Pts',(-30.4506168801891,30.7110287612274,-65.6000617849634));
#2888=CARTESIAN_POINT('Ctrl Pts',(-28.5415263008684,29.8479587252045,-65.88961449386));
#2889=CARTESIAN_POINT('Ctrl Pts',(-40.0977737330875,47.2962767580915,-59.9637735871856));
#2890=CARTESIAN_POINT('Ctrl Pts',(-40.1126294198004,44.1158454532658,-61.0258921643356));
#2891=CARTESIAN_POINT('Ctrl Pts',(-38.8061841816081,38.8088334972899,-62.7977289524307));
#2892=CARTESIAN_POINT('Ctrl Pts',(-34.226171562187,32.8052939240782,-64.8012284395959));
#2893=CARTESIAN_POINT('Ctrl Pts',(-30.6377929575067,30.3962971022374,-65.6048964700045));
#2894=CARTESIAN_POINT('Ctrl Pts',(-28.6937145724707,29.5139641289588,-65.8992301933317));
#2895=CARTESIAN_POINT('Ctrl Pts',(-40.5183466087916,47.1898894065919,-59.6466558334077));
#2896=CARTESIAN_POINT('Ctrl Pts',(-40.5404121299218,43.9408874234309,-60.7095951661628));
#2897=CARTESIAN_POINT('Ctrl Pts',(-39.2184935866899,38.513045763734,-62.4834223787658));
#2898=CARTESIAN_POINT('Ctrl Pts',(-34.5466283752032,32.3603736123214,-64.4904585115804));
#2899=CARTESIAN_POINT('Ctrl Pts',(-30.8770372139069,29.8874000128266,-65.2960714866756));
#2900=CARTESIAN_POINT('Ctrl Pts',(-28.8874274505131,28.9813750240812,-65.5911425193668));
#2901=CARTESIAN_POINT('Ctrl Pts',(-40.6495122307728,47.0713726535225,-59.2933829490971));
#2902=CARTESIAN_POINT('Ctrl Pts',(-40.6613676388992,43.7968284150195,-60.3448088714781));
#2903=CARTESIAN_POINT('Ctrl Pts',(-39.3107283057946,38.3359761641929,-62.0967379001539));
#2904=CARTESIAN_POINT('Ctrl Pts',(-34.5955424949384,32.1645819316308,-64.0733430669591));
#2905=CARTESIAN_POINT('Ctrl Pts',(-30.9070376572734,29.6912829326712,-64.8647278356301));
#2906=CARTESIAN_POINT('Ctrl Pts',(-28.9097350809056,28.7854441465886,-65.1544535026812));
#2907=CARTESIAN_POINT('Ctrl Pts',(-40.6495122307728,47.,-59.0806364595268));
#2908=CARTESIAN_POINT('Ctrl Pts',(-40.6495122307728,43.7232565404572,-60.1249610088425));
#2909=CARTESIAN_POINT('Ctrl Pts',(-39.2771297384726,38.2677242772431,-61.863683109734));
#2910=CARTESIAN_POINT('Ctrl Pts',(-34.549879121449,32.1250301064155,-63.8214092487309));
#2911=CARTESIAN_POINT('Ctrl Pts',(-30.8676556784066,29.6690575650536,-64.6041474914579));
#2912=CARTESIAN_POINT('Ctrl Pts',(-28.8765384109998,28.7704624241354,-64.8905370050537));
#2913=CARTESIAN_POINT('Origin',(-20.6495122307728,47.,-59.0806364595268));
#2914=CARTESIAN_POINT('Origin',(-39.6495122307728,125.04104214718,-0.00880654809015224));
#2915=CARTESIAN_POINT('',(-40.6495122307728,113.,-4.0483614707404));
#2916=CARTESIAN_POINT('Origin',(-39.6495122307728,113.,-4.04836147074041));
#2917=CARTESIAN_POINT('',(-40.6495122307728,125.04104214718,-0.00880654809015196));
#2918=CARTESIAN_POINT('Ctrl Pts',(-39.6495122307728,112.681939302929,-3.10029111840442));
#2919=CARTESIAN_POINT('Ctrl Pts',(-39.6495122307728,116.782047928136,-1.72477778841942));
#2920=CARTESIAN_POINT('Ctrl Pts',(-38.2779027415816,120.870390849889,-0.353211642135301));
#2921=CARTESIAN_POINT('Ctrl Pts',(-35.8051147803146,124.140896993762,0.743984848962043));
#2922=CARTESIAN_POINT('Ctrl Pts',(-39.7991118809437,112.681939302929,-3.10029111840442));
#2923=CARTESIAN_POINT('Ctrl Pts',(-39.8056587218042,116.811068465307,-1.71501566067018));
#2924=CARTESIAN_POINT('Ctrl Pts',(-38.4309040719838,120.932735630261,-0.332323193420059));
#2925=CARTESIAN_POINT('Ctrl Pts',(-35.9416436503448,124.233681943248,0.775112544958936));
#2926=CARTESIAN_POINT('Ctrl Pts',(-40.0977718776173,112.703723686969,-3.16522566971183));
#2927=CARTESIAN_POINT('Ctrl Pts',(-40.1173387786473,116.892771677611,-1.76627525544471));
#2928=CARTESIAN_POINT('Ctrl Pts',(-38.7361630417922,121.082852117894,-0.36749091894494));
#2929=CARTESIAN_POINT('Ctrl Pts',(-36.2139697593484,124.446328734316,0.755008659322149));
#2930=CARTESIAN_POINT('Ctrl Pts',(-40.5183437310518,112.81011101866,-3.48234336444368));
#2931=CARTESIAN_POINT('Ctrl Pts',(-40.5474069360369,117.089475647131,-2.08231190666748));
#2932=CARTESIAN_POINT('Ctrl Pts',(-39.1467883577447,121.376842146961,-0.681769493004665));
#2933=CARTESIAN_POINT('Ctrl Pts',(-36.5739185974987,124.823271856628,0.442651076569258));
#2934=CARTESIAN_POINT('Ctrl Pts',(-40.6495122307728,112.928627346477,-3.83561498117005));
#2935=CARTESIAN_POINT('Ctrl Pts',(-40.6651273687306,117.241634497978,-2.45074820515262));
#2936=CARTESIAN_POINT('Ctrl Pts',(-39.2385540783674,121.552265457647,-1.06830702428082));
#2937=CARTESIAN_POINT('Ctrl Pts',(-36.6420622147634,125.010103571553,0.0393235425202603));
#2938=CARTESIAN_POINT('Ctrl Pts',(-40.6495122307728,113.,-4.0483614707404));
#2939=CARTESIAN_POINT('Ctrl Pts',(-40.6495122307728,117.315903816008,-2.6728481407554));
#2940=CARTESIAN_POINT('Ctrl Pts',(-39.2057127684663,121.619422681011,-1.30128199447129));
#2941=CARTESIAN_POINT('Ctrl Pts',(-36.6027780723958,125.062060727194,-0.204085503373943));
#2942=CARTESIAN_POINT('',(-36.6027780725168,125.062060727152,-0.204085502978321));
#2943=CARTESIAN_POINT('Origin',(-35.8051147803214,124.458957690825,-0.204085503376954));
#2944=CARTESIAN_POINT('Origin',(-20.6495122307728,113.,-4.0483614707404));
#2945=CARTESIAN_POINT('Ctrl Pts',(-35.8051147791005,124.140896995368,0.743984849500773));
#2946=CARTESIAN_POINT('Ctrl Pts',(-35.1923700581104,124.951312366873,1.01586475518811));
#2947=CARTESIAN_POINT('Ctrl Pts',(-33.7227113706379,126.400365256131,1.50199615979875));
#2948=CARTESIAN_POINT('Ctrl Pts',(-30.7666972484737,128.222317064822,2.11322850228762));
#2949=CARTESIAN_POINT('Ctrl Pts',(-27.1688817753077,129.569362188413,2.56513812053517));
#2950=CARTESIAN_POINT('Ctrl Pts',(-24.4899498506271,130.357063703333,2.8293979323755));
#2951=CARTESIAN_POINT('Ctrl Pts',(-23.1301645336629,130.681939302931,2.93838790280853));
#2952=CARTESIAN_POINT('Ctrl Pts',(-35.9416436491308,124.23368194487,0.77511254550301));
#2953=CARTESIAN_POINT('Ctrl Pts',(-35.3092100978122,125.049775834353,1.04883369587943));
#2954=CARTESIAN_POINT('Ctrl Pts',(-33.8052293715138,126.500367385666,1.53548761452511));
#2955=CARTESIAN_POINT('Ctrl Pts',(-30.8091991286897,128.309408049284,2.14233455187174));
#2956=CARTESIAN_POINT('Ctrl Pts',(-27.1919999833109,129.637283831511,2.58789572955489));
#2957=CARTESIAN_POINT('Ctrl Pts',(-24.5138877145244,130.431394714634,2.85432422481653));
#2958=CARTESIAN_POINT('Ctrl Pts',(-23.1523100769846,130.765253828288,2.96633844038835));
#2959=CARTESIAN_POINT('Ctrl Pts',(-36.2139696560721,124.44632868957,0.75500856815992));
#2960=CARTESIAN_POINT('Ctrl Pts',(-35.5423516900751,125.269604183747,1.04505437522501));
#2961=CARTESIAN_POINT('Ctrl Pts',(-33.9700318249295,126.716827085779,1.55259761976755));
#2962=CARTESIAN_POINT('Ctrl Pts',(-30.8940803715539,128.492772908317,2.17276948734799));
#2963=CARTESIAN_POINT('Ctrl Pts',(-27.238213710174,129.778496371719,2.61729192726565));
#2964=CARTESIAN_POINT('Ctrl Pts',(-24.5617535813163,130.586386195745,2.88520977851484));
#2965=CARTESIAN_POINT('Ctrl Pts',(-23.1965885732658,130.939738233669,2.99866731677807));
#2966=CARTESIAN_POINT('Ctrl Pts',(-36.5739184385609,124.823271769144,0.442650987494048));
#2967=CARTESIAN_POINT('Ctrl Pts',(-35.8677393013107,125.654778709283,0.796419651379376));
#2968=CARTESIAN_POINT('Ctrl Pts',(-34.218618847997,127.09737115009,1.40352957995058));
#2969=CARTESIAN_POINT('Ctrl Pts',(-31.0322437218287,128.820326409601,2.12384897843042));
#2970=CARTESIAN_POINT('Ctrl Pts',(-27.3150316415075,130.032244487738,2.60989782708082));
#2971=CARTESIAN_POINT('Ctrl Pts',(-24.6404895608229,130.864300013061,2.86997117141388));
#2972=CARTESIAN_POINT('Ctrl Pts',(-23.2684202386244,131.250334961993,2.96903473236113));
#2973=CARTESIAN_POINT('Ctrl Pts',(-36.6420622135078,125.010103573257,0.0393235429943543));
#2974=CARTESIAN_POINT('Ctrl Pts',(-35.9616467981178,125.854204567422,0.445829156019504));
#2975=CARTESIAN_POINT('Ctrl Pts',(-34.3268713102092,127.317600422668,1.15372778735352));
#2976=CARTESIAN_POINT('Ctrl Pts',(-31.1108618353308,129.034899677222,1.99937303395265));
#2977=CARTESIAN_POINT('Ctrl Pts',(-27.3625302151729,130.207757749706,2.55216412053885));
#2978=CARTESIAN_POINT('Ctrl Pts',(-24.6878989593679,131.054284057895,2.79745415801536));
#2979=CARTESIAN_POINT('Ctrl Pts',(-23.309875887298,131.456284814939,2.87235336296987));
#2980=CARTESIAN_POINT('Ctrl Pts',(-36.6027780711192,125.062060728882,-0.204085502915215));
#2981=CARTESIAN_POINT('Ctrl Pts',(-35.9549687770732,125.918852459149,0.219230054709265));
#2982=CARTESIAN_POINT('Ctrl Pts',(-34.3569732653735,127.409038188716,0.974719233708188));
#2983=CARTESIAN_POINT('Ctrl Pts',(-31.1480418922131,129.145518509845,1.89851717541522));
#2984=CARTESIAN_POINT('Ctrl Pts',(-27.387029556338,130.305352352964,2.50077510728335));
#2985=CARTESIAN_POINT('Ctrl Pts',(-24.7112330534214,131.157888812036,2.73440520655079));
#2986=CARTESIAN_POINT('Ctrl Pts',(-23.3291560557076,131.564028082695,2.79173797452474));
#2987=CARTESIAN_POINT('',(-23.3291560557076,131.564028082695,2.79173797452473));
#2988=CARTESIAN_POINT('Ctrl Pts',(-23.3291560557185,131.564028082693,2.79173797452401));
#2989=CARTESIAN_POINT('Ctrl Pts',(-23.3291503539383,131.562489913569,2.79282193141005));
#2990=CARTESIAN_POINT('Ctrl Pts',(-23.3291435884121,131.560948776863,2.79390164270682));
#2991=CARTESIAN_POINT('Ctrl Pts',(-23.3291357603646,131.559404693472,2.79497710104371));
#2992=CARTESIAN_POINT('Ctrl Pts',(-23.3289401696067,131.520824390717,2.8218483882299));
#2993=CARTESIAN_POINT('Ctrl Pts',(-23.328082818192,131.480496145863,2.84600697416294));
#2994=CARTESIAN_POINT('Ctrl Pts',(-23.3265849799584,131.438750858173,2.86734933464246));
#2995=CARTESIAN_POINT('Ctrl Pts',(-23.3250871417249,131.397005570482,2.88869169512198));
#2996=CARTESIAN_POINT('Ctrl Pts',(-23.3229485602568,131.353841954598,2.90721847270123));
#2997=CARTESIAN_POINT('Ctrl Pts',(-23.3201809605685,131.309563341918,2.92277234684908));
#2998=CARTESIAN_POINT('Ctrl Pts',(-23.3176945550273,131.269783532581,2.93674591355762));
#2999=CARTESIAN_POINT('Ctrl Pts',(-23.3147105891921,131.229266896219,2.9482618118635));
#3000=CARTESIAN_POINT('Ctrl Pts',(-23.311242868177,131.188241384463,2.95722554292308));
#3001=CARTESIAN_POINT('Ctrl Pts',(-23.3075581651081,131.144648826581,2.96675015208277));
#3002=CARTESIAN_POINT('Ctrl Pts',(-23.3033270993477,131.100480834215,2.97339395788269));
#3003=CARTESIAN_POINT('Ctrl Pts',(-23.2985800895831,131.056035815134,2.97712482376003));
#3004=CARTESIAN_POINT('Ctrl Pts',(-23.2978932915127,131.049605503243,2.97766460598342));
#3005=CARTESIAN_POINT('Ctrl Pts',(-23.2971956885087,131.043169391601,2.97814332462368));
#3006=CARTESIAN_POINT('Ctrl Pts',(-23.2964873686479,131.03672838759,2.97856079148135));
#3007=CARTESIAN_POINT('Ctrl Pts',(-23.2921279746053,130.997086869589,2.98113011451309));
#3008=CARTESIAN_POINT('Ctrl Pts',(-23.287384071076,130.957451691756,2.98136952136918));
#3009=CARTESIAN_POINT('Ctrl Pts',(-23.282283929231,130.918035303472,2.97928373630798));
#3010=CARTESIAN_POINT('Ctrl Pts',(-23.2764865033455,130.873229963406,2.9769127857201));
#3011=CARTESIAN_POINT('Ctrl Pts',(-23.2702285992672,130.82870633624,2.97153846437198));
#3012=CARTESIAN_POINT('Ctrl Pts',(-23.26355279448,130.78476196867,2.96320816567003));
#3013=CARTESIAN_POINT('Ctrl Pts',(-23.2568769896928,130.7408176011,2.95487786696809));
#3014=CARTESIAN_POINT('Ctrl Pts',(-23.2497829911838,130.697451286487,2.94359146453603));
#3015=CARTESIAN_POINT('Ctrl Pts',(-23.242314402874,130.654977729654,2.92934277575698));
#3016=CARTESIAN_POINT('Ctrl Pts',(-23.3291560557076,131.564028082695,2.79173797452474));
#3017=CARTESIAN_POINT('Ctrl Pts',(-24.7112330534214,131.157888812036,2.73440520655079));
#3018=CARTESIAN_POINT('Ctrl Pts',(-27.387029556338,130.305352352964,2.50077510728335));
#3019=CARTESIAN_POINT('Ctrl Pts',(-31.1480418922131,129.145518509845,1.89851717541522));
#3020=CARTESIAN_POINT('Ctrl Pts',(-34.3569732653735,127.409038188716,0.974719233708188));
#3021=CARTESIAN_POINT('Ctrl Pts',(-35.9549687770732,125.918852459149,0.219230054709265));
#3022=CARTESIAN_POINT('Ctrl Pts',(-36.6027780711192,125.062060728882,-0.204085502915215));
#3023=CARTESIAN_POINT('Ctrl Pts',(29.5194231857053,129.659011244683,2.31499181582744));
#3024=CARTESIAN_POINT('Ctrl Pts',(28.6557542166391,130.583986628133,1.74026403865314));
#3025=CARTESIAN_POINT('Ctrl Pts',(27.1270561232194,131.907495322535,0.262737551665998));
#3026=CARTESIAN_POINT('Ctrl Pts',(25.8189014860305,132.328759604319,-1.82085274770644));
#3027=CARTESIAN_POINT('Ctrl Pts',(25.3286430641037,132.319133071709,-2.75219624834925));
#3028=CARTESIAN_POINT('Ctrl Pts',(29.5571121421776,129.801978183545,2.48882616297324));
#3029=CARTESIAN_POINT('Ctrl Pts',(28.6716785759676,130.743035082686,1.89370089673358));
#3030=CARTESIAN_POINT('Ctrl Pts',(27.1079514233634,132.090905945379,0.372435098910051));
#3031=CARTESIAN_POINT('Ctrl Pts',(25.7712814805999,132.523918369523,-1.7655885121041));
#3032=CARTESIAN_POINT('Ctrl Pts',(25.2700948425585,132.515937946762,-2.72114584594074));
#3033=CARTESIAN_POINT('Ctrl Pts',(29.5076072920981,130.021243267668,2.91686204962242));
#3034=CARTESIAN_POINT('Ctrl Pts',(28.5869614494259,131.003229008697,2.27274143038754));
#3035=CARTESIAN_POINT('Ctrl Pts',(26.9616425700041,132.409842465721,0.65408180656386));
#3036=CARTESIAN_POINT('Ctrl Pts',(25.5662946851215,132.870015620892,-1.59557128278384));
#3037=CARTESIAN_POINT('Ctrl Pts',(25.0411356783715,132.866151303231,-2.59971988293982));
#3038=CARTESIAN_POINT('Ctrl Pts',(29.2323094617648,130.010791610408,3.31415853215259));
#3039=CARTESIAN_POINT('Ctrl Pts',(28.3052582682347,131.039163580738,2.64088688936896));
#3040=CARTESIAN_POINT('Ctrl Pts',(26.6548731068363,132.514073591479,0.956710112647246));
#3041=CARTESIAN_POINT('Ctrl Pts',(25.21844751355,133.000816033932,-1.36971059143814));
#3042=CARTESIAN_POINT('Ctrl Pts',(24.674849932843,133.,-2.40546428481931));
#3043=CARTESIAN_POINT('Ctrl Pts',(29.0685892206435,129.94884932444,3.46057307771219));
#3044=CARTESIAN_POINT('Ctrl Pts',(28.1443929359599,130.996688064732,2.78471743671027));
#3045=CARTESIAN_POINT('Ctrl Pts',(26.4900399666188,132.502446832497,1.08522748256617));
#3046=CARTESIAN_POINT('Ctrl Pts',(25.0407064130319,133.,-1.26383377534982));
#3047=CARTESIAN_POINT('Ctrl Pts',(24.4913897191094,133.,-2.30816818748218));
#3048=CARTESIAN_POINT('Origin',(12.,30.,-30.8386073573897));
#3049=CARTESIAN_POINT('',(12.,30.,-30.8386073573897));
#3050=CARTESIAN_POINT('Ctrl Pts',(20.,30.,-39.2033210318234));
#3051=CARTESIAN_POINT('Ctrl Pts',(20.,30.,-30.8386073573897));
#3052=CARTESIAN_POINT('Ctrl Pts',(12.,30.,-30.8386073573897));
#3053=CARTESIAN_POINT('Ctrl Pts',(20.,28.,-39.2033210318234));
#3054=CARTESIAN_POINT('Ctrl Pts',(20.,28.,-30.8386073573897));
#3055=CARTESIAN_POINT('Ctrl Pts',(12.,28.,-30.8386073573897));
#3056=CARTESIAN_POINT('Ctrl Pts',(18.,30.,-65.8386073573896));
#3057=CARTESIAN_POINT('Ctrl Pts',(20.,30.,-65.8386073573896));
#3058=CARTESIAN_POINT('Ctrl Pts',(20.,30.,-63.7474289387812));
#3059=CARTESIAN_POINT('Ctrl Pts',(18.,28.,-65.8386073573896));
#3060=CARTESIAN_POINT('Ctrl Pts',(20.,28.,-65.8386073573896));
#3061=CARTESIAN_POINT('Ctrl Pts',(20.,28.,-63.7474289387812));
#3062=CARTESIAN_POINT('Ctrl Pts',(1.64217917173999,130.938781234033,13.1760158249268));
#3063=CARTESIAN_POINT('Ctrl Pts',(1.89127020509526,130.532333886781,13.8193957163898));
#3064=CARTESIAN_POINT('Ctrl Pts',(2.1473096440563,129.997432708694,14.3691876476009));
#3065=CARTESIAN_POINT('Ctrl Pts',(2.38958155143146,129.396210768853,14.824957613381));
#3066=CARTESIAN_POINT('Ctrl Pts',(1.67618861334086,131.180320533958,13.3195529108546));
#3067=CARTESIAN_POINT('Ctrl Pts',(1.93731513693509,130.731456177114,13.9787702452069));
#3068=CARTESIAN_POINT('Ctrl Pts',(2.1985086672264,130.1597081018,14.5279339036759));
#3069=CARTESIAN_POINT('Ctrl Pts',(2.44381347675803,129.528601807713,14.9770379476587));
#3070=CARTESIAN_POINT('Ctrl Pts',(1.94589263507741,131.612944664417,13.4955761607384));
#3071=CARTESIAN_POINT('Ctrl Pts',(2.18220341013474,131.091453698116,14.1931353338783));
#3072=CARTESIAN_POINT('Ctrl Pts',(2.42291549916897,130.452697569529,14.7495586229743));
#3073=CARTESIAN_POINT('Ctrl Pts',(2.64712872373235,129.768357831361,15.1961705292494));
#3074=CARTESIAN_POINT('Ctrl Pts',(2.42345321343181,131.816846887722,13.4424691592505));
#3075=CARTESIAN_POINT('Ctrl Pts',(2.60219208298271,131.305100902183,14.1888821745676));
#3076=CARTESIAN_POINT('Ctrl Pts',(2.79234850313469,130.650753496773,14.7887599250141));
#3077=CARTESIAN_POINT('Ctrl Pts',(2.97242481789727,129.944412939022,15.2628379122002));
#3078=CARTESIAN_POINT('Ctrl Pts',(2.62510692643727,131.845162930982,13.382547000022));
#3079=CARTESIAN_POINT('Ctrl Pts',(2.78556967028787,131.355524506085,14.1469513972821));
#3080=CARTESIAN_POINT('Ctrl Pts',(2.95647986030361,130.707127486366,14.7696870434304));
#3081=CARTESIAN_POINT('Ctrl Pts',(3.1188074698311,129.999999999942,15.2605004635441));
#3082=CARTESIAN_POINT('',(2.62510692644824,131.845162930982,13.3825470000202));
#3083=CARTESIAN_POINT('Ctrl Pts',(3.1188074698311,129.999999999942,15.2605004635441));
#3084=CARTESIAN_POINT('Ctrl Pts',(2.95647986030361,130.707127486366,14.7696870434304));
#3085=CARTESIAN_POINT('Ctrl Pts',(2.78556967028787,131.355524506085,14.1469513972821));
#3086=CARTESIAN_POINT('Ctrl Pts',(2.62510692643727,131.845162930982,13.382547000022));
#3087=CARTESIAN_POINT('Ctrl Pts',(2.62510692644824,131.845162930982,13.3825470000201));
#3088=CARTESIAN_POINT('Ctrl Pts',(2.62369482020034,131.844151962103,13.3842551840348));
#3089=CARTESIAN_POINT('Ctrl Pts',(2.62228176432635,131.843136025462,13.3859596393099));
#3090=CARTESIAN_POINT('Ctrl Pts',(2.5290582338473,131.775828250584,13.4980866938907));
#3091=CARTESIAN_POINT('Ctrl Pts',(2.43388303725428,131.688968370874,13.5920948045927));
#3092=CARTESIAN_POINT('Ctrl Pts',(2.25867779012587,131.488599407852,13.7291227341899));
#3093=CARTESIAN_POINT('Ctrl Pts',(2.17898228253191,131.379785941433,13.775686440412));
#3094=CARTESIAN_POINT('Ctrl Pts',(2.03902001178993,131.14474215142,13.8238269979478));
#3095=CARTESIAN_POINT('Ctrl Pts',(1.97912799215848,131.020690464052,13.8264720166272));
#3096=CARTESIAN_POINT('Ctrl Pts',(1.89405645783586,130.782935306336,13.7870851618693));
#3097=CARTESIAN_POINT('Ctrl Pts',(1.86627206220014,130.67190087691,13.7508503187648));
#3098=CARTESIAN_POINT('Ctrl Pts',(1.85361011682676,130.566441484809,13.696843088864));
#3099=CARTESIAN_POINT('Origin',(-31.1851659836255,131.,52.7527740152539));
#3100=CARTESIAN_POINT('',(-1.69404044972104,131.5,11.8262489235186));
#3101=CARTESIAN_POINT('Origin',(-1.18774608647606,131.,11.123635219022));
#3102=CARTESIAN_POINT('',(-20.0401828868454,131.5,3.5542344727691));
#3103=CARTESIAN_POINT('Origin',(-31.1851659836255,131.5,52.7527740152539));
#3104=CARTESIAN_POINT('Origin',(-19.8488493240123,131.,2.70960942712246));
#3105=CARTESIAN_POINT('Ctrl Pts',(-1.18774608647607,130.,11.123635219022));
#3106=CARTESIAN_POINT('Ctrl Pts',(-0.535732130107786,130.,11.5934680571146));
#3107=CARTESIAN_POINT('Ctrl Pts',(0.302503316596628,130.,12.1572433578652));
#3108=CARTESIAN_POINT('Ctrl Pts',(1.40303499770559,130.,12.648568471099));
#3109=CARTESIAN_POINT('Ctrl Pts',(1.98248002328041,130.,12.8237556205948));
#3110=CARTESIAN_POINT('Ctrl Pts',(2.38490510265699,130.,12.8644536319342));
#3111=CARTESIAN_POINT('Ctrl Pts',(2.58539174433573,130.,12.8495157397707));
#3112=CARTESIAN_POINT('Ctrl Pts',(-1.30435769208484,130.,11.2854638273418));
#3113=CARTESIAN_POINT('Ctrl Pts',(-0.646903487926141,130.,11.7592168377471));
#3114=CARTESIAN_POINT('Ctrl Pts',(0.192302255694113,130.000537975153,12.3333266540621));
#3115=CARTESIAN_POINT('Ctrl Pts',(1.32291005877052,130.000331199346,12.8576264831979));
#3116=CARTESIAN_POINT('Ctrl Pts',(1.93196672903312,130.000190893886,13.0532318387769));
#3117=CARTESIAN_POINT('Ctrl Pts',(2.37345075510431,130.000101761027,13.1076345699744));
#3118=CARTESIAN_POINT('Ctrl Pts',(2.60363234401412,130.,13.0943291667049));
#3119=CARTESIAN_POINT('Ctrl Pts',(-1.53740441503443,130.123129444866,11.608876121097));
#3120=CARTESIAN_POINT('Ctrl Pts',(-0.869047103694756,130.123129444866,12.090485769755));
#3121=CARTESIAN_POINT('Ctrl Pts',(-0.0285829569599613,130.130991632704,
12.6839278008435));
#3122=CARTESIAN_POINT('Ctrl Pts',(1.16213584342788,130.155197067396,13.2744802989445));
#3123=CARTESIAN_POINT('Ctrl Pts',(1.83047368506897,130.170756132693,13.5111082080961));
#3124=CARTESIAN_POINT('Ctrl Pts',(2.35022691724791,130.183338034396,13.5929694007728));
#3125=CARTESIAN_POINT('Ctrl Pts',(2.64004481644012,130.18963395461,13.5830336125524));
#3126=CARTESIAN_POINT('Ctrl Pts',(-1.74627036567349,130.571446411863,11.8987313712743));
#3127=CARTESIAN_POINT('Ctrl Pts',(-1.06815858218777,130.571446411863,12.38736996661));
#3128=CARTESIAN_POINT('Ctrl Pts',(-0.21768057957245,130.604848365683,12.9913553979848));
#3129=CARTESIAN_POINT('Ctrl Pts',(1.03770424243176,130.702082230859,13.6009718219233));
#3130=CARTESIAN_POINT('Ctrl Pts',(1.75869483663843,130.762976894163,13.8445648190257));
#3131=CARTESIAN_POINT('Ctrl Pts',(2.33583989749643,130.810746675257,13.9243142216002));
#3132=CARTESIAN_POINT('Ctrl Pts',(2.66410577407186,130.834238718277,13.9059640861662));
#3133=CARTESIAN_POINT('Ctrl Pts',(-1.79053186313705,131.077415960673,11.9601555880088));
#3134=CARTESIAN_POINT('Ctrl Pts',(-1.11035515007126,131.077415960673,12.4502821449373));
#3135=CARTESIAN_POINT('Ctrl Pts',(-0.24295331942079,131.13252692234,13.0428068459641));
#3136=CARTESIAN_POINT('Ctrl Pts',(1.04327280220088,131.278393070229,13.5912292034837));
#3137=CARTESIAN_POINT('Ctrl Pts',(1.77399972008275,131.365882716242,13.7895738658823));
#3138=CARTESIAN_POINT('Ctrl Pts',(2.34256376842347,131.431065151303,13.828529819168));
#3139=CARTESIAN_POINT('Ctrl Pts',(2.65560251967888,131.462139670042,13.7918389540575));
#3140=CARTESIAN_POINT('Ctrl Pts',(-1.73776980182433,131.370442902555,11.8869346516385));
#3141=CARTESIAN_POINT('Ctrl Pts',(-1.06005146454354,131.370442902555,12.3752897347191));
#3142=CARTESIAN_POINT('Ctrl Pts',(-0.180241416402868,131.431888466874,12.9504595540129));
#3143=CARTESIAN_POINT('Ctrl Pts',(1.10587599243316,131.578393937591,13.431111593716));
#3144=CARTESIAN_POINT('Ctrl Pts',(1.82135584341193,131.661867210184,13.5838431319008));
#3145=CARTESIAN_POINT('Ctrl Pts',(2.35527584170327,131.720121917649,13.5867690442403));
#3146=CARTESIAN_POINT('Ctrl Pts',(2.63666913546355,131.746749702315,13.5377274251088));
#3147=CARTESIAN_POINT('Ctrl Pts',(-1.69404044972104,131.5,11.8262489235186));
#3148=CARTESIAN_POINT('Ctrl Pts',(-1.01837134898411,131.5,12.3131273532057));
#3149=CARTESIAN_POINT('Ctrl Pts',(-0.132313194591282,131.561846881121,12.8781767171168));
#3150=CARTESIAN_POINT('Ctrl Pts',(1.14849768447879,131.69877299022,13.3221021911535));
#3151=CARTESIAN_POINT('Ctrl Pts',(1.85162251400342,131.773766466926,13.4511728659884));
#3152=CARTESIAN_POINT('Ctrl Pts',(2.36295020016236,131.823344568188,13.4366745451134));
#3153=CARTESIAN_POINT('Ctrl Pts',(2.62510692644824,131.845162930982,13.3825470000202));
#3154=CARTESIAN_POINT('Ctrl Pts',(2.62510692644824,131.845162930982,13.3825470000202));
#3155=CARTESIAN_POINT('Ctrl Pts',(2.51741906128571,131.836200456725,13.4047813323608));
#3156=CARTESIAN_POINT('Ctrl Pts',(2.4107442483581,131.826729494073,13.4191180287303));
#3157=CARTESIAN_POINT('Ctrl Pts',(2.30546099813276,131.81695486825,13.4270397490868));
#3158=CARTESIAN_POINT('Ctrl Pts',(2.18202886992473,131.805495278379,13.4363270269831));
#3159=CARTESIAN_POINT('Ctrl Pts',(2.06051035001758,131.793618621559,13.4367982867366));
#3160=CARTESIAN_POINT('Ctrl Pts',(1.94149808827689,131.781657656116,13.430912109928));
#3161=CARTESIAN_POINT('Ctrl Pts',(1.92687373188863,131.780187879651,13.4301888101087));
#3162=CARTESIAN_POINT('Ctrl Pts',(1.91228718960851,131.77871682892,13.4293695698533));
#3163=CARTESIAN_POINT('Ctrl Pts',(1.89773953452354,131.777245119258,13.4284589893195));
#3164=CARTESIAN_POINT('Ctrl Pts',(1.88588991192226,131.776046355336,13.4277172865771));
#3165=CARTESIAN_POINT('Ctrl Pts',(1.8740643850166,131.774846972524,13.4269148871557));
#3166=CARTESIAN_POINT('Ctrl Pts',(1.86226341468074,131.773647292303,13.4260542123029));
#3167=CARTESIAN_POINT('Ctrl Pts',(1.61730256204404,131.748744705345,13.4081885928007));
#3168=CARTESIAN_POINT('Ctrl Pts',(1.38292047564636,131.723712938711,13.3652110408876));
#3169=CARTESIAN_POINT('Ctrl Pts',(1.1589168855535,131.699761985297,13.3067113826046));
#3170=CARTESIAN_POINT('Ctrl Pts',(0.935072580890358,131.67582806303,13.2482533225085));
#3171=CARTESIAN_POINT('Ctrl Pts',(0.721594352569031,131.652973699236,13.1742949173659));
#3172=CARTESIAN_POINT('Ctrl Pts',(0.515280765544027,131.632225283974,13.0924631734536));
#3173=CARTESIAN_POINT('Ctrl Pts',(0.317808813507333,131.612366048706,13.0141383551907));
#3174=CARTESIAN_POINT('Ctrl Pts',(0.126899952414713,131.594436489223,12.9286031233405));
#3175=CARTESIAN_POINT('Ctrl Pts',(-0.0585834449753925,131.578682240483,
12.8370574771187));
#3176=CARTESIAN_POINT('Ctrl Pts',(-0.327947251726551,131.55580351132,12.7041125122065));
#3177=CARTESIAN_POINT('Ctrl Pts',(-0.585385305464265,131.53740184805,12.5588584623818));
#3178=CARTESIAN_POINT('Ctrl Pts',(-0.834427248420943,131.524168697997,12.4051039447028));
#3179=CARTESIAN_POINT('Ctrl Pts',(-0.902588958347242,131.520546841675,12.3630219937291));
#3180=CARTESIAN_POINT('Ctrl Pts',(-0.970121444796817,131.517312144519,12.3203031720767));
#3181=CARTESIAN_POINT('Ctrl Pts',(-1.03709647136145,131.514478728095,12.2770252302119));
#3182=CARTESIAN_POINT('Ctrl Pts',(-1.20699222032026,131.507291192231,12.1672419464469));
#3183=CARTESIAN_POINT('Ctrl Pts',(-1.37334085341231,131.502681506751,12.0538398415569));
#3184=CARTESIAN_POINT('Ctrl Pts',(-1.53755378523669,131.500870299606,11.9379011372016));
#3185=CARTESIAN_POINT('Ctrl Pts',(-1.58991831404418,131.500292738463,11.9009303849187));
#3186=CARTESIAN_POINT('Ctrl Pts',(-1.64206543657678,131.5,11.863701446884));
#3187=CARTESIAN_POINT('Ctrl Pts',(-1.69404044972103,131.5,11.8262489235186));
#3188=CARTESIAN_POINT('Origin',(-31.1851659836255,131.,52.7527740152539));
#3189=CARTESIAN_POINT('',(-21.1655529232707,131.5,3.3127669818632));
#3190=CARTESIAN_POINT('Origin',(-31.1851659836255,131.5,52.7527740152539));
#3191=CARTESIAN_POINT('Origin',(-20.9935393591047,131.,2.46399649831485));
#3192=CARTESIAN_POINT('Ctrl Pts',(-23.1956804176253,130.037666415055,2.25417686949733));
#3193=CARTESIAN_POINT('Ctrl Pts',(-22.4796976539341,130.035904520448,2.42552845742137));
#3194=CARTESIAN_POINT('Ctrl Pts',(-21.7632527103492,130.035100992678,2.5759649441845));
#3195=CARTESIAN_POINT('Ctrl Pts',(-21.0457022772317,130.035100992678,2.72138518423971));
#3196=CARTESIAN_POINT('Ctrl Pts',(-23.2584507636893,130.111254821735,2.50697878207961));
#3197=CARTESIAN_POINT('Ctrl Pts',(-22.5349419676616,130.106252633264,2.67421350693776));
#3198=CARTESIAN_POINT('Ctrl Pts',(-21.8157538895864,130.103707309696,2.82251638930524));
#3199=CARTESIAN_POINT('Ctrl Pts',(-21.0957688902216,130.103707309696,2.96843002354124));
#3200=CARTESIAN_POINT('Ctrl Pts',(-23.3495430973737,130.419796775065,2.87384494772856));
#3201=CARTESIAN_POINT('Ctrl Pts',(-22.6159985472107,130.400099866998,3.03835790921033));
#3202=CARTESIAN_POINT('Ctrl Pts',(-21.8927882985849,130.391145948605,3.18440345852386));
#3203=CARTESIAN_POINT('Ctrl Pts',(-21.1692553843074,130.391145948605,3.3310361204609));
#3204=CARTESIAN_POINT('Ctrl Pts',(-23.3826080415802,131.061449409058,3.00701103106195));
#3205=CARTESIAN_POINT('Ctrl Pts',(-22.6499484853421,131.021111750285,3.18886326689127));
#3206=CARTESIAN_POINT('Ctrl Pts',(-21.9263720169285,131.001786797997,3.34213143543046));
#3207=CARTESIAN_POINT('Ctrl Pts',(-21.2012847013017,131.001786797997,3.48907911552778));
#3208=CARTESIAN_POINT('Ctrl Pts',(-23.3536827122365,131.415021275316,2.89051687357068));
#3209=CARTESIAN_POINT('Ctrl Pts',(-22.6283789939373,131.371130462075,3.08996111575717));
#3210=CARTESIAN_POINT('Ctrl Pts',(-21.9070418899272,131.349174885937,3.25134448435272));
#3211=CARTESIAN_POINT('Ctrl Pts',(-21.1828489002279,131.349174885937,3.39811091852633));
#3212=CARTESIAN_POINT('Ctrl Pts',(-23.3291560557185,131.564028082693,2.791737974524));
#3213=CARTESIAN_POINT('Ctrl Pts',(-22.6086576730066,131.521851323176,3.0003200640169));
#3214=CARTESIAN_POINT('Ctrl Pts',(-21.8889057537544,131.5,3.16617081607657));
#3215=CARTESIAN_POINT('Ctrl Pts',(-21.1655529232707,131.5,3.3127669818632));
#3216=CARTESIAN_POINT('',(-21.6368259245018,131.503053800819,3.21385717460897));
#3217=CARTESIAN_POINT('Ctrl Pts',(-21.1655529232707,131.5,3.3127669818632));
#3218=CARTESIAN_POINT('Ctrl Pts',(-21.3228222121197,131.5,3.28089446575534));
#3219=CARTESIAN_POINT('Ctrl Pts',(-21.4799212851607,131.501032916502,3.24811178142855));
#3220=CARTESIAN_POINT('Ctrl Pts',(-21.6368948218916,131.50308306743,3.21417765005738));
#3221=CARTESIAN_POINT('Ctrl Pts',(-23.3291560557185,131.564028082693,2.791737974524));
#3222=CARTESIAN_POINT('Ctrl Pts',(-22.76530635602,131.531021272742,2.95497074692856));
#3223=CARTESIAN_POINT('Ctrl Pts',(-22.2019138173905,131.510462491006,3.09203331146649));
#3224=CARTESIAN_POINT('Ctrl Pts',(-21.6368948218221,131.503083067429,3.21417765007239));
#3225=CARTESIAN_POINT('Ctrl Pts',(-35.2607137893808,124.162154638246,2.45458738897662));
#3226=CARTESIAN_POINT('Ctrl Pts',(-33.8339609944682,126.103446070616,2.35453549270686));
#3227=CARTESIAN_POINT('Ctrl Pts',(-29.6362169275325,129.931645835154,2.18941851746415));
#3228=CARTESIAN_POINT('Ctrl Pts',(-24.2148436182555,131.438445627954,2.73029206814938));
#3229=CARTESIAN_POINT('Ctrl Pts',(-21.1692007549268,131.467730485506,3.33076656145223));
#3230=CARTESIAN_POINT('Ctrl Pts',(-35.5957020053605,124.406113246418,2.23872616495132));
#3231=CARTESIAN_POINT('Ctrl Pts',(-34.1274824164035,126.387231944836,2.13492504545922));
#3232=CARTESIAN_POINT('Ctrl Pts',(-29.8123128147919,130.289572303762,1.96187186521205));
#3233=CARTESIAN_POINT('Ctrl Pts',(-24.2507216240118,131.828304147287,2.50577788896762));
#3234=CARTESIAN_POINT('Ctrl Pts',(-21.1250730125905,131.863775357751,3.11302602812723));
#3235=CARTESIAN_POINT('Ctrl Pts',(-36.2869821282178,124.897110878755,1.50533888378452));
#3236=CARTESIAN_POINT('Ctrl Pts',(-34.7307757229497,126.961079721334,1.40209536962741));
#3237=CARTESIAN_POINT('Ctrl Pts',(-30.162116422262,131.022428582911,1.23137232805257));
#3238=CARTESIAN_POINT('Ctrl Pts',(-24.285764724366,132.626543970771,1.78263126824111));
#3239=CARTESIAN_POINT('Ctrl Pts',(-20.9797417620443,132.668723166062,2.39591469798947));
#3240=CARTESIAN_POINT('Ctrl Pts',(-36.5898429998871,125.079168637283,0.418554364399824));
#3241=CARTESIAN_POINT('Ctrl Pts',(-34.9936616242258,127.185329114384,0.331530381836027));
#3242=CARTESIAN_POINT('Ctrl Pts',(-30.2907515297698,131.346579205485,0.198140815509656));
#3243=CARTESIAN_POINT('Ctrl Pts',(-24.1967584438389,132.978980996122,0.757099010949229));
#3244=CARTESIAN_POINT('Ctrl Pts',(-20.7697733898126,133.,1.35986293257766));
#3245=CARTESIAN_POINT('Ctrl Pts',(-36.6027780724533,125.062060727117,-0.204085502610198));
#3246=CARTESIAN_POINT('Ctrl Pts',(-35.005400220606,127.174750597999,-0.281634377110632));
#3247=CARTESIAN_POINT('Ctrl Pts',(-30.2803996536683,131.365946163017,-0.393387629689722));
#3248=CARTESIAN_POINT('Ctrl Pts',(-24.1124143055671,133.,0.16992652977361));
#3249=CARTESIAN_POINT('Ctrl Pts',(-20.6495122307728,133.,0.766455531218128));
#3250=CARTESIAN_POINT('Origin',(-20.6495122307728,130.,0.766455531218127));
#3251=CARTESIAN_POINT('Ctrl Pts',(-20.6495122307728,133.,0.766455531218128));
#3252=CARTESIAN_POINT('Ctrl Pts',(-24.1124143055671,133.,0.16992652977361));
#3253=CARTESIAN_POINT('Ctrl Pts',(-30.2803996536683,131.365946163017,-0.393387629689722));
#3254=CARTESIAN_POINT('Ctrl Pts',(-35.005400220606,127.174750597999,-0.281634377110632));
#3255=CARTESIAN_POINT('Ctrl Pts',(-36.6027780724533,125.062060727117,-0.204085502610198));
#3256=CARTESIAN_POINT('Origin',(-31.1851659836255,130.,52.7527740152539));
#3257=CARTESIAN_POINT('Origin',(-0.17515735998612,130.,9.71840781002894));
#3258=CARTESIAN_POINT('Ctrl Pts',(-1.69404044972117,131.5,11.8262489235185));
#3259=CARTESIAN_POINT('Ctrl Pts',(-0.924592318361095,131.455378340601,12.4124573603602));
#3260=CARTESIAN_POINT('Ctrl Pts',(0.823515115563815,131.020153893026,13.8170080961474));
#3261=CARTESIAN_POINT('Ctrl Pts',(2.2939217599173,129.767004895838,15.1505581851407));
#3262=CARTESIAN_POINT('Ctrl Pts',(2.96433788587435,128.813870370763,15.7856044773498));
#3263=CARTESIAN_POINT('Ctrl Pts',(-1.54098771735966,131.953449841059,11.6138488750988));
#3264=CARTESIAN_POINT('Ctrl Pts',(-0.742230943873429,131.898327688373,12.2412220626954));
#3265=CARTESIAN_POINT('Ctrl Pts',(1.06976697122663,131.42481685961,13.7398117657736));
#3266=CARTESIAN_POINT('Ctrl Pts',(2.59182783815951,130.101759347036,15.1561448933355));
#3267=CARTESIAN_POINT('Ctrl Pts',(3.28598014330389,129.099277663001,15.8299188112187));
#3268=CARTESIAN_POINT('Ctrl Pts',(-1.09294604794707,132.719135609407,10.9920757723979));
#3269=CARTESIAN_POINT('Ctrl Pts',(-0.251830491308966,132.657196601668,11.7075649803208));
#3270=CARTESIAN_POINT('Ctrl Pts',(1.65855772279353,132.138049193581,13.4074842028849));
#3271=CARTESIAN_POINT('Ctrl Pts',(3.26820058591266,130.699720283103,14.9984818099335));
#3272=CARTESIAN_POINT('Ctrl Pts',(4.0031096258781,129.611995770539,15.7534281126726));
#3273=CARTESIAN_POINT('Ctrl Pts',(-0.481262824709304,133.,10.1432079068682));
#3274=CARTESIAN_POINT('Ctrl Pts',(0.367239285836276,132.972851020453,10.9240239389576));
#3275=CARTESIAN_POINT('Ctrl Pts',(2.31230879046823,132.506929701206,12.7868952126769));
#3276=CARTESIAN_POINT('Ctrl Pts',(3.97474453708568,131.041547143164,14.5337849389608));
#3277=CARTESIAN_POINT('Ctrl Pts',(4.73632598604589,129.914971753032,15.361503754215));
#3278=CARTESIAN_POINT('Ctrl Pts',(-0.17515735998627,133.,9.71840781002879));
#3279=CARTESIAN_POINT('Ctrl Pts',(0.670161532384768,133.,10.5180579804613));
#3280=CARTESIAN_POINT('Ctrl Pts',(2.61982919932656,132.585592306659,12.436542910025));
#3281=CARTESIAN_POINT('Ctrl Pts',(4.30154418003172,131.131664724903,14.2466891902209));
#3282=CARTESIAN_POINT('Ctrl Pts',(5.07333699188516,129.999999951692,15.1044656018144));
#3283=CARTESIAN_POINT('Origin',(-20.6495122307728,113.,-16.4232938043992));
#3284=CARTESIAN_POINT('',(-40.6495122307728,113.,-16.4232938043992));
#3285=CARTESIAN_POINT('Origin',(-20.6495122307728,47.,-40.3144989651336));
#3286=CARTESIAN_POINT('',(-40.6495122307728,47.,-40.3144989651336));
#3287=CARTESIAN_POINT('',(-20.6495122307728,27.,-40.3144989651336));
#3288=CARTESIAN_POINT('Origin',(-40.6495122307728,130.,-32.2903905728775));
#3289=CARTESIAN_POINT('Origin',(-35.6495122307728,80.,-31.5644989651336));
#3290=CARTESIAN_POINT('',(-35.6495122307728,110.,-16.0603480005273));
#3291=CARTESIAN_POINT('Origin',(-15.6495122307728,110.,-16.0603480005273));
#3292=CARTESIAN_POINT('Origin',(-10.3247561153864,27.,-48.3386073573897));
#3293=UNCERTAINTY_MEASURE_WITH_UNIT(LENGTH_MEASURE(0.01),#3297,
'DISTANCE_ACCURACY_VALUE',
'Maximum model space distance between geometric entities at asserted c
onnectivities');
#3294=UNCERTAINTY_MEASURE_WITH_UNIT(LENGTH_MEASURE(0.01),#3297,
'DISTANCE_ACCURACY_VALUE',
'Maximum model space distance between geometric entities at asserted c
onnectivities');
#3295=(
GEOMETRIC_REPRESENTATION_CONTEXT(3)
GLOBAL_UNCERTAINTY_ASSIGNED_CONTEXT((#3293))
GLOBAL_UNIT_ASSIGNED_CONTEXT((#3297,#3299,#3300))
REPRESENTATION_CONTEXT('','3D')
);
#3296=(
GEOMETRIC_REPRESENTATION_CONTEXT(3)
GLOBAL_UNCERTAINTY_ASSIGNED_CONTEXT((#3294))
GLOBAL_UNIT_ASSIGNED_CONTEXT((#3297,#3299,#3300))
REPRESENTATION_CONTEXT('','3D')
);
#3297=(
LENGTH_UNIT()
NAMED_UNIT(*)
SI_UNIT(.MILLI.,.METRE.)
);
#3298=(
LENGTH_UNIT()
NAMED_UNIT(*)
SI_UNIT(.CENTI.,.METRE.)
);
#3299=(
NAMED_UNIT(*)
PLANE_ANGLE_UNIT()
SI_UNIT($,.RADIAN.)
);
#3300=(
NAMED_UNIT(*)
SI_UNIT($,.STERADIAN.)
SOLID_ANGLE_UNIT()
);
#3301=SHAPE_DEFINITION_REPRESENTATION(#3302,#3303);
#3302=PRODUCT_DEFINITION_SHAPE('',$,#3305);
#3303=SHAPE_REPRESENTATION('',(#1219),#3295);
#3304=PRODUCT_DEFINITION_CONTEXT('part definition',#3309,'design');
#3305=PRODUCT_DEFINITION('handle_monitor','handle_monitor',#3306,#3304);
#3306=PRODUCT_DEFINITION_FORMATION('',$,#3311);
#3307=PRODUCT_RELATED_PRODUCT_CATEGORY('handle_monitor',
'handle_monitor',(#3311));
#3308=APPLICATION_PROTOCOL_DEFINITION('international standard',
'automotive_design',2009,#3309);
#3309=APPLICATION_CONTEXT(
'Core Data for Automotive Mechanical Design Process');
#3310=PRODUCT_CONTEXT('part definition',#3309,'mechanical');
#3311=PRODUCT('handle_monitor','handle_monitor',$,(#3310));
#3312=PRESENTATION_STYLE_ASSIGNMENT((#3314));
#3313=PRESENTATION_STYLE_ASSIGNMENT((#3315));
#3314=SURFACE_STYLE_USAGE(.BOTH.,#3320);
#3315=SURFACE_STYLE_USAGE(.BOTH.,#3321);
#3316=SURFACE_STYLE_RENDERING_WITH_PROPERTIES($,#3328,(#3318));
#3317=SURFACE_STYLE_RENDERING_WITH_PROPERTIES($,#3329,(#3319));
#3318=SURFACE_STYLE_TRANSPARENT(0.);
#3319=SURFACE_STYLE_TRANSPARENT(0.);
#3320=SURFACE_SIDE_STYLE('',(#3322,#3316));
#3321=SURFACE_SIDE_STYLE('',(#3323,#3317));
#3322=SURFACE_STYLE_FILL_AREA(#3324);
#3323=SURFACE_STYLE_FILL_AREA(#3325);
#3324=FILL_AREA_STYLE('',(#3326));
#3325=FILL_AREA_STYLE('',(#3327));
#3326=FILL_AREA_STYLE_COLOUR('',#3328);
#3327=FILL_AREA_STYLE_COLOUR('',#3329);
#3328=COLOUR_RGB('',0.749019607843137,0.749019607843137,0.749019607843137);
#3329=COLOUR_RGB('',0.219607843137255,0.219607843137255,0.219607843137255);
ENDSEC;
END-ISO-10303-21;
