ISO-10303-21;
HEADER;
/* Generated by software containing ST-Developer
 * from STEP Tools, Inc. (www.steptools.com) 
 */

FILE_DESCRIPTION(
/* description */ (''),
/* implementation_level */ '2;1');

FILE_NAME(
/* name */ 'handle_monitor_left.stp',
/* time_stamp */ '2026-02-03T22:12:50+09:00',
/* author */ ('hibik'),
/* organization */ (''),
/* preprocessor_version */ 'ST-DEVELOPER v20.1',
/* originating_system */ 'Autodesk Inventor 2026',
/* authorisation */ '');

FILE_SCHEMA (('AUTOMOTIVE_DESIGN { 1 0 10303 214 3 1 1 }'));
ENDSEC;

DATA;
#10=MECHANICAL_DESIGN_GEOMETRIC_PRESENTATION_REPRESENTATION('',(#3183,#3184,
#3185,#3186,#3187,#3188,#3189,#3190,#3191,#3192,#3193,#3194,#3195,#3196,
#3197,#3198,#3199,#3200,#3201,#3202,#3203,#3204,#3205,#3206,#3207,#3208,
#3209,#3210,#3211,#3212,#3213,#3214,#3215,#3216,#3217,#3218,#3219,#3220,
#3221,#3222,#3223,#3224,#3225,#3226,#3227,#3228,#3229,#3230,#3231,#3232,
#3233,#3234,#3235,#3236,#3237,#3238,#3239,#3240,#3241,#3242,#3243,#3244,
#3245,#3246,#3247,#3248,#3249,#3250,#3251,#3252,#3253,#3254,#3255,#3256,
#3257,#3258,#3259,#3260,#3261,#3262,#3263,#3264,#3265,#3266,#3267,#3268,
#3269,#3270,#3271,#3272,#3273,#3274,#3275,#3276,#3277,#3278,#3279,#3280,
#3281,#3282,#3283,#3284,#3285,#3286,#3287,#3288,#3289,#3290,#3291,#3292,
#3293,#3294,#3295,#3296,#3297,#3298,#3299,#3300,#3301,#3302,#3303,#3304,
#3305,#3306,#3307,#3308,#3309,#3310,#3311,#3312,#3313,#3314,#3315,#3316,
#3317,#3318,#3319,#3320,#3321,#3322,#3323,#3324,#3325,#3326,#3327,#3328,
#3329,#3330,#3331,#3332,#3333,#3334,#3335,#3336,#3337,#3338,#3339,#3340,
#3341,#3342,#3343,#3344,#3345,#3346,#3347,#3348,#3349,#3350,#3351,#3352,
#3353,#3354,#3355,#3356,#3357,#3358,#3359,#3360,#3361,#3362,#3363,#3364,
#3365,#3366,#3367,#3368,#3369,#3370,#3371,#3372,#3373),#8023);
#11=GEOMETRICALLY_BOUNDED_WIREFRAME_SHAPE_REPRESENTATION('',(#12),#8022);
#12=GEOMETRIC_CURVE_SET('\X2\30B930B130C330C1\X0\59',(#8019));
#13=SHAPE_REPRESENTATION_RELATIONSHIP('SRR','None',#8030,#15);
#14=SHAPE_REPRESENTATION_RELATIONSHIP('SRR','None',#8030,#11);
#15=ADVANCED_BREP_SHAPE_REPRESENTATION('',(#16),#8022);
#16=MANIFOLD_SOLID_BREP('\X2\30BD30EA30C330C9\X0\1',#3564);
#17=CONICAL_SURFACE('',#3864,20.,0.523598775598299);
#18=(
BOUNDED_SURFACE()
B_SPLINE_SURFACE(1,2,((#6264,#6265,#6266),(#6267,#6268,#6269)),
 .UNSPECIFIED.,.F.,.F.,.F.)
B_SPLINE_SURFACE_WITH_KNOTS((2,2),(3,3),(-1.6753187296537E-16,0.0597749091553757),
(-1.5707963267949,2.66453525910038E-15),.UNSPECIFIED.)
GEOMETRIC_REPRESENTATION_ITEM()
RATIONAL_B_SPLINE_SURFACE(((1.,0.707106781186547,1.),(1.,0.707106781186547,
1.)))
REPRESENTATION_ITEM('')
SURFACE()
);
#19=(
BOUNDED_SURFACE()
B_SPLINE_SURFACE(1,2,((#6277,#6278,#6279),(#6280,#6281,#6282)),
 .UNSPECIFIED.,.F.,.F.,.F.)
B_SPLINE_SURFACE_WITH_KNOTS((2,2),(3,3),(-3.14657054499999E-16,0.956398546486002),
(-8.88178419700125E-16,1.5707963267949),.UNSPECIFIED.)
GEOMETRIC_REPRESENTATION_ITEM()
RATIONAL_B_SPLINE_SURFACE(((1.,0.707106781186547,1.),(1.,0.707106781186547,
1.)))
REPRESENTATION_ITEM('')
SURFACE()
);
#20=(
BOUNDED_SURFACE()
B_SPLINE_SURFACE(1,2,((#6476,#6477,#6478),(#6479,#6480,#6481)),
 .UNSPECIFIED.,.F.,.F.,.F.)
B_SPLINE_SURFACE_WITH_KNOTS((2,2),(3,3),(-1.6595221916944E-14,0.650936203933435),
(1.46995789037101,1.93535819562455),.UNSPECIFIED.)
GEOMETRIC_REPRESENTATION_ITEM()
RATIONAL_B_SPLINE_SURFACE(((1.,0.973047272231259,1.),(1.,0.973047272231259,
1.)))
REPRESENTATION_ITEM('')
SURFACE()
);
#21=(
BOUNDED_SURFACE()
B_SPLINE_SURFACE(1,2,((#6658,#6659,#6660),(#6661,#6662,#6663)),
 .UNSPECIFIED.,.F.,.F.,.F.)
B_SPLINE_SURFACE_WITH_KNOTS((2,2),(3,3),(1.45565436822093E-14,0.321357081877466),
(-1.93251756312088,-1.45432022440782),.UNSPECIFIED.)
GEOMETRIC_REPRESENTATION_ITEM()
RATIONAL_B_SPLINE_SURFACE(((1.,0.971551828928286,1.),(1.,0.971551828928286,
1.)))
REPRESENTATION_ITEM('')
SURFACE()
);
#22=(
BOUNDED_SURFACE()
B_SPLINE_SURFACE(1,2,((#6969,#6970,#6971),(#6972,#6973,#6974)),
 .UNSPECIFIED.,.F.,.F.,.F.)
B_SPLINE_SURFACE_WITH_KNOTS((2,2),(3,3),(4.48936618719277,4.51428837697656),
(-2.81962665287204,-2.76142651074057),.UNSPECIFIED.)
GEOMETRIC_REPRESENTATION_ITEM()
RATIONAL_B_SPLINE_SURFACE(((1.,0.999576622810065,1.),(1.,0.999576622810065,
1.)))
REPRESENTATION_ITEM('')
SURFACE()
);
#23=B_SPLINE_SURFACE_WITH_KNOTS('',3,3,((#5218,#5219,#5220,#5221),(#5222,
#5223,#5224,#5225),(#5226,#5227,#5228,#5229),(#5230,#5231,#5232,#5233),
(#5234,#5235,#5236,#5237),(#5238,#5239,#5240,#5241)),.UNSPECIFIED.,.F.,
 .F.,.F.,(4,1,1,4),(4,4),(0.,0.285714285714286,0.571428571428571,1.),(0.,
0.25138775752266),.UNSPECIFIED.);
#24=B_SPLINE_SURFACE_WITH_KNOTS('',3,3,((#5253,#5254,#5255,#5256,#5257,
#5258,#5259),(#5260,#5261,#5262,#5263,#5264,#5265,#5266),(#5267,#5268,#5269,
#5270,#5271,#5272,#5273),(#5274,#5275,#5276,#5277,#5278,#5279,#5280),(#5281,
#5282,#5283,#5284,#5285,#5286,#5287),(#5288,#5289,#5290,#5291,#5292,#5293,
#5294)),.UNSPECIFIED.,.F.,.F.,.F.,(4,1,1,4),(4,1,1,1,4),(0.,0.285714285714286,
0.571428571428571,1.),(0.,0.123950264537817,0.247900529075635,0.413167548459391,
0.578434567843148),.UNSPECIFIED.);
#25=B_SPLINE_SURFACE_WITH_KNOTS('',3,3,((#5312,#5313,#5314,#5315,#5316,
#5317,#5318,#5319,#5320,#5321,#5322,#5323),(#5324,#5325,#5326,#5327,#5328,
#5329,#5330,#5331,#5332,#5333,#5334,#5335),(#5336,#5337,#5338,#5339,#5340,
#5341,#5342,#5343,#5344,#5345,#5346,#5347),(#5348,#5349,#5350,#5351,#5352,
#5353,#5354,#5355,#5356,#5357,#5358,#5359),(#5360,#5361,#5362,#5363,#5364,
#5365,#5366,#5367,#5368,#5369,#5370,#5371)),.UNSPECIFIED.,.F.,.F.,.F.,(4,
1,4),(4,2,1,1,1,1,1,1,4),(0.,0.571428571428571,1.),(-0.404279722579758,
-0.403096498042744,-0.322477198434195,-0.282167548629921,-0.241857898825646,
-0.201548249021372,-0.161238599217098,-0.0806192996085488,-1.36474519358302E-16),
 .UNSPECIFIED.);
#26=B_SPLINE_SURFACE_WITH_KNOTS('',3,3,((#5439,#5440,#5441,#5442,#5443,
#5444,#5445,#5446,#5447,#5448,#5449),(#5450,#5451,#5452,#5453,#5454,#5455,
#5456,#5457,#5458,#5459,#5460),(#5461,#5462,#5463,#5464,#5465,#5466,#5467,
#5468,#5469,#5470,#5471),(#5472,#5473,#5474,#5475,#5476,#5477,#5478,#5479,
#5480,#5481,#5482),(#5483,#5484,#5485,#5486,#5487,#5488,#5489,#5490,#5491,
#5492,#5493),(#5494,#5495,#5496,#5497,#5498,#5499,#5500,#5501,#5502,#5503,
#5504),(#5505,#5506,#5507,#5508,#5509,#5510,#5511,#5512,#5513,#5514,#5515)),
 .UNSPECIFIED.,.F.,.F.,.F.,(4,1,1,1,4),(4,1,1,1,1,1,1,1,4),(0.,0.285714285714286,
0.571428571428571,0.785714285714286,1.),(0.,0.134628198248905,0.26925639649781,
0.403884594746715,0.538512792995619,0.605826892120072,0.673140991244524,
0.807769189493429,0.942397387742334),.UNSPECIFIED.);
#27=B_SPLINE_SURFACE_WITH_KNOTS('',3,3,((#5687,#5688,#5689,#5690,#5691,
#5692,#5693,#5694,#5695,#5696,#5697),(#5698,#5699,#5700,#5701,#5702,#5703,
#5704,#5705,#5706,#5707,#5708),(#5709,#5710,#5711,#5712,#5713,#5714,#5715,
#5716,#5717,#5718,#5719),(#5720,#5721,#5722,#5723,#5724,#5725,#5726,#5727,
#5728,#5729,#5730),(#5731,#5732,#5733,#5734,#5735,#5736,#5737,#5738,#5739,
#5740,#5741),(#5742,#5743,#5744,#5745,#5746,#5747,#5748,#5749,#5750,#5751,
#5752),(#5753,#5754,#5755,#5756,#5757,#5758,#5759,#5760,#5761,#5762,#5763)),
 .UNSPECIFIED.,.F.,.F.,.F.,(4,1,1,1,4),(4,1,1,1,1,1,1,1,4),(0.,0.285714285714286,
0.571428571428571,0.785714285714286,1.),(2.14435599771125E-16,0.134628198248905,
0.26925639649781,0.336570495622262,0.403884594746715,0.53851279299562,0.673140991244525,
0.807769189493429,0.942397387742334),.UNSPECIFIED.);
#28=B_SPLINE_SURFACE_WITH_KNOTS('',3,3,((#5785,#5786,#5787,#5788),(#5789,
#5790,#5791,#5792),(#5793,#5794,#5795,#5796),(#5797,#5798,#5799,#5800),
(#5801,#5802,#5803,#5804),(#5805,#5806,#5807,#5808)),.UNSPECIFIED.,.F.,
 .F.,.F.,(4,1,1,4),(4,4),(0.,0.285714285714286,0.571428571428571,1.),(-2.66453525910127E-15,
0.950000000000066),.UNSPECIFIED.);
#29=B_SPLINE_SURFACE_WITH_KNOTS('',3,3,((#6087,#6088,#6089,#6090,#6091,
#6092,#6093,#6094,#6095,#6096),(#6097,#6098,#6099,#6100,#6101,#6102,#6103,
#6104,#6105,#6106),(#6107,#6108,#6109,#6110,#6111,#6112,#6113,#6114,#6115,
#6116),(#6117,#6118,#6119,#6120,#6121,#6122,#6123,#6124,#6125,#6126),(#6127,
#6128,#6129,#6130,#6131,#6132,#6133,#6134,#6135,#6136)),.UNSPECIFIED.,.F.,
 .F.,.F.,(4,1,4),(4,1,1,1,1,1,1,4),(0.,0.571428571428571,1.),(0.167381967801825,
0.336758500382953,0.449676188770371,0.506135032964081,0.534364455060935,
0.548479166109363,0.555536521633576,0.56259387715779),.UNSPECIFIED.);
#30=B_SPLINE_SURFACE_WITH_KNOTS('',3,3,((#6153,#6154,#6155,#6156),(#6157,
#6158,#6159,#6160),(#6161,#6162,#6163,#6164),(#6165,#6166,#6167,#6168),
(#6169,#6170,#6171,#6172)),.UNSPECIFIED.,.F.,.F.,.F.,(4,1,4),(4,4),(0.,
0.571428571428571,1.),(2.83903685018017,3.05461602503996),.UNSPECIFIED.);
#31=B_SPLINE_SURFACE_WITH_KNOTS('',3,3,((#6179,#6180,#6181,#6182),(#6183,
#6184,#6185,#6186),(#6187,#6188,#6189,#6190),(#6191,#6192,#6193,#6194)),
 .UNSPECIFIED.,.F.,.F.,.F.,(4,4),(4,4),(0.,1.),(-9.98175952503065E-16,0.147835349147947),
 .UNSPECIFIED.);
#32=B_SPLINE_SURFACE_WITH_KNOTS('',3,3,((#6210,#6211,#6212,#6213,#6214,
#6215,#6216),(#6217,#6218,#6219,#6220,#6221,#6222,#6223),(#6224,#6225,#6226,
#6227,#6228,#6229,#6230),(#6231,#6232,#6233,#6234,#6235,#6236,#6237),(#6238,
#6239,#6240,#6241,#6242,#6243,#6244)),.UNSPECIFIED.,.F.,.F.,.F.,(4,1,4),
(4,1,1,1,4),(0.,0.571428571428571,1.),(6.67226094790139,7.02953788309447,
7.38681481828754,7.86318406521165,8.33955331213575),.UNSPECIFIED.);
#33=B_SPLINE_SURFACE_WITH_KNOTS('',3,1,((#6300,#6301),(#6302,#6303),(#6304,
#6305),(#6306,#6307),(#6308,#6309),(#6310,#6311),(#6312,#6313),(#6314,#6315),
(#6316,#6317),(#6318,#6319),(#6320,#6321),(#6322,#6323),(#6324,#6325),(#6326,
#6327),(#6328,#6329),(#6330,#6331),(#6332,#6333),(#6334,#6335),(#6336,#6337),
(#6338,#6339),(#6340,#6341),(#6342,#6343),(#6344,#6345),(#6346,#6347),(#6348,
#6349),(#6350,#6351),(#6352,#6353),(#6354,#6355),(#6356,#6357),(#6358,#6359),
(#6360,#6361),(#6362,#6363)),.UNSPECIFIED.,.F.,.F.,.F.,(4,1,1,1,1,1,1,1,
1,1,1,1,1,1,1,1,1,1,1,1,1,1,1,1,1,1,1,1,1,4),(2,2),(-0.614666047666529,
-0.605300769374538,-0.595935491082547,-0.591252851936551,-0.58188757364456,
-0.577204934498564,-0.567839656206573,-0.563157017060578,-0.549109099622591,
-0.5397438213306,-0.521013264746617,-0.511647986454626,-0.483552151578653,
-0.46482159499467,-0.427360481826706,-0.408629925242723,-0.38053409036675,
-0.371168812074759,-0.352438255490776,-0.343072977198785,-0.329025059760798,
-0.324342420614803,-0.314977142322812,-0.310294503176816,-0.296246585738829,
-0.286881307446838,-0.258785472570865,-0.240054915986882,-0.202593802818918,
-0.165132689650953),(0.,3.07500000000001),.UNSPECIFIED.);
#34=B_SPLINE_SURFACE_WITH_KNOTS('',3,1,((#6404,#6405),(#6406,#6407),(#6408,
#6409),(#6410,#6411),(#6412,#6413),(#6414,#6415),(#6416,#6417),(#6418,#6419),
(#6420,#6421),(#6422,#6423),(#6424,#6425),(#6426,#6427),(#6428,#6429),(#6430,
#6431),(#6432,#6433),(#6434,#6435),(#6436,#6437),(#6438,#6439),(#6440,#6441),
(#6442,#6443),(#6444,#6445),(#6446,#6447),(#6448,#6449),(#6450,#6451),(#6452,
#6453),(#6454,#6455),(#6456,#6457)),.UNSPECIFIED.,.F.,.F.,.F.,(4,1,1,1,
1,1,1,1,1,1,1,1,1,1,1,1,1,1,1,1,1,1,1,1,4),(2,2),(-1.8576699932712,-1.80257485224864,
-1.74747971122608,-1.7199321407148,-1.63728942918096,-1.5821942881584,-1.49955157662455,
-1.47200400611327,-1.41690886509071,-1.38936129457943,-1.35492683144033,
-1.34803993881251,-1.33426615355687,-1.32737926092905,-1.30671858304559,
-1.29294479778995,-1.25162344202303,-1.22407587151175,-1.16898073048918,
-1.1414331599779,-1.08633801895534,-1.05879044844406,-1.0036953074215,-0.976147736910219,
-0.972406171154203),(0.,3.07500000000001),.UNSPECIFIED.);
#35=B_SPLINE_SURFACE_WITH_KNOTS('',3,1,((#6510,#6511),(#6512,#6513),(#6514,
#6515),(#6516,#6517),(#6518,#6519),(#6520,#6521),(#6522,#6523),(#6524,#6525),
(#6526,#6527),(#6528,#6529),(#6530,#6531),(#6532,#6533),(#6534,#6535),(#6536,
#6537),(#6538,#6539),(#6540,#6541),(#6542,#6543),(#6544,#6545),(#6546,#6547),
(#6548,#6549),(#6550,#6551),(#6552,#6553),(#6554,#6555),(#6556,#6557),(#6558,
#6559),(#6560,#6561),(#6562,#6563),(#6564,#6565),(#6566,#6567),(#6568,#6569),
(#6570,#6571),(#6572,#6573),(#6574,#6575),(#6576,#6577)),.UNSPECIFIED.,
 .F.,.F.,.F.,(4,1,1,1,1,1,1,1,1,1,1,1,1,1,1,1,1,1,1,1,1,1,1,1,1,1,1,1,1,
1,1,4),(2,2),(0.0940969642418717,0.137680471762864,0.181263979283857,0.203055733044353,
0.246639240565346,0.268430994325842,0.295670686526463,0.301118624966587,
0.312014501846835,0.317462440286959,0.328358317167207,0.333806255607331,
0.344702132487579,0.350150070927703,0.366493886248075,0.377389763128324,
0.39918151688882,0.410077393769068,0.442765024409813,0.464556778170309,
0.497244408811053,0.508140285691301,0.529932039451798,0.540827916332046,
0.557171731652418,0.562619670092542,0.57351554697279,0.578963485412914,
0.589859362293163,0.595307300733287,0.606203177613535,0.617099054493783),
(0.,0.5),.UNSPECIFIED.);
#36=B_SPLINE_SURFACE_WITH_KNOTS('',3,1,((#6669,#6670),(#6671,#6672),(#6673,
#6674),(#6675,#6676),(#6677,#6678),(#6679,#6680),(#6681,#6682),(#6683,#6684),
(#6685,#6686),(#6687,#6688),(#6689,#6690),(#6691,#6692),(#6693,#6694),(#6695,
#6696),(#6697,#6698),(#6699,#6700),(#6701,#6702),(#6703,#6704),(#6705,#6706),
(#6707,#6708),(#6709,#6710),(#6711,#6712),(#6713,#6714),(#6715,#6716),(#6717,
#6718),(#6719,#6720),(#6721,#6722),(#6723,#6724),(#6725,#6726),(#6727,#6728),
(#6729,#6730),(#6731,#6732)),.UNSPECIFIED.,.F.,.F.,.F.,(4,1,1,1,1,1,1,1,
1,1,1,1,1,1,1,1,1,1,1,1,1,1,1,1,1,1,1,1,1,4),(2,2),(0.535386608729727,0.64557689077485,
0.755767172819973,0.810862313842535,0.893505025376377,0.921052595887658,
0.976147736910219,1.0036953074215,1.05879044844406,1.08633801895534,1.1414331599779,
1.16898073048918,1.22407587151175,1.25162344202303,1.29294479778995,1.30671858304559,
1.32737926092905,1.33426615355687,1.34803993881251,1.35492683144033,1.38936129457943,
1.41690886509071,1.47200400611327,1.49955157662455,1.5821942881584,1.63728942918096,
1.7199321407148,1.74747971122608,1.80257485224864,1.8576699932712),(0.,
0.5),.UNSPECIFIED.);
#37=B_SPLINE_SURFACE_WITH_KNOTS('',3,3,((#7007,#7008,#7009,#7010),(#7011,
#7012,#7013,#7014),(#7015,#7016,#7017,#7018),(#7019,#7020,#7021,#7022),
(#7023,#7024,#7025,#7026)),.UNSPECIFIED.,.F.,.F.,.F.,(4,1,4),(4,4),(0.,
0.571428571428571,1.),(-0.929311324649554,-0.724152036644467),
 .UNSPECIFIED.);
#38=B_SPLINE_SURFACE_WITH_KNOTS('',3,3,((#7053,#7054,#7055,#7056,#7057,
#7058,#7059),(#7060,#7061,#7062,#7063,#7064,#7065,#7066),(#7067,#7068,#7069,
#7070,#7071,#7072,#7073),(#7074,#7075,#7076,#7077,#7078,#7079,#7080),(#7081,
#7082,#7083,#7084,#7085,#7086,#7087)),.UNSPECIFIED.,.F.,.F.,.F.,(4,1,4),
(4,1,1,1,4),(0.,0.571428571428571,1.),(-1.11022302462516E-16,0.448798950512827,
0.897597901025655,1.12199737628207,1.5707963267949),.UNSPECIFIED.);
#39=B_SPLINE_SURFACE_WITH_KNOTS('',3,3,((#7106,#7107,#7108,#7109,#7110,
#7111,#7112),(#7113,#7114,#7115,#7116,#7117,#7118,#7119),(#7120,#7121,#7122,
#7123,#7124,#7125,#7126),(#7127,#7128,#7129,#7130,#7131,#7132,#7133),(#7134,
#7135,#7136,#7137,#7138,#7139,#7140),(#7141,#7142,#7143,#7144,#7145,#7146,
#7147)),.UNSPECIFIED.,.F.,.F.,.F.,(4,1,1,4),(4,1,1,1,4),(0.,0.285714285714286,
0.571428571428571,1.),(4.71238898038469,5.16118793089752,5.60998688141035,
5.83438635666676,6.28318530717959),.UNSPECIFIED.);
#40=B_SPLINE_SURFACE_WITH_KNOTS('',3,3,((#7258,#7259,#7260,#7261,#7262,
#7263,#7264),(#7265,#7266,#7267,#7268,#7269,#7270,#7271),(#7272,#7273,#7274,
#7275,#7276,#7277,#7278),(#7279,#7280,#7281,#7282,#7283,#7284,#7285),(#7286,
#7287,#7288,#7289,#7290,#7291,#7292)),.UNSPECIFIED.,.F.,.F.,.F.,(4,1,4),
(4,1,1,1,4),(0.,0.571428571428571,1.),(-0.25554095830299,0.26626969458212,
0.788080347467231,1.04898567390979,1.5707963267949),.UNSPECIFIED.);
#41=B_SPLINE_SURFACE_WITH_KNOTS('',3,3,((#7337,#7338,#7339,#7340,#7341,
#7342),(#7343,#7344,#7345,#7346,#7347,#7348),(#7349,#7350,#7351,#7352,#7353,
#7354),(#7355,#7356,#7357,#7358,#7359,#7360),(#7361,#7362,#7363,#7364,#7365,
#7366),(#7367,#7368,#7369,#7370,#7371,#7372)),.UNSPECIFIED.,.F.,.F.,.F.,
(4,1,1,4),(4,1,1,4),(0.,0.285714285714286,0.571428571428571,1.),(4.71238898038469,
5.24227156347945,5.59552661887595,5.94878167427245),.UNSPECIFIED.);
#42=B_SPLINE_SURFACE_WITH_KNOTS('',3,3,((#7463,#7464,#7465,#7466,#7467),
(#7468,#7469,#7470,#7471,#7472),(#7473,#7474,#7475,#7476,#7477),(#7478,
#7479,#7480,#7481,#7482),(#7483,#7484,#7485,#7486,#7487)),.UNSPECIFIED.,
 .F.,.F.,.F.,(4,1,4),(4,1,4),(0.,0.571428571428571,1.),(0.481840094108441,
0.948535622402636,1.5707963267949),.UNSPECIFIED.);
#43=B_SPLINE_SURFACE_WITH_KNOTS('',3,3,((#7578,#7579,#7580,#7581),(#7582,
#7583,#7584,#7585),(#7586,#7587,#7588,#7589),(#7590,#7591,#7592,#7593)),
 .UNSPECIFIED.,.F.,.F.,.F.,(4,4),(4,4),(0.,0.0990316992696519),(0.,0.0283831177734801),
 .UNSPECIFIED.);
#44=B_SPLINE_SURFACE_WITH_KNOTS('',3,3,((#7596,#7597,#7598,#7599,#7600),
(#7601,#7602,#7603,#7604,#7605),(#7606,#7607,#7608,#7609,#7610),(#7611,
#7612,#7613,#7614,#7615),(#7616,#7617,#7618,#7619,#7620)),.UNSPECIFIED.,
 .F.,.F.,.F.,(4,1,4),(4,1,4),(0.,0.571428571428571,1.),(0.481840094117622,
1.10410079850464,1.5707963267949),.UNSPECIFIED.);
#45=B_SPLINE_SURFACE_WITH_KNOTS('',3,3,((#7625,#7626,#7627,#7628,#7629,
#7630),(#7631,#7632,#7633,#7634,#7635,#7636),(#7637,#7638,#7639,#7640,#7641,
#7642),(#7643,#7644,#7645,#7646,#7647,#7648),(#7649,#7650,#7651,#7652,#7653,
#7654),(#7655,#7656,#7657,#7658,#7659,#7660)),.UNSPECIFIED.,.F.,.F.,.F.,
(4,1,1,4),(4,1,1,4),(0.,0.285714285714286,0.571428571428571,1.),(4.71238898038469,
5.20390049931611,5.5315748452704,5.85924919122468),.UNSPECIFIED.);
#46=B_SPLINE_SURFACE_WITH_KNOTS('',3,3,((#7663,#7664,#7665,#7666),(#7667,
#7668,#7669,#7670),(#7671,#7672,#7673,#7674),(#7675,#7676,#7677,#7678),
(#7679,#7680,#7681,#7682),(#7683,#7684,#7685,#7686)),.UNSPECIFIED.,.F.,
 .F.,.F.,(4,1,1,4),(4,4),(0.,0.285714285714286,0.571428571428571,1.),(-1.5707963267949,
-0.923410754393756),.UNSPECIFIED.);
#47=B_SPLINE_SURFACE_WITH_KNOTS('',3,3,((#7690,#7691,#7692,#7693,#7694,
#7695,#7696),(#7697,#7698,#7699,#7700,#7701,#7702,#7703),(#7704,#7705,#7706,
#7707,#7708,#7709,#7710),(#7711,#7712,#7713,#7714,#7715,#7716,#7717),(#7718,
#7719,#7720,#7721,#7722,#7723,#7724),(#7725,#7726,#7727,#7728,#7729,#7730,
#7731)),.UNSPECIFIED.,.F.,.F.,.F.,(4,1,1,4),(4,1,1,1,4),(0.,0.285714285714286,
0.571428571428571,1.),(0.,0.315520691164576,0.631041382329151,1.05173563721525,
1.47242989210135),.UNSPECIFIED.);
#48=B_SPLINE_SURFACE_WITH_KNOTS('',3,3,((#7768,#7769,#7770,#7771,#7772),
(#7773,#7774,#7775,#7776,#7777),(#7778,#7779,#7780,#7781,#7782),(#7783,
#7784,#7785,#7786,#7787),(#7788,#7789,#7790,#7791,#7792)),.UNSPECIFIED.,
 .F.,.F.,.F.,(4,1,4),(4,1,4),(0.,0.5,1.),(5.26838611786135,5.69323011832481,
6.0118631186724),.UNSPECIFIED.);
#49=B_SPLINE_SURFACE_WITH_KNOTS('',3,3,((#7793,#7794,#7795,#7796),(#7797,
#7798,#7799,#7800),(#7801,#7802,#7803,#7804),(#7805,#7806,#7807,#7808),
(#7809,#7810,#7811,#7812)),.UNSPECIFIED.,.F.,.F.,.F.,(4,1,4),(4,4),(0.,
0.571428571428571,1.),(0.104612376583224,0.337584588404489),
 .UNSPECIFIED.);
#50=B_SPLINE_SURFACE_WITH_KNOTS('',3,3,((#7836,#7837,#7838,#7839,#7840,
#7841,#7842),(#7843,#7844,#7845,#7846,#7847,#7848,#7849),(#7850,#7851,#7852,
#7853,#7854,#7855,#7856),(#7857,#7858,#7859,#7860,#7861,#7862,#7863),(#7864,
#7865,#7866,#7867,#7868,#7869,#7870),(#7871,#7872,#7873,#7874,#7875,#7876,
#7877),(#7878,#7879,#7880,#7881,#7882,#7883,#7884)),.UNSPECIFIED.,.F.,.F.,
 .F.,(4,1,1,1,4),(4,1,1,1,4),(0.,0.285714285714286,0.571428571428571,0.785714285714286,
1.),(2.10522737144895,2.34632456876658,2.40659886809599,2.4668731674254,
2.52714746675481),.UNSPECIFIED.);
#51=B_SPLINE_SURFACE_WITH_KNOTS('',3,3,((#7923,#7924,#7925,#7926),(#7927,
#7928,#7929,#7930),(#7931,#7932,#7933,#7934),(#7935,#7936,#7937,#7938),
(#7939,#7940,#7941,#7942),(#7943,#7944,#7945,#7946)),.UNSPECIFIED.,.F.,
 .F.,.F.,(4,1,1,4),(4,4),(0.126880442847294,0.501074538769882,0.750537269384941,
1.),(0.434439108102197,0.653307410351253),.UNSPECIFIED.);
#52=B_SPLINE_SURFACE_WITH_KNOTS('',3,3,((#7956,#7957,#7958,#7959,#7960),
(#7961,#7962,#7963,#7964,#7965),(#7966,#7967,#7968,#7969,#7970),(#7971,
#7972,#7973,#7974,#7975),(#7976,#7977,#7978,#7979,#7980)),.UNSPECIFIED.,
 .F.,.F.,.F.,(4,1,4),(4,1,4),(0.32545412031986,0.614545211611349,1.),(1.40261948525986,
2.0783632044615,2.97935483006368),.UNSPECIFIED.);
#53=B_SPLINE_SURFACE_WITH_KNOTS('',3,3,((#7989,#7990,#7991,#7992,#7993),
(#7994,#7995,#7996,#7997,#7998),(#7999,#8000,#8001,#8002,#8003),(#8004,
#8005,#8006,#8007,#8008),(#8009,#8010,#8011,#8012,#8013)),.UNSPECIFIED.,
 .F.,.F.,.F.,(4,1,4),(4,1,4),(0.333333333333333,0.666666666666667,1.),(4.71498802466095,
4.974610262429,5.32077324611974),.UNSPECIFIED.);
#54=TOROIDAL_SURFACE('',#3651,5.,2.);
#55=TOROIDAL_SURFACE('',#3653,5.,2.);
#56=TOROIDAL_SURFACE('',#3662,7.5,5.);
#57=TOROIDAL_SURFACE('',#3665,3.,2.);
#58=TOROIDAL_SURFACE('',#3679,5.,2.);
#59=TOROIDAL_SURFACE('',#3886,21.,1.);
#60=TOROIDAL_SURFACE('',#3902,19.,1.);
#61=TOROIDAL_SURFACE('',#3906,19.,1.);
#62=TOROIDAL_SURFACE('',#3910,19.,1.);
#63=TOROIDAL_SURFACE('',#3920,51.3111137805625,1.);
#64=TOROIDAL_SURFACE('',#3924,51.3111137805625,1.);
#65=TOROIDAL_SURFACE('',#3928,53.0431645881314,3.);
#66=ELLIPSE('',#3624,7.07106781186548,5.);
#67=ELLIPSE('',#3627,5.27387022247908,5.);
#68=ELLIPSE('',#3642,7.07106781186548,5.);
#69=ELLIPSE('',#3646,7.07106781186548,5.);
#70=ELLIPSE('',#3657,2.10954808899163,2.);
#71=ELLIPSE('',#3658,6.28810795680062,2.);
#72=ELLIPSE('',#3670,2.10954808899163,2.);
#73=ELLIPSE('',#3678,14.5943641521148,12.0255521485622);
#74=ELLIPSE('',#3693,15.7202698920016,5.);
#75=ELLIPSE('',#3698,5.27387022247908,5.);
#76=ELLIPSE('',#3699,21.0954808899163,20.);
#77=ELLIPSE('',#3703,21.0954808899163,20.);
#78=ELLIPSE('',#3724,20.991186980828,20.);
#79=ELLIPSE('',#3782,7.07106781186548,5.);
#80=ELLIPSE('',#3799,8.36471367443373,8.);
#81=ELLIPSE('',#3801,2.09117841860843,2.);
#82=ELLIPSE('',#3808,14.5943641521148,12.0255521485622);
#83=ELLIPSE('',#3827,15.5590160664539,12.937386168381);
#84=ELLIPSE('',#3828,15.5590160664539,12.937386168381);
#85=ELLIPSE('',#3855,10.1542661188574,10.);
#86=ELLIPSE('',#3856,93.1317279763579,56.281192615135);
#87=ELLIPSE('',#3858,10.1542661188574,10.);
#88=ELLIPSE('',#3862,87.6813402584227,52.9874244477694);
#89=ELLIPSE('',#3874,21.204570112583,20.);
#90=ELLIPSE('',#3876,22.1502549344121,21.);
#91=ELLIPSE('',#3879,22.1502549344121,21.);
#92=ELLIPSE('',#3880,21.204570112583,20.);
#93=ELLIPSE('',#3882,20.0407068454205,19.);
#94=ELLIPSE('',#3883,20.0407068454205,19.);
#95=ELLIPSE('',#3888,21.204570112583,20.);
#96=ELLIPSE('',#3890,22.1502549344121,21.);
#97=ELLIPSE('',#3893,21.204570112583,20.);
#98=ELLIPSE('',#3894,22.1502549344121,21.);
#99=ELLIPSE('',#3896,20.0407068454205,19.);
#100=ELLIPSE('',#3897,20.0407068454205,19.);
#101=ELLIPSE('',#3904,20.991186980828,20.);
#102=ELLIPSE('',#3912,20.991186980828,20.);
#103=ELLIPSE('',#3919,20.991186980828,20.);
#104=B_SPLINE_CURVE_WITH_KNOTS('',3,(#4920,#4921,#4922,#4923,#4924,#4925),
 .UNSPECIFIED.,.F.,.F.,(4,2,4),(0.95847471504001,1.04583820367205,1.07859031086653),
 .UNSPECIFIED.);
#105=B_SPLINE_CURVE_WITH_KNOTS('',3,(#4933,#4934,#4935,#4936,#4937,#4938,
#4939,#4940),.UNSPECIFIED.,.F.,.F.,(4,2,2,4),(-0.332512070158953,-0.227737332510047,
-0.113868666255024,0.),.UNSPECIFIED.);
#106=B_SPLINE_CURVE_WITH_KNOTS('',3,(#4945,#4946,#4947,#4948,#4949,#4950),
 .UNSPECIFIED.,.F.,.F.,(4,2,4),(0.83835911921349,0.871111226407974,0.95847471504001),
 .UNSPECIFIED.);
#107=B_SPLINE_CURVE_WITH_KNOTS('',3,(#4954,#4955,#4956,#4957,#4958,#4959,
#4960,#4961),.UNSPECIFIED.,.F.,.F.,(4,2,2,4),(0.,0.115208743480472,0.230417486960943,
0.332605730972332),.UNSPECIFIED.);
#108=B_SPLINE_CURVE_WITH_KNOTS('',3,(#5007,#5008,#5009,#5010,#5011,#5012,
#5013,#5014,#5015,#5016),.UNSPECIFIED.,.F.,.F.,(4,1,1,1,1,1,1,4),(-0.739435039165749,
-0.673140991244524,-0.605826892120072,-0.538512792995619,-0.403884594746715,
-0.26925639649781,-0.134628198248905,0.),.UNSPECIFIED.);
#109=B_SPLINE_CURVE_WITH_KNOTS('',3,(#5025,#5026,#5027,#5028,#5029,#5030,
#5031,#5032,#5033,#5034,#5035,#5036,#5037,#5038,#5039),.UNSPECIFIED.,.F.,
 .F.,(4,2,2,3,2,2,4),(-0.223545782507958,-0.190216035942517,-0.0951080179712587,
0.,0.0951080179712587,0.190216035942517,0.223545782361058),
 .UNSPECIFIED.);
#110=B_SPLINE_CURVE_WITH_KNOTS('',3,(#5047,#5048,#5049,#5050,#5051,#5052,
#5053,#5054,#5055,#5056,#5057,#5058,#5059,#5060,#5061,#5062,#5063,#5064),
 .UNSPECIFIED.,.F.,.F.,(4,2,2,2,2,2,2,2,4),(0.384390552103474,0.480357027935109,
0.576323503766744,0.672552303987142,0.76878110420754,0.865009904427937,
0.961238704648335,1.05720518047997,1.1531716563116),.UNSPECIFIED.);
#111=B_SPLINE_CURVE_WITH_KNOTS('',3,(#5080,#5081,#5082,#5083,#5084,#5085,
#5086,#5087,#5088,#5089),.UNSPECIFIED.,.F.,.F.,(4,2,2,2,4),(0.296557662780805,
0.370981022691384,0.445402446357762,0.519616897835154,0.593499720111324),
 .UNSPECIFIED.);
#112=B_SPLINE_CURVE_WITH_KNOTS('',3,(#5108,#5109,#5110,#5111,#5112,#5113,
#5114,#5115),.UNSPECIFIED.,.F.,.F.,(4,2,2,4),(0.655443202631774,0.68543766395085,
0.719554728681431,0.730848970342945),.UNSPECIFIED.);
#113=B_SPLINE_CURVE_WITH_KNOTS('',3,(#5116,#5117,#5118,#5119,#5120,#5121,
#5122,#5123,#5124,#5125),.UNSPECIFIED.,.F.,.F.,(4,2,2,2,4),(-0.374557771754755,
-0.294047579951891,-0.207735984667902,-0.102466987395849,0.),
 .UNSPECIFIED.);
#114=B_SPLINE_CURVE_WITH_KNOTS('',3,(#5132,#5133,#5134,#5135,#5136,#5137,
#5138,#5139,#5140,#5141,#5142),.UNSPECIFIED.,.F.,.F.,(4,1,1,1,1,1,1,1,4),
(-0.942397387742334,-0.807769189493429,-0.673140991244525,-0.53851279299562,
-0.403884594746715,-0.336570495622262,-0.26925639649781,-0.134628198248905,
-2.14435599771125E-16),.UNSPECIFIED.);
#115=B_SPLINE_CURVE_WITH_KNOTS('',3,(#5154,#5155,#5156,#5157,#5158,#5159,
#5160),.UNSPECIFIED.,.F.,.F.,(4,1,1,1,4),(-8.33955331213575,-7.86318406521165,
-7.38681481828754,-7.02953788309447,-6.67226094790139),.UNSPECIFIED.);
#116=B_SPLINE_CURVE_WITH_KNOTS('',3,(#5164,#5165,#5166,#5167),
 .UNSPECIFIED.,.F.,.F.,(4,4),(-3.05461602503996,-2.83903685018017),
 .UNSPECIFIED.);
#117=B_SPLINE_CURVE_WITH_KNOTS('',3,(#5187,#5188,#5189,#5190,#5191,#5192,
#5193,#5194),.UNSPECIFIED.,.F.,.F.,(4,1,1,1,1,4),(0.471197026321176,0.538512792995619,
0.605826892120072,0.673140991244524,0.807769189493429,0.942397387742334),
 .UNSPECIFIED.);
#118=B_SPLINE_CURVE_WITH_KNOTS('',3,(#5198,#5199,#5200,#5201,#5202,#5203,
#5204),.UNSPECIFIED.,.F.,.F.,(4,1,1,1,4),(0.,0.134628198248905,0.26925639649781,
0.403884594746715,0.471197026321176),.UNSPECIFIED.);
#119=B_SPLINE_CURVE_WITH_KNOTS('',3,(#5243,#5244,#5245,#5246),
 .UNSPECIFIED.,.F.,.F.,(4,4),(0.,0.25138775752266),.UNSPECIFIED.);
#120=B_SPLINE_CURVE_WITH_KNOTS('',3,(#5249,#5250,#5251,#5252),
 .UNSPECIFIED.,.F.,.F.,(4,4),(-0.25138775752266,0.),.UNSPECIFIED.);
#121=B_SPLINE_CURVE_WITH_KNOTS('',3,(#5298,#5299,#5300,#5301,#5302,#5303,
#5304),.UNSPECIFIED.,.F.,.F.,(4,1,1,1,4),(0.,0.123950264537817,0.247900529075635,
0.413167548459391,0.578434567843148),.UNSPECIFIED.);
#122=B_SPLINE_CURVE_WITH_KNOTS('',3,(#5305,#5306,#5307,#5308,#5309,#5310,
#5311),.UNSPECIFIED.,.F.,.F.,(4,1,1,1,4),(-0.578434567843148,-0.413167548459391,
-0.247900529075635,-0.123950264537817,0.),.UNSPECIFIED.);
#123=B_SPLINE_CURVE_WITH_KNOTS('',3,(#5373,#5374,#5375,#5376,#5377,#5378,
#5379,#5380,#5381,#5382,#5383,#5384),.UNSPECIFIED.,.F.,.F.,(4,2,1,1,1,1,
1,1,4),(-0.404279722579758,-0.403096498042744,-0.322477198434195,-0.282167548629921,
-0.241857898825646,-0.201548249021372,-0.161238599217098,-0.0806192996085488,
-1.36474519358302E-16),.UNSPECIFIED.);
#124=B_SPLINE_CURVE_WITH_KNOTS('',3,(#5385,#5386,#5387,#5388,#5389,#5390,
#5391,#5392,#5393,#5394,#5395,#5396),.UNSPECIFIED.,.F.,.F.,(4,1,1,1,1,1,
1,2,4),(1.36474519358302E-16,0.0806192996085488,0.161238599217098,0.201548249021372,
0.241857898825646,0.282167548629921,0.322477198434195,0.403096498042744,
0.404279722579758),.UNSPECIFIED.);
#125=B_SPLINE_CURVE_WITH_KNOTS('',3,(#5403,#5404,#5405,#5406,#5407,#5408,
#5409,#5410),.UNSPECIFIED.,.F.,.F.,(4,2,2,4),(0.147944779002239,0.20052242071988,
0.27366472143108,0.340855531273235),.UNSPECIFIED.);
#126=B_SPLINE_CURVE_WITH_KNOTS('',3,(#5412,#5413,#5414,#5415,#5416,#5417,
#5418,#5419),.UNSPECIFIED.,.F.,.F.,(4,2,2,4),(-0.000565091366375013,0.,
0.0740783545626836,0.0855868306778776),.UNSPECIFIED.);
#127=B_SPLINE_CURVE_WITH_KNOTS('',3,(#5526,#5527,#5528,#5529,#5530,#5531,
#5532,#5533,#5534,#5535,#5536,#5537,#5538,#5539,#5540,#5541,#5542,#5543,
#5544,#5545,#5546,#5547,#5548,#5549,#5550,#5551,#5552,#5553,#5554,#5555,
#5556,#5557,#5558,#5559,#5560,#5561,#5562,#5563,#5564,#5565),
 .UNSPECIFIED.,.F.,.F.,(4,3,3,3,3,3,3,3,3,3,3,3,3,4),(0.223157865106522,
0.223758221855573,0.229590418807809,0.232506517283927,0.247087009664517,
0.258751403568989,0.282080191377933,0.293744585282406,0.328737766995822,
0.352066554804766,0.387059736518182,0.398724130422655,0.422052918231599,
0.445381706040543),.UNSPECIFIED.);
#128=B_SPLINE_CURVE_WITH_KNOTS('',3,(#5567,#5568,#5569,#5570,#5571,#5572,
#5573,#5574,#5575,#5576),.UNSPECIFIED.,.F.,.F.,(4,3,3,4),(0.,0.145058643230192,
0.241764405383654,0.338470167537115),.UNSPECIFIED.);
#129=B_SPLINE_CURVE_WITH_KNOTS('',3,(#5588,#5589,#5590,#5591,#5592,#5593,
#5594,#5595,#5596,#5597,#5598,#5599,#5600,#5601,#5602,#5603,#5604,#5605,
#5606,#5607,#5608,#5609,#5610,#5611,#5612,#5613,#5614,#5615,#5616,#5617,
#5618,#5619,#5620,#5621,#5622,#5623,#5624,#5625,#5626,#5627,#5628,#5629,
#5630,#5631,#5632,#5633,#5634,#5635,#5636,#5637,#5638,#5639,#5640,#5641,
#5642,#5643,#5644,#5645,#5646,#5647,#5648,#5649,#5650,#5651,#5652,#5653,
#5654,#5655,#5656,#5657,#5658,#5659,#5660,#5661,#5662,#5663,#5664,#5665,
#5666,#5667,#5668,#5669,#5670,#5671,#5672,#5673,#5674,#5675),
 .UNSPECIFIED.,.F.,.F.,(4,3,3,3,3,3,3,3,3,3,3,3,3,3,3,3,3,3,3,3,3,3,3,3,
3,3,3,3,3,4),(0.,0.0567442631691903,0.113488526338381,0.141860657922976,
0.184418855299869,0.198604921092166,0.219884019780613,0.226977052676761,
0.241163118469059,0.248256151365208,0.269535250053654,0.283721315845952,
0.312093447430547,0.326279513222845,0.368837710599737,0.397209842184333,
0.453954105353523,0.482326236938118,0.524884434315011,0.539070500107308,
0.567442631691904,0.581628697484201,0.602907796172648,0.610000829068796,
0.624186894861094,0.631279927757243,0.645465993549541,0.65255902644569,
0.666745092237987,0.680931158030284),.UNSPECIFIED.);
#130=B_SPLINE_CURVE_WITH_KNOTS('',3,(#5764,#5765,#5766,#5767,#5768,#5769,
#5770,#5771,#5772,#5773,#5774),.UNSPECIFIED.,.F.,.F.,(4,1,1,1,1,1,1,1,4),
(2.14435599771125E-16,0.134628198248905,0.26925639649781,0.336570495622262,
0.403884594746715,0.53851279299562,0.673140991244525,0.807769189493429,
0.942397387742334),.UNSPECIFIED.);
#131=B_SPLINE_CURVE_WITH_KNOTS('',3,(#5810,#5811,#5812,#5813),
 .UNSPECIFIED.,.F.,.F.,(4,4),(-2.66453525910127E-15,0.950000000000066),
 .UNSPECIFIED.);
#132=B_SPLINE_CURVE_WITH_KNOTS('',3,(#5815,#5816,#5817,#5818,#5819,#5820,
#5821,#5822,#5823,#5824),.UNSPECIFIED.,.F.,.F.,(4,3,3,4),(0.,0.0967057621534467,
0.193411524306893,0.338470167537064),.UNSPECIFIED.);
#133=B_SPLINE_CURVE_WITH_KNOTS('',3,(#5825,#5826,#5827,#5828),
 .UNSPECIFIED.,.F.,.F.,(4,4),(-0.950000000000066,2.66453525910127E-15),
 .UNSPECIFIED.);
#134=B_SPLINE_CURVE_WITH_KNOTS('',3,(#5892,#5893,#5894,#5895),
 .UNSPECIFIED.,.F.,.F.,(4,4),(2.82981323381076,2.83858615410305),
 .UNSPECIFIED.);
#135=B_SPLINE_CURVE_WITH_KNOTS('',3,(#6140,#6141,#6142,#6143,#6144,#6145,
#6146,#6147,#6148,#6149),.UNSPECIFIED.,.F.,.F.,(4,1,1,1,1,1,1,4),(0.167381967801825,
0.336758500382953,0.449676188770371,0.506135032964081,0.534364455060935,
0.548479166109363,0.555536521633576,0.56259387715779),.UNSPECIFIED.);
#136=B_SPLINE_CURVE_WITH_KNOTS('',3,(#6175,#6176,#6177,#6178),
 .UNSPECIFIED.,.F.,.F.,(4,4),(2.83903685018017,3.05461602503996),
 .UNSPECIFIED.);
#137=B_SPLINE_CURVE_WITH_KNOTS('',3,(#6199,#6200,#6201,#6202),
 .UNSPECIFIED.,.F.,.F.,(4,4),(-9.98175952503065E-16,0.147835349147947),
 .UNSPECIFIED.);
#138=B_SPLINE_CURVE_WITH_KNOTS('',3,(#6245,#6246,#6247,#6248,#6249,#6250,
#6251),.UNSPECIFIED.,.F.,.F.,(4,1,1,1,4),(6.67226094790139,7.02953788309447,
7.38681481828754,7.86318406521165,8.33955331213575),.UNSPECIFIED.);
#139=B_SPLINE_CURVE_WITH_KNOTS('',3,(#6287,#6288,#6289,#6290),
 .UNSPECIFIED.,.F.,.F.,(4,4),(0.,0.0283831177734801),.UNSPECIFIED.);
#140=B_SPLINE_CURVE_WITH_KNOTS('',3,(#6366,#6367,#6368,#6369,#6370,#6371,
#6372,#6373,#6374,#6375,#6376,#6377,#6378,#6379,#6380,#6381,#6382,#6383,
#6384,#6385,#6386,#6387,#6388,#6389,#6390,#6391,#6392,#6393,#6394,#6395,
#6396,#6397),.UNSPECIFIED.,.F.,.F.,(4,1,1,1,1,1,1,1,1,1,1,1,1,1,1,1,1,1,
1,1,1,1,1,1,1,1,1,1,1,4),(-0.614666047666529,-0.605300769374538,-0.595935491082547,
-0.591252851936551,-0.58188757364456,-0.577204934498564,-0.567839656206573,
-0.563157017060578,-0.549109099622591,-0.5397438213306,-0.521013264746617,
-0.511647986454626,-0.483552151578653,-0.46482159499467,-0.427360481826706,
-0.408629925242723,-0.38053409036675,-0.371168812074759,-0.352438255490776,
-0.343072977198785,-0.329025059760798,-0.324342420614803,-0.314977142322812,
-0.310294503176816,-0.296246585738829,-0.286881307446838,-0.258785472570865,
-0.240054915986882,-0.202593802818918,-0.165132689650953),.UNSPECIFIED.);
#141=B_SPLINE_CURVE_WITH_KNOTS('',3,(#6460,#6461,#6462,#6463,#6464,#6465,
#6466,#6467,#6468,#6469,#6470,#6471,#6472,#6473,#6474,#6475),
 .UNSPECIFIED.,.F.,.F.,(4,1,1,1,1,1,1,1,1,1,1,1,1,4),(-1.8576699932712,
-1.80257485224864,-1.74747971122608,-1.7199321407148,-1.63728942918096,
-1.5821942881584,-1.49955157662455,-1.47200400611327,-1.41690886509071,
-1.38936129457943,-1.35492683144033,-1.34803993881251,-1.33426615355687,
-1.33284830278877),.UNSPECIFIED.);
#142=B_SPLINE_CURVE_WITH_KNOTS('',3,(#6580,#6581,#6582,#6583,#6584,#6585,
#6586,#6587,#6588,#6589,#6590,#6591,#6592,#6593,#6594,#6595,#6596,#6597,
#6598,#6599,#6600,#6601,#6602,#6603,#6604,#6605,#6606,#6607,#6608,#6609,
#6610,#6611,#6612,#6613),.UNSPECIFIED.,.F.,.F.,(4,1,1,1,1,1,1,1,1,1,1,1,
1,1,1,1,1,1,1,1,1,1,1,1,1,1,1,1,1,1,1,4),(-0.617099054493783,-0.606203177613535,
-0.595307300733287,-0.589859362293163,-0.578963485412914,-0.57351554697279,
-0.562619670092542,-0.557171731652418,-0.540827916332046,-0.529932039451798,
-0.508140285691301,-0.497244408811053,-0.464556778170309,-0.442765024409813,
-0.410077393769068,-0.39918151688882,-0.377389763128324,-0.366493886248075,
-0.350150070927703,-0.344702132487579,-0.333806255607331,-0.328358317167207,
-0.317462440286959,-0.312014501846835,-0.301118624966587,-0.295670686526463,
-0.268430994325842,-0.246639240565346,-0.203055733044353,-0.181263979283857,
-0.137680471762864,-0.0940969642418717),.UNSPECIFIED.);
#143=B_SPLINE_CURVE_WITH_KNOTS('',3,(#6617,#6618,#6619,#6620,#6621,#6622,
#6623,#6624,#6625,#6626,#6627,#6628,#6629,#6630,#6631,#6632,#6633,#6634,
#6635,#6636,#6637,#6638,#6639,#6640,#6641,#6642,#6643,#6644,#6645,#6646,
#6647,#6648,#6649,#6650),.UNSPECIFIED.,.F.,.F.,(4,1,1,1,1,1,1,1,1,1,1,1,
1,1,1,1,1,1,1,1,1,1,1,1,1,1,1,1,1,1,1,4),(0.0940969642418717,0.137680471762864,
0.181263979283857,0.203055733044353,0.246639240565346,0.268430994325842,
0.295670686526463,0.301118624966587,0.312014501846835,0.317462440286959,
0.328358317167207,0.333806255607331,0.344702132487579,0.350150070927703,
0.366493886248075,0.377389763128324,0.39918151688882,0.410077393769068,
0.442765024409813,0.464556778170309,0.497244408811053,0.508140285691301,
0.529932039451798,0.540827916332046,0.557171731652418,0.562619670092542,
0.57351554697279,0.578963485412914,0.589859362293163,0.595307300733287,
0.606203177613535,0.617099054493783),.UNSPECIFIED.);
#144=B_SPLINE_CURVE_WITH_KNOTS('',3,(#6734,#6735,#6736,#6737,#6738,#6739,
#6740,#6741,#6742,#6743,#6744,#6745,#6746,#6747,#6748,#6749,#6750,#6751,
#6752,#6753,#6754,#6755,#6756,#6757,#6758,#6759,#6760,#6761,#6762,#6763,
#6764,#6765),.UNSPECIFIED.,.F.,.F.,(4,1,1,1,1,1,1,1,1,1,1,1,1,1,1,1,1,1,
1,1,1,1,1,1,1,1,1,1,1,4),(-1.8576699932712,-1.80257485224864,-1.74747971122608,
-1.7199321407148,-1.63728942918096,-1.5821942881584,-1.49955157662455,-1.47200400611327,
-1.41690886509071,-1.38936129457943,-1.35492683144033,-1.34803993881251,
-1.33426615355687,-1.32737926092905,-1.30671858304559,-1.29294479778995,
-1.25162344202303,-1.22407587151175,-1.16898073048918,-1.1414331599779,
-1.08633801895534,-1.05879044844406,-1.0036953074215,-0.976147736910219,
-0.921052595887658,-0.893505025376377,-0.810862313842535,-0.755767172819973,
-0.64557689077485,-0.535386608729727),.UNSPECIFIED.);
#145=B_SPLINE_CURVE_WITH_KNOTS('',3,(#6768,#6769,#6770,#6771,#6772,#6773,
#6774,#6775,#6776,#6777,#6778,#6779,#6780,#6781,#6782,#6783,#6784,#6785,
#6786,#6787,#6788,#6789,#6790,#6791,#6792,#6793,#6794,#6795,#6796,#6797,
#6798,#6799),.UNSPECIFIED.,.F.,.F.,(4,1,1,1,1,1,1,1,1,1,1,1,1,1,1,1,1,1,
1,1,1,1,1,1,1,1,1,1,1,4),(0.535386608729727,0.64557689077485,0.755767172819973,
0.810862313842535,0.893505025376377,0.921052595887658,0.976147736910219,
1.0036953074215,1.05879044844406,1.08633801895534,1.1414331599779,1.16898073048918,
1.22407587151175,1.25162344202303,1.29294479778995,1.30671858304559,1.32737926092905,
1.33426615355687,1.34803993881251,1.35492683144033,1.38936129457943,1.41690886509071,
1.47200400611327,1.49955157662455,1.5821942881584,1.63728942918096,1.7199321407148,
1.74747971122608,1.80257485224864,1.8576699932712),.UNSPECIFIED.);
#146=B_SPLINE_CURVE_WITH_KNOTS('',3,(#6828,#6829,#6830,#6831,#6832,#6833,
#6834,#6835,#6836,#6837,#6838,#6839,#6840,#6841,#6842,#6843,#6844,#6845),
 .UNSPECIFIED.,.F.,.F.,(4,2,2,2,2,2,2,2,4),(0.669287016899721,0.673245357437182,
0.805580846254334,0.937804959484439,1.07002907271454,1.20275340020454,1.33547772769454,
1.46731234548104,1.47080129622603),.UNSPECIFIED.);
#147=B_SPLINE_CURVE_WITH_KNOTS('',3,(#6859,#6860,#6861,#6862,#6863),
 .UNSPECIFIED.,.F.,.F.,(4,1,4),(-6.0118631186724,-5.69323011832481,-5.27531888483497),
 .UNSPECIFIED.);
#148=B_SPLINE_CURVE_WITH_KNOTS('',3,(#6867,#6868,#6869,#6870,#6871),
 .UNSPECIFIED.,.F.,.F.,(4,1,4),(-5.32077324611974,-4.974610262429,-4.71498802466095),
 .UNSPECIFIED.);
#149=B_SPLINE_CURVE_WITH_KNOTS('',3,(#6898,#6899,#6900,#6901),
 .UNSPECIFIED.,.F.,.F.,(4,4),(4.66983641587398,4.88740807059013),
 .UNSPECIFIED.);
#150=B_SPLINE_CURVE_WITH_KNOTS('',3,(#6902,#6903,#6904,#6905,#6906,#6907,
#6908,#6909,#6910,#6911),.UNSPECIFIED.,.F.,.F.,(4,2,2,2,4),(-0.15340745881529,
-0.125139376755503,-0.096004471990399,-0.051221578689979,0.),
 .UNSPECIFIED.);
#151=B_SPLINE_CURVE_WITH_KNOTS('',3,(#6918,#6919,#6920,#6921,#6922,#6923),
 .UNSPECIFIED.,.F.,.F.,(4,1,1,4),(2.10522737144895,2.34632456876658,2.40659886809599,
2.41994410906566),.UNSPECIFIED.);
#152=B_SPLINE_CURVE_WITH_KNOTS('',3,(#6927,#6928,#6929,#6930,#6931,#6932,
#6933,#6934),.UNSPECIFIED.,.F.,.F.,(4,2,2,4),(-0.141508718968031,-0.0866849187742171,
-0.0403930858473917,0.),.UNSPECIFIED.);
#153=B_SPLINE_CURVE_WITH_KNOTS('',3,(#6935,#6936,#6937,#6938,#6939,#6940),
 .UNSPECIFIED.,.F.,.F.,(4,2,4),(-0.181836685825563,-0.0923420276440927,
0.),.UNSPECIFIED.);
#154=B_SPLINE_CURVE_WITH_KNOTS('',3,(#6942,#6943,#6944,#6945,#6946,#6947,
#6948,#6949,#6950,#6951,#6952,#6953),.UNSPECIFIED.,.F.,.F.,(4,2,2,2,2,4),
(-0.187043541045001,-0.162832013827655,-0.139312196707537,-0.104586584045617,
-0.0608149709791402,0.),.UNSPECIFIED.);
#155=B_SPLINE_CURVE_WITH_KNOTS('',3,(#6962,#6963,#6964,#6965,#6966,#6967),
 .UNSPECIFIED.,.F.,.F.,(4,2,4),(0.0965512730423224,0.526627397839944,0.528658402959578),
 .UNSPECIFIED.);
#156=B_SPLINE_CURVE_WITH_KNOTS('',3,(#6976,#6977,#6978,#6979,#6980,#6981,
#6982,#6983,#6984,#6985),.UNSPECIFIED.,.F.,.F.,(4,2,2,2,4),(-0.263621705417178,
-0.224348172945324,-0.186503696149265,-0.148895591679331,-0.136461081664828),
 .UNSPECIFIED.);
#157=B_SPLINE_CURVE_WITH_KNOTS('',3,(#6986,#6987,#6988,#6989),
 .UNSPECIFIED.,.F.,.F.,(4,4),(0.170169314725556,0.256102291630234),
 .UNSPECIFIED.);
#158=B_SPLINE_CURVE_WITH_KNOTS('',3,(#6992,#6993,#6994,#6995,#6996),
 .UNSPECIFIED.,.F.,.F.,(4,1,4),(5.3218513697572,5.69323011832481,6.0118631186724),
 .UNSPECIFIED.);
#159=B_SPLINE_CURVE_WITH_KNOTS('',3,(#6997,#6998,#6999,#7000),
 .UNSPECIFIED.,.F.,.F.,(4,4),(-0.929311324649554,-0.724159536371238),
 .UNSPECIFIED.);
#160=B_SPLINE_CURVE_WITH_KNOTS('',3,(#7038,#7039,#7040,#7041,#7042,#7043,
#7044,#7045,#7046,#7047,#7048,#7049),.UNSPECIFIED.,.F.,.F.,(4,2,2,2,2,4),
(-1.06159888274688,-0.967185148897517,-0.930858413828526,-0.911745527438472,
-0.89730968151996,-0.896676335991339),.UNSPECIFIED.);
#161=B_SPLINE_CURVE_WITH_KNOTS('',3,(#7089,#7090,#7091,#7092,#7093,#7094),
 .UNSPECIFIED.,.F.,.F.,(4,2,4),(0.,0.0287348797134847,0.0884916584231573),
 .UNSPECIFIED.);
#162=B_SPLINE_CURVE_WITH_KNOTS('',3,(#7149,#7150,#7151,#7152,#7153,#7154,
#7155,#7156,#7157,#7158),.UNSPECIFIED.,.F.,.F.,(4,2,2,2,4),(-0.00200822936514362,
0.,0.299505259584959,0.547055952731492,0.742875721015273),.UNSPECIFIED.);
#163=B_SPLINE_CURVE_WITH_KNOTS('',3,(#7163,#7164,#7165,#7166,#7167,#7168,
#7169,#7170,#7171,#7172),.UNSPECIFIED.,.F.,.F.,(4,2,2,2,4),(-2.72900029730845,
-2.70619780739322,-2.69506289836311,-2.69094859049613,-2.68918435777378),
 .UNSPECIFIED.);
#164=B_SPLINE_CURVE_WITH_KNOTS('',3,(#7180,#7181,#7182,#7183,#7184,#7185,
#7186),.UNSPECIFIED.,.F.,.F.,(4,1,1,1,4),(0.,0.315520691164576,0.631041382329151,
1.05173563721525,1.4608589627212),.UNSPECIFIED.);
#165=B_SPLINE_CURVE_WITH_KNOTS('',3,(#7188,#7189,#7190,#7191,#7192,#7193,
#7194,#7195,#7196,#7197,#7198,#7199),.UNSPECIFIED.,.F.,.F.,(4,2,2,2,2,4),
(0.105252537282136,0.200864036391109,0.25718633612195,0.273563558334762,
0.283248408060925,0.28577128394617),.UNSPECIFIED.);
#166=B_SPLINE_CURVE_WITH_KNOTS('',3,(#7200,#7201,#7202,#7203),
 .UNSPECIFIED.,.F.,.F.,(4,4),(0.583360392421716,0.600377607071086),
 .UNSPECIFIED.);
#167=B_SPLINE_CURVE_WITH_KNOTS('',3,(#7208,#7209,#7210,#7211,#7212,#7213,
#7214,#7215,#7216,#7217,#7218,#7219,#7220,#7221,#7222,#7223,#7224,#7225,
#7226,#7227,#7228,#7229,#7230,#7231,#7232,#7233,#7234,#7235,#7236,#7237,
#7238,#7239,#7240,#7241,#7242,#7243,#7244,#7245,#7246,#7247,#7248,#7249,
#7250,#7251,#7252,#7253,#7254,#7255,#7256),.UNSPECIFIED.,.F.,.F.,(4,3,3,
3,3,3,3,3,3,3,3,3,3,3,3,3,4),(-0.000476637733951037,0.,0.0131213831240715,
0.0265699790471111,0.0353600383386304,0.0487919480893581,0.0621120811910004,
0.0707038688969395,0.0802297829757265,0.0935027858096343,0.10687207538846,
0.109754846925499,0.123141872714548,0.134032368063092,0.147412859868126,
0.148767721600297,0.157163198529452),.UNSPECIFIED.);
#168=B_SPLINE_CURVE_WITH_KNOTS('',3,(#7295,#7296,#7297,#7298,#7299,#7300,
#7301,#7302,#7303,#7304,#7305,#7306,#7307,#7308,#7309,#7310,#7311,#7312,
#7313,#7314,#7315,#7316),.UNSPECIFIED.,.F.,.F.,(4,2,2,2,2,2,2,2,2,2,4),
(0.,0.0751256567131041,0.284548864402412,0.324972513646071,0.344317707670301,
0.359373424330678,0.375595445402485,0.400967672888485,0.449845554217456,
0.578268509322507,0.718938555486455),.UNSPECIFIED.);
#169=B_SPLINE_CURVE_WITH_KNOTS('',3,(#7318,#7319,#7320,#7321,#7322,#7323,
#7324,#7325),.UNSPECIFIED.,.F.,.F.,(4,2,2,4),(-0.00204376604494843,0.,0.278996398519036,
0.532858117351239),.UNSPECIFIED.);
#170=B_SPLINE_CURVE_WITH_KNOTS('',3,(#7377,#7378,#7379,#7380,#7381,#7382,
#7383,#7384,#7385,#7386),.UNSPECIFIED.,.F.,.F.,(4,2,2,2,4),(-2.72900029730845,
-2.70619780739321,-2.69506289836311,-2.69094859049614,-2.68918435777378),
 .UNSPECIFIED.);
#171=B_SPLINE_CURVE_WITH_KNOTS('',3,(#7396,#7397,#7398,#7399,#7400,#7401,
#7402,#7403,#7404,#7405,#7406,#7407,#7408,#7409,#7410,#7411,#7412,#7413,
#7414),.UNSPECIFIED.,.F.,.F.,(4,3,3,3,3,3,4),(0.,0.0156259955200524,0.0299237358964539,
0.0396874367211914,0.042640999892705,0.0508753668047095,0.0520317469148978),
 .UNSPECIFIED.);
#172=B_SPLINE_CURVE_WITH_KNOTS('',3,(#7426,#7427,#7428,#7429,#7430,#7431,
#7432,#7433,#7434,#7435,#7436,#7437,#7438,#7439,#7440,#7441,#7442,#7443,
#7444,#7445,#7446,#7447,#7448,#7449,#7450,#7451,#7452,#7453,#7454,#7455,
#7456,#7457,#7458,#7459,#7460,#7461,#7462),.UNSPECIFIED.,.F.,.F.,(4,3,3,
3,3,3,3,3,3,3,3,3,4),(0.,0.0131174389776866,0.0265503209808159,0.038998568918196,
0.0524226310556886,0.065727981965648,0.0737812792805205,0.0781062554768926,
0.0914534434240306,0.103353633707298,0.116713085813847,0.128602502290414,
0.129052951132491),.UNSPECIFIED.);
#173=B_SPLINE_CURVE_WITH_KNOTS('',3,(#7489,#7490,#7491,#7492,#7493,#7494,
#7495,#7496,#7497,#7498,#7499,#7500,#7501,#7502,#7503,#7504,#7505,#7506,
#7507,#7508,#7509,#7510,#7511,#7512,#7513,#7514,#7515,#7516,#7517,#7518,
#7519,#7520,#7521,#7522,#7523,#7524,#7525),.UNSPECIFIED.,.F.,.F.,(4,3,3,
3,3,3,3,3,3,3,3,3,4),(-0.129030850667479,-0.128580396646454,-0.115327563424971,
-0.101942148000173,-0.0974503708871322,-0.084093371147851,-0.0737143865400125,
-0.0663246640141384,-0.0530417364828565,-0.0396186818420544,-0.0272522611080251,
-0.0136261305540125,0.),.UNSPECIFIED.);
#174=B_SPLINE_CURVE_WITH_KNOTS('',3,(#7529,#7530,#7531,#7532,#7533,#7534,
#7535,#7536,#7537,#7538,#7539,#7540,#7541,#7542,#7543,#7544,#7545,#7546,
#7547,#7548,#7549,#7550,#7551,#7552,#7553,#7554,#7555,#7556,#7557,#7558,
#7559,#7560,#7561,#7562,#7563,#7564,#7565,#7566,#7567,#7568,#7569,#7570,
#7571,#7572,#7573,#7574),.UNSPECIFIED.,.F.,.F.,(4,3,3,3,3,3,3,3,3,3,3,3,
3,3,3,4),(-0.157779753046633,-0.157317286367467,-0.144183205904986,-0.130656760585722,
-0.117130315266459,-0.103677149998159,-0.0904221745238222,-0.0780028912918762,
-0.077576768356396,-0.064388191246554,-0.0510100602655996,-0.0389729846104595,
-0.0255972177003127,-0.024164454524677,-0.0107778693443775,0.),
 .UNSPECIFIED.);
#175=B_SPLINE_CURVE_WITH_KNOTS('',3,(#7733,#7734,#7735,#7736,#7737,#7738,
#7739,#7740,#7741,#7742,#7743,#7744,#7745,#7746,#7747,#7748,#7749,#7750,
#7751,#7752,#7753,#7754,#7755,#7756,#7757,#7758,#7759,#7760),
 .UNSPECIFIED.,.F.,.F.,(4,3,3,3,3,3,3,3,3,4),(-0.0960864217185862,-0.0955220217985174,
-0.0814199856527898,-0.0673179495070622,-0.0546487109022418,-0.0411867333775058,
-0.0392390524909663,-0.0272519419734178,-0.0136259709867089,0.),
 .UNSPECIFIED.);
#176=B_SPLINE_CURVE_WITH_KNOTS('',3,(#7761,#7762,#7763,#7764,#7765,#7766,
#7767),.UNSPECIFIED.,.F.,.F.,(4,1,1,1,4),(-1.47242989210135,-1.05173563721525,
-0.631041382329151,-0.315520691164576,0.),.UNSPECIFIED.);
#177=B_SPLINE_CURVE_WITH_KNOTS('',3,(#7814,#7815,#7816,#7817,#7818,#7819,
#7820,#7821,#7822,#7823,#7824,#7825),.UNSPECIFIED.,.F.,.F.,(4,2,2,2,2,4),
(-0.166579534263467,-0.165854216377325,-0.118759549032889,-0.0765602291908984,
-0.035747601614635,0.),.UNSPECIFIED.);
#178=B_SPLINE_CURVE_WITH_KNOTS('',3,(#7826,#7827,#7828,#7829),
 .UNSPECIFIED.,.F.,.F.,(4,4),(-0.337584588404489,-0.104612376583224),
 .UNSPECIFIED.);
#179=B_SPLINE_CURVE_WITH_KNOTS('',3,(#7885,#7886,#7887,#7888,#7889,#7890,
#7891,#7892,#7893,#7894,#7895,#7896,#7897,#7898,#7899,#7900,#7901,#7902,
#7903,#7904,#7905,#7906,#7907,#7908,#7909,#7910,#7911,#7912,#7913,#7914,
#7915,#7916,#7917,#7918),.UNSPECIFIED.,.F.,.F.,(4,3,3,3,3,3,3,3,3,3,3,4),
(-2.52714746675481,-2.50238819122178,-2.47336087618933,-2.46979396809246,
-2.46688858474687,-2.40657954563253,-2.34631339132734,-2.28862996240733,
-2.20486058887318,-2.1819332712023,-2.12377347631886,-2.10522737144895),
 .UNSPECIFIED.);
#180=B_SPLINE_CURVE_WITH_KNOTS('',3,(#7948,#7949,#7950,#7951),
 .UNSPECIFIED.,.F.,.F.,(4,4),(0.434439108102197,0.60572169451434),
 .UNSPECIFIED.);
#181=B_SPLINE_CURVE_WITH_KNOTS('',3,(#7952,#7953,#7954,#7955),
 .UNSPECIFIED.,.F.,.F.,(4,4),(-0.653307410351253,-0.605721694507321),
 .UNSPECIFIED.);
#182=B_SPLINE_CURVE_WITH_KNOTS('',3,(#7981,#7982,#7983,#7984,#7985),
 .UNSPECIFIED.,.F.,.F.,(4,1,4),(-2.97935483006368,-2.0783632044615,-1.40261948525986),
 .UNSPECIFIED.);
#183=FACE_BOUND('',#483,.T.);
#184=FACE_BOUND('',#497,.T.);
#185=FACE_BOUND('',#521,.T.);
#186=FACE_BOUND('',#522,.T.);
#187=FACE_BOUND('',#540,.T.);
#188=FACE_BOUND('',#543,.T.);
#189=FACE_BOUND('',#544,.T.);
#190=FACE_BOUND('',#545,.T.);
#191=FACE_BOUND('',#547,.T.);
#192=FACE_BOUND('',#548,.T.);
#193=FACE_BOUND('',#549,.T.);
#194=FACE_BOUND('',#562,.T.);
#195=FACE_BOUND('',#565,.T.);
#196=FACE_BOUND('',#568,.T.);
#197=FACE_BOUND('',#571,.T.);
#198=FACE_BOUND('',#577,.T.);
#199=FACE_BOUND('',#578,.T.);
#200=FACE_BOUND('',#579,.T.);
#201=FACE_BOUND('',#580,.T.);
#202=FACE_BOUND('',#584,.T.);
#203=FACE_BOUND('',#589,.T.);
#204=FACE_BOUND('',#593,.T.);
#205=FACE_BOUND('',#627,.T.);
#206=FACE_BOUND('',#629,.T.);
#207=FACE_BOUND('',#631,.T.);
#208=FACE_BOUND('',#642,.T.);
#209=FACE_BOUND('',#645,.T.);
#210=FACE_BOUND('',#648,.T.);
#211=FACE_BOUND('',#653,.T.);
#212=FACE_BOUND('',#656,.T.);
#213=FACE_BOUND('',#657,.T.);
#214=FACE_BOUND('',#676,.T.);
#215=FACE_BOUND('',#677,.T.);
#216=FACE_BOUND('',#703,.T.);
#217=FACE_BOUND('',#704,.T.);
#218=FACE_BOUND('',#705,.T.);
#219=PLANE('',#3590);
#220=PLANE('',#3594);
#221=PLANE('',#3596);
#222=PLANE('',#3619);
#223=PLANE('',#3620);
#224=PLANE('',#3621);
#225=PLANE('',#3633);
#226=PLANE('',#3635);
#227=PLANE('',#3636);
#228=PLANE('',#3638);
#229=PLANE('',#3640);
#230=PLANE('',#3644);
#231=PLANE('',#3671);
#232=PLANE('',#3672);
#233=PLANE('',#3691);
#234=PLANE('',#3696);
#235=PLANE('',#3700);
#236=PLANE('',#3701);
#237=PLANE('',#3702);
#238=PLANE('',#3705);
#239=PLANE('',#3707);
#240=PLANE('',#3710);
#241=PLANE('',#3711);
#242=PLANE('',#3712);
#243=PLANE('',#3720);
#244=PLANE('',#3721);
#245=PLANE('',#3728);
#246=PLANE('',#3732);
#247=PLANE('',#3736);
#248=PLANE('',#3740);
#249=PLANE('',#3744);
#250=PLANE('',#3748);
#251=PLANE('',#3752);
#252=PLANE('',#3756);
#253=PLANE('',#3757);
#254=PLANE('',#3758);
#255=PLANE('',#3759);
#256=PLANE('',#3760);
#257=PLANE('',#3761);
#258=PLANE('',#3766);
#259=PLANE('',#3773);
#260=PLANE('',#3778);
#261=PLANE('',#3780);
#262=PLANE('',#3786);
#263=PLANE('',#3797);
#264=PLANE('',#3800);
#265=PLANE('',#3802);
#266=PLANE('',#3803);
#267=PLANE('',#3804);
#268=PLANE('',#3807);
#269=PLANE('',#3812);
#270=PLANE('',#3816);
#271=PLANE('',#3820);
#272=PLANE('',#3821);
#273=PLANE('',#3822);
#274=PLANE('',#3823);
#275=PLANE('',#3824);
#276=PLANE('',#3825);
#277=PLANE('',#3826);
#278=PLANE('',#3832);
#279=PLANE('',#3836);
#280=PLANE('',#3840);
#281=PLANE('',#3846);
#282=PLANE('',#3853);
#283=PLANE('',#3859);
#284=PLANE('',#3865);
#285=PLANE('',#3871);
#286=PLANE('',#3881);
#287=PLANE('',#3895);
#288=PLANE('',#3898);
#289=PLANE('',#3900);
#290=PLANE('',#3932);
#291=FACE_OUTER_BOUND('',#481,.T.);
#292=FACE_OUTER_BOUND('',#482,.T.);
#293=FACE_OUTER_BOUND('',#484,.T.);
#294=FACE_OUTER_BOUND('',#485,.T.);
#295=FACE_OUTER_BOUND('',#486,.T.);
#296=FACE_OUTER_BOUND('',#487,.T.);
#297=FACE_OUTER_BOUND('',#488,.T.);
#298=FACE_OUTER_BOUND('',#489,.T.);
#299=FACE_OUTER_BOUND('',#490,.T.);
#300=FACE_OUTER_BOUND('',#491,.T.);
#301=FACE_OUTER_BOUND('',#492,.T.);
#302=FACE_OUTER_BOUND('',#493,.T.);
#303=FACE_OUTER_BOUND('',#494,.T.);
#304=FACE_OUTER_BOUND('',#495,.T.);
#305=FACE_OUTER_BOUND('',#496,.T.);
#306=FACE_OUTER_BOUND('',#498,.T.);
#307=FACE_OUTER_BOUND('',#499,.T.);
#308=FACE_OUTER_BOUND('',#500,.T.);
#309=FACE_OUTER_BOUND('',#501,.T.);
#310=FACE_OUTER_BOUND('',#502,.T.);
#311=FACE_OUTER_BOUND('',#503,.T.);
#312=FACE_OUTER_BOUND('',#504,.T.);
#313=FACE_OUTER_BOUND('',#505,.T.);
#314=FACE_OUTER_BOUND('',#506,.T.);
#315=FACE_OUTER_BOUND('',#507,.T.);
#316=FACE_OUTER_BOUND('',#508,.T.);
#317=FACE_OUTER_BOUND('',#509,.T.);
#318=FACE_OUTER_BOUND('',#510,.T.);
#319=FACE_OUTER_BOUND('',#511,.T.);
#320=FACE_OUTER_BOUND('',#512,.T.);
#321=FACE_OUTER_BOUND('',#513,.T.);
#322=FACE_OUTER_BOUND('',#514,.T.);
#323=FACE_OUTER_BOUND('',#515,.T.);
#324=FACE_OUTER_BOUND('',#516,.T.);
#325=FACE_OUTER_BOUND('',#517,.T.);
#326=FACE_OUTER_BOUND('',#518,.T.);
#327=FACE_OUTER_BOUND('',#519,.T.);
#328=FACE_OUTER_BOUND('',#520,.T.);
#329=FACE_OUTER_BOUND('',#523,.T.);
#330=FACE_OUTER_BOUND('',#524,.T.);
#331=FACE_OUTER_BOUND('',#525,.T.);
#332=FACE_OUTER_BOUND('',#526,.T.);
#333=FACE_OUTER_BOUND('',#527,.T.);
#334=FACE_OUTER_BOUND('',#528,.T.);
#335=FACE_OUTER_BOUND('',#529,.T.);
#336=FACE_OUTER_BOUND('',#530,.T.);
#337=FACE_OUTER_BOUND('',#531,.T.);
#338=FACE_OUTER_BOUND('',#532,.T.);
#339=FACE_OUTER_BOUND('',#533,.T.);
#340=FACE_OUTER_BOUND('',#534,.T.);
#341=FACE_OUTER_BOUND('',#535,.T.);
#342=FACE_OUTER_BOUND('',#536,.T.);
#343=FACE_OUTER_BOUND('',#537,.T.);
#344=FACE_OUTER_BOUND('',#538,.T.);
#345=FACE_OUTER_BOUND('',#539,.T.);
#346=FACE_OUTER_BOUND('',#541,.T.);
#347=FACE_OUTER_BOUND('',#542,.T.);
#348=FACE_OUTER_BOUND('',#546,.T.);
#349=FACE_OUTER_BOUND('',#550,.T.);
#350=FACE_OUTER_BOUND('',#551,.T.);
#351=FACE_OUTER_BOUND('',#552,.T.);
#352=FACE_OUTER_BOUND('',#553,.T.);
#353=FACE_OUTER_BOUND('',#554,.T.);
#354=FACE_OUTER_BOUND('',#555,.T.);
#355=FACE_OUTER_BOUND('',#556,.T.);
#356=FACE_OUTER_BOUND('',#557,.T.);
#357=FACE_OUTER_BOUND('',#558,.T.);
#358=FACE_OUTER_BOUND('',#559,.T.);
#359=FACE_OUTER_BOUND('',#560,.T.);
#360=FACE_OUTER_BOUND('',#561,.T.);
#361=FACE_OUTER_BOUND('',#563,.T.);
#362=FACE_OUTER_BOUND('',#564,.T.);
#363=FACE_OUTER_BOUND('',#566,.T.);
#364=FACE_OUTER_BOUND('',#567,.T.);
#365=FACE_OUTER_BOUND('',#569,.T.);
#366=FACE_OUTER_BOUND('',#570,.T.);
#367=FACE_OUTER_BOUND('',#572,.T.);
#368=FACE_OUTER_BOUND('',#573,.T.);
#369=FACE_OUTER_BOUND('',#574,.T.);
#370=FACE_OUTER_BOUND('',#575,.T.);
#371=FACE_OUTER_BOUND('',#576,.T.);
#372=FACE_OUTER_BOUND('',#581,.T.);
#373=FACE_OUTER_BOUND('',#582,.T.);
#374=FACE_OUTER_BOUND('',#583,.T.);
#375=FACE_OUTER_BOUND('',#585,.T.);
#376=FACE_OUTER_BOUND('',#586,.T.);
#377=FACE_OUTER_BOUND('',#587,.T.);
#378=FACE_OUTER_BOUND('',#588,.T.);
#379=FACE_OUTER_BOUND('',#590,.T.);
#380=FACE_OUTER_BOUND('',#591,.T.);
#381=FACE_OUTER_BOUND('',#592,.T.);
#382=FACE_OUTER_BOUND('',#594,.T.);
#383=FACE_OUTER_BOUND('',#595,.T.);
#384=FACE_OUTER_BOUND('',#596,.T.);
#385=FACE_OUTER_BOUND('',#597,.T.);
#386=FACE_OUTER_BOUND('',#598,.T.);
#387=FACE_OUTER_BOUND('',#599,.T.);
#388=FACE_OUTER_BOUND('',#600,.T.);
#389=FACE_OUTER_BOUND('',#601,.T.);
#390=FACE_OUTER_BOUND('',#602,.T.);
#391=FACE_OUTER_BOUND('',#603,.T.);
#392=FACE_OUTER_BOUND('',#604,.T.);
#393=FACE_OUTER_BOUND('',#605,.T.);
#394=FACE_OUTER_BOUND('',#606,.T.);
#395=FACE_OUTER_BOUND('',#607,.T.);
#396=FACE_OUTER_BOUND('',#608,.T.);
#397=FACE_OUTER_BOUND('',#609,.T.);
#398=FACE_OUTER_BOUND('',#610,.T.);
#399=FACE_OUTER_BOUND('',#611,.T.);
#400=FACE_OUTER_BOUND('',#612,.T.);
#401=FACE_OUTER_BOUND('',#613,.T.);
#402=FACE_OUTER_BOUND('',#614,.T.);
#403=FACE_OUTER_BOUND('',#615,.T.);
#404=FACE_OUTER_BOUND('',#616,.T.);
#405=FACE_OUTER_BOUND('',#617,.T.);
#406=FACE_OUTER_BOUND('',#618,.T.);
#407=FACE_OUTER_BOUND('',#619,.T.);
#408=FACE_OUTER_BOUND('',#620,.T.);
#409=FACE_OUTER_BOUND('',#621,.T.);
#410=FACE_OUTER_BOUND('',#622,.T.);
#411=FACE_OUTER_BOUND('',#623,.T.);
#412=FACE_OUTER_BOUND('',#624,.T.);
#413=FACE_OUTER_BOUND('',#625,.T.);
#414=FACE_OUTER_BOUND('',#626,.T.);
#415=FACE_OUTER_BOUND('',#628,.T.);
#416=FACE_OUTER_BOUND('',#630,.T.);
#417=FACE_OUTER_BOUND('',#632,.T.);
#418=FACE_OUTER_BOUND('',#633,.T.);
#419=FACE_OUTER_BOUND('',#634,.T.);
#420=FACE_OUTER_BOUND('',#635,.T.);
#421=FACE_OUTER_BOUND('',#636,.T.);
#422=FACE_OUTER_BOUND('',#637,.T.);
#423=FACE_OUTER_BOUND('',#638,.T.);
#424=FACE_OUTER_BOUND('',#639,.T.);
#425=FACE_OUTER_BOUND('',#640,.T.);
#426=FACE_OUTER_BOUND('',#641,.T.);
#427=FACE_OUTER_BOUND('',#643,.T.);
#428=FACE_OUTER_BOUND('',#644,.T.);
#429=FACE_OUTER_BOUND('',#646,.T.);
#430=FACE_OUTER_BOUND('',#647,.T.);
#431=FACE_OUTER_BOUND('',#649,.T.);
#432=FACE_OUTER_BOUND('',#650,.T.);
#433=FACE_OUTER_BOUND('',#651,.T.);
#434=FACE_OUTER_BOUND('',#652,.T.);
#435=FACE_OUTER_BOUND('',#654,.T.);
#436=FACE_OUTER_BOUND('',#655,.T.);
#437=FACE_OUTER_BOUND('',#658,.T.);
#438=FACE_OUTER_BOUND('',#659,.T.);
#439=FACE_OUTER_BOUND('',#660,.T.);
#440=FACE_OUTER_BOUND('',#661,.T.);
#441=FACE_OUTER_BOUND('',#662,.T.);
#442=FACE_OUTER_BOUND('',#663,.T.);
#443=FACE_OUTER_BOUND('',#664,.T.);
#444=FACE_OUTER_BOUND('',#665,.T.);
#445=FACE_OUTER_BOUND('',#666,.T.);
#446=FACE_OUTER_BOUND('',#667,.T.);
#447=FACE_OUTER_BOUND('',#668,.T.);
#448=FACE_OUTER_BOUND('',#669,.T.);
#449=FACE_OUTER_BOUND('',#670,.T.);
#450=FACE_OUTER_BOUND('',#671,.T.);
#451=FACE_OUTER_BOUND('',#672,.T.);
#452=FACE_OUTER_BOUND('',#673,.T.);
#453=FACE_OUTER_BOUND('',#674,.T.);
#454=FACE_OUTER_BOUND('',#675,.T.);
#455=FACE_OUTER_BOUND('',#678,.T.);
#456=FACE_OUTER_BOUND('',#679,.T.);
#457=FACE_OUTER_BOUND('',#680,.T.);
#458=FACE_OUTER_BOUND('',#681,.T.);
#459=FACE_OUTER_BOUND('',#682,.T.);
#460=FACE_OUTER_BOUND('',#683,.T.);
#461=FACE_OUTER_BOUND('',#684,.T.);
#462=FACE_OUTER_BOUND('',#685,.T.);
#463=FACE_OUTER_BOUND('',#686,.T.);
#464=FACE_OUTER_BOUND('',#687,.T.);
#465=FACE_OUTER_BOUND('',#688,.T.);
#466=FACE_OUTER_BOUND('',#689,.T.);
#467=FACE_OUTER_BOUND('',#690,.T.);
#468=FACE_OUTER_BOUND('',#691,.T.);
#469=FACE_OUTER_BOUND('',#692,.T.);
#470=FACE_OUTER_BOUND('',#693,.T.);
#471=FACE_OUTER_BOUND('',#694,.T.);
#472=FACE_OUTER_BOUND('',#695,.T.);
#473=FACE_OUTER_BOUND('',#696,.T.);
#474=FACE_OUTER_BOUND('',#697,.T.);
#475=FACE_OUTER_BOUND('',#698,.T.);
#476=FACE_OUTER_BOUND('',#699,.T.);
#477=FACE_OUTER_BOUND('',#700,.T.);
#478=FACE_OUTER_BOUND('',#701,.T.);
#479=FACE_OUTER_BOUND('',#702,.T.);
#480=FACE_OUTER_BOUND('',#706,.T.);
#481=EDGE_LOOP('',(#2122,#2123,#2124,#2125));
#482=EDGE_LOOP('',(#2126));
#483=EDGE_LOOP('',(#2127));
#484=EDGE_LOOP('',(#2128,#2129,#2130,#2131));
#485=EDGE_LOOP('',(#2132,#2133,#2134,#2135,#2136));
#486=EDGE_LOOP('',(#2137,#2138,#2139,#2140,#2141));
#487=EDGE_LOOP('',(#2142,#2143,#2144,#2145));
#488=EDGE_LOOP('',(#2146,#2147,#2148,#2149));
#489=EDGE_LOOP('',(#2150,#2151,#2152,#2153));
#490=EDGE_LOOP('',(#2154,#2155,#2156,#2157));
#491=EDGE_LOOP('',(#2158,#2159,#2160,#2161));
#492=EDGE_LOOP('',(#2162,#2163,#2164,#2165,#2166,#2167));
#493=EDGE_LOOP('',(#2168,#2169,#2170,#2171,#2172,#2173));
#494=EDGE_LOOP('',(#2174,#2175,#2176,#2177));
#495=EDGE_LOOP('',(#2178,#2179,#2180,#2181));
#496=EDGE_LOOP('',(#2182,#2183,#2184,#2185,#2186,#2187,#2188,#2189,#2190,
#2191,#2192,#2193,#2194));
#497=EDGE_LOOP('',(#2195));
#498=EDGE_LOOP('',(#2196,#2197,#2198,#2199,#2200,#2201,#2202,#2203,#2204,
#2205,#2206,#2207,#2208));
#499=EDGE_LOOP('',(#2209,#2210,#2211,#2212,#2213,#2214,#2215,#2216));
#500=EDGE_LOOP('',(#2217,#2218,#2219,#2220,#2221,#2222));
#501=EDGE_LOOP('',(#2223,#2224,#2225,#2226,#2227,#2228,#2229));
#502=EDGE_LOOP('',(#2230,#2231,#2232));
#503=EDGE_LOOP('',(#2233,#2234,#2235,#2236,#2237,#2238,#2239,#2240,#2241));
#504=EDGE_LOOP('',(#2242,#2243,#2244,#2245));
#505=EDGE_LOOP('',(#2246,#2247,#2248,#2249,#2250,#2251,#2252,#2253));
#506=EDGE_LOOP('',(#2254,#2255,#2256,#2257,#2258,#2259,#2260,#2261,#2262,
#2263,#2264,#2265,#2266,#2267,#2268,#2269,#2270,#2271));
#507=EDGE_LOOP('',(#2272,#2273,#2274,#2275));
#508=EDGE_LOOP('',(#2276,#2277,#2278,#2279,#2280,#2281,#2282,#2283,#2284,
#2285));
#509=EDGE_LOOP('',(#2286,#2287,#2288));
#510=EDGE_LOOP('',(#2289,#2290,#2291,#2292));
#511=EDGE_LOOP('',(#2293,#2294,#2295,#2296,#2297));
#512=EDGE_LOOP('',(#2298,#2299,#2300,#2301));
#513=EDGE_LOOP('',(#2302,#2303,#2304,#2305));
#514=EDGE_LOOP('',(#2306,#2307,#2308));
#515=EDGE_LOOP('',(#2309,#2310,#2311,#2312,#2313,#2314));
#516=EDGE_LOOP('',(#2315,#2316,#2317,#2318,#2319));
#517=EDGE_LOOP('',(#2320,#2321,#2322,#2323));
#518=EDGE_LOOP('',(#2324,#2325,#2326,#2327,#2328,#2329));
#519=EDGE_LOOP('',(#2330,#2331,#2332,#2333,#2334,#2335));
#520=EDGE_LOOP('',(#2336,#2337,#2338,#2339,#2340,#2341,#2342,#2343,#2344,
#2345,#2346,#2347,#2348,#2349,#2350));
#521=EDGE_LOOP('',(#2351));
#522=EDGE_LOOP('',(#2352,#2353,#2354,#2355,#2356,#2357,#2358,#2359,#2360,
#2361));
#523=EDGE_LOOP('',(#2362,#2363,#2364,#2365,#2366));
#524=EDGE_LOOP('',(#2367,#2368,#2369,#2370));
#525=EDGE_LOOP('',(#2371,#2372,#2373,#2374,#2375,#2376));
#526=EDGE_LOOP('',(#2377,#2378,#2379,#2380));
#527=EDGE_LOOP('',(#2381,#2382,#2383,#2384));
#528=EDGE_LOOP('',(#2385,#2386,#2387,#2388,#2389,#2390,#2391,#2392));
#529=EDGE_LOOP('',(#2393,#2394,#2395,#2396));
#530=EDGE_LOOP('',(#2397,#2398,#2399,#2400,#2401));
#531=EDGE_LOOP('',(#2402,#2403,#2404,#2405,#2406,#2407,#2408,#2409,#2410,
#2411,#2412,#2413,#2414,#2415));
#532=EDGE_LOOP('',(#2416,#2417,#2418,#2419));
#533=EDGE_LOOP('',(#2420,#2421,#2422,#2423,#2424,#2425));
#534=EDGE_LOOP('',(#2426,#2427,#2428,#2429,#2430));
#535=EDGE_LOOP('',(#2431,#2432,#2433,#2434,#2435,#2436,#2437));
#536=EDGE_LOOP('',(#2438,#2439,#2440,#2441,#2442));
#537=EDGE_LOOP('',(#2443,#2444,#2445,#2446));
#538=EDGE_LOOP('',(#2447,#2448,#2449,#2450));
#539=EDGE_LOOP('',(#2451,#2452,#2453,#2454,#2455,#2456,#2457,#2458));
#540=EDGE_LOOP('',(#2459));
#541=EDGE_LOOP('',(#2460,#2461,#2462,#2463));
#542=EDGE_LOOP('',(#2464,#2465,#2466,#2467,#2468,#2469,#2470,#2471,#2472,
#2473,#2474,#2475,#2476,#2477,#2478));
#543=EDGE_LOOP('',(#2479));
#544=EDGE_LOOP('',(#2480));
#545=EDGE_LOOP('',(#2481));
#546=EDGE_LOOP('',(#2482,#2483,#2484,#2485,#2486,#2487,#2488,#2489,#2490,
#2491,#2492,#2493));
#547=EDGE_LOOP('',(#2494));
#548=EDGE_LOOP('',(#2495));
#549=EDGE_LOOP('',(#2496));
#550=EDGE_LOOP('',(#2497,#2498,#2499,#2500,#2501));
#551=EDGE_LOOP('',(#2502,#2503,#2504,#2505,#2506));
#552=EDGE_LOOP('',(#2507,#2508,#2509,#2510));
#553=EDGE_LOOP('',(#2511));
#554=EDGE_LOOP('',(#2512,#2513,#2514,#2515));
#555=EDGE_LOOP('',(#2516));
#556=EDGE_LOOP('',(#2517,#2518,#2519,#2520));
#557=EDGE_LOOP('',(#2521));
#558=EDGE_LOOP('',(#2522,#2523,#2524,#2525));
#559=EDGE_LOOP('',(#2526));
#560=EDGE_LOOP('',(#2527,#2528,#2529,#2530));
#561=EDGE_LOOP('',(#2531));
#562=EDGE_LOOP('',(#2532));
#563=EDGE_LOOP('',(#2533,#2534,#2535,#2536));
#564=EDGE_LOOP('',(#2537));
#565=EDGE_LOOP('',(#2538));
#566=EDGE_LOOP('',(#2539,#2540,#2541,#2542));
#567=EDGE_LOOP('',(#2543));
#568=EDGE_LOOP('',(#2544));
#569=EDGE_LOOP('',(#2545,#2546,#2547,#2548));
#570=EDGE_LOOP('',(#2549));
#571=EDGE_LOOP('',(#2550));
#572=EDGE_LOOP('',(#2551,#2552,#2553,#2554,#2555,#2556,#2557,#2558));
#573=EDGE_LOOP('',(#2559,#2560,#2561,#2562));
#574=EDGE_LOOP('',(#2563,#2564,#2565,#2566));
#575=EDGE_LOOP('',(#2567,#2568,#2569,#2570));
#576=EDGE_LOOP('',(#2571,#2572,#2573,#2574));
#577=EDGE_LOOP('',(#2575));
#578=EDGE_LOOP('',(#2576));
#579=EDGE_LOOP('',(#2577));
#580=EDGE_LOOP('',(#2578));
#581=EDGE_LOOP('',(#2579,#2580,#2581,#2582));
#582=EDGE_LOOP('',(#2583,#2584,#2585,#2586));
#583=EDGE_LOOP('',(#2587,#2588,#2589,#2590));
#584=EDGE_LOOP('',(#2591));
#585=EDGE_LOOP('',(#2592,#2593,#2594,#2595));
#586=EDGE_LOOP('',(#2596,#2597,#2598,#2599));
#587=EDGE_LOOP('',(#2600,#2601,#2602,#2603));
#588=EDGE_LOOP('',(#2604,#2605,#2606,#2607));
#589=EDGE_LOOP('',(#2608));
#590=EDGE_LOOP('',(#2609,#2610,#2611,#2612));
#591=EDGE_LOOP('',(#2613,#2614,#2615,#2616));
#592=EDGE_LOOP('',(#2617,#2618));
#593=EDGE_LOOP('',(#2619));
#594=EDGE_LOOP('',(#2620,#2621,#2622,#2623));
#595=EDGE_LOOP('',(#2624,#2625,#2626,#2627,#2628,#2629));
#596=EDGE_LOOP('',(#2630,#2631,#2632,#2633));
#597=EDGE_LOOP('',(#2634,#2635,#2636,#2637,#2638,#2639));
#598=EDGE_LOOP('',(#2640,#2641,#2642,#2643,#2644,#2645,#2646,#2647));
#599=EDGE_LOOP('',(#2648,#2649,#2650,#2651));
#600=EDGE_LOOP('',(#2652,#2653,#2654,#2655));
#601=EDGE_LOOP('',(#2656,#2657,#2658,#2659));
#602=EDGE_LOOP('',(#2660,#2661,#2662,#2663));
#603=EDGE_LOOP('',(#2664,#2665,#2666,#2667));
#604=EDGE_LOOP('',(#2668,#2669,#2670,#2671));
#605=EDGE_LOOP('',(#2672,#2673,#2674,#2675));
#606=EDGE_LOOP('',(#2676,#2677,#2678,#2679));
#607=EDGE_LOOP('',(#2680,#2681,#2682,#2683));
#608=EDGE_LOOP('',(#2684,#2685,#2686,#2687,#2688,#2689,#2690));
#609=EDGE_LOOP('',(#2691,#2692,#2693,#2694));
#610=EDGE_LOOP('',(#2695,#2696,#2697,#2698));
#611=EDGE_LOOP('',(#2699,#2700,#2701,#2702,#2703,#2704));
#612=EDGE_LOOP('',(#2705,#2706,#2707,#2708));
#613=EDGE_LOOP('',(#2709,#2710,#2711,#2712));
#614=EDGE_LOOP('',(#2713,#2714,#2715,#2716));
#615=EDGE_LOOP('',(#2717,#2718,#2719,#2720));
#616=EDGE_LOOP('',(#2721,#2722,#2723,#2724));
#617=EDGE_LOOP('',(#2725,#2726,#2727,#2728));
#618=EDGE_LOOP('',(#2729,#2730,#2731,#2732));
#619=EDGE_LOOP('',(#2733,#2734,#2735,#2736));
#620=EDGE_LOOP('',(#2737,#2738,#2739,#2740));
#621=EDGE_LOOP('',(#2741));
#622=EDGE_LOOP('',(#2742,#2743,#2744,#2745));
#623=EDGE_LOOP('',(#2746));
#624=EDGE_LOOP('',(#2747,#2748,#2749,#2750));
#625=EDGE_LOOP('',(#2751));
#626=EDGE_LOOP('',(#2752));
#627=EDGE_LOOP('',(#2753));
#628=EDGE_LOOP('',(#2754));
#629=EDGE_LOOP('',(#2755));
#630=EDGE_LOOP('',(#2756));
#631=EDGE_LOOP('',(#2757));
#632=EDGE_LOOP('',(#2758,#2759,#2760,#2761,#2762,#2763,#2764));
#633=EDGE_LOOP('',(#2765,#2766,#2767,#2768,#2769,#2770,#2771,#2772,#2773,
#2774,#2775,#2776,#2777));
#634=EDGE_LOOP('',(#2778,#2779,#2780,#2781));
#635=EDGE_LOOP('',(#2782,#2783,#2784,#2785));
#636=EDGE_LOOP('',(#2786,#2787,#2788,#2789));
#637=EDGE_LOOP('',(#2790,#2791,#2792,#2793));
#638=EDGE_LOOP('',(#2794,#2795,#2796,#2797));
#639=EDGE_LOOP('',(#2798,#2799,#2800,#2801));
#640=EDGE_LOOP('',(#2802,#2803,#2804,#2805));
#641=EDGE_LOOP('',(#2806,#2807,#2808,#2809,#2810,#2811,#2812));
#642=EDGE_LOOP('',(#2813,#2814,#2815,#2816,#2817,#2818,#2819,#2820,#2821));
#643=EDGE_LOOP('',(#2822,#2823,#2824,#2825));
#644=EDGE_LOOP('',(#2826));
#645=EDGE_LOOP('',(#2827));
#646=EDGE_LOOP('',(#2828,#2829,#2830,#2831,#2832,#2833));
#647=EDGE_LOOP('',(#2834));
#648=EDGE_LOOP('',(#2835));
#649=EDGE_LOOP('',(#2836,#2837,#2838,#2839,#2840,#2841));
#650=EDGE_LOOP('',(#2842,#2843,#2844,#2845));
#651=EDGE_LOOP('',(#2846,#2847,#2848,#2849));
#652=EDGE_LOOP('',(#2850,#2851,#2852,#2853,#2854,#2855,#2856,#2857,#2858,
#2859));
#653=EDGE_LOOP('',(#2860));
#654=EDGE_LOOP('',(#2861,#2862,#2863,#2864,#2865));
#655=EDGE_LOOP('',(#2866,#2867,#2868,#2869,#2870,#2871,#2872,#2873,#2874,
#2875,#2876,#2877,#2878,#2879));
#656=EDGE_LOOP('',(#2880));
#657=EDGE_LOOP('',(#2881));
#658=EDGE_LOOP('',(#2882,#2883,#2884));
#659=EDGE_LOOP('',(#2885,#2886,#2887,#2888));
#660=EDGE_LOOP('',(#2889,#2890,#2891,#2892,#2893,#2894));
#661=EDGE_LOOP('',(#2895,#2896,#2897,#2898));
#662=EDGE_LOOP('',(#2899,#2900,#2901,#2902));
#663=EDGE_LOOP('',(#2903,#2904,#2905,#2906,#2907,#2908,#2909));
#664=EDGE_LOOP('',(#2910,#2911,#2912,#2913,#2914));
#665=EDGE_LOOP('',(#2915,#2916,#2917,#2918));
#666=EDGE_LOOP('',(#2919,#2920,#2921,#2922));
#667=EDGE_LOOP('',(#2923,#2924,#2925,#2926,#2927,#2928,#2929,#2930,#2931,
#2932,#2933));
#668=EDGE_LOOP('',(#2934,#2935,#2936,#2937));
#669=EDGE_LOOP('',(#2938,#2939,#2940,#2941));
#670=EDGE_LOOP('',(#2942,#2943,#2944,#2945,#2946));
#671=EDGE_LOOP('',(#2947,#2948,#2949,#2950));
#672=EDGE_LOOP('',(#2951,#2952,#2953,#2954,#2955));
#673=EDGE_LOOP('',(#2956,#2957,#2958,#2959,#2960,#2961,#2962,#2963,#2964));
#674=EDGE_LOOP('',(#2965,#2966,#2967,#2968,#2969,#2970,#2971));
#675=EDGE_LOOP('',(#2972,#2973,#2974,#2975,#2976,#2977,#2978,#2979,#2980,
#2981,#2982));
#676=EDGE_LOOP('',(#2983));
#677=EDGE_LOOP('',(#2984,#2985,#2986,#2987,#2988,#2989,#2990));
#678=EDGE_LOOP('',(#2991,#2992,#2993,#2994));
#679=EDGE_LOOP('',(#2995,#2996,#2997,#2998,#2999));
#680=EDGE_LOOP('',(#3000,#3001,#3002,#3003));
#681=EDGE_LOOP('',(#3004,#3005,#3006,#3007));
#682=EDGE_LOOP('',(#3008,#3009,#3010,#3011,#3012,#3013));
#683=EDGE_LOOP('',(#3014,#3015,#3016));
#684=EDGE_LOOP('',(#3017,#3018,#3019,#3020,#3021));
#685=EDGE_LOOP('',(#3022,#3023,#3024,#3025));
#686=EDGE_LOOP('',(#3026,#3027,#3028,#3029));
#687=EDGE_LOOP('',(#3030,#3031,#3032,#3033,#3034));
#688=EDGE_LOOP('',(#3035,#3036,#3037,#3038));
#689=EDGE_LOOP('',(#3039,#3040,#3041,#3042));
#690=EDGE_LOOP('',(#3043,#3044,#3045,#3046));
#691=EDGE_LOOP('',(#3047,#3048,#3049,#3050));
#692=EDGE_LOOP('',(#3051,#3052,#3053,#3054));
#693=EDGE_LOOP('',(#3055,#3056,#3057,#3058));
#694=EDGE_LOOP('',(#3059,#3060,#3061,#3062,#3063));
#695=EDGE_LOOP('',(#3064,#3065,#3066,#3067,#3068,#3069));
#696=EDGE_LOOP('',(#3070,#3071,#3072,#3073,#3074));
#697=EDGE_LOOP('',(#3075,#3076,#3077,#3078,#3079));
#698=EDGE_LOOP('',(#3080,#3081,#3082,#3083,#3084));
#699=EDGE_LOOP('',(#3085,#3086,#3087,#3088,#3089));
#700=EDGE_LOOP('',(#3090,#3091,#3092,#3093,#3094,#3095));
#701=EDGE_LOOP('',(#3096,#3097,#3098,#3099,#3100,#3101));
#702=EDGE_LOOP('',(#3102,#3103,#3104,#3105));
#703=EDGE_LOOP('',(#3106));
#704=EDGE_LOOP('',(#3107));
#705=EDGE_LOOP('',(#3108));
#706=EDGE_LOOP('',(#3109,#3110,#3111,#3112,#3113));
#707=LINE('',#4859,#931);
#708=LINE('',#4866,#932);
#709=LINE('',#4873,#933);
#710=LINE('',#4875,#934);
#711=LINE('',#4877,#935);
#712=LINE('',#4878,#936);
#713=LINE('',#4884,#937);
#714=LINE('',#4886,#938);
#715=LINE('',#4888,#939);
#716=LINE('',#4889,#940);
#717=LINE('',#4897,#941);
#718=LINE('',#4903,#942);
#719=LINE('',#4909,#943);
#720=LINE('',#4915,#944);
#721=LINE('',#4929,#945);
#722=LINE('',#4941,#946);
#723=LINE('',#4952,#947);
#724=LINE('',#4965,#948);
#725=LINE('',#4968,#949);
#726=LINE('',#4969,#950);
#727=LINE('',#4971,#951);
#728=LINE('',#4972,#952);
#729=LINE('',#4975,#953);
#730=LINE('',#4977,#954);
#731=LINE('',#4979,#955);
#732=LINE('',#4981,#956);
#733=LINE('',#4983,#957);
#734=LINE('',#4985,#958);
#735=LINE('',#4987,#959);
#736=LINE('',#4989,#960);
#737=LINE('',#4992,#961);
#738=LINE('',#4995,#962);
#739=LINE('',#4999,#963);
#740=LINE('',#5003,#964);
#741=LINE('',#5018,#965);
#742=LINE('',#5021,#966);
#743=LINE('',#5043,#967);
#744=LINE('',#5070,#968);
#745=LINE('',#5072,#969);
#746=LINE('',#5074,#970);
#747=LINE('',#5075,#971);
#748=LINE('',#5078,#972);
#749=LINE('',#5091,#973);
#750=LINE('',#5093,#974);
#751=LINE('',#5095,#975);
#752=LINE('',#5096,#976);
#753=LINE('',#5100,#977);
#754=LINE('',#5104,#978);
#755=LINE('',#5106,#979);
#756=LINE('',#5126,#980);
#757=LINE('',#5130,#981);
#758=LINE('',#5144,#982);
#759=LINE('',#5148,#983);
#760=LINE('',#5151,#984);
#761=LINE('',#5162,#985);
#762=LINE('',#5169,#986);
#763=LINE('',#5170,#987);
#764=LINE('',#5172,#988);
#765=LINE('',#5174,#989);
#766=LINE('',#5175,#990);
#767=LINE('',#5177,#991);
#768=LINE('',#5178,#992);
#769=LINE('',#5185,#993);
#770=LINE('',#5216,#994);
#771=LINE('',#5429,#995);
#772=LINE('',#5430,#996);
#773=LINE('',#5433,#997);
#774=LINE('',#5435,#998);
#775=LINE('',#5437,#999);
#776=LINE('',#5438,#1000);
#777=LINE('',#5518,#1001);
#778=LINE('',#5520,#1002);
#779=LINE('',#5521,#1003);
#780=LINE('',#5522,#1004);
#781=LINE('',#5584,#1005);
#782=LINE('',#5677,#1006);
#783=LINE('',#5778,#1007);
#784=LINE('',#5783,#1008);
#785=LINE('',#5784,#1009);
#786=LINE('',#5832,#1010);
#787=LINE('',#5836,#1011);
#788=LINE('',#5838,#1012);
#789=LINE('',#5839,#1013);
#790=LINE('',#5846,#1014);
#791=LINE('',#5853,#1015);
#792=LINE('',#5854,#1016);
#793=LINE('',#5858,#1017);
#794=LINE('',#5859,#1018);
#795=LINE('',#5863,#1019);
#796=LINE('',#5865,#1020);
#797=LINE('',#5866,#1021);
#798=LINE('',#5869,#1022);
#799=LINE('',#5870,#1023);
#800=LINE('',#5873,#1024);
#801=LINE('',#5874,#1025);
#802=LINE('',#5875,#1026);
#803=LINE('',#5883,#1027);
#804=LINE('',#5885,#1028);
#805=LINE('',#5886,#1029);
#806=LINE('',#5889,#1030);
#807=LINE('',#5890,#1031);
#808=LINE('',#5896,#1032);
#809=LINE('',#5898,#1033);
#810=LINE('',#5902,#1034);
#811=LINE('',#5905,#1035);
#812=LINE('',#5906,#1036);
#813=LINE('',#5909,#1037);
#814=LINE('',#5910,#1038);
#815=LINE('',#5913,#1039);
#816=LINE('',#5915,#1040);
#817=LINE('',#5916,#1041);
#818=LINE('',#5920,#1042);
#819=LINE('',#5926,#1043);
#820=LINE('',#5936,#1044);
#821=LINE('',#5938,#1045);
#822=LINE('',#5940,#1046);
#823=LINE('',#5942,#1047);
#824=LINE('',#5943,#1048);
#825=LINE('',#5945,#1049);
#826=LINE('',#5947,#1050);
#827=LINE('',#5949,#1051);
#828=LINE('',#5951,#1052);
#829=LINE('',#5952,#1053);
#830=LINE('',#5955,#1054);
#831=LINE('',#5956,#1055);
#832=LINE('',#5965,#1056);
#833=LINE('',#5972,#1057);
#834=LINE('',#5979,#1058);
#835=LINE('',#5986,#1059);
#836=LINE('',#5993,#1060);
#837=LINE('',#6000,#1061);
#838=LINE('',#6007,#1062);
#839=LINE('',#6014,#1063);
#840=LINE('',#6019,#1064);
#841=LINE('',#6021,#1065);
#842=LINE('',#6022,#1066);
#843=LINE('',#6025,#1067);
#844=LINE('',#6026,#1068);
#845=LINE('',#6029,#1069);
#846=LINE('',#6030,#1070);
#847=LINE('',#6032,#1071);
#848=LINE('',#6037,#1072);
#849=LINE('',#6040,#1073);
#850=LINE('',#6043,#1074);
#851=LINE('',#6047,#1075);
#852=LINE('',#6050,#1076);
#853=LINE('',#6053,#1077);
#854=LINE('',#6056,#1078);
#855=LINE('',#6060,#1079);
#856=LINE('',#6061,#1080);
#857=LINE('',#6065,#1081);
#858=LINE('',#6069,#1082);
#859=LINE('',#6071,#1083);
#860=LINE('',#6073,#1084);
#861=LINE('',#6075,#1085);
#862=LINE('',#6078,#1086);
#863=LINE('',#6083,#1087);
#864=LINE('',#6086,#1088);
#865=LINE('',#6152,#1089);
#866=LINE('',#6198,#1090);
#867=LINE('',#6206,#1091);
#868=LINE('',#6208,#1092);
#869=LINE('',#6209,#1093);
#870=LINE('',#6253,#1094);
#871=LINE('',#6257,#1095);
#872=LINE('',#6262,#1096);
#873=LINE('',#6263,#1097);
#874=LINE('',#6272,#1098);
#875=LINE('',#6275,#1099);
#876=LINE('',#6276,#1100);
#877=LINE('',#6286,#1101);
#878=LINE('',#6292,#1102);
#879=LINE('',#6296,#1103);
#880=LINE('',#6298,#1104);
#881=LINE('',#6299,#1105);
#882=LINE('',#6365,#1106);
#883=LINE('',#6400,#1107);
#884=LINE('',#6403,#1108);
#885=LINE('',#6459,#1109);
#886=LINE('',#6487,#1110);
#887=LINE('',#6494,#1111);
#888=LINE('',#6501,#1112);
#889=LINE('',#6508,#1113);
#890=LINE('',#6615,#1114);
#891=LINE('',#6651,#1115);
#892=LINE('',#6654,#1116);
#893=LINE('',#6656,#1117);
#894=LINE('',#6657,#1118);
#895=LINE('',#6667,#1119);
#896=LINE('',#6767,#1120);
#897=LINE('',#6804,#1121);
#898=LINE('',#6808,#1122);
#899=LINE('',#6810,#1123);
#900=LINE('',#6811,#1124);
#901=LINE('',#6820,#1125);
#902=LINE('',#6849,#1126);
#903=LINE('',#6857,#1127);
#904=LINE('',#6865,#1128);
#905=LINE('',#6872,#1129);
#906=LINE('',#6875,#1130);
#907=LINE('',#6879,#1131);
#908=LINE('',#6885,#1132);
#909=LINE('',#6887,#1133);
#910=LINE('',#6889,#1134);
#911=LINE('',#6912,#1135);
#912=LINE('',#6956,#1136);
#913=LINE('',#6958,#1137);
#914=LINE('',#6960,#1138);
#915=LINE('',#7005,#1139);
#916=LINE('',#7031,#1140);
#917=LINE('',#7036,#1141);
#918=LINE('',#7052,#1142);
#919=LINE('',#7104,#1143);
#920=LINE('',#7105,#1144);
#921=LINE('',#7176,#1145);
#922=LINE('',#7335,#1146);
#923=LINE('',#7336,#1147);
#924=LINE('',#7390,#1148);
#925=LINE('',#7393,#1149);
#926=LINE('',#7417,#1150);
#927=LINE('',#7418,#1151);
#928=LINE('',#7420,#1152);
#929=LINE('',#7422,#1153);
#930=LINE('',#8017,#1154);
#931=VECTOR('',#3940,3.);
#932=VECTOR('',#3949,1.15);
#933=VECTOR('',#3956,10.);
#934=VECTOR('',#3957,10.);
#935=VECTOR('',#3958,10.);
#936=VECTOR('',#3959,10.);
#937=VECTOR('',#3964,10.);
#938=VECTOR('',#3965,10.);
#939=VECTOR('',#3966,10.);
#940=VECTOR('',#3967,10.);
#941=VECTOR('',#3978,0.799999999999997);
#942=VECTOR('',#3985,0.800000000000002);
#943=VECTOR('',#3992,0.8);
#944=VECTOR('',#3999,0.8);
#945=VECTOR('',#4006,10.);
#946=VECTOR('',#4009,10.);
#947=VECTOR('',#4012,10.);
#948=VECTOR('',#4015,10.);
#949=VECTOR('',#4020,10.);
#950=VECTOR('',#4021,10.);
#951=VECTOR('',#4024,10.);
#952=VECTOR('',#4025,10.);
#953=VECTOR('',#4028,10.);
#954=VECTOR('',#4029,10.);
#955=VECTOR('',#4030,10.);
#956=VECTOR('',#4031,10.);
#957=VECTOR('',#4032,10.);
#958=VECTOR('',#4033,10.);
#959=VECTOR('',#4034,10.);
#960=VECTOR('',#4035,10.);
#961=VECTOR('',#4038,10.);
#962=VECTOR('',#4041,10.);
#963=VECTOR('',#4044,10.);
#964=VECTOR('',#4047,10.);
#965=VECTOR('',#4050,10.);
#966=VECTOR('',#4053,10.);
#967=VECTOR('',#4058,2.5);
#968=VECTOR('',#4069,10.);
#969=VECTOR('',#4070,10.);
#970=VECTOR('',#4071,10.);
#971=VECTOR('',#4072,10.);
#972=VECTOR('',#4075,10.);
#973=VECTOR('',#4076,10.);
#974=VECTOR('',#4077,10.);
#975=VECTOR('',#4078,10.);
#976=VECTOR('',#4079,10.);
#977=VECTOR('',#4084,10.);
#978=VECTOR('',#4089,10.);
#979=VECTOR('',#4090,10.);
#980=VECTOR('',#4091,10.);
#981=VECTOR('',#4096,10.);
#982=VECTOR('',#4097,10.);
#983=VECTOR('',#4100,10.);
#984=VECTOR('',#4103,10.);
#985=VECTOR('',#4106,2.5);
#986=VECTOR('',#4107,10.);
#987=VECTOR('',#4108,10.);
#988=VECTOR('',#4109,10.);
#989=VECTOR('',#4110,10.);
#990=VECTOR('',#4111,10.);
#991=VECTOR('',#4112,10.);
#992=VECTOR('',#4113,2.5);
#993=VECTOR('',#4122,3.);
#994=VECTOR('',#4143,10.);
#995=VECTOR('',#4168,10.);
#996=VECTOR('',#4169,10.);
#997=VECTOR('',#4172,10.);
#998=VECTOR('',#4173,10.);
#999=VECTOR('',#4174,10.);
#1000=VECTOR('',#4175,10.);
#1001=VECTOR('',#4178,10.);
#1002=VECTOR('',#4179,10.);
#1003=VECTOR('',#4180,10.);
#1004=VECTOR('',#4181,10.);
#1005=VECTOR('',#4190,10.);
#1006=VECTOR('',#4193,10.);
#1007=VECTOR('',#4210,3.);
#1008=VECTOR('',#4215,10.);
#1009=VECTOR('',#4216,2.);
#1010=VECTOR('',#4221,3.);
#1011=VECTOR('',#4226,10.);
#1012=VECTOR('',#4227,10.);
#1013=VECTOR('',#4228,10.);
#1014=VECTOR('',#4235,10.);
#1015=VECTOR('',#4242,10.);
#1016=VECTOR('',#4243,10.);
#1017=VECTOR('',#4246,10.);
#1018=VECTOR('',#4247,10.);
#1019=VECTOR('',#4250,10.);
#1020=VECTOR('',#4251,10.);
#1021=VECTOR('',#4252,10.);
#1022=VECTOR('',#4255,10.);
#1023=VECTOR('',#4256,10.);
#1024=VECTOR('',#4259,10.);
#1025=VECTOR('',#4260,10.);
#1026=VECTOR('',#4261,10.);
#1027=VECTOR('',#4268,10.);
#1028=VECTOR('',#4269,10.);
#1029=VECTOR('',#4270,10.);
#1030=VECTOR('',#4273,10.);
#1031=VECTOR('',#4274,10.);
#1032=VECTOR('',#4277,10.);
#1033=VECTOR('',#4280,10.);
#1034=VECTOR('',#4285,10.);
#1035=VECTOR('',#4288,10.);
#1036=VECTOR('',#4289,10.);
#1037=VECTOR('',#4292,10.);
#1038=VECTOR('',#4293,10.);
#1039=VECTOR('',#4296,10.);
#1040=VECTOR('',#4297,10.);
#1041=VECTOR('',#4298,10.);
#1042=VECTOR('',#4301,10.);
#1043=VECTOR('',#4306,10.);
#1044=VECTOR('',#4317,10.);
#1045=VECTOR('',#4318,10.);
#1046=VECTOR('',#4319,10.);
#1047=VECTOR('',#4320,10.);
#1048=VECTOR('',#4321,10.);
#1049=VECTOR('',#4322,10.);
#1050=VECTOR('',#4323,10.);
#1051=VECTOR('',#4324,10.);
#1052=VECTOR('',#4325,10.);
#1053=VECTOR('',#4326,10.);
#1054=VECTOR('',#4329,10.);
#1055=VECTOR('',#4330,10.);
#1056=VECTOR('',#4341,0.799999999999999);
#1057=VECTOR('',#4350,0.8);
#1058=VECTOR('',#4359,0.799999999999998);
#1059=VECTOR('',#4368,0.8);
#1060=VECTOR('',#4377,2.);
#1061=VECTOR('',#4386,2.);
#1062=VECTOR('',#4395,2.);
#1063=VECTOR('',#4404,2.);
#1064=VECTOR('',#4411,10.);
#1065=VECTOR('',#4412,10.);
#1066=VECTOR('',#4413,10.);
#1067=VECTOR('',#4416,10.);
#1068=VECTOR('',#4417,10.);
#1069=VECTOR('',#4420,10.);
#1070=VECTOR('',#4421,10.);
#1071=VECTOR('',#4424,10.);
#1072=VECTOR('',#4431,1.3);
#1073=VECTOR('',#4434,10.);
#1074=VECTOR('',#4439,10.);
#1075=VECTOR('',#4444,1.3);
#1076=VECTOR('',#4447,10.);
#1077=VECTOR('',#4450,10.);
#1078=VECTOR('',#4453,10.);
#1079=VECTOR('',#4458,10.);
#1080=VECTOR('',#4459,10.);
#1081=VECTOR('',#4464,1.3);
#1082=VECTOR('',#4469,10.);
#1083=VECTOR('',#4472,10.);
#1084=VECTOR('',#4475,10.);
#1085=VECTOR('',#4478,10.);
#1086=VECTOR('',#4481,10.);
#1087=VECTOR('',#4488,10.);
#1088=VECTOR('',#4493,10.);
#1089=VECTOR('',#4498,10.);
#1090=VECTOR('',#4503,10.);
#1091=VECTOR('',#4508,2.5);
#1092=VECTOR('',#4511,10.);
#1093=VECTOR('',#4512,10.);
#1094=VECTOR('',#4515,2.5);
#1095=VECTOR('',#4520,10.);
#1096=VECTOR('',#4525,10.);
#1097=VECTOR('',#4526,10.);
#1098=VECTOR('',#4529,10.);
#1099=VECTOR('',#4532,10.);
#1100=VECTOR('',#4533,10.);
#1101=VECTOR('',#4536,10.);
#1102=VECTOR('',#4539,10.);
#1103=VECTOR('',#4544,10.);
#1104=VECTOR('',#4545,10.);
#1105=VECTOR('',#4546,10.);
#1106=VECTOR('',#4547,10.);
#1107=VECTOR('',#4550,10.);
#1108=VECTOR('',#4555,10.);
#1109=VECTOR('',#4556,10.);
#1110=VECTOR('',#4563,1.3);
#1111=VECTOR('',#4572,1.3);
#1112=VECTOR('',#4581,1.3);
#1113=VECTOR('',#4594,10.);
#1114=VECTOR('',#4597,10.);
#1115=VECTOR('',#4598,10.);
#1116=VECTOR('',#4601,10.);
#1117=VECTOR('',#4602,10.);
#1118=VECTOR('',#4603,10.);
#1119=VECTOR('',#4606,10.);
#1120=VECTOR('',#4609,10.);
#1121=VECTOR('',#4614,10.);
#1122=VECTOR('',#4619,10.);
#1123=VECTOR('',#4620,10.);
#1124=VECTOR('',#4621,10.);
#1125=VECTOR('',#4634,3.5);
#1126=VECTOR('',#4645,3.5);
#1127=VECTOR('',#4656,10.);
#1128=VECTOR('',#4657,10.);
#1129=VECTOR('',#4658,10.);
#1130=VECTOR('',#4661,1.75);
#1131=VECTOR('',#4666,1.75);
#1132=VECTOR('',#4673,10.);
#1133=VECTOR('',#4674,10.);
#1134=VECTOR('',#4675,10.);
#1135=VECTOR('',#4684,10.);
#1136=VECTOR('',#4693,10.);
#1137=VECTOR('',#4694,10.);
#1138=VECTOR('',#4695,10.);
#1139=VECTOR('',#4704,10.);
#1140=VECTOR('',#4713,10.);
#1141=VECTOR('',#4718,10.);
#1142=VECTOR('',#4721,10.);
#1143=VECTOR('',#4732,10.);
#1144=VECTOR('',#4733,10.);
#1145=VECTOR('',#4742,10.);
#1146=VECTOR('',#4763,10.);
#1147=VECTOR('',#4764,10.);
#1148=VECTOR('',#4773,10.);
#1149=VECTOR('',#4776,10.);
#1150=VECTOR('',#4781,10.);
#1151=VECTOR('',#4782,10.);
#1152=VECTOR('',#4785,10.);
#1153=VECTOR('',#4788,10.);
#1154=VECTOR('',#4851,10.);
#1155=CIRCLE('',#3588,3.);
#1156=CIRCLE('',#3589,3.);
#1157=CIRCLE('',#3591,1.15);
#1158=CIRCLE('',#3593,1.15);
#1159=CIRCLE('',#3595,2.5);
#1160=CIRCLE('',#3597,2.5);
#1161=CIRCLE('',#3599,5.);
#1162=CIRCLE('',#3600,5.);
#1163=CIRCLE('',#3602,0.799999999999997);
#1164=CIRCLE('',#3603,0.799999999999997);
#1165=CIRCLE('',#3605,0.800000000000002);
#1166=CIRCLE('',#3606,0.800000000000002);
#1167=CIRCLE('',#3608,0.8);
#1168=CIRCLE('',#3609,0.8);
#1169=CIRCLE('',#3611,0.8);
#1170=CIRCLE('',#3612,0.8);
#1171=CIRCLE('',#3614,3.);
#1172=CIRCLE('',#3615,3.);
#1173=CIRCLE('',#3617,3.);
#1174=CIRCLE('',#3618,3.);
#1175=CIRCLE('',#3622,7.5);
#1176=CIRCLE('',#3625,5.);
#1177=CIRCLE('',#3626,5.);
#1178=CIRCLE('',#3629,2.5);
#1179=CIRCLE('',#3630,2.5);
#1180=CIRCLE('',#3631,2.5);
#1181=CIRCLE('',#3632,2.5);
#1182=CIRCLE('',#3634,5.);
#1183=CIRCLE('',#3637,3.);
#1184=CIRCLE('',#3639,5.);
#1185=CIRCLE('',#3643,5.);
#1186=CIRCLE('',#3648,3.);
#1187=CIRCLE('',#3649,3.);
#1188=CIRCLE('',#3650,3.);
#1189=CIRCLE('',#3652,2.);
#1190=CIRCLE('',#3654,5.);
#1191=CIRCLE('',#3655,2.);
#1192=CIRCLE('',#3659,2.);
#1193=CIRCLE('',#3660,2.);
#1194=CIRCLE('',#3661,2.);
#1195=CIRCLE('',#3663,2.5);
#1196=CIRCLE('',#3664,4.99999999999999);
#1197=CIRCLE('',#3666,1.);
#1198=CIRCLE('',#3667,2.00000000000001);
#1199=CIRCLE('',#3668,3.);
#1200=CIRCLE('',#3673,5.);
#1201=CIRCLE('',#3674,3.);
#1202=CIRCLE('',#3675,3.);
#1203=CIRCLE('',#3676,2.);
#1204=CIRCLE('',#3677,13.1044273896816);
#1205=CIRCLE('',#3680,2.);
#1206=CIRCLE('',#3681,2.);
#1207=CIRCLE('',#3682,3.);
#1208=CIRCLE('',#3683,3.);
#1209=CIRCLE('',#3685,3.);
#1210=CIRCLE('',#3687,2.);
#1211=CIRCLE('',#3689,3.);
#1212=CIRCLE('',#3690,3.);
#1213=CIRCLE('',#3694,5.);
#1214=CIRCLE('',#3695,5.);
#1215=CIRCLE('',#3697,21.);
#1216=CIRCLE('',#3704,21.);
#1217=CIRCLE('',#3709,5.);
#1218=CIRCLE('',#3713,41.5208333333333);
#1219=CIRCLE('',#3714,5.);
#1220=CIRCLE('',#3715,3.);
#1221=CIRCLE('',#3716,3.);
#1222=CIRCLE('',#3717,1.3);
#1223=CIRCLE('',#3718,1.3);
#1224=CIRCLE('',#3719,1.3);
#1225=CIRCLE('',#3723,20.);
#1226=CIRCLE('',#3726,0.799999999999999);
#1227=CIRCLE('',#3727,0.799999999999999);
#1228=CIRCLE('',#3730,0.8);
#1229=CIRCLE('',#3731,0.8);
#1230=CIRCLE('',#3734,0.799999999999998);
#1231=CIRCLE('',#3735,0.799999999999998);
#1232=CIRCLE('',#3738,0.8);
#1233=CIRCLE('',#3739,0.8);
#1234=CIRCLE('',#3742,2.);
#1235=CIRCLE('',#3743,2.);
#1236=CIRCLE('',#3746,2.);
#1237=CIRCLE('',#3747,2.);
#1238=CIRCLE('',#3750,2.);
#1239=CIRCLE('',#3751,2.);
#1240=CIRCLE('',#3754,2.);
#1241=CIRCLE('',#3755,2.);
#1242=CIRCLE('',#3763,1.3);
#1243=CIRCLE('',#3765,3.);
#1244=CIRCLE('',#3768,1.3);
#1245=CIRCLE('',#3770,3.);
#1246=CIRCLE('',#3772,5.);
#1247=CIRCLE('',#3775,1.3);
#1248=CIRCLE('',#3777,41.5208333333333);
#1249=CIRCLE('',#3784,5.);
#1250=CIRCLE('',#3787,2.5);
#1251=CIRCLE('',#3788,2.50000000000001);
#1252=CIRCLE('',#3789,2.49999999999997);
#1253=CIRCLE('',#3790,2.5);
#1254=CIRCLE('',#3792,2.5);
#1255=CIRCLE('',#3796,1.);
#1256=CIRCLE('',#3798,19.);
#1257=CIRCLE('',#3806,13.1044273896816);
#1258=CIRCLE('',#3810,1.3);
#1259=CIRCLE('',#3811,1.3);
#1260=CIRCLE('',#3814,1.3);
#1261=CIRCLE('',#3815,1.3);
#1262=CIRCLE('',#3818,1.3);
#1263=CIRCLE('',#3819,1.3);
#1264=CIRCLE('',#3830,7.43663125288917);
#1265=CIRCLE('',#3831,7.43663125288917);
#1266=CIRCLE('',#3834,14.1044273896817);
#1267=CIRCLE('',#3835,14.1044273896817);
#1268=CIRCLE('',#3838,3.5);
#1269=CIRCLE('',#3839,3.5);
#1270=CIRCLE('',#3841,1.75);
#1271=CIRCLE('',#3843,3.5);
#1272=CIRCLE('',#3844,3.5);
#1273=CIRCLE('',#3845,3.5);
#1274=CIRCLE('',#3847,1.75);
#1275=CIRCLE('',#3850,1.75);
#1276=CIRCLE('',#3852,1.75);
#1277=CIRCLE('',#3854,53.0431645881314);
#1278=CIRCLE('',#3860,51.3111137805625);
#1279=CIRCLE('',#3861,29.8496691413899);
#1280=CIRCLE('',#3863,51.3111137805625);
#1281=CIRCLE('',#3866,1.);
#1282=CIRCLE('',#3867,1.);
#1283=CIRCLE('',#3868,0.999999999999997);
#1284=CIRCLE('',#3870,1.);
#1285=CIRCLE('',#3872,19.);
#1286=CIRCLE('',#3873,21.);
#1287=CIRCLE('',#3875,0.999999999999994);
#1288=CIRCLE('',#3878,0.999999999999994);
#1289=CIRCLE('',#3885,0.999999999999996);
#1290=CIRCLE('',#3887,20.);
#1291=CIRCLE('',#3889,1.00000000000001);
#1292=CIRCLE('',#3892,1.);
#1293=CIRCLE('',#3899,19.);
#1294=CIRCLE('',#3903,20.);
#1295=CIRCLE('',#3905,1.00000000000001);
#1296=CIRCLE('',#3907,0.999999999999996);
#1297=CIRCLE('',#3909,0.999999999999996);
#1298=CIRCLE('',#3911,20.);
#1299=CIRCLE('',#3913,1.00000000000002);
#1300=CIRCLE('',#3915,0.999999999999999);
#1301=CIRCLE('',#3917,0.999999999999997);
#1302=CIRCLE('',#3918,0.999999999999998);
#1303=CIRCLE('',#3921,0.999999999999996);
#1304=CIRCLE('',#3922,1.);
#1305=CIRCLE('',#3923,50.4450883767781);
#1306=CIRCLE('',#3925,0.999999999999999);
#1307=CIRCLE('',#3926,50.4450883767781);
#1308=CIRCLE('',#3927,3.00000000000001);
#1309=CIRCLE('',#3929,3.);
#1310=VERTEX_POINT('',#4856);
#1311=VERTEX_POINT('',#4858);
#1312=VERTEX_POINT('',#4862);
#1313=VERTEX_POINT('',#4865);
#1314=VERTEX_POINT('',#4869);
#1315=VERTEX_POINT('',#4870);
#1316=VERTEX_POINT('',#4872);
#1317=VERTEX_POINT('',#4874);
#1318=VERTEX_POINT('',#4876);
#1319=VERTEX_POINT('',#4880);
#1320=VERTEX_POINT('',#4881);
#1321=VERTEX_POINT('',#4883);
#1322=VERTEX_POINT('',#4885);
#1323=VERTEX_POINT('',#4887);
#1324=VERTEX_POINT('',#4894);
#1325=VERTEX_POINT('',#4896);
#1326=VERTEX_POINT('',#4900);
#1327=VERTEX_POINT('',#4902);
#1328=VERTEX_POINT('',#4906);
#1329=VERTEX_POINT('',#4908);
#1330=VERTEX_POINT('',#4912);
#1331=VERTEX_POINT('',#4914);
#1332=VERTEX_POINT('',#4918);
#1333=VERTEX_POINT('',#4919);
#1334=VERTEX_POINT('',#4926);
#1335=VERTEX_POINT('',#4928);
#1336=VERTEX_POINT('',#4930);
#1337=VERTEX_POINT('',#4932);
#1338=VERTEX_POINT('',#4943);
#1339=VERTEX_POINT('',#4944);
#1340=VERTEX_POINT('',#4951);
#1341=VERTEX_POINT('',#4953);
#1342=VERTEX_POINT('',#4962);
#1343=VERTEX_POINT('',#4964);
#1344=VERTEX_POINT('',#4974);
#1345=VERTEX_POINT('',#4976);
#1346=VERTEX_POINT('',#4978);
#1347=VERTEX_POINT('',#4980);
#1348=VERTEX_POINT('',#4982);
#1349=VERTEX_POINT('',#4984);
#1350=VERTEX_POINT('',#4986);
#1351=VERTEX_POINT('',#4988);
#1352=VERTEX_POINT('',#4990);
#1353=VERTEX_POINT('',#4994);
#1354=VERTEX_POINT('',#4996);
#1355=VERTEX_POINT('',#4998);
#1356=VERTEX_POINT('',#5000);
#1357=VERTEX_POINT('',#5002);
#1358=VERTEX_POINT('',#5004);
#1359=VERTEX_POINT('',#5006);
#1360=VERTEX_POINT('',#5017);
#1361=VERTEX_POINT('',#5019);
#1362=VERTEX_POINT('',#5023);
#1363=VERTEX_POINT('',#5024);
#1364=VERTEX_POINT('',#5040);
#1365=VERTEX_POINT('',#5042);
#1366=VERTEX_POINT('',#5044);
#1367=VERTEX_POINT('',#5046);
#1368=VERTEX_POINT('',#5068);
#1369=VERTEX_POINT('',#5071);
#1370=VERTEX_POINT('',#5073);
#1371=VERTEX_POINT('',#5077);
#1372=VERTEX_POINT('',#5079);
#1373=VERTEX_POINT('',#5090);
#1374=VERTEX_POINT('',#5092);
#1375=VERTEX_POINT('',#5094);
#1376=VERTEX_POINT('',#5098);
#1377=VERTEX_POINT('',#5102);
#1378=VERTEX_POINT('',#5105);
#1379=VERTEX_POINT('',#5107);
#1380=VERTEX_POINT('',#5129);
#1381=VERTEX_POINT('',#5131);
#1382=VERTEX_POINT('',#5143);
#1383=VERTEX_POINT('',#5145);
#1384=VERTEX_POINT('',#5147);
#1385=VERTEX_POINT('',#5149);
#1386=VERTEX_POINT('',#5153);
#1387=VERTEX_POINT('',#5161);
#1388=VERTEX_POINT('',#5163);
#1389=VERTEX_POINT('',#5168);
#1390=VERTEX_POINT('',#5171);
#1391=VERTEX_POINT('',#5173);
#1392=VERTEX_POINT('',#5176);
#1393=VERTEX_POINT('',#5182);
#1394=VERTEX_POINT('',#5184);
#1395=VERTEX_POINT('',#5186);
#1396=VERTEX_POINT('',#5196);
#1397=VERTEX_POINT('',#5211);
#1398=VERTEX_POINT('',#5213);
#1399=VERTEX_POINT('',#5215);
#1400=VERTEX_POINT('',#5242);
#1401=VERTEX_POINT('',#5247);
#1402=VERTEX_POINT('',#5295);
#1403=VERTEX_POINT('',#5296);
#1404=VERTEX_POINT('',#5372);
#1405=VERTEX_POINT('',#5401);
#1406=VERTEX_POINT('',#5402);
#1407=VERTEX_POINT('',#5411);
#1408=VERTEX_POINT('',#5420);
#1409=VERTEX_POINT('',#5422);
#1410=VERTEX_POINT('',#5426);
#1411=VERTEX_POINT('',#5427);
#1412=VERTEX_POINT('',#5432);
#1413=VERTEX_POINT('',#5434);
#1414=VERTEX_POINT('',#5436);
#1415=VERTEX_POINT('',#5517);
#1416=VERTEX_POINT('',#5519);
#1417=VERTEX_POINT('',#5524);
#1418=VERTEX_POINT('',#5525);
#1419=VERTEX_POINT('',#5566);
#1420=VERTEX_POINT('',#5577);
#1421=VERTEX_POINT('',#5579);
#1422=VERTEX_POINT('',#5581);
#1423=VERTEX_POINT('',#5583);
#1424=VERTEX_POINT('',#5585);
#1425=VERTEX_POINT('',#5587);
#1426=VERTEX_POINT('',#5676);
#1427=VERTEX_POINT('',#5680);
#1428=VERTEX_POINT('',#5682);
#1429=VERTEX_POINT('',#5684);
#1430=VERTEX_POINT('',#5776);
#1431=VERTEX_POINT('',#5780);
#1432=VERTEX_POINT('',#5781);
#1433=VERTEX_POINT('',#5809);
#1434=VERTEX_POINT('',#5814);
#1435=VERTEX_POINT('',#5830);
#1436=VERTEX_POINT('',#5835);
#1437=VERTEX_POINT('',#5837);
#1438=VERTEX_POINT('',#5841);
#1439=VERTEX_POINT('',#5843);
#1440=VERTEX_POINT('',#5845);
#1441=VERTEX_POINT('',#5849);
#1442=VERTEX_POINT('',#5850);
#1443=VERTEX_POINT('',#5852);
#1444=VERTEX_POINT('',#5855);
#1445=VERTEX_POINT('',#5857);
#1446=VERTEX_POINT('',#5860);
#1447=VERTEX_POINT('',#5862);
#1448=VERTEX_POINT('',#5864);
#1449=VERTEX_POINT('',#5868);
#1450=VERTEX_POINT('',#5872);
#1451=VERTEX_POINT('',#5877);
#1452=VERTEX_POINT('',#5878);
#1453=VERTEX_POINT('',#5880);
#1454=VERTEX_POINT('',#5882);
#1455=VERTEX_POINT('',#5884);
#1456=VERTEX_POINT('',#5888);
#1457=VERTEX_POINT('',#5900);
#1458=VERTEX_POINT('',#5904);
#1459=VERTEX_POINT('',#5908);
#1460=VERTEX_POINT('',#5912);
#1461=VERTEX_POINT('',#5914);
#1462=VERTEX_POINT('',#5917);
#1463=VERTEX_POINT('',#5919);
#1464=VERTEX_POINT('',#5921);
#1465=VERTEX_POINT('',#5923);
#1466=VERTEX_POINT('',#5925);
#1467=VERTEX_POINT('',#5928);
#1468=VERTEX_POINT('',#5930);
#1469=VERTEX_POINT('',#5932);
#1470=VERTEX_POINT('',#5935);
#1471=VERTEX_POINT('',#5937);
#1472=VERTEX_POINT('',#5939);
#1473=VERTEX_POINT('',#5941);
#1474=VERTEX_POINT('',#5944);
#1475=VERTEX_POINT('',#5946);
#1476=VERTEX_POINT('',#5948);
#1477=VERTEX_POINT('',#5950);
#1478=VERTEX_POINT('',#5954);
#1479=VERTEX_POINT('',#5958);
#1480=VERTEX_POINT('',#5962);
#1481=VERTEX_POINT('',#5964);
#1482=VERTEX_POINT('',#5969);
#1483=VERTEX_POINT('',#5971);
#1484=VERTEX_POINT('',#5976);
#1485=VERTEX_POINT('',#5978);
#1486=VERTEX_POINT('',#5983);
#1487=VERTEX_POINT('',#5985);
#1488=VERTEX_POINT('',#5990);
#1489=VERTEX_POINT('',#5992);
#1490=VERTEX_POINT('',#5997);
#1491=VERTEX_POINT('',#5999);
#1492=VERTEX_POINT('',#6004);
#1493=VERTEX_POINT('',#6006);
#1494=VERTEX_POINT('',#6011);
#1495=VERTEX_POINT('',#6013);
#1496=VERTEX_POINT('',#6018);
#1497=VERTEX_POINT('',#6020);
#1498=VERTEX_POINT('',#6024);
#1499=VERTEX_POINT('',#6028);
#1500=VERTEX_POINT('',#6035);
#1501=VERTEX_POINT('',#6039);
#1502=VERTEX_POINT('',#6045);
#1503=VERTEX_POINT('',#6049);
#1504=VERTEX_POINT('',#6051);
#1505=VERTEX_POINT('',#6055);
#1506=VERTEX_POINT('',#6059);
#1507=VERTEX_POINT('',#6063);
#1508=VERTEX_POINT('',#6067);
#1509=VERTEX_POINT('',#6077);
#1510=VERTEX_POINT('',#6081);
#1511=VERTEX_POINT('',#6137);
#1512=VERTEX_POINT('',#6139);
#1513=VERTEX_POINT('',#6150);
#1514=VERTEX_POINT('',#6173);
#1515=VERTEX_POINT('',#6195);
#1516=VERTEX_POINT('',#6196);
#1517=VERTEX_POINT('',#6204);
#1518=VERTEX_POINT('',#6255);
#1519=VERTEX_POINT('',#6259);
#1520=VERTEX_POINT('',#6261);
#1521=VERTEX_POINT('',#6270);
#1522=VERTEX_POINT('',#6274);
#1523=VERTEX_POINT('',#6283);
#1524=VERTEX_POINT('',#6285);
#1525=VERTEX_POINT('',#6295);
#1526=VERTEX_POINT('',#6297);
#1527=VERTEX_POINT('',#6364);
#1528=VERTEX_POINT('',#6399);
#1529=VERTEX_POINT('',#6458);
#1530=VERTEX_POINT('',#6484);
#1531=VERTEX_POINT('',#6486);
#1532=VERTEX_POINT('',#6491);
#1533=VERTEX_POINT('',#6493);
#1534=VERTEX_POINT('',#6498);
#1535=VERTEX_POINT('',#6500);
#1536=VERTEX_POINT('',#6578);
#1537=VERTEX_POINT('',#6579);
#1538=VERTEX_POINT('',#6614);
#1539=VERTEX_POINT('',#6616);
#1540=VERTEX_POINT('',#6653);
#1541=VERTEX_POINT('',#6655);
#1542=VERTEX_POINT('',#6664);
#1543=VERTEX_POINT('',#6666);
#1544=VERTEX_POINT('',#6733);
#1545=VERTEX_POINT('',#6766);
#1546=VERTEX_POINT('',#6801);
#1547=VERTEX_POINT('',#6803);
#1548=VERTEX_POINT('',#6807);
#1549=VERTEX_POINT('',#6809);
#1550=VERTEX_POINT('',#6817);
#1551=VERTEX_POINT('',#6819);
#1552=VERTEX_POINT('',#6823);
#1553=VERTEX_POINT('',#6826);
#1554=VERTEX_POINT('',#6827);
#1555=VERTEX_POINT('',#6846);
#1556=VERTEX_POINT('',#6848);
#1557=VERTEX_POINT('',#6853);
#1558=VERTEX_POINT('',#6856);
#1559=VERTEX_POINT('',#6858);
#1560=VERTEX_POINT('',#6864);
#1561=VERTEX_POINT('',#6866);
#1562=VERTEX_POINT('',#6874);
#1563=VERTEX_POINT('',#6878);
#1564=VERTEX_POINT('',#6882);
#1565=VERTEX_POINT('',#6884);
#1566=VERTEX_POINT('',#6886);
#1567=VERTEX_POINT('',#6888);
#1568=VERTEX_POINT('',#6890);
#1569=VERTEX_POINT('',#6894);
#1570=VERTEX_POINT('',#6895);
#1571=VERTEX_POINT('',#6897);
#1572=VERTEX_POINT('',#6914);
#1573=VERTEX_POINT('',#6915);
#1574=VERTEX_POINT('',#6917);
#1575=VERTEX_POINT('',#6924);
#1576=VERTEX_POINT('',#6926);
#1577=VERTEX_POINT('',#6941);
#1578=VERTEX_POINT('',#6955);
#1579=VERTEX_POINT('',#6957);
#1580=VERTEX_POINT('',#6959);
#1581=VERTEX_POINT('',#6961);
#1582=VERTEX_POINT('',#6975);
#1583=VERTEX_POINT('',#6991);
#1584=VERTEX_POINT('',#7002);
#1585=VERTEX_POINT('',#7004);
#1586=VERTEX_POINT('',#7029);
#1587=VERTEX_POINT('',#7033);
#1588=VERTEX_POINT('',#7035);
#1589=VERTEX_POINT('',#7037);
#1590=VERTEX_POINT('',#7050);
#1591=VERTEX_POINT('',#7088);
#1592=VERTEX_POINT('',#7095);
#1593=VERTEX_POINT('',#7097);
#1594=VERTEX_POINT('',#7101);
#1595=VERTEX_POINT('',#7102);
#1596=VERTEX_POINT('',#7148);
#1597=VERTEX_POINT('',#7162);
#1598=VERTEX_POINT('',#7173);
#1599=VERTEX_POINT('',#7175);
#1600=VERTEX_POINT('',#7177);
#1601=VERTEX_POINT('',#7179);
#1602=VERTEX_POINT('',#7187);
#1603=VERTEX_POINT('',#7207);
#1604=VERTEX_POINT('',#7293);
#1605=VERTEX_POINT('',#7294);
#1606=VERTEX_POINT('',#7317);
#1607=VERTEX_POINT('',#7326);
#1608=VERTEX_POINT('',#7328);
#1609=VERTEX_POINT('',#7332);
#1610=VERTEX_POINT('',#7333);
#1611=VERTEX_POINT('',#7376);
#1612=VERTEX_POINT('',#7387);
#1613=VERTEX_POINT('',#7389);
#1614=VERTEX_POINT('',#7391);
#1615=VERTEX_POINT('',#7395);
#1616=VERTEX_POINT('',#7415);
#1617=VERTEX_POINT('',#7424);
#1618=VERTEX_POINT('',#7488);
#1619=VERTEX_POINT('',#7687);
#1620=VERTEX_POINT('',#7732);
#1621=VERTEX_POINT('',#7813);
#1622=VERTEX_POINT('',#7831);
#1623=VERTEX_POINT('',#7833);
#1624=VERTEX_POINT('',#7920);
#1625=VERTEX_POINT('',#7947);
#1626=EDGE_CURVE('',#1310,#1310,#1155,.T.);
#1627=EDGE_CURVE('',#1310,#1311,#707,.T.);
#1628=EDGE_CURVE('',#1311,#1311,#1156,.T.);
#1629=EDGE_CURVE('',#1312,#1312,#1157,.T.);
#1630=EDGE_CURVE('',#1312,#1313,#708,.T.);
#1631=EDGE_CURVE('',#1313,#1313,#1158,.T.);
#1632=EDGE_CURVE('',#1314,#1315,#1159,.T.);
#1633=EDGE_CURVE('',#1315,#1316,#709,.T.);
#1634=EDGE_CURVE('',#1316,#1317,#710,.T.);
#1635=EDGE_CURVE('',#1318,#1317,#711,.T.);
#1636=EDGE_CURVE('',#1318,#1314,#712,.T.);
#1637=EDGE_CURVE('',#1319,#1320,#1160,.T.);
#1638=EDGE_CURVE('',#1320,#1321,#713,.T.);
#1639=EDGE_CURVE('',#1321,#1322,#714,.T.);
#1640=EDGE_CURVE('',#1322,#1323,#715,.T.);
#1641=EDGE_CURVE('',#1323,#1319,#716,.T.);
#1642=EDGE_CURVE('',#1317,#1322,#1161,.T.);
#1643=EDGE_CURVE('',#1321,#1318,#1162,.T.);
#1644=EDGE_CURVE('',#1324,#1324,#1163,.T.);
#1645=EDGE_CURVE('',#1324,#1325,#717,.T.);
#1646=EDGE_CURVE('',#1325,#1325,#1164,.T.);
#1647=EDGE_CURVE('',#1326,#1326,#1165,.T.);
#1648=EDGE_CURVE('',#1326,#1327,#718,.T.);
#1649=EDGE_CURVE('',#1327,#1327,#1166,.T.);
#1650=EDGE_CURVE('',#1328,#1328,#1167,.T.);
#1651=EDGE_CURVE('',#1328,#1329,#719,.T.);
#1652=EDGE_CURVE('',#1329,#1329,#1168,.T.);
#1653=EDGE_CURVE('',#1330,#1330,#1169,.T.);
#1654=EDGE_CURVE('',#1330,#1331,#720,.T.);
#1655=EDGE_CURVE('',#1331,#1331,#1170,.T.);
#1656=EDGE_CURVE('',#1332,#1333,#104,.T.);
#1657=EDGE_CURVE('',#1333,#1334,#1171,.T.);
#1658=EDGE_CURVE('',#1334,#1335,#721,.T.);
#1659=EDGE_CURVE('',#1335,#1336,#1172,.T.);
#1660=EDGE_CURVE('',#1336,#1337,#105,.T.);
#1661=EDGE_CURVE('',#1332,#1337,#722,.T.);
#1662=EDGE_CURVE('',#1338,#1339,#106,.T.);
#1663=EDGE_CURVE('',#1339,#1340,#723,.T.);
#1664=EDGE_CURVE('',#1340,#1341,#107,.T.);
#1665=EDGE_CURVE('',#1341,#1342,#1173,.T.);
#1666=EDGE_CURVE('',#1343,#1342,#724,.T.);
#1667=EDGE_CURVE('',#1343,#1338,#1174,.T.);
#1668=EDGE_CURVE('',#1342,#1335,#725,.T.);
#1669=EDGE_CURVE('',#1334,#1343,#726,.T.);
#1670=EDGE_CURVE('',#1339,#1332,#727,.T.);
#1671=EDGE_CURVE('',#1337,#1340,#728,.T.);
#1672=EDGE_CURVE('',#1333,#1344,#729,.T.);
#1673=EDGE_CURVE('',#1344,#1345,#730,.T.);
#1674=EDGE_CURVE('',#1345,#1346,#731,.T.);
#1675=EDGE_CURVE('',#1346,#1347,#732,.T.);
#1676=EDGE_CURVE('',#1347,#1348,#733,.T.);
#1677=EDGE_CURVE('',#1348,#1349,#734,.T.);
#1678=EDGE_CURVE('',#1350,#1349,#735,.T.);
#1679=EDGE_CURVE('',#1350,#1351,#736,.T.);
#1680=EDGE_CURVE('',#1351,#1352,#1175,.T.);
#1681=EDGE_CURVE('',#1352,#1338,#737,.T.);
#1682=EDGE_CURVE('',#1353,#1336,#738,.T.);
#1683=EDGE_CURVE('',#1354,#1353,#66,.T.);
#1684=EDGE_CURVE('',#1355,#1354,#739,.T.);
#1685=EDGE_CURVE('',#1356,#1355,#1176,.T.);
#1686=EDGE_CURVE('',#1357,#1356,#740,.T.);
#1687=EDGE_CURVE('',#1358,#1357,#1177,.T.);
#1688=EDGE_CURVE('',#1358,#1359,#108,.T.);
#1689=EDGE_CURVE('',#1360,#1359,#741,.T.);
#1690=EDGE_CURVE('',#1361,#1360,#67,.T.);
#1691=EDGE_CURVE('',#1341,#1361,#742,.T.);
#1692=EDGE_CURVE('',#1362,#1363,#109,.T.);
#1693=EDGE_CURVE('',#1363,#1364,#1178,.T.);
#1694=EDGE_CURVE('',#1364,#1365,#743,.T.);
#1695=EDGE_CURVE('',#1365,#1366,#1179,.T.);
#1696=EDGE_CURVE('',#1366,#1367,#110,.T.);
#1697=EDGE_CURVE('',#1367,#1365,#1180,.T.);
#1698=EDGE_CURVE('',#1364,#1362,#1181,.T.);
#1699=EDGE_CURVE('',#1368,#1345,#1182,.T.);
#1700=EDGE_CURVE('',#1356,#1345,#744,.T.);
#1701=EDGE_CURVE('',#1355,#1369,#745,.T.);
#1702=EDGE_CURVE('',#1370,#1369,#746,.T.);
#1703=EDGE_CURVE('',#1370,#1368,#747,.T.);
#1704=EDGE_CURVE('',#1369,#1371,#748,.T.);
#1705=EDGE_CURVE('',#1371,#1372,#111,.T.);
#1706=EDGE_CURVE('',#1372,#1373,#749,.T.);
#1707=EDGE_CURVE('',#1374,#1373,#750,.T.);
#1708=EDGE_CURVE('',#1375,#1374,#751,.T.);
#1709=EDGE_CURVE('',#1375,#1370,#752,.T.);
#1710=EDGE_CURVE('',#1373,#1376,#1183,.T.);
#1711=EDGE_CURVE('',#1376,#1374,#753,.T.);
#1712=EDGE_CURVE('',#1344,#1377,#1184,.T.);
#1713=EDGE_CURVE('',#1377,#1375,#754,.T.);
#1714=EDGE_CURVE('',#1376,#1378,#755,.T.);
#1715=EDGE_CURVE('',#1378,#1379,#112,.T.);
#1716=EDGE_CURVE('',#1379,#1358,#113,.T.);
#1717=EDGE_CURVE('',#1344,#1357,#756,.T.);
#1718=EDGE_CURVE('',#1380,#1366,#757,.T.);
#1719=EDGE_CURVE('',#1380,#1381,#114,.T.);
#1720=EDGE_CURVE('',#1382,#1381,#758,.T.);
#1721=EDGE_CURVE('',#1383,#1382,#68,.T.);
#1722=EDGE_CURVE('',#1384,#1383,#759,.T.);
#1723=EDGE_CURVE('',#1384,#1385,#1185,.T.);
#1724=EDGE_CURVE('',#1367,#1385,#760,.T.);
#1725=EDGE_CURVE('',#1320,#1386,#115,.T.);
#1726=EDGE_CURVE('',#1386,#1387,#761,.T.);
#1727=EDGE_CURVE('',#1387,#1388,#116,.T.);
#1728=EDGE_CURVE('',#1388,#1389,#762,.T.);
#1729=EDGE_CURVE('',#1389,#1362,#763,.T.);
#1730=EDGE_CURVE('',#1363,#1390,#764,.T.);
#1731=EDGE_CURVE('',#1390,#1391,#765,.T.);
#1732=EDGE_CURVE('',#1391,#1368,#766,.T.);
#1733=EDGE_CURVE('',#1377,#1392,#767,.T.);
#1734=EDGE_CURVE('',#1392,#1314,#768,.T.);
#1735=EDGE_CURVE('',#1391,#1346,#69,.T.);
#1736=EDGE_CURVE('',#1393,#1393,#1186,.T.);
#1737=EDGE_CURVE('',#1393,#1394,#769,.T.);
#1738=EDGE_CURVE('',#1394,#1395,#117,.T.);
#1739=EDGE_CURVE('',#1395,#1378,#1187,.T.);
#1740=EDGE_CURVE('',#1372,#1396,#1188,.T.);
#1741=EDGE_CURVE('',#1396,#1394,#118,.T.);
#1742=EDGE_CURVE('',#1379,#1395,#1189,.T.);
#1743=EDGE_CURVE('',#1359,#1371,#1190,.T.);
#1744=EDGE_CURVE('',#1396,#1359,#1191,.T.);
#1745=EDGE_CURVE('',#1350,#1397,#70,.F.);
#1746=EDGE_CURVE('',#1397,#1398,#71,.F.);
#1747=EDGE_CURVE('',#1399,#1398,#770,.T.);
#1748=EDGE_CURVE('',#1351,#1399,#1192,.T.);
#1749=EDGE_CURVE('',#1400,#1399,#119,.T.);
#1750=EDGE_CURVE('',#1401,#1400,#1193,.T.);
#1751=EDGE_CURVE('',#1351,#1401,#120,.T.);
#1752=EDGE_CURVE('',#1402,#1403,#1194,.T.);
#1753=EDGE_CURVE('',#1401,#1402,#121,.T.);
#1754=EDGE_CURVE('',#1403,#1400,#122,.T.);
#1755=EDGE_CURVE('',#1404,#1403,#123,.T.);
#1756=EDGE_CURVE('',#1402,#1404,#124,.T.);
#1757=EDGE_CURVE('',#1392,#1404,#1195,.T.);
#1758=EDGE_CURVE('',#1352,#1392,#1196,.T.);
#1759=EDGE_CURVE('',#1405,#1406,#125,.F.);
#1760=EDGE_CURVE('',#1407,#1406,#126,.T.);
#1761=EDGE_CURVE('',#1408,#1407,#1197,.T.);
#1762=EDGE_CURVE('',#1409,#1408,#1198,.T.);
#1763=EDGE_CURVE('',#1405,#1409,#1199,.T.);
#1764=EDGE_CURVE('',#1410,#1411,#72,.T.);
#1765=EDGE_CURVE('',#1409,#1410,#771,.T.);
#1766=EDGE_CURVE('',#1411,#1408,#772,.T.);
#1767=EDGE_CURVE('',#1412,#1410,#773,.T.);
#1768=EDGE_CURVE('',#1413,#1412,#774,.T.);
#1769=EDGE_CURVE('',#1414,#1413,#775,.T.);
#1770=EDGE_CURVE('',#1405,#1414,#776,.T.);
#1771=EDGE_CURVE('',#1385,#1415,#777,.T.);
#1772=EDGE_CURVE('',#1415,#1416,#778,.T.);
#1773=EDGE_CURVE('',#1416,#1360,#779,.T.);
#1774=EDGE_CURVE('',#1354,#1382,#780,.T.);
#1775=EDGE_CURVE('',#1381,#1380,#1200,.T.);
#1776=EDGE_CURVE('',#1417,#1418,#127,.T.);
#1777=EDGE_CURVE('',#1417,#1419,#128,.T.);
#1778=EDGE_CURVE('',#1420,#1419,#1201,.T.);
#1779=EDGE_CURVE('',#1421,#1420,#1202,.T.);
#1780=EDGE_CURVE('',#1421,#1422,#1203,.T.);
#1781=EDGE_CURVE('',#1423,#1422,#781,.T.);
#1782=EDGE_CURVE('',#1424,#1423,#1204,.T.);
#1783=EDGE_CURVE('',#1425,#1424,#129,.T.);
#1784=EDGE_CURVE('',#1426,#1425,#782,.T.);
#1785=EDGE_CURVE('',#1418,#1426,#73,.T.);
#1786=EDGE_CURVE('',#1380,#1427,#1205,.T.);
#1787=EDGE_CURVE('',#1428,#1381,#1206,.T.);
#1788=EDGE_CURVE('',#1429,#1428,#1207,.T.);
#1789=EDGE_CURVE('',#1427,#1429,#1208,.T.);
#1790=EDGE_CURVE('',#1428,#1427,#130,.T.);
#1791=EDGE_CURVE('',#1430,#1430,#1209,.T.);
#1792=EDGE_CURVE('',#1430,#1429,#783,.T.);
#1793=EDGE_CURVE('',#1431,#1432,#1210,.F.);
#1794=EDGE_CURVE('',#1432,#1422,#784,.T.);
#1795=EDGE_CURVE('',#1431,#1421,#785,.T.);
#1796=EDGE_CURVE('',#1433,#1417,#131,.T.);
#1797=EDGE_CURVE('',#1434,#1433,#132,.T.);
#1798=EDGE_CURVE('',#1419,#1434,#133,.T.);
#1799=EDGE_CURVE('',#1435,#1435,#1211,.T.);
#1800=EDGE_CURVE('',#1435,#1420,#786,.T.);
#1801=EDGE_CURVE('',#1434,#1431,#1212,.T.);
#1802=EDGE_CURVE('',#1408,#1436,#787,.T.);
#1803=EDGE_CURVE('',#1436,#1437,#788,.T.);
#1804=EDGE_CURVE('',#1411,#1437,#789,.T.);
#1805=EDGE_CURVE('',#1438,#1412,#74,.T.);
#1806=EDGE_CURVE('',#1438,#1439,#1213,.T.);
#1807=EDGE_CURVE('',#1439,#1440,#790,.T.);
#1808=EDGE_CURVE('',#1440,#1413,#1214,.T.);
#1809=EDGE_CURVE('',#1441,#1442,#1215,.T.);
#1810=EDGE_CURVE('',#1442,#1443,#791,.T.);
#1811=EDGE_CURVE('',#1416,#1443,#792,.T.);
#1812=EDGE_CURVE('',#1416,#1444,#75,.T.);
#1813=EDGE_CURVE('',#1444,#1445,#793,.T.);
#1814=EDGE_CURVE('',#1445,#1438,#794,.T.);
#1815=EDGE_CURVE('',#1437,#1446,#76,.T.);
#1816=EDGE_CURVE('',#1446,#1447,#795,.T.);
#1817=EDGE_CURVE('',#1447,#1448,#796,.T.);
#1818=EDGE_CURVE('',#1448,#1441,#797,.T.);
#1819=EDGE_CURVE('',#1449,#1443,#798,.T.);
#1820=EDGE_CURVE('',#1360,#1449,#799,.T.);
#1821=EDGE_CURVE('',#1450,#1398,#800,.T.);
#1822=EDGE_CURVE('',#1449,#1397,#801,.T.);
#1823=EDGE_CURVE('',#1450,#1442,#802,.T.);
#1824=EDGE_CURVE('',#1451,#1452,#77,.T.);
#1825=EDGE_CURVE('',#1452,#1453,#1216,.T.);
#1826=EDGE_CURVE('',#1453,#1454,#803,.T.);
#1827=EDGE_CURVE('',#1454,#1455,#804,.T.);
#1828=EDGE_CURVE('',#1455,#1451,#805,.T.);
#1829=EDGE_CURVE('',#1349,#1456,#806,.T.);
#1830=EDGE_CURVE('',#1456,#1361,#807,.T.);
#1831=EDGE_CURVE('',#1452,#1450,#134,.T.);
#1832=EDGE_CURVE('',#1453,#1441,#808,.T.);
#1833=EDGE_CURVE('',#1448,#1454,#809,.T.);
#1834=EDGE_CURVE('',#1415,#1457,#1217,.T.);
#1835=EDGE_CURVE('',#1444,#1457,#810,.T.);
#1836=EDGE_CURVE('',#1456,#1458,#811,.T.);
#1837=EDGE_CURVE('',#1458,#1353,#812,.T.);
#1838=EDGE_CURVE('',#1459,#1457,#813,.T.);
#1839=EDGE_CURVE('',#1459,#1445,#814,.T.);
#1840=EDGE_CURVE('',#1460,#1459,#815,.T.);
#1841=EDGE_CURVE('',#1461,#1460,#816,.T.);
#1842=EDGE_CURVE('',#1458,#1461,#817,.T.);
#1843=EDGE_CURVE('',#1462,#1348,#1218,.T.);
#1844=EDGE_CURVE('',#1463,#1462,#818,.T.);
#1845=EDGE_CURVE('',#1464,#1463,#1219,.T.);
#1846=EDGE_CURVE('',#1465,#1464,#1220,.T.);
#1847=EDGE_CURVE('',#1466,#1465,#819,.T.);
#1848=EDGE_CURVE('',#1439,#1466,#1221,.T.);
#1849=EDGE_CURVE('',#1467,#1467,#1222,.T.);
#1850=EDGE_CURVE('',#1468,#1468,#1223,.T.);
#1851=EDGE_CURVE('',#1469,#1469,#1224,.T.);
#1852=EDGE_CURVE('',#1470,#1455,#820,.T.);
#1853=EDGE_CURVE('',#1471,#1470,#821,.T.);
#1854=EDGE_CURVE('',#1472,#1471,#822,.T.);
#1855=EDGE_CURVE('',#1473,#1472,#823,.T.);
#1856=EDGE_CURVE('',#1447,#1473,#824,.T.);
#1857=EDGE_CURVE('',#1446,#1474,#825,.T.);
#1858=EDGE_CURVE('',#1474,#1475,#826,.T.);
#1859=EDGE_CURVE('',#1475,#1476,#827,.T.);
#1860=EDGE_CURVE('',#1476,#1477,#828,.T.);
#1861=EDGE_CURVE('',#1477,#1451,#829,.T.);
#1862=EDGE_CURVE('',#1450,#1478,#830,.T.);
#1863=EDGE_CURVE('',#1478,#1400,#831,.F.);
#1864=EDGE_CURVE('',#1436,#1479,#1225,.T.);
#1865=EDGE_CURVE('',#1479,#1474,#78,.T.);
#1866=EDGE_CURVE('',#1480,#1480,#1226,.T.);
#1867=EDGE_CURVE('',#1480,#1481,#832,.T.);
#1868=EDGE_CURVE('',#1481,#1481,#1227,.T.);
#1869=EDGE_CURVE('',#1482,#1482,#1228,.T.);
#1870=EDGE_CURVE('',#1482,#1483,#833,.T.);
#1871=EDGE_CURVE('',#1483,#1483,#1229,.T.);
#1872=EDGE_CURVE('',#1484,#1484,#1230,.T.);
#1873=EDGE_CURVE('',#1484,#1485,#834,.T.);
#1874=EDGE_CURVE('',#1485,#1485,#1231,.T.);
#1875=EDGE_CURVE('',#1486,#1486,#1232,.T.);
#1876=EDGE_CURVE('',#1486,#1487,#835,.T.);
#1877=EDGE_CURVE('',#1487,#1487,#1233,.T.);
#1878=EDGE_CURVE('',#1488,#1488,#1234,.T.);
#1879=EDGE_CURVE('',#1488,#1489,#836,.T.);
#1880=EDGE_CURVE('',#1489,#1489,#1235,.T.);
#1881=EDGE_CURVE('',#1490,#1490,#1236,.T.);
#1882=EDGE_CURVE('',#1490,#1491,#837,.T.);
#1883=EDGE_CURVE('',#1491,#1491,#1237,.T.);
#1884=EDGE_CURVE('',#1492,#1492,#1238,.T.);
#1885=EDGE_CURVE('',#1492,#1493,#838,.T.);
#1886=EDGE_CURVE('',#1493,#1493,#1239,.T.);
#1887=EDGE_CURVE('',#1494,#1494,#1240,.T.);
#1888=EDGE_CURVE('',#1494,#1495,#839,.T.);
#1889=EDGE_CURVE('',#1495,#1495,#1241,.T.);
#1890=EDGE_CURVE('',#1473,#1496,#840,.T.);
#1891=EDGE_CURVE('',#1497,#1496,#841,.T.);
#1892=EDGE_CURVE('',#1470,#1497,#842,.T.);
#1893=EDGE_CURVE('',#1498,#1497,#843,.T.);
#1894=EDGE_CURVE('',#1471,#1498,#844,.T.);
#1895=EDGE_CURVE('',#1499,#1498,#845,.T.);
#1896=EDGE_CURVE('',#1472,#1499,#846,.T.);
#1897=EDGE_CURVE('',#1496,#1499,#847,.T.);
#1898=EDGE_CURVE('',#1500,#1500,#1242,.T.);
#1899=EDGE_CURVE('',#1500,#1469,#848,.T.);
#1900=EDGE_CURVE('',#1466,#1501,#849,.T.);
#1901=EDGE_CURVE('',#1501,#1440,#1243,.T.);
#1902=EDGE_CURVE('',#1414,#1501,#850,.T.);
#1903=EDGE_CURVE('',#1502,#1502,#1244,.T.);
#1904=EDGE_CURVE('',#1502,#1468,#851,.T.);
#1905=EDGE_CURVE('',#1464,#1503,#852,.T.);
#1906=EDGE_CURVE('',#1503,#1504,#1245,.T.);
#1907=EDGE_CURVE('',#1465,#1504,#853,.T.);
#1908=EDGE_CURVE('',#1505,#1463,#854,.T.);
#1909=EDGE_CURVE('',#1505,#1503,#1246,.T.);
#1910=EDGE_CURVE('',#1505,#1506,#855,.T.);
#1911=EDGE_CURVE('',#1504,#1506,#856,.T.);
#1912=EDGE_CURVE('',#1507,#1507,#1247,.T.);
#1913=EDGE_CURVE('',#1507,#1467,#857,.T.);
#1914=EDGE_CURVE('',#1347,#1508,#1248,.T.);
#1915=EDGE_CURVE('',#1508,#1462,#858,.T.);
#1916=EDGE_CURVE('',#1347,#1508,#859,.T.);
#1917=EDGE_CURVE('',#1383,#1353,#860,.T.);
#1918=EDGE_CURVE('',#1460,#1384,#861,.T.);
#1919=EDGE_CURVE('',#1346,#1509,#862,.T.);
#1920=EDGE_CURVE('',#1509,#1390,#79,.T.);
#1921=EDGE_CURVE('',#1510,#1389,#1249,.T.);
#1922=EDGE_CURVE('',#1509,#1510,#863,.T.);
#1923=EDGE_CURVE('',#1509,#1508,#864,.T.);
#1924=EDGE_CURVE('',#1511,#1388,#1250,.T.);
#1925=EDGE_CURVE('',#1512,#1511,#135,.T.);
#1926=EDGE_CURVE('',#1513,#1512,#1251,.T.);
#1927=EDGE_CURVE('',#1513,#1388,#865,.T.);
#1928=EDGE_CURVE('',#1514,#1387,#1252,.T.);
#1929=EDGE_CURVE('',#1511,#1514,#136,.T.);
#1930=EDGE_CURVE('',#1515,#1516,#1253,.T.);
#1931=EDGE_CURVE('',#1515,#1513,#866,.T.);
#1932=EDGE_CURVE('',#1516,#1512,#137,.T.);
#1933=EDGE_CURVE('',#1517,#1386,#1254,.T.);
#1934=EDGE_CURVE('',#1514,#1517,#867,.T.);
#1935=EDGE_CURVE('',#1516,#1407,#868,.T.);
#1936=EDGE_CURVE('',#1406,#1515,#869,.T.);
#1937=EDGE_CURVE('',#1517,#1319,#138,.T.);
#1938=EDGE_CURVE('',#1315,#1404,#870,.T.);
#1939=EDGE_CURVE('',#1518,#1478,#1255,.T.);
#1940=EDGE_CURVE('',#1403,#1518,#871,.T.);
#1941=EDGE_CURVE('',#1518,#1519,#1256,.T.);
#1942=EDGE_CURVE('',#1520,#1519,#872,.T.);
#1943=EDGE_CURVE('',#1520,#1316,#873,.T.);
#1944=EDGE_CURVE('',#1323,#1521,#80,.T.);
#1945=EDGE_CURVE('',#1521,#1517,#874,.T.);
#1946=EDGE_CURVE('',#1522,#1521,#875,.T.);
#1947=EDGE_CURVE('',#1522,#1514,#876,.T.);
#1948=EDGE_CURVE('',#1522,#1523,#81,.T.);
#1949=EDGE_CURVE('',#1523,#1524,#877,.T.);
#1950=EDGE_CURVE('',#1524,#1512,#139,.T.);
#1951=EDGE_CURVE('',#1461,#1383,#878,.T.);
#1952=EDGE_CURVE('',#1525,#1425,#879,.T.);
#1953=EDGE_CURVE('',#1525,#1526,#880,.T.);
#1954=EDGE_CURVE('',#1526,#1426,#881,.T.);
#1955=EDGE_CURVE('',#1527,#1424,#882,.T.);
#1956=EDGE_CURVE('',#1527,#1525,#140,.T.);
#1957=EDGE_CURVE('',#1528,#1423,#883,.T.);
#1958=EDGE_CURVE('',#1528,#1527,#1257,.T.);
#1959=EDGE_CURVE('',#1432,#1528,#884,.T.);
#1960=EDGE_CURVE('',#1529,#1418,#885,.T.);
#1961=EDGE_CURVE('',#1529,#1433,#141,.T.);
#1962=EDGE_CURVE('',#1526,#1529,#82,.T.);
#1963=EDGE_CURVE('',#1530,#1530,#1258,.T.);
#1964=EDGE_CURVE('',#1530,#1531,#886,.T.);
#1965=EDGE_CURVE('',#1531,#1531,#1259,.T.);
#1966=EDGE_CURVE('',#1532,#1532,#1260,.T.);
#1967=EDGE_CURVE('',#1532,#1533,#887,.T.);
#1968=EDGE_CURVE('',#1533,#1533,#1261,.T.);
#1969=EDGE_CURVE('',#1534,#1534,#1262,.T.);
#1970=EDGE_CURVE('',#1534,#1535,#888,.T.);
#1971=EDGE_CURVE('',#1535,#1535,#1263,.T.);
#1972=EDGE_CURVE('',#1510,#1506,#889,.T.);
#1973=EDGE_CURVE('',#1536,#1537,#142,.T.);
#1974=EDGE_CURVE('',#1537,#1538,#890,.T.);
#1975=EDGE_CURVE('',#1538,#1539,#143,.T.);
#1976=EDGE_CURVE('',#1536,#1539,#891,.T.);
#1977=EDGE_CURVE('',#1537,#1540,#892,.T.);
#1978=EDGE_CURVE('',#1540,#1541,#893,.T.);
#1979=EDGE_CURVE('',#1541,#1538,#894,.T.);
#1980=EDGE_CURVE('',#1540,#1542,#83,.T.);
#1981=EDGE_CURVE('',#1542,#1543,#895,.T.);
#1982=EDGE_CURVE('',#1543,#1541,#84,.T.);
#1983=EDGE_CURVE('',#1542,#1544,#144,.T.);
#1984=EDGE_CURVE('',#1544,#1545,#896,.T.);
#1985=EDGE_CURVE('',#1545,#1543,#145,.T.);
#1986=EDGE_CURVE('',#1544,#1546,#1264,.T.);
#1987=EDGE_CURVE('',#1546,#1547,#897,.T.);
#1988=EDGE_CURVE('',#1547,#1545,#1265,.T.);
#1989=EDGE_CURVE('',#1546,#1548,#898,.T.);
#1990=EDGE_CURVE('',#1548,#1549,#899,.T.);
#1991=EDGE_CURVE('',#1549,#1547,#900,.T.);
#1992=EDGE_CURVE('',#1548,#1536,#1266,.T.);
#1993=EDGE_CURVE('',#1539,#1549,#1267,.T.);
#1994=EDGE_CURVE('',#1550,#1550,#1268,.T.);
#1995=EDGE_CURVE('',#1550,#1551,#901,.T.);
#1996=EDGE_CURVE('',#1551,#1551,#1269,.T.);
#1997=EDGE_CURVE('',#1552,#1552,#1270,.T.);
#1998=EDGE_CURVE('',#1553,#1554,#146,.T.);
#1999=EDGE_CURVE('',#1554,#1555,#1271,.T.);
#2000=EDGE_CURVE('',#1555,#1556,#902,.T.);
#2001=EDGE_CURVE('',#1556,#1556,#1272,.T.);
#2002=EDGE_CURVE('',#1555,#1553,#1273,.T.);
#2003=EDGE_CURVE('',#1557,#1557,#1274,.T.);
#2004=EDGE_CURVE('',#1558,#1553,#903,.T.);
#2005=EDGE_CURVE('',#1558,#1559,#147,.T.);
#2006=EDGE_CURVE('',#1560,#1559,#904,.T.);
#2007=EDGE_CURVE('',#1560,#1561,#148,.T.);
#2008=EDGE_CURVE('',#1554,#1561,#905,.T.);
#2009=EDGE_CURVE('',#1557,#1562,#906,.T.);
#2010=EDGE_CURVE('',#1562,#1562,#1275,.T.);
#2011=EDGE_CURVE('',#1552,#1563,#907,.T.);
#2012=EDGE_CURVE('',#1563,#1563,#1276,.T.);
#2013=EDGE_CURVE('',#1561,#1564,#1277,.T.);
#2014=EDGE_CURVE('',#1564,#1565,#908,.T.);
#2015=EDGE_CURVE('',#1565,#1566,#909,.T.);
#2016=EDGE_CURVE('',#1567,#1566,#910,.T.);
#2017=EDGE_CURVE('',#1568,#1567,#85,.T.);
#2018=EDGE_CURVE('',#1568,#1558,#86,.T.);
#2019=EDGE_CURVE('',#1569,#1570,#87,.T.);
#2020=EDGE_CURVE('',#1570,#1571,#149,.T.);
#2021=EDGE_CURVE('',#1571,#1568,#150,.T.);
#2022=EDGE_CURVE('',#1567,#1569,#911,.T.);
#2023=EDGE_CURVE('',#1572,#1573,#1278,.T.);
#2024=EDGE_CURVE('',#1573,#1574,#151,.T.);
#2025=EDGE_CURVE('',#1574,#1575,#1279,.T.);
#2026=EDGE_CURVE('',#1575,#1576,#152,.T.);
#2027=EDGE_CURVE('',#1576,#1560,#153,.T.);
#2028=EDGE_CURVE('',#1559,#1577,#154,.T.);
#2029=EDGE_CURVE('',#1577,#1570,#88,.T.);
#2030=EDGE_CURVE('',#1578,#1569,#912,.T.);
#2031=EDGE_CURVE('',#1578,#1579,#913,.T.);
#2032=EDGE_CURVE('',#1579,#1580,#914,.T.);
#2033=EDGE_CURVE('',#1581,#1580,#155,.T.);
#2034=EDGE_CURVE('',#1581,#1572,#1280,.T.);
#2035=EDGE_CURVE('',#1574,#1582,#156,.T.);
#2036=EDGE_CURVE('',#1582,#1575,#157,.T.);
#2037=EDGE_CURVE('',#1577,#1583,#158,.T.);
#2038=EDGE_CURVE('',#1583,#1571,#159,.T.);
#2039=EDGE_CURVE('',#1566,#1584,#1281,.T.);
#2040=EDGE_CURVE('',#1584,#1585,#915,.T.);
#2041=EDGE_CURVE('',#1585,#1578,#1282,.T.);
#2042=EDGE_CURVE('',#1583,#1558,#1283,.T.);
#2043=EDGE_CURVE('',#1586,#1565,#1284,.T.);
#2044=EDGE_CURVE('',#1584,#1586,#916,.T.);
#2045=EDGE_CURVE('',#1586,#1587,#1285,.T.);
#2046=EDGE_CURVE('',#1588,#1587,#917,.T.);
#2047=EDGE_CURVE('',#1588,#1589,#160,.T.);
#2048=EDGE_CURVE('',#1589,#1590,#1286,.T.);
#2049=EDGE_CURVE('',#1590,#1585,#918,.T.);
#2050=EDGE_CURVE('',#1591,#1581,#161,.T.);
#2051=EDGE_CURVE('',#1592,#1580,#89,.T.);
#2052=EDGE_CURVE('',#1593,#1592,#1287,.T.);
#2053=EDGE_CURVE('',#1591,#1593,#90,.T.);
#2054=EDGE_CURVE('',#1594,#1595,#1288,.T.);
#2055=EDGE_CURVE('',#1593,#1594,#919,.T.);
#2056=EDGE_CURVE('',#1595,#1592,#920,.T.);
#2057=EDGE_CURVE('',#1596,#1520,#162,.T.);
#2058=EDGE_CURVE('',#1594,#1520,#91,.T.);
#2059=EDGE_CURVE('',#1596,#1595,#92,.T.);
#2060=EDGE_CURVE('',#1519,#1597,#163,.T.);
#2061=EDGE_CURVE('',#1597,#1598,#93,.T.);
#2062=EDGE_CURVE('',#1598,#1599,#921,.T.);
#2063=EDGE_CURVE('',#1599,#1600,#94,.T.);
#2064=EDGE_CURVE('',#1600,#1601,#164,.T.);
#2065=EDGE_CURVE('',#1601,#1602,#165,.F.);
#2066=EDGE_CURVE('',#1602,#1591,#166,.F.);
#2067=EDGE_CURVE('',#1579,#1590,#1289,.T.);
#2068=EDGE_CURVE('',#1603,#1589,#167,.T.);
#2069=EDGE_CURVE('',#1579,#1603,#1290,.T.);
#2070=EDGE_CURVE('',#1604,#1605,#168,.T.);
#2071=EDGE_CURVE('',#1606,#1604,#169,.T.);
#2072=EDGE_CURVE('',#1607,#1606,#95,.T.);
#2073=EDGE_CURVE('',#1608,#1607,#1291,.T.);
#2074=EDGE_CURVE('',#1605,#1608,#96,.T.);
#2075=EDGE_CURVE('',#1609,#1610,#1292,.T.);
#2076=EDGE_CURVE('',#1608,#1609,#922,.T.);
#2077=EDGE_CURVE('',#1610,#1607,#923,.T.);
#2078=EDGE_CURVE('',#1603,#1610,#97,.T.);
#2079=EDGE_CURVE('',#1609,#1588,#98,.T.);
#2080=EDGE_CURVE('',#1587,#1611,#170,.T.);
#2081=EDGE_CURVE('',#1611,#1612,#99,.T.);
#2082=EDGE_CURVE('',#1612,#1613,#924,.T.);
#2083=EDGE_CURVE('',#1613,#1614,#100,.T.);
#2084=EDGE_CURVE('',#1614,#1605,#925,.T.);
#2085=EDGE_CURVE('',#1614,#1615,#171,.T.);
#2086=EDGE_CURVE('',#1615,#1616,#1293,.T.);
#2087=EDGE_CURVE('',#1616,#1524,#926,.T.);
#2088=EDGE_CURVE('',#1523,#1604,#927,.T.);
#2089=EDGE_CURVE('',#1596,#1606,#928,.T.);
#2090=EDGE_CURVE('',#1607,#1595,#929,.T.);
#2091=EDGE_CURVE('',#1617,#1565,#1294,.T.);
#2092=EDGE_CURVE('',#1611,#1617,#172,.T.);
#2093=EDGE_CURVE('',#1618,#1597,#173,.T.);
#2094=EDGE_CURVE('',#1477,#1618,#101,.T.);
#2095=EDGE_CURVE('',#1598,#1477,#1295,.T.);
#2096=EDGE_CURVE('',#1479,#1615,#174,.T.);
#2097=EDGE_CURVE('',#1616,#1436,#1296,.T.);
#2098=EDGE_CURVE('',#1524,#1516,#1297,.T.);
#2099=EDGE_CURVE('',#1618,#1478,#1298,.T.);
#2100=EDGE_CURVE('',#1475,#1617,#102,.T.);
#2101=EDGE_CURVE('',#1612,#1475,#1299,.T.);
#2102=EDGE_CURVE('',#1613,#1474,#1300,.T.);
#2103=EDGE_CURVE('',#1599,#1476,#1301,.T.);
#2104=EDGE_CURVE('',#1600,#1619,#1302,.T.);
#2105=EDGE_CURVE('',#1619,#1476,#103,.T.);
#2106=EDGE_CURVE('',#1601,#1620,#175,.F.);
#2107=EDGE_CURVE('',#1620,#1619,#176,.T.);
#2108=EDGE_CURVE('',#1621,#1582,#177,.T.);
#2109=EDGE_CURVE('',#1576,#1621,#178,.T.);
#2110=EDGE_CURVE('',#1573,#1622,#1303,.T.);
#2111=EDGE_CURVE('',#1623,#1572,#1304,.T.);
#2112=EDGE_CURVE('',#1622,#1623,#1305,.T.);
#2113=EDGE_CURVE('',#1621,#1622,#179,.T.);
#2114=EDGE_CURVE('',#1624,#1602,#1306,.T.);
#2115=EDGE_CURVE('',#1623,#1624,#1307,.T.);
#2116=EDGE_CURVE('',#1620,#1625,#180,.T.);
#2117=EDGE_CURVE('',#1624,#1625,#181,.T.);
#2118=EDGE_CURVE('',#1564,#1619,#182,.T.);
#2119=EDGE_CURVE('',#1564,#1624,#1308,.T.);
#2120=EDGE_CURVE('',#1622,#1561,#1309,.T.);
#2121=EDGE_CURVE('',#1592,#1610,#930,.T.);
#2122=ORIENTED_EDGE('',*,*,#1626,.T.);
#2123=ORIENTED_EDGE('',*,*,#1627,.T.);
#2124=ORIENTED_EDGE('',*,*,#1628,.F.);
#2125=ORIENTED_EDGE('',*,*,#1627,.F.);
#2126=ORIENTED_EDGE('',*,*,#1628,.T.);
#2127=ORIENTED_EDGE('',*,*,#1629,.T.);
#2128=ORIENTED_EDGE('',*,*,#1629,.F.);
#2129=ORIENTED_EDGE('',*,*,#1630,.T.);
#2130=ORIENTED_EDGE('',*,*,#1631,.T.);
#2131=ORIENTED_EDGE('',*,*,#1630,.F.);
#2132=ORIENTED_EDGE('',*,*,#1632,.T.);
#2133=ORIENTED_EDGE('',*,*,#1633,.T.);
#2134=ORIENTED_EDGE('',*,*,#1634,.T.);
#2135=ORIENTED_EDGE('',*,*,#1635,.F.);
#2136=ORIENTED_EDGE('',*,*,#1636,.T.);
#2137=ORIENTED_EDGE('',*,*,#1637,.T.);
#2138=ORIENTED_EDGE('',*,*,#1638,.T.);
#2139=ORIENTED_EDGE('',*,*,#1639,.T.);
#2140=ORIENTED_EDGE('',*,*,#1640,.T.);
#2141=ORIENTED_EDGE('',*,*,#1641,.T.);
#2142=ORIENTED_EDGE('',*,*,#1642,.T.);
#2143=ORIENTED_EDGE('',*,*,#1639,.F.);
#2144=ORIENTED_EDGE('',*,*,#1643,.T.);
#2145=ORIENTED_EDGE('',*,*,#1635,.T.);
#2146=ORIENTED_EDGE('',*,*,#1644,.T.);
#2147=ORIENTED_EDGE('',*,*,#1645,.T.);
#2148=ORIENTED_EDGE('',*,*,#1646,.T.);
#2149=ORIENTED_EDGE('',*,*,#1645,.F.);
#2150=ORIENTED_EDGE('',*,*,#1647,.T.);
#2151=ORIENTED_EDGE('',*,*,#1648,.T.);
#2152=ORIENTED_EDGE('',*,*,#1649,.T.);
#2153=ORIENTED_EDGE('',*,*,#1648,.F.);
#2154=ORIENTED_EDGE('',*,*,#1650,.T.);
#2155=ORIENTED_EDGE('',*,*,#1651,.T.);
#2156=ORIENTED_EDGE('',*,*,#1652,.T.);
#2157=ORIENTED_EDGE('',*,*,#1651,.F.);
#2158=ORIENTED_EDGE('',*,*,#1653,.T.);
#2159=ORIENTED_EDGE('',*,*,#1654,.T.);
#2160=ORIENTED_EDGE('',*,*,#1655,.T.);
#2161=ORIENTED_EDGE('',*,*,#1654,.F.);
#2162=ORIENTED_EDGE('',*,*,#1656,.T.);
#2163=ORIENTED_EDGE('',*,*,#1657,.T.);
#2164=ORIENTED_EDGE('',*,*,#1658,.T.);
#2165=ORIENTED_EDGE('',*,*,#1659,.T.);
#2166=ORIENTED_EDGE('',*,*,#1660,.T.);
#2167=ORIENTED_EDGE('',*,*,#1661,.F.);
#2168=ORIENTED_EDGE('',*,*,#1662,.T.);
#2169=ORIENTED_EDGE('',*,*,#1663,.T.);
#2170=ORIENTED_EDGE('',*,*,#1664,.T.);
#2171=ORIENTED_EDGE('',*,*,#1665,.T.);
#2172=ORIENTED_EDGE('',*,*,#1666,.F.);
#2173=ORIENTED_EDGE('',*,*,#1667,.T.);
#2174=ORIENTED_EDGE('',*,*,#1668,.T.);
#2175=ORIENTED_EDGE('',*,*,#1658,.F.);
#2176=ORIENTED_EDGE('',*,*,#1669,.T.);
#2177=ORIENTED_EDGE('',*,*,#1666,.T.);
#2178=ORIENTED_EDGE('',*,*,#1670,.T.);
#2179=ORIENTED_EDGE('',*,*,#1661,.T.);
#2180=ORIENTED_EDGE('',*,*,#1671,.T.);
#2181=ORIENTED_EDGE('',*,*,#1663,.F.);
#2182=ORIENTED_EDGE('',*,*,#1657,.F.);
#2183=ORIENTED_EDGE('',*,*,#1672,.T.);
#2184=ORIENTED_EDGE('',*,*,#1673,.T.);
#2185=ORIENTED_EDGE('',*,*,#1674,.T.);
#2186=ORIENTED_EDGE('',*,*,#1675,.T.);
#2187=ORIENTED_EDGE('',*,*,#1676,.T.);
#2188=ORIENTED_EDGE('',*,*,#1677,.T.);
#2189=ORIENTED_EDGE('',*,*,#1678,.F.);
#2190=ORIENTED_EDGE('',*,*,#1679,.T.);
#2191=ORIENTED_EDGE('',*,*,#1680,.T.);
#2192=ORIENTED_EDGE('',*,*,#1681,.T.);
#2193=ORIENTED_EDGE('',*,*,#1667,.F.);
#2194=ORIENTED_EDGE('',*,*,#1669,.F.);
#2195=ORIENTED_EDGE('',*,*,#1644,.F.);
#2196=ORIENTED_EDGE('',*,*,#1660,.F.);
#2197=ORIENTED_EDGE('',*,*,#1682,.F.);
#2198=ORIENTED_EDGE('',*,*,#1683,.F.);
#2199=ORIENTED_EDGE('',*,*,#1684,.F.);
#2200=ORIENTED_EDGE('',*,*,#1685,.F.);
#2201=ORIENTED_EDGE('',*,*,#1686,.F.);
#2202=ORIENTED_EDGE('',*,*,#1687,.F.);
#2203=ORIENTED_EDGE('',*,*,#1688,.T.);
#2204=ORIENTED_EDGE('',*,*,#1689,.F.);
#2205=ORIENTED_EDGE('',*,*,#1690,.F.);
#2206=ORIENTED_EDGE('',*,*,#1691,.F.);
#2207=ORIENTED_EDGE('',*,*,#1664,.F.);
#2208=ORIENTED_EDGE('',*,*,#1671,.F.);
#2209=ORIENTED_EDGE('',*,*,#1692,.T.);
#2210=ORIENTED_EDGE('',*,*,#1693,.T.);
#2211=ORIENTED_EDGE('',*,*,#1694,.T.);
#2212=ORIENTED_EDGE('',*,*,#1695,.T.);
#2213=ORIENTED_EDGE('',*,*,#1696,.T.);
#2214=ORIENTED_EDGE('',*,*,#1697,.T.);
#2215=ORIENTED_EDGE('',*,*,#1694,.F.);
#2216=ORIENTED_EDGE('',*,*,#1698,.T.);
#2217=ORIENTED_EDGE('',*,*,#1699,.T.);
#2218=ORIENTED_EDGE('',*,*,#1700,.F.);
#2219=ORIENTED_EDGE('',*,*,#1685,.T.);
#2220=ORIENTED_EDGE('',*,*,#1701,.T.);
#2221=ORIENTED_EDGE('',*,*,#1702,.F.);
#2222=ORIENTED_EDGE('',*,*,#1703,.T.);
#2223=ORIENTED_EDGE('',*,*,#1704,.T.);
#2224=ORIENTED_EDGE('',*,*,#1705,.T.);
#2225=ORIENTED_EDGE('',*,*,#1706,.T.);
#2226=ORIENTED_EDGE('',*,*,#1707,.F.);
#2227=ORIENTED_EDGE('',*,*,#1708,.F.);
#2228=ORIENTED_EDGE('',*,*,#1709,.T.);
#2229=ORIENTED_EDGE('',*,*,#1702,.T.);
#2230=ORIENTED_EDGE('',*,*,#1710,.T.);
#2231=ORIENTED_EDGE('',*,*,#1711,.T.);
#2232=ORIENTED_EDGE('',*,*,#1707,.T.);
#2233=ORIENTED_EDGE('',*,*,#1712,.T.);
#2234=ORIENTED_EDGE('',*,*,#1713,.T.);
#2235=ORIENTED_EDGE('',*,*,#1708,.T.);
#2236=ORIENTED_EDGE('',*,*,#1711,.F.);
#2237=ORIENTED_EDGE('',*,*,#1714,.T.);
#2238=ORIENTED_EDGE('',*,*,#1715,.T.);
#2239=ORIENTED_EDGE('',*,*,#1716,.T.);
#2240=ORIENTED_EDGE('',*,*,#1687,.T.);
#2241=ORIENTED_EDGE('',*,*,#1717,.F.);
#2242=ORIENTED_EDGE('',*,*,#1686,.T.);
#2243=ORIENTED_EDGE('',*,*,#1700,.T.);
#2244=ORIENTED_EDGE('',*,*,#1673,.F.);
#2245=ORIENTED_EDGE('',*,*,#1717,.T.);
#2246=ORIENTED_EDGE('',*,*,#1696,.F.);
#2247=ORIENTED_EDGE('',*,*,#1718,.F.);
#2248=ORIENTED_EDGE('',*,*,#1719,.T.);
#2249=ORIENTED_EDGE('',*,*,#1720,.F.);
#2250=ORIENTED_EDGE('',*,*,#1721,.F.);
#2251=ORIENTED_EDGE('',*,*,#1722,.F.);
#2252=ORIENTED_EDGE('',*,*,#1723,.T.);
#2253=ORIENTED_EDGE('',*,*,#1724,.F.);
#2254=ORIENTED_EDGE('',*,*,#1636,.F.);
#2255=ORIENTED_EDGE('',*,*,#1643,.F.);
#2256=ORIENTED_EDGE('',*,*,#1638,.F.);
#2257=ORIENTED_EDGE('',*,*,#1725,.T.);
#2258=ORIENTED_EDGE('',*,*,#1726,.T.);
#2259=ORIENTED_EDGE('',*,*,#1727,.T.);
#2260=ORIENTED_EDGE('',*,*,#1728,.T.);
#2261=ORIENTED_EDGE('',*,*,#1729,.T.);
#2262=ORIENTED_EDGE('',*,*,#1698,.F.);
#2263=ORIENTED_EDGE('',*,*,#1693,.F.);
#2264=ORIENTED_EDGE('',*,*,#1730,.T.);
#2265=ORIENTED_EDGE('',*,*,#1731,.T.);
#2266=ORIENTED_EDGE('',*,*,#1732,.T.);
#2267=ORIENTED_EDGE('',*,*,#1703,.F.);
#2268=ORIENTED_EDGE('',*,*,#1709,.F.);
#2269=ORIENTED_EDGE('',*,*,#1713,.F.);
#2270=ORIENTED_EDGE('',*,*,#1733,.T.);
#2271=ORIENTED_EDGE('',*,*,#1734,.T.);
#2272=ORIENTED_EDGE('',*,*,#1699,.F.);
#2273=ORIENTED_EDGE('',*,*,#1732,.F.);
#2274=ORIENTED_EDGE('',*,*,#1735,.T.);
#2275=ORIENTED_EDGE('',*,*,#1674,.F.);
#2276=ORIENTED_EDGE('',*,*,#1736,.T.);
#2277=ORIENTED_EDGE('',*,*,#1737,.T.);
#2278=ORIENTED_EDGE('',*,*,#1738,.T.);
#2279=ORIENTED_EDGE('',*,*,#1739,.T.);
#2280=ORIENTED_EDGE('',*,*,#1714,.F.);
#2281=ORIENTED_EDGE('',*,*,#1710,.F.);
#2282=ORIENTED_EDGE('',*,*,#1706,.F.);
#2283=ORIENTED_EDGE('',*,*,#1740,.T.);
#2284=ORIENTED_EDGE('',*,*,#1741,.T.);
#2285=ORIENTED_EDGE('',*,*,#1737,.F.);
#2286=ORIENTED_EDGE('',*,*,#1715,.F.);
#2287=ORIENTED_EDGE('',*,*,#1739,.F.);
#2288=ORIENTED_EDGE('',*,*,#1742,.F.);
#2289=ORIENTED_EDGE('',*,*,#1705,.F.);
#2290=ORIENTED_EDGE('',*,*,#1743,.F.);
#2291=ORIENTED_EDGE('',*,*,#1744,.F.);
#2292=ORIENTED_EDGE('',*,*,#1740,.F.);
#2293=ORIENTED_EDGE('',*,*,#1745,.T.);
#2294=ORIENTED_EDGE('',*,*,#1746,.T.);
#2295=ORIENTED_EDGE('',*,*,#1747,.F.);
#2296=ORIENTED_EDGE('',*,*,#1748,.F.);
#2297=ORIENTED_EDGE('',*,*,#1679,.F.);
#2298=ORIENTED_EDGE('',*,*,#1748,.T.);
#2299=ORIENTED_EDGE('',*,*,#1749,.F.);
#2300=ORIENTED_EDGE('',*,*,#1750,.F.);
#2301=ORIENTED_EDGE('',*,*,#1751,.F.);
#2302=ORIENTED_EDGE('',*,*,#1752,.F.);
#2303=ORIENTED_EDGE('',*,*,#1753,.F.);
#2304=ORIENTED_EDGE('',*,*,#1750,.T.);
#2305=ORIENTED_EDGE('',*,*,#1754,.F.);
#2306=ORIENTED_EDGE('',*,*,#1752,.T.);
#2307=ORIENTED_EDGE('',*,*,#1755,.F.);
#2308=ORIENTED_EDGE('',*,*,#1756,.F.);
#2309=ORIENTED_EDGE('',*,*,#1756,.T.);
#2310=ORIENTED_EDGE('',*,*,#1757,.F.);
#2311=ORIENTED_EDGE('',*,*,#1758,.F.);
#2312=ORIENTED_EDGE('',*,*,#1680,.F.);
#2313=ORIENTED_EDGE('',*,*,#1751,.T.);
#2314=ORIENTED_EDGE('',*,*,#1753,.T.);
#2315=ORIENTED_EDGE('',*,*,#1759,.T.);
#2316=ORIENTED_EDGE('',*,*,#1760,.F.);
#2317=ORIENTED_EDGE('',*,*,#1761,.F.);
#2318=ORIENTED_EDGE('',*,*,#1762,.F.);
#2319=ORIENTED_EDGE('',*,*,#1763,.F.);
#2320=ORIENTED_EDGE('',*,*,#1764,.F.);
#2321=ORIENTED_EDGE('',*,*,#1765,.F.);
#2322=ORIENTED_EDGE('',*,*,#1762,.T.);
#2323=ORIENTED_EDGE('',*,*,#1766,.F.);
#2324=ORIENTED_EDGE('',*,*,#1765,.T.);
#2325=ORIENTED_EDGE('',*,*,#1767,.F.);
#2326=ORIENTED_EDGE('',*,*,#1768,.F.);
#2327=ORIENTED_EDGE('',*,*,#1769,.F.);
#2328=ORIENTED_EDGE('',*,*,#1770,.F.);
#2329=ORIENTED_EDGE('',*,*,#1763,.T.);
#2330=ORIENTED_EDGE('',*,*,#1716,.F.);
#2331=ORIENTED_EDGE('',*,*,#1742,.T.);
#2332=ORIENTED_EDGE('',*,*,#1738,.F.);
#2333=ORIENTED_EDGE('',*,*,#1741,.F.);
#2334=ORIENTED_EDGE('',*,*,#1744,.T.);
#2335=ORIENTED_EDGE('',*,*,#1688,.F.);
#2336=ORIENTED_EDGE('',*,*,#1697,.F.);
#2337=ORIENTED_EDGE('',*,*,#1724,.T.);
#2338=ORIENTED_EDGE('',*,*,#1771,.T.);
#2339=ORIENTED_EDGE('',*,*,#1772,.T.);
#2340=ORIENTED_EDGE('',*,*,#1773,.T.);
#2341=ORIENTED_EDGE('',*,*,#1689,.T.);
#2342=ORIENTED_EDGE('',*,*,#1743,.T.);
#2343=ORIENTED_EDGE('',*,*,#1704,.F.);
#2344=ORIENTED_EDGE('',*,*,#1701,.F.);
#2345=ORIENTED_EDGE('',*,*,#1684,.T.);
#2346=ORIENTED_EDGE('',*,*,#1774,.T.);
#2347=ORIENTED_EDGE('',*,*,#1720,.T.);
#2348=ORIENTED_EDGE('',*,*,#1775,.T.);
#2349=ORIENTED_EDGE('',*,*,#1718,.T.);
#2350=ORIENTED_EDGE('',*,*,#1695,.F.);
#2351=ORIENTED_EDGE('',*,*,#1626,.F.);
#2352=ORIENTED_EDGE('',*,*,#1776,.F.);
#2353=ORIENTED_EDGE('',*,*,#1777,.T.);
#2354=ORIENTED_EDGE('',*,*,#1778,.F.);
#2355=ORIENTED_EDGE('',*,*,#1779,.F.);
#2356=ORIENTED_EDGE('',*,*,#1780,.T.);
#2357=ORIENTED_EDGE('',*,*,#1781,.F.);
#2358=ORIENTED_EDGE('',*,*,#1782,.F.);
#2359=ORIENTED_EDGE('',*,*,#1783,.F.);
#2360=ORIENTED_EDGE('',*,*,#1784,.F.);
#2361=ORIENTED_EDGE('',*,*,#1785,.F.);
#2362=ORIENTED_EDGE('',*,*,#1786,.F.);
#2363=ORIENTED_EDGE('',*,*,#1775,.F.);
#2364=ORIENTED_EDGE('',*,*,#1787,.F.);
#2365=ORIENTED_EDGE('',*,*,#1788,.F.);
#2366=ORIENTED_EDGE('',*,*,#1789,.F.);
#2367=ORIENTED_EDGE('',*,*,#1786,.T.);
#2368=ORIENTED_EDGE('',*,*,#1790,.F.);
#2369=ORIENTED_EDGE('',*,*,#1787,.T.);
#2370=ORIENTED_EDGE('',*,*,#1719,.F.);
#2371=ORIENTED_EDGE('',*,*,#1791,.T.);
#2372=ORIENTED_EDGE('',*,*,#1792,.T.);
#2373=ORIENTED_EDGE('',*,*,#1788,.T.);
#2374=ORIENTED_EDGE('',*,*,#1790,.T.);
#2375=ORIENTED_EDGE('',*,*,#1789,.T.);
#2376=ORIENTED_EDGE('',*,*,#1792,.F.);
#2377=ORIENTED_EDGE('',*,*,#1793,.T.);
#2378=ORIENTED_EDGE('',*,*,#1794,.T.);
#2379=ORIENTED_EDGE('',*,*,#1780,.F.);
#2380=ORIENTED_EDGE('',*,*,#1795,.F.);
#2381=ORIENTED_EDGE('',*,*,#1777,.F.);
#2382=ORIENTED_EDGE('',*,*,#1796,.F.);
#2383=ORIENTED_EDGE('',*,*,#1797,.F.);
#2384=ORIENTED_EDGE('',*,*,#1798,.F.);
#2385=ORIENTED_EDGE('',*,*,#1799,.T.);
#2386=ORIENTED_EDGE('',*,*,#1800,.T.);
#2387=ORIENTED_EDGE('',*,*,#1778,.T.);
#2388=ORIENTED_EDGE('',*,*,#1798,.T.);
#2389=ORIENTED_EDGE('',*,*,#1801,.T.);
#2390=ORIENTED_EDGE('',*,*,#1795,.T.);
#2391=ORIENTED_EDGE('',*,*,#1779,.T.);
#2392=ORIENTED_EDGE('',*,*,#1800,.F.);
#2393=ORIENTED_EDGE('',*,*,#1766,.T.);
#2394=ORIENTED_EDGE('',*,*,#1802,.T.);
#2395=ORIENTED_EDGE('',*,*,#1803,.T.);
#2396=ORIENTED_EDGE('',*,*,#1804,.F.);
#2397=ORIENTED_EDGE('',*,*,#1805,.F.);
#2398=ORIENTED_EDGE('',*,*,#1806,.T.);
#2399=ORIENTED_EDGE('',*,*,#1807,.T.);
#2400=ORIENTED_EDGE('',*,*,#1808,.T.);
#2401=ORIENTED_EDGE('',*,*,#1768,.T.);
#2402=ORIENTED_EDGE('',*,*,#1809,.T.);
#2403=ORIENTED_EDGE('',*,*,#1810,.T.);
#2404=ORIENTED_EDGE('',*,*,#1811,.F.);
#2405=ORIENTED_EDGE('',*,*,#1812,.T.);
#2406=ORIENTED_EDGE('',*,*,#1813,.T.);
#2407=ORIENTED_EDGE('',*,*,#1814,.T.);
#2408=ORIENTED_EDGE('',*,*,#1805,.T.);
#2409=ORIENTED_EDGE('',*,*,#1767,.T.);
#2410=ORIENTED_EDGE('',*,*,#1764,.T.);
#2411=ORIENTED_EDGE('',*,*,#1804,.T.);
#2412=ORIENTED_EDGE('',*,*,#1815,.T.);
#2413=ORIENTED_EDGE('',*,*,#1816,.T.);
#2414=ORIENTED_EDGE('',*,*,#1817,.T.);
#2415=ORIENTED_EDGE('',*,*,#1818,.T.);
#2416=ORIENTED_EDGE('',*,*,#1773,.F.);
#2417=ORIENTED_EDGE('',*,*,#1811,.T.);
#2418=ORIENTED_EDGE('',*,*,#1819,.F.);
#2419=ORIENTED_EDGE('',*,*,#1820,.F.);
#2420=ORIENTED_EDGE('',*,*,#1821,.T.);
#2421=ORIENTED_EDGE('',*,*,#1746,.F.);
#2422=ORIENTED_EDGE('',*,*,#1822,.F.);
#2423=ORIENTED_EDGE('',*,*,#1819,.T.);
#2424=ORIENTED_EDGE('',*,*,#1810,.F.);
#2425=ORIENTED_EDGE('',*,*,#1823,.F.);
#2426=ORIENTED_EDGE('',*,*,#1824,.T.);
#2427=ORIENTED_EDGE('',*,*,#1825,.T.);
#2428=ORIENTED_EDGE('',*,*,#1826,.T.);
#2429=ORIENTED_EDGE('',*,*,#1827,.T.);
#2430=ORIENTED_EDGE('',*,*,#1828,.T.);
#2431=ORIENTED_EDGE('',*,*,#1690,.T.);
#2432=ORIENTED_EDGE('',*,*,#1820,.T.);
#2433=ORIENTED_EDGE('',*,*,#1822,.T.);
#2434=ORIENTED_EDGE('',*,*,#1745,.F.);
#2435=ORIENTED_EDGE('',*,*,#1678,.T.);
#2436=ORIENTED_EDGE('',*,*,#1829,.T.);
#2437=ORIENTED_EDGE('',*,*,#1830,.T.);
#2438=ORIENTED_EDGE('',*,*,#1831,.T.);
#2439=ORIENTED_EDGE('',*,*,#1823,.T.);
#2440=ORIENTED_EDGE('',*,*,#1809,.F.);
#2441=ORIENTED_EDGE('',*,*,#1832,.F.);
#2442=ORIENTED_EDGE('',*,*,#1825,.F.);
#2443=ORIENTED_EDGE('',*,*,#1832,.T.);
#2444=ORIENTED_EDGE('',*,*,#1818,.F.);
#2445=ORIENTED_EDGE('',*,*,#1833,.T.);
#2446=ORIENTED_EDGE('',*,*,#1826,.F.);
#2447=ORIENTED_EDGE('',*,*,#1812,.F.);
#2448=ORIENTED_EDGE('',*,*,#1772,.F.);
#2449=ORIENTED_EDGE('',*,*,#1834,.T.);
#2450=ORIENTED_EDGE('',*,*,#1835,.F.);
#2451=ORIENTED_EDGE('',*,*,#1659,.F.);
#2452=ORIENTED_EDGE('',*,*,#1668,.F.);
#2453=ORIENTED_EDGE('',*,*,#1665,.F.);
#2454=ORIENTED_EDGE('',*,*,#1691,.T.);
#2455=ORIENTED_EDGE('',*,*,#1830,.F.);
#2456=ORIENTED_EDGE('',*,*,#1836,.T.);
#2457=ORIENTED_EDGE('',*,*,#1837,.T.);
#2458=ORIENTED_EDGE('',*,*,#1682,.T.);
#2459=ORIENTED_EDGE('',*,*,#1646,.F.);
#2460=ORIENTED_EDGE('',*,*,#1813,.F.);
#2461=ORIENTED_EDGE('',*,*,#1835,.T.);
#2462=ORIENTED_EDGE('',*,*,#1838,.F.);
#2463=ORIENTED_EDGE('',*,*,#1839,.T.);
#2464=ORIENTED_EDGE('',*,*,#1814,.F.);
#2465=ORIENTED_EDGE('',*,*,#1839,.F.);
#2466=ORIENTED_EDGE('',*,*,#1840,.F.);
#2467=ORIENTED_EDGE('',*,*,#1841,.F.);
#2468=ORIENTED_EDGE('',*,*,#1842,.F.);
#2469=ORIENTED_EDGE('',*,*,#1836,.F.);
#2470=ORIENTED_EDGE('',*,*,#1829,.F.);
#2471=ORIENTED_EDGE('',*,*,#1677,.F.);
#2472=ORIENTED_EDGE('',*,*,#1843,.F.);
#2473=ORIENTED_EDGE('',*,*,#1844,.F.);
#2474=ORIENTED_EDGE('',*,*,#1845,.F.);
#2475=ORIENTED_EDGE('',*,*,#1846,.F.);
#2476=ORIENTED_EDGE('',*,*,#1847,.F.);
#2477=ORIENTED_EDGE('',*,*,#1848,.F.);
#2478=ORIENTED_EDGE('',*,*,#1806,.F.);
#2479=ORIENTED_EDGE('',*,*,#1849,.F.);
#2480=ORIENTED_EDGE('',*,*,#1850,.F.);
#2481=ORIENTED_EDGE('',*,*,#1851,.F.);
#2482=ORIENTED_EDGE('',*,*,#1828,.F.);
#2483=ORIENTED_EDGE('',*,*,#1852,.F.);
#2484=ORIENTED_EDGE('',*,*,#1853,.F.);
#2485=ORIENTED_EDGE('',*,*,#1854,.F.);
#2486=ORIENTED_EDGE('',*,*,#1855,.F.);
#2487=ORIENTED_EDGE('',*,*,#1856,.F.);
#2488=ORIENTED_EDGE('',*,*,#1816,.F.);
#2489=ORIENTED_EDGE('',*,*,#1857,.T.);
#2490=ORIENTED_EDGE('',*,*,#1858,.T.);
#2491=ORIENTED_EDGE('',*,*,#1859,.T.);
#2492=ORIENTED_EDGE('',*,*,#1860,.T.);
#2493=ORIENTED_EDGE('',*,*,#1861,.T.);
#2494=ORIENTED_EDGE('',*,*,#1647,.F.);
#2495=ORIENTED_EDGE('',*,*,#1650,.F.);
#2496=ORIENTED_EDGE('',*,*,#1653,.F.);
#2497=ORIENTED_EDGE('',*,*,#1749,.T.);
#2498=ORIENTED_EDGE('',*,*,#1747,.T.);
#2499=ORIENTED_EDGE('',*,*,#1821,.F.);
#2500=ORIENTED_EDGE('',*,*,#1862,.T.);
#2501=ORIENTED_EDGE('',*,*,#1863,.T.);
#2502=ORIENTED_EDGE('',*,*,#1815,.F.);
#2503=ORIENTED_EDGE('',*,*,#1803,.F.);
#2504=ORIENTED_EDGE('',*,*,#1864,.T.);
#2505=ORIENTED_EDGE('',*,*,#1865,.T.);
#2506=ORIENTED_EDGE('',*,*,#1857,.F.);
#2507=ORIENTED_EDGE('',*,*,#1866,.T.);
#2508=ORIENTED_EDGE('',*,*,#1867,.T.);
#2509=ORIENTED_EDGE('',*,*,#1868,.F.);
#2510=ORIENTED_EDGE('',*,*,#1867,.F.);
#2511=ORIENTED_EDGE('',*,*,#1868,.T.);
#2512=ORIENTED_EDGE('',*,*,#1869,.T.);
#2513=ORIENTED_EDGE('',*,*,#1870,.T.);
#2514=ORIENTED_EDGE('',*,*,#1871,.F.);
#2515=ORIENTED_EDGE('',*,*,#1870,.F.);
#2516=ORIENTED_EDGE('',*,*,#1871,.T.);
#2517=ORIENTED_EDGE('',*,*,#1872,.T.);
#2518=ORIENTED_EDGE('',*,*,#1873,.T.);
#2519=ORIENTED_EDGE('',*,*,#1874,.F.);
#2520=ORIENTED_EDGE('',*,*,#1873,.F.);
#2521=ORIENTED_EDGE('',*,*,#1874,.T.);
#2522=ORIENTED_EDGE('',*,*,#1875,.T.);
#2523=ORIENTED_EDGE('',*,*,#1876,.T.);
#2524=ORIENTED_EDGE('',*,*,#1877,.F.);
#2525=ORIENTED_EDGE('',*,*,#1876,.F.);
#2526=ORIENTED_EDGE('',*,*,#1877,.T.);
#2527=ORIENTED_EDGE('',*,*,#1878,.T.);
#2528=ORIENTED_EDGE('',*,*,#1879,.T.);
#2529=ORIENTED_EDGE('',*,*,#1880,.T.);
#2530=ORIENTED_EDGE('',*,*,#1879,.F.);
#2531=ORIENTED_EDGE('',*,*,#1878,.F.);
#2532=ORIENTED_EDGE('',*,*,#1875,.F.);
#2533=ORIENTED_EDGE('',*,*,#1881,.T.);
#2534=ORIENTED_EDGE('',*,*,#1882,.T.);
#2535=ORIENTED_EDGE('',*,*,#1883,.T.);
#2536=ORIENTED_EDGE('',*,*,#1882,.F.);
#2537=ORIENTED_EDGE('',*,*,#1881,.F.);
#2538=ORIENTED_EDGE('',*,*,#1866,.F.);
#2539=ORIENTED_EDGE('',*,*,#1884,.T.);
#2540=ORIENTED_EDGE('',*,*,#1885,.T.);
#2541=ORIENTED_EDGE('',*,*,#1886,.T.);
#2542=ORIENTED_EDGE('',*,*,#1885,.F.);
#2543=ORIENTED_EDGE('',*,*,#1884,.F.);
#2544=ORIENTED_EDGE('',*,*,#1872,.F.);
#2545=ORIENTED_EDGE('',*,*,#1887,.T.);
#2546=ORIENTED_EDGE('',*,*,#1888,.T.);
#2547=ORIENTED_EDGE('',*,*,#1889,.T.);
#2548=ORIENTED_EDGE('',*,*,#1888,.F.);
#2549=ORIENTED_EDGE('',*,*,#1887,.F.);
#2550=ORIENTED_EDGE('',*,*,#1869,.F.);
#2551=ORIENTED_EDGE('',*,*,#1827,.F.);
#2552=ORIENTED_EDGE('',*,*,#1833,.F.);
#2553=ORIENTED_EDGE('',*,*,#1817,.F.);
#2554=ORIENTED_EDGE('',*,*,#1856,.T.);
#2555=ORIENTED_EDGE('',*,*,#1890,.T.);
#2556=ORIENTED_EDGE('',*,*,#1891,.F.);
#2557=ORIENTED_EDGE('',*,*,#1892,.F.);
#2558=ORIENTED_EDGE('',*,*,#1852,.T.);
#2559=ORIENTED_EDGE('',*,*,#1853,.T.);
#2560=ORIENTED_EDGE('',*,*,#1892,.T.);
#2561=ORIENTED_EDGE('',*,*,#1893,.F.);
#2562=ORIENTED_EDGE('',*,*,#1894,.F.);
#2563=ORIENTED_EDGE('',*,*,#1854,.T.);
#2564=ORIENTED_EDGE('',*,*,#1894,.T.);
#2565=ORIENTED_EDGE('',*,*,#1895,.F.);
#2566=ORIENTED_EDGE('',*,*,#1896,.F.);
#2567=ORIENTED_EDGE('',*,*,#1855,.T.);
#2568=ORIENTED_EDGE('',*,*,#1896,.T.);
#2569=ORIENTED_EDGE('',*,*,#1897,.F.);
#2570=ORIENTED_EDGE('',*,*,#1890,.F.);
#2571=ORIENTED_EDGE('',*,*,#1897,.T.);
#2572=ORIENTED_EDGE('',*,*,#1895,.T.);
#2573=ORIENTED_EDGE('',*,*,#1893,.T.);
#2574=ORIENTED_EDGE('',*,*,#1891,.T.);
#2575=ORIENTED_EDGE('',*,*,#1880,.F.);
#2576=ORIENTED_EDGE('',*,*,#1883,.F.);
#2577=ORIENTED_EDGE('',*,*,#1886,.F.);
#2578=ORIENTED_EDGE('',*,*,#1889,.F.);
#2579=ORIENTED_EDGE('',*,*,#1898,.T.);
#2580=ORIENTED_EDGE('',*,*,#1899,.T.);
#2581=ORIENTED_EDGE('',*,*,#1851,.T.);
#2582=ORIENTED_EDGE('',*,*,#1899,.F.);
#2583=ORIENTED_EDGE('',*,*,#1848,.T.);
#2584=ORIENTED_EDGE('',*,*,#1900,.T.);
#2585=ORIENTED_EDGE('',*,*,#1901,.T.);
#2586=ORIENTED_EDGE('',*,*,#1807,.F.);
#2587=ORIENTED_EDGE('',*,*,#1902,.F.);
#2588=ORIENTED_EDGE('',*,*,#1769,.T.);
#2589=ORIENTED_EDGE('',*,*,#1808,.F.);
#2590=ORIENTED_EDGE('',*,*,#1901,.F.);
#2591=ORIENTED_EDGE('',*,*,#1898,.F.);
#2592=ORIENTED_EDGE('',*,*,#1903,.T.);
#2593=ORIENTED_EDGE('',*,*,#1904,.T.);
#2594=ORIENTED_EDGE('',*,*,#1850,.T.);
#2595=ORIENTED_EDGE('',*,*,#1904,.F.);
#2596=ORIENTED_EDGE('',*,*,#1846,.T.);
#2597=ORIENTED_EDGE('',*,*,#1905,.T.);
#2598=ORIENTED_EDGE('',*,*,#1906,.T.);
#2599=ORIENTED_EDGE('',*,*,#1907,.F.);
#2600=ORIENTED_EDGE('',*,*,#1845,.T.);
#2601=ORIENTED_EDGE('',*,*,#1908,.F.);
#2602=ORIENTED_EDGE('',*,*,#1909,.T.);
#2603=ORIENTED_EDGE('',*,*,#1905,.F.);
#2604=ORIENTED_EDGE('',*,*,#1909,.F.);
#2605=ORIENTED_EDGE('',*,*,#1910,.T.);
#2606=ORIENTED_EDGE('',*,*,#1911,.F.);
#2607=ORIENTED_EDGE('',*,*,#1906,.F.);
#2608=ORIENTED_EDGE('',*,*,#1903,.F.);
#2609=ORIENTED_EDGE('',*,*,#1912,.T.);
#2610=ORIENTED_EDGE('',*,*,#1913,.T.);
#2611=ORIENTED_EDGE('',*,*,#1849,.T.);
#2612=ORIENTED_EDGE('',*,*,#1913,.F.);
#2613=ORIENTED_EDGE('',*,*,#1843,.T.);
#2614=ORIENTED_EDGE('',*,*,#1676,.F.);
#2615=ORIENTED_EDGE('',*,*,#1914,.T.);
#2616=ORIENTED_EDGE('',*,*,#1915,.T.);
#2617=ORIENTED_EDGE('',*,*,#1916,.T.);
#2618=ORIENTED_EDGE('',*,*,#1914,.F.);
#2619=ORIENTED_EDGE('',*,*,#1912,.F.);
#2620=ORIENTED_EDGE('',*,*,#1917,.F.);
#2621=ORIENTED_EDGE('',*,*,#1721,.T.);
#2622=ORIENTED_EDGE('',*,*,#1774,.F.);
#2623=ORIENTED_EDGE('',*,*,#1683,.T.);
#2624=ORIENTED_EDGE('',*,*,#1723,.F.);
#2625=ORIENTED_EDGE('',*,*,#1918,.F.);
#2626=ORIENTED_EDGE('',*,*,#1840,.T.);
#2627=ORIENTED_EDGE('',*,*,#1838,.T.);
#2628=ORIENTED_EDGE('',*,*,#1834,.F.);
#2629=ORIENTED_EDGE('',*,*,#1771,.F.);
#2630=ORIENTED_EDGE('',*,*,#1919,.F.);
#2631=ORIENTED_EDGE('',*,*,#1735,.F.);
#2632=ORIENTED_EDGE('',*,*,#1731,.F.);
#2633=ORIENTED_EDGE('',*,*,#1920,.F.);
#2634=ORIENTED_EDGE('',*,*,#1692,.F.);
#2635=ORIENTED_EDGE('',*,*,#1729,.F.);
#2636=ORIENTED_EDGE('',*,*,#1921,.F.);
#2637=ORIENTED_EDGE('',*,*,#1922,.F.);
#2638=ORIENTED_EDGE('',*,*,#1920,.T.);
#2639=ORIENTED_EDGE('',*,*,#1730,.F.);
#2640=ORIENTED_EDGE('',*,*,#1656,.F.);
#2641=ORIENTED_EDGE('',*,*,#1670,.F.);
#2642=ORIENTED_EDGE('',*,*,#1662,.F.);
#2643=ORIENTED_EDGE('',*,*,#1681,.F.);
#2644=ORIENTED_EDGE('',*,*,#1758,.T.);
#2645=ORIENTED_EDGE('',*,*,#1733,.F.);
#2646=ORIENTED_EDGE('',*,*,#1712,.F.);
#2647=ORIENTED_EDGE('',*,*,#1672,.F.);
#2648=ORIENTED_EDGE('',*,*,#1916,.F.);
#2649=ORIENTED_EDGE('',*,*,#1675,.F.);
#2650=ORIENTED_EDGE('',*,*,#1919,.T.);
#2651=ORIENTED_EDGE('',*,*,#1923,.T.);
#2652=ORIENTED_EDGE('',*,*,#1924,.F.);
#2653=ORIENTED_EDGE('',*,*,#1925,.F.);
#2654=ORIENTED_EDGE('',*,*,#1926,.F.);
#2655=ORIENTED_EDGE('',*,*,#1927,.T.);
#2656=ORIENTED_EDGE('',*,*,#1928,.F.);
#2657=ORIENTED_EDGE('',*,*,#1929,.F.);
#2658=ORIENTED_EDGE('',*,*,#1924,.T.);
#2659=ORIENTED_EDGE('',*,*,#1727,.F.);
#2660=ORIENTED_EDGE('',*,*,#1930,.F.);
#2661=ORIENTED_EDGE('',*,*,#1931,.T.);
#2662=ORIENTED_EDGE('',*,*,#1926,.T.);
#2663=ORIENTED_EDGE('',*,*,#1932,.F.);
#2664=ORIENTED_EDGE('',*,*,#1933,.F.);
#2665=ORIENTED_EDGE('',*,*,#1934,.F.);
#2666=ORIENTED_EDGE('',*,*,#1928,.T.);
#2667=ORIENTED_EDGE('',*,*,#1726,.F.);
#2668=ORIENTED_EDGE('',*,*,#1935,.T.);
#2669=ORIENTED_EDGE('',*,*,#1760,.T.);
#2670=ORIENTED_EDGE('',*,*,#1936,.T.);
#2671=ORIENTED_EDGE('',*,*,#1930,.T.);
#2672=ORIENTED_EDGE('',*,*,#1637,.F.);
#2673=ORIENTED_EDGE('',*,*,#1937,.F.);
#2674=ORIENTED_EDGE('',*,*,#1933,.T.);
#2675=ORIENTED_EDGE('',*,*,#1725,.F.);
#2676=ORIENTED_EDGE('',*,*,#1632,.F.);
#2677=ORIENTED_EDGE('',*,*,#1734,.F.);
#2678=ORIENTED_EDGE('',*,*,#1757,.T.);
#2679=ORIENTED_EDGE('',*,*,#1938,.F.);
#2680=ORIENTED_EDGE('',*,*,#1754,.T.);
#2681=ORIENTED_EDGE('',*,*,#1863,.F.);
#2682=ORIENTED_EDGE('',*,*,#1939,.F.);
#2683=ORIENTED_EDGE('',*,*,#1940,.F.);
#2684=ORIENTED_EDGE('',*,*,#1633,.F.);
#2685=ORIENTED_EDGE('',*,*,#1938,.T.);
#2686=ORIENTED_EDGE('',*,*,#1755,.T.);
#2687=ORIENTED_EDGE('',*,*,#1940,.T.);
#2688=ORIENTED_EDGE('',*,*,#1941,.T.);
#2689=ORIENTED_EDGE('',*,*,#1942,.F.);
#2690=ORIENTED_EDGE('',*,*,#1943,.T.);
#2691=ORIENTED_EDGE('',*,*,#1937,.T.);
#2692=ORIENTED_EDGE('',*,*,#1641,.F.);
#2693=ORIENTED_EDGE('',*,*,#1944,.T.);
#2694=ORIENTED_EDGE('',*,*,#1945,.T.);
#2695=ORIENTED_EDGE('',*,*,#1934,.T.);
#2696=ORIENTED_EDGE('',*,*,#1945,.F.);
#2697=ORIENTED_EDGE('',*,*,#1946,.F.);
#2698=ORIENTED_EDGE('',*,*,#1947,.T.);
#2699=ORIENTED_EDGE('',*,*,#1929,.T.);
#2700=ORIENTED_EDGE('',*,*,#1947,.F.);
#2701=ORIENTED_EDGE('',*,*,#1948,.T.);
#2702=ORIENTED_EDGE('',*,*,#1949,.T.);
#2703=ORIENTED_EDGE('',*,*,#1950,.T.);
#2704=ORIENTED_EDGE('',*,*,#1925,.T.);
#2705=ORIENTED_EDGE('',*,*,#1917,.T.);
#2706=ORIENTED_EDGE('',*,*,#1837,.F.);
#2707=ORIENTED_EDGE('',*,*,#1842,.T.);
#2708=ORIENTED_EDGE('',*,*,#1951,.T.);
#2709=ORIENTED_EDGE('',*,*,#1722,.T.);
#2710=ORIENTED_EDGE('',*,*,#1951,.F.);
#2711=ORIENTED_EDGE('',*,*,#1841,.T.);
#2712=ORIENTED_EDGE('',*,*,#1918,.T.);
#2713=ORIENTED_EDGE('',*,*,#1784,.T.);
#2714=ORIENTED_EDGE('',*,*,#1952,.F.);
#2715=ORIENTED_EDGE('',*,*,#1953,.T.);
#2716=ORIENTED_EDGE('',*,*,#1954,.T.);
#2717=ORIENTED_EDGE('',*,*,#1783,.T.);
#2718=ORIENTED_EDGE('',*,*,#1955,.F.);
#2719=ORIENTED_EDGE('',*,*,#1956,.T.);
#2720=ORIENTED_EDGE('',*,*,#1952,.T.);
#2721=ORIENTED_EDGE('',*,*,#1782,.T.);
#2722=ORIENTED_EDGE('',*,*,#1957,.F.);
#2723=ORIENTED_EDGE('',*,*,#1958,.T.);
#2724=ORIENTED_EDGE('',*,*,#1955,.T.);
#2725=ORIENTED_EDGE('',*,*,#1781,.T.);
#2726=ORIENTED_EDGE('',*,*,#1794,.F.);
#2727=ORIENTED_EDGE('',*,*,#1959,.T.);
#2728=ORIENTED_EDGE('',*,*,#1957,.T.);
#2729=ORIENTED_EDGE('',*,*,#1796,.T.);
#2730=ORIENTED_EDGE('',*,*,#1776,.T.);
#2731=ORIENTED_EDGE('',*,*,#1960,.F.);
#2732=ORIENTED_EDGE('',*,*,#1961,.T.);
#2733=ORIENTED_EDGE('',*,*,#1785,.T.);
#2734=ORIENTED_EDGE('',*,*,#1954,.F.);
#2735=ORIENTED_EDGE('',*,*,#1962,.T.);
#2736=ORIENTED_EDGE('',*,*,#1960,.T.);
#2737=ORIENTED_EDGE('',*,*,#1963,.T.);
#2738=ORIENTED_EDGE('',*,*,#1964,.T.);
#2739=ORIENTED_EDGE('',*,*,#1965,.F.);
#2740=ORIENTED_EDGE('',*,*,#1964,.F.);
#2741=ORIENTED_EDGE('',*,*,#1965,.T.);
#2742=ORIENTED_EDGE('',*,*,#1966,.T.);
#2743=ORIENTED_EDGE('',*,*,#1967,.T.);
#2744=ORIENTED_EDGE('',*,*,#1968,.F.);
#2745=ORIENTED_EDGE('',*,*,#1967,.F.);
#2746=ORIENTED_EDGE('',*,*,#1968,.T.);
#2747=ORIENTED_EDGE('',*,*,#1969,.T.);
#2748=ORIENTED_EDGE('',*,*,#1970,.T.);
#2749=ORIENTED_EDGE('',*,*,#1971,.F.);
#2750=ORIENTED_EDGE('',*,*,#1970,.F.);
#2751=ORIENTED_EDGE('',*,*,#1971,.T.);
#2752=ORIENTED_EDGE('',*,*,#1799,.F.);
#2753=ORIENTED_EDGE('',*,*,#1969,.F.);
#2754=ORIENTED_EDGE('',*,*,#1791,.F.);
#2755=ORIENTED_EDGE('',*,*,#1966,.F.);
#2756=ORIENTED_EDGE('',*,*,#1736,.F.);
#2757=ORIENTED_EDGE('',*,*,#1963,.F.);
#2758=ORIENTED_EDGE('',*,*,#1910,.F.);
#2759=ORIENTED_EDGE('',*,*,#1908,.T.);
#2760=ORIENTED_EDGE('',*,*,#1844,.T.);
#2761=ORIENTED_EDGE('',*,*,#1915,.F.);
#2762=ORIENTED_EDGE('',*,*,#1923,.F.);
#2763=ORIENTED_EDGE('',*,*,#1922,.T.);
#2764=ORIENTED_EDGE('',*,*,#1972,.T.);
#2765=ORIENTED_EDGE('',*,*,#1921,.T.);
#2766=ORIENTED_EDGE('',*,*,#1728,.F.);
#2767=ORIENTED_EDGE('',*,*,#1927,.F.);
#2768=ORIENTED_EDGE('',*,*,#1931,.F.);
#2769=ORIENTED_EDGE('',*,*,#1936,.F.);
#2770=ORIENTED_EDGE('',*,*,#1759,.F.);
#2771=ORIENTED_EDGE('',*,*,#1770,.T.);
#2772=ORIENTED_EDGE('',*,*,#1902,.T.);
#2773=ORIENTED_EDGE('',*,*,#1900,.F.);
#2774=ORIENTED_EDGE('',*,*,#1847,.T.);
#2775=ORIENTED_EDGE('',*,*,#1907,.T.);
#2776=ORIENTED_EDGE('',*,*,#1911,.T.);
#2777=ORIENTED_EDGE('',*,*,#1972,.F.);
#2778=ORIENTED_EDGE('',*,*,#1973,.T.);
#2779=ORIENTED_EDGE('',*,*,#1974,.T.);
#2780=ORIENTED_EDGE('',*,*,#1975,.T.);
#2781=ORIENTED_EDGE('',*,*,#1976,.F.);
#2782=ORIENTED_EDGE('',*,*,#1977,.T.);
#2783=ORIENTED_EDGE('',*,*,#1978,.T.);
#2784=ORIENTED_EDGE('',*,*,#1979,.T.);
#2785=ORIENTED_EDGE('',*,*,#1974,.F.);
#2786=ORIENTED_EDGE('',*,*,#1980,.T.);
#2787=ORIENTED_EDGE('',*,*,#1981,.T.);
#2788=ORIENTED_EDGE('',*,*,#1982,.T.);
#2789=ORIENTED_EDGE('',*,*,#1978,.F.);
#2790=ORIENTED_EDGE('',*,*,#1983,.T.);
#2791=ORIENTED_EDGE('',*,*,#1984,.T.);
#2792=ORIENTED_EDGE('',*,*,#1985,.T.);
#2793=ORIENTED_EDGE('',*,*,#1981,.F.);
#2794=ORIENTED_EDGE('',*,*,#1986,.T.);
#2795=ORIENTED_EDGE('',*,*,#1987,.T.);
#2796=ORIENTED_EDGE('',*,*,#1988,.T.);
#2797=ORIENTED_EDGE('',*,*,#1984,.F.);
#2798=ORIENTED_EDGE('',*,*,#1989,.T.);
#2799=ORIENTED_EDGE('',*,*,#1990,.T.);
#2800=ORIENTED_EDGE('',*,*,#1991,.T.);
#2801=ORIENTED_EDGE('',*,*,#1987,.F.);
#2802=ORIENTED_EDGE('',*,*,#1992,.T.);
#2803=ORIENTED_EDGE('',*,*,#1976,.T.);
#2804=ORIENTED_EDGE('',*,*,#1993,.T.);
#2805=ORIENTED_EDGE('',*,*,#1990,.F.);
#2806=ORIENTED_EDGE('',*,*,#1993,.F.);
#2807=ORIENTED_EDGE('',*,*,#1975,.F.);
#2808=ORIENTED_EDGE('',*,*,#1979,.F.);
#2809=ORIENTED_EDGE('',*,*,#1982,.F.);
#2810=ORIENTED_EDGE('',*,*,#1985,.F.);
#2811=ORIENTED_EDGE('',*,*,#1988,.F.);
#2812=ORIENTED_EDGE('',*,*,#1991,.F.);
#2813=ORIENTED_EDGE('',*,*,#1956,.F.);
#2814=ORIENTED_EDGE('',*,*,#1958,.F.);
#2815=ORIENTED_EDGE('',*,*,#1959,.F.);
#2816=ORIENTED_EDGE('',*,*,#1793,.F.);
#2817=ORIENTED_EDGE('',*,*,#1801,.F.);
#2818=ORIENTED_EDGE('',*,*,#1797,.T.);
#2819=ORIENTED_EDGE('',*,*,#1961,.F.);
#2820=ORIENTED_EDGE('',*,*,#1962,.F.);
#2821=ORIENTED_EDGE('',*,*,#1953,.F.);
#2822=ORIENTED_EDGE('',*,*,#1994,.T.);
#2823=ORIENTED_EDGE('',*,*,#1995,.T.);
#2824=ORIENTED_EDGE('',*,*,#1996,.F.);
#2825=ORIENTED_EDGE('',*,*,#1995,.F.);
#2826=ORIENTED_EDGE('',*,*,#1996,.T.);
#2827=ORIENTED_EDGE('',*,*,#1997,.T.);
#2828=ORIENTED_EDGE('',*,*,#1998,.T.);
#2829=ORIENTED_EDGE('',*,*,#1999,.T.);
#2830=ORIENTED_EDGE('',*,*,#2000,.T.);
#2831=ORIENTED_EDGE('',*,*,#2001,.F.);
#2832=ORIENTED_EDGE('',*,*,#2000,.F.);
#2833=ORIENTED_EDGE('',*,*,#2002,.T.);
#2834=ORIENTED_EDGE('',*,*,#2001,.T.);
#2835=ORIENTED_EDGE('',*,*,#2003,.T.);
#2836=ORIENTED_EDGE('',*,*,#1998,.F.);
#2837=ORIENTED_EDGE('',*,*,#2004,.F.);
#2838=ORIENTED_EDGE('',*,*,#2005,.T.);
#2839=ORIENTED_EDGE('',*,*,#2006,.F.);
#2840=ORIENTED_EDGE('',*,*,#2007,.T.);
#2841=ORIENTED_EDGE('',*,*,#2008,.F.);
#2842=ORIENTED_EDGE('',*,*,#2003,.F.);
#2843=ORIENTED_EDGE('',*,*,#2009,.T.);
#2844=ORIENTED_EDGE('',*,*,#2010,.T.);
#2845=ORIENTED_EDGE('',*,*,#2009,.F.);
#2846=ORIENTED_EDGE('',*,*,#1997,.F.);
#2847=ORIENTED_EDGE('',*,*,#2011,.T.);
#2848=ORIENTED_EDGE('',*,*,#2012,.T.);
#2849=ORIENTED_EDGE('',*,*,#2011,.F.);
#2850=ORIENTED_EDGE('',*,*,#1999,.F.);
#2851=ORIENTED_EDGE('',*,*,#2008,.T.);
#2852=ORIENTED_EDGE('',*,*,#2013,.T.);
#2853=ORIENTED_EDGE('',*,*,#2014,.T.);
#2854=ORIENTED_EDGE('',*,*,#2015,.T.);
#2855=ORIENTED_EDGE('',*,*,#2016,.F.);
#2856=ORIENTED_EDGE('',*,*,#2017,.F.);
#2857=ORIENTED_EDGE('',*,*,#2018,.T.);
#2858=ORIENTED_EDGE('',*,*,#2004,.T.);
#2859=ORIENTED_EDGE('',*,*,#2002,.F.);
#2860=ORIENTED_EDGE('',*,*,#1994,.F.);
#2861=ORIENTED_EDGE('',*,*,#2019,.T.);
#2862=ORIENTED_EDGE('',*,*,#2020,.T.);
#2863=ORIENTED_EDGE('',*,*,#2021,.T.);
#2864=ORIENTED_EDGE('',*,*,#2017,.T.);
#2865=ORIENTED_EDGE('',*,*,#2022,.T.);
#2866=ORIENTED_EDGE('',*,*,#2023,.T.);
#2867=ORIENTED_EDGE('',*,*,#2024,.T.);
#2868=ORIENTED_EDGE('',*,*,#2025,.T.);
#2869=ORIENTED_EDGE('',*,*,#2026,.T.);
#2870=ORIENTED_EDGE('',*,*,#2027,.T.);
#2871=ORIENTED_EDGE('',*,*,#2006,.T.);
#2872=ORIENTED_EDGE('',*,*,#2028,.T.);
#2873=ORIENTED_EDGE('',*,*,#2029,.T.);
#2874=ORIENTED_EDGE('',*,*,#2019,.F.);
#2875=ORIENTED_EDGE('',*,*,#2030,.F.);
#2876=ORIENTED_EDGE('',*,*,#2031,.T.);
#2877=ORIENTED_EDGE('',*,*,#2032,.T.);
#2878=ORIENTED_EDGE('',*,*,#2033,.F.);
#2879=ORIENTED_EDGE('',*,*,#2034,.T.);
#2880=ORIENTED_EDGE('',*,*,#2010,.F.);
#2881=ORIENTED_EDGE('',*,*,#2012,.F.);
#2882=ORIENTED_EDGE('',*,*,#2025,.F.);
#2883=ORIENTED_EDGE('',*,*,#2035,.T.);
#2884=ORIENTED_EDGE('',*,*,#2036,.T.);
#2885=ORIENTED_EDGE('',*,*,#2029,.F.);
#2886=ORIENTED_EDGE('',*,*,#2037,.T.);
#2887=ORIENTED_EDGE('',*,*,#2038,.T.);
#2888=ORIENTED_EDGE('',*,*,#2020,.F.);
#2889=ORIENTED_EDGE('',*,*,#2030,.T.);
#2890=ORIENTED_EDGE('',*,*,#2022,.F.);
#2891=ORIENTED_EDGE('',*,*,#2016,.T.);
#2892=ORIENTED_EDGE('',*,*,#2039,.T.);
#2893=ORIENTED_EDGE('',*,*,#2040,.T.);
#2894=ORIENTED_EDGE('',*,*,#2041,.T.);
#2895=ORIENTED_EDGE('',*,*,#2021,.F.);
#2896=ORIENTED_EDGE('',*,*,#2038,.F.);
#2897=ORIENTED_EDGE('',*,*,#2042,.T.);
#2898=ORIENTED_EDGE('',*,*,#2018,.F.);
#2899=ORIENTED_EDGE('',*,*,#2039,.F.);
#2900=ORIENTED_EDGE('',*,*,#2015,.F.);
#2901=ORIENTED_EDGE('',*,*,#2043,.F.);
#2902=ORIENTED_EDGE('',*,*,#2044,.F.);
#2903=ORIENTED_EDGE('',*,*,#2040,.F.);
#2904=ORIENTED_EDGE('',*,*,#2044,.T.);
#2905=ORIENTED_EDGE('',*,*,#2045,.T.);
#2906=ORIENTED_EDGE('',*,*,#2046,.F.);
#2907=ORIENTED_EDGE('',*,*,#2047,.T.);
#2908=ORIENTED_EDGE('',*,*,#2048,.T.);
#2909=ORIENTED_EDGE('',*,*,#2049,.T.);
#2910=ORIENTED_EDGE('',*,*,#2050,.T.);
#2911=ORIENTED_EDGE('',*,*,#2033,.T.);
#2912=ORIENTED_EDGE('',*,*,#2051,.F.);
#2913=ORIENTED_EDGE('',*,*,#2052,.F.);
#2914=ORIENTED_EDGE('',*,*,#2053,.F.);
#2915=ORIENTED_EDGE('',*,*,#2054,.F.);
#2916=ORIENTED_EDGE('',*,*,#2055,.F.);
#2917=ORIENTED_EDGE('',*,*,#2052,.T.);
#2918=ORIENTED_EDGE('',*,*,#2056,.F.);
#2919=ORIENTED_EDGE('',*,*,#2057,.T.);
#2920=ORIENTED_EDGE('',*,*,#2058,.F.);
#2921=ORIENTED_EDGE('',*,*,#2054,.T.);
#2922=ORIENTED_EDGE('',*,*,#2059,.F.);
#2923=ORIENTED_EDGE('',*,*,#2058,.T.);
#2924=ORIENTED_EDGE('',*,*,#1942,.T.);
#2925=ORIENTED_EDGE('',*,*,#2060,.T.);
#2926=ORIENTED_EDGE('',*,*,#2061,.T.);
#2927=ORIENTED_EDGE('',*,*,#2062,.T.);
#2928=ORIENTED_EDGE('',*,*,#2063,.T.);
#2929=ORIENTED_EDGE('',*,*,#2064,.T.);
#2930=ORIENTED_EDGE('',*,*,#2065,.T.);
#2931=ORIENTED_EDGE('',*,*,#2066,.T.);
#2932=ORIENTED_EDGE('',*,*,#2053,.T.);
#2933=ORIENTED_EDGE('',*,*,#2055,.T.);
#2934=ORIENTED_EDGE('',*,*,#2041,.F.);
#2935=ORIENTED_EDGE('',*,*,#2049,.F.);
#2936=ORIENTED_EDGE('',*,*,#2067,.F.);
#2937=ORIENTED_EDGE('',*,*,#2031,.F.);
#2938=ORIENTED_EDGE('',*,*,#2048,.F.);
#2939=ORIENTED_EDGE('',*,*,#2068,.F.);
#2940=ORIENTED_EDGE('',*,*,#2069,.F.);
#2941=ORIENTED_EDGE('',*,*,#2067,.T.);
#2942=ORIENTED_EDGE('',*,*,#2070,.F.);
#2943=ORIENTED_EDGE('',*,*,#2071,.F.);
#2944=ORIENTED_EDGE('',*,*,#2072,.F.);
#2945=ORIENTED_EDGE('',*,*,#2073,.F.);
#2946=ORIENTED_EDGE('',*,*,#2074,.F.);
#2947=ORIENTED_EDGE('',*,*,#2075,.F.);
#2948=ORIENTED_EDGE('',*,*,#2076,.F.);
#2949=ORIENTED_EDGE('',*,*,#2073,.T.);
#2950=ORIENTED_EDGE('',*,*,#2077,.F.);
#2951=ORIENTED_EDGE('',*,*,#2078,.F.);
#2952=ORIENTED_EDGE('',*,*,#2068,.T.);
#2953=ORIENTED_EDGE('',*,*,#2047,.F.);
#2954=ORIENTED_EDGE('',*,*,#2079,.F.);
#2955=ORIENTED_EDGE('',*,*,#2075,.T.);
#2956=ORIENTED_EDGE('',*,*,#2079,.T.);
#2957=ORIENTED_EDGE('',*,*,#2046,.T.);
#2958=ORIENTED_EDGE('',*,*,#2080,.T.);
#2959=ORIENTED_EDGE('',*,*,#2081,.T.);
#2960=ORIENTED_EDGE('',*,*,#2082,.T.);
#2961=ORIENTED_EDGE('',*,*,#2083,.T.);
#2962=ORIENTED_EDGE('',*,*,#2084,.T.);
#2963=ORIENTED_EDGE('',*,*,#2074,.T.);
#2964=ORIENTED_EDGE('',*,*,#2076,.T.);
#2965=ORIENTED_EDGE('',*,*,#2070,.T.);
#2966=ORIENTED_EDGE('',*,*,#2084,.F.);
#2967=ORIENTED_EDGE('',*,*,#2085,.T.);
#2968=ORIENTED_EDGE('',*,*,#2086,.T.);
#2969=ORIENTED_EDGE('',*,*,#2087,.T.);
#2970=ORIENTED_EDGE('',*,*,#1949,.F.);
#2971=ORIENTED_EDGE('',*,*,#2088,.T.);
#2972=ORIENTED_EDGE('',*,*,#2088,.F.);
#2973=ORIENTED_EDGE('',*,*,#1948,.F.);
#2974=ORIENTED_EDGE('',*,*,#1946,.T.);
#2975=ORIENTED_EDGE('',*,*,#1944,.F.);
#2976=ORIENTED_EDGE('',*,*,#1640,.F.);
#2977=ORIENTED_EDGE('',*,*,#1642,.F.);
#2978=ORIENTED_EDGE('',*,*,#1634,.F.);
#2979=ORIENTED_EDGE('',*,*,#1943,.F.);
#2980=ORIENTED_EDGE('',*,*,#2057,.F.);
#2981=ORIENTED_EDGE('',*,*,#2089,.T.);
#2982=ORIENTED_EDGE('',*,*,#2071,.T.);
#2983=ORIENTED_EDGE('',*,*,#1631,.F.);
#2984=ORIENTED_EDGE('',*,*,#1973,.F.);
#2985=ORIENTED_EDGE('',*,*,#1992,.F.);
#2986=ORIENTED_EDGE('',*,*,#1989,.F.);
#2987=ORIENTED_EDGE('',*,*,#1986,.F.);
#2988=ORIENTED_EDGE('',*,*,#1983,.F.);
#2989=ORIENTED_EDGE('',*,*,#1980,.F.);
#2990=ORIENTED_EDGE('',*,*,#1977,.F.);
#2991=ORIENTED_EDGE('',*,*,#2059,.T.);
#2992=ORIENTED_EDGE('',*,*,#2090,.F.);
#2993=ORIENTED_EDGE('',*,*,#2072,.T.);
#2994=ORIENTED_EDGE('',*,*,#2089,.F.);
#2995=ORIENTED_EDGE('',*,*,#2091,.F.);
#2996=ORIENTED_EDGE('',*,*,#2092,.F.);
#2997=ORIENTED_EDGE('',*,*,#2080,.F.);
#2998=ORIENTED_EDGE('',*,*,#2045,.F.);
#2999=ORIENTED_EDGE('',*,*,#2043,.T.);
#3000=ORIENTED_EDGE('',*,*,#2061,.F.);
#3001=ORIENTED_EDGE('',*,*,#2093,.F.);
#3002=ORIENTED_EDGE('',*,*,#2094,.F.);
#3003=ORIENTED_EDGE('',*,*,#2095,.F.);
#3004=ORIENTED_EDGE('',*,*,#2086,.F.);
#3005=ORIENTED_EDGE('',*,*,#2096,.F.);
#3006=ORIENTED_EDGE('',*,*,#1864,.F.);
#3007=ORIENTED_EDGE('',*,*,#2097,.F.);
#3008=ORIENTED_EDGE('',*,*,#1761,.T.);
#3009=ORIENTED_EDGE('',*,*,#1935,.F.);
#3010=ORIENTED_EDGE('',*,*,#2098,.F.);
#3011=ORIENTED_EDGE('',*,*,#2087,.F.);
#3012=ORIENTED_EDGE('',*,*,#2097,.T.);
#3013=ORIENTED_EDGE('',*,*,#1802,.F.);
#3014=ORIENTED_EDGE('',*,*,#1932,.T.);
#3015=ORIENTED_EDGE('',*,*,#1950,.F.);
#3016=ORIENTED_EDGE('',*,*,#2098,.T.);
#3017=ORIENTED_EDGE('',*,*,#2099,.F.);
#3018=ORIENTED_EDGE('',*,*,#2093,.T.);
#3019=ORIENTED_EDGE('',*,*,#2060,.F.);
#3020=ORIENTED_EDGE('',*,*,#1941,.F.);
#3021=ORIENTED_EDGE('',*,*,#1939,.T.);
#3022=ORIENTED_EDGE('',*,*,#2081,.F.);
#3023=ORIENTED_EDGE('',*,*,#2092,.T.);
#3024=ORIENTED_EDGE('',*,*,#2100,.F.);
#3025=ORIENTED_EDGE('',*,*,#2101,.F.);
#3026=ORIENTED_EDGE('',*,*,#2102,.F.);
#3027=ORIENTED_EDGE('',*,*,#2082,.F.);
#3028=ORIENTED_EDGE('',*,*,#2101,.T.);
#3029=ORIENTED_EDGE('',*,*,#1858,.F.);
#3030=ORIENTED_EDGE('',*,*,#1865,.F.);
#3031=ORIENTED_EDGE('',*,*,#2096,.T.);
#3032=ORIENTED_EDGE('',*,*,#2085,.F.);
#3033=ORIENTED_EDGE('',*,*,#2083,.F.);
#3034=ORIENTED_EDGE('',*,*,#2102,.T.);
#3035=ORIENTED_EDGE('',*,*,#2103,.F.);
#3036=ORIENTED_EDGE('',*,*,#2062,.F.);
#3037=ORIENTED_EDGE('',*,*,#2095,.T.);
#3038=ORIENTED_EDGE('',*,*,#1860,.F.);
#3039=ORIENTED_EDGE('',*,*,#2104,.F.);
#3040=ORIENTED_EDGE('',*,*,#2063,.F.);
#3041=ORIENTED_EDGE('',*,*,#2103,.T.);
#3042=ORIENTED_EDGE('',*,*,#2105,.F.);
#3043=ORIENTED_EDGE('',*,*,#2106,.F.);
#3044=ORIENTED_EDGE('',*,*,#2064,.F.);
#3045=ORIENTED_EDGE('',*,*,#2104,.T.);
#3046=ORIENTED_EDGE('',*,*,#2107,.F.);
#3047=ORIENTED_EDGE('',*,*,#2028,.F.);
#3048=ORIENTED_EDGE('',*,*,#2005,.F.);
#3049=ORIENTED_EDGE('',*,*,#2042,.F.);
#3050=ORIENTED_EDGE('',*,*,#2037,.F.);
#3051=ORIENTED_EDGE('',*,*,#2026,.F.);
#3052=ORIENTED_EDGE('',*,*,#2036,.F.);
#3053=ORIENTED_EDGE('',*,*,#2108,.F.);
#3054=ORIENTED_EDGE('',*,*,#2109,.F.);
#3055=ORIENTED_EDGE('',*,*,#2110,.F.);
#3056=ORIENTED_EDGE('',*,*,#2023,.F.);
#3057=ORIENTED_EDGE('',*,*,#2111,.F.);
#3058=ORIENTED_EDGE('',*,*,#2112,.F.);
#3059=ORIENTED_EDGE('',*,*,#2113,.F.);
#3060=ORIENTED_EDGE('',*,*,#2108,.T.);
#3061=ORIENTED_EDGE('',*,*,#2035,.F.);
#3062=ORIENTED_EDGE('',*,*,#2024,.F.);
#3063=ORIENTED_EDGE('',*,*,#2110,.T.);
#3064=ORIENTED_EDGE('',*,*,#2066,.F.);
#3065=ORIENTED_EDGE('',*,*,#2114,.F.);
#3066=ORIENTED_EDGE('',*,*,#2115,.F.);
#3067=ORIENTED_EDGE('',*,*,#2111,.T.);
#3068=ORIENTED_EDGE('',*,*,#2034,.F.);
#3069=ORIENTED_EDGE('',*,*,#2050,.F.);
#3070=ORIENTED_EDGE('',*,*,#2065,.F.);
#3071=ORIENTED_EDGE('',*,*,#2106,.T.);
#3072=ORIENTED_EDGE('',*,*,#2116,.T.);
#3073=ORIENTED_EDGE('',*,*,#2117,.F.);
#3074=ORIENTED_EDGE('',*,*,#2114,.T.);
#3075=ORIENTED_EDGE('',*,*,#2116,.F.);
#3076=ORIENTED_EDGE('',*,*,#2107,.T.);
#3077=ORIENTED_EDGE('',*,*,#2118,.F.);
#3078=ORIENTED_EDGE('',*,*,#2119,.T.);
#3079=ORIENTED_EDGE('',*,*,#2117,.T.);
#3080=ORIENTED_EDGE('',*,*,#2115,.T.);
#3081=ORIENTED_EDGE('',*,*,#2119,.F.);
#3082=ORIENTED_EDGE('',*,*,#2013,.F.);
#3083=ORIENTED_EDGE('',*,*,#2120,.F.);
#3084=ORIENTED_EDGE('',*,*,#2112,.T.);
#3085=ORIENTED_EDGE('',*,*,#2027,.F.);
#3086=ORIENTED_EDGE('',*,*,#2109,.T.);
#3087=ORIENTED_EDGE('',*,*,#2113,.T.);
#3088=ORIENTED_EDGE('',*,*,#2120,.T.);
#3089=ORIENTED_EDGE('',*,*,#2007,.F.);
#3090=ORIENTED_EDGE('',*,*,#2105,.T.);
#3091=ORIENTED_EDGE('',*,*,#1859,.F.);
#3092=ORIENTED_EDGE('',*,*,#2100,.T.);
#3093=ORIENTED_EDGE('',*,*,#2091,.T.);
#3094=ORIENTED_EDGE('',*,*,#2014,.F.);
#3095=ORIENTED_EDGE('',*,*,#2118,.T.);
#3096=ORIENTED_EDGE('',*,*,#1831,.F.);
#3097=ORIENTED_EDGE('',*,*,#1824,.F.);
#3098=ORIENTED_EDGE('',*,*,#1861,.F.);
#3099=ORIENTED_EDGE('',*,*,#2094,.T.);
#3100=ORIENTED_EDGE('',*,*,#2099,.T.);
#3101=ORIENTED_EDGE('',*,*,#1862,.F.);
#3102=ORIENTED_EDGE('',*,*,#2056,.T.);
#3103=ORIENTED_EDGE('',*,*,#2121,.T.);
#3104=ORIENTED_EDGE('',*,*,#2077,.T.);
#3105=ORIENTED_EDGE('',*,*,#2090,.T.);
#3106=ORIENTED_EDGE('',*,*,#1649,.F.);
#3107=ORIENTED_EDGE('',*,*,#1652,.F.);
#3108=ORIENTED_EDGE('',*,*,#1655,.F.);
#3109=ORIENTED_EDGE('',*,*,#2051,.T.);
#3110=ORIENTED_EDGE('',*,*,#2032,.F.);
#3111=ORIENTED_EDGE('',*,*,#2069,.T.);
#3112=ORIENTED_EDGE('',*,*,#2078,.T.);
#3113=ORIENTED_EDGE('',*,*,#2121,.F.);
#3114=CYLINDRICAL_SURFACE('',#3587,3.);
#3115=CYLINDRICAL_SURFACE('',#3592,1.15);
#3116=CYLINDRICAL_SURFACE('',#3598,5.);
#3117=CYLINDRICAL_SURFACE('',#3601,0.799999999999997);
#3118=CYLINDRICAL_SURFACE('',#3604,0.800000000000002);
#3119=CYLINDRICAL_SURFACE('',#3607,0.8);
#3120=CYLINDRICAL_SURFACE('',#3610,0.8);
#3121=CYLINDRICAL_SURFACE('',#3613,3.);
#3122=CYLINDRICAL_SURFACE('',#3616,3.);
#3123=CYLINDRICAL_SURFACE('',#3623,5.);
#3124=CYLINDRICAL_SURFACE('',#3628,2.5);
#3125=CYLINDRICAL_SURFACE('',#3641,5.);
#3126=CYLINDRICAL_SURFACE('',#3645,5.);
#3127=CYLINDRICAL_SURFACE('',#3647,3.);
#3128=CYLINDRICAL_SURFACE('',#3656,2.);
#3129=CYLINDRICAL_SURFACE('',#3669,2.);
#3130=CYLINDRICAL_SURFACE('',#3684,3.);
#3131=CYLINDRICAL_SURFACE('',#3686,2.);
#3132=CYLINDRICAL_SURFACE('',#3688,3.);
#3133=CYLINDRICAL_SURFACE('',#3692,5.);
#3134=CYLINDRICAL_SURFACE('',#3706,21.);
#3135=CYLINDRICAL_SURFACE('',#3708,5.);
#3136=CYLINDRICAL_SURFACE('',#3722,20.);
#3137=CYLINDRICAL_SURFACE('',#3725,0.799999999999999);
#3138=CYLINDRICAL_SURFACE('',#3729,0.8);
#3139=CYLINDRICAL_SURFACE('',#3733,0.799999999999998);
#3140=CYLINDRICAL_SURFACE('',#3737,0.8);
#3141=CYLINDRICAL_SURFACE('',#3741,2.);
#3142=CYLINDRICAL_SURFACE('',#3745,2.);
#3143=CYLINDRICAL_SURFACE('',#3749,2.);
#3144=CYLINDRICAL_SURFACE('',#3753,2.);
#3145=CYLINDRICAL_SURFACE('',#3762,1.3);
#3146=CYLINDRICAL_SURFACE('',#3764,3.);
#3147=CYLINDRICAL_SURFACE('',#3767,1.3);
#3148=CYLINDRICAL_SURFACE('',#3769,3.);
#3149=CYLINDRICAL_SURFACE('',#3771,5.);
#3150=CYLINDRICAL_SURFACE('',#3774,1.3);
#3151=CYLINDRICAL_SURFACE('',#3776,41.5208333333333);
#3152=CYLINDRICAL_SURFACE('',#3779,5.);
#3153=CYLINDRICAL_SURFACE('',#3781,5.);
#3154=CYLINDRICAL_SURFACE('',#3783,5.);
#3155=CYLINDRICAL_SURFACE('',#3785,5.);
#3156=CYLINDRICAL_SURFACE('',#3791,2.5);
#3157=CYLINDRICAL_SURFACE('',#3793,2.5);
#3158=CYLINDRICAL_SURFACE('',#3794,2.5);
#3159=CYLINDRICAL_SURFACE('',#3795,1.);
#3160=CYLINDRICAL_SURFACE('',#3805,13.1044273896816);
#3161=CYLINDRICAL_SURFACE('',#3809,1.3);
#3162=CYLINDRICAL_SURFACE('',#3813,1.3);
#3163=CYLINDRICAL_SURFACE('',#3817,1.3);
#3164=CYLINDRICAL_SURFACE('',#3829,7.43663125288917);
#3165=CYLINDRICAL_SURFACE('',#3833,14.1044273896817);
#3166=CYLINDRICAL_SURFACE('',#3837,3.5);
#3167=CYLINDRICAL_SURFACE('',#3842,3.5);
#3168=CYLINDRICAL_SURFACE('',#3848,10.);
#3169=CYLINDRICAL_SURFACE('',#3849,1.75);
#3170=CYLINDRICAL_SURFACE('',#3851,1.75);
#3171=CYLINDRICAL_SURFACE('',#3857,10.);
#3172=CYLINDRICAL_SURFACE('',#3869,1.);
#3173=CYLINDRICAL_SURFACE('',#3877,1.);
#3174=CYLINDRICAL_SURFACE('',#3884,1.);
#3175=CYLINDRICAL_SURFACE('',#3891,1.);
#3176=CYLINDRICAL_SURFACE('',#3901,20.);
#3177=CYLINDRICAL_SURFACE('',#3908,1.);
#3178=CYLINDRICAL_SURFACE('',#3914,1.);
#3179=CYLINDRICAL_SURFACE('',#3916,1.);
#3180=CYLINDRICAL_SURFACE('',#3930,20.);
#3181=CYLINDRICAL_SURFACE('',#3931,20.);
#3182=CYLINDRICAL_SURFACE('',#3933,20.);
#3183=STYLED_ITEM('',(#8040),#3374);
#3184=STYLED_ITEM('',(#8040),#3375);
#3185=STYLED_ITEM('',(#8040),#3376);
#3186=STYLED_ITEM('',(#8040),#3377);
#3187=STYLED_ITEM('',(#8040),#3378);
#3188=STYLED_ITEM('',(#8040),#3379);
#3189=STYLED_ITEM('',(#8040),#3380);
#3190=STYLED_ITEM('',(#8040),#3381);
#3191=STYLED_ITEM('',(#8040),#3382);
#3192=STYLED_ITEM('',(#8040),#3383);
#3193=STYLED_ITEM('',(#8040),#3384);
#3194=STYLED_ITEM('',(#8040),#3385);
#3195=STYLED_ITEM('',(#8040),#3386);
#3196=STYLED_ITEM('',(#8040),#3387);
#3197=STYLED_ITEM('',(#8040),#3388);
#3198=STYLED_ITEM('',(#8040),#3389);
#3199=STYLED_ITEM('',(#8040),#3390);
#3200=STYLED_ITEM('',(#8040),#3391);
#3201=STYLED_ITEM('',(#8040),#3392);
#3202=STYLED_ITEM('',(#8040),#3393);
#3203=STYLED_ITEM('',(#8040),#3394);
#3204=STYLED_ITEM('',(#8040),#3395);
#3205=STYLED_ITEM('',(#8040),#3396);
#3206=STYLED_ITEM('',(#8040),#3397);
#3207=STYLED_ITEM('',(#8040),#3398);
#3208=STYLED_ITEM('',(#8040),#3399);
#3209=STYLED_ITEM('',(#8040),#3400);
#3210=STYLED_ITEM('',(#8040),#3401);
#3211=STYLED_ITEM('',(#8040),#3402);
#3212=STYLED_ITEM('',(#8040),#3403);
#3213=STYLED_ITEM('',(#8040),#3404);
#3214=STYLED_ITEM('',(#8040),#3405);
#3215=STYLED_ITEM('',(#8040),#3406);
#3216=STYLED_ITEM('',(#8040),#3407);
#3217=STYLED_ITEM('',(#8040),#3408);
#3218=STYLED_ITEM('',(#8040),#3409);
#3219=STYLED_ITEM('',(#8040),#3410);
#3220=STYLED_ITEM('',(#8040),#3411);
#3221=STYLED_ITEM('',(#8040),#3412);
#3222=STYLED_ITEM('',(#8040),#3413);
#3223=STYLED_ITEM('',(#8040),#3414);
#3224=STYLED_ITEM('',(#8040),#3415);
#3225=STYLED_ITEM('',(#8040),#3416);
#3226=STYLED_ITEM('',(#8040),#3417);
#3227=STYLED_ITEM('',(#8040),#3418);
#3228=STYLED_ITEM('',(#8040),#3419);
#3229=STYLED_ITEM('',(#8040),#3420);
#3230=STYLED_ITEM('',(#8040),#3421);
#3231=STYLED_ITEM('',(#8040),#3422);
#3232=STYLED_ITEM('',(#8040),#3423);
#3233=STYLED_ITEM('',(#8040),#3424);
#3234=STYLED_ITEM('',(#8040),#3425);
#3235=STYLED_ITEM('',(#8040),#3426);
#3236=STYLED_ITEM('',(#8040),#3427);
#3237=STYLED_ITEM('',(#8040),#3428);
#3238=STYLED_ITEM('',(#8040),#3429);
#3239=STYLED_ITEM('',(#8040),#3430);
#3240=STYLED_ITEM('',(#8040),#3431);
#3241=STYLED_ITEM('',(#8040),#3432);
#3242=STYLED_ITEM('',(#8040),#3433);
#3243=STYLED_ITEM('',(#8040),#3434);
#3244=STYLED_ITEM('',(#8040),#3435);
#3245=STYLED_ITEM('',(#8040),#3436);
#3246=STYLED_ITEM('',(#8040),#3437);
#3247=STYLED_ITEM('',(#8040),#3438);
#3248=STYLED_ITEM('',(#8040),#3439);
#3249=STYLED_ITEM('',(#8040),#3440);
#3250=STYLED_ITEM('',(#8040),#3441);
#3251=STYLED_ITEM('',(#8040),#3442);
#3252=STYLED_ITEM('',(#8040),#3443);
#3253=STYLED_ITEM('',(#8040),#3444);
#3254=STYLED_ITEM('',(#8040),#3445);
#3255=STYLED_ITEM('',(#8040),#3446);
#3256=STYLED_ITEM('',(#8040),#3447);
#3257=STYLED_ITEM('',(#8040),#3448);
#3258=STYLED_ITEM('',(#8040),#3449);
#3259=STYLED_ITEM('',(#8040),#3450);
#3260=STYLED_ITEM('',(#8040),#3451);
#3261=STYLED_ITEM('',(#8040),#3452);
#3262=STYLED_ITEM('',(#8040),#3453);
#3263=STYLED_ITEM('',(#8040),#3454);
#3264=STYLED_ITEM('',(#8040),#3455);
#3265=STYLED_ITEM('',(#8040),#3456);
#3266=STYLED_ITEM('',(#8040),#3457);
#3267=STYLED_ITEM('',(#8040),#3458);
#3268=STYLED_ITEM('',(#8040),#3459);
#3269=STYLED_ITEM('',(#8040),#3460);
#3270=STYLED_ITEM('',(#8040),#3461);
#3271=STYLED_ITEM('',(#8040),#3462);
#3272=STYLED_ITEM('',(#8040),#3463);
#3273=STYLED_ITEM('',(#8040),#3464);
#3274=STYLED_ITEM('',(#8040),#3465);
#3275=STYLED_ITEM('',(#8040),#3466);
#3276=STYLED_ITEM('',(#8040),#3467);
#3277=STYLED_ITEM('',(#8040),#3468);
#3278=STYLED_ITEM('',(#8040),#3469);
#3279=STYLED_ITEM('',(#8040),#3470);
#3280=STYLED_ITEM('',(#8040),#3471);
#3281=STYLED_ITEM('',(#8040),#3472);
#3282=STYLED_ITEM('',(#8040),#3473);
#3283=STYLED_ITEM('',(#8040),#3474);
#3284=STYLED_ITEM('',(#8040),#3475);
#3285=STYLED_ITEM('',(#8040),#3476);
#3286=STYLED_ITEM('',(#8040),#3477);
#3287=STYLED_ITEM('',(#8040),#3478);
#3288=STYLED_ITEM('',(#8040),#3479);
#3289=STYLED_ITEM('',(#8040),#3480);
#3290=STYLED_ITEM('',(#8040),#3481);
#3291=STYLED_ITEM('',(#8040),#3482);
#3292=STYLED_ITEM('',(#8040),#3483);
#3293=STYLED_ITEM('',(#8040),#3484);
#3294=STYLED_ITEM('',(#8040),#3485);
#3295=STYLED_ITEM('',(#8040),#3486);
#3296=STYLED_ITEM('',(#8040),#3487);
#3297=STYLED_ITEM('',(#8040),#3488);
#3298=STYLED_ITEM('',(#8040),#3489);
#3299=STYLED_ITEM('',(#8040),#3490);
#3300=STYLED_ITEM('',(#8040),#3491);
#3301=STYLED_ITEM('',(#8040),#3492);
#3302=STYLED_ITEM('',(#8040),#3493);
#3303=STYLED_ITEM('',(#8040),#3494);
#3304=STYLED_ITEM('',(#8040),#3495);
#3305=STYLED_ITEM('',(#8040),#3496);
#3306=STYLED_ITEM('',(#8040),#3497);
#3307=STYLED_ITEM('',(#8040),#3498);
#3308=STYLED_ITEM('',(#8040),#3499);
#3309=STYLED_ITEM('',(#8040),#3500);
#3310=STYLED_ITEM('',(#8040),#3501);
#3311=STYLED_ITEM('',(#8040),#3502);
#3312=STYLED_ITEM('',(#8040),#3503);
#3313=STYLED_ITEM('',(#8040),#3504);
#3314=STYLED_ITEM('',(#8040),#3505);
#3315=STYLED_ITEM('',(#8040),#3506);
#3316=STYLED_ITEM('',(#8040),#3507);
#3317=STYLED_ITEM('',(#8040),#3508);
#3318=STYLED_ITEM('',(#8040),#3509);
#3319=STYLED_ITEM('',(#8040),#3510);
#3320=STYLED_ITEM('',(#8040),#3511);
#3321=STYLED_ITEM('',(#8040),#3512);
#3322=STYLED_ITEM('',(#8040),#3513);
#3323=STYLED_ITEM('',(#8040),#3514);
#3324=STYLED_ITEM('',(#8040),#3515);
#3325=STYLED_ITEM('',(#8040),#3516);
#3326=STYLED_ITEM('',(#8040),#3517);
#3327=STYLED_ITEM('',(#8040),#3518);
#3328=STYLED_ITEM('',(#8040),#3519);
#3329=STYLED_ITEM('',(#8040),#3520);
#3330=STYLED_ITEM('',(#8040),#3521);
#3331=STYLED_ITEM('',(#8040),#3522);
#3332=STYLED_ITEM('',(#8040),#3523);
#3333=STYLED_ITEM('',(#8040),#3524);
#3334=STYLED_ITEM('',(#8040),#3525);
#3335=STYLED_ITEM('',(#8040),#3526);
#3336=STYLED_ITEM('',(#8040),#3527);
#3337=STYLED_ITEM('',(#8040),#3528);
#3338=STYLED_ITEM('',(#8040),#3529);
#3339=STYLED_ITEM('',(#8040),#3530);
#3340=STYLED_ITEM('',(#8040),#3531);
#3341=STYLED_ITEM('',(#8040),#3532);
#3342=STYLED_ITEM('',(#8040),#3533);
#3343=STYLED_ITEM('',(#8040),#3534);
#3344=STYLED_ITEM('',(#8040),#3535);
#3345=STYLED_ITEM('',(#8040),#3536);
#3346=STYLED_ITEM('',(#8040),#3537);
#3347=STYLED_ITEM('',(#8040),#3538);
#3348=STYLED_ITEM('',(#8040),#3539);
#3349=STYLED_ITEM('',(#8040),#3540);
#3350=STYLED_ITEM('',(#8040),#3541);
#3351=STYLED_ITEM('',(#8040),#3542);
#3352=STYLED_ITEM('',(#8040),#3543);
#3353=STYLED_ITEM('',(#8040),#3544);
#3354=STYLED_ITEM('',(#8040),#3545);
#3355=STYLED_ITEM('',(#8040),#3546);
#3356=STYLED_ITEM('',(#8040),#3547);
#3357=STYLED_ITEM('',(#8040),#3548);
#3358=STYLED_ITEM('',(#8040),#3549);
#3359=STYLED_ITEM('',(#8040),#3550);
#3360=STYLED_ITEM('',(#8040),#3551);
#3361=STYLED_ITEM('',(#8040),#3552);
#3362=STYLED_ITEM('',(#8040),#3553);
#3363=STYLED_ITEM('',(#8040),#3554);
#3364=STYLED_ITEM('',(#8040),#3555);
#3365=STYLED_ITEM('',(#8040),#3556);
#3366=STYLED_ITEM('',(#8040),#3557);
#3367=STYLED_ITEM('',(#8040),#3558);
#3368=STYLED_ITEM('',(#8040),#3559);
#3369=STYLED_ITEM('',(#8040),#3560);
#3370=STYLED_ITEM('',(#8040),#3561);
#3371=STYLED_ITEM('',(#8040),#3562);
#3372=STYLED_ITEM('',(#8040),#3563);
#3373=STYLED_ITEM('',(#8039),#16);
#3374=ADVANCED_FACE('',(#291),#3114,.F.);
#3375=ADVANCED_FACE('',(#292,#183),#219,.F.);
#3376=ADVANCED_FACE('',(#293),#3115,.F.);
#3377=ADVANCED_FACE('',(#294),#220,.F.);
#3378=ADVANCED_FACE('',(#295),#221,.F.);
#3379=ADVANCED_FACE('',(#296),#3116,.T.);
#3380=ADVANCED_FACE('',(#297),#3117,.F.);
#3381=ADVANCED_FACE('',(#298),#3118,.F.);
#3382=ADVANCED_FACE('',(#299),#3119,.F.);
#3383=ADVANCED_FACE('',(#300),#3120,.F.);
#3384=ADVANCED_FACE('',(#301),#3121,.F.);
#3385=ADVANCED_FACE('',(#302),#3122,.F.);
#3386=ADVANCED_FACE('',(#303),#222,.T.);
#3387=ADVANCED_FACE('',(#304),#223,.T.);
#3388=ADVANCED_FACE('',(#305,#184),#224,.F.);
#3389=ADVANCED_FACE('',(#306),#3123,.F.);
#3390=ADVANCED_FACE('',(#307),#3124,.F.);
#3391=ADVANCED_FACE('',(#308),#225,.T.);
#3392=ADVANCED_FACE('',(#309),#226,.T.);
#3393=ADVANCED_FACE('',(#310),#227,.T.);
#3394=ADVANCED_FACE('',(#311),#228,.T.);
#3395=ADVANCED_FACE('',(#312),#229,.T.);
#3396=ADVANCED_FACE('',(#313),#3125,.F.);
#3397=ADVANCED_FACE('',(#314),#230,.T.);
#3398=ADVANCED_FACE('',(#315),#3126,.T.);
#3399=ADVANCED_FACE('',(#316),#3127,.T.);
#3400=ADVANCED_FACE('',(#317),#54,.F.);
#3401=ADVANCED_FACE('',(#318),#55,.F.);
#3402=ADVANCED_FACE('',(#319),#3128,.F.);
#3403=ADVANCED_FACE('',(#320),#23,.F.);
#3404=ADVANCED_FACE('',(#321),#24,.F.);
#3405=ADVANCED_FACE('',(#322),#25,.F.);
#3406=ADVANCED_FACE('',(#323),#56,.T.);
#3407=ADVANCED_FACE('',(#324),#57,.F.);
#3408=ADVANCED_FACE('',(#325),#3129,.F.);
#3409=ADVANCED_FACE('',(#326),#231,.F.);
#3410=ADVANCED_FACE('',(#327),#26,.F.);
#3411=ADVANCED_FACE('',(#328,#185,#186),#232,.F.);
#3412=ADVANCED_FACE('',(#329),#58,.F.);
#3413=ADVANCED_FACE('',(#330),#27,.F.);
#3414=ADVANCED_FACE('',(#331),#3130,.T.);
#3415=ADVANCED_FACE('',(#332),#3131,.F.);
#3416=ADVANCED_FACE('',(#333),#28,.F.);
#3417=ADVANCED_FACE('',(#334),#3132,.T.);
#3418=ADVANCED_FACE('',(#335),#233,.F.);
#3419=ADVANCED_FACE('',(#336),#3133,.F.);
#3420=ADVANCED_FACE('',(#337),#234,.T.);
#3421=ADVANCED_FACE('',(#338),#235,.T.);
#3422=ADVANCED_FACE('',(#339),#236,.T.);
#3423=ADVANCED_FACE('',(#340),#237,.F.);
#3424=ADVANCED_FACE('',(#341),#238,.F.);
#3425=ADVANCED_FACE('',(#342),#3134,.T.);
#3426=ADVANCED_FACE('',(#343),#239,.T.);
#3427=ADVANCED_FACE('',(#344),#3135,.F.);
#3428=ADVANCED_FACE('',(#345,#187),#240,.T.);
#3429=ADVANCED_FACE('',(#346),#241,.T.);
#3430=ADVANCED_FACE('',(#347,#188,#189,#190),#242,.F.);
#3431=ADVANCED_FACE('',(#348,#191,#192,#193),#243,.F.);
#3432=ADVANCED_FACE('',(#349),#244,.F.);
#3433=ADVANCED_FACE('',(#350),#3136,.T.);
#3434=ADVANCED_FACE('',(#351),#3137,.F.);
#3435=ADVANCED_FACE('',(#352),#245,.F.);
#3436=ADVANCED_FACE('',(#353),#3138,.F.);
#3437=ADVANCED_FACE('',(#354),#246,.F.);
#3438=ADVANCED_FACE('',(#355),#3139,.F.);
#3439=ADVANCED_FACE('',(#356),#247,.F.);
#3440=ADVANCED_FACE('',(#357),#3140,.F.);
#3441=ADVANCED_FACE('',(#358),#248,.F.);
#3442=ADVANCED_FACE('',(#359),#3141,.T.);
#3443=ADVANCED_FACE('',(#360,#194),#249,.F.);
#3444=ADVANCED_FACE('',(#361),#3142,.T.);
#3445=ADVANCED_FACE('',(#362,#195),#250,.F.);
#3446=ADVANCED_FACE('',(#363),#3143,.T.);
#3447=ADVANCED_FACE('',(#364,#196),#251,.F.);
#3448=ADVANCED_FACE('',(#365),#3144,.T.);
#3449=ADVANCED_FACE('',(#366,#197),#252,.F.);
#3450=ADVANCED_FACE('',(#367),#253,.T.);
#3451=ADVANCED_FACE('',(#368),#254,.T.);
#3452=ADVANCED_FACE('',(#369),#255,.T.);
#3453=ADVANCED_FACE('',(#370),#256,.T.);
#3454=ADVANCED_FACE('',(#371,#198,#199,#200,#201),#257,.T.);
#3455=ADVANCED_FACE('',(#372),#3145,.F.);
#3456=ADVANCED_FACE('',(#373),#3146,.T.);
#3457=ADVANCED_FACE('',(#374,#202),#258,.T.);
#3458=ADVANCED_FACE('',(#375),#3147,.F.);
#3459=ADVANCED_FACE('',(#376),#3148,.T.);
#3460=ADVANCED_FACE('',(#377),#3149,.F.);
#3461=ADVANCED_FACE('',(#378,#203),#259,.T.);
#3462=ADVANCED_FACE('',(#379),#3150,.F.);
#3463=ADVANCED_FACE('',(#380),#3151,.T.);
#3464=ADVANCED_FACE('',(#381,#204),#260,.T.);
#3465=ADVANCED_FACE('',(#382),#3152,.F.);
#3466=ADVANCED_FACE('',(#383),#261,.T.);
#3467=ADVANCED_FACE('',(#384),#3153,.T.);
#3468=ADVANCED_FACE('',(#385),#3154,.T.);
#3469=ADVANCED_FACE('',(#386),#3155,.T.);
#3470=ADVANCED_FACE('',(#387),#262,.F.);
#3471=ADVANCED_FACE('',(#388),#29,.F.);
#3472=ADVANCED_FACE('',(#389),#30,.F.);
#3473=ADVANCED_FACE('',(#390),#31,.F.);
#3474=ADVANCED_FACE('',(#391),#3156,.F.);
#3475=ADVANCED_FACE('',(#392),#3157,.F.);
#3476=ADVANCED_FACE('',(#393),#32,.F.);
#3477=ADVANCED_FACE('',(#394),#3158,.F.);
#3478=ADVANCED_FACE('',(#395),#3159,.T.);
#3479=ADVANCED_FACE('',(#396),#263,.F.);
#3480=ADVANCED_FACE('',(#397),#18,.T.);
#3481=ADVANCED_FACE('',(#398),#264,.F.);
#3482=ADVANCED_FACE('',(#399),#19,.T.);
#3483=ADVANCED_FACE('',(#400),#265,.T.);
#3484=ADVANCED_FACE('',(#401),#266,.T.);
#3485=ADVANCED_FACE('',(#402),#267,.T.);
#3486=ADVANCED_FACE('',(#403),#33,.T.);
#3487=ADVANCED_FACE('',(#404),#3160,.F.);
#3488=ADVANCED_FACE('',(#405),#268,.T.);
#3489=ADVANCED_FACE('',(#406),#34,.T.);
#3490=ADVANCED_FACE('',(#407),#20,.F.);
#3491=ADVANCED_FACE('',(#408),#3161,.F.);
#3492=ADVANCED_FACE('',(#409),#269,.F.);
#3493=ADVANCED_FACE('',(#410),#3162,.F.);
#3494=ADVANCED_FACE('',(#411),#270,.F.);
#3495=ADVANCED_FACE('',(#412),#3163,.F.);
#3496=ADVANCED_FACE('',(#413),#271,.F.);
#3497=ADVANCED_FACE('',(#414,#205),#272,.F.);
#3498=ADVANCED_FACE('',(#415,#206),#273,.F.);
#3499=ADVANCED_FACE('',(#416,#207),#274,.F.);
#3500=ADVANCED_FACE('',(#417),#275,.F.);
#3501=ADVANCED_FACE('',(#418),#276,.F.);
#3502=ADVANCED_FACE('',(#419),#35,.F.);
#3503=ADVANCED_FACE('',(#420),#277,.F.);
#3504=ADVANCED_FACE('',(#421),#21,.T.);
#3505=ADVANCED_FACE('',(#422),#36,.F.);
#3506=ADVANCED_FACE('',(#423),#3164,.T.);
#3507=ADVANCED_FACE('',(#424),#278,.F.);
#3508=ADVANCED_FACE('',(#425),#3165,.T.);
#3509=ADVANCED_FACE('',(#426,#208),#279,.F.);
#3510=ADVANCED_FACE('',(#427),#3166,.F.);
#3511=ADVANCED_FACE('',(#428,#209),#280,.F.);
#3512=ADVANCED_FACE('',(#429),#3167,.F.);
#3513=ADVANCED_FACE('',(#430,#210),#281,.F.);
#3514=ADVANCED_FACE('',(#431),#3168,.T.);
#3515=ADVANCED_FACE('',(#432),#3169,.F.);
#3516=ADVANCED_FACE('',(#433),#3170,.F.);
#3517=ADVANCED_FACE('',(#434,#211),#282,.F.);
#3518=ADVANCED_FACE('',(#435),#3171,.F.);
#3519=ADVANCED_FACE('',(#436,#212,#213),#283,.T.);
#3520=ADVANCED_FACE('',(#437),#22,.T.);
#3521=ADVANCED_FACE('',(#438),#17,.F.);
#3522=ADVANCED_FACE('',(#439),#284,.T.);
#3523=ADVANCED_FACE('',(#440),#37,.T.);
#3524=ADVANCED_FACE('',(#441),#3172,.T.);
#3525=ADVANCED_FACE('',(#442),#285,.F.);
#3526=ADVANCED_FACE('',(#443),#38,.T.);
#3527=ADVANCED_FACE('',(#444),#3173,.T.);
#3528=ADVANCED_FACE('',(#445),#39,.T.);
#3529=ADVANCED_FACE('',(#446),#286,.F.);
#3530=ADVANCED_FACE('',(#447),#3174,.T.);
#3531=ADVANCED_FACE('',(#448),#59,.T.);
#3532=ADVANCED_FACE('',(#449),#40,.T.);
#3533=ADVANCED_FACE('',(#450),#3175,.T.);
#3534=ADVANCED_FACE('',(#451),#41,.T.);
#3535=ADVANCED_FACE('',(#452),#287,.F.);
#3536=ADVANCED_FACE('',(#453),#288,.F.);
#3537=ADVANCED_FACE('',(#454,#214,#215),#289,.T.);
#3538=ADVANCED_FACE('',(#455),#3176,.F.);
#3539=ADVANCED_FACE('',(#456),#60,.T.);
#3540=ADVANCED_FACE('',(#457),#42,.T.);
#3541=ADVANCED_FACE('',(#458),#61,.T.);
#3542=ADVANCED_FACE('',(#459),#3177,.T.);
#3543=ADVANCED_FACE('',(#460),#43,.T.);
#3544=ADVANCED_FACE('',(#461),#62,.T.);
#3545=ADVANCED_FACE('',(#462),#44,.T.);
#3546=ADVANCED_FACE('',(#463),#3178,.T.);
#3547=ADVANCED_FACE('',(#464),#45,.T.);
#3548=ADVANCED_FACE('',(#465),#3179,.T.);
#3549=ADVANCED_FACE('',(#466),#46,.T.);
#3550=ADVANCED_FACE('',(#467),#47,.T.);
#3551=ADVANCED_FACE('',(#468),#48,.T.);
#3552=ADVANCED_FACE('',(#469),#49,.T.);
#3553=ADVANCED_FACE('',(#470),#63,.T.);
#3554=ADVANCED_FACE('',(#471),#50,.T.);
#3555=ADVANCED_FACE('',(#472),#64,.T.);
#3556=ADVANCED_FACE('',(#473),#51,.T.);
#3557=ADVANCED_FACE('',(#474),#52,.T.);
#3558=ADVANCED_FACE('',(#475),#65,.T.);
#3559=ADVANCED_FACE('',(#476),#53,.T.);
#3560=ADVANCED_FACE('',(#477),#3180,.T.);
#3561=ADVANCED_FACE('',(#478),#3181,.T.);
#3562=ADVANCED_FACE('',(#479,#216,#217,#218),#290,.F.);
#3563=ADVANCED_FACE('',(#480),#3182,.F.);
#3564=CLOSED_SHELL('',(#3374,#3375,#3376,#3377,#3378,#3379,#3380,#3381,
#3382,#3383,#3384,#3385,#3386,#3387,#3388,#3389,#3390,#3391,#3392,#3393,
#3394,#3395,#3396,#3397,#3398,#3399,#3400,#3401,#3402,#3403,#3404,#3405,
#3406,#3407,#3408,#3409,#3410,#3411,#3412,#3413,#3414,#3415,#3416,#3417,
#3418,#3419,#3420,#3421,#3422,#3423,#3424,#3425,#3426,#3427,#3428,#3429,
#3430,#3431,#3432,#3433,#3434,#3435,#3436,#3437,#3438,#3439,#3440,#3441,
#3442,#3443,#3444,#3445,#3446,#3447,#3448,#3449,#3450,#3451,#3452,#3453,
#3454,#3455,#3456,#3457,#3458,#3459,#3460,#3461,#3462,#3463,#3464,#3465,
#3466,#3467,#3468,#3469,#3470,#3471,#3472,#3473,#3474,#3475,#3476,#3477,
#3478,#3479,#3480,#3481,#3482,#3483,#3484,#3485,#3486,#3487,#3488,#3489,
#3490,#3491,#3492,#3493,#3494,#3495,#3496,#3497,#3498,#3499,#3500,#3501,
#3502,#3503,#3504,#3505,#3506,#3507,#3508,#3509,#3510,#3511,#3512,#3513,
#3514,#3515,#3516,#3517,#3518,#3519,#3520,#3521,#3522,#3523,#3524,#3525,
#3526,#3527,#3528,#3529,#3530,#3531,#3532,#3533,#3534,#3535,#3536,#3537,
#3538,#3539,#3540,#3541,#3542,#3543,#3544,#3545,#3546,#3547,#3548,#3549,
#3550,#3551,#3552,#3553,#3554,#3555,#3556,#3557,#3558,#3559,#3560,#3561,
#3562,#3563));
#3565=DERIVED_UNIT_ELEMENT(#3568,1.);
#3566=DERIVED_UNIT_ELEMENT(#8025,-3.);
#3567=DIMENSIONAL_EXPONENTS(0.,1.,0.,0.,0.,0.,0.);
#3568=(
CONVERSION_BASED_UNIT('gram',#3570)
MASS_UNIT()
NAMED_UNIT(#3567)
);
#3569=(
MASS_UNIT()
NAMED_UNIT(*)
SI_UNIT(.KILO.,.GRAM.)
);
#3570=MASS_MEASURE_WITH_UNIT(MASS_MEASURE(0.001),#3569);
#3571=DERIVED_UNIT((#3565,#3566));
#3572=MEASURE_REPRESENTATION_ITEM('density measure',
POSITIVE_RATIO_MEASURE(1.),#3571);
#3573=PROPERTY_DEFINITION_REPRESENTATION(#3578,#3575);
#3574=PROPERTY_DEFINITION_REPRESENTATION(#3579,#3576);
#3575=REPRESENTATION('material name',(#3577),#8022);
#3576=REPRESENTATION('density',(#3572),#8022);
#3577=DESCRIPTIVE_REPRESENTATION_ITEM('\X2\4E00822C\X0\','\X2\4E00822C\X0\');
#3578=PROPERTY_DEFINITION('material property','material name',#8032);
#3579=PROPERTY_DEFINITION('material property','density of part',#8032);
#3580=DATE_TIME_ROLE('creation_date');
#3581=APPLIED_DATE_AND_TIME_ASSIGNMENT(#3582,#3580,(#8032));
#3582=DATE_AND_TIME(#3583,#3584);
#3583=CALENDAR_DATE(2026,20,1);
#3584=LOCAL_TIME(0,0,0.,#3585);
#3585=COORDINATED_UNIVERSAL_TIME_OFFSET(0,0,.BEHIND.);
#3586=AXIS2_PLACEMENT_3D('',#4854,#3934,#3935);
#3587=AXIS2_PLACEMENT_3D('',#4855,#3936,#3937);
#3588=AXIS2_PLACEMENT_3D('',#4857,#3938,#3939);
#3589=AXIS2_PLACEMENT_3D('',#4860,#3941,#3942);
#3590=AXIS2_PLACEMENT_3D('',#4861,#3943,#3944);
#3591=AXIS2_PLACEMENT_3D('',#4863,#3945,#3946);
#3592=AXIS2_PLACEMENT_3D('',#4864,#3947,#3948);
#3593=AXIS2_PLACEMENT_3D('',#4867,#3950,#3951);
#3594=AXIS2_PLACEMENT_3D('',#4868,#3952,#3953);
#3595=AXIS2_PLACEMENT_3D('',#4871,#3954,#3955);
#3596=AXIS2_PLACEMENT_3D('',#4879,#3960,#3961);
#3597=AXIS2_PLACEMENT_3D('',#4882,#3962,#3963);
#3598=AXIS2_PLACEMENT_3D('',#4890,#3968,#3969);
#3599=AXIS2_PLACEMENT_3D('',#4891,#3970,#3971);
#3600=AXIS2_PLACEMENT_3D('',#4892,#3972,#3973);
#3601=AXIS2_PLACEMENT_3D('',#4893,#3974,#3975);
#3602=AXIS2_PLACEMENT_3D('',#4895,#3976,#3977);
#3603=AXIS2_PLACEMENT_3D('',#4898,#3979,#3980);
#3604=AXIS2_PLACEMENT_3D('',#4899,#3981,#3982);
#3605=AXIS2_PLACEMENT_3D('',#4901,#3983,#3984);
#3606=AXIS2_PLACEMENT_3D('',#4904,#3986,#3987);
#3607=AXIS2_PLACEMENT_3D('',#4905,#3988,#3989);
#3608=AXIS2_PLACEMENT_3D('',#4907,#3990,#3991);
#3609=AXIS2_PLACEMENT_3D('',#4910,#3993,#3994);
#3610=AXIS2_PLACEMENT_3D('',#4911,#3995,#3996);
#3611=AXIS2_PLACEMENT_3D('',#4913,#3997,#3998);
#3612=AXIS2_PLACEMENT_3D('',#4916,#4000,#4001);
#3613=AXIS2_PLACEMENT_3D('',#4917,#4002,#4003);
#3614=AXIS2_PLACEMENT_3D('',#4927,#4004,#4005);
#3615=AXIS2_PLACEMENT_3D('',#4931,#4007,#4008);
#3616=AXIS2_PLACEMENT_3D('',#4942,#4010,#4011);
#3617=AXIS2_PLACEMENT_3D('',#4963,#4013,#4014);
#3618=AXIS2_PLACEMENT_3D('',#4966,#4016,#4017);
#3619=AXIS2_PLACEMENT_3D('',#4967,#4018,#4019);
#3620=AXIS2_PLACEMENT_3D('',#4970,#4022,#4023);
#3621=AXIS2_PLACEMENT_3D('',#4973,#4026,#4027);
#3622=AXIS2_PLACEMENT_3D('',#4991,#4036,#4037);
#3623=AXIS2_PLACEMENT_3D('',#4993,#4039,#4040);
#3624=AXIS2_PLACEMENT_3D('',#4997,#4042,#4043);
#3625=AXIS2_PLACEMENT_3D('',#5001,#4045,#4046);
#3626=AXIS2_PLACEMENT_3D('',#5005,#4048,#4049);
#3627=AXIS2_PLACEMENT_3D('',#5020,#4051,#4052);
#3628=AXIS2_PLACEMENT_3D('',#5022,#4054,#4055);
#3629=AXIS2_PLACEMENT_3D('',#5041,#4056,#4057);
#3630=AXIS2_PLACEMENT_3D('',#5045,#4059,#4060);
#3631=AXIS2_PLACEMENT_3D('',#5065,#4061,#4062);
#3632=AXIS2_PLACEMENT_3D('',#5066,#4063,#4064);
#3633=AXIS2_PLACEMENT_3D('',#5067,#4065,#4066);
#3634=AXIS2_PLACEMENT_3D('',#5069,#4067,#4068);
#3635=AXIS2_PLACEMENT_3D('',#5076,#4073,#4074);
#3636=AXIS2_PLACEMENT_3D('',#5097,#4080,#4081);
#3637=AXIS2_PLACEMENT_3D('',#5099,#4082,#4083);
#3638=AXIS2_PLACEMENT_3D('',#5101,#4085,#4086);
#3639=AXIS2_PLACEMENT_3D('',#5103,#4087,#4088);
#3640=AXIS2_PLACEMENT_3D('',#5127,#4092,#4093);
#3641=AXIS2_PLACEMENT_3D('',#5128,#4094,#4095);
#3642=AXIS2_PLACEMENT_3D('',#5146,#4098,#4099);
#3643=AXIS2_PLACEMENT_3D('',#5150,#4101,#4102);
#3644=AXIS2_PLACEMENT_3D('',#5152,#4104,#4105);
#3645=AXIS2_PLACEMENT_3D('',#5179,#4114,#4115);
#3646=AXIS2_PLACEMENT_3D('',#5180,#4116,#4117);
#3647=AXIS2_PLACEMENT_3D('',#5181,#4118,#4119);
#3648=AXIS2_PLACEMENT_3D('',#5183,#4120,#4121);
#3649=AXIS2_PLACEMENT_3D('',#5195,#4123,#4124);
#3650=AXIS2_PLACEMENT_3D('',#5197,#4125,#4126);
#3651=AXIS2_PLACEMENT_3D('',#5205,#4127,#4128);
#3652=AXIS2_PLACEMENT_3D('',#5206,#4129,#4130);
#3653=AXIS2_PLACEMENT_3D('',#5207,#4131,#4132);
#3654=AXIS2_PLACEMENT_3D('',#5208,#4133,#4134);
#3655=AXIS2_PLACEMENT_3D('',#5209,#4135,#4136);
#3656=AXIS2_PLACEMENT_3D('',#5210,#4137,#4138);
#3657=AXIS2_PLACEMENT_3D('',#5212,#4139,#4140);
#3658=AXIS2_PLACEMENT_3D('',#5214,#4141,#4142);
#3659=AXIS2_PLACEMENT_3D('',#5217,#4144,#4145);
#3660=AXIS2_PLACEMENT_3D('',#5248,#4146,#4147);
#3661=AXIS2_PLACEMENT_3D('',#5297,#4148,#4149);
#3662=AXIS2_PLACEMENT_3D('',#5397,#4150,#4151);
#3663=AXIS2_PLACEMENT_3D('',#5398,#4152,#4153);
#3664=AXIS2_PLACEMENT_3D('',#5399,#4154,#4155);
#3665=AXIS2_PLACEMENT_3D('',#5400,#4156,#4157);
#3666=AXIS2_PLACEMENT_3D('',#5421,#4158,#4159);
#3667=AXIS2_PLACEMENT_3D('',#5423,#4160,#4161);
#3668=AXIS2_PLACEMENT_3D('',#5424,#4162,#4163);
#3669=AXIS2_PLACEMENT_3D('',#5425,#4164,#4165);
#3670=AXIS2_PLACEMENT_3D('',#5428,#4166,#4167);
#3671=AXIS2_PLACEMENT_3D('',#5431,#4170,#4171);
#3672=AXIS2_PLACEMENT_3D('',#5516,#4176,#4177);
#3673=AXIS2_PLACEMENT_3D('',#5523,#4182,#4183);
#3674=AXIS2_PLACEMENT_3D('',#5578,#4184,#4185);
#3675=AXIS2_PLACEMENT_3D('',#5580,#4186,#4187);
#3676=AXIS2_PLACEMENT_3D('',#5582,#4188,#4189);
#3677=AXIS2_PLACEMENT_3D('',#5586,#4191,#4192);
#3678=AXIS2_PLACEMENT_3D('',#5678,#4194,#4195);
#3679=AXIS2_PLACEMENT_3D('',#5679,#4196,#4197);
#3680=AXIS2_PLACEMENT_3D('',#5681,#4198,#4199);
#3681=AXIS2_PLACEMENT_3D('',#5683,#4200,#4201);
#3682=AXIS2_PLACEMENT_3D('',#5685,#4202,#4203);
#3683=AXIS2_PLACEMENT_3D('',#5686,#4204,#4205);
#3684=AXIS2_PLACEMENT_3D('',#5775,#4206,#4207);
#3685=AXIS2_PLACEMENT_3D('',#5777,#4208,#4209);
#3686=AXIS2_PLACEMENT_3D('',#5779,#4211,#4212);
#3687=AXIS2_PLACEMENT_3D('',#5782,#4213,#4214);
#3688=AXIS2_PLACEMENT_3D('',#5829,#4217,#4218);
#3689=AXIS2_PLACEMENT_3D('',#5831,#4219,#4220);
#3690=AXIS2_PLACEMENT_3D('',#5833,#4222,#4223);
#3691=AXIS2_PLACEMENT_3D('',#5834,#4224,#4225);
#3692=AXIS2_PLACEMENT_3D('',#5840,#4229,#4230);
#3693=AXIS2_PLACEMENT_3D('',#5842,#4231,#4232);
#3694=AXIS2_PLACEMENT_3D('',#5844,#4233,#4234);
#3695=AXIS2_PLACEMENT_3D('',#5847,#4236,#4237);
#3696=AXIS2_PLACEMENT_3D('',#5848,#4238,#4239);
#3697=AXIS2_PLACEMENT_3D('',#5851,#4240,#4241);
#3698=AXIS2_PLACEMENT_3D('',#5856,#4244,#4245);
#3699=AXIS2_PLACEMENT_3D('',#5861,#4248,#4249);
#3700=AXIS2_PLACEMENT_3D('',#5867,#4253,#4254);
#3701=AXIS2_PLACEMENT_3D('',#5871,#4257,#4258);
#3702=AXIS2_PLACEMENT_3D('',#5876,#4262,#4263);
#3703=AXIS2_PLACEMENT_3D('',#5879,#4264,#4265);
#3704=AXIS2_PLACEMENT_3D('',#5881,#4266,#4267);
#3705=AXIS2_PLACEMENT_3D('',#5887,#4271,#4272);
#3706=AXIS2_PLACEMENT_3D('',#5891,#4275,#4276);
#3707=AXIS2_PLACEMENT_3D('',#5897,#4278,#4279);
#3708=AXIS2_PLACEMENT_3D('',#5899,#4281,#4282);
#3709=AXIS2_PLACEMENT_3D('',#5901,#4283,#4284);
#3710=AXIS2_PLACEMENT_3D('',#5903,#4286,#4287);
#3711=AXIS2_PLACEMENT_3D('',#5907,#4290,#4291);
#3712=AXIS2_PLACEMENT_3D('',#5911,#4294,#4295);
#3713=AXIS2_PLACEMENT_3D('',#5918,#4299,#4300);
#3714=AXIS2_PLACEMENT_3D('',#5922,#4302,#4303);
#3715=AXIS2_PLACEMENT_3D('',#5924,#4304,#4305);
#3716=AXIS2_PLACEMENT_3D('',#5927,#4307,#4308);
#3717=AXIS2_PLACEMENT_3D('',#5929,#4309,#4310);
#3718=AXIS2_PLACEMENT_3D('',#5931,#4311,#4312);
#3719=AXIS2_PLACEMENT_3D('',#5933,#4313,#4314);
#3720=AXIS2_PLACEMENT_3D('',#5934,#4315,#4316);
#3721=AXIS2_PLACEMENT_3D('',#5953,#4327,#4328);
#3722=AXIS2_PLACEMENT_3D('',#5957,#4331,#4332);
#3723=AXIS2_PLACEMENT_3D('',#5959,#4333,#4334);
#3724=AXIS2_PLACEMENT_3D('',#5960,#4335,#4336);
#3725=AXIS2_PLACEMENT_3D('',#5961,#4337,#4338);
#3726=AXIS2_PLACEMENT_3D('',#5963,#4339,#4340);
#3727=AXIS2_PLACEMENT_3D('',#5966,#4342,#4343);
#3728=AXIS2_PLACEMENT_3D('',#5967,#4344,#4345);
#3729=AXIS2_PLACEMENT_3D('',#5968,#4346,#4347);
#3730=AXIS2_PLACEMENT_3D('',#5970,#4348,#4349);
#3731=AXIS2_PLACEMENT_3D('',#5973,#4351,#4352);
#3732=AXIS2_PLACEMENT_3D('',#5974,#4353,#4354);
#3733=AXIS2_PLACEMENT_3D('',#5975,#4355,#4356);
#3734=AXIS2_PLACEMENT_3D('',#5977,#4357,#4358);
#3735=AXIS2_PLACEMENT_3D('',#5980,#4360,#4361);
#3736=AXIS2_PLACEMENT_3D('',#5981,#4362,#4363);
#3737=AXIS2_PLACEMENT_3D('',#5982,#4364,#4365);
#3738=AXIS2_PLACEMENT_3D('',#5984,#4366,#4367);
#3739=AXIS2_PLACEMENT_3D('',#5987,#4369,#4370);
#3740=AXIS2_PLACEMENT_3D('',#5988,#4371,#4372);
#3741=AXIS2_PLACEMENT_3D('',#5989,#4373,#4374);
#3742=AXIS2_PLACEMENT_3D('',#5991,#4375,#4376);
#3743=AXIS2_PLACEMENT_3D('',#5994,#4378,#4379);
#3744=AXIS2_PLACEMENT_3D('',#5995,#4380,#4381);
#3745=AXIS2_PLACEMENT_3D('',#5996,#4382,#4383);
#3746=AXIS2_PLACEMENT_3D('',#5998,#4384,#4385);
#3747=AXIS2_PLACEMENT_3D('',#6001,#4387,#4388);
#3748=AXIS2_PLACEMENT_3D('',#6002,#4389,#4390);
#3749=AXIS2_PLACEMENT_3D('',#6003,#4391,#4392);
#3750=AXIS2_PLACEMENT_3D('',#6005,#4393,#4394);
#3751=AXIS2_PLACEMENT_3D('',#6008,#4396,#4397);
#3752=AXIS2_PLACEMENT_3D('',#6009,#4398,#4399);
#3753=AXIS2_PLACEMENT_3D('',#6010,#4400,#4401);
#3754=AXIS2_PLACEMENT_3D('',#6012,#4402,#4403);
#3755=AXIS2_PLACEMENT_3D('',#6015,#4405,#4406);
#3756=AXIS2_PLACEMENT_3D('',#6016,#4407,#4408);
#3757=AXIS2_PLACEMENT_3D('',#6017,#4409,#4410);
#3758=AXIS2_PLACEMENT_3D('',#6023,#4414,#4415);
#3759=AXIS2_PLACEMENT_3D('',#6027,#4418,#4419);
#3760=AXIS2_PLACEMENT_3D('',#6031,#4422,#4423);
#3761=AXIS2_PLACEMENT_3D('',#6033,#4425,#4426);
#3762=AXIS2_PLACEMENT_3D('',#6034,#4427,#4428);
#3763=AXIS2_PLACEMENT_3D('',#6036,#4429,#4430);
#3764=AXIS2_PLACEMENT_3D('',#6038,#4432,#4433);
#3765=AXIS2_PLACEMENT_3D('',#6041,#4435,#4436);
#3766=AXIS2_PLACEMENT_3D('',#6042,#4437,#4438);
#3767=AXIS2_PLACEMENT_3D('',#6044,#4440,#4441);
#3768=AXIS2_PLACEMENT_3D('',#6046,#4442,#4443);
#3769=AXIS2_PLACEMENT_3D('',#6048,#4445,#4446);
#3770=AXIS2_PLACEMENT_3D('',#6052,#4448,#4449);
#3771=AXIS2_PLACEMENT_3D('',#6054,#4451,#4452);
#3772=AXIS2_PLACEMENT_3D('',#6057,#4454,#4455);
#3773=AXIS2_PLACEMENT_3D('',#6058,#4456,#4457);
#3774=AXIS2_PLACEMENT_3D('',#6062,#4460,#4461);
#3775=AXIS2_PLACEMENT_3D('',#6064,#4462,#4463);
#3776=AXIS2_PLACEMENT_3D('',#6066,#4465,#4466);
#3777=AXIS2_PLACEMENT_3D('',#6068,#4467,#4468);
#3778=AXIS2_PLACEMENT_3D('',#6070,#4470,#4471);
#3779=AXIS2_PLACEMENT_3D('',#6072,#4473,#4474);
#3780=AXIS2_PLACEMENT_3D('',#6074,#4476,#4477);
#3781=AXIS2_PLACEMENT_3D('',#6076,#4479,#4480);
#3782=AXIS2_PLACEMENT_3D('',#6079,#4482,#4483);
#3783=AXIS2_PLACEMENT_3D('',#6080,#4484,#4485);
#3784=AXIS2_PLACEMENT_3D('',#6082,#4486,#4487);
#3785=AXIS2_PLACEMENT_3D('',#6084,#4489,#4490);
#3786=AXIS2_PLACEMENT_3D('',#6085,#4491,#4492);
#3787=AXIS2_PLACEMENT_3D('',#6138,#4494,#4495);
#3788=AXIS2_PLACEMENT_3D('',#6151,#4496,#4497);
#3789=AXIS2_PLACEMENT_3D('',#6174,#4499,#4500);
#3790=AXIS2_PLACEMENT_3D('',#6197,#4501,#4502);
#3791=AXIS2_PLACEMENT_3D('',#6203,#4504,#4505);
#3792=AXIS2_PLACEMENT_3D('',#6205,#4506,#4507);
#3793=AXIS2_PLACEMENT_3D('',#6207,#4509,#4510);
#3794=AXIS2_PLACEMENT_3D('',#6252,#4513,#4514);
#3795=AXIS2_PLACEMENT_3D('',#6254,#4516,#4517);
#3796=AXIS2_PLACEMENT_3D('',#6256,#4518,#4519);
#3797=AXIS2_PLACEMENT_3D('',#6258,#4521,#4522);
#3798=AXIS2_PLACEMENT_3D('',#6260,#4523,#4524);
#3799=AXIS2_PLACEMENT_3D('',#6271,#4527,#4528);
#3800=AXIS2_PLACEMENT_3D('',#6273,#4530,#4531);
#3801=AXIS2_PLACEMENT_3D('',#6284,#4534,#4535);
#3802=AXIS2_PLACEMENT_3D('',#6291,#4537,#4538);
#3803=AXIS2_PLACEMENT_3D('',#6293,#4540,#4541);
#3804=AXIS2_PLACEMENT_3D('',#6294,#4542,#4543);
#3805=AXIS2_PLACEMENT_3D('',#6398,#4548,#4549);
#3806=AXIS2_PLACEMENT_3D('',#6401,#4551,#4552);
#3807=AXIS2_PLACEMENT_3D('',#6402,#4553,#4554);
#3808=AXIS2_PLACEMENT_3D('',#6482,#4557,#4558);
#3809=AXIS2_PLACEMENT_3D('',#6483,#4559,#4560);
#3810=AXIS2_PLACEMENT_3D('',#6485,#4561,#4562);
#3811=AXIS2_PLACEMENT_3D('',#6488,#4564,#4565);
#3812=AXIS2_PLACEMENT_3D('',#6489,#4566,#4567);
#3813=AXIS2_PLACEMENT_3D('',#6490,#4568,#4569);
#3814=AXIS2_PLACEMENT_3D('',#6492,#4570,#4571);
#3815=AXIS2_PLACEMENT_3D('',#6495,#4573,#4574);
#3816=AXIS2_PLACEMENT_3D('',#6496,#4575,#4576);
#3817=AXIS2_PLACEMENT_3D('',#6497,#4577,#4578);
#3818=AXIS2_PLACEMENT_3D('',#6499,#4579,#4580);
#3819=AXIS2_PLACEMENT_3D('',#6502,#4582,#4583);
#3820=AXIS2_PLACEMENT_3D('',#6503,#4584,#4585);
#3821=AXIS2_PLACEMENT_3D('',#6504,#4586,#4587);
#3822=AXIS2_PLACEMENT_3D('',#6505,#4588,#4589);
#3823=AXIS2_PLACEMENT_3D('',#6506,#4590,#4591);
#3824=AXIS2_PLACEMENT_3D('',#6507,#4592,#4593);
#3825=AXIS2_PLACEMENT_3D('',#6509,#4595,#4596);
#3826=AXIS2_PLACEMENT_3D('',#6652,#4599,#4600);
#3827=AXIS2_PLACEMENT_3D('',#6665,#4604,#4605);
#3828=AXIS2_PLACEMENT_3D('',#6668,#4607,#4608);
#3829=AXIS2_PLACEMENT_3D('',#6800,#4610,#4611);
#3830=AXIS2_PLACEMENT_3D('',#6802,#4612,#4613);
#3831=AXIS2_PLACEMENT_3D('',#6805,#4615,#4616);
#3832=AXIS2_PLACEMENT_3D('',#6806,#4617,#4618);
#3833=AXIS2_PLACEMENT_3D('',#6812,#4622,#4623);
#3834=AXIS2_PLACEMENT_3D('',#6813,#4624,#4625);
#3835=AXIS2_PLACEMENT_3D('',#6814,#4626,#4627);
#3836=AXIS2_PLACEMENT_3D('',#6815,#4628,#4629);
#3837=AXIS2_PLACEMENT_3D('',#6816,#4630,#4631);
#3838=AXIS2_PLACEMENT_3D('',#6818,#4632,#4633);
#3839=AXIS2_PLACEMENT_3D('',#6821,#4635,#4636);
#3840=AXIS2_PLACEMENT_3D('',#6822,#4637,#4638);
#3841=AXIS2_PLACEMENT_3D('',#6824,#4639,#4640);
#3842=AXIS2_PLACEMENT_3D('',#6825,#4641,#4642);
#3843=AXIS2_PLACEMENT_3D('',#6847,#4643,#4644);
#3844=AXIS2_PLACEMENT_3D('',#6850,#4646,#4647);
#3845=AXIS2_PLACEMENT_3D('',#6851,#4648,#4649);
#3846=AXIS2_PLACEMENT_3D('',#6852,#4650,#4651);
#3847=AXIS2_PLACEMENT_3D('',#6854,#4652,#4653);
#3848=AXIS2_PLACEMENT_3D('',#6855,#4654,#4655);
#3849=AXIS2_PLACEMENT_3D('',#6873,#4659,#4660);
#3850=AXIS2_PLACEMENT_3D('',#6876,#4662,#4663);
#3851=AXIS2_PLACEMENT_3D('',#6877,#4664,#4665);
#3852=AXIS2_PLACEMENT_3D('',#6880,#4667,#4668);
#3853=AXIS2_PLACEMENT_3D('',#6881,#4669,#4670);
#3854=AXIS2_PLACEMENT_3D('',#6883,#4671,#4672);
#3855=AXIS2_PLACEMENT_3D('',#6891,#4676,#4677);
#3856=AXIS2_PLACEMENT_3D('',#6892,#4678,#4679);
#3857=AXIS2_PLACEMENT_3D('',#6893,#4680,#4681);
#3858=AXIS2_PLACEMENT_3D('',#6896,#4682,#4683);
#3859=AXIS2_PLACEMENT_3D('',#6913,#4685,#4686);
#3860=AXIS2_PLACEMENT_3D('',#6916,#4687,#4688);
#3861=AXIS2_PLACEMENT_3D('',#6925,#4689,#4690);
#3862=AXIS2_PLACEMENT_3D('',#6954,#4691,#4692);
#3863=AXIS2_PLACEMENT_3D('',#6968,#4696,#4697);
#3864=AXIS2_PLACEMENT_3D('',#6990,#4698,#4699);
#3865=AXIS2_PLACEMENT_3D('',#7001,#4700,#4701);
#3866=AXIS2_PLACEMENT_3D('',#7003,#4702,#4703);
#3867=AXIS2_PLACEMENT_3D('',#7006,#4705,#4706);
#3868=AXIS2_PLACEMENT_3D('',#7027,#4707,#4708);
#3869=AXIS2_PLACEMENT_3D('',#7028,#4709,#4710);
#3870=AXIS2_PLACEMENT_3D('',#7030,#4711,#4712);
#3871=AXIS2_PLACEMENT_3D('',#7032,#4714,#4715);
#3872=AXIS2_PLACEMENT_3D('',#7034,#4716,#4717);
#3873=AXIS2_PLACEMENT_3D('',#7051,#4719,#4720);
#3874=AXIS2_PLACEMENT_3D('',#7096,#4722,#4723);
#3875=AXIS2_PLACEMENT_3D('',#7098,#4724,#4725);
#3876=AXIS2_PLACEMENT_3D('',#7099,#4726,#4727);
#3877=AXIS2_PLACEMENT_3D('',#7100,#4728,#4729);
#3878=AXIS2_PLACEMENT_3D('',#7103,#4730,#4731);
#3879=AXIS2_PLACEMENT_3D('',#7159,#4734,#4735);
#3880=AXIS2_PLACEMENT_3D('',#7160,#4736,#4737);
#3881=AXIS2_PLACEMENT_3D('',#7161,#4738,#4739);
#3882=AXIS2_PLACEMENT_3D('',#7174,#4740,#4741);
#3883=AXIS2_PLACEMENT_3D('',#7178,#4743,#4744);
#3884=AXIS2_PLACEMENT_3D('',#7204,#4745,#4746);
#3885=AXIS2_PLACEMENT_3D('',#7205,#4747,#4748);
#3886=AXIS2_PLACEMENT_3D('',#7206,#4749,#4750);
#3887=AXIS2_PLACEMENT_3D('',#7257,#4751,#4752);
#3888=AXIS2_PLACEMENT_3D('',#7327,#4753,#4754);
#3889=AXIS2_PLACEMENT_3D('',#7329,#4755,#4756);
#3890=AXIS2_PLACEMENT_3D('',#7330,#4757,#4758);
#3891=AXIS2_PLACEMENT_3D('',#7331,#4759,#4760);
#3892=AXIS2_PLACEMENT_3D('',#7334,#4761,#4762);
#3893=AXIS2_PLACEMENT_3D('',#7373,#4765,#4766);
#3894=AXIS2_PLACEMENT_3D('',#7374,#4767,#4768);
#3895=AXIS2_PLACEMENT_3D('',#7375,#4769,#4770);
#3896=AXIS2_PLACEMENT_3D('',#7388,#4771,#4772);
#3897=AXIS2_PLACEMENT_3D('',#7392,#4774,#4775);
#3898=AXIS2_PLACEMENT_3D('',#7394,#4777,#4778);
#3899=AXIS2_PLACEMENT_3D('',#7416,#4779,#4780);
#3900=AXIS2_PLACEMENT_3D('',#7419,#4783,#4784);
#3901=AXIS2_PLACEMENT_3D('',#7421,#4786,#4787);
#3902=AXIS2_PLACEMENT_3D('',#7423,#4789,#4790);
#3903=AXIS2_PLACEMENT_3D('',#7425,#4791,#4792);
#3904=AXIS2_PLACEMENT_3D('',#7526,#4793,#4794);
#3905=AXIS2_PLACEMENT_3D('',#7527,#4795,#4796);
#3906=AXIS2_PLACEMENT_3D('',#7528,#4797,#4798);
#3907=AXIS2_PLACEMENT_3D('',#7575,#4799,#4800);
#3908=AXIS2_PLACEMENT_3D('',#7576,#4801,#4802);
#3909=AXIS2_PLACEMENT_3D('',#7577,#4803,#4804);
#3910=AXIS2_PLACEMENT_3D('',#7594,#4805,#4806);
#3911=AXIS2_PLACEMENT_3D('',#7595,#4807,#4808);
#3912=AXIS2_PLACEMENT_3D('',#7621,#4809,#4810);
#3913=AXIS2_PLACEMENT_3D('',#7622,#4811,#4812);
#3914=AXIS2_PLACEMENT_3D('',#7623,#4813,#4814);
#3915=AXIS2_PLACEMENT_3D('',#7624,#4815,#4816);
#3916=AXIS2_PLACEMENT_3D('',#7661,#4817,#4818);
#3917=AXIS2_PLACEMENT_3D('',#7662,#4819,#4820);
#3918=AXIS2_PLACEMENT_3D('',#7688,#4821,#4822);
#3919=AXIS2_PLACEMENT_3D('',#7689,#4823,#4824);
#3920=AXIS2_PLACEMENT_3D('',#7830,#4825,#4826);
#3921=AXIS2_PLACEMENT_3D('',#7832,#4827,#4828);
#3922=AXIS2_PLACEMENT_3D('',#7834,#4829,#4830);
#3923=AXIS2_PLACEMENT_3D('',#7835,#4831,#4832);
#3924=AXIS2_PLACEMENT_3D('',#7919,#4833,#4834);
#3925=AXIS2_PLACEMENT_3D('',#7921,#4835,#4836);
#3926=AXIS2_PLACEMENT_3D('',#7922,#4837,#4838);
#3927=AXIS2_PLACEMENT_3D('',#7986,#4839,#4840);
#3928=AXIS2_PLACEMENT_3D('',#7987,#4841,#4842);
#3929=AXIS2_PLACEMENT_3D('',#7988,#4843,#4844);
#3930=AXIS2_PLACEMENT_3D('',#8014,#4845,#4846);
#3931=AXIS2_PLACEMENT_3D('',#8015,#4847,#4848);
#3932=AXIS2_PLACEMENT_3D('',#8016,#4849,#4850);
#3933=AXIS2_PLACEMENT_3D('',#8018,#4852,#4853);
#3934=DIRECTION('axis',(0.,0.,1.));
#3935=DIRECTION('refdir',(1.,0.,0.));
#3936=DIRECTION('center_axis',(0.,-1.,0.));
#3937=DIRECTION('ref_axis',(1.,0.,0.));
#3938=DIRECTION('center_axis',(0.,-1.,0.));
#3939=DIRECTION('ref_axis',(1.,0.,0.));
#3940=DIRECTION('',(0.,1.,0.));
#3941=DIRECTION('center_axis',(0.,-1.,0.));
#3942=DIRECTION('ref_axis',(1.,0.,0.));
#3943=DIRECTION('center_axis',(0.,1.,0.));
#3944=DIRECTION('ref_axis',(0.,0.,1.));
#3945=DIRECTION('center_axis',(0.,1.,0.));
#3946=DIRECTION('ref_axis',(1.,0.,0.));
#3947=DIRECTION('center_axis',(0.,-1.,0.));
#3948=DIRECTION('ref_axis',(1.,0.,0.));
#3949=DIRECTION('',(0.,1.,0.));
#3950=DIRECTION('center_axis',(0.,1.,-2.368475785867E-16));
#3951=DIRECTION('ref_axis',(1.,0.,0.));
#3952=DIRECTION('center_axis',(1.,0.,-2.22044604925031E-16));
#3953=DIRECTION('ref_axis',(-2.22044604925031E-16,-2.368475785867E-16,-1.));
#3954=DIRECTION('center_axis',(-1.,0.,2.22044604925031E-16));
#3955=DIRECTION('ref_axis',(0.,0.,1.));
#3956=DIRECTION('',(0.,1.,0.));
#3957=DIRECTION('',(-2.22044604925031E-16,0.,-1.));
#3958=DIRECTION('',(0.,1.,0.));
#3959=DIRECTION('',(2.22044604925031E-16,2.368475785867E-16,1.));
#3960=DIRECTION('center_axis',(-1.,0.,-4.44089209850063E-16));
#3961=DIRECTION('ref_axis',(-4.44089209850063E-16,2.368475785867E-16,1.));
#3962=DIRECTION('center_axis',(1.,0.,-1.77635683940025E-15));
#3963=DIRECTION('ref_axis',(1.77635683940025E-15,0.,1.));
#3964=DIRECTION('',(4.44089209850063E-16,-2.368475785867E-16,-1.));
#3965=DIRECTION('',(0.,1.,0.));
#3966=DIRECTION('',(-4.44089209850063E-16,0.,1.));
#3967=DIRECTION('',(0.,-1.,0.));
#3968=DIRECTION('center_axis',(0.,-1.,0.));
#3969=DIRECTION('ref_axis',(-1.,0.,0.));
#3970=DIRECTION('center_axis',(0.,-1.,0.));
#3971=DIRECTION('ref_axis',(-1.,0.,0.));
#3972=DIRECTION('center_axis',(0.,1.,-2.368475785867E-16));
#3973=DIRECTION('ref_axis',(-1.,0.,0.));
#3974=DIRECTION('center_axis',(-1.,0.,0.));
#3975=DIRECTION('ref_axis',(0.,0.,-1.));
#3976=DIRECTION('center_axis',(-1.,0.,1.83129571072191E-16));
#3977=DIRECTION('ref_axis',(0.,0.,-1.));
#3978=DIRECTION('',(1.,0.,0.));
#3979=DIRECTION('center_axis',(1.,0.,-4.01570030183816E-16));
#3980=DIRECTION('ref_axis',(0.,0.,-1.));
#3981=DIRECTION('center_axis',(-1.,0.,-2.97362246112027E-16));
#3982=DIRECTION('ref_axis',(2.97362246112027E-16,0.,-1.));
#3983=DIRECTION('center_axis',(-1.,0.,-2.79880460187057E-16));
#3984=DIRECTION('ref_axis',(2.97362246112027E-16,0.,-1.));
#3985=DIRECTION('',(1.,0.,2.97362246112027E-16));
#3986=DIRECTION('center_axis',(1.,0.,0.));
#3987=DIRECTION('ref_axis',(2.97362246112027E-16,0.,-1.));
#3988=DIRECTION('center_axis',(-1.,0.,-2.78777105730026E-16));
#3989=DIRECTION('ref_axis',(2.78777105730026E-16,0.,-1.));
#3990=DIRECTION('center_axis',(-1.,0.,-2.79880460187057E-16));
#3991=DIRECTION('ref_axis',(2.78777105730026E-16,0.,-1.));
#3992=DIRECTION('',(1.,0.,2.78777105730026E-16));
#3993=DIRECTION('center_axis',(1.,0.,0.));
#3994=DIRECTION('ref_axis',(2.78777105730026E-16,0.,-1.));
#3995=DIRECTION('center_axis',(-1.,0.,-2.97362246112027E-16));
#3996=DIRECTION('ref_axis',(2.97362246112027E-16,0.,-1.));
#3997=DIRECTION('center_axis',(-1.,0.,-2.79880460187057E-16));
#3998=DIRECTION('ref_axis',(2.97362246112027E-16,0.,-1.));
#3999=DIRECTION('',(1.,0.,2.97362246112027E-16));
#4000=DIRECTION('center_axis',(1.,0.,0.));
#4001=DIRECTION('ref_axis',(2.97362246112027E-16,0.,-1.));
#4002=DIRECTION('center_axis',(-1.,0.,2.77555756156289E-16));
#4003=DIRECTION('ref_axis',(0.,-1.,0.));
#4004=DIRECTION('center_axis',(-1.,0.,1.83129571072191E-16));
#4005=DIRECTION('ref_axis',(0.,-1.,0.));
#4006=DIRECTION('',(1.,0.,-2.77555756156289E-16));
#4007=DIRECTION('center_axis',(1.,0.,-4.01570030183816E-16));
#4008=DIRECTION('ref_axis',(0.,-1.,0.));
#4009=DIRECTION('',(1.,0.,-2.77555756156289E-16));
#4010=DIRECTION('center_axis',(-1.,0.,2.77555756156289E-16));
#4011=DIRECTION('ref_axis',(-8.21730109605221E-31,1.,-2.96059473233375E-15));
#4012=DIRECTION('',(1.,0.,-2.77555756156289E-16));
#4013=DIRECTION('center_axis',(1.,0.,-4.01570030183816E-16));
#4014=DIRECTION('ref_axis',(-8.21730109605221E-31,1.,-2.96059473233375E-15));
#4015=DIRECTION('',(1.,0.,-2.77555756156289E-16));
#4016=DIRECTION('center_axis',(-1.,0.,1.83129571072191E-16));
#4017=DIRECTION('ref_axis',(-8.21730109605221E-31,1.,-2.96059473233375E-15));
#4018=DIRECTION('center_axis',(-2.20106279358541E-32,1.,-7.93016446160825E-17));
#4019=DIRECTION('ref_axis',(1.83129571072191E-16,7.93016446160825E-17,1.));
#4020=DIRECTION('',(-4.01570030183816E-16,-7.93016446160825E-17,-1.));
#4021=DIRECTION('',(1.83129571072191E-16,7.93016446160825E-17,1.));
#4022=DIRECTION('center_axis',(0.,-1.,0.));
#4023=DIRECTION('ref_axis',(-1.83129571072191E-16,0.,-1.));
#4024=DIRECTION('',(-1.83129571072191E-16,-2.368475785867E-16,-1.));
#4025=DIRECTION('',(4.01570030183816E-16,0.,1.));
#4026=DIRECTION('center_axis',(1.,0.,-1.83129571072191E-16));
#4027=DIRECTION('ref_axis',(1.83129571072191E-16,2.368475785867E-16,1.));
#4028=DIRECTION('',(-1.83129571072191E-16,-2.368475785867E-16,-1.));
#4029=DIRECTION('',(-1.83129571072191E-16,-2.368475785867E-16,-1.));
#4030=DIRECTION('',(-1.83129571072191E-16,-2.368475785867E-16,-1.));
#4031=DIRECTION('',(0.,-1.,0.));
#4032=DIRECTION('',(0.,-1.,0.));
#4033=DIRECTION('',(1.83129571072191E-16,0.,1.));
#4034=DIRECTION('',(5.82463190296009E-17,-0.948070352335985,0.318060697071364));
#4035=DIRECTION('',(-1.83129571072191E-16,-2.368475785867E-16,-1.));
#4036=DIRECTION('center_axis',(1.,0.,-1.83129571072191E-16));
#4037=DIRECTION('ref_axis',(1.2949216154093E-16,-0.707106781186548,0.707106781186547));
#4038=DIRECTION('',(-1.83129571072191E-16,-2.368475785867E-16,-1.));
#4039=DIRECTION('center_axis',(4.01570030183816E-16,0.,1.));
#4040=DIRECTION('ref_axis',(-0.707106781186547,0.707106781186547,0.));
#4041=DIRECTION('',(4.01570030183816E-16,0.,1.));
#4042=DIRECTION('center_axis',(-0.707106781186547,0.,0.707106781186548));
#4043=DIRECTION('ref_axis',(0.707106781186548,0.,0.707106781186547));
#4044=DIRECTION('',(-4.01570030183816E-16,0.,-1.));
#4045=DIRECTION('center_axis',(0.,-2.22044604925031E-16,-1.));
#4046=DIRECTION('ref_axis',(-0.707106781186547,0.707106781186547,0.));
#4047=DIRECTION('',(-4.01570030183816E-16,0.,-1.));
#4048=DIRECTION('center_axis',(0.,2.22044604925031E-16,1.));
#4049=DIRECTION('ref_axis',(-0.707106781186547,0.707106781186547,0.));
#4050=DIRECTION('',(-4.01570030183816E-16,0.,-1.));
#4051=DIRECTION('center_axis',(-4.93038065763132E-32,-0.318060697071364,
-0.948070352335985));
#4052=DIRECTION('ref_axis',(-1.999882114843E-15,0.948070352335985,-0.318060697071364));
#4053=DIRECTION('',(4.01570030183816E-16,0.,1.));
#4054=DIRECTION('center_axis',(0.,1.,0.));
#4055=DIRECTION('ref_axis',(1.,0.,0.));
#4056=DIRECTION('center_axis',(0.,1.,-2.368475785867E-16));
#4057=DIRECTION('ref_axis',(1.,0.,0.));
#4058=DIRECTION('',(0.,-1.,0.));
#4059=DIRECTION('center_axis',(0.,-1.,0.));
#4060=DIRECTION('ref_axis',(1.,0.,0.));
#4061=DIRECTION('center_axis',(0.,-1.,0.));
#4062=DIRECTION('ref_axis',(1.,0.,0.));
#4063=DIRECTION('center_axis',(0.,1.,-2.368475785867E-16));
#4064=DIRECTION('ref_axis',(1.,0.,0.));
#4065=DIRECTION('center_axis',(0.,2.22044604925031E-16,1.));
#4066=DIRECTION('ref_axis',(-1.,0.,0.));
#4067=DIRECTION('center_axis',(0.,2.22044604925031E-16,1.));
#4068=DIRECTION('ref_axis',(-0.707106781186547,0.707106781186547,0.));
#4069=DIRECTION('',(-1.,0.,0.));
#4070=DIRECTION('',(1.,0.,0.));
#4071=DIRECTION('',(0.,-1.,2.22044604925031E-16));
#4072=DIRECTION('',(-1.,0.,0.));
#4073=DIRECTION('center_axis',(-1.,-6.69888676308603E-32,-3.01691039300314E-16));
#4074=DIRECTION('ref_axis',(3.01691039300314E-16,-2.368475785867E-16,-1.));
#4075=DIRECTION('',(-3.01691039300314E-16,0.,1.));
#4076=DIRECTION('',(0.,-1.,0.));
#4077=DIRECTION('',(3.01691039300314E-16,-2.368475785867E-16,-1.));
#4078=DIRECTION('',(0.,-1.,2.22044604925031E-16));
#4079=DIRECTION('',(3.01691039300314E-16,-2.368475785867E-16,-1.));
#4080=DIRECTION('center_axis',(0.,1.,-2.22044604925031E-16));
#4081=DIRECTION('ref_axis',(0.,2.22044604925031E-16,1.));
#4082=DIRECTION('center_axis',(0.,1.,-2.22044604925031E-16));
#4083=DIRECTION('ref_axis',(1.,0.,0.));
#4084=DIRECTION('',(1.,0.,0.));
#4085=DIRECTION('center_axis',(0.,-2.22044604925031E-16,-1.));
#4086=DIRECTION('ref_axis',(1.,0.,0.));
#4087=DIRECTION('center_axis',(0.,-2.22044604925031E-16,-1.));
#4088=DIRECTION('ref_axis',(-0.707106781186547,0.707106781186547,0.));
#4089=DIRECTION('',(1.,0.,0.));
#4090=DIRECTION('',(0.,1.,0.));
#4091=DIRECTION('',(1.,0.,0.));
#4092=DIRECTION('center_axis',(0.,1.,-2.22044604925031E-16));
#4093=DIRECTION('ref_axis',(0.,2.22044604925031E-16,1.));
#4094=DIRECTION('center_axis',(-3.30704730739613E-16,0.,-1.));
#4095=DIRECTION('ref_axis',(0.707106781186547,0.707106781186547,0.));
#4096=DIRECTION('',(3.30704730739613E-16,0.,1.));
#4097=DIRECTION('',(3.30704730739613E-16,0.,1.));
#4098=DIRECTION('center_axis',(0.707106781186548,0.,0.707106781186547));
#4099=DIRECTION('ref_axis',(0.707106781186547,0.,-0.707106781186548));
#4100=DIRECTION('',(-3.30704730739613E-16,0.,-1.));
#4101=DIRECTION('center_axis',(1.11022302462677E-16,0.,1.));
#4102=DIRECTION('ref_axis',(0.707106781186547,0.707106781186547,0.));
#4103=DIRECTION('',(3.30704730739613E-16,0.,1.));
#4104=DIRECTION('center_axis',(0.,1.,-2.368475785867E-16));
#4105=DIRECTION('ref_axis',(0.,2.368475785867E-16,1.));
#4106=DIRECTION('',(0.,2.368475785867E-16,1.));
#4107=DIRECTION('',(1.,-1.83456024470003E-32,-7.74574203226853E-17));
#4108=DIRECTION('',(-4.57823927680477E-17,-2.368475785867E-16,-1.));
#4109=DIRECTION('',(-4.57823927680477E-17,-2.368475785867E-16,-1.));
#4110=DIRECTION('',(-1.,0.,0.));
#4111=DIRECTION('',(1.83129571072191E-16,2.368475785867E-16,1.));
#4112=DIRECTION('',(1.83129571072191E-16,2.368475785867E-16,1.));
#4113=DIRECTION('',(1.,0.,0.));
#4114=DIRECTION('center_axis',(-1.83129571072191E-16,-2.368475785867E-16,
-1.));
#4115=DIRECTION('ref_axis',(-0.707106781186547,0.707106781186547,0.));
#4116=DIRECTION('center_axis',(-0.707106781186548,1.57009245868378E-16,
0.707106781186548));
#4117=DIRECTION('ref_axis',(0.707106781186547,1.57009245868377E-16,0.707106781186547));
#4118=DIRECTION('center_axis',(0.,1.,0.));
#4119=DIRECTION('ref_axis',(1.,0.,0.));
#4120=DIRECTION('center_axis',(0.,1.,0.));
#4121=DIRECTION('ref_axis',(1.,0.,0.));
#4122=DIRECTION('',(0.,1.,0.));
#4123=DIRECTION('center_axis',(0.,-1.,0.));
#4124=DIRECTION('ref_axis',(1.,0.,0.));
#4125=DIRECTION('center_axis',(0.,-1.,0.));
#4126=DIRECTION('ref_axis',(1.,0.,0.));
#4127=DIRECTION('center_axis',(0.,1.,0.));
#4128=DIRECTION('ref_axis',(0.,0.,-1.));
#4129=DIRECTION('center_axis',(0.800000000004366,6.66133814778729E-16,-0.599999999994179));
#4130=DIRECTION('ref_axis',(-8.32667268468867E-16,1.,0.));
#4131=DIRECTION('center_axis',(0.,1.,0.));
#4132=DIRECTION('ref_axis',(-0.96790404451489,0.,0.251320036232127));
#4133=DIRECTION('center_axis',(0.,1.,0.));
#4134=DIRECTION('ref_axis',(1.,0.,0.));
#4135=DIRECTION('center_axis',(0.800000000004366,4.99600361076473E-16,0.599999999994179));
#4136=DIRECTION('ref_axis',(0.599999999994179,0.,-0.800000000004366));
#4137=DIRECTION('center_axis',(1.83129571072191E-16,2.368475785867E-16,
1.));
#4138=DIRECTION('ref_axis',(0.707106781186548,0.707106781186548,0.));
#4139=DIRECTION('center_axis',(-4.93038065763132E-32,-0.318060697071364,
-0.948070352335985));
#4140=DIRECTION('ref_axis',(0.,0.948070352335985,-0.318060697071364));
#4141=DIRECTION('center_axis',(7.22652114767409E-16,0.948070352335984,-0.318060697071365));
#4142=DIRECTION('ref_axis',(4.63467780716005E-16,0.318060697071365,0.948070352335984));
#4143=DIRECTION('',(1.83129571072191E-16,2.368475785867E-16,1.));
#4144=DIRECTION('center_axis',(0.,0.,1.));
#4145=DIRECTION('ref_axis',(1.,0.,0.));
#4146=DIRECTION('center_axis',(-0.161144654289867,6.70755443565542E-13,
0.986930798178778));
#4147=DIRECTION('ref_axis',(0.96640673486513,-0.202877375760102,0.157793514480198));
#4148=DIRECTION('center_axis',(-0.83247158826133,-0.554067734792109,-1.23027751273621E-15));
#4149=DIRECTION('ref_axis',(0.533893715083222,-0.802160676482694,0.267386892160897));
#4150=DIRECTION('center_axis',(-1.,0.,1.83129571072191E-16));
#4151=DIRECTION('ref_axis',(-2.1316282072803E-16,0.,-1.));
#4152=DIRECTION('center_axis',(-1.,0.,1.83129571072191E-16));
#4153=DIRECTION('ref_axis',(0.,-0.707106781186548,0.707106781186547));
#4154=DIRECTION('center_axis',(0.,0.,-1.));
#4155=DIRECTION('ref_axis',(-1.,0.,0.));
#4156=DIRECTION('center_axis',(-1.,0.,1.83129571072191E-16));
#4157=DIRECTION('ref_axis',(0.,0.,-1.));
#4158=DIRECTION('center_axis',(-1.,0.,1.83129571072191E-16));
#4159=DIRECTION('ref_axis',(0.,-0.759911839462659,0.650026150431256));
#4160=DIRECTION('center_axis',(0.,0.,1.));
#4161=DIRECTION('ref_axis',(1.,0.,0.));
#4162=DIRECTION('center_axis',(1.,0.,-1.83129571072191E-16));
#4163=DIRECTION('ref_axis',(1.19039010114183E-16,-0.759911839462659,0.650026150431256));
#4164=DIRECTION('center_axis',(1.83129571072191E-16,2.368475785867E-16,
1.));
#4165=DIRECTION('ref_axis',(0.707106781186548,0.707106781186548,0.));
#4166=DIRECTION('center_axis',(4.93038065763132E-32,0.318060697071364,0.948070352335985));
#4167=DIRECTION('ref_axis',(0.,0.948070352335985,-0.318060697071364));
#4168=DIRECTION('',(-1.83129571072191E-16,-2.368475785867E-16,-1.));
#4169=DIRECTION('',(1.83129571072191E-16,2.368475785867E-16,1.));
#4170=DIRECTION('center_axis',(1.,0.,-1.83129571072191E-16));
#4171=DIRECTION('ref_axis',(1.83129571072191E-16,2.368475785867E-16,1.));
#4172=DIRECTION('',(-5.82463190296009E-17,0.948070352335985,-0.318060697071364));
#4173=DIRECTION('',(0.,-1.,0.));
#4174=DIRECTION('',(-1.83129571072191E-16,0.,-1.));
#4175=DIRECTION('',(0.,-1.,0.));
#4176=DIRECTION('center_axis',(0.,1.,0.));
#4177=DIRECTION('ref_axis',(0.,0.,1.));
#4178=DIRECTION('',(-1.,0.,1.11022302462677E-16));
#4179=DIRECTION('',(-4.01570030183816E-16,0.,-1.));
#4180=DIRECTION('',(-4.01570030183816E-16,0.,-1.));
#4181=DIRECTION('',(1.,0.,0.));
#4182=DIRECTION('center_axis',(0.,1.,0.));
#4183=DIRECTION('ref_axis',(-1.,0.,9.25185853854296E-17));
#4184=DIRECTION('center_axis',(0.,-1.,0.));
#4185=DIRECTION('ref_axis',(1.,0.,0.));
#4186=DIRECTION('center_axis',(0.,-1.,0.));
#4187=DIRECTION('ref_axis',(1.,0.,0.));
#4188=DIRECTION('center_axis',(0.,1.,0.));
#4189=DIRECTION('ref_axis',(-0.977647394107292,0.,0.210251213540426));
#4190=DIRECTION('',(-0.0104804674504931,0.,0.999945078392818));
#4191=DIRECTION('center_axis',(0.,-1.,0.));
#4192=DIRECTION('ref_axis',(0.667303353726003,-2.15122888227745E-16,-0.744786032432154));
#4193=DIRECTION('',(0.395866484492939,0.,-0.918308078182481));
#4194=DIRECTION('center_axis',(0.,-1.,0.));
#4195=DIRECTION('ref_axis',(-0.176571633875713,-2.84300219809115E-16,-0.984287792320143));
#4196=DIRECTION('center_axis',(0.,1.,0.));
#4197=DIRECTION('ref_axis',(1.,0.,1.90323947078598E-16));
#4198=DIRECTION('center_axis',(-0.800000000004366,4.16333634230394E-16,
0.599999999994179));
#4199=DIRECTION('ref_axis',(0.,1.,-6.93889390390722E-16));
#4200=DIRECTION('center_axis',(-0.800000000004366,0.,-0.599999999994179));
#4201=DIRECTION('ref_axis',(-0.599999999994179,0.,0.800000000004366));
#4202=DIRECTION('center_axis',(0.,-1.,0.));
#4203=DIRECTION('ref_axis',(-1.,0.,9.25185853854296E-17));
#4204=DIRECTION('center_axis',(0.,-1.,0.));
#4205=DIRECTION('ref_axis',(-1.,0.,9.25185853854296E-17));
#4206=DIRECTION('center_axis',(0.,1.,0.));
#4207=DIRECTION('ref_axis',(1.,0.,0.));
#4208=DIRECTION('center_axis',(0.,1.,0.));
#4209=DIRECTION('ref_axis',(1.,0.,0.));
#4210=DIRECTION('',(0.,1.,0.));
#4211=DIRECTION('center_axis',(0.,-1.,0.));
#4212=DIRECTION('ref_axis',(-0.977647394107292,0.,0.210251213540426));
#4213=DIRECTION('center_axis',(0.,-1.,2.368475785867E-16));
#4214=DIRECTION('ref_axis',(-0.977647394107292,0.,0.210251213540426));
#4215=DIRECTION('',(0.,-1.,2.88838510471585E-16));
#4216=DIRECTION('',(0.,-1.,0.));
#4217=DIRECTION('center_axis',(0.,1.,0.));
#4218=DIRECTION('ref_axis',(1.,0.,0.));
#4219=DIRECTION('center_axis',(0.,1.,0.));
#4220=DIRECTION('ref_axis',(1.,0.,0.));
#4221=DIRECTION('',(0.,1.,0.));
#4222=DIRECTION('center_axis',(0.,-1.,2.368475785867E-16));
#4223=DIRECTION('ref_axis',(-1.,0.,0.));
#4224=DIRECTION('center_axis',(0.,1.,-2.368475785867E-16));
#4225=DIRECTION('ref_axis',(0.,2.368475785867E-16,1.));
#4226=DIRECTION('',(-1.,8.67125308685505E-33,3.66111114101209E-17));
#4227=DIRECTION('',(2.79880460187057E-16,-2.368475785867E-16,-1.));
#4228=DIRECTION('',(-1.,1.23171104063472E-47,5.20043754715373E-32));
#4229=DIRECTION('center_axis',(0.,-1.,0.));
#4230=DIRECTION('ref_axis',(-0.25,0.,-0.968245836551854));
#4231=DIRECTION('center_axis',(4.93038065763132E-32,0.318060697071364,0.948070352335985));
#4232=DIRECTION('ref_axis',(-1.76559154558478E-17,0.948070352335985,-0.318060697071364));
#4233=DIRECTION('center_axis',(0.,-1.,0.));
#4234=DIRECTION('ref_axis',(-0.25,0.,-0.968245836551854));
#4235=DIRECTION('',(0.,1.,0.));
#4236=DIRECTION('center_axis',(0.,1.,0.));
#4237=DIRECTION('ref_axis',(-0.25,0.,-0.968245836551854));
#4238=DIRECTION('center_axis',(-4.93038065763132E-32,-0.318060697071364,
-0.948070352335985));
#4239=DIRECTION('ref_axis',(-1.,0.,5.20043754715373E-32));
#4240=DIRECTION('center_axis',(6.93889390390723E-18,0.318060697071364,0.948070352335985));
#4241=DIRECTION('ref_axis',(0.163681941111115,0.935283882693489,-0.313771064516614));
#4242=DIRECTION('',(1.,-6.85125045063882E-16,2.29847235363017E-16));
#4243=DIRECTION('',(5.60807420632158E-16,0.948070352335985,-0.318060697071364));
#4244=DIRECTION('center_axis',(4.93038065763132E-32,0.318060697071364,0.948070352335985));
#4245=DIRECTION('ref_axis',(-1.999882114843E-15,0.948070352335985,-0.318060697071364));
#4246=DIRECTION('',(1.27723643723233E-16,-0.948070352335985,0.318060697071364));
#4247=DIRECTION('',(-1.,0.,5.20043754715373E-32));
#4248=DIRECTION('center_axis',(-4.93038065763132E-32,-0.318060697071364,
-0.948070352335985));
#4249=DIRECTION('ref_axis',(-1.57885430119184E-15,-0.948070352335985,0.318060697071364));
#4250=DIRECTION('',(8.90189742637493E-17,0.948070352335985,-0.318060697071364));
#4251=DIRECTION('',(1.,-1.56816030879339E-32,-4.67434772723105E-32));
#4252=DIRECTION('',(5.01131222905343E-17,-0.948070352335985,0.318060697071364));
#4253=DIRECTION('center_axis',(-1.,5.31684888871364E-16,-1.78370799129058E-16));
#4254=DIRECTION('ref_axis',(-5.60807420632158E-16,-0.948070352335985,0.318060697071364));
#4255=DIRECTION('',(0.,0.318060697071365,0.948070352335984));
#4256=DIRECTION('',(5.60807420632158E-16,0.948070352335985,-0.318060697071364));
#4257=DIRECTION('center_axis',(-7.22652114767409E-16,-0.948070352335984,
0.318060697071365));
#4258=DIRECTION('ref_axis',(1.,-6.85125045063882E-16,2.29847235363017E-16));
#4259=DIRECTION('',(1.,5.38131259596703E-31,2.27205725643387E-15));
#4260=DIRECTION('',(-1.,6.85125045063882E-16,-2.29847235363017E-16));
#4261=DIRECTION('',(0.,0.318060697071365,0.948070352335984));
#4262=DIRECTION('center_axis',(-4.93038065763132E-32,-0.318060697071364,
-0.948070352335985));
#4263=DIRECTION('ref_axis',(-1.,0.,5.20043754715373E-32));
#4264=DIRECTION('center_axis',(4.93038065763132E-32,0.318060697071364,0.948070352335985));
#4265=DIRECTION('ref_axis',(-1.57885430119184E-15,-0.948070352335985,0.318060697071364));
#4266=DIRECTION('center_axis',(-6.93889390390723E-18,-0.318060697071364,
-0.948070352335985));
#4267=DIRECTION('ref_axis',(0.163681941111115,0.935283882693489,-0.313771064516614));
#4268=DIRECTION('',(-5.01131222905343E-17,0.948070352335985,-0.318060697071364));
#4269=DIRECTION('',(-1.,1.56816030879339E-32,4.67434772723105E-32));
#4270=DIRECTION('',(-8.90189742637493E-17,-0.948070352335985,0.318060697071364));
#4271=DIRECTION('center_axis',(-4.93038065763132E-32,-0.318060697071364,
-0.948070352335985));
#4272=DIRECTION('ref_axis',(-1.,0.,5.20043754715373E-32));
#4273=DIRECTION('',(1.,0.,-5.20043754715373E-32));
#4274=DIRECTION('',(-1.27723643723233E-16,0.948070352335985,-0.318060697071364));
#4275=DIRECTION('center_axis',(0.,-0.318060697071365,-0.948070352335984));
#4276=DIRECTION('ref_axis',(0.163681941111115,0.935283882693489,-0.313771064516614));
#4277=DIRECTION('',(0.,0.318060697071365,0.948070352335984));
#4278=DIRECTION('center_axis',(-1.,-4.75107655066432E-17,1.59390146081499E-17));
#4279=DIRECTION('ref_axis',(5.01131222905343E-17,-0.948070352335985,0.318060697071364));
#4280=DIRECTION('',(-4.93038065763132E-32,-0.318060697071364,-0.948070352335985));
#4281=DIRECTION('center_axis',(4.01570030183816E-16,0.,1.));
#4282=DIRECTION('ref_axis',(-0.707106781186547,0.707106781186547,0.));
#4283=DIRECTION('center_axis',(1.11022302462677E-16,0.,1.));
#4284=DIRECTION('ref_axis',(-0.707106781186547,0.707106781186547,0.));
#4285=DIRECTION('',(4.01570030183816E-16,0.,1.));
#4286=DIRECTION('center_axis',(1.,0.,-4.01570030183816E-16));
#4287=DIRECTION('ref_axis',(-4.01570030183816E-16,0.,-1.));
#4288=DIRECTION('',(-4.01570030183816E-16,0.,-1.));
#4289=DIRECTION('',(0.,1.,0.));
#4290=DIRECTION('center_axis',(1.,0.,-4.01570030183816E-16));
#4291=DIRECTION('ref_axis',(-4.01570030183816E-16,0.,-1.));
#4292=DIRECTION('',(0.,1.,0.));
#4293=DIRECTION('',(-4.01570030183816E-16,0.,-1.));
#4294=DIRECTION('center_axis',(0.,1.,0.));
#4295=DIRECTION('ref_axis',(0.,0.,1.));
#4296=DIRECTION('',(-1.,0.,1.11022302462677E-16));
#4297=DIRECTION('',(3.30704730739613E-16,0.,1.));
#4298=DIRECTION('',(1.,0.,0.));
#4299=DIRECTION('center_axis',(0.,1.,0.));
#4300=DIRECTION('ref_axis',(0.517812343201204,0.,-0.855494229804315));
#4301=DIRECTION('',(-4.57823927680477E-17,0.,-1.));
#4302=DIRECTION('center_axis',(0.,-1.,0.));
#4303=DIRECTION('ref_axis',(1.,0.,0.));
#4304=DIRECTION('center_axis',(0.,1.,0.));
#4305=DIRECTION('ref_axis',(0.,0.,1.));
#4306=DIRECTION('',(1.,0.,-1.81260901979617E-16));
#4307=DIRECTION('center_axis',(0.,1.,0.));
#4308=DIRECTION('ref_axis',(-0.249999999999999,0.,-0.968245836551854));
#4309=DIRECTION('center_axis',(0.,-1.,0.));
#4310=DIRECTION('ref_axis',(-1.,0.,0.));
#4311=DIRECTION('center_axis',(0.,-1.,0.));
#4312=DIRECTION('ref_axis',(-1.,0.,0.));
#4313=DIRECTION('center_axis',(0.,-1.,0.));
#4314=DIRECTION('ref_axis',(-1.,0.,0.));
#4315=DIRECTION('center_axis',(1.,0.,2.79880460187057E-16));
#4316=DIRECTION('ref_axis',(2.79880460187057E-16,0.,-1.));
#4317=DIRECTION('',(-2.653463665015E-16,0.318060697071364,0.948070352335985));
#4318=DIRECTION('',(-8.90189742637494E-17,-0.948070352335985,0.318060697071364));
#4319=DIRECTION('',(2.653463665015E-16,-0.318060697071364,-0.948070352335985));
#4320=DIRECTION('',(8.90189742637493E-17,0.948070352335985,-0.318060697071364));
#4321=DIRECTION('',(-2.653463665015E-16,0.318060697071364,0.948070352335985));
#4322=DIRECTION('',(-2.79880460187057E-16,2.368475785867E-16,1.));
#4323=DIRECTION('',(8.90189742637493E-17,0.948070352335985,-0.318060697071364));
#4324=DIRECTION('',(2.79880460187057E-16,0.,-1.));
#4325=DIRECTION('',(-8.90189742637493E-17,-0.948070352335985,0.318060697071364));
#4326=DIRECTION('',(-2.79880460187057E-16,2.368475785867E-16,1.));
#4327=DIRECTION('center_axis',(0.,1.,-2.368475785867E-16));
#4328=DIRECTION('ref_axis',(0.,2.368475785867E-16,1.));
#4329=DIRECTION('',(2.79880460187057E-16,-2.368475785867E-16,-1.));
#4330=DIRECTION('',(-1.,0.,0.));
#4331=DIRECTION('center_axis',(2.79880460187057E-16,-2.368475785867E-16,
-1.));
#4332=DIRECTION('ref_axis',(-0.707106781186547,-0.707106781186548,0.));
#4333=DIRECTION('center_axis',(-3.66111114101209E-17,0.,-1.));
#4334=DIRECTION('ref_axis',(-0.273861278752582,-0.961769203083567,6.93889390390723E-18));
#4335=DIRECTION('center_axis',(1.85647233594266E-17,-0.303658920997609,
-0.952780803594703));
#4336=DIRECTION('ref_axis',(-1.69247869691472E-15,-0.952780803594703,0.303658920997609));
#4337=DIRECTION('center_axis',(-1.,0.,0.));
#4338=DIRECTION('ref_axis',(0.,0.,-1.));
#4339=DIRECTION('center_axis',(-1.,0.,0.));
#4340=DIRECTION('ref_axis',(0.,0.,-1.));
#4341=DIRECTION('',(1.,0.,0.));
#4342=DIRECTION('center_axis',(-1.,0.,0.));
#4343=DIRECTION('ref_axis',(0.,0.,-1.));
#4344=DIRECTION('center_axis',(1.,0.,0.));
#4345=DIRECTION('ref_axis',(0.,0.,-1.));
#4346=DIRECTION('center_axis',(-1.,0.,0.));
#4347=DIRECTION('ref_axis',(0.,0.,-1.));
#4348=DIRECTION('center_axis',(-1.,0.,0.));
#4349=DIRECTION('ref_axis',(0.,0.,-1.));
#4350=DIRECTION('',(1.,0.,0.));
#4351=DIRECTION('center_axis',(-1.,0.,0.));
#4352=DIRECTION('ref_axis',(0.,0.,-1.));
#4353=DIRECTION('center_axis',(1.,0.,0.));
#4354=DIRECTION('ref_axis',(0.,0.,-1.));
#4355=DIRECTION('center_axis',(-1.,0.,0.));
#4356=DIRECTION('ref_axis',(0.,0.,-1.));
#4357=DIRECTION('center_axis',(-1.,0.,0.));
#4358=DIRECTION('ref_axis',(0.,0.,-1.));
#4359=DIRECTION('',(1.,0.,0.));
#4360=DIRECTION('center_axis',(-1.,0.,0.));
#4361=DIRECTION('ref_axis',(0.,0.,-1.));
#4362=DIRECTION('center_axis',(1.,0.,0.));
#4363=DIRECTION('ref_axis',(0.,0.,-1.));
#4364=DIRECTION('center_axis',(-1.,0.,0.));
#4365=DIRECTION('ref_axis',(0.,0.,-1.));
#4366=DIRECTION('center_axis',(-1.,0.,0.));
#4367=DIRECTION('ref_axis',(0.,0.,-1.));
#4368=DIRECTION('',(1.,0.,0.));
#4369=DIRECTION('center_axis',(-1.,0.,0.));
#4370=DIRECTION('ref_axis',(0.,0.,-1.));
#4371=DIRECTION('center_axis',(1.,0.,0.));
#4372=DIRECTION('ref_axis',(0.,0.,-1.));
#4373=DIRECTION('center_axis',(1.,0.,0.));
#4374=DIRECTION('ref_axis',(0.,0.,-1.));
#4375=DIRECTION('center_axis',(1.,0.,0.));
#4376=DIRECTION('ref_axis',(0.,0.,-1.));
#4377=DIRECTION('',(1.,0.,0.));
#4378=DIRECTION('center_axis',(-1.,0.,0.));
#4379=DIRECTION('ref_axis',(0.,0.,-1.));
#4380=DIRECTION('center_axis',(1.,0.,0.));
#4381=DIRECTION('ref_axis',(0.,0.,-1.));
#4382=DIRECTION('center_axis',(1.,0.,0.));
#4383=DIRECTION('ref_axis',(0.,0.,-1.));
#4384=DIRECTION('center_axis',(1.,0.,0.));
#4385=DIRECTION('ref_axis',(0.,0.,-1.));
#4386=DIRECTION('',(1.,0.,0.));
#4387=DIRECTION('center_axis',(-1.,0.,0.));
#4388=DIRECTION('ref_axis',(0.,0.,-1.));
#4389=DIRECTION('center_axis',(1.,0.,0.));
#4390=DIRECTION('ref_axis',(0.,0.,-1.));
#4391=DIRECTION('center_axis',(1.,0.,0.));
#4392=DIRECTION('ref_axis',(0.,0.,-1.));
#4393=DIRECTION('center_axis',(1.,0.,0.));
#4394=DIRECTION('ref_axis',(0.,0.,-1.));
#4395=DIRECTION('',(1.,0.,0.));
#4396=DIRECTION('center_axis',(-1.,0.,0.));
#4397=DIRECTION('ref_axis',(0.,0.,-1.));
#4398=DIRECTION('center_axis',(1.,0.,0.));
#4399=DIRECTION('ref_axis',(0.,0.,-1.));
#4400=DIRECTION('center_axis',(1.,0.,0.));
#4401=DIRECTION('ref_axis',(0.,0.,-1.));
#4402=DIRECTION('center_axis',(1.,0.,0.));
#4403=DIRECTION('ref_axis',(0.,0.,-1.));
#4404=DIRECTION('',(1.,0.,0.));
#4405=DIRECTION('center_axis',(-1.,0.,0.));
#4406=DIRECTION('ref_axis',(0.,0.,-1.));
#4407=DIRECTION('center_axis',(1.,0.,0.));
#4408=DIRECTION('ref_axis',(0.,0.,-1.));
#4409=DIRECTION('center_axis',(0.,0.948070352335985,-0.318060697071364));
#4410=DIRECTION('ref_axis',(-2.653463665015E-16,0.318060697071364,0.948070352335985));
#4411=DIRECTION('',(1.,0.,0.));
#4412=DIRECTION('',(-2.653463665015E-16,0.318060697071364,0.948070352335985));
#4413=DIRECTION('',(1.,0.,0.));
#4414=DIRECTION('center_axis',(0.,0.318060697071364,0.948070352335985));
#4415=DIRECTION('ref_axis',(-8.90189742637494E-17,-0.948070352335985,0.318060697071364));
#4416=DIRECTION('',(-8.90189742637494E-17,-0.948070352335985,0.318060697071364));
#4417=DIRECTION('',(1.,0.,0.));
#4418=DIRECTION('center_axis',(0.,-0.948070352335985,0.318060697071364));
#4419=DIRECTION('ref_axis',(2.653463665015E-16,-0.318060697071364,-0.948070352335985));
#4420=DIRECTION('',(2.653463665015E-16,-0.318060697071364,-0.948070352335985));
#4421=DIRECTION('',(1.,0.,0.));
#4422=DIRECTION('center_axis',(0.,-0.318060697071364,-0.948070352335985));
#4423=DIRECTION('ref_axis',(8.90189742637493E-17,0.948070352335985,-0.318060697071364));
#4424=DIRECTION('',(8.90189742637493E-17,0.948070352335985,-0.318060697071364));
#4425=DIRECTION('center_axis',(-1.,0.,0.));
#4426=DIRECTION('ref_axis',(0.,0.,1.));
#4427=DIRECTION('center_axis',(0.,-1.,0.));
#4428=DIRECTION('ref_axis',(-1.,0.,0.));
#4429=DIRECTION('center_axis',(0.,1.,0.));
#4430=DIRECTION('ref_axis',(-1.,0.,0.));
#4431=DIRECTION('',(0.,-1.,0.));
#4432=DIRECTION('center_axis',(0.,-1.,0.));
#4433=DIRECTION('ref_axis',(-0.249999999999999,0.,-0.968245836551854));
#4434=DIRECTION('',(0.,1.,0.));
#4435=DIRECTION('center_axis',(0.,-1.,0.));
#4436=DIRECTION('ref_axis',(-0.249999999999999,0.,-0.968245836551854));
#4437=DIRECTION('center_axis',(0.,1.,0.));
#4438=DIRECTION('ref_axis',(0.,0.,1.));
#4439=DIRECTION('',(-1.,0.,1.81260901979617E-16));
#4440=DIRECTION('center_axis',(0.,-1.,0.));
#4441=DIRECTION('ref_axis',(-1.,0.,0.));
#4442=DIRECTION('center_axis',(0.,1.,0.));
#4443=DIRECTION('ref_axis',(-1.,0.,0.));
#4444=DIRECTION('',(0.,-1.,0.));
#4445=DIRECTION('center_axis',(0.,-1.,0.));
#4446=DIRECTION('ref_axis',(0.,0.,1.));
#4447=DIRECTION('',(0.,1.,0.));
#4448=DIRECTION('center_axis',(0.,-1.,0.));
#4449=DIRECTION('ref_axis',(0.,0.,1.));
#4450=DIRECTION('',(0.,1.,0.));
#4451=DIRECTION('center_axis',(0.,-1.,0.));
#4452=DIRECTION('ref_axis',(1.,0.,0.));
#4453=DIRECTION('',(0.,-1.,0.));
#4454=DIRECTION('center_axis',(0.,1.,0.));
#4455=DIRECTION('ref_axis',(1.,0.,0.));
#4456=DIRECTION('center_axis',(0.,1.,0.));
#4457=DIRECTION('ref_axis',(0.,0.,1.));
#4458=DIRECTION('',(4.57823927680477E-17,0.,1.));
#4459=DIRECTION('',(-1.,0.,1.81260901979617E-16));
#4460=DIRECTION('center_axis',(0.,-1.,0.));
#4461=DIRECTION('ref_axis',(-1.,0.,0.));
#4462=DIRECTION('center_axis',(0.,1.,0.));
#4463=DIRECTION('ref_axis',(-1.,0.,0.));
#4464=DIRECTION('',(0.,-1.,0.));
#4465=DIRECTION('center_axis',(0.,-1.,0.));
#4466=DIRECTION('ref_axis',(0.517812343201204,0.,-0.855494229804315));
#4467=DIRECTION('center_axis',(0.,-1.,0.));
#4468=DIRECTION('ref_axis',(0.517812343201204,0.,-0.855494229804315));
#4469=DIRECTION('',(0.,-1.,0.));
#4470=DIRECTION('center_axis',(0.,1.,0.));
#4471=DIRECTION('ref_axis',(0.,0.,1.));
#4472=DIRECTION('',(1.,0.,0.));
#4473=DIRECTION('center_axis',(-1.,0.,0.));
#4474=DIRECTION('ref_axis',(0.,0.707106781186547,-0.707106781186547));
#4475=DIRECTION('',(-1.,0.,0.));
#4476=DIRECTION('center_axis',(-1.11022302462677E-16,0.,-1.));
#4477=DIRECTION('ref_axis',(-1.,0.,1.11022302462677E-16));
#4478=DIRECTION('',(0.,1.,0.));
#4479=DIRECTION('center_axis',(1.,0.,0.));
#4480=DIRECTION('ref_axis',(0.,0.707106781186547,-0.707106781186547));
#4481=DIRECTION('',(1.,0.,0.));
#4482=DIRECTION('center_axis',(0.707106781186548,0.,0.707106781186548));
#4483=DIRECTION('ref_axis',(0.707106781186547,0.,-0.707106781186547));
#4484=DIRECTION('center_axis',(4.57823927680477E-17,2.368475785867E-16,
1.));
#4485=DIRECTION('ref_axis',(0.707106781186547,0.707106781186547,0.));
#4486=DIRECTION('center_axis',(7.74574203226853E-17,0.,1.));
#4487=DIRECTION('ref_axis',(0.707106781186547,0.707106781186547,0.));
#4488=DIRECTION('',(4.57823927680477E-17,2.368475785867E-16,1.));
#4489=DIRECTION('center_axis',(-1.83129571072191E-16,-2.368475785867E-16,
-1.));
#4490=DIRECTION('ref_axis',(-0.707106781186547,0.707106781186547,0.));
#4491=DIRECTION('center_axis',(0.,0.,1.));
#4492=DIRECTION('ref_axis',(-1.,0.,0.));
#4493=DIRECTION('',(0.,-1.,0.));
#4494=DIRECTION('center_axis',(-0.448142832986586,0.,0.893961968566201));
#4495=DIRECTION('ref_axis',(-0.893961968566201,0.,-0.448142832986586));
#4496=DIRECTION('center_axis',(0.782253282028712,0.57095274262802,-0.249184205841482));
#4497=DIRECTION('ref_axis',(0.,-0.400000000000003,-0.916515138991167));
#4498=DIRECTION('',(1.,-1.83456024470003E-32,-7.74574203226853E-17));
#4499=DIRECTION('center_axis',(-2.84217094304043E-14,0.,1.));
#4500=DIRECTION('ref_axis',(-1.,0.,-2.84217094304043E-14));
#4501=DIRECTION('center_axis',(1.,-5.29262253019987E-15,-2.62808727109948E-15));
#4502=DIRECTION('ref_axis',(-3.5527136788005E-15,-0.183095189484538,-0.983095189484528));
#4503=DIRECTION('',(1.,-1.83456024470003E-32,-7.74574203226853E-17));
#4504=DIRECTION('center_axis',(0.,2.368475785867E-16,1.));
#4505=DIRECTION('ref_axis',(-1.,0.,0.));
#4506=DIRECTION('center_axis',(0.,0.,1.));
#4507=DIRECTION('ref_axis',(-1.,0.,0.));
#4508=DIRECTION('',(0.,-2.368475785867E-16,-1.));
#4509=DIRECTION('center_axis',(1.,-8.67125308685505E-33,-3.66111114101209E-17));
#4510=DIRECTION('ref_axis',(0.,0.154932007511045,-0.987925135346094));
#4511=DIRECTION('',(-1.,8.67125308685505E-33,3.66111114101209E-17));
#4512=DIRECTION('',(1.,-1.83456024470003E-32,-7.74574203226853E-17));
#4513=DIRECTION('center_axis',(1.,0.,0.));
#4514=DIRECTION('ref_axis',(0.,0.,1.));
#4515=DIRECTION('',(-1.,0.,0.));
#4516=DIRECTION('center_axis',(1.,0.,0.));
#4517=DIRECTION('ref_axis',(0.,-0.707106781186548,-0.707106781186548));
#4518=DIRECTION('center_axis',(-1.,0.,0.));
#4519=DIRECTION('ref_axis',(0.,0.,-1.));
#4520=DIRECTION('',(-1.,0.,0.));
#4521=DIRECTION('center_axis',(0.,0.,1.));
#4522=DIRECTION('ref_axis',(-1.,0.,0.));
#4523=DIRECTION('center_axis',(0.,0.,-1.));
#4524=DIRECTION('ref_axis',(-0.273861278752582,-0.961769203083567,0.));
#4525=DIRECTION('',(-1.,0.,0.));
#4526=DIRECTION('',(1.,0.,0.));
#4527=DIRECTION('center_axis',(0.,-1.,2.368475785867E-16));
#4528=DIRECTION('ref_axis',(6.63634804391745E-17,-2.58093368729246E-16,
-1.));
#4529=DIRECTION('',(0.,-1.,0.));
#4530=DIRECTION('center_axis',(-1.,0.,0.));
#4531=DIRECTION('ref_axis',(0.,0.,1.));
#4532=DIRECTION('',(0.,0.,-1.));
#4533=DIRECTION('',(0.,-1.,0.));
#4534=DIRECTION('center_axis',(0.,-1.,2.368475785867E-16));
#4535=DIRECTION('ref_axis',(-1.32726960878349E-16,2.34630335208405E-16,
1.));
#4536=DIRECTION('',(0.,-1.,0.));
#4537=DIRECTION('center_axis',(0.,0.,1.));
#4538=DIRECTION('ref_axis',(1.,0.,0.));
#4539=DIRECTION('',(0.,1.,0.));
#4540=DIRECTION('center_axis',(-1.,0.,3.30704730739613E-16));
#4541=DIRECTION('ref_axis',(3.30704730739613E-16,0.,1.));
#4542=DIRECTION('center_axis',(0.918308078182481,1.14341485726563E-16,0.395866484492939));
#4543=DIRECTION('ref_axis',(-0.395866484492939,2.17499044714127E-16,0.918308078182481));
#4544=DIRECTION('',(0.,-1.,2.88838510471585E-16));
#4545=DIRECTION('',(-0.395866484492939,2.17499044714127E-16,0.918308078182481));
#4546=DIRECTION('',(0.,-1.,2.88838510471585E-16));
#4547=DIRECTION('',(0.,-1.,2.88838510471585E-16));
#4548=DIRECTION('center_axis',(0.,1.,-2.88838510471585E-16));
#4549=DIRECTION('ref_axis',(0.667303353726003,-2.15122888227745E-16,-0.744786032432154));
#4550=DIRECTION('',(0.,-1.,2.88838510471585E-16));
#4551=DIRECTION('center_axis',(0.,1.,-2.368475785867E-16));
#4552=DIRECTION('ref_axis',(0.667303353726003,-2.15122888227745E-16,-0.744786032432154));
#4553=DIRECTION('center_axis',(-0.999945078392818,-3.02716260744635E-18,
-0.0104804674504931));
#4554=DIRECTION('ref_axis',(0.0104804674504931,-2.36834570537027E-16,-0.999945078392818));
#4555=DIRECTION('',(0.0104804674504931,-2.36834570537027E-16,-0.999945078392818));
#4556=DIRECTION('',(0.,-1.,2.88838510471585E-16));
#4557=DIRECTION('center_axis',(0.,1.,-2.368475785867E-16));
#4558=DIRECTION('ref_axis',(-0.176571633875713,-2.84300219809115E-16,-0.984287792320143));
#4559=DIRECTION('center_axis',(0.,-1.,0.));
#4560=DIRECTION('ref_axis',(1.,0.,0.));
#4561=DIRECTION('center_axis',(0.,-1.,0.));
#4562=DIRECTION('ref_axis',(1.,0.,0.));
#4563=DIRECTION('',(0.,1.,0.));
#4564=DIRECTION('center_axis',(0.,-1.,0.));
#4565=DIRECTION('ref_axis',(1.,0.,0.));
#4566=DIRECTION('center_axis',(0.,1.,0.));
#4567=DIRECTION('ref_axis',(0.,0.,1.));
#4568=DIRECTION('center_axis',(0.,-1.,0.));
#4569=DIRECTION('ref_axis',(1.,0.,0.));
#4570=DIRECTION('center_axis',(0.,-1.,0.));
#4571=DIRECTION('ref_axis',(1.,0.,0.));
#4572=DIRECTION('',(0.,1.,0.));
#4573=DIRECTION('center_axis',(0.,-1.,0.));
#4574=DIRECTION('ref_axis',(1.,0.,0.));
#4575=DIRECTION('center_axis',(0.,1.,0.));
#4576=DIRECTION('ref_axis',(0.,0.,1.));
#4577=DIRECTION('center_axis',(0.,-1.,0.));
#4578=DIRECTION('ref_axis',(1.,0.,0.));
#4579=DIRECTION('center_axis',(0.,-1.,0.));
#4580=DIRECTION('ref_axis',(1.,0.,0.));
#4581=DIRECTION('',(0.,1.,0.));
#4582=DIRECTION('center_axis',(0.,-1.,0.));
#4583=DIRECTION('ref_axis',(1.,0.,0.));
#4584=DIRECTION('center_axis',(0.,1.,0.));
#4585=DIRECTION('ref_axis',(0.,0.,1.));
#4586=DIRECTION('center_axis',(0.,1.,0.));
#4587=DIRECTION('ref_axis',(0.,0.,1.));
#4588=DIRECTION('center_axis',(0.,1.,0.));
#4589=DIRECTION('ref_axis',(0.,0.,1.));
#4590=DIRECTION('center_axis',(0.,1.,0.));
#4591=DIRECTION('ref_axis',(0.,0.,1.));
#4592=DIRECTION('center_axis',(-1.,0.,4.57823927680477E-17));
#4593=DIRECTION('ref_axis',(-4.57823927680477E-17,-2.368475785867E-16,-1.));
#4594=DIRECTION('',(0.,-1.,0.));
#4595=DIRECTION('center_axis',(-7.74574203226853E-17,0.,-1.));
#4596=DIRECTION('ref_axis',(1.,-1.83456024470003E-32,-7.74574203226853E-17));
#4597=DIRECTION('',(0.,1.,0.));
#4598=DIRECTION('',(0.,1.,0.));
#4599=DIRECTION('center_axis',(0.918308078182487,0.,0.395866484492925));
#4600=DIRECTION('ref_axis',(0.395866484492925,-2.17499044714128E-16,-0.918308078182487));
#4601=DIRECTION('',(-0.395866484492925,2.17499044714128E-16,0.918308078182487));
#4602=DIRECTION('',(0.,1.,0.));
#4603=DIRECTION('',(0.395866484492925,-2.17499044714128E-16,-0.918308078182487));
#4604=DIRECTION('center_axis',(0.,1.,-2.368475785867E-16));
#4605=DIRECTION('ref_axis',(-0.176444192583689,0.,-0.984310645529901));
#4606=DIRECTION('',(0.,1.,0.));
#4607=DIRECTION('center_axis',(-1.718739250428E-14,-1.,5.56122677936705E-15));
#4608=DIRECTION('ref_axis',(-0.176444192583689,-2.44135912810031E-15,-0.984310645529901));
#4609=DIRECTION('',(0.,1.,0.));
#4610=DIRECTION('center_axis',(0.,-1.,0.));
#4611=DIRECTION('ref_axis',(0.523481170518344,0.,0.852037243383612));
#4612=DIRECTION('center_axis',(0.,1.,-2.368475785867E-16));
#4613=DIRECTION('ref_axis',(0.523481170518344,0.,0.852037243383612));
#4614=DIRECTION('',(0.,1.,0.));
#4615=DIRECTION('center_axis',(-1.23259516440783E-32,-1.,2.368475785867E-16));
#4616=DIRECTION('ref_axis',(0.523481170518344,2.01802957961095E-16,0.852037243383612));
#4617=DIRECTION('center_axis',(-0.999945078392818,0.,-0.0104804674505424));
#4618=DIRECTION('ref_axis',(-0.0104804674505424,2.36834570537027E-16,0.999945078392818));
#4619=DIRECTION('',(0.0104804674505424,-2.36834570537027E-16,-0.999945078392818));
#4620=DIRECTION('',(0.,1.,0.));
#4621=DIRECTION('',(-0.0104804674505424,2.36834570537027E-16,0.999945078392818));
#4622=DIRECTION('center_axis',(0.,-1.,0.));
#4623=DIRECTION('ref_axis',(0.665353448924033,0.,-0.746528491087175));
#4624=DIRECTION('center_axis',(0.,1.,-2.368475785867E-16));
#4625=DIRECTION('ref_axis',(0.665353448924033,0.,-0.746528491087175));
#4626=DIRECTION('center_axis',(0.,-1.,2.368475785867E-16));
#4627=DIRECTION('ref_axis',(0.665353448924033,-1.7681346545998E-16,-0.746528491087175));
#4628=DIRECTION('center_axis',(0.,-1.,2.368475785867E-16));
#4629=DIRECTION('ref_axis',(0.,-2.368475785867E-16,-1.));
#4630=DIRECTION('center_axis',(0.,1.,0.));
#4631=DIRECTION('ref_axis',(1.,0.,0.));
#4632=DIRECTION('center_axis',(0.,1.,0.));
#4633=DIRECTION('ref_axis',(1.,0.,0.));
#4634=DIRECTION('',(0.,-1.,0.));
#4635=DIRECTION('center_axis',(0.,1.,0.));
#4636=DIRECTION('ref_axis',(1.,0.,0.));
#4637=DIRECTION('center_axis',(0.,-1.,0.));
#4638=DIRECTION('ref_axis',(0.,0.,-1.));
#4639=DIRECTION('center_axis',(0.,-1.,0.));
#4640=DIRECTION('ref_axis',(1.,0.,0.));
#4641=DIRECTION('center_axis',(0.,1.,0.));
#4642=DIRECTION('ref_axis',(1.,0.,0.));
#4643=DIRECTION('center_axis',(0.,1.,0.));
#4644=DIRECTION('ref_axis',(1.,0.,0.));
#4645=DIRECTION('',(0.,-1.,0.));
#4646=DIRECTION('center_axis',(0.,1.,0.));
#4647=DIRECTION('ref_axis',(1.,0.,0.));
#4648=DIRECTION('center_axis',(0.,1.,0.));
#4649=DIRECTION('ref_axis',(1.,0.,0.));
#4650=DIRECTION('center_axis',(0.,-1.,0.));
#4651=DIRECTION('ref_axis',(0.,0.,-1.));
#4652=DIRECTION('center_axis',(0.,-1.,0.));
#4653=DIRECTION('ref_axis',(1.,0.,0.));
#4654=DIRECTION('center_axis',(-0.898852945491477,0.,-0.438250364952838));
#4655=DIRECTION('ref_axis',(0.348498685324395,0.606341256850526,-0.714771954240017));
#4656=DIRECTION('',(-0.898852945491477,0.,-0.438250364952838));
#4657=DIRECTION('',(0.898852945491477,0.,0.438250364952838));
#4658=DIRECTION('',(-0.898852945491477,0.,-0.438250364952838));
#4659=DIRECTION('center_axis',(0.,1.,0.));
#4660=DIRECTION('ref_axis',(1.,0.,0.));
#4661=DIRECTION('',(0.,-1.,0.));
#4662=DIRECTION('center_axis',(0.,-1.,0.));
#4663=DIRECTION('ref_axis',(1.,0.,0.));
#4664=DIRECTION('center_axis',(0.,1.,0.));
#4665=DIRECTION('ref_axis',(1.,0.,0.));
#4666=DIRECTION('',(0.,-1.,0.));
#4667=DIRECTION('center_axis',(0.,-1.,0.));
#4668=DIRECTION('ref_axis',(1.,0.,0.));
#4669=DIRECTION('center_axis',(0.,-1.,0.));
#4670=DIRECTION('ref_axis',(0.,0.,-1.));
#4671=DIRECTION('center_axis',(0.,-1.,0.));
#4672=DIRECTION('ref_axis',(0.391283879795893,0.,0.920270028530688));
#4673=DIRECTION('',(-2.79880460187057E-16,0.,1.));
#4674=DIRECTION('',(1.,0.,2.96059473233375E-16));
#4675=DIRECTION('',(0.,0.,1.));
#4676=DIRECTION('center_axis',(0.,1.,0.));
#4677=DIRECTION('ref_axis',(0.,0.,-1.));
#4678=DIRECTION('center_axis',(0.,-1.,0.));
#4679=DIRECTION('ref_axis',(-0.790477999681644,0.,0.612490434226778));
#4680=DIRECTION('center_axis',(0.,-0.984807753012208,-0.173648177666931));
#4681=DIRECTION('ref_axis',(0.,0.173648177666931,-0.984807753012208));
#4682=DIRECTION('center_axis',(0.,-1.,0.));
#4683=DIRECTION('ref_axis',(0.,0.,-1.));
#4684=DIRECTION('',(0.,-0.984807753012208,-0.173648177666931));
#4685=DIRECTION('center_axis',(0.,-1.,0.));
#4686=DIRECTION('ref_axis',(0.,0.,-1.));
#4687=DIRECTION('center_axis',(0.,1.,0.));
#4688=DIRECTION('ref_axis',(0.400609306120624,0.,0.916248974815007));
#4689=DIRECTION('center_axis',(0.,-1.,0.));
#4690=DIRECTION('ref_axis',(-1.5989501971808E-15,0.,1.));
#4691=DIRECTION('center_axis',(0.,1.,0.));
#4692=DIRECTION('ref_axis',(0.790477999681644,0.,-0.612490434226778));
#4693=DIRECTION('',(0.,0.,-1.));
#4694=DIRECTION('',(-1.,0.,-2.96059473233375E-16));
#4695=DIRECTION('',(0.,0.,-1.));
#4696=DIRECTION('center_axis',(0.,1.,0.));
#4697=DIRECTION('ref_axis',(0.,0.,1.));
#4698=DIRECTION('center_axis',(0.545429641838343,0.723809581759848,-0.422618261740699));
#4699=DIRECTION('ref_axis',(-0.798635510047293,0.601815023152048,0.));
#4700=DIRECTION('center_axis',(1.,0.,0.));
#4701=DIRECTION('ref_axis',(0.,0.173648177666931,-0.984807753012208));
#4702=DIRECTION('center_axis',(1.,0.,0.));
#4703=DIRECTION('ref_axis',(0.,0.707106781186541,0.707106781186554));
#4704=DIRECTION('',(0.,-1.,0.));
#4705=DIRECTION('center_axis',(1.,0.,0.));
#4706=DIRECTION('ref_axis',(0.,-0.707106781186541,0.707106781186554));
#4707=DIRECTION('center_axis',(-0.468527398468523,4.90412691993845E-16,
0.883448966768493));
#4708=DIRECTION('ref_axis',(0.837253344994269,0.319133071709176,0.444028060867073));
#4709=DIRECTION('center_axis',(1.,0.,2.96059473233375E-16));
#4710=DIRECTION('ref_axis',(0.,0.707106781186541,0.707106781186554));
#4711=DIRECTION('center_axis',(-1.,0.,0.));
#4712=DIRECTION('ref_axis',(0.,0.,1.));
#4713=DIRECTION('',(-1.,0.,-2.96059473233375E-16));
#4714=DIRECTION('center_axis',(2.96059473233375E-16,0.,-1.));
#4715=DIRECTION('ref_axis',(-1.,0.,-2.96059473233375E-16));
#4716=DIRECTION('center_axis',(-2.96059473233375E-16,0.,1.));
#4717=DIRECTION('ref_axis',(-0.273861278752583,0.961769203083567,-8.10792259265082E-17));
#4718=DIRECTION('',(-1.,0.,-2.96059473233375E-16));
#4719=DIRECTION('center_axis',(2.96059473233375E-16,0.,-1.));
#4720=DIRECTION('ref_axis',(1.48029736616687E-17,1.,4.38256058456116E-33));
#4721=DIRECTION('',(1.,0.,2.96059473233375E-16));
#4722=DIRECTION('center_axis',(-5.23577237704215E-17,-0.332245619097314,
-0.94319290104975));
#4723=DIRECTION('ref_axis',(0.,0.94319290104975,-0.332245619097314));
#4724=DIRECTION('center_axis',(7.06236618233894E-16,-0.948070352335987,
0.318060697071358));
#4725=DIRECTION('ref_axis',(-4.44089209850065E-15,-0.318060697071358,-0.948070352335987));
#4726=DIRECTION('center_axis',(0.,0.318060697071364,0.948070352335985));
#4727=DIRECTION('ref_axis',(0.,0.948070352335985,-0.318060697071364));
#4728=DIRECTION('center_axis',(0.,0.948070352335985,-0.318060697071364));
#4729=DIRECTION('ref_axis',(0.70710678118655,-0.224902875728065,-0.670386975178697));
#4730=DIRECTION('center_axis',(0.,-0.948070352335987,0.318060697071358));
#4731=DIRECTION('ref_axis',(0.,-0.318060697071358,-0.948070352335987));
#4732=DIRECTION('',(0.,-0.948070352335985,0.318060697071364));
#4733=DIRECTION('',(0.,0.948070352335985,-0.318060697071364));
#4734=DIRECTION('center_axis',(0.,0.318060697071364,0.948070352335985));
#4735=DIRECTION('ref_axis',(0.,-0.948070352335985,0.318060697071364));
#4736=DIRECTION('center_axis',(1.47546694461071E-16,-0.332245619097314,
-0.94319290104975));
#4737=DIRECTION('ref_axis',(0.,-0.94319290104975,0.332245619097314));
#4738=DIRECTION('center_axis',(0.,0.318060697071364,0.948070352335985));
#4739=DIRECTION('ref_axis',(1.6142551273918E-16,-0.948070352335985,0.318060697071364));
#4740=DIRECTION('center_axis',(0.,-0.318060697071364,-0.948070352335985));
#4741=DIRECTION('ref_axis',(-1.71735029252446E-15,-0.948070352335985,0.318060697071364));
#4742=DIRECTION('',(8.90189742637493E-17,0.948070352335985,-0.318060697071364));
#4743=DIRECTION('center_axis',(0.,-0.318060697071364,-0.948070352335985));
#4744=DIRECTION('ref_axis',(2.54832624052017E-15,0.948070352335985,-0.318060697071364));
#4745=DIRECTION('center_axis',(1.,0.,2.96059473233375E-16));
#4746=DIRECTION('ref_axis',(0.,-0.707106781186541,0.707106781186554));
#4747=DIRECTION('center_axis',(-1.,9.86076131526267E-30,-2.22044604925031E-15));
#4748=DIRECTION('ref_axis',(0.,-1.,-4.44089209850064E-15));
#4749=DIRECTION('center_axis',(2.96059473233375E-16,0.,-1.));
#4750=DIRECTION('ref_axis',(1.,0.,3.22973970800046E-16));
#4751=DIRECTION('center_axis',(-2.96059473233375E-16,0.,1.));
#4752=DIRECTION('ref_axis',(1.48029736616687E-17,1.,0.));
#4753=DIRECTION('center_axis',(-1.47546694461071E-16,0.332245619097314,
0.94319290104975));
#4754=DIRECTION('ref_axis',(0.,-0.94319290104975,0.332245619097314));
#4755=DIRECTION('center_axis',(-8.42055627302316E-15,0.948070352335985,
-0.318060697071362));
#4756=DIRECTION('ref_axis',(0.,0.318060697071362,0.948070352335985));
#4757=DIRECTION('center_axis',(0.,-0.318060697071364,-0.948070352335985));
#4758=DIRECTION('ref_axis',(0.,-0.948070352335985,0.318060697071364));
#4759=DIRECTION('center_axis',(0.,-0.948070352335985,0.318060697071364));
#4760=DIRECTION('ref_axis',(0.707106781186545,0.224902875728089,0.670386975178695));
#4761=DIRECTION('center_axis',(0.,0.948070352335982,-0.318060697071373));
#4762=DIRECTION('ref_axis',(0.,0.318060697071373,0.948070352335982));
#4763=DIRECTION('',(0.,0.948070352335985,-0.318060697071364));
#4764=DIRECTION('',(0.,-0.948070352335985,0.318060697071364));
#4765=DIRECTION('center_axis',(0.,0.332245619097314,0.94319290104975));
#4766=DIRECTION('ref_axis',(0.,0.94319290104975,-0.332245619097314));
#4767=DIRECTION('center_axis',(0.,-0.318060697071364,-0.948070352335985));
#4768=DIRECTION('ref_axis',(0.,0.948070352335985,-0.318060697071364));
#4769=DIRECTION('center_axis',(0.,-0.318060697071364,-0.948070352335985));
#4770=DIRECTION('ref_axis',(-1.6142551273918E-16,0.948070352335985,-0.318060697071364));
#4771=DIRECTION('center_axis',(0.,0.318060697071364,0.948070352335985));
#4772=DIRECTION('ref_axis',(2.54832624052017E-15,0.948070352335985,-0.318060697071364));
#4773=DIRECTION('',(-8.90189742637493E-17,-0.948070352335985,0.318060697071364));
#4774=DIRECTION('center_axis',(0.,0.318060697071364,0.948070352335985));
#4775=DIRECTION('ref_axis',(-1.71735029252446E-15,-0.948070352335985,0.318060697071364));
#4776=DIRECTION('',(1.,-8.67125308685505E-33,-3.66111114101209E-17));
#4777=DIRECTION('center_axis',(-3.66111114101209E-17,0.,-1.));
#4778=DIRECTION('ref_axis',(1.,-8.67125308685505E-33,-3.66111114101209E-17));
#4779=DIRECTION('center_axis',(3.66111114101209E-17,0.,1.));
#4780=DIRECTION('ref_axis',(-0.273861278752582,-0.961769203083567,1.0026365787329E-17));
#4781=DIRECTION('',(1.,-8.67125308685505E-33,-3.66111114101209E-17));
#4782=DIRECTION('',(-1.,0.,0.));
#4783=DIRECTION('center_axis',(0.,1.,-2.368475785867E-16));
#4784=DIRECTION('ref_axis',(0.,2.368475785867E-16,1.));
#4785=DIRECTION('',(0.,2.368475785867E-16,1.));
#4786=DIRECTION('center_axis',(0.,2.368475785867E-16,1.));
#4787=DIRECTION('ref_axis',(-0.707106781186547,-0.707106781186547,3.14018491736755E-16));
#4788=DIRECTION('',(0.,-2.368475785867E-16,-1.));
#4789=DIRECTION('center_axis',(2.96059473233375E-16,0.,-1.));
#4790=DIRECTION('ref_axis',(1.,0.,3.5527136788005E-16));
#4791=DIRECTION('center_axis',(2.96059473233375E-16,0.,-1.));
#4792=DIRECTION('ref_axis',(-0.273861278752583,0.961769203083567,-8.32667268468868E-17));
#4793=DIRECTION('center_axis',(1.16286926930324E-16,0.303658920997609,0.952780803594703));
#4794=DIRECTION('ref_axis',(-1.69247869691472E-15,-0.952780803594703,0.303658920997609));
#4795=DIRECTION('center_axis',(-9.83302950949094E-15,0.948070352335982,
-0.318060697071371));
#4796=DIRECTION('ref_axis',(0.,-0.318060697071371,-0.948070352335982));
#4797=DIRECTION('center_axis',(-3.66111114101209E-17,0.,-1.));
#4798=DIRECTION('ref_axis',(1.,0.,0.));
#4799=DIRECTION('center_axis',(1.,0.,0.));
#4800=DIRECTION('ref_axis',(0.,0.,1.));
#4801=DIRECTION('center_axis',(-1.,8.67125308685505E-33,3.66111114101209E-17));
#4802=DIRECTION('ref_axis',(0.,-0.707106781186551,0.707106781186544));
#4803=DIRECTION('center_axis',(1.,0.,-2.22044604925032E-15));
#4804=DIRECTION('ref_axis',(2.22044604925032E-15,0.,1.));
#4805=DIRECTION('center_axis',(0.,0.,1.));
#4806=DIRECTION('ref_axis',(-1.,0.,0.));
#4807=DIRECTION('center_axis',(0.,0.,1.));
#4808=DIRECTION('ref_axis',(-0.273861278752582,-0.961769203083568,0.));
#4809=DIRECTION('center_axis',(-1.74430390395486E-16,-0.303658920997609,
-0.952780803594703));
#4810=DIRECTION('ref_axis',(2.75027788248642E-15,0.952780803594703,-0.303658920997609));
#4811=DIRECTION('center_axis',(1.41247323646783E-15,-0.948070352335983,
0.318060697071369));
#4812=DIRECTION('ref_axis',(0.,0.318060697071369,0.948070352335983));
#4813=DIRECTION('center_axis',(8.90189742637493E-17,0.948070352335985,-0.318060697071364));
#4814=DIRECTION('ref_axis',(-0.707106781186544,0.224902875728078,0.670386975178699));
#4815=DIRECTION('center_axis',(0.,-0.948070352335987,0.318060697071357));
#4816=DIRECTION('ref_axis',(0.,0.318060697071357,0.948070352335987));
#4817=DIRECTION('center_axis',(-8.90189742637493E-17,-0.948070352335985,
0.318060697071364));
#4818=DIRECTION('ref_axis',(-0.707106781186549,-0.224902875728088,-0.67038697517869));
#4819=DIRECTION('center_axis',(7.06236618233889E-16,0.948070352335987,-0.318060697071357));
#4820=DIRECTION('ref_axis',(0.,-0.318060697071357,-0.948070352335987));
#4821=DIRECTION('center_axis',(0.58260336461861,0.770550452859545,-0.258505936359353));
#4822=DIRECTION('ref_axis',(0.,-0.318060697071357,-0.948070352335987));
#4823=DIRECTION('center_axis',(1.5760512559731E-17,0.303658920997609,0.952780803594703));
#4824=DIRECTION('ref_axis',(2.75027788248642E-15,0.952780803594703,-0.303658920997609));
#4825=DIRECTION('center_axis',(0.,1.,0.));
#4826=DIRECTION('ref_axis',(0.,0.,-1.));
#4827=DIRECTION('center_axis',(0.811308422854807,0.,-0.584618373817352));
#4828=DIRECTION('ref_axis',(0.,-1.,0.));
#4829=DIRECTION('center_axis',(-0.975288994936776,2.03297651786613E-16,
0.220932968013407));
#4830=DIRECTION('ref_axis',(-0.191333562833104,0.500000000000006,-0.844625045646638));
#4831=DIRECTION('center_axis',(0.,-1.,0.));
#4832=DIRECTION('ref_axis',(0.400609306120624,0.,0.916248974815007));
#4833=DIRECTION('center_axis',(0.,-1.,0.));
#4834=DIRECTION('ref_axis',(0.,0.,1.));
#4835=DIRECTION('center_axis',(-0.980075734313708,0.,0.198624155150993));
#4836=DIRECTION('ref_axis',(-0.172013564165981,0.500000000000008,-0.848770483548355));
#4837=DIRECTION('center_axis',(0.,-1.,0.));
#4838=DIRECTION('ref_axis',(0.198624155150995,0.,0.980075734313708));
#4839=DIRECTION('center_axis',(-0.980075734313708,-1.83764258579461E-16,
0.198624155150995));
#4840=DIRECTION('ref_axis',(0.,1.,9.25185853854295E-16));
#4841=DIRECTION('center_axis',(0.,-1.,0.));
#4842=DIRECTION('ref_axis',(0.,0.,1.));
#4843=DIRECTION('center_axis',(0.811308422854809,1.36876206276417E-15,-0.58461837381735));
#4844=DIRECTION('ref_axis',(-0.58461837381735,0.,-0.811308422854809));
#4845=DIRECTION('center_axis',(-2.79880460187057E-16,0.,1.));
#4846=DIRECTION('ref_axis',(-0.707106781186548,0.707106781186547,-1.57009245868377E-16));
#4847=DIRECTION('center_axis',(2.79880460187057E-16,-2.368475785867E-16,
-1.));
#4848=DIRECTION('ref_axis',(-0.707106781186547,-0.707106781186548,0.));
#4849=DIRECTION('center_axis',(-1.,0.,0.));
#4850=DIRECTION('ref_axis',(0.,0.,1.));
#4851=DIRECTION('',(0.,0.,1.));
#4852=DIRECTION('center_axis',(0.,0.,-1.));
#4853=DIRECTION('ref_axis',(-0.707106781186547,0.707106781186547,0.));
#4854=CARTESIAN_POINT('',(0.,0.,0.));
#4855=CARTESIAN_POINT('Origin',(7.,25.5,25.8386073573896));
#4856=CARTESIAN_POINT('',(4.,25.5,25.8386073573896));
#4857=CARTESIAN_POINT('Origin',(7.,25.5,25.8386073573896));
#4858=CARTESIAN_POINT('',(4.,29.,25.8386073573896));
#4859=CARTESIAN_POINT('',(4.,25.5,25.8386073573896));
#4860=CARTESIAN_POINT('Origin',(7.,29.,25.8386073573896));
#4861=CARTESIAN_POINT('Origin',(7.,29.,25.8386073573896));
#4862=CARTESIAN_POINT('',(5.85,29.,25.8386073573896));
#4863=CARTESIAN_POINT('Origin',(7.,29.,25.8386073573896));
#4864=CARTESIAN_POINT('Origin',(7.,25.5,25.8386073573896));
#4865=CARTESIAN_POINT('',(5.85,30.,25.8386073573896));
#4866=CARTESIAN_POINT('',(5.85,25.5,25.8386073573896));
#4867=CARTESIAN_POINT('Origin',(7.,30.,25.8386073573896));
#4868=CARTESIAN_POINT('Origin',(2.,27.,30.8386073573896));
#4869=CARTESIAN_POINT('',(2.,27.,28.3386073573897));
#4870=CARTESIAN_POINT('',(2.,29.5,30.8386073573896));
#4871=CARTESIAN_POINT('Origin',(2.,29.5,28.3386073573897));
#4872=CARTESIAN_POINT('',(2.,30.,30.8386073573896));
#4873=CARTESIAN_POINT('',(2.,28.5,30.8386073573897));
#4874=CARTESIAN_POINT('',(2.,30.,25.8386073573896));
#4875=CARTESIAN_POINT('',(2.,30.,28.3386073573896));
#4876=CARTESIAN_POINT('',(2.,27.,25.8386073573896));
#4877=CARTESIAN_POINT('',(2.,27.,25.8386073573896));
#4878=CARTESIAN_POINT('',(2.,27.,24.0886073573897));
#4879=CARTESIAN_POINT('Origin',(12.,27.,25.8386073573896));
#4880=CARTESIAN_POINT('',(12.,29.5,30.8386073573897));
#4881=CARTESIAN_POINT('',(12.,27.,28.3386073573897));
#4882=CARTESIAN_POINT('Origin',(12.,29.5,28.3386073573897));
#4883=CARTESIAN_POINT('',(12.,27.,25.8386073573896));
#4884=CARTESIAN_POINT('',(12.,27.,21.5886073573897));
#4885=CARTESIAN_POINT('',(12.,30.,25.8386073573896));
#4886=CARTESIAN_POINT('',(12.,27.,25.8386073573896));
#4887=CARTESIAN_POINT('',(12.,30.,30.8386073573897));
#4888=CARTESIAN_POINT('',(12.,30.,25.8386073573896));
#4889=CARTESIAN_POINT('',(12.,30.,30.8386073573897));
#4890=CARTESIAN_POINT('Origin',(7.,27.,25.8386073573896));
#4891=CARTESIAN_POINT('Origin',(7.,30.,25.8386073573896));
#4892=CARTESIAN_POINT('Origin',(7.,27.,25.8386073573896));
#4893=CARTESIAN_POINT('Origin',(-10.,18.5,39.4716016390964));
#4894=CARTESIAN_POINT('',(-10.,18.5,40.2716016390964));
#4895=CARTESIAN_POINT('Origin',(-10.,18.5,39.4716016390964));
#4896=CARTESIAN_POINT('',(-8.49999999997088,18.5,40.2716016390964));
#4897=CARTESIAN_POINT('',(-10.,18.5,40.2716016390964));
#4898=CARTESIAN_POINT('Origin',(-8.49999999997087,18.5,39.4716016390964));
#4899=CARTESIAN_POINT('Origin',(-40.6495122307728,51.,53.519611610163));
#4900=CARTESIAN_POINT('',(-40.6495122307728,51.,54.319611610163));
#4901=CARTESIAN_POINT('Origin',(-40.6495122307728,51.,53.519611610163));
#4902=CARTESIAN_POINT('',(-35.6495122307728,51.,54.319611610163));
#4903=CARTESIAN_POINT('',(-40.6495122307728,51.,54.319611610163));
#4904=CARTESIAN_POINT('Origin',(-35.6495122307728,51.,53.519611610163));
#4905=CARTESIAN_POINT('Origin',(-40.6495122307728,106.,11.0548079742758));
#4906=CARTESIAN_POINT('',(-40.6495122307728,106.,11.8548079742758));
#4907=CARTESIAN_POINT('Origin',(-40.6495122307728,106.,11.0548079742758));
#4908=CARTESIAN_POINT('',(-35.6495122307728,106.,11.8548079742758));
#4909=CARTESIAN_POINT('',(-40.6495122307728,106.,11.8548079742758));
#4910=CARTESIAN_POINT('Origin',(-35.6495122307728,106.,11.0548079742758));
#4911=CARTESIAN_POINT('Origin',(-40.6495122307728,106.,34.0548079742758));
#4912=CARTESIAN_POINT('',(-40.6495122307728,106.,34.8548079742758));
#4913=CARTESIAN_POINT('Origin',(-40.6495122307728,106.,34.0548079742758));
#4914=CARTESIAN_POINT('',(-35.6495122307728,106.,34.8548079742758));
#4915=CARTESIAN_POINT('',(-40.6495122307728,106.,34.8548079742758));
#4916=CARTESIAN_POINT('Origin',(-35.6495122307728,106.,34.0548079742758));
#4917=CARTESIAN_POINT('Origin',(-10.,19.265,5.08860735738967));
#4918=CARTESIAN_POINT('',(-9.99297256151083,22.265,5.08860735738967));
#4919=CARTESIAN_POINT('',(-10.,22.,3.85581580972235));
#4920=CARTESIAN_POINT('Ctrl Pts',(-9.99297256151083,22.265,5.08860735738967));
#4921=CARTESIAN_POINT('Ctrl Pts',(-9.99297256151083,22.265,4.79739572861621));
#4922=CARTESIAN_POINT('Ctrl Pts',(-9.99605770032922,22.2198805589942,4.48285250696437));
#4923=CARTESIAN_POINT('Ctrl Pts',(-9.99931698370089,22.0899231107519,4.07193670697841));
#4924=CARTESIAN_POINT('Ctrl Pts',(-10.,22.0478432643014,3.9619581077547));
#4925=CARTESIAN_POINT('Ctrl Pts',(-10.,22.,3.85581580972235));
#4926=CARTESIAN_POINT('',(-10.,16.265,5.08860735738967));
#4927=CARTESIAN_POINT('Origin',(-10.,19.265,5.08860735738967));
#4928=CARTESIAN_POINT('',(-8.49999999997089,16.265,5.08860735738967));
#4929=CARTESIAN_POINT('',(-10.,16.265,5.08860735738967));
#4930=CARTESIAN_POINT('',(-8.49999999997089,20.5,2.35460388262962));
#4931=CARTESIAN_POINT('Origin',(-8.49999999997089,19.265,5.08860735738967));
#4932=CARTESIAN_POINT('',(-8.1781166081798,22.265,5.08860735738967));
#4933=CARTESIAN_POINT('Ctrl Pts',(-8.49999999997089,20.5,2.35460388262962));
#4934=CARTESIAN_POINT('Ctrl Pts',(-8.49999999997089,20.8352643292087,2.50604898882472));
#4935=CARTESIAN_POINT('Ctrl Pts',(-8.4649411231683,21.1413428137283,2.7223094839987));
#4936=CARTESIAN_POINT('Ctrl Pts',(-8.37286233698414,21.6525607103723,3.23352738064266));
#4937=CARTESIAN_POINT('Ctrl Pts',(-8.30777990997863,21.8824423319652,3.56925239888376));
#4938=CARTESIAN_POINT('Ctrl Pts',(-8.20893689631289,22.1887302824911,4.30678738625433));
#4939=CARTESIAN_POINT('Ctrl Pts',(-8.1781166081798,22.265,4.70904513653959));
#4940=CARTESIAN_POINT('Ctrl Pts',(-8.1781166081798,22.265,5.08860735738967));
#4941=CARTESIAN_POINT('',(-10.,22.265,5.08860735738967));
#4942=CARTESIAN_POINT('Origin',(-10.,19.265,12.0886073573897));
#4943=CARTESIAN_POINT('',(-10.,22.,13.321398905057));
#4944=CARTESIAN_POINT('',(-9.99297256151083,22.265,12.0886073573897));
#4945=CARTESIAN_POINT('Ctrl Pts',(-10.,22.,13.321398905057));
#4946=CARTESIAN_POINT('Ctrl Pts',(-10.,22.0478432643014,13.2152566070246));
#4947=CARTESIAN_POINT('Ctrl Pts',(-9.99931698370089,22.0899231107519,13.1052780078009));
#4948=CARTESIAN_POINT('Ctrl Pts',(-9.99605770032922,22.2198805589942,12.694362207815));
#4949=CARTESIAN_POINT('Ctrl Pts',(-9.99297256151083,22.265,12.3798189861631));
#4950=CARTESIAN_POINT('Ctrl Pts',(-9.99297256151083,22.265,12.0886073573897));
#4951=CARTESIAN_POINT('',(-8.17811660817979,22.265,12.0886073573897));
#4952=CARTESIAN_POINT('',(-10.,22.265,12.0886073573897));
#4953=CARTESIAN_POINT('',(-8.49999999997089,20.5,14.8226108321497));
#4954=CARTESIAN_POINT('Ctrl Pts',(-8.17811660817979,22.265,12.0886073573897));
#4955=CARTESIAN_POINT('Ctrl Pts',(-8.17811660817979,22.265,12.4726365023246));
#4956=CARTESIAN_POINT('Ctrl Pts',(-8.20969187398779,22.1869513218434,12.8792467763938));
#4957=CARTESIAN_POINT('Ctrl Pts',(-8.31028978644357,21.8740859507147,13.6233983694206));
#4958=CARTESIAN_POINT('Ctrl Pts',(-8.37626007162122,21.6394066783273,13.961406887293));
#4959=CARTESIAN_POINT('Ctrl Pts',(-8.46662334841676,21.1265544620443,14.4653357578467));
#4960=CARTESIAN_POINT('Ctrl Pts',(-8.49999999997089,20.8272726596203,14.6747757111038));
#4961=CARTESIAN_POINT('Ctrl Pts',(-8.49999999997089,20.5,14.8226108321497));
#4962=CARTESIAN_POINT('',(-8.49999999997089,16.265,12.0886073573897));
#4963=CARTESIAN_POINT('Origin',(-8.49999999997088,19.265,12.0886073573897));
#4964=CARTESIAN_POINT('',(-10.,16.265,12.0886073573897));
#4965=CARTESIAN_POINT('',(-10.,16.265,12.0886073573897));
#4966=CARTESIAN_POINT('Origin',(-10.,19.265,12.0886073573897));
#4967=CARTESIAN_POINT('Origin',(-10.,16.265,5.08860735738967));
#4968=CARTESIAN_POINT('',(-8.49999999997088,16.265,34.7136073573751));
#4969=CARTESIAN_POINT('',(-10.,16.265,-13.0363926426103));
#4970=CARTESIAN_POINT('Origin',(-10.,22.265,12.0886073573897));
#4971=CARTESIAN_POINT('',(-9.99297256151083,22.265,-6.91139264261034));
#4972=CARTESIAN_POINT('',(-8.17811660817978,22.265,40.8386073573751));
#4973=CARTESIAN_POINT('Origin',(-10.,27.,-31.1613926426103));
#4974=CARTESIAN_POINT('',(-10.,22.,-4.17639264261036));
#4975=CARTESIAN_POINT('',(-10.,22.,-6.91139264261034));
#4976=CARTESIAN_POINT('',(-10.,22.,-18.8963926426104));
#4977=CARTESIAN_POINT('',(-10.,22.,-6.91139264261034));
#4978=CARTESIAN_POINT('',(-10.,22.,-31.1613926426103));
#4979=CARTESIAN_POINT('',(-10.,22.,-6.91139264261034));
#4980=CARTESIAN_POINT('',(-10.,19.5,-31.1613926426103));
#4981=CARTESIAN_POINT('',(-10.,27.,-31.1613926426103));
#4982=CARTESIAN_POINT('',(-10.,14.5,-31.1613926426103));
#4983=CARTESIAN_POINT('',(-10.,27.,-31.1613926426103));
#4984=CARTESIAN_POINT('',(-9.99999999999999,14.5,47.2099366920141));
#4985=CARTESIAN_POINT('',(-10.,14.5,-31.1613926426103));
#4986=CARTESIAN_POINT('',(-10.,25.,43.6873739296404));
#4987=CARTESIAN_POINT('',(-10.,44.2735217891951,37.221451057791));
#4988=CARTESIAN_POINT('',(-10.,25.,34.3386073573896));
#4989=CARTESIAN_POINT('',(-10.,25.,8.58860735738966));
#4990=CARTESIAN_POINT('',(-10.,22.,28.3386073573897));
#4991=CARTESIAN_POINT('Origin',(-10.,29.5,28.3386073573897));
#4992=CARTESIAN_POINT('',(-10.,22.,-6.91139264261034));
#4993=CARTESIAN_POINT('Origin',(-3.49999999997088,20.5,40.8386073573751));
#4994=CARTESIAN_POINT('',(-8.49999999997091,20.5,-29.6613926425812));
#4995=CARTESIAN_POINT('',(-8.49999999997088,20.5,40.8386073573751));
#4996=CARTESIAN_POINT('',(-3.4999999999709,25.5,-24.6613926425812));
#4997=CARTESIAN_POINT('Origin',(-3.4999999999709,20.5,-24.6613926425812));
#4998=CARTESIAN_POINT('',(-3.4999999999709,25.5,-18.8963926426104));
#4999=CARTESIAN_POINT('',(-3.49999999997088,25.5,40.8386073573751));
#5000=CARTESIAN_POINT('',(-8.26969600705563,22.,-18.8963926426104));
#5001=CARTESIAN_POINT('Origin',(-3.4999999999709,20.5,-18.8963926426104));
#5002=CARTESIAN_POINT('',(-8.26969600705562,22.,-4.17639264261036));
#5003=CARTESIAN_POINT('',(-8.2696960070556,22.,40.8386073573751));
#5004=CARTESIAN_POINT('',(-5.7023867579181,24.9888186161192,-4.17639264223981));
#5005=CARTESIAN_POINT('Origin',(-3.4999999999709,20.5,-4.17639264261036));
#5006=CARTESIAN_POINT('',(-3.49999999997089,25.5,2.33860735741149));
#5007=CARTESIAN_POINT('Ctrl Pts',(-5.70243164231848,24.9880509299962,-4.17667787483814));
#5008=CARTESIAN_POINT('Ctrl Pts',(-5.88229181356066,24.8996518865206,-3.99131546064432));
#5009=CARTESIAN_POINT('Ctrl Pts',(-6.20359652994268,24.7148305187111,-3.60446549186975));
#5010=CARTESIAN_POINT('Ctrl Pts',(-6.55999347419872,24.4600629605725,-2.98710378831152));
#5011=CARTESIAN_POINT('Ctrl Pts',(-6.85800478558373,24.2055223663668,-2.11751854131088));
#5012=CARTESIAN_POINT('Ctrl Pts',(-6.8562825712369,24.2112033407536,-0.977274102562818));
#5013=CARTESIAN_POINT('Ctrl Pts',(-6.26422986992576,24.7083172800443,0.303590489351631));
#5014=CARTESIAN_POINT('Ctrl Pts',(-5.16493236759196,25.2861835611004,1.43522481778457));
#5015=CARTESIAN_POINT('Ctrl Pts',(-4.09834754774707,25.5,2.0693509609163));
#5016=CARTESIAN_POINT('Ctrl Pts',(-3.4999999999709,25.5,2.33860735741149));
#5017=CARTESIAN_POINT('',(-3.49999999997087,25.5,43.5196328457178));
#5018=CARTESIAN_POINT('',(-3.49999999997088,25.5,40.8386073573751));
#5019=CARTESIAN_POINT('',(-8.49999999997087,20.5,45.1970436849434));
#5020=CARTESIAN_POINT('Origin',(-3.49999999997088,20.5,45.1970436849434));
#5021=CARTESIAN_POINT('',(-8.49999999997088,20.5,40.8386073573751));
#5022=CARTESIAN_POINT('Origin',(26.5,27.,38.9426073573897));
#5023=CARTESIAN_POINT('',(28.,27.,40.9426073573897));
#5024=CARTESIAN_POINT('',(28.,27.,36.9426073573897));
#5025=CARTESIAN_POINT('Ctrl Pts',(28.,27.,40.9426073573897));
#5026=CARTESIAN_POINT('Ctrl Pts',(28.0920558159647,27.,40.8735654954162));
#5027=CARTESIAN_POINT('Ctrl Pts',(28.178164254211,26.9974504659627,40.7989724126223));
#5028=CARTESIAN_POINT('Ctrl Pts',(28.4824999003195,26.9817783717404,40.4982632996443));
#5029=CARTESIAN_POINT('Ctrl Pts',(28.6773063433496,26.9556476937715,40.216163040944));
#5030=CARTESIAN_POINT('Ctrl Pts',(28.9360792906755,26.9133434804026,39.5969191464));
#5031=CARTESIAN_POINT('Ctrl Pts',(29.,26.8989794855664,39.2596340839606));
#5032=CARTESIAN_POINT('Ctrl Pts',(29.,26.8989794855664,38.9426073573897));
#5033=CARTESIAN_POINT('Ctrl Pts',(29.,26.8989794855664,38.6255806308188));
#5034=CARTESIAN_POINT('Ctrl Pts',(28.9360792906755,26.9133434804026,38.2882955683795));
#5035=CARTESIAN_POINT('Ctrl Pts',(28.6773063433496,26.9556476937715,37.6690516738354));
#5036=CARTESIAN_POINT('Ctrl Pts',(28.4824999003195,26.9817783717404,37.3869514151351));
#5037=CARTESIAN_POINT('Ctrl Pts',(28.1781642545591,26.9974504659447,37.0862423025011));
#5038=CARTESIAN_POINT('Ctrl Pts',(28.092055816147,27.,37.0116492194999));
#5039=CARTESIAN_POINT('Ctrl Pts',(28.,27.,36.9426073573897));
#5040=CARTESIAN_POINT('',(24.,27.,38.9426073573897));
#5041=CARTESIAN_POINT('Origin',(26.5,27.,38.9426073573897));
#5042=CARTESIAN_POINT('',(24.,25.5,38.9426073573897));
#5043=CARTESIAN_POINT('',(24.,27.,38.9426073573897));
#5044=CARTESIAN_POINT('',(26.4999999999709,25.5,36.4426073573897));
#5045=CARTESIAN_POINT('Origin',(26.5,25.5,38.9426073573897));
#5046=CARTESIAN_POINT('',(26.4999999999709,25.5,41.4426073573897));
#5047=CARTESIAN_POINT('Ctrl Pts',(26.5,25.5,36.4426073573897));
#5048=CARTESIAN_POINT('Ctrl Pts',(26.8198882527722,25.4999999999981,36.4426073573897));
#5049=CARTESIAN_POINT('Ctrl Pts',(27.1573626887228,25.4664799208727,36.507697592717));
#5050=CARTESIAN_POINT('Ctrl Pts',(27.7718518952867,25.3456621025909,36.7646946575786));
#5051=CARTESIAN_POINT('Ctrl Pts',(28.0492416745163,25.2596665251666,36.9563151259731));
#5052=CARTESIAN_POINT('Ctrl Pts',(28.4868895703279,25.0942511688594,37.3939630217849));
#5053=CARTESIAN_POINT('Ctrl Pts',(28.6780717743407,25.0029900311376,37.6711514586204));
#5054=CARTESIAN_POINT('Ctrl Pts',(28.9347139611919,24.8695635898661,38.2847608542314));
#5055=CARTESIAN_POINT('Ctrl Pts',(29.,24.8301270189054,38.6218446899884));
#5056=CARTESIAN_POINT('Ctrl Pts',(29.,24.8301270189054,39.263370024791));
#5057=CARTESIAN_POINT('Ctrl Pts',(28.9347139611919,24.8695635898661,39.600453860548));
#5058=CARTESIAN_POINT('Ctrl Pts',(28.6780717743407,25.0029900311376,40.2140632561591));
#5059=CARTESIAN_POINT('Ctrl Pts',(28.4868895703279,25.0942511688594,40.4912516929945));
#5060=CARTESIAN_POINT('Ctrl Pts',(28.0492416745163,25.2596665251666,40.9288995888063));
#5061=CARTESIAN_POINT('Ctrl Pts',(27.7718518952866,25.3456621025909,41.1205200572008));
#5062=CARTESIAN_POINT('Ctrl Pts',(27.1573626887227,25.4664799208727,41.3775171220624));
#5063=CARTESIAN_POINT('Ctrl Pts',(26.8198882527721,25.4999999999981,41.4426073573897));
#5064=CARTESIAN_POINT('Ctrl Pts',(26.5,25.5,41.4426073573897));
#5065=CARTESIAN_POINT('Origin',(26.5,25.5,38.9426073573897));
#5066=CARTESIAN_POINT('Origin',(26.5,27.,38.9426073573897));
#5067=CARTESIAN_POINT('Origin',(-0.905000000000002,27.,-18.8963926426104));
#5068=CARTESIAN_POINT('',(-5.00000000000001,27.,-18.8963926426104));
#5069=CARTESIAN_POINT('Origin',(-5.00000000000001,22.,-18.8963926426104));
#5070=CARTESIAN_POINT('',(-10.,22.,-18.8963926426104));
#5071=CARTESIAN_POINT('',(-0.905000000000002,25.5,-18.8963926426104));
#5072=CARTESIAN_POINT('',(5.2975,25.5,-18.8963926426104));
#5073=CARTESIAN_POINT('',(-0.905000000000002,27.,-18.8963926426104));
#5074=CARTESIAN_POINT('',(-0.905000000000002,27.,-18.8963926426104));
#5075=CARTESIAN_POINT('',(5.2975,27.,-18.8963926426104));
#5076=CARTESIAN_POINT('Origin',(-0.905000000000006,27.,-4.17639264261036));
#5077=CARTESIAN_POINT('',(-0.905000000000006,25.5,-6.6449631497869));
#5078=CARTESIAN_POINT('',(-0.90500000000001,25.5,6.58110735738964));
#5079=CARTESIAN_POINT('',(-0.905000000000006,23.5,-4.63392943800918));
#5080=CARTESIAN_POINT('Ctrl Pts',(-0.905000000000006,25.5,-6.6449631497869));
#5081=CARTESIAN_POINT('Ctrl Pts',(-0.905000000000006,25.5,-6.3968852834183));
#5082=CARTESIAN_POINT('Ctrl Pts',(-0.905000000000006,25.4420273555169,-6.10489117988586));
#5083=CARTESIAN_POINT('Ctrl Pts',(-0.905000000000006,25.2526522583457,-5.64630511466297));
#5084=CARTESIAN_POINT('Ctrl Pts',(-0.905000000000006,25.0877235927875,-5.39848399351775));
#5085=CARTESIAN_POINT('Ctrl Pts',(-0.905000000000006,24.7381332641213,-5.04739967998111));
#5086=CARTESIAN_POINT('Ctrl Pts',(-0.905000000000006,24.4917676295927,-4.88178406763508));
#5087=CARTESIAN_POINT('Ctrl Pts',(-0.905000000000006,24.03604337615,-4.6920125990091));
#5088=CARTESIAN_POINT('Ctrl Pts',(-0.905000000000006,23.7462760742539,-4.63392943800918));
#5089=CARTESIAN_POINT('Ctrl Pts',(-0.905000000000006,23.5,-4.63392943800918));
#5090=CARTESIAN_POINT('',(-0.905000000000006,22.,-4.63392943800918));
#5091=CARTESIAN_POINT('',(-0.905000000000006,25.5,-4.63392943800918));
#5092=CARTESIAN_POINT('',(-0.905000000000006,22.,-4.17639264261036));
#5093=CARTESIAN_POINT('',(-0.905000000000002,22.,-18.8963926426104));
#5094=CARTESIAN_POINT('',(-0.905000000000006,27.,-4.17639264261036));
#5095=CARTESIAN_POINT('',(-0.905000000000006,27.,-4.17639264261036));
#5096=CARTESIAN_POINT('',(-0.90500000000001,27.,6.58110735738964));
#5097=CARTESIAN_POINT('Origin',(-5.4525,22.,-11.5363926426104));
#5098=CARTESIAN_POINT('',(-2.13547393742605,22.,-4.17639264261036));
#5099=CARTESIAN_POINT('Origin',(-0.499999999999998,22.,-1.66139264261034));
#5100=CARTESIAN_POINT('',(-0.905000000000007,22.,-4.17639264261036));
#5101=CARTESIAN_POINT('Origin',(-10.,27.,-4.17639264261036));
#5102=CARTESIAN_POINT('',(-5.,27.,-4.17639264261036));
#5103=CARTESIAN_POINT('Origin',(-5.,22.,-4.17639264261036));
#5104=CARTESIAN_POINT('',(0.75,27.,-4.17639264261036));
#5105=CARTESIAN_POINT('',(-2.13547393742605,23.5,-4.17639264261036));
#5106=CARTESIAN_POINT('',(-2.13547393742605,25.5,-4.17639264261036));
#5107=CARTESIAN_POINT('',(-2.38624999997143,24.2445373982792,-4.17639264261036));
#5108=CARTESIAN_POINT('Ctrl Pts',(-2.13547393742605,23.5,-4.17639264261036));
#5109=CARTESIAN_POINT('Ctrl Pts',(-2.13547393742605,23.5999815377302,-4.17639264261036));
#5110=CARTESIAN_POINT('Ctrl Pts',(-2.15318854800729,23.7186444044119,-4.17639264261036));
#5111=CARTESIAN_POINT('Ctrl Pts',(-2.21210582858898,23.9240674269454,-4.17639264261036));
#5112=CARTESIAN_POINT('Ctrl Pts',(-2.2679873941661,24.0485697816297,-4.17639264261036));
#5113=CARTESIAN_POINT('Ctrl Pts',(-2.34412274695278,24.1794001838593,-4.17639264261036));
#5114=CARTESIAN_POINT('Ctrl Pts',(-2.36452177467614,24.2120342480298,-4.17639264261036));
#5115=CARTESIAN_POINT('Ctrl Pts',(-2.38624999997143,24.2445373982792,-4.17639264261036));
#5116=CARTESIAN_POINT('Ctrl Pts',(-2.38624999997143,24.2445373982792,-4.17639264261036));
#5117=CARTESIAN_POINT('Ctrl Pts',(-2.51588073484578,24.4384514062255,-4.17639264261036));
#5118=CARTESIAN_POINT('Ctrl Pts',(-2.69224507041377,24.620529751012,-4.17639264261037));
#5119=CARTESIAN_POINT('Ctrl Pts',(-3.14188502140125,24.9441610951966,-4.17639264261037));
#5120=CARTESIAN_POINT('Ctrl Pts',(-3.4047601585669,25.0700111532867,-4.17639264261037));
#5121=CARTESIAN_POINT('Ctrl Pts',(-4.0164232143557,25.2527767746029,-4.17639264261037));
#5122=CARTESIAN_POINT('Ctrl Pts',(-4.37101900549307,25.288478287362,-4.17639264261036));
#5123=CARTESIAN_POINT('Ctrl Pts',(-5.06161551815489,25.2299166822277,-4.17639264261036));
#5124=CARTESIAN_POINT('Ctrl Pts',(-5.39574961013506,25.1392665738677,-4.17639264261036));
#5125=CARTESIAN_POINT('Ctrl Pts',(-5.70238675719925,24.9888186164719,-4.17639264261036));
#5126=CARTESIAN_POINT('',(-0.905000000000007,22.,-4.17639264261036));
#5127=CARTESIAN_POINT('Origin',(-5.4525,22.,-11.5363926426104));
#5128=CARTESIAN_POINT('Origin',(26.4999999999709,20.5,-6.16139264259578));
#5129=CARTESIAN_POINT('',(26.4999999999709,25.5,2.33860735741149));
#5130=CARTESIAN_POINT('',(26.4999999999709,25.5,-6.16139264259578));
#5131=CARTESIAN_POINT('',(26.4999999999709,25.5,-5.66139264263217));
#5132=CARTESIAN_POINT('Ctrl Pts',(26.4999999999709,25.5,2.33860735741149));
#5133=CARTESIAN_POINT('Ctrl Pts',(27.0983475477471,25.5,2.0693509609163));
#5134=CARTESIAN_POINT('Ctrl Pts',(28.1649560314811,25.2858022404824,1.43523445474969));
#5135=CARTESIAN_POINT('Ctrl Pts',(29.2640890265609,24.7086993060556,0.303587282969832));
#5136=CARTESIAN_POINT('Ctrl Pts',(29.8567346016401,24.2094765430707,-0.977427742803522));
#5137=CARTESIAN_POINT('Ctrl Pts',(29.8577189259146,24.2064263431126,-2.11727305712459));
#5138=CARTESIAN_POINT('Ctrl Pts',(29.5599441985576,24.4602457899626,-2.98713585043901));
#5139=CARTESIAN_POINT('Ctrl Pts',(29.0821299677141,24.8019752584598,-3.81429171008074));
#5140=CARTESIAN_POINT('Ctrl Pts',(28.1646337881438,25.2869812653999,-4.75843862850123));
#5141=CARTESIAN_POINT('Ctrl Pts',(27.098347547747,25.5,-5.39213624613698));
#5142=CARTESIAN_POINT('Ctrl Pts',(26.4999999999709,25.5,-5.66139264263216));
#5143=CARTESIAN_POINT('',(26.4999999999709,25.5,-24.6613926425812));
#5144=CARTESIAN_POINT('',(26.4999999999709,25.5,-6.16139264259578));
#5145=CARTESIAN_POINT('',(31.4999999999709,20.5,-29.6613926425812));
#5146=CARTESIAN_POINT('Origin',(26.4999999999709,20.5,-24.6613926425812));
#5147=CARTESIAN_POINT('',(31.4999999999709,20.5,64.3386073573605));
#5148=CARTESIAN_POINT('',(31.4999999999709,20.5,-6.16139264259578));
#5149=CARTESIAN_POINT('',(26.4999999999709,25.5,64.3386073573605));
#5150=CARTESIAN_POINT('Origin',(26.4999999999709,20.5,64.3386073573605));
#5151=CARTESIAN_POINT('',(26.4999999999709,25.5,-6.16139264259578));
#5152=CARTESIAN_POINT('Origin',(11.5,27.,17.3386073573897));
#5153=CARTESIAN_POINT('',(22.5,27.,39.2033210318234));
#5154=CARTESIAN_POINT('Ctrl Pts',(12.,27.,28.3386073573897));
#5155=CARTESIAN_POINT('Ctrl Pts',(13.5885304204863,27.,28.3386073573897));
#5156=CARTESIAN_POINT('Ctrl Pts',(16.7932294809824,27.,29.1093262880122));
#5157=CARTESIAN_POINT('Ctrl Pts',(20.2360691633342,27.,32.0222871238524));
#5158=CARTESIAN_POINT('Ctrl Pts',(22.113697320482,27.,35.6060115420432));
#5159=CARTESIAN_POINT('Ctrl Pts',(22.5,27.,38.0123979145131));
#5160=CARTESIAN_POINT('Ctrl Pts',(22.5,27.,39.2033210318234));
#5161=CARTESIAN_POINT('',(22.5,27.,63.7474289387814));
#5162=CARTESIAN_POINT('',(22.5,27.,34.9215898594717));
#5163=CARTESIAN_POINT('',(22.0063174630851,27.,65.8386073573896));
#5164=CARTESIAN_POINT('Ctrl Pts',(22.5,27.,63.7474289387814));
#5165=CARTESIAN_POINT('Ctrl Pts',(22.5,27.,64.4704726865863));
#5166=CARTESIAN_POINT('Ctrl Pts',(22.328351670267,27.,65.1962087455912));
#5167=CARTESIAN_POINT('Ctrl Pts',(22.0063174630851,27.,65.8386073573896));
#5168=CARTESIAN_POINT('',(28.,27.,65.8386073573896));
#5169=CARTESIAN_POINT('',(-9.99999999999999,27.,65.8386073573896));
#5170=CARTESIAN_POINT('',(28.,27.,41.5886073573897));
#5171=CARTESIAN_POINT('',(28.,27.,-26.1613926426103));
#5172=CARTESIAN_POINT('',(28.,27.,41.5886073573897));
#5173=CARTESIAN_POINT('',(-5.00000000000001,27.,-26.1613926426103));
#5174=CARTESIAN_POINT('',(22.25,27.,-26.1613926426103));
#5175=CARTESIAN_POINT('',(-5.,27.,-6.91139264261034));
#5176=CARTESIAN_POINT('',(-5.00000000000001,27.,28.3386073573897));
#5177=CARTESIAN_POINT('',(-5.,27.,-6.91139264261034));
#5178=CARTESIAN_POINT('',(12.,27.,28.3386073573897));
#5179=CARTESIAN_POINT('Origin',(-5.,22.,-6.91139264261034));
#5180=CARTESIAN_POINT('Origin',(-5.00000000000001,22.,-26.1613926426103));
#5181=CARTESIAN_POINT('Origin',(-0.499999999999998,25.5,-1.66139264261034));
#5182=CARTESIAN_POINT('',(-3.5,17.5,-1.66139264261034));
#5183=CARTESIAN_POINT('Origin',(-0.499999999999998,17.5,-1.66139264261034));
#5184=CARTESIAN_POINT('',(-3.49982514392601,22.7368211566257,-1.66141401321192));
#5185=CARTESIAN_POINT('',(-3.5,25.5,-1.66139264261034));
#5186=CARTESIAN_POINT('',(-2.29999999998254,23.5,-4.06139264262344));
#5187=CARTESIAN_POINT('Ctrl Pts',(-3.49971798803235,22.7372827224339,-1.66142710961663));
#5188=CARTESIAN_POINT('Ctrl Pts',(-3.49977648973522,22.7369487973924,-1.79610166028092));
#5189=CARTESIAN_POINT('Ctrl Pts',(-3.48206136920673,22.7614935631034,-2.06550273758849));
#5190=CARTESIAN_POINT('Ctrl Pts',(-3.40159765070454,22.8760377763435,-2.45681933003108));
#5191=CARTESIAN_POINT('Ctrl Pts',(-3.22965861879319,23.0808865552811,-2.95321609287147));
#5192=CARTESIAN_POINT('Ctrl Pts',(-2.89917193399419,23.3721456892975,-3.51961596324255));
#5193=CARTESIAN_POINT('Ctrl Pts',(-2.51540511718196,23.5,-3.89983880472631));
#5194=CARTESIAN_POINT('Ctrl Pts',(-2.29999999998253,23.5,-4.06139264262343));
#5195=CARTESIAN_POINT('Origin',(-0.499999999999998,23.5,-1.66139264261034));
#5196=CARTESIAN_POINT('',(-2.29999999998254,23.5,0.738607357402762));
#5197=CARTESIAN_POINT('Origin',(-0.499999999999998,23.5,-1.66139264261034));
#5198=CARTESIAN_POINT('Ctrl Pts',(-2.29999999998254,23.5,0.738607357402767));
#5199=CARTESIAN_POINT('Ctrl Pts',(-2.51540511718199,23.5,0.577053519505629));
#5200=CARTESIAN_POINT('Ctrl Pts',(-2.89937565232611,23.3717101366602,0.196577833626615));
#5201=CARTESIAN_POINT('Ctrl Pts',(-3.2951227531663,23.0249903680266,-0.48240276343318));
#5202=CARTESIAN_POINT('Ctrl Pts',(-3.47273768355604,22.7764346298652,-1.12283188634677));
#5203=CARTESIAN_POINT('Ctrl Pts',(-3.49965948922789,22.7376166309314,-1.52675923128356));
#5204=CARTESIAN_POINT('Ctrl Pts',(-3.49971798803235,22.7372827224339,-1.66142710961663));
#5205=CARTESIAN_POINT('Origin',(-0.499999999999998,23.5,-1.66139264261034));
#5206=CARTESIAN_POINT('Origin',(-3.49999999997089,23.5,-5.66139264263217));
#5207=CARTESIAN_POINT('Origin',(-0.499999999999998,23.5,-1.66139264261034));
#5208=CARTESIAN_POINT('Origin',(-0.499999999999998,25.5,-1.66139264261034));
#5209=CARTESIAN_POINT('Origin',(-3.49999999997089,23.5,2.33860735741149));
#5210=CARTESIAN_POINT('Origin',(-12.,25.,8.58860735738966));
#5211=CARTESIAN_POINT('',(-11.7792184391386,26.9877765222438,43.0205103527664));
#5212=CARTESIAN_POINT('Origin',(-12.,25.,43.6873739296403));
#5213=CARTESIAN_POINT('',(-12.,27.,43.0569459041244));
#5214=CARTESIAN_POINT('Origin',(-12.,25.,37.0953771779937));
#5215=CARTESIAN_POINT('',(-12.,27.,34.3386073573896));
#5216=CARTESIAN_POINT('',(-12.,27.,8.58860735738966));
#5217=CARTESIAN_POINT('Origin',(-12.,25.,34.3386073573896));
#5218=CARTESIAN_POINT('Ctrl Pts',(-9.83203367432566,24.5942452484798,32.1541943863528));
#5219=CARTESIAN_POINT('Ctrl Pts',(-9.92848556308454,24.7448914919979,32.9386022236955));
#5220=CARTESIAN_POINT('Ctrl Pts',(-10.,24.8850798822754,33.6538749892803));
#5221=CARTESIAN_POINT('Ctrl Pts',(-10.,25.,34.3386073573896));
#5222=CARTESIAN_POINT('Ctrl Pts',(-9.76433473802622,24.9253266391373,32.1652481721966));
#5223=CARTESIAN_POINT('Ctrl Pts',(-9.88865472007131,25.0669286224947,32.9433812396084));
#5224=CARTESIAN_POINT('Ctrl Pts',(-9.98276470351504,25.1952208639801,33.6538974897522));
#5225=CARTESIAN_POINT('Ctrl Pts',(-10.,25.2991993003419,34.3386073573896));
#5226=CARTESIAN_POINT('Ctrl Pts',(-9.79864280362506,25.6216127012072,32.1596464001367));
#5227=CARTESIAN_POINT('Ctrl Pts',(-9.96680635812435,25.7288318686329,32.9314956307279));
#5228=CARTESIAN_POINT('Ctrl Pts',(-10.0953409693682,25.8224336257286,33.643407383581));
#5229=CARTESIAN_POINT('Ctrl Pts',(-10.1367348871944,25.896739459779,34.3386073573896));
#5230=CARTESIAN_POINT('Ctrl Pts',(-10.4351234903952,26.6614072718207,32.0557227406247));
#5231=CARTESIAN_POINT('Ctrl Pts',(-10.6216205912998,26.6922159384668,32.840677917337));
#5232=CARTESIAN_POINT('Ctrl Pts',(-10.7627022736823,26.7176778711437,33.5921396599007));
#5233=CARTESIAN_POINT('Ctrl Pts',(-10.8060054904468,26.7376380861616,34.3386073573896));
#5234=CARTESIAN_POINT('Ctrl Pts',(-11.2643063416688,27.,31.920334946305));
#5235=CARTESIAN_POINT('Ctrl Pts',(-11.4192269822083,26.9993668539337,32.731407213259));
#5236=CARTESIAN_POINT('Ctrl Pts',(-11.5346852183697,27.0003289150533,33.5350729915808));
#5237=CARTESIAN_POINT('Ctrl Pts',(-11.5512010494872,27.,34.3386073573896));
#5238=CARTESIAN_POINT('Ctrl Pts',(-11.7648471440559,27.,31.8386073573924));
#5239=CARTESIAN_POINT('Ctrl Pts',(-11.8998797883183,27.,32.6656150913397));
#5240=CARTESIAN_POINT('Ctrl Pts',(-12.,27.,33.5006481656474));
#5241=CARTESIAN_POINT('Ctrl Pts',(-12.,27.,34.3386073573896));
#5242=CARTESIAN_POINT('',(-11.7648471440559,27.,31.838607357391));
#5243=CARTESIAN_POINT('Ctrl Pts',(-11.7648471440559,27.,31.8386073573924));
#5244=CARTESIAN_POINT('Ctrl Pts',(-11.8998797883183,27.,32.6656150913397));
#5245=CARTESIAN_POINT('Ctrl Pts',(-12.,27.,33.5006481656474));
#5246=CARTESIAN_POINT('Ctrl Pts',(-12.,27.,34.3386073573896));
#5247=CARTESIAN_POINT('',(-9.83203367432566,24.5942452484798,32.1541943863528));
#5248=CARTESIAN_POINT('Origin',(-11.7648471440559,25.,31.8386073573924));
#5249=CARTESIAN_POINT('Ctrl Pts',(-10.,25.,34.3386073573896));
#5250=CARTESIAN_POINT('Ctrl Pts',(-10.,24.8850798822754,33.6538749892803));
#5251=CARTESIAN_POINT('Ctrl Pts',(-9.92848556308454,24.7448914919979,32.9386022236955));
#5252=CARTESIAN_POINT('Ctrl Pts',(-9.83203367432566,24.5942452484798,32.1541943863528));
#5253=CARTESIAN_POINT('Ctrl Pts',(-11.7648471440559,27.,31.8386073573906));
#5254=CARTESIAN_POINT('Ctrl Pts',(-11.6982674022957,26.9999999999999,31.7026847645964));
#5255=CARTESIAN_POINT('Ctrl Pts',(-11.5159338256283,27.0565152303545,31.4336256433544));
#5256=CARTESIAN_POINT('Ctrl Pts',(-10.9799153715817,27.3042501997941,31.0770643420225));
#5257=CARTESIAN_POINT('Ctrl Pts',(-10.0636056024025,27.6661314686487,30.8676188040501));
#5258=CARTESIAN_POINT('Ctrl Pts',(-9.19585633262794,27.8982565299269,30.8386073573897));
#5259=CARTESIAN_POINT('Ctrl Pts',(-8.73725600558256,28.,30.8386073573897));
#5260=CARTESIAN_POINT('Ctrl Pts',(-11.4311532757978,27.,31.8930924166656));
#5261=CARTESIAN_POINT('Ctrl Pts',(-11.3637334908689,26.9926049499909,31.7710584496272));
#5262=CARTESIAN_POINT('Ctrl Pts',(-11.1835237748611,27.0227721905397,31.5344412013627));
#5263=CARTESIAN_POINT('Ctrl Pts',(-10.6805241581642,27.1790507971234,31.2061687663617));
#5264=CARTESIAN_POINT('Ctrl Pts',(-9.83936274913482,27.4457143380521,30.9479445143219));
#5265=CARTESIAN_POINT('Ctrl Pts',(-9.03173754722587,27.6758880818074,30.8596481458266));
#5266=CARTESIAN_POINT('Ctrl Pts',(-8.60004602078473,27.7938457578426,30.8386073573897));
#5267=CARTESIAN_POINT('Ctrl Pts',(-10.7652142120334,26.824701612048,32.0018259979932));
#5268=CARTESIAN_POINT('Ctrl Pts',(-10.6961510631311,26.7992723038477,31.8835110107082));
#5269=CARTESIAN_POINT('Ctrl Pts',(-10.5201854056639,26.7812931956656,31.6611412943075));
#5270=CARTESIAN_POINT('Ctrl Pts',(-10.083016468481,26.8053615998897,31.3244833966924));
#5271=CARTESIAN_POINT('Ctrl Pts',(-9.3915484187696,26.9607258042336,30.9585037478589));
#5272=CARTESIAN_POINT('Ctrl Pts',(-8.70379968739097,27.2220536254668,30.7867085714866));
#5273=CARTESIAN_POINT('Ctrl Pts',(-8.32582570835575,27.3818372529493,30.7454007229325));
#5274=CARTESIAN_POINT('Ctrl Pts',(-9.88947326240605,25.9822535289793,32.1448157322647));
#5275=CARTESIAN_POINT('Ctrl Pts',(-9.82338473530375,25.9232333211473,31.947427269011));
#5276=CARTESIAN_POINT('Ctrl Pts',(-9.66193739412028,25.8616605820264,31.5662958684256));
#5277=CARTESIAN_POINT('Ctrl Pts',(-9.30300980576177,25.8884673298078,30.9955688250591));
#5278=CARTESIAN_POINT('Ctrl Pts',(-8.77147735691469,26.1416750617553,30.4569313479657));
#5279=CARTESIAN_POINT('Ctrl Pts',(-8.22227773174694,26.5243220140742,30.2810180710568));
#5280=CARTESIAN_POINT('Ctrl Pts',(-7.9108311777813,26.7583193429655,30.2793545058635));
#5281=CARTESIAN_POINT('Ctrl Pts',(-9.73048526987642,25.0908673344661,32.1707750651181));
#5282=CARTESIAN_POINT('Ctrl Pts',(-9.67470398912747,25.0170435955359,31.8572053203931));
#5283=CARTESIAN_POINT('Ctrl Pts',(-9.53144997371625,24.9774704420509,31.234532131518));
#5284=CARTESIAN_POINT('Ctrl Pts',(-9.17095283025834,25.2118005249244,30.3548729923301));
#5285=CARTESIAN_POINT('Ctrl Pts',(-8.59705301644819,25.7443735662687,29.7313555305516));
#5286=CARTESIAN_POINT('Ctrl Pts',(-8.03296626740488,26.2171245693037,29.6548422665102));
#5287=CARTESIAN_POINT('Ctrl Pts',(-7.72450080252892,26.478363060209,29.73131770403));
#5288=CARTESIAN_POINT('Ctrl Pts',(-9.83203367432566,24.5942452484798,32.1541943863528));
#5289=CARTESIAN_POINT('Ctrl Pts',(-9.78447671592551,24.5199670023162,31.7674310852983));
#5290=CARTESIAN_POINT('Ctrl Pts',(-9.65423844687735,24.5138823478004,30.9934432136598));
#5291=CARTESIAN_POINT('Ctrl Pts',(-9.27136812255825,24.9110586366046,29.9272836175564));
#5292=CARTESIAN_POINT('Ctrl Pts',(-8.61686114457313,25.6300705835889,29.2636097144391));
#5293=CARTESIAN_POINT('Ctrl Pts',(-7.99704023759113,26.1362902122735,29.2492810021834));
#5294=CARTESIAN_POINT('Ctrl Pts',(-7.66946857541612,26.3956786470346,29.3733811417114));
#5295=CARTESIAN_POINT('',(-7.66946857541612,26.3956786470346,29.3733811417114));
#5296=CARTESIAN_POINT('',(-8.73725600558256,28.,30.8386073573897));
#5297=CARTESIAN_POINT('Origin',(-8.73725600558256,28.,28.8386073573897));
#5298=CARTESIAN_POINT('Ctrl Pts',(-9.83203367432566,24.5942452484798,32.1541943863528));
#5299=CARTESIAN_POINT('Ctrl Pts',(-9.78447671592551,24.5199670023162,31.7674310852983));
#5300=CARTESIAN_POINT('Ctrl Pts',(-9.65423844687735,24.5138823478004,30.9934432136598));
#5301=CARTESIAN_POINT('Ctrl Pts',(-9.27136812255825,24.9110586366046,29.9272836175564));
#5302=CARTESIAN_POINT('Ctrl Pts',(-8.61686114457313,25.6300705835889,29.2636097144391));
#5303=CARTESIAN_POINT('Ctrl Pts',(-7.99704023759113,26.1362902122735,29.2492810021834));
#5304=CARTESIAN_POINT('Ctrl Pts',(-7.66946857541612,26.3956786470346,29.3733811417114));
#5305=CARTESIAN_POINT('Ctrl Pts',(-8.73725600558256,28.,30.8386073573897));
#5306=CARTESIAN_POINT('Ctrl Pts',(-9.19585633262794,27.8982565299269,30.8386073573897));
#5307=CARTESIAN_POINT('Ctrl Pts',(-10.0636056024025,27.6661314686487,30.8676188040501));
#5308=CARTESIAN_POINT('Ctrl Pts',(-10.9799153715817,27.3042501997941,31.0770643420225));
#5309=CARTESIAN_POINT('Ctrl Pts',(-11.5159338256283,27.0565152303545,31.4336256433544));
#5310=CARTESIAN_POINT('Ctrl Pts',(-11.6982674022957,26.9999999999999,31.7026847645964));
#5311=CARTESIAN_POINT('Ctrl Pts',(-11.7648471440559,27.,31.8386073573906));
#5312=CARTESIAN_POINT('Ctrl Pts',(-5.00000000000001,29.5,30.8386073573897));
#5313=CARTESIAN_POINT('Ctrl Pts',(-5.00272167500641,29.4949082123017,30.8386073573897));
#5314=CARTESIAN_POINT('Ctrl Pts',(-5.00544335036694,29.4898168403611,30.8385934982054));
#5315=CARTESIAN_POINT('Ctrl Pts',(-5.19360679256764,29.1377656810821,30.8368023956156));
#5316=CARTESIAN_POINT('Ctrl Pts',(-5.47225458079523,28.6224937965891,30.7338598293239));
#5317=CARTESIAN_POINT('Ctrl Pts',(-5.84101474603433,28.069580023337,30.485425033145));
#5318=CARTESIAN_POINT('Ctrl Pts',(-6.11529457453779,27.7224389907079,30.2794239923765));
#5319=CARTESIAN_POINT('Ctrl Pts',(-6.38650820155157,27.4344537022245,30.0764246122592));
#5320=CARTESIAN_POINT('Ctrl Pts',(-6.74297536588672,27.1089743925973,29.8284424319766));
#5321=CARTESIAN_POINT('Ctrl Pts',(-7.17859177886567,26.7718554973615,29.5762480573676));
#5322=CARTESIAN_POINT('Ctrl Pts',(-7.50967506020268,26.5222115391687,29.433918727295));
#5323=CARTESIAN_POINT('Ctrl Pts',(-7.66946857541612,26.3956786470346,29.3733811417114));
#5324=CARTESIAN_POINT('Ctrl Pts',(-5.00000000000001,29.5,30.8386073573897));
#5325=CARTESIAN_POINT('Ctrl Pts',(-5.00292953305759,29.4956905468961,30.838600349199));
#5326=CARTESIAN_POINT('Ctrl Pts',(-5.00585734551248,29.4913590130017,30.8386089843331));
#5327=CARTESIAN_POINT('Ctrl Pts',(-5.20842083424019,29.1937811436581,30.8366208846818));
#5328=CARTESIAN_POINT('Ctrl Pts',(-5.50799359577552,28.7542464141964,30.7742850686138));
#5329=CARTESIAN_POINT('Ctrl Pts',(-5.89770838536821,28.254730149804,30.6161541075927));
#5330=CARTESIAN_POINT('Ctrl Pts',(-6.1836118129418,27.9245000667161,30.4823926291348));
#5331=CARTESIAN_POINT('Ctrl Pts',(-6.46241070838164,27.6357178340528,30.347173281516));
#5332=CARTESIAN_POINT('Ctrl Pts',(-6.82424820966589,27.2937578154656,30.1780314053823));
#5333=CARTESIAN_POINT('Ctrl Pts',(-7.25938933629566,26.9216025533584,29.9998316545958));
#5334=CARTESIAN_POINT('Ctrl Pts',(-7.5858229426512,26.6448015302168,29.8953995995722));
#5335=CARTESIAN_POINT('Ctrl Pts',(-7.74284487823319,26.5059245312671,29.8506298914695));
#5336=CARTESIAN_POINT('Ctrl Pts',(-5.00000000000001,29.5,30.8386073573896));
#5337=CARTESIAN_POINT('Ctrl Pts',(-5.00329231559013,29.4970435907993,30.8386047532581));
#5338=CARTESIAN_POINT('Ctrl Pts',(-5.00658328031753,29.4940814478321,30.838609173443));
#5339=CARTESIAN_POINT('Ctrl Pts',(-5.23422184593253,29.2897808797727,30.8380261963116));
#5340=CARTESIAN_POINT('Ctrl Pts',(-5.57093959542847,28.9877053620912,30.8238650989741));
#5341=CARTESIAN_POINT('Ctrl Pts',(-6.00785209085903,28.6149426049668,30.7865082451046));
#5342=CARTESIAN_POINT('Ctrl Pts',(-6.32756340720244,28.3515588749922,30.754301290308));
#5343=CARTESIAN_POINT('Ctrl Pts',(-6.63828627759473,28.1036084231226,30.7209784706967));
#5344=CARTESIAN_POINT('Ctrl Pts',(-7.04008166854217,27.7891970705909,30.6783361969098));
#5345=CARTESIAN_POINT('Ctrl Pts',(-7.52053270914359,27.4152840499917,30.6318323498824));
#5346=CARTESIAN_POINT('Ctrl Pts',(-7.87877975988212,27.1191116522202,30.6035399629643));
#5347=CARTESIAN_POINT('Ctrl Pts',(-8.05077945733083,26.9685877979491,30.5912916758798));
#5348=CARTESIAN_POINT('Ctrl Pts',(-5.00000000000001,29.5,30.8386073573897));
#5349=CARTESIAN_POINT('Ctrl Pts',(-5.0036549744402,29.4983989656756,30.8386073573897));
#5350=CARTESIAN_POINT('Ctrl Pts',(-5.00730941117272,29.4968005720516,30.8386073573897));
#5351=CARTESIAN_POINT('Ctrl Pts',(-5.26000610861225,29.3860668535807,30.8386073573896));
#5352=CARTESIAN_POINT('Ctrl Pts',(-5.63408930026381,29.2225644437318,30.8386073573897));
#5353=CARTESIAN_POINT('Ctrl Pts',(-6.12655208592011,29.0038481982785,30.8386073573897));
#5354=CARTESIAN_POINT('Ctrl Pts',(-6.49126351527216,28.8382008956817,30.8386073573897));
#5355=CARTESIAN_POINT('Ctrl Pts',(-6.85027933525245,28.6688856142508,30.8386073573897));
#5356=CARTESIAN_POINT('Ctrl Pts',(-7.3201748192901,28.4353444193611,30.8386073573897));
#5357=CARTESIAN_POINT('Ctrl Pts',(-7.89125225145042,28.1217305014114,30.8386073573897));
#5358=CARTESIAN_POINT('Ctrl Pts',(-8.32322230370423,27.8401431243834,30.8386073573897));
#5359=CARTESIAN_POINT('Ctrl Pts',(-8.53144102838582,27.6907686367638,30.8386073573897));
#5360=CARTESIAN_POINT('Ctrl Pts',(-5.00000000000001,29.5,30.8386073573897));
#5361=CARTESIAN_POINT('Ctrl Pts',(-5.00381034500989,29.4989816424601,30.8386073573897));
#5362=CARTESIAN_POINT('Ctrl Pts',(-5.00762069051372,29.4979632738556,30.8386073573897));
#5363=CARTESIAN_POINT('Ctrl Pts',(-5.27104950959309,29.4275590437819,30.8386073573896));
#5364=CARTESIAN_POINT('Ctrl Pts',(-5.661156413113,29.323150585208,30.8386073573897));
#5365=CARTESIAN_POINT('Ctrl Pts',(-6.17742064444747,29.1705578874013,30.8386073573897));
#5366=CARTESIAN_POINT('Ctrl Pts',(-6.56141240435251,29.046736872345,30.8386073573897));
#5367=CARTESIAN_POINT('Ctrl Pts',(-6.9411114821718,28.9111105370341,30.8386073573897));
#5368=CARTESIAN_POINT('Ctrl Pts',(-7.44016551224116,28.7121558420989,30.8386073573897));
#5369=CARTESIAN_POINT('Ctrl Pts',(-8.05002849041175,28.4242912385811,30.8386073573897));
#5370=CARTESIAN_POINT('Ctrl Pts',(-8.51354508428378,28.1488951757154,30.8386073573897));
#5371=CARTESIAN_POINT('Ctrl Pts',(-8.73725600558256,28.,30.8386073573897));
#5372=CARTESIAN_POINT('',(-5.00000000000001,29.5,30.8386073573897));
#5373=CARTESIAN_POINT('Ctrl Pts',(-5.00000000000001,29.5,30.8386073573897));
#5374=CARTESIAN_POINT('Ctrl Pts',(-5.00381034500989,29.4989816424601,30.8386073573897));
#5375=CARTESIAN_POINT('Ctrl Pts',(-5.00762069051372,29.4979632738556,30.8386073573897));
#5376=CARTESIAN_POINT('Ctrl Pts',(-5.27104950959309,29.4275590437819,30.8386073573896));
#5377=CARTESIAN_POINT('Ctrl Pts',(-5.661156413113,29.323150585208,30.8386073573897));
#5378=CARTESIAN_POINT('Ctrl Pts',(-6.17742064444747,29.1705578874013,30.8386073573897));
#5379=CARTESIAN_POINT('Ctrl Pts',(-6.56141240435251,29.046736872345,30.8386073573897));
#5380=CARTESIAN_POINT('Ctrl Pts',(-6.9411114821718,28.9111105370341,30.8386073573897));
#5381=CARTESIAN_POINT('Ctrl Pts',(-7.44016551224116,28.7121558420989,30.8386073573897));
#5382=CARTESIAN_POINT('Ctrl Pts',(-8.05002849041175,28.4242912385811,30.8386073573897));
#5383=CARTESIAN_POINT('Ctrl Pts',(-8.51354508428378,28.1488951757154,30.8386073573897));
#5384=CARTESIAN_POINT('Ctrl Pts',(-8.73725600558256,28.,30.8386073573897));
#5385=CARTESIAN_POINT('Ctrl Pts',(-7.66946857541612,26.3956786470346,29.3733811417114));
#5386=CARTESIAN_POINT('Ctrl Pts',(-7.50967506020268,26.5222115391687,29.433918727295));
#5387=CARTESIAN_POINT('Ctrl Pts',(-7.17859177886567,26.7718554973615,29.5762480573676));
#5388=CARTESIAN_POINT('Ctrl Pts',(-6.74297536588672,27.1089743925973,29.8284424319766));
#5389=CARTESIAN_POINT('Ctrl Pts',(-6.38650820155157,27.4344537022245,30.0764246122592));
#5390=CARTESIAN_POINT('Ctrl Pts',(-6.11529457453779,27.7224389907079,30.2794239923765));
#5391=CARTESIAN_POINT('Ctrl Pts',(-5.84101474603433,28.069580023337,30.485425033145));
#5392=CARTESIAN_POINT('Ctrl Pts',(-5.47225458079523,28.6224937965891,30.7338598293239));
#5393=CARTESIAN_POINT('Ctrl Pts',(-5.19360679256764,29.1377656810821,30.8368023956156));
#5394=CARTESIAN_POINT('Ctrl Pts',(-5.00544335036694,29.4898168403611,30.8385934982054));
#5395=CARTESIAN_POINT('Ctrl Pts',(-5.00272167500641,29.4949082123017,30.8386073573897));
#5396=CARTESIAN_POINT('Ctrl Pts',(-5.00000000000001,29.5,30.8386073573897));
#5397=CARTESIAN_POINT('Origin',(-5.00000000000001,29.5,28.3386073573897));
#5398=CARTESIAN_POINT('Origin',(-5.00000000000001,29.5,28.3386073573897));
#5399=CARTESIAN_POINT('Origin',(-5.00000000000001,22.,28.3386073573897));
#5400=CARTESIAN_POINT('Origin',(-12.,28.,64.8386073573897));
#5401=CARTESIAN_POINT('',(-9.99999999999999,25.1715728752538,65.8386073573896));
#5402=CARTESIAN_POINT('',(-10.7812787955243,26.9999999999999,65.8386073573897));
#5403=CARTESIAN_POINT('Ctrl Pts',(-10.7812787955243,26.9999999999999,65.8386073573896));
#5404=CARTESIAN_POINT('Ctrl Pts',(-10.6551487594536,26.8629139742593,65.8386073573896));
#5405=CARTESIAN_POINT('Ctrl Pts',(-10.5418594566435,26.7195554701638,65.8386073573897));
#5406=CARTESIAN_POINT('Ctrl Pts',(-10.3104337806313,26.370186228884,65.8386073573896));
#5407=CARTESIAN_POINT('Ctrl Pts',(-10.1815405156567,26.1075395751885,65.8386073573896));
#5408=CARTESIAN_POINT('Ctrl Pts',(-10.0423704828546,25.6609446170781,65.8386073573896));
#5409=CARTESIAN_POINT('Ctrl Pts',(-10.,25.3955422413943,65.8386073573896));
#5410=CARTESIAN_POINT('Ctrl Pts',(-10.,25.1715728752538,65.8386073573896));
#5411=CARTESIAN_POINT('',(-12.,27.845067992489,65.8265324927358));
#5412=CARTESIAN_POINT('Ctrl Pts',(-12.,27.845067992489,65.8265324927358));
#5413=CARTESIAN_POINT('Ctrl Pts',(-11.9983830945134,27.8441133744117,65.8263827841295));
#5414=CARTESIAN_POINT('Ctrl Pts',(-11.9967661850834,27.8431586672068,65.826233628618));
#5415=CARTESIAN_POINT('Ctrl Pts',(-11.7831880118126,27.71703879858,65.806604608788));
#5416=CARTESIAN_POINT('Ctrl Pts',(-11.3430082131388,27.4668780769137,65.7762335036275));
#5417=CARTESIAN_POINT('Ctrl Pts',(-10.8965196786978,27.102382384426,65.8212370081599));
#5418=CARTESIAN_POINT('Ctrl Pts',(-10.8379548768326,27.051927880601,65.8289361218472));
#5419=CARTESIAN_POINT('Ctrl Pts',(-10.7812787955243,26.9999999999999,65.8386073573897));
#5420=CARTESIAN_POINT('',(-12.,27.,64.8386073573897));
#5421=CARTESIAN_POINT('Origin',(-12.,28.,64.8386073573897));
#5422=CARTESIAN_POINT('',(-9.99999999999999,25.,64.8386073573897));
#5423=CARTESIAN_POINT('Origin',(-12.,25.,64.8386073573897));
#5424=CARTESIAN_POINT('Origin',(-9.99999999999999,28.,64.8386073573897));
#5425=CARTESIAN_POINT('Origin',(-12.,25.,8.58860735738966));
#5426=CARTESIAN_POINT('',(-9.99999999999999,25.,52.1255662856069));
#5427=CARTESIAN_POINT('',(-12.,27.,51.4546019499166));
#5428=CARTESIAN_POINT('Origin',(-12.,25.,52.1255662856069));
#5429=CARTESIAN_POINT('',(-10.,25.,8.58860735738966));
#5430=CARTESIAN_POINT('',(-12.,27.,8.58860735738966));
#5431=CARTESIAN_POINT('Origin',(-10.,27.,-31.1613926426103));
#5432=CARTESIAN_POINT('',(-9.99999999999999,16.1557910859283,55.0926406649748));
#5433=CARTESIAN_POINT('',(-9.99999999999999,46.818007365766,44.8060138764789));
#5434=CARTESIAN_POINT('',(-9.99999999999999,19.5,55.0926406649748));
#5435=CARTESIAN_POINT('',(-9.99999999999999,14.5,55.0926406649748));
#5436=CARTESIAN_POINT('',(-9.99999999999999,19.5,65.8386073573896));
#5437=CARTESIAN_POINT('',(-10.,19.5,14.652115684286));
#5438=CARTESIAN_POINT('',(-9.99999999999999,27.,65.8386073573896));
#5439=CARTESIAN_POINT('Ctrl Pts',(-3.4999999999709,25.5,2.33860735741149));
#5440=CARTESIAN_POINT('Ctrl Pts',(-4.09834754774707,25.5,2.0693509609163));
#5441=CARTESIAN_POINT('Ctrl Pts',(-5.16493236759196,25.2861835611004,1.43522481778457));
#5442=CARTESIAN_POINT('Ctrl Pts',(-6.26422986992576,24.7083172800443,0.303590489351631));
#5443=CARTESIAN_POINT('Ctrl Pts',(-6.8562825712369,24.2112033407536,-0.977274102562818));
#5444=CARTESIAN_POINT('Ctrl Pts',(-6.85800478558373,24.2055223663668,-2.11751854131088));
#5445=CARTESIAN_POINT('Ctrl Pts',(-6.55999347419872,24.4600629605725,-2.98710378831152));
#5446=CARTESIAN_POINT('Ctrl Pts',(-6.08238505222261,24.8014775921353,-3.81443172637909));
#5447=CARTESIAN_POINT('Ctrl Pts',(-5.16436648333669,25.2869094821625,-4.75843151033058));
#5448=CARTESIAN_POINT('Ctrl Pts',(-4.09834754774708,25.5,-5.39213624613697));
#5449=CARTESIAN_POINT('Ctrl Pts',(-3.4999999999709,25.5,-5.66139264263217));
#5450=CARTESIAN_POINT('Ctrl Pts',(-3.32048041976751,25.5,2.09924791713668));
#5451=CARTESIAN_POINT('Ctrl Pts',(-3.88919869333427,25.52152252853,1.83518109130181));
#5452=CARTESIAN_POINT('Ctrl Pts',(-4.90412598614689,25.3680876184273,1.2126031391869));
#5453=CARTESIAN_POINT('Ctrl Pts',(-5.96107404962421,24.8998939620968,0.11534555124722));
#5454=CARTESIAN_POINT('Ctrl Pts',(-6.5299798490419,24.5054984737379,-1.06616564708792));
#5455=CARTESIAN_POINT('Ctrl Pts',(-6.53106051384095,24.5025988632215,-2.05829905542756));
#5456=CARTESIAN_POINT('Ctrl Pts',(-6.24552453183888,24.7023560777474,-2.84734355596803));
#5457=CARTESIAN_POINT('Ctrl Pts',(-5.78566005239391,24.9765035396429,-3.62107833312307));
#5458=CARTESIAN_POINT('Ctrl Pts',(-4.90367377294651,25.3682173616569,-4.53534067800257));
#5459=CARTESIAN_POINT('Ctrl Pts',(-3.88919869333426,25.52152252853,-5.15796637652249));
#5460=CARTESIAN_POINT('Ctrl Pts',(-3.32048041976751,25.5,-5.42203320235735));
#5461=CARTESIAN_POINT('Ctrl Pts',(-2.96151253427849,25.363427176928,1.62062406981073));
#5462=CARTESIAN_POINT('Ctrl Pts',(-3.45446520641644,25.4151895551909,1.36688389610335));
#5463=CARTESIAN_POINT('Ctrl Pts',(-4.32745678942472,25.3544147795374,0.767267143937054));
#5464=CARTESIAN_POINT('Ctrl Pts',(-5.22224846699539,25.072972059483,-0.261652882004439));
#5465=CARTESIAN_POINT('Ctrl Pts',(-5.67456492991059,24.8700512253507,-1.2443671129704));
#5466=CARTESIAN_POINT('Ctrl Pts',(-5.67286072121547,24.8728095345509,-1.9396715430122));
#5467=CARTESIAN_POINT('Ctrl Pts',(-5.44913330157554,24.9699147014332,-2.5674988310245));
#5468=CARTESIAN_POINT('Ctrl Pts',(-5.07224150129104,25.1220850936069,-3.23400655405982));
#5469=CARTESIAN_POINT('Ctrl Pts',(-4.32770070343675,25.3532734176939,-4.08907387118995));
#5470=CARTESIAN_POINT('Ctrl Pts',(-3.45446520641643,25.4151895551909,-4.68966918132403));
#5471=CARTESIAN_POINT('Ctrl Pts',(-2.96151253427849,25.363427176928,-4.9434093550314));
#5472=CARTESIAN_POINT('Ctrl Pts',(-2.56583493334917,24.8373134254499,1.09305393523031));
#5473=CARTESIAN_POINT('Ctrl Pts',(-2.93922736837901,24.8908703543387,0.862485966051679));
#5474=CARTESIAN_POINT('Ctrl Pts',(-3.58346705238474,24.8591862006082,0.317373458010121));
#5475=CARTESIAN_POINT('Ctrl Pts',(-4.19145835849909,24.6617226597437,-0.593601240551692));
#5476=CARTESIAN_POINT('Ctrl Pts',(-4.43944466054788,24.5491331606224,-1.38059576505934));
#5477=CARTESIAN_POINT('Ctrl Pts',(-4.43493292966434,24.5541795603799,-1.84890096030419));
#5478=CARTESIAN_POINT('Ctrl Pts',(-4.31667573415947,24.6033980883999,-2.33230506080582));
#5479=CARTESIAN_POINT('Ctrl Pts',(-4.08728675225779,24.6983475930569,-2.88304362752831));
#5480=CARTESIAN_POINT('Ctrl Pts',(-3.58442558603422,24.8575494332377,-3.63869229236616));
#5481=CARTESIAN_POINT('Ctrl Pts',(-2.93922736837899,24.8908703543387,-4.18527125127236));
#5482=CARTESIAN_POINT('Ctrl Pts',(-2.56583493334917,24.8373134254499,-4.41583922045098));
#5483=CARTESIAN_POINT('Ctrl Pts',(-2.34579781112153,24.1730549280037,0.799671105589009));
#5484=CARTESIAN_POINT('Ctrl Pts',(-2.62245933091589,24.2037874399533,0.600985754146465));
#5485=CARTESIAN_POINT('Ctrl Pts',(-3.09404214762623,24.1353770176983,0.132304380109446));
#5486=CARTESIAN_POINT('Ctrl Pts',(-3.51820797306273,23.888329255864,-0.653532689504551));
#5487=CARTESIAN_POINT('Ctrl Pts',(-3.67466891752458,23.7127468293683,-1.37113248103592));
#5488=CARTESIAN_POINT('Ctrl Pts',(-3.67107044590338,23.7146229384502,-1.85511272403357));
#5489=CARTESIAN_POINT('Ctrl Pts',(-3.59729885009885,23.7993673846466,-2.30839967304775));
#5490=CARTESIAN_POINT('Ctrl Pts',(-3.44524155055693,23.9311549140397,-2.80153236994589));
#5491=CARTESIAN_POINT('Ctrl Pts',(-3.09482869694101,24.134531996618,-3.45413771267664));
#5492=CARTESIAN_POINT('Ctrl Pts',(-2.62245933091586,24.2037874399533,-3.92377103936715));
#5493=CARTESIAN_POINT('Ctrl Pts',(-2.34579781112152,24.1730549280037,-4.12245639080968));
#5494=CARTESIAN_POINT('Ctrl Pts',(-2.29999999998254,23.7243994752564,0.738607357402767));
#5495=CARTESIAN_POINT('Ctrl Pts',(-2.53257406034347,23.7346730894004,0.564149162777033));
#5496=CARTESIAN_POINT('Ctrl Pts',(-2.93765410498998,23.6263307227965,0.153257896143731));
#5497=CARTESIAN_POINT('Ctrl Pts',(-3.32746588163771,23.3130198938084,-0.558544319095747));
#5498=CARTESIAN_POINT('Ctrl Pts',(-3.50802720371237,23.0558659108019,-1.29927435576999));
#5499=CARTESIAN_POINT('Ctrl Pts',(-3.5069904187194,23.0542574211104,-1.90292117128788));
#5500=CARTESIAN_POINT('Ctrl Pts',(-3.41800514064203,23.1841642289497,-2.39361991056248));
#5501=CARTESIAN_POINT('Ctrl Pts',(-3.26195197116221,23.3645011586445,-2.88316210021171));
#5502=CARTESIAN_POINT('Ctrl Pts',(-2.93784781483211,23.6263228675112,-3.47584828745153));
#5503=CARTESIAN_POINT('Ctrl Pts',(-2.53257406034345,23.7346730894004,-3.88693444799771));
#5504=CARTESIAN_POINT('Ctrl Pts',(-2.29999999998253,23.7243994752564,-4.06139264262343));
#5505=CARTESIAN_POINT('Ctrl Pts',(-2.29999999998254,23.5,0.738607357402767));
#5506=CARTESIAN_POINT('Ctrl Pts',(-2.51540511718199,23.5,0.577053519505629));
#5507=CARTESIAN_POINT('Ctrl Pts',(-2.89937565232611,23.3717101366602,0.196577833626615));
#5508=CARTESIAN_POINT('Ctrl Pts',(-3.2951227531663,23.0249903680266,-0.48240276343318));
#5509=CARTESIAN_POINT('Ctrl Pts',(-3.5082617256383,22.7267220044522,-1.25092151858185));
#5510=CARTESIAN_POINT('Ctrl Pts',(-3.50888172280315,22.7233134198201,-1.93506818183071));
#5511=CARTESIAN_POINT('Ctrl Pts',(-3.40159765070454,22.8760377763435,-2.45681933003108));
#5512=CARTESIAN_POINT('Ctrl Pts',(-3.22965861879319,23.0808865552811,-2.95321609287147));
#5513=CARTESIAN_POINT('Ctrl Pts',(-2.89917193399419,23.3721456892975,-3.51961596324255));
#5514=CARTESIAN_POINT('Ctrl Pts',(-2.51540511718196,23.5,-3.89983880472631));
#5515=CARTESIAN_POINT('Ctrl Pts',(-2.29999999998253,23.5,-4.06139264262343));
#5516=CARTESIAN_POINT('Origin',(11.5,25.5,17.3386073573897));
#5517=CARTESIAN_POINT('',(-3.49999999997087,25.5,64.3386073573605));
#5518=CARTESIAN_POINT('',(21.4999999999855,25.5,64.3386073573605));
#5519=CARTESIAN_POINT('',(-3.49999999997087,25.5,51.9578252016843));
#5520=CARTESIAN_POINT('',(-3.49999999997088,25.5,40.8386073573751));
#5521=CARTESIAN_POINT('',(-3.49999999997088,25.5,40.8386073573751));
#5522=CARTESIAN_POINT('',(1.50000000001455,25.5,-24.6613926425812));
#5523=CARTESIAN_POINT('Origin',(23.5,25.5,-1.66139264261034));
#5524=CARTESIAN_POINT('',(6.23753231725227,25.5,56.5096802572678));
#5525=CARTESIAN_POINT('',(4.59206532636603,25.5,54.1664945241127));
#5526=CARTESIAN_POINT('Ctrl Pts',(6.23753231726132,25.5,56.5096802572777));
#5527=CARTESIAN_POINT('Ctrl Pts',(6.23490217456887,25.5,56.5068167463032));
#5528=CARTESIAN_POINT('Ctrl Pts',(6.23227515693836,25.5,56.5039535575625));
#5529=CARTESIAN_POINT('Ctrl Pts',(6.22965169396467,25.5,56.5010911667874));
#5530=CARTESIAN_POINT('Ctrl Pts',(6.20416592607139,25.5,56.473284322305));
#5531=CARTESIAN_POINT('Ctrl Pts',(6.17901562011246,25.5,56.4455527838474));
#5532=CARTESIAN_POINT('Ctrl Pts',(6.15416239644038,25.5,56.4178677615159));
#5533=CARTESIAN_POINT('Ctrl Pts',(6.14173578460433,25.5,56.4040252503502));
#5534=CARTESIAN_POINT('Ctrl Pts',(6.12938344333999,25.5,56.3901943682161));
#5535=CARTESIAN_POINT('Ctrl Pts',(6.11710882959988,25.5,56.3763804593662));
#5536=CARTESIAN_POINT('Ctrl Pts',(6.05573576089934,25.5,56.3073109151169));
#5537=CARTESIAN_POINT('Ctrl Pts',(5.99630588030449,25.5,56.2386657029746));
#5538=CARTESIAN_POINT('Ctrl Pts',(5.93876617743055,25.5,56.1705863107498));
#5539=CARTESIAN_POINT('Ctrl Pts',(5.89273441513141,25.5,56.1161227969701));
#5540=CARTESIAN_POINT('Ctrl Pts',(5.84791236657365,25.5,56.0620214079376));
#5541=CARTESIAN_POINT('Ctrl Pts',(5.80430487619452,25.5,56.0083907261407));
#5542=CARTESIAN_POINT('Ctrl Pts',(5.71708989543624,25.5,55.9011293625469));
#5543=CARTESIAN_POINT('Ctrl Pts',(5.63473314739242,25.5,55.7957508278957));
#5544=CARTESIAN_POINT('Ctrl Pts',(5.55715010040607,25.5,55.6929988305964));
#5545=CARTESIAN_POINT('Ctrl Pts',(5.51835857691289,25.5,55.6416228319468));
#5546=CARTESIAN_POINT('Ctrl Pts',(5.48076047868408,25.5,55.5909034676351));
#5547=CARTESIAN_POINT('Ctrl Pts',(5.44434835621935,25.5,55.5409385313625));
#5548=CARTESIAN_POINT('Ctrl Pts',(5.33511198882515,25.5,55.391043722545));
#5549=CARTESIAN_POINT('Ctrl Pts',(5.23654940330765,25.5,55.24793876608));
#5550=CARTESIAN_POINT('Ctrl Pts',(5.14836435066758,25.5,55.1141669104865));
#5551=CARTESIAN_POINT('Ctrl Pts',(5.08957431557419,25.5,55.0249856734241));
#5552=CARTESIAN_POINT('Ctrl Pts',(5.03539651731522,25.5,54.9399524811935));
#5553=CARTESIAN_POINT('Ctrl Pts',(4.98574053591813,25.5,54.8598371373616));
#5554=CARTESIAN_POINT('Ctrl Pts',(4.91125656382249,25.5,54.7396641216136));
#5555=CARTESIAN_POINT('Ctrl Pts',(4.84694667966608,25.5,54.6305562647625));
#5556=CARTESIAN_POINT('Ctrl Pts',(4.79223754580377,25.5,54.5346141194985));
#5557=CARTESIAN_POINT('Ctrl Pts',(4.77400116784966,25.5,54.5026334044105));
#5558=CARTESIAN_POINT('Ctrl Pts',(4.75683153992824,25.5,54.4721155461655));
#5559=CARTESIAN_POINT('Ctrl Pts',(4.74069888678083,25.5,54.4431220933158));
#5560=CARTESIAN_POINT('Ctrl Pts',(4.70843358048602,25.5,54.3851351876164));
#5561=CARTESIAN_POINT('Ctrl Pts',(4.68031617328729,25.5,54.3332459034982));
#5562=CARTESIAN_POINT('Ctrl Pts',(4.65591731084484,25.5,54.287553114003));
#5563=CARTESIAN_POINT('Ctrl Pts',(4.6315184484024,25.5,54.2418603245078));
#5564=CARTESIAN_POINT('Ctrl Pts',(4.61083813071624,25.5,54.2023640296357));
#5565=CARTESIAN_POINT('Ctrl Pts',(4.59206532636603,25.5,54.1664945241127));
#5566=CARTESIAN_POINT('',(9.22629563925672,25.4999999999997,56.461500186094));
#5567=CARTESIAN_POINT('Ctrl Pts',(6.23753231725273,25.5,56.5096802572674));
#5568=CARTESIAN_POINT('Ctrl Pts',(6.56376776449511,25.5,56.8648620449783));
#5569=CARTESIAN_POINT('Ctrl Pts',(7.02305990476487,25.5,57.0945579421276));
#5570=CARTESIAN_POINT('Ctrl Pts',(7.50214390636579,25.5,57.145468853169));
#5571=CARTESIAN_POINT('Ctrl Pts',(7.8215332407664,25.5,57.1794094605299));
#5572=CARTESIAN_POINT('Ctrl Pts',(8.14971895798086,25.5,57.133890074065));
#5573=CARTESIAN_POINT('Ctrl Pts',(8.44847329712813,25.5,57.0153315216087));
#5574=CARTESIAN_POINT('Ctrl Pts',(8.74722763627539,25.5,56.8967729691523));
#5575=CARTESIAN_POINT('Ctrl Pts',(9.01655059735546,25.5,56.7051752507045));
#5576=CARTESIAN_POINT('Ctrl Pts',(9.22629563925672,25.5,56.461500186094));
#5577=CARTESIAN_POINT('',(8.5,25.5,58.4186073573897));
#5578=CARTESIAN_POINT('Origin',(11.5,25.5,58.4186073573897));
#5579=CARTESIAN_POINT('',(14.4329421823219,25.5,57.7878537167684));
#5580=CARTESIAN_POINT('Origin',(11.5,25.5,58.4186073573897));
#5581=CARTESIAN_POINT('',(15.8826302089028,25.5,59.3023866388408));
#5582=CARTESIAN_POINT('Origin',(16.3882369705365,25.5,57.3673512896875));
#5583=CARTESIAN_POINT('',(16.080130901496,25.5,40.4587762301831));
#5584=CARTESIAN_POINT('',(16.1022774485853,25.5,38.3457663983233));
#5585=CARTESIAN_POINT('',(12.7261274972673,25.5,35.7335734004192));
#5586=CARTESIAN_POINT('Origin',(3.98149915147378,25.5,45.4935678832755));
#5587=CARTESIAN_POINT('',(8.48021154999666,25.5,34.309777879726));
#5588=CARTESIAN_POINT('Ctrl Pts',(8.48021154999666,25.5,34.309777879726));
#5589=CARTESIAN_POINT('Ctrl Pts',(8.58329323304715,25.5,34.3094857641989));
#5590=CARTESIAN_POINT('Ctrl Pts',(8.68639512734095,25.5,34.311428071025));
#5591=CARTESIAN_POINT('Ctrl Pts',(8.78940555836357,25.5,34.3156019876933));
#5592=CARTESIAN_POINT('Ctrl Pts',(8.89241598938619,25.5,34.3197759043615));
#5593=CARTESIAN_POINT('Ctrl Pts',(8.99533495713764,25.5,34.3261814308719));
#5594=CARTESIAN_POINT('Ctrl Pts',(9.09805312055968,25.5,34.3348138478932));
#5595=CARTESIAN_POINT('Ctrl Pts',(9.1494122022707,25.5,34.3391300564039));
#5596=CARTESIAN_POINT('Ctrl Pts',(9.20072108289937,25.5,34.3440029875423));
#5597=CARTESIAN_POINT('Ctrl Pts',(9.25196415416925,25.5,34.3494315043148));
#5598=CARTESIAN_POINT('Ctrl Pts',(9.32882876107407,25.5,34.3575742794735));
#5599=CARTESIAN_POINT('Ctrl Pts',(9.40554529692162,25.5,34.366967122309));
#5600=CARTESIAN_POINT('Ctrl Pts',(9.48207391931499,25.5,34.3776076823942));
#5601=CARTESIAN_POINT('Ctrl Pts',(9.50758346011279,25.5,34.381154535756));
#5602=CARTESIAN_POINT('Ctrl Pts',(9.53307212163789,25.5,34.3848400243677));
#5603=CARTESIAN_POINT('Ctrl Pts',(9.55853684575424,25.5,34.388663789481));
#5604=CARTESIAN_POINT('Ctrl Pts',(9.59673393192876,25.5,34.3943994371509));
#5605=CARTESIAN_POINT('Ctrl Pts',(9.63487715893358,25.5,34.4004462069494));
#5606=CARTESIAN_POINT('Ctrl Pts',(9.67296511608946,25.5,34.4068042398905));
#5607=CARTESIAN_POINT('Ctrl Pts',(9.68566110180808,25.5,34.4089235842042));
#5608=CARTESIAN_POINT('Ctrl Pts',(9.69835094643238,25.5,34.4110775133115));
#5609=CARTESIAN_POINT('Ctrl Pts',(9.71103571306281,25.5,34.4132662657785));
#5610=CARTESIAN_POINT('Ctrl Pts',(9.73640524632367,25.5,34.4176437707124));
#5611=CARTESIAN_POINT('Ctrl Pts',(9.76175446760907,25.5,34.4221605690847));
#5612=CARTESIAN_POINT('Ctrl Pts',(9.7870195069883,25.5,34.4268049987421));
#5613=CARTESIAN_POINT('Ctrl Pts',(9.79965202667792,25.5,34.4291272135708));
#5614=CARTESIAN_POINT('Ctrl Pts',(9.81226350089099,25.5,34.4314813362208));
#5615=CARTESIAN_POINT('Ctrl Pts',(9.8249592157962,25.5,34.4338866972263));
#5616=CARTESIAN_POINT('Ctrl Pts',(9.86304636051182,25.5,34.4411027802429));
#5617=CARTESIAN_POINT('Ctrl Pts',(9.90189167145667,25.5,34.4487800084596));
#5618=CARTESIAN_POINT('Ctrl Pts',(9.94132268550717,25.5,34.4569103063228));
#5619=CARTESIAN_POINT('Ctrl Pts',(9.9676100282075,25.5,34.4623305048983));
#5620=CARTESIAN_POINT('Ctrl Pts',(9.99415768339923,25.5,34.4679520677612));
#5621=CARTESIAN_POINT('Ctrl Pts',(10.0209662579974,25.5,34.4737915567063));
#5622=CARTESIAN_POINT('Ctrl Pts',(10.0745834071938,25.5,34.4854705345966));
#5623=CARTESIAN_POINT('Ctrl Pts',(10.1292442340161,25.5,34.4980212168157));
#5624=CARTESIAN_POINT('Ctrl Pts',(10.1848904243221,25.5,34.5115317655028));
#5625=CARTESIAN_POINT('Ctrl Pts',(10.2127135194751,25.5,34.5182870398464));
#5626=CARTESIAN_POINT('Ctrl Pts',(10.2407829554991,25.5,34.525282280807));
#5627=CARTESIAN_POINT('Ctrl Pts',(10.2690949810441,25.5,34.532530133358));
#5628=CARTESIAN_POINT('Ctrl Pts',(10.3540310576792,25.5,34.5542736910109));
#5629=CARTESIAN_POINT('Ctrl Pts',(10.4411504400039,25.5,34.5782907529771));
#5630=CARTESIAN_POINT('Ctrl Pts',(10.5302546450817,25.5,34.6048978544135));
#5631=CARTESIAN_POINT('Ctrl Pts',(10.5896574484669,25.5,34.6226359220377));
#5632=CARTESIAN_POINT('Ctrl Pts',(10.6499423952979,25.5,34.6415251183154));
#5633=CARTESIAN_POINT('Ctrl Pts',(10.7110569996072,25.5,34.6616623161523));
#5634=CARTESIAN_POINT('Ctrl Pts',(10.8332862082257,25.5,34.701936711826));
#5635=CARTESIAN_POINT('Ctrl Pts',(10.9588340467572,25.5,34.7472031137366));
#5636=CARTESIAN_POINT('Ctrl Pts',(11.087251650651,25.5,34.7982477690367));
#5637=CARTESIAN_POINT('Ctrl Pts',(11.151460452598,25.5,34.8237700966868));
#5638=CARTESIAN_POINT('Ctrl Pts',(11.2163866958854,25.5,34.8507369876843));
#5639=CARTESIAN_POINT('Ctrl Pts',(11.2819817362643,25.5,34.8792533539474));
#5640=CARTESIAN_POINT('Ctrl Pts',(11.3803742968327,25.5,34.922027903342));
#5641=CARTESIAN_POINT('Ctrl Pts',(11.4802716508567,25.5,34.9682887720843));
#5642=CARTESIAN_POINT('Ctrl Pts',(11.5814863810508,25.5,35.0183880241639));
#5643=CARTESIAN_POINT('Ctrl Pts',(11.6152246244488,25.5,35.0350877748572));
#5644=CARTESIAN_POINT('Ctrl Pts',(11.6491092429769,25.5,35.0522140125879));
#5645=CARTESIAN_POINT('Ctrl Pts',(11.6831378296114,25.5,35.0697829474759));
#5646=CARTESIAN_POINT('Ctrl Pts',(11.7511950028803,25.5,35.104920817252));
#5647=CARTESIAN_POINT('Ctrl Pts',(11.8198280485748,25.5,35.1418294756573));
#5648=CARTESIAN_POINT('Ctrl Pts',(11.8889519797814,25.5,35.1805997892738));
#5649=CARTESIAN_POINT('Ctrl Pts',(11.9235139453847,25.5,35.199984946082));
#5650=CARTESIAN_POINT('Ctrl Pts',(11.958198632366,25.5,35.2198355166931));
#5651=CARTESIAN_POINT('Ctrl Pts',(11.9930237664896,25.5,35.2401813658102));
#5652=CARTESIAN_POINT('Ctrl Pts',(12.045261467675,25.5,35.2707001394858));
#5653=CARTESIAN_POINT('Ctrl Pts',(12.0978151749307,25.5,35.3023332897998));
#5654=CARTESIAN_POINT('Ctrl Pts',(12.1505552616229,25.5,35.3350617979861));
#5655=CARTESIAN_POINT('Ctrl Pts',(12.1681352905203,25.5,35.3459713007148));
#5656=CARTESIAN_POINT('Ctrl Pts',(12.1857360282439,25.5,35.3570025098738));
#5657=CARTESIAN_POINT('Ctrl Pts',(12.2033857204533,25.5,35.3681759210516));
#5658=CARTESIAN_POINT('Ctrl Pts',(12.238685104872,25.5,35.390522743407));
#5659=CARTESIAN_POINT('Ctrl Pts',(12.2741803072335,25.5,35.4134383738374));
#5660=CARTESIAN_POINT('Ctrl Pts',(12.3096562282113,25.5,35.4368039604296));
#5661=CARTESIAN_POINT('Ctrl Pts',(12.3273941887003,25.5,35.4484867537257));
#5662=CARTESIAN_POINT('Ctrl Pts',(12.3451273288433,25.5,35.4602820360622));
#5663=CARTESIAN_POINT('Ctrl Pts',(12.3628121748884,25.5,35.4721628498059));
#5664=CARTESIAN_POINT('Ctrl Pts',(12.3981818669786,25.5,35.4959244772932));
#5665=CARTESIAN_POINT('Ctrl Pts',(12.4333583826769,25.5,35.520028230409));
#5666=CARTESIAN_POINT('Ctrl Pts',(12.4682823014578,25.5,35.544434934189));
#5667=CARTESIAN_POINT('Ctrl Pts',(12.4857442608482,25.5,35.556638286079));
#5668=CARTESIAN_POINT('Ctrl Pts',(12.5031430710092,25.5,35.5689173756351));
#5669=CARTESIAN_POINT('Ctrl Pts',(12.5204939845157,25.5,35.5812821419358));
#5670=CARTESIAN_POINT('Ctrl Pts',(12.5551958115285,25.5,35.6060116745371));
#5671=CARTESIAN_POINT('Ctrl Pts',(12.5897060519229,25.5,35.6310839141169));
#5672=CARTESIAN_POINT('Ctrl Pts',(12.6239829351014,25.5,35.6564692437647));
#5673=CARTESIAN_POINT('Ctrl Pts',(12.6582598182799,25.5,35.6818545734124));
#5674=CARTESIAN_POINT('Ctrl Pts',(12.6923033442426,25.5,35.7075529931282));
#5675=CARTESIAN_POINT('Ctrl Pts',(12.7261274972673,25.5,35.7335734004192));
#5676=CARTESIAN_POINT('',(2.6960915545991,25.5,47.7274434943182));
#5677=CARTESIAN_POINT('',(11.8015701546551,25.5,26.6050830983391));
#5678=CARTESIAN_POINT('Origin',(14.7319826217947,25.5,47.060954569807));
#5679=CARTESIAN_POINT('Origin',(23.5,23.5,-1.66139264261034));
#5680=CARTESIAN_POINT('',(25.2999999999825,23.5,0.738607357402761));
#5681=CARTESIAN_POINT('Origin',(26.4999999999709,23.5,2.33860735741149));
#5682=CARTESIAN_POINT('',(25.2999999999825,23.5,-4.06139264262344));
#5683=CARTESIAN_POINT('Origin',(26.4999999999709,23.5,-5.66139264263217));
#5684=CARTESIAN_POINT('',(20.5,23.5,-1.66139264261034));
#5685=CARTESIAN_POINT('Origin',(23.5,23.5,-1.66139264261034));
#5686=CARTESIAN_POINT('Origin',(23.5,23.5,-1.66139264261034));
#5687=CARTESIAN_POINT('Ctrl Pts',(26.4999999999709,25.5,-5.66139264263216));
#5688=CARTESIAN_POINT('Ctrl Pts',(27.098347547747,25.5,-5.39213624613698));
#5689=CARTESIAN_POINT('Ctrl Pts',(28.1646337881438,25.2869812653999,-4.75843862850123));
#5690=CARTESIAN_POINT('Ctrl Pts',(29.0821299677141,24.8019752584598,-3.81429171008074));
#5691=CARTESIAN_POINT('Ctrl Pts',(29.5599441985576,24.4602457899626,-2.98713585043901));
#5692=CARTESIAN_POINT('Ctrl Pts',(29.8577189259146,24.2064263431126,-2.11727305712459));
#5693=CARTESIAN_POINT('Ctrl Pts',(29.8567346016401,24.2094765430707,-0.977427742803522));
#5694=CARTESIAN_POINT('Ctrl Pts',(29.2640890265609,24.7086993060556,0.303587282969832));
#5695=CARTESIAN_POINT('Ctrl Pts',(28.1649560314811,25.2858022404824,1.43523445474969));
#5696=CARTESIAN_POINT('Ctrl Pts',(27.0983475477471,25.5,2.0693509609163));
#5697=CARTESIAN_POINT('Ctrl Pts',(26.4999999999709,25.5,2.33860735741149));
#5698=CARTESIAN_POINT('Ctrl Pts',(26.3204804197675,25.5,-5.42203320235735));
#5699=CARTESIAN_POINT('Ctrl Pts',(26.8891986933343,25.52152252853,-5.15796637652248));
#5700=CARTESIAN_POINT('Ctrl Pts',(27.9040401058156,25.3683009935428,-4.53532910273514));
#5701=CARTESIAN_POINT('Ctrl Pts',(28.7855246240569,24.9768138372162,-3.62106014425306));
#5702=CARTESIAN_POINT('Ctrl Pts',(29.2455768178553,24.7024969132605,-2.84741069747713));
#5703=CARTESIAN_POINT('Ctrl Pts',(29.530930207335,24.5030925059373,-2.05818829634259));
#5704=CARTESIAN_POINT('Ctrl Pts',(29.5303397313361,24.5044951507246,-1.06605007285782));
#5705=CARTESIAN_POINT('Ctrl Pts',(28.961006672291,24.9001281142162,0.11533938076028));
#5706=CARTESIAN_POINT('Ctrl Pts',(27.9041420599778,25.3678703642111,1.21268011892757));
#5707=CARTESIAN_POINT('Ctrl Pts',(26.8891986933342,25.52152252853,1.83518109130181));
#5708=CARTESIAN_POINT('Ctrl Pts',(26.3204804197675,25.5,2.09924791713668));
#5709=CARTESIAN_POINT('Ctrl Pts',(25.961516448175,25.3634047323671,-4.94341457356003));
#5710=CARTESIAN_POINT('Ctrl Pts',(26.4544691203129,25.4151671106299,-4.68967439985262));
#5711=CARTESIAN_POINT('Ctrl Pts',(27.3279276821061,25.3533309496961,-4.08903054653092));
#5712=CARTESIAN_POINT('Ctrl Pts',(28.0722199802494,25.1219137897106,-3.23425573756768));
#5713=CARTESIAN_POINT('Ctrl Pts',(28.4491376884278,24.9698927845579,-2.56765883974413));
#5714=CARTESIAN_POINT('Ctrl Pts',(28.6730755035162,24.8723820169547,-1.93987357430483));
#5715=CARTESIAN_POINT('Ctrl Pts',(28.6741826346634,24.8704488986101,-1.24390408369234));
#5716=CARTESIAN_POINT('Ctrl Pts',(28.2222855044339,25.0728368639448,-0.261730111112104));
#5717=CARTESIAN_POINT('Ctrl Pts',(27.3273085846232,25.3544761780217,0.767408472378271));
#5718=CARTESIAN_POINT('Ctrl Pts',(26.4544691203129,25.4151671106299,1.36688911463199));
#5719=CARTESIAN_POINT('Ctrl Pts',(25.961516448175,25.3634047323671,1.62062928833936));
#5720=CARTESIAN_POINT('Ctrl Pts',(25.5658383564157,24.8373051149287,-4.41584378453973));
#5721=CARTESIAN_POINT('Ctrl Pts',(25.9392307914456,24.8908620438175,-4.18527581536104));
#5722=CARTESIAN_POINT('Ctrl Pts',(26.5845910886284,24.8576254455685,-3.63865159016203));
#5723=CARTESIAN_POINT('Ctrl Pts',(27.0875667018084,24.6980006990004,-2.88340057368623));
#5724=CARTESIAN_POINT('Ctrl Pts',(27.3167659714171,24.6033448077792,-2.33249870201572));
#5725=CARTESIAN_POINT('Ctrl Pts',(27.4356220580788,24.5534178287911,-1.84924277211475));
#5726=CARTESIAN_POINT('Ctrl Pts',(27.4383310043938,24.5501735005849,-1.3799045643882));
#5727=CARTESIAN_POINT('Ctrl Pts',(27.1916930879514,24.6614708964063,-0.593686154341126));
#5728=CARTESIAN_POINT('Ctrl Pts',(26.5831766900629,24.8594052999956,0.317564711112353));
#5729=CARTESIAN_POINT('Ctrl Pts',(25.9392307914455,24.8908620438175,0.862490530140439));
#5730=CARTESIAN_POINT('Ctrl Pts',(25.5658383564157,24.8373051149287,1.09305849931905));
#5731=CARTESIAN_POINT('Ctrl Pts',(25.3458013467863,24.1730466013008,-4.12246110502932));
#5732=CARTESIAN_POINT('Ctrl Pts',(25.6224628665807,24.2037791132503,-3.9237757535867));
#5733=CARTESIAN_POINT('Ctrl Pts',(26.094927553702,24.1345695042059,-3.45413298822511));
#5734=CARTESIAN_POINT('Ctrl Pts',(26.4454833455229,23.931021344757,-2.80173352247935));
#5735=CARTESIAN_POINT('Ctrl Pts',(26.5973629256959,23.7993484873162,-2.30853597665627));
#5736=CARTESIAN_POINT('Ctrl Pts',(26.6716223800683,23.7143279917609,-1.85529525969353));
#5737=CARTESIAN_POINT('Ctrl Pts',(26.6737450349511,23.7130007154872,-1.37068287954499));
#5738=CARTESIAN_POINT('Ctrl Pts',(26.5184009471612,23.8882406535756,-0.653581042628638));
#5739=CARTESIAN_POINT('Ctrl Pts',(26.093804686534,24.1354205972324,0.132440244994284));
#5740=CARTESIAN_POINT('Ctrl Pts',(25.6224628665806,24.2037791132503,0.60099046836612));
#5741=CARTESIAN_POINT('Ctrl Pts',(25.3458013467862,24.1730466013008,0.799675819808643));
#5742=CARTESIAN_POINT('Ctrl Pts',(25.2999999999825,23.7243994752564,-4.06139264262344));
#5743=CARTESIAN_POINT('Ctrl Pts',(25.5325740603436,23.7346730894004,-3.88693444799762));
#5744=CARTESIAN_POINT('Ctrl Pts',(25.9379151369335,23.6263940263423,-3.47585679829858));
#5745=CARTESIAN_POINT('Ctrl Pts',(26.2619740339071,23.3646800183207,-2.88318126275056));
#5746=CARTESIAN_POINT('Ctrl Pts',(26.4179976688254,23.1842584491266,-2.39368699820073));
#5747=CARTESIAN_POINT('Ctrl Pts',(26.5071297648736,23.0545370771969,-1.9029021238271));
#5748=CARTESIAN_POINT('Ctrl Pts',(26.5077465515961,23.0552863907796,-1.29921517952782));
#5749=CARTESIAN_POINT('Ctrl Pts',(26.3275011194082,23.313157188807,-0.558578233817492));
#5750=CARTESIAN_POINT('Ctrl Pts',(25.9375596468565,23.6262042714532,0.153292012351549));
#5751=CARTESIAN_POINT('Ctrl Pts',(25.5325740603434,23.7346730894004,0.564149162777047));
#5752=CARTESIAN_POINT('Ctrl Pts',(25.2999999999825,23.7243994752564,0.73860735740276));
#5753=CARTESIAN_POINT('Ctrl Pts',(25.2999999999825,23.5,-4.06139264262344));
#5754=CARTESIAN_POINT('Ctrl Pts',(25.5154051171821,23.5,-3.89983880472622));
#5755=CARTESIAN_POINT('Ctrl Pts',(25.8992681637248,23.3721887592399,-3.51962023414488));
#5756=CARTESIAN_POINT('Ctrl Pts',(26.2295667883701,23.0811851550759,-2.95313208309253));
#5757=CARTESIAN_POINT('Ctrl Pts',(26.4015799114738,22.8761474739776,-2.45683856730751));
#5758=CARTESIAN_POINT('Ctrl Pts',(26.5087788133223,22.7238558058676,-1.93492089131887));
#5759=CARTESIAN_POINT('Ctrl Pts',(26.5084244565835,22.7256859258424,-1.25101370272624));
#5760=CARTESIAN_POINT('Ctrl Pts',(26.2950720495549,23.0252195836334,-0.482404687262227));
#5761=CARTESIAN_POINT('Ctrl Pts',(25.8993841713262,23.3714813442894,0.19658361580568));
#5762=CARTESIAN_POINT('Ctrl Pts',(25.515405117182,23.5,0.577053519505642));
#5763=CARTESIAN_POINT('Ctrl Pts',(25.2999999999825,23.5,0.73860735740276));
#5764=CARTESIAN_POINT('Ctrl Pts',(25.2999999999825,23.5,-4.06139264262344));
#5765=CARTESIAN_POINT('Ctrl Pts',(25.5154051171821,23.5,-3.89983880472622));
#5766=CARTESIAN_POINT('Ctrl Pts',(25.8992681637248,23.3721887592399,-3.51962023414488));
#5767=CARTESIAN_POINT('Ctrl Pts',(26.2295667883701,23.0811851550759,-2.95313208309253));
#5768=CARTESIAN_POINT('Ctrl Pts',(26.4015799114738,22.8761474739776,-2.45683856730751));
#5769=CARTESIAN_POINT('Ctrl Pts',(26.5087788133223,22.7238558058676,-1.93492089131887));
#5770=CARTESIAN_POINT('Ctrl Pts',(26.5084244565835,22.7256859258424,-1.25101370272624));
#5771=CARTESIAN_POINT('Ctrl Pts',(26.2950720495549,23.0252195836334,-0.482404687262227));
#5772=CARTESIAN_POINT('Ctrl Pts',(25.8993841713262,23.3714813442894,0.19658361580568));
#5773=CARTESIAN_POINT('Ctrl Pts',(25.515405117182,23.5,0.577053519505642));
#5774=CARTESIAN_POINT('Ctrl Pts',(25.2999999999825,23.5,0.73860735740276));
#5775=CARTESIAN_POINT('Origin',(23.5,25.5,-1.66139264261034));
#5776=CARTESIAN_POINT('',(20.5,17.5,-1.66139264261034));
#5777=CARTESIAN_POINT('Origin',(23.5,17.5,-1.66139264261034));
#5778=CARTESIAN_POINT('',(20.5,25.5,-1.66139264261034));
#5779=CARTESIAN_POINT('Origin',(16.3882369705365,35.,57.3673512896875));
#5780=CARTESIAN_POINT('',(14.4329421823219,35.,57.7878537167684));
#5781=CARTESIAN_POINT('',(15.8826302089028,35.,59.3023866388408));
#5782=CARTESIAN_POINT('Origin',(16.3882369705365,35.,57.3673512896875));
#5783=CARTESIAN_POINT('',(15.8826302089028,35.,59.3023866388408));
#5784=CARTESIAN_POINT('',(14.4329421823219,35.,57.7878537167684));
#5785=CARTESIAN_POINT('Ctrl Pts',(9.22629563925672,35.,56.461500186094));
#5786=CARTESIAN_POINT('Ctrl Pts',(9.22629563925672,31.8333333333342,56.461500186094));
#5787=CARTESIAN_POINT('Ctrl Pts',(9.22629563925672,28.6666666666666,56.461500186094));
#5788=CARTESIAN_POINT('Ctrl Pts',(9.22629563925672,25.4999999999997,56.461500186094));
#5789=CARTESIAN_POINT('Ctrl Pts',(9.01655059735546,35.,56.7051752507045));
#5790=CARTESIAN_POINT('Ctrl Pts',(9.01655059735546,31.8333333333342,56.7051752507045));
#5791=CARTESIAN_POINT('Ctrl Pts',(9.01655059735546,28.6666666666666,56.7051752507045));
#5792=CARTESIAN_POINT('Ctrl Pts',(9.01655059735546,25.4999999999997,56.7051752507045));
#5793=CARTESIAN_POINT('Ctrl Pts',(8.47790467519533,35.,57.0883706876001));
#5794=CARTESIAN_POINT('Ctrl Pts',(8.47790467519533,31.8333333333342,57.0883706876001));
#5795=CARTESIAN_POINT('Ctrl Pts',(8.47790467519533,28.6666666666666,57.0883706876001));
#5796=CARTESIAN_POINT('Ctrl Pts',(8.47790467519533,25.4999999999997,57.0883706876001));
#5797=CARTESIAN_POINT('Ctrl Pts',(7.32925466494471,35.,57.2476885402272));
#5798=CARTESIAN_POINT('Ctrl Pts',(7.32925466494471,31.8333333333342,57.2476885402272));
#5799=CARTESIAN_POINT('Ctrl Pts',(7.32925466494471,28.6666666666666,57.2476885402272));
#5800=CARTESIAN_POINT('Ctrl Pts',(7.32925466494471,25.4999999999997,57.2476885402272));
#5801=CARTESIAN_POINT('Ctrl Pts',(6.56376776449511,35.,56.8648620449783));
#5802=CARTESIAN_POINT('Ctrl Pts',(6.56376776449511,31.8333333333342,56.8648620449783));
#5803=CARTESIAN_POINT('Ctrl Pts',(6.56376776449511,28.6666666666666,56.8648620449783));
#5804=CARTESIAN_POINT('Ctrl Pts',(6.56376776449511,25.4999999999997,56.8648620449783));
#5805=CARTESIAN_POINT('Ctrl Pts',(6.23753231725273,35.,56.5096802572674));
#5806=CARTESIAN_POINT('Ctrl Pts',(6.23753231725273,31.8333333333342,56.5096802572674));
#5807=CARTESIAN_POINT('Ctrl Pts',(6.23753231725273,28.6666666666666,56.5096802572674));
#5808=CARTESIAN_POINT('Ctrl Pts',(6.23753231725273,25.4999999999997,56.5096802572674));
#5809=CARTESIAN_POINT('',(6.23753231725226,35.,56.5096802572678));
#5810=CARTESIAN_POINT('Ctrl Pts',(6.23753231725273,35.,56.5096802572674));
#5811=CARTESIAN_POINT('Ctrl Pts',(6.23753231725273,31.8333333333342,56.5096802572674));
#5812=CARTESIAN_POINT('Ctrl Pts',(6.23753231725273,28.6666666666666,56.5096802572674));
#5813=CARTESIAN_POINT('Ctrl Pts',(6.23753231725273,25.4999999999997,56.5096802572674));
#5814=CARTESIAN_POINT('',(9.22629563925672,35.,56.461500186094));
#5815=CARTESIAN_POINT('Ctrl Pts',(9.22629563925672,35.,56.461500186094));
#5816=CARTESIAN_POINT('Ctrl Pts',(9.01655059735546,35.,56.7051752507045));
#5817=CARTESIAN_POINT('Ctrl Pts',(8.74722763627539,35.,56.8967729691523));
#5818=CARTESIAN_POINT('Ctrl Pts',(8.44847329712813,35.,57.0153315216087));
#5819=CARTESIAN_POINT('Ctrl Pts',(8.14971895798086,35.,57.133890074065));
#5820=CARTESIAN_POINT('Ctrl Pts',(7.8215332407664,35.,57.1794094605299));
#5821=CARTESIAN_POINT('Ctrl Pts',(7.50214390636579,35.,57.145468853169));
#5822=CARTESIAN_POINT('Ctrl Pts',(7.02305990476487,35.,57.0945579421276));
#5823=CARTESIAN_POINT('Ctrl Pts',(6.56376776449511,35.,56.8648620449783));
#5824=CARTESIAN_POINT('Ctrl Pts',(6.23753231725273,35.,56.5096802572674));
#5825=CARTESIAN_POINT('Ctrl Pts',(9.22629563925672,25.4999999999997,56.461500186094));
#5826=CARTESIAN_POINT('Ctrl Pts',(9.22629563925672,28.6666666666666,56.461500186094));
#5827=CARTESIAN_POINT('Ctrl Pts',(9.22629563925672,31.8333333333342,56.461500186094));
#5828=CARTESIAN_POINT('Ctrl Pts',(9.22629563925672,35.,56.461500186094));
#5829=CARTESIAN_POINT('Origin',(11.5,25.5,58.4186073573897));
#5830=CARTESIAN_POINT('',(8.5,17.5,58.4186073573897));
#5831=CARTESIAN_POINT('Origin',(11.5,17.5,58.4186073573897));
#5832=CARTESIAN_POINT('',(8.5,25.5,58.4186073573897));
#5833=CARTESIAN_POINT('Origin',(11.5,35.,58.4186073573897));
#5834=CARTESIAN_POINT('Origin',(-10.3247561153864,27.,48.3386073573897));
#5835=CARTESIAN_POINT('',(-20.6495122307728,27.,64.8386073573897));
#5836=CARTESIAN_POINT('',(-25.4871341730796,27.,64.8386073573897));
#5837=CARTESIAN_POINT('',(-20.6495122307728,27.,51.4546019499166));
#5838=CARTESIAN_POINT('',(-20.6495122307728,27.,40.3144989651336));
#5839=CARTESIAN_POINT('',(-15.2982738123981,27.,51.4546019499166));
#5840=CARTESIAN_POINT('Origin',(-15.,14.5,55.0926406649748));
#5841=CARTESIAN_POINT('',(-10.0309525403408,14.5,55.6481290479807));
#5842=CARTESIAN_POINT('Origin',(-15.,16.1557910859282,55.0926406649748));
#5843=CARTESIAN_POINT('',(-13.75,14.5,59.9338698477341));
#5844=CARTESIAN_POINT('Origin',(-15.,14.5,55.0926406649748));
#5845=CARTESIAN_POINT('',(-13.75,19.5,59.9338698477341));
#5846=CARTESIAN_POINT('',(-13.75,14.5,59.9338698477341));
#5847=CARTESIAN_POINT('Origin',(-15.,19.5,55.0926406649748));
#5848=CARTESIAN_POINT('Origin',(-22.0747561153718,41.7236641039588,46.5150751976971));
#5849=CARTESIAN_POINT('',(-38.1495122307728,47.6361213941427,44.5315512086946));
#5850=CARTESIAN_POINT('',(-20.6495122307728,29.5322620988147,50.6050731714543));
#5851=CARTESIAN_POINT('Origin',(-17.2121914674394,49.173223635378,44.0158808166054));
#5852=CARTESIAN_POINT('',(-3.49999999997087,29.5322620988147,50.6050731714543));
#5853=CARTESIAN_POINT('',(-20.6495122307728,29.5322620988147,50.6050731714543));
#5854=CARTESIAN_POINT('',(-3.49999999997089,1.82899596033812,59.8990249519807));
#5855=CARTESIAN_POINT('',(-8.49999999997087,20.5,53.6352360409099));
#5856=CARTESIAN_POINT('Origin',(-3.49999999997087,20.5,53.6352360409099));
#5857=CARTESIAN_POINT('',(-8.49999999997087,14.5,55.6481290479807));
#5858=CARTESIAN_POINT('',(-8.49999999997087,13.7800340791873,55.8896647758695));
#5859=CARTESIAN_POINT('',(-4.3858957547049,14.5,55.6481290479807));
#5860=CARTESIAN_POINT('',(-40.6495122307728,47.,44.7449585930142));
#5861=CARTESIAN_POINT('Origin',(-20.6495122307728,47.,44.7449585930142));
#5862=CARTESIAN_POINT('',(-40.6495122307728,68.3112068137749,37.5954287317333));
#5863=CARTESIAN_POINT('',(-40.6495122307728,83.5413834741049,32.4859760490616));
#5864=CARTESIAN_POINT('',(-38.1495122307728,68.311206813775,37.5954287317333));
#5865=CARTESIAN_POINT('',(-31.3621341730723,68.311206813775,37.5954287317333));
#5866=CARTESIAN_POINT('',(-38.1495122307728,68.311206813775,37.5954287317333));
#5867=CARTESIAN_POINT('Origin',(-3.49999999997087,28.896140704672,48.7089324667823));
#5868=CARTESIAN_POINT('',(-3.49999999997087,26.9877765222438,43.0205103527664));
#5869=CARTESIAN_POINT('',(-3.49999999997087,28.896140704672,48.7089324667823));
#5870=CARTESIAN_POINT('',(-3.49999999997087,26.9877765222438,43.0205103527664));
#5871=CARTESIAN_POINT('Origin',(-20.6495122307728,28.896140704672,48.7089324667823));
#5872=CARTESIAN_POINT('',(-20.6495122307728,27.,43.0569459041244));
#5873=CARTESIAN_POINT('',(-15.4871341730796,27.,43.0569459041244));
#5874=CARTESIAN_POINT('',(-20.6495122307728,26.9877765222438,43.0205103527664));
#5875=CARTESIAN_POINT('',(-20.6495122307728,28.896140704672,48.7089324667823));
#5876=CARTESIAN_POINT('Origin',(-22.0747561153718,39.1791785273879,38.9305123790093));
#5877=CARTESIAN_POINT('',(-40.6495122307728,47.,36.3067662370477));
#5878=CARTESIAN_POINT('',(-20.7272752035949,27.0001511775699,43.0163588765712));
#5879=CARTESIAN_POINT('Origin',(-20.6495122307728,47.,36.3067662370477));
#5880=CARTESIAN_POINT('',(-38.1495122307728,45.0916358175718,36.9469883900067));
#5881=CARTESIAN_POINT('Origin',(-17.2121914674394,46.6287380588071,36.4313179979175));
#5882=CARTESIAN_POINT('',(-38.1495122307728,65.766721237204,30.0108659130454));
#5883=CARTESIAN_POINT('',(-38.1495122307728,65.766721237204,30.0108659130454));
#5884=CARTESIAN_POINT('',(-40.6495122307728,65.766721237204,30.0108659130454));
#5885=CARTESIAN_POINT('',(-31.3621341730723,65.766721237204,30.0108659130454));
#5886=CARTESIAN_POINT('',(-40.6495122307728,80.996897897534,24.9014132303737));
#5887=CARTESIAN_POINT('Origin',(-22.0747561153718,39.1791785273879,38.9305123790093));
#5888=CARTESIAN_POINT('',(-8.49999999997087,14.5,47.2099366920141));
#5889=CARTESIAN_POINT('',(-5.28737805768591,14.5,47.2099366920141));
#5890=CARTESIAN_POINT('',(-8.49999999997088,24.2570660398076,43.9366150251714));
#5891=CARTESIAN_POINT('Origin',(-17.2121914674394,48.5371022412353,42.1197401119334));
#5892=CARTESIAN_POINT('Ctrl Pts',(-20.7272752035949,27.0001511775699,43.0163588765712));
#5893=CARTESIAN_POINT('Ctrl Pts',(-20.7013580546261,27.0000504070807,43.0298930319647));
#5894=CARTESIAN_POINT('Ctrl Pts',(-20.675435113216,27.,43.0434229627275));
#5895=CARTESIAN_POINT('Ctrl Pts',(-20.6495122307728,27.,43.0569459041244));
#5896=CARTESIAN_POINT('',(-38.1495122307728,47.,42.6354105040226));
#5897=CARTESIAN_POINT('Origin',(-38.1495122307728,67.6750854196322,35.6992880270613));
#5898=CARTESIAN_POINT('',(-38.1495122307728,65.5281757144005,29.2998131487934));
#5899=CARTESIAN_POINT('Origin',(-3.49999999997088,20.5,40.8386073573751));
#5900=CARTESIAN_POINT('',(-8.49999999997087,20.5,64.3386073573605));
#5901=CARTESIAN_POINT('Origin',(-3.49999999997087,20.5,64.3386073573606));
#5902=CARTESIAN_POINT('',(-8.49999999997088,20.5,40.8386073573751));
#5903=CARTESIAN_POINT('Origin',(-8.49999999997087,14.5,64.3386073573605));
#5904=CARTESIAN_POINT('',(-8.49999999997091,14.5,-29.6613926425812));
#5905=CARTESIAN_POINT('',(-8.49999999997088,14.5,40.8386073573751));
#5906=CARTESIAN_POINT('',(-8.49999999997091,14.5,-29.6613926425812));
#5907=CARTESIAN_POINT('Origin',(-8.49999999997087,14.5,64.3386073573605));
#5908=CARTESIAN_POINT('',(-8.49999999997087,14.5,64.3386073573605));
#5909=CARTESIAN_POINT('',(-8.49999999997087,14.5,64.3386073573605));
#5910=CARTESIAN_POINT('',(-8.49999999997088,14.5,40.8386073573751));
#5911=CARTESIAN_POINT('Origin',(11.5,14.5,17.3386073573897));
#5912=CARTESIAN_POINT('',(31.4999999999709,14.5,64.3386073573605));
#5913=CARTESIAN_POINT('',(21.4999999999855,14.5,64.3386073573605));
#5914=CARTESIAN_POINT('',(31.4999999999709,14.5,-29.6613926425812));
#5915=CARTESIAN_POINT('',(31.4999999999709,14.5,-6.16139264259578));
#5916=CARTESIAN_POINT('',(1.50000000001455,14.5,-29.6613926425812));
#5917=CARTESIAN_POINT('',(33.,14.5,-31.1613926426103));
#5918=CARTESIAN_POINT('Origin',(11.5,14.5,4.35944069072302));
#5919=CARTESIAN_POINT('',(33.,14.5,55.0926406649748));
#5920=CARTESIAN_POINT('',(33.,14.5,65.8386073573896));
#5921=CARTESIAN_POINT('',(36.75,14.5,59.9338698477341));
#5922=CARTESIAN_POINT('Origin',(38.,14.5,55.0926406649748));
#5923=CARTESIAN_POINT('',(36.,14.5,65.8386073573896));
#5924=CARTESIAN_POINT('Origin',(36.,14.5,62.8386073573896));
#5925=CARTESIAN_POINT('',(-13.,14.5,65.8386073573896));
#5926=CARTESIAN_POINT('',(-13.,14.5,65.8386073573896));
#5927=CARTESIAN_POINT('Origin',(-13.,14.5,62.8386073573897));
#5928=CARTESIAN_POINT('',(12.8,14.5,-34.1613926426103));
#5929=CARTESIAN_POINT('Origin',(11.5,14.5,-34.1613926426103));
#5930=CARTESIAN_POINT('',(37.3,14.5,62.8386073573896));
#5931=CARTESIAN_POINT('Origin',(36.,14.5,62.8386073573896));
#5932=CARTESIAN_POINT('',(-11.7,14.5,62.8386073573897));
#5933=CARTESIAN_POINT('Origin',(-13.,14.5,62.8386073573897));
#5934=CARTESIAN_POINT('Origin',(-40.6495122307728,130.,32.2903905728775));
#5935=CARTESIAN_POINT('',(-40.6495122307728,63.3812660091688,22.9003382705255));
#5936=CARTESIAN_POINT('',(-40.6495122307728,68.1666849893464,37.1646403373551));
#5937=CARTESIAN_POINT('',(-40.6495122307728,88.0310951699044,14.6307601466701));
#5938=CARTESIAN_POINT('',(-40.6495122307728,104.230128604775,9.19627329294423));
#5939=CARTESIAN_POINT('',(-40.6495122307728,96.6187339908312,40.2286596597417));
#5940=CARTESIAN_POINT('',(-40.6495122307728,97.1103335605454,41.6940119700354));
#5941=CARTESIAN_POINT('',(-40.6495122307728,71.9689048300956,48.4982377835971));
#5942=CARTESIAN_POINT('',(-40.6495122307728,100.492852845334,38.9289618679435));
#5943=CARTESIAN_POINT('',(-40.6495122307728,68.1666849893464,37.1646403373551));
#5944=CARTESIAN_POINT('',(-40.6495122307728,47.,59.0806364595268));
#5945=CARTESIAN_POINT('',(-40.6495122307728,47.,40.3144989651336));
#5946=CARTESIAN_POINT('',(-40.6495122307728,113.,36.9388133817488));
#5947=CARTESIAN_POINT('',(-40.6495122307728,79.6819393029286,48.1164286127976));
#5948=CARTESIAN_POINT('',(-40.6495122307728,113.,4.0483614707404));
#5949=CARTESIAN_POINT('',(-40.6495122307728,113.,16.4232938043992));
#5950=CARTESIAN_POINT('',(-40.6495122307728,47.,26.1901845485184));
#5951=CARTESIAN_POINT('',(-40.6495122307728,125.04104214718,0.00880654809015196));
#5952=CARTESIAN_POINT('',(-40.6495122307728,47.,40.3144989651336));
#5953=CARTESIAN_POINT('Origin',(-10.3247561153864,27.,48.3386073573897));
#5954=CARTESIAN_POINT('',(-20.6495122307728,27.,31.8386073573897));
#5955=CARTESIAN_POINT('',(-20.6495122307728,27.,40.3144989651336));
#5956=CARTESIAN_POINT('',(0.8376219423068,27.,31.8386073573897));
#5957=CARTESIAN_POINT('Origin',(-20.6495122307728,47.,40.3144989651336));
#5958=CARTESIAN_POINT('',(-29.2284386828827,28.9334004049105,64.8386073573897));
#5959=CARTESIAN_POINT('Origin',(-20.6495122307728,47.,64.8386073573897));
#5960=CARTESIAN_POINT('Origin',(-20.6495122307728,47.,59.0806364595268));
#5961=CARTESIAN_POINT('Origin',(-38.6495122307728,66.3251734925128,24.4441675128678));
#5962=CARTESIAN_POINT('',(-38.6495122307728,66.3251734925128,25.2441675128678));
#5963=CARTESIAN_POINT('Origin',(-38.6495122307728,66.3251734925128,24.4441675128678));
#5964=CARTESIAN_POINT('',(-36.6495122307728,66.3251734925128,25.2441675128678));
#5965=CARTESIAN_POINT('',(-38.6495122307728,66.3251734925128,25.2441675128678));
#5966=CARTESIAN_POINT('Origin',(-36.6495122307728,66.3251734925128,24.4441675128678));
#5967=CARTESIAN_POINT('Origin',(-36.6495122307728,66.3251734925128,24.4441675128678));
#5968=CARTESIAN_POINT('Origin',(-38.6495122307728,86.6138790325029,17.6376685955406));
#5969=CARTESIAN_POINT('',(-38.6495122307728,86.6138790325029,18.4376685955406));
#5970=CARTESIAN_POINT('Origin',(-38.6495122307728,86.6138790325029,17.6376685955406));
#5971=CARTESIAN_POINT('',(-36.6495122307728,86.6138790325029,18.4376685955406));
#5972=CARTESIAN_POINT('',(-38.6495122307728,86.6138790325029,18.4376685955406));
#5973=CARTESIAN_POINT('Origin',(-36.6495122307728,86.6138790325029,17.6376685955406));
#5974=CARTESIAN_POINT('Origin',(-36.6495122307728,86.6138790325029,17.6376685955406));
#5975=CARTESIAN_POINT('Origin',(-38.6495122307728,93.6748265074872,38.6848304173994));
#5976=CARTESIAN_POINT('',(-38.6495122307728,93.6748265074872,39.4848304173994));
#5977=CARTESIAN_POINT('Origin',(-38.6495122307728,93.6748265074872,38.6848304173994));
#5978=CARTESIAN_POINT('',(-36.6495122307728,93.6748265074872,39.4848304173994));
#5979=CARTESIAN_POINT('',(-38.6495122307728,93.6748265074872,39.4848304173994));
#5980=CARTESIAN_POINT('Origin',(-36.6495122307728,93.6748265074872,38.6848304173994));
#5981=CARTESIAN_POINT('Origin',(-36.6495122307728,93.6748265074872,38.6848304173994));
#5982=CARTESIAN_POINT('Origin',(-38.6495122307728,73.3861209674971,45.4913293347266));
#5983=CARTESIAN_POINT('',(-38.6495122307728,73.3861209674971,46.2913293347266));
#5984=CARTESIAN_POINT('Origin',(-38.6495122307728,73.3861209674971,45.4913293347266));
#5985=CARTESIAN_POINT('',(-36.6495122307728,73.3861209674971,46.2913293347266));
#5986=CARTESIAN_POINT('',(-38.6495122307728,73.3861209674971,46.2913293347266));
#5987=CARTESIAN_POINT('Origin',(-36.6495122307728,73.3861209674971,45.4913293347266));
#5988=CARTESIAN_POINT('Origin',(-36.6495122307728,73.3861209674971,45.4913293347266));
#5989=CARTESIAN_POINT('Origin',(-37.1495122307728,73.3861209674971,45.4913293347266));
#5990=CARTESIAN_POINT('',(-38.6495122307728,73.3861209674971,47.4913293347266));
#5991=CARTESIAN_POINT('Origin',(-38.6495122307728,73.3861209674971,45.4913293347266));
#5992=CARTESIAN_POINT('',(-37.1495122307728,73.3861209674971,47.4913293347266));
#5993=CARTESIAN_POINT('',(-37.1495122307728,73.3861209674971,47.4913293347266));
#5994=CARTESIAN_POINT('Origin',(-37.1495122307728,73.3861209674971,45.4913293347266));
#5995=CARTESIAN_POINT('Origin',(-38.6495122307728,73.3861209674971,45.4913293347266));
#5996=CARTESIAN_POINT('Origin',(-37.1495122307728,66.3251734925128,24.4441675128678));
#5997=CARTESIAN_POINT('',(-38.6495122307728,66.3251734925128,26.4441675128678));
#5998=CARTESIAN_POINT('Origin',(-38.6495122307728,66.3251734925128,24.4441675128678));
#5999=CARTESIAN_POINT('',(-37.1495122307728,66.3251734925128,26.4441675128678));
#6000=CARTESIAN_POINT('',(-37.1495122307728,66.3251734925128,26.4441675128678));
#6001=CARTESIAN_POINT('Origin',(-37.1495122307728,66.3251734925128,24.4441675128678));
#6002=CARTESIAN_POINT('Origin',(-38.6495122307728,66.3251734925128,24.4441675128678));
#6003=CARTESIAN_POINT('Origin',(-37.1495122307728,93.6748265074872,38.6848304173994));
#6004=CARTESIAN_POINT('',(-38.6495122307728,93.6748265074872,40.6848304173994));
#6005=CARTESIAN_POINT('Origin',(-38.6495122307728,93.6748265074872,38.6848304173994));
#6006=CARTESIAN_POINT('',(-37.1495122307728,93.6748265074872,40.6848304173994));
#6007=CARTESIAN_POINT('',(-37.1495122307728,93.6748265074872,40.6848304173994));
#6008=CARTESIAN_POINT('Origin',(-37.1495122307728,93.6748265074872,38.6848304173994));
#6009=CARTESIAN_POINT('Origin',(-38.6495122307728,93.6748265074872,38.6848304173994));
#6010=CARTESIAN_POINT('Origin',(-37.1495122307728,86.6138790325029,17.6376685955406));
#6011=CARTESIAN_POINT('',(-38.6495122307728,86.6138790325029,19.6376685955406));
#6012=CARTESIAN_POINT('Origin',(-38.6495122307728,86.6138790325029,17.6376685955406));
#6013=CARTESIAN_POINT('',(-37.1495122307728,86.6138790325029,19.6376685955406));
#6014=CARTESIAN_POINT('',(-37.1495122307728,86.6138790325029,19.6376685955406));
#6015=CARTESIAN_POINT('Origin',(-37.1495122307728,86.6138790325029,17.6376685955406));
#6016=CARTESIAN_POINT('Origin',(-38.6495122307728,86.6138790325029,17.6376685955406));
#6017=CARTESIAN_POINT('Origin',(-40.6495122307728,63.3812660091688,22.9003382705255));
#6018=CARTESIAN_POINT('',(-37.1495122307728,71.9689048300956,48.4982377835971));
#6019=CARTESIAN_POINT('',(-40.6495122307728,71.9689048300956,48.4982377835971));
#6020=CARTESIAN_POINT('',(-37.1495122307728,63.3812660091688,22.9003382705255));
#6021=CARTESIAN_POINT('',(-37.1495122307728,71.9689048300956,48.4982377835971));
#6022=CARTESIAN_POINT('',(-40.6495122307728,63.3812660091688,22.9003382705255));
#6023=CARTESIAN_POINT('Origin',(-40.6495122307728,88.0310951699044,14.6307601466701));
#6024=CARTESIAN_POINT('',(-37.1495122307728,88.0310951699044,14.6307601466701));
#6025=CARTESIAN_POINT('',(-37.1495122307728,63.3812660091688,22.9003382705255));
#6026=CARTESIAN_POINT('',(-40.6495122307728,88.0310951699044,14.6307601466701));
#6027=CARTESIAN_POINT('Origin',(-40.6495122307728,96.6187339908312,40.2286596597417));
#6028=CARTESIAN_POINT('',(-37.1495122307728,96.6187339908312,40.2286596597417));
#6029=CARTESIAN_POINT('',(-37.1495122307728,88.0310951699044,14.6307601466701));
#6030=CARTESIAN_POINT('',(-40.6495122307728,96.6187339908312,40.2286596597417));
#6031=CARTESIAN_POINT('Origin',(-40.6495122307728,71.9689048300956,48.4982377835971));
#6032=CARTESIAN_POINT('',(-37.1495122307728,96.6187339908312,40.2286596597417));
#6033=CARTESIAN_POINT('Origin',(-37.1495122307728,80.,31.5644989651336));
#6034=CARTESIAN_POINT('Origin',(-13.,14.5,62.8386073573897));
#6035=CARTESIAN_POINT('',(-11.7,19.5,62.8386073573897));
#6036=CARTESIAN_POINT('Origin',(-13.,19.5,62.8386073573897));
#6037=CARTESIAN_POINT('',(-11.7,14.5,62.8386073573897));
#6038=CARTESIAN_POINT('Origin',(-13.,14.5,62.8386073573897));
#6039=CARTESIAN_POINT('',(-13.,19.5,65.8386073573896));
#6040=CARTESIAN_POINT('',(-13.,14.5,65.8386073573896));
#6041=CARTESIAN_POINT('Origin',(-13.,19.5,62.8386073573897));
#6042=CARTESIAN_POINT('Origin',(-13.,19.5,60.4656240111822));
#6043=CARTESIAN_POINT('',(-13.,19.5,65.8386073573896));
#6044=CARTESIAN_POINT('Origin',(36.,14.5,62.8386073573896));
#6045=CARTESIAN_POINT('',(37.3,19.5,62.8386073573896));
#6046=CARTESIAN_POINT('Origin',(36.,19.5,62.8386073573896));
#6047=CARTESIAN_POINT('',(37.3,14.5,62.8386073573896));
#6048=CARTESIAN_POINT('Origin',(36.,14.5,62.8386073573896));
#6049=CARTESIAN_POINT('',(36.75,19.5,59.9338698477341));
#6050=CARTESIAN_POINT('',(36.75,14.5,59.9338698477341));
#6051=CARTESIAN_POINT('',(36.,19.5,65.8386073573896));
#6052=CARTESIAN_POINT('Origin',(36.,19.5,62.8386073573896));
#6053=CARTESIAN_POINT('',(36.,14.5,65.8386073573896));
#6054=CARTESIAN_POINT('Origin',(38.,14.5,55.0926406649748));
#6055=CARTESIAN_POINT('',(33.,19.5,55.0926406649748));
#6056=CARTESIAN_POINT('',(33.,14.5,55.0926406649748));
#6057=CARTESIAN_POINT('Origin',(38.,19.5,55.0926406649748));
#6058=CARTESIAN_POINT('Origin',(36.,19.5,60.4656240111822));
#6059=CARTESIAN_POINT('',(33.,19.5,65.8386073573896));
#6060=CARTESIAN_POINT('',(33.,19.5,63.1521156842859));
#6061=CARTESIAN_POINT('',(-13.,19.5,65.8386073573896));
#6062=CARTESIAN_POINT('Origin',(11.5,14.5,-34.1613926426103));
#6063=CARTESIAN_POINT('',(12.8,19.5,-34.1613926426103));
#6064=CARTESIAN_POINT('Origin',(11.5,19.5,-34.1613926426103));
#6065=CARTESIAN_POINT('',(12.8,14.5,-34.1613926426103));
#6066=CARTESIAN_POINT('Origin',(11.5,14.5,4.35944069072302));
#6067=CARTESIAN_POINT('',(33.,19.5,-31.1613926426103));
#6068=CARTESIAN_POINT('Origin',(11.5,19.5,4.35944069072302));
#6069=CARTESIAN_POINT('',(33.,27.,-31.1613926426103));
#6070=CARTESIAN_POINT('Origin',(11.5,19.5,-34.1613926426103));
#6071=CARTESIAN_POINT('',(22.25,19.5,-31.1613926426103));
#6072=CARTESIAN_POINT('Origin',(1.50000000001455,20.5,-24.6613926425812));
#6073=CARTESIAN_POINT('',(1.50000000001455,20.5,-29.6613926425812));
#6074=CARTESIAN_POINT('Origin',(31.4999999999709,14.5,64.3386073573605));
#6075=CARTESIAN_POINT('',(31.4999999999709,14.5,64.3386073573605));
#6076=CARTESIAN_POINT('Origin',(22.25,22.,-26.1613926426103));
#6077=CARTESIAN_POINT('',(33.,22.,-31.1613926426103));
#6078=CARTESIAN_POINT('',(22.25,22.,-31.1613926426103));
#6079=CARTESIAN_POINT('Origin',(28.,22.,-26.1613926426103));
#6080=CARTESIAN_POINT('Origin',(28.,22.,41.5886073573897));
#6081=CARTESIAN_POINT('',(33.,22.,65.8386073573896));
#6082=CARTESIAN_POINT('Origin',(28.,22.,65.8386073573896));
#6083=CARTESIAN_POINT('',(33.,22.,41.5886073573897));
#6084=CARTESIAN_POINT('Origin',(-5.,22.,-6.91139264261034));
#6085=CARTESIAN_POINT('Origin',(33.,27.,-31.1613926426103));
#6086=CARTESIAN_POINT('',(33.,27.,-31.1613926426103));
#6087=CARTESIAN_POINT('Ctrl Pts',(19.3416640105386,27.,65.8386073573896));
#6088=CARTESIAN_POINT('Ctrl Pts',(19.784004490182,27.,65.8386073573896));
#6089=CARTESIAN_POINT('Ctrl Pts',(20.5112429874082,27.,65.8386073573896));
#6090=CARTESIAN_POINT('Ctrl Pts',(21.2868605454683,27.,65.8386073573896));
#6091=CARTESIAN_POINT('Ctrl Pts',(21.6771354759872,27.,65.8386073573896));
#6092=CARTESIAN_POINT('Ctrl Pts',(21.8498124078489,27.,65.8386073573897));
#6093=CARTESIAN_POINT('Ctrl Pts',(21.9302276482547,27.,65.8386073573896));
#6094=CARTESIAN_POINT('Ctrl Pts',(21.974327407658,27.,65.8386073573896));
#6095=CARTESIAN_POINT('Ctrl Pts',(21.9957634615711,27.,65.8386073573896));
#6096=CARTESIAN_POINT('Ctrl Pts',(22.0063174630851,27.,65.8386073573896));
#6097=CARTESIAN_POINT('Ctrl Pts',(19.1906985815547,27.1737416821427,65.7627802707432));
#6098=CARTESIAN_POINT('Ctrl Pts',(19.5789944011614,27.2184075229317,65.7140027115606));
#6099=CARTESIAN_POINT('Ctrl Pts',(20.2082911565567,27.2631144958041,65.5938270330069));
#6100=CARTESIAN_POINT('Ctrl Pts',(20.8240516273476,27.1773648026524,65.4699145681466));
#6101=CARTESIAN_POINT('Ctrl Pts',(21.1090531650792,27.0889576992595,65.4577808944411));
#6102=CARTESIAN_POINT('Ctrl Pts',(21.2301077961943,27.0431585362594,65.4732875429611));
#6103=CARTESIAN_POINT('Ctrl Pts',(21.2855700721337,27.0210195060536,65.4865077295751));
#6104=CARTESIAN_POINT('Ctrl Pts',(21.3157911390784,27.0088155188862,65.4956493521663));
#6105=CARTESIAN_POINT('Ctrl Pts',(21.3304376959623,27.0029102411958,65.500733460224));
#6106=CARTESIAN_POINT('Ctrl Pts',(21.337635474267,27.,65.5033973021826));
#6107=CARTESIAN_POINT('Ctrl Pts',(18.9265409758716,27.5026086052596,65.6870504216481));
#6108=CARTESIAN_POINT('Ctrl Pts',(19.2203512390882,27.6502785403791,65.5881219740847));
#6109=CARTESIAN_POINT('Ctrl Pts',(19.6736983360496,27.8466146303986,65.3390416871981));
#6110=CARTESIAN_POINT('Ctrl Pts',(20.0134548945872,27.8438427770617,65.0211975599355));
#6111=CARTESIAN_POINT('Ctrl Pts',(20.1196928925651,27.7508301739898,64.9229321156042));
#6112=CARTESIAN_POINT('Ctrl Pts',(20.154208498624,27.6914317672024,64.9102359669368));
#6113=CARTESIAN_POINT('Ctrl Pts',(20.1680657313952,27.660120010882,64.9134121050216));
#6114=CARTESIAN_POINT('Ctrl Pts',(20.1752260119494,27.6421000112445,64.9180808335263));
#6115=CARTESIAN_POINT('Ctrl Pts',(20.178590172127,27.6330820012831,64.9213347758468));
#6116=CARTESIAN_POINT('Ctrl Pts',(20.1802301911073,27.6285903226861,64.9231904245447));
#6117=CARTESIAN_POINT('Ctrl Pts',(18.6817418108236,27.8507850375873,65.7163353381402));
#6118=CARTESIAN_POINT('Ctrl Pts',(18.9007690895015,28.1210972724936,65.6351539875283));
#6119=CARTESIAN_POINT('Ctrl Pts',(19.2470665919386,28.5395247415984,65.430579654096));
#6120=CARTESIAN_POINT('Ctrl Pts',(19.550520730194,28.8544168956436,65.0922510974313));
#6121=CARTESIAN_POINT('Ctrl Pts',(19.6764651944841,28.9360340743982,64.8956745787755));
#6122=CARTESIAN_POINT('Ctrl Pts',(19.7272813937798,28.9474940273239,64.8041664846397));
#6123=CARTESIAN_POINT('Ctrl Pts',(19.7501217980243,28.9457969067808,64.7604307149606));
#6124=CARTESIAN_POINT('Ctrl Pts',(19.7624939010414,28.9426397058627,64.7361054767336));
#6125=CARTESIAN_POINT('Ctrl Pts',(19.7684751155937,28.940333854316,64.7241635465433));
#6126=CARTESIAN_POINT('Ctrl Pts',(19.7714125416696,28.939001311859,64.7182502749232));
#6127=CARTESIAN_POINT('Ctrl Pts',(18.5828656306233,28.,65.7478320195935));
#6128=CARTESIAN_POINT('Ctrl Pts',(18.7758916455192,28.3228564402732,65.6863442184764));
#6129=CARTESIAN_POINT('Ctrl Pts',(19.0955341121489,28.8372834888162,65.5295579620156));
#6130=CARTESIAN_POINT('Ctrl Pts',(19.443396400956,29.287880402622,65.2119379109214));
#6131=CARTESIAN_POINT('Ctrl Pts',(19.6206932866689,29.4439266043665,64.9781547387914));
#6132=CARTESIAN_POINT('Ctrl Pts',(19.6996129929168,29.4854831093949,64.8511633490295));
#6133=CARTESIAN_POINT('Ctrl Pts',(19.7364714748353,29.4963373314594,64.7853802627911));
#6134=CARTESIAN_POINT('Ctrl Pts',(19.756713311897,29.4994666614057,64.7472027076578));
#6135=CARTESIAN_POINT('Ctrl Pts',(19.7665615633176,29.5,64.7279270784729));
#6136=CARTESIAN_POINT('Ctrl Pts',(19.7714125416696,29.5,64.7182502749232));
#6137=CARTESIAN_POINT('',(19.7714125416696,29.5,64.7182502749232));
#6138=CARTESIAN_POINT('Origin',(22.0063174630851,29.5,65.8386073573896));
#6139=CARTESIAN_POINT('',(18.5828656306233,28.,65.7478320195935));
#6140=CARTESIAN_POINT('Ctrl Pts',(18.5828656306233,28.,65.7478320195935));
#6141=CARTESIAN_POINT('Ctrl Pts',(18.7758916455192,28.3228564402732,65.6863442184764));
#6142=CARTESIAN_POINT('Ctrl Pts',(19.0955341121489,28.8372834888162,65.5295579620156));
#6143=CARTESIAN_POINT('Ctrl Pts',(19.443396400956,29.287880402622,65.2119379109214));
#6144=CARTESIAN_POINT('Ctrl Pts',(19.6206932866689,29.4439266043665,64.9781547387914));
#6145=CARTESIAN_POINT('Ctrl Pts',(19.6996129929168,29.4854831093949,64.8511633490295));
#6146=CARTESIAN_POINT('Ctrl Pts',(19.7364714748353,29.4963373314594,64.7853802627911));
#6147=CARTESIAN_POINT('Ctrl Pts',(19.756713311897,29.4994666614057,64.7472027076578));
#6148=CARTESIAN_POINT('Ctrl Pts',(19.7665615633176,29.5,64.7279270784729));
#6149=CARTESIAN_POINT('Ctrl Pts',(19.7714125416696,29.5,64.7182502749232));
#6150=CARTESIAN_POINT('',(19.3416640105386,27.,65.8386073573896));
#6151=CARTESIAN_POINT('Origin',(19.3416640105386,28.,68.1298952048676));
#6152=CARTESIAN_POINT('',(-9.99999999999999,27.,65.8386073573896));
#6153=CARTESIAN_POINT('Ctrl Pts',(22.0063174630851,27.,65.8386073573896));
#6154=CARTESIAN_POINT('Ctrl Pts',(22.328351670267,27.,65.1962087455912));
#6155=CARTESIAN_POINT('Ctrl Pts',(22.5,27.,64.4704726865863));
#6156=CARTESIAN_POINT('Ctrl Pts',(22.5,27.,63.7474289387814));
#6157=CARTESIAN_POINT('Ctrl Pts',(21.337635474267,27.,65.5033973021826));
#6158=CARTESIAN_POINT('Ctrl Pts',(21.6073720297201,27.,64.965322821553));
#6159=CARTESIAN_POINT('Ctrl Pts',(21.7520017491453,27.,64.3545557480382));
#6160=CARTESIAN_POINT('Ctrl Pts',(21.7520017491453,27.,63.7474289387813));
#6161=CARTESIAN_POINT('Ctrl Pts',(20.1802301911073,27.6285903226861,64.9231904245447));
#6162=CARTESIAN_POINT('Ctrl Pts',(20.360140521366,27.6285903226861,64.5643026299287));
#6163=CARTESIAN_POINT('Ctrl Pts',(20.45730988992,27.6285903226861,64.1554573051512));
#6164=CARTESIAN_POINT('Ctrl Pts',(20.45730988992,27.6285903226861,63.7474289387813));
#6165=CARTESIAN_POINT('Ctrl Pts',(19.7714125416696,28.939001311859,64.7182502749232));
#6166=CARTESIAN_POINT('Ctrl Pts',(19.9192973704377,28.939001311859,64.4232474255736));
#6167=CARTESIAN_POINT('Ctrl Pts',(20.,28.939001311859,64.0844732749788));
#6168=CARTESIAN_POINT('Ctrl Pts',(20.,28.939001311859,63.7474289387813));
#6169=CARTESIAN_POINT('Ctrl Pts',(19.7714125416696,29.5,64.7182502749232));
#6170=CARTESIAN_POINT('Ctrl Pts',(19.9194304252725,29.5,64.4229820058161));
#6171=CARTESIAN_POINT('Ctrl Pts',(20.,29.5,64.0847681889682));
#6172=CARTESIAN_POINT('Ctrl Pts',(20.,29.5,63.7474289387813));
#6173=CARTESIAN_POINT('',(20.,29.5,63.7474289387813));
#6174=CARTESIAN_POINT('Origin',(22.5,29.5,63.7474289387814));
#6175=CARTESIAN_POINT('Ctrl Pts',(19.7714125416696,29.5,64.7182502749232));
#6176=CARTESIAN_POINT('Ctrl Pts',(19.9194304252725,29.5,64.4229820058161));
#6177=CARTESIAN_POINT('Ctrl Pts',(20.,29.5,64.0847681889682));
#6178=CARTESIAN_POINT('Ctrl Pts',(20.,29.5,63.7474289387813));
#6179=CARTESIAN_POINT('Ctrl Pts',(18.,27.,65.8386073573896));
#6180=CARTESIAN_POINT('Ctrl Pts',(18.4927844971594,27.,65.8386073573896));
#6181=CARTESIAN_POINT('Ctrl Pts',(18.9561817203022,27.,65.8386073573896));
#6182=CARTESIAN_POINT('Ctrl Pts',(19.3416640105386,27.,65.8386073573896));
#6183=CARTESIAN_POINT('Ctrl Pts',(18.,27.2782917812781,65.7867772935564));
#6184=CARTESIAN_POINT('Ctrl Pts',(18.398145196659,27.2782917812781,65.7867772935564));
#6185=CARTESIAN_POINT('Ctrl Pts',(18.7714462319556,27.2982233056491,65.7532479469979));
#6186=CARTESIAN_POINT('Ctrl Pts',(19.0774745098168,27.3040479437498,65.7059099557583));
#6187=CARTESIAN_POINT('Ctrl Pts',(18.,27.5654089639171,65.7826747821006));
#6188=CARTESIAN_POINT('Ctrl Pts',(18.3035297523837,27.5654089639171,65.7826747821006));
#6189=CARTESIAN_POINT('Ctrl Pts',(18.5866880073616,27.6133416297783,65.7407423083589));
#6190=CARTESIAN_POINT('Ctrl Pts',(18.8135767177572,27.6518317543703,65.6743397628692));
#6191=CARTESIAN_POINT('Ctrl Pts',(18.,27.845067992489,65.8265324927357));
#6192=CARTESIAN_POINT('Ctrl Pts',(18.2143093312903,27.845067992489,65.8265324927357));
#6193=CARTESIAN_POINT('Ctrl Pts',(18.4146510680376,27.9196123828063,65.801416214319));
#6194=CARTESIAN_POINT('Ctrl Pts',(18.5828656306233,28.,65.7478320195935));
#6195=CARTESIAN_POINT('',(18.,27.,65.8386073573896));
#6196=CARTESIAN_POINT('',(18.,27.845067992489,65.8265324927358));
#6197=CARTESIAN_POINT('Origin',(18.,27.4577379737114,68.296345331101));
#6198=CARTESIAN_POINT('',(-9.99999999999999,27.,65.8386073573896));
#6199=CARTESIAN_POINT('Ctrl Pts',(18.,27.845067992489,65.8265324927357));
#6200=CARTESIAN_POINT('Ctrl Pts',(18.2143093312903,27.845067992489,65.8265324927357));
#6201=CARTESIAN_POINT('Ctrl Pts',(18.4146510680376,27.9196123828063,65.801416214319));
#6202=CARTESIAN_POINT('Ctrl Pts',(18.5828656306233,28.,65.7478320195935));
#6203=CARTESIAN_POINT('Origin',(22.5,29.5,34.9215898594717));
#6204=CARTESIAN_POINT('',(20.,29.5,39.2033210318234));
#6205=CARTESIAN_POINT('Origin',(22.5,29.5,39.2033210318234));
#6206=CARTESIAN_POINT('',(20.,29.5,34.9215898594717));
#6207=CARTESIAN_POINT('Origin',(-9.99999999999999,27.4577379737114,68.296345331101));
#6208=CARTESIAN_POINT('',(-9.99999999999999,27.845067992489,65.8265324927358));
#6209=CARTESIAN_POINT('',(-9.99999999999999,27.,65.8386073573896));
#6210=CARTESIAN_POINT('Ctrl Pts',(22.5,27.,39.2033210318234));
#6211=CARTESIAN_POINT('Ctrl Pts',(22.5,27.,38.0123979145131));
#6212=CARTESIAN_POINT('Ctrl Pts',(22.113697320482,27.,35.6060115420432));
#6213=CARTESIAN_POINT('Ctrl Pts',(20.2360691633342,27.,32.0222871238524));
#6214=CARTESIAN_POINT('Ctrl Pts',(16.7932294809824,27.,29.1093262880122));
#6215=CARTESIAN_POINT('Ctrl Pts',(13.5885304204863,27.,28.3386073573897));
#6216=CARTESIAN_POINT('Ctrl Pts',(12.,27.,28.3386073573897));
#6217=CARTESIAN_POINT('Ctrl Pts',(21.7520017491453,27.,39.2033210318234));
#6218=CARTESIAN_POINT('Ctrl Pts',(21.7520017491453,27.,38.0919617581779));
#6219=CARTESIAN_POINT('Ctrl Pts',(21.3909045559065,27.,35.8452275368677));
#6220=CARTESIAN_POINT('Ctrl Pts',(19.6400710548941,27.,32.5056200374216));
#6221=CARTESIAN_POINT('Ctrl Pts',(16.4402917140106,27.,29.800254568909));
#6222=CARTESIAN_POINT('Ctrl Pts',(13.4709565386237,27.,29.0866056082444));
#6223=CARTESIAN_POINT('Ctrl Pts',(12.,27.,29.0866056082444));
#6224=CARTESIAN_POINT('Ctrl Pts',(20.457220504159,27.6284584273285,39.2033210318234));
#6225=CARTESIAN_POINT('Ctrl Pts',(20.457220504159,27.6284584273285,38.2286202792031));
#6226=CARTESIAN_POINT('Ctrl Pts',(20.1409283996307,27.6284584273286,36.2596363489088));
#6227=CARTESIAN_POINT('Ctrl Pts',(18.6098017768522,27.6284584273285,33.3413198997329));
#6228=CARTESIAN_POINT('Ctrl Pts',(15.829475864206,27.6284584273285,30.9949922782092));
#6229=CARTESIAN_POINT('Ctrl Pts',(13.2690121369147,27.6284584273285,30.3813868532307));
#6230=CARTESIAN_POINT('Ctrl Pts',(12.,27.6284584273285,30.3813868532307));
#6231=CARTESIAN_POINT('Ctrl Pts',(20.,28.939001311859,39.2033210318234));
#6232=CARTESIAN_POINT('Ctrl Pts',(20.,28.939001311859,38.2773427726546));
#6233=CARTESIAN_POINT('Ctrl Pts',(19.6990175859208,28.939001311859,36.4058321052041));
#6234=CARTESIAN_POINT('Ctrl Pts',(18.2453765755779,28.939001311859,33.636839910883));
#6235=CARTESIAN_POINT('Ctrl Pts',(15.6137297963368,28.939001311859,31.4174323776221));
#6236=CARTESIAN_POINT('Ctrl Pts',(13.1970134447292,28.939001311859,30.8386073573897));
#6237=CARTESIAN_POINT('Ctrl Pts',(12.,28.939001311859,30.8386073573897));
#6238=CARTESIAN_POINT('Ctrl Pts',(20.,29.5,39.2033210318234));
#6239=CARTESIAN_POINT('Ctrl Pts',(20.,29.5,38.2771403476178));
#6240=CARTESIAN_POINT('Ctrl Pts',(19.6992405975291,29.5,36.4058942165692));
#6241=CARTESIAN_POINT('Ctrl Pts',(18.2456424914102,29.5,33.6366600986849));
#6242=CARTESIAN_POINT('Ctrl Pts',(15.6137521382057,29.5,31.4171939510996));
#6243=CARTESIAN_POINT('Ctrl Pts',(13.1973125742869,29.5,30.8386073573897));
#6244=CARTESIAN_POINT('Ctrl Pts',(12.,29.5,30.8386073573897));
#6245=CARTESIAN_POINT('Ctrl Pts',(20.,29.5,39.2033210318234));
#6246=CARTESIAN_POINT('Ctrl Pts',(20.,29.5,38.2771403476178));
#6247=CARTESIAN_POINT('Ctrl Pts',(19.6992405975291,29.5,36.4058942165692));
#6248=CARTESIAN_POINT('Ctrl Pts',(18.2456424914102,29.5,33.6366600986849));
#6249=CARTESIAN_POINT('Ctrl Pts',(15.6137521382057,29.5,31.4171939510996));
#6250=CARTESIAN_POINT('Ctrl Pts',(13.1973125742869,29.5,30.8386073573897));
#6251=CARTESIAN_POINT('Ctrl Pts',(12.,29.5,30.8386073573897));
#6252=CARTESIAN_POINT('Origin',(12.,29.5,28.3386073573897));
#6253=CARTESIAN_POINT('',(12.,29.5,30.8386073573897));
#6254=CARTESIAN_POINT('Origin',(0.8376219423068,28.,31.8386073573897));
#6255=CARTESIAN_POINT('',(-20.6495122307728,28.,30.8386073573897));
#6256=CARTESIAN_POINT('Origin',(-20.6495122307728,28.,31.8386073573897));
#6257=CARTESIAN_POINT('',(0.8376219423068,28.,30.8386073573897));
#6258=CARTESIAN_POINT('Origin',(12.,30.,30.8386073573897));
#6259=CARTESIAN_POINT('',(-29.1347936050113,30.,30.8386073573897));
#6260=CARTESIAN_POINT('Origin',(-20.6495122307728,47.,30.8386073573897));
#6261=CARTESIAN_POINT('',(-22.9721664815095,30.,30.8386073573897));
#6262=CARTESIAN_POINT('',(12.,30.,30.8386073573897));
#6263=CARTESIAN_POINT('',(22.9669609930822,30.,30.8386073573897));
#6264=CARTESIAN_POINT('Ctrl Pts',(20.,30.,39.2033210318234));
#6265=CARTESIAN_POINT('Ctrl Pts',(20.,30.,30.8386073573897));
#6266=CARTESIAN_POINT('Ctrl Pts',(12.,30.,30.8386073573897));
#6267=CARTESIAN_POINT('Ctrl Pts',(20.,29.5,39.2033210318234));
#6268=CARTESIAN_POINT('Ctrl Pts',(20.,29.5,30.8386073573897));
#6269=CARTESIAN_POINT('Ctrl Pts',(12.,29.5,30.8386073573897));
#6270=CARTESIAN_POINT('',(20.,30.,39.2033210318234));
#6271=CARTESIAN_POINT('Origin',(12.,30.,39.2033210318234));
#6272=CARTESIAN_POINT('',(20.,30.,39.2033210318234));
#6273=CARTESIAN_POINT('Origin',(20.,34.8882671350761,34.9215898594717));
#6274=CARTESIAN_POINT('',(20.,30.,63.7474289387812));
#6275=CARTESIAN_POINT('',(20.,30.,17.4607949297359));
#6276=CARTESIAN_POINT('',(20.,30.,63.7474289387812));
#6277=CARTESIAN_POINT('Ctrl Pts',(18.,30.,65.8386073573896));
#6278=CARTESIAN_POINT('Ctrl Pts',(20.,30.,65.8386073573896));
#6279=CARTESIAN_POINT('Ctrl Pts',(20.,30.,63.7474289387812));
#6280=CARTESIAN_POINT('Ctrl Pts',(18.,28.,65.8386073573896));
#6281=CARTESIAN_POINT('Ctrl Pts',(20.,28.,65.8386073573896));
#6282=CARTESIAN_POINT('Ctrl Pts',(20.,28.,63.7474289387812));
#6283=CARTESIAN_POINT('',(18.,30.,65.8386073573896));
#6284=CARTESIAN_POINT('Origin',(18.,30.,63.7474289387812));
#6285=CARTESIAN_POINT('',(18.,28.,65.8386073573896));
#6286=CARTESIAN_POINT('',(18.,30.,65.8386073573896));
#6287=CARTESIAN_POINT('Ctrl Pts',(18.,28.,65.8386073573896));
#6288=CARTESIAN_POINT('Ctrl Pts',(18.198259268442,28.,65.8386073573896));
#6289=CARTESIAN_POINT('Ctrl Pts',(18.3963635087723,28.,65.8072416560743));
#6290=CARTESIAN_POINT('Ctrl Pts',(18.5828656306233,28.,65.7478320195935));
#6291=CARTESIAN_POINT('Origin',(-8.4999999999709,14.5,-29.6613926425812));
#6292=CARTESIAN_POINT('',(31.4999999999709,14.5,-29.6613926425812));
#6293=CARTESIAN_POINT('Origin',(31.4999999999709,14.5,-29.6613926425812));
#6294=CARTESIAN_POINT('Origin',(8.48021154999666,35.,34.309777879726));
#6295=CARTESIAN_POINT('',(8.48021154999666,35.,34.309777879726));
#6296=CARTESIAN_POINT('',(8.48021154999666,35.,34.309777879726));
#6297=CARTESIAN_POINT('',(2.6960915545991,35.,47.7274434943182));
#6298=CARTESIAN_POINT('',(6.22705242446081,35.,39.5365255521399));
#6299=CARTESIAN_POINT('',(2.6960915545991,35.,47.7274434943182));
#6300=CARTESIAN_POINT('Ctrl Pts',(12.7261274972673,35.,35.7335734004192));
#6301=CARTESIAN_POINT('Ctrl Pts',(12.7261274972673,4.24999999999996,35.7335734004192));
#6302=CARTESIAN_POINT('Ctrl Pts',(12.6923033442426,35.,35.7075529931282));
#6303=CARTESIAN_POINT('Ctrl Pts',(12.6923033442426,4.24999999999996,35.7075529931282));
#6304=CARTESIAN_POINT('Ctrl Pts',(12.6242162923172,35.,35.6561561536967));
#6305=CARTESIAN_POINT('Ctrl Pts',(12.6242162923172,4.24999999999996,35.6561561536967));
#6306=CARTESIAN_POINT('Ctrl Pts',(12.5379406913313,35.,35.5934755547472));
#6307=CARTESIAN_POINT('Ctrl Pts',(12.5379406913313,4.24999999999996,35.5934755547472));
#6308=CARTESIAN_POINT('Ctrl Pts',(12.4509466405261,35.,35.5320801069669));
#6309=CARTESIAN_POINT('Ctrl Pts',(12.4509466405261,4.24999999999996,35.5320801069669));
#6310=CARTESIAN_POINT('Ctrl Pts',(12.3805936091294,35.,35.4838726007353));
#6311=CARTESIAN_POINT('Ctrl Pts',(12.3805936091294,4.24999999999996,35.4838726007353));
#6312=CARTESIAN_POINT('Ctrl Pts',(12.2919279084142,35.,35.4248961890526));
#6313=CARTESIAN_POINT('Ctrl Pts',(12.2919279084142,4.24999999999996,35.4248961890526));
#6314=CARTESIAN_POINT('Ctrl Pts',(12.2209375036913,35.,35.3790649281918));
#6315=CARTESIAN_POINT('Ctrl Pts',(12.2209375036913,4.24999999999996,35.3790649281918));
#6316=CARTESIAN_POINT('Ctrl Pts',(12.1153330773493,35.,35.3128776732378));
#6317=CARTESIAN_POINT('Ctrl Pts',(12.1153330773493,4.24999999999996,35.3128776732379));
#6318=CARTESIAN_POINT('Ctrl Pts',(12.0102256628379,35.,35.2496113726097));
#6319=CARTESIAN_POINT('Ctrl Pts',(12.0102256628379,4.24999999999996,35.2496113726097));
#6320=CARTESIAN_POINT('Ctrl Pts',(11.8541445714221,35.,35.1602838048599));
#6321=CARTESIAN_POINT('Ctrl Pts',(11.8541445714221,4.24999999999996,35.1602838048599));
#6322=CARTESIAN_POINT('Ctrl Pts',(11.716878480033,35.,35.0864664880493));
#6323=CARTESIAN_POINT('Ctrl Pts',(11.716878480033,4.24999999999996,35.0864664880493));
#6324=CARTESIAN_POINT('Ctrl Pts',(11.5135707688647,35.,34.983709061665));
#6325=CARTESIAN_POINT('Ctrl Pts',(11.5135707688647,4.24999999999996,34.983709061665));
#6326=CARTESIAN_POINT('Ctrl Pts',(11.3137760608167,35.,34.8911873241805));
#6327=CARTESIAN_POINT('Ctrl Pts',(11.3137760608167,4.24999999999996,34.8911873241806));
#6328=CARTESIAN_POINT('Ctrl Pts',(11.021607966023,35.,34.7698363146919));
#6329=CARTESIAN_POINT('Ctrl Pts',(11.021607966023,4.24999999999996,34.7698363146919));
#6330=CARTESIAN_POINT('Ctrl Pts',(10.77051228896,35.,34.6793035108707));
#6331=CARTESIAN_POINT('Ctrl Pts',(10.77051228896,4.24999999999996,34.6793035108707));
#6332=CARTESIAN_POINT('Ctrl Pts',(10.4992300282204,35.,34.5943021276212));
#6333=CARTESIAN_POINT('Ctrl Pts',(10.4992300282204,4.24999999999996,34.5943021276213));
#6334=CARTESIAN_POINT('Ctrl Pts',(10.3249912635709,35.,34.5462680036888));
#6335=CARTESIAN_POINT('Ctrl Pts',(10.3249912635709,4.24999999999996,34.5462680036888));
#6336=CARTESIAN_POINT('Ctrl Pts',(10.1565746474272,35.,34.5042965579252));
#6337=CARTESIAN_POINT('Ctrl Pts',(10.1565746474272,4.24999999999996,34.5042965579252));
#6338=CARTESIAN_POINT('Ctrl Pts',(10.0472529937827,35.,34.479195193487));
#6339=CARTESIAN_POINT('Ctrl Pts',(10.0472529937827,4.24999999999996,34.479195193487));
#6340=CARTESIAN_POINT('Ctrl Pts',(9.9277885454199,35.,34.453898160604));
#6341=CARTESIAN_POINT('Ctrl Pts',(9.9277885454199,4.24999999999996,34.453898160604));
#6342=CARTESIAN_POINT('Ctrl Pts',(9.8500979235302,35.,34.4385437041707));
#6343=CARTESIAN_POINT('Ctrl Pts',(9.8500979235302,4.24999999999996,34.4385437041707));
#6344=CARTESIAN_POINT('Ctrl Pts',(9.77442907825178,35.,34.4244189682709));
#6345=CARTESIAN_POINT('Ctrl Pts',(9.77442907825178,4.24999999999996,34.4244189682709));
#6346=CARTESIAN_POINT('Ctrl Pts',(9.72373063568097,35.,34.4153853715262));
#6347=CARTESIAN_POINT('Ctrl Pts',(9.72373063568097,4.24999999999996,34.4153853715262));
#6348=CARTESIAN_POINT('Ctrl Pts',(9.64759156793519,35.,34.4024617968822));
#6349=CARTESIAN_POINT('Ctrl Pts',(9.64759156793519,4.24999999999996,34.4024617968822));
#6350=CARTESIAN_POINT('Ctrl Pts',(9.57130511392555,35.,34.3903682572853));
#6351=CARTESIAN_POINT('Ctrl Pts',(9.57130511392555,4.24999999999996,34.3903682572853));
#6352=CARTESIAN_POINT('Ctrl Pts',(9.43111747553747,35.,34.3700980699208));
#6353=CARTESIAN_POINT('Ctrl Pts',(9.43111747553747,4.24999999999996,34.3700980699208));
#6354=CARTESIAN_POINT('Ctrl Pts',(9.27768440384238,35.,34.3513123842499));
#6355=CARTESIAN_POINT('Ctrl Pts',(9.27768440384238,4.24999999999996,34.3513123842499));
#6356=CARTESIAN_POINT('Ctrl Pts',(9.04679444101337,35.,34.329384194127));
#6357=CARTESIAN_POINT('Ctrl Pts',(9.04679444101337,4.24999999999996,34.329384194127));
#6358=CARTESIAN_POINT('Ctrl Pts',(8.78949702163474,35.,34.3133703778512));
#6359=CARTESIAN_POINT('Ctrl Pts',(8.78949702163474,4.24999999999996,34.3133703778512));
#6360=CARTESIAN_POINT('Ctrl Pts',(8.58329323304715,35.,34.3094857641989));
#6361=CARTESIAN_POINT('Ctrl Pts',(8.58329323304715,4.24999999999996,34.3094857641989));
#6362=CARTESIAN_POINT('Ctrl Pts',(8.48021154999666,35.,34.309777879726));
#6363=CARTESIAN_POINT('Ctrl Pts',(8.48021154999666,4.24999999999996,34.309777879726));
#6364=CARTESIAN_POINT('',(12.7261274972673,35.,35.7335734004192));
#6365=CARTESIAN_POINT('',(12.7261274972673,35.,35.7335734004192));
#6366=CARTESIAN_POINT('Ctrl Pts',(12.7261274972673,35.,35.7335734004192));
#6367=CARTESIAN_POINT('Ctrl Pts',(12.6923033442426,35.,35.7075529931282));
#6368=CARTESIAN_POINT('Ctrl Pts',(12.6242162923172,35.,35.6561561536967));
#6369=CARTESIAN_POINT('Ctrl Pts',(12.5379406913313,35.,35.5934755547472));
#6370=CARTESIAN_POINT('Ctrl Pts',(12.4509466405261,35.,35.5320801069669));
#6371=CARTESIAN_POINT('Ctrl Pts',(12.3805936091294,35.,35.4838726007353));
#6372=CARTESIAN_POINT('Ctrl Pts',(12.2919279084142,35.,35.4248961890526));
#6373=CARTESIAN_POINT('Ctrl Pts',(12.2209375036913,35.,35.3790649281918));
#6374=CARTESIAN_POINT('Ctrl Pts',(12.1153330773493,35.,35.3128776732378));
#6375=CARTESIAN_POINT('Ctrl Pts',(12.0102256628379,35.,35.2496113726097));
#6376=CARTESIAN_POINT('Ctrl Pts',(11.8541445714221,35.,35.1602838048599));
#6377=CARTESIAN_POINT('Ctrl Pts',(11.716878480033,35.,35.0864664880493));
#6378=CARTESIAN_POINT('Ctrl Pts',(11.5135707688647,35.,34.983709061665));
#6379=CARTESIAN_POINT('Ctrl Pts',(11.3137760608167,35.,34.8911873241805));
#6380=CARTESIAN_POINT('Ctrl Pts',(11.021607966023,35.,34.7698363146919));
#6381=CARTESIAN_POINT('Ctrl Pts',(10.77051228896,35.,34.6793035108707));
#6382=CARTESIAN_POINT('Ctrl Pts',(10.4992300282204,35.,34.5943021276212));
#6383=CARTESIAN_POINT('Ctrl Pts',(10.3249912635709,35.,34.5462680036888));
#6384=CARTESIAN_POINT('Ctrl Pts',(10.1565746474272,35.,34.5042965579252));
#6385=CARTESIAN_POINT('Ctrl Pts',(10.0472529937827,35.,34.479195193487));
#6386=CARTESIAN_POINT('Ctrl Pts',(9.9277885454199,35.,34.453898160604));
#6387=CARTESIAN_POINT('Ctrl Pts',(9.8500979235302,35.,34.4385437041707));
#6388=CARTESIAN_POINT('Ctrl Pts',(9.77442907825178,35.,34.4244189682709));
#6389=CARTESIAN_POINT('Ctrl Pts',(9.72373063568097,35.,34.4153853715262));
#6390=CARTESIAN_POINT('Ctrl Pts',(9.64759156793519,35.,34.4024617968822));
#6391=CARTESIAN_POINT('Ctrl Pts',(9.57130511392555,35.,34.3903682572853));
#6392=CARTESIAN_POINT('Ctrl Pts',(9.43111747553747,35.,34.3700980699208));
#6393=CARTESIAN_POINT('Ctrl Pts',(9.27768440384238,35.,34.3513123842499));
#6394=CARTESIAN_POINT('Ctrl Pts',(9.04679444101337,35.,34.329384194127));
#6395=CARTESIAN_POINT('Ctrl Pts',(8.78949702163474,35.,34.3133703778512));
#6396=CARTESIAN_POINT('Ctrl Pts',(8.58329323304715,35.,34.3094857641989));
#6397=CARTESIAN_POINT('Ctrl Pts',(8.48021154999666,35.,34.309777879726));
#6398=CARTESIAN_POINT('Origin',(3.98149915147378,35.,45.4935678832755));
#6399=CARTESIAN_POINT('',(16.080130901496,35.,40.4587762301831));
#6400=CARTESIAN_POINT('',(16.080130901496,35.,40.4587762301831));
#6401=CARTESIAN_POINT('Origin',(3.98149915147378,35.,45.4935678832755));
#6402=CARTESIAN_POINT('Origin',(15.8826302089028,35.,59.3023866388408));
#6403=CARTESIAN_POINT('',(15.9462455707323,35.,53.2328226358914));
#6404=CARTESIAN_POINT('Ctrl Pts',(4.59206532636603,35.,54.1664945241127));
#6405=CARTESIAN_POINT('Ctrl Pts',(4.59206532636603,4.24999999999996,54.1664945241127));
#6406=CARTESIAN_POINT('Ctrl Pts',(4.61083813071624,35.,54.2023640296357));
#6407=CARTESIAN_POINT('Ctrl Pts',(4.61083813071624,4.24999999999996,54.2023640296357));
#6408=CARTESIAN_POINT('Ctrl Pts',(4.65219876608855,35.,54.2813566193799));
#6409=CARTESIAN_POINT('Ctrl Pts',(4.65219876608855,4.24999999999996,54.28135661938));
#6410=CARTESIAN_POINT('Ctrl Pts',(4.72249228408539,35.,54.4110798296755));
#6411=CARTESIAN_POINT('Ctrl Pts',(4.72249228408539,4.24999999999996,54.4110798296755));
#6412=CARTESIAN_POINT('Ctrl Pts',(4.82551005161394,35.,54.5941869791455));
#6413=CARTESIAN_POINT('Ctrl Pts',(4.82551005161394,4.24999999999996,54.5941869791455));
#6414=CARTESIAN_POINT('Ctrl Pts',(4.95412981992677,35.,54.8124026928476));
#6415=CARTESIAN_POINT('Ctrl Pts',(4.95412981992677,4.24999999999996,54.8124026928476));
#6416=CARTESIAN_POINT('Ctrl Pts',(5.17084101296265,35.,55.15253546177));
#6417=CARTESIAN_POINT('Ctrl Pts',(5.17084101296265,4.24999999999996,55.1525354617701));
#6418=CARTESIAN_POINT('Ctrl Pts',(5.36796618399765,35.,55.4387453746999));
#6419=CARTESIAN_POINT('Ctrl Pts',(5.36796618399765,4.24999999999996,55.4387453747));
#6420=CARTESIAN_POINT('Ctrl Pts',(5.59355477337051,35.,55.7430615605701));
#6421=CARTESIAN_POINT('Ctrl Pts',(5.59355477337051,4.24999999999996,55.7430615605702));
#6422=CARTESIAN_POINT('Ctrl Pts',(5.75826826945815,35.,55.9538186298725));
#6423=CARTESIAN_POINT('Ctrl Pts',(5.75826826945815,4.24999999999996,55.9538186298725));
#6424=CARTESIAN_POINT('Ctrl Pts',(5.9487619758286,35.,56.1837495332607));
#6425=CARTESIAN_POINT('Ctrl Pts',(5.9487619758286,4.24999999999996,56.1837495332607));
#6426=CARTESIAN_POINT('Ctrl Pts',(6.06762173701832,35.,56.3210399575453));
#6427=CARTESIAN_POINT('Ctrl Pts',(6.06762173701832,4.24999999999996,56.3210399575453));
#6428=CARTESIAN_POINT('Ctrl Pts',(6.166440467133,35.,56.4316870146185));
#6429=CARTESIAN_POINT('Ctrl Pts',(6.166440467133,4.24999999999996,56.4316870146185));
#6430=CARTESIAN_POINT('Ctrl Pts',(6.21674107905085,35.,56.4871500915339));
#6431=CARTESIAN_POINT('Ctrl Pts',(6.21674107905085,4.24999999999996,56.4871500915339));
#6432=CARTESIAN_POINT('Ctrl Pts',(6.29370157563222,35.,56.570683584018));
#6433=CARTESIAN_POINT('Ctrl Pts',(6.29370157563222,4.24999999999996,56.570683584018));
#6434=CARTESIAN_POINT('Ctrl Pts',(6.37149330307841,35.,56.653360478712));
#6435=CARTESIAN_POINT('Ctrl Pts',(6.37149330307841,4.24999999999996,56.653360478712));
#6436=CARTESIAN_POINT('Ctrl Pts',(6.51565897869823,35.,56.8026036495113));
#6437=CARTESIAN_POINT('Ctrl Pts',(6.51565897869823,4.24999999999996,56.8026036495113));
#6438=CARTESIAN_POINT('Ctrl Pts',(6.67588784630241,35.,56.9616318550791));
#6439=CARTESIAN_POINT('Ctrl Pts',(6.67588784630241,4.24999999999996,56.9616318550791));
#6440=CARTESIAN_POINT('Ctrl Pts',(6.92160191263472,35.,57.1929686451404));
#6441=CARTESIAN_POINT('Ctrl Pts',(6.92160191263472,4.24999999999996,57.1929686451404));
#6442=CARTESIAN_POINT('Ctrl Pts',(7.1458482107168,35.,57.391068318921));
#6443=CARTESIAN_POINT('Ctrl Pts',(7.1458482107168,4.24999999999996,57.391068318921));
#6444=CARTESIAN_POINT('Ctrl Pts',(7.43346840470782,35.,57.6293720114681));
#6445=CARTESIAN_POINT('Ctrl Pts',(7.43346840470782,4.24999999999996,57.6293720114682));
#6446=CARTESIAN_POINT('Ctrl Pts',(7.66941492193471,35.,57.8125929362213));
#6447=CARTESIAN_POINT('Ctrl Pts',(7.66941492193471,4.24999999999996,57.8125929362213));
#6448=CARTESIAN_POINT('Ctrl Pts',(7.97183736522143,35.,58.0325116366664));
#6449=CARTESIAN_POINT('Ctrl Pts',(7.97183736522143,4.24999999999996,58.0325116366664));
#6450=CARTESIAN_POINT('Ctrl Pts',(8.21956522438237,35.,58.2010523623518));
#6451=CARTESIAN_POINT('Ctrl Pts',(8.21956522438237,4.24999999999996,58.2010523623518));
#6452=CARTESIAN_POINT('Ctrl Pts',(8.41879703376552,35.,58.3276830273755));
#6453=CARTESIAN_POINT('Ctrl Pts',(8.41879703376552,4.24999999999996,58.3276830273755));
#6454=CARTESIAN_POINT('Ctrl Pts',(8.49156309861958,35.,58.3727572546182));
#6455=CARTESIAN_POINT('Ctrl Pts',(8.49156309861958,4.24999999999996,58.3727572546182));
#6456=CARTESIAN_POINT('Ctrl Pts',(8.50027300316502,35.,58.3781358308621));
#6457=CARTESIAN_POINT('Ctrl Pts',(8.50027300316502,4.24999999999996,58.3781358308621));
#6458=CARTESIAN_POINT('',(4.59206532636603,35.,54.1664945241127));
#6459=CARTESIAN_POINT('',(4.59206532636603,35.,54.1664945241127));
#6460=CARTESIAN_POINT('Ctrl Pts',(4.59206532636603,35.,54.1664945241127));
#6461=CARTESIAN_POINT('Ctrl Pts',(4.61083813071624,35.,54.2023640296357));
#6462=CARTESIAN_POINT('Ctrl Pts',(4.65219876608855,35.,54.2813566193799));
#6463=CARTESIAN_POINT('Ctrl Pts',(4.72249228408539,35.,54.4110798296755));
#6464=CARTESIAN_POINT('Ctrl Pts',(4.82551005161394,35.,54.5941869791455));
#6465=CARTESIAN_POINT('Ctrl Pts',(4.95412981992677,35.,54.8124026928476));
#6466=CARTESIAN_POINT('Ctrl Pts',(5.17084101296265,35.,55.15253546177));
#6467=CARTESIAN_POINT('Ctrl Pts',(5.36796618399765,35.,55.4387453746999));
#6468=CARTESIAN_POINT('Ctrl Pts',(5.59355477337051,35.,55.7430615605701));
#6469=CARTESIAN_POINT('Ctrl Pts',(5.75826826945815,35.,55.9538186298725));
#6470=CARTESIAN_POINT('Ctrl Pts',(5.9487619758286,35.,56.1837495332607));
#6471=CARTESIAN_POINT('Ctrl Pts',(6.06762173701832,35.,56.3210399575453));
#6472=CARTESIAN_POINT('Ctrl Pts',(6.166440467133,35.,56.4316870146185));
#6473=CARTESIAN_POINT('Ctrl Pts',(6.20675485714299,35.,56.4761389611986));
#6474=CARTESIAN_POINT('Ctrl Pts',(6.23490217456267,35.,56.5068167462965));
#6475=CARTESIAN_POINT('Ctrl Pts',(6.237532317252,35.,56.5096802572675));
#6476=CARTESIAN_POINT('Ctrl Pts',(2.6960915545991,35.,47.7274434943182));
#6477=CARTESIAN_POINT('Ctrl Pts',(3.02131687651142,35.,51.1652303136357));
#6478=CARTESIAN_POINT('Ctrl Pts',(4.59206532636603,35.,54.1664945241127));
#6479=CARTESIAN_POINT('Ctrl Pts',(2.69609155459911,25.5,47.7274434943182));
#6480=CARTESIAN_POINT('Ctrl Pts',(3.02131687651143,25.5,51.1652303136357));
#6481=CARTESIAN_POINT('Ctrl Pts',(4.59206532636603,25.5,54.1664945241127));
#6482=CARTESIAN_POINT('Origin',(14.7319826217947,35.,47.060954569807));
#6483=CARTESIAN_POINT('Origin',(-0.499999999999998,17.5,-1.66139264261034));
#6484=CARTESIAN_POINT('',(-1.8,17.5,-1.66139264261034));
#6485=CARTESIAN_POINT('Origin',(-0.499999999999998,17.5,-1.66139264261034));
#6486=CARTESIAN_POINT('',(-1.8,25.5,-1.66139264261034));
#6487=CARTESIAN_POINT('',(-1.8,17.5,-1.66139264261034));
#6488=CARTESIAN_POINT('Origin',(-0.499999999999998,25.5,-1.66139264261034));
#6489=CARTESIAN_POINT('Origin',(-0.499999999999998,25.5,-1.66139264261034));
#6490=CARTESIAN_POINT('Origin',(23.5,17.5,-1.66139264261034));
#6491=CARTESIAN_POINT('',(22.2,17.5,-1.66139264261034));
#6492=CARTESIAN_POINT('Origin',(23.5,17.5,-1.66139264261034));
#6493=CARTESIAN_POINT('',(22.2,25.5,-1.66139264261034));
#6494=CARTESIAN_POINT('',(22.2,17.5,-1.66139264261034));
#6495=CARTESIAN_POINT('Origin',(23.5,25.5,-1.66139264261034));
#6496=CARTESIAN_POINT('Origin',(23.5,25.5,-1.66139264261034));
#6497=CARTESIAN_POINT('Origin',(11.5,17.5,58.4186073573897));
#6498=CARTESIAN_POINT('',(10.2,17.5,58.4186073573897));
#6499=CARTESIAN_POINT('Origin',(11.5,17.5,58.4186073573897));
#6500=CARTESIAN_POINT('',(10.2,25.5,58.4186073573897));
#6501=CARTESIAN_POINT('',(10.2,17.5,58.4186073573897));
#6502=CARTESIAN_POINT('Origin',(11.5,25.5,58.4186073573897));
#6503=CARTESIAN_POINT('Origin',(11.5,25.5,58.4186073573897));
#6504=CARTESIAN_POINT('Origin',(11.5,17.5,58.4186073573897));
#6505=CARTESIAN_POINT('Origin',(23.5,17.5,-1.66139264261034));
#6506=CARTESIAN_POINT('Origin',(-0.499999999999998,17.5,-1.66139264261034));
#6507=CARTESIAN_POINT('Origin',(33.,27.,65.8386073573896));
#6508=CARTESIAN_POINT('',(33.,27.,65.8386073573896));
#6509=CARTESIAN_POINT('Origin',(-9.99999999999999,27.,65.8386073573896));
#6510=CARTESIAN_POINT('Ctrl Pts',(7.80966299265218,30.,33.3391732490527));
#6511=CARTESIAN_POINT('Ctrl Pts',(7.80966299265218,35.,33.3391732490527));
#6512=CARTESIAN_POINT('Ctrl Pts',(7.94588114116193,30.,33.3275358202964));
#6513=CARTESIAN_POINT('Ctrl Pts',(7.94588114116193,35.,33.3275358202964));
#6514=CARTESIAN_POINT('Ctrl Pts',(8.21892632110101,30.,33.3111683922657));
#6515=CARTESIAN_POINT('Ctrl Pts',(8.21892632110101,35.,33.3111683922657));
#6516=CARTESIAN_POINT('Ctrl Pts',(8.56086855092155,30.,33.3079630942656));
#6517=CARTESIAN_POINT('Ctrl Pts',(8.56086855092155,35.,33.3079630942656));
#6518=CARTESIAN_POINT('Ctrl Pts',(8.90262178019675,30.,33.3176819331875));
#6519=CARTESIAN_POINT('Ctrl Pts',(8.90262178019675,35.,33.3176819331875));
#6520=CARTESIAN_POINT('Ctrl Pts',(9.17560500040233,30.,33.3357880107863));
#6521=CARTESIAN_POINT('Ctrl Pts',(9.17560500040233,35.,33.3357880107863));
#6522=CARTESIAN_POINT('Ctrl Pts',(9.46464286075098,30.,33.3659828099297));
#6523=CARTESIAN_POINT('Ctrl Pts',(9.46464286075098,35.,33.3659828099297));
#6524=CARTESIAN_POINT('Ctrl Pts',(9.63408921319731,30.,33.3885718485508));
#6525=CARTESIAN_POINT('Ctrl Pts',(9.63408921319731,35.,33.3885718485508));
#6526=CARTESIAN_POINT('Ctrl Pts',(9.76926421131263,30.,33.4092152610811));
#6527=CARTESIAN_POINT('Ctrl Pts',(9.76926421131263,35.,33.4092152610811));
#6528=CARTESIAN_POINT('Ctrl Pts',(9.83674599942232,30.,33.4201787239676));
#6529=CARTESIAN_POINT('Ctrl Pts',(9.83674599942232,35.,33.4201787239676));
#6530=CARTESIAN_POINT('Ctrl Pts',(9.9209828592109,30.,33.4346895749146));
#6531=CARTESIAN_POINT('Ctrl Pts',(9.9209828592109,35.,33.4346895749146));
#6532=CARTESIAN_POINT('Ctrl Pts',(9.98820608561636,30.,33.4469307708073));
#6533=CARTESIAN_POINT('Ctrl Pts',(9.98820608561636,35.,33.4469307708073));
#6534=CARTESIAN_POINT('Ctrl Pts',(10.0723140916686,30.,33.4630754993829));
#6535=CARTESIAN_POINT('Ctrl Pts',(10.0723140916686,35.,33.4630754993829));
#6536=CARTESIAN_POINT('Ctrl Pts',(10.1412198197013,30.,33.4769497142838));
#6537=CARTESIAN_POINT('Ctrl Pts',(10.1412198197013,35.,33.4769497142838));
#6538=CARTESIAN_POINT('Ctrl Pts',(10.2465140645255,30.,33.4992201624263));
#6539=CARTESIAN_POINT('Ctrl Pts',(10.2465140645255,35.,33.4992201624263));
#6540=CARTESIAN_POINT('Ctrl Pts',(10.3545081077599,30.,33.5235282850474));
#6541=CARTESIAN_POINT('Ctrl Pts',(10.3545081077599,35.,33.5235282850474));
#6542=CARTESIAN_POINT('Ctrl Pts',(10.5212100970588,30.,33.564153016771));
#6543=CARTESIAN_POINT('Ctrl Pts',(10.5212100970588,35.,33.564153016771));
#6544=CARTESIAN_POINT('Ctrl Pts',(10.6742725785303,30.,33.6049661830318));
#6545=CARTESIAN_POINT('Ctrl Pts',(10.6742725785303,35.,33.6049661830318));
#6546=CARTESIAN_POINT('Ctrl Pts',(10.9106170111877,30.,33.6740027348301));
#6547=CARTESIAN_POINT('Ctrl Pts',(10.9106170111877,35.,33.6740027348301));
#6548=CARTESIAN_POINT('Ctrl Pts',(11.1555967839638,30.,33.7539742597228));
#6549=CARTESIAN_POINT('Ctrl Pts',(11.1555967839638,35.,33.7539742597228));
#6550=CARTESIAN_POINT('Ctrl Pts',(11.4947643756634,30.,33.881399636996));
#6551=CARTESIAN_POINT('Ctrl Pts',(11.4947643756634,35.,33.881399636996));
#6552=CARTESIAN_POINT('Ctrl Pts',(11.7576085371176,30.,33.9938609570724));
#6553=CARTESIAN_POINT('Ctrl Pts',(11.7576085371176,35.,33.9938609570724));
#6554=CARTESIAN_POINT('Ctrl Pts',(12.0261290090793,30.,34.1214149960264));
#6555=CARTESIAN_POINT('Ctrl Pts',(12.0261290090793,35.,34.1214149960264));
#6556=CARTESIAN_POINT('Ctrl Pts',(12.2077952840362,30.,34.2142611636915));
#6557=CARTESIAN_POINT('Ctrl Pts',(12.2077952840362,35.,34.2142611636915));
#6558=CARTESIAN_POINT('Ctrl Pts',(12.4147604248649,30.,34.3281129258557));
#6559=CARTESIAN_POINT('Ctrl Pts',(12.4147604248649,35.,34.3281129258557));
#6560=CARTESIAN_POINT('Ctrl Pts',(12.554038188424,30.,34.4093899781211));
#6561=CARTESIAN_POINT('Ctrl Pts',(12.554038188424,35.,34.4093899781211));
#6562=CARTESIAN_POINT('Ctrl Pts',(12.6942736059128,30.,34.4952065951184));
#6563=CARTESIAN_POINT('Ctrl Pts',(12.6942736059128,35.,34.4952065951184));
#6564=CARTESIAN_POINT('Ctrl Pts',(12.7881393328342,30.,34.5546707008231));
#6565=CARTESIAN_POINT('Ctrl Pts',(12.7881393328342,35.,34.5546707008231));
#6566=CARTESIAN_POINT('Ctrl Pts',(12.90623827809,30.,34.6321287356035));
#6567=CARTESIAN_POINT('Ctrl Pts',(12.90623827809,35.,34.6321287356035));
#6568=CARTESIAN_POINT('Ctrl Pts',(13.0001565699148,30.,34.6958984638119));
#6569=CARTESIAN_POINT('Ctrl Pts',(13.0001565699148,35.,34.6958984638119));
#6570=CARTESIAN_POINT('Ctrl Pts',(13.1161103137523,30.,34.77738773095));
#6571=CARTESIAN_POINT('Ctrl Pts',(13.1161103137523,35.,34.77738773095));
#6572=CARTESIAN_POINT('Ctrl Pts',(13.2308107400034,30.,34.8607674280989));
#6573=CARTESIAN_POINT('Ctrl Pts',(13.2308107400034,35.,34.8607674280989));
#6574=CARTESIAN_POINT('Ctrl Pts',(13.321131381514,30.,34.9294101932693));
#6575=CARTESIAN_POINT('Ctrl Pts',(13.321131381514,35.,34.9294101932693));
#6576=CARTESIAN_POINT('Ctrl Pts',(13.3659285602971,30.,34.9642109864078));
#6577=CARTESIAN_POINT('Ctrl Pts',(13.3659285602971,35.,34.9642109864078));
#6578=CARTESIAN_POINT('',(13.3659285602971,30.,34.9642109864078));
#6579=CARTESIAN_POINT('',(7.80966299265218,30.,33.3391732490527));
#6580=CARTESIAN_POINT('Ctrl Pts',(13.3659285602971,30.,34.9642109864078));
#6581=CARTESIAN_POINT('Ctrl Pts',(13.321131381514,30.,34.9294101932693));
#6582=CARTESIAN_POINT('Ctrl Pts',(13.2308107400034,30.,34.8607674280989));
#6583=CARTESIAN_POINT('Ctrl Pts',(13.1161103137523,30.,34.77738773095));
#6584=CARTESIAN_POINT('Ctrl Pts',(13.0001565699148,30.,34.6958984638119));
#6585=CARTESIAN_POINT('Ctrl Pts',(12.90623827809,30.,34.6321287356035));
#6586=CARTESIAN_POINT('Ctrl Pts',(12.7881393328342,30.,34.5546707008231));
#6587=CARTESIAN_POINT('Ctrl Pts',(12.6942736059128,30.,34.4952065951184));
#6588=CARTESIAN_POINT('Ctrl Pts',(12.554038188424,30.,34.4093899781211));
#6589=CARTESIAN_POINT('Ctrl Pts',(12.4147604248649,30.,34.3281129258557));
#6590=CARTESIAN_POINT('Ctrl Pts',(12.2077952840362,30.,34.2142611636915));
#6591=CARTESIAN_POINT('Ctrl Pts',(12.0261290090793,30.,34.1214149960264));
#6592=CARTESIAN_POINT('Ctrl Pts',(11.7576085371176,30.,33.9938609570724));
#6593=CARTESIAN_POINT('Ctrl Pts',(11.4947643756634,30.,33.881399636996));
#6594=CARTESIAN_POINT('Ctrl Pts',(11.1555967839638,30.,33.7539742597228));
#6595=CARTESIAN_POINT('Ctrl Pts',(10.9106170111877,30.,33.6740027348301));
#6596=CARTESIAN_POINT('Ctrl Pts',(10.6742725785303,30.,33.6049661830318));
#6597=CARTESIAN_POINT('Ctrl Pts',(10.5212100970588,30.,33.564153016771));
#6598=CARTESIAN_POINT('Ctrl Pts',(10.3545081077599,30.,33.5235282850474));
#6599=CARTESIAN_POINT('Ctrl Pts',(10.2465140645255,30.,33.4992201624263));
#6600=CARTESIAN_POINT('Ctrl Pts',(10.1412198197013,30.,33.4769497142838));
#6601=CARTESIAN_POINT('Ctrl Pts',(10.0723140916686,30.,33.4630754993829));
#6602=CARTESIAN_POINT('Ctrl Pts',(9.98820608561636,30.,33.4469307708073));
#6603=CARTESIAN_POINT('Ctrl Pts',(9.9209828592109,30.,33.4346895749146));
#6604=CARTESIAN_POINT('Ctrl Pts',(9.83674599942232,30.,33.4201787239676));
#6605=CARTESIAN_POINT('Ctrl Pts',(9.76926421131263,30.,33.4092152610811));
#6606=CARTESIAN_POINT('Ctrl Pts',(9.63408921319731,30.,33.3885718485508));
#6607=CARTESIAN_POINT('Ctrl Pts',(9.46464286075098,30.,33.3659828099297));
#6608=CARTESIAN_POINT('Ctrl Pts',(9.17560500040233,30.,33.3357880107863));
#6609=CARTESIAN_POINT('Ctrl Pts',(8.90262178019675,30.,33.3176819331875));
#6610=CARTESIAN_POINT('Ctrl Pts',(8.56086855092155,30.,33.3079630942656));
#6611=CARTESIAN_POINT('Ctrl Pts',(8.21892632110101,30.,33.3111683922657));
#6612=CARTESIAN_POINT('Ctrl Pts',(7.94588114116193,30.,33.3275358202964));
#6613=CARTESIAN_POINT('Ctrl Pts',(7.80966299265218,30.,33.3391732490527));
#6614=CARTESIAN_POINT('',(7.80966299265218,35.,33.3391732490527));
#6615=CARTESIAN_POINT('',(7.80966299265218,30.,33.3391732490527));
#6616=CARTESIAN_POINT('',(13.3659285602971,35.,34.9642109864078));
#6617=CARTESIAN_POINT('Ctrl Pts',(7.80966299265218,35.,33.3391732490527));
#6618=CARTESIAN_POINT('Ctrl Pts',(7.94588114116193,35.,33.3275358202964));
#6619=CARTESIAN_POINT('Ctrl Pts',(8.21892632110101,35.,33.3111683922657));
#6620=CARTESIAN_POINT('Ctrl Pts',(8.56086855092155,35.,33.3079630942656));
#6621=CARTESIAN_POINT('Ctrl Pts',(8.90262178019675,35.,33.3176819331875));
#6622=CARTESIAN_POINT('Ctrl Pts',(9.17560500040233,35.,33.3357880107863));
#6623=CARTESIAN_POINT('Ctrl Pts',(9.46464286075098,35.,33.3659828099297));
#6624=CARTESIAN_POINT('Ctrl Pts',(9.63408921319731,35.,33.3885718485508));
#6625=CARTESIAN_POINT('Ctrl Pts',(9.76926421131263,35.,33.4092152610811));
#6626=CARTESIAN_POINT('Ctrl Pts',(9.83674599942232,35.,33.4201787239676));
#6627=CARTESIAN_POINT('Ctrl Pts',(9.9209828592109,35.,33.4346895749146));
#6628=CARTESIAN_POINT('Ctrl Pts',(9.98820608561636,35.,33.4469307708073));
#6629=CARTESIAN_POINT('Ctrl Pts',(10.0723140916686,35.,33.4630754993829));
#6630=CARTESIAN_POINT('Ctrl Pts',(10.1412198197013,35.,33.4769497142838));
#6631=CARTESIAN_POINT('Ctrl Pts',(10.2465140645255,35.,33.4992201624263));
#6632=CARTESIAN_POINT('Ctrl Pts',(10.3545081077599,35.,33.5235282850474));
#6633=CARTESIAN_POINT('Ctrl Pts',(10.5212100970588,35.,33.564153016771));
#6634=CARTESIAN_POINT('Ctrl Pts',(10.6742725785303,35.,33.6049661830318));
#6635=CARTESIAN_POINT('Ctrl Pts',(10.9106170111877,35.,33.6740027348301));
#6636=CARTESIAN_POINT('Ctrl Pts',(11.1555967839638,35.,33.7539742597228));
#6637=CARTESIAN_POINT('Ctrl Pts',(11.4947643756634,35.,33.881399636996));
#6638=CARTESIAN_POINT('Ctrl Pts',(11.7576085371176,35.,33.9938609570724));
#6639=CARTESIAN_POINT('Ctrl Pts',(12.0261290090793,35.,34.1214149960264));
#6640=CARTESIAN_POINT('Ctrl Pts',(12.2077952840362,35.,34.2142611636915));
#6641=CARTESIAN_POINT('Ctrl Pts',(12.4147604248649,35.,34.3281129258557));
#6642=CARTESIAN_POINT('Ctrl Pts',(12.554038188424,35.,34.4093899781211));
#6643=CARTESIAN_POINT('Ctrl Pts',(12.6942736059128,35.,34.4952065951184));
#6644=CARTESIAN_POINT('Ctrl Pts',(12.7881393328342,35.,34.5546707008231));
#6645=CARTESIAN_POINT('Ctrl Pts',(12.90623827809,35.,34.6321287356035));
#6646=CARTESIAN_POINT('Ctrl Pts',(13.0001565699148,35.,34.6958984638119));
#6647=CARTESIAN_POINT('Ctrl Pts',(13.1161103137523,35.,34.77738773095));
#6648=CARTESIAN_POINT('Ctrl Pts',(13.2308107400034,35.,34.8607674280989));
#6649=CARTESIAN_POINT('Ctrl Pts',(13.321131381514,35.,34.9294101932693));
#6650=CARTESIAN_POINT('Ctrl Pts',(13.3659285602971,35.,34.9642109864078));
#6651=CARTESIAN_POINT('',(13.3659285602971,30.,34.9642109864078));
#6652=CARTESIAN_POINT('Origin',(1.67790892916884,30.,47.5632601836608));
#6653=CARTESIAN_POINT('',(1.67790892916884,30.,47.5632601836608));
#6654=CARTESIAN_POINT('',(0.596508500535389,30.,50.0718300885774));
#6655=CARTESIAN_POINT('',(1.67790892916884,35.,47.5632601836608));
#6656=CARTESIAN_POINT('',(1.67790892916884,30.,47.5632601836608));
#6657=CARTESIAN_POINT('',(1.67790892916884,35.,47.5632601836608));
#6658=CARTESIAN_POINT('Ctrl Pts',(3.70623758233984,30.,54.630508894691));
#6659=CARTESIAN_POINT('Ctrl Pts',(1.98182949061381,30.,51.3358168325481));
#6660=CARTESIAN_POINT('Ctrl Pts',(1.67790892916884,30.,47.5632601836608));
#6661=CARTESIAN_POINT('Ctrl Pts',(3.70623758233984,35.,54.630508894691));
#6662=CARTESIAN_POINT('Ctrl Pts',(1.98182949061381,35.,51.3358168325481));
#6663=CARTESIAN_POINT('Ctrl Pts',(1.67790892916884,35.,47.5632601836608));
#6664=CARTESIAN_POINT('',(3.70623758233984,30.,54.630508894691));
#6665=CARTESIAN_POINT('Origin',(14.6450707351017,30.,47.0757903169013));
#6666=CARTESIAN_POINT('',(3.70623758233984,35.,54.630508894691));
#6667=CARTESIAN_POINT('',(3.70623758233984,30.,54.630508894691));
#6668=CARTESIAN_POINT('Origin',(14.6450707351017,34.9999999999998,47.0757903169013));
#6669=CARTESIAN_POINT('Ctrl Pts',(11.6582093199595,30.,60.7140382677127));
#6670=CARTESIAN_POINT('Ctrl Pts',(11.6582093199595,35.,60.7140382677127));
#6671=CARTESIAN_POINT('Ctrl Pts',(11.3185508759332,30.,60.6411481570061));
#6672=CARTESIAN_POINT('Ctrl Pts',(11.3185508759332,35.,60.6411481570061));
#6673=CARTESIAN_POINT('Ctrl Pts',(10.6546795492801,30.,60.4671584663898));
#6674=CARTESIAN_POINT('Ctrl Pts',(10.6546795492801,35.,60.4671584663898));
#6675=CARTESIAN_POINT('Ctrl Pts',(9.86284850885177,30.,60.1830443952227));
#6676=CARTESIAN_POINT('Ctrl Pts',(9.86284850885177,35.,60.1830443952227));
#6677=CARTESIAN_POINT('Ctrl Pts',(9.17556288035921,30.,59.8849130208525));
#6678=CARTESIAN_POINT('Ctrl Pts',(9.17556288035921,35.,59.8849130208525));
#6679=CARTESIAN_POINT('Ctrl Pts',(8.73135374771028,30.,59.6632525307824));
#6680=CARTESIAN_POINT('Ctrl Pts',(8.73135374771028,35.,59.6632525307824));
#6681=CARTESIAN_POINT('Ctrl Pts',(8.29836158904296,30.,59.4241325494727));
#6682=CARTESIAN_POINT('Ctrl Pts',(8.29836158904296,35.,59.4241325494727));
#6683=CARTESIAN_POINT('Ctrl Pts',(8.01516707962841,30.,59.2560548860118));
#6684=CARTESIAN_POINT('Ctrl Pts',(8.01516707962841,35.,59.2560548860118));
#6685=CARTESIAN_POINT('Ctrl Pts',(7.66859232872552,30.,59.035776116217));
#6686=CARTESIAN_POINT('Ctrl Pts',(7.66859232872552,35.,59.035776116217));
#6687=CARTESIAN_POINT('Ctrl Pts',(7.39778327463781,30.,58.8515387399603));
#6688=CARTESIAN_POINT('Ctrl Pts',(7.39778327463781,35.,58.8515387399603));
#6689=CARTESIAN_POINT('Ctrl Pts',(7.06714060115785,30.,58.6110965654696));
#6690=CARTESIAN_POINT('Ctrl Pts',(7.06714060115785,35.,58.6110965654696));
#6691=CARTESIAN_POINT('Ctrl Pts',(6.80899050655341,30.,58.4106369736694));
#6692=CARTESIAN_POINT('Ctrl Pts',(6.80899050655341,35.,58.4106369736694));
#6693=CARTESIAN_POINT('Ctrl Pts',(6.49427939446391,30.,58.1498865199706));
#6694=CARTESIAN_POINT('Ctrl Pts',(6.49427939446391,35.,58.1498865199706));
#6695=CARTESIAN_POINT('Ctrl Pts',(6.24890727757631,30.,57.9331237752154));
#6696=CARTESIAN_POINT('Ctrl Pts',(6.24890727757631,35.,57.9331237752154));
#6697=CARTESIAN_POINT('Ctrl Pts',(5.98012439141272,30.,57.6800666275463));
#6698=CARTESIAN_POINT('Ctrl Pts',(5.98012439141272,35.,57.6800666275463));
#6699=CARTESIAN_POINT('Ctrl Pts',(5.80493864273038,30.,57.5061917738163));
#6700=CARTESIAN_POINT('Ctrl Pts',(5.80493864273038,35.,57.5061917738163));
#6701=CARTESIAN_POINT('Ctrl Pts',(5.64738382175127,30.,57.3430879120588));
#6702=CARTESIAN_POINT('Ctrl Pts',(5.64738382175127,35.,57.3430879120588));
#6703=CARTESIAN_POINT('Ctrl Pts',(5.5623935152001,30.,57.2527599173124));
#6704=CARTESIAN_POINT('Ctrl Pts',(5.5623935152001,35.,57.2527599173124));
#6705=CARTESIAN_POINT('Ctrl Pts',(5.47834663729463,30.,57.1615348725717));
#6706=CARTESIAN_POINT('Ctrl Pts',(5.47834663729463,35.,57.1615348725717));
#6707=CARTESIAN_POINT('Ctrl Pts',(5.42341971138105,30.,57.100970539625));
#6708=CARTESIAN_POINT('Ctrl Pts',(5.42341971138105,35.,57.100970539625));
#6709=CARTESIAN_POINT('Ctrl Pts',(5.31556824608097,30.,56.9802093940962));
#6710=CARTESIAN_POINT('Ctrl Pts',(5.31556824608097,35.,56.9802093940962));
#6711=CARTESIAN_POINT('Ctrl Pts',(5.18588399452589,30.,56.8304151026894));
#6712=CARTESIAN_POINT('Ctrl Pts',(5.18588399452589,35.,56.8304151026894));
#6713=CARTESIAN_POINT('Ctrl Pts',(4.97822432858151,30.,56.5797613650175));
#6714=CARTESIAN_POINT('Ctrl Pts',(4.97822432858151,35.,56.5797613650175));
#6715=CARTESIAN_POINT('Ctrl Pts',(4.7987512379984,30.,56.3501177801831));
#6716=CARTESIAN_POINT('Ctrl Pts',(4.7987512379984,35.,56.3501177801831));
#6717=CARTESIAN_POINT('Ctrl Pts',(4.55296549103987,30.,56.0185558455028));
#6718=CARTESIAN_POINT('Ctrl Pts',(4.55296549103987,35.,56.0185558455028));
#6719=CARTESIAN_POINT('Ctrl Pts',(4.33808809838927,30.,55.7065799864125));
#6720=CARTESIAN_POINT('Ctrl Pts',(4.33808809838927,35.,55.7065799864125));
#6721=CARTESIAN_POINT('Ctrl Pts',(4.10132933069512,30.,55.3350116984863));
#6722=CARTESIAN_POINT('Ctrl Pts',(4.10132933069512,35.,55.3350116984863));
#6723=CARTESIAN_POINT('Ctrl Pts',(3.96016921798972,30.,55.0955382212315));
#6724=CARTESIAN_POINT('Ctrl Pts',(3.96016921798972,35.,55.0955382212315));
#6725=CARTESIAN_POINT('Ctrl Pts',(3.84684047006213,30.,54.8941079224668));
#6726=CARTESIAN_POINT('Ctrl Pts',(3.84684047006213,35.,54.8941079224668));
#6727=CARTESIAN_POINT('Ctrl Pts',(3.76946589555311,30.,54.7513080255864));
#6728=CARTESIAN_POINT('Ctrl Pts',(3.76946589555311,35.,54.7513080255864));
#6729=CARTESIAN_POINT('Ctrl Pts',(3.72486621254106,30.,54.6661029243004));
#6730=CARTESIAN_POINT('Ctrl Pts',(3.72486621254106,35.,54.6661029243004));
#6731=CARTESIAN_POINT('Ctrl Pts',(3.70623758233984,30.,54.630508894691));
#6732=CARTESIAN_POINT('Ctrl Pts',(3.70623758233984,35.,54.630508894691));
#6733=CARTESIAN_POINT('',(11.6582093199595,30.,60.7140382677127));
#6734=CARTESIAN_POINT('Ctrl Pts',(3.70623758233984,30.,54.630508894691));
#6735=CARTESIAN_POINT('Ctrl Pts',(3.72486621254106,30.,54.6661029243004));
#6736=CARTESIAN_POINT('Ctrl Pts',(3.76946589555311,30.,54.7513080255864));
#6737=CARTESIAN_POINT('Ctrl Pts',(3.84684047006213,30.,54.8941079224668));
#6738=CARTESIAN_POINT('Ctrl Pts',(3.96016921798972,30.,55.0955382212315));
#6739=CARTESIAN_POINT('Ctrl Pts',(4.10132933069512,30.,55.3350116984863));
#6740=CARTESIAN_POINT('Ctrl Pts',(4.33808809838927,30.,55.7065799864125));
#6741=CARTESIAN_POINT('Ctrl Pts',(4.55296549103987,30.,56.0185558455028));
#6742=CARTESIAN_POINT('Ctrl Pts',(4.7987512379984,30.,56.3501177801831));
#6743=CARTESIAN_POINT('Ctrl Pts',(4.97822432858151,30.,56.5797613650175));
#6744=CARTESIAN_POINT('Ctrl Pts',(5.18588399452589,30.,56.8304151026894));
#6745=CARTESIAN_POINT('Ctrl Pts',(5.31556824608097,30.,56.9802093940962));
#6746=CARTESIAN_POINT('Ctrl Pts',(5.42341971138105,30.,57.100970539625));
#6747=CARTESIAN_POINT('Ctrl Pts',(5.47834663729463,30.,57.1615348725717));
#6748=CARTESIAN_POINT('Ctrl Pts',(5.5623935152001,30.,57.2527599173124));
#6749=CARTESIAN_POINT('Ctrl Pts',(5.64738382175127,30.,57.3430879120588));
#6750=CARTESIAN_POINT('Ctrl Pts',(5.80493864273038,30.,57.5061917738163));
#6751=CARTESIAN_POINT('Ctrl Pts',(5.98012439141272,30.,57.6800666275463));
#6752=CARTESIAN_POINT('Ctrl Pts',(6.24890727757631,30.,57.9331237752154));
#6753=CARTESIAN_POINT('Ctrl Pts',(6.49427939446391,30.,58.1498865199706));
#6754=CARTESIAN_POINT('Ctrl Pts',(6.80899050655341,30.,58.4106369736694));
#6755=CARTESIAN_POINT('Ctrl Pts',(7.06714060115785,30.,58.6110965654696));
#6756=CARTESIAN_POINT('Ctrl Pts',(7.39778327463781,30.,58.8515387399603));
#6757=CARTESIAN_POINT('Ctrl Pts',(7.66859232872552,30.,59.035776116217));
#6758=CARTESIAN_POINT('Ctrl Pts',(8.01516707962841,30.,59.2560548860118));
#6759=CARTESIAN_POINT('Ctrl Pts',(8.29836158904296,30.,59.4241325494727));
#6760=CARTESIAN_POINT('Ctrl Pts',(8.73135374771028,30.,59.6632525307824));
#6761=CARTESIAN_POINT('Ctrl Pts',(9.17556288035921,30.,59.8849130208525));
#6762=CARTESIAN_POINT('Ctrl Pts',(9.86284850885177,30.,60.1830443952227));
#6763=CARTESIAN_POINT('Ctrl Pts',(10.6546795492801,30.,60.4671584663898));
#6764=CARTESIAN_POINT('Ctrl Pts',(11.3185508759332,30.,60.6411481570061));
#6765=CARTESIAN_POINT('Ctrl Pts',(11.6582093199595,30.,60.7140382677127));
#6766=CARTESIAN_POINT('',(11.6582093199595,35.,60.7140382677127));
#6767=CARTESIAN_POINT('',(11.6582093199595,30.,60.7140382677127));
#6768=CARTESIAN_POINT('Ctrl Pts',(11.6582093199595,35.,60.7140382677127));
#6769=CARTESIAN_POINT('Ctrl Pts',(11.3185508759332,35.,60.6411481570061));
#6770=CARTESIAN_POINT('Ctrl Pts',(10.6546795492801,35.,60.4671584663898));
#6771=CARTESIAN_POINT('Ctrl Pts',(9.86284850885177,35.,60.1830443952227));
#6772=CARTESIAN_POINT('Ctrl Pts',(9.17556288035921,35.,59.8849130208525));
#6773=CARTESIAN_POINT('Ctrl Pts',(8.73135374771028,35.,59.6632525307824));
#6774=CARTESIAN_POINT('Ctrl Pts',(8.29836158904296,35.,59.4241325494727));
#6775=CARTESIAN_POINT('Ctrl Pts',(8.01516707962841,35.,59.2560548860118));
#6776=CARTESIAN_POINT('Ctrl Pts',(7.66859232872552,35.,59.035776116217));
#6777=CARTESIAN_POINT('Ctrl Pts',(7.39778327463781,35.,58.8515387399603));
#6778=CARTESIAN_POINT('Ctrl Pts',(7.06714060115785,35.,58.6110965654696));
#6779=CARTESIAN_POINT('Ctrl Pts',(6.80899050655341,35.,58.4106369736694));
#6780=CARTESIAN_POINT('Ctrl Pts',(6.49427939446391,35.,58.1498865199706));
#6781=CARTESIAN_POINT('Ctrl Pts',(6.24890727757631,35.,57.9331237752154));
#6782=CARTESIAN_POINT('Ctrl Pts',(5.98012439141272,35.,57.6800666275463));
#6783=CARTESIAN_POINT('Ctrl Pts',(5.80493864273038,35.,57.5061917738163));
#6784=CARTESIAN_POINT('Ctrl Pts',(5.64738382175127,35.,57.3430879120588));
#6785=CARTESIAN_POINT('Ctrl Pts',(5.5623935152001,35.,57.2527599173124));
#6786=CARTESIAN_POINT('Ctrl Pts',(5.47834663729463,35.,57.1615348725717));
#6787=CARTESIAN_POINT('Ctrl Pts',(5.42341971138105,35.,57.100970539625));
#6788=CARTESIAN_POINT('Ctrl Pts',(5.31556824608097,35.,56.9802093940962));
#6789=CARTESIAN_POINT('Ctrl Pts',(5.18588399452589,35.,56.8304151026894));
#6790=CARTESIAN_POINT('Ctrl Pts',(4.97822432858151,35.,56.5797613650175));
#6791=CARTESIAN_POINT('Ctrl Pts',(4.7987512379984,35.,56.3501177801831));
#6792=CARTESIAN_POINT('Ctrl Pts',(4.55296549103987,35.,56.0185558455028));
#6793=CARTESIAN_POINT('Ctrl Pts',(4.33808809838927,35.,55.7065799864125));
#6794=CARTESIAN_POINT('Ctrl Pts',(4.10132933069512,35.,55.3350116984863));
#6795=CARTESIAN_POINT('Ctrl Pts',(3.96016921798972,35.,55.0955382212315));
#6796=CARTESIAN_POINT('Ctrl Pts',(3.84684047006213,35.,54.8941079224668));
#6797=CARTESIAN_POINT('Ctrl Pts',(3.76946589555311,35.,54.7513080255864));
#6798=CARTESIAN_POINT('Ctrl Pts',(3.72486621254106,35.,54.6661029243004));
#6799=CARTESIAN_POINT('Ctrl Pts',(3.70623758233984,35.,54.630508894691));
#6800=CARTESIAN_POINT('Origin',(13.2185725899926,30.,53.4429481942107));
#6801=CARTESIAN_POINT('',(16.8762339137801,30.,59.9178997795059));
#6802=CARTESIAN_POINT('Origin',(13.2185725899926,30.,53.4429481942107));
#6803=CARTESIAN_POINT('',(16.8762339137801,35.,59.9178997795059));
#6804=CARTESIAN_POINT('',(16.8762339137801,30.,59.9178997795059));
#6805=CARTESIAN_POINT('Origin',(13.2185725899926,35.,53.4429481942107));
#6806=CARTESIAN_POINT('Origin',(17.0821856855617,30.,40.2679689390041));
#6807=CARTESIAN_POINT('',(17.0821856855617,30.,40.2679689390041));
#6808=CARTESIAN_POINT('',(17.0383907847268,30.,44.4464558008936));
#6809=CARTESIAN_POINT('',(17.0821856855617,35.,40.2679689390041));
#6810=CARTESIAN_POINT('',(17.0821856855617,30.,40.2679689390041));
#6811=CARTESIAN_POINT('',(17.0989505480118,35.,38.6684275277059));
#6812=CARTESIAN_POINT('Origin',(3.98149915147378,30.,45.4935678832755));
#6813=CARTESIAN_POINT('Origin',(3.98149915147378,30.,45.4935678832755));
#6814=CARTESIAN_POINT('Origin',(3.98149915147378,35.,45.4935678832755));
#6815=CARTESIAN_POINT('Origin',(9.38004730736527,35.,47.0937712706827));
#6816=CARTESIAN_POINT('Origin',(8.11952779030267,133.,3.38670189351773));
#6817=CARTESIAN_POINT('',(4.61952779030267,133.,3.38670189351773));
#6818=CARTESIAN_POINT('Origin',(8.11952779030267,133.,3.38670189351773));
#6819=CARTESIAN_POINT('',(4.61952779030267,131.5,3.38670189351773));
#6820=CARTESIAN_POINT('',(4.61952779030267,133.,3.38670189351773));
#6821=CARTESIAN_POINT('Origin',(8.11952779030267,131.5,3.38670189351773));
#6822=CARTESIAN_POINT('Origin',(8.11952779030267,131.5,3.38670189351773));
#6823=CARTESIAN_POINT('',(6.36952779030267,131.5,3.38670189351773));
#6824=CARTESIAN_POINT('Origin',(8.11952779030267,131.5,3.38670189351773));
#6825=CARTESIAN_POINT('Origin',(16.7928891479732,133.,0.));
#6826=CARTESIAN_POINT('',(20.2834753144792,133.,0.256531117403767));
#6827=CARTESIAN_POINT('',(14.4410237271245,133.,-2.5920511264665));
#6828=CARTESIAN_POINT('Ctrl Pts',(20.2834753144792,133.,0.256531117403767));
#6829=CARTESIAN_POINT('Ctrl Pts',(20.2844993539638,133.,0.242597142862807));
#6830=CARTESIAN_POINT('Ctrl Pts',(20.2854400305811,132.999974751918,0.228656018711674));
#6831=CARTESIAN_POINT('Ctrl Pts',(20.3149543712999,132.998248539934,-0.25155410894167));
#6832=CARTESIAN_POINT('Ctrl Pts',(20.2452203147556,132.967444940058,-0.724320814835157));
#6833=CARTESIAN_POINT('Ctrl Pts',(19.9590022004186,132.893876368505,-1.55519585626806));
#6834=CARTESIAN_POINT('Ctrl Pts',(19.7237950943524,132.846437044886,-1.96909555035125));
#6835=CARTESIAN_POINT('Ctrl Pts',(19.1058565902591,132.776006384586,-2.66790691715411));
#6836=CARTESIAN_POINT('Ctrl Pts',(18.7229322041143,132.754810798465,-2.95282775629131));
#6837=CARTESIAN_POINT('Ctrl Pts',(17.9290999162989,132.754810798465,-3.33987359242221));
#6838=CARTESIAN_POINT('Ctrl Pts',(17.4670196281537,132.776172955733,-3.46621166692533));
#6839=CARTESIAN_POINT('Ctrl Pts',(16.5325457892297,132.84701957297,-3.52154764619748));
#6840=CARTESIAN_POINT('Ctrl Pts',(16.0600239495557,132.894684507352,-3.45069350824461));
#6841=CARTESIAN_POINT('Ctrl Pts',(15.2299461442274,132.968016057129,-3.16211780264523));
#6842=CARTESIAN_POINT('Ctrl Pts',(14.8165499788449,132.998467555677,-2.925879956535));
#6843=CARTESIAN_POINT('Ctrl Pts',(14.4593134197684,132.999980374085,-2.60855823879358));
#6844=CARTESIAN_POINT('Ctrl Pts',(14.4501464472666,133.,-2.60032851336958));
#6845=CARTESIAN_POINT('Ctrl Pts',(14.4410237271245,133.,-2.5920511264665));
#6846=CARTESIAN_POINT('',(13.2928891479732,133.,4.28626379701574E-16));
#6847=CARTESIAN_POINT('Origin',(16.7928891479732,133.,0.));
#6848=CARTESIAN_POINT('',(13.2928891479732,131.5,4.28626379701574E-16));
#6849=CARTESIAN_POINT('',(13.2928891479732,133.,4.28626379701574E-16));
#6850=CARTESIAN_POINT('Origin',(16.7928891479732,131.5,0.));
#6851=CARTESIAN_POINT('Origin',(16.7928891479732,133.,0.));
#6852=CARTESIAN_POINT('Origin',(16.7928891479732,131.5,0.));
#6853=CARTESIAN_POINT('',(15.0428891479732,131.5,-2.14313189850787E-16));
#6854=CARTESIAN_POINT('Origin',(16.7928891479732,131.5,0.));
#6855=CARTESIAN_POINT('Origin',(2.73204610048857,123.,-8.30095350458798));
#6856=CARTESIAN_POINT('',(24.4913897191094,133.,2.30816818748218));
#6857=CARTESIAN_POINT('',(2.73204610048857,133.,-8.30095350458798));
#6858=CARTESIAN_POINT('',(29.0233274047393,129.999999999995,-3.42725840230771));
#6859=CARTESIAN_POINT('Ctrl Pts',(24.4913897191094,133.,2.30816818748218));
#6860=CARTESIAN_POINT('Ctrl Pts',(25.0407064130319,133.,1.26383377534982));
#6861=CARTESIAN_POINT('Ctrl Pts',(26.4765252354528,132.507086411346,-1.0633229794139));
#6862=CARTESIAN_POINT('Ctrl Pts',(28.1135577743818,131.024682168419,-2.75296618118977));
#6863=CARTESIAN_POINT('Ctrl Pts',(29.0233285428521,129.999996096712,-3.42725093504549));
#6864=CARTESIAN_POINT('',(5.07333700258434,129.999999968002,-15.1044656137056));
#6865=CARTESIAN_POINT('',(5.86177971558205,130.,-14.7200474826003));
#6866=CARTESIAN_POINT('',(-0.175157359986127,133.,-9.71840781002894));
#6867=CARTESIAN_POINT('Ctrl Pts',(5.07333699188516,129.999999951692,-15.1044656018144));
#6868=CARTESIAN_POINT('Ctrl Pts',(4.30154418003172,131.131664724903,-14.2466891902209));
#6869=CARTESIAN_POINT('Ctrl Pts',(2.61982919932656,132.585592306659,-12.436542910025));
#6870=CARTESIAN_POINT('Ctrl Pts',(0.670161532384768,133.,-10.5180579804613));
#6871=CARTESIAN_POINT('Ctrl Pts',(-0.17515735998627,133.,-9.71840781002879));
#6872=CARTESIAN_POINT('',(2.73204610048857,133.,-8.30095350458798));
#6873=CARTESIAN_POINT('Origin',(16.7928891479732,133.,0.));
#6874=CARTESIAN_POINT('',(15.0428891479732,130.,2.14313189850787E-16));
#6875=CARTESIAN_POINT('',(15.0428891479732,133.,2.14313189850787E-16));
#6876=CARTESIAN_POINT('Origin',(16.7928891479732,130.,0.));
#6877=CARTESIAN_POINT('Origin',(8.11952779030267,133.,3.38670189351773));
#6878=CARTESIAN_POINT('',(6.36952779030267,130.,3.38670189351773));
#6879=CARTESIAN_POINT('',(6.36952779030267,133.,3.38670189351773));
#6880=CARTESIAN_POINT('Origin',(8.11952779030267,130.,3.38670189351773));
#6881=CARTESIAN_POINT('Origin',(-2.82475611538639,133.,0.556197035920918));
#6882=CARTESIAN_POINT('',(-20.6495122307728,133.,-0.766455531218124));
#6883=CARTESIAN_POINT('Origin',(-31.1851659836255,133.,-52.7527740152539));
#6884=CARTESIAN_POINT('',(-20.6495122307728,133.,31.2903905728775));
#6885=CARTESIAN_POINT('',(-20.6495122307728,133.,16.4232938043992));
#6886=CARTESIAN_POINT('',(1.,133.,31.2903905728776));
#6887=CARTESIAN_POINT('',(3.25914172369325,133.,31.2903905728776));
#6888=CARTESIAN_POINT('',(1.,133.,23.4514884342259));
#6889=CARTESIAN_POINT('',(1.,133.,20.0705311857472));
#6890=CARTESIAN_POINT('',(18.3471452406421,133.,16.5630737299244));
#6891=CARTESIAN_POINT('Origin',(11.,133.,23.4514884342259));
#6892=CARTESIAN_POINT('Origin',(96.1627076937275,133.,3.8198449253801));
#6893=CARTESIAN_POINT('Origin',(11.,134.119861432148,23.6489502193684));
#6894=CARTESIAN_POINT('',(1.,130.,22.9225074921005));
#6895=CARTESIAN_POINT('',(19.4663162830678,130.,17.518616507068));
#6896=CARTESIAN_POINT('Origin',(11.,130.,22.9225074921005));
#6897=CARTESIAN_POINT('',(19.1199427620237,132.159909027162,17.3766639625124));
#6898=CARTESIAN_POINT('Ctrl Pts',(19.4663162830678,130.,17.518616507068));
#6899=CARTESIAN_POINT('Ctrl Pts',(19.3494421830088,130.712381451401,17.455428020451));
#6900=CARTESIAN_POINT('Ctrl Pts',(19.2333231620202,131.433128585095,17.4086808893261));
#6901=CARTESIAN_POINT('Ctrl Pts',(19.1199427621111,132.159909027339,17.3766639662056));
#6902=CARTESIAN_POINT('Ctrl Pts',(19.1199427621151,132.159909027313,17.3766639662067));
#6903=CARTESIAN_POINT('Ctrl Pts',(19.1055290042783,132.252302750597,17.3725937373408));
#6904=CARTESIAN_POINT('Ctrl Pts',(19.0820376477415,132.341212309857,17.3552038463765));
#6905=CARTESIAN_POINT('Ctrl Pts',(19.0177731507069,132.51020857207,17.2964461390665));
#6906=CARTESIAN_POINT('Ctrl Pts',(18.9771980392846,132.588052868869,17.2550479694166));
#6907=CARTESIAN_POINT('Ctrl Pts',(18.8588901751917,132.761890702902,17.1292977853654));
#6908=CARTESIAN_POINT('Ctrl Pts',(18.7737352031688,132.844002566253,17.0348805971295));
#6909=CARTESIAN_POINT('Ctrl Pts',(18.5763447496723,132.966844856169,16.8160606747251));
#6910=CARTESIAN_POINT('Ctrl Pts',(18.4620103863675,133.,16.6893973869974));
#6911=CARTESIAN_POINT('Ctrl Pts',(18.3471452406421,133.,16.5630737299244));
#6912=CARTESIAN_POINT('',(1.,134.119861432148,23.6489502193684));
#6913=CARTESIAN_POINT('Origin',(-2.82475611538639,130.,0.556197035920918));
#6914=CARTESIAN_POINT('',(-19.8488493240123,130.,-2.70960942712247));
#6915=CARTESIAN_POINT('',(-1.18774608647606,130.,-11.123635219022));
#6916=CARTESIAN_POINT('Origin',(-31.1851659836255,130.,-52.7527740152539));
#6917=CARTESIAN_POINT('',(1.53382090972169,130.,-12.6811557084446));
#6918=CARTESIAN_POINT('Ctrl Pts',(-1.18774608647607,130.,-11.123635219022));
#6919=CARTESIAN_POINT('Ctrl Pts',(-0.535732130107786,130.,-11.5934680571146));
#6920=CARTESIAN_POINT('Ctrl Pts',(0.302503316596628,130.,-12.1572433578652));
#6921=CARTESIAN_POINT('Ctrl Pts',(1.26022422522016,130.,-12.5848115432732));
#6922=CARTESIAN_POINT('Ctrl Pts',(1.49151245255201,130.,-12.6673066635419));
#6923=CARTESIAN_POINT('Ctrl Pts',(1.53366816404789,130.,-12.681606015827));
#6924=CARTESIAN_POINT('',(2.13117691795384,129.999999999996,-14.3122194324622));
#6925=CARTESIAN_POINT('Origin',(29.8496691413898,130.,-3.23576076058858));
#6926=CARTESIAN_POINT('',(3.11880746983757,129.999999999957,-15.2605004635637));
#6927=CARTESIAN_POINT('Ctrl Pts',(2.13117691794992,130.,-14.312219432454));
#6928=CARTESIAN_POINT('Ctrl Pts',(2.19952653046567,130.,-14.4832622051594));
#6929=CARTESIAN_POINT('Ctrl Pts',(2.29204530614631,129.999999999987,-14.6456325630023));
#6930=CARTESIAN_POINT('Ctrl Pts',(2.5054273953186,129.999999999987,-14.9091876842053));
#6931=CARTESIAN_POINT('Ctrl Pts',(2.62016612077262,129.999999999999,-15.0165335827969));
#6932=CARTESIAN_POINT('Ctrl Pts',(2.86313219035263,129.999999999999,-15.1746337234758));
#6933=CARTESIAN_POINT('Ctrl Pts',(2.98752567427492,130.,-15.2306007238931));
#6934=CARTESIAN_POINT('Ctrl Pts',(3.11880746981772,130.,-15.2605004635037));
#6935=CARTESIAN_POINT('Ctrl Pts',(3.1188074698496,130.,-15.2605004635109));
#6936=CARTESIAN_POINT('Ctrl Pts',(3.53582719612162,130.,-15.3554776930346));
#6937=CARTESIAN_POINT('Ctrl Pts',(3.89157954554155,129.999999999772,-15.3700321316163));
#6938=CARTESIAN_POINT('Ctrl Pts',(4.49705031192284,129.999999999772,-15.3159139553214));
#6939=CARTESIAN_POINT('Ctrl Pts',(4.79666394713737,130.,-15.2393619895831));
#6940=CARTESIAN_POINT('Ctrl Pts',(5.0733369589392,130.,-15.104465565198));
#6941=CARTESIAN_POINT('',(29.1931076878052,129.999999996791,-2.0857612466201));
#6942=CARTESIAN_POINT('Ctrl Pts',(29.0233274047296,130.,-3.42725840230051));
#6943=CARTESIAN_POINT('Ctrl Pts',(29.081191574449,130.,-3.39904578573803));
#6944=CARTESIAN_POINT('Ctrl Pts',(29.1353805560842,130.,-3.36418389245506));
#6945=CARTESIAN_POINT('Ctrl Pts',(29.2316880113871,130.,-3.2816335620883));
#6946=CARTESIAN_POINT('Ctrl Pts',(29.2732173113707,130.000000000005,-3.23509519482013));
#6947=CARTESIAN_POINT('Ctrl Pts',(29.3589480328962,130.000000000005,-3.1062464260055));
#6948=CARTESIAN_POINT('Ctrl Pts',(29.3927990194456,130.,-3.02080674474556));
#6949=CARTESIAN_POINT('Ctrl Pts',(29.4325316352854,130.,-2.81579033954888));
#6950=CARTESIAN_POINT('Ctrl Pts',(29.4279733286362,130.,-2.69813408696876));
#6951=CARTESIAN_POINT('Ctrl Pts',(29.3730269139201,130.,-2.42442966952218));
#6952=CARTESIAN_POINT('Ctrl Pts',(29.3025747640451,130.,-2.2563806006635));
#6953=CARTESIAN_POINT('Ctrl Pts',(29.1931076815047,130.,-2.08576124195976));
#6954=CARTESIAN_POINT('Origin',(92.2843286576275,130.,6.82495077383336));
#6955=CARTESIAN_POINT('',(1.,130.,31.2903905728776));
#6956=CARTESIAN_POINT('',(1.,130.,20.0705311857472));
#6957=CARTESIAN_POINT('',(-15.6495122307728,130.,31.2903905728775));
#6958=CARTESIAN_POINT('',(3.25914172369325,130.,31.2903905728776));
#6959=CARTESIAN_POINT('',(-15.6495122307728,130.,-1.99031755047178));
#6960=CARTESIAN_POINT('',(-15.6495122307728,130.,16.0603480005273));
#6961=CARTESIAN_POINT('',(-19.9914506805491,130.,-2.67751929649614));
#6962=CARTESIAN_POINT('Ctrl Pts',(-19.9914506805491,130.,-2.67751929649614));
#6963=CARTESIAN_POINT('Ctrl Pts',(-18.5532114559832,130.,-2.58556616576433));
#6964=CARTESIAN_POINT('Ctrl Pts',(-17.0773893743659,130.,-2.30910005213052));
#6965=CARTESIAN_POINT('Ctrl Pts',(-15.662809213091,130.,-1.99328967835421));
#6966=CARTESIAN_POINT('Ctrl Pts',(-15.6561605906979,130.,-1.99180416894493));
#6967=CARTESIAN_POINT('Ctrl Pts',(-15.6495122307728,130.,-1.99031755047178));
#6968=CARTESIAN_POINT('Origin',(-31.1851659836255,130.,-52.7527740152539));
#6969=CARTESIAN_POINT('Ctrl Pts',(1.53382089302787,130.,-12.6811557140132));
#6970=CARTESIAN_POINT('Ctrl Pts',(1.80876016928666,129.850706258448,-13.4773890022927));
#6971=CARTESIAN_POINT('Ctrl Pts',(2.13117691795328,129.704562043451,-14.2568248156094));
#6972=CARTESIAN_POINT('Ctrl Pts',(1.53382089302787,130.731177411713,-12.8182514787094));
#6973=CARTESIAN_POINT('Ctrl Pts',(1.80876016928666,130.581883670161,-13.6144847669889));
#6974=CARTESIAN_POINT('Ctrl Pts',(2.13117691795328,130.435739455164,-14.3939205803057));
#6975=CARTESIAN_POINT('',(1.85361011682676,130.566441484809,-13.696843088864));
#6976=CARTESIAN_POINT('Ctrl Pts',(1.53382089302788,130.,-12.6811557140132));
#6977=CARTESIAN_POINT('Ctrl Pts',(1.57529106506487,130.000000002221,-12.8054769422897));
#6978=CARTESIAN_POINT('Ctrl Pts',(1.61676482017804,130.016350720527,-12.9300731444217));
#6979=CARTESIAN_POINT('Ctrl Pts',(1.6941614580299,130.084910105333,-13.1654852041375));
#6980=CARTESIAN_POINT('Ctrl Pts',(1.73009295337554,130.135694821774,-13.2762329041117));
#6981=CARTESIAN_POINT('Ctrl Pts',(1.79277912829914,130.273755875714,-13.4764076036077));
#6982=CARTESIAN_POINT('Ctrl Pts',(1.81904714336312,130.359703470199,-13.5642925250807));
#6983=CARTESIAN_POINT('Ctrl Pts',(1.84395347260112,130.495109085255,-13.6573380062486));
#6984=CARTESIAN_POINT('Ctrl Pts',(1.84925426705146,130.530162283167,-13.6782640022157));
#6985=CARTESIAN_POINT('Ctrl Pts',(1.85361011682675,130.566441484809,-13.696843088864));
#6986=CARTESIAN_POINT('Ctrl Pts',(1.85364619052804,130.566536470387,-13.6969039308672));
#6987=CARTESIAN_POINT('Ctrl Pts',(1.94636202782193,130.3917656728,-13.9147775280693));
#6988=CARTESIAN_POINT('Ctrl Pts',(2.0392301190006,130.201896961596,-14.1199014886372));
#6989=CARTESIAN_POINT('Ctrl Pts',(2.13121085085737,130.000048436556,-14.3122540323583));
#6990=CARTESIAN_POINT('Origin',(31.2375599322202,99.611047087397,54.126155740733));
#6991=CARTESIAN_POINT('',(25.3286430641037,132.319133071709,2.75219624834925));
#6992=CARTESIAN_POINT('Ctrl Pts',(29.1930474237835,129.999961212292,-2.08534371882919));
#6993=CARTESIAN_POINT('Ctrl Pts',(28.4370298878117,130.769674264036,-1.5246247438072));
#6994=CARTESIAN_POINT('Ctrl Pts',(27.0329835196019,131.93778946871,-0.112901470546924));
#6995=CARTESIAN_POINT('Ctrl Pts',(25.8189014860305,132.328759604319,1.82085274770644));
#6996=CARTESIAN_POINT('Ctrl Pts',(25.3286430641037,132.319133071709,2.75219624834925));
#6997=CARTESIAN_POINT('Ctrl Pts',(25.3286430641037,132.319133071709,2.75219624834925));
#6998=CARTESIAN_POINT('Ctrl Pts',(22.7445226364271,132.268392241053,7.66124759260935));
#6999=CARTESIAN_POINT('Ctrl Pts',(20.6615748135463,132.214540874288,12.5710757762693));
#7000=CARTESIAN_POINT('Ctrl Pts',(19.1199427631884,132.15990902735,17.3766639628844));
#7001=CARTESIAN_POINT('Origin',(1.,131.309929634881,39.5848653355735));
#7002=CARTESIAN_POINT('',(1.,132.,32.2903905728776));
#7003=CARTESIAN_POINT('Origin',(1.,132.,31.2903905728776));
#7004=CARTESIAN_POINT('',(1.,131.,32.2903905728776));
#7005=CARTESIAN_POINT('',(1.,130.654964817441,32.2903905728776));
#7006=CARTESIAN_POINT('Origin',(1.,131.,31.2903905728776));
#7007=CARTESIAN_POINT('Ctrl Pts',(25.3286430641037,132.319133071709,2.75219624834925));
#7008=CARTESIAN_POINT('Ctrl Pts',(22.7444281688268,132.268390386122,7.66142705262817));
#7009=CARTESIAN_POINT('Ctrl Pts',(20.6614225217143,132.214536936999,12.5714347531057));
#7010=CARTESIAN_POINT('Ctrl Pts',(19.1197736931913,132.159903035823,17.3771909956257));
#7011=CARTESIAN_POINT('Ctrl Pts',(25.2617308109091,132.544052928912,2.71671007416809));
#7012=CARTESIAN_POINT('Ctrl Pts',(22.683605376686,132.507124505009,7.6336890476077));
#7013=CARTESIAN_POINT('Ctrl Pts',(20.6086571859701,132.466817664242,12.5516407881312));
#7014=CARTESIAN_POINT('Ctrl Pts',(19.0788980387603,132.425057021157,17.363999309803));
#7015=CARTESIAN_POINT('Ctrl Pts',(25.0158249626756,132.886635883169,2.58629662452368));
#7016=CARTESIAN_POINT('Ctrl Pts',(22.4301592806979,132.8766248576,7.51621045477692));
#7017=CARTESIAN_POINT('Ctrl Pts',(20.3511059372125,132.86562471645,12.4500003858045));
#7018=CARTESIAN_POINT('Ctrl Pts',(18.8198820564839,132.853731236184,17.2804078050596));
#7019=CARTESIAN_POINT('Ctrl Pts',(24.6486413308811,133.,2.39156484234258));
#7020=CARTESIAN_POINT('Ctrl Pts',(22.0367674803596,133.000054108539,7.3327354931507));
#7021=CARTESIAN_POINT('Ctrl Pts',(19.9301612390033,132.99990799518,12.2824230557184));
#7022=CARTESIAN_POINT('Ctrl Pts',(18.3720720252386,133.,17.1358873240375));
#7023=CARTESIAN_POINT('Ctrl Pts',(24.4913897191095,133.,2.30816818748219));
#7024=CARTESIAN_POINT('Ctrl Pts',(21.8683307546121,133.,7.25417292388119));
#7025=CARTESIAN_POINT('Ctrl Pts',(19.7498834592289,133.,12.2106734495449));
#7026=CARTESIAN_POINT('Ctrl Pts',(18.180351207273,133.,17.0740137997726));
#7027=CARTESIAN_POINT('Origin',(24.4913897191094,132.,2.30816818748218));
#7028=CARTESIAN_POINT('Origin',(3.25914172369325,132.,31.2903905728776));
#7029=CARTESIAN_POINT('',(-20.6495122307728,132.,32.2903905728775));
#7030=CARTESIAN_POINT('Origin',(-20.6495122307728,132.,31.2903905728775));
#7031=CARTESIAN_POINT('',(3.25914172369325,132.,32.2903905728776));
#7032=CARTESIAN_POINT('Origin',(9.3430395627729,130.,32.2903905728776));
#7033=CARTESIAN_POINT('',(-29.1347936050114,130.,32.2903905728775));
#7034=CARTESIAN_POINT('Origin',(-20.6495122307728,113.,32.2903905728775));
#7035=CARTESIAN_POINT('',(-22.9721664815095,130.,32.2903905728775));
#7036=CARTESIAN_POINT('',(19.3504877692272,130.,32.2903905728776));
#7037=CARTESIAN_POINT('',(-22.4897709163635,129.854744045547,32.2903905728775));
#7038=CARTESIAN_POINT('Ctrl Pts',(-22.9721664815094,130.,32.2903905728775));
#7039=CARTESIAN_POINT('Ctrl Pts',(-22.875259579207,130.,32.2903905728775));
#7040=CARTESIAN_POINT('Ctrl Pts',(-22.7605558936169,129.994089760333,32.2903905728775));
#7041=CARTESIAN_POINT('Ctrl Pts',(-22.6302806395681,129.96222378069,32.2903905728775));
#7042=CARTESIAN_POINT('Ctrl Pts',(-22.5915886773598,129.949478998208,32.2903905728775));
#7043=CARTESIAN_POINT('Ctrl Pts',(-22.5422752804192,129.920917769798,32.2903905728775));
#7044=CARTESIAN_POINT('Ctrl Pts',(-22.526108808635,129.908885231021,32.2903905728776));
#7045=CARTESIAN_POINT('Ctrl Pts',(-22.5033197327238,129.882974341838,32.2903905728776));
#7046=CARTESIAN_POINT('Ctrl Pts',(-22.4955488272821,129.870520048421,32.2903905728776));
#7047=CARTESIAN_POINT('Ctrl Pts',(-22.4902030126168,129.855970162678,32.2903905728776));
#7048=CARTESIAN_POINT('Ctrl Pts',(-22.4899841025782,129.855357611106,32.2903905728775));
#7049=CARTESIAN_POINT('Ctrl Pts',(-22.4897709163634,129.854744045547,32.2903905728775));
#7050=CARTESIAN_POINT('',(-15.6495122307728,131.,32.2903905728776));
#7051=CARTESIAN_POINT('Origin',(-15.6495122307728,110.,32.2903905728775));
#7052=CARTESIAN_POINT('',(3.25914172369325,131.,32.2903905728776));
#7053=CARTESIAN_POINT('Ctrl Pts',(-15.6495122307728,130.681939302929,-2.93838790280776));
#7054=CARTESIAN_POINT('Ctrl Pts',(-18.7911048843626,130.681939302929,-2.93838790280776));
#7055=CARTESIAN_POINT('Ctrl Pts',(-25.0739357241338,129.248262019091,-2.4574147396356));
#7056=CARTESIAN_POINT('Ctrl Pts',(-31.3658976608496,124.225453678017,-0.772352108701597));
#7057=CARTESIAN_POINT('Ctrl Pts',(-35.5699800332607,117.53056075275,1.47366508335787));
#7058=CARTESIAN_POINT('Ctrl Pts',(-36.6495122307728,112.823531956518,3.05278930802717));
#7059=CARTESIAN_POINT('Ctrl Pts',(-36.6495122307728,109.681939302929,4.10673762193978));
#7060=CARTESIAN_POINT('Ctrl Pts',(-15.6495122307728,130.456729602479,-2.86283406428131));
#7061=CARTESIAN_POINT('Ctrl Pts',(-18.7535572249576,130.456729602479,-2.86283406428131));
#7062=CARTESIAN_POINT('Ctrl Pts',(-24.9615975310429,129.035851828965,-2.38589019297825));
#7063=CARTESIAN_POINT('Ctrl Pts',(-31.1700740889064,124.060630137056,-0.716613250834784));
#7064=CARTESIAN_POINT('Ctrl Pts',(-35.3068992877427,117.43566798982,1.50550814690333));
#7065=CARTESIAN_POINT('Ctrl Pts',(-36.3595725600646,112.783244365624,3.06669900596988));
#7066=CARTESIAN_POINT('Ctrl Pts',(-36.3503129304309,109.681939302929,4.10673762193978));
#7067=CARTESIAN_POINT('Ctrl Pts',(-15.6495122307728,130.113572822857,-2.58448144647847));
#7068=CARTESIAN_POINT('Ctrl Pts',(-18.6883332945569,130.113572822857,-2.58448144647847));
#7069=CARTESIAN_POINT('Ctrl Pts',(-24.7655284223787,128.716870457991,-2.10980171155632));
#7070=CARTESIAN_POINT('Ctrl Pts',(-30.8287451904392,123.831898563375,-0.448454632130062));
#7071=CARTESIAN_POINT('Ctrl Pts',(-34.850222800561,117.338790345649,1.76198304366724));
#7072=CARTESIAN_POINT('Ctrl Pts',(-35.8565062317489,112.788481518272,3.31247949424313));
#7073=CARTESIAN_POINT('Ctrl Pts',(-35.8325068413983,109.761865194028,4.34497946833212));
#7074=CARTESIAN_POINT('Ctrl Pts',(-15.6495122307728,130.,-2.16847656042365));
#7075=CARTESIAN_POINT('Ctrl Pts',(-18.6503992418844,130.,-2.16847656042365));
#7076=CARTESIAN_POINT('Ctrl Pts',(-24.6520249380622,128.626075479374,-1.68940286743022));
#7077=CARTESIAN_POINT('Ctrl Pts',(-30.651464372457,123.816946782728,-0.0114437507612395));
#7078=CARTESIAN_POINT('Ctrl Pts',(-34.6461828720853,117.415991844888,2.22396348284824));
#7079=CARTESIAN_POINT('Ctrl Pts',(-35.6602904060384,112.922642015693,3.794501743122));
#7080=CARTESIAN_POINT('Ctrl Pts',(-35.6495122307728,109.928627346477,4.84206148470541));
#7081=CARTESIAN_POINT('Ctrl Pts',(-15.6495122307728,130.,-1.99031755047178));
#7082=CARTESIAN_POINT('Ctrl Pts',(-18.6415052341916,130.,-1.99031755047178));
#7083=CARTESIAN_POINT('Ctrl Pts',(-24.6251536530214,128.634593063012,-1.50934438729961));
#7084=CARTESIAN_POINT('Ctrl Pts',(-30.6174983546555,123.850966071513,0.175718243634386));
#7085=CARTESIAN_POINT('Ctrl Pts',(-34.6213863283803,117.474877571259,2.42173543569385));
#7086=CARTESIAN_POINT('Ctrl Pts',(-35.6495122307728,112.991993003419,4.00085966036316));
#7087=CARTESIAN_POINT('Ctrl Pts',(-35.6495122307728,110.,5.05480797427577));
#7088=CARTESIAN_POINT('',(-20.860949335423,130.025019780197,-2.71800311722183));
#7089=CARTESIAN_POINT('Ctrl Pts',(-20.8609493353726,130.025019780202,-2.71800311722348));
#7090=CARTESIAN_POINT('Ctrl Pts',(-20.7652982981397,130.020255860049,-2.71640490696313));
#7091=CARTESIAN_POINT('Ctrl Pts',(-20.6701600360392,130.015879270555,-2.71353204011147));
#7092=CARTESIAN_POINT('Ctrl Pts',(-20.3755489750836,130.004430714517,-2.70164572048791));
#7093=CARTESIAN_POINT('Ctrl Pts',(-20.1835982698756,129.999999999983,-2.68980415987877));
#7094=CARTESIAN_POINT('Ctrl Pts',(-19.9914506805522,130.,-2.67751929649634));
#7095=CARTESIAN_POINT('',(-35.6495122307728,110.,5.05480797427577));
#7096=CARTESIAN_POINT('Origin',(-15.6495122307728,110.,5.05480797427577));
#7097=CARTESIAN_POINT('',(-36.6495122307728,109.681939302929,4.10673762193979));
#7098=CARTESIAN_POINT('Origin',(-36.6495122307728,110.,5.05480797427577));
#7099=CARTESIAN_POINT('Origin',(-15.6495122307728,109.681939302929,4.10673762193979));
#7100=CARTESIAN_POINT('Origin',(-36.6495122307728,102.679551422125,7.51068793277986));
#7101=CARTESIAN_POINT('',(-36.6495122307728,49.6819393029287,24.2356676926471));
#7102=CARTESIAN_POINT('',(-35.6495122307728,50.,25.183738044983));
#7103=CARTESIAN_POINT('Origin',(-36.6495122307728,50.,25.183738044983));
#7104=CARTESIAN_POINT('',(-36.6495122307728,102.361490725054,6.56261758044388));
#7105=CARTESIAN_POINT('',(-35.6495122307728,102.679551422125,7.51068793277986));
#7106=CARTESIAN_POINT('Ctrl Pts',(-36.6495122307728,49.6819393029286,24.235667692647));
#7107=CARTESIAN_POINT('Ctrl Pts',(-36.6495122307728,46.5403466493389,25.2896160065597));
#7108=CARTESIAN_POINT('Ctrl Pts',(-35.2161161142485,40.2573797883097,27.3974393495968));
#7109=CARTESIAN_POINT('Ctrl Pts',(-30.1931717793707,33.9653842693354,29.5082916463741));
#7110=CARTESIAN_POINT('Ctrl Pts',(-23.4982981451146,29.7612114713831,30.9187166506266));
#7111=CARTESIAN_POINT('Ctrl Pts',(-18.7911048843626,28.6819393029287,31.2807932173946));
#7112=CARTESIAN_POINT('Ctrl Pts',(-15.6495122307728,28.6819393029287,31.2807932173946));
#7113=CARTESIAN_POINT('Ctrl Pts',(-36.4999125806018,49.6819393029286,24.235667692647));
#7114=CARTESIAN_POINT('Ctrl Pts',(-36.4953739942746,46.5604650875325,25.2828484280479));
#7115=CARTESIAN_POINT('Ctrl Pts',(-35.0619024303522,40.3216286620617,27.3758886944849));
#7116=CARTESIAN_POINT('Ctrl Pts',(-30.0693459560802,34.084012178747,29.4684865784407));
#7117=CARTESIAN_POINT('Ctrl Pts',(-23.4274249214465,29.920641731536,30.8652089167435));
#7118=CARTESIAN_POINT('Ctrl Pts',(-18.7626165365409,28.8529964387979,31.2234065986278));
#7119=CARTESIAN_POINT('Ctrl Pts',(-15.6495122307728,28.8529964387979,31.2234065986278));
#7120=CARTESIAN_POINT('Ctrl Pts',(-36.2012441843323,49.703721662432,24.3005962092452));
#7121=CARTESIAN_POINT('Ctrl Pts',(-36.1876794633663,46.6237860731453,25.3382968042136));
#7122=CARTESIAN_POINT('Ctrl Pts',(-34.7541842520034,40.4757527877991,27.410198441899));
#7123=CARTESIAN_POINT('Ctrl Pts',(-29.8223329042452,34.3496669879686,29.4757874241757));
#7124=CARTESIAN_POINT('Ctrl Pts',(-23.2861285656326,30.2698403443792,30.8518547848213));
#7125=CARTESIAN_POINT('Ctrl Pts',(-18.7057736060667,29.225860313009,31.2040790598676));
#7126=CARTESIAN_POINT('Ctrl Pts',(-15.6495122307728,29.225860313009,31.2040790598676));
#7127=CARTESIAN_POINT('Ctrl Pts',(-35.7806675918093,49.8101090853242,24.6177141758293));
#7128=CARTESIAN_POINT('Ctrl Pts',(-35.7605195742261,46.7927853520928,25.6546653392178));
#7129=CARTESIAN_POINT('Ctrl Pts',(-34.3410274196297,40.7763985371623,27.7244836827578));
#7130=CARTESIAN_POINT('Ctrl Pts',(-29.5027465476318,34.7970453705435,29.7864773641289));
#7131=CARTESIAN_POINT('Ctrl Pts',(-23.1081227754669,30.8214018679298,31.159416526467));
#7132=CARTESIAN_POINT('Ctrl Pts',(-18.6345089636858,29.8059377530029,31.5106049671374));
#7133=CARTESIAN_POINT('Ctrl Pts',(-15.6495122307728,29.8059377530029,31.5106049671374));
#7134=CARTESIAN_POINT('Ctrl Pts',(-35.6495122307728,49.9286273464775,24.9709915554127));
#7135=CARTESIAN_POINT('Ctrl Pts',(-35.6386870628569,46.9346262353001,26.0184556087208));
#7136=CARTESIAN_POINT('Ctrl Pts',(-34.2497824296633,40.9559158844481,28.1119143186436));
#7137=CARTESIAN_POINT('Ctrl Pts',(-29.454310345421,34.9927222466628,30.2041474826034));
#7138=CARTESIAN_POINT('Ctrl Pts',(-23.0910374737053,31.0182725303259,31.6002336262673));
#7139=CARTESIAN_POINT('Ctrl Pts',(-18.6275345842061,30.,31.9582236291696));
#7140=CARTESIAN_POINT('Ctrl Pts',(-15.6495122307728,30.,31.9582236291696));
#7141=CARTESIAN_POINT('Ctrl Pts',(-35.6495122307728,50.,25.183738044983));
#7142=CARTESIAN_POINT('Ctrl Pts',(-35.6495122307728,47.0080069965812,26.2376863588956));
#7143=CARTESIAN_POINT('Ctrl Pts',(-34.2843730721782,41.0242290336962,28.3455097019328));
#7144=CARTESIAN_POINT('Ctrl Pts',(-29.5006165627708,35.0318523489588,30.4563619987101));
#7145=CARTESIAN_POINT('Ctrl Pts',(-23.1245464349078,31.0278782556709,31.8667870029626));
#7146=CARTESIAN_POINT('Ctrl Pts',(-18.6415052341916,30.,32.2288635697306));
#7147=CARTESIAN_POINT('Ctrl Pts',(-15.6495122307728,30.,32.2288635697306));
#7148=CARTESIAN_POINT('',(-15.6495122307728,30.,32.2288635697306));
#7149=CARTESIAN_POINT('Ctrl Pts',(-15.6495122307728,30.,32.2288635697306));
#7150=CARTESIAN_POINT('Ctrl Pts',(-15.6560450013859,30.,32.2274027978133));
#7151=CARTESIAN_POINT('Ctrl Pts',(-15.6625775314911,30.,32.2259409521797));
#7152=CARTESIAN_POINT('Ctrl Pts',(-16.6433291853059,30.,32.0063013120259));
#7153=CARTESIAN_POINT('Ctrl Pts',(-17.6153891285598,30.,31.7633986524303));
#7154=CARTESIAN_POINT('Ctrl Pts',(-19.3077693813435,30.,31.3644341635261));
#7155=CARTESIAN_POINT('Ctrl Pts',(-20.1774601120378,29.9999999994674,31.168803632842));
#7156=CARTESIAN_POINT('Ctrl Pts',(-21.6174751208061,29.9999999994674,30.927294301318));
#7157=CARTESIAN_POINT('Ctrl Pts',(-22.3252070362793,30.,30.8386073573896));
#7158=CARTESIAN_POINT('Ctrl Pts',(-22.9721664815095,30.,30.8386073573896));
#7159=CARTESIAN_POINT('Origin',(-15.6495122307728,49.6819393029286,24.235667692647));
#7160=CARTESIAN_POINT('Origin',(-15.6495122307728,50.,25.183738044983));
#7161=CARTESIAN_POINT('Origin',(-40.6495122307728,130.,-2.70960942712247));
#7162=CARTESIAN_POINT('',(-29.518920082348,29.8791536897508,30.8791491395281));
#7163=CARTESIAN_POINT('Ctrl Pts',(-29.1347936050113,30.,30.8386073573896));
#7164=CARTESIAN_POINT('Ctrl Pts',(-29.2108019047288,30.,30.8386073573896));
#7165=CARTESIAN_POINT('Ctrl Pts',(-29.3018226431001,29.9944328062745,30.8404750516095));
#7166=CARTESIAN_POINT('Ctrl Pts',(-29.4103836433492,29.9642773330361,30.8505916751439));
#7167=CARTESIAN_POINT('Ctrl Pts',(-29.4512018513939,29.9473800414103,30.8562604151692));
#7168=CARTESIAN_POINT('Ctrl Pts',(-29.4901058275085,29.9163643282008,30.866665633874));
#7169=CARTESIAN_POINT('Ctrl Pts',(-29.5013624431419,29.9049823863897,30.8704840723871));
#7170=CARTESIAN_POINT('Ctrl Pts',(-29.5125672186744,29.8897416627938,30.8755970633786));
#7171=CARTESIAN_POINT('Ctrl Pts',(-29.5159329296901,29.8845611994568,30.8773350164493));
#7172=CARTESIAN_POINT('Ctrl Pts',(-29.5189200823481,29.8791536897509,30.8791491395281));
#7173=CARTESIAN_POINT('',(-39.6495122307728,46.6819393029287,25.2421141961824));
#7174=CARTESIAN_POINT('Origin',(-20.6495122307728,46.6819393029287,25.2421141961824));
#7175=CARTESIAN_POINT('',(-39.6495122307728,112.681939302929,3.10029111840442));
#7176=CARTESIAN_POINT('',(-39.6495122307728,124.722981450108,-0.939263804245832));
#7177=CARTESIAN_POINT('',(-35.8051147803214,124.140896993754,-0.743984848959031));
#7178=CARTESIAN_POINT('Origin',(-20.6495122307728,112.681939302929,3.10029111840442));
#7179=CARTESIAN_POINT('',(-23.2423086113703,130.654939506768,-2.92932995266033));
#7180=CARTESIAN_POINT('Ctrl Pts',(-35.8051147791005,124.140896995368,-0.743984849500773));
#7181=CARTESIAN_POINT('Ctrl Pts',(-35.1923700581104,124.951312366873,-1.01586475518811));
#7182=CARTESIAN_POINT('Ctrl Pts',(-33.7227113706379,126.400365256131,-1.50199615979875));
#7183=CARTESIAN_POINT('Ctrl Pts',(-30.7666972484737,128.222317064822,-2.11322850228762));
#7184=CARTESIAN_POINT('Ctrl Pts',(-27.2048656439892,129.555889597838,-2.56061830664249));
#7185=CARTESIAN_POINT('Ctrl Pts',(-24.5636203890352,130.335362165992,-2.82211745358267));
#7186=CARTESIAN_POINT('Ctrl Pts',(-23.2423186231222,130.654976708803,-2.92934243327963));
#7187=CARTESIAN_POINT('',(-21.0457022772317,130.035100992678,-2.72138518423971));
#7188=CARTESIAN_POINT('Ctrl Pts',(-21.0457022772317,130.035100992678,-2.72138518423971));
#7189=CARTESIAN_POINT('Ctrl Pts',(-21.4943975493131,130.061741779111,-2.73032269302529));
#7190=CARTESIAN_POINT('Ctrl Pts',(-21.9548567210888,130.107785641668,-2.7457695878519));
#7191=CARTESIAN_POINT('Ctrl Pts',(-22.5688030169615,130.232247234537,-2.78752423284098));
#7192=CARTESIAN_POINT('Ctrl Pts',(-22.8444638457415,130.304567375355,-2.81178635046132));
#7193=CARTESIAN_POINT('Ctrl Pts',(-23.0867245010718,130.446954174598,-2.85955458254402));
#7194=CARTESIAN_POINT('Ctrl Pts',(-23.1413002088511,130.486616807932,-2.87286068875747));
#7195=CARTESIAN_POINT('Ctrl Pts',(-23.2054341027521,130.562058807646,-2.89817013436801));
#7196=CARTESIAN_POINT('Ctrl Pts',(-23.2247354695708,130.593341957792,-2.90866507339612));
#7197=CARTESIAN_POINT('Ctrl Pts',(-23.2384858826704,130.636798369377,-2.92324392456143));
#7198=CARTESIAN_POINT('Ctrl Pts',(-23.2407085866855,130.645840404746,-2.92627736618864));
#7199=CARTESIAN_POINT('Ctrl Pts',(-23.2423086113703,130.654939506768,-2.92932995266034));
#7200=CARTESIAN_POINT('Ctrl Pts',(-20.8609493354226,130.025019780204,-2.71800311722431));
#7201=CARTESIAN_POINT('Ctrl Pts',(-20.9223604640632,130.028078374463,-2.71902922105692));
#7202=CARTESIAN_POINT('Ctrl Pts',(-20.9839699936864,130.031435706494,-2.72015554608466));
#7203=CARTESIAN_POINT('Ctrl Pts',(-21.0457022772317,130.035100992678,-2.7213851842397));
#7204=CARTESIAN_POINT('Origin',(3.25914172369325,131.,31.2903905728776));
#7205=CARTESIAN_POINT('Origin',(-15.6495122307728,131.,31.2903905728776));
#7206=CARTESIAN_POINT('Origin',(-15.6495122307728,110.,31.2903905728776));
#7207=CARTESIAN_POINT('',(-22.2136301550223,128.892124175871,31.2903905728776));
#7208=CARTESIAN_POINT('Ctrl Pts',(-22.2136301550223,128.892124175871,31.2903905728776));
#7209=CARTESIAN_POINT('Ctrl Pts',(-22.2135479165173,128.892152749855,31.2919769781832));
#7210=CARTESIAN_POINT('Ctrl Pts',(-22.2134669953292,128.892185097082,31.2935633121708));
#7211=CARTESIAN_POINT('Ctrl Pts',(-22.2133873894969,128.892221210394,31.2951495631356));
#7212=CARTESIAN_POINT('Ctrl Pts',(-22.2111959167086,128.893215375507,31.3388175423111));
#7213=CARTESIAN_POINT('Ctrl Pts',(-22.2100060497196,128.897056581065,31.3822971114044));
#7214=CARTESIAN_POINT('Ctrl Pts',(-22.2097703261649,128.903572729434,31.4253470449206));
#7215=CARTESIAN_POINT('Ctrl Pts',(-22.2095287242844,128.910251373411,31.4694705306004));
#7216=CARTESIAN_POINT('Ctrl Pts',(-22.2102894305372,128.919740323345,31.5131437339373));
#7217=CARTESIAN_POINT('Ctrl Pts',(-22.2120194767305,128.931905532475,31.5561025218058));
#7218=CARTESIAN_POINT('Ctrl Pts',(-22.2131502422545,128.939856764719,31.5841805676194));
#7219=CARTESIAN_POINT('Ctrl Pts',(-22.2146954796401,128.948952329993,31.6119532942548));
#7220=CARTESIAN_POINT('Ctrl Pts',(-22.2166500562378,128.959165243239,31.6393426211771));
#7221=CARTESIAN_POINT('Ctrl Pts',(-22.2196368047442,128.974771387004,31.6811956912365));
#7222=CARTESIAN_POINT('Ctrl Pts',(-22.2235607320943,128.992893521319,31.7219104261756));
#7223=CARTESIAN_POINT('Ctrl Pts',(-22.2283860287162,129.013383679453,31.7612296011225));
#7224=CARTESIAN_POINT('Ctrl Pts',(-22.2331711705502,129.033703324142,31.8002215727378));
#7225=CARTESIAN_POINT('Ctrl Pts',(-22.2388428203755,129.05635229886,31.8378421161387));
#7226=CARTESIAN_POINT('Ctrl Pts',(-22.2453826920456,129.081228746243,31.8738192244346));
#7227=CARTESIAN_POINT('Ctrl Pts',(-22.2496010574766,129.097274618545,31.8970252745839));
#7228=CARTESIAN_POINT('Ctrl Pts',(-22.2541809825622,129.114248073939,31.9195471013653));
#7229=CARTESIAN_POINT('Ctrl Pts',(-22.259121069882,129.13212969453,31.9413040130089));
#7230=CARTESIAN_POINT('Ctrl Pts',(-22.2645982591423,129.15195546155,31.9654264049989));
#7231=CARTESIAN_POINT('Ctrl Pts',(-22.270493981871,129.172810667994,31.9885028107666));
#7232=CARTESIAN_POINT('Ctrl Pts',(-22.2767997707623,129.194649537331,32.0104410637487));
#7233=CARTESIAN_POINT('Ctrl Pts',(-22.2855859883507,129.225078887438,32.0410088907933));
#7234=CARTESIAN_POINT('Ctrl Pts',(-22.2951677353371,129.257416787746,32.0693690140018));
#7235=CARTESIAN_POINT('Ctrl Pts',(-22.3054518765372,129.291387140659,32.0954105768252));
#7236=CARTESIAN_POINT('Ctrl Pts',(-22.315810622293,129.325603925728,32.1216410537436));
#7237=CARTESIAN_POINT('Ctrl Pts',(-22.3268822664768,129.361477932664,32.1455198008762));
#7238=CARTESIAN_POINT('Ctrl Pts',(-22.3385846868851,129.398752759026,32.1668903670889));
#7239=CARTESIAN_POINT('Ctrl Pts',(-22.3411080374543,129.406790194961,32.1714984249551));
#7240=CARTESIAN_POINT('Ctrl Pts',(-22.3436607548425,129.414892824041,32.1759896879655));
#7241=CARTESIAN_POINT('Ctrl Pts',(-22.3462420750983,129.423058160764,32.1803622846913));
#7242=CARTESIAN_POINT('Ctrl Pts',(-22.3582292202432,129.460976383517,32.200667766545));
#7243=CARTESIAN_POINT('Ctrl Pts',(-22.3707542320512,129.499998067536,32.2182856001628));
#7244=CARTESIAN_POINT('Ctrl Pts',(-22.3837282906047,129.539841702188,32.2331044032743));
#7245=CARTESIAN_POINT('Ctrl Pts',(-22.3942828324838,129.57225494503,32.2451596655036));
#7246=CARTESIAN_POINT('Ctrl Pts',(-22.4051349212312,129.605213046931,32.2553619132089));
#7247=CARTESIAN_POINT('Ctrl Pts',(-22.4162424524225,129.638574052269,32.2636283285199));
#7248=CARTESIAN_POINT('Ctrl Pts',(-22.4298896030179,129.679562698262,32.2737847721698));
#7249=CARTESIAN_POINT('Ctrl Pts',(-22.4439224246233,129.721160208871,32.2810204712144));
#7250=CARTESIAN_POINT('Ctrl Pts',(-22.4582446838148,129.763100806916,32.2853237832455));
#7251=CARTESIAN_POINT('Ctrl Pts',(-22.4596949056138,129.767347564968,32.2857595215485));
#7252=CARTESIAN_POINT('Ctrl Pts',(-22.4611480985688,129.771597837452,32.2861651505993));
#7253=CARTESIAN_POINT('Ctrl Pts',(-22.4626041647725,129.77585134503,32.2865406286492));
#7254=CARTESIAN_POINT('Ctrl Pts',(-22.4716266565719,129.802208139209,32.2888672726009));
#7255=CARTESIAN_POINT('Ctrl Pts',(-22.480722567879,129.828581175653,32.2900273845819));
#7256=CARTESIAN_POINT('Ctrl Pts',(-22.4898673729612,129.854903101725,32.2900348648877));
#7257=CARTESIAN_POINT('Origin',(-15.6495122307728,110.,31.2903905728776));
#7258=CARTESIAN_POINT('Ctrl Pts',(-10.3413666496752,30.,65.8386073573896));
#7259=CARTESIAN_POINT('Ctrl Pts',(-13.8754268222413,29.0767176962395,66.1483521061883));
#7260=CARTESIAN_POINT('Ctrl Pts',(-21.435579353785,29.1167106304854,66.134935189909));
#7261=CARTESIAN_POINT('Ctrl Pts',(-29.5913654557116,33.8724787097165,64.5394598049199));
#7262=CARTESIAN_POINT('Ctrl Pts',(-35.1808090075373,41.1972500717076,62.0821296294292));
#7263=CARTESIAN_POINT('Ctrl Pts',(-36.6495122307728,46.6653861268756,60.2476674915694));
#7264=CARTESIAN_POINT('Ctrl Pts',(-36.6495122307728,50.3180606970714,59.0222603083274));
#7265=CARTESIAN_POINT('Ctrl Pts',(-10.4050233519763,30.2190103786196,65.7651332807898));
#7266=CARTESIAN_POINT('Ctrl Pts',(-13.8961794548727,29.3041397572248,66.0719910581138));
#7267=CARTESIAN_POINT('Ctrl Pts',(-21.3677985121745,29.3437689470832,66.0585178889116));
#7268=CARTESIAN_POINT('Ctrl Pts',(-29.4207381909724,34.0559820180654,64.477407957546));
#7269=CARTESIAN_POINT('Ctrl Pts',(-34.9261212573491,41.3063701160283,62.0455188531492));
#7270=CARTESIAN_POINT('Ctrl Pts',(-36.3610789390837,46.7122278008226,60.2314949302107));
#7271=CARTESIAN_POINT('Ctrl Pts',(-36.3503129304309,50.3180606970714,59.0222603083274));
#7272=CARTESIAN_POINT('Ctrl Pts',(-10.5159141115321,30.5504106924639,65.4877482017797));
#7273=CARTESIAN_POINT('Ctrl Pts',(-13.9326008039676,29.6515629181592,65.7933571265344));
#7274=CARTESIAN_POINT('Ctrl Pts',(-21.2493805268059,29.6906250014577,65.7801369095486));
#7275=CARTESIAN_POINT('Ctrl Pts',(-29.123042547229,34.3201039563857,64.2061867670145));
#7276=CARTESIAN_POINT('Ctrl Pts',(-34.4838135333317,41.4299514024227,61.786437217472));
#7277=CARTESIAN_POINT('Ctrl Pts',(-35.860405595533,46.7191424963443,59.9844919211961));
#7278=CARTESIAN_POINT('Ctrl Pts',(-35.8325019261207,50.2381361089226,58.784022345749));
#7279=CARTESIAN_POINT('Ctrl Pts',(-10.5794435732953,30.6533043029737,65.069606840705));
#7280=CARTESIAN_POINT('Ctrl Pts',(-13.9543717185233,29.7688524365985,65.3781190348493));
#7281=CARTESIAN_POINT('Ctrl Pts',(-21.1780828331859,29.8072597588478,65.3647725916541));
#7282=CARTESIAN_POINT('Ctrl Pts',(-28.9614753539917,34.3628643241587,63.7757502746084));
#7283=CARTESIAN_POINT('Ctrl Pts',(-34.2790360178489,41.3689173441105,61.3296250456222));
#7284=CARTESIAN_POINT('Ctrl Pts',(-35.662043825746,46.5902844123272,59.5049157480249));
#7285=CARTESIAN_POINT('Ctrl Pts',(-35.6495122307728,50.0713726535225,58.2869364455618));
#7286=CARTESIAN_POINT('Ctrl Pts',(-10.5941354868704,30.6494660027892,64.8905370050537));
#7287=CARTESIAN_POINT('Ctrl Pts',(-13.9599070797904,29.7701495230173,65.2002817538523));
#7288=CARTESIAN_POINT('Ctrl Pts',(-21.1600523479273,29.8082380318229,65.186864837573));
#7289=CARTESIAN_POINT('Ctrl Pts',(-28.9274676830954,34.337540964424,63.5913894525839));
#7290=CARTESIAN_POINT('Ctrl Pts',(-34.2507472562628,41.3135136901298,61.1340592770932));
#7291=CARTESIAN_POINT('Ctrl Pts',(-35.6495122307728,46.5212623140993,59.2995971392334));
#7292=CARTESIAN_POINT('Ctrl Pts',(-35.6495122307728,50.,58.0741899559914));
#7293=CARTESIAN_POINT('',(-10.3413666496755,30.,65.8386073573896));
#7294=CARTESIAN_POINT('',(-20.9576578118702,30.,65.8386073573896));
#7295=CARTESIAN_POINT('Ctrl Pts',(-10.3413666496753,30.,65.8386073573896));
#7296=CARTESIAN_POINT('Ctrl Pts',(-10.5917855053856,30.,65.8386073573896));
#7297=CARTESIAN_POINT('Ctrl Pts',(-10.905692117929,29.9785084704457,65.8386073573896));
#7298=CARTESIAN_POINT('Ctrl Pts',(-12.0000407280714,29.8901315107403,65.8386073573896));
#7299=CARTESIAN_POINT('Ctrl Pts',(-13.0512634501775,29.7742680448185,65.8386073573896));
#7300=CARTESIAN_POINT('Ctrl Pts',(-14.5825394931036,29.7117422026582,65.8386073573896));
#7301=CARTESIAN_POINT('Ctrl Pts',(-14.8295195671818,29.7043822135818,65.8386073573896));
#7302=CARTESIAN_POINT('Ctrl Pts',(-15.1959846691689,29.697749498853,65.8386073573896));
#7303=CARTESIAN_POINT('Ctrl Pts',(-15.3145317987978,29.6962659594583,65.8386073573896));
#7304=CARTESIAN_POINT('Ctrl Pts',(-15.5254841213577,29.6948170849973,65.8386073573896));
#7305=CARTESIAN_POINT('Ctrl Pts',(-15.6177762226644,29.6945886153711,65.8386073573896));
#7306=CARTESIAN_POINT('Ctrl Pts',(-15.8095807083362,29.6949577449129,65.8386073573896));
#7307=CARTESIAN_POINT('Ctrl Pts',(-15.909014150488,29.6956205434539,65.8386073573896));
#7308=CARTESIAN_POINT('Ctrl Pts',(-16.1640672934842,29.6985241249516,65.8386073573896));
#7309=CARTESIAN_POINT('Ctrl Pts',(-16.3194553518468,29.7014407768591,65.8386073573896));
#7310=CARTESIAN_POINT('Ctrl Pts',(-16.7746437152578,29.7132738058717,65.8386073573896));
#7311=CARTESIAN_POINT('Ctrl Pts',(-17.0724653610251,29.7251786662695,65.8386073573897));
#7312=CARTESIAN_POINT('Ctrl Pts',(-18.1590837822804,29.7823030655401,65.8386073573897));
#7313=CARTESIAN_POINT('Ctrl Pts',(-18.9167519212641,29.8504158807216,65.8386073573896));
#7314=CARTESIAN_POINT('Ctrl Pts',(-20.0791496535875,29.9547314992191,65.8386073573896));
#7315=CARTESIAN_POINT('Ctrl Pts',(-20.5888586084137,30.,65.8386073573896));
#7316=CARTESIAN_POINT('Ctrl Pts',(-20.9576578118703,30.,65.8386073573896));
#7317=CARTESIAN_POINT('',(-15.6495122307728,30.,65.119315480739));
#7318=CARTESIAN_POINT('Ctrl Pts',(-15.6495122307728,30.,65.119315480739));
#7319=CARTESIAN_POINT('Ctrl Pts',(-15.6428638593316,30.,65.1208021017872));
#7320=CARTESIAN_POINT('Ctrl Pts',(-15.6362152599806,30.,65.1222876060536));
#7321=CARTESIAN_POINT('Ctrl Pts',(-14.7219228538229,30.,65.3264068452242));
#7322=CARTESIAN_POINT('Ctrl Pts',(-13.8020386488036,30.,65.5097978626585));
#7323=CARTESIAN_POINT('Ctrl Pts',(-12.0465527247523,30.,65.7595196326969));
#7324=CARTESIAN_POINT('Ctrl Pts',(-11.1841708912243,30.,65.8386073573897));
#7325=CARTESIAN_POINT('Ctrl Pts',(-10.3413666496754,30.,65.8386073573897));
#7326=CARTESIAN_POINT('',(-35.6495122307728,50.,58.0741899559914));
#7327=CARTESIAN_POINT('Origin',(-15.6495122307728,50.,58.0741899559914));
#7328=CARTESIAN_POINT('',(-36.6495122307728,50.3180606970714,59.0222603083274));
#7329=CARTESIAN_POINT('Origin',(-36.6495122307728,50.,58.0741899559914));
#7330=CARTESIAN_POINT('Origin',(-15.6495122307728,50.3180606970714,59.0222603083274));
#7331=CARTESIAN_POINT('Origin',(-36.6495122307728,57.3204485778746,55.6183099974873));
#7332=CARTESIAN_POINT('',(-36.6495122307728,110.318060697071,38.8933302376201));
#7333=CARTESIAN_POINT('',(-35.6495122307728,110.,37.9452598852842));
#7334=CARTESIAN_POINT('Origin',(-36.6495122307728,110.,37.9452598852842));
#7335=CARTESIAN_POINT('',(-36.6495122307728,57.6385092749459,56.5663803498233));
#7336=CARTESIAN_POINT('',(-35.6495122307728,57.3204485778746,55.6183099974873));
#7337=CARTESIAN_POINT('Ctrl Pts',(-36.6495122307728,110.318060697071,38.8933302376201));
#7338=CARTESIAN_POINT('Ctrl Pts',(-36.6495122307728,114.027238778735,37.6489671338601));
#7339=CARTESIAN_POINT('Ctrl Pts',(-34.9688477059097,120.200480670205,35.5779545614773));
#7340=CARTESIAN_POINT('Ctrl Pts',(-29.2553777698214,126.885494985094,33.3352514670427));
#7341=CARTESIAN_POINT('Ctrl Pts',(-24.8776444815415,129.3432083374,32.5107324636691));
#7342=CARTESIAN_POINT('Ctrl Pts',(-22.5418360512347,130.154791081736,32.2384609252135));
#7343=CARTESIAN_POINT('Ctrl Pts',(-36.4999125806018,110.318060697071,38.8933302376201));
#7344=CARTESIAN_POINT('Ctrl Pts',(-36.4945540167194,114.003485581483,37.6569573976053));
#7345=CARTESIAN_POINT('Ctrl Pts',(-34.8156128620281,120.132484636384,35.600744015169));
#7346=CARTESIAN_POINT('Ctrl Pts',(-29.1381920473725,126.759107098682,33.3776747652398));
#7347=CARTESIAN_POINT('Ctrl Pts',(-24.7959911576495,129.192417603271,32.5613129920993));
#7348=CARTESIAN_POINT('Ctrl Pts',(-22.4803577909929,129.995750806967,32.2918161013679));
#7349=CARTESIAN_POINT('Ctrl Pts',(-36.2012554347095,110.296275631507,38.8283936548363));
#7350=CARTESIAN_POINT('Ctrl Pts',(-36.185240002017,113.932657187105,37.6032137137679));
#7351=CARTESIAN_POINT('Ctrl Pts',(-34.5098485511215,119.970743768953,35.5682595214885));
#7352=CARTESIAN_POINT('Ctrl Pts',(-28.9044752098694,126.477521015112,33.3742505906542));
#7353=CARTESIAN_POINT('Ctrl Pts',(-24.6331766957527,128.861015207828,32.5702764715377));
#7354=CARTESIAN_POINT('Ctrl Pts',(-22.3578070409148,129.647456908235,32.3049858840969));
#7355=CARTESIAN_POINT('Ctrl Pts',(-35.7806851259863,110.189888329895,38.5112760497634));
#7356=CARTESIAN_POINT('Ctrl Pts',(-35.7568970052943,113.752346067309,37.2869809386194));
#7357=CARTESIAN_POINT('Ctrl Pts',(-34.1006492610598,119.659575104727,35.2542269870395));
#7358=CARTESIAN_POINT('Ctrl Pts',(-28.6036069190553,126.00982183161,33.0640973650884));
#7359=CARTESIAN_POINT('Ctrl Pts',(-24.4262008035844,128.331420449318,32.2620920222178));
#7360=CARTESIAN_POINT('Ctrl Pts',(-22.202487766086,129.097265415306,31.9974625539591));
#7361=CARTESIAN_POINT('Ctrl Pts',(-35.6495122307728,110.071372653523,38.1580063748545));
#7362=CARTESIAN_POINT('Ctrl Pts',(-35.636731300846,113.606294116165,36.9212990304376));
#7363=CARTESIAN_POINT('Ctrl Pts',(-34.0124021813589,119.478803699032,34.8646873339441));
#7364=CARTESIAN_POINT('Ctrl Pts',(-28.5613727445023,125.812595815825,32.6421208656634));
#7365=CARTESIAN_POINT('Ctrl Pts',(-24.4023007713645,128.135395647952,31.8261078392381));
#7366=CARTESIAN_POINT('Ctrl Pts',(-22.1859241677543,128.901750693564,31.5567738852484));
#7367=CARTESIAN_POINT('Ctrl Pts',(-35.6495122307728,110.,37.9452598852842));
#7368=CARTESIAN_POINT('Ctrl Pts',(-35.6495122307728,113.532550553965,36.7008967815242));
#7369=CARTESIAN_POINT('Ctrl Pts',(-34.0488793499508,119.411828545842,34.6298842091413));
#7370=CARTESIAN_POINT('Ctrl Pts',(-28.6074794108191,125.778508845736,32.3871811147067));
#7371=CARTESIAN_POINT('Ctrl Pts',(-24.4382096124573,128.119188228885,31.5626621113331));
#7372=CARTESIAN_POINT('Ctrl Pts',(-22.2136301550223,128.892124175871,31.2903905728776));
#7373=CARTESIAN_POINT('Origin',(-15.6495122307728,110.,37.9452598852842));
#7374=CARTESIAN_POINT('Origin',(-15.6495122307728,110.318060697071,38.8933302376201));
#7375=CARTESIAN_POINT('Origin',(-40.6495122307728,30.,65.8386073573897));
#7376=CARTESIAN_POINT('',(-29.518920082348,130.120846310249,32.2498487907391));
#7377=CARTESIAN_POINT('Ctrl Pts',(-29.1347936050113,130.,32.2903905728775));
#7378=CARTESIAN_POINT('Ctrl Pts',(-29.2108019047287,130.,32.2903905728775));
#7379=CARTESIAN_POINT('Ctrl Pts',(-29.3018226431002,130.005567193726,32.2885228786577));
#7380=CARTESIAN_POINT('Ctrl Pts',(-29.4103836433493,130.035722666964,32.2784062551233));
#7381=CARTESIAN_POINT('Ctrl Pts',(-29.4512018513939,130.05261995859,32.2727375150979));
#7382=CARTESIAN_POINT('Ctrl Pts',(-29.4901058275085,130.083635671799,32.2623322963932));
#7383=CARTESIAN_POINT('Ctrl Pts',(-29.5013624431419,130.09501761361,32.2585138578801));
#7384=CARTESIAN_POINT('Ctrl Pts',(-29.5125672186744,130.110258337206,32.2534008668886));
#7385=CARTESIAN_POINT('Ctrl Pts',(-29.5159329296901,130.115438800543,32.2516629138179));
#7386=CARTESIAN_POINT('Ctrl Pts',(-29.5189200823481,130.120846310249,32.2498487907391));
#7387=CARTESIAN_POINT('',(-39.6495122307728,113.318060697071,37.8868837340848));
#7388=CARTESIAN_POINT('Origin',(-20.6495122307728,113.318060697071,37.8868837340848));
#7389=CARTESIAN_POINT('',(-39.6495122307728,47.3180606970714,60.0287068118628));
#7390=CARTESIAN_POINT('',(-39.6495122307728,80.,49.0644989651336));
#7391=CARTESIAN_POINT('',(-28.4651871019884,30.,65.8386073573896));
#7392=CARTESIAN_POINT('Origin',(-20.6495122307728,47.3180606970714,60.0287068118628));
#7393=CARTESIAN_POINT('',(-40.6495122307728,30.,65.8386073573896));
#7394=CARTESIAN_POINT('Origin',(-40.6495122307728,30.,65.8386073573896));
#7395=CARTESIAN_POINT('',(-28.863848814439,29.8674381807553,65.8386073573896));
#7396=CARTESIAN_POINT('Ctrl Pts',(-28.4651871019884,30.,65.8386073573897));
#7397=CARTESIAN_POINT('Ctrl Pts',(-28.517273753722,30.,65.8386073573897));
#7398=CARTESIAN_POINT('Ctrl Pts',(-28.5676308415026,29.99764430331,65.8385844607141));
#7399=CARTESIAN_POINT('Ctrl Pts',(-28.6142500709716,29.9919858776931,65.8385491827427));
#7400=CARTESIAN_POINT('Ctrl Pts',(-28.6569065301163,29.9868084347388,65.8385169035017));
#7401=CARTESIAN_POINT('Ctrl Pts',(-28.6964341841627,29.9788640193131,65.8384745130211));
#7402=CARTESIAN_POINT('Ctrl Pts',(-28.7312579223022,29.9674158403986,65.8384316376783));
#7403=CARTESIAN_POINT('Ctrl Pts',(-28.7550385024387,29.9595980600385,65.8384023587846));
#7404=CARTESIAN_POINT('Ctrl Pts',(-28.7789079985429,29.94939304413,65.8383706278391));
#7405=CARTESIAN_POINT('Ctrl Pts',(-28.8002686537282,29.9358772266664,65.8383411358982));
#7406=CARTESIAN_POINT('Ctrl Pts',(-28.8067303474658,29.9317886314288,65.8383322144541));
#7407=CARTESIAN_POINT('Ctrl Pts',(-28.8129621229053,29.9273970282649,65.8383235532831));
#7408=CARTESIAN_POINT('Ctrl Pts',(-28.8188910926138,29.9226768822814,65.8383155423019));
#7409=CARTESIAN_POINT('Ctrl Pts',(-28.8354207245042,29.9095173825011,65.8382932081396));
#7410=CARTESIAN_POINT('Ctrl Pts',(-28.8494362369145,29.8939418966439,65.8382751450129));
#7411=CARTESIAN_POINT('Ctrl Pts',(-28.8596726294515,29.8754655655185,65.8382647537985));
#7412=CARTESIAN_POINT('Ctrl Pts',(-28.8611101633589,29.8728708670072,65.8382632945224));
#7413=CARTESIAN_POINT('Ctrl Pts',(-28.8624584257812,29.8702455150863,65.838262000089));
#7414=CARTESIAN_POINT('Ctrl Pts',(-28.863719133031,29.8675905375502,65.8382608630417));
#7415=CARTESIAN_POINT('',(-20.6495122307728,28.,65.8386073573896));
#7416=CARTESIAN_POINT('Origin',(-20.6495122307728,47.,65.8386073573896));
#7417=CARTESIAN_POINT('',(-25.4871341730796,28.,65.8386073573896));
#7418=CARTESIAN_POINT('',(5.46696099308217,30.,65.8386073573896));
#7419=CARTESIAN_POINT('Origin',(-10.3247561153864,30.,48.3386073573897));
#7420=CARTESIAN_POINT('',(-15.6495122307728,30.,39.9515531612616));
#7421=CARTESIAN_POINT('Origin',(-15.6495122307728,50.,39.9515531612616));
#7422=CARTESIAN_POINT('',(-35.6495122307728,50.,39.9515531612616));
#7423=CARTESIAN_POINT('Origin',(-20.6495122307728,113.,31.2903905728775));
#7424=CARTESIAN_POINT('',(-29.9177231703857,130.722874089121,31.2903905728775));
#7425=CARTESIAN_POINT('Origin',(-20.6495122307728,113.,31.2903905728775));
#7426=CARTESIAN_POINT('Ctrl Pts',(-29.5189169008074,130.12084263823,32.2498500226361));
#7427=CARTESIAN_POINT('Ctrl Pts',(-29.5392033271687,130.157565648476,32.2375305926855));
#7428=CARTESIAN_POINT('Ctrl Pts',(-29.559219330807,130.193277799216,32.2223884234625));
#7429=CARTESIAN_POINT('Ctrl Pts',(-29.578853317222,130.22782437332,32.2046580873716));
#7430=CARTESIAN_POINT('Ctrl Pts',(-29.5989594540381,130.263201709882,32.1865013791154));
#7431=CARTESIAN_POINT('Ctrl Pts',(-29.6186654848571,130.297357547698,32.1656300094186));
#7432=CARTESIAN_POINT('Ctrl Pts',(-29.6378514108059,130.330106392131,32.1422445653814));
#7433=CARTESIAN_POINT('Ctrl Pts',(-29.6556310029338,130.360454736967,32.1205732810336));
#7434=CARTESIAN_POINT('Ctrl Pts',(-29.6729642681039,130.389595081733,32.0967420143786));
#7435=CARTESIAN_POINT('Ctrl Pts',(-29.689749743147,130.417356216068,32.070878717007));
#7436=CARTESIAN_POINT('Ctrl Pts',(-29.7078510262449,130.447293536901,32.0429880039731));
#7437=CARTESIAN_POINT('Ctrl Pts',(-29.725197752078,130.475432231877,32.0129163134887));
#7438=CARTESIAN_POINT('Ctrl Pts',(-29.7416786232237,130.501594525573,31.9808732570783));
#7439=CARTESIAN_POINT('Ctrl Pts',(-29.7580137512682,130.527525461729,31.949113562777));
#7440=CARTESIAN_POINT('Ctrl Pts',(-29.7734987605053,130.551515475515,31.915416445335));
#7441=CARTESIAN_POINT('Ctrl Pts',(-29.7880165066301,130.573359512619,31.8799482531875));
#7442=CARTESIAN_POINT('Ctrl Pts',(-29.7968036274416,130.586580999714,31.8584805069763));
#7443=CARTESIAN_POINT('Ctrl Pts',(-29.8052361908538,130.599015649057,31.8363632510626));
#7444=CARTESIAN_POINT('Ctrl Pts',(-29.8132854904225,130.610610617747,31.8136283163738));
#7445=CARTESIAN_POINT('Ctrl Pts',(-29.8176083196527,130.616837627831,31.8014186527403));
#7446=CARTESIAN_POINT('Ctrl Pts',(-29.8218205663229,130.622822350809,31.7890307784135));
#7447=CARTESIAN_POINT('Ctrl Pts',(-29.8259199545071,130.6285622605,31.7764742982034));
#7448=CARTESIAN_POINT('Ctrl Pts',(-29.8385709616059,130.646276035089,31.7377240961886));
#7449=CARTESIAN_POINT('Ctrl Pts',(-29.8500814848708,130.661568548474,31.6975739511338));
#7450=CARTESIAN_POINT('Ctrl Pts',(-29.8604065292506,130.674413291515,31.65633470506));
#7451=CARTESIAN_POINT('Ctrl Pts',(-29.8696122131212,130.685865508037,31.6195662953124));
#7452=CARTESIAN_POINT('Ctrl Pts',(-29.8778754714033,130.695371444842,31.5819310959944));
#7453=CARTESIAN_POINT('Ctrl Pts',(-29.8851518053,130.702882543064,31.5436362832723));
#7454=CARTESIAN_POINT('Ctrl Pts',(-29.893320400246,130.711314690331,31.5006455659549));
#7455=CARTESIAN_POINT('Ctrl Pts',(-29.9002119131368,130.717198911611,31.4570004765061));
#7456=CARTESIAN_POINT('Ctrl Pts',(-29.9057736538462,130.720486294483,31.4129998443963));
#7457=CARTESIAN_POINT('Ctrl Pts',(-29.9107233966277,130.723411943212,31.3738409151069));
#7458=CARTESIAN_POINT('Ctrl Pts',(-29.914619806907,130.724280294737,31.3343995340028));
#7459=CARTESIAN_POINT('Ctrl Pts',(-29.917410744585,130.723025817637,31.2948821085799));
#7460=CARTESIAN_POINT('Ctrl Pts',(-29.9175164835544,130.722978289841,31.293384930097));
#7461=CARTESIAN_POINT('Ctrl Pts',(-29.9176206263833,130.722927714704,31.2918877477582));
#7462=CARTESIAN_POINT('Ctrl Pts',(-29.9177231703857,130.722874089121,31.2903905728775));
#7463=CARTESIAN_POINT('Ctrl Pts',(-29.4543126232505,29.8452089181828,30.8905370050808));
#7464=CARTESIAN_POINT('Ctrl Pts',(-32.0735215504691,31.2149292417469,30.4310202615899));
#7465=CARTESIAN_POINT('Ctrl Pts',(-37.4310045143771,35.8611327103892,28.8723018496803));
#7466=CARTESIAN_POINT('Ctrl Pts',(-39.6495122307728,42.7409548417777,26.5642442066533));
#7467=CARTESIAN_POINT('Ctrl Pts',(-39.6495122307728,46.6819393029287,25.2421141961824));
#7468=CARTESIAN_POINT('Ctrl Pts',(-29.5725376204733,29.642006586772,30.9587077637336));
#7469=CARTESIAN_POINT('Ctrl Pts',(-32.2283720940199,31.0258699815037,30.4943339293086));
#7470=CARTESIAN_POINT('Ctrl Pts',(-37.6654997279325,35.7209632751027,28.9193504528751));
#7471=CARTESIAN_POINT('Ctrl Pts',(-39.935873034831,42.6850960108703,26.583530032589));
#7472=CARTESIAN_POINT('Ctrl Pts',(-39.9487115311147,46.6819393029287,25.2421141961824));
#7473=CARTESIAN_POINT('Ctrl Pts',(-29.7784072408028,29.3405549367263,31.2335858776645));
#7474=CARTESIAN_POINT('Ctrl Pts',(-32.4976763324313,30.7513163788538,30.7670704243655));
#7475=CARTESIAN_POINT('Ctrl Pts',(-38.0733278989411,35.5389872422731,29.1839880165736));
#7476=CARTESIAN_POINT('Ctrl Pts',(-40.4332679702625,42.6614590319587,26.8322040288398));
#7477=CARTESIAN_POINT('Ctrl Pts',(-40.4665431762929,46.7618584195604,25.4803358493482));
#7478=CARTESIAN_POINT('Ctrl Pts',(-29.8927321066825,29.2640567862642,31.6572040388514));
#7479=CARTESIAN_POINT('Ctrl Pts',(-32.6441656462319,30.6979475593004,31.1956017894996));
#7480=CARTESIAN_POINT('Ctrl Pts',(-38.2783340829703,35.5629271648173,29.6295899087272));
#7481=CARTESIAN_POINT('Ctrl Pts',(-40.634568267724,42.7830256944785,27.3084258386117));
#7482=CARTESIAN_POINT('Ctrl Pts',(-40.6495122307728,46.9286273464775,25.977438058948));
#7483=CARTESIAN_POINT('Ctrl Pts',(-29.917723170223,29.2771259107939,31.8386073574168));
#7484=CARTESIAN_POINT('Ctrl Pts',(-32.6747851988742,30.7189367777034,31.3790906139259));
#7485=CARTESIAN_POINT('Ctrl Pts',(-38.3142409503563,35.6096772710111,29.8203722020163));
#7486=CARTESIAN_POINT('Ctrl Pts',(-40.6495122307728,42.8515953040516,27.5123145589893));
#7487=CARTESIAN_POINT('Ctrl Pts',(-40.6495122307728,47.,26.1901845485184));
#7488=CARTESIAN_POINT('',(-29.917723170223,29.2771259107939,31.8386073573896));
#7489=CARTESIAN_POINT('Ctrl Pts',(-29.917723170223,29.2771259107939,31.8386073574168));
#7490=CARTESIAN_POINT('Ctrl Pts',(-29.9176206262191,29.2770722852107,31.8371101825127));
#7491=CARTESIAN_POINT('Ctrl Pts',(-29.9175164838187,29.2770217096266,31.8356129998275));
#7492=CARTESIAN_POINT('Ctrl Pts',(-29.9174107453055,29.2769741807386,31.8341158206052));
#7493=CARTESIAN_POINT('Ctrl Pts',(-29.9142998065297,29.2755758306386,31.7900672260565));
#7494=CARTESIAN_POINT('Ctrl Pts',(-29.909817472385,29.2768144730707,31.7461335534682));
#7495=CARTESIAN_POINT('Ctrl Pts',(-29.9040383039314,29.2805946900025,31.702599965847));
#7496=CARTESIAN_POINT('Ctrl Pts',(-29.8982013203016,29.2844127244698,31.6586308653911));
#7497=CARTESIAN_POINT('Ctrl Pts',(-29.891041162469,29.2908235552857,31.6150687556555));
#7498=CARTESIAN_POINT('Ctrl Pts',(-29.8826119078978,29.2997756417648,31.5722127967337));
#7499=CARTESIAN_POINT('Ctrl Pts',(-29.879783281997,29.302779715668,31.5578315161134));
#7500=CARTESIAN_POINT('Ctrl Pts',(-29.8768115741685,29.3060703363837,31.5435298749862));
#7501=CARTESIAN_POINT('Ctrl Pts',(-29.8736983415779,29.3096466870259,31.5293196612911));
#7502=CARTESIAN_POINT('Ctrl Pts',(-29.8644406589606,29.320281523393,31.4870633747829));
#7503=CARTESIAN_POINT('Ctrl Pts',(-29.8539798946274,29.3333858726269,31.4458281876133));
#7504=CARTESIAN_POINT('Ctrl Pts',(-29.8423788426201,29.3488921323253,31.405905602939));
#7505=CARTESIAN_POINT('Ctrl Pts',(-29.8333643077269,29.3609411877925,31.3748839738361));
#7506=CARTESIAN_POINT('Ctrl Pts',(-29.8236607722331,29.3744414782503,31.3446548213121));
#7507=CARTESIAN_POINT('Ctrl Pts',(-29.8132899809104,29.3893797464809,31.3153634941437));
#7508=CARTESIAN_POINT('Ctrl Pts',(-29.8059060919132,29.4000156286421,31.2945083923812));
#7509=CARTESIAN_POINT('Ctrl Pts',(-29.7981837938162,29.4113808379308,31.2741288863342));
#7510=CARTESIAN_POINT('Ctrl Pts',(-29.7901417279018,29.4234431577323,31.2542561326084));
#7511=CARTESIAN_POINT('Ctrl Pts',(-29.7756862218434,29.4451250164519,31.2185351232384));
#7512=CARTESIAN_POINT('Ctrl Pts',(-29.7602815799886,29.4689324825024,31.18465444138));
#7513=CARTESIAN_POINT('Ctrl Pts',(-29.7440557422826,29.4946340447561,31.1527581563909));
#7514=CARTESIAN_POINT('Ctrl Pts',(-29.7276587314875,29.5206067434456,31.1205253842674));
#7515=CARTESIAN_POINT('Ctrl Pts',(-29.7104226135127,29.5485144064796,31.0903183412916));
#7516=CARTESIAN_POINT('Ctrl Pts',(-29.6924659299577,29.578157402908,31.062318306039));
#7517=CARTESIAN_POINT('Ctrl Pts',(-29.6759227577981,29.6054669665997,31.0365223731633));
#7518=CARTESIAN_POINT('Ctrl Pts',(-29.6587675432375,29.6342502819094,31.012599569194));
#7519=CARTESIAN_POINT('Ctrl Pts',(-29.6410885120925,29.6643725622539,30.9907242014815));
#7520=CARTESIAN_POINT('Ctrl Pts',(-29.6216086001898,29.697563259335,30.9666204917034));
#7521=CARTESIAN_POINT('Ctrl Pts',(-29.6016020245623,29.7321918479309,30.9451379222399));
#7522=CARTESIAN_POINT('Ctrl Pts',(-29.5811981251989,29.7680529942285,30.9264693974591));
#7523=CARTESIAN_POINT('Ctrl Pts',(-29.5607942258355,29.8039141405261,30.9078008726782));
#7524=CARTESIAN_POINT('Ctrl Pts',(-29.5399924355355,29.8410086786445,30.8919456026542));
#7525=CARTESIAN_POINT('Ctrl Pts',(-29.5189193839272,29.879155753224,30.8791484472697));
#7526=CARTESIAN_POINT('Origin',(-20.6495122307728,47.,26.1901845485184));
#7527=CARTESIAN_POINT('Origin',(-39.6495122307728,47.,26.1901845485184));
#7528=CARTESIAN_POINT('Origin',(-20.6495122307728,47.,64.8386073573897));
#7529=CARTESIAN_POINT('Ctrl Pts',(-29.2284118239637,28.9334301844457,64.8385978664118));
#7530=CARTESIAN_POINT('Ctrl Pts',(-29.2285114937432,28.9334775627272,64.8401356270408));
#7531=CARTESIAN_POINT('Ctrl Pts',(-29.2286095412396,28.9335283256277,64.8416733228994));
#7532=CARTESIAN_POINT('Ctrl Pts',(-29.2287059687721,28.9335824668325,64.8432109432884));
#7533=CARTESIAN_POINT('Ctrl Pts',(-29.2314445162776,28.935120080183,64.886879451358));
#7534=CARTESIAN_POINT('Ctrl Pts',(-29.2328695570661,28.9393734296603,64.9303455969748));
#7535=CARTESIAN_POINT('Ctrl Pts',(-29.2330470380144,28.9461708120475,64.9733682081758));
#7536=CARTESIAN_POINT('Ctrl Pts',(-29.2332298209925,28.9531712580581,65.017676068141));
#7537=CARTESIAN_POINT('Ctrl Pts',(-29.2320894325598,28.9628702792334,65.0615145536108));
#7538=CARTESIAN_POINT('Ctrl Pts',(-29.2296732369152,28.9751305352792,65.1046173641126));
#7539=CARTESIAN_POINT('Ctrl Pts',(-29.2272570412707,28.9873907913249,65.1477201746144));
#7540=CARTESIAN_POINT('Ctrl Pts',(-29.2235649748337,29.0022127852051,65.1900884071489));
#7541=CARTESIAN_POINT('Ctrl Pts',(-29.2186204498028,29.0195024094303,65.2314366386836));
#7542=CARTESIAN_POINT('Ctrl Pts',(-29.2137027119312,29.0366983664343,65.2725608645433));
#7543=CARTESIAN_POINT('Ctrl Pts',(-29.2075779387772,29.0562231108016,65.3124080389798));
#7544=CARTESIAN_POINT('Ctrl Pts',(-29.2002946729207,29.0779337257922,65.3507212277378));
#7545=CARTESIAN_POINT('Ctrl Pts',(-29.1931187029257,29.0993245036124,65.3884699929692));
#7546=CARTESIAN_POINT('Ctrl Pts',(-29.1848179918501,29.1228378116349,65.4247305872943));
#7547=CARTESIAN_POINT('Ctrl Pts',(-29.1754166254585,29.1483752929736,65.4592356299778));
#7548=CARTESIAN_POINT('Ctrl Pts',(-29.1666079911301,29.1723027015449,65.4915652181273));
#7549=CARTESIAN_POINT('Ctrl Pts',(-29.1568328786668,29.1980077355758,65.5223541203909));
#7550=CARTESIAN_POINT('Ctrl Pts',(-29.1460941961837,29.2254342704987,65.5513536251585));
#7551=CARTESIAN_POINT('Ctrl Pts',(-29.1457257370048,29.2263753131783,65.5523486386281));
#7552=CARTESIAN_POINT('Ctrl Pts',(-29.1453562175349,29.2273181915509,65.5533413379484));
#7553=CARTESIAN_POINT('Ctrl Pts',(-29.144985638994,29.2282629014561,65.5543317150579));
#7554=CARTESIAN_POINT('Ctrl Pts',(-29.1335161703124,29.2575018332145,65.5849840545331));
#7555=CARTESIAN_POINT('Ctrl Pts',(-29.1210341697065,29.2884921959733,65.6134146657774));
#7556=CARTESIAN_POINT('Ctrl Pts',(-29.1076687698225,29.320959831301,65.6395305365987));
#7557=CARTESIAN_POINT('Ctrl Pts',(-29.0941112746681,29.353894110294,65.6660217598458));
#7558=CARTESIAN_POINT('Ctrl Pts',(-29.0796444598722,29.3883493620508,65.6901318412209));
#7559=CARTESIAN_POINT('Ctrl Pts',(-29.0643818990744,29.4240684257935,65.7117243304376));
#7560=CARTESIAN_POINT('Ctrl Pts',(-29.050649293281,29.4562069265463,65.731152337732));
#7561=CARTESIAN_POINT('Ctrl Pts',(-29.0362720092932,29.4893694495125,65.7485419736533));
#7562=CARTESIAN_POINT('Ctrl Pts',(-29.0213219616244,29.5233787318142,65.7637609276817));
#7563=CARTESIAN_POINT('Ctrl Pts',(-29.0047092594497,29.5611703222204,65.7806724423661));
#7564=CARTESIAN_POINT('Ctrl Pts',(-28.9874984544916,29.5997602124379,65.7947936020955));
#7565=CARTESIAN_POINT('Ctrl Pts',(-28.9698015884344,29.6388841352673,65.8060038829909));
#7566=CARTESIAN_POINT('Ctrl Pts',(-28.96790596494,29.6430749466273,65.8072046872337));
#7567=CARTESIAN_POINT('Ctrl Pts',(-28.9660047484398,29.647271902807,65.8083720491106));
#7568=CARTESIAN_POINT('Ctrl Pts',(-28.9640980657037,29.6514746900855,65.8095057886662));
#7569=CARTESIAN_POINT('Ctrl Pts',(-28.9462835578398,29.6907421495338,65.8200985379713));
#7570=CARTESIAN_POINT('Ctrl Pts',(-28.9279927908116,29.7305182776988,65.8277604540855));
#7571=CARTESIAN_POINT('Ctrl Pts',(-28.9093538533041,29.7705473791388,65.8325032129631));
#7572=CARTESIAN_POINT('Ctrl Pts',(-28.8943471857733,29.8027757943382,65.8363217249156));
#7573=CARTESIAN_POINT('Ctrl Pts',(-28.8791144541579,29.8351686093176,65.8382469936725));
#7574=CARTESIAN_POINT('Ctrl Pts',(-28.863719133031,29.8675905375502,65.8382608630417));
#7575=CARTESIAN_POINT('Origin',(-20.6495122307728,28.,64.8386073573897));
#7576=CARTESIAN_POINT('Origin',(-25.4871341730796,28.,64.8386073573897));
#7577=CARTESIAN_POINT('Origin',(18.,28.,64.8386073573897));
#7578=CARTESIAN_POINT('Ctrl Pts',(18.,28.,65.8386073573896));
#7579=CARTESIAN_POINT('Ctrl Pts',(18.198259268442,28.,65.8386073573896));
#7580=CARTESIAN_POINT('Ctrl Pts',(18.3963635087723,28.,65.8072416560743));
#7581=CARTESIAN_POINT('Ctrl Pts',(18.5828656306233,28.,65.7478320195935));
#7582=CARTESIAN_POINT('Ctrl Pts',(18.,27.948147123517,65.8386073573896));
#7583=CARTESIAN_POINT('Ctrl Pts',(18.1982594488716,27.948147123517,65.8386073573896));
#7584=CARTESIAN_POINT('Ctrl Pts',(18.3963633410393,27.948147123517,65.807241709505));
#7585=CARTESIAN_POINT('Ctrl Pts',(18.5828656306233,27.948147123517,65.7478320195935));
#7586=CARTESIAN_POINT('Ctrl Pts',(18.,27.8962947525065,65.8345661629845));
#7587=CARTESIAN_POINT('Ctrl Pts',(18.1978405832694,27.8962947525065,65.8345661629845));
#7588=CARTESIAN_POINT('Ctrl Pts',(18.3955261509659,27.8962947525065,65.8032671182347));
#7589=CARTESIAN_POINT('Ctrl Pts',(18.5816390499163,27.8962947525065,65.7439814674267));
#7590=CARTESIAN_POINT('Ctrl Pts',(18.,27.845067992489,65.8265324927358));
#7591=CARTESIAN_POINT('Ctrl Pts',(18.1970077222945,27.845067992489,65.8265324927358));
#7592=CARTESIAN_POINT('Ctrl Pts',(18.3938620303269,27.845067992489,65.795365798197));
#7593=CARTESIAN_POINT('Ctrl Pts',(18.5792006755285,27.845067992489,65.7363267833698));
#7594=CARTESIAN_POINT('Origin',(-20.6495122307728,47.,31.8386073573896));
#7595=CARTESIAN_POINT('Origin',(-20.6495122307728,47.,31.8386073573896));
#7596=CARTESIAN_POINT('Ctrl Pts',(-29.454312623405,130.154791081736,32.2384609252135));
#7597=CARTESIAN_POINT('Ctrl Pts',(-32.9465911929837,128.328497316968,32.8511499165402));
#7598=CARTESIAN_POINT('Ctrl Pts',(-38.014452088092,123.174099023896,34.5803586298369));
#7599=CARTESIAN_POINT('Ctrl Pts',(-39.6495122307728,116.27379904291,36.89528622624));
#7600=CARTESIAN_POINT('Ctrl Pts',(-39.6495122307728,113.318060697071,37.8868837340848));
#7601=CARTESIAN_POINT('Ctrl Pts',(-29.57253762063,130.357993413146,32.1702901665609));
#7602=CARTESIAN_POINT('Ctrl Pts',(-33.1136502519787,128.512842220154,32.7894552791333));
#7603=CARTESIAN_POINT('Ctrl Pts',(-38.2592482897623,123.303926122043,34.5363570902443));
#7604=CARTESIAN_POINT('Ctrl Pts',(-39.939082658902,116.31569316609,36.8808218567883));
#7605=CARTESIAN_POINT('Ctrl Pts',(-39.9487115311147,113.318060697071,37.8868837340848));
#7606=CARTESIAN_POINT('Ctrl Pts',(-29.7783996492765,130.65942625926,31.8953992741789));
#7607=CARTESIAN_POINT('Ctrl Pts',(-33.4040917714002,128.778411003073,32.5174198785833));
#7608=CARTESIAN_POINT('Ctrl Pts',(-38.6855470797205,123.466282204412,34.2739081726695));
#7609=CARTESIAN_POINT('Ctrl Pts',(-40.4415470225464,116.313430584322,36.6347295384004));
#7610=CARTESIAN_POINT('Ctrl Pts',(-40.466503427069,113.238131043646,37.6486306730106));
#7611=CARTESIAN_POINT('Ctrl Pts',(-29.8927321068448,130.735943213651,31.471793891443));
#7612=CARTESIAN_POINT('Ctrl Pts',(-33.561310159529,128.824088849586,32.0872635572511));
#7613=CARTESIAN_POINT('Ctrl Pts',(-38.8941308665251,123.426624109519,33.8246698487922));
#7614=CARTESIAN_POINT('Ctrl Pts',(-40.6383042584863,116.180573892496,36.1533190365798));
#7615=CARTESIAN_POINT('Ctrl Pts',(-40.6495122307728,113.071372653523,37.1515598713192));
#7616=CARTESIAN_POINT('Ctrl Pts',(-29.9177231703857,130.722874089121,31.2903905728775));
#7617=CARTESIAN_POINT('Ctrl Pts',(-33.5938058752053,128.800459599891,31.9030795642042));
#7618=CARTESIAN_POINT('Ctrl Pts',(-38.9283962911088,123.374777186132,33.6322882775009));
#7619=CARTESIAN_POINT('Ctrl Pts',(-40.6495122307728,116.111303521935,35.947215873904));
#7620=CARTESIAN_POINT('Ctrl Pts',(-40.6495122307728,113.,36.9388133817488));
#7621=CARTESIAN_POINT('Origin',(-20.6495122307728,113.,36.9388133817488));
#7622=CARTESIAN_POINT('Origin',(-39.6495122307728,113.,36.9388133817488));
#7623=CARTESIAN_POINT('Origin',(-39.6495122307728,79.6819393029286,48.1164286127976));
#7624=CARTESIAN_POINT('Origin',(-39.6495122307728,47.,59.0806364595268));
#7625=CARTESIAN_POINT('Ctrl Pts',(-39.6495122307728,47.3180606970714,60.0287068118628));
#7626=CARTESIAN_POINT('Ctrl Pts',(-39.6495122307728,44.2051544105057,61.0730313611785));
#7627=CARTESIAN_POINT('Ctrl Pts',(-38.3457488630876,39.0223987604523,62.81175346207));
#7628=CARTESIAN_POINT('Ctrl Pts',(-33.8548607769152,33.1868392981661,64.7694796010669));
#7629=CARTESIAN_POINT('Ctrl Pts',(-30.3567485060249,30.8536653838723,65.5522178437938));
#7630=CARTESIAN_POINT('Ctrl Pts',(-28.4651871019884,30.,65.8386073573897));
#7631=CARTESIAN_POINT('Ctrl Pts',(-39.7991118809437,47.3180606970714,60.0287068118628));
#7632=CARTESIAN_POINT('Ctrl Pts',(-39.8040824082967,44.18312128386,61.0804430157513));
#7633=CARTESIAN_POINT('Ctrl Pts',(-38.4994609712439,38.9596957521352,62.83276671093));
#7634=CARTESIAN_POINT('Ctrl Pts',(-33.9788570206445,33.0691202434206,64.8089915090546));
#7635=CARTESIAN_POINT('Ctrl Pts',(-30.4506168801891,30.7110287612274,65.6000617849634));
#7636=CARTESIAN_POINT('Ctrl Pts',(-28.5415263008684,29.8479587252045,65.88961449386));
#7637=CARTESIAN_POINT('Ctrl Pts',(-40.0977737330875,47.2962767580915,59.9637735871856));
#7638=CARTESIAN_POINT('Ctrl Pts',(-40.1126294198004,44.1158454532658,61.0258921643356));
#7639=CARTESIAN_POINT('Ctrl Pts',(-38.8061841816081,38.8088334972899,62.7977289524307));
#7640=CARTESIAN_POINT('Ctrl Pts',(-34.226171562187,32.8052939240782,64.8012284395959));
#7641=CARTESIAN_POINT('Ctrl Pts',(-30.6377929575067,30.3962971022374,65.6048964700045));
#7642=CARTESIAN_POINT('Ctrl Pts',(-28.6937145724707,29.5139641289588,65.8992301933317));
#7643=CARTESIAN_POINT('Ctrl Pts',(-40.5183466087916,47.1898894065919,59.6466558334077));
#7644=CARTESIAN_POINT('Ctrl Pts',(-40.5404121299218,43.9408874234309,60.7095951661628));
#7645=CARTESIAN_POINT('Ctrl Pts',(-39.2184935866899,38.513045763734,62.4834223787658));
#7646=CARTESIAN_POINT('Ctrl Pts',(-34.5466283752032,32.3603736123214,64.4904585115804));
#7647=CARTESIAN_POINT('Ctrl Pts',(-30.8770372139069,29.8874000128266,65.2960714866756));
#7648=CARTESIAN_POINT('Ctrl Pts',(-28.8874274505131,28.9813750240812,65.5911425193668));
#7649=CARTESIAN_POINT('Ctrl Pts',(-40.6495122307728,47.0713726535225,59.2933829490971));
#7650=CARTESIAN_POINT('Ctrl Pts',(-40.6613676388992,43.7968284150195,60.3448088714781));
#7651=CARTESIAN_POINT('Ctrl Pts',(-39.3107283057946,38.3359761641929,62.0967379001539));
#7652=CARTESIAN_POINT('Ctrl Pts',(-34.5955424949384,32.1645819316308,64.0733430669591));
#7653=CARTESIAN_POINT('Ctrl Pts',(-30.9070376572734,29.6912829326712,64.8647278356301));
#7654=CARTESIAN_POINT('Ctrl Pts',(-28.9097350809056,28.7854441465886,65.1544535026812));
#7655=CARTESIAN_POINT('Ctrl Pts',(-40.6495122307728,47.,59.0806364595268));
#7656=CARTESIAN_POINT('Ctrl Pts',(-40.6495122307728,43.7232565404572,60.1249610088425));
#7657=CARTESIAN_POINT('Ctrl Pts',(-39.2771297384726,38.2677242772431,61.863683109734));
#7658=CARTESIAN_POINT('Ctrl Pts',(-34.549879121449,32.1250301064155,63.8214092487309));
#7659=CARTESIAN_POINT('Ctrl Pts',(-30.8676556784066,29.6690575650536,64.6041474914579));
#7660=CARTESIAN_POINT('Ctrl Pts',(-28.8765384109998,28.7704624241354,64.8905370050537));
#7661=CARTESIAN_POINT('Origin',(-39.6495122307728,125.04104214718,0.00880654809015224));
#7662=CARTESIAN_POINT('Origin',(-39.6495122307728,113.,4.04836147074041));
#7663=CARTESIAN_POINT('Ctrl Pts',(-39.6495122307728,112.681939302929,3.10029111840442));
#7664=CARTESIAN_POINT('Ctrl Pts',(-39.6495122307728,116.782047928136,1.72477778841942));
#7665=CARTESIAN_POINT('Ctrl Pts',(-38.2779027415816,120.870390849889,0.353211642135301));
#7666=CARTESIAN_POINT('Ctrl Pts',(-35.8051147803146,124.140896993762,-0.743984848962043));
#7667=CARTESIAN_POINT('Ctrl Pts',(-39.7991118809437,112.681939302929,3.10029111840442));
#7668=CARTESIAN_POINT('Ctrl Pts',(-39.8056587218042,116.811068465307,1.71501566067018));
#7669=CARTESIAN_POINT('Ctrl Pts',(-38.4309040719838,120.932735630261,0.332323193420059));
#7670=CARTESIAN_POINT('Ctrl Pts',(-35.9416436503448,124.233681943248,-0.775112544958936));
#7671=CARTESIAN_POINT('Ctrl Pts',(-40.0977718776173,112.703723686969,3.16522566971183));
#7672=CARTESIAN_POINT('Ctrl Pts',(-40.1173387786473,116.892771677611,1.76627525544471));
#7673=CARTESIAN_POINT('Ctrl Pts',(-38.7361630417922,121.082852117894,0.36749091894494));
#7674=CARTESIAN_POINT('Ctrl Pts',(-36.2139697593484,124.446328734316,-0.755008659322149));
#7675=CARTESIAN_POINT('Ctrl Pts',(-40.5183437310518,112.81011101866,3.48234336444368));
#7676=CARTESIAN_POINT('Ctrl Pts',(-40.5474069360369,117.089475647131,2.08231190666748));
#7677=CARTESIAN_POINT('Ctrl Pts',(-39.1467883577447,121.376842146961,0.681769493004665));
#7678=CARTESIAN_POINT('Ctrl Pts',(-36.5739185974987,124.823271856628,-0.442651076569258));
#7679=CARTESIAN_POINT('Ctrl Pts',(-40.6495122307728,112.928627346477,3.83561498117005));
#7680=CARTESIAN_POINT('Ctrl Pts',(-40.6651273687306,117.241634497978,2.45074820515262));
#7681=CARTESIAN_POINT('Ctrl Pts',(-39.2385540783674,121.552265457647,1.06830702428082));
#7682=CARTESIAN_POINT('Ctrl Pts',(-36.6420622147634,125.010103571553,-0.0393235425202603));
#7683=CARTESIAN_POINT('Ctrl Pts',(-40.6495122307728,113.,4.0483614707404));
#7684=CARTESIAN_POINT('Ctrl Pts',(-40.6495122307728,117.315903816008,2.6728481407554));
#7685=CARTESIAN_POINT('Ctrl Pts',(-39.2057127684663,121.619422681011,1.30128199447129));
#7686=CARTESIAN_POINT('Ctrl Pts',(-36.6027780723958,125.062060727194,0.204085503373943));
#7687=CARTESIAN_POINT('',(-36.6027780725168,125.062060727152,0.204085502978321));
#7688=CARTESIAN_POINT('Origin',(-35.8051147803214,124.458957690825,0.204085503376954));
#7689=CARTESIAN_POINT('Origin',(-20.6495122307728,113.,4.0483614707404));
#7690=CARTESIAN_POINT('Ctrl Pts',(-35.8051147791005,124.140896995368,-0.743984849500773));
#7691=CARTESIAN_POINT('Ctrl Pts',(-35.1923700581104,124.951312366873,-1.01586475518811));
#7692=CARTESIAN_POINT('Ctrl Pts',(-33.7227113706379,126.400365256131,-1.50199615979875));
#7693=CARTESIAN_POINT('Ctrl Pts',(-30.7666972484737,128.222317064822,-2.11322850228762));
#7694=CARTESIAN_POINT('Ctrl Pts',(-27.1688817753077,129.569362188413,-2.56513812053517));
#7695=CARTESIAN_POINT('Ctrl Pts',(-24.4899498506271,130.357063703333,-2.8293979323755));
#7696=CARTESIAN_POINT('Ctrl Pts',(-23.1301645336629,130.681939302931,-2.93838790280853));
#7697=CARTESIAN_POINT('Ctrl Pts',(-35.9416436491308,124.23368194487,-0.77511254550301));
#7698=CARTESIAN_POINT('Ctrl Pts',(-35.3092100978122,125.049775834353,-1.04883369587943));
#7699=CARTESIAN_POINT('Ctrl Pts',(-33.8052293715138,126.500367385666,-1.53548761452511));
#7700=CARTESIAN_POINT('Ctrl Pts',(-30.8091991286897,128.309408049284,-2.14233455187174));
#7701=CARTESIAN_POINT('Ctrl Pts',(-27.1919999833109,129.637283831511,-2.58789572955489));
#7702=CARTESIAN_POINT('Ctrl Pts',(-24.5138877145244,130.431394714634,-2.85432422481653));
#7703=CARTESIAN_POINT('Ctrl Pts',(-23.1523100769846,130.765253828288,-2.96633844038835));
#7704=CARTESIAN_POINT('Ctrl Pts',(-36.2139696560721,124.44632868957,-0.75500856815992));
#7705=CARTESIAN_POINT('Ctrl Pts',(-35.5423516900751,125.269604183747,-1.04505437522501));
#7706=CARTESIAN_POINT('Ctrl Pts',(-33.9700318249295,126.716827085779,-1.55259761976755));
#7707=CARTESIAN_POINT('Ctrl Pts',(-30.8940803715539,128.492772908317,-2.17276948734799));
#7708=CARTESIAN_POINT('Ctrl Pts',(-27.238213710174,129.778496371719,-2.61729192726565));
#7709=CARTESIAN_POINT('Ctrl Pts',(-24.5617535813163,130.586386195745,-2.88520977851484));
#7710=CARTESIAN_POINT('Ctrl Pts',(-23.1965885732658,130.939738233669,-2.99866731677807));
#7711=CARTESIAN_POINT('Ctrl Pts',(-36.5739184385609,124.823271769144,-0.442650987494048));
#7712=CARTESIAN_POINT('Ctrl Pts',(-35.8677393013107,125.654778709283,-0.796419651379376));
#7713=CARTESIAN_POINT('Ctrl Pts',(-34.218618847997,127.09737115009,-1.40352957995058));
#7714=CARTESIAN_POINT('Ctrl Pts',(-31.0322437218287,128.820326409601,-2.12384897843042));
#7715=CARTESIAN_POINT('Ctrl Pts',(-27.3150316415075,130.032244487738,-2.60989782708082));
#7716=CARTESIAN_POINT('Ctrl Pts',(-24.6404895608229,130.864300013061,-2.86997117141388));
#7717=CARTESIAN_POINT('Ctrl Pts',(-23.2684202386244,131.250334961993,-2.96903473236113));
#7718=CARTESIAN_POINT('Ctrl Pts',(-36.6420622135078,125.010103573257,-0.0393235429943543));
#7719=CARTESIAN_POINT('Ctrl Pts',(-35.9616467981178,125.854204567422,-0.445829156019504));
#7720=CARTESIAN_POINT('Ctrl Pts',(-34.3268713102092,127.317600422668,-1.15372778735352));
#7721=CARTESIAN_POINT('Ctrl Pts',(-31.1108618353308,129.034899677222,-1.99937303395265));
#7722=CARTESIAN_POINT('Ctrl Pts',(-27.3625302151729,130.207757749706,-2.55216412053885));
#7723=CARTESIAN_POINT('Ctrl Pts',(-24.6878989593679,131.054284057895,-2.79745415801536));
#7724=CARTESIAN_POINT('Ctrl Pts',(-23.309875887298,131.456284814939,-2.87235336296987));
#7725=CARTESIAN_POINT('Ctrl Pts',(-36.6027780711192,125.062060728882,0.204085502915215));
#7726=CARTESIAN_POINT('Ctrl Pts',(-35.9549687770732,125.918852459149,-0.219230054709265));
#7727=CARTESIAN_POINT('Ctrl Pts',(-34.3569732653735,127.409038188716,-0.974719233708188));
#7728=CARTESIAN_POINT('Ctrl Pts',(-31.1480418922131,129.145518509845,-1.89851717541522));
#7729=CARTESIAN_POINT('Ctrl Pts',(-27.387029556338,130.305352352964,-2.50077510728335));
#7730=CARTESIAN_POINT('Ctrl Pts',(-24.7112330534214,131.157888812036,-2.73440520655079));
#7731=CARTESIAN_POINT('Ctrl Pts',(-23.3291560557076,131.564028082695,-2.79173797452474));
#7732=CARTESIAN_POINT('',(-23.3291560557076,131.564028082695,-2.79173797452473));
#7733=CARTESIAN_POINT('Ctrl Pts',(-23.3291560557185,131.564028082693,-2.79173797452401));
#7734=CARTESIAN_POINT('Ctrl Pts',(-23.3291503539383,131.562489913569,-2.79282193141005));
#7735=CARTESIAN_POINT('Ctrl Pts',(-23.3291435884121,131.560948776863,-2.79390164270682));
#7736=CARTESIAN_POINT('Ctrl Pts',(-23.3291357603646,131.559404693472,-2.79497710104371));
#7737=CARTESIAN_POINT('Ctrl Pts',(-23.3289401696067,131.520824390717,-2.8218483882299));
#7738=CARTESIAN_POINT('Ctrl Pts',(-23.328082818192,131.480496145863,-2.84600697416294));
#7739=CARTESIAN_POINT('Ctrl Pts',(-23.3265849799584,131.438750858173,-2.86734933464246));
#7740=CARTESIAN_POINT('Ctrl Pts',(-23.3250871417249,131.397005570482,-2.88869169512198));
#7741=CARTESIAN_POINT('Ctrl Pts',(-23.3229485602568,131.353841954598,-2.90721847270123));
#7742=CARTESIAN_POINT('Ctrl Pts',(-23.3201809605685,131.309563341918,-2.92277234684908));
#7743=CARTESIAN_POINT('Ctrl Pts',(-23.3176945550273,131.269783532581,-2.93674591355762));
#7744=CARTESIAN_POINT('Ctrl Pts',(-23.3147105891921,131.229266896219,-2.9482618118635));
#7745=CARTESIAN_POINT('Ctrl Pts',(-23.311242868177,131.188241384463,-2.95722554292308));
#7746=CARTESIAN_POINT('Ctrl Pts',(-23.3075581651081,131.144648826581,-2.96675015208277));
#7747=CARTESIAN_POINT('Ctrl Pts',(-23.3033270993477,131.100480834215,-2.97339395788269));
#7748=CARTESIAN_POINT('Ctrl Pts',(-23.2985800895831,131.056035815134,-2.97712482376003));
#7749=CARTESIAN_POINT('Ctrl Pts',(-23.2978932915127,131.049605503243,-2.97766460598342));
#7750=CARTESIAN_POINT('Ctrl Pts',(-23.2971956885087,131.043169391601,-2.97814332462368));
#7751=CARTESIAN_POINT('Ctrl Pts',(-23.2964873686479,131.03672838759,-2.97856079148135));
#7752=CARTESIAN_POINT('Ctrl Pts',(-23.2921279746053,130.997086869589,-2.98113011451309));
#7753=CARTESIAN_POINT('Ctrl Pts',(-23.287384071076,130.957451691756,-2.98136952136918));
#7754=CARTESIAN_POINT('Ctrl Pts',(-23.282283929231,130.918035303472,-2.97928373630798));
#7755=CARTESIAN_POINT('Ctrl Pts',(-23.2764865033455,130.873229963406,-2.9769127857201));
#7756=CARTESIAN_POINT('Ctrl Pts',(-23.2702285992672,130.82870633624,-2.97153846437198));
#7757=CARTESIAN_POINT('Ctrl Pts',(-23.26355279448,130.78476196867,-2.96320816567003));
#7758=CARTESIAN_POINT('Ctrl Pts',(-23.2568769896928,130.7408176011,-2.95487786696809));
#7759=CARTESIAN_POINT('Ctrl Pts',(-23.2497829911838,130.697451286487,-2.94359146453603));
#7760=CARTESIAN_POINT('Ctrl Pts',(-23.242314402874,130.654977729654,-2.92934277575698));
#7761=CARTESIAN_POINT('Ctrl Pts',(-23.3291560557076,131.564028082695,-2.79173797452474));
#7762=CARTESIAN_POINT('Ctrl Pts',(-24.7112330534214,131.157888812036,-2.73440520655079));
#7763=CARTESIAN_POINT('Ctrl Pts',(-27.387029556338,130.305352352964,-2.50077510728335));
#7764=CARTESIAN_POINT('Ctrl Pts',(-31.1480418922131,129.145518509845,-1.89851717541522));
#7765=CARTESIAN_POINT('Ctrl Pts',(-34.3569732653735,127.409038188716,-0.974719233708188));
#7766=CARTESIAN_POINT('Ctrl Pts',(-35.9549687770732,125.918852459149,-0.219230054709265));
#7767=CARTESIAN_POINT('Ctrl Pts',(-36.6027780711192,125.062060728882,0.204085502915215));
#7768=CARTESIAN_POINT('Ctrl Pts',(29.5194231857053,129.659011244683,-2.31499181582744));
#7769=CARTESIAN_POINT('Ctrl Pts',(28.6557542166391,130.583986628133,-1.74026403865314));
#7770=CARTESIAN_POINT('Ctrl Pts',(27.1270561232194,131.907495322535,-0.262737551665998));
#7771=CARTESIAN_POINT('Ctrl Pts',(25.8189014860305,132.328759604319,1.82085274770644));
#7772=CARTESIAN_POINT('Ctrl Pts',(25.3286430641037,132.319133071709,2.75219624834925));
#7773=CARTESIAN_POINT('Ctrl Pts',(29.5571121421776,129.801978183545,-2.48882616297324));
#7774=CARTESIAN_POINT('Ctrl Pts',(28.6716785759676,130.743035082686,-1.89370089673358));
#7775=CARTESIAN_POINT('Ctrl Pts',(27.1079514233634,132.090905945379,-0.372435098910051));
#7776=CARTESIAN_POINT('Ctrl Pts',(25.7712814805999,132.523918369523,1.7655885121041));
#7777=CARTESIAN_POINT('Ctrl Pts',(25.2700948425585,132.515937946762,2.72114584594074));
#7778=CARTESIAN_POINT('Ctrl Pts',(29.5076072920981,130.021243267668,-2.91686204962242));
#7779=CARTESIAN_POINT('Ctrl Pts',(28.5869614494259,131.003229008697,-2.27274143038754));
#7780=CARTESIAN_POINT('Ctrl Pts',(26.9616425700041,132.409842465721,-0.65408180656386));
#7781=CARTESIAN_POINT('Ctrl Pts',(25.5662946851215,132.870015620892,1.59557128278384));
#7782=CARTESIAN_POINT('Ctrl Pts',(25.0411356783715,132.866151303231,2.59971988293982));
#7783=CARTESIAN_POINT('Ctrl Pts',(29.2323094617648,130.010791610408,-3.31415853215259));
#7784=CARTESIAN_POINT('Ctrl Pts',(28.3052582682347,131.039163580738,-2.64088688936896));
#7785=CARTESIAN_POINT('Ctrl Pts',(26.6548731068363,132.514073591479,-0.956710112647246));
#7786=CARTESIAN_POINT('Ctrl Pts',(25.21844751355,133.000816033932,1.36971059143814));
#7787=CARTESIAN_POINT('Ctrl Pts',(24.674849932843,133.,2.40546428481931));
#7788=CARTESIAN_POINT('Ctrl Pts',(29.0685892206435,129.94884932444,-3.46057307771219));
#7789=CARTESIAN_POINT('Ctrl Pts',(28.1443929359599,130.996688064732,-2.78471743671027));
#7790=CARTESIAN_POINT('Ctrl Pts',(26.4900399666188,132.502446832497,-1.08522748256617));
#7791=CARTESIAN_POINT('Ctrl Pts',(25.0407064130319,133.,1.26383377534982));
#7792=CARTESIAN_POINT('Ctrl Pts',(24.4913897191094,133.,2.30816818748218));
#7793=CARTESIAN_POINT('Ctrl Pts',(1.64217917173999,130.938781234033,-13.1760158249268));
#7794=CARTESIAN_POINT('Ctrl Pts',(1.89127020509526,130.532333886781,-13.8193957163898));
#7795=CARTESIAN_POINT('Ctrl Pts',(2.1473096440563,129.997432708694,-14.3691876476009));
#7796=CARTESIAN_POINT('Ctrl Pts',(2.38958155143147,129.396210768853,-14.8249576133811));
#7797=CARTESIAN_POINT('Ctrl Pts',(1.67618861334086,131.180320533958,-13.3195529108546));
#7798=CARTESIAN_POINT('Ctrl Pts',(1.93731513693509,130.731456177114,-13.978770245207));
#7799=CARTESIAN_POINT('Ctrl Pts',(2.19850866722641,130.1597081018,-14.5279339036759));
#7800=CARTESIAN_POINT('Ctrl Pts',(2.44381347675804,129.528601807713,-14.9770379476587));
#7801=CARTESIAN_POINT('Ctrl Pts',(1.9458926350774,131.612944664417,-13.4955761607384));
#7802=CARTESIAN_POINT('Ctrl Pts',(2.18220341013474,131.091453698116,-14.1931353338783));
#7803=CARTESIAN_POINT('Ctrl Pts',(2.42291549916897,130.452697569529,-14.7495586229743));
#7804=CARTESIAN_POINT('Ctrl Pts',(2.64712872373237,129.768357831361,-15.1961705292494));
#7805=CARTESIAN_POINT('Ctrl Pts',(2.4234532134318,131.816846887722,-13.4424691592505));
#7806=CARTESIAN_POINT('Ctrl Pts',(2.6021920829827,131.305100902183,-14.1888821745676));
#7807=CARTESIAN_POINT('Ctrl Pts',(2.79234850313469,130.650753496773,-14.7887599250141));
#7808=CARTESIAN_POINT('Ctrl Pts',(2.97242481789728,129.944412939022,-15.2628379122003));
#7809=CARTESIAN_POINT('Ctrl Pts',(2.62510692643726,131.845162930982,-13.382547000022));
#7810=CARTESIAN_POINT('Ctrl Pts',(2.78556967028787,131.355524506085,-14.1469513972821));
#7811=CARTESIAN_POINT('Ctrl Pts',(2.95647986030362,130.707127486366,-14.7696870434304));
#7812=CARTESIAN_POINT('Ctrl Pts',(3.11880746983111,129.999999999942,-15.2605004635441));
#7813=CARTESIAN_POINT('',(2.62510692644824,131.845162930982,-13.3825470000202));
#7814=CARTESIAN_POINT('Ctrl Pts',(2.62510692644824,131.845162930982,-13.3825470000201));
#7815=CARTESIAN_POINT('Ctrl Pts',(2.62369482020034,131.844151962103,-13.3842551840348));
#7816=CARTESIAN_POINT('Ctrl Pts',(2.62228176432635,131.843136025462,-13.3859596393099));
#7817=CARTESIAN_POINT('Ctrl Pts',(2.5290582338473,131.775828250584,-13.4980866938907));
#7818=CARTESIAN_POINT('Ctrl Pts',(2.43388303725428,131.688968370874,-13.5920948045927));
#7819=CARTESIAN_POINT('Ctrl Pts',(2.25867779012587,131.488599407852,-13.7291227341899));
#7820=CARTESIAN_POINT('Ctrl Pts',(2.17898228253191,131.379785941433,-13.775686440412));
#7821=CARTESIAN_POINT('Ctrl Pts',(2.03902001178993,131.14474215142,-13.8238269979478));
#7822=CARTESIAN_POINT('Ctrl Pts',(1.97912799215848,131.020690464052,-13.8264720166272));
#7823=CARTESIAN_POINT('Ctrl Pts',(1.89405645783586,130.782935306336,-13.7870851618693));
#7824=CARTESIAN_POINT('Ctrl Pts',(1.86627206220015,130.67190087691,-13.7508503187648));
#7825=CARTESIAN_POINT('Ctrl Pts',(1.85361011682676,130.566441484809,-13.696843088864));
#7826=CARTESIAN_POINT('Ctrl Pts',(3.11880746983111,129.999999999942,-15.2605004635441));
#7827=CARTESIAN_POINT('Ctrl Pts',(2.95647986030362,130.707127486366,-14.7696870434304));
#7828=CARTESIAN_POINT('Ctrl Pts',(2.78556967028787,131.355524506085,-14.1469513972821));
#7829=CARTESIAN_POINT('Ctrl Pts',(2.62510692643726,131.845162930982,-13.382547000022));
#7830=CARTESIAN_POINT('Origin',(-31.1851659836255,131.,-52.7527740152539));
#7831=CARTESIAN_POINT('',(-1.69404044972104,131.5,-11.8262489235186));
#7832=CARTESIAN_POINT('Origin',(-1.18774608647606,131.,-11.123635219022));
#7833=CARTESIAN_POINT('',(-20.0401828868454,131.5,-3.5542344727691));
#7834=CARTESIAN_POINT('Origin',(-19.8488493240123,131.,-2.70960942712246));
#7835=CARTESIAN_POINT('Origin',(-31.1851659836255,131.5,-52.7527740152539));
#7836=CARTESIAN_POINT('Ctrl Pts',(-1.18774608647607,130.,-11.123635219022));
#7837=CARTESIAN_POINT('Ctrl Pts',(-0.535732130107786,130.,-11.5934680571146));
#7838=CARTESIAN_POINT('Ctrl Pts',(0.302503316596628,130.,-12.1572433578652));
#7839=CARTESIAN_POINT('Ctrl Pts',(1.40303499770559,130.,-12.648568471099));
#7840=CARTESIAN_POINT('Ctrl Pts',(1.98248002328041,130.,-12.8237556205948));
#7841=CARTESIAN_POINT('Ctrl Pts',(2.38490510265699,130.,-12.8644536319342));
#7842=CARTESIAN_POINT('Ctrl Pts',(2.58539174433573,130.,-12.8495157397707));
#7843=CARTESIAN_POINT('Ctrl Pts',(-1.30435769208484,130.,-11.2854638273418));
#7844=CARTESIAN_POINT('Ctrl Pts',(-0.646903487926141,130.,-11.7592168377471));
#7845=CARTESIAN_POINT('Ctrl Pts',(0.192302255694113,130.000537975153,-12.3333266540621));
#7846=CARTESIAN_POINT('Ctrl Pts',(1.32291005877052,130.000331199346,-12.8576264831979));
#7847=CARTESIAN_POINT('Ctrl Pts',(1.93196672903312,130.000190893886,-13.0532318387769));
#7848=CARTESIAN_POINT('Ctrl Pts',(2.37345075510431,130.000101761027,-13.1076345699744));
#7849=CARTESIAN_POINT('Ctrl Pts',(2.60363234401412,130.,-13.0943291667049));
#7850=CARTESIAN_POINT('Ctrl Pts',(-1.53740441503443,130.123129444866,-11.608876121097));
#7851=CARTESIAN_POINT('Ctrl Pts',(-0.869047103694756,130.123129444866,-12.090485769755));
#7852=CARTESIAN_POINT('Ctrl Pts',(-0.0285829569599613,130.130991632704,
-12.6839278008435));
#7853=CARTESIAN_POINT('Ctrl Pts',(1.16213584342788,130.155197067396,-13.2744802989445));
#7854=CARTESIAN_POINT('Ctrl Pts',(1.83047368506897,130.170756132693,-13.5111082080961));
#7855=CARTESIAN_POINT('Ctrl Pts',(2.35022691724791,130.183338034396,-13.5929694007728));
#7856=CARTESIAN_POINT('Ctrl Pts',(2.64004481644012,130.18963395461,-13.5830336125524));
#7857=CARTESIAN_POINT('Ctrl Pts',(-1.74627036567349,130.571446411863,-11.8987313712743));
#7858=CARTESIAN_POINT('Ctrl Pts',(-1.06815858218777,130.571446411863,-12.38736996661));
#7859=CARTESIAN_POINT('Ctrl Pts',(-0.21768057957245,130.604848365683,-12.9913553979848));
#7860=CARTESIAN_POINT('Ctrl Pts',(1.03770424243176,130.702082230859,-13.6009718219233));
#7861=CARTESIAN_POINT('Ctrl Pts',(1.75869483663843,130.762976894163,-13.8445648190257));
#7862=CARTESIAN_POINT('Ctrl Pts',(2.33583989749643,130.810746675257,-13.9243142216002));
#7863=CARTESIAN_POINT('Ctrl Pts',(2.66410577407186,130.834238718277,-13.9059640861662));
#7864=CARTESIAN_POINT('Ctrl Pts',(-1.79053186313705,131.077415960673,-11.9601555880088));
#7865=CARTESIAN_POINT('Ctrl Pts',(-1.11035515007126,131.077415960673,-12.4502821449373));
#7866=CARTESIAN_POINT('Ctrl Pts',(-0.24295331942079,131.13252692234,-13.0428068459641));
#7867=CARTESIAN_POINT('Ctrl Pts',(1.04327280220088,131.278393070229,-13.5912292034837));
#7868=CARTESIAN_POINT('Ctrl Pts',(1.77399972008275,131.365882716242,-13.7895738658823));
#7869=CARTESIAN_POINT('Ctrl Pts',(2.34256376842347,131.431065151303,-13.828529819168));
#7870=CARTESIAN_POINT('Ctrl Pts',(2.65560251967888,131.462139670042,-13.7918389540575));
#7871=CARTESIAN_POINT('Ctrl Pts',(-1.73776980182433,131.370442902555,-11.8869346516385));
#7872=CARTESIAN_POINT('Ctrl Pts',(-1.06005146454354,131.370442902555,-12.3752897347191));
#7873=CARTESIAN_POINT('Ctrl Pts',(-0.180241416402868,131.431888466874,-12.9504595540129));
#7874=CARTESIAN_POINT('Ctrl Pts',(1.10587599243316,131.578393937591,-13.431111593716));
#7875=CARTESIAN_POINT('Ctrl Pts',(1.82135584341193,131.661867210184,-13.5838431319008));
#7876=CARTESIAN_POINT('Ctrl Pts',(2.35527584170327,131.720121917649,-13.5867690442403));
#7877=CARTESIAN_POINT('Ctrl Pts',(2.63666913546355,131.746749702315,-13.5377274251088));
#7878=CARTESIAN_POINT('Ctrl Pts',(-1.69404044972104,131.5,-11.8262489235186));
#7879=CARTESIAN_POINT('Ctrl Pts',(-1.01837134898411,131.5,-12.3131273532057));
#7880=CARTESIAN_POINT('Ctrl Pts',(-0.132313194591282,131.561846881121,-12.8781767171168));
#7881=CARTESIAN_POINT('Ctrl Pts',(1.14849768447879,131.69877299022,-13.3221021911535));
#7882=CARTESIAN_POINT('Ctrl Pts',(1.85162251400342,131.773766466926,-13.4511728659884));
#7883=CARTESIAN_POINT('Ctrl Pts',(2.36295020016236,131.823344568188,-13.4366745451134));
#7884=CARTESIAN_POINT('Ctrl Pts',(2.62510692644824,131.845162930982,-13.3825470000202));
#7885=CARTESIAN_POINT('Ctrl Pts',(2.62510692644824,131.845162930982,-13.3825470000202));
#7886=CARTESIAN_POINT('Ctrl Pts',(2.51741906128571,131.836200456725,-13.4047813323608));
#7887=CARTESIAN_POINT('Ctrl Pts',(2.4107442483581,131.826729494073,-13.4191180287303));
#7888=CARTESIAN_POINT('Ctrl Pts',(2.30546099813276,131.81695486825,-13.4270397490868));
#7889=CARTESIAN_POINT('Ctrl Pts',(2.18202886992473,131.805495278379,-13.4363270269831));
#7890=CARTESIAN_POINT('Ctrl Pts',(2.06051035001758,131.793618621559,-13.4367982867366));
#7891=CARTESIAN_POINT('Ctrl Pts',(1.94149808827689,131.781657656116,-13.430912109928));
#7892=CARTESIAN_POINT('Ctrl Pts',(1.92687373188863,131.780187879651,-13.4301888101087));
#7893=CARTESIAN_POINT('Ctrl Pts',(1.91228718960851,131.77871682892,-13.4293695698533));
#7894=CARTESIAN_POINT('Ctrl Pts',(1.89773953452354,131.777245119258,-13.4284589893195));
#7895=CARTESIAN_POINT('Ctrl Pts',(1.88588991192226,131.776046355336,-13.4277172865771));
#7896=CARTESIAN_POINT('Ctrl Pts',(1.8740643850166,131.774846972524,-13.4269148871557));
#7897=CARTESIAN_POINT('Ctrl Pts',(1.86226341468074,131.773647292303,-13.4260542123029));
#7898=CARTESIAN_POINT('Ctrl Pts',(1.61730256204404,131.748744705345,-13.4081885928007));
#7899=CARTESIAN_POINT('Ctrl Pts',(1.38292047564636,131.723712938711,-13.3652110408876));
#7900=CARTESIAN_POINT('Ctrl Pts',(1.1589168855535,131.699761985297,-13.3067113826046));
#7901=CARTESIAN_POINT('Ctrl Pts',(0.935072580890358,131.67582806303,-13.2482533225085));
#7902=CARTESIAN_POINT('Ctrl Pts',(0.721594352569031,131.652973699236,-13.1742949173659));
#7903=CARTESIAN_POINT('Ctrl Pts',(0.515280765544027,131.632225283974,-13.0924631734536));
#7904=CARTESIAN_POINT('Ctrl Pts',(0.317808813507333,131.612366048706,-13.0141383551907));
#7905=CARTESIAN_POINT('Ctrl Pts',(0.126899952414713,131.594436489223,-12.9286031233405));
#7906=CARTESIAN_POINT('Ctrl Pts',(-0.0585834449753925,131.578682240483,
-12.8370574771187));
#7907=CARTESIAN_POINT('Ctrl Pts',(-0.327947251726551,131.55580351132,-12.7041125122065));
#7908=CARTESIAN_POINT('Ctrl Pts',(-0.585385305464265,131.53740184805,-12.5588584623818));
#7909=CARTESIAN_POINT('Ctrl Pts',(-0.834427248420943,131.524168697997,-12.4051039447028));
#7910=CARTESIAN_POINT('Ctrl Pts',(-0.902588958347242,131.520546841675,-12.3630219937291));
#7911=CARTESIAN_POINT('Ctrl Pts',(-0.970121444796817,131.517312144519,-12.3203031720767));
#7912=CARTESIAN_POINT('Ctrl Pts',(-1.03709647136145,131.514478728095,-12.2770252302119));
#7913=CARTESIAN_POINT('Ctrl Pts',(-1.20699222032026,131.507291192231,-12.1672419464469));
#7914=CARTESIAN_POINT('Ctrl Pts',(-1.37334085341231,131.502681506751,-12.0538398415569));
#7915=CARTESIAN_POINT('Ctrl Pts',(-1.53755378523669,131.500870299606,-11.9379011372016));
#7916=CARTESIAN_POINT('Ctrl Pts',(-1.58991831404418,131.500292738463,-11.9009303849187));
#7917=CARTESIAN_POINT('Ctrl Pts',(-1.64206543657678,131.5,-11.863701446884));
#7918=CARTESIAN_POINT('Ctrl Pts',(-1.69404044972103,131.5,-11.8262489235186));
#7919=CARTESIAN_POINT('Origin',(-31.1851659836255,131.,-52.7527740152539));
#7920=CARTESIAN_POINT('',(-21.1655529232707,131.5,-3.3127669818632));
#7921=CARTESIAN_POINT('Origin',(-20.9935393591047,131.,-2.46399649831485));
#7922=CARTESIAN_POINT('Origin',(-31.1851659836255,131.5,-52.7527740152539));
#7923=CARTESIAN_POINT('Ctrl Pts',(-23.1956804176253,130.037666415055,-2.25417686949733));
#7924=CARTESIAN_POINT('Ctrl Pts',(-22.4796976539341,130.035904520448,-2.42552845742137));
#7925=CARTESIAN_POINT('Ctrl Pts',(-21.7632527103492,130.035100992678,-2.5759649441845));
#7926=CARTESIAN_POINT('Ctrl Pts',(-21.0457022772317,130.035100992678,-2.72138518423971));
#7927=CARTESIAN_POINT('Ctrl Pts',(-23.2584507636893,130.111254821735,-2.50697878207961));
#7928=CARTESIAN_POINT('Ctrl Pts',(-22.5349419676616,130.106252633264,-2.67421350693776));
#7929=CARTESIAN_POINT('Ctrl Pts',(-21.8157538895864,130.103707309696,-2.82251638930524));
#7930=CARTESIAN_POINT('Ctrl Pts',(-21.0957688902216,130.103707309696,-2.96843002354124));
#7931=CARTESIAN_POINT('Ctrl Pts',(-23.3495430973737,130.419796775065,-2.87384494772856));
#7932=CARTESIAN_POINT('Ctrl Pts',(-22.6159985472107,130.400099866998,-3.03835790921033));
#7933=CARTESIAN_POINT('Ctrl Pts',(-21.8927882985849,130.391145948605,-3.18440345852386));
#7934=CARTESIAN_POINT('Ctrl Pts',(-21.1692553843074,130.391145948605,-3.3310361204609));
#7935=CARTESIAN_POINT('Ctrl Pts',(-23.3826080415802,131.061449409058,-3.00701103106195));
#7936=CARTESIAN_POINT('Ctrl Pts',(-22.6499484853421,131.021111750285,-3.18886326689127));
#7937=CARTESIAN_POINT('Ctrl Pts',(-21.9263720169285,131.001786797997,-3.34213143543046));
#7938=CARTESIAN_POINT('Ctrl Pts',(-21.2012847013017,131.001786797997,-3.48907911552778));
#7939=CARTESIAN_POINT('Ctrl Pts',(-23.3536827122365,131.415021275316,-2.89051687357068));
#7940=CARTESIAN_POINT('Ctrl Pts',(-22.6283789939373,131.371130462075,-3.08996111575717));
#7941=CARTESIAN_POINT('Ctrl Pts',(-21.9070418899272,131.349174885937,-3.25134448435272));
#7942=CARTESIAN_POINT('Ctrl Pts',(-21.1828489002279,131.349174885937,-3.39811091852633));
#7943=CARTESIAN_POINT('Ctrl Pts',(-23.3291560557185,131.564028082693,-2.791737974524));
#7944=CARTESIAN_POINT('Ctrl Pts',(-22.6086576730066,131.521851323176,-3.0003200640169));
#7945=CARTESIAN_POINT('Ctrl Pts',(-21.8889057537544,131.5,-3.16617081607657));
#7946=CARTESIAN_POINT('Ctrl Pts',(-21.1655529232707,131.5,-3.3127669818632));
#7947=CARTESIAN_POINT('',(-21.6368259245018,131.503053800819,-3.21385717460897));
#7948=CARTESIAN_POINT('Ctrl Pts',(-23.3291560557185,131.564028082693,-2.791737974524));
#7949=CARTESIAN_POINT('Ctrl Pts',(-22.76530635602,131.531021272742,-2.95497074692856));
#7950=CARTESIAN_POINT('Ctrl Pts',(-22.2019138173905,131.510462491006,-3.09203331146649));
#7951=CARTESIAN_POINT('Ctrl Pts',(-21.6368948218221,131.503083067429,-3.21417765007239));
#7952=CARTESIAN_POINT('Ctrl Pts',(-21.1655529232707,131.5,-3.3127669818632));
#7953=CARTESIAN_POINT('Ctrl Pts',(-21.3228222121197,131.5,-3.28089446575534));
#7954=CARTESIAN_POINT('Ctrl Pts',(-21.4799212851607,131.501032916502,-3.24811178142855));
#7955=CARTESIAN_POINT('Ctrl Pts',(-21.6368948218916,131.50308306743,-3.21417765005738));
#7956=CARTESIAN_POINT('Ctrl Pts',(-35.2607137893808,124.162154638246,-2.45458738897663));
#7957=CARTESIAN_POINT('Ctrl Pts',(-33.8339609944682,126.103446070616,-2.35453549270686));
#7958=CARTESIAN_POINT('Ctrl Pts',(-29.6362169275325,129.931645835154,-2.18941851746415));
#7959=CARTESIAN_POINT('Ctrl Pts',(-24.2148436182555,131.438445627954,-2.73029206814939));
#7960=CARTESIAN_POINT('Ctrl Pts',(-21.1692007549268,131.467730485506,-3.33076656145224));
#7961=CARTESIAN_POINT('Ctrl Pts',(-35.5957020053605,124.406113246418,-2.23872616495133));
#7962=CARTESIAN_POINT('Ctrl Pts',(-34.1274824164035,126.387231944836,-2.13492504545923));
#7963=CARTESIAN_POINT('Ctrl Pts',(-29.8123128147919,130.289572303762,-1.96187186521206));
#7964=CARTESIAN_POINT('Ctrl Pts',(-24.2507216240118,131.828304147287,-2.50577788896763));
#7965=CARTESIAN_POINT('Ctrl Pts',(-21.1250730125905,131.863775357751,-3.11302602812723));
#7966=CARTESIAN_POINT('Ctrl Pts',(-36.2869821282179,124.897110878755,-1.50533888378453));
#7967=CARTESIAN_POINT('Ctrl Pts',(-34.7307757229497,126.961079721334,-1.40209536962742));
#7968=CARTESIAN_POINT('Ctrl Pts',(-30.1621164222621,131.022428582911,-1.23137232805258));
#7969=CARTESIAN_POINT('Ctrl Pts',(-24.285764724366,132.626543970771,-1.78263126824111));
#7970=CARTESIAN_POINT('Ctrl Pts',(-20.9797417620443,132.668723166062,-2.39591469798948));
#7971=CARTESIAN_POINT('Ctrl Pts',(-36.5898429998871,125.079168637283,-0.418554364399827));
#7972=CARTESIAN_POINT('Ctrl Pts',(-34.9936616242258,127.185329114384,-0.331530381836031));
#7973=CARTESIAN_POINT('Ctrl Pts',(-30.2907515297698,131.346579205485,-0.198140815509659));
#7974=CARTESIAN_POINT('Ctrl Pts',(-24.1967584438389,132.978980996122,-0.757099010949232));
#7975=CARTESIAN_POINT('Ctrl Pts',(-20.7697733898126,133.,-1.35986293257766));
#7976=CARTESIAN_POINT('Ctrl Pts',(-36.6027780724533,125.062060727117,0.204085502610198));
#7977=CARTESIAN_POINT('Ctrl Pts',(-35.005400220606,127.174750597999,0.281634377110632));
#7978=CARTESIAN_POINT('Ctrl Pts',(-30.2803996536683,131.365946163017,0.393387629689722));
#7979=CARTESIAN_POINT('Ctrl Pts',(-24.1124143055671,133.,-0.16992652977361));
#7980=CARTESIAN_POINT('Ctrl Pts',(-20.6495122307728,133.,-0.766455531218128));
#7981=CARTESIAN_POINT('Ctrl Pts',(-20.6495122307728,133.,-0.766455531218128));
#7982=CARTESIAN_POINT('Ctrl Pts',(-24.1124143055671,133.,-0.16992652977361));
#7983=CARTESIAN_POINT('Ctrl Pts',(-30.2803996536683,131.365946163017,0.393387629689722));
#7984=CARTESIAN_POINT('Ctrl Pts',(-35.005400220606,127.174750597999,0.281634377110632));
#7985=CARTESIAN_POINT('Ctrl Pts',(-36.6027780724533,125.062060727117,0.204085502610198));
#7986=CARTESIAN_POINT('Origin',(-20.6495122307728,130.,-0.766455531218127));
#7987=CARTESIAN_POINT('Origin',(-31.1851659836255,130.,-52.7527740152539));
#7988=CARTESIAN_POINT('Origin',(-0.17515735998612,130.,-9.71840781002894));
#7989=CARTESIAN_POINT('Ctrl Pts',(-1.69404044972117,131.5,-11.8262489235185));
#7990=CARTESIAN_POINT('Ctrl Pts',(-0.924592318361095,131.455378340601,-12.4124573603602));
#7991=CARTESIAN_POINT('Ctrl Pts',(0.823515115563815,131.020153893026,-13.8170080961474));
#7992=CARTESIAN_POINT('Ctrl Pts',(2.2939217599173,129.767004895838,-15.1505581851407));
#7993=CARTESIAN_POINT('Ctrl Pts',(2.96433788587435,128.813870370763,-15.7856044773498));
#7994=CARTESIAN_POINT('Ctrl Pts',(-1.54098771735966,131.953449841059,-11.6138488750988));
#7995=CARTESIAN_POINT('Ctrl Pts',(-0.742230943873429,131.898327688373,-12.2412220626954));
#7996=CARTESIAN_POINT('Ctrl Pts',(1.06976697122663,131.42481685961,-13.7398117657736));
#7997=CARTESIAN_POINT('Ctrl Pts',(2.59182783815951,130.101759347036,-15.1561448933355));
#7998=CARTESIAN_POINT('Ctrl Pts',(3.28598014330389,129.099277663001,-15.8299188112187));
#7999=CARTESIAN_POINT('Ctrl Pts',(-1.09294604794707,132.719135609407,-10.9920757723979));
#8000=CARTESIAN_POINT('Ctrl Pts',(-0.251830491308966,132.657196601668,-11.7075649803208));
#8001=CARTESIAN_POINT('Ctrl Pts',(1.65855772279353,132.138049193581,-13.4074842028849));
#8002=CARTESIAN_POINT('Ctrl Pts',(3.26820058591266,130.699720283103,-14.9984818099335));
#8003=CARTESIAN_POINT('Ctrl Pts',(4.0031096258781,129.611995770539,-15.7534281126726));
#8004=CARTESIAN_POINT('Ctrl Pts',(-0.481262824709304,133.,-10.1432079068682));
#8005=CARTESIAN_POINT('Ctrl Pts',(0.367239285836276,132.972851020453,-10.9240239389576));
#8006=CARTESIAN_POINT('Ctrl Pts',(2.31230879046823,132.506929701206,-12.7868952126769));
#8007=CARTESIAN_POINT('Ctrl Pts',(3.97474453708568,131.041547143164,-14.5337849389608));
#8008=CARTESIAN_POINT('Ctrl Pts',(4.73632598604589,129.914971753032,-15.361503754215));
#8009=CARTESIAN_POINT('Ctrl Pts',(-0.17515735998627,133.,-9.71840781002879));
#8010=CARTESIAN_POINT('Ctrl Pts',(0.670161532384768,133.,-10.5180579804613));
#8011=CARTESIAN_POINT('Ctrl Pts',(2.61982919932656,132.585592306659,-12.436542910025));
#8012=CARTESIAN_POINT('Ctrl Pts',(4.30154418003172,131.131664724903,-14.2466891902209));
#8013=CARTESIAN_POINT('Ctrl Pts',(5.07333699188516,129.999999951692,-15.1044656018144));
#8014=CARTESIAN_POINT('Origin',(-20.6495122307728,113.,16.4232938043992));
#8015=CARTESIAN_POINT('Origin',(-20.6495122307728,47.,40.3144989651336));
#8016=CARTESIAN_POINT('Origin',(-35.6495122307728,80.,31.5644989651336));
#8017=CARTESIAN_POINT('',(-35.6495122307728,110.,16.0603480005273));
#8018=CARTESIAN_POINT('Origin',(-15.6495122307728,110.,16.0603480005273));
#8019=CARTESIAN_POINT('',(0.,27.,-8.88178419700125E-15));
#8020=UNCERTAINTY_MEASURE_WITH_UNIT(LENGTH_MEASURE(0.01),#8024,
'DISTANCE_ACCURACY_VALUE',
'Maximum model space distance between geometric entities at asserted c
onnectivities');
#8021=UNCERTAINTY_MEASURE_WITH_UNIT(LENGTH_MEASURE(0.01),#8024,
'DISTANCE_ACCURACY_VALUE',
'Maximum model space distance between geometric entities at asserted c
onnectivities');
#8022=(
GEOMETRIC_REPRESENTATION_CONTEXT(3)
GLOBAL_UNCERTAINTY_ASSIGNED_CONTEXT((#8020))
GLOBAL_UNIT_ASSIGNED_CONTEXT((#8024,#8026,#8027))
REPRESENTATION_CONTEXT('','3D')
);
#8023=(
GEOMETRIC_REPRESENTATION_CONTEXT(3)
GLOBAL_UNCERTAINTY_ASSIGNED_CONTEXT((#8021))
GLOBAL_UNIT_ASSIGNED_CONTEXT((#8024,#8026,#8027))
REPRESENTATION_CONTEXT('','3D')
);
#8024=(
LENGTH_UNIT()
NAMED_UNIT(*)
SI_UNIT(.MILLI.,.METRE.)
);
#8025=(
LENGTH_UNIT()
NAMED_UNIT(*)
SI_UNIT(.CENTI.,.METRE.)
);
#8026=(
NAMED_UNIT(*)
PLANE_ANGLE_UNIT()
SI_UNIT($,.RADIAN.)
);
#8027=(
NAMED_UNIT(*)
SI_UNIT($,.STERADIAN.)
SOLID_ANGLE_UNIT()
);
#8028=SHAPE_DEFINITION_REPRESENTATION(#8029,#8030);
#8029=PRODUCT_DEFINITION_SHAPE('',$,#8032);
#8030=SHAPE_REPRESENTATION('',(#3586),#8022);
#8031=PRODUCT_DEFINITION_CONTEXT('part definition',#8036,'design');
#8032=PRODUCT_DEFINITION('handle_monitor_left','handle_monitor_left',#8033,
#8031);
#8033=PRODUCT_DEFINITION_FORMATION('',$,#8038);
#8034=PRODUCT_RELATED_PRODUCT_CATEGORY('handle_monitor_left',
'handle_monitor_left',(#8038));
#8035=APPLICATION_PROTOCOL_DEFINITION('international standard',
'automotive_design',2009,#8036);
#8036=APPLICATION_CONTEXT(
'Core Data for Automotive Mechanical Design Process');
#8037=PRODUCT_CONTEXT('part definition',#8036,'mechanical');
#8038=PRODUCT('handle_monitor_left','handle_monitor_left',$,(#8037));
#8039=PRESENTATION_STYLE_ASSIGNMENT((#8042));
#8040=PRESENTATION_STYLE_ASSIGNMENT((#8043));
#8041=PRESENTATION_STYLE_ASSIGNMENT((#8044));
#8042=SURFACE_STYLE_USAGE(.BOTH.,#8049);
#8043=SURFACE_STYLE_USAGE(.BOTH.,#8050);
#8044=SURFACE_STYLE_USAGE(.BOTH.,#8051);
#8045=SURFACE_STYLE_RENDERING_WITH_PROPERTIES($,#8061,(#8047));
#8046=SURFACE_STYLE_RENDERING_WITH_PROPERTIES($,#8062,(#8048));
#8047=SURFACE_STYLE_TRANSPARENT(0.);
#8048=SURFACE_STYLE_TRANSPARENT(0.);
#8049=SURFACE_SIDE_STYLE('',(#8052,#8045));
#8050=SURFACE_SIDE_STYLE('',(#8053,#8046));
#8051=SURFACE_SIDE_STYLE('',(#8054));
#8052=SURFACE_STYLE_FILL_AREA(#8055);
#8053=SURFACE_STYLE_FILL_AREA(#8056);
#8054=SURFACE_STYLE_FILL_AREA(#8057);
#8055=FILL_AREA_STYLE('',(#8058));
#8056=FILL_AREA_STYLE('',(#8059));
#8057=FILL_AREA_STYLE('',(#8060));
#8058=FILL_AREA_STYLE_COLOUR('',#8061);
#8059=FILL_AREA_STYLE_COLOUR('',#8062);
#8060=FILL_AREA_STYLE_COLOUR('',#8063);
#8061=COLOUR_RGB('',0.749019607843137,0.749019607843137,0.749019607843137);
#8062=COLOUR_RGB('',0.352941176470588,0.352941176470588,0.352941176470588);
#8063=COLOUR_RGB('',1.,1.,0.);
ENDSEC;
END-ISO-10303-21;
