ISO-10303-21;
HEADER;
/* Generated by software containing ST-Developer
 * from STEP Tools, Inc. (www.steptools.com) 
 */

FILE_DESCRIPTION(
/* description */ (''),
/* implementation_level */ '2;1');

FILE_NAME(
/* name */ '45_deg_right.stp',
/* time_stamp */ '2026-02-04T12:32:46+09:00',
/* author */ ('hibik'),
/* organization */ (''),
/* preprocessor_version */ 'ST-DEVELOPER v20.1',
/* originating_system */ 'Autodesk Inventor 2026',
/* authorisation */ '');

FILE_SCHEMA (('AUTOMOTIVE_DESIGN { 1 0 10303 214 3 1 1 }'));
ENDSEC;

DATA;
#10=MECHANICAL_DESIGN_GEOMETRIC_PRESENTATION_REPRESENTATION('',(#13),#3637);
#11=SHAPE_REPRESENTATION_RELATIONSHIP('SRR','None',#3644,#12);
#12=ADVANCED_BREP_SHAPE_REPRESENTATION('',(#14),#3636);
#13=STYLED_ITEM('',(#3654),#14);
#14=MANIFOLD_SOLID_BREP('\X2\30BD30EA30C330C9\X0\1',#2129);
#15=FACE_BOUND('',#734,.T.);
#16=FACE_BOUND('',#737,.T.);
#17=FACE_BOUND('',#741,.T.);
#18=FACE_BOUND('',#744,.T.);
#19=FACE_BOUND('',#768,.T.);
#20=FACE_BOUND('',#769,.T.);
#21=FACE_BOUND('',#772,.T.);
#22=FACE_BOUND('',#773,.T.);
#23=FACE_BOUND('',#774,.T.);
#24=FACE_BOUND('',#775,.T.);
#25=FACE_BOUND('',#776,.T.);
#26=FACE_BOUND('',#779,.T.);
#27=FACE_BOUND('',#782,.T.);
#28=FACE_BOUND('',#783,.T.);
#29=FACE_BOUND('',#784,.T.);
#30=FACE_BOUND('',#785,.T.);
#31=FACE_BOUND('',#786,.T.);
#32=FACE_BOUND('',#787,.T.);
#33=FACE_BOUND('',#788,.T.);
#34=FACE_BOUND('',#789,.T.);
#35=FACE_BOUND('',#790,.T.);
#36=FACE_BOUND('',#794,.T.);
#37=FACE_BOUND('',#795,.T.);
#38=FACE_BOUND('',#804,.T.);
#39=FACE_BOUND('',#805,.T.);
#40=FACE_BOUND('',#808,.T.);
#41=FACE_BOUND('',#809,.T.);
#42=FACE_BOUND('',#812,.T.);
#43=FACE_BOUND('',#819,.T.);
#44=FACE_BOUND('',#820,.T.);
#45=FACE_BOUND('',#823,.T.);
#46=FACE_BOUND('',#824,.T.);
#47=FACE_BOUND('',#826,.T.);
#48=FACE_BOUND('',#827,.T.);
#49=FACE_BOUND('',#830,.T.);
#50=FACE_BOUND('',#831,.T.);
#51=FACE_BOUND('',#836,.T.);
#52=FACE_BOUND('',#837,.T.);
#53=FACE_BOUND('',#842,.T.);
#54=FACE_BOUND('',#843,.T.);
#55=B_SPLINE_SURFACE_WITH_KNOTS('',3,3,((#2997,#2998,#2999,#3000),(#3001,
#3002,#3003,#3004),(#3005,#3006,#3007,#3008),(#3009,#3010,#3011,#3012),
(#3013,#3014,#3015,#3016),(#3017,#3018,#3019,#3020)),.UNSPECIFIED.,.F.,
 .F.,.F.,(4,1,1,4),(4,4),(0.,0.285714285714286,0.571428571428571,1.),(-0.193732195218662,
-0.0072742943531718),.UNSPECIFIED.);
#56=ELLIPSE('',#2162,16.9705627484771,12.);
#57=ELLIPSE('',#2164,31.359992372345,31.1651718682963);
#58=ELLIPSE('',#2165,33.3483104379626,33.1651718682963);
#59=ELLIPSE('',#2167,5.10467921245677,2.);
#60=ELLIPSE('',#2168,2.01250245016277,2.);
#61=ELLIPSE('',#2170,2.01250245016277,2.);
#62=ELLIPSE('',#2171,2.01250245016277,2.);
#63=ELLIPSE('',#2174,5.10467921245677,2.);
#64=ELLIPSE('',#2175,2.82842712474619,2.);
#65=ELLIPSE('',#2184,84.6487817068241,33.1651718682963);
#66=ELLIPSE('',#2185,84.6487817068241,33.1651718682963);
#67=ELLIPSE('',#2187,46.9026358545793,33.1651718682963);
#68=ELLIPSE('',#2188,46.9026358545793,33.1651718682963);
#69=ELLIPSE('',#2194,46.9026358545793,33.1651718682963);
#70=ELLIPSE('',#2226,4.94974746830584,3.5);
#71=ELLIPSE('',#2233,4.94974746830584,3.5);
#72=ELLIPSE('',#2281,43.8439907893562,31.0023832014343);
#73=ELLIPSE('',#2285,43.8439907893562,31.0023832014343);
#74=CYLINDRICAL_SURFACE('',#2161,12.);
#75=CYLINDRICAL_SURFACE('',#2166,2.);
#76=CYLINDRICAL_SURFACE('',#2173,2.);
#77=CYLINDRICAL_SURFACE('',#2177,2.);
#78=CYLINDRICAL_SURFACE('',#2179,28.5000000000001);
#79=CYLINDRICAL_SURFACE('',#2181,2.);
#80=CYLINDRICAL_SURFACE('',#2186,33.1651718682963);
#81=CYLINDRICAL_SURFACE('',#2191,33.1651718682963);
#82=CYLINDRICAL_SURFACE('',#2200,28.5000000000001);
#83=CYLINDRICAL_SURFACE('',#2201,12.);
#84=CYLINDRICAL_SURFACE('',#2204,25.5000000000001);
#85=CYLINDRICAL_SURFACE('',#2211,23.5000000000001);
#86=CYLINDRICAL_SURFACE('',#2215,25.5000000000001);
#87=CYLINDRICAL_SURFACE('',#2225,3.5);
#88=CYLINDRICAL_SURFACE('',#2232,3.5);
#89=CYLINDRICAL_SURFACE('',#2240,3.5);
#90=CYLINDRICAL_SURFACE('',#2245,3.5);
#91=CYLINDRICAL_SURFACE('',#2266,6.);
#92=CYLINDRICAL_SURFACE('',#2270,6.);
#93=CYLINDRICAL_SURFACE('',#2283,31.0023832014343);
#94=CYLINDRICAL_SURFACE('',#2288,29.1484794470299);
#95=CYLINDRICAL_SURFACE('',#2294,49.5330009144348);
#96=CYLINDRICAL_SURFACE('',#2299,1.6);
#97=CYLINDRICAL_SURFACE('',#2301,1.6);
#98=CYLINDRICAL_SURFACE('',#2303,1.6);
#99=CYLINDRICAL_SURFACE('',#2305,1.6);
#100=CYLINDRICAL_SURFACE('',#2313,1.6);
#101=CYLINDRICAL_SURFACE('',#2315,1.6);
#102=CYLINDRICAL_SURFACE('',#2318,1.6);
#103=CYLINDRICAL_SURFACE('',#2320,1.6);
#104=CYLINDRICAL_SURFACE('',#2331,1.3);
#105=CYLINDRICAL_SURFACE('',#2333,1.3);
#106=CYLINDRICAL_SURFACE('',#2336,1.3);
#107=CYLINDRICAL_SURFACE('',#2338,1.3);
#108=LINE('',#2969,#317);
#109=LINE('',#2971,#318);
#110=LINE('',#2973,#319);
#111=LINE('',#2977,#320);
#112=LINE('',#2979,#321);
#113=LINE('',#2987,#322);
#114=LINE('',#2995,#323);
#115=LINE('',#3055,#324);
#116=LINE('',#3059,#325);
#117=LINE('',#3063,#326);
#118=LINE('',#3065,#327);
#119=LINE('',#3069,#328);
#120=LINE('',#3072,#329);
#121=LINE('',#3074,#330);
#122=LINE('',#3075,#331);
#123=LINE('',#3081,#332);
#124=LINE('',#3084,#333);
#125=LINE('',#3086,#334);
#126=LINE('',#3088,#335);
#127=LINE('',#3090,#336);
#128=LINE('',#3091,#337);
#129=LINE('',#3095,#338);
#130=LINE('',#3099,#339);
#131=LINE('',#3102,#340);
#132=LINE('',#3108,#341);
#133=LINE('',#3115,#342);
#134=LINE('',#3119,#343);
#135=LINE('',#3125,#344);
#136=LINE('',#3133,#345);
#137=LINE('',#3137,#346);
#138=LINE('',#3139,#347);
#139=LINE('',#3143,#348);
#140=LINE('',#3145,#349);
#141=LINE('',#3148,#350);
#142=LINE('',#3150,#351);
#143=LINE('',#3155,#352);
#144=LINE('',#3159,#353);
#145=LINE('',#3170,#354);
#146=LINE('',#3172,#355);
#147=LINE('',#3175,#356);
#148=LINE('',#3176,#357);
#149=LINE('',#3178,#358);
#150=LINE('',#3179,#359);
#151=LINE('',#3197,#360);
#152=LINE('',#3198,#361);
#153=LINE('',#3203,#362);
#154=LINE('',#3204,#363);
#155=LINE('',#3205,#364);
#156=LINE('',#3207,#365);
#157=LINE('',#3209,#366);
#158=LINE('',#3211,#367);
#159=LINE('',#3213,#368);
#160=LINE('',#3214,#369);
#161=LINE('',#3217,#370);
#162=LINE('',#3220,#371);
#163=LINE('',#3224,#372);
#164=LINE('',#3227,#373);
#165=LINE('',#3230,#374);
#166=LINE('',#3232,#375);
#167=LINE('',#3233,#376);
#168=LINE('',#3236,#377);
#169=LINE('',#3238,#378);
#170=LINE('',#3239,#379);
#171=LINE('',#3242,#380);
#172=LINE('',#3251,#381);
#173=LINE('',#3264,#382);
#174=LINE('',#3272,#383);
#175=LINE('',#3274,#384);
#176=LINE('',#3276,#385);
#177=LINE('',#3278,#386);
#178=LINE('',#3279,#387);
#179=LINE('',#3280,#388);
#180=LINE('',#3285,#389);
#181=LINE('',#3294,#390);
#182=LINE('',#3302,#391);
#183=LINE('',#3304,#392);
#184=LINE('',#3306,#393);
#185=LINE('',#3307,#394);
#186=LINE('',#3310,#395);
#187=LINE('',#3312,#396);
#188=LINE('',#3313,#397);
#189=LINE('',#3316,#398);
#190=LINE('',#3318,#399);
#191=LINE('',#3319,#400);
#192=LINE('',#3321,#401);
#193=LINE('',#3322,#402);
#194=LINE('',#3326,#403);
#195=LINE('',#3328,#404);
#196=LINE('',#3330,#405);
#197=LINE('',#3331,#406);
#198=LINE('',#3334,#407);
#199=LINE('',#3336,#408);
#200=LINE('',#3337,#409);
#201=LINE('',#3339,#410);
#202=LINE('',#3340,#411);
#203=LINE('',#3344,#412);
#204=LINE('',#3346,#413);
#205=LINE('',#3348,#414);
#206=LINE('',#3349,#415);
#207=LINE('',#3352,#416);
#208=LINE('',#3354,#417);
#209=LINE('',#3355,#418);
#210=LINE('',#3357,#419);
#211=LINE('',#3358,#420);
#212=LINE('',#3362,#421);
#213=LINE('',#3364,#422);
#214=LINE('',#3366,#423);
#215=LINE('',#3367,#424);
#216=LINE('',#3370,#425);
#217=LINE('',#3372,#426);
#218=LINE('',#3373,#427);
#219=LINE('',#3375,#428);
#220=LINE('',#3376,#429);
#221=LINE('',#3380,#430);
#222=LINE('',#3382,#431);
#223=LINE('',#3384,#432);
#224=LINE('',#3385,#433);
#225=LINE('',#3388,#434);
#226=LINE('',#3390,#435);
#227=LINE('',#3391,#436);
#228=LINE('',#3393,#437);
#229=LINE('',#3394,#438);
#230=LINE('',#3399,#439);
#231=LINE('',#3402,#440);
#232=LINE('',#3405,#441);
#233=LINE('',#3407,#442);
#234=LINE('',#3408,#443);
#235=LINE('',#3413,#444);
#236=LINE('',#3417,#445);
#237=LINE('',#3419,#446);
#238=LINE('',#3421,#447);
#239=LINE('',#3422,#448);
#240=LINE('',#3425,#449);
#241=LINE('',#3427,#450);
#242=LINE('',#3428,#451);
#243=LINE('',#3431,#452);
#244=LINE('',#3433,#453);
#245=LINE('',#3434,#454);
#246=LINE('',#3437,#455);
#247=LINE('',#3439,#456);
#248=LINE('',#3440,#457);
#249=LINE('',#3447,#458);
#250=LINE('',#3448,#459);
#251=LINE('',#3451,#460);
#252=LINE('',#3457,#461);
#253=LINE('',#3458,#462);
#254=LINE('',#3471,#463);
#255=LINE('',#3475,#464);
#256=LINE('',#3476,#465);
#257=LINE('',#3478,#466);
#258=LINE('',#3480,#467);
#259=LINE('',#3482,#468);
#260=LINE('',#3484,#469);
#261=LINE('',#3486,#470);
#262=LINE('',#3487,#471);
#263=LINE('',#3497,#472);
#264=LINE('',#3498,#473);
#265=LINE('',#3500,#474);
#266=LINE('',#3501,#475);
#267=LINE('',#3503,#476);
#268=LINE('',#3507,#477);
#269=LINE('',#3509,#478);
#270=LINE('',#3511,#479);
#271=LINE('',#3512,#480);
#272=LINE('',#3517,#481);
#273=LINE('',#3520,#482);
#274=LINE('',#3525,#483);
#275=LINE('',#3528,#484);
#276=LINE('',#3532,#485);
#277=LINE('',#3534,#486);
#278=LINE('',#3535,#487);
#279=LINE('',#3538,#488);
#280=LINE('',#3539,#489);
#281=LINE('',#3542,#490);
#282=LINE('',#3543,#491);
#283=LINE('',#3545,#492);
#284=LINE('',#3548,#493);
#285=LINE('',#3550,#494);
#286=LINE('',#3551,#495);
#287=LINE('',#3554,#496);
#288=LINE('',#3555,#497);
#289=LINE('',#3558,#498);
#290=LINE('',#3560,#499);
#291=LINE('',#3562,#500);
#292=LINE('',#3563,#501);
#293=LINE('',#3567,#502);
#294=LINE('',#3572,#503);
#295=LINE('',#3577,#504);
#296=LINE('',#3582,#505);
#297=LINE('',#3586,#506);
#298=LINE('',#3588,#507);
#299=LINE('',#3589,#508);
#300=LINE('',#3592,#509);
#301=LINE('',#3593,#510);
#302=LINE('',#3596,#511);
#303=LINE('',#3597,#512);
#304=LINE('',#3599,#513);
#305=LINE('',#3602,#514);
#306=LINE('',#3603,#515);
#307=LINE('',#3605,#516);
#308=LINE('',#3609,#517);
#309=LINE('',#3611,#518);
#310=LINE('',#3612,#519);
#311=LINE('',#3616,#520);
#312=LINE('',#3620,#521);
#313=LINE('',#3622,#522);
#314=LINE('',#3625,#523);
#315=LINE('',#3629,#524);
#316=LINE('',#3632,#525);
#317=VECTOR('',#2350,10.);
#318=VECTOR('',#2351,10.);
#319=VECTOR('',#2352,10.);
#320=VECTOR('',#2355,10.);
#321=VECTOR('',#2356,10.);
#322=VECTOR('',#2363,10.);
#323=VECTOR('',#2372,12.);
#324=VECTOR('',#2381,10.);
#325=VECTOR('',#2384,10.);
#326=VECTOR('',#2389,10.);
#327=VECTOR('',#2390,10.);
#328=VECTOR('',#2395,10.);
#329=VECTOR('',#2398,10.);
#330=VECTOR('',#2399,10.);
#331=VECTOR('',#2400,10.);
#332=VECTOR('',#2405,10.);
#333=VECTOR('',#2408,10.);
#334=VECTOR('',#2411,10.);
#335=VECTOR('',#2412,10.);
#336=VECTOR('',#2413,10.);
#337=VECTOR('',#2414,10.);
#338=VECTOR('',#2419,10.);
#339=VECTOR('',#2424,10.);
#340=VECTOR('',#2427,10.);
#341=VECTOR('',#2436,10.);
#342=VECTOR('',#2443,10.);
#343=VECTOR('',#2446,10.);
#344=VECTOR('',#2453,10.);
#345=VECTOR('',#2462,10.);
#346=VECTOR('',#2465,10.);
#347=VECTOR('',#2466,10.);
#348=VECTOR('',#2469,10.);
#349=VECTOR('',#2470,10.);
#350=VECTOR('',#2473,10.);
#351=VECTOR('',#2476,10.);
#352=VECTOR('',#2481,12.);
#353=VECTOR('',#2484,10.);
#354=VECTOR('',#2487,10.);
#355=VECTOR('',#2488,10.);
#356=VECTOR('',#2493,10.);
#357=VECTOR('',#2494,10.);
#358=VECTOR('',#2497,10.);
#359=VECTOR('',#2498,10.);
#360=VECTOR('',#2505,10.);
#361=VECTOR('',#2506,10.);
#362=VECTOR('',#2511,10.);
#363=VECTOR('',#2512,10.);
#364=VECTOR('',#2513,10.);
#365=VECTOR('',#2516,10.);
#366=VECTOR('',#2519,10.);
#367=VECTOR('',#2520,10.);
#368=VECTOR('',#2521,10.);
#369=VECTOR('',#2522,10.);
#370=VECTOR('',#2525,10.);
#371=VECTOR('',#2530,10.);
#372=VECTOR('',#2535,10.);
#373=VECTOR('',#2538,10.);
#374=VECTOR('',#2541,10.);
#375=VECTOR('',#2542,10.);
#376=VECTOR('',#2543,10.);
#377=VECTOR('',#2546,10.);
#378=VECTOR('',#2547,10.);
#379=VECTOR('',#2548,10.);
#380=VECTOR('',#2551,10.);
#381=VECTOR('',#2560,3.5);
#382=VECTOR('',#2575,3.5);
#383=VECTOR('',#2586,10.);
#384=VECTOR('',#2587,10.);
#385=VECTOR('',#2588,10.);
#386=VECTOR('',#2589,10.);
#387=VECTOR('',#2590,10.);
#388=VECTOR('',#2591,10.);
#389=VECTOR('',#2596,3.5);
#390=VECTOR('',#2607,3.5);
#391=VECTOR('',#2616,10.);
#392=VECTOR('',#2617,10.);
#393=VECTOR('',#2618,10.);
#394=VECTOR('',#2619,10.);
#395=VECTOR('',#2622,10.);
#396=VECTOR('',#2623,10.);
#397=VECTOR('',#2624,10.);
#398=VECTOR('',#2627,10.);
#399=VECTOR('',#2628,10.);
#400=VECTOR('',#2629,10.);
#401=VECTOR('',#2632,10.);
#402=VECTOR('',#2633,10.);
#403=VECTOR('',#2636,10.);
#404=VECTOR('',#2637,10.);
#405=VECTOR('',#2638,10.);
#406=VECTOR('',#2639,10.);
#407=VECTOR('',#2642,10.);
#408=VECTOR('',#2643,10.);
#409=VECTOR('',#2644,10.);
#410=VECTOR('',#2647,10.);
#411=VECTOR('',#2648,10.);
#412=VECTOR('',#2651,10.);
#413=VECTOR('',#2652,10.);
#414=VECTOR('',#2653,10.);
#415=VECTOR('',#2654,10.);
#416=VECTOR('',#2657,10.);
#417=VECTOR('',#2658,10.);
#418=VECTOR('',#2659,10.);
#419=VECTOR('',#2662,10.);
#420=VECTOR('',#2663,10.);
#421=VECTOR('',#2666,10.);
#422=VECTOR('',#2667,10.);
#423=VECTOR('',#2668,10.);
#424=VECTOR('',#2669,10.);
#425=VECTOR('',#2672,10.);
#426=VECTOR('',#2673,10.);
#427=VECTOR('',#2674,10.);
#428=VECTOR('',#2677,10.);
#429=VECTOR('',#2678,10.);
#430=VECTOR('',#2681,10.);
#431=VECTOR('',#2682,10.);
#432=VECTOR('',#2683,10.);
#433=VECTOR('',#2684,10.);
#434=VECTOR('',#2687,10.);
#435=VECTOR('',#2688,10.);
#436=VECTOR('',#2689,10.);
#437=VECTOR('',#2692,10.);
#438=VECTOR('',#2693,10.);
#439=VECTOR('',#2698,10.);
#440=VECTOR('',#2701,10.);
#441=VECTOR('',#2704,10.);
#442=VECTOR('',#2705,10.);
#443=VECTOR('',#2706,10.);
#444=VECTOR('',#2713,10.);
#445=VECTOR('',#2716,10.);
#446=VECTOR('',#2717,10.);
#447=VECTOR('',#2718,10.);
#448=VECTOR('',#2719,10.);
#449=VECTOR('',#2722,10.);
#450=VECTOR('',#2723,10.);
#451=VECTOR('',#2724,10.);
#452=VECTOR('',#2727,10.);
#453=VECTOR('',#2728,10.);
#454=VECTOR('',#2729,10.);
#455=VECTOR('',#2732,10.);
#456=VECTOR('',#2733,10.);
#457=VECTOR('',#2734,10.);
#458=VECTOR('',#2741,10.);
#459=VECTOR('',#2742,10.);
#460=VECTOR('',#2745,10.);
#461=VECTOR('',#2750,10.);
#462=VECTOR('',#2751,10.);
#463=VECTOR('',#2760,10.);
#464=VECTOR('',#2763,10.);
#465=VECTOR('',#2764,10.);
#466=VECTOR('',#2767,10.);
#467=VECTOR('',#2770,10.);
#468=VECTOR('',#2771,10.);
#469=VECTOR('',#2772,10.);
#470=VECTOR('',#2773,10.);
#471=VECTOR('',#2774,10.);
#472=VECTOR('',#2785,10.);
#473=VECTOR('',#2786,10.);
#474=VECTOR('',#2789,10.);
#475=VECTOR('',#2790,10.);
#476=VECTOR('',#2793,10.);
#477=VECTOR('',#2796,10.);
#478=VECTOR('',#2797,10.);
#479=VECTOR('',#2798,10.);
#480=VECTOR('',#2799,10.);
#481=VECTOR('',#2806,1.6);
#482=VECTOR('',#2809,1.6);
#483=VECTOR('',#2816,1.6);
#484=VECTOR('',#2819,1.6);
#485=VECTOR('',#2824,10.);
#486=VECTOR('',#2825,10.);
#487=VECTOR('',#2826,10.);
#488=VECTOR('',#2829,10.);
#489=VECTOR('',#2830,10.);
#490=VECTOR('',#2833,10.);
#491=VECTOR('',#2834,10.);
#492=VECTOR('',#2837,10.);
#493=VECTOR('',#2840,10.);
#494=VECTOR('',#2841,10.);
#495=VECTOR('',#2842,10.);
#496=VECTOR('',#2845,10.);
#497=VECTOR('',#2846,10.);
#498=VECTOR('',#2847,10.);
#499=VECTOR('',#2848,10.);
#500=VECTOR('',#2849,10.);
#501=VECTOR('',#2850,10.);
#502=VECTOR('',#2855,1.6);
#503=VECTOR('',#2860,1.6);
#504=VECTOR('',#2867,1.6);
#505=VECTOR('',#2872,1.6);
#506=VECTOR('',#2877,10.);
#507=VECTOR('',#2878,10.);
#508=VECTOR('',#2879,10.);
#509=VECTOR('',#2882,10.);
#510=VECTOR('',#2883,10.);
#511=VECTOR('',#2886,10.);
#512=VECTOR('',#2887,10.);
#513=VECTOR('',#2890,10.);
#514=VECTOR('',#2893,10.);
#515=VECTOR('',#2894,10.);
#516=VECTOR('',#2897,10.);
#517=VECTOR('',#2902,10.);
#518=VECTOR('',#2903,10.);
#519=VECTOR('',#2904,10.);
#520=VECTOR('',#2909,1.3);
#521=VECTOR('',#2914,1.3);
#522=VECTOR('',#2917,10.);
#523=VECTOR('',#2920,1.3);
#524=VECTOR('',#2925,1.3);
#525=VECTOR('',#2930,10.);
#526=PLANE('',#2154);
#527=PLANE('',#2169);
#528=PLANE('',#2172);
#529=PLANE('',#2176);
#530=PLANE('',#2183);
#531=PLANE('',#2195);
#532=PLANE('',#2206);
#533=PLANE('',#2207);
#534=PLANE('',#2210);
#535=PLANE('',#2212);
#536=PLANE('',#2213);
#537=PLANE('',#2214);
#538=PLANE('',#2217);
#539=PLANE('',#2218);
#540=PLANE('',#2221);
#541=PLANE('',#2222);
#542=PLANE('',#2223);
#543=PLANE('',#2230);
#544=PLANE('',#2237);
#545=PLANE('',#2239);
#546=PLANE('',#2243);
#547=PLANE('',#2248);
#548=PLANE('',#2250);
#549=PLANE('',#2251);
#550=PLANE('',#2252);
#551=PLANE('',#2253);
#552=PLANE('',#2254);
#553=PLANE('',#2255);
#554=PLANE('',#2256);
#555=PLANE('',#2257);
#556=PLANE('',#2258);
#557=PLANE('',#2259);
#558=PLANE('',#2260);
#559=PLANE('',#2261);
#560=PLANE('',#2262);
#561=PLANE('',#2263);
#562=PLANE('',#2264);
#563=PLANE('',#2265);
#564=PLANE('',#2269);
#565=PLANE('',#2273);
#566=PLANE('',#2274);
#567=PLANE('',#2275);
#568=PLANE('',#2276);
#569=PLANE('',#2279);
#570=PLANE('',#2280);
#571=PLANE('',#2286);
#572=PLANE('',#2289);
#573=PLANE('',#2295);
#574=PLANE('',#2296);
#575=PLANE('',#2297);
#576=PLANE('',#2298);
#577=PLANE('',#2307);
#578=PLANE('',#2308);
#579=PLANE('',#2309);
#580=PLANE('',#2310);
#581=PLANE('',#2311);
#582=PLANE('',#2312);
#583=PLANE('',#2323);
#584=PLANE('',#2324);
#585=PLANE('',#2325);
#586=PLANE('',#2326);
#587=PLANE('',#2327);
#588=PLANE('',#2328);
#589=PLANE('',#2329);
#590=PLANE('',#2330);
#591=PLANE('',#2335);
#592=PLANE('',#2340);
#593=PLANE('',#2341);
#594=FACE_OUTER_BOUND('',#699,.T.);
#595=FACE_OUTER_BOUND('',#700,.T.);
#596=FACE_OUTER_BOUND('',#701,.T.);
#597=FACE_OUTER_BOUND('',#702,.T.);
#598=FACE_OUTER_BOUND('',#703,.T.);
#599=FACE_OUTER_BOUND('',#704,.T.);
#600=FACE_OUTER_BOUND('',#705,.T.);
#601=FACE_OUTER_BOUND('',#706,.T.);
#602=FACE_OUTER_BOUND('',#707,.T.);
#603=FACE_OUTER_BOUND('',#708,.T.);
#604=FACE_OUTER_BOUND('',#709,.T.);
#605=FACE_OUTER_BOUND('',#710,.T.);
#606=FACE_OUTER_BOUND('',#711,.T.);
#607=FACE_OUTER_BOUND('',#712,.T.);
#608=FACE_OUTER_BOUND('',#713,.T.);
#609=FACE_OUTER_BOUND('',#714,.T.);
#610=FACE_OUTER_BOUND('',#715,.T.);
#611=FACE_OUTER_BOUND('',#716,.T.);
#612=FACE_OUTER_BOUND('',#717,.T.);
#613=FACE_OUTER_BOUND('',#718,.T.);
#614=FACE_OUTER_BOUND('',#719,.T.);
#615=FACE_OUTER_BOUND('',#720,.T.);
#616=FACE_OUTER_BOUND('',#721,.T.);
#617=FACE_OUTER_BOUND('',#722,.T.);
#618=FACE_OUTER_BOUND('',#723,.T.);
#619=FACE_OUTER_BOUND('',#724,.T.);
#620=FACE_OUTER_BOUND('',#725,.T.);
#621=FACE_OUTER_BOUND('',#726,.T.);
#622=FACE_OUTER_BOUND('',#727,.T.);
#623=FACE_OUTER_BOUND('',#728,.T.);
#624=FACE_OUTER_BOUND('',#729,.T.);
#625=FACE_OUTER_BOUND('',#730,.T.);
#626=FACE_OUTER_BOUND('',#731,.T.);
#627=FACE_OUTER_BOUND('',#732,.T.);
#628=FACE_OUTER_BOUND('',#733,.T.);
#629=FACE_OUTER_BOUND('',#735,.T.);
#630=FACE_OUTER_BOUND('',#736,.T.);
#631=FACE_OUTER_BOUND('',#738,.T.);
#632=FACE_OUTER_BOUND('',#739,.T.);
#633=FACE_OUTER_BOUND('',#740,.T.);
#634=FACE_OUTER_BOUND('',#742,.T.);
#635=FACE_OUTER_BOUND('',#743,.T.);
#636=FACE_OUTER_BOUND('',#745,.T.);
#637=FACE_OUTER_BOUND('',#746,.T.);
#638=FACE_OUTER_BOUND('',#747,.T.);
#639=FACE_OUTER_BOUND('',#748,.T.);
#640=FACE_OUTER_BOUND('',#749,.T.);
#641=FACE_OUTER_BOUND('',#750,.T.);
#642=FACE_OUTER_BOUND('',#751,.T.);
#643=FACE_OUTER_BOUND('',#752,.T.);
#644=FACE_OUTER_BOUND('',#753,.T.);
#645=FACE_OUTER_BOUND('',#754,.T.);
#646=FACE_OUTER_BOUND('',#755,.T.);
#647=FACE_OUTER_BOUND('',#756,.T.);
#648=FACE_OUTER_BOUND('',#757,.T.);
#649=FACE_OUTER_BOUND('',#758,.T.);
#650=FACE_OUTER_BOUND('',#759,.T.);
#651=FACE_OUTER_BOUND('',#760,.T.);
#652=FACE_OUTER_BOUND('',#761,.T.);
#653=FACE_OUTER_BOUND('',#762,.T.);
#654=FACE_OUTER_BOUND('',#763,.T.);
#655=FACE_OUTER_BOUND('',#764,.T.);
#656=FACE_OUTER_BOUND('',#765,.T.);
#657=FACE_OUTER_BOUND('',#766,.T.);
#658=FACE_OUTER_BOUND('',#767,.T.);
#659=FACE_OUTER_BOUND('',#770,.T.);
#660=FACE_OUTER_BOUND('',#771,.T.);
#661=FACE_OUTER_BOUND('',#777,.T.);
#662=FACE_OUTER_BOUND('',#778,.T.);
#663=FACE_OUTER_BOUND('',#780,.T.);
#664=FACE_OUTER_BOUND('',#781,.T.);
#665=FACE_OUTER_BOUND('',#791,.T.);
#666=FACE_OUTER_BOUND('',#792,.T.);
#667=FACE_OUTER_BOUND('',#793,.T.);
#668=FACE_OUTER_BOUND('',#796,.T.);
#669=FACE_OUTER_BOUND('',#797,.T.);
#670=FACE_OUTER_BOUND('',#798,.T.);
#671=FACE_OUTER_BOUND('',#799,.T.);
#672=FACE_OUTER_BOUND('',#800,.T.);
#673=FACE_OUTER_BOUND('',#801,.T.);
#674=FACE_OUTER_BOUND('',#802,.T.);
#675=FACE_OUTER_BOUND('',#803,.T.);
#676=FACE_OUTER_BOUND('',#806,.T.);
#677=FACE_OUTER_BOUND('',#807,.T.);
#678=FACE_OUTER_BOUND('',#810,.T.);
#679=FACE_OUTER_BOUND('',#811,.T.);
#680=FACE_OUTER_BOUND('',#813,.T.);
#681=FACE_OUTER_BOUND('',#814,.T.);
#682=FACE_OUTER_BOUND('',#815,.T.);
#683=FACE_OUTER_BOUND('',#816,.T.);
#684=FACE_OUTER_BOUND('',#817,.T.);
#685=FACE_OUTER_BOUND('',#818,.T.);
#686=FACE_OUTER_BOUND('',#821,.T.);
#687=FACE_OUTER_BOUND('',#822,.T.);
#688=FACE_OUTER_BOUND('',#825,.T.);
#689=FACE_OUTER_BOUND('',#828,.T.);
#690=FACE_OUTER_BOUND('',#829,.T.);
#691=FACE_OUTER_BOUND('',#832,.T.);
#692=FACE_OUTER_BOUND('',#833,.T.);
#693=FACE_OUTER_BOUND('',#834,.T.);
#694=FACE_OUTER_BOUND('',#835,.T.);
#695=FACE_OUTER_BOUND('',#838,.T.);
#696=FACE_OUTER_BOUND('',#839,.T.);
#697=FACE_OUTER_BOUND('',#840,.T.);
#698=FACE_OUTER_BOUND('',#841,.T.);
#699=EDGE_LOOP('',(#1418,#1419,#1420));
#700=EDGE_LOOP('',(#1421,#1422,#1423,#1424,#1425,#1426,#1427,#1428,#1429,
#1430,#1431,#1432,#1433));
#701=EDGE_LOOP('',(#1434,#1435,#1436,#1437));
#702=EDGE_LOOP('',(#1438,#1439,#1440,#1441));
#703=EDGE_LOOP('',(#1442,#1443,#1444,#1445,#1446));
#704=EDGE_LOOP('',(#1447,#1448,#1449,#1450,#1451,#1452,#1453,#1454));
#705=EDGE_LOOP('',(#1455,#1456,#1457,#1458,#1459));
#706=EDGE_LOOP('',(#1460,#1461,#1462,#1463));
#707=EDGE_LOOP('',(#1464,#1465,#1466,#1467,#1468,#1469));
#708=EDGE_LOOP('',(#1470,#1471,#1472,#1473,#1474));
#709=EDGE_LOOP('',(#1475,#1476,#1477,#1478));
#710=EDGE_LOOP('',(#1479,#1480,#1481,#1482,#1483));
#711=EDGE_LOOP('',(#1484,#1485,#1486,#1487,#1488,#1489,#1490));
#712=EDGE_LOOP('',(#1491,#1492,#1493,#1494,#1495,#1496,#1497,#1498,#1499));
#713=EDGE_LOOP('',(#1500,#1501,#1502,#1503,#1504,#1505));
#714=EDGE_LOOP('',(#1506,#1507,#1508,#1509,#1510,#1511,#1512,#1513,#1514,
#1515,#1516,#1517,#1518,#1519,#1520,#1521));
#715=EDGE_LOOP('',(#1522,#1523,#1524,#1525));
#716=EDGE_LOOP('',(#1526,#1527,#1528,#1529,#1530,#1531));
#717=EDGE_LOOP('',(#1532,#1533,#1534,#1535));
#718=EDGE_LOOP('',(#1536,#1537,#1538,#1539));
#719=EDGE_LOOP('',(#1540,#1541,#1542,#1543));
#720=EDGE_LOOP('',(#1544,#1545,#1546,#1547));
#721=EDGE_LOOP('',(#1548,#1549,#1550,#1551));
#722=EDGE_LOOP('',(#1552,#1553,#1554,#1555));
#723=EDGE_LOOP('',(#1556,#1557,#1558,#1559,#1560,#1561,#1562,#1563));
#724=EDGE_LOOP('',(#1564,#1565,#1566));
#725=EDGE_LOOP('',(#1567,#1568,#1569,#1570,#1571,#1572,#1573,#1574));
#726=EDGE_LOOP('',(#1575,#1576,#1577,#1578));
#727=EDGE_LOOP('',(#1579,#1580,#1581));
#728=EDGE_LOOP('',(#1582,#1583,#1584,#1585,#1586,#1587));
#729=EDGE_LOOP('',(#1588,#1589,#1590,#1591));
#730=EDGE_LOOP('',(#1592,#1593,#1594,#1595));
#731=EDGE_LOOP('',(#1596,#1597,#1598,#1599));
#732=EDGE_LOOP('',(#1600,#1601,#1602,#1603,#1604,#1605));
#733=EDGE_LOOP('',(#1606));
#734=EDGE_LOOP('',(#1607));
#735=EDGE_LOOP('',(#1608,#1609,#1610,#1611,#1612,#1613));
#736=EDGE_LOOP('',(#1614));
#737=EDGE_LOOP('',(#1615));
#738=EDGE_LOOP('',(#1616,#1617,#1618,#1619,#1620,#1621,#1622,#1623,#1624,
#1625));
#739=EDGE_LOOP('',(#1626,#1627,#1628,#1629));
#740=EDGE_LOOP('',(#1630));
#741=EDGE_LOOP('',(#1631));
#742=EDGE_LOOP('',(#1632,#1633,#1634,#1635));
#743=EDGE_LOOP('',(#1636));
#744=EDGE_LOOP('',(#1637));
#745=EDGE_LOOP('',(#1638,#1639,#1640,#1641));
#746=EDGE_LOOP('',(#1642,#1643,#1644,#1645));
#747=EDGE_LOOP('',(#1646,#1647,#1648,#1649));
#748=EDGE_LOOP('',(#1650,#1651,#1652,#1653));
#749=EDGE_LOOP('',(#1654,#1655,#1656,#1657));
#750=EDGE_LOOP('',(#1658,#1659,#1660,#1661));
#751=EDGE_LOOP('',(#1662,#1663,#1664,#1665));
#752=EDGE_LOOP('',(#1666,#1667,#1668,#1669));
#753=EDGE_LOOP('',(#1670,#1671,#1672,#1673));
#754=EDGE_LOOP('',(#1674,#1675,#1676,#1677));
#755=EDGE_LOOP('',(#1678,#1679,#1680,#1681));
#756=EDGE_LOOP('',(#1682,#1683,#1684,#1685));
#757=EDGE_LOOP('',(#1686,#1687,#1688,#1689));
#758=EDGE_LOOP('',(#1690,#1691,#1692,#1693));
#759=EDGE_LOOP('',(#1694,#1695,#1696,#1697));
#760=EDGE_LOOP('',(#1698,#1699,#1700,#1701));
#761=EDGE_LOOP('',(#1702,#1703,#1704,#1705,#1706,#1707));
#762=EDGE_LOOP('',(#1708,#1709,#1710,#1711));
#763=EDGE_LOOP('',(#1712,#1713,#1714,#1715,#1716,#1717));
#764=EDGE_LOOP('',(#1718,#1719,#1720,#1721));
#765=EDGE_LOOP('',(#1722,#1723,#1724,#1725));
#766=EDGE_LOOP('',(#1726,#1727,#1728,#1729));
#767=EDGE_LOOP('',(#1730,#1731,#1732,#1733));
#768=EDGE_LOOP('',(#1734));
#769=EDGE_LOOP('',(#1735));
#770=EDGE_LOOP('',(#1736,#1737,#1738,#1739));
#771=EDGE_LOOP('',(#1740,#1741,#1742,#1743,#1744,#1745,#1746));
#772=EDGE_LOOP('',(#1747,#1748,#1749,#1750));
#773=EDGE_LOOP('',(#1751,#1752,#1753));
#774=EDGE_LOOP('',(#1754,#1755,#1756));
#775=EDGE_LOOP('',(#1757,#1758,#1759));
#776=EDGE_LOOP('',(#1760,#1761,#1762));
#777=EDGE_LOOP('',(#1763,#1764,#1765,#1766,#1767));
#778=EDGE_LOOP('',(#1768,#1769,#1770,#1771,#1772,#1773,#1774,#1775));
#779=EDGE_LOOP('',(#1776,#1777,#1778,#1779,#1780));
#780=EDGE_LOOP('',(#1781,#1782,#1783));
#781=EDGE_LOOP('',(#1784,#1785,#1786,#1787,#1788,#1789,#1790,#1791,#1792,
#1793,#1794,#1795,#1796,#1797,#1798,#1799,#1800));
#782=EDGE_LOOP('',(#1801,#1802,#1803,#1804));
#783=EDGE_LOOP('',(#1805,#1806,#1807));
#784=EDGE_LOOP('',(#1808,#1809,#1810));
#785=EDGE_LOOP('',(#1811,#1812,#1813));
#786=EDGE_LOOP('',(#1814,#1815,#1816));
#787=EDGE_LOOP('',(#1817));
#788=EDGE_LOOP('',(#1818));
#789=EDGE_LOOP('',(#1819));
#790=EDGE_LOOP('',(#1820));
#791=EDGE_LOOP('',(#1821,#1822,#1823,#1824));
#792=EDGE_LOOP('',(#1825,#1826,#1827,#1828,#1829,#1830,#1831,#1832,#1833,
#1834,#1835,#1836));
#793=EDGE_LOOP('',(#1837,#1838,#1839,#1840,#1841,#1842,#1843));
#794=EDGE_LOOP('',(#1844));
#795=EDGE_LOOP('',(#1845));
#796=EDGE_LOOP('',(#1846,#1847,#1848,#1849));
#797=EDGE_LOOP('',(#1850,#1851,#1852,#1853,#1854,#1855));
#798=EDGE_LOOP('',(#1856,#1857,#1858,#1859));
#799=EDGE_LOOP('',(#1860,#1861,#1862,#1863));
#800=EDGE_LOOP('',(#1864,#1865,#1866,#1867));
#801=EDGE_LOOP('',(#1868,#1869,#1870,#1871));
#802=EDGE_LOOP('',(#1872,#1873,#1874,#1875));
#803=EDGE_LOOP('',(#1876,#1877,#1878,#1879));
#804=EDGE_LOOP('',(#1880));
#805=EDGE_LOOP('',(#1881));
#806=EDGE_LOOP('',(#1882,#1883,#1884,#1885));
#807=EDGE_LOOP('',(#1886,#1887,#1888,#1889));
#808=EDGE_LOOP('',(#1890));
#809=EDGE_LOOP('',(#1891));
#810=EDGE_LOOP('',(#1892,#1893,#1894,#1895));
#811=EDGE_LOOP('',(#1896,#1897,#1898,#1899,#1900));
#812=EDGE_LOOP('',(#1901,#1902,#1903,#1904));
#813=EDGE_LOOP('',(#1905,#1906,#1907,#1908));
#814=EDGE_LOOP('',(#1909,#1910,#1911,#1912));
#815=EDGE_LOOP('',(#1913,#1914,#1915,#1916));
#816=EDGE_LOOP('',(#1917,#1918,#1919,#1920));
#817=EDGE_LOOP('',(#1921,#1922,#1923,#1924));
#818=EDGE_LOOP('',(#1925,#1926,#1927,#1928));
#819=EDGE_LOOP('',(#1929));
#820=EDGE_LOOP('',(#1930));
#821=EDGE_LOOP('',(#1931,#1932,#1933,#1934));
#822=EDGE_LOOP('',(#1935,#1936,#1937,#1938));
#823=EDGE_LOOP('',(#1939));
#824=EDGE_LOOP('',(#1940));
#825=EDGE_LOOP('',(#1941,#1942,#1943,#1944));
#826=EDGE_LOOP('',(#1945));
#827=EDGE_LOOP('',(#1946));
#828=EDGE_LOOP('',(#1947,#1948,#1949,#1950));
#829=EDGE_LOOP('',(#1951,#1952,#1953,#1954,#1955,#1956,#1957,#1958));
#830=EDGE_LOOP('',(#1959,#1960,#1961,#1962));
#831=EDGE_LOOP('',(#1963,#1964,#1965,#1966));
#832=EDGE_LOOP('',(#1967,#1968,#1969,#1970,#1971,#1972));
#833=EDGE_LOOP('',(#1973,#1974,#1975,#1976));
#834=EDGE_LOOP('',(#1977,#1978,#1979,#1980));
#835=EDGE_LOOP('',(#1981,#1982,#1983,#1984,#1985,#1986,#1987,#1988,#1989,
#1990));
#836=EDGE_LOOP('',(#1991));
#837=EDGE_LOOP('',(#1992));
#838=EDGE_LOOP('',(#1993,#1994,#1995,#1996));
#839=EDGE_LOOP('',(#1997,#1998,#1999,#2000));
#840=EDGE_LOOP('',(#2001,#2002,#2003,#2004,#2005,#2006,#2007,#2008,#2009));
#841=EDGE_LOOP('',(#2010,#2011,#2012,#2013,#2014,#2015,#2016,#2017,#2018,
#2019));
#842=EDGE_LOOP('',(#2020));
#843=EDGE_LOOP('',(#2021));
#844=CIRCLE('',#2153,28.5000000000001);
#845=CIRCLE('',#2155,23.5000000000001);
#846=CIRCLE('',#2156,28.5000000000001);
#847=CIRCLE('',#2157,28.5000000000001);
#848=CIRCLE('',#2158,2.);
#849=CIRCLE('',#2159,2.);
#850=CIRCLE('',#2160,28.5000000000001);
#851=CIRCLE('',#2163,12.);
#852=CIRCLE('',#2178,2.);
#853=CIRCLE('',#2180,28.5000000000001);
#854=CIRCLE('',#2182,2.);
#855=CIRCLE('',#2189,33.1651718682963);
#856=CIRCLE('',#2190,33.1651718682963);
#857=CIRCLE('',#2192,33.1651718682963);
#858=CIRCLE('',#2193,33.1651718682963);
#859=CIRCLE('',#2196,28.5000000000001);
#860=CIRCLE('',#2197,25.5000000000001);
#861=CIRCLE('',#2198,23.5000000000001);
#862=CIRCLE('',#2199,25.5000000000001);
#863=CIRCLE('',#2202,12.);
#864=CIRCLE('',#2203,12.);
#865=CIRCLE('',#2205,25.5000000000001);
#866=CIRCLE('',#2209,32.9721359549996);
#867=CIRCLE('',#2216,25.5000000000001);
#868=CIRCLE('',#2219,49.5330009144348);
#869=CIRCLE('',#2220,6.);
#870=CIRCLE('',#2224,6.);
#871=CIRCLE('',#2227,3.5);
#872=CIRCLE('',#2228,3.5);
#873=CIRCLE('',#2229,3.5);
#874=CIRCLE('',#2231,1.3);
#875=CIRCLE('',#2234,3.5);
#876=CIRCLE('',#2235,3.5);
#877=CIRCLE('',#2236,3.5);
#878=CIRCLE('',#2238,1.3);
#879=CIRCLE('',#2241,3.5);
#880=CIRCLE('',#2242,3.5);
#881=CIRCLE('',#2244,1.3);
#882=CIRCLE('',#2246,3.5);
#883=CIRCLE('',#2247,3.5);
#884=CIRCLE('',#2249,1.3);
#885=CIRCLE('',#2267,6.);
#886=CIRCLE('',#2268,6.);
#887=CIRCLE('',#2271,6.);
#888=CIRCLE('',#2272,6.);
#889=CIRCLE('',#2277,1.6);
#890=CIRCLE('',#2278,1.6);
#891=CIRCLE('',#2282,29.1484794470299);
#892=CIRCLE('',#2284,31.0023832014343);
#893=CIRCLE('',#2287,49.5330009144348);
#894=CIRCLE('',#2290,1.6);
#895=CIRCLE('',#2291,1.6);
#896=CIRCLE('',#2292,1.6);
#897=CIRCLE('',#2293,1.6);
#898=CIRCLE('',#2300,1.6);
#899=CIRCLE('',#2302,1.6);
#900=CIRCLE('',#2304,1.6);
#901=CIRCLE('',#2306,1.6);
#902=CIRCLE('',#2314,1.6);
#903=CIRCLE('',#2316,1.6);
#904=CIRCLE('',#2317,1.6);
#905=CIRCLE('',#2319,1.6);
#906=CIRCLE('',#2321,1.6);
#907=CIRCLE('',#2322,1.6);
#908=CIRCLE('',#2332,1.3);
#909=CIRCLE('',#2334,1.3);
#910=CIRCLE('',#2337,1.3);
#911=CIRCLE('',#2339,1.3);
#912=B_SPLINE_CURVE_WITH_KNOTS('',3,(#2937,#2938,#2939,#2940,#2941,#2942,
#2943,#2944,#2945,#2946,#2947,#2948,#2949,#2950,#2951,#2952),
 .UNSPECIFIED.,.F.,.F.,(4,2,2,2,2,2,2,4),(2.03326017694197,2.09376880131788,
2.36516681336864,2.50065455129933,2.54185019379047,2.5756123987195,2.6062237939271,
2.62082595247658),.UNSPECIFIED.);
#913=B_SPLINE_CURVE_WITH_KNOTS('',3,(#2955,#2956,#2957,#2958,#2959,#2960,
#2961,#2962,#2963,#2964,#2965,#2966),.UNSPECIFIED.,.F.,.F.,(4,2,2,2,2,4),
(-1.43201135361629,-1.39763612237822,-1.27946826901544,-1.16130041565265,
-1.04033982800736,-1.02302833211409),.UNSPECIFIED.);
#914=B_SPLINE_CURVE_WITH_KNOTS('',3,(#3025,#3026,#3027,#3028,#3029,#3030,
#3031,#3032,#3033,#3034,#3035,#3036),.UNSPECIFIED.,.F.,.F.,(4,2,2,2,2,4),
(0.,0.0564461644476363,0.115586670587039,0.189354366785147,0.284507229932914,
0.384510540974889),.UNSPECIFIED.);
#915=B_SPLINE_CURVE_WITH_KNOTS('',3,(#3039,#3040,#3041,#3042,#3043,#3044,
#3045,#3046,#3047,#3048,#3049,#3050,#3051,#3052),.UNSPECIFIED.,.F.,.F.,
(4,2,2,2,2,2,4),(-0.000916541050289322,0.,0.111616379958138,0.225059922679604,
0.311069664146288,0.378573724591822,0.441756624668316),.UNSPECIFIED.);
#916=B_SPLINE_CURVE_WITH_KNOTS('',3,(#3160,#3161,#3162,#3163,#3164,#3165,
#3166,#3167),.UNSPECIFIED.,.F.,.F.,(4,2,2,4),(-0.559134781133617,-0.486825345421005,
-0.281705688184974,0.),.UNSPECIFIED.);
#917=B_SPLINE_CURVE_WITH_KNOTS('',3,(#3182,#3183,#3184,#3185,#3186,#3187,
#3188,#3189,#3190,#3191,#3192,#3193),.UNSPECIFIED.,.F.,.F.,(4,2,2,2,2,4),
(0.91937924036207,1.043348506927,1.16731777349194,1.28820971264826,1.40910165180458,
1.43188467246501),.UNSPECIFIED.);
#918=B_SPLINE_CURVE_WITH_KNOTS('',3,(#3463,#3464,#3465,#3466,#3467,#3468),
 .UNSPECIFIED.,.F.,.F.,(4,2,4),(2.85407140605307,3.08665207050464,3.54606547648821),
 .UNSPECIFIED.);
#919=VERTEX_POINT('',#2935);
#920=VERTEX_POINT('',#2936);
#921=VERTEX_POINT('',#2953);
#922=VERTEX_POINT('',#2968);
#923=VERTEX_POINT('',#2970);
#924=VERTEX_POINT('',#2972);
#925=VERTEX_POINT('',#2974);
#926=VERTEX_POINT('',#2976);
#927=VERTEX_POINT('',#2978);
#928=VERTEX_POINT('',#2980);
#929=VERTEX_POINT('',#2982);
#930=VERTEX_POINT('',#2984);
#931=VERTEX_POINT('',#2986);
#932=VERTEX_POINT('',#2988);
#933=VERTEX_POINT('',#2992);
#934=VERTEX_POINT('',#2994);
#935=VERTEX_POINT('',#3021);
#936=VERTEX_POINT('',#3022);
#937=VERTEX_POINT('',#3024);
#938=VERTEX_POINT('',#3037);
#939=VERTEX_POINT('',#3054);
#940=VERTEX_POINT('',#3056);
#941=VERTEX_POINT('',#3058);
#942=VERTEX_POINT('',#3062);
#943=VERTEX_POINT('',#3064);
#944=VERTEX_POINT('',#3067);
#945=VERTEX_POINT('',#3071);
#946=VERTEX_POINT('',#3073);
#947=VERTEX_POINT('',#3077);
#948=VERTEX_POINT('',#3078);
#949=VERTEX_POINT('',#3080);
#950=VERTEX_POINT('',#3082);
#951=VERTEX_POINT('',#3087);
#952=VERTEX_POINT('',#3089);
#953=VERTEX_POINT('',#3093);
#954=VERTEX_POINT('',#3097);
#955=VERTEX_POINT('',#3101);
#956=VERTEX_POINT('',#3105);
#957=VERTEX_POINT('',#3110);
#958=VERTEX_POINT('',#3112);
#959=VERTEX_POINT('',#3114);
#960=VERTEX_POINT('',#3116);
#961=VERTEX_POINT('',#3118);
#962=VERTEX_POINT('',#3122);
#963=VERTEX_POINT('',#3124);
#964=VERTEX_POINT('',#3126);
#965=VERTEX_POINT('',#3130);
#966=VERTEX_POINT('',#3132);
#967=VERTEX_POINT('',#3134);
#968=VERTEX_POINT('',#3136);
#969=VERTEX_POINT('',#3138);
#970=VERTEX_POINT('',#3140);
#971=VERTEX_POINT('',#3142);
#972=VERTEX_POINT('',#3144);
#973=VERTEX_POINT('',#3146);
#974=VERTEX_POINT('',#3152);
#975=VERTEX_POINT('',#3154);
#976=VERTEX_POINT('',#3156);
#977=VERTEX_POINT('',#3158);
#978=VERTEX_POINT('',#3169);
#979=VERTEX_POINT('',#3171);
#980=VERTEX_POINT('',#3181);
#981=VERTEX_POINT('',#3196);
#982=VERTEX_POINT('',#3201);
#983=VERTEX_POINT('',#3202);
#984=VERTEX_POINT('',#3210);
#985=VERTEX_POINT('',#3212);
#986=VERTEX_POINT('',#3216);
#987=VERTEX_POINT('',#3222);
#988=VERTEX_POINT('',#3225);
#989=VERTEX_POINT('',#3229);
#990=VERTEX_POINT('',#3231);
#991=VERTEX_POINT('',#3235);
#992=VERTEX_POINT('',#3237);
#993=VERTEX_POINT('',#3241);
#994=VERTEX_POINT('',#3245);
#995=VERTEX_POINT('',#3246);
#996=VERTEX_POINT('',#3248);
#997=VERTEX_POINT('',#3250);
#998=VERTEX_POINT('',#3255);
#999=VERTEX_POINT('',#3258);
#1000=VERTEX_POINT('',#3259);
#1001=VERTEX_POINT('',#3261);
#1002=VERTEX_POINT('',#3263);
#1003=VERTEX_POINT('',#3268);
#1004=VERTEX_POINT('',#3271);
#1005=VERTEX_POINT('',#3273);
#1006=VERTEX_POINT('',#3275);
#1007=VERTEX_POINT('',#3277);
#1008=VERTEX_POINT('',#3282);
#1009=VERTEX_POINT('',#3284);
#1010=VERTEX_POINT('',#3288);
#1011=VERTEX_POINT('',#3291);
#1012=VERTEX_POINT('',#3293);
#1013=VERTEX_POINT('',#3297);
#1014=VERTEX_POINT('',#3300);
#1015=VERTEX_POINT('',#3301);
#1016=VERTEX_POINT('',#3303);
#1017=VERTEX_POINT('',#3305);
#1018=VERTEX_POINT('',#3309);
#1019=VERTEX_POINT('',#3311);
#1020=VERTEX_POINT('',#3315);
#1021=VERTEX_POINT('',#3317);
#1022=VERTEX_POINT('',#3324);
#1023=VERTEX_POINT('',#3325);
#1024=VERTEX_POINT('',#3327);
#1025=VERTEX_POINT('',#3329);
#1026=VERTEX_POINT('',#3333);
#1027=VERTEX_POINT('',#3335);
#1028=VERTEX_POINT('',#3342);
#1029=VERTEX_POINT('',#3343);
#1030=VERTEX_POINT('',#3345);
#1031=VERTEX_POINT('',#3347);
#1032=VERTEX_POINT('',#3351);
#1033=VERTEX_POINT('',#3353);
#1034=VERTEX_POINT('',#3360);
#1035=VERTEX_POINT('',#3361);
#1036=VERTEX_POINT('',#3363);
#1037=VERTEX_POINT('',#3365);
#1038=VERTEX_POINT('',#3369);
#1039=VERTEX_POINT('',#3371);
#1040=VERTEX_POINT('',#3378);
#1041=VERTEX_POINT('',#3379);
#1042=VERTEX_POINT('',#3381);
#1043=VERTEX_POINT('',#3383);
#1044=VERTEX_POINT('',#3387);
#1045=VERTEX_POINT('',#3389);
#1046=VERTEX_POINT('',#3396);
#1047=VERTEX_POINT('',#3397);
#1048=VERTEX_POINT('',#3400);
#1049=VERTEX_POINT('',#3404);
#1050=VERTEX_POINT('',#3406);
#1051=VERTEX_POINT('',#3410);
#1052=VERTEX_POINT('',#3415);
#1053=VERTEX_POINT('',#3416);
#1054=VERTEX_POINT('',#3418);
#1055=VERTEX_POINT('',#3420);
#1056=VERTEX_POINT('',#3424);
#1057=VERTEX_POINT('',#3426);
#1058=VERTEX_POINT('',#3430);
#1059=VERTEX_POINT('',#3432);
#1060=VERTEX_POINT('',#3436);
#1061=VERTEX_POINT('',#3438);
#1062=VERTEX_POINT('',#3441);
#1063=VERTEX_POINT('',#3443);
#1064=VERTEX_POINT('',#3446);
#1065=VERTEX_POINT('',#3450);
#1066=VERTEX_POINT('',#3452);
#1067=VERTEX_POINT('',#3454);
#1068=VERTEX_POINT('',#3456);
#1069=VERTEX_POINT('',#3461);
#1070=VERTEX_POINT('',#3470);
#1071=VERTEX_POINT('',#3472);
#1072=VERTEX_POINT('',#3474);
#1073=VERTEX_POINT('',#3481);
#1074=VERTEX_POINT('',#3483);
#1075=VERTEX_POINT('',#3485);
#1076=VERTEX_POINT('',#3488);
#1077=VERTEX_POINT('',#3490);
#1078=VERTEX_POINT('',#3492);
#1079=VERTEX_POINT('',#3494);
#1080=VERTEX_POINT('',#3505);
#1081=VERTEX_POINT('',#3506);
#1082=VERTEX_POINT('',#3508);
#1083=VERTEX_POINT('',#3510);
#1084=VERTEX_POINT('',#3515);
#1085=VERTEX_POINT('',#3519);
#1086=VERTEX_POINT('',#3523);
#1087=VERTEX_POINT('',#3527);
#1088=VERTEX_POINT('',#3531);
#1089=VERTEX_POINT('',#3533);
#1090=VERTEX_POINT('',#3537);
#1091=VERTEX_POINT('',#3541);
#1092=VERTEX_POINT('',#3547);
#1093=VERTEX_POINT('',#3549);
#1094=VERTEX_POINT('',#3553);
#1095=VERTEX_POINT('',#3556);
#1096=VERTEX_POINT('',#3557);
#1097=VERTEX_POINT('',#3559);
#1098=VERTEX_POINT('',#3561);
#1099=VERTEX_POINT('',#3565);
#1100=VERTEX_POINT('',#3569);
#1101=VERTEX_POINT('',#3571);
#1102=VERTEX_POINT('',#3575);
#1103=VERTEX_POINT('',#3579);
#1104=VERTEX_POINT('',#3581);
#1105=VERTEX_POINT('',#3585);
#1106=VERTEX_POINT('',#3587);
#1107=VERTEX_POINT('',#3591);
#1108=VERTEX_POINT('',#3595);
#1109=VERTEX_POINT('',#3601);
#1110=VERTEX_POINT('',#3608);
#1111=VERTEX_POINT('',#3610);
#1112=VERTEX_POINT('',#3614);
#1113=VERTEX_POINT('',#3618);
#1114=VERTEX_POINT('',#3624);
#1115=VERTEX_POINT('',#3628);
#1116=EDGE_CURVE('',#919,#920,#912,.T.);
#1117=EDGE_CURVE('',#921,#920,#844,.T.);
#1118=EDGE_CURVE('',#921,#919,#913,.T.);
#1119=EDGE_CURVE('',#920,#922,#108,.T.);
#1120=EDGE_CURVE('',#922,#923,#109,.T.);
#1121=EDGE_CURVE('',#923,#924,#110,.T.);
#1122=EDGE_CURVE('',#924,#925,#845,.T.);
#1123=EDGE_CURVE('',#925,#926,#111,.T.);
#1124=EDGE_CURVE('',#926,#927,#112,.T.);
#1125=EDGE_CURVE('',#927,#928,#846,.T.);
#1126=EDGE_CURVE('',#928,#929,#847,.T.);
#1127=EDGE_CURVE('',#929,#930,#848,.F.);
#1128=EDGE_CURVE('',#930,#931,#113,.T.);
#1129=EDGE_CURVE('',#932,#931,#849,.T.);
#1130=EDGE_CURVE('',#932,#921,#850,.T.);
#1131=EDGE_CURVE('',#922,#933,#56,.T.);
#1132=EDGE_CURVE('',#933,#934,#114,.T.);
#1133=EDGE_CURVE('',#923,#934,#851,.F.);
#1134=EDGE_CURVE('',#935,#936,#57,.T.);
#1135=EDGE_CURVE('',#936,#937,#914,.T.);
#1136=EDGE_CURVE('',#937,#938,#58,.T.);
#1137=EDGE_CURVE('',#938,#935,#915,.T.);
#1138=EDGE_CURVE('',#938,#939,#115,.T.);
#1139=EDGE_CURVE('',#939,#940,#59,.T.);
#1140=EDGE_CURVE('',#940,#941,#116,.T.);
#1141=EDGE_CURVE('',#941,#935,#60,.T.);
#1142=EDGE_CURVE('',#942,#936,#117,.T.);
#1143=EDGE_CURVE('',#943,#941,#118,.T.);
#1144=EDGE_CURVE('',#943,#931,#61,.F.);
#1145=EDGE_CURVE('',#944,#930,#62,.T.);
#1146=EDGE_CURVE('',#942,#944,#119,.T.);
#1147=EDGE_CURVE('',#940,#945,#120,.T.);
#1148=EDGE_CURVE('',#946,#945,#121,.T.);
#1149=EDGE_CURVE('',#943,#946,#122,.T.);
#1150=EDGE_CURVE('',#947,#948,#63,.F.);
#1151=EDGE_CURVE('',#947,#949,#123,.T.);
#1152=EDGE_CURVE('',#950,#949,#64,.F.);
#1153=EDGE_CURVE('',#950,#948,#124,.T.);
#1154=EDGE_CURVE('',#950,#942,#125,.T.);
#1155=EDGE_CURVE('',#951,#944,#126,.T.);
#1156=EDGE_CURVE('',#952,#951,#127,.T.);
#1157=EDGE_CURVE('',#952,#948,#128,.T.);
#1158=EDGE_CURVE('',#946,#953,#852,.T.);
#1159=EDGE_CURVE('',#953,#932,#129,.T.);
#1160=EDGE_CURVE('',#953,#954,#853,.T.);
#1161=EDGE_CURVE('',#954,#921,#130,.T.);
#1162=EDGE_CURVE('',#929,#955,#131,.T.);
#1163=EDGE_CURVE('',#955,#951,#854,.T.);
#1164=EDGE_CURVE('',#956,#939,#65,.T.);
#1165=EDGE_CURVE('',#947,#956,#66,.T.);
#1166=EDGE_CURVE('',#945,#952,#132,.T.);
#1167=EDGE_CURVE('',#957,#937,#67,.T.);
#1168=EDGE_CURVE('',#958,#957,#68,.T.);
#1169=EDGE_CURVE('',#959,#958,#133,.T.);
#1170=EDGE_CURVE('',#959,#960,#855,.T.);
#1171=EDGE_CURVE('',#961,#960,#134,.T.);
#1172=EDGE_CURVE('',#956,#961,#856,.T.);
#1173=EDGE_CURVE('',#962,#956,#857,.T.);
#1174=EDGE_CURVE('',#963,#962,#135,.T.);
#1175=EDGE_CURVE('',#964,#963,#858,.T.);
#1176=EDGE_CURVE('',#949,#964,#69,.T.);
#1177=EDGE_CURVE('',#965,#955,#859,.T.);
#1178=EDGE_CURVE('',#965,#966,#136,.T.);
#1179=EDGE_CURVE('',#966,#967,#860,.T.);
#1180=EDGE_CURVE('',#967,#968,#137,.T.);
#1181=EDGE_CURVE('',#969,#968,#138,.T.);
#1182=EDGE_CURVE('',#970,#969,#861,.T.);
#1183=EDGE_CURVE('',#971,#970,#139,.T.);
#1184=EDGE_CURVE('',#971,#972,#140,.T.);
#1185=EDGE_CURVE('',#972,#973,#862,.T.);
#1186=EDGE_CURVE('',#973,#954,#141,.T.);
#1187=EDGE_CURVE('',#928,#965,#142,.T.);
#1188=EDGE_CURVE('',#926,#974,#863,.T.);
#1189=EDGE_CURVE('',#974,#975,#143,.T.);
#1190=EDGE_CURVE('',#975,#976,#864,.T.);
#1191=EDGE_CURVE('',#977,#976,#144,.F.);
#1192=EDGE_CURVE('',#927,#977,#916,.F.);
#1193=EDGE_CURVE('',#978,#967,#145,.T.);
#1194=EDGE_CURVE('',#979,#966,#146,.T.);
#1195=EDGE_CURVE('',#979,#978,#865,.T.);
#1196=EDGE_CURVE('',#968,#926,#147,.T.);
#1197=EDGE_CURVE('',#969,#925,#148,.T.);
#1198=EDGE_CURVE('',#923,#971,#149,.T.);
#1199=EDGE_CURVE('',#970,#924,#150,.T.);
#1200=EDGE_CURVE('',#928,#980,#917,.F.);
#1201=EDGE_CURVE('',#980,#977,#866,.F.);
#1202=EDGE_CURVE('',#976,#981,#151,.F.);
#1203=EDGE_CURVE('',#981,#980,#152,.T.);
#1204=EDGE_CURVE('',#982,#983,#153,.T.);
#1205=EDGE_CURVE('',#982,#979,#154,.T.);
#1206=EDGE_CURVE('',#983,#981,#155,.T.);
#1207=EDGE_CURVE('',#982,#978,#156,.T.);
#1208=EDGE_CURVE('',#958,#919,#157,.T.);
#1209=EDGE_CURVE('',#984,#973,#158,.T.);
#1210=EDGE_CURVE('',#984,#985,#159,.T.);
#1211=EDGE_CURVE('',#959,#985,#160,.T.);
#1212=EDGE_CURVE('',#972,#986,#161,.T.);
#1213=EDGE_CURVE('',#986,#984,#867,.T.);
#1214=EDGE_CURVE('',#986,#985,#162,.T.);
#1215=EDGE_CURVE('',#983,#987,#868,.T.);
#1216=EDGE_CURVE('',#987,#964,#163,.T.);
#1217=EDGE_CURVE('',#963,#988,#869,.F.);
#1218=EDGE_CURVE('',#988,#982,#164,.T.);
#1219=EDGE_CURVE('',#974,#989,#165,.T.);
#1220=EDGE_CURVE('',#989,#990,#166,.T.);
#1221=EDGE_CURVE('',#975,#990,#167,.T.);
#1222=EDGE_CURVE('',#933,#991,#168,.T.);
#1223=EDGE_CURVE('',#991,#992,#169,.T.);
#1224=EDGE_CURVE('',#992,#934,#170,.T.);
#1225=EDGE_CURVE('',#985,#993,#171,.T.);
#1226=EDGE_CURVE('',#960,#993,#870,.T.);
#1227=EDGE_CURVE('',#994,#995,#70,.T.);
#1228=EDGE_CURVE('',#996,#994,#871,.T.);
#1229=EDGE_CURVE('',#996,#997,#172,.T.);
#1230=EDGE_CURVE('',#997,#997,#872,.T.);
#1231=EDGE_CURVE('',#995,#996,#873,.T.);
#1232=EDGE_CURVE('',#998,#998,#874,.T.);
#1233=EDGE_CURVE('',#999,#1000,#71,.T.);
#1234=EDGE_CURVE('',#1001,#999,#875,.T.);
#1235=EDGE_CURVE('',#1001,#1002,#173,.T.);
#1236=EDGE_CURVE('',#1002,#1002,#876,.T.);
#1237=EDGE_CURVE('',#1000,#1001,#877,.T.);
#1238=EDGE_CURVE('',#1003,#1003,#878,.T.);
#1239=EDGE_CURVE('',#994,#1004,#174,.T.);
#1240=EDGE_CURVE('',#1004,#1005,#175,.T.);
#1241=EDGE_CURVE('',#1006,#1005,#176,.T.);
#1242=EDGE_CURVE('',#1006,#1007,#177,.T.);
#1243=EDGE_CURVE('',#1007,#1000,#178,.T.);
#1244=EDGE_CURVE('',#999,#995,#179,.T.);
#1245=EDGE_CURVE('',#1008,#1008,#879,.T.);
#1246=EDGE_CURVE('',#1008,#1009,#180,.T.);
#1247=EDGE_CURVE('',#1009,#1009,#880,.T.);
#1248=EDGE_CURVE('',#1010,#1010,#881,.T.);
#1249=EDGE_CURVE('',#1011,#1011,#882,.T.);
#1250=EDGE_CURVE('',#1011,#1012,#181,.T.);
#1251=EDGE_CURVE('',#1012,#1012,#883,.T.);
#1252=EDGE_CURVE('',#1013,#1013,#884,.T.);
#1253=EDGE_CURVE('',#1014,#1015,#182,.T.);
#1254=EDGE_CURVE('',#1016,#1014,#183,.T.);
#1255=EDGE_CURVE('',#1017,#1016,#184,.T.);
#1256=EDGE_CURVE('',#1017,#1015,#185,.T.);
#1257=EDGE_CURVE('',#1015,#1018,#186,.T.);
#1258=EDGE_CURVE('',#1019,#1017,#187,.T.);
#1259=EDGE_CURVE('',#1019,#1018,#188,.T.);
#1260=EDGE_CURVE('',#1018,#1020,#189,.T.);
#1261=EDGE_CURVE('',#1021,#1019,#190,.T.);
#1262=EDGE_CURVE('',#1021,#1020,#191,.T.);
#1263=EDGE_CURVE('',#1020,#1014,#192,.T.);
#1264=EDGE_CURVE('',#1016,#1021,#193,.T.);
#1265=EDGE_CURVE('',#1022,#1023,#194,.T.);
#1266=EDGE_CURVE('',#1024,#1022,#195,.T.);
#1267=EDGE_CURVE('',#1025,#1024,#196,.T.);
#1268=EDGE_CURVE('',#1025,#1023,#197,.T.);
#1269=EDGE_CURVE('',#1023,#1026,#198,.T.);
#1270=EDGE_CURVE('',#1027,#1025,#199,.T.);
#1271=EDGE_CURVE('',#1027,#1026,#200,.T.);
#1272=EDGE_CURVE('',#1026,#1022,#201,.T.);
#1273=EDGE_CURVE('',#1024,#1027,#202,.T.);
#1274=EDGE_CURVE('',#1028,#1029,#203,.T.);
#1275=EDGE_CURVE('',#1030,#1028,#204,.T.);
#1276=EDGE_CURVE('',#1031,#1030,#205,.T.);
#1277=EDGE_CURVE('',#1031,#1029,#206,.T.);
#1278=EDGE_CURVE('',#1029,#1032,#207,.T.);
#1279=EDGE_CURVE('',#1033,#1031,#208,.T.);
#1280=EDGE_CURVE('',#1033,#1032,#209,.T.);
#1281=EDGE_CURVE('',#1032,#1028,#210,.T.);
#1282=EDGE_CURVE('',#1030,#1033,#211,.T.);
#1283=EDGE_CURVE('',#1034,#1035,#212,.T.);
#1284=EDGE_CURVE('',#1036,#1034,#213,.T.);
#1285=EDGE_CURVE('',#1037,#1036,#214,.T.);
#1286=EDGE_CURVE('',#1037,#1035,#215,.T.);
#1287=EDGE_CURVE('',#1035,#1038,#216,.T.);
#1288=EDGE_CURVE('',#1039,#1037,#217,.T.);
#1289=EDGE_CURVE('',#1039,#1038,#218,.T.);
#1290=EDGE_CURVE('',#1038,#1034,#219,.T.);
#1291=EDGE_CURVE('',#1036,#1039,#220,.T.);
#1292=EDGE_CURVE('',#1040,#1041,#221,.T.);
#1293=EDGE_CURVE('',#1042,#1040,#222,.T.);
#1294=EDGE_CURVE('',#1043,#1042,#223,.T.);
#1295=EDGE_CURVE('',#1043,#1041,#224,.T.);
#1296=EDGE_CURVE('',#1041,#1044,#225,.T.);
#1297=EDGE_CURVE('',#1045,#1043,#226,.T.);
#1298=EDGE_CURVE('',#1045,#1044,#227,.T.);
#1299=EDGE_CURVE('',#1044,#1040,#228,.T.);
#1300=EDGE_CURVE('',#1042,#1045,#229,.T.);
#1301=EDGE_CURVE('',#1046,#1047,#885,.F.);
#1302=EDGE_CURVE('',#1046,#988,#230,.T.);
#1303=EDGE_CURVE('',#962,#1048,#886,.T.);
#1304=EDGE_CURVE('',#1048,#1047,#231,.T.);
#1305=EDGE_CURVE('',#1049,#1048,#232,.T.);
#1306=EDGE_CURVE('',#1050,#1049,#233,.T.);
#1307=EDGE_CURVE('',#1050,#1047,#234,.T.);
#1308=EDGE_CURVE('',#1051,#1050,#887,.T.);
#1309=EDGE_CURVE('',#1049,#961,#888,.T.);
#1310=EDGE_CURVE('',#1051,#993,#235,.F.);
#1311=EDGE_CURVE('',#1052,#1053,#236,.T.);
#1312=EDGE_CURVE('',#1053,#1054,#237,.T.);
#1313=EDGE_CURVE('',#1054,#1055,#238,.T.);
#1314=EDGE_CURVE('',#1055,#1052,#239,.T.);
#1315=EDGE_CURVE('',#1056,#1052,#240,.T.);
#1316=EDGE_CURVE('',#1055,#1057,#241,.T.);
#1317=EDGE_CURVE('',#1057,#1056,#242,.T.);
#1318=EDGE_CURVE('',#1057,#1058,#243,.T.);
#1319=EDGE_CURVE('',#1058,#1059,#244,.T.);
#1320=EDGE_CURVE('',#1059,#1056,#245,.T.);
#1321=EDGE_CURVE('',#1052,#1060,#246,.T.);
#1322=EDGE_CURVE('',#1061,#1060,#247,.T.);
#1323=EDGE_CURVE('',#1053,#1061,#248,.T.);
#1324=EDGE_CURVE('',#1062,#1062,#889,.T.);
#1325=EDGE_CURVE('',#1063,#1063,#890,.T.);
#1326=EDGE_CURVE('',#1056,#1064,#249,.T.);
#1327=EDGE_CURVE('',#1060,#1064,#250,.T.);
#1328=EDGE_CURVE('',#1059,#1065,#251,.T.);
#1329=EDGE_CURVE('',#1065,#1066,#72,.T.);
#1330=EDGE_CURVE('',#1066,#1067,#891,.T.);
#1331=EDGE_CURVE('',#1068,#1067,#252,.T.);
#1332=EDGE_CURVE('',#1068,#1064,#253,.T.);
#1333=EDGE_CURVE('',#1005,#1065,#892,.T.);
#1334=EDGE_CURVE('',#1069,#1004,#73,.T.);
#1335=EDGE_CURVE('',#1066,#1069,#918,.T.);
#1336=EDGE_CURVE('',#1058,#1070,#254,.T.);
#1337=EDGE_CURVE('',#1070,#1071,#893,.T.);
#1338=EDGE_CURVE('',#1071,#1072,#255,.T.);
#1339=EDGE_CURVE('',#1072,#1006,#256,.T.);
#1340=EDGE_CURVE('',#1067,#1069,#257,.T.);
#1341=EDGE_CURVE('',#991,#1007,#258,.T.);
#1342=EDGE_CURVE('',#1073,#957,#259,.T.);
#1343=EDGE_CURVE('',#1073,#1074,#260,.T.);
#1344=EDGE_CURVE('',#1075,#1074,#261,.T.);
#1345=EDGE_CURVE('',#1069,#1075,#262,.T.);
#1346=EDGE_CURVE('',#1076,#1076,#894,.T.);
#1347=EDGE_CURVE('',#1077,#1077,#895,.T.);
#1348=EDGE_CURVE('',#1078,#1078,#896,.T.);
#1349=EDGE_CURVE('',#1079,#1079,#897,.T.);
#1350=EDGE_CURVE('',#1071,#983,#263,.T.);
#1351=EDGE_CURVE('',#987,#1070,#264,.T.);
#1352=EDGE_CURVE('',#987,#1054,#265,.T.);
#1353=EDGE_CURVE('',#1073,#1061,#266,.T.);
#1354=EDGE_CURVE('',#990,#1072,#267,.T.);
#1355=EDGE_CURVE('',#1080,#1081,#268,.T.);
#1356=EDGE_CURVE('',#1081,#1082,#269,.T.);
#1357=EDGE_CURVE('',#1082,#1083,#270,.T.);
#1358=EDGE_CURVE('',#1083,#1080,#271,.T.);
#1359=EDGE_CURVE('',#1084,#1084,#898,.T.);
#1360=EDGE_CURVE('',#1084,#1078,#272,.T.);
#1361=EDGE_CURVE('',#1063,#1085,#273,.T.);
#1362=EDGE_CURVE('',#1085,#1085,#899,.T.);
#1363=EDGE_CURVE('',#1086,#1086,#900,.T.);
#1364=EDGE_CURVE('',#1086,#1079,#274,.T.);
#1365=EDGE_CURVE('',#1062,#1087,#275,.T.);
#1366=EDGE_CURVE('',#1087,#1087,#901,.T.);
#1367=EDGE_CURVE('',#1088,#1080,#276,.T.);
#1368=EDGE_CURVE('',#1089,#1088,#277,.T.);
#1369=EDGE_CURVE('',#1081,#1089,#278,.T.);
#1370=EDGE_CURVE('',#1090,#1089,#279,.T.);
#1371=EDGE_CURVE('',#1082,#1090,#280,.T.);
#1372=EDGE_CURVE('',#1091,#1090,#281,.T.);
#1373=EDGE_CURVE('',#1083,#1091,#282,.T.);
#1374=EDGE_CURVE('',#1088,#1091,#283,.T.);
#1375=EDGE_CURVE('',#1092,#1067,#284,.T.);
#1376=EDGE_CURVE('',#1093,#1092,#285,.T.);
#1377=EDGE_CURVE('',#1093,#1068,#286,.T.);
#1378=EDGE_CURVE('',#1075,#1094,#287,.T.);
#1379=EDGE_CURVE('',#1094,#1092,#288,.T.);
#1380=EDGE_CURVE('',#1095,#1096,#289,.T.);
#1381=EDGE_CURVE('',#1096,#1097,#290,.T.);
#1382=EDGE_CURVE('',#1097,#1098,#291,.T.);
#1383=EDGE_CURVE('',#1098,#1095,#292,.T.);
#1384=EDGE_CURVE('',#1099,#1099,#902,.T.);
#1385=EDGE_CURVE('',#1099,#1077,#293,.T.);
#1386=EDGE_CURVE('',#1100,#1100,#903,.T.);
#1387=EDGE_CURVE('',#1100,#1101,#294,.T.);
#1388=EDGE_CURVE('',#1101,#1101,#904,.T.);
#1389=EDGE_CURVE('',#1102,#1102,#905,.T.);
#1390=EDGE_CURVE('',#1102,#1076,#295,.T.);
#1391=EDGE_CURVE('',#1103,#1103,#906,.T.);
#1392=EDGE_CURVE('',#1103,#1104,#296,.T.);
#1393=EDGE_CURVE('',#1104,#1104,#907,.T.);
#1394=EDGE_CURVE('',#1105,#1097,#297,.T.);
#1395=EDGE_CURVE('',#1105,#1106,#298,.T.);
#1396=EDGE_CURVE('',#1098,#1106,#299,.T.);
#1397=EDGE_CURVE('',#1107,#1096,#300,.T.);
#1398=EDGE_CURVE('',#1107,#1105,#301,.T.);
#1399=EDGE_CURVE('',#1108,#1095,#302,.T.);
#1400=EDGE_CURVE('',#1108,#1107,#303,.T.);
#1401=EDGE_CURVE('',#1106,#1108,#304,.T.);
#1402=EDGE_CURVE('',#1109,#1094,#305,.T.);
#1403=EDGE_CURVE('',#1109,#1093,#306,.T.);
#1404=EDGE_CURVE('',#1074,#1109,#307,.T.);
#1405=EDGE_CURVE('',#1110,#1046,#308,.T.);
#1406=EDGE_CURVE('',#1111,#1051,#309,.T.);
#1407=EDGE_CURVE('',#1110,#1111,#310,.T.);
#1408=EDGE_CURVE('',#1112,#1112,#908,.T.);
#1409=EDGE_CURVE('',#1112,#998,#311,.T.);
#1410=EDGE_CURVE('',#1113,#1113,#909,.T.);
#1411=EDGE_CURVE('',#1113,#1003,#312,.T.);
#1412=EDGE_CURVE('',#1111,#992,#313,.T.);
#1413=EDGE_CURVE('',#1010,#1114,#314,.T.);
#1414=EDGE_CURVE('',#1114,#1114,#910,.T.);
#1415=EDGE_CURVE('',#1013,#1115,#315,.T.);
#1416=EDGE_CURVE('',#1115,#1115,#911,.T.);
#1417=EDGE_CURVE('',#989,#1110,#316,.T.);
#1418=ORIENTED_EDGE('',*,*,#1116,.T.);
#1419=ORIENTED_EDGE('',*,*,#1117,.F.);
#1420=ORIENTED_EDGE('',*,*,#1118,.T.);
#1421=ORIENTED_EDGE('',*,*,#1119,.T.);
#1422=ORIENTED_EDGE('',*,*,#1120,.T.);
#1423=ORIENTED_EDGE('',*,*,#1121,.T.);
#1424=ORIENTED_EDGE('',*,*,#1122,.T.);
#1425=ORIENTED_EDGE('',*,*,#1123,.T.);
#1426=ORIENTED_EDGE('',*,*,#1124,.T.);
#1427=ORIENTED_EDGE('',*,*,#1125,.T.);
#1428=ORIENTED_EDGE('',*,*,#1126,.T.);
#1429=ORIENTED_EDGE('',*,*,#1127,.T.);
#1430=ORIENTED_EDGE('',*,*,#1128,.T.);
#1431=ORIENTED_EDGE('',*,*,#1129,.F.);
#1432=ORIENTED_EDGE('',*,*,#1130,.T.);
#1433=ORIENTED_EDGE('',*,*,#1117,.T.);
#1434=ORIENTED_EDGE('',*,*,#1131,.T.);
#1435=ORIENTED_EDGE('',*,*,#1132,.T.);
#1436=ORIENTED_EDGE('',*,*,#1133,.F.);
#1437=ORIENTED_EDGE('',*,*,#1120,.F.);
#1438=ORIENTED_EDGE('',*,*,#1134,.T.);
#1439=ORIENTED_EDGE('',*,*,#1135,.T.);
#1440=ORIENTED_EDGE('',*,*,#1136,.T.);
#1441=ORIENTED_EDGE('',*,*,#1137,.T.);
#1442=ORIENTED_EDGE('',*,*,#1138,.T.);
#1443=ORIENTED_EDGE('',*,*,#1139,.T.);
#1444=ORIENTED_EDGE('',*,*,#1140,.T.);
#1445=ORIENTED_EDGE('',*,*,#1141,.T.);
#1446=ORIENTED_EDGE('',*,*,#1137,.F.);
#1447=ORIENTED_EDGE('',*,*,#1142,.T.);
#1448=ORIENTED_EDGE('',*,*,#1134,.F.);
#1449=ORIENTED_EDGE('',*,*,#1141,.F.);
#1450=ORIENTED_EDGE('',*,*,#1143,.F.);
#1451=ORIENTED_EDGE('',*,*,#1144,.T.);
#1452=ORIENTED_EDGE('',*,*,#1128,.F.);
#1453=ORIENTED_EDGE('',*,*,#1145,.F.);
#1454=ORIENTED_EDGE('',*,*,#1146,.F.);
#1455=ORIENTED_EDGE('',*,*,#1140,.F.);
#1456=ORIENTED_EDGE('',*,*,#1147,.T.);
#1457=ORIENTED_EDGE('',*,*,#1148,.F.);
#1458=ORIENTED_EDGE('',*,*,#1149,.F.);
#1459=ORIENTED_EDGE('',*,*,#1143,.T.);
#1460=ORIENTED_EDGE('',*,*,#1150,.F.);
#1461=ORIENTED_EDGE('',*,*,#1151,.T.);
#1462=ORIENTED_EDGE('',*,*,#1152,.F.);
#1463=ORIENTED_EDGE('',*,*,#1153,.T.);
#1464=ORIENTED_EDGE('',*,*,#1153,.F.);
#1465=ORIENTED_EDGE('',*,*,#1154,.T.);
#1466=ORIENTED_EDGE('',*,*,#1146,.T.);
#1467=ORIENTED_EDGE('',*,*,#1155,.F.);
#1468=ORIENTED_EDGE('',*,*,#1156,.F.);
#1469=ORIENTED_EDGE('',*,*,#1157,.T.);
#1470=ORIENTED_EDGE('',*,*,#1144,.F.);
#1471=ORIENTED_EDGE('',*,*,#1149,.T.);
#1472=ORIENTED_EDGE('',*,*,#1158,.T.);
#1473=ORIENTED_EDGE('',*,*,#1159,.T.);
#1474=ORIENTED_EDGE('',*,*,#1129,.T.);
#1475=ORIENTED_EDGE('',*,*,#1159,.F.);
#1476=ORIENTED_EDGE('',*,*,#1160,.T.);
#1477=ORIENTED_EDGE('',*,*,#1161,.T.);
#1478=ORIENTED_EDGE('',*,*,#1130,.F.);
#1479=ORIENTED_EDGE('',*,*,#1127,.F.);
#1480=ORIENTED_EDGE('',*,*,#1162,.T.);
#1481=ORIENTED_EDGE('',*,*,#1163,.T.);
#1482=ORIENTED_EDGE('',*,*,#1155,.T.);
#1483=ORIENTED_EDGE('',*,*,#1145,.T.);
#1484=ORIENTED_EDGE('',*,*,#1164,.F.);
#1485=ORIENTED_EDGE('',*,*,#1165,.F.);
#1486=ORIENTED_EDGE('',*,*,#1150,.T.);
#1487=ORIENTED_EDGE('',*,*,#1157,.F.);
#1488=ORIENTED_EDGE('',*,*,#1166,.F.);
#1489=ORIENTED_EDGE('',*,*,#1147,.F.);
#1490=ORIENTED_EDGE('',*,*,#1139,.F.);
#1491=ORIENTED_EDGE('',*,*,#1136,.F.);
#1492=ORIENTED_EDGE('',*,*,#1167,.F.);
#1493=ORIENTED_EDGE('',*,*,#1168,.F.);
#1494=ORIENTED_EDGE('',*,*,#1169,.F.);
#1495=ORIENTED_EDGE('',*,*,#1170,.T.);
#1496=ORIENTED_EDGE('',*,*,#1171,.F.);
#1497=ORIENTED_EDGE('',*,*,#1172,.F.);
#1498=ORIENTED_EDGE('',*,*,#1164,.T.);
#1499=ORIENTED_EDGE('',*,*,#1138,.F.);
#1500=ORIENTED_EDGE('',*,*,#1165,.T.);
#1501=ORIENTED_EDGE('',*,*,#1173,.F.);
#1502=ORIENTED_EDGE('',*,*,#1174,.F.);
#1503=ORIENTED_EDGE('',*,*,#1175,.F.);
#1504=ORIENTED_EDGE('',*,*,#1176,.F.);
#1505=ORIENTED_EDGE('',*,*,#1151,.F.);
#1506=ORIENTED_EDGE('',*,*,#1156,.T.);
#1507=ORIENTED_EDGE('',*,*,#1163,.F.);
#1508=ORIENTED_EDGE('',*,*,#1177,.F.);
#1509=ORIENTED_EDGE('',*,*,#1178,.T.);
#1510=ORIENTED_EDGE('',*,*,#1179,.T.);
#1511=ORIENTED_EDGE('',*,*,#1180,.T.);
#1512=ORIENTED_EDGE('',*,*,#1181,.F.);
#1513=ORIENTED_EDGE('',*,*,#1182,.F.);
#1514=ORIENTED_EDGE('',*,*,#1183,.F.);
#1515=ORIENTED_EDGE('',*,*,#1184,.T.);
#1516=ORIENTED_EDGE('',*,*,#1185,.T.);
#1517=ORIENTED_EDGE('',*,*,#1186,.T.);
#1518=ORIENTED_EDGE('',*,*,#1160,.F.);
#1519=ORIENTED_EDGE('',*,*,#1158,.F.);
#1520=ORIENTED_EDGE('',*,*,#1148,.T.);
#1521=ORIENTED_EDGE('',*,*,#1166,.T.);
#1522=ORIENTED_EDGE('',*,*,#1162,.F.);
#1523=ORIENTED_EDGE('',*,*,#1126,.F.);
#1524=ORIENTED_EDGE('',*,*,#1187,.T.);
#1525=ORIENTED_EDGE('',*,*,#1177,.T.);
#1526=ORIENTED_EDGE('',*,*,#1188,.T.);
#1527=ORIENTED_EDGE('',*,*,#1189,.T.);
#1528=ORIENTED_EDGE('',*,*,#1190,.T.);
#1529=ORIENTED_EDGE('',*,*,#1191,.F.);
#1530=ORIENTED_EDGE('',*,*,#1192,.F.);
#1531=ORIENTED_EDGE('',*,*,#1124,.F.);
#1532=ORIENTED_EDGE('',*,*,#1193,.T.);
#1533=ORIENTED_EDGE('',*,*,#1179,.F.);
#1534=ORIENTED_EDGE('',*,*,#1194,.F.);
#1535=ORIENTED_EDGE('',*,*,#1195,.T.);
#1536=ORIENTED_EDGE('',*,*,#1196,.T.);
#1537=ORIENTED_EDGE('',*,*,#1123,.F.);
#1538=ORIENTED_EDGE('',*,*,#1197,.F.);
#1539=ORIENTED_EDGE('',*,*,#1181,.T.);
#1540=ORIENTED_EDGE('',*,*,#1198,.T.);
#1541=ORIENTED_EDGE('',*,*,#1183,.T.);
#1542=ORIENTED_EDGE('',*,*,#1199,.T.);
#1543=ORIENTED_EDGE('',*,*,#1121,.F.);
#1544=ORIENTED_EDGE('',*,*,#1200,.F.);
#1545=ORIENTED_EDGE('',*,*,#1125,.F.);
#1546=ORIENTED_EDGE('',*,*,#1192,.T.);
#1547=ORIENTED_EDGE('',*,*,#1201,.F.);
#1548=ORIENTED_EDGE('',*,*,#1201,.T.);
#1549=ORIENTED_EDGE('',*,*,#1191,.T.);
#1550=ORIENTED_EDGE('',*,*,#1202,.T.);
#1551=ORIENTED_EDGE('',*,*,#1203,.T.);
#1552=ORIENTED_EDGE('',*,*,#1182,.T.);
#1553=ORIENTED_EDGE('',*,*,#1197,.T.);
#1554=ORIENTED_EDGE('',*,*,#1122,.F.);
#1555=ORIENTED_EDGE('',*,*,#1199,.F.);
#1556=ORIENTED_EDGE('',*,*,#1204,.F.);
#1557=ORIENTED_EDGE('',*,*,#1205,.T.);
#1558=ORIENTED_EDGE('',*,*,#1194,.T.);
#1559=ORIENTED_EDGE('',*,*,#1178,.F.);
#1560=ORIENTED_EDGE('',*,*,#1187,.F.);
#1561=ORIENTED_EDGE('',*,*,#1200,.T.);
#1562=ORIENTED_EDGE('',*,*,#1203,.F.);
#1563=ORIENTED_EDGE('',*,*,#1206,.F.);
#1564=ORIENTED_EDGE('',*,*,#1207,.T.);
#1565=ORIENTED_EDGE('',*,*,#1195,.F.);
#1566=ORIENTED_EDGE('',*,*,#1205,.F.);
#1567=ORIENTED_EDGE('',*,*,#1208,.T.);
#1568=ORIENTED_EDGE('',*,*,#1118,.F.);
#1569=ORIENTED_EDGE('',*,*,#1161,.F.);
#1570=ORIENTED_EDGE('',*,*,#1186,.F.);
#1571=ORIENTED_EDGE('',*,*,#1209,.F.);
#1572=ORIENTED_EDGE('',*,*,#1210,.T.);
#1573=ORIENTED_EDGE('',*,*,#1211,.F.);
#1574=ORIENTED_EDGE('',*,*,#1169,.T.);
#1575=ORIENTED_EDGE('',*,*,#1212,.T.);
#1576=ORIENTED_EDGE('',*,*,#1213,.T.);
#1577=ORIENTED_EDGE('',*,*,#1209,.T.);
#1578=ORIENTED_EDGE('',*,*,#1185,.F.);
#1579=ORIENTED_EDGE('',*,*,#1214,.T.);
#1580=ORIENTED_EDGE('',*,*,#1210,.F.);
#1581=ORIENTED_EDGE('',*,*,#1213,.F.);
#1582=ORIENTED_EDGE('',*,*,#1204,.T.);
#1583=ORIENTED_EDGE('',*,*,#1215,.T.);
#1584=ORIENTED_EDGE('',*,*,#1216,.T.);
#1585=ORIENTED_EDGE('',*,*,#1175,.T.);
#1586=ORIENTED_EDGE('',*,*,#1217,.T.);
#1587=ORIENTED_EDGE('',*,*,#1218,.T.);
#1588=ORIENTED_EDGE('',*,*,#1189,.F.);
#1589=ORIENTED_EDGE('',*,*,#1219,.T.);
#1590=ORIENTED_EDGE('',*,*,#1220,.T.);
#1591=ORIENTED_EDGE('',*,*,#1221,.F.);
#1592=ORIENTED_EDGE('',*,*,#1132,.F.);
#1593=ORIENTED_EDGE('',*,*,#1222,.T.);
#1594=ORIENTED_EDGE('',*,*,#1223,.T.);
#1595=ORIENTED_EDGE('',*,*,#1224,.T.);
#1596=ORIENTED_EDGE('',*,*,#1211,.T.);
#1597=ORIENTED_EDGE('',*,*,#1225,.T.);
#1598=ORIENTED_EDGE('',*,*,#1226,.F.);
#1599=ORIENTED_EDGE('',*,*,#1170,.F.);
#1600=ORIENTED_EDGE('',*,*,#1227,.F.);
#1601=ORIENTED_EDGE('',*,*,#1228,.F.);
#1602=ORIENTED_EDGE('',*,*,#1229,.T.);
#1603=ORIENTED_EDGE('',*,*,#1230,.F.);
#1604=ORIENTED_EDGE('',*,*,#1229,.F.);
#1605=ORIENTED_EDGE('',*,*,#1231,.F.);
#1606=ORIENTED_EDGE('',*,*,#1230,.T.);
#1607=ORIENTED_EDGE('',*,*,#1232,.F.);
#1608=ORIENTED_EDGE('',*,*,#1233,.F.);
#1609=ORIENTED_EDGE('',*,*,#1234,.F.);
#1610=ORIENTED_EDGE('',*,*,#1235,.T.);
#1611=ORIENTED_EDGE('',*,*,#1236,.F.);
#1612=ORIENTED_EDGE('',*,*,#1235,.F.);
#1613=ORIENTED_EDGE('',*,*,#1237,.F.);
#1614=ORIENTED_EDGE('',*,*,#1236,.T.);
#1615=ORIENTED_EDGE('',*,*,#1238,.F.);
#1616=ORIENTED_EDGE('',*,*,#1231,.T.);
#1617=ORIENTED_EDGE('',*,*,#1228,.T.);
#1618=ORIENTED_EDGE('',*,*,#1239,.T.);
#1619=ORIENTED_EDGE('',*,*,#1240,.T.);
#1620=ORIENTED_EDGE('',*,*,#1241,.F.);
#1621=ORIENTED_EDGE('',*,*,#1242,.T.);
#1622=ORIENTED_EDGE('',*,*,#1243,.T.);
#1623=ORIENTED_EDGE('',*,*,#1237,.T.);
#1624=ORIENTED_EDGE('',*,*,#1234,.T.);
#1625=ORIENTED_EDGE('',*,*,#1244,.T.);
#1626=ORIENTED_EDGE('',*,*,#1245,.F.);
#1627=ORIENTED_EDGE('',*,*,#1246,.T.);
#1628=ORIENTED_EDGE('',*,*,#1247,.T.);
#1629=ORIENTED_EDGE('',*,*,#1246,.F.);
#1630=ORIENTED_EDGE('',*,*,#1247,.F.);
#1631=ORIENTED_EDGE('',*,*,#1248,.F.);
#1632=ORIENTED_EDGE('',*,*,#1249,.F.);
#1633=ORIENTED_EDGE('',*,*,#1250,.T.);
#1634=ORIENTED_EDGE('',*,*,#1251,.T.);
#1635=ORIENTED_EDGE('',*,*,#1250,.F.);
#1636=ORIENTED_EDGE('',*,*,#1251,.F.);
#1637=ORIENTED_EDGE('',*,*,#1252,.F.);
#1638=ORIENTED_EDGE('',*,*,#1253,.F.);
#1639=ORIENTED_EDGE('',*,*,#1254,.F.);
#1640=ORIENTED_EDGE('',*,*,#1255,.F.);
#1641=ORIENTED_EDGE('',*,*,#1256,.T.);
#1642=ORIENTED_EDGE('',*,*,#1257,.F.);
#1643=ORIENTED_EDGE('',*,*,#1256,.F.);
#1644=ORIENTED_EDGE('',*,*,#1258,.F.);
#1645=ORIENTED_EDGE('',*,*,#1259,.T.);
#1646=ORIENTED_EDGE('',*,*,#1260,.F.);
#1647=ORIENTED_EDGE('',*,*,#1259,.F.);
#1648=ORIENTED_EDGE('',*,*,#1261,.F.);
#1649=ORIENTED_EDGE('',*,*,#1262,.T.);
#1650=ORIENTED_EDGE('',*,*,#1263,.F.);
#1651=ORIENTED_EDGE('',*,*,#1262,.F.);
#1652=ORIENTED_EDGE('',*,*,#1264,.F.);
#1653=ORIENTED_EDGE('',*,*,#1254,.T.);
#1654=ORIENTED_EDGE('',*,*,#1265,.F.);
#1655=ORIENTED_EDGE('',*,*,#1266,.F.);
#1656=ORIENTED_EDGE('',*,*,#1267,.F.);
#1657=ORIENTED_EDGE('',*,*,#1268,.T.);
#1658=ORIENTED_EDGE('',*,*,#1269,.F.);
#1659=ORIENTED_EDGE('',*,*,#1268,.F.);
#1660=ORIENTED_EDGE('',*,*,#1270,.F.);
#1661=ORIENTED_EDGE('',*,*,#1271,.T.);
#1662=ORIENTED_EDGE('',*,*,#1272,.F.);
#1663=ORIENTED_EDGE('',*,*,#1271,.F.);
#1664=ORIENTED_EDGE('',*,*,#1273,.F.);
#1665=ORIENTED_EDGE('',*,*,#1266,.T.);
#1666=ORIENTED_EDGE('',*,*,#1274,.F.);
#1667=ORIENTED_EDGE('',*,*,#1275,.F.);
#1668=ORIENTED_EDGE('',*,*,#1276,.F.);
#1669=ORIENTED_EDGE('',*,*,#1277,.T.);
#1670=ORIENTED_EDGE('',*,*,#1278,.F.);
#1671=ORIENTED_EDGE('',*,*,#1277,.F.);
#1672=ORIENTED_EDGE('',*,*,#1279,.F.);
#1673=ORIENTED_EDGE('',*,*,#1280,.T.);
#1674=ORIENTED_EDGE('',*,*,#1281,.F.);
#1675=ORIENTED_EDGE('',*,*,#1280,.F.);
#1676=ORIENTED_EDGE('',*,*,#1282,.F.);
#1677=ORIENTED_EDGE('',*,*,#1275,.T.);
#1678=ORIENTED_EDGE('',*,*,#1283,.F.);
#1679=ORIENTED_EDGE('',*,*,#1284,.F.);
#1680=ORIENTED_EDGE('',*,*,#1285,.F.);
#1681=ORIENTED_EDGE('',*,*,#1286,.T.);
#1682=ORIENTED_EDGE('',*,*,#1287,.F.);
#1683=ORIENTED_EDGE('',*,*,#1286,.F.);
#1684=ORIENTED_EDGE('',*,*,#1288,.F.);
#1685=ORIENTED_EDGE('',*,*,#1289,.T.);
#1686=ORIENTED_EDGE('',*,*,#1290,.F.);
#1687=ORIENTED_EDGE('',*,*,#1289,.F.);
#1688=ORIENTED_EDGE('',*,*,#1291,.F.);
#1689=ORIENTED_EDGE('',*,*,#1284,.T.);
#1690=ORIENTED_EDGE('',*,*,#1292,.F.);
#1691=ORIENTED_EDGE('',*,*,#1293,.F.);
#1692=ORIENTED_EDGE('',*,*,#1294,.F.);
#1693=ORIENTED_EDGE('',*,*,#1295,.T.);
#1694=ORIENTED_EDGE('',*,*,#1296,.F.);
#1695=ORIENTED_EDGE('',*,*,#1295,.F.);
#1696=ORIENTED_EDGE('',*,*,#1297,.F.);
#1697=ORIENTED_EDGE('',*,*,#1298,.T.);
#1698=ORIENTED_EDGE('',*,*,#1299,.F.);
#1699=ORIENTED_EDGE('',*,*,#1298,.F.);
#1700=ORIENTED_EDGE('',*,*,#1300,.F.);
#1701=ORIENTED_EDGE('',*,*,#1293,.T.);
#1702=ORIENTED_EDGE('',*,*,#1301,.F.);
#1703=ORIENTED_EDGE('',*,*,#1302,.T.);
#1704=ORIENTED_EDGE('',*,*,#1217,.F.);
#1705=ORIENTED_EDGE('',*,*,#1174,.T.);
#1706=ORIENTED_EDGE('',*,*,#1303,.T.);
#1707=ORIENTED_EDGE('',*,*,#1304,.T.);
#1708=ORIENTED_EDGE('',*,*,#1304,.F.);
#1709=ORIENTED_EDGE('',*,*,#1305,.F.);
#1710=ORIENTED_EDGE('',*,*,#1306,.F.);
#1711=ORIENTED_EDGE('',*,*,#1307,.T.);
#1712=ORIENTED_EDGE('',*,*,#1308,.T.);
#1713=ORIENTED_EDGE('',*,*,#1306,.T.);
#1714=ORIENTED_EDGE('',*,*,#1309,.T.);
#1715=ORIENTED_EDGE('',*,*,#1171,.T.);
#1716=ORIENTED_EDGE('',*,*,#1226,.T.);
#1717=ORIENTED_EDGE('',*,*,#1310,.F.);
#1718=ORIENTED_EDGE('',*,*,#1311,.T.);
#1719=ORIENTED_EDGE('',*,*,#1312,.T.);
#1720=ORIENTED_EDGE('',*,*,#1313,.T.);
#1721=ORIENTED_EDGE('',*,*,#1314,.T.);
#1722=ORIENTED_EDGE('',*,*,#1315,.T.);
#1723=ORIENTED_EDGE('',*,*,#1314,.F.);
#1724=ORIENTED_EDGE('',*,*,#1316,.T.);
#1725=ORIENTED_EDGE('',*,*,#1317,.T.);
#1726=ORIENTED_EDGE('',*,*,#1318,.T.);
#1727=ORIENTED_EDGE('',*,*,#1319,.T.);
#1728=ORIENTED_EDGE('',*,*,#1320,.T.);
#1729=ORIENTED_EDGE('',*,*,#1317,.F.);
#1730=ORIENTED_EDGE('',*,*,#1311,.F.);
#1731=ORIENTED_EDGE('',*,*,#1321,.T.);
#1732=ORIENTED_EDGE('',*,*,#1322,.F.);
#1733=ORIENTED_EDGE('',*,*,#1323,.F.);
#1734=ORIENTED_EDGE('',*,*,#1324,.T.);
#1735=ORIENTED_EDGE('',*,*,#1325,.T.);
#1736=ORIENTED_EDGE('',*,*,#1315,.F.);
#1737=ORIENTED_EDGE('',*,*,#1326,.T.);
#1738=ORIENTED_EDGE('',*,*,#1327,.F.);
#1739=ORIENTED_EDGE('',*,*,#1321,.F.);
#1740=ORIENTED_EDGE('',*,*,#1320,.F.);
#1741=ORIENTED_EDGE('',*,*,#1328,.T.);
#1742=ORIENTED_EDGE('',*,*,#1329,.T.);
#1743=ORIENTED_EDGE('',*,*,#1330,.T.);
#1744=ORIENTED_EDGE('',*,*,#1331,.F.);
#1745=ORIENTED_EDGE('',*,*,#1332,.T.);
#1746=ORIENTED_EDGE('',*,*,#1326,.F.);
#1747=ORIENTED_EDGE('',*,*,#1261,.T.);
#1748=ORIENTED_EDGE('',*,*,#1258,.T.);
#1749=ORIENTED_EDGE('',*,*,#1255,.T.);
#1750=ORIENTED_EDGE('',*,*,#1264,.T.);
#1751=ORIENTED_EDGE('',*,*,#1270,.T.);
#1752=ORIENTED_EDGE('',*,*,#1267,.T.);
#1753=ORIENTED_EDGE('',*,*,#1273,.T.);
#1754=ORIENTED_EDGE('',*,*,#1279,.T.);
#1755=ORIENTED_EDGE('',*,*,#1276,.T.);
#1756=ORIENTED_EDGE('',*,*,#1282,.T.);
#1757=ORIENTED_EDGE('',*,*,#1288,.T.);
#1758=ORIENTED_EDGE('',*,*,#1285,.T.);
#1759=ORIENTED_EDGE('',*,*,#1291,.T.);
#1760=ORIENTED_EDGE('',*,*,#1297,.T.);
#1761=ORIENTED_EDGE('',*,*,#1294,.T.);
#1762=ORIENTED_EDGE('',*,*,#1300,.T.);
#1763=ORIENTED_EDGE('',*,*,#1333,.F.);
#1764=ORIENTED_EDGE('',*,*,#1240,.F.);
#1765=ORIENTED_EDGE('',*,*,#1334,.F.);
#1766=ORIENTED_EDGE('',*,*,#1335,.F.);
#1767=ORIENTED_EDGE('',*,*,#1329,.F.);
#1768=ORIENTED_EDGE('',*,*,#1333,.T.);
#1769=ORIENTED_EDGE('',*,*,#1328,.F.);
#1770=ORIENTED_EDGE('',*,*,#1319,.F.);
#1771=ORIENTED_EDGE('',*,*,#1336,.T.);
#1772=ORIENTED_EDGE('',*,*,#1337,.T.);
#1773=ORIENTED_EDGE('',*,*,#1338,.T.);
#1774=ORIENTED_EDGE('',*,*,#1339,.T.);
#1775=ORIENTED_EDGE('',*,*,#1241,.T.);
#1776=ORIENTED_EDGE('',*,*,#1173,.T.);
#1777=ORIENTED_EDGE('',*,*,#1172,.T.);
#1778=ORIENTED_EDGE('',*,*,#1309,.F.);
#1779=ORIENTED_EDGE('',*,*,#1305,.T.);
#1780=ORIENTED_EDGE('',*,*,#1303,.F.);
#1781=ORIENTED_EDGE('',*,*,#1335,.T.);
#1782=ORIENTED_EDGE('',*,*,#1340,.F.);
#1783=ORIENTED_EDGE('',*,*,#1330,.F.);
#1784=ORIENTED_EDGE('',*,*,#1227,.T.);
#1785=ORIENTED_EDGE('',*,*,#1244,.F.);
#1786=ORIENTED_EDGE('',*,*,#1233,.T.);
#1787=ORIENTED_EDGE('',*,*,#1243,.F.);
#1788=ORIENTED_EDGE('',*,*,#1341,.F.);
#1789=ORIENTED_EDGE('',*,*,#1222,.F.);
#1790=ORIENTED_EDGE('',*,*,#1131,.F.);
#1791=ORIENTED_EDGE('',*,*,#1119,.F.);
#1792=ORIENTED_EDGE('',*,*,#1116,.F.);
#1793=ORIENTED_EDGE('',*,*,#1208,.F.);
#1794=ORIENTED_EDGE('',*,*,#1168,.T.);
#1795=ORIENTED_EDGE('',*,*,#1342,.F.);
#1796=ORIENTED_EDGE('',*,*,#1343,.T.);
#1797=ORIENTED_EDGE('',*,*,#1344,.F.);
#1798=ORIENTED_EDGE('',*,*,#1345,.F.);
#1799=ORIENTED_EDGE('',*,*,#1334,.T.);
#1800=ORIENTED_EDGE('',*,*,#1239,.F.);
#1801=ORIENTED_EDGE('',*,*,#1260,.T.);
#1802=ORIENTED_EDGE('',*,*,#1263,.T.);
#1803=ORIENTED_EDGE('',*,*,#1253,.T.);
#1804=ORIENTED_EDGE('',*,*,#1257,.T.);
#1805=ORIENTED_EDGE('',*,*,#1269,.T.);
#1806=ORIENTED_EDGE('',*,*,#1272,.T.);
#1807=ORIENTED_EDGE('',*,*,#1265,.T.);
#1808=ORIENTED_EDGE('',*,*,#1278,.T.);
#1809=ORIENTED_EDGE('',*,*,#1281,.T.);
#1810=ORIENTED_EDGE('',*,*,#1274,.T.);
#1811=ORIENTED_EDGE('',*,*,#1287,.T.);
#1812=ORIENTED_EDGE('',*,*,#1290,.T.);
#1813=ORIENTED_EDGE('',*,*,#1283,.T.);
#1814=ORIENTED_EDGE('',*,*,#1296,.T.);
#1815=ORIENTED_EDGE('',*,*,#1299,.T.);
#1816=ORIENTED_EDGE('',*,*,#1292,.T.);
#1817=ORIENTED_EDGE('',*,*,#1346,.F.);
#1818=ORIENTED_EDGE('',*,*,#1347,.F.);
#1819=ORIENTED_EDGE('',*,*,#1348,.T.);
#1820=ORIENTED_EDGE('',*,*,#1349,.T.);
#1821=ORIENTED_EDGE('',*,*,#1215,.F.);
#1822=ORIENTED_EDGE('',*,*,#1350,.F.);
#1823=ORIENTED_EDGE('',*,*,#1337,.F.);
#1824=ORIENTED_EDGE('',*,*,#1351,.F.);
#1825=ORIENTED_EDGE('',*,*,#1167,.T.);
#1826=ORIENTED_EDGE('',*,*,#1135,.F.);
#1827=ORIENTED_EDGE('',*,*,#1142,.F.);
#1828=ORIENTED_EDGE('',*,*,#1154,.F.);
#1829=ORIENTED_EDGE('',*,*,#1152,.T.);
#1830=ORIENTED_EDGE('',*,*,#1176,.T.);
#1831=ORIENTED_EDGE('',*,*,#1216,.F.);
#1832=ORIENTED_EDGE('',*,*,#1352,.T.);
#1833=ORIENTED_EDGE('',*,*,#1312,.F.);
#1834=ORIENTED_EDGE('',*,*,#1323,.T.);
#1835=ORIENTED_EDGE('',*,*,#1353,.F.);
#1836=ORIENTED_EDGE('',*,*,#1342,.T.);
#1837=ORIENTED_EDGE('',*,*,#1350,.T.);
#1838=ORIENTED_EDGE('',*,*,#1206,.T.);
#1839=ORIENTED_EDGE('',*,*,#1202,.F.);
#1840=ORIENTED_EDGE('',*,*,#1190,.F.);
#1841=ORIENTED_EDGE('',*,*,#1221,.T.);
#1842=ORIENTED_EDGE('',*,*,#1354,.T.);
#1843=ORIENTED_EDGE('',*,*,#1338,.F.);
#1844=ORIENTED_EDGE('',*,*,#1245,.T.);
#1845=ORIENTED_EDGE('',*,*,#1249,.T.);
#1846=ORIENTED_EDGE('',*,*,#1355,.T.);
#1847=ORIENTED_EDGE('',*,*,#1356,.T.);
#1848=ORIENTED_EDGE('',*,*,#1357,.T.);
#1849=ORIENTED_EDGE('',*,*,#1358,.T.);
#1850=ORIENTED_EDGE('',*,*,#1313,.F.);
#1851=ORIENTED_EDGE('',*,*,#1352,.F.);
#1852=ORIENTED_EDGE('',*,*,#1351,.T.);
#1853=ORIENTED_EDGE('',*,*,#1336,.F.);
#1854=ORIENTED_EDGE('',*,*,#1318,.F.);
#1855=ORIENTED_EDGE('',*,*,#1316,.F.);
#1856=ORIENTED_EDGE('',*,*,#1359,.F.);
#1857=ORIENTED_EDGE('',*,*,#1360,.T.);
#1858=ORIENTED_EDGE('',*,*,#1348,.F.);
#1859=ORIENTED_EDGE('',*,*,#1360,.F.);
#1860=ORIENTED_EDGE('',*,*,#1325,.F.);
#1861=ORIENTED_EDGE('',*,*,#1361,.T.);
#1862=ORIENTED_EDGE('',*,*,#1362,.F.);
#1863=ORIENTED_EDGE('',*,*,#1361,.F.);
#1864=ORIENTED_EDGE('',*,*,#1363,.F.);
#1865=ORIENTED_EDGE('',*,*,#1364,.T.);
#1866=ORIENTED_EDGE('',*,*,#1349,.F.);
#1867=ORIENTED_EDGE('',*,*,#1364,.F.);
#1868=ORIENTED_EDGE('',*,*,#1324,.F.);
#1869=ORIENTED_EDGE('',*,*,#1365,.T.);
#1870=ORIENTED_EDGE('',*,*,#1366,.F.);
#1871=ORIENTED_EDGE('',*,*,#1365,.F.);
#1872=ORIENTED_EDGE('',*,*,#1367,.F.);
#1873=ORIENTED_EDGE('',*,*,#1368,.F.);
#1874=ORIENTED_EDGE('',*,*,#1369,.F.);
#1875=ORIENTED_EDGE('',*,*,#1355,.F.);
#1876=ORIENTED_EDGE('',*,*,#1369,.T.);
#1877=ORIENTED_EDGE('',*,*,#1370,.F.);
#1878=ORIENTED_EDGE('',*,*,#1371,.F.);
#1879=ORIENTED_EDGE('',*,*,#1356,.F.);
#1880=ORIENTED_EDGE('',*,*,#1362,.T.);
#1881=ORIENTED_EDGE('',*,*,#1366,.T.);
#1882=ORIENTED_EDGE('',*,*,#1371,.T.);
#1883=ORIENTED_EDGE('',*,*,#1372,.F.);
#1884=ORIENTED_EDGE('',*,*,#1373,.F.);
#1885=ORIENTED_EDGE('',*,*,#1357,.F.);
#1886=ORIENTED_EDGE('',*,*,#1373,.T.);
#1887=ORIENTED_EDGE('',*,*,#1374,.F.);
#1888=ORIENTED_EDGE('',*,*,#1367,.T.);
#1889=ORIENTED_EDGE('',*,*,#1358,.F.);
#1890=ORIENTED_EDGE('',*,*,#1359,.T.);
#1891=ORIENTED_EDGE('',*,*,#1363,.T.);
#1892=ORIENTED_EDGE('',*,*,#1331,.T.);
#1893=ORIENTED_EDGE('',*,*,#1375,.F.);
#1894=ORIENTED_EDGE('',*,*,#1376,.F.);
#1895=ORIENTED_EDGE('',*,*,#1377,.T.);
#1896=ORIENTED_EDGE('',*,*,#1345,.T.);
#1897=ORIENTED_EDGE('',*,*,#1378,.T.);
#1898=ORIENTED_EDGE('',*,*,#1379,.T.);
#1899=ORIENTED_EDGE('',*,*,#1375,.T.);
#1900=ORIENTED_EDGE('',*,*,#1340,.T.);
#1901=ORIENTED_EDGE('',*,*,#1380,.T.);
#1902=ORIENTED_EDGE('',*,*,#1381,.T.);
#1903=ORIENTED_EDGE('',*,*,#1382,.T.);
#1904=ORIENTED_EDGE('',*,*,#1383,.T.);
#1905=ORIENTED_EDGE('',*,*,#1384,.T.);
#1906=ORIENTED_EDGE('',*,*,#1385,.T.);
#1907=ORIENTED_EDGE('',*,*,#1347,.T.);
#1908=ORIENTED_EDGE('',*,*,#1385,.F.);
#1909=ORIENTED_EDGE('',*,*,#1386,.T.);
#1910=ORIENTED_EDGE('',*,*,#1387,.T.);
#1911=ORIENTED_EDGE('',*,*,#1388,.T.);
#1912=ORIENTED_EDGE('',*,*,#1387,.F.);
#1913=ORIENTED_EDGE('',*,*,#1389,.T.);
#1914=ORIENTED_EDGE('',*,*,#1390,.T.);
#1915=ORIENTED_EDGE('',*,*,#1346,.T.);
#1916=ORIENTED_EDGE('',*,*,#1390,.F.);
#1917=ORIENTED_EDGE('',*,*,#1391,.T.);
#1918=ORIENTED_EDGE('',*,*,#1392,.T.);
#1919=ORIENTED_EDGE('',*,*,#1393,.T.);
#1920=ORIENTED_EDGE('',*,*,#1392,.F.);
#1921=ORIENTED_EDGE('',*,*,#1394,.F.);
#1922=ORIENTED_EDGE('',*,*,#1395,.T.);
#1923=ORIENTED_EDGE('',*,*,#1396,.F.);
#1924=ORIENTED_EDGE('',*,*,#1382,.F.);
#1925=ORIENTED_EDGE('',*,*,#1397,.F.);
#1926=ORIENTED_EDGE('',*,*,#1398,.T.);
#1927=ORIENTED_EDGE('',*,*,#1394,.T.);
#1928=ORIENTED_EDGE('',*,*,#1381,.F.);
#1929=ORIENTED_EDGE('',*,*,#1388,.F.);
#1930=ORIENTED_EDGE('',*,*,#1393,.F.);
#1931=ORIENTED_EDGE('',*,*,#1399,.F.);
#1932=ORIENTED_EDGE('',*,*,#1400,.T.);
#1933=ORIENTED_EDGE('',*,*,#1397,.T.);
#1934=ORIENTED_EDGE('',*,*,#1380,.F.);
#1935=ORIENTED_EDGE('',*,*,#1396,.T.);
#1936=ORIENTED_EDGE('',*,*,#1401,.T.);
#1937=ORIENTED_EDGE('',*,*,#1399,.T.);
#1938=ORIENTED_EDGE('',*,*,#1383,.F.);
#1939=ORIENTED_EDGE('',*,*,#1384,.F.);
#1940=ORIENTED_EDGE('',*,*,#1389,.F.);
#1941=ORIENTED_EDGE('',*,*,#1402,.F.);
#1942=ORIENTED_EDGE('',*,*,#1403,.T.);
#1943=ORIENTED_EDGE('',*,*,#1376,.T.);
#1944=ORIENTED_EDGE('',*,*,#1379,.F.);
#1945=ORIENTED_EDGE('',*,*,#1386,.F.);
#1946=ORIENTED_EDGE('',*,*,#1391,.F.);
#1947=ORIENTED_EDGE('',*,*,#1344,.T.);
#1948=ORIENTED_EDGE('',*,*,#1404,.T.);
#1949=ORIENTED_EDGE('',*,*,#1402,.T.);
#1950=ORIENTED_EDGE('',*,*,#1378,.F.);
#1951=ORIENTED_EDGE('',*,*,#1404,.F.);
#1952=ORIENTED_EDGE('',*,*,#1343,.F.);
#1953=ORIENTED_EDGE('',*,*,#1353,.T.);
#1954=ORIENTED_EDGE('',*,*,#1322,.T.);
#1955=ORIENTED_EDGE('',*,*,#1327,.T.);
#1956=ORIENTED_EDGE('',*,*,#1332,.F.);
#1957=ORIENTED_EDGE('',*,*,#1377,.F.);
#1958=ORIENTED_EDGE('',*,*,#1403,.F.);
#1959=ORIENTED_EDGE('',*,*,#1374,.T.);
#1960=ORIENTED_EDGE('',*,*,#1372,.T.);
#1961=ORIENTED_EDGE('',*,*,#1370,.T.);
#1962=ORIENTED_EDGE('',*,*,#1368,.T.);
#1963=ORIENTED_EDGE('',*,*,#1401,.F.);
#1964=ORIENTED_EDGE('',*,*,#1395,.F.);
#1965=ORIENTED_EDGE('',*,*,#1398,.F.);
#1966=ORIENTED_EDGE('',*,*,#1400,.F.);
#1967=ORIENTED_EDGE('',*,*,#1405,.T.);
#1968=ORIENTED_EDGE('',*,*,#1301,.T.);
#1969=ORIENTED_EDGE('',*,*,#1307,.F.);
#1970=ORIENTED_EDGE('',*,*,#1308,.F.);
#1971=ORIENTED_EDGE('',*,*,#1406,.F.);
#1972=ORIENTED_EDGE('',*,*,#1407,.F.);
#1973=ORIENTED_EDGE('',*,*,#1408,.F.);
#1974=ORIENTED_EDGE('',*,*,#1409,.T.);
#1975=ORIENTED_EDGE('',*,*,#1232,.T.);
#1976=ORIENTED_EDGE('',*,*,#1409,.F.);
#1977=ORIENTED_EDGE('',*,*,#1410,.F.);
#1978=ORIENTED_EDGE('',*,*,#1411,.T.);
#1979=ORIENTED_EDGE('',*,*,#1238,.T.);
#1980=ORIENTED_EDGE('',*,*,#1411,.F.);
#1981=ORIENTED_EDGE('',*,*,#1224,.F.);
#1982=ORIENTED_EDGE('',*,*,#1412,.F.);
#1983=ORIENTED_EDGE('',*,*,#1406,.T.);
#1984=ORIENTED_EDGE('',*,*,#1310,.T.);
#1985=ORIENTED_EDGE('',*,*,#1225,.F.);
#1986=ORIENTED_EDGE('',*,*,#1214,.F.);
#1987=ORIENTED_EDGE('',*,*,#1212,.F.);
#1988=ORIENTED_EDGE('',*,*,#1184,.F.);
#1989=ORIENTED_EDGE('',*,*,#1198,.F.);
#1990=ORIENTED_EDGE('',*,*,#1133,.T.);
#1991=ORIENTED_EDGE('',*,*,#1408,.T.);
#1992=ORIENTED_EDGE('',*,*,#1410,.T.);
#1993=ORIENTED_EDGE('',*,*,#1248,.T.);
#1994=ORIENTED_EDGE('',*,*,#1413,.T.);
#1995=ORIENTED_EDGE('',*,*,#1414,.T.);
#1996=ORIENTED_EDGE('',*,*,#1413,.F.);
#1997=ORIENTED_EDGE('',*,*,#1252,.T.);
#1998=ORIENTED_EDGE('',*,*,#1415,.T.);
#1999=ORIENTED_EDGE('',*,*,#1416,.T.);
#2000=ORIENTED_EDGE('',*,*,#1415,.F.);
#2001=ORIENTED_EDGE('',*,*,#1341,.T.);
#2002=ORIENTED_EDGE('',*,*,#1242,.F.);
#2003=ORIENTED_EDGE('',*,*,#1339,.F.);
#2004=ORIENTED_EDGE('',*,*,#1354,.F.);
#2005=ORIENTED_EDGE('',*,*,#1220,.F.);
#2006=ORIENTED_EDGE('',*,*,#1417,.T.);
#2007=ORIENTED_EDGE('',*,*,#1407,.T.);
#2008=ORIENTED_EDGE('',*,*,#1412,.T.);
#2009=ORIENTED_EDGE('',*,*,#1223,.F.);
#2010=ORIENTED_EDGE('',*,*,#1417,.F.);
#2011=ORIENTED_EDGE('',*,*,#1219,.F.);
#2012=ORIENTED_EDGE('',*,*,#1188,.F.);
#2013=ORIENTED_EDGE('',*,*,#1196,.F.);
#2014=ORIENTED_EDGE('',*,*,#1180,.F.);
#2015=ORIENTED_EDGE('',*,*,#1193,.F.);
#2016=ORIENTED_EDGE('',*,*,#1207,.F.);
#2017=ORIENTED_EDGE('',*,*,#1218,.F.);
#2018=ORIENTED_EDGE('',*,*,#1302,.F.);
#2019=ORIENTED_EDGE('',*,*,#1405,.F.);
#2020=ORIENTED_EDGE('',*,*,#1416,.F.);
#2021=ORIENTED_EDGE('',*,*,#1414,.F.);
#2022=TOROIDAL_SURFACE('',#2152,32.9721359549996,6.);
#2023=TOROIDAL_SURFACE('',#2208,32.9721359549996,6.);
#2024=ADVANCED_FACE('',(#594),#2022,.F.);
#2025=ADVANCED_FACE('',(#595),#526,.T.);
#2026=ADVANCED_FACE('',(#596),#74,.F.);
#2027=ADVANCED_FACE('',(#597),#55,.T.);
#2028=ADVANCED_FACE('',(#598),#75,.F.);
#2029=ADVANCED_FACE('',(#599),#527,.T.);
#2030=ADVANCED_FACE('',(#600),#528,.T.);
#2031=ADVANCED_FACE('',(#601),#76,.F.);
#2032=ADVANCED_FACE('',(#602),#529,.T.);
#2033=ADVANCED_FACE('',(#603),#77,.F.);
#2034=ADVANCED_FACE('',(#604),#78,.T.);
#2035=ADVANCED_FACE('',(#605),#79,.F.);
#2036=ADVANCED_FACE('',(#606),#530,.T.);
#2037=ADVANCED_FACE('',(#607),#80,.F.);
#2038=ADVANCED_FACE('',(#608),#81,.F.);
#2039=ADVANCED_FACE('',(#609),#531,.F.);
#2040=ADVANCED_FACE('',(#610),#82,.T.);
#2041=ADVANCED_FACE('',(#611),#83,.F.);
#2042=ADVANCED_FACE('',(#612),#84,.F.);
#2043=ADVANCED_FACE('',(#613),#532,.T.);
#2044=ADVANCED_FACE('',(#614),#533,.T.);
#2045=ADVANCED_FACE('',(#615),#2023,.F.);
#2046=ADVANCED_FACE('',(#616),#534,.T.);
#2047=ADVANCED_FACE('',(#617),#85,.F.);
#2048=ADVANCED_FACE('',(#618),#535,.T.);
#2049=ADVANCED_FACE('',(#619),#536,.F.);
#2050=ADVANCED_FACE('',(#620),#537,.T.);
#2051=ADVANCED_FACE('',(#621),#86,.F.);
#2052=ADVANCED_FACE('',(#622),#538,.F.);
#2053=ADVANCED_FACE('',(#623),#539,.T.);
#2054=ADVANCED_FACE('',(#624),#540,.T.);
#2055=ADVANCED_FACE('',(#625),#541,.T.);
#2056=ADVANCED_FACE('',(#626),#542,.T.);
#2057=ADVANCED_FACE('',(#627),#87,.F.);
#2058=ADVANCED_FACE('',(#628,#15),#543,.F.);
#2059=ADVANCED_FACE('',(#629),#88,.F.);
#2060=ADVANCED_FACE('',(#630,#16),#544,.F.);
#2061=ADVANCED_FACE('',(#631),#545,.T.);
#2062=ADVANCED_FACE('',(#632),#89,.F.);
#2063=ADVANCED_FACE('',(#633,#17),#546,.T.);
#2064=ADVANCED_FACE('',(#634),#90,.F.);
#2065=ADVANCED_FACE('',(#635,#18),#547,.T.);
#2066=ADVANCED_FACE('',(#636),#548,.F.);
#2067=ADVANCED_FACE('',(#637),#549,.F.);
#2068=ADVANCED_FACE('',(#638),#550,.F.);
#2069=ADVANCED_FACE('',(#639),#551,.F.);
#2070=ADVANCED_FACE('',(#640),#552,.F.);
#2071=ADVANCED_FACE('',(#641),#553,.F.);
#2072=ADVANCED_FACE('',(#642),#554,.F.);
#2073=ADVANCED_FACE('',(#643),#555,.F.);
#2074=ADVANCED_FACE('',(#644),#556,.F.);
#2075=ADVANCED_FACE('',(#645),#557,.F.);
#2076=ADVANCED_FACE('',(#646),#558,.F.);
#2077=ADVANCED_FACE('',(#647),#559,.F.);
#2078=ADVANCED_FACE('',(#648),#560,.F.);
#2079=ADVANCED_FACE('',(#649),#561,.F.);
#2080=ADVANCED_FACE('',(#650),#562,.F.);
#2081=ADVANCED_FACE('',(#651),#563,.F.);
#2082=ADVANCED_FACE('',(#652),#91,.F.);
#2083=ADVANCED_FACE('',(#653),#564,.F.);
#2084=ADVANCED_FACE('',(#654),#92,.F.);
#2085=ADVANCED_FACE('',(#655),#565,.T.);
#2086=ADVANCED_FACE('',(#656),#566,.T.);
#2087=ADVANCED_FACE('',(#657),#567,.T.);
#2088=ADVANCED_FACE('',(#658,#19,#20),#568,.T.);
#2089=ADVANCED_FACE('',(#659),#569,.T.);
#2090=ADVANCED_FACE('',(#660,#21,#22,#23,#24,#25),#570,.T.);
#2091=ADVANCED_FACE('',(#661),#93,.F.);
#2092=ADVANCED_FACE('',(#662,#26),#571,.T.);
#2093=ADVANCED_FACE('',(#663),#94,.F.);
#2094=ADVANCED_FACE('',(#664,#27,#28,#29,#30,#31,#32,#33,#34,#35),#572,
 .F.);
#2095=ADVANCED_FACE('',(#665),#95,.T.);
#2096=ADVANCED_FACE('',(#666),#573,.T.);
#2097=ADVANCED_FACE('',(#667,#36,#37),#574,.T.);
#2098=ADVANCED_FACE('',(#668),#575,.F.);
#2099=ADVANCED_FACE('',(#669),#576,.F.);
#2100=ADVANCED_FACE('',(#670),#96,.F.);
#2101=ADVANCED_FACE('',(#671),#97,.F.);
#2102=ADVANCED_FACE('',(#672),#98,.F.);
#2103=ADVANCED_FACE('',(#673),#99,.F.);
#2104=ADVANCED_FACE('',(#674),#577,.T.);
#2105=ADVANCED_FACE('',(#675,#38,#39),#578,.T.);
#2106=ADVANCED_FACE('',(#676),#579,.T.);
#2107=ADVANCED_FACE('',(#677,#40,#41),#580,.T.);
#2108=ADVANCED_FACE('',(#678),#581,.F.);
#2109=ADVANCED_FACE('',(#679,#42),#582,.T.);
#2110=ADVANCED_FACE('',(#680),#100,.F.);
#2111=ADVANCED_FACE('',(#681),#101,.F.);
#2112=ADVANCED_FACE('',(#682),#102,.F.);
#2113=ADVANCED_FACE('',(#683),#103,.F.);
#2114=ADVANCED_FACE('',(#684),#583,.F.);
#2115=ADVANCED_FACE('',(#685,#43,#44),#584,.F.);
#2116=ADVANCED_FACE('',(#686),#585,.F.);
#2117=ADVANCED_FACE('',(#687,#45,#46),#586,.F.);
#2118=ADVANCED_FACE('',(#688,#47,#48),#587,.F.);
#2119=ADVANCED_FACE('',(#689),#588,.F.);
#2120=ADVANCED_FACE('',(#690,#49,#50),#589,.F.);
#2121=ADVANCED_FACE('',(#691),#590,.F.);
#2122=ADVANCED_FACE('',(#692),#104,.F.);
#2123=ADVANCED_FACE('',(#693),#105,.F.);
#2124=ADVANCED_FACE('',(#694,#51,#52),#591,.T.);
#2125=ADVANCED_FACE('',(#695),#106,.F.);
#2126=ADVANCED_FACE('',(#696),#107,.F.);
#2127=ADVANCED_FACE('',(#697),#592,.T.);
#2128=ADVANCED_FACE('',(#698,#53,#54),#593,.F.);
#2129=CLOSED_SHELL('',(#2024,#2025,#2026,#2027,#2028,#2029,#2030,#2031,
#2032,#2033,#2034,#2035,#2036,#2037,#2038,#2039,#2040,#2041,#2042,#2043,
#2044,#2045,#2046,#2047,#2048,#2049,#2050,#2051,#2052,#2053,#2054,#2055,
#2056,#2057,#2058,#2059,#2060,#2061,#2062,#2063,#2064,#2065,#2066,#2067,
#2068,#2069,#2070,#2071,#2072,#2073,#2074,#2075,#2076,#2077,#2078,#2079,
#2080,#2081,#2082,#2083,#2084,#2085,#2086,#2087,#2088,#2089,#2090,#2091,
#2092,#2093,#2094,#2095,#2096,#2097,#2098,#2099,#2100,#2101,#2102,#2103,
#2104,#2105,#2106,#2107,#2108,#2109,#2110,#2111,#2112,#2113,#2114,#2115,
#2116,#2117,#2118,#2119,#2120,#2121,#2122,#2123,#2124,#2125,#2126,#2127,
#2128));
#2130=DERIVED_UNIT_ELEMENT(#2133,1.);
#2131=DERIVED_UNIT_ELEMENT(#3639,-3.);
#2132=DIMENSIONAL_EXPONENTS(0.,1.,0.,0.,0.,0.,0.);
#2133=(
CONVERSION_BASED_UNIT('gram',#2135)
MASS_UNIT()
NAMED_UNIT(#2132)
);
#2134=(
MASS_UNIT()
NAMED_UNIT(*)
SI_UNIT(.KILO.,.GRAM.)
);
#2135=MASS_MEASURE_WITH_UNIT(MASS_MEASURE(0.001),#2134);
#2136=DERIVED_UNIT((#2130,#2131));
#2137=MEASURE_REPRESENTATION_ITEM('density measure',
POSITIVE_RATIO_MEASURE(1.),#2136);
#2138=PROPERTY_DEFINITION_REPRESENTATION(#2143,#2140);
#2139=PROPERTY_DEFINITION_REPRESENTATION(#2144,#2141);
#2140=REPRESENTATION('material name',(#2142),#3636);
#2141=REPRESENTATION('density',(#2137),#3636);
#2142=DESCRIPTIVE_REPRESENTATION_ITEM('\X2\4E00822C\X0\','\X2\4E00822C\X0\');
#2143=PROPERTY_DEFINITION('material property','material name',#3646);
#2144=PROPERTY_DEFINITION('material property','density of part',#3646);
#2145=DATE_TIME_ROLE('creation_date');
#2146=APPLIED_DATE_AND_TIME_ASSIGNMENT(#2147,#2145,(#3646));
#2147=DATE_AND_TIME(#2148,#2149);
#2148=CALENDAR_DATE(2026,1,2);
#2149=LOCAL_TIME(0,0,0.,#2150);
#2150=COORDINATED_UNIVERSAL_TIME_OFFSET(0,0,.BEHIND.);
#2151=AXIS2_PLACEMENT_3D('',#2933,#2342,#2343);
#2152=AXIS2_PLACEMENT_3D('',#2934,#2344,#2345);
#2153=AXIS2_PLACEMENT_3D('',#2954,#2346,#2347);
#2154=AXIS2_PLACEMENT_3D('',#2967,#2348,#2349);
#2155=AXIS2_PLACEMENT_3D('',#2975,#2353,#2354);
#2156=AXIS2_PLACEMENT_3D('',#2981,#2357,#2358);
#2157=AXIS2_PLACEMENT_3D('',#2983,#2359,#2360);
#2158=AXIS2_PLACEMENT_3D('',#2985,#2361,#2362);
#2159=AXIS2_PLACEMENT_3D('',#2989,#2364,#2365);
#2160=AXIS2_PLACEMENT_3D('',#2990,#2366,#2367);
#2161=AXIS2_PLACEMENT_3D('',#2991,#2368,#2369);
#2162=AXIS2_PLACEMENT_3D('',#2993,#2370,#2371);
#2163=AXIS2_PLACEMENT_3D('',#2996,#2373,#2374);
#2164=AXIS2_PLACEMENT_3D('',#3023,#2375,#2376);
#2165=AXIS2_PLACEMENT_3D('',#3038,#2377,#2378);
#2166=AXIS2_PLACEMENT_3D('',#3053,#2379,#2380);
#2167=AXIS2_PLACEMENT_3D('',#3057,#2382,#2383);
#2168=AXIS2_PLACEMENT_3D('',#3060,#2385,#2386);
#2169=AXIS2_PLACEMENT_3D('',#3061,#2387,#2388);
#2170=AXIS2_PLACEMENT_3D('',#3066,#2391,#2392);
#2171=AXIS2_PLACEMENT_3D('',#3068,#2393,#2394);
#2172=AXIS2_PLACEMENT_3D('',#3070,#2396,#2397);
#2173=AXIS2_PLACEMENT_3D('',#3076,#2401,#2402);
#2174=AXIS2_PLACEMENT_3D('',#3079,#2403,#2404);
#2175=AXIS2_PLACEMENT_3D('',#3083,#2406,#2407);
#2176=AXIS2_PLACEMENT_3D('',#3085,#2409,#2410);
#2177=AXIS2_PLACEMENT_3D('',#3092,#2415,#2416);
#2178=AXIS2_PLACEMENT_3D('',#3094,#2417,#2418);
#2179=AXIS2_PLACEMENT_3D('',#3096,#2420,#2421);
#2180=AXIS2_PLACEMENT_3D('',#3098,#2422,#2423);
#2181=AXIS2_PLACEMENT_3D('',#3100,#2425,#2426);
#2182=AXIS2_PLACEMENT_3D('',#3103,#2428,#2429);
#2183=AXIS2_PLACEMENT_3D('',#3104,#2430,#2431);
#2184=AXIS2_PLACEMENT_3D('',#3106,#2432,#2433);
#2185=AXIS2_PLACEMENT_3D('',#3107,#2434,#2435);
#2186=AXIS2_PLACEMENT_3D('',#3109,#2437,#2438);
#2187=AXIS2_PLACEMENT_3D('',#3111,#2439,#2440);
#2188=AXIS2_PLACEMENT_3D('',#3113,#2441,#2442);
#2189=AXIS2_PLACEMENT_3D('',#3117,#2444,#2445);
#2190=AXIS2_PLACEMENT_3D('',#3120,#2447,#2448);
#2191=AXIS2_PLACEMENT_3D('',#3121,#2449,#2450);
#2192=AXIS2_PLACEMENT_3D('',#3123,#2451,#2452);
#2193=AXIS2_PLACEMENT_3D('',#3127,#2454,#2455);
#2194=AXIS2_PLACEMENT_3D('',#3128,#2456,#2457);
#2195=AXIS2_PLACEMENT_3D('',#3129,#2458,#2459);
#2196=AXIS2_PLACEMENT_3D('',#3131,#2460,#2461);
#2197=AXIS2_PLACEMENT_3D('',#3135,#2463,#2464);
#2198=AXIS2_PLACEMENT_3D('',#3141,#2467,#2468);
#2199=AXIS2_PLACEMENT_3D('',#3147,#2471,#2472);
#2200=AXIS2_PLACEMENT_3D('',#3149,#2474,#2475);
#2201=AXIS2_PLACEMENT_3D('',#3151,#2477,#2478);
#2202=AXIS2_PLACEMENT_3D('',#3153,#2479,#2480);
#2203=AXIS2_PLACEMENT_3D('',#3157,#2482,#2483);
#2204=AXIS2_PLACEMENT_3D('',#3168,#2485,#2486);
#2205=AXIS2_PLACEMENT_3D('',#3173,#2489,#2490);
#2206=AXIS2_PLACEMENT_3D('',#3174,#2491,#2492);
#2207=AXIS2_PLACEMENT_3D('',#3177,#2495,#2496);
#2208=AXIS2_PLACEMENT_3D('',#3180,#2499,#2500);
#2209=AXIS2_PLACEMENT_3D('',#3194,#2501,#2502);
#2210=AXIS2_PLACEMENT_3D('',#3195,#2503,#2504);
#2211=AXIS2_PLACEMENT_3D('',#3199,#2507,#2508);
#2212=AXIS2_PLACEMENT_3D('',#3200,#2509,#2510);
#2213=AXIS2_PLACEMENT_3D('',#3206,#2514,#2515);
#2214=AXIS2_PLACEMENT_3D('',#3208,#2517,#2518);
#2215=AXIS2_PLACEMENT_3D('',#3215,#2523,#2524);
#2216=AXIS2_PLACEMENT_3D('',#3218,#2526,#2527);
#2217=AXIS2_PLACEMENT_3D('',#3219,#2528,#2529);
#2218=AXIS2_PLACEMENT_3D('',#3221,#2531,#2532);
#2219=AXIS2_PLACEMENT_3D('',#3223,#2533,#2534);
#2220=AXIS2_PLACEMENT_3D('',#3226,#2536,#2537);
#2221=AXIS2_PLACEMENT_3D('',#3228,#2539,#2540);
#2222=AXIS2_PLACEMENT_3D('',#3234,#2544,#2545);
#2223=AXIS2_PLACEMENT_3D('',#3240,#2549,#2550);
#2224=AXIS2_PLACEMENT_3D('',#3243,#2552,#2553);
#2225=AXIS2_PLACEMENT_3D('',#3244,#2554,#2555);
#2226=AXIS2_PLACEMENT_3D('',#3247,#2556,#2557);
#2227=AXIS2_PLACEMENT_3D('',#3249,#2558,#2559);
#2228=AXIS2_PLACEMENT_3D('',#3252,#2561,#2562);
#2229=AXIS2_PLACEMENT_3D('',#3253,#2563,#2564);
#2230=AXIS2_PLACEMENT_3D('',#3254,#2565,#2566);
#2231=AXIS2_PLACEMENT_3D('',#3256,#2567,#2568);
#2232=AXIS2_PLACEMENT_3D('',#3257,#2569,#2570);
#2233=AXIS2_PLACEMENT_3D('',#3260,#2571,#2572);
#2234=AXIS2_PLACEMENT_3D('',#3262,#2573,#2574);
#2235=AXIS2_PLACEMENT_3D('',#3265,#2576,#2577);
#2236=AXIS2_PLACEMENT_3D('',#3266,#2578,#2579);
#2237=AXIS2_PLACEMENT_3D('',#3267,#2580,#2581);
#2238=AXIS2_PLACEMENT_3D('',#3269,#2582,#2583);
#2239=AXIS2_PLACEMENT_3D('',#3270,#2584,#2585);
#2240=AXIS2_PLACEMENT_3D('',#3281,#2592,#2593);
#2241=AXIS2_PLACEMENT_3D('',#3283,#2594,#2595);
#2242=AXIS2_PLACEMENT_3D('',#3286,#2597,#2598);
#2243=AXIS2_PLACEMENT_3D('',#3287,#2599,#2600);
#2244=AXIS2_PLACEMENT_3D('',#3289,#2601,#2602);
#2245=AXIS2_PLACEMENT_3D('',#3290,#2603,#2604);
#2246=AXIS2_PLACEMENT_3D('',#3292,#2605,#2606);
#2247=AXIS2_PLACEMENT_3D('',#3295,#2608,#2609);
#2248=AXIS2_PLACEMENT_3D('',#3296,#2610,#2611);
#2249=AXIS2_PLACEMENT_3D('',#3298,#2612,#2613);
#2250=AXIS2_PLACEMENT_3D('',#3299,#2614,#2615);
#2251=AXIS2_PLACEMENT_3D('',#3308,#2620,#2621);
#2252=AXIS2_PLACEMENT_3D('',#3314,#2625,#2626);
#2253=AXIS2_PLACEMENT_3D('',#3320,#2630,#2631);
#2254=AXIS2_PLACEMENT_3D('',#3323,#2634,#2635);
#2255=AXIS2_PLACEMENT_3D('',#3332,#2640,#2641);
#2256=AXIS2_PLACEMENT_3D('',#3338,#2645,#2646);
#2257=AXIS2_PLACEMENT_3D('',#3341,#2649,#2650);
#2258=AXIS2_PLACEMENT_3D('',#3350,#2655,#2656);
#2259=AXIS2_PLACEMENT_3D('',#3356,#2660,#2661);
#2260=AXIS2_PLACEMENT_3D('',#3359,#2664,#2665);
#2261=AXIS2_PLACEMENT_3D('',#3368,#2670,#2671);
#2262=AXIS2_PLACEMENT_3D('',#3374,#2675,#2676);
#2263=AXIS2_PLACEMENT_3D('',#3377,#2679,#2680);
#2264=AXIS2_PLACEMENT_3D('',#3386,#2685,#2686);
#2265=AXIS2_PLACEMENT_3D('',#3392,#2690,#2691);
#2266=AXIS2_PLACEMENT_3D('',#3395,#2694,#2695);
#2267=AXIS2_PLACEMENT_3D('',#3398,#2696,#2697);
#2268=AXIS2_PLACEMENT_3D('',#3401,#2699,#2700);
#2269=AXIS2_PLACEMENT_3D('',#3403,#2702,#2703);
#2270=AXIS2_PLACEMENT_3D('',#3409,#2707,#2708);
#2271=AXIS2_PLACEMENT_3D('',#3411,#2709,#2710);
#2272=AXIS2_PLACEMENT_3D('',#3412,#2711,#2712);
#2273=AXIS2_PLACEMENT_3D('',#3414,#2714,#2715);
#2274=AXIS2_PLACEMENT_3D('',#3423,#2720,#2721);
#2275=AXIS2_PLACEMENT_3D('',#3429,#2725,#2726);
#2276=AXIS2_PLACEMENT_3D('',#3435,#2730,#2731);
#2277=AXIS2_PLACEMENT_3D('',#3442,#2735,#2736);
#2278=AXIS2_PLACEMENT_3D('',#3444,#2737,#2738);
#2279=AXIS2_PLACEMENT_3D('',#3445,#2739,#2740);
#2280=AXIS2_PLACEMENT_3D('',#3449,#2743,#2744);
#2281=AXIS2_PLACEMENT_3D('',#3453,#2746,#2747);
#2282=AXIS2_PLACEMENT_3D('',#3455,#2748,#2749);
#2283=AXIS2_PLACEMENT_3D('',#3459,#2752,#2753);
#2284=AXIS2_PLACEMENT_3D('',#3460,#2754,#2755);
#2285=AXIS2_PLACEMENT_3D('',#3462,#2756,#2757);
#2286=AXIS2_PLACEMENT_3D('',#3469,#2758,#2759);
#2287=AXIS2_PLACEMENT_3D('',#3473,#2761,#2762);
#2288=AXIS2_PLACEMENT_3D('',#3477,#2765,#2766);
#2289=AXIS2_PLACEMENT_3D('',#3479,#2768,#2769);
#2290=AXIS2_PLACEMENT_3D('',#3489,#2775,#2776);
#2291=AXIS2_PLACEMENT_3D('',#3491,#2777,#2778);
#2292=AXIS2_PLACEMENT_3D('',#3493,#2779,#2780);
#2293=AXIS2_PLACEMENT_3D('',#3495,#2781,#2782);
#2294=AXIS2_PLACEMENT_3D('',#3496,#2783,#2784);
#2295=AXIS2_PLACEMENT_3D('',#3499,#2787,#2788);
#2296=AXIS2_PLACEMENT_3D('',#3502,#2791,#2792);
#2297=AXIS2_PLACEMENT_3D('',#3504,#2794,#2795);
#2298=AXIS2_PLACEMENT_3D('',#3513,#2800,#2801);
#2299=AXIS2_PLACEMENT_3D('',#3514,#2802,#2803);
#2300=AXIS2_PLACEMENT_3D('',#3516,#2804,#2805);
#2301=AXIS2_PLACEMENT_3D('',#3518,#2807,#2808);
#2302=AXIS2_PLACEMENT_3D('',#3521,#2810,#2811);
#2303=AXIS2_PLACEMENT_3D('',#3522,#2812,#2813);
#2304=AXIS2_PLACEMENT_3D('',#3524,#2814,#2815);
#2305=AXIS2_PLACEMENT_3D('',#3526,#2817,#2818);
#2306=AXIS2_PLACEMENT_3D('',#3529,#2820,#2821);
#2307=AXIS2_PLACEMENT_3D('',#3530,#2822,#2823);
#2308=AXIS2_PLACEMENT_3D('',#3536,#2827,#2828);
#2309=AXIS2_PLACEMENT_3D('',#3540,#2831,#2832);
#2310=AXIS2_PLACEMENT_3D('',#3544,#2835,#2836);
#2311=AXIS2_PLACEMENT_3D('',#3546,#2838,#2839);
#2312=AXIS2_PLACEMENT_3D('',#3552,#2843,#2844);
#2313=AXIS2_PLACEMENT_3D('',#3564,#2851,#2852);
#2314=AXIS2_PLACEMENT_3D('',#3566,#2853,#2854);
#2315=AXIS2_PLACEMENT_3D('',#3568,#2856,#2857);
#2316=AXIS2_PLACEMENT_3D('',#3570,#2858,#2859);
#2317=AXIS2_PLACEMENT_3D('',#3573,#2861,#2862);
#2318=AXIS2_PLACEMENT_3D('',#3574,#2863,#2864);
#2319=AXIS2_PLACEMENT_3D('',#3576,#2865,#2866);
#2320=AXIS2_PLACEMENT_3D('',#3578,#2868,#2869);
#2321=AXIS2_PLACEMENT_3D('',#3580,#2870,#2871);
#2322=AXIS2_PLACEMENT_3D('',#3583,#2873,#2874);
#2323=AXIS2_PLACEMENT_3D('',#3584,#2875,#2876);
#2324=AXIS2_PLACEMENT_3D('',#3590,#2880,#2881);
#2325=AXIS2_PLACEMENT_3D('',#3594,#2884,#2885);
#2326=AXIS2_PLACEMENT_3D('',#3598,#2888,#2889);
#2327=AXIS2_PLACEMENT_3D('',#3600,#2891,#2892);
#2328=AXIS2_PLACEMENT_3D('',#3604,#2895,#2896);
#2329=AXIS2_PLACEMENT_3D('',#3606,#2898,#2899);
#2330=AXIS2_PLACEMENT_3D('',#3607,#2900,#2901);
#2331=AXIS2_PLACEMENT_3D('',#3613,#2905,#2906);
#2332=AXIS2_PLACEMENT_3D('',#3615,#2907,#2908);
#2333=AXIS2_PLACEMENT_3D('',#3617,#2910,#2911);
#2334=AXIS2_PLACEMENT_3D('',#3619,#2912,#2913);
#2335=AXIS2_PLACEMENT_3D('',#3621,#2915,#2916);
#2336=AXIS2_PLACEMENT_3D('',#3623,#2918,#2919);
#2337=AXIS2_PLACEMENT_3D('',#3626,#2921,#2922);
#2338=AXIS2_PLACEMENT_3D('',#3627,#2923,#2924);
#2339=AXIS2_PLACEMENT_3D('',#3630,#2926,#2927);
#2340=AXIS2_PLACEMENT_3D('',#3631,#2928,#2929);
#2341=AXIS2_PLACEMENT_3D('',#3633,#2931,#2932);
#2342=DIRECTION('axis',(0.,0.,1.));
#2343=DIRECTION('refdir',(1.,0.,0.));
#2344=DIRECTION('center_axis',(0.707106781186548,-0.707106781186548,0.));
#2345=DIRECTION('ref_axis',(-0.662282129123077,-0.662282129123077,0.350378028546894));
#2346=DIRECTION('center_axis',(0.707106781186548,-0.707106781186548,0.));
#2347=DIRECTION('ref_axis',(0.,0.,-1.));
#2348=DIRECTION('center_axis',(0.707106781186548,-0.707106781186548,0.));
#2349=DIRECTION('ref_axis',(0.,0.,-1.));
#2350=DIRECTION('',(0.,0.,-1.));
#2351=DIRECTION('',(0.707106781186547,0.707106781186547,2.36683357573384E-15));
#2352=DIRECTION('',(0.707106781186547,0.707106781186547,2.36683357573384E-15));
#2353=DIRECTION('center_axis',(-0.707106781186548,0.707106781186548,0.));
#2354=DIRECTION('ref_axis',(0.,0.,1.));
#2355=DIRECTION('',(0.707106781186547,0.707106781186547,0.));
#2356=DIRECTION('',(0.707106781186547,0.707106781186547,0.));
#2357=DIRECTION('center_axis',(0.707106781186548,-0.707106781186548,0.));
#2358=DIRECTION('ref_axis',(0.,0.,-1.));
#2359=DIRECTION('center_axis',(0.707106781186548,-0.707106781186548,0.));
#2360=DIRECTION('ref_axis',(0.,0.,-1.));
#2361=DIRECTION('center_axis',(0.707106781186548,-0.707106781186548,0.));
#2362=DIRECTION('ref_axis',(-0.516133163653482,-0.516133163653482,-0.683529893094732));
#2363=DIRECTION('',(-0.707106781186548,-0.707106781186547,0.));
#2364=DIRECTION('center_axis',(0.707106781186548,-0.707106781186548,0.));
#2365=DIRECTION('ref_axis',(0.546973790842717,0.546973790842715,-0.633750222297632));
#2366=DIRECTION('center_axis',(0.707106781186548,-0.707106781186548,0.));
#2367=DIRECTION('ref_axis',(0.,0.,-1.));
#2368=DIRECTION('center_axis',(-0.707106781186548,-0.707106781186548,-2.36683357573384E-15));
#2369=DIRECTION('ref_axis',(-0.383016173142714,0.383016173142711,0.840593375076334));
#2370=DIRECTION('center_axis',(0.,-1.,0.));
#2371=DIRECTION('ref_axis',(-1.,5.4992054959454E-17,-3.46728751292667E-15));
#2372=DIRECTION('',(0.707106781186548,0.707106781186548,2.36683357573384E-15));
#2373=DIRECTION('center_axis',(0.707106781186548,0.707106781186548,-1.77635683940025E-16));
#2374=DIRECTION('ref_axis',(-0.383016173142714,0.383016173142711,0.840593375076334));
#2375=DIRECTION('center_axis',(-0.702713958066841,0.702713958066842,-0.111293244521252));
#2376=DIRECTION('ref_axis',(-0.0786962079012327,0.0786962079012272,0.993787609967005));
#2377=DIRECTION('center_axis',(0.703223570229016,-0.703223570229017,0.104657634927943));
#2378=DIRECTION('ref_axis',(-0.0740041233604973,0.0740041233604918,0.994508310398304));
#2379=DIRECTION('center_axis',(0.707106781186547,-0.707106781186548,-7.07117768329667E-17));
#2380=DIRECTION('ref_axis',(0.449298730621907,0.449298730621904,0.772179578416245));
#2381=DIRECTION('',(-0.707106781186547,0.707106781186548,0.));
#2382=DIRECTION('center_axis',(-0.277042592396803,0.277042592396803,-0.920051522468235));
#2383=DIRECTION('ref_axis',(-0.650574670578296,0.650574670578297,0.391797391522561));
#2384=DIRECTION('',(0.707106781186547,-0.707106781186548,-7.07117768329667E-17));
#2385=DIRECTION('center_axis',(0.702713958066841,-0.702713958066842,0.111293244521252));
#2386=DIRECTION('ref_axis',(-0.0786962079012289,0.0786962079012309,0.993787609967005));
#2387=DIRECTION('center_axis',(0.702713958066841,-0.702713958066842,0.111293244521252));
#2388=DIRECTION('ref_axis',(-0.0786962079012298,0.0786962079012301,0.993787609967005));
#2389=DIRECTION('',(0.,-0.156426632487606,-0.987689581117766));
#2390=DIRECTION('',(-0.0786962079012298,0.0786962079012301,0.993787609967005));
#2391=DIRECTION('center_axis',(0.702713958066841,-0.702713958066842,0.111293244521252));
#2392=DIRECTION('ref_axis',(0.0786962079012167,-0.0786962079012431,-0.993787609967005));
#2393=DIRECTION('center_axis',(0.702713958066841,-0.702713958066842,0.111293244521252));
#2394=DIRECTION('ref_axis',(0.0786962079012291,-0.0786962079012307,-0.993787609967005));
#2395=DIRECTION('',(0.0786962079012298,-0.0786962079012301,-0.993787609967005));
#2396=DIRECTION('center_axis',(-0.707106781186548,-0.707106781186547,0.));
#2397=DIRECTION('ref_axis',(0.,0.,1.));
#2398=DIRECTION('',(0.650574670578296,-0.650574670578296,-0.391797391522561));
#2399=DIRECTION('',(0.,0.,-1.));
#2400=DIRECTION('',(-0.707106781186547,0.707106781186548,0.));
#2401=DIRECTION('center_axis',(-0.707106781186548,0.707106781186548,0.));
#2402=DIRECTION('ref_axis',(-0.483690448302927,-0.483690448302927,0.729443006986171));
#2403=DIRECTION('center_axis',(-0.277042592396803,0.277042592396803,-0.920051522468235));
#2404=DIRECTION('ref_axis',(-0.650574670578296,0.650574670578296,0.391797391522561));
#2405=DIRECTION('',(0.707106781186547,-0.707106781186548,0.));
#2406=DIRECTION('center_axis',(1.,0.,0.));
#2407=DIRECTION('ref_axis',(0.,-1.,4.9065389333868E-17));
#2408=DIRECTION('',(-0.707106781186547,0.707106781186547,0.));
#2409=DIRECTION('center_axis',(0.707106781186548,0.707106781186548,-1.77635683940025E-16));
#2410=DIRECTION('ref_axis',(-2.51214793389404E-16,0.,-1.));
#2411=DIRECTION('',(0.,2.51214793389404E-16,1.));
#2412=DIRECTION('',(0.707106781186548,-0.707106781186548,-2.85962078142617E-31));
#2413=DIRECTION('',(1.25607396694702E-16,1.25607396694702E-16,1.));
#2414=DIRECTION('',(-0.650574670578296,0.650574670578296,0.391797391522561));
#2415=DIRECTION('center_axis',(-0.707106781186546,0.707106781186549,0.));
#2416=DIRECTION('ref_axis',(0.546973790842717,0.546973790842715,-0.633750222297632));
#2417=DIRECTION('center_axis',(-0.707106781186548,0.707106781186548,0.));
#2418=DIRECTION('ref_axis',(0.546973790842717,0.546973790842715,-0.633750222297632));
#2419=DIRECTION('',(0.707106781186546,-0.707106781186549,0.));
#2420=DIRECTION('center_axis',(0.707106781186546,-0.707106781186549,0.));
#2421=DIRECTION('ref_axis',(0.,0.,-1.));
#2422=DIRECTION('center_axis',(0.707106781186548,-0.707106781186548,0.));
#2423=DIRECTION('ref_axis',(0.,0.,-1.));
#2424=DIRECTION('',(0.707106781186546,-0.707106781186549,0.));
#2425=DIRECTION('center_axis',(0.707106781186546,-0.707106781186549,0.));
#2426=DIRECTION('ref_axis',(-0.516133163653482,-0.516133163653482,-0.683529893094732));
#2427=DIRECTION('',(-0.707106781186546,0.707106781186549,0.));
#2428=DIRECTION('center_axis',(-0.707106781186548,0.707106781186548,0.));
#2429=DIRECTION('ref_axis',(-0.516133163653482,-0.516133163653482,-0.683529893094732));
#2430=DIRECTION('center_axis',(-0.277042592396803,0.277042592396803,-0.920051522468235));
#2431=DIRECTION('ref_axis',(0.650574670578296,-0.650574670578296,-0.391797391522561));
#2432=DIRECTION('center_axis',(0.277042592396803,-0.277042592396803,0.920051522468235));
#2433=DIRECTION('ref_axis',(-0.650574670578296,0.650574670578296,0.39179739152256));
#2434=DIRECTION('center_axis',(0.277042592396803,-0.277042592396803,0.920051522468235));
#2435=DIRECTION('ref_axis',(-0.650574670578296,0.650574670578296,0.39179739152256));
#2436=DIRECTION('',(0.707106781186548,0.707106781186548,1.50837072369429E-16));
#2437=DIRECTION('center_axis',(0.707106781186547,-0.707106781186548,0.));
#2438=DIRECTION('ref_axis',(-0.654960047655722,-0.654960047655722,0.376901408792312));
#2439=DIRECTION('center_axis',(-1.,0.,0.));
#2440=DIRECTION('ref_axis',(0.,-1.,4.73416047689679E-17));
#2441=DIRECTION('center_axis',(0.,1.,0.));
#2442=DIRECTION('ref_axis',(-1.,0.,-1.42024814306904E-16));
#2443=DIRECTION('',(0.707106781186547,-0.707106781186547,0.));
#2444=DIRECTION('center_axis',(-0.707106781186548,0.707106781186548,0.));
#2445=DIRECTION('ref_axis',(-0.654960047655722,-0.654960047655722,0.376901408792312));
#2446=DIRECTION('',(0.707106781186547,-0.707106781186548,0.));
#2447=DIRECTION('center_axis',(0.707106781186548,-0.707106781186548,0.));
#2448=DIRECTION('ref_axis',(-0.654960047655722,-0.654960047655722,0.376901408792312));
#2449=DIRECTION('center_axis',(0.707106781186547,-0.707106781186548,0.));
#2450=DIRECTION('ref_axis',(-0.654960047655722,-0.654960047655722,0.376901408792312));
#2451=DIRECTION('center_axis',(0.707106781186548,-0.707106781186548,0.));
#2452=DIRECTION('ref_axis',(-0.654960047655722,-0.654960047655722,0.376901408792312));
#2453=DIRECTION('',(-0.707106781186547,0.707106781186548,0.));
#2454=DIRECTION('center_axis',(-0.707106781186548,0.707106781186548,0.));
#2455=DIRECTION('ref_axis',(-0.654960047655722,-0.654960047655722,0.376901408792312));
#2456=DIRECTION('center_axis',(-1.,0.,0.));
#2457=DIRECTION('ref_axis',(0.,-1.,4.73416047689679E-17));
#2458=DIRECTION('center_axis',(0.707106781186548,-0.707106781186548,0.));
#2459=DIRECTION('ref_axis',(0.,0.,-1.));
#2460=DIRECTION('center_axis',(0.707106781186548,-0.707106781186548,0.));
#2461=DIRECTION('ref_axis',(0.,0.,-1.));
#2462=DIRECTION('',(-0.707106781186548,-0.707106781186548,0.));
#2463=DIRECTION('center_axis',(-0.707106781186548,0.707106781186548,0.));
#2464=DIRECTION('ref_axis',(0.707106781186547,0.707106781186547,0.));
#2465=DIRECTION('',(-1.25607396694702E-16,-1.25607396694702E-16,-1.));
#2466=DIRECTION('',(0.707106781186548,0.707106781186548,0.));
#2467=DIRECTION('center_axis',(-0.707106781186548,0.707106781186548,0.));
#2468=DIRECTION('ref_axis',(0.,0.,1.));
#2469=DIRECTION('',(0.707106781186548,0.707106781186548,2.36683357573384E-15));
#2470=DIRECTION('',(1.25607396694702E-16,1.25607396694702E-16,1.));
#2471=DIRECTION('center_axis',(-0.707106781186548,0.707106781186548,0.));
#2472=DIRECTION('ref_axis',(0.707106781186547,0.707106781186547,0.));
#2473=DIRECTION('',(-0.707106781186548,-0.707106781186548,0.));
#2474=DIRECTION('center_axis',(0.707106781186546,-0.707106781186549,0.));
#2475=DIRECTION('ref_axis',(0.,0.,-1.));
#2476=DIRECTION('',(-0.707106781186546,0.707106781186549,0.));
#2477=DIRECTION('center_axis',(-0.707106781186548,-0.707106781186548,0.));
#2478=DIRECTION('ref_axis',(-0.383016173142713,0.383016173142713,0.840593375076334));
#2479=DIRECTION('center_axis',(-0.707106781186548,-0.707106781186548,1.77635683940025E-16));
#2480=DIRECTION('ref_axis',(-0.383016173142713,0.383016173142713,0.840593375076334));
#2481=DIRECTION('',(0.707106781186548,0.707106781186548,0.));
#2482=DIRECTION('center_axis',(0.707106781186548,0.707106781186548,-1.77635683940025E-16));
#2483=DIRECTION('ref_axis',(-0.383016173142713,0.383016173142713,0.840593375076334));
#2484=DIRECTION('',(-0.707106781186548,-0.707106781186548,0.));
#2485=DIRECTION('center_axis',(0.707106781186548,-0.707106781186547,0.));
#2486=DIRECTION('ref_axis',(0.707106781186547,0.707106781186548,0.));
#2487=DIRECTION('',(0.707106781186548,-0.707106781186547,0.));
#2488=DIRECTION('',(0.707106781186548,-0.707106781186547,0.));
#2489=DIRECTION('center_axis',(-0.707106781186548,0.707106781186548,0.));
#2490=DIRECTION('ref_axis',(0.707106781186547,0.707106781186547,0.));
#2491=DIRECTION('center_axis',(1.79439138135287E-16,1.79439138135287E-16,
-1.));
#2492=DIRECTION('ref_axis',(0.707106781186548,0.707106781186548,2.53765262771463E-16));
#2493=DIRECTION('',(0.707106781186548,-0.707106781186548,-2.2186712959341E-31));
#2494=DIRECTION('',(0.707106781186546,-0.707106781186549,0.));
#2495=DIRECTION('center_axis',(1.79439138135287E-16,1.79439138135287E-16,
-1.));
#2496=DIRECTION('ref_axis',(0.707106781186548,0.707106781186548,2.53765262771463E-16));
#2497=DIRECTION('',(-0.707106781186548,0.707106781186548,-4.93038065763132E-32));
#2498=DIRECTION('',(0.707106781186546,-0.707106781186549,0.));
#2499=DIRECTION('center_axis',(0.707106781186548,-0.707106781186548,0.));
#2500=DIRECTION('ref_axis',(0.692682702891302,0.692682702891302,0.200951104078584));
#2501=DIRECTION('center_axis',(0.707106781186548,-0.707106781186548,0.));
#2502=DIRECTION('ref_axis',(0.,0.,-1.));
#2503=DIRECTION('center_axis',(0.707106781186548,-0.707106781186548,0.));
#2504=DIRECTION('ref_axis',(0.,0.,-1.));
#2505=DIRECTION('',(-1.25607396694702E-16,-1.25607396694702E-16,-1.));
#2506=DIRECTION('',(-0.707106781186548,-0.707106781186548,0.));
#2507=DIRECTION('center_axis',(0.707106781186546,-0.707106781186549,0.));
#2508=DIRECTION('ref_axis',(0.,0.,1.));
#2509=DIRECTION('center_axis',(0.,0.,1.));
#2510=DIRECTION('ref_axis',(-0.707106781186548,-0.707106781186548,0.));
#2511=DIRECTION('',(0.707106781186548,0.707106781186548,0.));
#2512=DIRECTION('',(-0.707106781186548,-0.707106781186548,0.));
#2513=DIRECTION('',(0.707106781186548,-0.707106781186547,0.));
#2514=DIRECTION('center_axis',(0.707106781186548,-0.707106781186548,0.));
#2515=DIRECTION('ref_axis',(0.,0.,-1.));
#2516=DIRECTION('',(-1.25607396694702E-16,-1.25607396694702E-16,-1.));
#2517=DIRECTION('center_axis',(0.,0.,1.));
#2518=DIRECTION('ref_axis',(-0.707106781186548,-0.707106781186548,0.));
#2519=DIRECTION('',(1.,0.,0.));
#2520=DIRECTION('',(0.707106781186547,-0.707106781186548,0.));
#2521=DIRECTION('',(-0.707106781186548,-0.707106781186548,0.));
#2522=DIRECTION('',(0.707106781186548,0.707106781186548,0.));
#2523=DIRECTION('center_axis',(0.707106781186547,-0.707106781186548,0.));
#2524=DIRECTION('ref_axis',(0.707106781186548,0.707106781186547,0.));
#2525=DIRECTION('',(-0.707106781186547,0.707106781186548,0.));
#2526=DIRECTION('center_axis',(-0.707106781186548,0.707106781186548,0.));
#2527=DIRECTION('ref_axis',(0.707106781186547,0.707106781186547,0.));
#2528=DIRECTION('center_axis',(0.707106781186548,-0.707106781186548,0.));
#2529=DIRECTION('ref_axis',(0.,0.,-1.));
#2530=DIRECTION('',(1.25607396694702E-16,1.25607396694702E-16,1.));
#2531=DIRECTION('center_axis',(0.707106781186548,-0.707106781186548,0.));
#2532=DIRECTION('ref_axis',(0.,0.,-1.));
#2533=DIRECTION('center_axis',(0.707106781186548,-0.707106781186548,0.));
#2534=DIRECTION('ref_axis',(-0.237327592412984,-0.237327592412984,-0.941993220654434));
#2535=DIRECTION('',(0.,0.,-1.));
#2536=DIRECTION('center_axis',(0.707106781186548,-0.707106781186548,0.));
#2537=DIRECTION('ref_axis',(0.648270596852961,0.648270596852961,-0.399362575251878));
#2538=DIRECTION('',(-1.25607396694702E-16,-1.25607396694702E-16,-1.));
#2539=DIRECTION('center_axis',(0.707106781186548,-0.707106781186548,0.));
#2540=DIRECTION('ref_axis',(0.,0.,-1.));
#2541=DIRECTION('',(-1.25607396694702E-16,-1.25607396694702E-16,-1.));
#2542=DIRECTION('',(0.707106781186548,0.707106781186548,0.));
#2543=DIRECTION('',(0.,0.,-1.));
#2544=DIRECTION('center_axis',(0.707106781186548,-0.707106781186548,0.));
#2545=DIRECTION('ref_axis',(0.,0.,-1.));
#2546=DIRECTION('',(0.,0.,-1.));
#2547=DIRECTION('',(0.707106781186547,0.707106781186548,0.));
#2548=DIRECTION('',(1.25607396694702E-16,1.25607396694702E-16,1.));
#2549=DIRECTION('center_axis',(0.707106781186548,-0.707106781186548,0.));
#2550=DIRECTION('ref_axis',(0.,0.,-1.));
#2551=DIRECTION('',(1.25607396694702E-16,1.25607396694702E-16,1.));
#2552=DIRECTION('center_axis',(0.707106781186548,-0.707106781186548,0.));
#2553=DIRECTION('ref_axis',(-0.648270596852961,-0.648270596852961,-0.399362575251878));
#2554=DIRECTION('center_axis',(-0.707106781186548,-0.707106781186547,3.5527136788005E-16));
#2555=DIRECTION('ref_axis',(2.06805872404398E-16,2.9562371437441E-16,1.));
#2556=DIRECTION('center_axis',(0.,1.,0.));
#2557=DIRECTION('ref_axis',(-1.,0.,2.06805872404398E-16));
#2558=DIRECTION('center_axis',(0.707106781186548,0.707106781186548,1.77635683940025E-16));
#2559=DIRECTION('ref_axis',(2.06805872404398E-16,2.9562371437441E-16,1.));
#2560=DIRECTION('',(0.707106781186548,0.707106781186547,-3.5527136788005E-16));
#2561=DIRECTION('center_axis',(-0.707106781186548,-0.707106781186547,1.77635683940025E-16));
#2562=DIRECTION('ref_axis',(8.11984757096958E-17,1.70016317679708E-16,1.));
#2563=DIRECTION('center_axis',(0.707106781186548,0.707106781186548,1.77635683940025E-16));
#2564=DIRECTION('ref_axis',(2.06805872404398E-16,2.9562371437441E-16,1.));
#2565=DIRECTION('center_axis',(0.707106781186548,0.707106781186547,-1.77635683940025E-16));
#2566=DIRECTION('ref_axis',(-2.51214793389404E-16,-9.86076131526265E-32,
-1.));
#2567=DIRECTION('center_axis',(-0.707106781186548,-0.707106781186547,1.77635683940025E-16));
#2568=DIRECTION('ref_axis',(-0.707106781186548,0.707106781186548,-6.2803698347351E-17));
#2569=DIRECTION('center_axis',(-0.707106781186548,-0.707106781186547,3.5527136788005E-16));
#2570=DIRECTION('ref_axis',(2.06805872404398E-16,2.9562371437441E-16,1.));
#2571=DIRECTION('center_axis',(0.,1.,0.));
#2572=DIRECTION('ref_axis',(-1.,0.,2.06805872404398E-16));
#2573=DIRECTION('center_axis',(0.707106781186548,0.707106781186548,1.77635683940025E-16));
#2574=DIRECTION('ref_axis',(2.06805872404398E-16,2.9562371437441E-16,1.));
#2575=DIRECTION('',(0.707106781186548,0.707106781186547,-3.5527136788005E-16));
#2576=DIRECTION('center_axis',(-0.707106781186548,-0.707106781186547,1.77635683940025E-16));
#2577=DIRECTION('ref_axis',(8.11984757096958E-17,1.70016317679708E-16,1.));
#2578=DIRECTION('center_axis',(0.707106781186548,0.707106781186548,1.77635683940025E-16));
#2579=DIRECTION('ref_axis',(2.06805872404398E-16,2.9562371437441E-16,1.));
#2580=DIRECTION('center_axis',(0.707106781186548,0.707106781186547,-1.77635683940025E-16));
#2581=DIRECTION('ref_axis',(-2.51214793389404E-16,-9.86076131526265E-32,
-1.));
#2582=DIRECTION('center_axis',(-0.707106781186548,-0.707106781186547,1.77635683940025E-16));
#2583=DIRECTION('ref_axis',(-0.707106781186548,0.707106781186548,-6.2803698347351E-17));
#2584=DIRECTION('center_axis',(-0.707106781186548,-0.707106781186548,-1.77635683940025E-16));
#2585=DIRECTION('ref_axis',(1.25607396694702E-16,1.25607396694702E-16,-1.));
#2586=DIRECTION('',(-2.51214793389404E-16,0.,1.));
#2587=DIRECTION('',(-0.707106781186547,0.707106781186547,0.));
#2588=DIRECTION('',(0.,0.,1.));
#2589=DIRECTION('',(0.707106781186547,-0.707106781186548,0.));
#2590=DIRECTION('',(-2.51214793389404E-16,0.,1.));
#2591=DIRECTION('',(-2.51214793389404E-16,0.,1.));
#2592=DIRECTION('center_axis',(-0.707106781186547,-0.707106781186548,0.));
#2593=DIRECTION('ref_axis',(-4.44089209850062E-17,4.44089209850062E-17,
1.));
#2594=DIRECTION('center_axis',(-0.707106781186548,-0.707106781186548,1.77635683940025E-16));
#2595=DIRECTION('ref_axis',(-4.44089209850062E-17,4.44089209850062E-17,
1.));
#2596=DIRECTION('',(-0.707106781186547,-0.707106781186548,0.));
#2597=DIRECTION('center_axis',(-0.707106781186548,-0.707106781186548,1.77635683940025E-16));
#2598=DIRECTION('ref_axis',(8.11984757096957E-17,1.70016317679708E-16,1.));
#2599=DIRECTION('center_axis',(0.707106781186548,0.707106781186548,-1.77635683940025E-16));
#2600=DIRECTION('ref_axis',(-2.51214793389404E-16,0.,-1.));
#2601=DIRECTION('center_axis',(0.707106781186548,0.707106781186548,-1.77635683940025E-16));
#2602=DIRECTION('ref_axis',(0.707106781186548,-0.707106781186548,6.2803698347351E-17));
#2603=DIRECTION('center_axis',(-0.707106781186547,-0.707106781186548,0.));
#2604=DIRECTION('ref_axis',(-4.44089209850062E-17,4.44089209850062E-17,
1.));
#2605=DIRECTION('center_axis',(-0.707106781186548,-0.707106781186548,1.77635683940025E-16));
#2606=DIRECTION('ref_axis',(-4.44089209850062E-17,4.44089209850062E-17,
1.));
#2607=DIRECTION('',(-0.707106781186547,-0.707106781186548,0.));
#2608=DIRECTION('center_axis',(-0.707106781186548,-0.707106781186548,1.77635683940025E-16));
#2609=DIRECTION('ref_axis',(8.11984757096957E-17,1.70016317679708E-16,1.));
#2610=DIRECTION('center_axis',(0.707106781186548,0.707106781186548,-1.77635683940025E-16));
#2611=DIRECTION('ref_axis',(-2.51214793389404E-16,0.,-1.));
#2612=DIRECTION('center_axis',(0.707106781186548,0.707106781186548,-1.77635683940025E-16));
#2613=DIRECTION('ref_axis',(0.707106781186548,-0.707106781186548,6.2803698347351E-17));
#2614=DIRECTION('center_axis',(0.119615242270663,0.,-0.992820323027551));
#2615=DIRECTION('ref_axis',(0.992820323027551,0.,0.119615242270663));
#2616=DIRECTION('',(-0.992820323027551,0.,-0.119615242270663));
#2617=DIRECTION('',(0.,-1.,0.));
#2618=DIRECTION('',(0.992820323027551,0.,0.119615242270663));
#2619=DIRECTION('',(0.,-1.,0.));
#2620=DIRECTION('center_axis',(-0.965925826289068,0.,-0.25881904510252));
#2621=DIRECTION('ref_axis',(0.25881904510252,0.,-0.965925826289068));
#2622=DIRECTION('',(-0.25881904510252,0.,0.965925826289068));
#2623=DIRECTION('',(0.25881904510252,0.,-0.965925826289068));
#2624=DIRECTION('',(0.,-1.,0.));
#2625=DIRECTION('center_axis',(2.65200763889305E-16,0.,1.));
#2626=DIRECTION('ref_axis',(-1.,0.,2.65200763889305E-16));
#2627=DIRECTION('',(1.,0.,-2.65200763889305E-16));
#2628=DIRECTION('',(-1.,0.,2.65200763889305E-16));
#2629=DIRECTION('',(0.,-1.,0.));
#2630=DIRECTION('center_axis',(0.8,0.,0.6));
#2631=DIRECTION('ref_axis',(-0.6,0.,0.8));
#2632=DIRECTION('',(0.6,0.,-0.8));
#2633=DIRECTION('',(-0.6,0.,0.8));
#2634=DIRECTION('center_axis',(-0.707106781186548,0.,-0.707106781186547));
#2635=DIRECTION('ref_axis',(0.707106781186547,0.,-0.707106781186548));
#2636=DIRECTION('',(-0.707106781186547,0.,0.707106781186548));
#2637=DIRECTION('',(0.,-1.,0.));
#2638=DIRECTION('',(0.707106781186547,0.,-0.707106781186548));
#2639=DIRECTION('',(0.,-1.,0.));
#2640=DIRECTION('center_axis',(0.,0.,1.));
#2641=DIRECTION('ref_axis',(-1.,0.,0.));
#2642=DIRECTION('',(1.,0.,0.));
#2643=DIRECTION('',(-1.,0.,0.));
#2644=DIRECTION('',(0.,-1.,0.));
#2645=DIRECTION('center_axis',(0.906307787036649,0.,-0.422618261740701));
#2646=DIRECTION('ref_axis',(0.422618261740701,0.,0.906307787036649));
#2647=DIRECTION('',(-0.422618261740701,0.,-0.906307787036649));
#2648=DIRECTION('',(0.422618261740701,0.,0.906307787036649));
#2649=DIRECTION('center_axis',(-0.4226182617407,0.,-0.906307787036649));
#2650=DIRECTION('ref_axis',(0.906307787036649,0.,-0.4226182617407));
#2651=DIRECTION('',(-0.906307787036649,0.,0.4226182617407));
#2652=DIRECTION('',(0.,-1.,0.));
#2653=DIRECTION('',(0.906307787036649,0.,-0.4226182617407));
#2654=DIRECTION('',(0.,-1.,0.));
#2655=DIRECTION('center_axis',(-0.90630778703665,0.,0.4226182617407));
#2656=DIRECTION('ref_axis',(-0.4226182617407,0.,-0.906307787036649));
#2657=DIRECTION('',(0.4226182617407,0.,0.906307787036649));
#2658=DIRECTION('',(-0.4226182617407,0.,-0.906307787036649));
#2659=DIRECTION('',(0.,-1.,0.));
#2660=DIRECTION('center_axis',(0.965925826289069,0.,0.25881904510252));
#2661=DIRECTION('ref_axis',(-0.25881904510252,0.,0.965925826289068));
#2662=DIRECTION('',(0.25881904510252,0.,-0.965925826289068));
#2663=DIRECTION('',(-0.25881904510252,0.,0.965925826289068));
#2664=DIRECTION('center_axis',(-0.8,0.,-0.6));
#2665=DIRECTION('ref_axis',(0.6,0.,-0.8));
#2666=DIRECTION('',(-0.6,0.,0.8));
#2667=DIRECTION('',(0.,-1.,0.));
#2668=DIRECTION('',(0.6,0.,-0.8));
#2669=DIRECTION('',(0.,-1.,0.));
#2670=DIRECTION('center_axis',(0.,0.,1.));
#2671=DIRECTION('ref_axis',(-1.,0.,0.));
#2672=DIRECTION('',(1.,0.,0.));
#2673=DIRECTION('',(-1.,0.,0.));
#2674=DIRECTION('',(0.,-1.,0.));
#2675=DIRECTION('center_axis',(1.,0.,0.));
#2676=DIRECTION('ref_axis',(0.,0.,1.));
#2677=DIRECTION('',(0.,0.,-1.));
#2678=DIRECTION('',(0.,0.,1.));
#2679=DIRECTION('center_axis',(0.906307787036649,0.,-0.422618261740701));
#2680=DIRECTION('ref_axis',(0.422618261740701,0.,0.906307787036649));
#2681=DIRECTION('',(-0.422618261740701,0.,-0.906307787036649));
#2682=DIRECTION('',(0.,-1.,0.));
#2683=DIRECTION('',(0.422618261740701,0.,0.906307787036649));
#2684=DIRECTION('',(0.,-1.,0.));
#2685=DIRECTION('center_axis',(-0.992820323027551,0.,-0.119615242270663));
#2686=DIRECTION('ref_axis',(0.119615242270663,0.,-0.992820323027551));
#2687=DIRECTION('',(-0.119615242270663,0.,0.992820323027551));
#2688=DIRECTION('',(0.119615242270663,0.,-0.992820323027551));
#2689=DIRECTION('',(0.,-1.,0.));
#2690=DIRECTION('center_axis',(0.707106781186547,0.,0.707106781186548));
#2691=DIRECTION('ref_axis',(-0.707106781186548,0.,0.707106781186547));
#2692=DIRECTION('',(0.707106781186548,0.,-0.707106781186547));
#2693=DIRECTION('',(-0.707106781186548,0.,0.707106781186547));
#2694=DIRECTION('center_axis',(0.707106781186548,-0.707106781186548,0.));
#2695=DIRECTION('ref_axis',(0.648270596852961,0.648270596852961,-0.399362575251878));
#2696=DIRECTION('center_axis',(0.707106781186548,-0.707106781186548,0.));
#2697=DIRECTION('ref_axis',(0.648270596852961,0.648270596852961,-0.399362575251878));
#2698=DIRECTION('',(0.707106781186547,-0.707106781186547,0.));
#2699=DIRECTION('center_axis',(-0.707106781186548,0.707106781186548,0.));
#2700=DIRECTION('ref_axis',(0.648270596852961,0.648270596852961,-0.399362575251878));
#2701=DIRECTION('',(0.707106781186548,-0.707106781186548,0.));
#2702=DIRECTION('center_axis',(0.,0.,-1.));
#2703=DIRECTION('ref_axis',(0.707106781186548,0.707106781186548,0.));
#2704=DIRECTION('',(0.707106781186548,0.707106781186548,0.));
#2705=DIRECTION('',(-0.707106781186548,0.707106781186548,0.));
#2706=DIRECTION('',(0.707106781186548,0.707106781186547,0.));
#2707=DIRECTION('center_axis',(0.707106781186548,-0.707106781186548,0.));
#2708=DIRECTION('ref_axis',(-0.648270596852961,-0.648270596852961,-0.399362575251878));
#2709=DIRECTION('center_axis',(0.707106781186548,-0.707106781186548,0.));
#2710=DIRECTION('ref_axis',(-0.648270596852961,-0.648270596852961,-0.399362575251878));
#2711=DIRECTION('center_axis',(-0.707106781186548,0.707106781186548,0.));
#2712=DIRECTION('ref_axis',(-0.648270596852961,-0.648270596852961,-0.399362575251878));
#2713=DIRECTION('',(-0.707106781186547,0.707106781186547,0.));
#2714=DIRECTION('center_axis',(0.,0.707106781186548,0.707106781186548));
#2715=DIRECTION('ref_axis',(1.,0.,0.));
#2716=DIRECTION('',(1.,0.,0.));
#2717=DIRECTION('',(0.,0.707106781186548,-0.707106781186548));
#2718=DIRECTION('',(-1.,0.,0.));
#2719=DIRECTION('',(0.577350269189626,-0.577350269189626,0.577350269189626));
#2720=DIRECTION('center_axis',(-0.707106781186548,0.,0.707106781186547));
#2721=DIRECTION('ref_axis',(0.707106781186547,0.,0.707106781186548));
#2722=DIRECTION('',(0.,1.,0.));
#2723=DIRECTION('',(0.,-1.,0.));
#2724=DIRECTION('',(0.577350269189626,-0.577350269189626,0.577350269189626));
#2725=DIRECTION('center_axis',(0.,0.707106781186548,0.707106781186548));
#2726=DIRECTION('ref_axis',(1.,0.,0.));
#2727=DIRECTION('',(-1.,0.,0.));
#2728=DIRECTION('',(-0.577350269189626,-0.577350269189626,0.577350269189626));
#2729=DIRECTION('',(1.,0.,0.));
#2730=DIRECTION('center_axis',(0.,1.,0.));
#2731=DIRECTION('ref_axis',(-1.,0.,0.));
#2732=DIRECTION('',(0.,0.,1.));
#2733=DIRECTION('',(-1.,0.,0.));
#2734=DIRECTION('',(0.,0.,1.));
#2735=DIRECTION('center_axis',(0.,-1.,0.));
#2736=DIRECTION('ref_axis',(1.,0.,0.));
#2737=DIRECTION('center_axis',(0.,-1.,0.));
#2738=DIRECTION('ref_axis',(1.,0.,0.));
#2739=DIRECTION('center_axis',(-1.,0.,0.));
#2740=DIRECTION('ref_axis',(0.,-1.,0.));
#2741=DIRECTION('',(0.,0.,1.));
#2742=DIRECTION('',(0.,-1.,0.));
#2743=DIRECTION('center_axis',(0.,1.,0.));
#2744=DIRECTION('ref_axis',(0.,0.,1.));
#2745=DIRECTION('',(0.,0.,-1.));
#2746=DIRECTION('center_axis',(0.,-1.,0.));
#2747=DIRECTION('ref_axis',(1.,0.,3.16526565168048E-18));
#2748=DIRECTION('center_axis',(0.,-1.,0.));
#2749=DIRECTION('ref_axis',(0.,0.,1.));
#2750=DIRECTION('',(0.,0.,-1.));
#2751=DIRECTION('',(1.,0.,0.));
#2752=DIRECTION('center_axis',(-0.707106781186548,0.707106781186548,0.));
#2753=DIRECTION('ref_axis',(0.70673708416452,0.70673708416452,0.0323324563444494));
#2754=DIRECTION('center_axis',(0.707106781186548,-0.707106781186548,0.));
#2755=DIRECTION('ref_axis',(0.70673708416452,0.70673708416452,0.0323324563444494));
#2756=DIRECTION('center_axis',(0.,1.,0.));
#2757=DIRECTION('ref_axis',(1.,0.,3.16526565168048E-18));
#2758=DIRECTION('center_axis',(-0.707106781186548,0.707106781186548,0.));
#2759=DIRECTION('ref_axis',(0.,0.,1.));
#2760=DIRECTION('',(0.707106781186548,0.707106781186547,0.));
#2761=DIRECTION('center_axis',(-0.707106781186548,0.707106781186548,0.));
#2762=DIRECTION('ref_axis',(-0.237327592412984,-0.237327592412984,-0.941993220654434));
#2763=DIRECTION('',(0.,0.,-1.));
#2764=DIRECTION('',(-0.707106781186548,-0.707106781186547,0.));
#2765=DIRECTION('center_axis',(0.,-1.,0.));
#2766=DIRECTION('ref_axis',(0.,0.,1.));
#2767=DIRECTION('',(0.,-1.,0.));
#2768=DIRECTION('center_axis',(0.,1.,0.));
#2769=DIRECTION('ref_axis',(-1.,0.,0.));
#2770=DIRECTION('',(-1.,0.,5.83628062488503E-16));
#2771=DIRECTION('',(0.,0.,-1.));
#2772=DIRECTION('',(-1.,0.,0.));
#2773=DIRECTION('',(0.,0.,1.));
#2774=DIRECTION('',(-1.,0.,0.));
#2775=DIRECTION('center_axis',(0.,-1.,0.));
#2776=DIRECTION('ref_axis',(-1.,0.,0.));
#2777=DIRECTION('center_axis',(0.,-1.,0.));
#2778=DIRECTION('ref_axis',(-1.,0.,0.));
#2779=DIRECTION('center_axis',(0.,1.,0.));
#2780=DIRECTION('ref_axis',(1.,0.,0.));
#2781=DIRECTION('center_axis',(0.,1.,0.));
#2782=DIRECTION('ref_axis',(1.,0.,0.));
#2783=DIRECTION('center_axis',(0.707106781186548,-0.707106781186548,0.));
#2784=DIRECTION('ref_axis',(-0.237327592412984,-0.237327592412984,-0.941993220654434));
#2785=DIRECTION('',(0.707106781186548,-0.707106781186548,0.));
#2786=DIRECTION('',(-0.707106781186548,0.707106781186548,0.));
#2787=DIRECTION('center_axis',(1.,0.,0.));
#2788=DIRECTION('ref_axis',(0.,1.,0.));
#2789=DIRECTION('',(0.,-1.,0.));
#2790=DIRECTION('',(0.,1.,0.));
#2791=DIRECTION('center_axis',(0.707106781186548,0.707106781186548,-1.77635683940025E-16));
#2792=DIRECTION('ref_axis',(-2.51214793389404E-16,0.,-1.));
#2793=DIRECTION('',(-0.707106781186547,0.707106781186547,8.25374721352773E-16));
#2794=DIRECTION('center_axis',(0.,0.,-1.));
#2795=DIRECTION('ref_axis',(-1.,0.,0.));
#2796=DIRECTION('',(0.,1.,0.));
#2797=DIRECTION('',(-1.,-2.14881875733901E-16,0.));
#2798=DIRECTION('',(0.,-1.,0.));
#2799=DIRECTION('',(1.,0.,0.));
#2800=DIRECTION('center_axis',(0.,0.,-1.));
#2801=DIRECTION('ref_axis',(-1.,0.,0.));
#2802=DIRECTION('center_axis',(0.,-1.,0.));
#2803=DIRECTION('ref_axis',(1.,0.,0.));
#2804=DIRECTION('center_axis',(0.,-1.,0.));
#2805=DIRECTION('ref_axis',(1.,0.,0.));
#2806=DIRECTION('',(0.,-1.,0.));
#2807=DIRECTION('center_axis',(0.,-1.,0.));
#2808=DIRECTION('ref_axis',(1.,0.,0.));
#2809=DIRECTION('',(0.,-1.,0.));
#2810=DIRECTION('center_axis',(-2.14881875733901E-16,1.,0.));
#2811=DIRECTION('ref_axis',(1.,0.,0.));
#2812=DIRECTION('center_axis',(0.,-1.,0.));
#2813=DIRECTION('ref_axis',(1.,0.,0.));
#2814=DIRECTION('center_axis',(0.,-1.,0.));
#2815=DIRECTION('ref_axis',(1.,0.,0.));
#2816=DIRECTION('',(0.,-1.,0.));
#2817=DIRECTION('center_axis',(0.,-1.,0.));
#2818=DIRECTION('ref_axis',(1.,0.,0.));
#2819=DIRECTION('',(0.,-1.,0.));
#2820=DIRECTION('center_axis',(-2.14881875733901E-16,1.,0.));
#2821=DIRECTION('ref_axis',(1.,0.,0.));
#2822=DIRECTION('center_axis',(-1.,0.,0.));
#2823=DIRECTION('ref_axis',(0.,-1.,0.));
#2824=DIRECTION('',(0.,0.,-1.));
#2825=DIRECTION('',(0.,-1.,0.));
#2826=DIRECTION('',(0.,0.,1.));
#2827=DIRECTION('center_axis',(2.14881875733901E-16,-1.,0.));
#2828=DIRECTION('ref_axis',(1.,2.14881875733901E-16,0.));
#2829=DIRECTION('',(1.,2.14881875733901E-16,0.));
#2830=DIRECTION('',(0.,0.,1.));
#2831=DIRECTION('center_axis',(1.,0.,0.));
#2832=DIRECTION('ref_axis',(0.,1.,0.));
#2833=DIRECTION('',(0.,1.,0.));
#2834=DIRECTION('',(0.,0.,1.));
#2835=DIRECTION('center_axis',(0.,1.,0.));
#2836=DIRECTION('ref_axis',(-1.,0.,0.));
#2837=DIRECTION('',(-1.,0.,0.));
#2838=DIRECTION('center_axis',(-1.,0.,0.));
#2839=DIRECTION('ref_axis',(0.,-1.,0.));
#2840=DIRECTION('',(0.,-1.,0.));
#2841=DIRECTION('',(0.,0.,-1.));
#2842=DIRECTION('',(0.,-1.,0.));
#2843=DIRECTION('center_axis',(0.,0.,-1.));
#2844=DIRECTION('ref_axis',(-1.,0.,0.));
#2845=DIRECTION('',(0.,1.,0.));
#2846=DIRECTION('',(1.,0.,0.));
#2847=DIRECTION('',(0.,1.,0.));
#2848=DIRECTION('',(-1.,2.14881875733901E-16,0.));
#2849=DIRECTION('',(0.,-1.,0.));
#2850=DIRECTION('',(1.,0.,0.));
#2851=DIRECTION('center_axis',(0.,1.,0.));
#2852=DIRECTION('ref_axis',(-1.,0.,0.));
#2853=DIRECTION('center_axis',(0.,1.,0.));
#2854=DIRECTION('ref_axis',(-1.,0.,0.));
#2855=DIRECTION('',(0.,-1.,0.));
#2856=DIRECTION('center_axis',(0.,1.,0.));
#2857=DIRECTION('ref_axis',(-1.,0.,0.));
#2858=DIRECTION('center_axis',(0.,1.,0.));
#2859=DIRECTION('ref_axis',(-1.,0.,0.));
#2860=DIRECTION('',(0.,-1.,0.));
#2861=DIRECTION('center_axis',(-2.14881875733901E-16,-1.,0.));
#2862=DIRECTION('ref_axis',(-1.,0.,0.));
#2863=DIRECTION('center_axis',(0.,1.,0.));
#2864=DIRECTION('ref_axis',(-1.,0.,0.));
#2865=DIRECTION('center_axis',(0.,1.,0.));
#2866=DIRECTION('ref_axis',(-1.,0.,0.));
#2867=DIRECTION('',(0.,-1.,0.));
#2868=DIRECTION('center_axis',(0.,1.,0.));
#2869=DIRECTION('ref_axis',(-1.,0.,0.));
#2870=DIRECTION('center_axis',(0.,1.,0.));
#2871=DIRECTION('ref_axis',(-1.,0.,0.));
#2872=DIRECTION('',(0.,-1.,0.));
#2873=DIRECTION('center_axis',(-2.14881875733901E-16,-1.,0.));
#2874=DIRECTION('ref_axis',(-1.,0.,0.));
#2875=DIRECTION('center_axis',(-1.,0.,0.));
#2876=DIRECTION('ref_axis',(0.,-1.,0.));
#2877=DIRECTION('',(0.,0.,-1.));
#2878=DIRECTION('',(0.,-1.,0.));
#2879=DIRECTION('',(0.,0.,1.));
#2880=DIRECTION('center_axis',(2.14881875733901E-16,1.,0.));
#2881=DIRECTION('ref_axis',(-1.,2.14881875733901E-16,0.));
#2882=DIRECTION('',(0.,0.,-1.));
#2883=DIRECTION('',(-1.,2.14881875733901E-16,0.));
#2884=DIRECTION('center_axis',(1.,0.,0.));
#2885=DIRECTION('ref_axis',(0.,1.,0.));
#2886=DIRECTION('',(0.,0.,-1.));
#2887=DIRECTION('',(0.,1.,0.));
#2888=DIRECTION('center_axis',(0.,-1.,0.));
#2889=DIRECTION('ref_axis',(1.,0.,0.));
#2890=DIRECTION('',(1.,0.,0.));
#2891=DIRECTION('center_axis',(0.,-1.,0.));
#2892=DIRECTION('ref_axis',(1.,0.,0.));
#2893=DIRECTION('',(0.,0.,-1.));
#2894=DIRECTION('',(1.,0.,0.));
#2895=DIRECTION('center_axis',(1.,0.,0.));
#2896=DIRECTION('ref_axis',(0.,1.,0.));
#2897=DIRECTION('',(0.,1.,0.));
#2898=DIRECTION('center_axis',(0.,0.,-1.));
#2899=DIRECTION('ref_axis',(-1.,0.,0.));
#2900=DIRECTION('center_axis',(-0.707106781186548,0.707106781186548,0.));
#2901=DIRECTION('ref_axis',(0.,0.,1.));
#2902=DIRECTION('',(0.,0.,1.));
#2903=DIRECTION('',(1.25607396694702E-16,1.25607396694702E-16,1.));
#2904=DIRECTION('',(-0.707106781186548,-0.707106781186547,0.));
#2905=DIRECTION('center_axis',(-0.707106781186548,-0.707106781186548,2.10101461844721E-16));
#2906=DIRECTION('ref_axis',(-0.707106781186548,0.707106781186548,-6.2803698347351E-17));
#2907=DIRECTION('center_axis',(-0.707106781186548,-0.707106781186548,1.77635683940025E-16));
#2908=DIRECTION('ref_axis',(-0.707106781186548,0.707106781186548,-6.2803698347351E-17));
#2909=DIRECTION('',(-0.707106781186548,-0.707106781186548,2.10101461844721E-16));
#2910=DIRECTION('center_axis',(-0.707106781186548,-0.707106781186548,2.10101461844721E-16));
#2911=DIRECTION('ref_axis',(-0.707106781186548,0.707106781186548,-6.2803698347351E-17));
#2912=DIRECTION('center_axis',(-0.707106781186548,-0.707106781186548,1.77635683940025E-16));
#2913=DIRECTION('ref_axis',(-0.707106781186548,0.707106781186548,-6.2803698347351E-17));
#2914=DIRECTION('',(-0.707106781186548,-0.707106781186548,2.10101461844721E-16));
#2915=DIRECTION('center_axis',(0.707106781186548,0.707106781186548,-1.77635683940025E-16));
#2916=DIRECTION('ref_axis',(1.25607396694702E-16,1.25607396694702E-16,1.));
#2917=DIRECTION('',(0.707106781186547,-0.707106781186548,0.));
#2918=DIRECTION('center_axis',(0.707106781186548,0.707106781186548,0.));
#2919=DIRECTION('ref_axis',(0.707106781186548,-0.707106781186548,6.2803698347351E-17));
#2920=DIRECTION('',(-0.707106781186548,-0.707106781186548,0.));
#2921=DIRECTION('center_axis',(-0.707106781186548,-0.707106781186548,1.77635683940025E-16));
#2922=DIRECTION('ref_axis',(0.707106781186548,-0.707106781186548,6.2803698347351E-17));
#2923=DIRECTION('center_axis',(0.707106781186548,0.707106781186548,0.));
#2924=DIRECTION('ref_axis',(0.707106781186548,-0.707106781186548,6.2803698347351E-17));
#2925=DIRECTION('',(-0.707106781186548,-0.707106781186548,0.));
#2926=DIRECTION('center_axis',(-0.707106781186548,-0.707106781186548,1.77635683940025E-16));
#2927=DIRECTION('ref_axis',(0.707106781186548,-0.707106781186548,6.2803698347351E-17));
#2928=DIRECTION('center_axis',(-5.83628062488503E-16,5.83628062488503E-16,
-1.));
#2929=DIRECTION('ref_axis',(-0.707106781186548,0.707106781186548,8.25374721352773E-16));
#2930=DIRECTION('',(-0.707106781186548,0.707106781186548,8.25374721352773E-16));
#2931=DIRECTION('center_axis',(0.707106781186548,0.707106781186548,-1.77635683940025E-16));
#2932=DIRECTION('ref_axis',(-2.51214793389404E-16,0.,-1.));
#2933=CARTESIAN_POINT('',(0.,0.,0.));
#2934=CARTESIAN_POINT('Origin',(49.1978534805994,7.37068901432406,-52.4999999999994));
#2935=CARTESIAN_POINT('',(24.2121446981097,-9.25000000052358,-40.));
#2936=CARTESIAN_POINT('',(26.920310216783,-9.25,-45.0358347541117));
#2937=CARTESIAN_POINT('Ctrl Pts',(24.2121446995281,-9.25,-39.9999999998417));
#2938=CARTESIAN_POINT('Ctrl Pts',(24.2364450078964,-9.25,-40.2177653848384));
#2939=CARTESIAN_POINT('Ctrl Pts',(24.2647369313285,-9.25,-40.4358177166657));
#2940=CARTESIAN_POINT('Ctrl Pts',(24.4430835635835,-9.25,-41.6271522272149));
#2941=CARTESIAN_POINT('Ctrl Pts',(24.6669708583656,-9.25,-42.5849765556683));
#2942=CARTESIAN_POINT('Ctrl Pts',(25.1942736277048,-9.25,-43.8345617072207));
#2943=CARTESIAN_POINT('Ctrl Pts',(25.4491094629794,-9.25,-44.3128602867012));
#2944=CARTESIAN_POINT('Ctrl Pts',(25.8636988929284,-9.25,-44.7311560529958));
#2945=CARTESIAN_POINT('Ctrl Pts',(25.9916487597682,-9.25,-44.8349930740423));
#2946=CARTESIAN_POINT('Ctrl Pts',(26.2084360208142,-9.25,-44.9592228969155));
#2947=CARTESIAN_POINT('Ctrl Pts',(26.3338322460486,-9.25,-45.0093624063237));
#2948=CARTESIAN_POINT('Ctrl Pts',(26.5434525187566,-9.25,-45.0552246528205));
#2949=CARTESIAN_POINT('Ctrl Pts',(26.6656383458431,-9.25,-45.063196097111));
#2950=CARTESIAN_POINT('Ctrl Pts',(26.8159724111871,-9.25,-45.0525317040802));
#2951=CARTESIAN_POINT('Ctrl Pts',(26.8680858257711,-9.25,-45.0457989632442));
#2952=CARTESIAN_POINT('Ctrl Pts',(26.920310216783,-9.25,-45.0358347541117));
#2953=CARTESIAN_POINT('',(28.2586560795782,-7.91165413720482,-40.));
#2954=CARTESIAN_POINT('Origin',(46.3694263558532,10.1991161390702,-52.4999999999994));
#2955=CARTESIAN_POINT('Ctrl Pts',(28.2586560795782,-7.91165413720483,-40.));
#2956=CARTESIAN_POINT('Ctrl Pts',(28.138813972105,-7.91136962761146,-40.));
#2957=CARTESIAN_POINT('Ctrl Pts',(28.0211091449195,-7.91448429373444,-40.));
#2958=CARTESIAN_POINT('Ctrl Pts',(27.5133293179723,-7.94110110559717,-40.));
#2959=CARTESIAN_POINT('Ctrl Pts',(27.0856657575517,-8.00177234338862,-40.));
#2960=CARTESIAN_POINT('Ctrl Pts',(26.2505668765565,-8.20667059547842,-40.));
#2961=CARTESIAN_POINT('Ctrl Pts',(25.8430965627432,-8.35075496235384,-40.));
#2962=CARTESIAN_POINT('Ctrl Pts',(25.1157820081277,-8.67690471965609,-40.));
#2963=CARTESIAN_POINT('Ctrl Pts',(24.7287146109691,-8.89098995813624,-40.));
#2964=CARTESIAN_POINT('Ctrl Pts',(24.3143639556231,-9.17650396258475,-40.));
#2965=CARTESIAN_POINT('Ctrl Pts',(24.2629644431285,-9.21294388457429,-40.));
#2966=CARTESIAN_POINT('Ctrl Pts',(24.2121446981097,-9.25000000104716,-40.));
#2967=CARTESIAN_POINT('Origin',(46.3694263558532,10.1991161390702,-38.2499999999994));
#2968=CARTESIAN_POINT('',(26.920310216783,-9.25,-52.4999999999994));
#2969=CARTESIAN_POINT('',(26.920310216783,-9.25,-30.9924891644131));
#2970=CARTESIAN_POINT('',(28.6917568261897,-7.47855339059329,-52.4999999999994));
#2971=CARTESIAN_POINT('',(23.031222920257,-13.139087296526,-52.4999999999994));
#2972=CARTESIAN_POINT('',(29.7524169979693,-6.41789321881368,-52.4999999999994));
#2973=CARTESIAN_POINT('',(23.031222920257,-13.139087296526,-52.4999999999994));
#2974=CARTESIAN_POINT('',(62.9864357137372,26.8161254969542,-52.4999999999994));
#2975=CARTESIAN_POINT('Origin',(46.3694263558532,10.1991161390702,-52.4999999999994));
#2976=CARTESIAN_POINT('',(64.0470958855171,27.8767856687341,-52.4999999999994));
#2977=CARTESIAN_POINT('',(28.3382034355962,-7.83210678118678,-52.4999999999994));
#2978=CARTESIAN_POINT('',(66.5219696196699,30.3516594028869,-52.4999999999994));
#2979=CARTESIAN_POINT('',(28.3382034355962,-7.83210678118678,-52.4999999999994));
#2980=CARTESIAN_POINT('',(64.4801966321283,28.3098864153453,-40.));
#2981=CARTESIAN_POINT('Origin',(46.3694263558532,10.1991161390702,-52.4999999999994));
#2982=CARTESIAN_POINT('',(47.6909046026611,11.5205943858781,-24.0613398612652));
#2983=CARTESIAN_POINT('Origin',(46.3694263558532,10.1991161390702,-52.4999999999994));
#2984=CARTESIAN_POINT('',(47.42428740134,11.253977184557,-23.9999999999993));
#2985=CARTESIAN_POINT('Origin',(47.7836399182265,11.6133297014435,-22.065644412933));
#2986=CARTESIAN_POINT('',(43.1339468253638,6.96363660858081,-23.9999999999994));
#2987=CARTESIAN_POINT('',(46.3694263558534,10.1991161390704,-23.9999999999994));
#2988=CARTESIAN_POINT('',(42.4049916154305,6.23468139864745,-24.5569057837559));
#2989=CARTESIAN_POINT('Origin',(42.1267856687341,5.95647545195112,-22.595986891388));
#2990=CARTESIAN_POINT('Origin',(46.3694263558532,10.1991161390702,-52.4999999999994));
#2991=CARTESIAN_POINT('Origin',(27.6274169979695,-17.7352813742386,-62.5871205009155));
#2992=CARTESIAN_POINT('',(19.142135623731,-9.25,-62.5871205009155));
#2993=CARTESIAN_POINT('Origin',(36.1126983722081,-9.25,-62.5871205009154));
#2994=CARTESIAN_POINT('',(24.8026695296637,-3.58946609406726,-62.5871205009154));
#2995=CARTESIAN_POINT('',(19.142135623731,-9.24999999999999,-62.5871205009155));
#2996=CARTESIAN_POINT('Origin',(33.2879509039023,-12.0747474683058,-62.5871205009154));
#2997=CARTESIAN_POINT('Ctrl Pts',(43.1126900540321,4.42603491520198,-19.9552642846803));
#2998=CARTESIAN_POINT('Ctrl Pts',(44.5134534420932,5.88585933233677,-19.5584169093769));
#2999=CARTESIAN_POINT('Ctrl Pts',(45.9544986174156,7.35781809219322,-19.3506999922161));
#3000=CARTESIAN_POINT('Ctrl Pts',(47.4109054507437,8.81645647400136,-19.3357056013112));
#3001=CARTESIAN_POINT('Ctrl Pts',(42.8816512201609,4.64750009173138,-19.9565924315672));
#3002=CARTESIAN_POINT('Ctrl Pts',(44.2836720330681,6.10901003292178,-19.5588985517265));
#3003=CARTESIAN_POINT('Ctrl Pts',(45.72614039951,7.5826161435767,-19.3507345777559));
#3004=CARTESIAN_POINT('Ctrl Pts',(47.1841346189742,9.04285814603466,-19.3357075001927));
#3005=CARTESIAN_POINT('Ctrl Pts',(42.4418491867758,5.11092293217249,-20.1132498629785));
#3006=CARTESIAN_POINT('Ctrl Pts',(43.8396073137542,6.56902117432987,-19.7160081637408));
#3007=CARTESIAN_POINT('Ctrl Pts',(45.2780935375269,8.03908868460488,-19.5080580938518));
#3008=CARTESIAN_POINT('Ctrl Pts',(46.7322996553904,9.49557485665594,-19.4930470786453));
#3009=CARTESIAN_POINT('Ctrl Pts',(41.9183346503651,5.81534994462314,-20.862522364711));
#3010=CARTESIAN_POINT('Ctrl Pts',(43.2871253566941,7.24508263024866,-20.4732098562987));
#3011=CARTESIAN_POINT('Ctrl Pts',(44.6962754443404,8.68613621232028,-20.2694074206459));
#3012=CARTESIAN_POINT('Ctrl Pts',(46.1212726440889,10.1134362762621,-20.2546958825194));
#3013=CARTESIAN_POINT('Ctrl Pts',(41.8767199442884,6.07504841740622,-21.6723874482125));
#3014=CARTESIAN_POINT('Ctrl Pts',(43.2115336626247,7.46991211186523,-21.2933114317705));
#3015=CARTESIAN_POINT('Ctrl Pts',(44.5856697386691,8.87545812192042,-21.0948994735026));
#3016=CARTESIAN_POINT('Ctrl Pts',(45.9754517555796,10.2675091669365,-21.080575847619));
#3017=CARTESIAN_POINT('Ctrl Pts',(41.979530213624,6.10373090706127,-22.1404358521032));
#3018=CARTESIAN_POINT('Ctrl Pts',(43.2940408357849,7.47730255829587,-21.7675200503722));
#3019=CARTESIAN_POINT('Ctrl Pts',(44.6472527881484,8.8614280951934,-21.5723293410047));
#3020=CARTESIAN_POINT('Ctrl Pts',(46.0157648496142,10.2321717051393,-21.5582391752287));
#3021=CARTESIAN_POINT('',(43.3661615947463,7.54182181064335,-21.8155165376965));
#3022=CARTESIAN_POINT('',(46.,10.2163798824621,-21.558409485187));
#3023=CARTESIAN_POINT('Origin',(48.6439150042658,7.92462749065804,-52.7225864890425));
#3024=CARTESIAN_POINT('',(46.,7.39436554256781,-19.4108639370684));
#3025=CARTESIAN_POINT('Ctrl Pts',(46.,10.2163798824621,-21.558409485187));
#3026=CARTESIAN_POINT('Ctrl Pts',(46.,10.2458121605334,-21.3725718567903));
#3027=CARTESIAN_POINT('Ctrl Pts',(45.9999999999999,10.238193516755,-21.1854195702858));
#3028=CARTESIAN_POINT('Ctrl Pts',(45.9999999999999,10.1484003123344,-20.8107927692065));
#3029=CARTESIAN_POINT('Ctrl Pts',(45.9999999999974,10.0646437637392,-20.631589261201));
#3030=CARTESIAN_POINT('Ctrl Pts',(45.9999999999974,9.81332115803509,-20.2660448031503));
#3031=CARTESIAN_POINT('Ctrl Pts',(45.9999999999731,9.6330393497862,-20.0927464377294));
#3032=CARTESIAN_POINT('Ctrl Pts',(45.9999999999731,9.17135700374247,-19.7660339143986));
#3033=CARTESIAN_POINT('Ctrl Pts',(45.9999999996965,8.86095930959396,-19.6222163546601));
#3034=CARTESIAN_POINT('Ctrl Pts',(45.9999999996965,8.15255388370177,-19.4302583619113));
#3035=CARTESIAN_POINT('Ctrl Pts',(46.,7.77091271472213,-19.3928032153703));
#3036=CARTESIAN_POINT('Ctrl Pts',(46.,7.39436554256781,-19.4108639370684));
#3037=CARTESIAN_POINT('',(43.1126900540321,4.42603491520199,-19.9552642846803));
#3038=CARTESIAN_POINT('Origin',(50.0493429203994,6.51919957452436,-52.5));
#3039=CARTESIAN_POINT('Ctrl Pts',(43.1126900540321,4.426034915202,-19.9552642846803));
#3040=CARTESIAN_POINT('Ctrl Pts',(43.1126769139065,4.42906128999285,-19.9548462607113));
#3041=CARTESIAN_POINT('Ctrl Pts',(43.1126642712887,4.43208814751267,-19.9544317040652));
#3042=CARTESIAN_POINT('Ctrl Pts',(43.1111730144309,4.8037836322451,-19.9039583710494));
#3043=CARTESIAN_POINT('Ctrl Pts',(43.1170541022697,5.18241008488024,-19.9049408867296));
#3044=CARTESIAN_POINT('Ctrl Pts',(43.1419425220595,5.9218449158415,-20.0212899042826));
#3045=CARTESIAN_POINT('Ctrl Pts',(43.1604916248766,6.26485176411109,-20.1357452543729));
#3046=CARTESIAN_POINT('Ctrl Pts',(43.2002228836654,6.78208778358709,-20.4209284157145));
#3047=CARTESIAN_POINT('Ctrl Pts',(43.2205016457697,6.98746943159131,-20.5772135089688));
#3048=CARTESIAN_POINT('Ctrl Pts',(43.2621801333026,7.28450512719467,-20.9181784533574));
#3049=CARTESIAN_POINT('Ctrl Pts',(43.2821693086075,7.38929186608938,-21.08761999985));
#3050=CARTESIAN_POINT('Ctrl Pts',(43.323947013394,7.5208951745705,-21.4480481736459));
#3051=CARTESIAN_POINT('Ctrl Pts',(43.3447889099165,7.54977725207425,-21.6303365317047));
#3052=CARTESIAN_POINT('Ctrl Pts',(43.3661615947463,7.54182181064338,-21.8155165376965));
#3053=CARTESIAN_POINT('Origin',(27.9846500450031,20.0986110756821,-21.9178493630607));
#3054=CARTESIAN_POINT('',(28.7426084449288,18.7961165243053,-19.9552642846803));
#3055=CARTESIAN_POINT('',(27.7123819692775,19.8263429999565,-19.9552642846803));
#3056=CARTESIAN_POINT('',(33.6879380704717,17.2237501749598,-21.9178493630607));
#3057=CARTESIAN_POINT('Origin',(32.2737245080986,15.8095366125867,-21.9178493630607));
#3058=CARTESIAN_POINT('',(43.3761175624661,7.53557068296531,-21.9178493630607));
#3059=CARTESIAN_POINT('',(29.3988636073762,21.5128246380552,-21.9178493630607));
#3060=CARTESIAN_POINT('Origin',(41.961904000093,6.12135712059222,-21.9178493630607));
#3061=CARTESIAN_POINT('Origin',(46.3694263558534,10.1991161390704,-23.9999999999994));
#3062=CARTESIAN_POINT('',(46.,10.5685424949238,-19.3348281317037));
#3063=CARTESIAN_POINT('',(46.,11.4547878010922,-13.739008281229));
#3064=CARTESIAN_POINT('',(43.4298180225842,7.48187022284724,-22.595986891388));
#3065=CARTESIAN_POINT('',(43.1715728752538,7.74011537017761,-19.3348281317037));
#3066=CARTESIAN_POINT('Origin',(42.0156044602111,6.06765666047414,-22.595986891388));
#3067=CARTESIAN_POINT('',(46.21624830462,10.3522941903038,-22.065644412933));
#3068=CARTESIAN_POINT('Origin',(47.6304618669931,11.7665077526769,-22.065644412933));
#3069=CARTESIAN_POINT('',(46.,10.5685424949238,-19.3348281317037));
#3070=CARTESIAN_POINT('Origin',(36.4699314192417,14.4417568261897,-24.1674140658515));
#3071=CARTESIAN_POINT('',(42.1267856687341,8.78490257669731,-26.9999999999994));
#3072=CARTESIAN_POINT('',(42.1267856687341,8.78490257669731,-26.9999999999994));
#3073=CARTESIAN_POINT('',(42.1267856687341,8.78490257669731,-22.595986891388));
#3074=CARTESIAN_POINT('',(42.1267856687341,8.78490257669732,-31.2087070329255));
#3075=CARTESIAN_POINT('',(42.1267856687341,8.78490257669732,-22.595986891388));
#3076=CARTESIAN_POINT('Origin',(33.6415042944955,25.7554653251745,-21.3990685415943));
#3077=CARTESIAN_POINT('',(33.8457762047798,25.7327054653739,-19.4031911185634));
#3078=CARTESIAN_POINT('',(35.654936126698,20.9136063682259,-21.3990685415943));
#3079=CARTESIAN_POINT('Origin',(37.0691496890711,22.327819930599,-21.3990685415943));
#3080=CARTESIAN_POINT('',(46.,13.5784816701537,-19.4031911185634));
#3081=CARTESIAN_POINT('',(33.7322603197374,25.8462213504164,-19.4031911185634));
#3082=CARTESIAN_POINT('',(46.,10.5685424949238,-21.3990685415943));
#3083=CARTESIAN_POINT('Origin',(46.,13.39696961967,-21.3990685415943));
#3084=CARTESIAN_POINT('',(32.2272907321224,24.3412517628014,-21.3990685415943));
#3085=CARTESIAN_POINT('Origin',(39.2983585439879,17.2701839509359,-24.1674140658515));
#3086=CARTESIAN_POINT('',(46.,10.5685424949238,-12.0837070329258));
#3087=CARTESIAN_POINT('',(44.9552127934803,11.6133297014435,-22.065644412933));
#3088=CARTESIAN_POINT('',(44.9552127934803,11.6133297014435,-22.065644412933));
#3089=CARTESIAN_POINT('',(44.9552127934803,11.6133297014435,-26.9999999999994));
#3090=CARTESIAN_POINT('',(44.9552127934803,11.6133297014435,-31.2087070329255));
#3091=CARTESIAN_POINT('',(44.9552127934803,11.6133297014435,-26.9999999999994));
#3092=CARTESIAN_POINT('Origin',(40.712572106361,7.37068901432422,-22.595986891388));
#3093=CARTESIAN_POINT('',(40.9907780530574,7.64889496102055,-24.5569057837559));
#3094=CARTESIAN_POINT('Origin',(40.712572106361,7.37068901432422,-22.595986891388));
#3095=CARTESIAN_POINT('',(40.9907780530574,7.64889496102056,-24.5569057837559));
#3096=CARTESIAN_POINT('Origin',(44.9552127934802,11.6133297014433,-52.4999999999994));
#3097=CARTESIAN_POINT('',(26.8444425172051,-6.49744057483173,-40.));
#3098=CARTESIAN_POINT('Origin',(44.9552127934802,11.6133297014433,-52.4999999999994));
#3099=CARTESIAN_POINT('',(26.844442517205,-6.4974405748317,-40.));
#3100=CARTESIAN_POINT('Origin',(46.3694263558534,13.0275432638166,-22.065644412933));
#3101=CARTESIAN_POINT('',(46.276691040288,12.9348079482511,-24.0613398612652));
#3102=CARTESIAN_POINT('',(46.276691040288,12.9348079482511,-24.0613398612652));
#3103=CARTESIAN_POINT('Origin',(46.3694263558534,13.0275432638166,-22.065644412933));
#3104=CARTESIAN_POINT('Origin',(32.2272907321224,24.3412517628014,-19.3348281317037));
#3105=CARTESIAN_POINT('',(32.2272907321224,24.3412517628014,-19.3348281317037));
#3106=CARTESIAN_POINT('Origin',(87.2976440058936,-30.7291015109698,-52.5));
#3107=CARTESIAN_POINT('Origin',(87.2976440058936,-30.7291015109698,-52.5));
#3108=CARTESIAN_POINT('',(44.9552127934802,11.6133297014434,-26.9999999999994));
#3109=CARTESIAN_POINT('Origin',(32.2272907321224,24.3412517628014,-52.5));
#3110=CARTESIAN_POINT('',(46.,-9.25,-22.4410360833564));
#3111=CARTESIAN_POINT('Origin',(46.,10.5685424949238,-52.5));
#3112=CARTESIAN_POINT('',(22.3748174001847,-9.25,-40.));
#3113=CARTESIAN_POINT('Origin',(65.8185424949238,-9.25,-52.5));
#3114=CARTESIAN_POINT('',(20.7584765119578,-7.63365911177313,-40.));
#3115=CARTESIAN_POINT('',(10.5054281847529,2.61938921543183,-40.));
#3116=CARTESIAN_POINT('',(25.3077437214088,-3.08439190232211,-29.9138855981417));
#3117=CARTESIAN_POINT('Origin',(42.4803390593274,14.0882034355964,-52.5));
#3118=CARTESIAN_POINT('',(15.0546953942039,7.16865642488285,-29.9138855981417));
#3119=CARTESIAN_POINT('',(15.0546953942039,7.16865642488284,-29.9138855981417));
#3120=CARTESIAN_POINT('Origin',(32.2272907321224,24.3412517628014,-52.5));
#3121=CARTESIAN_POINT('Origin',(32.2272907321224,24.3412517628014,-52.5));
#3122=CARTESIAN_POINT('',(49.3998860700409,41.5138471007199,-29.9138855981417));
#3123=CARTESIAN_POINT('Origin',(32.2272907321224,24.3412517628014,-52.5));
#3124=CARTESIAN_POINT('',(59.6529343972459,31.2607987735149,-29.9138855981417));
#3125=CARTESIAN_POINT('',(49.399886070041,41.5138471007199,-29.9138855981417));
#3126=CARTESIAN_POINT('',(46.,17.6078643762691,-19.710480351505));
#3127=CARTESIAN_POINT('Origin',(42.4803390593274,14.0882034355964,-52.5));
#3128=CARTESIAN_POINT('Origin',(46.,10.5685424949238,-52.5));
#3129=CARTESIAN_POINT('Origin',(44.9552127934802,11.6133297014433,-38.2499999999994));
#3130=CARTESIAN_POINT('',(63.0659830697552,29.7240999777184,-40.));
#3131=CARTESIAN_POINT('Origin',(44.9552127934802,11.6133297014433,-52.4999999999994));
#3132=CARTESIAN_POINT('',(60.6714464389821,27.3295633469453,-40.));
#3133=CARTESIAN_POINT('',(69.7039501350095,36.3620670429727,-40.));
#3134=CARTESIAN_POINT('',(62.632882323144,29.2909992311072,-47.4750621894398));
#3135=CARTESIAN_POINT('Origin',(44.9552127934801,11.6133297014433,-52.4999999999994));
#3136=CARTESIAN_POINT('',(62.632882323144,29.2909992311072,-52.4999999999994));
#3137=CARTESIAN_POINT('',(62.632882323144,29.2909992311072,-45.3749999999997));
#3138=CARTESIAN_POINT('',(61.5722221513641,28.2303390593273,-52.4999999999994));
#3139=CARTESIAN_POINT('',(26.9239898732231,-6.41789321881369,-52.4999999999994));
#3140=CARTESIAN_POINT('',(28.3382034355962,-5.00367965644058,-52.4999999999994));
#3141=CARTESIAN_POINT('Origin',(44.9552127934802,11.6133297014433,-52.4999999999994));
#3142=CARTESIAN_POINT('',(27.2775432638166,-6.06433982822019,-52.4999999999994));
#3143=CARTESIAN_POINT('',(21.6170093578839,-11.7248737341529,-52.4999999999994));
#3144=CARTESIAN_POINT('',(27.2775432638166,-6.06433982822018,-47.4750621894374));
#3145=CARTESIAN_POINT('',(27.2775432638166,-6.06433982822019,-51.6249999999997));
#3146=CARTESIAN_POINT('',(29.2389791479781,-4.10290394405865,-40.));
#3147=CARTESIAN_POINT('Origin',(44.9552127934801,11.6133297014433,-52.4999999999994));
#3148=CARTESIAN_POINT('',(69.7039501350095,36.3620670429727,-40.));
#3149=CARTESIAN_POINT('Origin',(44.9552127934802,11.6133297014433,-52.4999999999994));
#3150=CARTESIAN_POINT('',(63.0659830697552,29.7240999777184,-40.));
#3151=CARTESIAN_POINT('Origin',(32.9343975133088,-12.4283008588993,-62.5871205009154));
#3152=CARTESIAN_POINT('',(60.1580085889911,31.7658729652601,-62.5871205009154));
#3153=CARTESIAN_POINT('Origin',(68.6432899632296,23.2805915910215,-62.5871205009154));
#3154=CARTESIAN_POINT('',(67.2290764008565,38.8369407771256,-62.5871205009154));
#3155=CARTESIAN_POINT('',(24.4491161390702,-3.94301948466076,-62.5871205009154));
#3156=CARTESIAN_POINT('',(69.7039501350095,36.3620670429727,-54.1165833278667));
#3157=CARTESIAN_POINT('Origin',(75.7143577750951,30.351659402887,-62.5871205009154));
#3158=CARTESIAN_POINT('',(68.2419945232149,34.9001114311781,-54.1165833278667));
#3159=CARTESIAN_POINT('',(26.9239898732231,-6.41789321881369,-54.1165833278667));
#3160=CARTESIAN_POINT('Ctrl Pts',(68.2419945232149,34.9001114311781,-54.1165833278667));
#3161=CARTESIAN_POINT('Ctrl Pts',(68.0848609576015,34.7429778646743,-54.1165833272349));
#3162=CARTESIAN_POINT('Ctrl Pts',(67.9360217692681,34.5767547051658,-54.1041921758669));
#3163=CARTESIAN_POINT('Ctrl Pts',(67.3994612307788,33.9039374682837,-54.0083572710492));
#3164=CARTESIAN_POINT('Ctrl Pts',(67.0996568875218,33.3642979078816,-53.8399393347666));
#3165=CARTESIAN_POINT('Ctrl Pts',(66.6010225277943,32.0311008713264,-53.3152942673858));
#3166=CARTESIAN_POINT('Ctrl Pts',(66.4748717033271,31.1967972201361,-52.9065470016226));
#3167=CARTESIAN_POINT('Ctrl Pts',(66.5219696196699,30.3516594028869,-52.4999999999994));
#3168=CARTESIAN_POINT('Origin',(42.4803390593272,14.0882034355963,-52.4999999999994));
#3169=CARTESIAN_POINT('',(60.1580085889911,31.7658729652601,-47.4750621894398));
#3170=CARTESIAN_POINT('',(60.1580085889911,31.7658729652601,-47.4750621894398));
#3171=CARTESIAN_POINT('',(58.1965727048292,29.8044370810982,-40.));
#3172=CARTESIAN_POINT('',(58.1965727048292,29.8044370810982,-40.));
#3173=CARTESIAN_POINT('Origin',(42.4803390593272,14.0882034355963,-52.4999999999994));
#3174=CARTESIAN_POINT('Origin',(60.5115619795842,32.1194263558533,-52.4999999999994));
#3175=CARTESIAN_POINT('',(58.3902416360247,33.5336399182265,-52.4999999999994));
#3176=CARTESIAN_POINT('',(61.5722221513641,28.2303390593273,-52.4999999999994));
#3177=CARTESIAN_POINT('Origin',(19.142135623731,-9.25,-52.4999999999994));
#3178=CARTESIAN_POINT('',(21.267135623731,-0.053932188134522,-52.4999999999994));
#3179=CARTESIAN_POINT('',(28.3382034355962,-5.00367965644058,-52.4999999999994));
#3180=CARTESIAN_POINT('Origin',(49.1978534805994,7.37068901432406,-52.4999999999994));
#3181=CARTESIAN_POINT('',(66.5296391987753,33.1877561067385,-40.));
#3182=CARTESIAN_POINT('Ctrl Pts',(66.5296391987753,33.1877561067385,-40.));
#3183=CARTESIAN_POINT('Ctrl Pts',(66.237440835286,32.8955577432492,-40.));
#3184=CARTESIAN_POINT('Ctrl Pts',(65.945642600967,32.5487174605523,-40.));
#3185=CARTESIAN_POINT('Ctrl Pts',(65.4371966546334,31.8037394975767,-40.));
#3186=CARTESIAN_POINT('Ctrl Pts',(65.220535938631,31.4056106925765,-40.));
#3187=CARTESIAN_POINT('Ctrl Pts',(64.8932902292231,30.6578812987304,-40.));
#3188=CARTESIAN_POINT('Ctrl Pts',(64.7504854826013,30.2394754715223,-40.));
#3189=CARTESIAN_POINT('Ctrl Pts',(64.5524836514829,29.3827276525986,-40.));
#3190=CARTESIAN_POINT('Ctrl Pts',(64.4974444628527,28.9443491774458,-40.));
#3191=CARTESIAN_POINT('Ctrl Pts',(64.4812780534354,28.4657055808925,-40.));
#3192=CARTESIAN_POINT('Ctrl Pts',(64.4800103584656,28.3883492469045,-40.));
#3193=CARTESIAN_POINT('Ctrl Pts',(64.4801966321283,28.3098864153453,-40.));
#3194=CARTESIAN_POINT('Origin',(44.9552127934802,11.6133297014433,-52.4999999999994));
#3195=CARTESIAN_POINT('Origin',(65.1876982869958,31.845815194959,-46.2499999999997));
#3196=CARTESIAN_POINT('',(69.7039501350095,36.3620670429727,-40.));
#3197=CARTESIAN_POINT('',(69.7039501350095,36.3620670429727,-49.3749999999999));
#3198=CARTESIAN_POINT('',(69.7039501350095,36.3620670429727,-40.));
#3199=CARTESIAN_POINT('Origin',(44.9552127934802,11.6133297014433,-52.4999999999994));
#3200=CARTESIAN_POINT('Origin',(67.2290764008566,38.8369407771256,-40.));
#3201=CARTESIAN_POINT('',(60.1580085889911,31.7658729652601,-40.));
#3202=CARTESIAN_POINT('',(67.2290764008566,38.8369407771256,-40.));
#3203=CARTESIAN_POINT('',(44.2481060122938,15.8559703885628,-40.));
#3204=CARTESIAN_POINT('',(67.2290764008566,38.8369407771256,-40.));
#3205=CARTESIAN_POINT('',(67.2290764008566,38.8369407771256,-40.));
#3206=CARTESIAN_POINT('Origin',(62.7128245528429,34.3206889291119,-46.2499999999997));
#3207=CARTESIAN_POINT('',(60.1580085889911,31.7658729652601,-52.5));
#3208=CARTESIAN_POINT('Origin',(26.7641054138252,-1.62803020990573,-40.));
#3209=CARTESIAN_POINT('',(15.3550784797388,-9.25,-40.));
#3210=CARTESIAN_POINT('',(26.7641054138252,-1.62803020990573,-40.));
#3211=CARTESIAN_POINT('',(26.7641054138252,-1.62803020990573,-40.));
#3212=CARTESIAN_POINT('',(24.8026695296637,-3.58946609406726,-40.));
#3213=CARTESIAN_POINT('',(67.2290764008566,38.8369407771256,-40.));
#3214=CARTESIAN_POINT('',(24.0156205187781,-4.37651510495287,-40.));
#3215=CARTESIAN_POINT('Origin',(42.4803390593272,14.0882034355963,-52.4999999999994));
#3216=CARTESIAN_POINT('',(24.8026695296637,-3.58946609406726,-47.4750621894374));
#3217=CARTESIAN_POINT('',(24.8026695296637,-3.58946609406725,-47.4750621894374));
#3218=CARTESIAN_POINT('Origin',(42.4803390593272,14.0882034355963,-52.4999999999994));
#3219=CARTESIAN_POINT('Origin',(22.9531205187781,-5.43901510495287,-46.2499999999997));
#3220=CARTESIAN_POINT('',(24.8026695296637,-3.58946609406726,-65.));
#3221=CARTESIAN_POINT('Origin',(21.267135623731,-7.125,-52.5));
#3222=CARTESIAN_POINT('',(46.,17.6078643762691,-10.));
#3223=CARTESIAN_POINT('Origin',(34.244452147987,5.85231652425609,-56.6597510600674));
#3224=CARTESIAN_POINT('',(46.,17.6078643762691,-31.25));
#3225=CARTESIAN_POINT('',(60.1580085889911,31.7658729652601,-37.1479507437012));
#3226=CARTESIAN_POINT('Origin',(56.5461942170147,28.1540585932837,-34.));
#3227=CARTESIAN_POINT('',(60.1580085889911,31.7658729652601,-52.5));
#3228=CARTESIAN_POINT('Origin',(21.267135623731,-7.125,-52.5));
#3229=CARTESIAN_POINT('',(60.1580085889911,31.7658729652601,-65.));
#3230=CARTESIAN_POINT('',(60.1580085889911,31.7658729652601,-52.5));
#3231=CARTESIAN_POINT('',(67.2290764008565,38.8369407771256,-65.));
#3232=CARTESIAN_POINT('',(60.1580085889911,31.7658729652601,-65.));
#3233=CARTESIAN_POINT('',(67.2290764008565,38.8369407771256,-10.));
#3234=CARTESIAN_POINT('Origin',(21.267135623731,-7.125,-52.5));
#3235=CARTESIAN_POINT('',(19.142135623731,-9.25,-65.));
#3236=CARTESIAN_POINT('',(19.142135623731,-9.25,-38.1174891644134));
#3237=CARTESIAN_POINT('',(24.8026695296637,-3.58946609406726,-65.));
#3238=CARTESIAN_POINT('',(17.7316017177982,-10.6605339059327,-65.));
#3239=CARTESIAN_POINT('',(24.8026695296637,-3.58946609406726,-65.));
#3240=CARTESIAN_POINT('Origin',(21.267135623731,-7.125,-52.5));
#3241=CARTESIAN_POINT('',(24.8026695296637,-3.58946609406726,-37.1479507437013));
#3242=CARTESIAN_POINT('',(24.8026695296637,-3.58946609406726,-65.));
#3243=CARTESIAN_POINT('Origin',(28.4144839016401,0.0223482779091366,-34.));
#3244=CARTESIAN_POINT('Origin',(14.1960678118655,-7.12499999999998,-46.));
#3245=CARTESIAN_POINT('',(16.3210678118655,-9.25,-44.2059124881991));
#3246=CARTESIAN_POINT('',(16.3210678118655,-9.25,-47.7940875118008));
#3247=CARTESIAN_POINT('Origin',(12.0710678118654,-9.25,-46.));
#3248=CARTESIAN_POINT('',(14.1960678118655,-7.125,-49.5));
#3249=CARTESIAN_POINT('Origin',(14.1960678118655,-7.12499999999999,-46.));
#3250=CARTESIAN_POINT('',(19.8529220613579,-1.4681457505076,-49.5));
#3251=CARTESIAN_POINT('',(14.1960678118655,-7.12499999999998,-49.5));
#3252=CARTESIAN_POINT('Origin',(19.8529220613579,-1.4681457505076,-46.));
#3253=CARTESIAN_POINT('Origin',(14.1960678118655,-7.12499999999999,-46.));
#3254=CARTESIAN_POINT('Origin',(19.8529220613579,-1.4681457505076,-46.));
#3255=CARTESIAN_POINT('',(20.7721608769004,-2.38738456605012,-46.));
#3256=CARTESIAN_POINT('Origin',(19.8529220613579,-1.46814575050761,-46.));
#3257=CARTESIAN_POINT('Origin',(14.1960678118655,-7.12499999999999,-59.));
#3258=CARTESIAN_POINT('',(16.3210678118655,-9.25,-57.2059124881991));
#3259=CARTESIAN_POINT('',(16.3210678118655,-9.25,-60.7940875118009));
#3260=CARTESIAN_POINT('Origin',(12.0710678118655,-9.25,-59.));
#3261=CARTESIAN_POINT('',(14.1960678118655,-7.12500000000001,-62.5));
#3262=CARTESIAN_POINT('Origin',(14.1960678118655,-7.12500000000001,-59.));
#3263=CARTESIAN_POINT('',(19.8529220613579,-1.46814575050761,-62.5));
#3264=CARTESIAN_POINT('',(14.1960678118655,-7.125,-62.5));
#3265=CARTESIAN_POINT('Origin',(19.8529220613579,-1.46814575050761,-59.));
#3266=CARTESIAN_POINT('Origin',(14.1960678118655,-7.12500000000001,-59.));
#3267=CARTESIAN_POINT('Origin',(19.8529220613579,-1.46814575050761,-59.));
#3268=CARTESIAN_POINT('',(20.7721608769004,-2.38738456605012,-59.));
#3269=CARTESIAN_POINT('Origin',(19.8529220613579,-1.46814575050761,-59.));
#3270=CARTESIAN_POINT('Origin',(10.6605339059327,-3.58946609406726,-40.));
#3271=CARTESIAN_POINT('',(16.3210678118654,-9.25,-40.));
#3272=CARTESIAN_POINT('',(16.3210678118655,-9.25,-31.8674891644134));
#3273=CARTESIAN_POINT('',(7.47855339059326,-0.407485578727789,-40.));
#3274=CARTESIAN_POINT('',(10.6605339059327,-3.58946609406727,-40.));
#3275=CARTESIAN_POINT('',(7.47855339059326,-0.407485578727789,-65.));
#3276=CARTESIAN_POINT('',(7.47855339059326,-0.407485578727793,-65.));
#3277=CARTESIAN_POINT('',(16.3210678118655,-9.25,-65.));
#3278=CARTESIAN_POINT('',(10.6605339059327,-3.58946609406726,-65.));
#3279=CARTESIAN_POINT('',(16.3210678118655,-9.25,-31.8674891644134));
#3280=CARTESIAN_POINT('',(16.3210678118655,-9.25,-31.8674891644134));
#3281=CARTESIAN_POINT('Origin',(63.6935424949238,42.3724746830583,-46.));
#3282=CARTESIAN_POINT('',(63.6935424949238,42.3724746830583,-49.5));
#3283=CARTESIAN_POINT('Origin',(63.6935424949238,42.3724746830583,-46.));
#3284=CARTESIAN_POINT('',(58.0366882454314,36.715620433566,-49.5));
#3285=CARTESIAN_POINT('',(63.6935424949238,42.3724746830583,-49.5));
#3286=CARTESIAN_POINT('Origin',(58.0366882454314,36.715620433566,-46.));
#3287=CARTESIAN_POINT('Origin',(58.0366882454314,36.715620433566,-46.));
#3288=CARTESIAN_POINT('',(57.1174494298889,37.6348592491085,-46.));
#3289=CARTESIAN_POINT('Origin',(58.0366882454314,36.715620433566,-46.));
#3290=CARTESIAN_POINT('Origin',(63.6935424949238,42.3724746830583,-59.));
#3291=CARTESIAN_POINT('',(63.6935424949238,42.3724746830583,-62.5));
#3292=CARTESIAN_POINT('Origin',(63.6935424949238,42.3724746830583,-59.));
#3293=CARTESIAN_POINT('',(58.0366882454314,36.7156204335659,-62.5));
#3294=CARTESIAN_POINT('',(63.6935424949238,42.3724746830583,-62.5));
#3295=CARTESIAN_POINT('Origin',(58.0366882454314,36.7156204335659,-59.));
#3296=CARTESIAN_POINT('Origin',(58.0366882454314,36.7156204335659,-59.));
#3297=CARTESIAN_POINT('',(57.1174494298889,37.6348592491085,-59.));
#3298=CARTESIAN_POINT('Origin',(58.0366882454314,36.715620433566,-59.));
#3299=CARTESIAN_POINT('Origin',(-2.6385272929393,-6.25,-3.02869609206132));
#3300=CARTESIAN_POINT('',(19.0607695154587,-9.25,-0.414359353944898));
#3301=CARTESIAN_POINT('',(-2.6385272929393,-9.25,-3.02869609206132));
#3302=CARTESIAN_POINT('',(-14.7115684918829,-9.25,-4.48325913278511));
#3303=CARTESIAN_POINT('',(19.0607695154587,-6.25,-0.414359353944898));
#3304=CARTESIAN_POINT('',(19.0607695154587,-6.25,-0.414359353944898));
#3305=CARTESIAN_POINT('',(-2.6385272929393,-6.25,-3.02869609206132));
#3306=CARTESIAN_POINT('',(-0.712964163892453,-6.25,-2.79670376188215));
#3307=CARTESIAN_POINT('',(-2.6385272929393,-6.25,-3.02869609206132));
#3308=CARTESIAN_POINT('Origin',(-8.80904781354887,-6.25,20.));
#3309=CARTESIAN_POINT('',(-8.80904781354887,-9.25,20.));
#3310=CARTESIAN_POINT('',(-6.93507600656491,-9.25,13.0062420043842));
#3311=CARTESIAN_POINT('',(-8.80904781354887,-6.25,20.));
#3312=CARTESIAN_POINT('',(-6.95150065758293,-6.25,13.06753963648));
#3313=CARTESIAN_POINT('',(-8.80904781354887,-6.25,20.));
#3314=CARTESIAN_POINT('Origin',(3.75,-6.25,20.));
#3315=CARTESIAN_POINT('',(3.75,-9.25,20.));
#3316=CARTESIAN_POINT('',(-11.875,-9.25,20.));
#3317=CARTESIAN_POINT('',(3.75,-6.25,20.));
#3318=CARTESIAN_POINT('',(1.875,-6.25,20.));
#3319=CARTESIAN_POINT('',(3.75,-6.25,20.));
#3320=CARTESIAN_POINT('Origin',(19.0607695154587,-6.25,-0.414359353944898));
#3321=CARTESIAN_POINT('',(10.5803847577293,-9.25,10.8928203230275));
#3322=CARTESIAN_POINT('',(13.7303847577293,-6.25,6.69282032302755));
#3323=CARTESIAN_POINT('Origin',(-22.5,-6.25,20.));
#3324=CARTESIAN_POINT('',(-17.5385651688628,-9.25,15.0385651688628));
#3325=CARTESIAN_POINT('',(-22.5,-9.25,20.));
#3326=CARTESIAN_POINT('',(-18.75,-9.25,16.25));
#3327=CARTESIAN_POINT('',(-17.5385651688628,-6.25,15.0385651688628));
#3328=CARTESIAN_POINT('',(-17.5385651688628,-6.25,15.0385651688628));
#3329=CARTESIAN_POINT('',(-22.5,-6.25,20.));
#3330=CARTESIAN_POINT('',(-13.75,-6.25,11.25));
#3331=CARTESIAN_POINT('',(-22.5,-6.25,20.));
#3332=CARTESIAN_POINT('Origin',(-15.2250101116666,-6.25,20.));
#3333=CARTESIAN_POINT('',(-15.2250101116666,-9.25,20.));
#3334=CARTESIAN_POINT('',(-21.3625050558333,-9.25,20.));
#3335=CARTESIAN_POINT('',(-15.2250101116666,-6.25,20.));
#3336=CARTESIAN_POINT('',(-7.61250505583329,-6.25,20.));
#3337=CARTESIAN_POINT('',(-15.2250101116666,-6.25,20.));
#3338=CARTESIAN_POINT('Origin',(-17.5385651688628,-6.25,15.0385651688628));
#3339=CARTESIAN_POINT('',(-21.3082044756309,-9.25,6.95454758767386));
#3340=CARTESIAN_POINT('',(-17.4160359613778,-6.25,15.3013299022791));
#3341=CARTESIAN_POINT('Origin',(-22.6108075668616,-6.25,-2.93749850560511));
#3342=CARTESIAN_POINT('',(-3.36396103067896,-9.25,-11.9124504407611));
#3343=CARTESIAN_POINT('',(-22.6108075668616,-9.25,-2.93749850560511));
#3344=CARTESIAN_POINT('',(-25.1813473562171,-9.25,-1.73883611623651));
#3345=CARTESIAN_POINT('',(-3.36396103067896,-6.25,-11.9124504407611));
#3346=CARTESIAN_POINT('',(-3.36396103067896,-6.25,-11.9124504407611));
#3347=CARTESIAN_POINT('',(-22.6108075668616,-6.25,-2.93749850560511));
#3348=CARTESIAN_POINT('',(-15.3235158704703,-6.25,-6.33561843084175));
#3349=CARTESIAN_POINT('',(-22.6108075668616,-6.25,-2.93749850560511));
#3350=CARTESIAN_POINT('Origin',(-11.9148763547791,-6.25,20.));
#3351=CARTESIAN_POINT('',(-11.9148763547791,-9.25,20.));
#3352=CARTESIAN_POINT('',(-17.1368983880341,-9.25,8.8013376106314));
#3353=CARTESIAN_POINT('',(-11.9148763547791,-6.25,20.));
#3354=CARTESIAN_POINT('',(-13.2447298737809,-6.25,17.1481199252366));
#3355=CARTESIAN_POINT('',(-11.9148763547791,-6.25,20.));
#3356=CARTESIAN_POINT('Origin',(-3.36396103067896,-6.25,-11.9124504407611));
#3357=CARTESIAN_POINT('',(-5.66142135456355,-9.25,-3.33821178365016));
#3358=CARTESIAN_POINT('',(-5.67784600558157,-6.25,-3.27691415155433));
#3359=CARTESIAN_POINT('Origin',(7.5,-6.25,20.));
#3360=CARTESIAN_POINT('',(22.5,-9.25,0.));
#3361=CARTESIAN_POINT('',(7.5,-9.25,20.));
#3362=CARTESIAN_POINT('',(6.,-9.25,22.));
#3363=CARTESIAN_POINT('',(22.5,-6.25,0.));
#3364=CARTESIAN_POINT('',(22.5,-6.25,0.));
#3365=CARTESIAN_POINT('',(7.5,-6.25,20.));
#3366=CARTESIAN_POINT('',(9.15,-6.25,17.8));
#3367=CARTESIAN_POINT('',(7.5,-6.25,20.));
#3368=CARTESIAN_POINT('Origin',(22.5,-6.25,20.));
#3369=CARTESIAN_POINT('',(22.5,-9.25,20.));
#3370=CARTESIAN_POINT('',(-2.5,-9.25,20.));
#3371=CARTESIAN_POINT('',(22.5,-6.25,20.));
#3372=CARTESIAN_POINT('',(11.25,-6.25,20.));
#3373=CARTESIAN_POINT('',(22.5,-6.25,20.));
#3374=CARTESIAN_POINT('Origin',(22.5,-6.25,0.));
#3375=CARTESIAN_POINT('',(22.5,-9.25,0.));
#3376=CARTESIAN_POINT('',(22.5,-6.25,3.75));
#3377=CARTESIAN_POINT('Origin',(-21.006287199647,-6.25,7.60201127544271));
#3378=CARTESIAN_POINT('',(-18.8877880500234,-9.25,12.1451473629041));
#3379=CARTESIAN_POINT('',(-21.006287199647,-9.25,7.60201127544271));
#3380=CARTESIAN_POINT('',(-23.042065491023,-9.25,3.2362706409638));
#3381=CARTESIAN_POINT('',(-18.8877880500234,-6.25,12.1451473629041));
#3382=CARTESIAN_POINT('',(-18.8877880500234,-6.25,12.1451473629041));
#3383=CARTESIAN_POINT('',(-21.006287199647,-6.25,7.60201127544271));
#3384=CARTESIAN_POINT('',(-19.1498969767698,-6.25,11.583052955569));
#3385=CARTESIAN_POINT('',(-21.006287199647,-6.25,7.60201127544271));
#3386=CARTESIAN_POINT('Origin',(-21.9188255372756,-6.25,15.1761848501563));
#3387=CARTESIAN_POINT('',(-21.9188255372756,-9.25,15.1761848501563));
#3388=CARTESIAN_POINT('',(-21.0576178493947,-9.25,8.02806159558827));
#3389=CARTESIAN_POINT('',(-21.9188255372756,-6.25,15.1761848501563));
#3390=CARTESIAN_POINT('',(-21.3062221773851,-6.25,10.0915062246853));
#3391=CARTESIAN_POINT('',(-21.9188255372756,-6.25,15.1761848501563));
#3392=CARTESIAN_POINT('Origin',(-18.8877880500234,-6.25,12.1451473629041));
#3393=CARTESIAN_POINT('',(-18.0045541967915,-9.25,11.2619135096722));
#3394=CARTESIAN_POINT('',(-13.0045541967915,-6.25,6.26191350967223));
#3395=CARTESIAN_POINT('Origin',(46.2931458898097,38.4071069204887,-34.));
#3396=CARTESIAN_POINT('',(50.9656204335659,40.9582611206853,-37.1479507437012));
#3397=CARTESIAN_POINT('',(47.3538060615895,37.3464467487088,-40.));
#3398=CARTESIAN_POINT('Origin',(47.3538060615895,37.3464467487088,-34.));
#3399=CARTESIAN_POINT('',(49.9049602617861,42.0189212924651,-37.1479507437012));
#3400=CARTESIAN_POINT('',(46.2931458898097,38.4071069204887,-40.));
#3401=CARTESIAN_POINT('Origin',(46.2931458898097,38.4071069204887,-34.));
#3402=CARTESIAN_POINT('',(46.2931458898097,38.4071069204887,-40.));
#3403=CARTESIAN_POINT('Origin',(10.5054281847529,2.61938921543185,-40.));
#3404=CARTESIAN_POINT('',(18.1614355744351,10.2753966051141,-40.));
#3405=CARTESIAN_POINT('',(21.3663594584377,13.4803204891166,-40.));
#3406=CARTESIAN_POINT('',(19.222095746215,9.21473643333427,-40.));
#3407=CARTESIAN_POINT('',(18.1614355744351,10.2753966051141,-40.));
#3408=CARTESIAN_POINT('',(8.53921356237308,-1.4681457505076,-40.));
#3409=CARTESIAN_POINT('Origin',(18.1614355744351,10.2753966051141,-34.));
#3410=CARTESIAN_POINT('',(15.6102813742386,5.60292206135788,-37.1479507437013));
#3411=CARTESIAN_POINT('Origin',(19.222095746215,9.21473643333427,-34.));
#3412=CARTESIAN_POINT('Origin',(18.1614355744351,10.2753966051141,-34.));
#3413=CARTESIAN_POINT('',(14.5496212024587,6.6635822331377,-37.1479507437013));
#3414=CARTESIAN_POINT('Origin',(32.9322691002141,11.25,-8.));
#3415=CARTESIAN_POINT('',(27.5,9.25,-6.));
#3416=CARTESIAN_POINT('',(46.,9.25,-6.));
#3417=CARTESIAN_POINT('',(32.9322691002141,9.25,-6.));
#3418=CARTESIAN_POINT('',(46.,13.25,-10.));
#3419=CARTESIAN_POINT('',(46.,4.125,-0.875));
#3420=CARTESIAN_POINT('',(23.5,13.25,-10.));
#3421=CARTESIAN_POINT('',(32.9322691002141,13.25,-10.));
#3422=CARTESIAN_POINT('',(23.5,13.25,-10.));
#3423=CARTESIAN_POINT('Origin',(25.5,14.5849972760826,-8.));
#3424=CARTESIAN_POINT('',(27.5,-6.25,-6.));
#3425=CARTESIAN_POINT('',(27.5,14.5849972760826,-6.));
#3426=CARTESIAN_POINT('',(23.5,-2.25,-10.));
#3427=CARTESIAN_POINT('',(23.5,14.5849972760826,-10.));
#3428=CARTESIAN_POINT('',(23.5,-2.25,-10.));
#3429=CARTESIAN_POINT('Origin',(9.93226910021414,-4.25,-8.));
#3430=CARTESIAN_POINT('',(5.63603896932104,-2.25,-10.));
#3431=CARTESIAN_POINT('',(9.93226910021414,-2.25,-10.));
#3432=CARTESIAN_POINT('',(1.63603896932104,-6.25,-6.));
#3433=CARTESIAN_POINT('',(21.632494578737,13.746455609416,-25.996455609416));
#3434=CARTESIAN_POINT('',(9.93226910021414,-6.25,-6.));
#3435=CARTESIAN_POINT('Origin',(46.,9.25,0.));
#3436=CARTESIAN_POINT('',(27.5,9.25,25.));
#3437=CARTESIAN_POINT('',(27.5,9.25,0.));
#3438=CARTESIAN_POINT('',(46.,9.25,25.));
#3439=CARTESIAN_POINT('',(46.,9.25,25.));
#3440=CARTESIAN_POINT('',(46.,9.25,0.));
#3441=CARTESIAN_POINT('',(35.15,9.25,6.));
#3442=CARTESIAN_POINT('Origin',(36.75,9.25,6.));
#3443=CARTESIAN_POINT('',(35.15,9.25,19.));
#3444=CARTESIAN_POINT('Origin',(36.75,9.25,19.));
#3445=CARTESIAN_POINT('Origin',(27.5,9.25,0.));
#3446=CARTESIAN_POINT('',(27.5,-6.25,25.));
#3447=CARTESIAN_POINT('',(27.5,-6.25,3.75));
#3448=CARTESIAN_POINT('',(27.5,9.25,25.));
#3449=CARTESIAN_POINT('Origin',(0.,-6.25,7.5));
#3450=CARTESIAN_POINT('',(1.63603896932104,-6.25,-19.9124504407611));
#3451=CARTESIAN_POINT('',(1.63603896932104,-6.25,-10.));
#3452=CARTESIAN_POINT('',(-20.9648483952698,-6.25,-10.7420427191135));
#3453=CARTESIAN_POINT('Origin',(-30.5,-6.25,-41.0023832014343));
#3454=CARTESIAN_POINT('',(-27.5,-6.25,-10.));
#3455=CARTESIAN_POINT('Origin',(-27.5,-6.25,-39.1484794470299));
#3456=CARTESIAN_POINT('',(-27.5,-6.25,25.));
#3457=CARTESIAN_POINT('',(-27.5,-6.25,3.75));
#3458=CARTESIAN_POINT('',(27.5,-6.25,25.));
#3459=CARTESIAN_POINT('Origin',(-4.17893218813452,-32.5710678118655,-41.0023832014343));
#3460=CARTESIAN_POINT('Origin',(-14.4319805153395,-22.3180194846605,-41.0023832014343));
#3461=CARTESIAN_POINT('',(-27.5,-9.25,-10.));
#3462=CARTESIAN_POINT('Origin',(-27.5,-9.25,-41.0023832014343));
#3463=CARTESIAN_POINT('Ctrl Pts',(-20.9648483952698,-6.25,-10.7420427191135));
#3464=CARTESIAN_POINT('Ctrl Pts',(-21.7067821539295,-6.5914448170833,-10.5713543064854));
#3465=CARTESIAN_POINT('Ctrl Pts',(-22.4512877690922,-6.93362081080446,-10.4307845214766));
#3466=CARTESIAN_POINT('Ctrl Pts',(-24.6565702344584,-7.94633325926983,-10.1012738146302));
#3467=CARTESIAN_POINT('Ctrl Pts',(-26.1079627279462,-8.61175954908483,-10.));
#3468=CARTESIAN_POINT('Ctrl Pts',(-27.5,-9.24999999999998,-10.));
#3469=CARTESIAN_POINT('Origin',(32.2272907321224,24.3412517628014,-52.5));
#3470=CARTESIAN_POINT('',(35.746951672795,27.860912703474,-10.));
#3471=CARTESIAN_POINT('',(1.63603896932104,-6.25,-10.));
#3472=CARTESIAN_POINT('',(56.9760280736516,49.0899891043306,-40.));
#3473=CARTESIAN_POINT('Origin',(23.9914038207821,16.1053648514611,-56.6597510600674));
#3474=CARTESIAN_POINT('',(56.9760280736516,49.0899891043306,-65.));
#3475=CARTESIAN_POINT('',(56.9760280736516,49.0899891043306,-10.));
#3476=CARTESIAN_POINT('',(56.9760280736516,49.0899891043306,-65.));
#3477=CARTESIAN_POINT('Origin',(-27.5,-6.25,-39.1484794470299));
#3478=CARTESIAN_POINT('',(-27.5,-4.625,-10.));
#3479=CARTESIAN_POINT('Origin',(-27.5,-9.25,0.));
#3480=CARTESIAN_POINT('',(32.0520300673217,-9.25,-65.));
#3481=CARTESIAN_POINT('',(46.,-9.25,25.));
#3482=CARTESIAN_POINT('',(46.,-9.25,0.));
#3483=CARTESIAN_POINT('',(-46.,-9.25,25.));
#3484=CARTESIAN_POINT('',(-27.5,-9.25,25.));
#3485=CARTESIAN_POINT('',(-46.,-9.25,-10.));
#3486=CARTESIAN_POINT('',(-46.,-9.25,0.));
#3487=CARTESIAN_POINT('',(46.,-9.25,-10.));
#3488=CARTESIAN_POINT('',(-35.15,-9.25,6.));
#3489=CARTESIAN_POINT('Origin',(-36.75,-9.25,6.));
#3490=CARTESIAN_POINT('',(-35.15,-9.25,19.));
#3491=CARTESIAN_POINT('Origin',(-36.75,-9.25,19.));
#3492=CARTESIAN_POINT('',(35.15,-9.25,19.));
#3493=CARTESIAN_POINT('Origin',(36.75,-9.25,19.));
#3494=CARTESIAN_POINT('',(35.15,-9.25,6.));
#3495=CARTESIAN_POINT('Origin',(36.75,-9.25,6.));
#3496=CARTESIAN_POINT('Origin',(23.9914038207821,16.1053648514611,-56.6597510600674));
#3497=CARTESIAN_POINT('',(56.9760280736516,49.0899891043306,-39.9999999999999));
#3498=CARTESIAN_POINT('',(35.7469516727951,27.860912703474,-10.));
#3499=CARTESIAN_POINT('Origin',(46.,-9.25,0.));
#3500=CARTESIAN_POINT('',(46.,17.6078643762691,-10.));
#3501=CARTESIAN_POINT('',(46.,-9.25,25.));
#3502=CARTESIAN_POINT('Origin',(63.6935424949238,42.3724746830583,-52.5));
#3503=CARTESIAN_POINT('',(67.2290764008566,38.8369407771256,-65.));
#3504=CARTESIAN_POINT('Origin',(19.8645382004283,19.9199945521653,-10.));
#3505=CARTESIAN_POINT('',(44.5,-7.75,-10.));
#3506=CARTESIAN_POINT('',(44.5,7.75,-10.));
#3507=CARTESIAN_POINT('',(44.5,-7.75,-10.));
#3508=CARTESIAN_POINT('',(29.,7.75,-10.));
#3509=CARTESIAN_POINT('',(44.5,7.75,-10.));
#3510=CARTESIAN_POINT('',(29.,-7.75,-10.));
#3511=CARTESIAN_POINT('',(29.,7.75,-10.));
#3512=CARTESIAN_POINT('',(29.,-7.75,-10.));
#3513=CARTESIAN_POINT('Origin',(19.8645382004283,19.9199945521653,-10.));
#3514=CARTESIAN_POINT('Origin',(36.75,9.25,19.));
#3515=CARTESIAN_POINT('',(35.15,-7.75,19.));
#3516=CARTESIAN_POINT('Origin',(36.75,-7.75,19.));
#3517=CARTESIAN_POINT('',(35.15,9.25,19.));
#3518=CARTESIAN_POINT('Origin',(36.75,9.25,19.));
#3519=CARTESIAN_POINT('',(35.15,7.75,19.));
#3520=CARTESIAN_POINT('',(35.15,9.25,19.));
#3521=CARTESIAN_POINT('Origin',(36.75,7.75,19.));
#3522=CARTESIAN_POINT('Origin',(36.75,9.25,6.));
#3523=CARTESIAN_POINT('',(35.15,-7.75,6.));
#3524=CARTESIAN_POINT('Origin',(36.75,-7.75,6.));
#3525=CARTESIAN_POINT('',(35.15,9.25,6.));
#3526=CARTESIAN_POINT('Origin',(36.75,9.25,6.));
#3527=CARTESIAN_POINT('',(35.15,7.75,6.));
#3528=CARTESIAN_POINT('',(35.15,9.25,6.));
#3529=CARTESIAN_POINT('Origin',(36.75,7.75,6.));
#3530=CARTESIAN_POINT('Origin',(44.5,7.75,0.));
#3531=CARTESIAN_POINT('',(44.5,-7.75,25.));
#3532=CARTESIAN_POINT('',(44.5,-7.75,0.));
#3533=CARTESIAN_POINT('',(44.5,7.75,25.));
#3534=CARTESIAN_POINT('',(44.5,7.75,25.));
#3535=CARTESIAN_POINT('',(44.5,7.75,0.));
#3536=CARTESIAN_POINT('Origin',(29.,7.75,0.));
#3537=CARTESIAN_POINT('',(29.,7.75,25.));
#3538=CARTESIAN_POINT('',(29.,7.75,25.));
#3539=CARTESIAN_POINT('',(29.,7.75,0.));
#3540=CARTESIAN_POINT('Origin',(29.,-7.75,0.));
#3541=CARTESIAN_POINT('',(29.,-7.75,25.));
#3542=CARTESIAN_POINT('',(29.,-7.75,25.));
#3543=CARTESIAN_POINT('',(29.,-7.75,0.));
#3544=CARTESIAN_POINT('Origin',(44.5,-7.75,0.));
#3545=CARTESIAN_POINT('',(44.5,-7.75,25.));
#3546=CARTESIAN_POINT('Origin',(-27.5,9.25,0.));
#3547=CARTESIAN_POINT('',(-27.5,9.25,-10.));
#3548=CARTESIAN_POINT('',(-27.5,9.25,-10.));
#3549=CARTESIAN_POINT('',(-27.5,9.25,25.));
#3550=CARTESIAN_POINT('',(-27.5,9.25,0.));
#3551=CARTESIAN_POINT('',(-27.5,9.25,25.));
#3552=CARTESIAN_POINT('Origin',(-36.75,-1.11022302462516E-15,-10.));
#3553=CARTESIAN_POINT('',(-46.,9.25,-10.));
#3554=CARTESIAN_POINT('',(-46.,-9.25,-10.));
#3555=CARTESIAN_POINT('',(-46.,9.25,-10.));
#3556=CARTESIAN_POINT('',(-29.,-7.75,-10.));
#3557=CARTESIAN_POINT('',(-29.,7.75,-10.));
#3558=CARTESIAN_POINT('',(-29.,-7.75,-10.));
#3559=CARTESIAN_POINT('',(-44.5,7.75,-10.));
#3560=CARTESIAN_POINT('',(-29.,7.75,-10.));
#3561=CARTESIAN_POINT('',(-44.5,-7.75,-10.));
#3562=CARTESIAN_POINT('',(-44.5,7.75,-10.));
#3563=CARTESIAN_POINT('',(-44.5,-7.75,-10.));
#3564=CARTESIAN_POINT('Origin',(-36.75,9.25,19.));
#3565=CARTESIAN_POINT('',(-35.15,-7.75,19.));
#3566=CARTESIAN_POINT('Origin',(-36.75,-7.75,19.));
#3567=CARTESIAN_POINT('',(-35.15,9.25,19.));
#3568=CARTESIAN_POINT('Origin',(-36.75,9.25,19.));
#3569=CARTESIAN_POINT('',(-35.15,9.25,19.));
#3570=CARTESIAN_POINT('Origin',(-36.75,9.25,19.));
#3571=CARTESIAN_POINT('',(-35.15,7.75,19.));
#3572=CARTESIAN_POINT('',(-35.15,9.25,19.));
#3573=CARTESIAN_POINT('Origin',(-36.75,7.75,19.));
#3574=CARTESIAN_POINT('Origin',(-36.75,9.25,6.));
#3575=CARTESIAN_POINT('',(-35.15,-7.75,6.));
#3576=CARTESIAN_POINT('Origin',(-36.75,-7.75,6.));
#3577=CARTESIAN_POINT('',(-35.15,9.25,6.));
#3578=CARTESIAN_POINT('Origin',(-36.75,9.25,6.));
#3579=CARTESIAN_POINT('',(-35.15,9.25,6.));
#3580=CARTESIAN_POINT('Origin',(-36.75,9.25,6.));
#3581=CARTESIAN_POINT('',(-35.15,7.75,6.));
#3582=CARTESIAN_POINT('',(-35.15,9.25,6.));
#3583=CARTESIAN_POINT('Origin',(-36.75,7.75,6.));
#3584=CARTESIAN_POINT('Origin',(-44.5,7.75,0.));
#3585=CARTESIAN_POINT('',(-44.5,7.75,25.));
#3586=CARTESIAN_POINT('',(-44.5,7.75,0.));
#3587=CARTESIAN_POINT('',(-44.5,-7.75,25.));
#3588=CARTESIAN_POINT('',(-44.5,7.75,25.));
#3589=CARTESIAN_POINT('',(-44.5,-7.75,0.));
#3590=CARTESIAN_POINT('Origin',(-29.,7.75,0.));
#3591=CARTESIAN_POINT('',(-29.,7.75,25.));
#3592=CARTESIAN_POINT('',(-29.,7.75,0.));
#3593=CARTESIAN_POINT('',(-29.,7.75,25.));
#3594=CARTESIAN_POINT('Origin',(-29.,-7.75,0.));
#3595=CARTESIAN_POINT('',(-29.,-7.75,25.));
#3596=CARTESIAN_POINT('',(-29.,-7.75,0.));
#3597=CARTESIAN_POINT('',(-29.,-7.75,25.));
#3598=CARTESIAN_POINT('Origin',(-44.5,-7.75,0.));
#3599=CARTESIAN_POINT('',(-44.5,-7.75,25.));
#3600=CARTESIAN_POINT('Origin',(-46.,9.25,0.));
#3601=CARTESIAN_POINT('',(-46.,9.25,25.));
#3602=CARTESIAN_POINT('',(-46.,9.25,0.));
#3603=CARTESIAN_POINT('',(-46.,9.25,25.));
#3604=CARTESIAN_POINT('Origin',(-46.,-9.25,0.));
#3605=CARTESIAN_POINT('',(-46.,-9.25,25.));
#3606=CARTESIAN_POINT('Origin',(-36.75,-1.11022302462516E-15,25.));
#3607=CARTESIAN_POINT('Origin',(33.2879509039022,23.2805915910216,-52.5));
#3608=CARTESIAN_POINT('',(50.9656204335659,40.9582611206852,-65.));
#3609=CARTESIAN_POINT('',(50.965620433566,40.9582611206852,-65.));
#3610=CARTESIAN_POINT('',(15.6102813742386,5.60292206135785,-65.));
#3611=CARTESIAN_POINT('',(15.6102813742386,5.60292206135787,-58.75));
#3612=CARTESIAN_POINT('',(58.0366882454314,48.0293289325507,-65.));
#3613=CARTESIAN_POINT('Origin',(21.267135623731,-0.0539321881345217,-46.));
#3614=CARTESIAN_POINT('',(22.1863744392735,-0.973171003677032,-46.));
#3615=CARTESIAN_POINT('Origin',(21.267135623731,-0.0539321881345209,-46.));
#3616=CARTESIAN_POINT('',(22.1863744392735,-0.973171003677034,-46.));
#3617=CARTESIAN_POINT('Origin',(21.267135623731,-0.0539321881345239,-59.));
#3618=CARTESIAN_POINT('',(22.1863744392735,-0.973171003677035,-59.));
#3619=CARTESIAN_POINT('Origin',(21.267135623731,-0.0539321881345238,-59.));
#3620=CARTESIAN_POINT('',(22.1863744392735,-0.973171003677036,-59.));
#3621=CARTESIAN_POINT('Origin',(17.7316017177982,3.48160171779821,-65.));
#3622=CARTESIAN_POINT('',(17.7316017177982,3.48160171779821,-65.));
#3623=CARTESIAN_POINT('Origin',(56.6224746830583,35.3014068711929,-46.));
#3624=CARTESIAN_POINT('',(55.7032358675158,36.2206456867354,-46.));
#3625=CARTESIAN_POINT('',(55.7032358675158,36.2206456867354,-46.));
#3626=CARTESIAN_POINT('Origin',(56.6224746830583,35.3014068711929,-46.));
#3627=CARTESIAN_POINT('Origin',(56.6224746830583,35.3014068711929,-59.));
#3628=CARTESIAN_POINT('',(55.7032358675158,36.2206456867354,-59.));
#3629=CARTESIAN_POINT('',(55.7032358675158,36.2206456867354,-59.));
#3630=CARTESIAN_POINT('Origin',(56.6224746830583,35.3014068711929,-59.));
#3631=CARTESIAN_POINT('Origin',(60.1580085889911,31.7658729652601,-65.));
#3632=CARTESIAN_POINT('',(60.1580085889911,31.7658729652601,-65.));
#3633=CARTESIAN_POINT('Origin',(56.6224746830583,35.3014068711929,-52.5));
#3634=UNCERTAINTY_MEASURE_WITH_UNIT(LENGTH_MEASURE(0.01),#3638,
'DISTANCE_ACCURACY_VALUE',
'Maximum model space distance between geometric entities at asserted c
onnectivities');
#3635=UNCERTAINTY_MEASURE_WITH_UNIT(LENGTH_MEASURE(0.01),#3638,
'DISTANCE_ACCURACY_VALUE',
'Maximum model space distance between geometric entities at asserted c
onnectivities');
#3636=(
GEOMETRIC_REPRESENTATION_CONTEXT(3)
GLOBAL_UNCERTAINTY_ASSIGNED_CONTEXT((#3634))
GLOBAL_UNIT_ASSIGNED_CONTEXT((#3638,#3640,#3641))
REPRESENTATION_CONTEXT('','3D')
);
#3637=(
GEOMETRIC_REPRESENTATION_CONTEXT(3)
GLOBAL_UNCERTAINTY_ASSIGNED_CONTEXT((#3635))
GLOBAL_UNIT_ASSIGNED_CONTEXT((#3638,#3640,#3641))
REPRESENTATION_CONTEXT('','3D')
);
#3638=(
LENGTH_UNIT()
NAMED_UNIT(*)
SI_UNIT(.MILLI.,.METRE.)
);
#3639=(
LENGTH_UNIT()
NAMED_UNIT(*)
SI_UNIT(.CENTI.,.METRE.)
);
#3640=(
NAMED_UNIT(*)
PLANE_ANGLE_UNIT()
SI_UNIT($,.RADIAN.)
);
#3641=(
NAMED_UNIT(*)
SI_UNIT($,.STERADIAN.)
SOLID_ANGLE_UNIT()
);
#3642=SHAPE_DEFINITION_REPRESENTATION(#3643,#3644);
#3643=PRODUCT_DEFINITION_SHAPE('',$,#3646);
#3644=SHAPE_REPRESENTATION('',(#2151),#3636);
#3645=PRODUCT_DEFINITION_CONTEXT('part definition',#3650,'design');
#3646=PRODUCT_DEFINITION('45_deg_right','45_deg_right',#3647,#3645);
#3647=PRODUCT_DEFINITION_FORMATION('',$,#3652);
#3648=PRODUCT_RELATED_PRODUCT_CATEGORY('45_deg_right','45_deg_right',(#3652));
#3649=APPLICATION_PROTOCOL_DEFINITION('international standard',
'automotive_design',2009,#3650);
#3650=APPLICATION_CONTEXT(
'Core Data for Automotive Mechanical Design Process');
#3651=PRODUCT_CONTEXT('part definition',#3650,'mechanical');
#3652=PRODUCT('45_deg_right','45_deg_right',$,(#3651));
#3653=PRESENTATION_STYLE_ASSIGNMENT((#3655));
#3654=PRESENTATION_STYLE_ASSIGNMENT((#3656));
#3655=SURFACE_STYLE_USAGE(.BOTH.,#3661);
#3656=SURFACE_STYLE_USAGE(.BOTH.,#3662);
#3657=SURFACE_STYLE_RENDERING_WITH_PROPERTIES($,#3669,(#3659));
#3658=SURFACE_STYLE_RENDERING_WITH_PROPERTIES($,#3670,(#3660));
#3659=SURFACE_STYLE_TRANSPARENT(0.);
#3660=SURFACE_STYLE_TRANSPARENT(0.);
#3661=SURFACE_SIDE_STYLE('',(#3663,#3657));
#3662=SURFACE_SIDE_STYLE('',(#3664,#3658));
#3663=SURFACE_STYLE_FILL_AREA(#3665);
#3664=SURFACE_STYLE_FILL_AREA(#3666);
#3665=FILL_AREA_STYLE('',(#3667));
#3666=FILL_AREA_STYLE('',(#3668));
#3667=FILL_AREA_STYLE_COLOUR('',#3669);
#3668=FILL_AREA_STYLE_COLOUR('',#3670);
#3669=COLOUR_RGB('',0.749019607843137,0.749019607843137,0.749019607843137);
#3670=COLOUR_RGB('',0.352941176470588,0.352941176470588,0.352941176470588);
ENDSEC;
END-ISO-10303-21;
