ISO-10303-21;
HEADER;
/* Generated by software containing ST-Developer
 * from STEP Tools, Inc. (www.steptools.com) 
 */

FILE_DESCRIPTION(
/* description */ (''),
/* implementation_level */ '2;1');

FILE_NAME(
/* name */ '90_deg.stp',
/* time_stamp */ '2026-02-03T11:45:52+09:00',
/* author */ ('hibik'),
/* organization */ (''),
/* preprocessor_version */ 'ST-DEVELOPER v20.1',
/* originating_system */ 'Autodesk Inventor 2026',
/* authorisation */ '');

FILE_SCHEMA (('AUTOMOTIVE_DESIGN { 1 0 10303 214 3 1 1 }'));
ENDSEC;

DATA;
#10=MECHANICAL_DESIGN_GEOMETRIC_PRESENTATION_REPRESENTATION('',(#13),#4892);
#11=SHAPE_REPRESENTATION_RELATIONSHIP('SRR','None',#4899,#12);
#12=ADVANCED_BREP_SHAPE_REPRESENTATION('',(#14),#4891);
#13=STYLED_ITEM('',(#4909),#14);
#14=MANIFOLD_SOLID_BREP('\X2\30BD30EA30C330C9\X0\1',#3099);
#15=CYLINDRICAL_SURFACE('',#3231,1.6);
#16=CYLINDRICAL_SURFACE('',#3232,1.6);
#17=CYLINDRICAL_SURFACE('',#3235,1.6);
#18=CYLINDRICAL_SURFACE('',#3236,1.6);
#19=CYLINDRICAL_SURFACE('',#3244,1.6);
#20=CYLINDRICAL_SURFACE('',#3245,1.6);
#21=CYLINDRICAL_SURFACE('',#3246,1.6);
#22=CYLINDRICAL_SURFACE('',#3247,1.6);
#23=CYLINDRICAL_SURFACE('',#3273,1.6);
#24=CYLINDRICAL_SURFACE('',#3274,1.6);
#25=CYLINDRICAL_SURFACE('',#3276,1.6);
#26=CYLINDRICAL_SURFACE('',#3277,1.6);
#27=CYLINDRICAL_SURFACE('',#3284,1.6);
#28=CYLINDRICAL_SURFACE('',#3286,1.6);
#29=CYLINDRICAL_SURFACE('',#3287,1.6);
#30=CYLINDRICAL_SURFACE('',#3289,1.6);
#31=FACE_BOUND('',#263,.T.);
#32=FACE_BOUND('',#264,.T.);
#33=FACE_BOUND('',#270,.T.);
#34=FACE_BOUND('',#271,.T.);
#35=FACE_BOUND('',#272,.T.);
#36=FACE_BOUND('',#277,.T.);
#37=FACE_BOUND('',#278,.T.);
#38=FACE_BOUND('',#279,.T.);
#39=FACE_BOUND('',#297,.T.);
#40=FACE_BOUND('',#298,.T.);
#41=FACE_BOUND('',#299,.T.);
#42=FACE_BOUND('',#300,.T.);
#43=FACE_BOUND('',#301,.T.);
#44=FACE_BOUND('',#302,.T.);
#45=FACE_BOUND('',#303,.T.);
#46=FACE_BOUND('',#304,.T.);
#47=FACE_BOUND('',#305,.T.);
#48=FACE_BOUND('',#356,.T.);
#49=FACE_BOUND('',#357,.T.);
#50=FACE_BOUND('',#358,.T.);
#51=FACE_BOUND('',#359,.T.);
#52=FACE_BOUND('',#360,.T.);
#53=FACE_BOUND('',#361,.T.);
#54=FACE_BOUND('',#362,.T.);
#55=FACE_BOUND('',#363,.T.);
#56=FACE_BOUND('',#364,.T.);
#57=FACE_BOUND('',#368,.T.);
#58=FACE_BOUND('',#369,.T.);
#59=FACE_BOUND('',#380,.T.);
#60=FACE_BOUND('',#381,.T.);
#61=FACE_BOUND('',#383,.T.);
#62=FACE_BOUND('',#384,.T.);
#63=FACE_BOUND('',#387,.T.);
#64=FACE_BOUND('',#388,.T.);
#65=FACE_BOUND('',#390,.T.);
#66=FACE_BOUND('',#391,.T.);
#67=FACE_BOUND('',#399,.T.);
#68=FACE_BOUND('',#400,.T.);
#69=FACE_BOUND('',#402,.T.);
#70=FACE_BOUND('',#403,.T.);
#71=FACE_BOUND('',#405,.T.);
#72=FACE_BOUND('',#406,.T.);
#73=FACE_BOUND('',#422,.T.);
#74=FACE_BOUND('',#423,.T.);
#75=FACE_BOUND('',#425,.T.);
#76=FACE_BOUND('',#426,.T.);
#77=FACE_BOUND('',#429,.T.);
#78=FACE_BOUND('',#430,.T.);
#79=FACE_BOUND('',#432,.T.);
#80=FACE_BOUND('',#433,.T.);
#81=FACE_BOUND('',#441,.T.);
#82=FACE_BOUND('',#442,.T.);
#83=FACE_BOUND('',#444,.T.);
#84=FACE_BOUND('',#445,.T.);
#85=FACE_BOUND('',#447,.T.);
#86=FACE_BOUND('',#448,.T.);
#87=FACE_BOUND('',#454,.T.);
#88=FACE_BOUND('',#455,.T.);
#89=FACE_BOUND('',#457,.T.);
#90=FACE_BOUND('',#458,.T.);
#91=CIRCLE('',#3124,1.6);
#92=CIRCLE('',#3125,1.6);
#93=CIRCLE('',#3205,1.6);
#94=CIRCLE('',#3206,1.6);
#95=CIRCLE('',#3217,1.6);
#96=CIRCLE('',#3218,1.6);
#97=CIRCLE('',#3220,1.6);
#98=CIRCLE('',#3221,1.6);
#99=CIRCLE('',#3224,1.6);
#100=CIRCLE('',#3225,1.6);
#101=CIRCLE('',#3227,1.6);
#102=CIRCLE('',#3228,1.6);
#103=CIRCLE('',#3233,1.6);
#104=CIRCLE('',#3234,1.6);
#105=CIRCLE('',#3237,1.6);
#106=CIRCLE('',#3238,1.6);
#107=CIRCLE('',#3242,1.6);
#108=CIRCLE('',#3243,1.6);
#109=CIRCLE('',#3259,1.6);
#110=CIRCLE('',#3260,1.6);
#111=CIRCLE('',#3262,1.6);
#112=CIRCLE('',#3263,1.6);
#113=CIRCLE('',#3266,1.6);
#114=CIRCLE('',#3267,1.6);
#115=CIRCLE('',#3269,1.6);
#116=CIRCLE('',#3270,1.6);
#117=CIRCLE('',#3275,1.6);
#118=CIRCLE('',#3278,1.6);
#119=CIRCLE('',#3282,1.6);
#120=CIRCLE('',#3283,1.6);
#121=CIRCLE('',#3285,1.6);
#122=CIRCLE('',#3288,1.6);
#123=FACE_OUTER_BOUND('',#261,.T.);
#124=FACE_OUTER_BOUND('',#262,.T.);
#125=FACE_OUTER_BOUND('',#265,.T.);
#126=FACE_OUTER_BOUND('',#266,.T.);
#127=FACE_OUTER_BOUND('',#267,.T.);
#128=FACE_OUTER_BOUND('',#268,.T.);
#129=FACE_OUTER_BOUND('',#269,.T.);
#130=FACE_OUTER_BOUND('',#273,.T.);
#131=FACE_OUTER_BOUND('',#274,.T.);
#132=FACE_OUTER_BOUND('',#275,.T.);
#133=FACE_OUTER_BOUND('',#276,.T.);
#134=FACE_OUTER_BOUND('',#280,.T.);
#135=FACE_OUTER_BOUND('',#281,.T.);
#136=FACE_OUTER_BOUND('',#282,.T.);
#137=FACE_OUTER_BOUND('',#283,.T.);
#138=FACE_OUTER_BOUND('',#284,.T.);
#139=FACE_OUTER_BOUND('',#285,.T.);
#140=FACE_OUTER_BOUND('',#286,.T.);
#141=FACE_OUTER_BOUND('',#287,.T.);
#142=FACE_OUTER_BOUND('',#288,.T.);
#143=FACE_OUTER_BOUND('',#289,.T.);
#144=FACE_OUTER_BOUND('',#290,.T.);
#145=FACE_OUTER_BOUND('',#291,.T.);
#146=FACE_OUTER_BOUND('',#292,.T.);
#147=FACE_OUTER_BOUND('',#293,.T.);
#148=FACE_OUTER_BOUND('',#294,.T.);
#149=FACE_OUTER_BOUND('',#295,.T.);
#150=FACE_OUTER_BOUND('',#296,.T.);
#151=FACE_OUTER_BOUND('',#306,.T.);
#152=FACE_OUTER_BOUND('',#307,.T.);
#153=FACE_OUTER_BOUND('',#308,.T.);
#154=FACE_OUTER_BOUND('',#309,.T.);
#155=FACE_OUTER_BOUND('',#310,.T.);
#156=FACE_OUTER_BOUND('',#311,.T.);
#157=FACE_OUTER_BOUND('',#312,.T.);
#158=FACE_OUTER_BOUND('',#313,.T.);
#159=FACE_OUTER_BOUND('',#314,.T.);
#160=FACE_OUTER_BOUND('',#315,.T.);
#161=FACE_OUTER_BOUND('',#316,.T.);
#162=FACE_OUTER_BOUND('',#317,.T.);
#163=FACE_OUTER_BOUND('',#318,.T.);
#164=FACE_OUTER_BOUND('',#319,.T.);
#165=FACE_OUTER_BOUND('',#320,.T.);
#166=FACE_OUTER_BOUND('',#321,.T.);
#167=FACE_OUTER_BOUND('',#322,.T.);
#168=FACE_OUTER_BOUND('',#323,.T.);
#169=FACE_OUTER_BOUND('',#324,.T.);
#170=FACE_OUTER_BOUND('',#325,.T.);
#171=FACE_OUTER_BOUND('',#326,.T.);
#172=FACE_OUTER_BOUND('',#327,.T.);
#173=FACE_OUTER_BOUND('',#328,.T.);
#174=FACE_OUTER_BOUND('',#329,.T.);
#175=FACE_OUTER_BOUND('',#330,.T.);
#176=FACE_OUTER_BOUND('',#331,.T.);
#177=FACE_OUTER_BOUND('',#332,.T.);
#178=FACE_OUTER_BOUND('',#333,.T.);
#179=FACE_OUTER_BOUND('',#334,.T.);
#180=FACE_OUTER_BOUND('',#335,.T.);
#181=FACE_OUTER_BOUND('',#336,.T.);
#182=FACE_OUTER_BOUND('',#337,.T.);
#183=FACE_OUTER_BOUND('',#338,.T.);
#184=FACE_OUTER_BOUND('',#339,.T.);
#185=FACE_OUTER_BOUND('',#340,.T.);
#186=FACE_OUTER_BOUND('',#341,.T.);
#187=FACE_OUTER_BOUND('',#342,.T.);
#188=FACE_OUTER_BOUND('',#343,.T.);
#189=FACE_OUTER_BOUND('',#344,.T.);
#190=FACE_OUTER_BOUND('',#345,.T.);
#191=FACE_OUTER_BOUND('',#346,.T.);
#192=FACE_OUTER_BOUND('',#347,.T.);
#193=FACE_OUTER_BOUND('',#348,.T.);
#194=FACE_OUTER_BOUND('',#349,.T.);
#195=FACE_OUTER_BOUND('',#350,.T.);
#196=FACE_OUTER_BOUND('',#351,.T.);
#197=FACE_OUTER_BOUND('',#352,.T.);
#198=FACE_OUTER_BOUND('',#353,.T.);
#199=FACE_OUTER_BOUND('',#354,.T.);
#200=FACE_OUTER_BOUND('',#355,.T.);
#201=FACE_OUTER_BOUND('',#365,.T.);
#202=FACE_OUTER_BOUND('',#366,.T.);
#203=FACE_OUTER_BOUND('',#367,.T.);
#204=FACE_OUTER_BOUND('',#370,.T.);
#205=FACE_OUTER_BOUND('',#371,.T.);
#206=FACE_OUTER_BOUND('',#372,.T.);
#207=FACE_OUTER_BOUND('',#373,.T.);
#208=FACE_OUTER_BOUND('',#374,.T.);
#209=FACE_OUTER_BOUND('',#375,.T.);
#210=FACE_OUTER_BOUND('',#376,.T.);
#211=FACE_OUTER_BOUND('',#377,.T.);
#212=FACE_OUTER_BOUND('',#378,.T.);
#213=FACE_OUTER_BOUND('',#379,.T.);
#214=FACE_OUTER_BOUND('',#382,.T.);
#215=FACE_OUTER_BOUND('',#385,.T.);
#216=FACE_OUTER_BOUND('',#386,.T.);
#217=FACE_OUTER_BOUND('',#389,.T.);
#218=FACE_OUTER_BOUND('',#392,.T.);
#219=FACE_OUTER_BOUND('',#393,.T.);
#220=FACE_OUTER_BOUND('',#394,.T.);
#221=FACE_OUTER_BOUND('',#395,.T.);
#222=FACE_OUTER_BOUND('',#396,.T.);
#223=FACE_OUTER_BOUND('',#397,.T.);
#224=FACE_OUTER_BOUND('',#398,.T.);
#225=FACE_OUTER_BOUND('',#401,.T.);
#226=FACE_OUTER_BOUND('',#404,.T.);
#227=FACE_OUTER_BOUND('',#407,.T.);
#228=FACE_OUTER_BOUND('',#408,.T.);
#229=FACE_OUTER_BOUND('',#409,.T.);
#230=FACE_OUTER_BOUND('',#410,.T.);
#231=FACE_OUTER_BOUND('',#411,.T.);
#232=FACE_OUTER_BOUND('',#412,.T.);
#233=FACE_OUTER_BOUND('',#413,.T.);
#234=FACE_OUTER_BOUND('',#414,.T.);
#235=FACE_OUTER_BOUND('',#415,.T.);
#236=FACE_OUTER_BOUND('',#416,.T.);
#237=FACE_OUTER_BOUND('',#417,.T.);
#238=FACE_OUTER_BOUND('',#418,.T.);
#239=FACE_OUTER_BOUND('',#419,.T.);
#240=FACE_OUTER_BOUND('',#420,.T.);
#241=FACE_OUTER_BOUND('',#421,.T.);
#242=FACE_OUTER_BOUND('',#424,.T.);
#243=FACE_OUTER_BOUND('',#427,.T.);
#244=FACE_OUTER_BOUND('',#428,.T.);
#245=FACE_OUTER_BOUND('',#431,.T.);
#246=FACE_OUTER_BOUND('',#434,.T.);
#247=FACE_OUTER_BOUND('',#435,.T.);
#248=FACE_OUTER_BOUND('',#436,.T.);
#249=FACE_OUTER_BOUND('',#437,.T.);
#250=FACE_OUTER_BOUND('',#438,.T.);
#251=FACE_OUTER_BOUND('',#439,.T.);
#252=FACE_OUTER_BOUND('',#440,.T.);
#253=FACE_OUTER_BOUND('',#443,.T.);
#254=FACE_OUTER_BOUND('',#446,.T.);
#255=FACE_OUTER_BOUND('',#449,.T.);
#256=FACE_OUTER_BOUND('',#450,.T.);
#257=FACE_OUTER_BOUND('',#451,.T.);
#258=FACE_OUTER_BOUND('',#452,.T.);
#259=FACE_OUTER_BOUND('',#453,.T.);
#260=FACE_OUTER_BOUND('',#456,.T.);
#261=EDGE_LOOP('',(#1975,#1976,#1977,#1978));
#262=EDGE_LOOP('',(#1979,#1980,#1981,#1982));
#263=EDGE_LOOP('',(#1983));
#264=EDGE_LOOP('',(#1984));
#265=EDGE_LOOP('',(#1985,#1986,#1987,#1988,#1989,#1990,#1991,#1992,#1993,
#1994,#1995,#1996,#1997,#1998));
#266=EDGE_LOOP('',(#1999,#2000,#2001,#2002));
#267=EDGE_LOOP('',(#2003,#2004,#2005,#2006,#2007,#2008,#2009,#2010,#2011,
#2012,#2013,#2014,#2015,#2016));
#268=EDGE_LOOP('',(#2017,#2018,#2019,#2020));
#269=EDGE_LOOP('',(#2021,#2022,#2023,#2024,#2025,#2026,#2027,#2028,#2029,
#2030,#2031,#2032,#2033,#2034,#2035,#2036,#2037,#2038,#2039,#2040,#2041,
#2042,#2043,#2044,#2045,#2046));
#270=EDGE_LOOP('',(#2047,#2048,#2049,#2050,#2051));
#271=EDGE_LOOP('',(#2052,#2053,#2054,#2055,#2056));
#272=EDGE_LOOP('',(#2057,#2058,#2059));
#273=EDGE_LOOP('',(#2060,#2061,#2062,#2063,#2064,#2065,#2066,#2067,#2068,
#2069,#2070,#2071,#2072,#2073));
#274=EDGE_LOOP('',(#2074,#2075,#2076,#2077));
#275=EDGE_LOOP('',(#2078,#2079,#2080,#2081,#2082,#2083,#2084,#2085,#2086,
#2087,#2088,#2089,#2090,#2091));
#276=EDGE_LOOP('',(#2092,#2093,#2094,#2095,#2096,#2097,#2098,#2099,#2100,
#2101,#2102,#2103,#2104,#2105,#2106,#2107,#2108,#2109,#2110,#2111,#2112,
#2113,#2114,#2115,#2116,#2117));
#277=EDGE_LOOP('',(#2118,#2119,#2120,#2121,#2122));
#278=EDGE_LOOP('',(#2123,#2124,#2125));
#279=EDGE_LOOP('',(#2126,#2127,#2128,#2129,#2130));
#280=EDGE_LOOP('',(#2131,#2132,#2133,#2134,#2135,#2136,#2137,#2138));
#281=EDGE_LOOP('',(#2139,#2140,#2141,#2142,#2143));
#282=EDGE_LOOP('',(#2144,#2145,#2146,#2147));
#283=EDGE_LOOP('',(#2148,#2149,#2150,#2151,#2152));
#284=EDGE_LOOP('',(#2153,#2154,#2155,#2156));
#285=EDGE_LOOP('',(#2157,#2158,#2159,#2160,#2161));
#286=EDGE_LOOP('',(#2162,#2163,#2164,#2165,#2166));
#287=EDGE_LOOP('',(#2167,#2168,#2169,#2170));
#288=EDGE_LOOP('',(#2171,#2172,#2173,#2174));
#289=EDGE_LOOP('',(#2175,#2176,#2177,#2178));
#290=EDGE_LOOP('',(#2179,#2180,#2181,#2182));
#291=EDGE_LOOP('',(#2183,#2184,#2185,#2186));
#292=EDGE_LOOP('',(#2187,#2188,#2189,#2190));
#293=EDGE_LOOP('',(#2191,#2192,#2193,#2194,#2195));
#294=EDGE_LOOP('',(#2196,#2197,#2198,#2199));
#295=EDGE_LOOP('',(#2200,#2201,#2202,#2203,#2204));
#296=EDGE_LOOP('',(#2205,#2206,#2207,#2208));
#297=EDGE_LOOP('',(#2209,#2210,#2211));
#298=EDGE_LOOP('',(#2212,#2213,#2214,#2215,#2216));
#299=EDGE_LOOP('',(#2217,#2218,#2219));
#300=EDGE_LOOP('',(#2220,#2221,#2222));
#301=EDGE_LOOP('',(#2223,#2224,#2225));
#302=EDGE_LOOP('',(#2226,#2227,#2228));
#303=EDGE_LOOP('',(#2229,#2230,#2231,#2232,#2233));
#304=EDGE_LOOP('',(#2234,#2235,#2236));
#305=EDGE_LOOP('',(#2237,#2238,#2239));
#306=EDGE_LOOP('',(#2240,#2241,#2242,#2243));
#307=EDGE_LOOP('',(#2244,#2245,#2246,#2247,#2248));
#308=EDGE_LOOP('',(#2249,#2250,#2251,#2252));
#309=EDGE_LOOP('',(#2253,#2254,#2255,#2256,#2257));
#310=EDGE_LOOP('',(#2258,#2259,#2260,#2261));
#311=EDGE_LOOP('',(#2262,#2263,#2264,#2265));
#312=EDGE_LOOP('',(#2266,#2267,#2268,#2269));
#313=EDGE_LOOP('',(#2270,#2271,#2272,#2273));
#314=EDGE_LOOP('',(#2274,#2275,#2276,#2277));
#315=EDGE_LOOP('',(#2278,#2279,#2280,#2281,#2282));
#316=EDGE_LOOP('',(#2283,#2284,#2285,#2286,#2287));
#317=EDGE_LOOP('',(#2288,#2289,#2290,#2291));
#318=EDGE_LOOP('',(#2292,#2293,#2294,#2295));
#319=EDGE_LOOP('',(#2296,#2297,#2298,#2299,#2300));
#320=EDGE_LOOP('',(#2301,#2302,#2303,#2304));
#321=EDGE_LOOP('',(#2305,#2306,#2307,#2308,#2309));
#322=EDGE_LOOP('',(#2310,#2311,#2312,#2313,#2314));
#323=EDGE_LOOP('',(#2315,#2316,#2317,#2318));
#324=EDGE_LOOP('',(#2319,#2320,#2321,#2322,#2323));
#325=EDGE_LOOP('',(#2324,#2325,#2326,#2327));
#326=EDGE_LOOP('',(#2328,#2329,#2330,#2331));
#327=EDGE_LOOP('',(#2332,#2333,#2334,#2335,#2336));
#328=EDGE_LOOP('',(#2337,#2338,#2339,#2340,#2341));
#329=EDGE_LOOP('',(#2342,#2343,#2344,#2345));
#330=EDGE_LOOP('',(#2346,#2347,#2348,#2349));
#331=EDGE_LOOP('',(#2350,#2351,#2352,#2353));
#332=EDGE_LOOP('',(#2354,#2355,#2356,#2357));
#333=EDGE_LOOP('',(#2358,#2359,#2360,#2361));
#334=EDGE_LOOP('',(#2362,#2363,#2364,#2365));
#335=EDGE_LOOP('',(#2366,#2367,#2368,#2369,#2370));
#336=EDGE_LOOP('',(#2371,#2372,#2373,#2374));
#337=EDGE_LOOP('',(#2375,#2376,#2377,#2378,#2379));
#338=EDGE_LOOP('',(#2380,#2381,#2382,#2383,#2384));
#339=EDGE_LOOP('',(#2385,#2386,#2387,#2388));
#340=EDGE_LOOP('',(#2389,#2390,#2391,#2392,#2393));
#341=EDGE_LOOP('',(#2394,#2395,#2396,#2397));
#342=EDGE_LOOP('',(#2398,#2399,#2400,#2401));
#343=EDGE_LOOP('',(#2402,#2403,#2404,#2405,#2406));
#344=EDGE_LOOP('',(#2407,#2408,#2409,#2410,#2411));
#345=EDGE_LOOP('',(#2412,#2413,#2414,#2415));
#346=EDGE_LOOP('',(#2416,#2417,#2418,#2419));
#347=EDGE_LOOP('',(#2420,#2421,#2422,#2423));
#348=EDGE_LOOP('',(#2424,#2425,#2426,#2427));
#349=EDGE_LOOP('',(#2428,#2429,#2430,#2431));
#350=EDGE_LOOP('',(#2432,#2433,#2434,#2435));
#351=EDGE_LOOP('',(#2436,#2437,#2438,#2439,#2440));
#352=EDGE_LOOP('',(#2441,#2442,#2443,#2444));
#353=EDGE_LOOP('',(#2445,#2446,#2447,#2448,#2449));
#354=EDGE_LOOP('',(#2450,#2451,#2452,#2453));
#355=EDGE_LOOP('',(#2454,#2455,#2456,#2457));
#356=EDGE_LOOP('',(#2458,#2459,#2460));
#357=EDGE_LOOP('',(#2461,#2462,#2463));
#358=EDGE_LOOP('',(#2464,#2465,#2466,#2467,#2468));
#359=EDGE_LOOP('',(#2469,#2470,#2471));
#360=EDGE_LOOP('',(#2472,#2473,#2474));
#361=EDGE_LOOP('',(#2475,#2476,#2477));
#362=EDGE_LOOP('',(#2478,#2479,#2480));
#363=EDGE_LOOP('',(#2481,#2482,#2483,#2484,#2485));
#364=EDGE_LOOP('',(#2486,#2487,#2488));
#365=EDGE_LOOP('',(#2489,#2490,#2491,#2492,#2493,#2494,#2495,#2496));
#366=EDGE_LOOP('',(#2497,#2498,#2499,#2500));
#367=EDGE_LOOP('',(#2501,#2502,#2503,#2504));
#368=EDGE_LOOP('',(#2505));
#369=EDGE_LOOP('',(#2506));
#370=EDGE_LOOP('',(#2507,#2508,#2509,#2510));
#371=EDGE_LOOP('',(#2511,#2512,#2513,#2514));
#372=EDGE_LOOP('',(#2515,#2516,#2517,#2518));
#373=EDGE_LOOP('',(#2519,#2520,#2521,#2522));
#374=EDGE_LOOP('',(#2523,#2524,#2525,#2526));
#375=EDGE_LOOP('',(#2527,#2528,#2529,#2530));
#376=EDGE_LOOP('',(#2531,#2532,#2533,#2534));
#377=EDGE_LOOP('',(#2535,#2536,#2537,#2538));
#378=EDGE_LOOP('',(#2539,#2540,#2541,#2542));
#379=EDGE_LOOP('',(#2543,#2544,#2545,#2546,#2547,#2548));
#380=EDGE_LOOP('',(#2549));
#381=EDGE_LOOP('',(#2550));
#382=EDGE_LOOP('',(#2551,#2552,#2553,#2554));
#383=EDGE_LOOP('',(#2555));
#384=EDGE_LOOP('',(#2556));
#385=EDGE_LOOP('',(#2557,#2558,#2559,#2560,#2561,#2562,#2563,#2564));
#386=EDGE_LOOP('',(#2565,#2566,#2567,#2568,#2569,#2570));
#387=EDGE_LOOP('',(#2571));
#388=EDGE_LOOP('',(#2572));
#389=EDGE_LOOP('',(#2573,#2574,#2575,#2576));
#390=EDGE_LOOP('',(#2577));
#391=EDGE_LOOP('',(#2578));
#392=EDGE_LOOP('',(#2579,#2580,#2581,#2582,#2583,#2584,#2585,#2586));
#393=EDGE_LOOP('',(#2587,#2588,#2589,#2590,#2591,#2592,#2593,#2594));
#394=EDGE_LOOP('',(#2595,#2596,#2597,#2598));
#395=EDGE_LOOP('',(#2599,#2600,#2601,#2602));
#396=EDGE_LOOP('',(#2603,#2604,#2605,#2606));
#397=EDGE_LOOP('',(#2607,#2608,#2609,#2610));
#398=EDGE_LOOP('',(#2611,#2612,#2613,#2614));
#399=EDGE_LOOP('',(#2615));
#400=EDGE_LOOP('',(#2616));
#401=EDGE_LOOP('',(#2617,#2618,#2619,#2620));
#402=EDGE_LOOP('',(#2621));
#403=EDGE_LOOP('',(#2622));
#404=EDGE_LOOP('',(#2623,#2624,#2625,#2626));
#405=EDGE_LOOP('',(#2627));
#406=EDGE_LOOP('',(#2628));
#407=EDGE_LOOP('',(#2629,#2630,#2631,#2632));
#408=EDGE_LOOP('',(#2633,#2634,#2635,#2636));
#409=EDGE_LOOP('',(#2637,#2638,#2639,#2640));
#410=EDGE_LOOP('',(#2641,#2642,#2643,#2644));
#411=EDGE_LOOP('',(#2645,#2646,#2647,#2648,#2649,#2650,#2651,#2652));
#412=EDGE_LOOP('',(#2653,#2654,#2655,#2656,#2657,#2658,#2659,#2660));
#413=EDGE_LOOP('',(#2661,#2662,#2663,#2664));
#414=EDGE_LOOP('',(#2665,#2666,#2667,#2668));
#415=EDGE_LOOP('',(#2669,#2670,#2671,#2672));
#416=EDGE_LOOP('',(#2673,#2674,#2675,#2676));
#417=EDGE_LOOP('',(#2677,#2678,#2679,#2680));
#418=EDGE_LOOP('',(#2681,#2682,#2683,#2684));
#419=EDGE_LOOP('',(#2685,#2686,#2687,#2688));
#420=EDGE_LOOP('',(#2689,#2690,#2691,#2692));
#421=EDGE_LOOP('',(#2693,#2694,#2695,#2696,#2697,#2698));
#422=EDGE_LOOP('',(#2699));
#423=EDGE_LOOP('',(#2700));
#424=EDGE_LOOP('',(#2701,#2702,#2703,#2704));
#425=EDGE_LOOP('',(#2705));
#426=EDGE_LOOP('',(#2706));
#427=EDGE_LOOP('',(#2707,#2708,#2709,#2710,#2711,#2712,#2713,#2714));
#428=EDGE_LOOP('',(#2715,#2716,#2717,#2718,#2719,#2720));
#429=EDGE_LOOP('',(#2721));
#430=EDGE_LOOP('',(#2722));
#431=EDGE_LOOP('',(#2723,#2724,#2725,#2726));
#432=EDGE_LOOP('',(#2727));
#433=EDGE_LOOP('',(#2728));
#434=EDGE_LOOP('',(#2729,#2730,#2731,#2732,#2733,#2734,#2735,#2736));
#435=EDGE_LOOP('',(#2737,#2738,#2739,#2740,#2741,#2742,#2743,#2744));
#436=EDGE_LOOP('',(#2745,#2746,#2747,#2748));
#437=EDGE_LOOP('',(#2749,#2750,#2751,#2752));
#438=EDGE_LOOP('',(#2753,#2754,#2755,#2756));
#439=EDGE_LOOP('',(#2757,#2758,#2759,#2760));
#440=EDGE_LOOP('',(#2761,#2762,#2763,#2764));
#441=EDGE_LOOP('',(#2765));
#442=EDGE_LOOP('',(#2766));
#443=EDGE_LOOP('',(#2767,#2768,#2769,#2770,#2771,#2772,#2773,#2774,#2775,
#2776,#2777,#2778,#2779,#2780));
#444=EDGE_LOOP('',(#2781,#2782,#2783,#2784));
#445=EDGE_LOOP('',(#2785,#2786,#2787,#2788));
#446=EDGE_LOOP('',(#2789,#2790,#2791,#2792));
#447=EDGE_LOOP('',(#2793));
#448=EDGE_LOOP('',(#2794));
#449=EDGE_LOOP('',(#2795,#2796,#2797,#2798));
#450=EDGE_LOOP('',(#2799,#2800,#2801,#2802));
#451=EDGE_LOOP('',(#2803,#2804,#2805,#2806));
#452=EDGE_LOOP('',(#2807,#2808,#2809,#2810));
#453=EDGE_LOOP('',(#2811,#2812,#2813,#2814));
#454=EDGE_LOOP('',(#2815));
#455=EDGE_LOOP('',(#2816));
#456=EDGE_LOOP('',(#2817,#2818,#2819,#2820,#2821,#2822,#2823,#2824,#2825,
#2826,#2827,#2828,#2829,#2830));
#457=EDGE_LOOP('',(#2831,#2832,#2833,#2834));
#458=EDGE_LOOP('',(#2835,#2836,#2837,#2838));
#459=LINE('',#4038,#859);
#460=LINE('',#4040,#860);
#461=LINE('',#4042,#861);
#462=LINE('',#4043,#862);
#463=LINE('',#4046,#863);
#464=LINE('',#4048,#864);
#465=LINE('',#4049,#865);
#466=LINE('',#4057,#866);
#467=LINE('',#4059,#867);
#468=LINE('',#4061,#868);
#469=LINE('',#4063,#869);
#470=LINE('',#4065,#870);
#471=LINE('',#4067,#871);
#472=LINE('',#4069,#872);
#473=LINE('',#4071,#873);
#474=LINE('',#4073,#874);
#475=LINE('',#4075,#875);
#476=LINE('',#4077,#876);
#477=LINE('',#4079,#877);
#478=LINE('',#4081,#878);
#479=LINE('',#4082,#879);
#480=LINE('',#4085,#880);
#481=LINE('',#4087,#881);
#482=LINE('',#4088,#882);
#483=LINE('',#4092,#883);
#484=LINE('',#4093,#884);
#485=LINE('',#4095,#885);
#486=LINE('',#4097,#886);
#487=LINE('',#4099,#887);
#488=LINE('',#4101,#888);
#489=LINE('',#4103,#889);
#490=LINE('',#4105,#890);
#491=LINE('',#4107,#891);
#492=LINE('',#4109,#892);
#493=LINE('',#4111,#893);
#494=LINE('',#4113,#894);
#495=LINE('',#4114,#895);
#496=LINE('',#4117,#896);
#497=LINE('',#4119,#897);
#498=LINE('',#4120,#898);
#499=LINE('',#4123,#899);
#500=LINE('',#4125,#900);
#501=LINE('',#4126,#901);
#502=LINE('',#4128,#902);
#503=LINE('',#4129,#903);
#504=LINE('',#4131,#904);
#505=LINE('',#4133,#905);
#506=LINE('',#4134,#906);
#507=LINE('',#4136,#907);
#508=LINE('',#4138,#908);
#509=LINE('',#4140,#909);
#510=LINE('',#4142,#910);
#511=LINE('',#4144,#911);
#512=LINE('',#4146,#912);
#513=LINE('',#4148,#913);
#514=LINE('',#4150,#914);
#515=LINE('',#4152,#915);
#516=LINE('',#4154,#916);
#517=LINE('',#4156,#917);
#518=LINE('',#4158,#918);
#519=LINE('',#4159,#919);
#520=LINE('',#4162,#920);
#521=LINE('',#4164,#921);
#522=LINE('',#4166,#922);
#523=LINE('',#4168,#923);
#524=LINE('',#4169,#924);
#525=LINE('',#4172,#925);
#526=LINE('',#4174,#926);
#527=LINE('',#4176,#927);
#528=LINE('',#4178,#928);
#529=LINE('',#4179,#929);
#530=LINE('',#4182,#930);
#531=LINE('',#4184,#931);
#532=LINE('',#4185,#932);
#533=LINE('',#4189,#933);
#534=LINE('',#4190,#934);
#535=LINE('',#4192,#935);
#536=LINE('',#4194,#936);
#537=LINE('',#4196,#937);
#538=LINE('',#4198,#938);
#539=LINE('',#4200,#939);
#540=LINE('',#4202,#940);
#541=LINE('',#4204,#941);
#542=LINE('',#4206,#942);
#543=LINE('',#4208,#943);
#544=LINE('',#4210,#944);
#545=LINE('',#4212,#945);
#546=LINE('',#4213,#946);
#547=LINE('',#4216,#947);
#548=LINE('',#4217,#948);
#549=LINE('',#4220,#949);
#550=LINE('',#4222,#950);
#551=LINE('',#4223,#951);
#552=LINE('',#4225,#952);
#553=LINE('',#4226,#953);
#554=LINE('',#4228,#954);
#555=LINE('',#4230,#955);
#556=LINE('',#4231,#956);
#557=LINE('',#4232,#957);
#558=LINE('',#4235,#958);
#559=LINE('',#4237,#959);
#560=LINE('',#4238,#960);
#561=LINE('',#4240,#961);
#562=LINE('',#4242,#962);
#563=LINE('',#4243,#963);
#564=LINE('',#4245,#964);
#565=LINE('',#4246,#965);
#566=LINE('',#4248,#966);
#567=LINE('',#4250,#967);
#568=LINE('',#4251,#968);
#569=LINE('',#4252,#969);
#570=LINE('',#4254,#970);
#571=LINE('',#4256,#971);
#572=LINE('',#4257,#972);
#573=LINE('',#4259,#973);
#574=LINE('',#4260,#974);
#575=LINE('',#4263,#975);
#576=LINE('',#4265,#976);
#577=LINE('',#4267,#977);
#578=LINE('',#4269,#978);
#579=LINE('',#4270,#979);
#580=LINE('',#4273,#980);
#581=LINE('',#4275,#981);
#582=LINE('',#4276,#982);
#583=LINE('',#4279,#983);
#584=LINE('',#4281,#984);
#585=LINE('',#4283,#985);
#586=LINE('',#4285,#986);
#587=LINE('',#4286,#987);
#588=LINE('',#4289,#988);
#589=LINE('',#4291,#989);
#590=LINE('',#4293,#990);
#591=LINE('',#4295,#991);
#592=LINE('',#4296,#992);
#593=LINE('',#4299,#993);
#594=LINE('',#4301,#994);
#595=LINE('',#4302,#995);
#596=LINE('',#4305,#996);
#597=LINE('',#4306,#997);
#598=LINE('',#4308,#998);
#599=LINE('',#4311,#999);
#600=LINE('',#4313,#1000);
#601=LINE('',#4314,#1001);
#602=LINE('',#4317,#1002);
#603=LINE('',#4319,#1003);
#604=LINE('',#4320,#1004);
#605=LINE('',#4323,#1005);
#606=LINE('',#4324,#1006);
#607=LINE('',#4326,#1007);
#608=LINE('',#4329,#1008);
#609=LINE('',#4331,#1009);
#610=LINE('',#4332,#1010);
#611=LINE('',#4335,#1011);
#612=LINE('',#4336,#1012);
#613=LINE('',#4339,#1013);
#614=LINE('',#4340,#1014);
#615=LINE('',#4343,#1015);
#616=LINE('',#4344,#1016);
#617=LINE('',#4346,#1017);
#618=LINE('',#4349,#1018);
#619=LINE('',#4351,#1019);
#620=LINE('',#4352,#1020);
#621=LINE('',#4355,#1021);
#622=LINE('',#4356,#1022);
#623=LINE('',#4358,#1023);
#624=LINE('',#4362,#1024);
#625=LINE('',#4364,#1025);
#626=LINE('',#4366,#1026);
#627=LINE('',#4367,#1027);
#628=LINE('',#4370,#1028);
#629=LINE('',#4372,#1029);
#630=LINE('',#4373,#1030);
#631=LINE('',#4376,#1031);
#632=LINE('',#4378,#1032);
#633=LINE('',#4380,#1033);
#634=LINE('',#4382,#1034);
#635=LINE('',#4383,#1035);
#636=LINE('',#4386,#1036);
#637=LINE('',#4388,#1037);
#638=LINE('',#4389,#1038);
#639=LINE('',#4391,#1039);
#640=LINE('',#4392,#1040);
#641=LINE('',#4395,#1041);
#642=LINE('',#4397,#1042);
#643=LINE('',#4398,#1043);
#644=LINE('',#4402,#1044);
#645=LINE('',#4404,#1045);
#646=LINE('',#4406,#1046);
#647=LINE('',#4407,#1047);
#648=LINE('',#4411,#1048);
#649=LINE('',#4412,#1049);
#650=LINE('',#4413,#1050);
#651=LINE('',#4416,#1051);
#652=LINE('',#4417,#1052);
#653=LINE('',#4419,#1053);
#654=LINE('',#4423,#1054);
#655=LINE('',#4424,#1055);
#656=LINE('',#4425,#1056);
#657=LINE('',#4428,#1057);
#658=LINE('',#4429,#1058);
#659=LINE('',#4432,#1059);
#660=LINE('',#4433,#1060);
#661=LINE('',#4436,#1061);
#662=LINE('',#4437,#1062);
#663=LINE('',#4439,#1063);
#664=LINE('',#4443,#1064);
#665=LINE('',#4444,#1065);
#666=LINE('',#4445,#1066);
#667=LINE('',#4448,#1067);
#668=LINE('',#4449,#1068);
#669=LINE('',#4451,#1069);
#670=LINE('',#4455,#1070);
#671=LINE('',#4456,#1071);
#672=LINE('',#4457,#1072);
#673=LINE('',#4461,#1073);
#674=LINE('',#4462,#1074);
#675=LINE('',#4463,#1075);
#676=LINE('',#4466,#1076);
#677=LINE('',#4467,#1077);
#678=LINE('',#4469,#1078);
#679=LINE('',#4471,#1079);
#680=LINE('',#4472,#1080);
#681=LINE('',#4474,#1081);
#682=LINE('',#4477,#1082);
#683=LINE('',#4480,#1083);
#684=LINE('',#4481,#1084);
#685=LINE('',#4483,#1085);
#686=LINE('',#4486,#1086);
#687=LINE('',#4487,#1087);
#688=LINE('',#4489,#1088);
#689=LINE('',#4491,#1089);
#690=LINE('',#4493,#1090);
#691=LINE('',#4496,#1091);
#692=LINE('',#4497,#1092);
#693=LINE('',#4499,#1093);
#694=LINE('',#4504,#1094);
#695=LINE('',#4505,#1095);
#696=LINE('',#4506,#1096);
#697=LINE('',#4509,#1097);
#698=LINE('',#4510,#1098);
#699=LINE('',#4512,#1099);
#700=LINE('',#4515,#1100);
#701=LINE('',#4516,#1101);
#702=LINE('',#4518,#1102);
#703=LINE('',#4522,#1103);
#704=LINE('',#4523,#1104);
#705=LINE('',#4524,#1105);
#706=LINE('',#4527,#1106);
#707=LINE('',#4528,#1107);
#708=LINE('',#4530,#1108);
#709=LINE('',#4534,#1109);
#710=LINE('',#4535,#1110);
#711=LINE('',#4536,#1111);
#712=LINE('',#4539,#1112);
#713=LINE('',#4540,#1113);
#714=LINE('',#4543,#1114);
#715=LINE('',#4544,#1115);
#716=LINE('',#4547,#1116);
#717=LINE('',#4548,#1117);
#718=LINE('',#4550,#1118);
#719=LINE('',#4554,#1119);
#720=LINE('',#4555,#1120);
#721=LINE('',#4556,#1121);
#722=LINE('',#4559,#1122);
#723=LINE('',#4560,#1123);
#724=LINE('',#4562,#1124);
#725=LINE('',#4565,#1125);
#726=LINE('',#4567,#1126);
#727=LINE('',#4568,#1127);
#728=LINE('',#4571,#1128);
#729=LINE('',#4573,#1129);
#730=LINE('',#4574,#1130);
#731=LINE('',#4577,#1131);
#732=LINE('',#4579,#1132);
#733=LINE('',#4581,#1133);
#734=LINE('',#4583,#1134);
#735=LINE('',#4584,#1135);
#736=LINE('',#4587,#1136);
#737=LINE('',#4589,#1137);
#738=LINE('',#4590,#1138);
#739=LINE('',#4593,#1139);
#740=LINE('',#4594,#1140);
#741=LINE('',#4602,#1141);
#742=LINE('',#4604,#1142);
#743=LINE('',#4606,#1143);
#744=LINE('',#4607,#1144);
#745=LINE('',#4611,#1145);
#746=LINE('',#4613,#1146);
#747=LINE('',#4615,#1147);
#748=LINE('',#4616,#1148);
#749=LINE('',#4619,#1149);
#750=LINE('',#4621,#1150);
#751=LINE('',#4622,#1151);
#752=LINE('',#4625,#1152);
#753=LINE('',#4627,#1153);
#754=LINE('',#4628,#1154);
#755=LINE('',#4630,#1155);
#756=LINE('',#4631,#1156);
#757=LINE('',#4635,#1157);
#758=LINE('',#4637,#1158);
#759=LINE('',#4638,#1159);
#760=LINE('',#4640,#1160);
#761=LINE('',#4641,#1161);
#762=LINE('',#4645,#1162);
#763=LINE('',#4647,#1163);
#764=LINE('',#4649,#1164);
#765=LINE('',#4650,#1165);
#766=LINE('',#4653,#1166);
#767=LINE('',#4654,#1167);
#768=LINE('',#4661,#1168);
#769=LINE('',#4663,#1169);
#770=LINE('',#4664,#1170);
#771=LINE('',#4671,#1171);
#772=LINE('',#4672,#1172);
#773=LINE('',#4674,#1173);
#774=LINE('',#4676,#1174);
#775=LINE('',#4677,#1175);
#776=LINE('',#4680,#1176);
#777=LINE('',#4681,#1177);
#778=LINE('',#4688,#1178);
#779=LINE('',#4689,#1179);
#780=LINE('',#4696,#1180);
#781=LINE('',#4697,#1181);
#782=LINE('',#4698,#1182);
#783=LINE('',#4701,#1183);
#784=LINE('',#4702,#1184);
#785=LINE('',#4704,#1185);
#786=LINE('',#4705,#1186);
#787=LINE('',#4707,#1187);
#788=LINE('',#4712,#1188);
#789=LINE('',#4715,#1189);
#790=LINE('',#4720,#1190);
#791=LINE('',#4723,#1191);
#792=LINE('',#4725,#1192);
#793=LINE('',#4727,#1193);
#794=LINE('',#4733,#1194);
#795=LINE('',#4735,#1195);
#796=LINE('',#4737,#1196);
#797=LINE('',#4739,#1197);
#798=LINE('',#4741,#1198);
#799=LINE('',#4743,#1199);
#800=LINE('',#4744,#1200);
#801=LINE('',#4747,#1201);
#802=LINE('',#4749,#1202);
#803=LINE('',#4751,#1203);
#804=LINE('',#4753,#1204);
#805=LINE('',#4754,#1205);
#806=LINE('',#4758,#1206);
#807=LINE('',#4760,#1207);
#808=LINE('',#4762,#1208);
#809=LINE('',#4763,#1209);
#810=LINE('',#4766,#1210);
#811=LINE('',#4768,#1211);
#812=LINE('',#4769,#1212);
#813=LINE('',#4772,#1213);
#814=LINE('',#4774,#1214);
#815=LINE('',#4775,#1215);
#816=LINE('',#4777,#1216);
#817=LINE('',#4778,#1217);
#818=LINE('',#4782,#1218);
#819=LINE('',#4784,#1219);
#820=LINE('',#4785,#1220);
#821=LINE('',#4787,#1221);
#822=LINE('',#4788,#1222);
#823=LINE('',#4792,#1223);
#824=LINE('',#4794,#1224);
#825=LINE('',#4796,#1225);
#826=LINE('',#4797,#1226);
#827=LINE('',#4800,#1227);
#828=LINE('',#4801,#1228);
#829=LINE('',#4808,#1229);
#830=LINE('',#4810,#1230);
#831=LINE('',#4811,#1231);
#832=LINE('',#4818,#1232);
#833=LINE('',#4820,#1233);
#834=LINE('',#4821,#1234);
#835=LINE('',#4823,#1235);
#836=LINE('',#4824,#1236);
#837=LINE('',#4827,#1237);
#838=LINE('',#4828,#1238);
#839=LINE('',#4835,#1239);
#840=LINE('',#4836,#1240);
#841=LINE('',#4843,#1241);
#842=LINE('',#4844,#1242);
#843=LINE('',#4845,#1243);
#844=LINE('',#4848,#1244);
#845=LINE('',#4849,#1245);
#846=LINE('',#4851,#1246);
#847=LINE('',#4852,#1247);
#848=LINE('',#4854,#1248);
#849=LINE('',#4857,#1249);
#850=LINE('',#4860,#1250);
#851=LINE('',#4863,#1251);
#852=LINE('',#4866,#1252);
#853=LINE('',#4869,#1253);
#854=LINE('',#4876,#1254);
#855=LINE('',#4879,#1255);
#856=LINE('',#4882,#1256);
#857=LINE('',#4885,#1257);
#858=LINE('',#4887,#1258);
#859=VECTOR('',#3296,10.);
#860=VECTOR('',#3297,10.);
#861=VECTOR('',#3298,10.);
#862=VECTOR('',#3299,10.);
#863=VECTOR('',#3302,10.);
#864=VECTOR('',#3303,10.);
#865=VECTOR('',#3304,10.);
#866=VECTOR('',#3311,10.);
#867=VECTOR('',#3312,10.);
#868=VECTOR('',#3313,10.);
#869=VECTOR('',#3314,10.);
#870=VECTOR('',#3315,10.);
#871=VECTOR('',#3316,10.);
#872=VECTOR('',#3317,10.);
#873=VECTOR('',#3318,10.);
#874=VECTOR('',#3319,10.);
#875=VECTOR('',#3320,10.);
#876=VECTOR('',#3321,10.);
#877=VECTOR('',#3322,10.);
#878=VECTOR('',#3323,10.);
#879=VECTOR('',#3324,10.);
#880=VECTOR('',#3327,10.);
#881=VECTOR('',#3328,10.);
#882=VECTOR('',#3329,10.);
#883=VECTOR('',#3332,10.);
#884=VECTOR('',#3333,10.);
#885=VECTOR('',#3334,10.);
#886=VECTOR('',#3335,10.);
#887=VECTOR('',#3336,10.);
#888=VECTOR('',#3337,10.);
#889=VECTOR('',#3338,10.);
#890=VECTOR('',#3339,10.);
#891=VECTOR('',#3340,10.);
#892=VECTOR('',#3341,10.);
#893=VECTOR('',#3342,10.);
#894=VECTOR('',#3343,10.);
#895=VECTOR('',#3344,10.);
#896=VECTOR('',#3347,10.);
#897=VECTOR('',#3348,10.);
#898=VECTOR('',#3349,10.);
#899=VECTOR('',#3352,10.);
#900=VECTOR('',#3353,10.);
#901=VECTOR('',#3354,10.);
#902=VECTOR('',#3355,10.);
#903=VECTOR('',#3356,10.);
#904=VECTOR('',#3357,10.);
#905=VECTOR('',#3358,10.);
#906=VECTOR('',#3359,10.);
#907=VECTOR('',#3360,10.);
#908=VECTOR('',#3361,10.);
#909=VECTOR('',#3362,10.);
#910=VECTOR('',#3363,10.);
#911=VECTOR('',#3364,10.);
#912=VECTOR('',#3365,10.);
#913=VECTOR('',#3366,10.);
#914=VECTOR('',#3367,10.);
#915=VECTOR('',#3368,10.);
#916=VECTOR('',#3369,10.);
#917=VECTOR('',#3370,10.);
#918=VECTOR('',#3371,10.);
#919=VECTOR('',#3372,10.);
#920=VECTOR('',#3373,10.);
#921=VECTOR('',#3374,10.);
#922=VECTOR('',#3375,10.);
#923=VECTOR('',#3376,10.);
#924=VECTOR('',#3377,10.);
#925=VECTOR('',#3378,10.);
#926=VECTOR('',#3379,10.);
#927=VECTOR('',#3380,10.);
#928=VECTOR('',#3381,10.);
#929=VECTOR('',#3382,10.);
#930=VECTOR('',#3383,10.);
#931=VECTOR('',#3384,10.);
#932=VECTOR('',#3385,10.);
#933=VECTOR('',#3388,10.);
#934=VECTOR('',#3389,10.);
#935=VECTOR('',#3390,10.);
#936=VECTOR('',#3391,10.);
#937=VECTOR('',#3392,10.);
#938=VECTOR('',#3393,10.);
#939=VECTOR('',#3394,10.);
#940=VECTOR('',#3395,10.);
#941=VECTOR('',#3396,10.);
#942=VECTOR('',#3397,10.);
#943=VECTOR('',#3398,10.);
#944=VECTOR('',#3399,10.);
#945=VECTOR('',#3400,10.);
#946=VECTOR('',#3401,10.);
#947=VECTOR('',#3404,10.);
#948=VECTOR('',#3405,10.);
#949=VECTOR('',#3408,10.);
#950=VECTOR('',#3409,10.);
#951=VECTOR('',#3410,10.);
#952=VECTOR('',#3411,10.);
#953=VECTOR('',#3412,10.);
#954=VECTOR('',#3413,10.);
#955=VECTOR('',#3414,10.);
#956=VECTOR('',#3415,10.);
#957=VECTOR('',#3416,10.);
#958=VECTOR('',#3419,10.);
#959=VECTOR('',#3420,10.);
#960=VECTOR('',#3421,10.);
#961=VECTOR('',#3422,10.);
#962=VECTOR('',#3423,10.);
#963=VECTOR('',#3424,10.);
#964=VECTOR('',#3425,10.);
#965=VECTOR('',#3426,10.);
#966=VECTOR('',#3427,10.);
#967=VECTOR('',#3428,10.);
#968=VECTOR('',#3429,10.);
#969=VECTOR('',#3430,10.);
#970=VECTOR('',#3431,10.);
#971=VECTOR('',#3432,10.);
#972=VECTOR('',#3433,10.);
#973=VECTOR('',#3434,10.);
#974=VECTOR('',#3435,10.);
#975=VECTOR('',#3436,10.);
#976=VECTOR('',#3437,10.);
#977=VECTOR('',#3438,10.);
#978=VECTOR('',#3439,10.);
#979=VECTOR('',#3440,10.);
#980=VECTOR('',#3441,10.);
#981=VECTOR('',#3442,10.);
#982=VECTOR('',#3443,10.);
#983=VECTOR('',#3444,10.);
#984=VECTOR('',#3445,10.);
#985=VECTOR('',#3446,10.);
#986=VECTOR('',#3447,10.);
#987=VECTOR('',#3448,10.);
#988=VECTOR('',#3451,10.);
#989=VECTOR('',#3452,10.);
#990=VECTOR('',#3453,10.);
#991=VECTOR('',#3454,10.);
#992=VECTOR('',#3455,10.);
#993=VECTOR('',#3458,10.);
#994=VECTOR('',#3459,10.);
#995=VECTOR('',#3460,10.);
#996=VECTOR('',#3463,10.);
#997=VECTOR('',#3464,10.);
#998=VECTOR('',#3467,10.);
#999=VECTOR('',#3470,10.);
#1000=VECTOR('',#3471,10.);
#1001=VECTOR('',#3472,10.);
#1002=VECTOR('',#3475,10.);
#1003=VECTOR('',#3476,10.);
#1004=VECTOR('',#3477,10.);
#1005=VECTOR('',#3480,10.);
#1006=VECTOR('',#3481,10.);
#1007=VECTOR('',#3484,10.);
#1008=VECTOR('',#3487,10.);
#1009=VECTOR('',#3488,10.);
#1010=VECTOR('',#3489,10.);
#1011=VECTOR('',#3492,10.);
#1012=VECTOR('',#3493,10.);
#1013=VECTOR('',#3496,10.);
#1014=VECTOR('',#3497,10.);
#1015=VECTOR('',#3500,10.);
#1016=VECTOR('',#3501,10.);
#1017=VECTOR('',#3504,10.);
#1018=VECTOR('',#3507,10.);
#1019=VECTOR('',#3508,10.);
#1020=VECTOR('',#3509,10.);
#1021=VECTOR('',#3512,10.);
#1022=VECTOR('',#3513,10.);
#1023=VECTOR('',#3516,10.);
#1024=VECTOR('',#3519,10.);
#1025=VECTOR('',#3520,10.);
#1026=VECTOR('',#3521,10.);
#1027=VECTOR('',#3522,10.);
#1028=VECTOR('',#3523,10.);
#1029=VECTOR('',#3524,10.);
#1030=VECTOR('',#3525,10.);
#1031=VECTOR('',#3526,10.);
#1032=VECTOR('',#3527,10.);
#1033=VECTOR('',#3528,10.);
#1034=VECTOR('',#3529,10.);
#1035=VECTOR('',#3530,10.);
#1036=VECTOR('',#3531,10.);
#1037=VECTOR('',#3532,10.);
#1038=VECTOR('',#3533,10.);
#1039=VECTOR('',#3534,10.);
#1040=VECTOR('',#3535,10.);
#1041=VECTOR('',#3536,10.);
#1042=VECTOR('',#3537,10.);
#1043=VECTOR('',#3538,10.);
#1044=VECTOR('',#3541,10.);
#1045=VECTOR('',#3542,10.);
#1046=VECTOR('',#3543,10.);
#1047=VECTOR('',#3544,10.);
#1048=VECTOR('',#3547,10.);
#1049=VECTOR('',#3548,10.);
#1050=VECTOR('',#3549,10.);
#1051=VECTOR('',#3552,10.);
#1052=VECTOR('',#3553,10.);
#1053=VECTOR('',#3556,10.);
#1054=VECTOR('',#3559,10.);
#1055=VECTOR('',#3560,10.);
#1056=VECTOR('',#3561,10.);
#1057=VECTOR('',#3564,10.);
#1058=VECTOR('',#3565,10.);
#1059=VECTOR('',#3568,10.);
#1060=VECTOR('',#3569,10.);
#1061=VECTOR('',#3572,10.);
#1062=VECTOR('',#3573,10.);
#1063=VECTOR('',#3576,10.);
#1064=VECTOR('',#3579,10.);
#1065=VECTOR('',#3580,10.);
#1066=VECTOR('',#3581,10.);
#1067=VECTOR('',#3584,10.);
#1068=VECTOR('',#3585,10.);
#1069=VECTOR('',#3588,10.);
#1070=VECTOR('',#3591,10.);
#1071=VECTOR('',#3592,10.);
#1072=VECTOR('',#3593,10.);
#1073=VECTOR('',#3596,10.);
#1074=VECTOR('',#3597,10.);
#1075=VECTOR('',#3598,10.);
#1076=VECTOR('',#3601,10.);
#1077=VECTOR('',#3602,10.);
#1078=VECTOR('',#3605,10.);
#1079=VECTOR('',#3608,10.);
#1080=VECTOR('',#3609,10.);
#1081=VECTOR('',#3612,10.);
#1082=VECTOR('',#3617,10.);
#1083=VECTOR('',#3622,10.);
#1084=VECTOR('',#3623,10.);
#1085=VECTOR('',#3626,10.);
#1086=VECTOR('',#3631,10.);
#1087=VECTOR('',#3632,10.);
#1088=VECTOR('',#3635,10.);
#1089=VECTOR('',#3638,10.);
#1090=VECTOR('',#3641,10.);
#1091=VECTOR('',#3646,10.);
#1092=VECTOR('',#3647,10.);
#1093=VECTOR('',#3650,10.);
#1094=VECTOR('',#3655,10.);
#1095=VECTOR('',#3656,10.);
#1096=VECTOR('',#3657,10.);
#1097=VECTOR('',#3660,10.);
#1098=VECTOR('',#3661,10.);
#1099=VECTOR('',#3664,10.);
#1100=VECTOR('',#3667,10.);
#1101=VECTOR('',#3668,10.);
#1102=VECTOR('',#3671,10.);
#1103=VECTOR('',#3674,10.);
#1104=VECTOR('',#3675,10.);
#1105=VECTOR('',#3676,10.);
#1106=VECTOR('',#3679,10.);
#1107=VECTOR('',#3680,10.);
#1108=VECTOR('',#3683,10.);
#1109=VECTOR('',#3686,10.);
#1110=VECTOR('',#3687,10.);
#1111=VECTOR('',#3688,10.);
#1112=VECTOR('',#3691,10.);
#1113=VECTOR('',#3692,10.);
#1114=VECTOR('',#3695,10.);
#1115=VECTOR('',#3696,10.);
#1116=VECTOR('',#3699,10.);
#1117=VECTOR('',#3700,10.);
#1118=VECTOR('',#3703,10.);
#1119=VECTOR('',#3706,10.);
#1120=VECTOR('',#3707,10.);
#1121=VECTOR('',#3708,10.);
#1122=VECTOR('',#3711,10.);
#1123=VECTOR('',#3712,10.);
#1124=VECTOR('',#3715,10.);
#1125=VECTOR('',#3718,10.);
#1126=VECTOR('',#3719,10.);
#1127=VECTOR('',#3720,10.);
#1128=VECTOR('',#3723,10.);
#1129=VECTOR('',#3724,10.);
#1130=VECTOR('',#3725,10.);
#1131=VECTOR('',#3728,10.);
#1132=VECTOR('',#3729,10.);
#1133=VECTOR('',#3730,10.);
#1134=VECTOR('',#3731,10.);
#1135=VECTOR('',#3732,10.);
#1136=VECTOR('',#3735,10.);
#1137=VECTOR('',#3736,10.);
#1138=VECTOR('',#3737,10.);
#1139=VECTOR('',#3740,10.);
#1140=VECTOR('',#3741,10.);
#1141=VECTOR('',#3748,10.);
#1142=VECTOR('',#3749,10.);
#1143=VECTOR('',#3750,10.);
#1144=VECTOR('',#3751,10.);
#1145=VECTOR('',#3754,10.);
#1146=VECTOR('',#3755,10.);
#1147=VECTOR('',#3756,10.);
#1148=VECTOR('',#3757,10.);
#1149=VECTOR('',#3760,10.);
#1150=VECTOR('',#3761,10.);
#1151=VECTOR('',#3762,10.);
#1152=VECTOR('',#3765,10.);
#1153=VECTOR('',#3766,10.);
#1154=VECTOR('',#3767,10.);
#1155=VECTOR('',#3770,10.);
#1156=VECTOR('',#3771,10.);
#1157=VECTOR('',#3776,10.);
#1158=VECTOR('',#3777,10.);
#1159=VECTOR('',#3778,10.);
#1160=VECTOR('',#3781,10.);
#1161=VECTOR('',#3782,10.);
#1162=VECTOR('',#3785,10.);
#1163=VECTOR('',#3786,10.);
#1164=VECTOR('',#3787,10.);
#1165=VECTOR('',#3788,10.);
#1166=VECTOR('',#3791,10.);
#1167=VECTOR('',#3792,10.);
#1168=VECTOR('',#3799,10.);
#1169=VECTOR('',#3800,10.);
#1170=VECTOR('',#3801,10.);
#1171=VECTOR('',#3808,10.);
#1172=VECTOR('',#3809,10.);
#1173=VECTOR('',#3810,10.);
#1174=VECTOR('',#3811,10.);
#1175=VECTOR('',#3812,10.);
#1176=VECTOR('',#3815,10.);
#1177=VECTOR('',#3816,10.);
#1178=VECTOR('',#3823,10.);
#1179=VECTOR('',#3824,10.);
#1180=VECTOR('',#3831,10.);
#1181=VECTOR('',#3832,10.);
#1182=VECTOR('',#3833,10.);
#1183=VECTOR('',#3836,10.);
#1184=VECTOR('',#3837,10.);
#1185=VECTOR('',#3838,10.);
#1186=VECTOR('',#3839,10.);
#1187=VECTOR('',#3842,1.6);
#1188=VECTOR('',#3847,1.6);
#1189=VECTOR('',#3852,1.6);
#1190=VECTOR('',#3857,1.6);
#1191=VECTOR('',#3862,10.);
#1192=VECTOR('',#3865,10.);
#1193=VECTOR('',#3868,10.);
#1194=VECTOR('',#3875,1.6);
#1195=VECTOR('',#3878,1.6);
#1196=VECTOR('',#3881,1.6);
#1197=VECTOR('',#3884,1.6);
#1198=VECTOR('',#3887,10.);
#1199=VECTOR('',#3888,10.);
#1200=VECTOR('',#3889,10.);
#1201=VECTOR('',#3892,10.);
#1202=VECTOR('',#3893,10.);
#1203=VECTOR('',#3894,10.);
#1204=VECTOR('',#3895,10.);
#1205=VECTOR('',#3896,10.);
#1206=VECTOR('',#3899,10.);
#1207=VECTOR('',#3900,10.);
#1208=VECTOR('',#3901,10.);
#1209=VECTOR('',#3902,10.);
#1210=VECTOR('',#3905,10.);
#1211=VECTOR('',#3906,10.);
#1212=VECTOR('',#3907,10.);
#1213=VECTOR('',#3910,10.);
#1214=VECTOR('',#3911,10.);
#1215=VECTOR('',#3912,10.);
#1216=VECTOR('',#3915,10.);
#1217=VECTOR('',#3916,10.);
#1218=VECTOR('',#3921,10.);
#1219=VECTOR('',#3922,10.);
#1220=VECTOR('',#3923,10.);
#1221=VECTOR('',#3926,10.);
#1222=VECTOR('',#3927,10.);
#1223=VECTOR('',#3930,10.);
#1224=VECTOR('',#3931,10.);
#1225=VECTOR('',#3932,10.);
#1226=VECTOR('',#3933,10.);
#1227=VECTOR('',#3936,10.);
#1228=VECTOR('',#3937,10.);
#1229=VECTOR('',#3944,10.);
#1230=VECTOR('',#3945,10.);
#1231=VECTOR('',#3946,10.);
#1232=VECTOR('',#3953,10.);
#1233=VECTOR('',#3954,10.);
#1234=VECTOR('',#3955,10.);
#1235=VECTOR('',#3956,10.);
#1236=VECTOR('',#3957,10.);
#1237=VECTOR('',#3960,10.);
#1238=VECTOR('',#3961,10.);
#1239=VECTOR('',#3968,10.);
#1240=VECTOR('',#3969,10.);
#1241=VECTOR('',#3976,10.);
#1242=VECTOR('',#3977,10.);
#1243=VECTOR('',#3978,10.);
#1244=VECTOR('',#3981,10.);
#1245=VECTOR('',#3982,10.);
#1246=VECTOR('',#3983,10.);
#1247=VECTOR('',#3984,10.);
#1248=VECTOR('',#3987,1.6);
#1249=VECTOR('',#3990,1.6);
#1250=VECTOR('',#3995,1.6);
#1251=VECTOR('',#3998,1.6);
#1252=VECTOR('',#4003,10.);
#1253=VECTOR('',#4008,10.);
#1254=VECTOR('',#4015,1.6);
#1255=VECTOR('',#4020,1.6);
#1256=VECTOR('',#4023,1.6);
#1257=VECTOR('',#4028,1.6);
#1258=VECTOR('',#4031,10.);
#1259=VERTEX_POINT('',#4036);
#1260=VERTEX_POINT('',#4037);
#1261=VERTEX_POINT('',#4039);
#1262=VERTEX_POINT('',#4041);
#1263=VERTEX_POINT('',#4045);
#1264=VERTEX_POINT('',#4047);
#1265=VERTEX_POINT('',#4050);
#1266=VERTEX_POINT('',#4052);
#1267=VERTEX_POINT('',#4055);
#1268=VERTEX_POINT('',#4056);
#1269=VERTEX_POINT('',#4058);
#1270=VERTEX_POINT('',#4060);
#1271=VERTEX_POINT('',#4062);
#1272=VERTEX_POINT('',#4064);
#1273=VERTEX_POINT('',#4066);
#1274=VERTEX_POINT('',#4068);
#1275=VERTEX_POINT('',#4070);
#1276=VERTEX_POINT('',#4072);
#1277=VERTEX_POINT('',#4074);
#1278=VERTEX_POINT('',#4076);
#1279=VERTEX_POINT('',#4078);
#1280=VERTEX_POINT('',#4080);
#1281=VERTEX_POINT('',#4084);
#1282=VERTEX_POINT('',#4086);
#1283=VERTEX_POINT('',#4090);
#1284=VERTEX_POINT('',#4091);
#1285=VERTEX_POINT('',#4094);
#1286=VERTEX_POINT('',#4096);
#1287=VERTEX_POINT('',#4098);
#1288=VERTEX_POINT('',#4100);
#1289=VERTEX_POINT('',#4102);
#1290=VERTEX_POINT('',#4104);
#1291=VERTEX_POINT('',#4106);
#1292=VERTEX_POINT('',#4108);
#1293=VERTEX_POINT('',#4110);
#1294=VERTEX_POINT('',#4112);
#1295=VERTEX_POINT('',#4116);
#1296=VERTEX_POINT('',#4118);
#1297=VERTEX_POINT('',#4122);
#1298=VERTEX_POINT('',#4124);
#1299=VERTEX_POINT('',#4127);
#1300=VERTEX_POINT('',#4130);
#1301=VERTEX_POINT('',#4132);
#1302=VERTEX_POINT('',#4135);
#1303=VERTEX_POINT('',#4137);
#1304=VERTEX_POINT('',#4139);
#1305=VERTEX_POINT('',#4141);
#1306=VERTEX_POINT('',#4143);
#1307=VERTEX_POINT('',#4145);
#1308=VERTEX_POINT('',#4147);
#1309=VERTEX_POINT('',#4149);
#1310=VERTEX_POINT('',#4151);
#1311=VERTEX_POINT('',#4153);
#1312=VERTEX_POINT('',#4155);
#1313=VERTEX_POINT('',#4157);
#1314=VERTEX_POINT('',#4160);
#1315=VERTEX_POINT('',#4161);
#1316=VERTEX_POINT('',#4163);
#1317=VERTEX_POINT('',#4165);
#1318=VERTEX_POINT('',#4167);
#1319=VERTEX_POINT('',#4170);
#1320=VERTEX_POINT('',#4171);
#1321=VERTEX_POINT('',#4173);
#1322=VERTEX_POINT('',#4175);
#1323=VERTEX_POINT('',#4177);
#1324=VERTEX_POINT('',#4180);
#1325=VERTEX_POINT('',#4181);
#1326=VERTEX_POINT('',#4183);
#1327=VERTEX_POINT('',#4187);
#1328=VERTEX_POINT('',#4188);
#1329=VERTEX_POINT('',#4191);
#1330=VERTEX_POINT('',#4193);
#1331=VERTEX_POINT('',#4195);
#1332=VERTEX_POINT('',#4197);
#1333=VERTEX_POINT('',#4199);
#1334=VERTEX_POINT('',#4201);
#1335=VERTEX_POINT('',#4203);
#1336=VERTEX_POINT('',#4205);
#1337=VERTEX_POINT('',#4207);
#1338=VERTEX_POINT('',#4209);
#1339=VERTEX_POINT('',#4211);
#1340=VERTEX_POINT('',#4215);
#1341=VERTEX_POINT('',#4219);
#1342=VERTEX_POINT('',#4221);
#1343=VERTEX_POINT('',#4224);
#1344=VERTEX_POINT('',#4227);
#1345=VERTEX_POINT('',#4229);
#1346=VERTEX_POINT('',#4234);
#1347=VERTEX_POINT('',#4236);
#1348=VERTEX_POINT('',#4239);
#1349=VERTEX_POINT('',#4241);
#1350=VERTEX_POINT('',#4244);
#1351=VERTEX_POINT('',#4247);
#1352=VERTEX_POINT('',#4249);
#1353=VERTEX_POINT('',#4253);
#1354=VERTEX_POINT('',#4255);
#1355=VERTEX_POINT('',#4258);
#1356=VERTEX_POINT('',#4261);
#1357=VERTEX_POINT('',#4262);
#1358=VERTEX_POINT('',#4264);
#1359=VERTEX_POINT('',#4266);
#1360=VERTEX_POINT('',#4268);
#1361=VERTEX_POINT('',#4271);
#1362=VERTEX_POINT('',#4272);
#1363=VERTEX_POINT('',#4274);
#1364=VERTEX_POINT('',#4277);
#1365=VERTEX_POINT('',#4278);
#1366=VERTEX_POINT('',#4280);
#1367=VERTEX_POINT('',#4282);
#1368=VERTEX_POINT('',#4284);
#1369=VERTEX_POINT('',#4288);
#1370=VERTEX_POINT('',#4290);
#1371=VERTEX_POINT('',#4292);
#1372=VERTEX_POINT('',#4294);
#1373=VERTEX_POINT('',#4298);
#1374=VERTEX_POINT('',#4300);
#1375=VERTEX_POINT('',#4304);
#1376=VERTEX_POINT('',#4310);
#1377=VERTEX_POINT('',#4312);
#1378=VERTEX_POINT('',#4316);
#1379=VERTEX_POINT('',#4318);
#1380=VERTEX_POINT('',#4322);
#1381=VERTEX_POINT('',#4328);
#1382=VERTEX_POINT('',#4330);
#1383=VERTEX_POINT('',#4334);
#1384=VERTEX_POINT('',#4338);
#1385=VERTEX_POINT('',#4342);
#1386=VERTEX_POINT('',#4348);
#1387=VERTEX_POINT('',#4350);
#1388=VERTEX_POINT('',#4354);
#1389=VERTEX_POINT('',#4360);
#1390=VERTEX_POINT('',#4361);
#1391=VERTEX_POINT('',#4363);
#1392=VERTEX_POINT('',#4365);
#1393=VERTEX_POINT('',#4368);
#1394=VERTEX_POINT('',#4369);
#1395=VERTEX_POINT('',#4371);
#1396=VERTEX_POINT('',#4374);
#1397=VERTEX_POINT('',#4375);
#1398=VERTEX_POINT('',#4377);
#1399=VERTEX_POINT('',#4379);
#1400=VERTEX_POINT('',#4381);
#1401=VERTEX_POINT('',#4384);
#1402=VERTEX_POINT('',#4385);
#1403=VERTEX_POINT('',#4387);
#1404=VERTEX_POINT('',#4390);
#1405=VERTEX_POINT('',#4393);
#1406=VERTEX_POINT('',#4394);
#1407=VERTEX_POINT('',#4396);
#1408=VERTEX_POINT('',#4400);
#1409=VERTEX_POINT('',#4401);
#1410=VERTEX_POINT('',#4403);
#1411=VERTEX_POINT('',#4405);
#1412=VERTEX_POINT('',#4409);
#1413=VERTEX_POINT('',#4410);
#1414=VERTEX_POINT('',#4415);
#1415=VERTEX_POINT('',#4421);
#1416=VERTEX_POINT('',#4422);
#1417=VERTEX_POINT('',#4427);
#1418=VERTEX_POINT('',#4431);
#1419=VERTEX_POINT('',#4435);
#1420=VERTEX_POINT('',#4441);
#1421=VERTEX_POINT('',#4442);
#1422=VERTEX_POINT('',#4447);
#1423=VERTEX_POINT('',#4453);
#1424=VERTEX_POINT('',#4454);
#1425=VERTEX_POINT('',#4459);
#1426=VERTEX_POINT('',#4460);
#1427=VERTEX_POINT('',#4465);
#1428=VERTEX_POINT('',#4502);
#1429=VERTEX_POINT('',#4503);
#1430=VERTEX_POINT('',#4508);
#1431=VERTEX_POINT('',#4514);
#1432=VERTEX_POINT('',#4520);
#1433=VERTEX_POINT('',#4521);
#1434=VERTEX_POINT('',#4526);
#1435=VERTEX_POINT('',#4532);
#1436=VERTEX_POINT('',#4533);
#1437=VERTEX_POINT('',#4538);
#1438=VERTEX_POINT('',#4542);
#1439=VERTEX_POINT('',#4546);
#1440=VERTEX_POINT('',#4552);
#1441=VERTEX_POINT('',#4553);
#1442=VERTEX_POINT('',#4558);
#1443=VERTEX_POINT('',#4564);
#1444=VERTEX_POINT('',#4566);
#1445=VERTEX_POINT('',#4570);
#1446=VERTEX_POINT('',#4572);
#1447=VERTEX_POINT('',#4576);
#1448=VERTEX_POINT('',#4578);
#1449=VERTEX_POINT('',#4580);
#1450=VERTEX_POINT('',#4582);
#1451=VERTEX_POINT('',#4586);
#1452=VERTEX_POINT('',#4588);
#1453=VERTEX_POINT('',#4592);
#1454=VERTEX_POINT('',#4595);
#1455=VERTEX_POINT('',#4597);
#1456=VERTEX_POINT('',#4600);
#1457=VERTEX_POINT('',#4601);
#1458=VERTEX_POINT('',#4603);
#1459=VERTEX_POINT('',#4605);
#1460=VERTEX_POINT('',#4609);
#1461=VERTEX_POINT('',#4610);
#1462=VERTEX_POINT('',#4612);
#1463=VERTEX_POINT('',#4614);
#1464=VERTEX_POINT('',#4618);
#1465=VERTEX_POINT('',#4620);
#1466=VERTEX_POINT('',#4624);
#1467=VERTEX_POINT('',#4626);
#1468=VERTEX_POINT('',#4634);
#1469=VERTEX_POINT('',#4636);
#1470=VERTEX_POINT('',#4643);
#1471=VERTEX_POINT('',#4644);
#1472=VERTEX_POINT('',#4646);
#1473=VERTEX_POINT('',#4648);
#1474=VERTEX_POINT('',#4652);
#1475=VERTEX_POINT('',#4655);
#1476=VERTEX_POINT('',#4657);
#1477=VERTEX_POINT('',#4660);
#1478=VERTEX_POINT('',#4662);
#1479=VERTEX_POINT('',#4665);
#1480=VERTEX_POINT('',#4667);
#1481=VERTEX_POINT('',#4670);
#1482=VERTEX_POINT('',#4673);
#1483=VERTEX_POINT('',#4675);
#1484=VERTEX_POINT('',#4679);
#1485=VERTEX_POINT('',#4682);
#1486=VERTEX_POINT('',#4684);
#1487=VERTEX_POINT('',#4687);
#1488=VERTEX_POINT('',#4690);
#1489=VERTEX_POINT('',#4692);
#1490=VERTEX_POINT('',#4695);
#1491=VERTEX_POINT('',#4700);
#1492=VERTEX_POINT('',#4703);
#1493=VERTEX_POINT('',#4709);
#1494=VERTEX_POINT('',#4711);
#1495=VERTEX_POINT('',#4717);
#1496=VERTEX_POINT('',#4719);
#1497=VERTEX_POINT('',#4728);
#1498=VERTEX_POINT('',#4730);
#1499=VERTEX_POINT('',#4742);
#1500=VERTEX_POINT('',#4746);
#1501=VERTEX_POINT('',#4748);
#1502=VERTEX_POINT('',#4750);
#1503=VERTEX_POINT('',#4752);
#1504=VERTEX_POINT('',#4756);
#1505=VERTEX_POINT('',#4757);
#1506=VERTEX_POINT('',#4759);
#1507=VERTEX_POINT('',#4761);
#1508=VERTEX_POINT('',#4765);
#1509=VERTEX_POINT('',#4767);
#1510=VERTEX_POINT('',#4771);
#1511=VERTEX_POINT('',#4773);
#1512=VERTEX_POINT('',#4781);
#1513=VERTEX_POINT('',#4783);
#1514=VERTEX_POINT('',#4790);
#1515=VERTEX_POINT('',#4791);
#1516=VERTEX_POINT('',#4793);
#1517=VERTEX_POINT('',#4795);
#1518=VERTEX_POINT('',#4799);
#1519=VERTEX_POINT('',#4802);
#1520=VERTEX_POINT('',#4804);
#1521=VERTEX_POINT('',#4807);
#1522=VERTEX_POINT('',#4809);
#1523=VERTEX_POINT('',#4812);
#1524=VERTEX_POINT('',#4814);
#1525=VERTEX_POINT('',#4817);
#1526=VERTEX_POINT('',#4819);
#1527=VERTEX_POINT('',#4822);
#1528=VERTEX_POINT('',#4826);
#1529=VERTEX_POINT('',#4829);
#1530=VERTEX_POINT('',#4831);
#1531=VERTEX_POINT('',#4834);
#1532=VERTEX_POINT('',#4837);
#1533=VERTEX_POINT('',#4839);
#1534=VERTEX_POINT('',#4842);
#1535=VERTEX_POINT('',#4847);
#1536=VERTEX_POINT('',#4850);
#1537=VERTEX_POINT('',#4856);
#1538=VERTEX_POINT('',#4862);
#1539=VERTEX_POINT('',#4870);
#1540=VERTEX_POINT('',#4872);
#1541=VERTEX_POINT('',#4875);
#1542=VERTEX_POINT('',#4881);
#1543=EDGE_CURVE('',#1259,#1260,#459,.T.);
#1544=EDGE_CURVE('',#1260,#1261,#460,.T.);
#1545=EDGE_CURVE('',#1261,#1262,#461,.T.);
#1546=EDGE_CURVE('',#1262,#1259,#462,.T.);
#1547=EDGE_CURVE('',#1260,#1263,#463,.T.);
#1548=EDGE_CURVE('',#1264,#1263,#464,.T.);
#1549=EDGE_CURVE('',#1261,#1264,#465,.T.);
#1550=EDGE_CURVE('',#1265,#1265,#91,.T.);
#1551=EDGE_CURVE('',#1266,#1266,#92,.T.);
#1552=EDGE_CURVE('',#1267,#1268,#466,.F.);
#1553=EDGE_CURVE('',#1267,#1269,#467,.T.);
#1554=EDGE_CURVE('',#1269,#1270,#468,.T.);
#1555=EDGE_CURVE('',#1270,#1271,#469,.T.);
#1556=EDGE_CURVE('',#1271,#1272,#470,.T.);
#1557=EDGE_CURVE('',#1272,#1273,#471,.T.);
#1558=EDGE_CURVE('',#1274,#1273,#472,.F.);
#1559=EDGE_CURVE('',#1275,#1274,#473,.F.);
#1560=EDGE_CURVE('',#1275,#1276,#474,.T.);
#1561=EDGE_CURVE('',#1277,#1276,#475,.F.);
#1562=EDGE_CURVE('',#1278,#1277,#476,.F.);
#1563=EDGE_CURVE('',#1279,#1278,#477,.F.);
#1564=EDGE_CURVE('',#1279,#1280,#478,.T.);
#1565=EDGE_CURVE('',#1268,#1280,#479,.F.);
#1566=EDGE_CURVE('',#1271,#1281,#480,.T.);
#1567=EDGE_CURVE('',#1281,#1282,#481,.T.);
#1568=EDGE_CURVE('',#1282,#1272,#482,.T.);
#1569=EDGE_CURVE('',#1283,#1284,#483,.F.);
#1570=EDGE_CURVE('',#1283,#1282,#484,.T.);
#1571=EDGE_CURVE('',#1281,#1285,#485,.T.);
#1572=EDGE_CURVE('',#1285,#1286,#486,.T.);
#1573=EDGE_CURVE('',#1286,#1287,#487,.T.);
#1574=EDGE_CURVE('',#1288,#1287,#488,.F.);
#1575=EDGE_CURVE('',#1289,#1288,#489,.F.);
#1576=EDGE_CURVE('',#1289,#1290,#490,.T.);
#1577=EDGE_CURVE('',#1291,#1290,#491,.F.);
#1578=EDGE_CURVE('',#1291,#1292,#492,.T.);
#1579=EDGE_CURVE('',#1293,#1292,#493,.F.);
#1580=EDGE_CURVE('',#1293,#1294,#494,.T.);
#1581=EDGE_CURVE('',#1284,#1294,#495,.F.);
#1582=EDGE_CURVE('',#1295,#1282,#496,.T.);
#1583=EDGE_CURVE('',#1296,#1295,#497,.T.);
#1584=EDGE_CURVE('',#1296,#1272,#498,.T.);
#1585=EDGE_CURVE('',#1283,#1297,#499,.T.);
#1586=EDGE_CURVE('',#1297,#1298,#500,.T.);
#1587=EDGE_CURVE('',#1298,#1294,#501,.T.);
#1588=EDGE_CURVE('',#1293,#1299,#502,.T.);
#1589=EDGE_CURVE('',#1299,#1290,#503,.T.);
#1590=EDGE_CURVE('',#1289,#1300,#504,.T.);
#1591=EDGE_CURVE('',#1300,#1301,#505,.T.);
#1592=EDGE_CURVE('',#1301,#1287,#506,.T.);
#1593=EDGE_CURVE('',#1302,#1286,#507,.T.);
#1594=EDGE_CURVE('',#1303,#1302,#508,.T.);
#1595=EDGE_CURVE('',#1303,#1304,#509,.T.);
#1596=EDGE_CURVE('',#1304,#1305,#510,.T.);
#1597=EDGE_CURVE('',#1305,#1306,#511,.T.);
#1598=EDGE_CURVE('',#1307,#1306,#512,.T.);
#1599=EDGE_CURVE('',#1307,#1308,#513,.T.);
#1600=EDGE_CURVE('',#1308,#1309,#514,.T.);
#1601=EDGE_CURVE('',#1310,#1309,#515,.T.);
#1602=EDGE_CURVE('',#1310,#1311,#516,.T.);
#1603=EDGE_CURVE('',#1311,#1312,#517,.T.);
#1604=EDGE_CURVE('',#1312,#1313,#518,.T.);
#1605=EDGE_CURVE('',#1295,#1313,#519,.T.);
#1606=EDGE_CURVE('',#1314,#1315,#520,.T.);
#1607=EDGE_CURVE('',#1315,#1316,#521,.T.);
#1608=EDGE_CURVE('',#1316,#1317,#522,.T.);
#1609=EDGE_CURVE('',#1317,#1318,#523,.T.);
#1610=EDGE_CURVE('',#1318,#1314,#524,.T.);
#1611=EDGE_CURVE('',#1319,#1320,#525,.T.);
#1612=EDGE_CURVE('',#1320,#1321,#526,.T.);
#1613=EDGE_CURVE('',#1321,#1322,#527,.T.);
#1614=EDGE_CURVE('',#1322,#1323,#528,.T.);
#1615=EDGE_CURVE('',#1323,#1319,#529,.T.);
#1616=EDGE_CURVE('',#1324,#1325,#530,.T.);
#1617=EDGE_CURVE('',#1325,#1326,#531,.T.);
#1618=EDGE_CURVE('',#1326,#1324,#532,.T.);
#1619=EDGE_CURVE('',#1327,#1328,#533,.F.);
#1620=EDGE_CURVE('',#1327,#1296,#534,.T.);
#1621=EDGE_CURVE('',#1296,#1329,#535,.T.);
#1622=EDGE_CURVE('',#1329,#1330,#536,.T.);
#1623=EDGE_CURVE('',#1330,#1331,#537,.T.);
#1624=EDGE_CURVE('',#1331,#1332,#538,.T.);
#1625=EDGE_CURVE('',#1333,#1332,#539,.F.);
#1626=EDGE_CURVE('',#1334,#1333,#540,.F.);
#1627=EDGE_CURVE('',#1334,#1335,#541,.T.);
#1628=EDGE_CURVE('',#1336,#1335,#542,.F.);
#1629=EDGE_CURVE('',#1336,#1337,#543,.T.);
#1630=EDGE_CURVE('',#1338,#1337,#544,.F.);
#1631=EDGE_CURVE('',#1338,#1339,#545,.T.);
#1632=EDGE_CURVE('',#1328,#1339,#546,.F.);
#1633=EDGE_CURVE('',#1340,#1329,#547,.T.);
#1634=EDGE_CURVE('',#1295,#1340,#548,.T.);
#1635=EDGE_CURVE('',#1303,#1341,#549,.F.);
#1636=EDGE_CURVE('',#1302,#1342,#550,.T.);
#1637=EDGE_CURVE('',#1342,#1340,#551,.T.);
#1638=EDGE_CURVE('',#1343,#1313,#552,.F.);
#1639=EDGE_CURVE('',#1310,#1343,#553,.F.);
#1640=EDGE_CURVE('',#1344,#1309,#554,.F.);
#1641=EDGE_CURVE('',#1345,#1344,#555,.F.);
#1642=EDGE_CURVE('',#1307,#1345,#556,.F.);
#1643=EDGE_CURVE('',#1341,#1306,#557,.F.);
#1644=EDGE_CURVE('',#1275,#1346,#558,.T.);
#1645=EDGE_CURVE('',#1346,#1347,#559,.T.);
#1646=EDGE_CURVE('',#1347,#1273,#560,.T.);
#1647=EDGE_CURVE('',#1327,#1348,#561,.T.);
#1648=EDGE_CURVE('',#1348,#1349,#562,.T.);
#1649=EDGE_CURVE('',#1349,#1339,#563,.T.);
#1650=EDGE_CURVE('',#1338,#1350,#564,.T.);
#1651=EDGE_CURVE('',#1350,#1335,#565,.T.);
#1652=EDGE_CURVE('',#1334,#1351,#566,.T.);
#1653=EDGE_CURVE('',#1351,#1352,#567,.T.);
#1654=EDGE_CURVE('',#1352,#1332,#568,.T.);
#1655=EDGE_CURVE('',#1331,#1269,#569,.T.);
#1656=EDGE_CURVE('',#1267,#1353,#570,.T.);
#1657=EDGE_CURVE('',#1353,#1354,#571,.T.);
#1658=EDGE_CURVE('',#1354,#1280,#572,.T.);
#1659=EDGE_CURVE('',#1279,#1355,#573,.T.);
#1660=EDGE_CURVE('',#1355,#1276,#574,.T.);
#1661=EDGE_CURVE('',#1356,#1357,#575,.T.);
#1662=EDGE_CURVE('',#1357,#1358,#576,.T.);
#1663=EDGE_CURVE('',#1358,#1359,#577,.T.);
#1664=EDGE_CURVE('',#1359,#1360,#578,.T.);
#1665=EDGE_CURVE('',#1360,#1356,#579,.T.);
#1666=EDGE_CURVE('',#1361,#1362,#580,.T.);
#1667=EDGE_CURVE('',#1362,#1363,#581,.T.);
#1668=EDGE_CURVE('',#1363,#1361,#582,.T.);
#1669=EDGE_CURVE('',#1364,#1365,#583,.T.);
#1670=EDGE_CURVE('',#1365,#1366,#584,.T.);
#1671=EDGE_CURVE('',#1366,#1367,#585,.T.);
#1672=EDGE_CURVE('',#1367,#1368,#586,.T.);
#1673=EDGE_CURVE('',#1368,#1364,#587,.T.);
#1674=EDGE_CURVE('',#1342,#1369,#588,.T.);
#1675=EDGE_CURVE('',#1370,#1369,#589,.T.);
#1676=EDGE_CURVE('',#1371,#1370,#590,.T.);
#1677=EDGE_CURVE('',#1371,#1372,#591,.T.);
#1678=EDGE_CURVE('',#1372,#1330,#592,.T.);
#1679=EDGE_CURVE('',#1373,#1301,#593,.T.);
#1680=EDGE_CURVE('',#1374,#1373,#594,.T.);
#1681=EDGE_CURVE('',#1288,#1374,#595,.T.);
#1682=EDGE_CURVE('',#1375,#1300,#596,.T.);
#1683=EDGE_CURVE('',#1373,#1375,#597,.T.);
#1684=EDGE_CURVE('',#1375,#1374,#598,.T.);
#1685=EDGE_CURVE('',#1376,#1326,#599,.T.);
#1686=EDGE_CURVE('',#1377,#1376,#600,.T.);
#1687=EDGE_CURVE('',#1377,#1324,#601,.T.);
#1688=EDGE_CURVE('',#1378,#1298,#602,.T.);
#1689=EDGE_CURVE('',#1379,#1378,#603,.T.);
#1690=EDGE_CURVE('',#1284,#1379,#604,.T.);
#1691=EDGE_CURVE('',#1380,#1379,#605,.T.);
#1692=EDGE_CURVE('',#1380,#1297,#606,.T.);
#1693=EDGE_CURVE('',#1378,#1380,#607,.T.);
#1694=EDGE_CURVE('',#1381,#1319,#608,.T.);
#1695=EDGE_CURVE('',#1382,#1381,#609,.T.);
#1696=EDGE_CURVE('',#1382,#1320,#610,.T.);
#1697=EDGE_CURVE('',#1383,#1323,#611,.T.);
#1698=EDGE_CURVE('',#1381,#1383,#612,.T.);
#1699=EDGE_CURVE('',#1384,#1322,#613,.T.);
#1700=EDGE_CURVE('',#1383,#1384,#614,.T.);
#1701=EDGE_CURVE('',#1385,#1321,#615,.T.);
#1702=EDGE_CURVE('',#1384,#1385,#616,.T.);
#1703=EDGE_CURVE('',#1385,#1382,#617,.T.);
#1704=EDGE_CURVE('',#1386,#1299,#618,.T.);
#1705=EDGE_CURVE('',#1387,#1386,#619,.T.);
#1706=EDGE_CURVE('',#1387,#1291,#620,.F.);
#1707=EDGE_CURVE('',#1388,#1387,#621,.T.);
#1708=EDGE_CURVE('',#1292,#1388,#622,.T.);
#1709=EDGE_CURVE('',#1386,#1388,#623,.T.);
#1710=EDGE_CURVE('',#1389,#1390,#624,.T.);
#1711=EDGE_CURVE('',#1391,#1389,#625,.T.);
#1712=EDGE_CURVE('',#1392,#1391,#626,.T.);
#1713=EDGE_CURVE('',#1392,#1390,#627,.T.);
#1714=EDGE_CURVE('',#1393,#1394,#628,.T.);
#1715=EDGE_CURVE('',#1394,#1395,#629,.T.);
#1716=EDGE_CURVE('',#1395,#1393,#630,.T.);
#1717=EDGE_CURVE('',#1396,#1397,#631,.T.);
#1718=EDGE_CURVE('',#1397,#1398,#632,.T.);
#1719=EDGE_CURVE('',#1398,#1399,#633,.T.);
#1720=EDGE_CURVE('',#1399,#1400,#634,.T.);
#1721=EDGE_CURVE('',#1400,#1396,#635,.T.);
#1722=EDGE_CURVE('',#1401,#1402,#636,.T.);
#1723=EDGE_CURVE('',#1402,#1403,#637,.T.);
#1724=EDGE_CURVE('',#1403,#1401,#638,.T.);
#1725=EDGE_CURVE('',#1404,#1377,#639,.T.);
#1726=EDGE_CURVE('',#1376,#1404,#640,.T.);
#1727=EDGE_CURVE('',#1405,#1406,#641,.T.);
#1728=EDGE_CURVE('',#1406,#1407,#642,.T.);
#1729=EDGE_CURVE('',#1407,#1405,#643,.T.);
#1730=EDGE_CURVE('',#1408,#1409,#644,.T.);
#1731=EDGE_CURVE('',#1408,#1410,#645,.T.);
#1732=EDGE_CURVE('',#1410,#1411,#646,.T.);
#1733=EDGE_CURVE('',#1409,#1411,#647,.T.);
#1734=EDGE_CURVE('',#1412,#1413,#648,.T.);
#1735=EDGE_CURVE('',#1355,#1412,#649,.T.);
#1736=EDGE_CURVE('',#1278,#1413,#650,.T.);
#1737=EDGE_CURVE('',#1413,#1414,#651,.T.);
#1738=EDGE_CURVE('',#1277,#1414,#652,.T.);
#1739=EDGE_CURVE('',#1414,#1412,#653,.T.);
#1740=EDGE_CURVE('',#1415,#1416,#654,.T.);
#1741=EDGE_CURVE('',#1357,#1415,#655,.T.);
#1742=EDGE_CURVE('',#1356,#1416,#656,.T.);
#1743=EDGE_CURVE('',#1417,#1415,#657,.T.);
#1744=EDGE_CURVE('',#1358,#1417,#658,.T.);
#1745=EDGE_CURVE('',#1418,#1417,#659,.T.);
#1746=EDGE_CURVE('',#1359,#1418,#660,.T.);
#1747=EDGE_CURVE('',#1419,#1418,#661,.T.);
#1748=EDGE_CURVE('',#1360,#1419,#662,.T.);
#1749=EDGE_CURVE('',#1416,#1419,#663,.T.);
#1750=EDGE_CURVE('',#1420,#1421,#664,.T.);
#1751=EDGE_CURVE('',#1346,#1420,#665,.T.);
#1752=EDGE_CURVE('',#1274,#1421,#666,.T.);
#1753=EDGE_CURVE('',#1421,#1422,#667,.T.);
#1754=EDGE_CURVE('',#1347,#1422,#668,.T.);
#1755=EDGE_CURVE('',#1422,#1420,#669,.T.);
#1756=EDGE_CURVE('',#1423,#1424,#670,.T.);
#1757=EDGE_CURVE('',#1363,#1423,#671,.T.);
#1758=EDGE_CURVE('',#1362,#1424,#672,.T.);
#1759=EDGE_CURVE('',#1425,#1426,#673,.T.);
#1760=EDGE_CURVE('',#1353,#1425,#674,.T.);
#1761=EDGE_CURVE('',#1268,#1426,#675,.T.);
#1762=EDGE_CURVE('',#1427,#1425,#676,.T.);
#1763=EDGE_CURVE('',#1354,#1427,#677,.T.);
#1764=EDGE_CURVE('',#1426,#1427,#678,.T.);
#1765=EDGE_CURVE('',#1406,#1341,#679,.T.);
#1766=EDGE_CURVE('',#1405,#1304,#680,.T.);
#1767=EDGE_CURVE('',#1407,#1305,#681,.T.);
#1768=EDGE_CURVE('',#1404,#1325,#682,.T.);
#1769=EDGE_CURVE('',#1402,#1343,#683,.T.);
#1770=EDGE_CURVE('',#1401,#1311,#684,.T.);
#1771=EDGE_CURVE('',#1403,#1312,#685,.T.);
#1772=EDGE_CURVE('',#1397,#1314,#686,.T.);
#1773=EDGE_CURVE('',#1396,#1315,#687,.T.);
#1774=EDGE_CURVE('',#1400,#1316,#688,.T.);
#1775=EDGE_CURVE('',#1399,#1317,#689,.T.);
#1776=EDGE_CURVE('',#1398,#1318,#690,.T.);
#1777=EDGE_CURVE('',#1394,#1345,#691,.T.);
#1778=EDGE_CURVE('',#1393,#1308,#692,.T.);
#1779=EDGE_CURVE('',#1395,#1344,#693,.T.);
#1780=EDGE_CURVE('',#1428,#1429,#694,.T.);
#1781=EDGE_CURVE('',#1333,#1428,#695,.T.);
#1782=EDGE_CURVE('',#1352,#1429,#696,.T.);
#1783=EDGE_CURVE('',#1429,#1430,#697,.T.);
#1784=EDGE_CURVE('',#1351,#1430,#698,.T.);
#1785=EDGE_CURVE('',#1430,#1428,#699,.T.);
#1786=EDGE_CURVE('',#1424,#1431,#700,.T.);
#1787=EDGE_CURVE('',#1361,#1431,#701,.T.);
#1788=EDGE_CURVE('',#1431,#1423,#702,.T.);
#1789=EDGE_CURVE('',#1432,#1433,#703,.T.);
#1790=EDGE_CURVE('',#1328,#1432,#704,.T.);
#1791=EDGE_CURVE('',#1349,#1433,#705,.T.);
#1792=EDGE_CURVE('',#1434,#1432,#706,.T.);
#1793=EDGE_CURVE('',#1348,#1434,#707,.T.);
#1794=EDGE_CURVE('',#1433,#1434,#708,.T.);
#1795=EDGE_CURVE('',#1435,#1436,#709,.T.);
#1796=EDGE_CURVE('',#1365,#1435,#710,.T.);
#1797=EDGE_CURVE('',#1364,#1436,#711,.T.);
#1798=EDGE_CURVE('',#1436,#1437,#712,.T.);
#1799=EDGE_CURVE('',#1368,#1437,#713,.T.);
#1800=EDGE_CURVE('',#1437,#1438,#714,.T.);
#1801=EDGE_CURVE('',#1367,#1438,#715,.T.);
#1802=EDGE_CURVE('',#1438,#1439,#716,.T.);
#1803=EDGE_CURVE('',#1366,#1439,#717,.T.);
#1804=EDGE_CURVE('',#1439,#1435,#718,.T.);
#1805=EDGE_CURVE('',#1440,#1441,#719,.T.);
#1806=EDGE_CURVE('',#1440,#1336,#720,.F.);
#1807=EDGE_CURVE('',#1350,#1441,#721,.T.);
#1808=EDGE_CURVE('',#1442,#1440,#722,.T.);
#1809=EDGE_CURVE('',#1337,#1442,#723,.T.);
#1810=EDGE_CURVE('',#1441,#1442,#724,.T.);
#1811=EDGE_CURVE('',#1443,#1389,#725,.T.);
#1812=EDGE_CURVE('',#1444,#1443,#726,.T.);
#1813=EDGE_CURVE('',#1391,#1444,#727,.T.);
#1814=EDGE_CURVE('',#1445,#1443,#728,.T.);
#1815=EDGE_CURVE('',#1446,#1445,#729,.T.);
#1816=EDGE_CURVE('',#1444,#1446,#730,.T.);
#1817=EDGE_CURVE('',#1446,#1447,#731,.T.);
#1818=EDGE_CURVE('',#1448,#1447,#732,.T.);
#1819=EDGE_CURVE('',#1449,#1448,#733,.T.);
#1820=EDGE_CURVE('',#1449,#1450,#734,.T.);
#1821=EDGE_CURVE('',#1450,#1392,#735,.T.);
#1822=EDGE_CURVE('',#1448,#1451,#736,.T.);
#1823=EDGE_CURVE('',#1451,#1452,#737,.T.);
#1824=EDGE_CURVE('',#1452,#1449,#738,.T.);
#1825=EDGE_CURVE('',#1447,#1453,#739,.T.);
#1826=EDGE_CURVE('',#1451,#1453,#740,.T.);
#1827=EDGE_CURVE('',#1454,#1454,#93,.T.);
#1828=EDGE_CURVE('',#1455,#1455,#94,.T.);
#1829=EDGE_CURVE('',#1456,#1457,#741,.T.);
#1830=EDGE_CURVE('',#1457,#1458,#742,.T.);
#1831=EDGE_CURVE('',#1459,#1458,#743,.T.);
#1832=EDGE_CURVE('',#1456,#1459,#744,.T.);
#1833=EDGE_CURVE('',#1460,#1461,#745,.T.);
#1834=EDGE_CURVE('',#1462,#1460,#746,.T.);
#1835=EDGE_CURVE('',#1462,#1463,#747,.T.);
#1836=EDGE_CURVE('',#1463,#1461,#748,.T.);
#1837=EDGE_CURVE('',#1461,#1464,#749,.T.);
#1838=EDGE_CURVE('',#1463,#1465,#750,.T.);
#1839=EDGE_CURVE('',#1465,#1464,#751,.T.);
#1840=EDGE_CURVE('',#1464,#1466,#752,.T.);
#1841=EDGE_CURVE('',#1465,#1467,#753,.T.);
#1842=EDGE_CURVE('',#1467,#1466,#754,.T.);
#1843=EDGE_CURVE('',#1466,#1460,#755,.T.);
#1844=EDGE_CURVE('',#1467,#1462,#756,.T.);
#1845=EDGE_CURVE('',#1462,#1468,#757,.T.);
#1846=EDGE_CURVE('',#1468,#1469,#758,.T.);
#1847=EDGE_CURVE('',#1469,#1463,#759,.T.);
#1848=EDGE_CURVE('',#1465,#1371,#760,.T.);
#1849=EDGE_CURVE('',#1370,#1467,#761,.T.);
#1850=EDGE_CURVE('',#1470,#1471,#762,.T.);
#1851=EDGE_CURVE('',#1471,#1472,#763,.T.);
#1852=EDGE_CURVE('',#1472,#1473,#764,.T.);
#1853=EDGE_CURVE('',#1473,#1470,#765,.T.);
#1854=EDGE_CURVE('',#1469,#1474,#766,.T.);
#1855=EDGE_CURVE('',#1474,#1372,#767,.T.);
#1856=EDGE_CURVE('',#1475,#1475,#95,.T.);
#1857=EDGE_CURVE('',#1476,#1476,#96,.T.);
#1858=EDGE_CURVE('',#1470,#1477,#768,.T.);
#1859=EDGE_CURVE('',#1477,#1478,#769,.T.);
#1860=EDGE_CURVE('',#1471,#1478,#770,.T.);
#1861=EDGE_CURVE('',#1479,#1479,#97,.T.);
#1862=EDGE_CURVE('',#1480,#1480,#98,.T.);
#1863=EDGE_CURVE('',#1478,#1481,#771,.T.);
#1864=EDGE_CURVE('',#1459,#1481,#772,.T.);
#1865=EDGE_CURVE('',#1458,#1482,#773,.T.);
#1866=EDGE_CURVE('',#1482,#1483,#774,.T.);
#1867=EDGE_CURVE('',#1472,#1483,#775,.T.);
#1868=EDGE_CURVE('',#1468,#1484,#776,.T.);
#1869=EDGE_CURVE('',#1369,#1484,#777,.T.);
#1870=EDGE_CURVE('',#1485,#1485,#99,.T.);
#1871=EDGE_CURVE('',#1486,#1486,#100,.T.);
#1872=EDGE_CURVE('',#1483,#1487,#778,.T.);
#1873=EDGE_CURVE('',#1473,#1487,#779,.T.);
#1874=EDGE_CURVE('',#1488,#1488,#101,.T.);
#1875=EDGE_CURVE('',#1489,#1489,#102,.T.);
#1876=EDGE_CURVE('',#1484,#1490,#780,.T.);
#1877=EDGE_CURVE('',#1452,#1490,#781,.T.);
#1878=EDGE_CURVE('',#1453,#1474,#782,.T.);
#1879=EDGE_CURVE('',#1487,#1491,#783,.T.);
#1880=EDGE_CURVE('',#1457,#1491,#784,.T.);
#1881=EDGE_CURVE('',#1456,#1492,#785,.T.);
#1882=EDGE_CURVE('',#1492,#1477,#786,.T.);
#1883=EDGE_CURVE('',#1480,#1486,#787,.T.);
#1884=EDGE_CURVE('',#1493,#1493,#103,.T.);
#1885=EDGE_CURVE('',#1493,#1494,#788,.T.);
#1886=EDGE_CURVE('',#1494,#1494,#104,.T.);
#1887=EDGE_CURVE('',#1479,#1485,#789,.T.);
#1888=EDGE_CURVE('',#1495,#1495,#105,.T.);
#1889=EDGE_CURVE('',#1495,#1496,#790,.T.);
#1890=EDGE_CURVE('',#1496,#1496,#106,.T.);
#1891=EDGE_CURVE('',#1490,#1450,#791,.T.);
#1892=EDGE_CURVE('',#1481,#1492,#792,.T.);
#1893=EDGE_CURVE('',#1491,#1482,#793,.T.);
#1894=EDGE_CURVE('',#1497,#1497,#107,.T.);
#1895=EDGE_CURVE('',#1498,#1498,#108,.T.);
#1896=EDGE_CURVE('',#1497,#1455,#794,.T.);
#1897=EDGE_CURVE('',#1476,#1489,#795,.T.);
#1898=EDGE_CURVE('',#1498,#1454,#796,.T.);
#1899=EDGE_CURVE('',#1475,#1488,#797,.T.);
#1900=EDGE_CURVE('',#1263,#1390,#798,.T.);
#1901=EDGE_CURVE('',#1259,#1499,#799,.T.);
#1902=EDGE_CURVE('',#1445,#1499,#800,.T.);
#1903=EDGE_CURVE('',#1500,#1270,#801,.T.);
#1904=EDGE_CURVE('',#1501,#1500,#802,.T.);
#1905=EDGE_CURVE('',#1501,#1502,#803,.T.);
#1906=EDGE_CURVE('',#1502,#1503,#804,.T.);
#1907=EDGE_CURVE('',#1285,#1503,#805,.T.);
#1908=EDGE_CURVE('',#1504,#1505,#806,.T.);
#1909=EDGE_CURVE('',#1506,#1505,#807,.T.);
#1910=EDGE_CURVE('',#1507,#1506,#808,.T.);
#1911=EDGE_CURVE('',#1507,#1504,#809,.T.);
#1912=EDGE_CURVE('',#1505,#1508,#810,.T.);
#1913=EDGE_CURVE('',#1509,#1508,#811,.T.);
#1914=EDGE_CURVE('',#1506,#1509,#812,.T.);
#1915=EDGE_CURVE('',#1508,#1510,#813,.T.);
#1916=EDGE_CURVE('',#1511,#1510,#814,.T.);
#1917=EDGE_CURVE('',#1509,#1511,#815,.T.);
#1918=EDGE_CURVE('',#1510,#1504,#816,.T.);
#1919=EDGE_CURVE('',#1511,#1507,#817,.T.);
#1920=EDGE_CURVE('',#1512,#1506,#818,.T.);
#1921=EDGE_CURVE('',#1513,#1512,#819,.T.);
#1922=EDGE_CURVE('',#1507,#1513,#820,.T.);
#1923=EDGE_CURVE('',#1502,#1511,#821,.T.);
#1924=EDGE_CURVE('',#1509,#1501,#822,.T.);
#1925=EDGE_CURVE('',#1514,#1515,#823,.T.);
#1926=EDGE_CURVE('',#1516,#1514,#824,.T.);
#1927=EDGE_CURVE('',#1517,#1516,#825,.T.);
#1928=EDGE_CURVE('',#1515,#1517,#826,.T.);
#1929=EDGE_CURVE('',#1512,#1518,#827,.T.);
#1930=EDGE_CURVE('',#1518,#1500,#828,.T.);
#1931=EDGE_CURVE('',#1519,#1519,#109,.T.);
#1932=EDGE_CURVE('',#1520,#1520,#110,.T.);
#1933=EDGE_CURVE('',#1515,#1521,#829,.T.);
#1934=EDGE_CURVE('',#1522,#1521,#830,.T.);
#1935=EDGE_CURVE('',#1514,#1522,#831,.T.);
#1936=EDGE_CURVE('',#1523,#1523,#111,.T.);
#1937=EDGE_CURVE('',#1524,#1524,#112,.T.);
#1938=EDGE_CURVE('',#1517,#1525,#832,.T.);
#1939=EDGE_CURVE('',#1526,#1525,#833,.T.);
#1940=EDGE_CURVE('',#1411,#1526,#834,.T.);
#1941=EDGE_CURVE('',#1410,#1527,#835,.T.);
#1942=EDGE_CURVE('',#1521,#1527,#836,.T.);
#1943=EDGE_CURVE('',#1513,#1528,#837,.T.);
#1944=EDGE_CURVE('',#1503,#1528,#838,.T.);
#1945=EDGE_CURVE('',#1529,#1529,#113,.T.);
#1946=EDGE_CURVE('',#1530,#1530,#114,.T.);
#1947=EDGE_CURVE('',#1516,#1531,#839,.T.);
#1948=EDGE_CURVE('',#1525,#1531,#840,.T.);
#1949=EDGE_CURVE('',#1532,#1532,#115,.T.);
#1950=EDGE_CURVE('',#1533,#1533,#116,.T.);
#1951=EDGE_CURVE('',#1534,#1518,#841,.T.);
#1952=EDGE_CURVE('',#1262,#1534,#842,.T.);
#1953=EDGE_CURVE('',#1528,#1264,#843,.T.);
#1954=EDGE_CURVE('',#1535,#1522,#844,.T.);
#1955=EDGE_CURVE('',#1408,#1535,#845,.T.);
#1956=EDGE_CURVE('',#1409,#1536,#846,.T.);
#1957=EDGE_CURVE('',#1531,#1536,#847,.T.);
#1958=EDGE_CURVE('',#1524,#1530,#848,.T.);
#1959=EDGE_CURVE('',#1266,#1537,#849,.T.);
#1960=EDGE_CURVE('',#1537,#1537,#117,.T.);
#1961=EDGE_CURVE('',#1523,#1529,#850,.T.);
#1962=EDGE_CURVE('',#1265,#1538,#851,.T.);
#1963=EDGE_CURVE('',#1538,#1538,#118,.T.);
#1964=EDGE_CURVE('',#1527,#1535,#852,.T.);
#1965=EDGE_CURVE('',#1536,#1526,#853,.T.);
#1966=EDGE_CURVE('',#1539,#1539,#119,.T.);
#1967=EDGE_CURVE('',#1540,#1540,#120,.T.);
#1968=EDGE_CURVE('',#1539,#1541,#854,.T.);
#1969=EDGE_CURVE('',#1541,#1541,#121,.T.);
#1970=EDGE_CURVE('',#1520,#1533,#855,.T.);
#1971=EDGE_CURVE('',#1540,#1542,#856,.T.);
#1972=EDGE_CURVE('',#1542,#1542,#122,.T.);
#1973=EDGE_CURVE('',#1519,#1532,#857,.T.);
#1974=EDGE_CURVE('',#1499,#1534,#858,.T.);
#1975=ORIENTED_EDGE('',*,*,#1543,.T.);
#1976=ORIENTED_EDGE('',*,*,#1544,.T.);
#1977=ORIENTED_EDGE('',*,*,#1545,.T.);
#1978=ORIENTED_EDGE('',*,*,#1546,.T.);
#1979=ORIENTED_EDGE('',*,*,#1544,.F.);
#1980=ORIENTED_EDGE('',*,*,#1547,.T.);
#1981=ORIENTED_EDGE('',*,*,#1548,.F.);
#1982=ORIENTED_EDGE('',*,*,#1549,.F.);
#1983=ORIENTED_EDGE('',*,*,#1550,.T.);
#1984=ORIENTED_EDGE('',*,*,#1551,.T.);
#1985=ORIENTED_EDGE('',*,*,#1552,.F.);
#1986=ORIENTED_EDGE('',*,*,#1553,.T.);
#1987=ORIENTED_EDGE('',*,*,#1554,.T.);
#1988=ORIENTED_EDGE('',*,*,#1555,.T.);
#1989=ORIENTED_EDGE('',*,*,#1556,.T.);
#1990=ORIENTED_EDGE('',*,*,#1557,.T.);
#1991=ORIENTED_EDGE('',*,*,#1558,.F.);
#1992=ORIENTED_EDGE('',*,*,#1559,.F.);
#1993=ORIENTED_EDGE('',*,*,#1560,.T.);
#1994=ORIENTED_EDGE('',*,*,#1561,.F.);
#1995=ORIENTED_EDGE('',*,*,#1562,.F.);
#1996=ORIENTED_EDGE('',*,*,#1563,.F.);
#1997=ORIENTED_EDGE('',*,*,#1564,.T.);
#1998=ORIENTED_EDGE('',*,*,#1565,.F.);
#1999=ORIENTED_EDGE('',*,*,#1566,.T.);
#2000=ORIENTED_EDGE('',*,*,#1567,.T.);
#2001=ORIENTED_EDGE('',*,*,#1568,.T.);
#2002=ORIENTED_EDGE('',*,*,#1556,.F.);
#2003=ORIENTED_EDGE('',*,*,#1569,.F.);
#2004=ORIENTED_EDGE('',*,*,#1570,.T.);
#2005=ORIENTED_EDGE('',*,*,#1567,.F.);
#2006=ORIENTED_EDGE('',*,*,#1571,.T.);
#2007=ORIENTED_EDGE('',*,*,#1572,.T.);
#2008=ORIENTED_EDGE('',*,*,#1573,.T.);
#2009=ORIENTED_EDGE('',*,*,#1574,.F.);
#2010=ORIENTED_EDGE('',*,*,#1575,.F.);
#2011=ORIENTED_EDGE('',*,*,#1576,.T.);
#2012=ORIENTED_EDGE('',*,*,#1577,.F.);
#2013=ORIENTED_EDGE('',*,*,#1578,.T.);
#2014=ORIENTED_EDGE('',*,*,#1579,.F.);
#2015=ORIENTED_EDGE('',*,*,#1580,.T.);
#2016=ORIENTED_EDGE('',*,*,#1581,.F.);
#2017=ORIENTED_EDGE('',*,*,#1568,.F.);
#2018=ORIENTED_EDGE('',*,*,#1582,.F.);
#2019=ORIENTED_EDGE('',*,*,#1583,.F.);
#2020=ORIENTED_EDGE('',*,*,#1584,.T.);
#2021=ORIENTED_EDGE('',*,*,#1570,.F.);
#2022=ORIENTED_EDGE('',*,*,#1585,.T.);
#2023=ORIENTED_EDGE('',*,*,#1586,.T.);
#2024=ORIENTED_EDGE('',*,*,#1587,.T.);
#2025=ORIENTED_EDGE('',*,*,#1580,.F.);
#2026=ORIENTED_EDGE('',*,*,#1588,.T.);
#2027=ORIENTED_EDGE('',*,*,#1589,.T.);
#2028=ORIENTED_EDGE('',*,*,#1576,.F.);
#2029=ORIENTED_EDGE('',*,*,#1590,.T.);
#2030=ORIENTED_EDGE('',*,*,#1591,.T.);
#2031=ORIENTED_EDGE('',*,*,#1592,.T.);
#2032=ORIENTED_EDGE('',*,*,#1573,.F.);
#2033=ORIENTED_EDGE('',*,*,#1593,.F.);
#2034=ORIENTED_EDGE('',*,*,#1594,.F.);
#2035=ORIENTED_EDGE('',*,*,#1595,.T.);
#2036=ORIENTED_EDGE('',*,*,#1596,.T.);
#2037=ORIENTED_EDGE('',*,*,#1597,.T.);
#2038=ORIENTED_EDGE('',*,*,#1598,.F.);
#2039=ORIENTED_EDGE('',*,*,#1599,.T.);
#2040=ORIENTED_EDGE('',*,*,#1600,.T.);
#2041=ORIENTED_EDGE('',*,*,#1601,.F.);
#2042=ORIENTED_EDGE('',*,*,#1602,.T.);
#2043=ORIENTED_EDGE('',*,*,#1603,.T.);
#2044=ORIENTED_EDGE('',*,*,#1604,.T.);
#2045=ORIENTED_EDGE('',*,*,#1605,.F.);
#2046=ORIENTED_EDGE('',*,*,#1582,.T.);
#2047=ORIENTED_EDGE('',*,*,#1606,.T.);
#2048=ORIENTED_EDGE('',*,*,#1607,.T.);
#2049=ORIENTED_EDGE('',*,*,#1608,.T.);
#2050=ORIENTED_EDGE('',*,*,#1609,.T.);
#2051=ORIENTED_EDGE('',*,*,#1610,.T.);
#2052=ORIENTED_EDGE('',*,*,#1611,.T.);
#2053=ORIENTED_EDGE('',*,*,#1612,.T.);
#2054=ORIENTED_EDGE('',*,*,#1613,.T.);
#2055=ORIENTED_EDGE('',*,*,#1614,.T.);
#2056=ORIENTED_EDGE('',*,*,#1615,.T.);
#2057=ORIENTED_EDGE('',*,*,#1616,.T.);
#2058=ORIENTED_EDGE('',*,*,#1617,.T.);
#2059=ORIENTED_EDGE('',*,*,#1618,.T.);
#2060=ORIENTED_EDGE('',*,*,#1619,.F.);
#2061=ORIENTED_EDGE('',*,*,#1620,.T.);
#2062=ORIENTED_EDGE('',*,*,#1621,.T.);
#2063=ORIENTED_EDGE('',*,*,#1622,.T.);
#2064=ORIENTED_EDGE('',*,*,#1623,.T.);
#2065=ORIENTED_EDGE('',*,*,#1624,.T.);
#2066=ORIENTED_EDGE('',*,*,#1625,.F.);
#2067=ORIENTED_EDGE('',*,*,#1626,.F.);
#2068=ORIENTED_EDGE('',*,*,#1627,.T.);
#2069=ORIENTED_EDGE('',*,*,#1628,.F.);
#2070=ORIENTED_EDGE('',*,*,#1629,.T.);
#2071=ORIENTED_EDGE('',*,*,#1630,.F.);
#2072=ORIENTED_EDGE('',*,*,#1631,.T.);
#2073=ORIENTED_EDGE('',*,*,#1632,.F.);
#2074=ORIENTED_EDGE('',*,*,#1633,.T.);
#2075=ORIENTED_EDGE('',*,*,#1621,.F.);
#2076=ORIENTED_EDGE('',*,*,#1583,.T.);
#2077=ORIENTED_EDGE('',*,*,#1634,.T.);
#2078=ORIENTED_EDGE('',*,*,#1635,.F.);
#2079=ORIENTED_EDGE('',*,*,#1594,.T.);
#2080=ORIENTED_EDGE('',*,*,#1636,.T.);
#2081=ORIENTED_EDGE('',*,*,#1637,.T.);
#2082=ORIENTED_EDGE('',*,*,#1634,.F.);
#2083=ORIENTED_EDGE('',*,*,#1605,.T.);
#2084=ORIENTED_EDGE('',*,*,#1638,.F.);
#2085=ORIENTED_EDGE('',*,*,#1639,.F.);
#2086=ORIENTED_EDGE('',*,*,#1601,.T.);
#2087=ORIENTED_EDGE('',*,*,#1640,.F.);
#2088=ORIENTED_EDGE('',*,*,#1641,.F.);
#2089=ORIENTED_EDGE('',*,*,#1642,.F.);
#2090=ORIENTED_EDGE('',*,*,#1598,.T.);
#2091=ORIENTED_EDGE('',*,*,#1643,.F.);
#2092=ORIENTED_EDGE('',*,*,#1560,.F.);
#2093=ORIENTED_EDGE('',*,*,#1644,.T.);
#2094=ORIENTED_EDGE('',*,*,#1645,.T.);
#2095=ORIENTED_EDGE('',*,*,#1646,.T.);
#2096=ORIENTED_EDGE('',*,*,#1557,.F.);
#2097=ORIENTED_EDGE('',*,*,#1584,.F.);
#2098=ORIENTED_EDGE('',*,*,#1620,.F.);
#2099=ORIENTED_EDGE('',*,*,#1647,.T.);
#2100=ORIENTED_EDGE('',*,*,#1648,.T.);
#2101=ORIENTED_EDGE('',*,*,#1649,.T.);
#2102=ORIENTED_EDGE('',*,*,#1631,.F.);
#2103=ORIENTED_EDGE('',*,*,#1650,.T.);
#2104=ORIENTED_EDGE('',*,*,#1651,.T.);
#2105=ORIENTED_EDGE('',*,*,#1627,.F.);
#2106=ORIENTED_EDGE('',*,*,#1652,.T.);
#2107=ORIENTED_EDGE('',*,*,#1653,.T.);
#2108=ORIENTED_EDGE('',*,*,#1654,.T.);
#2109=ORIENTED_EDGE('',*,*,#1624,.F.);
#2110=ORIENTED_EDGE('',*,*,#1655,.T.);
#2111=ORIENTED_EDGE('',*,*,#1553,.F.);
#2112=ORIENTED_EDGE('',*,*,#1656,.T.);
#2113=ORIENTED_EDGE('',*,*,#1657,.T.);
#2114=ORIENTED_EDGE('',*,*,#1658,.T.);
#2115=ORIENTED_EDGE('',*,*,#1564,.F.);
#2116=ORIENTED_EDGE('',*,*,#1659,.T.);
#2117=ORIENTED_EDGE('',*,*,#1660,.T.);
#2118=ORIENTED_EDGE('',*,*,#1661,.T.);
#2119=ORIENTED_EDGE('',*,*,#1662,.T.);
#2120=ORIENTED_EDGE('',*,*,#1663,.T.);
#2121=ORIENTED_EDGE('',*,*,#1664,.T.);
#2122=ORIENTED_EDGE('',*,*,#1665,.T.);
#2123=ORIENTED_EDGE('',*,*,#1666,.T.);
#2124=ORIENTED_EDGE('',*,*,#1667,.T.);
#2125=ORIENTED_EDGE('',*,*,#1668,.T.);
#2126=ORIENTED_EDGE('',*,*,#1669,.T.);
#2127=ORIENTED_EDGE('',*,*,#1670,.T.);
#2128=ORIENTED_EDGE('',*,*,#1671,.T.);
#2129=ORIENTED_EDGE('',*,*,#1672,.T.);
#2130=ORIENTED_EDGE('',*,*,#1673,.T.);
#2131=ORIENTED_EDGE('',*,*,#1622,.F.);
#2132=ORIENTED_EDGE('',*,*,#1633,.F.);
#2133=ORIENTED_EDGE('',*,*,#1637,.F.);
#2134=ORIENTED_EDGE('',*,*,#1674,.T.);
#2135=ORIENTED_EDGE('',*,*,#1675,.F.);
#2136=ORIENTED_EDGE('',*,*,#1676,.F.);
#2137=ORIENTED_EDGE('',*,*,#1677,.T.);
#2138=ORIENTED_EDGE('',*,*,#1678,.T.);
#2139=ORIENTED_EDGE('',*,*,#1592,.F.);
#2140=ORIENTED_EDGE('',*,*,#1679,.F.);
#2141=ORIENTED_EDGE('',*,*,#1680,.F.);
#2142=ORIENTED_EDGE('',*,*,#1681,.F.);
#2143=ORIENTED_EDGE('',*,*,#1574,.T.);
#2144=ORIENTED_EDGE('',*,*,#1591,.F.);
#2145=ORIENTED_EDGE('',*,*,#1682,.F.);
#2146=ORIENTED_EDGE('',*,*,#1683,.F.);
#2147=ORIENTED_EDGE('',*,*,#1679,.T.);
#2148=ORIENTED_EDGE('',*,*,#1681,.T.);
#2149=ORIENTED_EDGE('',*,*,#1684,.F.);
#2150=ORIENTED_EDGE('',*,*,#1682,.T.);
#2151=ORIENTED_EDGE('',*,*,#1590,.F.);
#2152=ORIENTED_EDGE('',*,*,#1575,.T.);
#2153=ORIENTED_EDGE('',*,*,#1618,.F.);
#2154=ORIENTED_EDGE('',*,*,#1685,.F.);
#2155=ORIENTED_EDGE('',*,*,#1686,.F.);
#2156=ORIENTED_EDGE('',*,*,#1687,.T.);
#2157=ORIENTED_EDGE('',*,*,#1587,.F.);
#2158=ORIENTED_EDGE('',*,*,#1688,.F.);
#2159=ORIENTED_EDGE('',*,*,#1689,.F.);
#2160=ORIENTED_EDGE('',*,*,#1690,.F.);
#2161=ORIENTED_EDGE('',*,*,#1581,.T.);
#2162=ORIENTED_EDGE('',*,*,#1690,.T.);
#2163=ORIENTED_EDGE('',*,*,#1691,.F.);
#2164=ORIENTED_EDGE('',*,*,#1692,.T.);
#2165=ORIENTED_EDGE('',*,*,#1585,.F.);
#2166=ORIENTED_EDGE('',*,*,#1569,.T.);
#2167=ORIENTED_EDGE('',*,*,#1586,.F.);
#2168=ORIENTED_EDGE('',*,*,#1692,.F.);
#2169=ORIENTED_EDGE('',*,*,#1693,.F.);
#2170=ORIENTED_EDGE('',*,*,#1688,.T.);
#2171=ORIENTED_EDGE('',*,*,#1611,.F.);
#2172=ORIENTED_EDGE('',*,*,#1694,.F.);
#2173=ORIENTED_EDGE('',*,*,#1695,.F.);
#2174=ORIENTED_EDGE('',*,*,#1696,.T.);
#2175=ORIENTED_EDGE('',*,*,#1615,.F.);
#2176=ORIENTED_EDGE('',*,*,#1697,.F.);
#2177=ORIENTED_EDGE('',*,*,#1698,.F.);
#2178=ORIENTED_EDGE('',*,*,#1694,.T.);
#2179=ORIENTED_EDGE('',*,*,#1614,.F.);
#2180=ORIENTED_EDGE('',*,*,#1699,.F.);
#2181=ORIENTED_EDGE('',*,*,#1700,.F.);
#2182=ORIENTED_EDGE('',*,*,#1697,.T.);
#2183=ORIENTED_EDGE('',*,*,#1613,.F.);
#2184=ORIENTED_EDGE('',*,*,#1701,.F.);
#2185=ORIENTED_EDGE('',*,*,#1702,.F.);
#2186=ORIENTED_EDGE('',*,*,#1699,.T.);
#2187=ORIENTED_EDGE('',*,*,#1612,.F.);
#2188=ORIENTED_EDGE('',*,*,#1696,.F.);
#2189=ORIENTED_EDGE('',*,*,#1703,.F.);
#2190=ORIENTED_EDGE('',*,*,#1701,.T.);
#2191=ORIENTED_EDGE('',*,*,#1589,.F.);
#2192=ORIENTED_EDGE('',*,*,#1704,.F.);
#2193=ORIENTED_EDGE('',*,*,#1705,.F.);
#2194=ORIENTED_EDGE('',*,*,#1706,.T.);
#2195=ORIENTED_EDGE('',*,*,#1577,.T.);
#2196=ORIENTED_EDGE('',*,*,#1706,.F.);
#2197=ORIENTED_EDGE('',*,*,#1707,.F.);
#2198=ORIENTED_EDGE('',*,*,#1708,.F.);
#2199=ORIENTED_EDGE('',*,*,#1578,.F.);
#2200=ORIENTED_EDGE('',*,*,#1708,.T.);
#2201=ORIENTED_EDGE('',*,*,#1709,.F.);
#2202=ORIENTED_EDGE('',*,*,#1704,.T.);
#2203=ORIENTED_EDGE('',*,*,#1588,.F.);
#2204=ORIENTED_EDGE('',*,*,#1579,.T.);
#2205=ORIENTED_EDGE('',*,*,#1710,.F.);
#2206=ORIENTED_EDGE('',*,*,#1711,.F.);
#2207=ORIENTED_EDGE('',*,*,#1712,.F.);
#2208=ORIENTED_EDGE('',*,*,#1713,.T.);
#2209=ORIENTED_EDGE('',*,*,#1714,.T.);
#2210=ORIENTED_EDGE('',*,*,#1715,.T.);
#2211=ORIENTED_EDGE('',*,*,#1716,.T.);
#2212=ORIENTED_EDGE('',*,*,#1717,.T.);
#2213=ORIENTED_EDGE('',*,*,#1718,.T.);
#2214=ORIENTED_EDGE('',*,*,#1719,.T.);
#2215=ORIENTED_EDGE('',*,*,#1720,.T.);
#2216=ORIENTED_EDGE('',*,*,#1721,.T.);
#2217=ORIENTED_EDGE('',*,*,#1722,.T.);
#2218=ORIENTED_EDGE('',*,*,#1723,.T.);
#2219=ORIENTED_EDGE('',*,*,#1724,.T.);
#2220=ORIENTED_EDGE('',*,*,#1725,.T.);
#2221=ORIENTED_EDGE('',*,*,#1686,.T.);
#2222=ORIENTED_EDGE('',*,*,#1726,.T.);
#2223=ORIENTED_EDGE('',*,*,#1727,.T.);
#2224=ORIENTED_EDGE('',*,*,#1728,.T.);
#2225=ORIENTED_EDGE('',*,*,#1729,.T.);
#2226=ORIENTED_EDGE('',*,*,#1705,.T.);
#2227=ORIENTED_EDGE('',*,*,#1709,.T.);
#2228=ORIENTED_EDGE('',*,*,#1707,.T.);
#2229=ORIENTED_EDGE('',*,*,#1695,.T.);
#2230=ORIENTED_EDGE('',*,*,#1698,.T.);
#2231=ORIENTED_EDGE('',*,*,#1700,.T.);
#2232=ORIENTED_EDGE('',*,*,#1702,.T.);
#2233=ORIENTED_EDGE('',*,*,#1703,.T.);
#2234=ORIENTED_EDGE('',*,*,#1689,.T.);
#2235=ORIENTED_EDGE('',*,*,#1693,.T.);
#2236=ORIENTED_EDGE('',*,*,#1691,.T.);
#2237=ORIENTED_EDGE('',*,*,#1680,.T.);
#2238=ORIENTED_EDGE('',*,*,#1683,.T.);
#2239=ORIENTED_EDGE('',*,*,#1684,.T.);
#2240=ORIENTED_EDGE('',*,*,#1730,.F.);
#2241=ORIENTED_EDGE('',*,*,#1731,.T.);
#2242=ORIENTED_EDGE('',*,*,#1732,.T.);
#2243=ORIENTED_EDGE('',*,*,#1733,.F.);
#2244=ORIENTED_EDGE('',*,*,#1734,.F.);
#2245=ORIENTED_EDGE('',*,*,#1735,.F.);
#2246=ORIENTED_EDGE('',*,*,#1659,.F.);
#2247=ORIENTED_EDGE('',*,*,#1563,.T.);
#2248=ORIENTED_EDGE('',*,*,#1736,.T.);
#2249=ORIENTED_EDGE('',*,*,#1737,.F.);
#2250=ORIENTED_EDGE('',*,*,#1736,.F.);
#2251=ORIENTED_EDGE('',*,*,#1562,.T.);
#2252=ORIENTED_EDGE('',*,*,#1738,.T.);
#2253=ORIENTED_EDGE('',*,*,#1739,.F.);
#2254=ORIENTED_EDGE('',*,*,#1738,.F.);
#2255=ORIENTED_EDGE('',*,*,#1561,.T.);
#2256=ORIENTED_EDGE('',*,*,#1660,.F.);
#2257=ORIENTED_EDGE('',*,*,#1735,.T.);
#2258=ORIENTED_EDGE('',*,*,#1740,.F.);
#2259=ORIENTED_EDGE('',*,*,#1741,.F.);
#2260=ORIENTED_EDGE('',*,*,#1661,.F.);
#2261=ORIENTED_EDGE('',*,*,#1742,.T.);
#2262=ORIENTED_EDGE('',*,*,#1743,.F.);
#2263=ORIENTED_EDGE('',*,*,#1744,.F.);
#2264=ORIENTED_EDGE('',*,*,#1662,.F.);
#2265=ORIENTED_EDGE('',*,*,#1741,.T.);
#2266=ORIENTED_EDGE('',*,*,#1745,.F.);
#2267=ORIENTED_EDGE('',*,*,#1746,.F.);
#2268=ORIENTED_EDGE('',*,*,#1663,.F.);
#2269=ORIENTED_EDGE('',*,*,#1744,.T.);
#2270=ORIENTED_EDGE('',*,*,#1747,.F.);
#2271=ORIENTED_EDGE('',*,*,#1748,.F.);
#2272=ORIENTED_EDGE('',*,*,#1664,.F.);
#2273=ORIENTED_EDGE('',*,*,#1746,.T.);
#2274=ORIENTED_EDGE('',*,*,#1749,.F.);
#2275=ORIENTED_EDGE('',*,*,#1742,.F.);
#2276=ORIENTED_EDGE('',*,*,#1665,.F.);
#2277=ORIENTED_EDGE('',*,*,#1748,.T.);
#2278=ORIENTED_EDGE('',*,*,#1750,.F.);
#2279=ORIENTED_EDGE('',*,*,#1751,.F.);
#2280=ORIENTED_EDGE('',*,*,#1644,.F.);
#2281=ORIENTED_EDGE('',*,*,#1559,.T.);
#2282=ORIENTED_EDGE('',*,*,#1752,.T.);
#2283=ORIENTED_EDGE('',*,*,#1753,.F.);
#2284=ORIENTED_EDGE('',*,*,#1752,.F.);
#2285=ORIENTED_EDGE('',*,*,#1558,.T.);
#2286=ORIENTED_EDGE('',*,*,#1646,.F.);
#2287=ORIENTED_EDGE('',*,*,#1754,.T.);
#2288=ORIENTED_EDGE('',*,*,#1755,.F.);
#2289=ORIENTED_EDGE('',*,*,#1754,.F.);
#2290=ORIENTED_EDGE('',*,*,#1645,.F.);
#2291=ORIENTED_EDGE('',*,*,#1751,.T.);
#2292=ORIENTED_EDGE('',*,*,#1756,.F.);
#2293=ORIENTED_EDGE('',*,*,#1757,.F.);
#2294=ORIENTED_EDGE('',*,*,#1667,.F.);
#2295=ORIENTED_EDGE('',*,*,#1758,.T.);
#2296=ORIENTED_EDGE('',*,*,#1759,.F.);
#2297=ORIENTED_EDGE('',*,*,#1760,.F.);
#2298=ORIENTED_EDGE('',*,*,#1656,.F.);
#2299=ORIENTED_EDGE('',*,*,#1552,.T.);
#2300=ORIENTED_EDGE('',*,*,#1761,.T.);
#2301=ORIENTED_EDGE('',*,*,#1762,.F.);
#2302=ORIENTED_EDGE('',*,*,#1763,.F.);
#2303=ORIENTED_EDGE('',*,*,#1657,.F.);
#2304=ORIENTED_EDGE('',*,*,#1760,.T.);
#2305=ORIENTED_EDGE('',*,*,#1764,.F.);
#2306=ORIENTED_EDGE('',*,*,#1761,.F.);
#2307=ORIENTED_EDGE('',*,*,#1565,.T.);
#2308=ORIENTED_EDGE('',*,*,#1658,.F.);
#2309=ORIENTED_EDGE('',*,*,#1763,.T.);
#2310=ORIENTED_EDGE('',*,*,#1765,.F.);
#2311=ORIENTED_EDGE('',*,*,#1727,.F.);
#2312=ORIENTED_EDGE('',*,*,#1766,.T.);
#2313=ORIENTED_EDGE('',*,*,#1595,.F.);
#2314=ORIENTED_EDGE('',*,*,#1635,.T.);
#2315=ORIENTED_EDGE('',*,*,#1596,.F.);
#2316=ORIENTED_EDGE('',*,*,#1766,.F.);
#2317=ORIENTED_EDGE('',*,*,#1729,.F.);
#2318=ORIENTED_EDGE('',*,*,#1767,.T.);
#2319=ORIENTED_EDGE('',*,*,#1597,.F.);
#2320=ORIENTED_EDGE('',*,*,#1767,.F.);
#2321=ORIENTED_EDGE('',*,*,#1728,.F.);
#2322=ORIENTED_EDGE('',*,*,#1765,.T.);
#2323=ORIENTED_EDGE('',*,*,#1643,.T.);
#2324=ORIENTED_EDGE('',*,*,#1616,.F.);
#2325=ORIENTED_EDGE('',*,*,#1687,.F.);
#2326=ORIENTED_EDGE('',*,*,#1725,.F.);
#2327=ORIENTED_EDGE('',*,*,#1768,.T.);
#2328=ORIENTED_EDGE('',*,*,#1617,.F.);
#2329=ORIENTED_EDGE('',*,*,#1768,.F.);
#2330=ORIENTED_EDGE('',*,*,#1726,.F.);
#2331=ORIENTED_EDGE('',*,*,#1685,.T.);
#2332=ORIENTED_EDGE('',*,*,#1769,.F.);
#2333=ORIENTED_EDGE('',*,*,#1722,.F.);
#2334=ORIENTED_EDGE('',*,*,#1770,.T.);
#2335=ORIENTED_EDGE('',*,*,#1602,.F.);
#2336=ORIENTED_EDGE('',*,*,#1639,.T.);
#2337=ORIENTED_EDGE('',*,*,#1604,.F.);
#2338=ORIENTED_EDGE('',*,*,#1771,.F.);
#2339=ORIENTED_EDGE('',*,*,#1723,.F.);
#2340=ORIENTED_EDGE('',*,*,#1769,.T.);
#2341=ORIENTED_EDGE('',*,*,#1638,.T.);
#2342=ORIENTED_EDGE('',*,*,#1603,.F.);
#2343=ORIENTED_EDGE('',*,*,#1770,.F.);
#2344=ORIENTED_EDGE('',*,*,#1724,.F.);
#2345=ORIENTED_EDGE('',*,*,#1771,.T.);
#2346=ORIENTED_EDGE('',*,*,#1606,.F.);
#2347=ORIENTED_EDGE('',*,*,#1772,.F.);
#2348=ORIENTED_EDGE('',*,*,#1717,.F.);
#2349=ORIENTED_EDGE('',*,*,#1773,.T.);
#2350=ORIENTED_EDGE('',*,*,#1607,.F.);
#2351=ORIENTED_EDGE('',*,*,#1773,.F.);
#2352=ORIENTED_EDGE('',*,*,#1721,.F.);
#2353=ORIENTED_EDGE('',*,*,#1774,.T.);
#2354=ORIENTED_EDGE('',*,*,#1608,.F.);
#2355=ORIENTED_EDGE('',*,*,#1774,.F.);
#2356=ORIENTED_EDGE('',*,*,#1720,.F.);
#2357=ORIENTED_EDGE('',*,*,#1775,.T.);
#2358=ORIENTED_EDGE('',*,*,#1609,.F.);
#2359=ORIENTED_EDGE('',*,*,#1775,.F.);
#2360=ORIENTED_EDGE('',*,*,#1719,.F.);
#2361=ORIENTED_EDGE('',*,*,#1776,.T.);
#2362=ORIENTED_EDGE('',*,*,#1610,.F.);
#2363=ORIENTED_EDGE('',*,*,#1776,.F.);
#2364=ORIENTED_EDGE('',*,*,#1718,.F.);
#2365=ORIENTED_EDGE('',*,*,#1772,.T.);
#2366=ORIENTED_EDGE('',*,*,#1777,.F.);
#2367=ORIENTED_EDGE('',*,*,#1714,.F.);
#2368=ORIENTED_EDGE('',*,*,#1778,.T.);
#2369=ORIENTED_EDGE('',*,*,#1599,.F.);
#2370=ORIENTED_EDGE('',*,*,#1642,.T.);
#2371=ORIENTED_EDGE('',*,*,#1779,.F.);
#2372=ORIENTED_EDGE('',*,*,#1715,.F.);
#2373=ORIENTED_EDGE('',*,*,#1777,.T.);
#2374=ORIENTED_EDGE('',*,*,#1641,.T.);
#2375=ORIENTED_EDGE('',*,*,#1600,.F.);
#2376=ORIENTED_EDGE('',*,*,#1778,.F.);
#2377=ORIENTED_EDGE('',*,*,#1716,.F.);
#2378=ORIENTED_EDGE('',*,*,#1779,.T.);
#2379=ORIENTED_EDGE('',*,*,#1640,.T.);
#2380=ORIENTED_EDGE('',*,*,#1780,.F.);
#2381=ORIENTED_EDGE('',*,*,#1781,.F.);
#2382=ORIENTED_EDGE('',*,*,#1625,.T.);
#2383=ORIENTED_EDGE('',*,*,#1654,.F.);
#2384=ORIENTED_EDGE('',*,*,#1782,.T.);
#2385=ORIENTED_EDGE('',*,*,#1783,.F.);
#2386=ORIENTED_EDGE('',*,*,#1782,.F.);
#2387=ORIENTED_EDGE('',*,*,#1653,.F.);
#2388=ORIENTED_EDGE('',*,*,#1784,.T.);
#2389=ORIENTED_EDGE('',*,*,#1785,.F.);
#2390=ORIENTED_EDGE('',*,*,#1784,.F.);
#2391=ORIENTED_EDGE('',*,*,#1652,.F.);
#2392=ORIENTED_EDGE('',*,*,#1626,.T.);
#2393=ORIENTED_EDGE('',*,*,#1781,.T.);
#2394=ORIENTED_EDGE('',*,*,#1786,.F.);
#2395=ORIENTED_EDGE('',*,*,#1758,.F.);
#2396=ORIENTED_EDGE('',*,*,#1666,.F.);
#2397=ORIENTED_EDGE('',*,*,#1787,.T.);
#2398=ORIENTED_EDGE('',*,*,#1788,.F.);
#2399=ORIENTED_EDGE('',*,*,#1787,.F.);
#2400=ORIENTED_EDGE('',*,*,#1668,.F.);
#2401=ORIENTED_EDGE('',*,*,#1757,.T.);
#2402=ORIENTED_EDGE('',*,*,#1789,.F.);
#2403=ORIENTED_EDGE('',*,*,#1790,.F.);
#2404=ORIENTED_EDGE('',*,*,#1632,.T.);
#2405=ORIENTED_EDGE('',*,*,#1649,.F.);
#2406=ORIENTED_EDGE('',*,*,#1791,.T.);
#2407=ORIENTED_EDGE('',*,*,#1792,.F.);
#2408=ORIENTED_EDGE('',*,*,#1793,.F.);
#2409=ORIENTED_EDGE('',*,*,#1647,.F.);
#2410=ORIENTED_EDGE('',*,*,#1619,.T.);
#2411=ORIENTED_EDGE('',*,*,#1790,.T.);
#2412=ORIENTED_EDGE('',*,*,#1794,.F.);
#2413=ORIENTED_EDGE('',*,*,#1791,.F.);
#2414=ORIENTED_EDGE('',*,*,#1648,.F.);
#2415=ORIENTED_EDGE('',*,*,#1793,.T.);
#2416=ORIENTED_EDGE('',*,*,#1795,.F.);
#2417=ORIENTED_EDGE('',*,*,#1796,.F.);
#2418=ORIENTED_EDGE('',*,*,#1669,.F.);
#2419=ORIENTED_EDGE('',*,*,#1797,.T.);
#2420=ORIENTED_EDGE('',*,*,#1798,.F.);
#2421=ORIENTED_EDGE('',*,*,#1797,.F.);
#2422=ORIENTED_EDGE('',*,*,#1673,.F.);
#2423=ORIENTED_EDGE('',*,*,#1799,.T.);
#2424=ORIENTED_EDGE('',*,*,#1800,.F.);
#2425=ORIENTED_EDGE('',*,*,#1799,.F.);
#2426=ORIENTED_EDGE('',*,*,#1672,.F.);
#2427=ORIENTED_EDGE('',*,*,#1801,.T.);
#2428=ORIENTED_EDGE('',*,*,#1802,.F.);
#2429=ORIENTED_EDGE('',*,*,#1801,.F.);
#2430=ORIENTED_EDGE('',*,*,#1671,.F.);
#2431=ORIENTED_EDGE('',*,*,#1803,.T.);
#2432=ORIENTED_EDGE('',*,*,#1804,.F.);
#2433=ORIENTED_EDGE('',*,*,#1803,.F.);
#2434=ORIENTED_EDGE('',*,*,#1670,.F.);
#2435=ORIENTED_EDGE('',*,*,#1796,.T.);
#2436=ORIENTED_EDGE('',*,*,#1805,.F.);
#2437=ORIENTED_EDGE('',*,*,#1806,.T.);
#2438=ORIENTED_EDGE('',*,*,#1628,.T.);
#2439=ORIENTED_EDGE('',*,*,#1651,.F.);
#2440=ORIENTED_EDGE('',*,*,#1807,.T.);
#2441=ORIENTED_EDGE('',*,*,#1808,.F.);
#2442=ORIENTED_EDGE('',*,*,#1809,.F.);
#2443=ORIENTED_EDGE('',*,*,#1629,.F.);
#2444=ORIENTED_EDGE('',*,*,#1806,.F.);
#2445=ORIENTED_EDGE('',*,*,#1810,.F.);
#2446=ORIENTED_EDGE('',*,*,#1807,.F.);
#2447=ORIENTED_EDGE('',*,*,#1650,.F.);
#2448=ORIENTED_EDGE('',*,*,#1630,.T.);
#2449=ORIENTED_EDGE('',*,*,#1809,.T.);
#2450=ORIENTED_EDGE('',*,*,#1811,.F.);
#2451=ORIENTED_EDGE('',*,*,#1812,.F.);
#2452=ORIENTED_EDGE('',*,*,#1813,.F.);
#2453=ORIENTED_EDGE('',*,*,#1711,.T.);
#2454=ORIENTED_EDGE('',*,*,#1814,.F.);
#2455=ORIENTED_EDGE('',*,*,#1815,.F.);
#2456=ORIENTED_EDGE('',*,*,#1816,.F.);
#2457=ORIENTED_EDGE('',*,*,#1812,.T.);
#2458=ORIENTED_EDGE('',*,*,#1786,.T.);
#2459=ORIENTED_EDGE('',*,*,#1788,.T.);
#2460=ORIENTED_EDGE('',*,*,#1756,.T.);
#2461=ORIENTED_EDGE('',*,*,#1734,.T.);
#2462=ORIENTED_EDGE('',*,*,#1737,.T.);
#2463=ORIENTED_EDGE('',*,*,#1739,.T.);
#2464=ORIENTED_EDGE('',*,*,#1740,.T.);
#2465=ORIENTED_EDGE('',*,*,#1749,.T.);
#2466=ORIENTED_EDGE('',*,*,#1747,.T.);
#2467=ORIENTED_EDGE('',*,*,#1745,.T.);
#2468=ORIENTED_EDGE('',*,*,#1743,.T.);
#2469=ORIENTED_EDGE('',*,*,#1750,.T.);
#2470=ORIENTED_EDGE('',*,*,#1753,.T.);
#2471=ORIENTED_EDGE('',*,*,#1755,.T.);
#2472=ORIENTED_EDGE('',*,*,#1759,.T.);
#2473=ORIENTED_EDGE('',*,*,#1764,.T.);
#2474=ORIENTED_EDGE('',*,*,#1762,.T.);
#2475=ORIENTED_EDGE('',*,*,#1780,.T.);
#2476=ORIENTED_EDGE('',*,*,#1783,.T.);
#2477=ORIENTED_EDGE('',*,*,#1785,.T.);
#2478=ORIENTED_EDGE('',*,*,#1789,.T.);
#2479=ORIENTED_EDGE('',*,*,#1794,.T.);
#2480=ORIENTED_EDGE('',*,*,#1792,.T.);
#2481=ORIENTED_EDGE('',*,*,#1795,.T.);
#2482=ORIENTED_EDGE('',*,*,#1798,.T.);
#2483=ORIENTED_EDGE('',*,*,#1800,.T.);
#2484=ORIENTED_EDGE('',*,*,#1802,.T.);
#2485=ORIENTED_EDGE('',*,*,#1804,.T.);
#2486=ORIENTED_EDGE('',*,*,#1805,.T.);
#2487=ORIENTED_EDGE('',*,*,#1810,.T.);
#2488=ORIENTED_EDGE('',*,*,#1808,.T.);
#2489=ORIENTED_EDGE('',*,*,#1816,.T.);
#2490=ORIENTED_EDGE('',*,*,#1817,.T.);
#2491=ORIENTED_EDGE('',*,*,#1818,.F.);
#2492=ORIENTED_EDGE('',*,*,#1819,.F.);
#2493=ORIENTED_EDGE('',*,*,#1820,.T.);
#2494=ORIENTED_EDGE('',*,*,#1821,.T.);
#2495=ORIENTED_EDGE('',*,*,#1712,.T.);
#2496=ORIENTED_EDGE('',*,*,#1813,.T.);
#2497=ORIENTED_EDGE('',*,*,#1819,.T.);
#2498=ORIENTED_EDGE('',*,*,#1822,.T.);
#2499=ORIENTED_EDGE('',*,*,#1823,.T.);
#2500=ORIENTED_EDGE('',*,*,#1824,.T.);
#2501=ORIENTED_EDGE('',*,*,#1822,.F.);
#2502=ORIENTED_EDGE('',*,*,#1818,.T.);
#2503=ORIENTED_EDGE('',*,*,#1825,.T.);
#2504=ORIENTED_EDGE('',*,*,#1826,.F.);
#2505=ORIENTED_EDGE('',*,*,#1827,.F.);
#2506=ORIENTED_EDGE('',*,*,#1828,.F.);
#2507=ORIENTED_EDGE('',*,*,#1829,.T.);
#2508=ORIENTED_EDGE('',*,*,#1830,.T.);
#2509=ORIENTED_EDGE('',*,*,#1831,.F.);
#2510=ORIENTED_EDGE('',*,*,#1832,.F.);
#2511=ORIENTED_EDGE('',*,*,#1833,.F.);
#2512=ORIENTED_EDGE('',*,*,#1834,.F.);
#2513=ORIENTED_EDGE('',*,*,#1835,.T.);
#2514=ORIENTED_EDGE('',*,*,#1836,.T.);
#2515=ORIENTED_EDGE('',*,*,#1837,.F.);
#2516=ORIENTED_EDGE('',*,*,#1836,.F.);
#2517=ORIENTED_EDGE('',*,*,#1838,.T.);
#2518=ORIENTED_EDGE('',*,*,#1839,.T.);
#2519=ORIENTED_EDGE('',*,*,#1840,.F.);
#2520=ORIENTED_EDGE('',*,*,#1839,.F.);
#2521=ORIENTED_EDGE('',*,*,#1841,.T.);
#2522=ORIENTED_EDGE('',*,*,#1842,.T.);
#2523=ORIENTED_EDGE('',*,*,#1843,.F.);
#2524=ORIENTED_EDGE('',*,*,#1842,.F.);
#2525=ORIENTED_EDGE('',*,*,#1844,.T.);
#2526=ORIENTED_EDGE('',*,*,#1834,.T.);
#2527=ORIENTED_EDGE('',*,*,#1833,.T.);
#2528=ORIENTED_EDGE('',*,*,#1837,.T.);
#2529=ORIENTED_EDGE('',*,*,#1840,.T.);
#2530=ORIENTED_EDGE('',*,*,#1843,.T.);
#2531=ORIENTED_EDGE('',*,*,#1835,.F.);
#2532=ORIENTED_EDGE('',*,*,#1845,.T.);
#2533=ORIENTED_EDGE('',*,*,#1846,.T.);
#2534=ORIENTED_EDGE('',*,*,#1847,.T.);
#2535=ORIENTED_EDGE('',*,*,#1841,.F.);
#2536=ORIENTED_EDGE('',*,*,#1848,.T.);
#2537=ORIENTED_EDGE('',*,*,#1676,.T.);
#2538=ORIENTED_EDGE('',*,*,#1849,.T.);
#2539=ORIENTED_EDGE('',*,*,#1850,.T.);
#2540=ORIENTED_EDGE('',*,*,#1851,.T.);
#2541=ORIENTED_EDGE('',*,*,#1852,.T.);
#2542=ORIENTED_EDGE('',*,*,#1853,.T.);
#2543=ORIENTED_EDGE('',*,*,#1854,.T.);
#2544=ORIENTED_EDGE('',*,*,#1855,.T.);
#2545=ORIENTED_EDGE('',*,*,#1677,.F.);
#2546=ORIENTED_EDGE('',*,*,#1848,.F.);
#2547=ORIENTED_EDGE('',*,*,#1838,.F.);
#2548=ORIENTED_EDGE('',*,*,#1847,.F.);
#2549=ORIENTED_EDGE('',*,*,#1856,.F.);
#2550=ORIENTED_EDGE('',*,*,#1857,.F.);
#2551=ORIENTED_EDGE('',*,*,#1850,.F.);
#2552=ORIENTED_EDGE('',*,*,#1858,.T.);
#2553=ORIENTED_EDGE('',*,*,#1859,.T.);
#2554=ORIENTED_EDGE('',*,*,#1860,.F.);
#2555=ORIENTED_EDGE('',*,*,#1861,.F.);
#2556=ORIENTED_EDGE('',*,*,#1862,.F.);
#2557=ORIENTED_EDGE('',*,*,#1851,.F.);
#2558=ORIENTED_EDGE('',*,*,#1860,.T.);
#2559=ORIENTED_EDGE('',*,*,#1863,.T.);
#2560=ORIENTED_EDGE('',*,*,#1864,.F.);
#2561=ORIENTED_EDGE('',*,*,#1831,.T.);
#2562=ORIENTED_EDGE('',*,*,#1865,.T.);
#2563=ORIENTED_EDGE('',*,*,#1866,.T.);
#2564=ORIENTED_EDGE('',*,*,#1867,.F.);
#2565=ORIENTED_EDGE('',*,*,#1868,.F.);
#2566=ORIENTED_EDGE('',*,*,#1845,.F.);
#2567=ORIENTED_EDGE('',*,*,#1844,.F.);
#2568=ORIENTED_EDGE('',*,*,#1849,.F.);
#2569=ORIENTED_EDGE('',*,*,#1675,.T.);
#2570=ORIENTED_EDGE('',*,*,#1869,.T.);
#2571=ORIENTED_EDGE('',*,*,#1870,.F.);
#2572=ORIENTED_EDGE('',*,*,#1871,.F.);
#2573=ORIENTED_EDGE('',*,*,#1852,.F.);
#2574=ORIENTED_EDGE('',*,*,#1867,.T.);
#2575=ORIENTED_EDGE('',*,*,#1872,.T.);
#2576=ORIENTED_EDGE('',*,*,#1873,.F.);
#2577=ORIENTED_EDGE('',*,*,#1874,.F.);
#2578=ORIENTED_EDGE('',*,*,#1875,.F.);
#2579=ORIENTED_EDGE('',*,*,#1854,.F.);
#2580=ORIENTED_EDGE('',*,*,#1846,.F.);
#2581=ORIENTED_EDGE('',*,*,#1868,.T.);
#2582=ORIENTED_EDGE('',*,*,#1876,.T.);
#2583=ORIENTED_EDGE('',*,*,#1877,.F.);
#2584=ORIENTED_EDGE('',*,*,#1823,.F.);
#2585=ORIENTED_EDGE('',*,*,#1826,.T.);
#2586=ORIENTED_EDGE('',*,*,#1878,.T.);
#2587=ORIENTED_EDGE('',*,*,#1853,.F.);
#2588=ORIENTED_EDGE('',*,*,#1873,.T.);
#2589=ORIENTED_EDGE('',*,*,#1879,.T.);
#2590=ORIENTED_EDGE('',*,*,#1880,.F.);
#2591=ORIENTED_EDGE('',*,*,#1829,.F.);
#2592=ORIENTED_EDGE('',*,*,#1881,.T.);
#2593=ORIENTED_EDGE('',*,*,#1882,.T.);
#2594=ORIENTED_EDGE('',*,*,#1858,.F.);
#2595=ORIENTED_EDGE('',*,*,#1862,.T.);
#2596=ORIENTED_EDGE('',*,*,#1883,.T.);
#2597=ORIENTED_EDGE('',*,*,#1871,.T.);
#2598=ORIENTED_EDGE('',*,*,#1883,.F.);
#2599=ORIENTED_EDGE('',*,*,#1884,.T.);
#2600=ORIENTED_EDGE('',*,*,#1885,.T.);
#2601=ORIENTED_EDGE('',*,*,#1886,.T.);
#2602=ORIENTED_EDGE('',*,*,#1885,.F.);
#2603=ORIENTED_EDGE('',*,*,#1861,.T.);
#2604=ORIENTED_EDGE('',*,*,#1887,.T.);
#2605=ORIENTED_EDGE('',*,*,#1870,.T.);
#2606=ORIENTED_EDGE('',*,*,#1887,.F.);
#2607=ORIENTED_EDGE('',*,*,#1888,.T.);
#2608=ORIENTED_EDGE('',*,*,#1889,.T.);
#2609=ORIENTED_EDGE('',*,*,#1890,.T.);
#2610=ORIENTED_EDGE('',*,*,#1889,.F.);
#2611=ORIENTED_EDGE('',*,*,#1824,.F.);
#2612=ORIENTED_EDGE('',*,*,#1877,.T.);
#2613=ORIENTED_EDGE('',*,*,#1891,.T.);
#2614=ORIENTED_EDGE('',*,*,#1820,.F.);
#2615=ORIENTED_EDGE('',*,*,#1884,.F.);
#2616=ORIENTED_EDGE('',*,*,#1888,.F.);
#2617=ORIENTED_EDGE('',*,*,#1832,.T.);
#2618=ORIENTED_EDGE('',*,*,#1864,.T.);
#2619=ORIENTED_EDGE('',*,*,#1892,.T.);
#2620=ORIENTED_EDGE('',*,*,#1881,.F.);
#2621=ORIENTED_EDGE('',*,*,#1886,.F.);
#2622=ORIENTED_EDGE('',*,*,#1890,.F.);
#2623=ORIENTED_EDGE('',*,*,#1830,.F.);
#2624=ORIENTED_EDGE('',*,*,#1880,.T.);
#2625=ORIENTED_EDGE('',*,*,#1893,.T.);
#2626=ORIENTED_EDGE('',*,*,#1865,.F.);
#2627=ORIENTED_EDGE('',*,*,#1894,.F.);
#2628=ORIENTED_EDGE('',*,*,#1895,.F.);
#2629=ORIENTED_EDGE('',*,*,#1894,.T.);
#2630=ORIENTED_EDGE('',*,*,#1896,.T.);
#2631=ORIENTED_EDGE('',*,*,#1828,.T.);
#2632=ORIENTED_EDGE('',*,*,#1896,.F.);
#2633=ORIENTED_EDGE('',*,*,#1857,.T.);
#2634=ORIENTED_EDGE('',*,*,#1897,.T.);
#2635=ORIENTED_EDGE('',*,*,#1875,.T.);
#2636=ORIENTED_EDGE('',*,*,#1897,.F.);
#2637=ORIENTED_EDGE('',*,*,#1895,.T.);
#2638=ORIENTED_EDGE('',*,*,#1898,.T.);
#2639=ORIENTED_EDGE('',*,*,#1827,.T.);
#2640=ORIENTED_EDGE('',*,*,#1898,.F.);
#2641=ORIENTED_EDGE('',*,*,#1856,.T.);
#2642=ORIENTED_EDGE('',*,*,#1899,.T.);
#2643=ORIENTED_EDGE('',*,*,#1874,.T.);
#2644=ORIENTED_EDGE('',*,*,#1899,.F.);
#2645=ORIENTED_EDGE('',*,*,#1710,.T.);
#2646=ORIENTED_EDGE('',*,*,#1900,.F.);
#2647=ORIENTED_EDGE('',*,*,#1547,.F.);
#2648=ORIENTED_EDGE('',*,*,#1543,.F.);
#2649=ORIENTED_EDGE('',*,*,#1901,.T.);
#2650=ORIENTED_EDGE('',*,*,#1902,.F.);
#2651=ORIENTED_EDGE('',*,*,#1814,.T.);
#2652=ORIENTED_EDGE('',*,*,#1811,.T.);
#2653=ORIENTED_EDGE('',*,*,#1555,.F.);
#2654=ORIENTED_EDGE('',*,*,#1903,.F.);
#2655=ORIENTED_EDGE('',*,*,#1904,.F.);
#2656=ORIENTED_EDGE('',*,*,#1905,.T.);
#2657=ORIENTED_EDGE('',*,*,#1906,.T.);
#2658=ORIENTED_EDGE('',*,*,#1907,.F.);
#2659=ORIENTED_EDGE('',*,*,#1571,.F.);
#2660=ORIENTED_EDGE('',*,*,#1566,.F.);
#2661=ORIENTED_EDGE('',*,*,#1908,.T.);
#2662=ORIENTED_EDGE('',*,*,#1909,.F.);
#2663=ORIENTED_EDGE('',*,*,#1910,.F.);
#2664=ORIENTED_EDGE('',*,*,#1911,.T.);
#2665=ORIENTED_EDGE('',*,*,#1912,.T.);
#2666=ORIENTED_EDGE('',*,*,#1913,.F.);
#2667=ORIENTED_EDGE('',*,*,#1914,.F.);
#2668=ORIENTED_EDGE('',*,*,#1909,.T.);
#2669=ORIENTED_EDGE('',*,*,#1915,.T.);
#2670=ORIENTED_EDGE('',*,*,#1916,.F.);
#2671=ORIENTED_EDGE('',*,*,#1917,.F.);
#2672=ORIENTED_EDGE('',*,*,#1913,.T.);
#2673=ORIENTED_EDGE('',*,*,#1918,.T.);
#2674=ORIENTED_EDGE('',*,*,#1911,.F.);
#2675=ORIENTED_EDGE('',*,*,#1919,.F.);
#2676=ORIENTED_EDGE('',*,*,#1916,.T.);
#2677=ORIENTED_EDGE('',*,*,#1908,.F.);
#2678=ORIENTED_EDGE('',*,*,#1918,.F.);
#2679=ORIENTED_EDGE('',*,*,#1915,.F.);
#2680=ORIENTED_EDGE('',*,*,#1912,.F.);
#2681=ORIENTED_EDGE('',*,*,#1910,.T.);
#2682=ORIENTED_EDGE('',*,*,#1920,.F.);
#2683=ORIENTED_EDGE('',*,*,#1921,.F.);
#2684=ORIENTED_EDGE('',*,*,#1922,.F.);
#2685=ORIENTED_EDGE('',*,*,#1917,.T.);
#2686=ORIENTED_EDGE('',*,*,#1923,.F.);
#2687=ORIENTED_EDGE('',*,*,#1905,.F.);
#2688=ORIENTED_EDGE('',*,*,#1924,.F.);
#2689=ORIENTED_EDGE('',*,*,#1925,.F.);
#2690=ORIENTED_EDGE('',*,*,#1926,.F.);
#2691=ORIENTED_EDGE('',*,*,#1927,.F.);
#2692=ORIENTED_EDGE('',*,*,#1928,.F.);
#2693=ORIENTED_EDGE('',*,*,#1929,.F.);
#2694=ORIENTED_EDGE('',*,*,#1920,.T.);
#2695=ORIENTED_EDGE('',*,*,#1914,.T.);
#2696=ORIENTED_EDGE('',*,*,#1924,.T.);
#2697=ORIENTED_EDGE('',*,*,#1904,.T.);
#2698=ORIENTED_EDGE('',*,*,#1930,.F.);
#2699=ORIENTED_EDGE('',*,*,#1931,.T.);
#2700=ORIENTED_EDGE('',*,*,#1932,.T.);
#2701=ORIENTED_EDGE('',*,*,#1925,.T.);
#2702=ORIENTED_EDGE('',*,*,#1933,.T.);
#2703=ORIENTED_EDGE('',*,*,#1934,.F.);
#2704=ORIENTED_EDGE('',*,*,#1935,.F.);
#2705=ORIENTED_EDGE('',*,*,#1936,.T.);
#2706=ORIENTED_EDGE('',*,*,#1937,.T.);
#2707=ORIENTED_EDGE('',*,*,#1928,.T.);
#2708=ORIENTED_EDGE('',*,*,#1938,.T.);
#2709=ORIENTED_EDGE('',*,*,#1939,.F.);
#2710=ORIENTED_EDGE('',*,*,#1940,.F.);
#2711=ORIENTED_EDGE('',*,*,#1732,.F.);
#2712=ORIENTED_EDGE('',*,*,#1941,.T.);
#2713=ORIENTED_EDGE('',*,*,#1942,.F.);
#2714=ORIENTED_EDGE('',*,*,#1933,.F.);
#2715=ORIENTED_EDGE('',*,*,#1943,.T.);
#2716=ORIENTED_EDGE('',*,*,#1944,.F.);
#2717=ORIENTED_EDGE('',*,*,#1906,.F.);
#2718=ORIENTED_EDGE('',*,*,#1923,.T.);
#2719=ORIENTED_EDGE('',*,*,#1919,.T.);
#2720=ORIENTED_EDGE('',*,*,#1922,.T.);
#2721=ORIENTED_EDGE('',*,*,#1945,.T.);
#2722=ORIENTED_EDGE('',*,*,#1946,.T.);
#2723=ORIENTED_EDGE('',*,*,#1927,.T.);
#2724=ORIENTED_EDGE('',*,*,#1947,.T.);
#2725=ORIENTED_EDGE('',*,*,#1948,.F.);
#2726=ORIENTED_EDGE('',*,*,#1938,.F.);
#2727=ORIENTED_EDGE('',*,*,#1949,.T.);
#2728=ORIENTED_EDGE('',*,*,#1950,.T.);
#2729=ORIENTED_EDGE('',*,*,#1929,.T.);
#2730=ORIENTED_EDGE('',*,*,#1951,.F.);
#2731=ORIENTED_EDGE('',*,*,#1952,.F.);
#2732=ORIENTED_EDGE('',*,*,#1545,.F.);
#2733=ORIENTED_EDGE('',*,*,#1549,.T.);
#2734=ORIENTED_EDGE('',*,*,#1953,.F.);
#2735=ORIENTED_EDGE('',*,*,#1943,.F.);
#2736=ORIENTED_EDGE('',*,*,#1921,.T.);
#2737=ORIENTED_EDGE('',*,*,#1926,.T.);
#2738=ORIENTED_EDGE('',*,*,#1935,.T.);
#2739=ORIENTED_EDGE('',*,*,#1954,.F.);
#2740=ORIENTED_EDGE('',*,*,#1955,.F.);
#2741=ORIENTED_EDGE('',*,*,#1730,.T.);
#2742=ORIENTED_EDGE('',*,*,#1956,.T.);
#2743=ORIENTED_EDGE('',*,*,#1957,.F.);
#2744=ORIENTED_EDGE('',*,*,#1947,.F.);
#2745=ORIENTED_EDGE('',*,*,#1937,.F.);
#2746=ORIENTED_EDGE('',*,*,#1958,.T.);
#2747=ORIENTED_EDGE('',*,*,#1946,.F.);
#2748=ORIENTED_EDGE('',*,*,#1958,.F.);
#2749=ORIENTED_EDGE('',*,*,#1551,.F.);
#2750=ORIENTED_EDGE('',*,*,#1959,.T.);
#2751=ORIENTED_EDGE('',*,*,#1960,.F.);
#2752=ORIENTED_EDGE('',*,*,#1959,.F.);
#2753=ORIENTED_EDGE('',*,*,#1936,.F.);
#2754=ORIENTED_EDGE('',*,*,#1961,.T.);
#2755=ORIENTED_EDGE('',*,*,#1945,.F.);
#2756=ORIENTED_EDGE('',*,*,#1961,.F.);
#2757=ORIENTED_EDGE('',*,*,#1550,.F.);
#2758=ORIENTED_EDGE('',*,*,#1962,.T.);
#2759=ORIENTED_EDGE('',*,*,#1963,.F.);
#2760=ORIENTED_EDGE('',*,*,#1962,.F.);
#2761=ORIENTED_EDGE('',*,*,#1731,.F.);
#2762=ORIENTED_EDGE('',*,*,#1955,.T.);
#2763=ORIENTED_EDGE('',*,*,#1964,.F.);
#2764=ORIENTED_EDGE('',*,*,#1941,.F.);
#2765=ORIENTED_EDGE('',*,*,#1960,.T.);
#2766=ORIENTED_EDGE('',*,*,#1963,.T.);
#2767=ORIENTED_EDGE('',*,*,#1953,.T.);
#2768=ORIENTED_EDGE('',*,*,#1548,.T.);
#2769=ORIENTED_EDGE('',*,*,#1900,.T.);
#2770=ORIENTED_EDGE('',*,*,#1713,.F.);
#2771=ORIENTED_EDGE('',*,*,#1821,.F.);
#2772=ORIENTED_EDGE('',*,*,#1891,.F.);
#2773=ORIENTED_EDGE('',*,*,#1876,.F.);
#2774=ORIENTED_EDGE('',*,*,#1869,.F.);
#2775=ORIENTED_EDGE('',*,*,#1674,.F.);
#2776=ORIENTED_EDGE('',*,*,#1636,.F.);
#2777=ORIENTED_EDGE('',*,*,#1593,.T.);
#2778=ORIENTED_EDGE('',*,*,#1572,.F.);
#2779=ORIENTED_EDGE('',*,*,#1907,.T.);
#2780=ORIENTED_EDGE('',*,*,#1944,.T.);
#2781=ORIENTED_EDGE('',*,*,#1859,.F.);
#2782=ORIENTED_EDGE('',*,*,#1882,.F.);
#2783=ORIENTED_EDGE('',*,*,#1892,.F.);
#2784=ORIENTED_EDGE('',*,*,#1863,.F.);
#2785=ORIENTED_EDGE('',*,*,#1934,.T.);
#2786=ORIENTED_EDGE('',*,*,#1942,.T.);
#2787=ORIENTED_EDGE('',*,*,#1964,.T.);
#2788=ORIENTED_EDGE('',*,*,#1954,.T.);
#2789=ORIENTED_EDGE('',*,*,#1733,.T.);
#2790=ORIENTED_EDGE('',*,*,#1940,.T.);
#2791=ORIENTED_EDGE('',*,*,#1965,.F.);
#2792=ORIENTED_EDGE('',*,*,#1956,.F.);
#2793=ORIENTED_EDGE('',*,*,#1966,.T.);
#2794=ORIENTED_EDGE('',*,*,#1967,.T.);
#2795=ORIENTED_EDGE('',*,*,#1966,.F.);
#2796=ORIENTED_EDGE('',*,*,#1968,.T.);
#2797=ORIENTED_EDGE('',*,*,#1969,.F.);
#2798=ORIENTED_EDGE('',*,*,#1968,.F.);
#2799=ORIENTED_EDGE('',*,*,#1932,.F.);
#2800=ORIENTED_EDGE('',*,*,#1970,.T.);
#2801=ORIENTED_EDGE('',*,*,#1950,.F.);
#2802=ORIENTED_EDGE('',*,*,#1970,.F.);
#2803=ORIENTED_EDGE('',*,*,#1967,.F.);
#2804=ORIENTED_EDGE('',*,*,#1971,.T.);
#2805=ORIENTED_EDGE('',*,*,#1972,.F.);
#2806=ORIENTED_EDGE('',*,*,#1971,.F.);
#2807=ORIENTED_EDGE('',*,*,#1931,.F.);
#2808=ORIENTED_EDGE('',*,*,#1973,.T.);
#2809=ORIENTED_EDGE('',*,*,#1949,.F.);
#2810=ORIENTED_EDGE('',*,*,#1973,.F.);
#2811=ORIENTED_EDGE('',*,*,#1546,.F.);
#2812=ORIENTED_EDGE('',*,*,#1952,.T.);
#2813=ORIENTED_EDGE('',*,*,#1974,.F.);
#2814=ORIENTED_EDGE('',*,*,#1901,.F.);
#2815=ORIENTED_EDGE('',*,*,#1969,.T.);
#2816=ORIENTED_EDGE('',*,*,#1972,.T.);
#2817=ORIENTED_EDGE('',*,*,#1951,.T.);
#2818=ORIENTED_EDGE('',*,*,#1930,.T.);
#2819=ORIENTED_EDGE('',*,*,#1903,.T.);
#2820=ORIENTED_EDGE('',*,*,#1554,.F.);
#2821=ORIENTED_EDGE('',*,*,#1655,.F.);
#2822=ORIENTED_EDGE('',*,*,#1623,.F.);
#2823=ORIENTED_EDGE('',*,*,#1678,.F.);
#2824=ORIENTED_EDGE('',*,*,#1855,.F.);
#2825=ORIENTED_EDGE('',*,*,#1878,.F.);
#2826=ORIENTED_EDGE('',*,*,#1825,.F.);
#2827=ORIENTED_EDGE('',*,*,#1817,.F.);
#2828=ORIENTED_EDGE('',*,*,#1815,.T.);
#2829=ORIENTED_EDGE('',*,*,#1902,.T.);
#2830=ORIENTED_EDGE('',*,*,#1974,.T.);
#2831=ORIENTED_EDGE('',*,*,#1893,.F.);
#2832=ORIENTED_EDGE('',*,*,#1879,.F.);
#2833=ORIENTED_EDGE('',*,*,#1872,.F.);
#2834=ORIENTED_EDGE('',*,*,#1866,.F.);
#2835=ORIENTED_EDGE('',*,*,#1965,.T.);
#2836=ORIENTED_EDGE('',*,*,#1939,.T.);
#2837=ORIENTED_EDGE('',*,*,#1948,.T.);
#2838=ORIENTED_EDGE('',*,*,#1957,.T.);
#2839=PLANE('',#3122);
#2840=PLANE('',#3123);
#2841=PLANE('',#3126);
#2842=PLANE('',#3127);
#2843=PLANE('',#3128);
#2844=PLANE('',#3129);
#2845=PLANE('',#3130);
#2846=PLANE('',#3131);
#2847=PLANE('',#3132);
#2848=PLANE('',#3133);
#2849=PLANE('',#3134);
#2850=PLANE('',#3135);
#2851=PLANE('',#3136);
#2852=PLANE('',#3137);
#2853=PLANE('',#3138);
#2854=PLANE('',#3139);
#2855=PLANE('',#3140);
#2856=PLANE('',#3141);
#2857=PLANE('',#3142);
#2858=PLANE('',#3143);
#2859=PLANE('',#3144);
#2860=PLANE('',#3145);
#2861=PLANE('',#3146);
#2862=PLANE('',#3147);
#2863=PLANE('',#3148);
#2864=PLANE('',#3149);
#2865=PLANE('',#3150);
#2866=PLANE('',#3151);
#2867=PLANE('',#3152);
#2868=PLANE('',#3153);
#2869=PLANE('',#3154);
#2870=PLANE('',#3155);
#2871=PLANE('',#3156);
#2872=PLANE('',#3157);
#2873=PLANE('',#3158);
#2874=PLANE('',#3159);
#2875=PLANE('',#3160);
#2876=PLANE('',#3161);
#2877=PLANE('',#3162);
#2878=PLANE('',#3163);
#2879=PLANE('',#3164);
#2880=PLANE('',#3165);
#2881=PLANE('',#3166);
#2882=PLANE('',#3167);
#2883=PLANE('',#3168);
#2884=PLANE('',#3169);
#2885=PLANE('',#3170);
#2886=PLANE('',#3171);
#2887=PLANE('',#3172);
#2888=PLANE('',#3173);
#2889=PLANE('',#3174);
#2890=PLANE('',#3175);
#2891=PLANE('',#3176);
#2892=PLANE('',#3177);
#2893=PLANE('',#3178);
#2894=PLANE('',#3179);
#2895=PLANE('',#3180);
#2896=PLANE('',#3181);
#2897=PLANE('',#3182);
#2898=PLANE('',#3183);
#2899=PLANE('',#3184);
#2900=PLANE('',#3185);
#2901=PLANE('',#3186);
#2902=PLANE('',#3187);
#2903=PLANE('',#3188);
#2904=PLANE('',#3189);
#2905=PLANE('',#3190);
#2906=PLANE('',#3191);
#2907=PLANE('',#3192);
#2908=PLANE('',#3193);
#2909=PLANE('',#3194);
#2910=PLANE('',#3195);
#2911=PLANE('',#3196);
#2912=PLANE('',#3197);
#2913=PLANE('',#3198);
#2914=PLANE('',#3199);
#2915=PLANE('',#3200);
#2916=PLANE('',#3201);
#2917=PLANE('',#3202);
#2918=PLANE('',#3203);
#2919=PLANE('',#3204);
#2920=PLANE('',#3207);
#2921=PLANE('',#3208);
#2922=PLANE('',#3209);
#2923=PLANE('',#3210);
#2924=PLANE('',#3211);
#2925=PLANE('',#3212);
#2926=PLANE('',#3213);
#2927=PLANE('',#3214);
#2928=PLANE('',#3215);
#2929=PLANE('',#3216);
#2930=PLANE('',#3219);
#2931=PLANE('',#3222);
#2932=PLANE('',#3223);
#2933=PLANE('',#3226);
#2934=PLANE('',#3229);
#2935=PLANE('',#3230);
#2936=PLANE('',#3239);
#2937=PLANE('',#3240);
#2938=PLANE('',#3241);
#2939=PLANE('',#3248);
#2940=PLANE('',#3249);
#2941=PLANE('',#3250);
#2942=PLANE('',#3251);
#2943=PLANE('',#3252);
#2944=PLANE('',#3253);
#2945=PLANE('',#3254);
#2946=PLANE('',#3255);
#2947=PLANE('',#3256);
#2948=PLANE('',#3257);
#2949=PLANE('',#3258);
#2950=PLANE('',#3261);
#2951=PLANE('',#3264);
#2952=PLANE('',#3265);
#2953=PLANE('',#3268);
#2954=PLANE('',#3271);
#2955=PLANE('',#3272);
#2956=PLANE('',#3279);
#2957=PLANE('',#3280);
#2958=PLANE('',#3281);
#2959=PLANE('',#3290);
#2960=PLANE('',#3291);
#2961=ADVANCED_FACE('',(#123),#2839,.T.);
#2962=ADVANCED_FACE('',(#124,#31,#32),#2840,.T.);
#2963=ADVANCED_FACE('',(#125),#2841,.T.);
#2964=ADVANCED_FACE('',(#126),#2842,.T.);
#2965=ADVANCED_FACE('',(#127),#2843,.T.);
#2966=ADVANCED_FACE('',(#128),#2844,.T.);
#2967=ADVANCED_FACE('',(#129,#33,#34,#35),#2845,.T.);
#2968=ADVANCED_FACE('',(#130),#2846,.T.);
#2969=ADVANCED_FACE('',(#131),#2847,.T.);
#2970=ADVANCED_FACE('',(#132),#2848,.T.);
#2971=ADVANCED_FACE('',(#133,#36,#37,#38),#2849,.T.);
#2972=ADVANCED_FACE('',(#134),#2850,.F.);
#2973=ADVANCED_FACE('',(#135),#2851,.T.);
#2974=ADVANCED_FACE('',(#136),#2852,.T.);
#2975=ADVANCED_FACE('',(#137),#2853,.T.);
#2976=ADVANCED_FACE('',(#138),#2854,.T.);
#2977=ADVANCED_FACE('',(#139),#2855,.T.);
#2978=ADVANCED_FACE('',(#140),#2856,.T.);
#2979=ADVANCED_FACE('',(#141),#2857,.T.);
#2980=ADVANCED_FACE('',(#142),#2858,.T.);
#2981=ADVANCED_FACE('',(#143),#2859,.T.);
#2982=ADVANCED_FACE('',(#144),#2860,.T.);
#2983=ADVANCED_FACE('',(#145),#2861,.T.);
#2984=ADVANCED_FACE('',(#146),#2862,.T.);
#2985=ADVANCED_FACE('',(#147),#2863,.T.);
#2986=ADVANCED_FACE('',(#148),#2864,.T.);
#2987=ADVANCED_FACE('',(#149),#2865,.T.);
#2988=ADVANCED_FACE('',(#150,#39,#40,#41,#42,#43,#44,#45,#46,#47),#2866,
 .T.);
#2989=ADVANCED_FACE('',(#151),#2867,.T.);
#2990=ADVANCED_FACE('',(#152),#2868,.T.);
#2991=ADVANCED_FACE('',(#153),#2869,.T.);
#2992=ADVANCED_FACE('',(#154),#2870,.T.);
#2993=ADVANCED_FACE('',(#155),#2871,.T.);
#2994=ADVANCED_FACE('',(#156),#2872,.T.);
#2995=ADVANCED_FACE('',(#157),#2873,.T.);
#2996=ADVANCED_FACE('',(#158),#2874,.T.);
#2997=ADVANCED_FACE('',(#159),#2875,.T.);
#2998=ADVANCED_FACE('',(#160),#2876,.T.);
#2999=ADVANCED_FACE('',(#161),#2877,.T.);
#3000=ADVANCED_FACE('',(#162),#2878,.T.);
#3001=ADVANCED_FACE('',(#163),#2879,.T.);
#3002=ADVANCED_FACE('',(#164),#2880,.T.);
#3003=ADVANCED_FACE('',(#165),#2881,.T.);
#3004=ADVANCED_FACE('',(#166),#2882,.T.);
#3005=ADVANCED_FACE('',(#167),#2883,.F.);
#3006=ADVANCED_FACE('',(#168),#2884,.F.);
#3007=ADVANCED_FACE('',(#169),#2885,.F.);
#3008=ADVANCED_FACE('',(#170),#2886,.F.);
#3009=ADVANCED_FACE('',(#171),#2887,.F.);
#3010=ADVANCED_FACE('',(#172),#2888,.F.);
#3011=ADVANCED_FACE('',(#173),#2889,.F.);
#3012=ADVANCED_FACE('',(#174),#2890,.F.);
#3013=ADVANCED_FACE('',(#175),#2891,.F.);
#3014=ADVANCED_FACE('',(#176),#2892,.F.);
#3015=ADVANCED_FACE('',(#177),#2893,.F.);
#3016=ADVANCED_FACE('',(#178),#2894,.F.);
#3017=ADVANCED_FACE('',(#179),#2895,.F.);
#3018=ADVANCED_FACE('',(#180),#2896,.F.);
#3019=ADVANCED_FACE('',(#181),#2897,.F.);
#3020=ADVANCED_FACE('',(#182),#2898,.F.);
#3021=ADVANCED_FACE('',(#183),#2899,.F.);
#3022=ADVANCED_FACE('',(#184),#2900,.F.);
#3023=ADVANCED_FACE('',(#185),#2901,.F.);
#3024=ADVANCED_FACE('',(#186),#2902,.F.);
#3025=ADVANCED_FACE('',(#187),#2903,.F.);
#3026=ADVANCED_FACE('',(#188),#2904,.F.);
#3027=ADVANCED_FACE('',(#189),#2905,.F.);
#3028=ADVANCED_FACE('',(#190),#2906,.F.);
#3029=ADVANCED_FACE('',(#191),#2907,.F.);
#3030=ADVANCED_FACE('',(#192),#2908,.F.);
#3031=ADVANCED_FACE('',(#193),#2909,.F.);
#3032=ADVANCED_FACE('',(#194),#2910,.F.);
#3033=ADVANCED_FACE('',(#195),#2911,.F.);
#3034=ADVANCED_FACE('',(#196),#2912,.F.);
#3035=ADVANCED_FACE('',(#197),#2913,.F.);
#3036=ADVANCED_FACE('',(#198),#2914,.F.);
#3037=ADVANCED_FACE('',(#199),#2915,.T.);
#3038=ADVANCED_FACE('',(#200,#48,#49,#50,#51,#52,#53,#54,#55,#56),#2916,
 .T.);
#3039=ADVANCED_FACE('',(#201),#2917,.F.);
#3040=ADVANCED_FACE('',(#202),#2918,.T.);
#3041=ADVANCED_FACE('',(#203,#57,#58),#2919,.F.);
#3042=ADVANCED_FACE('',(#204),#2920,.F.);
#3043=ADVANCED_FACE('',(#205),#2921,.F.);
#3044=ADVANCED_FACE('',(#206),#2922,.F.);
#3045=ADVANCED_FACE('',(#207),#2923,.F.);
#3046=ADVANCED_FACE('',(#208),#2924,.F.);
#3047=ADVANCED_FACE('',(#209),#2925,.F.);
#3048=ADVANCED_FACE('',(#210),#2926,.T.);
#3049=ADVANCED_FACE('',(#211),#2927,.T.);
#3050=ADVANCED_FACE('',(#212),#2928,.F.);
#3051=ADVANCED_FACE('',(#213,#59,#60),#2929,.F.);
#3052=ADVANCED_FACE('',(#214,#61,#62),#2930,.F.);
#3053=ADVANCED_FACE('',(#215),#2931,.F.);
#3054=ADVANCED_FACE('',(#216,#63,#64),#2932,.F.);
#3055=ADVANCED_FACE('',(#217,#65,#66),#2933,.F.);
#3056=ADVANCED_FACE('',(#218),#2934,.F.);
#3057=ADVANCED_FACE('',(#219),#2935,.F.);
#3058=ADVANCED_FACE('',(#220),#15,.F.);
#3059=ADVANCED_FACE('',(#221),#16,.F.);
#3060=ADVANCED_FACE('',(#222),#17,.F.);
#3061=ADVANCED_FACE('',(#223),#18,.F.);
#3062=ADVANCED_FACE('',(#224,#67,#68),#2936,.F.);
#3063=ADVANCED_FACE('',(#225,#69,#70),#2937,.F.);
#3064=ADVANCED_FACE('',(#226,#71,#72),#2938,.F.);
#3065=ADVANCED_FACE('',(#227),#19,.F.);
#3066=ADVANCED_FACE('',(#228),#20,.F.);
#3067=ADVANCED_FACE('',(#229),#21,.F.);
#3068=ADVANCED_FACE('',(#230),#22,.F.);
#3069=ADVANCED_FACE('',(#231),#2939,.T.);
#3070=ADVANCED_FACE('',(#232),#2940,.T.);
#3071=ADVANCED_FACE('',(#233),#2941,.T.);
#3072=ADVANCED_FACE('',(#234),#2942,.T.);
#3073=ADVANCED_FACE('',(#235),#2943,.T.);
#3074=ADVANCED_FACE('',(#236),#2944,.T.);
#3075=ADVANCED_FACE('',(#237),#2945,.T.);
#3076=ADVANCED_FACE('',(#238),#2946,.F.);
#3077=ADVANCED_FACE('',(#239),#2947,.F.);
#3078=ADVANCED_FACE('',(#240),#2948,.T.);
#3079=ADVANCED_FACE('',(#241,#73,#74),#2949,.T.);
#3080=ADVANCED_FACE('',(#242,#75,#76),#2950,.T.);
#3081=ADVANCED_FACE('',(#243),#2951,.T.);
#3082=ADVANCED_FACE('',(#244,#77,#78),#2952,.T.);
#3083=ADVANCED_FACE('',(#245,#79,#80),#2953,.T.);
#3084=ADVANCED_FACE('',(#246),#2954,.T.);
#3085=ADVANCED_FACE('',(#247),#2955,.T.);
#3086=ADVANCED_FACE('',(#248),#23,.F.);
#3087=ADVANCED_FACE('',(#249),#24,.F.);
#3088=ADVANCED_FACE('',(#250),#25,.F.);
#3089=ADVANCED_FACE('',(#251),#26,.F.);
#3090=ADVANCED_FACE('',(#252,#81,#82),#2956,.T.);
#3091=ADVANCED_FACE('',(#253,#83,#84),#2957,.T.);
#3092=ADVANCED_FACE('',(#254,#85,#86),#2958,.T.);
#3093=ADVANCED_FACE('',(#255),#27,.F.);
#3094=ADVANCED_FACE('',(#256),#28,.F.);
#3095=ADVANCED_FACE('',(#257),#29,.F.);
#3096=ADVANCED_FACE('',(#258),#30,.F.);
#3097=ADVANCED_FACE('',(#259,#87,#88),#2959,.T.);
#3098=ADVANCED_FACE('',(#260,#89,#90),#2960,.T.);
#3099=CLOSED_SHELL('',(#2961,#2962,#2963,#2964,#2965,#2966,#2967,#2968,
#2969,#2970,#2971,#2972,#2973,#2974,#2975,#2976,#2977,#2978,#2979,#2980,
#2981,#2982,#2983,#2984,#2985,#2986,#2987,#2988,#2989,#2990,#2991,#2992,
#2993,#2994,#2995,#2996,#2997,#2998,#2999,#3000,#3001,#3002,#3003,#3004,
#3005,#3006,#3007,#3008,#3009,#3010,#3011,#3012,#3013,#3014,#3015,#3016,
#3017,#3018,#3019,#3020,#3021,#3022,#3023,#3024,#3025,#3026,#3027,#3028,
#3029,#3030,#3031,#3032,#3033,#3034,#3035,#3036,#3037,#3038,#3039,#3040,
#3041,#3042,#3043,#3044,#3045,#3046,#3047,#3048,#3049,#3050,#3051,#3052,
#3053,#3054,#3055,#3056,#3057,#3058,#3059,#3060,#3061,#3062,#3063,#3064,
#3065,#3066,#3067,#3068,#3069,#3070,#3071,#3072,#3073,#3074,#3075,#3076,
#3077,#3078,#3079,#3080,#3081,#3082,#3083,#3084,#3085,#3086,#3087,#3088,
#3089,#3090,#3091,#3092,#3093,#3094,#3095,#3096,#3097,#3098));
#3100=DERIVED_UNIT_ELEMENT(#3103,1.);
#3101=DERIVED_UNIT_ELEMENT(#4894,-3.);
#3102=DIMENSIONAL_EXPONENTS(0.,1.,0.,0.,0.,0.,0.);
#3103=(
CONVERSION_BASED_UNIT('gram',#3105)
MASS_UNIT()
NAMED_UNIT(#3102)
);
#3104=(
MASS_UNIT()
NAMED_UNIT(*)
SI_UNIT(.KILO.,.GRAM.)
);
#3105=MASS_MEASURE_WITH_UNIT(MASS_MEASURE(0.001),#3104);
#3106=DERIVED_UNIT((#3100,#3101));
#3107=MEASURE_REPRESENTATION_ITEM('density measure',
POSITIVE_RATIO_MEASURE(1.),#3106);
#3108=PROPERTY_DEFINITION_REPRESENTATION(#3113,#3110);
#3109=PROPERTY_DEFINITION_REPRESENTATION(#3114,#3111);
#3110=REPRESENTATION('material name',(#3112),#4891);
#3111=REPRESENTATION('density',(#3107),#4891);
#3112=DESCRIPTIVE_REPRESENTATION_ITEM('\X2\4E00822C\X0\','\X2\4E00822C\X0\');
#3113=PROPERTY_DEFINITION('material property','material name',#4901);
#3114=PROPERTY_DEFINITION('material property','density of part',#4901);
#3115=DATE_TIME_ROLE('creation_date');
#3116=APPLIED_DATE_AND_TIME_ASSIGNMENT(#3117,#3115,(#4901));
#3117=DATE_AND_TIME(#3118,#3119);
#3118=CALENDAR_DATE(2026,1,2);
#3119=LOCAL_TIME(0,0,0.,#3120);
#3120=COORDINATED_UNIVERSAL_TIME_OFFSET(0,0,.BEHIND.);
#3121=AXIS2_PLACEMENT_3D('',#4034,#3292,#3293);
#3122=AXIS2_PLACEMENT_3D('',#4035,#3294,#3295);
#3123=AXIS2_PLACEMENT_3D('',#4044,#3300,#3301);
#3124=AXIS2_PLACEMENT_3D('',#4051,#3305,#3306);
#3125=AXIS2_PLACEMENT_3D('',#4053,#3307,#3308);
#3126=AXIS2_PLACEMENT_3D('',#4054,#3309,#3310);
#3127=AXIS2_PLACEMENT_3D('',#4083,#3325,#3326);
#3128=AXIS2_PLACEMENT_3D('',#4089,#3330,#3331);
#3129=AXIS2_PLACEMENT_3D('',#4115,#3345,#3346);
#3130=AXIS2_PLACEMENT_3D('',#4121,#3350,#3351);
#3131=AXIS2_PLACEMENT_3D('',#4186,#3386,#3387);
#3132=AXIS2_PLACEMENT_3D('',#4214,#3402,#3403);
#3133=AXIS2_PLACEMENT_3D('',#4218,#3406,#3407);
#3134=AXIS2_PLACEMENT_3D('',#4233,#3417,#3418);
#3135=AXIS2_PLACEMENT_3D('',#4287,#3449,#3450);
#3136=AXIS2_PLACEMENT_3D('',#4297,#3456,#3457);
#3137=AXIS2_PLACEMENT_3D('',#4303,#3461,#3462);
#3138=AXIS2_PLACEMENT_3D('',#4307,#3465,#3466);
#3139=AXIS2_PLACEMENT_3D('',#4309,#3468,#3469);
#3140=AXIS2_PLACEMENT_3D('',#4315,#3473,#3474);
#3141=AXIS2_PLACEMENT_3D('',#4321,#3478,#3479);
#3142=AXIS2_PLACEMENT_3D('',#4325,#3482,#3483);
#3143=AXIS2_PLACEMENT_3D('',#4327,#3485,#3486);
#3144=AXIS2_PLACEMENT_3D('',#4333,#3490,#3491);
#3145=AXIS2_PLACEMENT_3D('',#4337,#3494,#3495);
#3146=AXIS2_PLACEMENT_3D('',#4341,#3498,#3499);
#3147=AXIS2_PLACEMENT_3D('',#4345,#3502,#3503);
#3148=AXIS2_PLACEMENT_3D('',#4347,#3505,#3506);
#3149=AXIS2_PLACEMENT_3D('',#4353,#3510,#3511);
#3150=AXIS2_PLACEMENT_3D('',#4357,#3514,#3515);
#3151=AXIS2_PLACEMENT_3D('',#4359,#3517,#3518);
#3152=AXIS2_PLACEMENT_3D('',#4399,#3539,#3540);
#3153=AXIS2_PLACEMENT_3D('',#4408,#3545,#3546);
#3154=AXIS2_PLACEMENT_3D('',#4414,#3550,#3551);
#3155=AXIS2_PLACEMENT_3D('',#4418,#3554,#3555);
#3156=AXIS2_PLACEMENT_3D('',#4420,#3557,#3558);
#3157=AXIS2_PLACEMENT_3D('',#4426,#3562,#3563);
#3158=AXIS2_PLACEMENT_3D('',#4430,#3566,#3567);
#3159=AXIS2_PLACEMENT_3D('',#4434,#3570,#3571);
#3160=AXIS2_PLACEMENT_3D('',#4438,#3574,#3575);
#3161=AXIS2_PLACEMENT_3D('',#4440,#3577,#3578);
#3162=AXIS2_PLACEMENT_3D('',#4446,#3582,#3583);
#3163=AXIS2_PLACEMENT_3D('',#4450,#3586,#3587);
#3164=AXIS2_PLACEMENT_3D('',#4452,#3589,#3590);
#3165=AXIS2_PLACEMENT_3D('',#4458,#3594,#3595);
#3166=AXIS2_PLACEMENT_3D('',#4464,#3599,#3600);
#3167=AXIS2_PLACEMENT_3D('',#4468,#3603,#3604);
#3168=AXIS2_PLACEMENT_3D('',#4470,#3606,#3607);
#3169=AXIS2_PLACEMENT_3D('',#4473,#3610,#3611);
#3170=AXIS2_PLACEMENT_3D('',#4475,#3613,#3614);
#3171=AXIS2_PLACEMENT_3D('',#4476,#3615,#3616);
#3172=AXIS2_PLACEMENT_3D('',#4478,#3618,#3619);
#3173=AXIS2_PLACEMENT_3D('',#4479,#3620,#3621);
#3174=AXIS2_PLACEMENT_3D('',#4482,#3624,#3625);
#3175=AXIS2_PLACEMENT_3D('',#4484,#3627,#3628);
#3176=AXIS2_PLACEMENT_3D('',#4485,#3629,#3630);
#3177=AXIS2_PLACEMENT_3D('',#4488,#3633,#3634);
#3178=AXIS2_PLACEMENT_3D('',#4490,#3636,#3637);
#3179=AXIS2_PLACEMENT_3D('',#4492,#3639,#3640);
#3180=AXIS2_PLACEMENT_3D('',#4494,#3642,#3643);
#3181=AXIS2_PLACEMENT_3D('',#4495,#3644,#3645);
#3182=AXIS2_PLACEMENT_3D('',#4498,#3648,#3649);
#3183=AXIS2_PLACEMENT_3D('',#4500,#3651,#3652);
#3184=AXIS2_PLACEMENT_3D('',#4501,#3653,#3654);
#3185=AXIS2_PLACEMENT_3D('',#4507,#3658,#3659);
#3186=AXIS2_PLACEMENT_3D('',#4511,#3662,#3663);
#3187=AXIS2_PLACEMENT_3D('',#4513,#3665,#3666);
#3188=AXIS2_PLACEMENT_3D('',#4517,#3669,#3670);
#3189=AXIS2_PLACEMENT_3D('',#4519,#3672,#3673);
#3190=AXIS2_PLACEMENT_3D('',#4525,#3677,#3678);
#3191=AXIS2_PLACEMENT_3D('',#4529,#3681,#3682);
#3192=AXIS2_PLACEMENT_3D('',#4531,#3684,#3685);
#3193=AXIS2_PLACEMENT_3D('',#4537,#3689,#3690);
#3194=AXIS2_PLACEMENT_3D('',#4541,#3693,#3694);
#3195=AXIS2_PLACEMENT_3D('',#4545,#3697,#3698);
#3196=AXIS2_PLACEMENT_3D('',#4549,#3701,#3702);
#3197=AXIS2_PLACEMENT_3D('',#4551,#3704,#3705);
#3198=AXIS2_PLACEMENT_3D('',#4557,#3709,#3710);
#3199=AXIS2_PLACEMENT_3D('',#4561,#3713,#3714);
#3200=AXIS2_PLACEMENT_3D('',#4563,#3716,#3717);
#3201=AXIS2_PLACEMENT_3D('',#4569,#3721,#3722);
#3202=AXIS2_PLACEMENT_3D('',#4575,#3726,#3727);
#3203=AXIS2_PLACEMENT_3D('',#4585,#3733,#3734);
#3204=AXIS2_PLACEMENT_3D('',#4591,#3738,#3739);
#3205=AXIS2_PLACEMENT_3D('',#4596,#3742,#3743);
#3206=AXIS2_PLACEMENT_3D('',#4598,#3744,#3745);
#3207=AXIS2_PLACEMENT_3D('',#4599,#3746,#3747);
#3208=AXIS2_PLACEMENT_3D('',#4608,#3752,#3753);
#3209=AXIS2_PLACEMENT_3D('',#4617,#3758,#3759);
#3210=AXIS2_PLACEMENT_3D('',#4623,#3763,#3764);
#3211=AXIS2_PLACEMENT_3D('',#4629,#3768,#3769);
#3212=AXIS2_PLACEMENT_3D('',#4632,#3772,#3773);
#3213=AXIS2_PLACEMENT_3D('',#4633,#3774,#3775);
#3214=AXIS2_PLACEMENT_3D('',#4639,#3779,#3780);
#3215=AXIS2_PLACEMENT_3D('',#4642,#3783,#3784);
#3216=AXIS2_PLACEMENT_3D('',#4651,#3789,#3790);
#3217=AXIS2_PLACEMENT_3D('',#4656,#3793,#3794);
#3218=AXIS2_PLACEMENT_3D('',#4658,#3795,#3796);
#3219=AXIS2_PLACEMENT_3D('',#4659,#3797,#3798);
#3220=AXIS2_PLACEMENT_3D('',#4666,#3802,#3803);
#3221=AXIS2_PLACEMENT_3D('',#4668,#3804,#3805);
#3222=AXIS2_PLACEMENT_3D('',#4669,#3806,#3807);
#3223=AXIS2_PLACEMENT_3D('',#4678,#3813,#3814);
#3224=AXIS2_PLACEMENT_3D('',#4683,#3817,#3818);
#3225=AXIS2_PLACEMENT_3D('',#4685,#3819,#3820);
#3226=AXIS2_PLACEMENT_3D('',#4686,#3821,#3822);
#3227=AXIS2_PLACEMENT_3D('',#4691,#3825,#3826);
#3228=AXIS2_PLACEMENT_3D('',#4693,#3827,#3828);
#3229=AXIS2_PLACEMENT_3D('',#4694,#3829,#3830);
#3230=AXIS2_PLACEMENT_3D('',#4699,#3834,#3835);
#3231=AXIS2_PLACEMENT_3D('',#4706,#3840,#3841);
#3232=AXIS2_PLACEMENT_3D('',#4708,#3843,#3844);
#3233=AXIS2_PLACEMENT_3D('',#4710,#3845,#3846);
#3234=AXIS2_PLACEMENT_3D('',#4713,#3848,#3849);
#3235=AXIS2_PLACEMENT_3D('',#4714,#3850,#3851);
#3236=AXIS2_PLACEMENT_3D('',#4716,#3853,#3854);
#3237=AXIS2_PLACEMENT_3D('',#4718,#3855,#3856);
#3238=AXIS2_PLACEMENT_3D('',#4721,#3858,#3859);
#3239=AXIS2_PLACEMENT_3D('',#4722,#3860,#3861);
#3240=AXIS2_PLACEMENT_3D('',#4724,#3863,#3864);
#3241=AXIS2_PLACEMENT_3D('',#4726,#3866,#3867);
#3242=AXIS2_PLACEMENT_3D('',#4729,#3869,#3870);
#3243=AXIS2_PLACEMENT_3D('',#4731,#3871,#3872);
#3244=AXIS2_PLACEMENT_3D('',#4732,#3873,#3874);
#3245=AXIS2_PLACEMENT_3D('',#4734,#3876,#3877);
#3246=AXIS2_PLACEMENT_3D('',#4736,#3879,#3880);
#3247=AXIS2_PLACEMENT_3D('',#4738,#3882,#3883);
#3248=AXIS2_PLACEMENT_3D('',#4740,#3885,#3886);
#3249=AXIS2_PLACEMENT_3D('',#4745,#3890,#3891);
#3250=AXIS2_PLACEMENT_3D('',#4755,#3897,#3898);
#3251=AXIS2_PLACEMENT_3D('',#4764,#3903,#3904);
#3252=AXIS2_PLACEMENT_3D('',#4770,#3908,#3909);
#3253=AXIS2_PLACEMENT_3D('',#4776,#3913,#3914);
#3254=AXIS2_PLACEMENT_3D('',#4779,#3917,#3918);
#3255=AXIS2_PLACEMENT_3D('',#4780,#3919,#3920);
#3256=AXIS2_PLACEMENT_3D('',#4786,#3924,#3925);
#3257=AXIS2_PLACEMENT_3D('',#4789,#3928,#3929);
#3258=AXIS2_PLACEMENT_3D('',#4798,#3934,#3935);
#3259=AXIS2_PLACEMENT_3D('',#4803,#3938,#3939);
#3260=AXIS2_PLACEMENT_3D('',#4805,#3940,#3941);
#3261=AXIS2_PLACEMENT_3D('',#4806,#3942,#3943);
#3262=AXIS2_PLACEMENT_3D('',#4813,#3947,#3948);
#3263=AXIS2_PLACEMENT_3D('',#4815,#3949,#3950);
#3264=AXIS2_PLACEMENT_3D('',#4816,#3951,#3952);
#3265=AXIS2_PLACEMENT_3D('',#4825,#3958,#3959);
#3266=AXIS2_PLACEMENT_3D('',#4830,#3962,#3963);
#3267=AXIS2_PLACEMENT_3D('',#4832,#3964,#3965);
#3268=AXIS2_PLACEMENT_3D('',#4833,#3966,#3967);
#3269=AXIS2_PLACEMENT_3D('',#4838,#3970,#3971);
#3270=AXIS2_PLACEMENT_3D('',#4840,#3972,#3973);
#3271=AXIS2_PLACEMENT_3D('',#4841,#3974,#3975);
#3272=AXIS2_PLACEMENT_3D('',#4846,#3979,#3980);
#3273=AXIS2_PLACEMENT_3D('',#4853,#3985,#3986);
#3274=AXIS2_PLACEMENT_3D('',#4855,#3988,#3989);
#3275=AXIS2_PLACEMENT_3D('',#4858,#3991,#3992);
#3276=AXIS2_PLACEMENT_3D('',#4859,#3993,#3994);
#3277=AXIS2_PLACEMENT_3D('',#4861,#3996,#3997);
#3278=AXIS2_PLACEMENT_3D('',#4864,#3999,#4000);
#3279=AXIS2_PLACEMENT_3D('',#4865,#4001,#4002);
#3280=AXIS2_PLACEMENT_3D('',#4867,#4004,#4005);
#3281=AXIS2_PLACEMENT_3D('',#4868,#4006,#4007);
#3282=AXIS2_PLACEMENT_3D('',#4871,#4009,#4010);
#3283=AXIS2_PLACEMENT_3D('',#4873,#4011,#4012);
#3284=AXIS2_PLACEMENT_3D('',#4874,#4013,#4014);
#3285=AXIS2_PLACEMENT_3D('',#4877,#4016,#4017);
#3286=AXIS2_PLACEMENT_3D('',#4878,#4018,#4019);
#3287=AXIS2_PLACEMENT_3D('',#4880,#4021,#4022);
#3288=AXIS2_PLACEMENT_3D('',#4883,#4024,#4025);
#3289=AXIS2_PLACEMENT_3D('',#4884,#4026,#4027);
#3290=AXIS2_PLACEMENT_3D('',#4886,#4029,#4030);
#3291=AXIS2_PLACEMENT_3D('',#4888,#4032,#4033);
#3292=DIRECTION('axis',(0.,0.,1.));
#3293=DIRECTION('refdir',(1.,0.,0.));
#3294=DIRECTION('center_axis',(0.,-0.707106781186548,0.707106781186547));
#3295=DIRECTION('ref_axis',(1.,0.,0.));
#3296=DIRECTION('',(0.,-0.707106781186547,-0.707106781186548));
#3297=DIRECTION('',(1.,0.,0.));
#3298=DIRECTION('',(0.,0.707106781186547,0.707106781186548));
#3299=DIRECTION('',(-1.,0.,0.));
#3300=DIRECTION('center_axis',(0.,6.12323399573677E-17,1.));
#3301=DIRECTION('ref_axis',(-1.,0.,0.));
#3302=DIRECTION('',(0.,-1.,6.12323399573677E-17));
#3303=DIRECTION('',(-1.,0.,0.));
#3304=DIRECTION('',(0.,-1.,6.12323399573677E-17));
#3305=DIRECTION('center_axis',(0.,-6.12323399573677E-17,-1.));
#3306=DIRECTION('ref_axis',(1.,0.,0.));
#3307=DIRECTION('center_axis',(0.,-6.12323399573677E-17,-1.));
#3308=DIRECTION('ref_axis',(1.,0.,0.));
#3309=DIRECTION('center_axis',(-0.707106781186547,0.707106781186548,-2.5529958677785E-17));
#3310=DIRECTION('ref_axis',(-3.61048138089482E-17,0.,1.));
#3311=DIRECTION('',(-0.707106781186548,-0.707106781186547,-3.03811892952032E-17));
#3312=DIRECTION('',(0.,3.61048138089482E-17,1.));
#3313=DIRECTION('',(0.707106781186548,0.707106781186547,0.));
#3314=DIRECTION('',(0.,-3.61048138089482E-17,-1.));
#3315=DIRECTION('',(-0.678598344545847,-0.678598344545846,0.281084637714821));
#3316=DIRECTION('',(0.,3.61048138089482E-17,1.));
#3317=DIRECTION('',(0.707106781186548,0.707106781186547,0.));
#3318=DIRECTION('',(-0.631978643493059,-0.631978643493058,0.44855990495958));
#3319=DIRECTION('',(0.,3.61048138089482E-17,1.));
#3320=DIRECTION('',(0.631978643493058,0.631978643493058,-0.448559904959581));
#3321=DIRECTION('',(0.,3.61048138089482E-17,1.));
#3322=DIRECTION('',(-0.500939170673354,-0.500939170673354,-0.705776093793339));
#3323=DIRECTION('',(0.,3.61048138089482E-17,1.));
#3324=DIRECTION('',(0.500939170673354,0.500939170673354,0.705776093793339));
#3325=DIRECTION('center_axis',(-0.707106781186547,0.5,-0.5));
#3326=DIRECTION('ref_axis',(-0.577350269189626,0.,0.816496580927726));
#3327=DIRECTION('',(0.,-0.707106781186547,-0.707106781186548));
#3328=DIRECTION('',(-0.678598344545847,-0.281084637714821,0.678598344545847));
#3329=DIRECTION('',(0.,0.707106781186547,0.707106781186548));
#3330=DIRECTION('center_axis',(-0.707106781186547,2.44269552028762E-17,
-0.707106781186548));
#3331=DIRECTION('ref_axis',(-0.707106781186548,0.,0.707106781186547));
#3332=DIRECTION('',(-0.707106781186548,4.32978028117746E-17,0.707106781186547));
#3333=DIRECTION('',(0.,1.,3.45449313353875E-17));
#3334=DIRECTION('',(0.,-1.,-3.45449313353875E-17));
#3335=DIRECTION('',(-0.707106781186548,4.32978028117746E-17,0.707106781186547));
#3336=DIRECTION('',(0.,1.,3.45449313353875E-17));
#3337=DIRECTION('',(0.707106781186548,-7.36789921069779E-17,-0.707106781186547));
#3338=DIRECTION('',(-0.500939170673354,0.705776093793339,0.500939170673354));
#3339=DIRECTION('',(0.,1.,3.45449313353875E-17));
#3340=DIRECTION('',(0.500939170673354,-0.705776093793339,-0.500939170673354));
#3341=DIRECTION('',(0.,1.,3.45449313353875E-17));
#3342=DIRECTION('',(-0.631978643493059,-0.448559904959581,0.631978643493058));
#3343=DIRECTION('',(0.,1.,3.45449313353875E-17));
#3344=DIRECTION('',(0.631978643493059,0.44855990495958,-0.631978643493058));
#3345=DIRECTION('center_axis',(0.,0.707106781186548,-0.707106781186547));
#3346=DIRECTION('ref_axis',(0.,0.707106781186547,0.707106781186548));
#3347=DIRECTION('',(1.,0.,0.));
#3348=DIRECTION('',(0.,-0.707106781186547,-0.707106781186548));
#3349=DIRECTION('',(1.,0.,0.));
#3350=DIRECTION('center_axis',(0.,3.45449313353875E-17,-1.));
#3351=DIRECTION('ref_axis',(0.,1.,3.45449313353875E-17));
#3352=DIRECTION('',(-1.,0.,0.));
#3353=DIRECTION('',(-0.559192903470747,-0.829037572555042,-2.86390460183702E-17));
#3354=DIRECTION('',(0.81547125302931,0.578797577295212,1.99945225647517E-17));
#3355=DIRECTION('',(-0.815471253029309,-0.578797577295213,-1.99945225647518E-17));
#3356=DIRECTION('',(0.578797577295213,-0.81547125302931,-2.81703984418799E-17));
#3357=DIRECTION('',(-0.578797577295213,0.81547125302931,2.81703984418799E-17));
#3358=DIRECTION('',(-0.559192903470747,-0.829037572555042,-2.86390460183702E-17));
#3359=DIRECTION('',(1.,-4.29654899423007E-17,-1.48423989984806E-33));
#3360=DIRECTION('',(1.,0.,0.));
#3361=DIRECTION('',(0.,-1.,-3.45449313353875E-17));
#3362=DIRECTION('',(1.,4.29654899423007E-17,1.48423989984806E-33));
#3363=DIRECTION('',(-0.559192903470747,0.829037572555042,2.86390460183702E-17));
#3364=DIRECTION('',(-0.578797577295213,-0.81547125302931,-2.81703984418799E-17));
#3365=DIRECTION('',(0.,-1.,-3.45449313353875E-17));
#3366=DIRECTION('',(0.578797577295213,0.81547125302931,2.81703984418799E-17));
#3367=DIRECTION('',(-0.815471253029309,0.578797577295213,1.99945225647518E-17));
#3368=DIRECTION('',(0.,-1.,-3.45449313353875E-17));
#3369=DIRECTION('',(0.81547125302931,-0.578797577295212,-1.99945225647517E-17));
#3370=DIRECTION('',(-0.559192903470747,0.829037572555042,2.86390460183702E-17));
#3371=DIRECTION('',(-1.,0.,0.));
#3372=DIRECTION('',(0.,-1.,-3.45449313353875E-17));
#3373=DIRECTION('',(-0.559192903470747,0.829037572555041,2.86390460183702E-17));
#3374=DIRECTION('',(-1.,0.,0.));
#3375=DIRECTION('',(0.559192903470747,-0.829037572555042,-2.86390460183702E-17));
#3376=DIRECTION('',(1.,9.75216923931467E-16,3.36888016743203E-32));
#3377=DIRECTION('',(0.,1.,3.45449313353875E-17));
#3378=DIRECTION('',(-0.559192903470747,-0.829037572555041,-2.86390460183702E-17));
#3379=DIRECTION('',(0.,-1.,-3.45449313353875E-17));
#3380=DIRECTION('',(1.,-9.75216923931467E-16,-3.36888016743203E-32));
#3381=DIRECTION('',(0.559192903470747,0.829037572555042,2.86390460183702E-17));
#3382=DIRECTION('',(-1.,0.,0.));
#3383=DIRECTION('',(-1.,0.,0.));
#3384=DIRECTION('',(0.559192903470747,-0.829037572555041,-2.86390460183702E-17));
#3385=DIRECTION('',(0.559192903470747,0.829037572555041,2.86390460183702E-17));
#3386=DIRECTION('center_axis',(0.707106781186547,0.707106781186548,-2.5529958677785E-17));
#3387=DIRECTION('ref_axis',(-3.61048138089482E-17,0.,-1.));
#3388=DIRECTION('',(0.707106781186548,-0.707106781186547,0.));
#3389=DIRECTION('',(0.,-3.61048138089482E-17,-1.));
#3390=DIRECTION('',(-0.678598344545847,0.678598344545846,-0.281084637714821));
#3391=DIRECTION('',(0.,3.61048138089482E-17,1.));
#3392=DIRECTION('',(0.707106781186548,-0.707106781186547,0.));
#3393=DIRECTION('',(0.,-3.61048138089482E-17,-1.));
#3394=DIRECTION('',(-0.707106781186548,0.707106781186547,3.03811892952032E-17));
#3395=DIRECTION('',(0.500939170673354,-0.500939170673354,-0.705776093793339));
#3396=DIRECTION('',(0.,-3.61048138089482E-17,-1.));
#3397=DIRECTION('',(-0.500939170673354,0.500939170673354,0.705776093793339));
#3398=DIRECTION('',(0.,-3.61048138089482E-17,-1.));
#3399=DIRECTION('',(0.631978643493058,-0.631978643493058,0.448559904959581));
#3400=DIRECTION('',(0.,-3.61048138089482E-17,-1.));
#3401=DIRECTION('',(-0.631978643493059,0.631978643493058,-0.44855990495958));
#3402=DIRECTION('center_axis',(0.707106781186547,0.5,-0.5));
#3403=DIRECTION('ref_axis',(-0.577350269189626,0.,-0.816496580927726));
#3404=DIRECTION('',(0.,0.707106781186547,0.707106781186548));
#3405=DIRECTION('',(-0.678598344545847,0.281084637714821,-0.678598344545847));
#3406=DIRECTION('center_axis',(0.707106781186547,2.44269552028762E-17,-0.707106781186548));
#3407=DIRECTION('ref_axis',(-0.707106781186548,0.,-0.707106781186547));
#3408=DIRECTION('',(0.707106781186548,7.36789921069779E-17,0.707106781186547));
#3409=DIRECTION('',(-0.707106781186548,-4.32978028117746E-17,-0.707106781186547));
#3410=DIRECTION('',(0.,1.,3.45449313353875E-17));
#3411=DIRECTION('',(-0.707106781186548,-4.32978028117746E-17,-0.707106781186547));
#3412=DIRECTION('',(0.631978643493059,-0.44855990495958,0.631978643493058));
#3413=DIRECTION('',(-0.631978643493059,0.448559904959581,-0.631978643493058));
#3414=DIRECTION('',(0.,-1.,-3.45449313353875E-17));
#3415=DIRECTION('',(0.500939170673354,0.705776093793339,0.500939170673354));
#3416=DIRECTION('',(-0.500939170673354,-0.705776093793339,-0.500939170673354));
#3417=DIRECTION('center_axis',(0.,1.,-3.61048138089482E-17));
#3418=DIRECTION('ref_axis',(0.,3.61048138089482E-17,1.));
#3419=DIRECTION('',(-0.81547125302931,2.08973787613139E-17,0.578797577295212));
#3420=DIRECTION('',(0.559192903470747,-2.99322471977221E-17,-0.829037572555042));
#3421=DIRECTION('',(1.,0.,0.));
#3422=DIRECTION('',(1.,0.,0.));
#3423=DIRECTION('',(0.559192903470747,2.99322471977221E-17,0.829037572555042));
#3424=DIRECTION('',(-0.81547125302931,-2.08973787613139E-17,-0.578797577295212));
#3425=DIRECTION('',(0.815471253029309,2.08973787613139E-17,0.578797577295213));
#3426=DIRECTION('',(-0.578797577295213,2.94424377571729E-17,0.81547125302931));
#3427=DIRECTION('',(0.578797577295213,-2.94424377571729E-17,-0.81547125302931));
#3428=DIRECTION('',(0.559192903470747,2.99322471977221E-17,0.829037572555042));
#3429=DIRECTION('',(-1.,1.551261014577E-33,4.29654899423007E-17));
#3430=DIRECTION('',(1.,0.,0.));
#3431=DIRECTION('',(-1.,-1.551261014577E-33,-4.29654899423007E-17));
#3432=DIRECTION('',(0.559192903470747,-2.99322471977221E-17,-0.829037572555042));
#3433=DIRECTION('',(0.578797577295213,2.94424377571729E-17,0.81547125302931));
#3434=DIRECTION('',(-0.578797577295213,-2.94424377571729E-17,-0.81547125302931));
#3435=DIRECTION('',(0.815471253029309,-2.08973787613139E-17,-0.578797577295213));
#3436=DIRECTION('',(0.559192903470747,-2.99322471977221E-17,-0.829037572555041));
#3437=DIRECTION('',(1.,0.,0.));
#3438=DIRECTION('',(-0.559192903470747,2.99322471977221E-17,0.829037572555042));
#3439=DIRECTION('',(-1.,-3.52100254618808E-32,-9.75216923931467E-16));
#3440=DIRECTION('',(0.,-3.61048138089482E-17,-1.));
#3441=DIRECTION('',(1.,0.,0.));
#3442=DIRECTION('',(-0.559192903470747,2.99322471977221E-17,0.829037572555041));
#3443=DIRECTION('',(-0.559192903470747,-2.99322471977221E-17,-0.829037572555041));
#3444=DIRECTION('',(0.559192903470747,2.99322471977221E-17,0.829037572555041));
#3445=DIRECTION('',(0.,3.61048138089482E-17,1.));
#3446=DIRECTION('',(-1.,3.52100254618808E-32,9.75216923931467E-16));
#3447=DIRECTION('',(-0.559192903470747,-2.99322471977221E-17,-0.829037572555042));
#3448=DIRECTION('',(1.,0.,0.));
#3449=DIRECTION('center_axis',(-1.,0.,0.));
#3450=DIRECTION('ref_axis',(0.,-1.,0.));
#3451=DIRECTION('',(0.,-6.12323399573677E-17,-1.));
#3452=DIRECTION('',(0.,-1.,6.12323399573677E-17));
#3453=DIRECTION('',(0.,-0.707106781186547,-0.707106781186548));
#3454=DIRECTION('',(0.,0.,1.));
#3455=DIRECTION('',(0.,-1.,0.));
#3456=DIRECTION('center_axis',(4.29654899423007E-17,1.,-6.12323399573677E-17));
#3457=DIRECTION('ref_axis',(1.,-4.29654899423007E-17,4.18213850115882E-33));
#3458=DIRECTION('',(0.,-6.12323399573677E-17,-1.));
#3459=DIRECTION('',(-1.,4.29654899423007E-17,1.36262435575483E-32));
#3460=DIRECTION('',(0.,6.12323399573677E-17,1.));
#3461=DIRECTION('center_axis',(0.829037572555042,-0.559192903470747,3.42406899670682E-17));
#3462=DIRECTION('ref_axis',(-0.559192903470747,-0.829037572555042,8.06961576778433E-17));
#3463=DIRECTION('',(0.,-6.12323399573677E-17,-1.));
#3464=DIRECTION('',(0.559192903470747,0.829037572555042,2.6292421888274E-16));
#3465=DIRECTION('center_axis',(-0.81547125302931,-0.578797577295213,3.54411300194412E-17));
#3466=DIRECTION('ref_axis',(-0.578797577295213,0.81547125302931,-7.93756507481242E-17));
#3467=DIRECTION('',(0.578797577295213,-0.81547125302931,-2.58621743238091E-16));
#3468=DIRECTION('center_axis',(-0.829037572555041,0.559192903470747,-3.42406899670683E-17));
#3469=DIRECTION('ref_axis',(0.559192903470747,0.829037572555041,-8.06961576778433E-17));
#3470=DIRECTION('',(0.,-6.12323399573677E-17,-1.));
#3471=DIRECTION('',(-0.559192903470747,-0.829037572555041,-2.6292421888274E-16));
#3472=DIRECTION('',(0.,-6.12323399573677E-17,-1.));
#3473=DIRECTION('center_axis',(-0.578797577295212,0.81547125302931,-4.99332129909513E-17));
#3474=DIRECTION('ref_axis',(0.81547125302931,0.578797577295212,-5.63385087807552E-17));
#3475=DIRECTION('',(0.,-6.12323399573677E-17,-1.));
#3476=DIRECTION('',(-0.81547125302931,-0.578797577295212,-1.83562127869014E-16));
#3477=DIRECTION('',(0.,6.12323399573677E-17,1.));
#3478=DIRECTION('center_axis',(0.,-1.,6.12323399573677E-17));
#3479=DIRECTION('ref_axis',(-1.,0.,0.));
#3480=DIRECTION('',(1.,0.,0.));
#3481=DIRECTION('',(0.,-6.12323399573677E-17,-1.));
#3482=DIRECTION('center_axis',(0.829037572555042,-0.559192903470747,3.42406899670682E-17));
#3483=DIRECTION('ref_axis',(-0.559192903470747,-0.829037572555042,8.06961576778433E-17));
#3484=DIRECTION('',(0.559192903470747,0.829037572555042,2.6292421888274E-16));
#3485=DIRECTION('center_axis',(0.829037572555041,-0.559192903470747,3.42406899670683E-17));
#3486=DIRECTION('ref_axis',(-0.559192903470747,-0.829037572555041,8.06961576778433E-17));
#3487=DIRECTION('',(0.,-6.12323399573677E-17,-1.));
#3488=DIRECTION('',(0.559192903470747,0.829037572555041,2.6292421888274E-16));
#3489=DIRECTION('',(0.,-6.12323399573677E-17,-1.));
#3490=DIRECTION('center_axis',(0.,-1.,6.12323399573677E-17));
#3491=DIRECTION('ref_axis',(-1.,0.,0.));
#3492=DIRECTION('',(0.,-6.12323399573677E-17,-1.));
#3493=DIRECTION('',(1.,0.,0.));
#3494=DIRECTION('center_axis',(-0.829037572555042,0.559192903470747,-3.42406899670682E-17));
#3495=DIRECTION('ref_axis',(0.559192903470747,0.829037572555042,-8.06961576778433E-17));
#3496=DIRECTION('',(0.,-6.12323399573677E-17,-1.));
#3497=DIRECTION('',(-0.559192903470747,-0.829037572555042,-2.6292421888274E-16));
#3498=DIRECTION('center_axis',(9.75216923931467E-16,1.,-6.12323399573677E-17));
#3499=DIRECTION('ref_axis',(1.,-9.75216923931467E-16,9.49248396802307E-32));
#3500=DIRECTION('',(0.,-6.12323399573677E-17,-1.));
#3501=DIRECTION('',(-1.,9.75216923931467E-16,3.09284110219125E-31));
#3502=DIRECTION('center_axis',(1.,0.,0.));
#3503=DIRECTION('ref_axis',(0.,-1.,9.73371537663158E-17));
#3504=DIRECTION('',(0.,1.,3.1714391191273E-16));
#3505=DIRECTION('center_axis',(0.81547125302931,0.578797577295213,-3.54411300194412E-17));
#3506=DIRECTION('ref_axis',(0.578797577295213,-0.81547125302931,7.93756507481242E-17));
#3507=DIRECTION('',(0.,-6.12323399573677E-17,-1.));
#3508=DIRECTION('',(-0.578797577295213,0.81547125302931,2.58621743238091E-16));
#3509=DIRECTION('',(0.,6.12323399573677E-17,1.));
#3510=DIRECTION('center_axis',(-1.,0.,0.));
#3511=DIRECTION('ref_axis',(0.,1.,-9.73371537663158E-17));
#3512=DIRECTION('',(0.,-1.,-3.1714391191273E-16));
#3513=DIRECTION('',(0.,6.12323399573677E-17,1.));
#3514=DIRECTION('center_axis',(0.578797577295213,-0.81547125302931,4.99332129909513E-17));
#3515=DIRECTION('ref_axis',(-0.815471253029309,-0.578797577295213,5.63385087807552E-17));
#3516=DIRECTION('',(0.815471253029309,0.578797577295213,1.83562127869015E-16));
#3517=DIRECTION('center_axis',(0.,-3.1714391191273E-16,1.));
#3518=DIRECTION('ref_axis',(0.,-1.,-3.1714391191273E-16));
#3519=DIRECTION('',(0.,-1.,-3.1714391191273E-16));
#3520=DIRECTION('',(1.,0.,0.));
#3521=DIRECTION('',(0.,1.,3.1714391191273E-16));
#3522=DIRECTION('',(1.,0.,0.));
#3523=DIRECTION('',(-0.578797577295213,-0.81547125302931,-2.58621743238091E-16));
#3524=DIRECTION('',(0.,1.,3.1714391191273E-16));
#3525=DIRECTION('',(0.815471253029309,-0.578797577295213,-1.83562127869015E-16));
#3526=DIRECTION('',(0.559192903470747,-0.829037572555041,-2.6292421888274E-16));
#3527=DIRECTION('',(0.,-1.,-3.1714391191273E-16));
#3528=DIRECTION('',(-1.,-9.75216923931467E-16,-3.09284110219125E-31));
#3529=DIRECTION('',(-0.559192903470747,0.829037572555042,2.6292421888274E-16));
#3530=DIRECTION('',(1.,0.,0.));
#3531=DIRECTION('',(-0.81547125302931,0.578797577295212,1.83562127869014E-16));
#3532=DIRECTION('',(1.,0.,0.));
#3533=DIRECTION('',(0.559192903470747,-0.829037572555042,-2.6292421888274E-16));
#3534=DIRECTION('',(1.,0.,0.));
#3535=DIRECTION('',(-0.559192903470747,0.829037572555041,2.6292421888274E-16));
#3536=DIRECTION('',(-1.,-4.29654899423007E-17,-1.36262435575483E-32));
#3537=DIRECTION('',(0.578797577295213,0.81547125302931,2.58621743238091E-16));
#3538=DIRECTION('',(0.559192903470747,-0.829037572555042,-2.6292421888274E-16));
#3539=DIRECTION('center_axis',(0.,0.707106781186548,-0.707106781186548));
#3540=DIRECTION('ref_axis',(0.,0.707106781186548,0.707106781186548));
#3541=DIRECTION('',(0.,0.707106781186547,0.707106781186547));
#3542=DIRECTION('',(-1.,0.,-2.14881875733901E-16));
#3543=DIRECTION('',(0.,0.707106781186548,0.707106781186548));
#3544=DIRECTION('',(-1.,0.,0.));
#3545=DIRECTION('center_axis',(0.81547125302931,0.,-0.578797577295213));
#3546=DIRECTION('ref_axis',(0.578797577295213,2.94424377571729E-17,0.81547125302931));
#3547=DIRECTION('',(0.578797577295213,-4.3146025183525E-16,0.81547125302931));
#3548=DIRECTION('',(0.,-1.,0.));
#3549=DIRECTION('',(0.,-1.,0.));
#3550=DIRECTION('center_axis',(-1.,0.,0.));
#3551=DIRECTION('ref_axis',(0.,-3.61048138089482E-17,-1.));
#3552=DIRECTION('',(0.,5.29093147345737E-16,-1.));
#3553=DIRECTION('',(0.,-1.,0.));
#3554=DIRECTION('center_axis',(0.578797577295213,0.,0.81547125302931));
#3555=DIRECTION('ref_axis',(-0.815471253029309,2.08973787613139E-17,0.578797577295213));
#3556=DIRECTION('',(-0.815471253029309,-3.06237831847212E-16,0.578797577295213));
#3557=DIRECTION('center_axis',(0.829037572555041,0.,0.559192903470747));
#3558=DIRECTION('ref_axis',(-0.559192903470747,2.99322471977221E-17,0.829037572555041));
#3559=DIRECTION('',(-0.559192903470747,-4.38638098531017E-16,0.829037572555041));
#3560=DIRECTION('',(0.,-1.,0.));
#3561=DIRECTION('',(0.,-1.,0.));
#3562=DIRECTION('center_axis',(0.,0.,1.));
#3563=DIRECTION('ref_axis',(-1.,0.,0.));
#3564=DIRECTION('',(-1.,0.,0.));
#3565=DIRECTION('',(0.,-1.,0.));
#3566=DIRECTION('center_axis',(-0.829037572555042,0.,-0.559192903470747));
#3567=DIRECTION('ref_axis',(0.559192903470747,-2.99322471977222E-17,-0.829037572555042));
#3568=DIRECTION('',(0.559192903470747,4.38638098531017E-16,-0.829037572555042));
#3569=DIRECTION('',(0.,-1.,0.));
#3570=DIRECTION('center_axis',(9.75216923931467E-16,0.,-1.));
#3571=DIRECTION('ref_axis',(1.,3.52100254618808E-32,9.75216923931467E-16));
#3572=DIRECTION('',(1.,-5.15980591627728E-31,9.75216923931467E-16));
#3573=DIRECTION('',(0.,-1.,0.));
#3574=DIRECTION('center_axis',(1.,0.,0.));
#3575=DIRECTION('ref_axis',(0.,3.61048138089482E-17,1.));
#3576=DIRECTION('',(0.,-5.29093147345737E-16,1.));
#3577=DIRECTION('center_axis',(-0.578797577295212,0.,-0.81547125302931));
#3578=DIRECTION('ref_axis',(0.81547125302931,-2.08973787613139E-17,-0.578797577295212));
#3579=DIRECTION('',(0.81547125302931,3.06237831847212E-16,-0.578797577295212));
#3580=DIRECTION('',(0.,-1.,0.));
#3581=DIRECTION('',(0.,-1.,0.));
#3582=DIRECTION('center_axis',(0.,0.,1.));
#3583=DIRECTION('ref_axis',(-1.,0.,0.));
#3584=DIRECTION('',(-1.,0.,0.));
#3585=DIRECTION('',(0.,-1.,0.));
#3586=DIRECTION('center_axis',(0.829037572555042,0.,0.559192903470747));
#3587=DIRECTION('ref_axis',(-0.559192903470747,2.99322471977221E-17,0.829037572555042));
#3588=DIRECTION('',(-0.559192903470747,-4.38638098531017E-16,0.829037572555042));
#3589=DIRECTION('center_axis',(-0.829037572555041,0.,-0.559192903470747));
#3590=DIRECTION('ref_axis',(0.559192903470747,-2.99322471977221E-17,-0.829037572555041));
#3591=DIRECTION('',(0.559192903470747,4.38638098531017E-16,-0.829037572555041));
#3592=DIRECTION('',(0.,-1.,0.));
#3593=DIRECTION('',(0.,-1.,0.));
#3594=DIRECTION('center_axis',(4.29654899423007E-17,0.,-1.));
#3595=DIRECTION('ref_axis',(1.,1.551261014577E-33,4.29654899423007E-17));
#3596=DIRECTION('',(1.,-2.27327463008235E-32,4.29654899423007E-17));
#3597=DIRECTION('',(0.,-1.,0.));
#3598=DIRECTION('',(0.,-1.,0.));
#3599=DIRECTION('center_axis',(0.829037572555042,0.,0.559192903470747));
#3600=DIRECTION('ref_axis',(-0.559192903470747,2.99322471977221E-17,0.829037572555042));
#3601=DIRECTION('',(-0.559192903470747,-4.38638098531017E-16,0.829037572555042));
#3602=DIRECTION('',(0.,-1.,0.));
#3603=DIRECTION('center_axis',(-0.81547125302931,0.,0.578797577295213));
#3604=DIRECTION('ref_axis',(-0.578797577295213,-2.94424377571729E-17,-0.81547125302931));
#3605=DIRECTION('',(-0.578797577295213,4.3146025183525E-16,-0.81547125302931));
#3606=DIRECTION('center_axis',(4.29654899423007E-17,-1.,6.12323399573677E-17));
#3607=DIRECTION('ref_axis',(-1.,-4.29654899423007E-17,4.18213850115882E-33));
#3608=DIRECTION('',(0.,-6.12323399573677E-17,-1.));
#3609=DIRECTION('',(0.,-6.12323399573677E-17,-1.));
#3610=DIRECTION('center_axis',(0.829037572555042,0.559192903470747,-3.42406899670682E-17));
#3611=DIRECTION('ref_axis',(0.559192903470747,-0.829037572555042,8.06961576778433E-17));
#3612=DIRECTION('',(0.,-6.12323399573677E-17,-1.));
#3613=DIRECTION('center_axis',(-0.81547125302931,0.578797577295213,-3.54411300194412E-17));
#3614=DIRECTION('ref_axis',(0.578797577295213,0.81547125302931,-7.93756507481242E-17));
#3615=DIRECTION('center_axis',(0.,1.,-6.12323399573677E-17));
#3616=DIRECTION('ref_axis',(1.,0.,0.));
#3617=DIRECTION('',(0.,-6.12323399573677E-17,-1.));
#3618=DIRECTION('center_axis',(-0.829037572555041,-0.559192903470747,3.42406899670683E-17));
#3619=DIRECTION('ref_axis',(-0.559192903470747,0.829037572555041,-8.06961576778433E-17));
#3620=DIRECTION('center_axis',(-0.578797577295212,-0.81547125302931,4.99332129909513E-17));
#3621=DIRECTION('ref_axis',(-0.81547125302931,0.578797577295212,-5.63385087807552E-17));
#3622=DIRECTION('',(0.,-6.12323399573677E-17,-1.));
#3623=DIRECTION('',(0.,-6.12323399573677E-17,-1.));
#3624=DIRECTION('center_axis',(0.,1.,-6.12323399573677E-17));
#3625=DIRECTION('ref_axis',(1.,0.,0.));
#3626=DIRECTION('',(0.,-6.12323399573677E-17,-1.));
#3627=DIRECTION('center_axis',(0.829037572555042,0.559192903470747,-3.42406899670682E-17));
#3628=DIRECTION('ref_axis',(0.559192903470747,-0.829037572555042,8.06961576778433E-17));
#3629=DIRECTION('center_axis',(0.829037572555041,0.559192903470747,-3.42406899670683E-17));
#3630=DIRECTION('ref_axis',(0.559192903470747,-0.829037572555041,8.06961576778433E-17));
#3631=DIRECTION('',(0.,-6.12323399573677E-17,-1.));
#3632=DIRECTION('',(0.,-6.12323399573677E-17,-1.));
#3633=DIRECTION('center_axis',(0.,1.,-6.12323399573677E-17));
#3634=DIRECTION('ref_axis',(1.,0.,0.));
#3635=DIRECTION('',(0.,-6.12323399573677E-17,-1.));
#3636=DIRECTION('center_axis',(-0.829037572555042,-0.559192903470747,3.42406899670682E-17));
#3637=DIRECTION('ref_axis',(-0.559192903470747,0.829037572555042,-8.06961576778433E-17));
#3638=DIRECTION('',(0.,-6.12323399573677E-17,-1.));
#3639=DIRECTION('center_axis',(9.75216923931467E-16,-1.,6.12323399573677E-17));
#3640=DIRECTION('ref_axis',(-1.,-9.75216923931467E-16,9.49248396802307E-32));
#3641=DIRECTION('',(0.,-6.12323399573677E-17,-1.));
#3642=DIRECTION('center_axis',(1.,0.,0.));
#3643=DIRECTION('ref_axis',(0.,-1.,9.73371537663158E-17));
#3644=DIRECTION('center_axis',(0.81547125302931,-0.578797577295213,3.54411300194412E-17));
#3645=DIRECTION('ref_axis',(-0.578797577295213,-0.81547125302931,7.93756507481242E-17));
#3646=DIRECTION('',(0.,-6.12323399573677E-17,-1.));
#3647=DIRECTION('',(0.,-6.12323399573677E-17,-1.));
#3648=DIRECTION('center_axis',(-1.,0.,0.));
#3649=DIRECTION('ref_axis',(0.,1.,-9.73371537663158E-17));
#3650=DIRECTION('',(0.,-6.12323399573677E-17,-1.));
#3651=DIRECTION('center_axis',(0.578797577295213,0.81547125302931,-4.99332129909513E-17));
#3652=DIRECTION('ref_axis',(0.815471253029309,-0.578797577295213,5.63385087807552E-17));
#3653=DIRECTION('center_axis',(4.29654899423007E-17,0.,1.));
#3654=DIRECTION('ref_axis',(-1.,1.551261014577E-33,4.29654899423007E-17));
#3655=DIRECTION('',(1.,2.27327463008235E-32,-4.29654899423007E-17));
#3656=DIRECTION('',(0.,-1.,0.));
#3657=DIRECTION('',(0.,-1.,0.));
#3658=DIRECTION('center_axis',(0.829037572555042,0.,-0.559192903470747));
#3659=DIRECTION('ref_axis',(0.559192903470747,2.99322471977221E-17,0.829037572555042));
#3660=DIRECTION('',(-0.559192903470747,4.38638098531017E-16,-0.829037572555042));
#3661=DIRECTION('',(0.,-1.,0.));
#3662=DIRECTION('center_axis',(-0.81547125302931,0.,-0.578797577295213));
#3663=DIRECTION('ref_axis',(0.578797577295213,-2.94424377571729E-17,-0.81547125302931));
#3664=DIRECTION('',(-0.578797577295213,-4.3146025183525E-16,0.81547125302931));
#3665=DIRECTION('center_axis',(0.,0.,-1.));
#3666=DIRECTION('ref_axis',(1.,0.,0.));
#3667=DIRECTION('',(-1.,0.,0.));
#3668=DIRECTION('',(0.,-1.,0.));
#3669=DIRECTION('center_axis',(-0.829037572555041,0.,0.559192903470747));
#3670=DIRECTION('ref_axis',(-0.559192903470747,-2.99322471977221E-17,-0.829037572555041));
#3671=DIRECTION('',(0.559192903470747,-4.38638098531017E-16,0.829037572555041));
#3672=DIRECTION('center_axis',(-0.578797577295212,0.,0.81547125302931));
#3673=DIRECTION('ref_axis',(-0.81547125302931,-2.08973787613139E-17,-0.578797577295212));
#3674=DIRECTION('',(0.81547125302931,-3.06237831847212E-16,0.578797577295212));
#3675=DIRECTION('',(0.,-1.,0.));
#3676=DIRECTION('',(0.,-1.,0.));
#3677=DIRECTION('center_axis',(0.,0.,-1.));
#3678=DIRECTION('ref_axis',(1.,0.,0.));
#3679=DIRECTION('',(-1.,0.,0.));
#3680=DIRECTION('',(0.,-1.,0.));
#3681=DIRECTION('center_axis',(0.829037572555042,0.,-0.559192903470747));
#3682=DIRECTION('ref_axis',(0.559192903470747,2.99322471977221E-17,0.829037572555042));
#3683=DIRECTION('',(-0.559192903470747,4.38638098531017E-16,-0.829037572555042));
#3684=DIRECTION('center_axis',(0.829037572555041,0.,-0.559192903470747));
#3685=DIRECTION('ref_axis',(0.559192903470747,2.99322471977221E-17,0.829037572555041));
#3686=DIRECTION('',(-0.559192903470747,4.38638098531017E-16,-0.829037572555041));
#3687=DIRECTION('',(0.,-1.,0.));
#3688=DIRECTION('',(0.,-1.,0.));
#3689=DIRECTION('center_axis',(0.,0.,-1.));
#3690=DIRECTION('ref_axis',(1.,0.,0.));
#3691=DIRECTION('',(-1.,0.,0.));
#3692=DIRECTION('',(0.,-1.,0.));
#3693=DIRECTION('center_axis',(-0.829037572555042,0.,0.559192903470747));
#3694=DIRECTION('ref_axis',(-0.559192903470747,-2.99322471977222E-17,-0.829037572555042));
#3695=DIRECTION('',(0.559192903470747,-4.38638098531017E-16,0.829037572555042));
#3696=DIRECTION('',(0.,-1.,0.));
#3697=DIRECTION('center_axis',(9.75216923931467E-16,0.,1.));
#3698=DIRECTION('ref_axis',(-1.,3.52100254618808E-32,9.75216923931467E-16));
#3699=DIRECTION('',(1.,5.15980591627728E-31,-9.75216923931467E-16));
#3700=DIRECTION('',(0.,-1.,0.));
#3701=DIRECTION('center_axis',(1.,0.,0.));
#3702=DIRECTION('ref_axis',(0.,3.61048138089482E-17,1.));
#3703=DIRECTION('',(0.,5.29093147345737E-16,-1.));
#3704=DIRECTION('center_axis',(0.81547125302931,0.,0.578797577295213));
#3705=DIRECTION('ref_axis',(-0.578797577295213,2.94424377571729E-17,0.81547125302931));
#3706=DIRECTION('',(0.578797577295213,4.3146025183525E-16,-0.81547125302931));
#3707=DIRECTION('',(0.,-1.,0.));
#3708=DIRECTION('',(0.,-1.,0.));
#3709=DIRECTION('center_axis',(-1.,0.,0.));
#3710=DIRECTION('ref_axis',(0.,-3.61048138089482E-17,-1.));
#3711=DIRECTION('',(0.,-5.29093147345737E-16,1.));
#3712=DIRECTION('',(0.,-1.,0.));
#3713=DIRECTION('center_axis',(0.578797577295213,0.,-0.81547125302931));
#3714=DIRECTION('ref_axis',(0.815471253029309,2.08973787613139E-17,0.578797577295213));
#3715=DIRECTION('',(-0.815471253029309,3.06237831847212E-16,-0.578797577295213));
#3716=DIRECTION('center_axis',(0.,-0.707106781186548,0.707106781186548));
#3717=DIRECTION('ref_axis',(0.,-0.707106781186548,-0.707106781186548));
#3718=DIRECTION('',(0.,-0.707106781186548,-0.707106781186548));
#3719=DIRECTION('',(1.,0.,0.));
#3720=DIRECTION('',(0.,0.707106781186548,0.707106781186548));
#3721=DIRECTION('center_axis',(0.,-1.,-5.29093147345737E-16));
#3722=DIRECTION('ref_axis',(0.,5.29093147345737E-16,-1.));
#3723=DIRECTION('',(0.,5.29093147345737E-16,-1.));
#3724=DIRECTION('',(1.,0.,0.));
#3725=DIRECTION('',(0.,-5.29093147345737E-16,1.));
#3726=DIRECTION('center_axis',(-1.,0.,0.));
#3727=DIRECTION('ref_axis',(0.,-1.,0.));
#3728=DIRECTION('',(0.,-1.,0.));
#3729=DIRECTION('',(0.,0.,1.));
#3730=DIRECTION('',(0.,0.707106781186547,0.707106781186548));
#3731=DIRECTION('',(0.,-1.,6.12323399573677E-17));
#3732=DIRECTION('',(0.,-6.12323399573677E-17,-1.));
#3733=DIRECTION('center_axis',(0.,-0.707106781186548,0.707106781186547));
#3734=DIRECTION('ref_axis',(1.,0.,0.));
#3735=DIRECTION('',(-1.,0.,0.));
#3736=DIRECTION('',(0.,-0.707106781186547,-0.707106781186548));
#3737=DIRECTION('',(1.,0.,0.));
#3738=DIRECTION('center_axis',(0.,1.,0.));
#3739=DIRECTION('ref_axis',(-1.,0.,0.));
#3740=DIRECTION('',(-1.,0.,0.));
#3741=DIRECTION('',(0.,0.,1.));
#3742=DIRECTION('center_axis',(0.,-1.,0.));
#3743=DIRECTION('ref_axis',(-1.,0.,0.));
#3744=DIRECTION('center_axis',(0.,-1.,0.));
#3745=DIRECTION('ref_axis',(-1.,0.,0.));
#3746=DIRECTION('center_axis',(0.,-0.707106781186548,0.707106781186548));
#3747=DIRECTION('ref_axis',(0.,0.707106781186548,0.707106781186548));
#3748=DIRECTION('',(0.,0.707106781186547,0.707106781186547));
#3749=DIRECTION('',(1.,0.,0.));
#3750=DIRECTION('',(0.,0.707106781186548,0.707106781186548));
#3751=DIRECTION('',(1.,0.,-2.14881875733901E-16));
#3752=DIRECTION('center_axis',(0.939692620785908,-0.241844762647975,0.241844762647975));
#3753=DIRECTION('ref_axis',(2.97044519210444E-16,-0.707106781186548,-0.707106781186548));
#3754=DIRECTION('',(-2.97044519210444E-16,0.707106781186548,0.707106781186548));
#3755=DIRECTION('',(0.323615577118185,0.85753813999574,-0.399876601840007));
#3756=DIRECTION('',(-3.24905532956694E-16,0.707106781186547,0.707106781186548));
#3757=DIRECTION('',(0.323615577118185,0.399876601840007,-0.85753813999574));
#3758=DIRECTION('center_axis',(1.72618734034178E-16,-0.90630778703665,-0.4226182617407));
#3759=DIRECTION('ref_axis',(-1.,-1.29893408435324E-16,-1.29893408435324E-16));
#3760=DIRECTION('',(1.,1.29893408435324E-16,1.29893408435324E-16));
#3761=DIRECTION('',(1.,0.,0.));
#3762=DIRECTION('',(-0.323615577118184,0.399876601840007,-0.85753813999574));
#3763=DIRECTION('center_axis',(-0.939692620785909,-0.241844762647975,0.241844762647975));
#3764=DIRECTION('ref_axis',(-8.48698626315554E-17,0.707106781186548,0.707106781186548));
#3765=DIRECTION('',(8.48698626315554E-17,-0.707106781186548,-0.707106781186548));
#3766=DIRECTION('',(5.90737332648534E-17,-0.707106781186547,-0.707106781186548));
#3767=DIRECTION('',(-0.323615577118184,0.85753813999574,-0.399876601840007));
#3768=DIRECTION('center_axis',(0.,0.422618261740699,0.90630778703665));
#3769=DIRECTION('ref_axis',(1.,0.,0.));
#3770=DIRECTION('',(-1.,0.,0.));
#3771=DIRECTION('',(-1.,0.,0.));
#3772=DIRECTION('center_axis',(0.,-0.707106781186548,0.707106781186547));
#3773=DIRECTION('ref_axis',(1.,0.,0.));
#3774=DIRECTION('center_axis',(0.,0.707106781186548,-0.707106781186547));
#3775=DIRECTION('ref_axis',(0.,0.707106781186547,0.707106781186548));
#3776=DIRECTION('',(-1.,0.,0.));
#3777=DIRECTION('',(0.,0.707106781186547,0.707106781186548));
#3778=DIRECTION('',(1.,0.,0.));
#3779=DIRECTION('center_axis',(0.,0.707106781186548,-0.707106781186547));
#3780=DIRECTION('ref_axis',(0.,0.707106781186547,0.707106781186548));
#3781=DIRECTION('',(1.,0.,0.));
#3782=DIRECTION('',(-1.,0.,0.));
#3783=DIRECTION('center_axis',(0.,0.707106781186548,-0.707106781186548));
#3784=DIRECTION('ref_axis',(0.,0.707106781186548,0.707106781186548));
#3785=DIRECTION('',(1.,0.,0.));
#3786=DIRECTION('',(0.,0.707106781186548,0.707106781186548));
#3787=DIRECTION('',(-1.,2.14881875733901E-16,2.14881875733901E-16));
#3788=DIRECTION('',(0.,-0.707106781186548,-0.707106781186548));
#3789=DIRECTION('center_axis',(0.,-1.,0.));
#3790=DIRECTION('ref_axis',(1.,0.,0.));
#3791=DIRECTION('',(0.,0.,1.));
#3792=DIRECTION('',(1.,0.,0.));
#3793=DIRECTION('center_axis',(0.,1.,0.));
#3794=DIRECTION('ref_axis',(-1.,0.,0.));
#3795=DIRECTION('center_axis',(0.,1.,0.));
#3796=DIRECTION('ref_axis',(-1.,0.,0.));
#3797=DIRECTION('center_axis',(0.,-6.12323399573677E-17,-1.));
#3798=DIRECTION('ref_axis',(1.,0.,0.));
#3799=DIRECTION('',(0.,-1.,6.12323399573677E-17));
#3800=DIRECTION('',(1.,0.,0.));
#3801=DIRECTION('',(0.,-1.,6.12323399573677E-17));
#3802=DIRECTION('center_axis',(0.,6.12323399573677E-17,1.));
#3803=DIRECTION('ref_axis',(-1.,0.,0.));
#3804=DIRECTION('center_axis',(0.,6.12323399573677E-17,1.));
#3805=DIRECTION('ref_axis',(-1.,0.,0.));
#3806=DIRECTION('center_axis',(1.,0.,0.));
#3807=DIRECTION('ref_axis',(0.,1.,0.));
#3808=DIRECTION('',(0.,6.12323399573677E-17,1.));
#3809=DIRECTION('',(0.,-1.,6.12323399573677E-17));
#3810=DIRECTION('',(0.,0.,1.));
#3811=DIRECTION('',(0.,1.,0.));
#3812=DIRECTION('',(0.,0.,1.));
#3813=DIRECTION('center_axis',(0.,6.12323399573677E-17,1.));
#3814=DIRECTION('ref_axis',(-1.,0.,0.));
#3815=DIRECTION('',(0.,-1.,6.12323399573677E-17));
#3816=DIRECTION('',(-1.,0.,0.));
#3817=DIRECTION('center_axis',(0.,-6.12323399573677E-17,-1.));
#3818=DIRECTION('ref_axis',(-1.,0.,0.));
#3819=DIRECTION('center_axis',(0.,-6.12323399573677E-17,-1.));
#3820=DIRECTION('ref_axis',(-1.,0.,0.));
#3821=DIRECTION('center_axis',(2.14881875733901E-16,1.,0.));
#3822=DIRECTION('ref_axis',(-1.,2.14881875733901E-16,0.));
#3823=DIRECTION('',(-1.,2.14881875733901E-16,0.));
#3824=DIRECTION('',(0.,0.,1.));
#3825=DIRECTION('center_axis',(-2.14881875733901E-16,-1.,0.));
#3826=DIRECTION('ref_axis',(-1.,0.,0.));
#3827=DIRECTION('center_axis',(-2.14881875733901E-16,-1.,0.));
#3828=DIRECTION('ref_axis',(-1.,0.,0.));
#3829=DIRECTION('center_axis',(1.,0.,0.));
#3830=DIRECTION('ref_axis',(0.,1.,0.));
#3831=DIRECTION('',(0.,6.12323399573677E-17,1.));
#3832=DIRECTION('',(0.,-1.,6.12323399573677E-17));
#3833=DIRECTION('',(0.,1.,0.));
#3834=DIRECTION('center_axis',(-1.,0.,0.));
#3835=DIRECTION('ref_axis',(0.,-1.,0.));
#3836=DIRECTION('',(0.,-1.,0.));
#3837=DIRECTION('',(0.,0.,1.));
#3838=DIRECTION('',(0.,-1.,6.12323399573677E-17));
#3839=DIRECTION('',(0.,-6.12323399573677E-17,-1.));
#3840=DIRECTION('center_axis',(0.,6.12323399573677E-17,1.));
#3841=DIRECTION('ref_axis',(-1.,0.,0.));
#3842=DIRECTION('',(0.,-6.12323399573677E-17,-1.));
#3843=DIRECTION('center_axis',(0.,6.12323399573677E-17,1.));
#3844=DIRECTION('ref_axis',(-1.,0.,0.));
#3845=DIRECTION('center_axis',(0.,6.12323399573677E-17,1.));
#3846=DIRECTION('ref_axis',(-1.,0.,0.));
#3847=DIRECTION('',(0.,-6.12323399573677E-17,-1.));
#3848=DIRECTION('center_axis',(-2.14881875733901E-16,-6.12323399573677E-17,
-1.));
#3849=DIRECTION('ref_axis',(-1.,0.,0.));
#3850=DIRECTION('center_axis',(0.,6.12323399573677E-17,1.));
#3851=DIRECTION('ref_axis',(-1.,0.,0.));
#3852=DIRECTION('',(0.,-6.12323399573677E-17,-1.));
#3853=DIRECTION('center_axis',(0.,6.12323399573677E-17,1.));
#3854=DIRECTION('ref_axis',(-1.,0.,0.));
#3855=DIRECTION('center_axis',(0.,6.12323399573677E-17,1.));
#3856=DIRECTION('ref_axis',(-1.,0.,0.));
#3857=DIRECTION('',(0.,-6.12323399573677E-17,-1.));
#3858=DIRECTION('center_axis',(-2.14881875733901E-16,-6.12323399573677E-17,
-1.));
#3859=DIRECTION('ref_axis',(-1.,0.,0.));
#3860=DIRECTION('center_axis',(0.,-6.12323399573677E-17,-1.));
#3861=DIRECTION('ref_axis',(1.,0.,0.));
#3862=DIRECTION('',(1.,0.,0.));
#3863=DIRECTION('center_axis',(2.14881875733901E-16,6.12323399573677E-17,
1.));
#3864=DIRECTION('ref_axis',(-1.,1.31577200656151E-32,2.14881875733901E-16));
#3865=DIRECTION('',(-1.,1.31577200656151E-32,2.14881875733901E-16));
#3866=DIRECTION('center_axis',(0.,-1.,0.));
#3867=DIRECTION('ref_axis',(1.,0.,0.));
#3868=DIRECTION('',(1.,0.,0.));
#3869=DIRECTION('center_axis',(0.,1.,0.));
#3870=DIRECTION('ref_axis',(-1.,0.,0.));
#3871=DIRECTION('center_axis',(0.,1.,0.));
#3872=DIRECTION('ref_axis',(-1.,0.,0.));
#3873=DIRECTION('center_axis',(0.,1.,0.));
#3874=DIRECTION('ref_axis',(-1.,0.,0.));
#3875=DIRECTION('',(0.,-1.,0.));
#3876=DIRECTION('center_axis',(0.,1.,0.));
#3877=DIRECTION('ref_axis',(-1.,0.,0.));
#3878=DIRECTION('',(0.,-1.,0.));
#3879=DIRECTION('center_axis',(0.,1.,0.));
#3880=DIRECTION('ref_axis',(-1.,0.,0.));
#3881=DIRECTION('',(0.,-1.,0.));
#3882=DIRECTION('center_axis',(0.,1.,0.));
#3883=DIRECTION('ref_axis',(-1.,0.,0.));
#3884=DIRECTION('',(0.,-1.,0.));
#3885=DIRECTION('center_axis',(-1.,0.,0.));
#3886=DIRECTION('ref_axis',(0.,-1.,0.));
#3887=DIRECTION('',(0.,-6.12323399573677E-17,-1.));
#3888=DIRECTION('',(0.,0.,1.));
#3889=DIRECTION('',(0.,-1.,0.));
#3890=DIRECTION('center_axis',(-1.,0.,0.));
#3891=DIRECTION('ref_axis',(0.,-1.,0.));
#3892=DIRECTION('',(0.,-1.,0.));
#3893=DIRECTION('',(0.,0.,1.));
#3894=DIRECTION('',(0.,-0.707106781186547,-0.707106781186548));
#3895=DIRECTION('',(0.,-1.,6.12323399573677E-17));
#3896=DIRECTION('',(0.,-6.12323399573677E-17,-1.));
#3897=DIRECTION('center_axis',(0.939692620785908,0.241844762647975,-0.241844762647975));
#3898=DIRECTION('ref_axis',(-2.97044519210444E-16,-0.707106781186548,-0.707106781186548));
#3899=DIRECTION('',(2.97044519210444E-16,0.707106781186548,0.707106781186548));
#3900=DIRECTION('',(-0.323615577118185,0.399876601840007,-0.85753813999574));
#3901=DIRECTION('',(3.24905532956694E-16,0.707106781186547,0.707106781186548));
#3902=DIRECTION('',(-0.323615577118185,0.85753813999574,-0.399876601840007));
#3903=DIRECTION('center_axis',(1.72618734034178E-16,0.90630778703665,0.4226182617407));
#3904=DIRECTION('ref_axis',(1.,-1.29893408435324E-16,-1.29893408435324E-16));
#3905=DIRECTION('',(-1.,1.29893408435324E-16,1.29893408435324E-16));
#3906=DIRECTION('',(0.323615577118184,0.399876601840007,-0.85753813999574));
#3907=DIRECTION('',(-1.,0.,0.));
#3908=DIRECTION('center_axis',(-0.939692620785909,0.241844762647975,-0.241844762647975));
#3909=DIRECTION('ref_axis',(8.48698626315554E-17,0.707106781186548,0.707106781186548));
#3910=DIRECTION('',(-8.48698626315554E-17,-0.707106781186548,-0.707106781186548));
#3911=DIRECTION('',(0.323615577118184,0.85753813999574,-0.399876601840007));
#3912=DIRECTION('',(-5.90737332648534E-17,-0.707106781186547,-0.707106781186548));
#3913=DIRECTION('center_axis',(0.,-0.422618261740699,-0.90630778703665));
#3914=DIRECTION('ref_axis',(-1.,0.,0.));
#3915=DIRECTION('',(1.,0.,0.));
#3916=DIRECTION('',(1.,0.,0.));
#3917=DIRECTION('center_axis',(0.,0.707106781186548,-0.707106781186547));
#3918=DIRECTION('ref_axis',(-1.,0.,0.));
#3919=DIRECTION('center_axis',(0.,-0.707106781186548,0.707106781186547));
#3920=DIRECTION('ref_axis',(0.,0.707106781186547,0.707106781186548));
#3921=DIRECTION('',(-1.,0.,0.));
#3922=DIRECTION('',(0.,0.707106781186547,0.707106781186548));
#3923=DIRECTION('',(1.,0.,0.));
#3924=DIRECTION('center_axis',(0.,-0.707106781186548,0.707106781186547));
#3925=DIRECTION('ref_axis',(0.,0.707106781186547,0.707106781186548));
#3926=DIRECTION('',(1.,0.,0.));
#3927=DIRECTION('',(-1.,0.,0.));
#3928=DIRECTION('center_axis',(0.,-0.707106781186548,0.707106781186548));
#3929=DIRECTION('ref_axis',(0.,0.707106781186548,0.707106781186548));
#3930=DIRECTION('',(-1.,0.,0.));
#3931=DIRECTION('',(0.,-0.707106781186548,-0.707106781186548));
#3932=DIRECTION('',(1.,2.14881875733901E-16,2.14881875733901E-16));
#3933=DIRECTION('',(0.,0.707106781186548,0.707106781186548));
#3934=DIRECTION('center_axis',(0.,1.,0.));
#3935=DIRECTION('ref_axis',(-1.,0.,0.));
#3936=DIRECTION('',(0.,0.,1.));
#3937=DIRECTION('',(-1.,0.,0.));
#3938=DIRECTION('center_axis',(0.,-1.,0.));
#3939=DIRECTION('ref_axis',(1.,0.,0.));
#3940=DIRECTION('center_axis',(0.,-1.,0.));
#3941=DIRECTION('ref_axis',(1.,0.,0.));
#3942=DIRECTION('center_axis',(0.,6.12323399573677E-17,1.));
#3943=DIRECTION('ref_axis',(-1.,0.,0.));
#3944=DIRECTION('',(0.,-1.,6.12323399573677E-17));
#3945=DIRECTION('',(-1.,0.,0.));
#3946=DIRECTION('',(0.,-1.,6.12323399573677E-17));
#3947=DIRECTION('center_axis',(0.,-6.12323399573677E-17,-1.));
#3948=DIRECTION('ref_axis',(1.,0.,0.));
#3949=DIRECTION('center_axis',(0.,-6.12323399573677E-17,-1.));
#3950=DIRECTION('ref_axis',(1.,0.,0.));
#3951=DIRECTION('center_axis',(1.,0.,0.));
#3952=DIRECTION('ref_axis',(0.,1.,0.));
#3953=DIRECTION('',(0.,0.,1.));
#3954=DIRECTION('',(0.,1.,0.));
#3955=DIRECTION('',(0.,0.,1.));
#3956=DIRECTION('',(0.,-1.,6.12323399573677E-17));
#3957=DIRECTION('',(0.,6.12323399573677E-17,1.));
#3958=DIRECTION('center_axis',(0.,-6.12323399573677E-17,-1.));
#3959=DIRECTION('ref_axis',(1.,0.,0.));
#3960=DIRECTION('',(0.,-1.,6.12323399573677E-17));
#3961=DIRECTION('',(1.,0.,0.));
#3962=DIRECTION('center_axis',(0.,6.12323399573677E-17,1.));
#3963=DIRECTION('ref_axis',(1.,0.,0.));
#3964=DIRECTION('center_axis',(0.,6.12323399573677E-17,1.));
#3965=DIRECTION('ref_axis',(1.,0.,0.));
#3966=DIRECTION('center_axis',(2.14881875733901E-16,-1.,0.));
#3967=DIRECTION('ref_axis',(1.,2.14881875733901E-16,0.));
#3968=DIRECTION('',(0.,0.,1.));
#3969=DIRECTION('',(1.,2.14881875733901E-16,0.));
#3970=DIRECTION('center_axis',(-2.14881875733901E-16,1.,0.));
#3971=DIRECTION('ref_axis',(1.,0.,0.));
#3972=DIRECTION('center_axis',(-2.14881875733901E-16,1.,0.));
#3973=DIRECTION('ref_axis',(1.,0.,0.));
#3974=DIRECTION('center_axis',(1.,0.,0.));
#3975=DIRECTION('ref_axis',(0.,1.,0.));
#3976=DIRECTION('',(0.,1.,0.));
#3977=DIRECTION('',(0.,0.,1.));
#3978=DIRECTION('',(0.,6.12323399573677E-17,1.));
#3979=DIRECTION('center_axis',(-1.,0.,0.));
#3980=DIRECTION('ref_axis',(0.,-1.,0.));
#3981=DIRECTION('',(0.,-6.12323399573677E-17,-1.));
#3982=DIRECTION('',(0.,-1.,6.12323399573677E-17));
#3983=DIRECTION('',(0.,0.,1.));
#3984=DIRECTION('',(0.,-1.,0.));
#3985=DIRECTION('center_axis',(0.,-6.12323399573677E-17,-1.));
#3986=DIRECTION('ref_axis',(1.,0.,0.));
#3987=DIRECTION('',(0.,-6.12323399573677E-17,-1.));
#3988=DIRECTION('center_axis',(0.,-6.12323399573677E-17,-1.));
#3989=DIRECTION('ref_axis',(1.,0.,0.));
#3990=DIRECTION('',(0.,-6.12323399573677E-17,-1.));
#3991=DIRECTION('center_axis',(-2.14881875733901E-16,6.12323399573677E-17,
1.));
#3992=DIRECTION('ref_axis',(1.,0.,0.));
#3993=DIRECTION('center_axis',(0.,-6.12323399573677E-17,-1.));
#3994=DIRECTION('ref_axis',(1.,0.,0.));
#3995=DIRECTION('',(0.,-6.12323399573677E-17,-1.));
#3996=DIRECTION('center_axis',(0.,-6.12323399573677E-17,-1.));
#3997=DIRECTION('ref_axis',(1.,0.,0.));
#3998=DIRECTION('',(0.,-6.12323399573677E-17,-1.));
#3999=DIRECTION('center_axis',(-2.14881875733901E-16,6.12323399573677E-17,
1.));
#4000=DIRECTION('ref_axis',(1.,0.,0.));
#4001=DIRECTION('center_axis',(2.14881875733901E-16,-6.12323399573677E-17,
-1.));
#4002=DIRECTION('ref_axis',(1.,1.31577200656151E-32,2.14881875733901E-16));
#4003=DIRECTION('',(1.,1.31577200656151E-32,2.14881875733901E-16));
#4004=DIRECTION('center_axis',(0.,-1.,6.12323399573677E-17));
#4005=DIRECTION('ref_axis',(1.,0.,0.));
#4006=DIRECTION('center_axis',(0.,1.,0.));
#4007=DIRECTION('ref_axis',(-1.,0.,0.));
#4008=DIRECTION('',(-1.,0.,0.));
#4009=DIRECTION('center_axis',(0.,-1.,0.));
#4010=DIRECTION('ref_axis',(1.,0.,0.));
#4011=DIRECTION('center_axis',(0.,-1.,0.));
#4012=DIRECTION('ref_axis',(1.,0.,0.));
#4013=DIRECTION('center_axis',(0.,-1.,0.));
#4014=DIRECTION('ref_axis',(1.,0.,0.));
#4015=DIRECTION('',(0.,-1.,0.));
#4016=DIRECTION('center_axis',(0.,1.,0.));
#4017=DIRECTION('ref_axis',(1.,0.,0.));
#4018=DIRECTION('center_axis',(0.,-1.,0.));
#4019=DIRECTION('ref_axis',(1.,0.,0.));
#4020=DIRECTION('',(0.,-1.,0.));
#4021=DIRECTION('center_axis',(0.,-1.,0.));
#4022=DIRECTION('ref_axis',(1.,0.,0.));
#4023=DIRECTION('',(0.,-1.,0.));
#4024=DIRECTION('center_axis',(0.,1.,0.));
#4025=DIRECTION('ref_axis',(1.,0.,0.));
#4026=DIRECTION('center_axis',(0.,-1.,0.));
#4027=DIRECTION('ref_axis',(1.,0.,0.));
#4028=DIRECTION('',(0.,-1.,0.));
#4029=DIRECTION('center_axis',(0.,-1.,0.));
#4030=DIRECTION('ref_axis',(1.,0.,0.));
#4031=DIRECTION('',(1.,0.,0.));
#4032=DIRECTION('center_axis',(0.,0.,1.));
#4033=DIRECTION('ref_axis',(1.,0.,0.));
#4034=CARTESIAN_POINT('',(0.,0.,0.));
#4035=CARTESIAN_POINT('Origin',(36.75,-11.25,11.25));
#4036=CARTESIAN_POINT('',(27.5,-9.25,13.25));
#4037=CARTESIAN_POINT('',(27.5,-13.25,9.25));
#4038=CARTESIAN_POINT('',(27.5,-8.93750000000001,13.5625));
#4039=CARTESIAN_POINT('',(46.,-13.25,9.25));
#4040=CARTESIAN_POINT('',(36.75,-13.25,9.25));
#4041=CARTESIAN_POINT('',(46.,-9.25,13.25));
#4042=CARTESIAN_POINT('',(46.,-13.5625,8.9375));
#4043=CARTESIAN_POINT('',(36.75,-9.25,13.25));
#4044=CARTESIAN_POINT('Origin',(46.,-5.43823880019506E-16,9.25));
#4045=CARTESIAN_POINT('',(27.5,-40.,9.25));
#4046=CARTESIAN_POINT('',(27.5,-5.43823880019506E-16,9.25));
#4047=CARTESIAN_POINT('',(46.,-40.,9.25));
#4048=CARTESIAN_POINT('',(46.,-40.,9.25));
#4049=CARTESIAN_POINT('',(46.,-5.43823880019506E-16,9.25));
#4050=CARTESIAN_POINT('',(35.15,-34.,9.25));
#4051=CARTESIAN_POINT('Origin',(36.75,-34.,9.25));
#4052=CARTESIAN_POINT('',(35.15,-21.,9.25));
#4053=CARTESIAN_POINT('Origin',(36.75,-21.,9.25));
#4054=CARTESIAN_POINT('Origin',(25.5,3.5,4.28553390593274));
#4055=CARTESIAN_POINT('',(23.5,1.5,38.));
#4056=CARTESIAN_POINT('',(24.5,2.5,38.));
#4057=CARTESIAN_POINT('',(19.9050228474813,-2.09497715251865,38.));
#4058=CARTESIAN_POINT('',(23.5,1.5,40.));
#4059=CARTESIAN_POINT('',(23.5,1.5,4.28553390593274));
#4060=CARTESIAN_POINT('',(27.5,5.5,40.));
#4061=CARTESIAN_POINT('',(27.4375,5.4375,40.));
#4062=CARTESIAN_POINT('',(27.5,5.5,6.91421356237309));
#4063=CARTESIAN_POINT('',(27.5,5.5,4.28553390593274));
#4064=CARTESIAN_POINT('',(23.5,1.5,8.57106781186548));
#4065=CARTESIAN_POINT('',(27.5,5.5,6.91421356237309));
#4066=CARTESIAN_POINT('',(23.5,1.5,13.5710678118655));
#4067=CARTESIAN_POINT('',(23.5,1.5,4.28553390593274));
#4068=CARTESIAN_POINT('',(24.5,2.5,13.5710678118655));
#4069=CARTESIAN_POINT('',(24.75,2.75,13.5710678118655));
#4070=CARTESIAN_POINT('',(23.5,1.5,14.2808384814569));
#4071=CARTESIAN_POINT('',(24.343726411712,2.34372641171201,13.6819862212641));
#4072=CARTESIAN_POINT('',(23.5,1.5,16.7334080755051));
#4073=CARTESIAN_POINT('',(23.5,1.5,4.28553390593274));
#4074=CARTESIAN_POINT('',(24.5,2.50000000000001,16.0236374059136));
#4075=CARTESIAN_POINT('',(26.3634589378736,4.36345893787355,14.7010089078228));
#4076=CARTESIAN_POINT('',(24.5,2.50000000000001,34.5445605191607));
#4077=CARTESIAN_POINT('',(24.5,2.5,19.4150472125467));
#4078=CARTESIAN_POINT('',(23.5,1.5,33.1356547375572));
#4079=CARTESIAN_POINT('',(16.0023726794089,-5.99762732059104,22.5722042572683));
#4080=CARTESIAN_POINT('',(23.5,1.5,36.5910942183965));
#4081=CARTESIAN_POINT('',(23.5,1.5,4.28553390593274));
#4082=CARTESIAN_POINT('',(18.6655802609986,-3.33441973900136,29.7798522974195));
#4083=CARTESIAN_POINT('Origin',(25.5,-2.326587296526,1.91605339059328));
#4084=CARTESIAN_POINT('',(27.5,-6.91421356237308,-5.49999999999999));
#4085=CARTESIAN_POINT('',(27.5,-0.912373734152908,0.501839828220182));
#4086=CARTESIAN_POINT('',(23.5,-8.57106781186546,-1.49999999999999));
#4087=CARTESIAN_POINT('',(27.5,-6.91421356237308,-5.49999999999999));
#4088=CARTESIAN_POINT('',(23.5,-3.7408008588991,3.33026695296637));
#4089=CARTESIAN_POINT('Origin',(25.5,-15.375,-3.49999999999999));
#4090=CARTESIAN_POINT('',(23.5,-13.5710678118655,-1.49999999999999));
#4091=CARTESIAN_POINT('',(24.5,-13.5710678118655,-2.49999999999999));
#4092=CARTESIAN_POINT('',(24.,-13.5710678118655,-1.99999999999999));
#4093=CARTESIAN_POINT('',(23.5,-15.375,-1.49999999999999));
#4094=CARTESIAN_POINT('',(27.5,-40.,-5.49999999999999));
#4095=CARTESIAN_POINT('',(27.5,-15.375,-5.49999999999999));
#4096=CARTESIAN_POINT('',(23.5,-40.,-1.49999999999999));
#4097=CARTESIAN_POINT('',(27.4375,-40.,-5.43749999999999));
#4098=CARTESIAN_POINT('',(23.5,-38.,-1.49999999999999));
#4099=CARTESIAN_POINT('',(23.5,-15.375,-1.49999999999999));
#4100=CARTESIAN_POINT('',(24.5,-38.,-2.49999999999998));
#4101=CARTESIAN_POINT('',(19.1550228474813,-38.,2.84497715251867));
#4102=CARTESIAN_POINT('',(23.5,-36.5910942183965,-1.49999999999999));
#4103=CARTESIAN_POINT('',(20.2495154916494,-32.0114678015689,1.75048450835058));
#4104=CARTESIAN_POINT('',(23.5,-33.1356547375572,-1.49999999999999));
#4105=CARTESIAN_POINT('',(23.5,-15.375,-1.49999999999999));
#4106=CARTESIAN_POINT('',(24.5,-34.5445605191607,-2.49999999999999));
#4107=CARTESIAN_POINT('',(17.5863079100597,-24.8038197614177,4.41369208994026));
#4108=CARTESIAN_POINT('',(24.5,-16.0236374059136,-2.49999999999999));
#4109=CARTESIAN_POINT('',(24.5,-24.9597802595804,-2.49999999999999));
#4110=CARTESIAN_POINT('',(23.5,-16.7334080755051,-1.49999999999999));
#4111=CARTESIAN_POINT('',(24.192540950977,-16.2418628210106,-2.19254095097698));
#4112=CARTESIAN_POINT('',(23.5,-14.280838481457,-1.49999999999999));
#4113=CARTESIAN_POINT('',(23.5,-15.375,-1.49999999999999));
#4114=CARTESIAN_POINT('',(22.1728084248154,-15.2228401344519,-0.17280842481543));
#4115=CARTESIAN_POINT('Origin',(-27.5,-8.57106781186546,-1.49999999999999));
#4116=CARTESIAN_POINT('',(-23.5,-8.57106781186546,-1.49999999999999));
#4117=CARTESIAN_POINT('',(-27.5,-8.57106781186546,-1.49999999999999));
#4118=CARTESIAN_POINT('',(-23.5,1.5,8.57106781186548));
#4119=CARTESIAN_POINT('',(-23.5,-3.7408008588991,3.33026695296637));
#4120=CARTESIAN_POINT('',(-27.5,1.5,8.57106781186548));
#4121=CARTESIAN_POINT('Origin',(-27.5,-40.,-1.49999999999999));
#4122=CARTESIAN_POINT('',(21.5976142081882,-13.5710678118655,-1.49999999999999));
#4123=CARTESIAN_POINT('',(-1.5,-13.5710678118655,-1.49999999999999));
#4124=CARTESIAN_POINT('',(18.9319126462734,-17.5231329012638,-1.49999999999999));
#4125=CARTESIAN_POINT('',(7.79516335241597,-34.0340427204487,-1.49999999999999));
#4126=CARTESIAN_POINT('',(-1.81100381636177,-32.2458466082284,-1.49999999999999));
#4127=CARTESIAN_POINT('',(15.7582579077607,-22.2282695441183,-1.49999999999999));
#4128=CARTESIAN_POINT('',(1.55183743779678,-32.3115701135826,-1.49999999999999));
#4129=CARTESIAN_POINT('',(12.7064204699639,-17.9285181334925,-1.49999999999999));
#4130=CARTESIAN_POINT('',(14.5632106257193,-24.,-1.5));
#4131=CARTESIAN_POINT('',(16.2618202630543,-26.3931809387285,-1.49999999999999));
#4132=CARTESIAN_POINT('',(5.12009138992537,-38.,-1.5));
#4133=CARTESIAN_POINT('',(4.27796156118154,-39.2485088145159,-1.49999999999999));
#4134=CARTESIAN_POINT('',(-11.1899543050373,-38.,-1.49999999999999));
#4135=CARTESIAN_POINT('',(-23.5,-40.,-1.49999999999999));
#4136=CARTESIAN_POINT('',(-27.5,-40.,-1.49999999999999));
#4137=CARTESIAN_POINT('',(-23.5,-38.,-1.49999999999999));
#4138=CARTESIAN_POINT('',(-23.5,-15.375,-1.49999999999999));
#4139=CARTESIAN_POINT('',(-5.12009138992537,-38.,-1.5));
#4140=CARTESIAN_POINT('',(-16.3100456949627,-38.,-1.49999999999999));
#4141=CARTESIAN_POINT('',(-14.5632106257193,-24.,-1.5));
#4142=CARTESIAN_POINT('',(-12.8771209017127,-26.4997308142226,-1.49999999999999));
#4143=CARTESIAN_POINT('',(-23.5,-36.5910942183965,-1.49999999999999));
#4144=CARTESIAN_POINT('',(-25.4745027388315,-39.3729825429281,-1.49999999999999));
#4145=CARTESIAN_POINT('',(-23.5,-33.1356547375572,-1.49999999999999));
#4146=CARTESIAN_POINT('',(-23.5,-15.375,-1.49999999999999));
#4147=CARTESIAN_POINT('',(-15.7582579077607,-22.2282695441183,-1.49999999999999));
#4148=CARTESIAN_POINT('',(-21.9191029457411,-30.908319737692,-1.49999999999999));
#4149=CARTESIAN_POINT('',(-23.5,-16.7334080755051,-1.49999999999999));
#4150=CARTESIAN_POINT('',(-19.8391549620196,-19.3317685093831,-1.49999999999999));
#4151=CARTESIAN_POINT('',(-23.5,-14.2808384814569,-1.49999999999999));
#4152=CARTESIAN_POINT('',(-23.5,-15.375,-1.49999999999999));
#4153=CARTESIAN_POINT('',(-18.9319126462734,-17.5231329012638,-1.49999999999999));
#4154=CARTESIAN_POINT('',(-16.476313707861,-19.2660450040289,-1.49999999999999));
#4155=CARTESIAN_POINT('',(-21.5976142081882,-13.5710678118655,-1.49999999999999));
#4156=CARTESIAN_POINT('',(-16.3943226929472,-21.2852647201553,-1.49999999999999));
#4157=CARTESIAN_POINT('',(-23.5,-13.5710678118655,-1.49999999999999));
#4158=CARTESIAN_POINT('',(-26.,-13.5710678118655,-1.49999999999999));
#4159=CARTESIAN_POINT('',(-23.5,-15.375,-1.49999999999999));
#4160=CARTESIAN_POINT('',(-1.,-30.4906998284229,-1.5));
#4161=CARTESIAN_POINT('',(-12.4124358970078,-13.5710678118655,-1.49999999999999));
#4162=CARTESIAN_POINT('',(-8.64523187029463,-19.1561774622945,-1.49999999999999));
#4163=CARTESIAN_POINT('',(-19.1851783111804,-13.5710678118655,-1.49999999999999));
#4164=CARTESIAN_POINT('',(-23.3425891555902,-13.5710678118655,-1.49999999999999));
#4165=CARTESIAN_POINT('',(-2.70765549291756,-38.,-1.5));
#4166=CARTESIAN_POINT('',(-6.12030576275681,-32.9405379107519,-1.49999999999999));
#4167=CARTESIAN_POINT('',(-1.,-38.,-1.5));
#4168=CARTESIAN_POINT('',(-14.25,-38.,-1.49999999999999));
#4169=CARTESIAN_POINT('',(-1.,-35.2453499142115,-1.49999999999999));
#4170=CARTESIAN_POINT('',(12.4124358970078,-13.5710678118655,-1.49999999999999));
#4171=CARTESIAN_POINT('',(1.,-30.4906998284229,-1.5));
#4172=CARTESIAN_POINT('',(0.0460725297634058,-31.9049554625878,-1.49999999999999));
#4173=CARTESIAN_POINT('',(1.,-38.,-1.5));
#4174=CARTESIAN_POINT('',(1.,-35.2453499142115,-1.49999999999999));
#4175=CARTESIAN_POINT('',(2.70765549291756,-38.,-1.5));
#4176=CARTESIAN_POINT('',(-13.25,-38.,-1.49999999999999));
#4177=CARTESIAN_POINT('',(19.1851783111804,-13.5710678118655,-1.49999999999999));
#4178=CARTESIAN_POINT('',(-2.4788535777744,-45.6893159110452,-1.49999999999999));
#4179=CARTESIAN_POINT('',(-4.15741084440981,-13.5710678118655,-1.49999999999999));
#4180=CARTESIAN_POINT('',(10.,-13.5710678118655,-1.49999999999999));
#4181=CARTESIAN_POINT('',(-10.,-13.5710678118655,-1.49999999999999));
#4182=CARTESIAN_POINT('',(-8.75,-13.5710678118655,-1.49999999999999));
#4183=CARTESIAN_POINT('',(0.,-28.3966774969929,-1.5));
#4184=CARTESIAN_POINT('',(-1.60997634923568,-26.0097894013874,-1.49999999999999));
#4185=CARTESIAN_POINT('',(-6.98918299129554,-38.7585674016807,-1.49999999999999));
#4186=CARTESIAN_POINT('Origin',(-25.5,3.5,4.28553390593274));
#4187=CARTESIAN_POINT('',(-23.5,1.5,13.5710678118655));
#4188=CARTESIAN_POINT('',(-24.5,2.50000000000001,13.5710678118655));
#4189=CARTESIAN_POINT('',(-24.75,2.75,13.5710678118655));
#4190=CARTESIAN_POINT('',(-23.5,1.5,4.28553390593274));
#4191=CARTESIAN_POINT('',(-27.5,5.5,6.91421356237309));
#4192=CARTESIAN_POINT('',(-23.5,1.5,8.57106781186548));
#4193=CARTESIAN_POINT('',(-27.5,5.5,40.));
#4194=CARTESIAN_POINT('',(-27.5,5.5,4.28553390593274));
#4195=CARTESIAN_POINT('',(-23.5,1.5,40.));
#4196=CARTESIAN_POINT('',(-9.06249999999998,-12.9375,40.));
#4197=CARTESIAN_POINT('',(-23.5,1.5,38.));
#4198=CARTESIAN_POINT('',(-23.5,1.5,4.28553390593274));
#4199=CARTESIAN_POINT('',(-24.5,2.5,38.));
#4200=CARTESIAN_POINT('',(-19.9050228474813,-2.09497715251865,38.));
#4201=CARTESIAN_POINT('',(-23.5,1.5,36.5910942183965));
#4202=CARTESIAN_POINT('',(-18.6655802609986,-3.33441973900136,29.7798522974195));
#4203=CARTESIAN_POINT('',(-23.5,1.5,33.1356547375572));
#4204=CARTESIAN_POINT('',(-23.5,1.5,4.28553390593274));
#4205=CARTESIAN_POINT('',(-24.5,2.50000000000001,34.5445605191607));
#4206=CARTESIAN_POINT('',(-16.0023726794089,-5.99762732059104,22.5722042572683));
#4207=CARTESIAN_POINT('',(-24.5,2.5,16.0236374059136));
#4208=CARTESIAN_POINT('',(-24.5,2.5,19.4150472125467));
#4209=CARTESIAN_POINT('',(-23.5,1.5,16.7334080755051));
#4210=CARTESIAN_POINT('',(-26.3634589378736,4.36345893787355,14.7010089078228));
#4211=CARTESIAN_POINT('',(-23.5,1.5,14.280838481457));
#4212=CARTESIAN_POINT('',(-23.5,1.5,4.28553390593274));
#4213=CARTESIAN_POINT('',(-24.343726411712,2.34372641171201,13.6819862212641));
#4214=CARTESIAN_POINT('Origin',(-25.5,-2.326587296526,1.91605339059328));
#4215=CARTESIAN_POINT('',(-27.5,-6.91421356237308,-5.49999999999999));
#4216=CARTESIAN_POINT('',(-27.5,-0.912373734152908,0.501839828220182));
#4217=CARTESIAN_POINT('',(-23.5,-8.57106781186546,-1.49999999999999));
#4218=CARTESIAN_POINT('Origin',(-25.5,-15.375,-3.49999999999999));
#4219=CARTESIAN_POINT('',(-24.5,-38.,-2.49999999999999));
#4220=CARTESIAN_POINT('',(-19.1550228474813,-38.,2.84497715251867));
#4221=CARTESIAN_POINT('',(-27.5,-40.,-5.49999999999999));
#4222=CARTESIAN_POINT('',(-9.06249999999998,-40.,12.9375));
#4223=CARTESIAN_POINT('',(-27.5,-15.375,-5.49999999999999));
#4224=CARTESIAN_POINT('',(-24.5,-13.5710678118655,-2.49999999999999));
#4225=CARTESIAN_POINT('',(-24.,-13.5710678118655,-1.99999999999999));
#4226=CARTESIAN_POINT('',(-22.1728084248154,-15.2228401344519,-0.17280842481543));
#4227=CARTESIAN_POINT('',(-24.5,-16.0236374059136,-2.49999999999999));
#4228=CARTESIAN_POINT('',(-24.192540950977,-16.2418628210106,-2.19254095097698));
#4229=CARTESIAN_POINT('',(-24.5,-34.5445605191607,-2.49999999999999));
#4230=CARTESIAN_POINT('',(-24.5,-24.9597802595804,-2.49999999999999));
#4231=CARTESIAN_POINT('',(-17.5863079100597,-24.8038197614177,4.41369208994026));
#4232=CARTESIAN_POINT('',(-20.2495154916494,-32.0114678015689,1.75048450835058));
#4233=CARTESIAN_POINT('Origin',(-27.5,1.5,8.57106781186548));
#4234=CARTESIAN_POINT('',(18.9319126462734,1.5,17.5231329012638));
#4235=CARTESIAN_POINT('',(5.60611080970781,1.5,26.9813961936463));
#4236=CARTESIAN_POINT('',(21.5976142081882,1.5,13.5710678118655));
#4237=CARTESIAN_POINT('',(15.0802629751942,1.5,23.2334383679908));
#4238=CARTESIAN_POINT('',(-1.5,1.5,13.5710678118655));
#4239=CARTESIAN_POINT('',(-21.5976142081882,1.5,13.5710678118655));
#4240=CARTESIAN_POINT('',(-26.,1.5,13.5710678118655));
#4241=CARTESIAN_POINT('',(-18.9319126462734,1.5,17.5231329012638));
#4242=CARTESIAN_POINT('',(-23.6794223157254,1.5,10.4846603676975));
#4243=CARTESIAN_POINT('',(-23.8934283339306,1.5,14.0015945894468));
#4244=CARTESIAN_POINT('',(-15.7582579077607,1.5,22.2282695441183));
#4245=CARTESIAN_POINT('',(-27.2562695880891,1.5,14.0673180948009));
#4246=CARTESIAN_POINT('',(-14.5019883196715,1.5,20.4583040582069));
#4247=CARTESIAN_POINT('',(-14.5632106257193,1.5,24.));
#4248=CARTESIAN_POINT('',(-18.0573881127619,1.5,28.9229668634429));
#4249=CARTESIAN_POINT('',(-5.12009138992537,1.5,38.));
#4250=CARTESIAN_POINT('',(-20.1622205244909,1.5,15.6991264617648));
#4251=CARTESIAN_POINT('',(-16.3100456949627,1.5,38.));
#4252=CARTESIAN_POINT('',(-27.5,1.5,40.));
#4253=CARTESIAN_POINT('',(5.12009138992537,1.5,38.));
#4254=CARTESIAN_POINT('',(-11.1899543050373,1.5,38.));
#4255=CARTESIAN_POINT('',(14.5632106257193,1.5,24.));
#4256=CARTESIAN_POINT('',(11.5630611839597,1.5,28.4479044620581));
#4257=CARTESIAN_POINT('',(8.84470563698468,1.5,15.9431652592434));
#4258=CARTESIAN_POINT('',(15.7582579077607,1.5,22.2282695441183));
#4259=CARTESIAN_POINT('',(5.28930584389433,1.5,7.47850245400734));
#4260=CARTESIAN_POINT('',(8.96895206386636,1.5,27.0471196990005));
#4261=CARTESIAN_POINT('',(1.,1.5,30.4906998284229));
#4262=CARTESIAN_POINT('',(12.4124358970078,1.5,13.5710678118655));
#4263=CARTESIAN_POINT('',(7.3311721525416,1.5,21.10435111013));
#4264=CARTESIAN_POINT('',(19.1851783111804,1.5,13.5710678118655));
#4265=CARTESIAN_POINT('',(-4.15741084440981,1.5,13.5710678118655));
#4266=CARTESIAN_POINT('',(2.70765549291756,1.5,38.));
#4267=CARTESIAN_POINT('',(4.80624604500379,1.5,34.8887115585874));
#4268=CARTESIAN_POINT('',(1.,1.5,38.));
#4269=CARTESIAN_POINT('',(-13.25,1.5,38.));
#4270=CARTESIAN_POINT('',(1.,1.5,19.5308838201442));
#4271=CARTESIAN_POINT('',(-10.,1.5,13.5710678118655));
#4272=CARTESIAN_POINT('',(10.,1.5,13.5710678118655));
#4273=CARTESIAN_POINT('',(-8.75,1.5,13.5710678118655));
#4274=CARTESIAN_POINT('',(0.,1.5,28.3966774969929));
#4275=CARTESIAN_POINT('',(0.295916631482649,1.5,27.9579630492229));
#4276=CARTESIAN_POINT('',(-8.89507597201387,1.5,15.2091850489296));
#4277=CARTESIAN_POINT('',(-12.4124358970078,1.5,13.5710678118655));
#4278=CARTESIAN_POINT('',(-1.,1.5,30.4906998284229));
#4279=CARTESIAN_POINT('',(-15.9303314930728,1.5,8.35557310983664));
#4280=CARTESIAN_POINT('',(-1.,1.5,38.));
#4281=CARTESIAN_POINT('',(-1.,1.5,19.5308838201442));
#4282=CARTESIAN_POINT('',(-2.70765549291756,1.5,38.));
#4283=CARTESIAN_POINT('',(-14.25,1.5,38.));
#4284=CARTESIAN_POINT('',(-19.1851783111804,1.5,13.5710678118655));
#4285=CARTESIAN_POINT('',(-13.405405385535,1.5,22.139933558294));
#4286=CARTESIAN_POINT('',(-23.3425891555902,1.5,13.5710678118655));
#4287=CARTESIAN_POINT('Origin',(-27.5,9.25,0.));
#4288=CARTESIAN_POINT('',(-27.5,-40.,-9.25));
#4289=CARTESIAN_POINT('',(-27.5,-40.,9.25));
#4290=CARTESIAN_POINT('',(-27.5,-9.25,-9.25));
#4291=CARTESIAN_POINT('',(-27.5,-1.67662216923081E-15,-9.25));
#4292=CARTESIAN_POINT('',(-27.5,9.25,9.25));
#4293=CARTESIAN_POINT('',(-27.5,2.3125,2.3125));
#4294=CARTESIAN_POINT('',(-27.5,9.25,40.));
#4295=CARTESIAN_POINT('',(-27.5,9.25,0.));
#4296=CARTESIAN_POINT('',(-27.5,9.25,40.));
#4297=CARTESIAN_POINT('Origin',(5.12009138992537,-38.,1.50000000000001));
#4298=CARTESIAN_POINT('',(5.12009138992537,-38.,1.50000000000001));
#4299=CARTESIAN_POINT('',(5.12009138992537,-38.,1.50000000000001));
#4300=CARTESIAN_POINT('',(24.5,-38.,1.50000000000001));
#4301=CARTESIAN_POINT('',(-11.1899543050373,-38.,1.49999999999999));
#4302=CARTESIAN_POINT('',(24.5,-38.,1.50000000000001));
#4303=CARTESIAN_POINT('Origin',(14.5632106257193,-24.,1.50000000000001));
#4304=CARTESIAN_POINT('',(14.5632106257193,-24.,1.50000000000001));
#4305=CARTESIAN_POINT('',(14.5632106257193,-24.,1.50000000000001));
#4306=CARTESIAN_POINT('',(10.6194040974577,-29.8469336261665,1.5));
#4307=CARTESIAN_POINT('Origin',(24.5,-38.,1.50000000000001));
#4308=CARTESIAN_POINT('',(9.80546295544389,-17.2967817999384,1.5));
#4309=CARTESIAN_POINT('Origin',(0.,-28.3966774969929,1.50000000000001));
#4310=CARTESIAN_POINT('',(0.,-28.3966774969929,1.50000000000001));
#4311=CARTESIAN_POINT('',(0.,-28.3966774969929,1.50000000000001));
#4312=CARTESIAN_POINT('',(10.,-13.5710678118655,1.5));
#4313=CARTESIAN_POINT('',(-0.647740455019401,-29.3569922133313,1.5));
#4314=CARTESIAN_POINT('',(10.,-13.5710678118655,1.5));
#4315=CARTESIAN_POINT('Origin',(18.9319126462734,-17.5231329012638,1.50000000000001));
#4316=CARTESIAN_POINT('',(18.9319126462734,-17.5231329012638,1.5));
#4317=CARTESIAN_POINT('',(18.9319126462734,-17.5231329012638,1.5));
#4318=CARTESIAN_POINT('',(24.5,-13.5710678118655,1.5));
#4319=CARTESIAN_POINT('',(4.6453534912486,-27.663313558884,1.5));
#4320=CARTESIAN_POINT('',(24.5,-13.5710678118655,1.5));
#4321=CARTESIAN_POINT('Origin',(24.5,-13.5710678118655,1.5));
#4322=CARTESIAN_POINT('',(21.5976142081882,-13.5710678118655,1.5));
#4323=CARTESIAN_POINT('',(-1.5,-13.5710678118655,1.5));
#4324=CARTESIAN_POINT('',(21.5976142081882,-13.5710678118655,1.5));
#4325=CARTESIAN_POINT('Origin',(21.5976142081882,-13.5710678118655,1.5));
#4326=CARTESIAN_POINT('',(14.1366058886921,-24.6324675320992,1.5));
#4327=CARTESIAN_POINT('Origin',(12.4124358970078,-13.5710678118655,1.5));
#4328=CARTESIAN_POINT('',(12.4124358970078,-13.5710678118655,1.5));
#4329=CARTESIAN_POINT('',(12.4124358970078,-13.5710678118655,1.5));
#4330=CARTESIAN_POINT('',(1.,-30.4906998284229,1.50000000000001));
#4331=CARTESIAN_POINT('',(6.38751506603955,-22.5033802742384,1.5));
#4332=CARTESIAN_POINT('',(1.,-30.4906998284229,1.50000000000001));
#4333=CARTESIAN_POINT('Origin',(19.1851783111804,-13.5710678118655,1.5));
#4334=CARTESIAN_POINT('',(19.1851783111804,-13.5710678118655,1.5));
#4335=CARTESIAN_POINT('',(19.1851783111804,-13.5710678118655,1.5));
#4336=CARTESIAN_POINT('',(-4.15741084440981,-13.5710678118655,1.5));
#4337=CARTESIAN_POINT('Origin',(2.70765549291756,-38.,1.50000000000001));
#4338=CARTESIAN_POINT('',(2.70765549291756,-38.,1.50000000000001));
#4339=CARTESIAN_POINT('',(2.70765549291756,-38.,1.50000000000001));
#4340=CARTESIAN_POINT('',(3.86258895850174,-36.2877407226957,1.49999999999999));
#4341=CARTESIAN_POINT('Origin',(1.,-38.,1.50000000000001));
#4342=CARTESIAN_POINT('',(1.,-38.,1.50000000000001));
#4343=CARTESIAN_POINT('',(1.,-38.,1.50000000000001));
#4344=CARTESIAN_POINT('',(-13.25,-38.,1.49999999999999));
#4345=CARTESIAN_POINT('Origin',(1.,-30.4906998284229,1.50000000000001));
#4346=CARTESIAN_POINT('',(1.,-21.5664177260769,1.5));
#4347=CARTESIAN_POINT('Origin',(15.7582579077607,-22.2282695441183,1.50000000000001));
#4348=CARTESIAN_POINT('',(15.7582579077607,-22.2282695441183,1.50000000000001));
#4349=CARTESIAN_POINT('',(15.7582579077607,-22.2282695441183,1.50000000000001));
#4350=CARTESIAN_POINT('',(24.5,-34.5445605191607,1.50000000000001));
#4351=CARTESIAN_POINT('',(6.25006316235354,-8.83211899470237,1.5));
#4352=CARTESIAN_POINT('',(24.5,-34.5445605191607,1.50000000000001));
#4353=CARTESIAN_POINT('Origin',(24.5,-34.5445605191607,1.50000000000001));
#4354=CARTESIAN_POINT('',(24.5,-16.0236374059136,1.5));
#4355=CARTESIAN_POINT('',(24.5,-23.5933480714458,1.5));
#4356=CARTESIAN_POINT('',(24.5,-16.0236374059136,1.50000000000001));
#4357=CARTESIAN_POINT('Origin',(24.5,-16.0236374059136,1.5));
#4358=CARTESIAN_POINT('',(8.00819474540715,-27.7290370642382,1.5));
#4359=CARTESIAN_POINT('Origin',(-27.5,-12.6421356237309,1.5));
#4360=CARTESIAN_POINT('',(27.5,-12.6421356237309,1.5));
#4361=CARTESIAN_POINT('',(27.5,-40.,1.49999999999999));
#4362=CARTESIAN_POINT('',(27.5,-1.69606781186547,1.50000000000001));
#4363=CARTESIAN_POINT('',(-27.5,-12.6421356237309,1.5));
#4364=CARTESIAN_POINT('',(-27.5,-12.6421356237309,1.5));
#4365=CARTESIAN_POINT('',(-27.5,-40.,1.49999999999999));
#4366=CARTESIAN_POINT('',(-27.5,-1.69606781186547,1.50000000000001));
#4367=CARTESIAN_POINT('',(-27.5,-40.,1.49999999999999));
#4368=CARTESIAN_POINT('',(-15.7582579077607,-22.2282695441183,1.50000000000001));
#4369=CARTESIAN_POINT('',(-24.5,-34.5445605191607,1.50000000000001));
#4370=CARTESIAN_POINT('',(-15.4627456381307,-21.8119205989019,1.5));
#4371=CARTESIAN_POINT('',(-24.5,-16.0236374059136,1.5));
#4372=CARTESIAN_POINT('',(-24.5,-23.5933480714458,1.5));
#4373=CARTESIAN_POINT('',(-26.2955122696299,-14.7492354600386,1.5));
#4374=CARTESIAN_POINT('',(-12.4124358970078,-13.5710678118655,1.5));
#4375=CARTESIAN_POINT('',(-1.,-30.4906998284229,1.50000000000001));
#4376=CARTESIAN_POINT('',(-14.9866744065708,-9.75460227394503,1.5));
#4377=CARTESIAN_POINT('',(-1.,-38.,1.50000000000001));
#4378=CARTESIAN_POINT('',(-1.,-21.5664177260769,1.5));
#4379=CARTESIAN_POINT('',(-2.70765549291756,-38.,1.50000000000001));
#4380=CARTESIAN_POINT('',(-14.25,-38.,1.49999999999999));
#4381=CARTESIAN_POINT('',(-19.1851783111804,-13.5710678118655,1.5));
#4382=CARTESIAN_POINT('',(-12.4617482990329,-23.5389627224024,1.5));
#4383=CARTESIAN_POINT('',(-23.3425891555902,-13.5710678118655,1.5));
#4384=CARTESIAN_POINT('',(-18.9319126462734,-17.5231329012638,1.5));
#4385=CARTESIAN_POINT('',(-24.5,-13.5710678118655,1.5));
#4386=CARTESIAN_POINT('',(-22.9326710154714,-14.6835119546845,1.5));
#4387=CARTESIAN_POINT('',(-21.5976142081882,-13.5710678118655,1.5));
#4388=CARTESIAN_POINT('',(-26.,-13.5710678118655,1.5));
#4389=CARTESIAN_POINT('',(-22.7357652292233,-11.8836895318059,1.5));
#4390=CARTESIAN_POINT('',(-10.,-13.5710678118655,1.5));
#4391=CARTESIAN_POINT('',(-8.75,-13.5710678118655,1.5));
#4392=CARTESIAN_POINT('',(-7.95141888551182,-16.608214213038,1.5));
#4393=CARTESIAN_POINT('',(-5.12009138992537,-38.,1.50000000000001));
#4394=CARTESIAN_POINT('',(-24.5,-38.,1.50000000000001));
#4395=CARTESIAN_POINT('',(-16.3100456949627,-38.,1.49999999999999));
#4396=CARTESIAN_POINT('',(-14.5632106257193,-24.,1.50000000000001));
#4397=CARTESIAN_POINT('',(-19.0181454312211,-30.276583404138,1.5));
#4398=CARTESIAN_POINT('',(-19.2185634379889,-17.0981556258732,1.5));
#4399=CARTESIAN_POINT('Origin',(29.,-9.25,7.75));
#4400=CARTESIAN_POINT('',(44.5,-9.25,7.75));
#4401=CARTESIAN_POINT('',(44.5,-7.75,9.25));
#4402=CARTESIAN_POINT('',(44.5,-8.875,8.125));
#4403=CARTESIAN_POINT('',(29.,-9.25,7.75));
#4404=CARTESIAN_POINT('',(28.25,-9.25,7.75));
#4405=CARTESIAN_POINT('',(29.,-7.75,9.25));
#4406=CARTESIAN_POINT('',(29.,-9.25,7.75));
#4407=CARTESIAN_POINT('',(45.25,-7.75,9.25));
#4408=CARTESIAN_POINT('Origin',(15.7582579077607,1.5,22.2282695441183));
#4409=CARTESIAN_POINT('',(15.7582579077607,-1.5,22.2282695441183));
#4410=CARTESIAN_POINT('',(24.5,-1.5,34.5445605191607));
#4411=CARTESIAN_POINT('',(12.7064204699639,-1.5,17.9285181334925));
#4412=CARTESIAN_POINT('',(15.7582579077607,1.5,22.2282695441183));
#4413=CARTESIAN_POINT('',(24.5,1.5,34.5445605191607));
#4414=CARTESIAN_POINT('Origin',(24.5,1.5,34.5445605191607));
#4415=CARTESIAN_POINT('',(24.5,-1.49999999999999,16.0236374059136));
#4416=CARTESIAN_POINT('',(24.5,-1.50000000000001,37.2722802595804));
#4417=CARTESIAN_POINT('',(24.5,1.5,16.0236374059136));
#4418=CARTESIAN_POINT('Origin',(24.5,1.5,16.0236374059136));
#4419=CARTESIAN_POINT('',(1.55183743779678,-1.5,32.3115701135826));
#4420=CARTESIAN_POINT('Origin',(12.4124358970078,1.5,13.5710678118655));
#4421=CARTESIAN_POINT('',(12.4124358970078,-1.49999999999999,13.5710678118655));
#4422=CARTESIAN_POINT('',(1.,-1.5,30.4906998284229));
#4423=CARTESIAN_POINT('',(0.0460725297634061,-1.5,31.9049554625878));
#4424=CARTESIAN_POINT('',(12.4124358970078,1.5,13.5710678118655));
#4425=CARTESIAN_POINT('',(1.,1.5,30.4906998284229));
#4426=CARTESIAN_POINT('Origin',(19.1851783111804,1.5,13.5710678118655));
#4427=CARTESIAN_POINT('',(19.1851783111804,-1.49999999999999,13.5710678118655));
#4428=CARTESIAN_POINT('',(-4.15741084440981,-1.49999999999999,13.5710678118655));
#4429=CARTESIAN_POINT('',(19.1851783111804,1.5,13.5710678118655));
#4430=CARTESIAN_POINT('Origin',(2.70765549291756,1.5,38.));
#4431=CARTESIAN_POINT('',(2.70765549291756,-1.50000000000001,38.));
#4432=CARTESIAN_POINT('',(-2.4788535777744,-1.50000000000001,45.6893159110452));
#4433=CARTESIAN_POINT('',(2.70765549291756,1.5,38.));
#4434=CARTESIAN_POINT('Origin',(1.,1.5,38.));
#4435=CARTESIAN_POINT('',(1.,-1.50000000000001,38.));
#4436=CARTESIAN_POINT('',(-13.25,-1.50000000000001,38.));
#4437=CARTESIAN_POINT('',(1.,1.5,38.));
#4438=CARTESIAN_POINT('Origin',(1.,1.5,30.4906998284229));
#4439=CARTESIAN_POINT('',(1.,-1.5,35.2453499142115));
#4440=CARTESIAN_POINT('Origin',(18.9319126462734,1.5,17.5231329012638));
#4441=CARTESIAN_POINT('',(18.9319126462734,-1.49999999999999,17.5231329012638));
#4442=CARTESIAN_POINT('',(24.5,-1.49999999999999,13.5710678118655));
#4443=CARTESIAN_POINT('',(-1.81100381636177,-1.5,32.2458466082284));
#4444=CARTESIAN_POINT('',(18.9319126462734,1.5,17.5231329012638));
#4445=CARTESIAN_POINT('',(24.5,1.5,13.5710678118655));
#4446=CARTESIAN_POINT('Origin',(24.5,1.5,13.5710678118655));
#4447=CARTESIAN_POINT('',(21.5976142081882,-1.49999999999999,13.5710678118655));
#4448=CARTESIAN_POINT('',(-1.5,-1.49999999999999,13.5710678118655));
#4449=CARTESIAN_POINT('',(21.5976142081882,1.5,13.5710678118655));
#4450=CARTESIAN_POINT('Origin',(21.5976142081882,1.5,13.5710678118655));
#4451=CARTESIAN_POINT('',(7.79516335241597,-1.5,34.0340427204487));
#4452=CARTESIAN_POINT('Origin',(0.,1.5,28.3966774969929));
#4453=CARTESIAN_POINT('',(0.,-1.5,28.3966774969929));
#4454=CARTESIAN_POINT('',(10.,-1.49999999999999,13.5710678118655));
#4455=CARTESIAN_POINT('',(-6.98918299129554,-1.50000000000001,38.7585674016807));
#4456=CARTESIAN_POINT('',(0.,1.5,28.3966774969929));
#4457=CARTESIAN_POINT('',(10.,1.5,13.5710678118655));
#4458=CARTESIAN_POINT('Origin',(5.12009138992537,1.5,38.));
#4459=CARTESIAN_POINT('',(5.12009138992537,-1.50000000000001,38.));
#4460=CARTESIAN_POINT('',(24.5,-1.50000000000001,38.));
#4461=CARTESIAN_POINT('',(-11.1899543050373,-1.50000000000001,38.));
#4462=CARTESIAN_POINT('',(5.12009138992537,1.5,38.));
#4463=CARTESIAN_POINT('',(24.5,1.5,38.));
#4464=CARTESIAN_POINT('Origin',(14.5632106257193,1.5,24.));
#4465=CARTESIAN_POINT('',(14.5632106257193,-1.5,24.));
#4466=CARTESIAN_POINT('',(4.27796156118154,-1.50000000000001,39.2485088145159));
#4467=CARTESIAN_POINT('',(14.5632106257193,1.5,24.));
#4468=CARTESIAN_POINT('Origin',(24.5,1.5,38.));
#4469=CARTESIAN_POINT('',(16.2618202630543,-1.5,26.3931809387285));
#4470=CARTESIAN_POINT('Origin',(-5.12009138992537,-38.,1.50000000000001));
#4471=CARTESIAN_POINT('',(-24.5,-38.,1.50000000000001));
#4472=CARTESIAN_POINT('',(-5.12009138992537,-38.,1.50000000000001));
#4473=CARTESIAN_POINT('Origin',(-14.5632106257193,-24.,1.50000000000001));
#4474=CARTESIAN_POINT('',(-14.5632106257193,-24.,1.50000000000001));
#4475=CARTESIAN_POINT('Origin',(-24.5,-38.,1.50000000000001));
#4476=CARTESIAN_POINT('Origin',(-10.,-13.5710678118655,1.5));
#4477=CARTESIAN_POINT('',(-10.,-13.5710678118655,1.5));
#4478=CARTESIAN_POINT('Origin',(0.,-28.3966774969929,1.50000000000001));
#4479=CARTESIAN_POINT('Origin',(-18.9319126462734,-17.5231329012638,1.50000000000001));
#4480=CARTESIAN_POINT('',(-24.5,-13.5710678118655,1.5));
#4481=CARTESIAN_POINT('',(-18.9319126462734,-17.5231329012638,1.5));
#4482=CARTESIAN_POINT('Origin',(-24.5,-13.5710678118655,1.5));
#4483=CARTESIAN_POINT('',(-21.5976142081882,-13.5710678118655,1.5));
#4484=CARTESIAN_POINT('Origin',(-21.5976142081882,-13.5710678118655,1.5));
#4485=CARTESIAN_POINT('Origin',(-12.4124358970078,-13.5710678118655,1.5));
#4486=CARTESIAN_POINT('',(-1.,-30.4906998284229,1.50000000000001));
#4487=CARTESIAN_POINT('',(-12.4124358970078,-13.5710678118655,1.5));
#4488=CARTESIAN_POINT('Origin',(-19.1851783111804,-13.5710678118655,1.5));
#4489=CARTESIAN_POINT('',(-19.1851783111804,-13.5710678118655,1.5));
#4490=CARTESIAN_POINT('Origin',(-2.70765549291756,-38.,1.50000000000001));
#4491=CARTESIAN_POINT('',(-2.70765549291756,-38.,1.50000000000001));
#4492=CARTESIAN_POINT('Origin',(-1.,-38.,1.50000000000001));
#4493=CARTESIAN_POINT('',(-1.,-38.,1.50000000000001));
#4494=CARTESIAN_POINT('Origin',(-1.,-30.4906998284229,1.50000000000001));
#4495=CARTESIAN_POINT('Origin',(-15.7582579077607,-22.2282695441183,1.50000000000001));
#4496=CARTESIAN_POINT('',(-24.5,-34.5445605191607,1.50000000000001));
#4497=CARTESIAN_POINT('',(-15.7582579077607,-22.2282695441183,1.50000000000001));
#4498=CARTESIAN_POINT('Origin',(-24.5,-34.5445605191607,1.50000000000001));
#4499=CARTESIAN_POINT('',(-24.5,-16.0236374059136,1.5));
#4500=CARTESIAN_POINT('Origin',(-24.5,-16.0236374059136,1.5));
#4501=CARTESIAN_POINT('Origin',(-5.12009138992537,1.5,38.));
#4502=CARTESIAN_POINT('',(-24.5,-1.50000000000001,38.));
#4503=CARTESIAN_POINT('',(-5.12009138992537,-1.50000000000001,38.));
#4504=CARTESIAN_POINT('',(-16.3100456949627,-1.50000000000001,38.));
#4505=CARTESIAN_POINT('',(-24.5,1.5,38.));
#4506=CARTESIAN_POINT('',(-5.12009138992537,1.5,38.));
#4507=CARTESIAN_POINT('Origin',(-14.5632106257193,1.5,24.));
#4508=CARTESIAN_POINT('',(-14.5632106257193,-1.5,24.));
#4509=CARTESIAN_POINT('',(-12.8771209017127,-1.5,26.4997308142226));
#4510=CARTESIAN_POINT('',(-14.5632106257193,1.5,24.));
#4511=CARTESIAN_POINT('Origin',(-24.5,1.5,38.));
#4512=CARTESIAN_POINT('',(-25.4745027388315,-1.50000000000001,39.3729825429281));
#4513=CARTESIAN_POINT('Origin',(-10.,1.5,13.5710678118655));
#4514=CARTESIAN_POINT('',(-10.,-1.49999999999999,13.5710678118655));
#4515=CARTESIAN_POINT('',(-8.75,-1.49999999999999,13.5710678118655));
#4516=CARTESIAN_POINT('',(-10.,1.5,13.5710678118655));
#4517=CARTESIAN_POINT('Origin',(0.,1.5,28.3966774969929));
#4518=CARTESIAN_POINT('',(-1.60997634923568,-1.5,26.0097894013874));
#4519=CARTESIAN_POINT('Origin',(-18.9319126462734,1.5,17.5231329012638));
#4520=CARTESIAN_POINT('',(-24.5,-1.49999999999999,13.5710678118655));
#4521=CARTESIAN_POINT('',(-18.9319126462734,-1.49999999999999,17.5231329012638));
#4522=CARTESIAN_POINT('',(-16.476313707861,-1.5,19.2660450040289));
#4523=CARTESIAN_POINT('',(-24.5,1.5,13.5710678118655));
#4524=CARTESIAN_POINT('',(-18.9319126462734,1.5,17.5231329012638));
#4525=CARTESIAN_POINT('Origin',(-24.5,1.5,13.5710678118655));
#4526=CARTESIAN_POINT('',(-21.5976142081882,-1.49999999999999,13.5710678118655));
#4527=CARTESIAN_POINT('',(-26.,-1.49999999999999,13.5710678118655));
#4528=CARTESIAN_POINT('',(-21.5976142081882,1.5,13.5710678118655));
#4529=CARTESIAN_POINT('Origin',(-21.5976142081882,1.5,13.5710678118655));
#4530=CARTESIAN_POINT('',(-16.3943226929472,-1.5,21.2852647201553));
#4531=CARTESIAN_POINT('Origin',(-12.4124358970078,1.5,13.5710678118655));
#4532=CARTESIAN_POINT('',(-1.,-1.5,30.4906998284229));
#4533=CARTESIAN_POINT('',(-12.4124358970078,-1.49999999999999,13.5710678118655));
#4534=CARTESIAN_POINT('',(-8.64523187029463,-1.5,19.1561774622945));
#4535=CARTESIAN_POINT('',(-1.,1.5,30.4906998284229));
#4536=CARTESIAN_POINT('',(-12.4124358970078,1.5,13.5710678118655));
#4537=CARTESIAN_POINT('Origin',(-19.1851783111804,1.5,13.5710678118655));
#4538=CARTESIAN_POINT('',(-19.1851783111804,-1.49999999999999,13.5710678118655));
#4539=CARTESIAN_POINT('',(-23.3425891555902,-1.49999999999999,13.5710678118655));
#4540=CARTESIAN_POINT('',(-19.1851783111804,1.5,13.5710678118655));
#4541=CARTESIAN_POINT('Origin',(-2.70765549291756,1.5,38.));
#4542=CARTESIAN_POINT('',(-2.70765549291756,-1.50000000000001,38.));
#4543=CARTESIAN_POINT('',(-6.12030576275681,-1.5,32.9405379107519));
#4544=CARTESIAN_POINT('',(-2.70765549291756,1.5,38.));
#4545=CARTESIAN_POINT('Origin',(-1.,1.5,38.));
#4546=CARTESIAN_POINT('',(-1.,-1.50000000000001,38.));
#4547=CARTESIAN_POINT('',(-14.25,-1.50000000000001,38.));
#4548=CARTESIAN_POINT('',(-1.,1.5,38.));
#4549=CARTESIAN_POINT('Origin',(-1.,1.5,30.4906998284229));
#4550=CARTESIAN_POINT('',(-1.,-1.5,35.2453499142115));
#4551=CARTESIAN_POINT('Origin',(-15.7582579077607,1.5,22.2282695441183));
#4552=CARTESIAN_POINT('',(-24.5,-1.5,34.5445605191607));
#4553=CARTESIAN_POINT('',(-15.7582579077607,-1.5,22.2282695441183));
#4554=CARTESIAN_POINT('',(-21.9191029457411,-1.5,30.908319737692));
#4555=CARTESIAN_POINT('',(-24.5,1.5,34.5445605191607));
#4556=CARTESIAN_POINT('',(-15.7582579077607,1.5,22.2282695441183));
#4557=CARTESIAN_POINT('Origin',(-24.5,1.5,34.5445605191607));
#4558=CARTESIAN_POINT('',(-24.5,-1.49999999999999,16.0236374059136));
#4559=CARTESIAN_POINT('',(-24.5,-1.50000000000001,37.2722802595804));
#4560=CARTESIAN_POINT('',(-24.5,1.5,16.0236374059136));
#4561=CARTESIAN_POINT('Origin',(-24.5,1.5,16.0236374059136));
#4562=CARTESIAN_POINT('',(-19.8391549620196,-1.5,19.3317685093831));
#4563=CARTESIAN_POINT('Origin',(-27.5,-1.49999999999999,12.642135623731));
#4564=CARTESIAN_POINT('',(27.5,-1.49999999999999,12.642135623731));
#4565=CARTESIAN_POINT('',(27.5,-1.97303390593273,12.1691017177982));
#4566=CARTESIAN_POINT('',(-27.5,-1.49999999999999,12.642135623731));
#4567=CARTESIAN_POINT('',(-27.5,-1.49999999999999,12.642135623731));
#4568=CARTESIAN_POINT('',(-27.5,-1.97303390593273,12.1691017177982));
#4569=CARTESIAN_POINT('Origin',(-27.5,-1.50000000000001,40.));
#4570=CARTESIAN_POINT('',(27.5,-1.50000000000001,40.));
#4571=CARTESIAN_POINT('',(27.5,-1.5,20.));
#4572=CARTESIAN_POINT('',(-27.5,-1.50000000000001,40.));
#4573=CARTESIAN_POINT('',(-27.5,-1.50000000000001,40.));
#4574=CARTESIAN_POINT('',(-27.5,-1.5,20.));
#4575=CARTESIAN_POINT('Origin',(-27.5,9.25,0.));
#4576=CARTESIAN_POINT('',(-27.5,-9.25,40.));
#4577=CARTESIAN_POINT('',(-27.5,9.25,40.));
#4578=CARTESIAN_POINT('',(-27.5,-9.25,13.25));
#4579=CARTESIAN_POINT('',(-27.5,-9.25,0.));
#4580=CARTESIAN_POINT('',(-27.5,-13.25,9.25));
#4581=CARTESIAN_POINT('',(-27.5,-8.93750000000001,13.5625));
#4582=CARTESIAN_POINT('',(-27.5,-40.,9.25));
#4583=CARTESIAN_POINT('',(-27.5,-5.43823880019506E-16,9.25));
#4584=CARTESIAN_POINT('',(-27.5,-40.,9.25));
#4585=CARTESIAN_POINT('Origin',(-36.75,-11.25,11.25));
#4586=CARTESIAN_POINT('',(-46.,-9.25,13.25));
#4587=CARTESIAN_POINT('',(-36.75,-9.25,13.25));
#4588=CARTESIAN_POINT('',(-46.,-13.25,9.25));
#4589=CARTESIAN_POINT('',(-46.,-13.5625,8.9375));
#4590=CARTESIAN_POINT('',(-36.75,-13.25,9.25));
#4591=CARTESIAN_POINT('Origin',(-27.5,-9.25,0.));
#4592=CARTESIAN_POINT('',(-46.,-9.25,40.));
#4593=CARTESIAN_POINT('',(-27.5,-9.25,40.));
#4594=CARTESIAN_POINT('',(-46.,-9.25,0.));
#4595=CARTESIAN_POINT('',(-35.15,-9.25,21.));
#4596=CARTESIAN_POINT('Origin',(-36.75,-9.25,21.));
#4597=CARTESIAN_POINT('',(-35.15,-9.25,34.));
#4598=CARTESIAN_POINT('Origin',(-36.75,-9.25,34.));
#4599=CARTESIAN_POINT('Origin',(-29.,-9.25,7.75));
#4600=CARTESIAN_POINT('',(-44.5,-9.25,7.75));
#4601=CARTESIAN_POINT('',(-44.5,-7.75,9.25));
#4602=CARTESIAN_POINT('',(-44.5,-8.875,8.125));
#4603=CARTESIAN_POINT('',(-29.,-7.75,9.25));
#4604=CARTESIAN_POINT('',(-45.25,-7.75,9.25));
#4605=CARTESIAN_POINT('',(-29.,-9.25,7.75));
#4606=CARTESIAN_POINT('',(-29.,-9.25,7.75));
#4607=CARTESIAN_POINT('',(-28.25,-9.25,7.75));
#4608=CARTESIAN_POINT('Origin',(-41.75,-9.24999999999999,-9.25));
#4609=CARTESIAN_POINT('',(-40.2941190629352,-5.39210959205505,-11.0489638415474));
#4610=CARTESIAN_POINT('',(-40.2941190629352,11.0489638415474,5.39210959205505));
#4611=CARTESIAN_POINT('',(-40.2941190629352,12.0784271247462,6.42157287525381));
#4612=CARTESIAN_POINT('',(-41.75,-9.24999999999999,-9.25));
#4613=CARTESIAN_POINT('',(-41.2263647912323,-7.86243649962211,-9.89703148640256));
#4614=CARTESIAN_POINT('',(-41.75,9.25,9.25));
#4615=CARTESIAN_POINT('',(-41.75,-9.24999999999999,-9.25));
#4616=CARTESIAN_POINT('',(-40.3800157741457,10.9428253012029,5.61972442635668));
#4617=CARTESIAN_POINT('Origin',(-41.75,9.25,9.25));
#4618=CARTESIAN_POINT('',(-33.2058809370648,11.0489638415474,5.39210959205505));
#4619=CARTESIAN_POINT('',(-31.75,11.0489638415474,5.39210959205505));
#4620=CARTESIAN_POINT('',(-31.75,9.25,9.25));
#4621=CARTESIAN_POINT('',(-46.,9.25,9.25));
#4622=CARTESIAN_POINT('',(-32.2736352087677,9.89703148640256,7.86243649962212));
#4623=CARTESIAN_POINT('Origin',(-31.75,9.25,9.25));
#4624=CARTESIAN_POINT('',(-33.2058809370648,-5.39210959205505,-11.0489638415474));
#4625=CARTESIAN_POINT('',(-33.2058809370648,-6.4215728752538,-12.0784271247462));
#4626=CARTESIAN_POINT('',(-31.75,-9.24999999999999,-9.25));
#4627=CARTESIAN_POINT('',(-31.75,1.38777878078145E-15,1.38777878078145E-15));
#4628=CARTESIAN_POINT('',(-33.1199842258543,-5.61972442635667,-10.9428253012029));
#4629=CARTESIAN_POINT('Origin',(-31.75,-9.24999999999999,-9.25));
#4630=CARTESIAN_POINT('',(-41.75,-5.39210959205505,-11.0489638415474));
#4631=CARTESIAN_POINT('',(-36.75,-9.25,-9.25));
#4632=CARTESIAN_POINT('Origin',(-36.75,2.8284271247462,-2.82842712474619));
#4633=CARTESIAN_POINT('Origin',(-46.,-9.24999999999999,-9.25));
#4634=CARTESIAN_POINT('',(-46.,-9.24999999999999,-9.25));
#4635=CARTESIAN_POINT('',(-36.75,-9.25,-9.25));
#4636=CARTESIAN_POINT('',(-46.,9.25,9.25));
#4637=CARTESIAN_POINT('',(-46.,-2.3125,-2.3125));
#4638=CARTESIAN_POINT('',(-46.,9.25,9.25));
#4639=CARTESIAN_POINT('Origin',(-46.,-9.24999999999999,-9.25));
#4640=CARTESIAN_POINT('',(-46.,9.25,9.25));
#4641=CARTESIAN_POINT('',(-36.75,-9.25,-9.25));
#4642=CARTESIAN_POINT('Origin',(-46.,-11.3713203435596,-9.25));
#4643=CARTESIAN_POINT('',(-44.5,-9.87132034355964,-7.75));
#4644=CARTESIAN_POINT('',(-29.,-9.87132034355964,-7.75));
#4645=CARTESIAN_POINT('',(-45.25,-9.87132034355964,-7.75));
#4646=CARTESIAN_POINT('',(-29.,7.75,9.87132034355964));
#4647=CARTESIAN_POINT('',(-29.,-8.15349025766973,-6.03216991411009));
#4648=CARTESIAN_POINT('',(-44.5,7.75,9.87132034355964));
#4649=CARTESIAN_POINT('',(-37.5,7.75,9.87132034355964));
#4650=CARTESIAN_POINT('',(-44.5,-4.27849025766973,-2.15716991411009));
#4651=CARTESIAN_POINT('Origin',(-46.,9.25,0.));
#4652=CARTESIAN_POINT('',(-46.,9.25,40.));
#4653=CARTESIAN_POINT('',(-46.,9.25,0.));
#4654=CARTESIAN_POINT('',(-46.,9.25,40.));
#4655=CARTESIAN_POINT('',(-35.15,9.25,21.));
#4656=CARTESIAN_POINT('Origin',(-36.75,9.25,21.));
#4657=CARTESIAN_POINT('',(-35.15,9.25,34.));
#4658=CARTESIAN_POINT('Origin',(-36.75,9.25,34.));
#4659=CARTESIAN_POINT('Origin',(-44.5,-1.58477365929476E-15,-7.75));
#4660=CARTESIAN_POINT('',(-44.5,-40.,-7.75));
#4661=CARTESIAN_POINT('',(-44.5,-1.58477365929476E-15,-7.75));
#4662=CARTESIAN_POINT('',(-29.,-40.,-7.75));
#4663=CARTESIAN_POINT('',(-44.5,-40.,-7.75));
#4664=CARTESIAN_POINT('',(-29.,-1.58477365929476E-15,-7.75));
#4665=CARTESIAN_POINT('',(-35.15,-21.,-7.75));
#4666=CARTESIAN_POINT('Origin',(-36.75,-21.,-7.75));
#4667=CARTESIAN_POINT('',(-35.15,-34.,-7.75));
#4668=CARTESIAN_POINT('Origin',(-36.75,-34.,-7.75));
#4669=CARTESIAN_POINT('Origin',(-29.,-7.75,0.));
#4670=CARTESIAN_POINT('',(-29.,-40.,7.75));
#4671=CARTESIAN_POINT('',(-29.,-40.,-7.75));
#4672=CARTESIAN_POINT('',(-29.,-6.35672389955557E-16,7.75));
#4673=CARTESIAN_POINT('',(-29.,-7.75,40.));
#4674=CARTESIAN_POINT('',(-29.,-7.75,0.));
#4675=CARTESIAN_POINT('',(-29.,7.75,40.));
#4676=CARTESIAN_POINT('',(-29.,-7.75,40.));
#4677=CARTESIAN_POINT('',(-29.,7.75,0.));
#4678=CARTESIAN_POINT('Origin',(-27.5,-1.67662216923081E-15,-9.25));
#4679=CARTESIAN_POINT('',(-46.,-40.,-9.25));
#4680=CARTESIAN_POINT('',(-46.,-1.67662216923081E-15,-9.25));
#4681=CARTESIAN_POINT('',(-27.5,-40.,-9.25));
#4682=CARTESIAN_POINT('',(-35.15,-21.,-9.25));
#4683=CARTESIAN_POINT('Origin',(-36.75,-21.,-9.25));
#4684=CARTESIAN_POINT('',(-35.15,-34.,-9.25));
#4685=CARTESIAN_POINT('Origin',(-36.75,-34.,-9.25));
#4686=CARTESIAN_POINT('Origin',(-29.,7.75,0.));
#4687=CARTESIAN_POINT('',(-44.5,7.75,40.));
#4688=CARTESIAN_POINT('',(-29.,7.75,40.));
#4689=CARTESIAN_POINT('',(-44.5,7.75,0.));
#4690=CARTESIAN_POINT('',(-35.15,7.75,21.));
#4691=CARTESIAN_POINT('Origin',(-36.75,7.75,21.));
#4692=CARTESIAN_POINT('',(-35.15,7.75,34.));
#4693=CARTESIAN_POINT('Origin',(-36.75,7.75,34.));
#4694=CARTESIAN_POINT('Origin',(-46.,-9.25,0.));
#4695=CARTESIAN_POINT('',(-46.,-40.,9.25));
#4696=CARTESIAN_POINT('',(-46.,-40.,-9.25));
#4697=CARTESIAN_POINT('',(-46.,-5.43823880019506E-16,9.25));
#4698=CARTESIAN_POINT('',(-46.,-9.25,40.));
#4699=CARTESIAN_POINT('Origin',(-44.5,7.75,0.));
#4700=CARTESIAN_POINT('',(-44.5,-7.75,40.));
#4701=CARTESIAN_POINT('',(-44.5,7.75,40.));
#4702=CARTESIAN_POINT('',(-44.5,-7.75,0.));
#4703=CARTESIAN_POINT('',(-44.5,-40.,7.75000000000001));
#4704=CARTESIAN_POINT('',(-44.5,-6.35672389955557E-16,7.75));
#4705=CARTESIAN_POINT('',(-44.5,-40.,7.75000000000001));
#4706=CARTESIAN_POINT('Origin',(-36.75,-34.,9.25));
#4707=CARTESIAN_POINT('',(-35.15,-34.,9.25));
#4708=CARTESIAN_POINT('Origin',(-36.75,-21.,9.25));
#4709=CARTESIAN_POINT('',(-35.15,-21.,9.25));
#4710=CARTESIAN_POINT('Origin',(-36.75,-21.,9.25));
#4711=CARTESIAN_POINT('',(-35.15,-21.,7.75));
#4712=CARTESIAN_POINT('',(-35.15,-21.,9.25));
#4713=CARTESIAN_POINT('Origin',(-36.75,-21.,7.75));
#4714=CARTESIAN_POINT('Origin',(-36.75,-21.,9.25));
#4715=CARTESIAN_POINT('',(-35.15,-21.,9.25));
#4716=CARTESIAN_POINT('Origin',(-36.75,-34.,9.25));
#4717=CARTESIAN_POINT('',(-35.15,-34.,9.25));
#4718=CARTESIAN_POINT('Origin',(-36.75,-34.,9.25));
#4719=CARTESIAN_POINT('',(-35.15,-34.,7.75));
#4720=CARTESIAN_POINT('',(-35.15,-34.,9.25));
#4721=CARTESIAN_POINT('Origin',(-36.75,-34.,7.75));
#4722=CARTESIAN_POINT('Origin',(-46.,-5.43823880019506E-16,9.25));
#4723=CARTESIAN_POINT('',(-46.,-40.,9.25));
#4724=CARTESIAN_POINT('Origin',(-29.,-6.35672389955557E-16,7.75));
#4725=CARTESIAN_POINT('',(-29.,-40.,7.75));
#4726=CARTESIAN_POINT('Origin',(-44.5,-7.75,0.));
#4727=CARTESIAN_POINT('',(-44.5,-7.75,40.));
#4728=CARTESIAN_POINT('',(-35.15,-7.75,34.));
#4729=CARTESIAN_POINT('Origin',(-36.75,-7.75,34.));
#4730=CARTESIAN_POINT('',(-35.15,-7.75,21.));
#4731=CARTESIAN_POINT('Origin',(-36.75,-7.75,21.));
#4732=CARTESIAN_POINT('Origin',(-36.75,9.25,34.));
#4733=CARTESIAN_POINT('',(-35.15,9.25,34.));
#4734=CARTESIAN_POINT('Origin',(-36.75,9.25,34.));
#4735=CARTESIAN_POINT('',(-35.15,9.25,34.));
#4736=CARTESIAN_POINT('Origin',(-36.75,9.25,21.));
#4737=CARTESIAN_POINT('',(-35.15,9.25,21.));
#4738=CARTESIAN_POINT('Origin',(-36.75,9.25,21.));
#4739=CARTESIAN_POINT('',(-35.15,9.25,21.));
#4740=CARTESIAN_POINT('Origin',(27.5,9.25,0.));
#4741=CARTESIAN_POINT('',(27.5,-40.,9.25));
#4742=CARTESIAN_POINT('',(27.5,-9.25,40.));
#4743=CARTESIAN_POINT('',(27.5,-9.25,0.));
#4744=CARTESIAN_POINT('',(27.5,9.25,40.));
#4745=CARTESIAN_POINT('Origin',(27.5,9.25,0.));
#4746=CARTESIAN_POINT('',(27.5,9.25,40.));
#4747=CARTESIAN_POINT('',(27.5,9.25,40.));
#4748=CARTESIAN_POINT('',(27.5,9.25,9.25));
#4749=CARTESIAN_POINT('',(27.5,9.25,0.));
#4750=CARTESIAN_POINT('',(27.5,-9.25,-9.25));
#4751=CARTESIAN_POINT('',(27.5,2.3125,2.3125));
#4752=CARTESIAN_POINT('',(27.5,-40.,-9.25));
#4753=CARTESIAN_POINT('',(27.5,-1.67662216923081E-15,-9.25));
#4754=CARTESIAN_POINT('',(27.5,-40.,9.25));
#4755=CARTESIAN_POINT('Origin',(41.75,-9.24999999999999,-9.25));
#4756=CARTESIAN_POINT('',(40.2941190629352,-5.39210959205505,-11.0489638415474));
#4757=CARTESIAN_POINT('',(40.2941190629352,11.0489638415474,5.39210959205505));
#4758=CARTESIAN_POINT('',(40.2941190629352,12.0784271247462,6.42157287525381));
#4759=CARTESIAN_POINT('',(41.75,9.25,9.25));
#4760=CARTESIAN_POINT('',(40.3800157741457,10.9428253012029,5.61972442635668));
#4761=CARTESIAN_POINT('',(41.75,-9.24999999999999,-9.25));
#4762=CARTESIAN_POINT('',(41.75,-9.24999999999999,-9.25));
#4763=CARTESIAN_POINT('',(41.2263647912323,-7.86243649962211,-9.89703148640256));
#4764=CARTESIAN_POINT('Origin',(41.75,9.25,9.25));
#4765=CARTESIAN_POINT('',(33.2058809370648,11.0489638415474,5.39210959205505));
#4766=CARTESIAN_POINT('',(31.75,11.0489638415474,5.39210959205505));
#4767=CARTESIAN_POINT('',(31.75,9.25,9.25));
#4768=CARTESIAN_POINT('',(32.2736352087677,9.89703148640256,7.86243649962212));
#4769=CARTESIAN_POINT('',(46.,9.25,9.25));
#4770=CARTESIAN_POINT('Origin',(31.75,9.25,9.25));
#4771=CARTESIAN_POINT('',(33.2058809370648,-5.39210959205505,-11.0489638415474));
#4772=CARTESIAN_POINT('',(33.2058809370648,-6.4215728752538,-12.0784271247462));
#4773=CARTESIAN_POINT('',(31.75,-9.24999999999999,-9.25));
#4774=CARTESIAN_POINT('',(33.1199842258543,-5.61972442635667,-10.9428253012029));
#4775=CARTESIAN_POINT('',(31.75,1.38777878078145E-15,1.38777878078145E-15));
#4776=CARTESIAN_POINT('Origin',(31.75,-9.24999999999999,-9.25));
#4777=CARTESIAN_POINT('',(41.75,-5.39210959205505,-11.0489638415474));
#4778=CARTESIAN_POINT('',(36.75,-9.25,-9.25));
#4779=CARTESIAN_POINT('Origin',(36.75,2.8284271247462,-2.82842712474619));
#4780=CARTESIAN_POINT('Origin',(46.,-9.24999999999999,-9.25));
#4781=CARTESIAN_POINT('',(46.,9.25,9.25));
#4782=CARTESIAN_POINT('',(46.,9.25,9.25));
#4783=CARTESIAN_POINT('',(46.,-9.24999999999999,-9.25));
#4784=CARTESIAN_POINT('',(46.,-2.3125,-2.3125));
#4785=CARTESIAN_POINT('',(36.75,-9.25,-9.25));
#4786=CARTESIAN_POINT('Origin',(46.,-9.24999999999999,-9.25));
#4787=CARTESIAN_POINT('',(36.75,-9.25,-9.25));
#4788=CARTESIAN_POINT('',(46.,9.25,9.25));
#4789=CARTESIAN_POINT('Origin',(46.,-11.3713203435596,-9.25));
#4790=CARTESIAN_POINT('',(44.5,-9.87132034355964,-7.75));
#4791=CARTESIAN_POINT('',(29.,-9.87132034355964,-7.75));
#4792=CARTESIAN_POINT('',(45.25,-9.87132034355964,-7.75));
#4793=CARTESIAN_POINT('',(44.5,7.75,9.87132034355964));
#4794=CARTESIAN_POINT('',(44.5,-4.27849025766973,-2.15716991411009));
#4795=CARTESIAN_POINT('',(29.,7.75,9.87132034355964));
#4796=CARTESIAN_POINT('',(37.5,7.75,9.87132034355964));
#4797=CARTESIAN_POINT('',(29.,-8.15349025766973,-6.03216991411009));
#4798=CARTESIAN_POINT('Origin',(46.,9.25,0.));
#4799=CARTESIAN_POINT('',(46.,9.25,40.));
#4800=CARTESIAN_POINT('',(46.,9.25,0.));
#4801=CARTESIAN_POINT('',(46.,9.25,40.));
#4802=CARTESIAN_POINT('',(35.15,9.25,21.));
#4803=CARTESIAN_POINT('Origin',(36.75,9.25,21.));
#4804=CARTESIAN_POINT('',(35.15,9.25,34.));
#4805=CARTESIAN_POINT('Origin',(36.75,9.25,34.));
#4806=CARTESIAN_POINT('Origin',(44.5,-1.58477365929476E-15,-7.75));
#4807=CARTESIAN_POINT('',(29.,-40.,-7.75));
#4808=CARTESIAN_POINT('',(29.,-1.58477365929476E-15,-7.75));
#4809=CARTESIAN_POINT('',(44.5,-40.,-7.75));
#4810=CARTESIAN_POINT('',(44.5,-40.,-7.75));
#4811=CARTESIAN_POINT('',(44.5,-1.58477365929476E-15,-7.75));
#4812=CARTESIAN_POINT('',(35.15,-21.,-7.75));
#4813=CARTESIAN_POINT('Origin',(36.75,-21.,-7.75));
#4814=CARTESIAN_POINT('',(35.15,-34.,-7.75));
#4815=CARTESIAN_POINT('Origin',(36.75,-34.,-7.75));
#4816=CARTESIAN_POINT('Origin',(29.,-7.75,0.));
#4817=CARTESIAN_POINT('',(29.,7.75,40.));
#4818=CARTESIAN_POINT('',(29.,7.75,0.));
#4819=CARTESIAN_POINT('',(29.,-7.75,40.));
#4820=CARTESIAN_POINT('',(29.,-7.75,40.));
#4821=CARTESIAN_POINT('',(29.,-7.75,0.));
#4822=CARTESIAN_POINT('',(29.,-40.,7.75));
#4823=CARTESIAN_POINT('',(29.,-6.35672389955557E-16,7.75));
#4824=CARTESIAN_POINT('',(29.,-40.,-7.75));
#4825=CARTESIAN_POINT('Origin',(27.5,-1.67662216923081E-15,-9.25));
#4826=CARTESIAN_POINT('',(46.,-40.,-9.25));
#4827=CARTESIAN_POINT('',(46.,-1.67662216923081E-15,-9.25));
#4828=CARTESIAN_POINT('',(27.5,-40.,-9.25));
#4829=CARTESIAN_POINT('',(35.15,-21.,-9.25));
#4830=CARTESIAN_POINT('Origin',(36.75,-21.,-9.25));
#4831=CARTESIAN_POINT('',(35.15,-34.,-9.25));
#4832=CARTESIAN_POINT('Origin',(36.75,-34.,-9.25));
#4833=CARTESIAN_POINT('Origin',(29.,7.75,0.));
#4834=CARTESIAN_POINT('',(44.5,7.75,40.));
#4835=CARTESIAN_POINT('',(44.5,7.75,0.));
#4836=CARTESIAN_POINT('',(29.,7.75,40.));
#4837=CARTESIAN_POINT('',(35.15,7.75,21.));
#4838=CARTESIAN_POINT('Origin',(36.75,7.75,21.));
#4839=CARTESIAN_POINT('',(35.15,7.75,34.));
#4840=CARTESIAN_POINT('Origin',(36.75,7.75,34.));
#4841=CARTESIAN_POINT('Origin',(46.,-9.25,0.));
#4842=CARTESIAN_POINT('',(46.,-9.25,40.));
#4843=CARTESIAN_POINT('',(46.,-9.25,40.));
#4844=CARTESIAN_POINT('',(46.,-9.25,0.));
#4845=CARTESIAN_POINT('',(46.,-40.,-9.25));
#4846=CARTESIAN_POINT('Origin',(44.5,7.75,0.));
#4847=CARTESIAN_POINT('',(44.5,-40.,7.75000000000001));
#4848=CARTESIAN_POINT('',(44.5,-40.,7.75000000000001));
#4849=CARTESIAN_POINT('',(44.5,-6.35672389955557E-16,7.75));
#4850=CARTESIAN_POINT('',(44.5,-7.75,40.));
#4851=CARTESIAN_POINT('',(44.5,-7.75,0.));
#4852=CARTESIAN_POINT('',(44.5,7.75,40.));
#4853=CARTESIAN_POINT('Origin',(36.75,-34.,9.25));
#4854=CARTESIAN_POINT('',(35.15,-34.,9.25));
#4855=CARTESIAN_POINT('Origin',(36.75,-21.,9.25));
#4856=CARTESIAN_POINT('',(35.15,-21.,7.75));
#4857=CARTESIAN_POINT('',(35.15,-21.,9.25));
#4858=CARTESIAN_POINT('Origin',(36.75,-21.,7.75));
#4859=CARTESIAN_POINT('Origin',(36.75,-21.,9.25));
#4860=CARTESIAN_POINT('',(35.15,-21.,9.25));
#4861=CARTESIAN_POINT('Origin',(36.75,-34.,9.25));
#4862=CARTESIAN_POINT('',(35.15,-34.,7.75));
#4863=CARTESIAN_POINT('',(35.15,-34.,9.25));
#4864=CARTESIAN_POINT('Origin',(36.75,-34.,7.75));
#4865=CARTESIAN_POINT('Origin',(29.,-6.35672389955557E-16,7.75));
#4866=CARTESIAN_POINT('',(29.,-40.,7.75));
#4867=CARTESIAN_POINT('Origin',(36.75,-40.,2.44929359829471E-15));
#4868=CARTESIAN_POINT('Origin',(44.5,-7.75,0.));
#4869=CARTESIAN_POINT('',(44.5,-7.75,40.));
#4870=CARTESIAN_POINT('',(35.15,-7.75,34.));
#4871=CARTESIAN_POINT('Origin',(36.75,-7.75,34.));
#4872=CARTESIAN_POINT('',(35.15,-7.75,21.));
#4873=CARTESIAN_POINT('Origin',(36.75,-7.75,21.));
#4874=CARTESIAN_POINT('Origin',(36.75,9.25,34.));
#4875=CARTESIAN_POINT('',(35.15,-9.25,34.));
#4876=CARTESIAN_POINT('',(35.15,9.25,34.));
#4877=CARTESIAN_POINT('Origin',(36.75,-9.25,34.));
#4878=CARTESIAN_POINT('Origin',(36.75,9.25,34.));
#4879=CARTESIAN_POINT('',(35.15,9.25,34.));
#4880=CARTESIAN_POINT('Origin',(36.75,9.25,21.));
#4881=CARTESIAN_POINT('',(35.15,-9.25,21.));
#4882=CARTESIAN_POINT('',(35.15,9.25,21.));
#4883=CARTESIAN_POINT('Origin',(36.75,-9.25,21.));
#4884=CARTESIAN_POINT('Origin',(36.75,9.25,21.));
#4885=CARTESIAN_POINT('',(35.15,9.25,21.));
#4886=CARTESIAN_POINT('Origin',(27.5,-9.25,0.));
#4887=CARTESIAN_POINT('',(27.5,-9.25,40.));
#4888=CARTESIAN_POINT('Origin',(36.75,-1.11022302462516E-15,40.));
#4889=UNCERTAINTY_MEASURE_WITH_UNIT(LENGTH_MEASURE(0.01),#4893,
'DISTANCE_ACCURACY_VALUE',
'Maximum model space distance between geometric entities at asserted c
onnectivities');
#4890=UNCERTAINTY_MEASURE_WITH_UNIT(LENGTH_MEASURE(0.01),#4893,
'DISTANCE_ACCURACY_VALUE',
'Maximum model space distance between geometric entities at asserted c
onnectivities');
#4891=(
GEOMETRIC_REPRESENTATION_CONTEXT(3)
GLOBAL_UNCERTAINTY_ASSIGNED_CONTEXT((#4889))
GLOBAL_UNIT_ASSIGNED_CONTEXT((#4893,#4895,#4896))
REPRESENTATION_CONTEXT('','3D')
);
#4892=(
GEOMETRIC_REPRESENTATION_CONTEXT(3)
GLOBAL_UNCERTAINTY_ASSIGNED_CONTEXT((#4890))
GLOBAL_UNIT_ASSIGNED_CONTEXT((#4893,#4895,#4896))
REPRESENTATION_CONTEXT('','3D')
);
#4893=(
LENGTH_UNIT()
NAMED_UNIT(*)
SI_UNIT(.MILLI.,.METRE.)
);
#4894=(
LENGTH_UNIT()
NAMED_UNIT(*)
SI_UNIT(.CENTI.,.METRE.)
);
#4895=(
NAMED_UNIT(*)
PLANE_ANGLE_UNIT()
SI_UNIT($,.RADIAN.)
);
#4896=(
NAMED_UNIT(*)
SI_UNIT($,.STERADIAN.)
SOLID_ANGLE_UNIT()
);
#4897=SHAPE_DEFINITION_REPRESENTATION(#4898,#4899);
#4898=PRODUCT_DEFINITION_SHAPE('',$,#4901);
#4899=SHAPE_REPRESENTATION('',(#3121),#4891);
#4900=PRODUCT_DEFINITION_CONTEXT('part definition',#4905,'design');
#4901=PRODUCT_DEFINITION('90_deg','90_deg',#4902,#4900);
#4902=PRODUCT_DEFINITION_FORMATION('',$,#4907);
#4903=PRODUCT_RELATED_PRODUCT_CATEGORY('90_deg','90_deg',(#4907));
#4904=APPLICATION_PROTOCOL_DEFINITION('international standard',
'automotive_design',2009,#4905);
#4905=APPLICATION_CONTEXT(
'Core Data for Automotive Mechanical Design Process');
#4906=PRODUCT_CONTEXT('part definition',#4905,'mechanical');
#4907=PRODUCT('90_deg','90_deg',$,(#4906));
#4908=PRESENTATION_STYLE_ASSIGNMENT((#4910));
#4909=PRESENTATION_STYLE_ASSIGNMENT((#4911));
#4910=SURFACE_STYLE_USAGE(.BOTH.,#4916);
#4911=SURFACE_STYLE_USAGE(.BOTH.,#4917);
#4912=SURFACE_STYLE_RENDERING_WITH_PROPERTIES($,#4924,(#4914));
#4913=SURFACE_STYLE_RENDERING_WITH_PROPERTIES($,#4925,(#4915));
#4914=SURFACE_STYLE_TRANSPARENT(0.);
#4915=SURFACE_STYLE_TRANSPARENT(0.);
#4916=SURFACE_SIDE_STYLE('',(#4918,#4912));
#4917=SURFACE_SIDE_STYLE('',(#4919,#4913));
#4918=SURFACE_STYLE_FILL_AREA(#4920);
#4919=SURFACE_STYLE_FILL_AREA(#4921);
#4920=FILL_AREA_STYLE('',(#4922));
#4921=FILL_AREA_STYLE('',(#4923));
#4922=FILL_AREA_STYLE_COLOUR('',#4924);
#4923=FILL_AREA_STYLE_COLOUR('',#4925);
#4924=COLOUR_RGB('',0.749019607843137,0.749019607843137,0.749019607843137);
#4925=COLOUR_RGB('',0.352941176470588,0.352941176470588,0.352941176470588);
ENDSEC;
END-ISO-10303-21;
