ISO-10303-21;
HEADER;
/* Generated by software containing ST-Developer
 * from STEP Tools, Inc. (www.steptools.com) 
 */

FILE_DESCRIPTION(
/* description */ (''),
/* implementation_level */ '2;1');

FILE_NAME(
/* name */ 'volume_handle.stp',
/* time_stamp */ '2026-02-03T11:43:26+09:00',
/* author */ ('hibik'),
/* organization */ (''),
/* preprocessor_version */ 'ST-DEVELOPER v20.1',
/* originating_system */ 'Autodesk Inventor 2026',
/* authorisation */ '');

FILE_SCHEMA (('AUTOMOTIVE_DESIGN { 1 0 10303 214 3 1 1 }'));
ENDSEC;

DATA;
#10=MECHANICAL_DESIGN_GEOMETRIC_PRESENTATION_REPRESENTATION('',(#13),#2632);
#11=SHAPE_REPRESENTATION_RELATIONSHIP('SRR','None',#2639,#12);
#12=ADVANCED_BREP_SHAPE_REPRESENTATION('',(#14),#2631);
#13=STYLED_ITEM('',(#2649),#14);
#14=MANIFOLD_SOLID_BREP('\X2\30BD30EA30C330C9\X0\1',#1236);
#15=(
BOUNDED_CURVE()
B_SPLINE_CURVE(2,(#1962,#1963,#1964),.UNSPECIFIED.,.F.,.F.)
B_SPLINE_CURVE_WITH_KNOTS((3,3),(0.,0.912188730626323),.UNSPECIFIED.)
CURVE()
GEOMETRIC_REPRESENTATION_ITEM()
RATIONAL_B_SPLINE_CURVE((1.,1.00536617075591,1.))
REPRESENTATION_ITEM('')
);
#16=(
BOUNDED_CURVE()
B_SPLINE_CURVE(2,(#1979,#1980,#1981),.UNSPECIFIED.,.F.,.F.)
B_SPLINE_CURVE_WITH_KNOTS((3,3),(0.,0.912188730626323),.UNSPECIFIED.)
CURVE()
GEOMETRIC_REPRESENTATION_ITEM()
RATIONAL_B_SPLINE_CURVE((1.,1.00536617075594,1.))
REPRESENTATION_ITEM('')
);
#17=(
BOUNDED_CURVE()
B_SPLINE_CURVE(2,(#1991,#1992,#1993),.UNSPECIFIED.,.F.,.F.)
B_SPLINE_CURVE_WITH_KNOTS((3,3),(0.,0.912188730626322),.UNSPECIFIED.)
CURVE()
GEOMETRIC_REPRESENTATION_ITEM()
RATIONAL_B_SPLINE_CURVE((1.,1.005366170756,1.))
REPRESENTATION_ITEM('')
);
#18=(
BOUNDED_CURVE()
B_SPLINE_CURVE(2,(#1996,#1997,#1998),.UNSPECIFIED.,.F.,.F.)
B_SPLINE_CURVE_WITH_KNOTS((3,3),(0.,0.912188730626322),.UNSPECIFIED.)
CURVE()
GEOMETRIC_REPRESENTATION_ITEM()
RATIONAL_B_SPLINE_CURVE((1.,1.00536617075604,1.))
REPRESENTATION_ITEM('')
);
#19=B_SPLINE_CURVE_WITH_KNOTS('',3,(#1878,#1879,#1880,#1881,#1882,#1883,
#1884,#1885,#1886,#1887,#1888,#1889,#1890,#1891,#1892,#1893,#1894,#1895,
#1896,#1897,#1898,#1899,#1900,#1901,#1902,#1903,#1904,#1905,#1906,#1907,
#1908,#1909,#1910,#1911),.UNSPECIFIED.,.F.,.F.,(4,2,2,2,2,2,2,2,2,2,2,2,
2,2,2,2,4),(0.,0.0491560665423364,0.0983121330846728,0.148479588847713,
0.198647044610754,0.251982578240801,0.305318111870848,0.359010956399065,
0.412703800927283,0.46463670846262,0.516569615997956,0.568009880746738,
0.61945014549552,0.676159239728915,0.732868333962309,0.789539206541345,
0.822493865442918),.UNSPECIFIED.);
#20=B_SPLINE_CURVE_WITH_KNOTS('',3,(#1912,#1913,#1914,#1915),
 .UNSPECIFIED.,.F.,.F.,(4,4),(0.822493865442918,0.846210079120381),
 .UNSPECIFIED.);
#21=B_SPLINE_CURVE_WITH_KNOTS('',3,(#1922,#1923,#1924,#1925),
 .UNSPECIFIED.,.F.,.F.,(4,4),(0.,0.0158893868064784),.UNSPECIFIED.);
#22=B_SPLINE_CURVE_WITH_KNOTS('',3,(#1926,#1927,#1928,#1929,#1930,#1931,
#1932,#1933,#1934,#1935,#1936,#1937,#1938,#1939,#1940,#1941,#1942,#1943,
#1944,#1945,#1946,#1947,#1948,#1949,#1950,#1951,#1952,#1953,#1954,#1955,
#1956,#1957,#1958,#1959),.UNSPECIFIED.,.F.,.F.,(4,2,2,2,2,2,2,2,2,2,2,2,
2,2,2,2,4),(0.0158893868064784,0.0536928445282176,0.107385689056435,0.160721222686482,
0.214056756316529,0.264224212079569,0.31439166784261,0.363547734384946,
0.412703800927283,0.469374673506318,0.526045546085354,0.582754640318749,
0.639463734552143,0.690903999300925,0.742344264049707,0.794277171585044,
0.84621007912038),.UNSPECIFIED.);
#23=B_SPLINE_CURVE_WITH_KNOTS('',3,(#2005,#2006,#2007,#2008),
 .UNSPECIFIED.,.F.,.F.,(4,4),(0.,0.0237162136774625),.UNSPECIFIED.);
#24=B_SPLINE_CURVE_WITH_KNOTS('',3,(#2009,#2010,#2011,#2012,#2013,#2014,
#2015,#2016,#2017,#2018,#2019,#2020,#2021,#2022,#2023,#2024,#2025,#2026,
#2027,#2028,#2029,#2030,#2031,#2032,#2033,#2034,#2035,#2036,#2037,#2038,
#2039,#2040,#2041,#2042),.UNSPECIFIED.,.F.,.F.,(4,2,2,2,2,2,2,2,2,2,2,2,
2,2,2,2,4),(0.0237162136774625,0.0566708725790357,0.113341745158071,0.170050839391466,
0.226759933624861,0.278200198373643,0.329640463122425,0.381573370657761,
0.433506278193098,0.487199122721315,0.540891967249533,0.59422750087958,
0.647563034509626,0.697730490272667,0.747897946035708,0.797054012578044,
0.846210079120381),.UNSPECIFIED.);
#25=B_SPLINE_CURVE_WITH_KNOTS('',3,(#2049,#2050,#2051,#2052,#2053,#2054,
#2055,#2056,#2057,#2058,#2059,#2060,#2061,#2062,#2063,#2064,#2065,#2066,
#2067,#2068,#2069,#2070,#2071,#2072,#2073,#2074,#2075,#2076,#2077,#2078,
#2079,#2080,#2081,#2082),.UNSPECIFIED.,.F.,.F.,(4,2,2,2,2,2,2,2,2,2,2,2,
2,2,2,2,4),(0.,0.0519329075353366,0.103865815070673,0.155306079819455,0.206746344568237,
0.263455438801632,0.320164533035026,0.376835405614062,0.433506278193098,
0.482662344735434,0.53181841127777,0.581985867040811,0.632153322803851,
0.685488856433898,0.738824390063945,0.792517234592163,0.830320692313902),
 .UNSPECIFIED.);
#26=B_SPLINE_CURVE_WITH_KNOTS('',3,(#2083,#2084,#2085,#2086),
 .UNSPECIFIED.,.F.,.F.,(4,4),(0.830320692313902,0.84621007912038),
 .UNSPECIFIED.);
#27=B_SPLINE_CURVE_WITH_KNOTS('',3,(#2143,#2144,#2145,#2146,#2147,#2148,
#2149,#2150,#2151),.UNSPECIFIED.,.F.,.F.,(4,3,2,4),(-0.385902752169623,
0.,0.516463106468995,0.832038082315522),.UNSPECIFIED.);
#28=B_SPLINE_CURVE_WITH_KNOTS('',3,(#2155,#2156,#2157,#2158,#2159,#2160,
#2161,#2162),.UNSPECIFIED.,.F.,.F.,(4,2,2,4),(1.92244511881742,2.23802009466395,
2.75448320113295,3.14038595330298),.UNSPECIFIED.);
#29=B_SPLINE_CURVE_WITH_KNOTS('',3,(#2167,#2168,#2169,#2170,#2171,#2172,
#2173,#2174,#2175),.UNSPECIFIED.,.F.,.F.,(4,3,2,4),(-0.385902752169618,
0.,0.516463106468995,0.832038082315526),.UNSPECIFIED.);
#30=B_SPLINE_CURVE_WITH_KNOTS('',3,(#2179,#2180,#2181,#2182,#2183,#2184,
#2185,#2186),.UNSPECIFIED.,.F.,.F.,(4,2,2,4),(1.92244511881742,2.23802009466395,
2.75448320113295,3.14038595330298),.UNSPECIFIED.);
#31=B_SPLINE_CURVE_WITH_KNOTS('',3,(#2191,#2192,#2193,#2194,#2195,#2196,
#2197,#2198,#2199),.UNSPECIFIED.,.F.,.F.,(4,3,2,4),(-0.385902752169619,
0.,0.516463106468996,0.832038082315524),.UNSPECIFIED.);
#32=B_SPLINE_CURVE_WITH_KNOTS('',3,(#2203,#2204,#2205,#2206,#2207,#2208,
#2209,#2210),.UNSPECIFIED.,.F.,.F.,(4,2,2,4),(1.92244511881742,2.23802009466395,
2.75448320113295,3.14038595330298),.UNSPECIFIED.);
#33=B_SPLINE_CURVE_WITH_KNOTS('',3,(#2215,#2216,#2217,#2218,#2219,#2220,
#2221,#2222,#2223),.UNSPECIFIED.,.F.,.F.,(4,3,2,4),(-0.38590275216962,0.,
0.516463106468995,0.832038082315525),.UNSPECIFIED.);
#34=B_SPLINE_CURVE_WITH_KNOTS('',3,(#2227,#2228,#2229,#2230,#2231,#2232,
#2233,#2234),.UNSPECIFIED.,.F.,.F.,(4,2,2,4),(1.92244511881742,2.23802009466395,
2.75448320113295,3.14038595330298),.UNSPECIFIED.);
#35=B_SPLINE_CURVE_WITH_KNOTS('',3,(#2239,#2240,#2241,#2242,#2243,#2244,
#2245,#2246,#2247),.UNSPECIFIED.,.F.,.F.,(4,3,2,4),(-0.385902752169616,
0.,0.516463106468995,0.832038082315529),.UNSPECIFIED.);
#36=B_SPLINE_CURVE_WITH_KNOTS('',3,(#2251,#2252,#2253,#2254,#2255,#2256,
#2257,#2258),.UNSPECIFIED.,.F.,.F.,(4,2,2,4),(1.92244511881743,2.23802009466396,
2.75448320113295,3.14038595330299),.UNSPECIFIED.);
#37=B_SPLINE_CURVE_WITH_KNOTS('',3,(#2263,#2264,#2265,#2266,#2267,#2268,
#2269,#2270,#2271),.UNSPECIFIED.,.F.,.F.,(4,3,2,4),(-0.385902752169619,
0.,0.516463106468997,0.832038082315525),.UNSPECIFIED.);
#38=B_SPLINE_CURVE_WITH_KNOTS('',3,(#2275,#2276,#2277,#2278,#2279,#2280,
#2281,#2282),.UNSPECIFIED.,.F.,.F.,(4,2,2,4),(1.92244511881742,2.23802009466396,
2.75448320113295,3.14038595330298),.UNSPECIFIED.);
#39=B_SPLINE_CURVE_WITH_KNOTS('',3,(#2287,#2288,#2289,#2290,#2291,#2292,
#2293,#2294,#2295),.UNSPECIFIED.,.F.,.F.,(4,3,2,4),(-0.38590275216962,0.,
0.516463106468995,0.832038082315524),.UNSPECIFIED.);
#40=B_SPLINE_CURVE_WITH_KNOTS('',3,(#2299,#2300,#2301,#2302,#2303,#2304,
#2305,#2306),.UNSPECIFIED.,.F.,.F.,(4,2,2,4),(1.92244511881742,2.23802009466395,
2.75448320113295,3.14038595330298),.UNSPECIFIED.);
#41=B_SPLINE_CURVE_WITH_KNOTS('',3,(#2311,#2312,#2313,#2314,#2315,#2316,
#2317,#2318,#2319),.UNSPECIFIED.,.F.,.F.,(4,3,2,4),(-0.385902752169617,
0.,0.516463106468996,0.832038082315527),.UNSPECIFIED.);
#42=B_SPLINE_CURVE_WITH_KNOTS('',3,(#2323,#2324,#2325,#2326,#2327,#2328,
#2329,#2330),.UNSPECIFIED.,.F.,.F.,(4,2,2,4),(1.92244511881743,2.23802009466396,
2.75448320113295,3.14038595330298),.UNSPECIFIED.);
#43=B_SPLINE_CURVE_WITH_KNOTS('',3,(#2335,#2336,#2337,#2338,#2339,#2340,
#2341,#2342,#2343),.UNSPECIFIED.,.F.,.F.,(4,3,2,4),(-0.385902752169618,
0.,0.516463106468996,0.832038082315526),.UNSPECIFIED.);
#44=B_SPLINE_CURVE_WITH_KNOTS('',3,(#2347,#2348,#2349,#2350,#2351,#2352,
#2353,#2354),.UNSPECIFIED.,.F.,.F.,(4,2,2,4),(1.92244511881742,2.23802009466396,
2.75448320113295,3.14038595330298),.UNSPECIFIED.);
#45=B_SPLINE_CURVE_WITH_KNOTS('',3,(#2359,#2360,#2361,#2362,#2363,#2364,
#2365,#2366,#2367),.UNSPECIFIED.,.F.,.F.,(4,3,2,4),(-0.385902752169617,
0.,0.516463106468994,0.832038082315527),.UNSPECIFIED.);
#46=B_SPLINE_CURVE_WITH_KNOTS('',3,(#2371,#2372,#2373,#2374,#2375,#2376,
#2377,#2378),.UNSPECIFIED.,.F.,.F.,(4,2,2,4),(1.92244511881742,2.23802009466395,
2.75448320113295,3.14038595330298),.UNSPECIFIED.);
#47=B_SPLINE_CURVE_WITH_KNOTS('',3,(#2383,#2384,#2385,#2386,#2387,#2388,
#2389,#2390,#2391),.UNSPECIFIED.,.F.,.F.,(4,3,2,4),(-0.385902752169618,
0.,0.516463106468995,0.832038082315526),.UNSPECIFIED.);
#48=B_SPLINE_CURVE_WITH_KNOTS('',3,(#2395,#2396,#2397,#2398,#2399,#2400,
#2401,#2402),.UNSPECIFIED.,.F.,.F.,(4,2,2,4),(1.92244511881743,2.23802009466396,
2.75448320113295,3.14038595330299),.UNSPECIFIED.);
#49=B_SPLINE_CURVE_WITH_KNOTS('',3,(#2407,#2408,#2409,#2410,#2411,#2412,
#2413,#2414,#2415),.UNSPECIFIED.,.F.,.F.,(4,3,2,4),(-0.385902752169622,
0.,0.516463106468993,0.832038082315522),.UNSPECIFIED.);
#50=B_SPLINE_CURVE_WITH_KNOTS('',3,(#2419,#2420,#2421,#2422,#2423,#2424,
#2425,#2426),.UNSPECIFIED.,.F.,.F.,(4,2,2,4),(1.92244511881742,2.23802009466395,
2.75448320113295,3.14038595330298),.UNSPECIFIED.);
#51=B_SPLINE_CURVE_WITH_KNOTS('',3,(#2431,#2432,#2433,#2434,#2435,#2436,
#2437,#2438,#2439),.UNSPECIFIED.,.F.,.F.,(4,3,2,4),(-0.385902752169619,
0.,0.516463106468995,0.832038082315525),.UNSPECIFIED.);
#52=B_SPLINE_CURVE_WITH_KNOTS('',3,(#2443,#2444,#2445,#2446,#2447,#2448,
#2449,#2450),.UNSPECIFIED.,.F.,.F.,(4,2,2,4),(1.92244511881743,2.23802009466396,
2.75448320113295,3.14038595330299),.UNSPECIFIED.);
#53=B_SPLINE_CURVE_WITH_KNOTS('',3,(#2455,#2456,#2457,#2458,#2459,#2460,
#2461,#2462,#2463),.UNSPECIFIED.,.F.,.F.,(4,3,2,4),(-0.385902752169622,
0.,0.516463106468994,0.832038082315522),.UNSPECIFIED.);
#54=B_SPLINE_CURVE_WITH_KNOTS('',3,(#2467,#2468,#2469,#2470,#2471,#2472,
#2473,#2474),.UNSPECIFIED.,.F.,.F.,(4,2,2,4),(1.92244511881743,2.23802009466395,
2.75448320113295,3.14038595330299),.UNSPECIFIED.);
#55=B_SPLINE_CURVE_WITH_KNOTS('',3,(#2479,#2480,#2481,#2482,#2483,#2484,
#2485,#2486,#2487),.UNSPECIFIED.,.F.,.F.,(4,3,2,4),(-0.385902752169617,
0.,0.516463106468996,0.832038082315526),.UNSPECIFIED.);
#56=B_SPLINE_CURVE_WITH_KNOTS('',3,(#2491,#2492,#2493,#2494,#2495,#2496,
#2497,#2498),.UNSPECIFIED.,.F.,.F.,(4,2,2,4),(1.92244511881742,2.23802009466395,
2.75448320113295,3.14038595330298),.UNSPECIFIED.);
#57=B_SPLINE_CURVE_WITH_KNOTS('',3,(#2503,#2504,#2505,#2506,#2507,#2508,
#2509,#2510,#2511),.UNSPECIFIED.,.F.,.F.,(4,3,2,4),(-0.38590275216962,0.,
0.516463106468995,0.832038082315524),.UNSPECIFIED.);
#58=B_SPLINE_CURVE_WITH_KNOTS('',3,(#2515,#2516,#2517,#2518,#2519,#2520,
#2521,#2522),.UNSPECIFIED.,.F.,.F.,(4,2,2,4),(1.92244511881742,2.23802009466395,
2.75448320113295,3.14038595330298),.UNSPECIFIED.);
#59=B_SPLINE_CURVE_WITH_KNOTS('',3,(#2527,#2528,#2529,#2530,#2531,#2532,
#2533,#2534,#2535),.UNSPECIFIED.,.F.,.F.,(4,3,2,4),(-0.385902752169617,
0.,0.516463106468996,0.832038082315527),.UNSPECIFIED.);
#60=B_SPLINE_CURVE_WITH_KNOTS('',3,(#2539,#2540,#2541,#2542,#2543,#2544,
#2545,#2546),.UNSPECIFIED.,.F.,.F.,(4,2,2,4),(1.92244511881743,2.23802009466396,
2.75448320113295,3.14038595330298),.UNSPECIFIED.);
#61=B_SPLINE_CURVE_WITH_KNOTS('',3,(#2573,#2574,#2575,#2576,#2577,#2578,
#2579,#2580,#2581),.UNSPECIFIED.,.F.,.F.,(4,3,2,4),(-0.385902752169614,
0.,0.516463106468997,0.83203808231553),.UNSPECIFIED.);
#62=B_SPLINE_CURVE_WITH_KNOTS('',3,(#2584,#2585,#2586,#2587,#2588,#2589,
#2590,#2591),.UNSPECIFIED.,.F.,.F.,(4,2,2,4),(1.92244511881743,2.23802009466396,
2.75448320113296,3.14038595330298),.UNSPECIFIED.);
#63=CONICAL_SURFACE('',#1277,7.1650635094611,0.523598775598299);
#64=CONICAL_SURFACE('',#1279,13.0310889132456,0.523598775598303);
#65=CONICAL_SURFACE('',#1291,20.3509358943552,0.415771823190416);
#66=CONICAL_SURFACE('',#1309,19.1122219264512,0.415771823190416);
#67=CONICAL_SURFACE('',#1318,13.89711431703,0.523598775598304);
#68=CONICAL_SURFACE('',#1324,0.25,0.00523598775598299);
#69=CONICAL_SURFACE('',#1327,0.25,0.00523598775598299);
#70=CONICAL_SURFACE('',#1330,0.25,0.00523598775598299);
#71=CONICAL_SURFACE('',#1333,0.25,0.00523598775598299);
#72=CONICAL_SURFACE('',#1336,0.25,0.00523598775598299);
#73=CONICAL_SURFACE('',#1339,0.25,0.00523598775598299);
#74=CONICAL_SURFACE('',#1342,0.25,0.00523598775598299);
#75=CONICAL_SURFACE('',#1345,0.25,0.00523598775598299);
#76=CONICAL_SURFACE('',#1348,0.25,0.00523598775598299);
#77=CONICAL_SURFACE('',#1351,0.25,0.00523598775598299);
#78=CONICAL_SURFACE('',#1354,0.25,0.00523598775598299);
#79=CONICAL_SURFACE('',#1357,0.25,0.00523598775598299);
#80=CONICAL_SURFACE('',#1360,0.25,0.00523598775598299);
#81=CONICAL_SURFACE('',#1363,0.25,0.00523598775598299);
#82=CONICAL_SURFACE('',#1366,0.25,0.00523598775598299);
#83=CONICAL_SURFACE('',#1369,0.25,0.00523598775598299);
#84=CONICAL_SURFACE('',#1372,0.25,0.00523598775598299);
#85=CONICAL_SURFACE('',#1395,3.,0.020943951023932);
#86=CONICAL_SURFACE('',#1397,3.,0.020943951023932);
#87=CONICAL_SURFACE('',#1399,3.,0.020943951023932);
#88=CONICAL_SURFACE('',#1401,3.,0.020943951023932);
#89=CONICAL_SURFACE('',#1403,3.,0.020943951023932);
#90=CONICAL_SURFACE('',#1405,3.,0.020943951023932);
#91=CONICAL_SURFACE('',#1407,3.,0.020943951023932);
#92=CONICAL_SURFACE('',#1409,3.,0.020943951023932);
#93=CONICAL_SURFACE('',#1411,3.,0.020943951023932);
#94=CONICAL_SURFACE('',#1413,3.,0.020943951023932);
#95=CONICAL_SURFACE('',#1415,3.,0.020943951023932);
#96=CONICAL_SURFACE('',#1417,3.,0.020943951023932);
#97=CONICAL_SURFACE('',#1419,3.,0.020943951023932);
#98=CONICAL_SURFACE('',#1421,3.,0.020943951023932);
#99=CONICAL_SURFACE('',#1423,3.,0.020943951023932);
#100=CONICAL_SURFACE('',#1425,3.,0.020943951023932);
#101=CONICAL_SURFACE('',#1427,3.,0.020943951023932);
#102=CONICAL_SURFACE('',#1429,0.25,0.00523598775598299);
#103=CONICAL_SURFACE('',#1433,3.,0.020943951023932);
#104=TOROIDAL_SURFACE('',#1273,10.0980762113533,3.);
#105=TOROIDAL_SURFACE('',#1303,7.,2.);
#106=FACE_BOUND('',#213,.T.);
#107=FACE_BOUND('',#215,.T.);
#108=FACE_BOUND('',#227,.T.);
#109=FACE_BOUND('',#228,.T.);
#110=FACE_BOUND('',#237,.T.);
#111=FACE_BOUND('',#238,.T.);
#112=FACE_BOUND('',#242,.T.);
#113=FACE_BOUND('',#243,.T.);
#114=FACE_BOUND('',#244,.T.);
#115=FACE_BOUND('',#245,.T.);
#116=FACE_BOUND('',#247,.T.);
#117=FACE_BOUND('',#252,.T.);
#118=FACE_BOUND('',#254,.T.);
#119=FACE_BOUND('',#256,.T.);
#120=FACE_BOUND('',#275,.T.);
#121=PLANE('',#1262);
#122=PLANE('',#1264);
#123=PLANE('',#1285);
#124=PLANE('',#1286);
#125=PLANE('',#1287);
#126=PLANE('',#1288);
#127=PLANE('',#1290);
#128=PLANE('',#1298);
#129=PLANE('',#1299);
#130=PLANE('',#1300);
#131=PLANE('',#1301);
#132=PLANE('',#1302);
#133=PLANE('',#1313);
#134=PLANE('',#1321);
#135=PLANE('',#1322);
#136=PLANE('',#1323);
#137=PLANE('',#1375);
#138=PLANE('',#1431);
#139=PLANE('',#1434);
#140=FACE_OUTER_BOUND('',#211,.T.);
#141=FACE_OUTER_BOUND('',#212,.T.);
#142=FACE_OUTER_BOUND('',#214,.T.);
#143=FACE_OUTER_BOUND('',#216,.T.);
#144=FACE_OUTER_BOUND('',#217,.T.);
#145=FACE_OUTER_BOUND('',#218,.T.);
#146=FACE_OUTER_BOUND('',#219,.T.);
#147=FACE_OUTER_BOUND('',#220,.T.);
#148=FACE_OUTER_BOUND('',#221,.T.);
#149=FACE_OUTER_BOUND('',#222,.T.);
#150=FACE_OUTER_BOUND('',#223,.T.);
#151=FACE_OUTER_BOUND('',#224,.T.);
#152=FACE_OUTER_BOUND('',#225,.T.);
#153=FACE_OUTER_BOUND('',#226,.T.);
#154=FACE_OUTER_BOUND('',#229,.T.);
#155=FACE_OUTER_BOUND('',#230,.T.);
#156=FACE_OUTER_BOUND('',#231,.T.);
#157=FACE_OUTER_BOUND('',#232,.T.);
#158=FACE_OUTER_BOUND('',#233,.T.);
#159=FACE_OUTER_BOUND('',#234,.T.);
#160=FACE_OUTER_BOUND('',#235,.T.);
#161=FACE_OUTER_BOUND('',#236,.T.);
#162=FACE_OUTER_BOUND('',#239,.T.);
#163=FACE_OUTER_BOUND('',#240,.T.);
#164=FACE_OUTER_BOUND('',#241,.T.);
#165=FACE_OUTER_BOUND('',#246,.T.);
#166=FACE_OUTER_BOUND('',#248,.T.);
#167=FACE_OUTER_BOUND('',#249,.T.);
#168=FACE_OUTER_BOUND('',#250,.T.);
#169=FACE_OUTER_BOUND('',#251,.T.);
#170=FACE_OUTER_BOUND('',#253,.T.);
#171=FACE_OUTER_BOUND('',#255,.T.);
#172=FACE_OUTER_BOUND('',#257,.T.);
#173=FACE_OUTER_BOUND('',#258,.T.);
#174=FACE_OUTER_BOUND('',#259,.T.);
#175=FACE_OUTER_BOUND('',#260,.T.);
#176=FACE_OUTER_BOUND('',#261,.T.);
#177=FACE_OUTER_BOUND('',#262,.T.);
#178=FACE_OUTER_BOUND('',#263,.T.);
#179=FACE_OUTER_BOUND('',#264,.T.);
#180=FACE_OUTER_BOUND('',#265,.T.);
#181=FACE_OUTER_BOUND('',#266,.T.);
#182=FACE_OUTER_BOUND('',#267,.T.);
#183=FACE_OUTER_BOUND('',#268,.T.);
#184=FACE_OUTER_BOUND('',#269,.T.);
#185=FACE_OUTER_BOUND('',#270,.T.);
#186=FACE_OUTER_BOUND('',#271,.T.);
#187=FACE_OUTER_BOUND('',#272,.T.);
#188=FACE_OUTER_BOUND('',#273,.T.);
#189=FACE_OUTER_BOUND('',#274,.T.);
#190=FACE_OUTER_BOUND('',#276,.T.);
#191=FACE_OUTER_BOUND('',#277,.T.);
#192=FACE_OUTER_BOUND('',#278,.T.);
#193=FACE_OUTER_BOUND('',#279,.T.);
#194=FACE_OUTER_BOUND('',#280,.T.);
#195=FACE_OUTER_BOUND('',#281,.T.);
#196=FACE_OUTER_BOUND('',#282,.T.);
#197=FACE_OUTER_BOUND('',#283,.T.);
#198=FACE_OUTER_BOUND('',#284,.T.);
#199=FACE_OUTER_BOUND('',#285,.T.);
#200=FACE_OUTER_BOUND('',#286,.T.);
#201=FACE_OUTER_BOUND('',#287,.T.);
#202=FACE_OUTER_BOUND('',#288,.T.);
#203=FACE_OUTER_BOUND('',#289,.T.);
#204=FACE_OUTER_BOUND('',#290,.T.);
#205=FACE_OUTER_BOUND('',#291,.T.);
#206=FACE_OUTER_BOUND('',#292,.T.);
#207=FACE_OUTER_BOUND('',#293,.T.);
#208=FACE_OUTER_BOUND('',#294,.T.);
#209=FACE_OUTER_BOUND('',#295,.T.);
#210=FACE_OUTER_BOUND('',#296,.T.);
#211=EDGE_LOOP('',(#782,#783,#784,#785));
#212=EDGE_LOOP('',(#786));
#213=EDGE_LOOP('',(#787));
#214=EDGE_LOOP('',(#788));
#215=EDGE_LOOP('',(#789));
#216=EDGE_LOOP('',(#790,#791,#792,#793,#794,#795,#796,#797,#798,#799,#800,
#801,#802));
#217=EDGE_LOOP('',(#803,#804,#805,#806));
#218=EDGE_LOOP('',(#807,#808,#809,#810));
#219=EDGE_LOOP('',(#811,#812,#813,#814));
#220=EDGE_LOOP('',(#815,#816,#817,#818,#819));
#221=EDGE_LOOP('',(#820,#821,#822,#823,#824));
#222=EDGE_LOOP('',(#825,#826,#827,#828,#829));
#223=EDGE_LOOP('',(#830,#831,#832,#833));
#224=EDGE_LOOP('',(#834,#835,#836,#837,#838));
#225=EDGE_LOOP('',(#839,#840,#841,#842));
#226=EDGE_LOOP('',(#843,#844,#845,#846));
#227=EDGE_LOOP('',(#847));
#228=EDGE_LOOP('',(#848));
#229=EDGE_LOOP('',(#849,#850,#851,#852,#853,#854,#855,#856,#857,#858,#859,
#860));
#230=EDGE_LOOP('',(#861,#862,#863,#864,#865));
#231=EDGE_LOOP('',(#866,#867,#868,#869,#870));
#232=EDGE_LOOP('',(#871,#872,#873,#874,#875));
#233=EDGE_LOOP('',(#876,#877,#878,#879,#880));
#234=EDGE_LOOP('',(#881,#882,#883,#884,#885));
#235=EDGE_LOOP('',(#886,#887,#888,#889));
#236=EDGE_LOOP('',(#890,#891,#892,#893));
#237=EDGE_LOOP('',(#894));
#238=EDGE_LOOP('',(#895));
#239=EDGE_LOOP('',(#896,#897,#898,#899));
#240=EDGE_LOOP('',(#900,#901,#902,#903));
#241=EDGE_LOOP('',(#904,#905,#906,#907,#908));
#242=EDGE_LOOP('',(#909,#910));
#243=EDGE_LOOP('',(#911,#912));
#244=EDGE_LOOP('',(#913,#914));
#245=EDGE_LOOP('',(#915,#916));
#246=EDGE_LOOP('',(#917));
#247=EDGE_LOOP('',(#918));
#248=EDGE_LOOP('',(#919,#920,#921,#922));
#249=EDGE_LOOP('',(#923,#924,#925,#926,#927));
#250=EDGE_LOOP('',(#928,#929,#930,#931));
#251=EDGE_LOOP('',(#932));
#252=EDGE_LOOP('',(#933));
#253=EDGE_LOOP('',(#934));
#254=EDGE_LOOP('',(#935));
#255=EDGE_LOOP('',(#936));
#256=EDGE_LOOP('',(#937));
#257=EDGE_LOOP('',(#938,#939,#940,#941));
#258=EDGE_LOOP('',(#942,#943,#944,#945));
#259=EDGE_LOOP('',(#946,#947,#948,#949));
#260=EDGE_LOOP('',(#950,#951,#952,#953));
#261=EDGE_LOOP('',(#954,#955,#956,#957));
#262=EDGE_LOOP('',(#958,#959,#960,#961));
#263=EDGE_LOOP('',(#962,#963,#964,#965));
#264=EDGE_LOOP('',(#966,#967,#968,#969));
#265=EDGE_LOOP('',(#970,#971,#972,#973));
#266=EDGE_LOOP('',(#974,#975,#976,#977));
#267=EDGE_LOOP('',(#978,#979,#980,#981));
#268=EDGE_LOOP('',(#982,#983,#984,#985));
#269=EDGE_LOOP('',(#986,#987,#988,#989));
#270=EDGE_LOOP('',(#990,#991,#992,#993));
#271=EDGE_LOOP('',(#994,#995,#996,#997));
#272=EDGE_LOOP('',(#998,#999,#1000,#1001));
#273=EDGE_LOOP('',(#1002,#1003,#1004,#1005));
#274=EDGE_LOOP('',(#1006));
#275=EDGE_LOOP('',(#1007,#1008,#1009,#1010,#1011,#1012,#1013,#1014,#1015,
#1016,#1017,#1018,#1019,#1020,#1021,#1022,#1023,#1024,#1025,#1026,#1027,
#1028,#1029,#1030,#1031,#1032,#1033,#1034,#1035,#1036,#1037,#1038,#1039,
#1040,#1041,#1042));
#276=EDGE_LOOP('',(#1043,#1044,#1045,#1046));
#277=EDGE_LOOP('',(#1047,#1048,#1049,#1050));
#278=EDGE_LOOP('',(#1051,#1052,#1053,#1054));
#279=EDGE_LOOP('',(#1055,#1056,#1057,#1058));
#280=EDGE_LOOP('',(#1059,#1060,#1061,#1062));
#281=EDGE_LOOP('',(#1063,#1064,#1065,#1066));
#282=EDGE_LOOP('',(#1067,#1068,#1069,#1070));
#283=EDGE_LOOP('',(#1071,#1072,#1073,#1074));
#284=EDGE_LOOP('',(#1075,#1076,#1077,#1078));
#285=EDGE_LOOP('',(#1079,#1080,#1081,#1082));
#286=EDGE_LOOP('',(#1083,#1084,#1085,#1086));
#287=EDGE_LOOP('',(#1087,#1088,#1089,#1090));
#288=EDGE_LOOP('',(#1091,#1092,#1093,#1094));
#289=EDGE_LOOP('',(#1095,#1096,#1097,#1098));
#290=EDGE_LOOP('',(#1099,#1100,#1101,#1102));
#291=EDGE_LOOP('',(#1103,#1104,#1105,#1106));
#292=EDGE_LOOP('',(#1107,#1108,#1109,#1110));
#293=EDGE_LOOP('',(#1111,#1112,#1113,#1114));
#294=EDGE_LOOP('',(#1115,#1116,#1117,#1118,#1119,#1120,#1121,#1122,#1123,
#1124,#1125,#1126,#1127,#1128,#1129,#1130,#1131,#1132,#1133,#1134,#1135,
#1136,#1137,#1138,#1139,#1140,#1141,#1142,#1143,#1144,#1145,#1146,#1147,
#1148,#1149,#1150));
#295=EDGE_LOOP('',(#1151,#1152,#1153,#1154));
#296=EDGE_LOOP('',(#1155));
#297=LINE('',#1828,#331);
#298=LINE('',#1839,#332);
#299=LINE('',#1845,#333);
#300=LINE('',#1848,#334);
#301=LINE('',#1852,#335);
#302=LINE('',#1856,#336);
#303=LINE('',#1867,#337);
#304=LINE('',#1871,#338);
#305=LINE('',#1876,#339);
#306=LINE('',#1920,#340);
#307=LINE('',#1966,#341);
#308=LINE('',#1968,#342);
#309=LINE('',#1969,#343);
#310=LINE('',#1972,#344);
#311=LINE('',#1973,#345);
#312=LINE('',#1976,#346);
#313=LINE('',#1978,#347);
#314=LINE('',#1984,#348);
#315=LINE('',#1989,#349);
#316=LINE('',#2003,#350);
#317=LINE('',#2047,#351);
#318=LINE('',#2089,#352);
#319=LINE('',#2091,#353);
#320=LINE('',#2092,#354);
#321=LINE('',#2095,#355);
#322=LINE('',#2096,#356);
#323=LINE('',#2099,#357);
#324=LINE('',#2100,#358);
#325=LINE('',#2102,#359);
#326=LINE('',#2113,#360);
#327=LINE('',#2119,#361);
#328=LINE('',#2128,#362);
#329=LINE('',#2130,#363);
#330=LINE('',#2135,#364);
#331=VECTOR('',#1441,25.);
#332=VECTOR('',#1454,10.);
#333=VECTOR('',#1459,10.);
#334=VECTOR('',#1462,23.);
#335=VECTOR('',#1465,10.);
#336=VECTOR('',#1468,10.);
#337=VECTOR('',#1483,7.1650635094611);
#338=VECTOR('',#1488,13.0310889132456);
#339=VECTOR('',#1493,1.3);
#340=VECTOR('',#1498,1.3);
#341=VECTOR('',#1501,10.);
#342=VECTOR('',#1502,10.);
#343=VECTOR('',#1503,10.);
#344=VECTOR('',#1506,10.);
#345=VECTOR('',#1507,10.);
#346=VECTOR('',#1510,10.);
#347=VECTOR('',#1511,10.);
#348=VECTOR('',#1516,10.);
#349=VECTOR('',#1523,20.3509358943552);
#350=VECTOR('',#1530,1.3);
#351=VECTOR('',#1535,1.3);
#352=VECTOR('',#1538,10.);
#353=VECTOR('',#1539,10.);
#354=VECTOR('',#1540,10.);
#355=VECTOR('',#1543,10.);
#356=VECTOR('',#1544,10.);
#357=VECTOR('',#1547,10.);
#358=VECTOR('',#1548,10.);
#359=VECTOR('',#1551,10.);
#360=VECTOR('',#1566,5.);
#361=VECTOR('',#1571,19.1122219264512);
#362=VECTOR('',#1584,23.);
#363=VECTOR('',#1587,23.);
#364=VECTOR('',#1592,13.89711431703);
#365=CIRCLE('',#1260,25.);
#366=CIRCLE('',#1261,25.);
#367=CIRCLE('',#1263,23.);
#368=CIRCLE('',#1265,23.);
#369=CIRCLE('',#1267,23.);
#370=CIRCLE('',#1268,23.);
#371=CIRCLE('',#1269,23.);
#372=CIRCLE('',#1270,23.);
#373=CIRCLE('',#1271,23.);
#374=CIRCLE('',#1272,23.);
#375=CIRCLE('',#1274,12.6961524227066);
#376=CIRCLE('',#1275,3.);
#377=CIRCLE('',#1276,7.50000000000001);
#378=CIRCLE('',#1278,5.86602540378444);
#379=CIRCLE('',#1280,14.3301270189222);
#380=CIRCLE('',#1282,1.3);
#381=CIRCLE('',#1284,1.3);
#382=CIRCLE('',#1289,19.467914525807);
#383=CIRCLE('',#1292,17.7018717887104);
#384=CIRCLE('',#1293,19.467914525807);
#385=CIRCLE('',#1295,1.3);
#386=CIRCLE('',#1297,1.3);
#387=CIRCLE('',#1304,5.);
#388=CIRCLE('',#1305,2.);
#389=CIRCLE('',#1306,7.59807621135332);
#390=CIRCLE('',#1308,5.);
#391=CIRCLE('',#1310,21.5);
#392=CIRCLE('',#1311,16.7244438529023);
#393=CIRCLE('',#1312,21.5);
#394=CIRCLE('',#1314,23.);
#395=CIRCLE('',#1315,21.5);
#396=CIRCLE('',#1319,12.5980762113533);
#397=CIRCLE('',#1320,15.1961524227067);
#398=CIRCLE('',#1325,0.318068462874102);
#399=CIRCLE('',#1326,0.25);
#400=CIRCLE('',#1328,0.318068462874102);
#401=CIRCLE('',#1329,0.25);
#402=CIRCLE('',#1331,0.318068462874102);
#403=CIRCLE('',#1332,0.25);
#404=CIRCLE('',#1334,0.318068462874102);
#405=CIRCLE('',#1335,0.25);
#406=CIRCLE('',#1337,0.318068462874102);
#407=CIRCLE('',#1338,0.25);
#408=CIRCLE('',#1340,0.318068462874102);
#409=CIRCLE('',#1341,0.25);
#410=CIRCLE('',#1343,0.318068462874102);
#411=CIRCLE('',#1344,0.25);
#412=CIRCLE('',#1346,0.318068462874102);
#413=CIRCLE('',#1347,0.25);
#414=CIRCLE('',#1349,0.318068462874102);
#415=CIRCLE('',#1350,0.25);
#416=CIRCLE('',#1352,0.318068462874102);
#417=CIRCLE('',#1353,0.25);
#418=CIRCLE('',#1355,0.318068462874102);
#419=CIRCLE('',#1356,0.25);
#420=CIRCLE('',#1358,0.318068462874102);
#421=CIRCLE('',#1359,0.25);
#422=CIRCLE('',#1361,0.318068462874102);
#423=CIRCLE('',#1362,0.25);
#424=CIRCLE('',#1364,0.318068462874102);
#425=CIRCLE('',#1365,0.25);
#426=CIRCLE('',#1367,0.318068462874102);
#427=CIRCLE('',#1368,0.25);
#428=CIRCLE('',#1370,0.318068462874102);
#429=CIRCLE('',#1371,0.25);
#430=CIRCLE('',#1373,0.318068462874102);
#431=CIRCLE('',#1374,0.25);
#432=CIRCLE('',#1376,3.27231118082558);
#433=CIRCLE('',#1377,0.25);
#434=CIRCLE('',#1378,3.27231118082558);
#435=CIRCLE('',#1379,3.27231118082558);
#436=CIRCLE('',#1380,3.27231118082558);
#437=CIRCLE('',#1381,3.27231118082558);
#438=CIRCLE('',#1382,3.27231118082558);
#439=CIRCLE('',#1383,3.27231118082558);
#440=CIRCLE('',#1384,3.27231118082558);
#441=CIRCLE('',#1385,3.27231118082558);
#442=CIRCLE('',#1386,3.27231118082558);
#443=CIRCLE('',#1387,3.27231118082558);
#444=CIRCLE('',#1388,3.27231118082558);
#445=CIRCLE('',#1389,3.27231118082558);
#446=CIRCLE('',#1390,3.27231118082558);
#447=CIRCLE('',#1391,3.27231118082558);
#448=CIRCLE('',#1392,3.27231118082558);
#449=CIRCLE('',#1393,3.27231118082558);
#450=CIRCLE('',#1394,3.27231118082558);
#451=CIRCLE('',#1396,3.);
#452=CIRCLE('',#1398,3.);
#453=CIRCLE('',#1400,3.);
#454=CIRCLE('',#1402,3.);
#455=CIRCLE('',#1404,3.);
#456=CIRCLE('',#1406,3.);
#457=CIRCLE('',#1408,3.);
#458=CIRCLE('',#1410,3.);
#459=CIRCLE('',#1412,3.);
#460=CIRCLE('',#1414,3.);
#461=CIRCLE('',#1416,3.);
#462=CIRCLE('',#1418,3.);
#463=CIRCLE('',#1420,3.);
#464=CIRCLE('',#1422,3.);
#465=CIRCLE('',#1424,3.);
#466=CIRCLE('',#1426,3.);
#467=CIRCLE('',#1428,3.);
#468=CIRCLE('',#1430,0.318068462874102);
#469=CIRCLE('',#1432,3.);
#470=VERTEX_POINT('',#1825);
#471=VERTEX_POINT('',#1827);
#472=VERTEX_POINT('',#1831);
#473=VERTEX_POINT('',#1834);
#474=VERTEX_POINT('',#1837);
#475=VERTEX_POINT('',#1838);
#476=VERTEX_POINT('',#1840);
#477=VERTEX_POINT('',#1842);
#478=VERTEX_POINT('',#1844);
#479=VERTEX_POINT('',#1846);
#480=VERTEX_POINT('',#1849);
#481=VERTEX_POINT('',#1851);
#482=VERTEX_POINT('',#1853);
#483=VERTEX_POINT('',#1855);
#484=VERTEX_POINT('',#1859);
#485=VERTEX_POINT('',#1861);
#486=VERTEX_POINT('',#1865);
#487=VERTEX_POINT('',#1869);
#488=VERTEX_POINT('',#1873);
#489=VERTEX_POINT('',#1875);
#490=VERTEX_POINT('',#1877);
#491=VERTEX_POINT('',#1917);
#492=VERTEX_POINT('',#1919);
#493=VERTEX_POINT('',#1921);
#494=VERTEX_POINT('',#1961);
#495=VERTEX_POINT('',#1965);
#496=VERTEX_POINT('',#1967);
#497=VERTEX_POINT('',#1971);
#498=VERTEX_POINT('',#1975);
#499=VERTEX_POINT('',#1977);
#500=VERTEX_POINT('',#1987);
#501=VERTEX_POINT('',#1990);
#502=VERTEX_POINT('',#1994);
#503=VERTEX_POINT('',#2000);
#504=VERTEX_POINT('',#2002);
#505=VERTEX_POINT('',#2004);
#506=VERTEX_POINT('',#2044);
#507=VERTEX_POINT('',#2046);
#508=VERTEX_POINT('',#2048);
#509=VERTEX_POINT('',#2088);
#510=VERTEX_POINT('',#2090);
#511=VERTEX_POINT('',#2094);
#512=VERTEX_POINT('',#2098);
#513=VERTEX_POINT('',#2105);
#514=VERTEX_POINT('',#2107);
#515=VERTEX_POINT('',#2111);
#516=VERTEX_POINT('',#2115);
#517=VERTEX_POINT('',#2116);
#518=VERTEX_POINT('',#2118);
#519=VERTEX_POINT('',#2123);
#520=VERTEX_POINT('',#2125);
#521=VERTEX_POINT('',#2132);
#522=VERTEX_POINT('',#2134);
#523=VERTEX_POINT('',#2141);
#524=VERTEX_POINT('',#2142);
#525=VERTEX_POINT('',#2152);
#526=VERTEX_POINT('',#2154);
#527=VERTEX_POINT('',#2165);
#528=VERTEX_POINT('',#2166);
#529=VERTEX_POINT('',#2176);
#530=VERTEX_POINT('',#2178);
#531=VERTEX_POINT('',#2189);
#532=VERTEX_POINT('',#2190);
#533=VERTEX_POINT('',#2200);
#534=VERTEX_POINT('',#2202);
#535=VERTEX_POINT('',#2213);
#536=VERTEX_POINT('',#2214);
#537=VERTEX_POINT('',#2224);
#538=VERTEX_POINT('',#2226);
#539=VERTEX_POINT('',#2237);
#540=VERTEX_POINT('',#2238);
#541=VERTEX_POINT('',#2248);
#542=VERTEX_POINT('',#2250);
#543=VERTEX_POINT('',#2261);
#544=VERTEX_POINT('',#2262);
#545=VERTEX_POINT('',#2272);
#546=VERTEX_POINT('',#2274);
#547=VERTEX_POINT('',#2285);
#548=VERTEX_POINT('',#2286);
#549=VERTEX_POINT('',#2296);
#550=VERTEX_POINT('',#2298);
#551=VERTEX_POINT('',#2309);
#552=VERTEX_POINT('',#2310);
#553=VERTEX_POINT('',#2320);
#554=VERTEX_POINT('',#2322);
#555=VERTEX_POINT('',#2333);
#556=VERTEX_POINT('',#2334);
#557=VERTEX_POINT('',#2344);
#558=VERTEX_POINT('',#2346);
#559=VERTEX_POINT('',#2357);
#560=VERTEX_POINT('',#2358);
#561=VERTEX_POINT('',#2368);
#562=VERTEX_POINT('',#2370);
#563=VERTEX_POINT('',#2381);
#564=VERTEX_POINT('',#2382);
#565=VERTEX_POINT('',#2392);
#566=VERTEX_POINT('',#2394);
#567=VERTEX_POINT('',#2405);
#568=VERTEX_POINT('',#2406);
#569=VERTEX_POINT('',#2416);
#570=VERTEX_POINT('',#2418);
#571=VERTEX_POINT('',#2429);
#572=VERTEX_POINT('',#2430);
#573=VERTEX_POINT('',#2440);
#574=VERTEX_POINT('',#2442);
#575=VERTEX_POINT('',#2453);
#576=VERTEX_POINT('',#2454);
#577=VERTEX_POINT('',#2464);
#578=VERTEX_POINT('',#2466);
#579=VERTEX_POINT('',#2477);
#580=VERTEX_POINT('',#2478);
#581=VERTEX_POINT('',#2488);
#582=VERTEX_POINT('',#2490);
#583=VERTEX_POINT('',#2501);
#584=VERTEX_POINT('',#2502);
#585=VERTEX_POINT('',#2512);
#586=VERTEX_POINT('',#2514);
#587=VERTEX_POINT('',#2525);
#588=VERTEX_POINT('',#2526);
#589=VERTEX_POINT('',#2536);
#590=VERTEX_POINT('',#2538);
#591=VERTEX_POINT('',#2549);
#592=VERTEX_POINT('',#2551);
#593=VERTEX_POINT('',#2571);
#594=VERTEX_POINT('',#2583);
#595=EDGE_CURVE('',#470,#470,#365,.T.);
#596=EDGE_CURVE('',#470,#471,#297,.T.);
#597=EDGE_CURVE('',#471,#471,#366,.T.);
#598=EDGE_CURVE('',#472,#472,#367,.T.);
#599=EDGE_CURVE('',#473,#473,#368,.T.);
#600=EDGE_CURVE('',#474,#475,#298,.T.);
#601=EDGE_CURVE('',#475,#476,#369,.T.);
#602=EDGE_CURVE('',#476,#477,#370,.T.);
#603=EDGE_CURVE('',#477,#478,#299,.T.);
#604=EDGE_CURVE('',#478,#479,#371,.T.);
#605=EDGE_CURVE('',#479,#473,#300,.T.);
#606=EDGE_CURVE('',#479,#480,#372,.T.);
#607=EDGE_CURVE('',#480,#481,#301,.T.);
#608=EDGE_CURVE('',#481,#482,#373,.T.);
#609=EDGE_CURVE('',#482,#483,#302,.T.);
#610=EDGE_CURVE('',#483,#474,#374,.T.);
#611=EDGE_CURVE('',#484,#484,#375,.T.);
#612=EDGE_CURVE('',#484,#485,#376,.T.);
#613=EDGE_CURVE('',#485,#485,#377,.T.);
#614=EDGE_CURVE('',#486,#486,#378,.T.);
#615=EDGE_CURVE('',#486,#485,#303,.T.);
#616=EDGE_CURVE('',#487,#487,#379,.T.);
#617=EDGE_CURVE('',#487,#484,#304,.T.);
#618=EDGE_CURVE('',#488,#488,#380,.T.);
#619=EDGE_CURVE('',#488,#489,#305,.T.);
#620=EDGE_CURVE('',#490,#489,#19,.T.);
#621=EDGE_CURVE('',#489,#490,#20,.T.);
#622=EDGE_CURVE('',#491,#491,#381,.T.);
#623=EDGE_CURVE('',#491,#492,#306,.T.);
#624=EDGE_CURVE('',#493,#492,#21,.T.);
#625=EDGE_CURVE('',#492,#493,#22,.T.);
#626=EDGE_CURVE('',#494,#482,#15,.T.);
#627=EDGE_CURVE('',#495,#494,#307,.T.);
#628=EDGE_CURVE('',#495,#496,#308,.T.);
#629=EDGE_CURVE('',#496,#483,#309,.T.);
#630=EDGE_CURVE('',#496,#497,#310,.T.);
#631=EDGE_CURVE('',#497,#474,#311,.T.);
#632=EDGE_CURVE('',#497,#498,#312,.T.);
#633=EDGE_CURVE('',#498,#499,#313,.T.);
#634=EDGE_CURVE('',#475,#499,#16,.T.);
#635=EDGE_CURVE('',#499,#494,#382,.T.);
#636=EDGE_CURVE('',#498,#495,#314,.T.);
#637=EDGE_CURVE('',#500,#500,#383,.T.);
#638=EDGE_CURVE('',#500,#476,#315,.T.);
#639=EDGE_CURVE('',#481,#501,#17,.T.);
#640=EDGE_CURVE('',#501,#502,#384,.T.);
#641=EDGE_CURVE('',#502,#477,#18,.T.);
#642=EDGE_CURVE('',#503,#503,#385,.T.);
#643=EDGE_CURVE('',#503,#504,#316,.T.);
#644=EDGE_CURVE('',#505,#504,#23,.T.);
#645=EDGE_CURVE('',#504,#505,#24,.T.);
#646=EDGE_CURVE('',#506,#506,#386,.T.);
#647=EDGE_CURVE('',#506,#507,#317,.T.);
#648=EDGE_CURVE('',#508,#507,#25,.T.);
#649=EDGE_CURVE('',#507,#508,#26,.T.);
#650=EDGE_CURVE('',#509,#480,#318,.T.);
#651=EDGE_CURVE('',#510,#509,#319,.T.);
#652=EDGE_CURVE('',#510,#501,#320,.T.);
#653=EDGE_CURVE('',#511,#478,#321,.T.);
#654=EDGE_CURVE('',#509,#511,#322,.T.);
#655=EDGE_CURVE('',#511,#512,#323,.T.);
#656=EDGE_CURVE('',#512,#502,#324,.T.);
#657=EDGE_CURVE('',#512,#510,#325,.T.);
#658=EDGE_CURVE('',#513,#513,#387,.T.);
#659=EDGE_CURVE('',#513,#514,#388,.T.);
#660=EDGE_CURVE('',#514,#514,#389,.T.);
#661=EDGE_CURVE('',#515,#515,#390,.T.);
#662=EDGE_CURVE('',#515,#513,#326,.T.);
#663=EDGE_CURVE('',#516,#517,#391,.T.);
#664=EDGE_CURVE('',#516,#518,#327,.T.);
#665=EDGE_CURVE('',#518,#518,#392,.T.);
#666=EDGE_CURVE('',#517,#516,#393,.T.);
#667=EDGE_CURVE('',#519,#519,#394,.T.);
#668=EDGE_CURVE('',#520,#520,#395,.T.);
#669=EDGE_CURVE('',#472,#519,#328,.T.);
#670=EDGE_CURVE('',#520,#517,#329,.T.);
#671=EDGE_CURVE('',#521,#521,#396,.T.);
#672=EDGE_CURVE('',#521,#522,#330,.T.);
#673=EDGE_CURVE('',#522,#522,#397,.T.);
#674=EDGE_CURVE('',#523,#524,#27,.T.);
#675=EDGE_CURVE('',#525,#523,#398,.T.);
#676=EDGE_CURVE('',#526,#525,#28,.T.);
#677=EDGE_CURVE('',#524,#526,#399,.T.);
#678=EDGE_CURVE('',#527,#528,#29,.T.);
#679=EDGE_CURVE('',#529,#527,#400,.T.);
#680=EDGE_CURVE('',#530,#529,#30,.T.);
#681=EDGE_CURVE('',#528,#530,#401,.T.);
#682=EDGE_CURVE('',#531,#532,#31,.T.);
#683=EDGE_CURVE('',#533,#531,#402,.T.);
#684=EDGE_CURVE('',#534,#533,#32,.T.);
#685=EDGE_CURVE('',#532,#534,#403,.T.);
#686=EDGE_CURVE('',#535,#536,#33,.T.);
#687=EDGE_CURVE('',#537,#535,#404,.T.);
#688=EDGE_CURVE('',#538,#537,#34,.T.);
#689=EDGE_CURVE('',#536,#538,#405,.T.);
#690=EDGE_CURVE('',#539,#540,#35,.T.);
#691=EDGE_CURVE('',#541,#539,#406,.T.);
#692=EDGE_CURVE('',#542,#541,#36,.T.);
#693=EDGE_CURVE('',#540,#542,#407,.T.);
#694=EDGE_CURVE('',#543,#544,#37,.T.);
#695=EDGE_CURVE('',#545,#543,#408,.T.);
#696=EDGE_CURVE('',#546,#545,#38,.T.);
#697=EDGE_CURVE('',#544,#546,#409,.T.);
#698=EDGE_CURVE('',#547,#548,#39,.T.);
#699=EDGE_CURVE('',#549,#547,#410,.T.);
#700=EDGE_CURVE('',#550,#549,#40,.T.);
#701=EDGE_CURVE('',#548,#550,#411,.T.);
#702=EDGE_CURVE('',#551,#552,#41,.T.);
#703=EDGE_CURVE('',#553,#551,#412,.T.);
#704=EDGE_CURVE('',#554,#553,#42,.T.);
#705=EDGE_CURVE('',#552,#554,#413,.T.);
#706=EDGE_CURVE('',#555,#556,#43,.T.);
#707=EDGE_CURVE('',#557,#555,#414,.T.);
#708=EDGE_CURVE('',#558,#557,#44,.T.);
#709=EDGE_CURVE('',#556,#558,#415,.T.);
#710=EDGE_CURVE('',#559,#560,#45,.T.);
#711=EDGE_CURVE('',#561,#559,#416,.T.);
#712=EDGE_CURVE('',#562,#561,#46,.T.);
#713=EDGE_CURVE('',#560,#562,#417,.T.);
#714=EDGE_CURVE('',#563,#564,#47,.T.);
#715=EDGE_CURVE('',#565,#563,#418,.T.);
#716=EDGE_CURVE('',#566,#565,#48,.T.);
#717=EDGE_CURVE('',#564,#566,#419,.T.);
#718=EDGE_CURVE('',#567,#568,#49,.T.);
#719=EDGE_CURVE('',#569,#567,#420,.T.);
#720=EDGE_CURVE('',#570,#569,#50,.T.);
#721=EDGE_CURVE('',#568,#570,#421,.T.);
#722=EDGE_CURVE('',#571,#572,#51,.T.);
#723=EDGE_CURVE('',#573,#571,#422,.T.);
#724=EDGE_CURVE('',#574,#573,#52,.T.);
#725=EDGE_CURVE('',#572,#574,#423,.T.);
#726=EDGE_CURVE('',#575,#576,#53,.T.);
#727=EDGE_CURVE('',#577,#575,#424,.T.);
#728=EDGE_CURVE('',#578,#577,#54,.T.);
#729=EDGE_CURVE('',#576,#578,#425,.T.);
#730=EDGE_CURVE('',#579,#580,#55,.T.);
#731=EDGE_CURVE('',#581,#579,#426,.T.);
#732=EDGE_CURVE('',#582,#581,#56,.T.);
#733=EDGE_CURVE('',#580,#582,#427,.T.);
#734=EDGE_CURVE('',#583,#584,#57,.T.);
#735=EDGE_CURVE('',#585,#583,#428,.T.);
#736=EDGE_CURVE('',#586,#585,#58,.T.);
#737=EDGE_CURVE('',#584,#586,#429,.T.);
#738=EDGE_CURVE('',#587,#588,#59,.T.);
#739=EDGE_CURVE('',#589,#587,#430,.T.);
#740=EDGE_CURVE('',#590,#589,#60,.T.);
#741=EDGE_CURVE('',#588,#590,#431,.T.);
#742=EDGE_CURVE('',#526,#591,#432,.T.);
#743=EDGE_CURVE('',#591,#592,#433,.T.);
#744=EDGE_CURVE('',#592,#588,#434,.T.);
#745=EDGE_CURVE('',#590,#584,#435,.T.);
#746=EDGE_CURVE('',#586,#580,#436,.T.);
#747=EDGE_CURVE('',#582,#576,#437,.T.);
#748=EDGE_CURVE('',#578,#572,#438,.T.);
#749=EDGE_CURVE('',#574,#568,#439,.T.);
#750=EDGE_CURVE('',#570,#564,#440,.T.);
#751=EDGE_CURVE('',#566,#560,#441,.T.);
#752=EDGE_CURVE('',#562,#556,#442,.T.);
#753=EDGE_CURVE('',#558,#552,#443,.T.);
#754=EDGE_CURVE('',#554,#548,#444,.T.);
#755=EDGE_CURVE('',#550,#544,#445,.T.);
#756=EDGE_CURVE('',#546,#540,#446,.T.);
#757=EDGE_CURVE('',#542,#536,#447,.T.);
#758=EDGE_CURVE('',#538,#532,#448,.T.);
#759=EDGE_CURVE('',#534,#528,#449,.T.);
#760=EDGE_CURVE('',#530,#524,#450,.T.);
#761=EDGE_CURVE('',#593,#525,#451,.T.);
#762=EDGE_CURVE('',#593,#591,#61,.T.);
#763=EDGE_CURVE('',#592,#594,#62,.T.);
#764=EDGE_CURVE('',#587,#594,#452,.T.);
#765=EDGE_CURVE('',#583,#589,#453,.T.);
#766=EDGE_CURVE('',#579,#585,#454,.T.);
#767=EDGE_CURVE('',#575,#581,#455,.T.);
#768=EDGE_CURVE('',#571,#577,#456,.T.);
#769=EDGE_CURVE('',#567,#573,#457,.T.);
#770=EDGE_CURVE('',#563,#569,#458,.T.);
#771=EDGE_CURVE('',#559,#565,#459,.T.);
#772=EDGE_CURVE('',#555,#561,#460,.T.);
#773=EDGE_CURVE('',#551,#557,#461,.T.);
#774=EDGE_CURVE('',#547,#553,#462,.T.);
#775=EDGE_CURVE('',#543,#549,#463,.T.);
#776=EDGE_CURVE('',#539,#545,#464,.T.);
#777=EDGE_CURVE('',#535,#541,#465,.T.);
#778=EDGE_CURVE('',#531,#537,#466,.T.);
#779=EDGE_CURVE('',#527,#533,#467,.T.);
#780=EDGE_CURVE('',#594,#593,#468,.T.);
#781=EDGE_CURVE('',#523,#529,#469,.T.);
#782=ORIENTED_EDGE('',*,*,#595,.F.);
#783=ORIENTED_EDGE('',*,*,#596,.T.);
#784=ORIENTED_EDGE('',*,*,#597,.F.);
#785=ORIENTED_EDGE('',*,*,#596,.F.);
#786=ORIENTED_EDGE('',*,*,#597,.T.);
#787=ORIENTED_EDGE('',*,*,#598,.F.);
#788=ORIENTED_EDGE('',*,*,#595,.T.);
#789=ORIENTED_EDGE('',*,*,#599,.F.);
#790=ORIENTED_EDGE('',*,*,#600,.T.);
#791=ORIENTED_EDGE('',*,*,#601,.T.);
#792=ORIENTED_EDGE('',*,*,#602,.T.);
#793=ORIENTED_EDGE('',*,*,#603,.T.);
#794=ORIENTED_EDGE('',*,*,#604,.T.);
#795=ORIENTED_EDGE('',*,*,#605,.T.);
#796=ORIENTED_EDGE('',*,*,#599,.T.);
#797=ORIENTED_EDGE('',*,*,#605,.F.);
#798=ORIENTED_EDGE('',*,*,#606,.T.);
#799=ORIENTED_EDGE('',*,*,#607,.T.);
#800=ORIENTED_EDGE('',*,*,#608,.T.);
#801=ORIENTED_EDGE('',*,*,#609,.T.);
#802=ORIENTED_EDGE('',*,*,#610,.T.);
#803=ORIENTED_EDGE('',*,*,#611,.T.);
#804=ORIENTED_EDGE('',*,*,#612,.T.);
#805=ORIENTED_EDGE('',*,*,#613,.T.);
#806=ORIENTED_EDGE('',*,*,#612,.F.);
#807=ORIENTED_EDGE('',*,*,#614,.F.);
#808=ORIENTED_EDGE('',*,*,#615,.T.);
#809=ORIENTED_EDGE('',*,*,#613,.F.);
#810=ORIENTED_EDGE('',*,*,#615,.F.);
#811=ORIENTED_EDGE('',*,*,#616,.F.);
#812=ORIENTED_EDGE('',*,*,#617,.T.);
#813=ORIENTED_EDGE('',*,*,#611,.F.);
#814=ORIENTED_EDGE('',*,*,#617,.F.);
#815=ORIENTED_EDGE('',*,*,#618,.F.);
#816=ORIENTED_EDGE('',*,*,#619,.T.);
#817=ORIENTED_EDGE('',*,*,#620,.F.);
#818=ORIENTED_EDGE('',*,*,#621,.F.);
#819=ORIENTED_EDGE('',*,*,#619,.F.);
#820=ORIENTED_EDGE('',*,*,#622,.F.);
#821=ORIENTED_EDGE('',*,*,#623,.T.);
#822=ORIENTED_EDGE('',*,*,#624,.F.);
#823=ORIENTED_EDGE('',*,*,#625,.F.);
#824=ORIENTED_EDGE('',*,*,#623,.F.);
#825=ORIENTED_EDGE('',*,*,#609,.F.);
#826=ORIENTED_EDGE('',*,*,#626,.F.);
#827=ORIENTED_EDGE('',*,*,#627,.F.);
#828=ORIENTED_EDGE('',*,*,#628,.T.);
#829=ORIENTED_EDGE('',*,*,#629,.T.);
#830=ORIENTED_EDGE('',*,*,#610,.F.);
#831=ORIENTED_EDGE('',*,*,#629,.F.);
#832=ORIENTED_EDGE('',*,*,#630,.T.);
#833=ORIENTED_EDGE('',*,*,#631,.T.);
#834=ORIENTED_EDGE('',*,*,#632,.T.);
#835=ORIENTED_EDGE('',*,*,#633,.T.);
#836=ORIENTED_EDGE('',*,*,#634,.F.);
#837=ORIENTED_EDGE('',*,*,#600,.F.);
#838=ORIENTED_EDGE('',*,*,#631,.F.);
#839=ORIENTED_EDGE('',*,*,#627,.T.);
#840=ORIENTED_EDGE('',*,*,#635,.F.);
#841=ORIENTED_EDGE('',*,*,#633,.F.);
#842=ORIENTED_EDGE('',*,*,#636,.T.);
#843=ORIENTED_EDGE('',*,*,#628,.F.);
#844=ORIENTED_EDGE('',*,*,#636,.F.);
#845=ORIENTED_EDGE('',*,*,#632,.F.);
#846=ORIENTED_EDGE('',*,*,#630,.F.);
#847=ORIENTED_EDGE('',*,*,#618,.T.);
#848=ORIENTED_EDGE('',*,*,#622,.T.);
#849=ORIENTED_EDGE('',*,*,#637,.F.);
#850=ORIENTED_EDGE('',*,*,#638,.T.);
#851=ORIENTED_EDGE('',*,*,#601,.F.);
#852=ORIENTED_EDGE('',*,*,#634,.T.);
#853=ORIENTED_EDGE('',*,*,#635,.T.);
#854=ORIENTED_EDGE('',*,*,#626,.T.);
#855=ORIENTED_EDGE('',*,*,#608,.F.);
#856=ORIENTED_EDGE('',*,*,#639,.T.);
#857=ORIENTED_EDGE('',*,*,#640,.T.);
#858=ORIENTED_EDGE('',*,*,#641,.T.);
#859=ORIENTED_EDGE('',*,*,#602,.F.);
#860=ORIENTED_EDGE('',*,*,#638,.F.);
#861=ORIENTED_EDGE('',*,*,#642,.F.);
#862=ORIENTED_EDGE('',*,*,#643,.T.);
#863=ORIENTED_EDGE('',*,*,#644,.F.);
#864=ORIENTED_EDGE('',*,*,#645,.F.);
#865=ORIENTED_EDGE('',*,*,#643,.F.);
#866=ORIENTED_EDGE('',*,*,#646,.F.);
#867=ORIENTED_EDGE('',*,*,#647,.T.);
#868=ORIENTED_EDGE('',*,*,#648,.F.);
#869=ORIENTED_EDGE('',*,*,#649,.F.);
#870=ORIENTED_EDGE('',*,*,#647,.F.);
#871=ORIENTED_EDGE('',*,*,#607,.F.);
#872=ORIENTED_EDGE('',*,*,#650,.F.);
#873=ORIENTED_EDGE('',*,*,#651,.F.);
#874=ORIENTED_EDGE('',*,*,#652,.T.);
#875=ORIENTED_EDGE('',*,*,#639,.F.);
#876=ORIENTED_EDGE('',*,*,#604,.F.);
#877=ORIENTED_EDGE('',*,*,#653,.F.);
#878=ORIENTED_EDGE('',*,*,#654,.F.);
#879=ORIENTED_EDGE('',*,*,#650,.T.);
#880=ORIENTED_EDGE('',*,*,#606,.F.);
#881=ORIENTED_EDGE('',*,*,#655,.F.);
#882=ORIENTED_EDGE('',*,*,#653,.T.);
#883=ORIENTED_EDGE('',*,*,#603,.F.);
#884=ORIENTED_EDGE('',*,*,#641,.F.);
#885=ORIENTED_EDGE('',*,*,#656,.F.);
#886=ORIENTED_EDGE('',*,*,#652,.F.);
#887=ORIENTED_EDGE('',*,*,#657,.F.);
#888=ORIENTED_EDGE('',*,*,#656,.T.);
#889=ORIENTED_EDGE('',*,*,#640,.F.);
#890=ORIENTED_EDGE('',*,*,#651,.T.);
#891=ORIENTED_EDGE('',*,*,#654,.T.);
#892=ORIENTED_EDGE('',*,*,#655,.T.);
#893=ORIENTED_EDGE('',*,*,#657,.T.);
#894=ORIENTED_EDGE('',*,*,#642,.T.);
#895=ORIENTED_EDGE('',*,*,#646,.T.);
#896=ORIENTED_EDGE('',*,*,#658,.T.);
#897=ORIENTED_EDGE('',*,*,#659,.T.);
#898=ORIENTED_EDGE('',*,*,#660,.T.);
#899=ORIENTED_EDGE('',*,*,#659,.F.);
#900=ORIENTED_EDGE('',*,*,#661,.F.);
#901=ORIENTED_EDGE('',*,*,#662,.T.);
#902=ORIENTED_EDGE('',*,*,#658,.F.);
#903=ORIENTED_EDGE('',*,*,#662,.F.);
#904=ORIENTED_EDGE('',*,*,#663,.F.);
#905=ORIENTED_EDGE('',*,*,#664,.T.);
#906=ORIENTED_EDGE('',*,*,#665,.F.);
#907=ORIENTED_EDGE('',*,*,#664,.F.);
#908=ORIENTED_EDGE('',*,*,#666,.F.);
#909=ORIENTED_EDGE('',*,*,#620,.T.);
#910=ORIENTED_EDGE('',*,*,#621,.T.);
#911=ORIENTED_EDGE('',*,*,#624,.T.);
#912=ORIENTED_EDGE('',*,*,#625,.T.);
#913=ORIENTED_EDGE('',*,*,#644,.T.);
#914=ORIENTED_EDGE('',*,*,#645,.T.);
#915=ORIENTED_EDGE('',*,*,#648,.T.);
#916=ORIENTED_EDGE('',*,*,#649,.T.);
#917=ORIENTED_EDGE('',*,*,#667,.F.);
#918=ORIENTED_EDGE('',*,*,#668,.T.);
#919=ORIENTED_EDGE('',*,*,#598,.T.);
#920=ORIENTED_EDGE('',*,*,#669,.T.);
#921=ORIENTED_EDGE('',*,*,#667,.T.);
#922=ORIENTED_EDGE('',*,*,#669,.F.);
#923=ORIENTED_EDGE('',*,*,#668,.F.);
#924=ORIENTED_EDGE('',*,*,#670,.T.);
#925=ORIENTED_EDGE('',*,*,#666,.T.);
#926=ORIENTED_EDGE('',*,*,#663,.T.);
#927=ORIENTED_EDGE('',*,*,#670,.F.);
#928=ORIENTED_EDGE('',*,*,#671,.F.);
#929=ORIENTED_EDGE('',*,*,#672,.T.);
#930=ORIENTED_EDGE('',*,*,#673,.F.);
#931=ORIENTED_EDGE('',*,*,#672,.F.);
#932=ORIENTED_EDGE('',*,*,#671,.T.);
#933=ORIENTED_EDGE('',*,*,#660,.F.);
#934=ORIENTED_EDGE('',*,*,#665,.T.);
#935=ORIENTED_EDGE('',*,*,#673,.T.);
#936=ORIENTED_EDGE('',*,*,#637,.T.);
#937=ORIENTED_EDGE('',*,*,#616,.T.);
#938=ORIENTED_EDGE('',*,*,#674,.F.);
#939=ORIENTED_EDGE('',*,*,#675,.F.);
#940=ORIENTED_EDGE('',*,*,#676,.F.);
#941=ORIENTED_EDGE('',*,*,#677,.F.);
#942=ORIENTED_EDGE('',*,*,#678,.F.);
#943=ORIENTED_EDGE('',*,*,#679,.F.);
#944=ORIENTED_EDGE('',*,*,#680,.F.);
#945=ORIENTED_EDGE('',*,*,#681,.F.);
#946=ORIENTED_EDGE('',*,*,#682,.F.);
#947=ORIENTED_EDGE('',*,*,#683,.F.);
#948=ORIENTED_EDGE('',*,*,#684,.F.);
#949=ORIENTED_EDGE('',*,*,#685,.F.);
#950=ORIENTED_EDGE('',*,*,#686,.F.);
#951=ORIENTED_EDGE('',*,*,#687,.F.);
#952=ORIENTED_EDGE('',*,*,#688,.F.);
#953=ORIENTED_EDGE('',*,*,#689,.F.);
#954=ORIENTED_EDGE('',*,*,#690,.F.);
#955=ORIENTED_EDGE('',*,*,#691,.F.);
#956=ORIENTED_EDGE('',*,*,#692,.F.);
#957=ORIENTED_EDGE('',*,*,#693,.F.);
#958=ORIENTED_EDGE('',*,*,#694,.F.);
#959=ORIENTED_EDGE('',*,*,#695,.F.);
#960=ORIENTED_EDGE('',*,*,#696,.F.);
#961=ORIENTED_EDGE('',*,*,#697,.F.);
#962=ORIENTED_EDGE('',*,*,#698,.F.);
#963=ORIENTED_EDGE('',*,*,#699,.F.);
#964=ORIENTED_EDGE('',*,*,#700,.F.);
#965=ORIENTED_EDGE('',*,*,#701,.F.);
#966=ORIENTED_EDGE('',*,*,#702,.F.);
#967=ORIENTED_EDGE('',*,*,#703,.F.);
#968=ORIENTED_EDGE('',*,*,#704,.F.);
#969=ORIENTED_EDGE('',*,*,#705,.F.);
#970=ORIENTED_EDGE('',*,*,#706,.F.);
#971=ORIENTED_EDGE('',*,*,#707,.F.);
#972=ORIENTED_EDGE('',*,*,#708,.F.);
#973=ORIENTED_EDGE('',*,*,#709,.F.);
#974=ORIENTED_EDGE('',*,*,#710,.F.);
#975=ORIENTED_EDGE('',*,*,#711,.F.);
#976=ORIENTED_EDGE('',*,*,#712,.F.);
#977=ORIENTED_EDGE('',*,*,#713,.F.);
#978=ORIENTED_EDGE('',*,*,#714,.F.);
#979=ORIENTED_EDGE('',*,*,#715,.F.);
#980=ORIENTED_EDGE('',*,*,#716,.F.);
#981=ORIENTED_EDGE('',*,*,#717,.F.);
#982=ORIENTED_EDGE('',*,*,#718,.F.);
#983=ORIENTED_EDGE('',*,*,#719,.F.);
#984=ORIENTED_EDGE('',*,*,#720,.F.);
#985=ORIENTED_EDGE('',*,*,#721,.F.);
#986=ORIENTED_EDGE('',*,*,#722,.F.);
#987=ORIENTED_EDGE('',*,*,#723,.F.);
#988=ORIENTED_EDGE('',*,*,#724,.F.);
#989=ORIENTED_EDGE('',*,*,#725,.F.);
#990=ORIENTED_EDGE('',*,*,#726,.F.);
#991=ORIENTED_EDGE('',*,*,#727,.F.);
#992=ORIENTED_EDGE('',*,*,#728,.F.);
#993=ORIENTED_EDGE('',*,*,#729,.F.);
#994=ORIENTED_EDGE('',*,*,#730,.F.);
#995=ORIENTED_EDGE('',*,*,#731,.F.);
#996=ORIENTED_EDGE('',*,*,#732,.F.);
#997=ORIENTED_EDGE('',*,*,#733,.F.);
#998=ORIENTED_EDGE('',*,*,#734,.F.);
#999=ORIENTED_EDGE('',*,*,#735,.F.);
#1000=ORIENTED_EDGE('',*,*,#736,.F.);
#1001=ORIENTED_EDGE('',*,*,#737,.F.);
#1002=ORIENTED_EDGE('',*,*,#738,.F.);
#1003=ORIENTED_EDGE('',*,*,#739,.F.);
#1004=ORIENTED_EDGE('',*,*,#740,.F.);
#1005=ORIENTED_EDGE('',*,*,#741,.F.);
#1006=ORIENTED_EDGE('',*,*,#661,.T.);
#1007=ORIENTED_EDGE('',*,*,#742,.T.);
#1008=ORIENTED_EDGE('',*,*,#743,.T.);
#1009=ORIENTED_EDGE('',*,*,#744,.T.);
#1010=ORIENTED_EDGE('',*,*,#741,.T.);
#1011=ORIENTED_EDGE('',*,*,#745,.T.);
#1012=ORIENTED_EDGE('',*,*,#737,.T.);
#1013=ORIENTED_EDGE('',*,*,#746,.T.);
#1014=ORIENTED_EDGE('',*,*,#733,.T.);
#1015=ORIENTED_EDGE('',*,*,#747,.T.);
#1016=ORIENTED_EDGE('',*,*,#729,.T.);
#1017=ORIENTED_EDGE('',*,*,#748,.T.);
#1018=ORIENTED_EDGE('',*,*,#725,.T.);
#1019=ORIENTED_EDGE('',*,*,#749,.T.);
#1020=ORIENTED_EDGE('',*,*,#721,.T.);
#1021=ORIENTED_EDGE('',*,*,#750,.T.);
#1022=ORIENTED_EDGE('',*,*,#717,.T.);
#1023=ORIENTED_EDGE('',*,*,#751,.T.);
#1024=ORIENTED_EDGE('',*,*,#713,.T.);
#1025=ORIENTED_EDGE('',*,*,#752,.T.);
#1026=ORIENTED_EDGE('',*,*,#709,.T.);
#1027=ORIENTED_EDGE('',*,*,#753,.T.);
#1028=ORIENTED_EDGE('',*,*,#705,.T.);
#1029=ORIENTED_EDGE('',*,*,#754,.T.);
#1030=ORIENTED_EDGE('',*,*,#701,.T.);
#1031=ORIENTED_EDGE('',*,*,#755,.T.);
#1032=ORIENTED_EDGE('',*,*,#697,.T.);
#1033=ORIENTED_EDGE('',*,*,#756,.T.);
#1034=ORIENTED_EDGE('',*,*,#693,.T.);
#1035=ORIENTED_EDGE('',*,*,#757,.T.);
#1036=ORIENTED_EDGE('',*,*,#689,.T.);
#1037=ORIENTED_EDGE('',*,*,#758,.T.);
#1038=ORIENTED_EDGE('',*,*,#685,.T.);
#1039=ORIENTED_EDGE('',*,*,#759,.T.);
#1040=ORIENTED_EDGE('',*,*,#681,.T.);
#1041=ORIENTED_EDGE('',*,*,#760,.T.);
#1042=ORIENTED_EDGE('',*,*,#677,.T.);
#1043=ORIENTED_EDGE('',*,*,#676,.T.);
#1044=ORIENTED_EDGE('',*,*,#761,.F.);
#1045=ORIENTED_EDGE('',*,*,#762,.T.);
#1046=ORIENTED_EDGE('',*,*,#742,.F.);
#1047=ORIENTED_EDGE('',*,*,#738,.T.);
#1048=ORIENTED_EDGE('',*,*,#744,.F.);
#1049=ORIENTED_EDGE('',*,*,#763,.T.);
#1050=ORIENTED_EDGE('',*,*,#764,.F.);
#1051=ORIENTED_EDGE('',*,*,#734,.T.);
#1052=ORIENTED_EDGE('',*,*,#745,.F.);
#1053=ORIENTED_EDGE('',*,*,#740,.T.);
#1054=ORIENTED_EDGE('',*,*,#765,.F.);
#1055=ORIENTED_EDGE('',*,*,#730,.T.);
#1056=ORIENTED_EDGE('',*,*,#746,.F.);
#1057=ORIENTED_EDGE('',*,*,#736,.T.);
#1058=ORIENTED_EDGE('',*,*,#766,.F.);
#1059=ORIENTED_EDGE('',*,*,#726,.T.);
#1060=ORIENTED_EDGE('',*,*,#747,.F.);
#1061=ORIENTED_EDGE('',*,*,#732,.T.);
#1062=ORIENTED_EDGE('',*,*,#767,.F.);
#1063=ORIENTED_EDGE('',*,*,#722,.T.);
#1064=ORIENTED_EDGE('',*,*,#748,.F.);
#1065=ORIENTED_EDGE('',*,*,#728,.T.);
#1066=ORIENTED_EDGE('',*,*,#768,.F.);
#1067=ORIENTED_EDGE('',*,*,#718,.T.);
#1068=ORIENTED_EDGE('',*,*,#749,.F.);
#1069=ORIENTED_EDGE('',*,*,#724,.T.);
#1070=ORIENTED_EDGE('',*,*,#769,.F.);
#1071=ORIENTED_EDGE('',*,*,#714,.T.);
#1072=ORIENTED_EDGE('',*,*,#750,.F.);
#1073=ORIENTED_EDGE('',*,*,#720,.T.);
#1074=ORIENTED_EDGE('',*,*,#770,.F.);
#1075=ORIENTED_EDGE('',*,*,#710,.T.);
#1076=ORIENTED_EDGE('',*,*,#751,.F.);
#1077=ORIENTED_EDGE('',*,*,#716,.T.);
#1078=ORIENTED_EDGE('',*,*,#771,.F.);
#1079=ORIENTED_EDGE('',*,*,#706,.T.);
#1080=ORIENTED_EDGE('',*,*,#752,.F.);
#1081=ORIENTED_EDGE('',*,*,#712,.T.);
#1082=ORIENTED_EDGE('',*,*,#772,.F.);
#1083=ORIENTED_EDGE('',*,*,#702,.T.);
#1084=ORIENTED_EDGE('',*,*,#753,.F.);
#1085=ORIENTED_EDGE('',*,*,#708,.T.);
#1086=ORIENTED_EDGE('',*,*,#773,.F.);
#1087=ORIENTED_EDGE('',*,*,#698,.T.);
#1088=ORIENTED_EDGE('',*,*,#754,.F.);
#1089=ORIENTED_EDGE('',*,*,#704,.T.);
#1090=ORIENTED_EDGE('',*,*,#774,.F.);
#1091=ORIENTED_EDGE('',*,*,#694,.T.);
#1092=ORIENTED_EDGE('',*,*,#755,.F.);
#1093=ORIENTED_EDGE('',*,*,#700,.T.);
#1094=ORIENTED_EDGE('',*,*,#775,.F.);
#1095=ORIENTED_EDGE('',*,*,#690,.T.);
#1096=ORIENTED_EDGE('',*,*,#756,.F.);
#1097=ORIENTED_EDGE('',*,*,#696,.T.);
#1098=ORIENTED_EDGE('',*,*,#776,.F.);
#1099=ORIENTED_EDGE('',*,*,#686,.T.);
#1100=ORIENTED_EDGE('',*,*,#757,.F.);
#1101=ORIENTED_EDGE('',*,*,#692,.T.);
#1102=ORIENTED_EDGE('',*,*,#777,.F.);
#1103=ORIENTED_EDGE('',*,*,#682,.T.);
#1104=ORIENTED_EDGE('',*,*,#758,.F.);
#1105=ORIENTED_EDGE('',*,*,#688,.T.);
#1106=ORIENTED_EDGE('',*,*,#778,.F.);
#1107=ORIENTED_EDGE('',*,*,#678,.T.);
#1108=ORIENTED_EDGE('',*,*,#759,.F.);
#1109=ORIENTED_EDGE('',*,*,#684,.T.);
#1110=ORIENTED_EDGE('',*,*,#779,.F.);
#1111=ORIENTED_EDGE('',*,*,#763,.F.);
#1112=ORIENTED_EDGE('',*,*,#743,.F.);
#1113=ORIENTED_EDGE('',*,*,#762,.F.);
#1114=ORIENTED_EDGE('',*,*,#780,.F.);
#1115=ORIENTED_EDGE('',*,*,#675,.T.);
#1116=ORIENTED_EDGE('',*,*,#781,.T.);
#1117=ORIENTED_EDGE('',*,*,#679,.T.);
#1118=ORIENTED_EDGE('',*,*,#779,.T.);
#1119=ORIENTED_EDGE('',*,*,#683,.T.);
#1120=ORIENTED_EDGE('',*,*,#778,.T.);
#1121=ORIENTED_EDGE('',*,*,#687,.T.);
#1122=ORIENTED_EDGE('',*,*,#777,.T.);
#1123=ORIENTED_EDGE('',*,*,#691,.T.);
#1124=ORIENTED_EDGE('',*,*,#776,.T.);
#1125=ORIENTED_EDGE('',*,*,#695,.T.);
#1126=ORIENTED_EDGE('',*,*,#775,.T.);
#1127=ORIENTED_EDGE('',*,*,#699,.T.);
#1128=ORIENTED_EDGE('',*,*,#774,.T.);
#1129=ORIENTED_EDGE('',*,*,#703,.T.);
#1130=ORIENTED_EDGE('',*,*,#773,.T.);
#1131=ORIENTED_EDGE('',*,*,#707,.T.);
#1132=ORIENTED_EDGE('',*,*,#772,.T.);
#1133=ORIENTED_EDGE('',*,*,#711,.T.);
#1134=ORIENTED_EDGE('',*,*,#771,.T.);
#1135=ORIENTED_EDGE('',*,*,#715,.T.);
#1136=ORIENTED_EDGE('',*,*,#770,.T.);
#1137=ORIENTED_EDGE('',*,*,#719,.T.);
#1138=ORIENTED_EDGE('',*,*,#769,.T.);
#1139=ORIENTED_EDGE('',*,*,#723,.T.);
#1140=ORIENTED_EDGE('',*,*,#768,.T.);
#1141=ORIENTED_EDGE('',*,*,#727,.T.);
#1142=ORIENTED_EDGE('',*,*,#767,.T.);
#1143=ORIENTED_EDGE('',*,*,#731,.T.);
#1144=ORIENTED_EDGE('',*,*,#766,.T.);
#1145=ORIENTED_EDGE('',*,*,#735,.T.);
#1146=ORIENTED_EDGE('',*,*,#765,.T.);
#1147=ORIENTED_EDGE('',*,*,#739,.T.);
#1148=ORIENTED_EDGE('',*,*,#764,.T.);
#1149=ORIENTED_EDGE('',*,*,#780,.T.);
#1150=ORIENTED_EDGE('',*,*,#761,.T.);
#1151=ORIENTED_EDGE('',*,*,#674,.T.);
#1152=ORIENTED_EDGE('',*,*,#760,.F.);
#1153=ORIENTED_EDGE('',*,*,#680,.T.);
#1154=ORIENTED_EDGE('',*,*,#781,.F.);
#1155=ORIENTED_EDGE('',*,*,#614,.T.);
#1156=CYLINDRICAL_SURFACE('',#1259,25.);
#1157=CYLINDRICAL_SURFACE('',#1266,23.);
#1158=CYLINDRICAL_SURFACE('',#1281,1.3);
#1159=CYLINDRICAL_SURFACE('',#1283,1.3);
#1160=CYLINDRICAL_SURFACE('',#1294,1.3);
#1161=CYLINDRICAL_SURFACE('',#1296,1.3);
#1162=CYLINDRICAL_SURFACE('',#1307,5.);
#1163=CYLINDRICAL_SURFACE('',#1316,23.);
#1164=CYLINDRICAL_SURFACE('',#1317,21.5);
#1165=ADVANCED_FACE('',(#140),#1156,.T.);
#1166=ADVANCED_FACE('',(#141,#106),#121,.T.);
#1167=ADVANCED_FACE('',(#142,#107),#122,.F.);
#1168=ADVANCED_FACE('',(#143),#1157,.T.);
#1169=ADVANCED_FACE('',(#144),#104,.F.);
#1170=ADVANCED_FACE('',(#145),#63,.T.);
#1171=ADVANCED_FACE('',(#146),#64,.F.);
#1172=ADVANCED_FACE('',(#147),#1158,.F.);
#1173=ADVANCED_FACE('',(#148),#1159,.F.);
#1174=ADVANCED_FACE('',(#149),#123,.F.);
#1175=ADVANCED_FACE('',(#150),#124,.F.);
#1176=ADVANCED_FACE('',(#151),#125,.F.);
#1177=ADVANCED_FACE('',(#152),#126,.F.);
#1178=ADVANCED_FACE('',(#153,#108,#109),#127,.F.);
#1179=ADVANCED_FACE('',(#154),#65,.T.);
#1180=ADVANCED_FACE('',(#155),#1160,.F.);
#1181=ADVANCED_FACE('',(#156),#1161,.F.);
#1182=ADVANCED_FACE('',(#157),#128,.T.);
#1183=ADVANCED_FACE('',(#158),#129,.T.);
#1184=ADVANCED_FACE('',(#159),#130,.T.);
#1185=ADVANCED_FACE('',(#160),#131,.T.);
#1186=ADVANCED_FACE('',(#161,#110,#111),#132,.T.);
#1187=ADVANCED_FACE('',(#162),#105,.F.);
#1188=ADVANCED_FACE('',(#163),#1162,.T.);
#1189=ADVANCED_FACE('',(#164,#112,#113,#114,#115),#66,.F.);
#1190=ADVANCED_FACE('',(#165,#116),#133,.F.);
#1191=ADVANCED_FACE('',(#166),#1163,.T.);
#1192=ADVANCED_FACE('',(#167),#1164,.F.);
#1193=ADVANCED_FACE('',(#168),#67,.T.);
#1194=ADVANCED_FACE('',(#169,#117),#134,.T.);
#1195=ADVANCED_FACE('',(#170,#118),#135,.F.);
#1196=ADVANCED_FACE('',(#171,#119),#136,.T.);
#1197=ADVANCED_FACE('',(#172),#68,.T.);
#1198=ADVANCED_FACE('',(#173),#69,.T.);
#1199=ADVANCED_FACE('',(#174),#70,.T.);
#1200=ADVANCED_FACE('',(#175),#71,.T.);
#1201=ADVANCED_FACE('',(#176),#72,.T.);
#1202=ADVANCED_FACE('',(#177),#73,.T.);
#1203=ADVANCED_FACE('',(#178),#74,.T.);
#1204=ADVANCED_FACE('',(#179),#75,.T.);
#1205=ADVANCED_FACE('',(#180),#76,.T.);
#1206=ADVANCED_FACE('',(#181),#77,.T.);
#1207=ADVANCED_FACE('',(#182),#78,.T.);
#1208=ADVANCED_FACE('',(#183),#79,.T.);
#1209=ADVANCED_FACE('',(#184),#80,.T.);
#1210=ADVANCED_FACE('',(#185),#81,.T.);
#1211=ADVANCED_FACE('',(#186),#82,.T.);
#1212=ADVANCED_FACE('',(#187),#83,.T.);
#1213=ADVANCED_FACE('',(#188),#84,.T.);
#1214=ADVANCED_FACE('',(#189,#120),#137,.T.);
#1215=ADVANCED_FACE('',(#190),#85,.F.);
#1216=ADVANCED_FACE('',(#191),#86,.F.);
#1217=ADVANCED_FACE('',(#192),#87,.F.);
#1218=ADVANCED_FACE('',(#193),#88,.F.);
#1219=ADVANCED_FACE('',(#194),#89,.F.);
#1220=ADVANCED_FACE('',(#195),#90,.F.);
#1221=ADVANCED_FACE('',(#196),#91,.F.);
#1222=ADVANCED_FACE('',(#197),#92,.F.);
#1223=ADVANCED_FACE('',(#198),#93,.F.);
#1224=ADVANCED_FACE('',(#199),#94,.F.);
#1225=ADVANCED_FACE('',(#200),#95,.F.);
#1226=ADVANCED_FACE('',(#201),#96,.F.);
#1227=ADVANCED_FACE('',(#202),#97,.F.);
#1228=ADVANCED_FACE('',(#203),#98,.F.);
#1229=ADVANCED_FACE('',(#204),#99,.F.);
#1230=ADVANCED_FACE('',(#205),#100,.F.);
#1231=ADVANCED_FACE('',(#206),#101,.F.);
#1232=ADVANCED_FACE('',(#207),#102,.T.);
#1233=ADVANCED_FACE('',(#208),#138,.T.);
#1234=ADVANCED_FACE('',(#209),#103,.F.);
#1235=ADVANCED_FACE('',(#210),#139,.T.);
#1236=CLOSED_SHELL('',(#1165,#1166,#1167,#1168,#1169,#1170,#1171,#1172,
#1173,#1174,#1175,#1176,#1177,#1178,#1179,#1180,#1181,#1182,#1183,#1184,
#1185,#1186,#1187,#1188,#1189,#1190,#1191,#1192,#1193,#1194,#1195,#1196,
#1197,#1198,#1199,#1200,#1201,#1202,#1203,#1204,#1205,#1206,#1207,#1208,
#1209,#1210,#1211,#1212,#1213,#1214,#1215,#1216,#1217,#1218,#1219,#1220,
#1221,#1222,#1223,#1224,#1225,#1226,#1227,#1228,#1229,#1230,#1231,#1232,
#1233,#1234,#1235));
#1237=DERIVED_UNIT_ELEMENT(#1240,1.);
#1238=DERIVED_UNIT_ELEMENT(#2634,-3.);
#1239=DIMENSIONAL_EXPONENTS(0.,1.,0.,0.,0.,0.,0.);
#1240=(
CONVERSION_BASED_UNIT('gram',#1242)
MASS_UNIT()
NAMED_UNIT(#1239)
);
#1241=(
MASS_UNIT()
NAMED_UNIT(*)
SI_UNIT(.KILO.,.GRAM.)
);
#1242=MASS_MEASURE_WITH_UNIT(MASS_MEASURE(0.001),#1241);
#1243=DERIVED_UNIT((#1237,#1238));
#1244=MEASURE_REPRESENTATION_ITEM('density measure',
POSITIVE_RATIO_MEASURE(1.),#1243);
#1245=PROPERTY_DEFINITION_REPRESENTATION(#1250,#1247);
#1246=PROPERTY_DEFINITION_REPRESENTATION(#1251,#1248);
#1247=REPRESENTATION('material name',(#1249),#2631);
#1248=REPRESENTATION('density',(#1244),#2631);
#1249=DESCRIPTIVE_REPRESENTATION_ITEM('\X2\4E00822C\X0\','\X2\4E00822C\X0\');
#1250=PROPERTY_DEFINITION('material property','material name',#2641);
#1251=PROPERTY_DEFINITION('material property','density of part',#2641);
#1252=DATE_TIME_ROLE('creation_date');
#1253=APPLIED_DATE_AND_TIME_ASSIGNMENT(#1254,#1252,(#2641));
#1254=DATE_AND_TIME(#1255,#1256);
#1255=CALENDAR_DATE(2026,1,2);
#1256=LOCAL_TIME(0,0,0.,#1257);
#1257=COORDINATED_UNIVERSAL_TIME_OFFSET(0,0,.BEHIND.);
#1258=AXIS2_PLACEMENT_3D('',#1823,#1435,#1436);
#1259=AXIS2_PLACEMENT_3D('',#1824,#1437,#1438);
#1260=AXIS2_PLACEMENT_3D('',#1826,#1439,#1440);
#1261=AXIS2_PLACEMENT_3D('',#1829,#1442,#1443);
#1262=AXIS2_PLACEMENT_3D('',#1830,#1444,#1445);
#1263=AXIS2_PLACEMENT_3D('',#1832,#1446,#1447);
#1264=AXIS2_PLACEMENT_3D('',#1833,#1448,#1449);
#1265=AXIS2_PLACEMENT_3D('',#1835,#1450,#1451);
#1266=AXIS2_PLACEMENT_3D('',#1836,#1452,#1453);
#1267=AXIS2_PLACEMENT_3D('',#1841,#1455,#1456);
#1268=AXIS2_PLACEMENT_3D('',#1843,#1457,#1458);
#1269=AXIS2_PLACEMENT_3D('',#1847,#1460,#1461);
#1270=AXIS2_PLACEMENT_3D('',#1850,#1463,#1464);
#1271=AXIS2_PLACEMENT_3D('',#1854,#1466,#1467);
#1272=AXIS2_PLACEMENT_3D('',#1857,#1469,#1470);
#1273=AXIS2_PLACEMENT_3D('',#1858,#1471,#1472);
#1274=AXIS2_PLACEMENT_3D('',#1860,#1473,#1474);
#1275=AXIS2_PLACEMENT_3D('',#1862,#1475,#1476);
#1276=AXIS2_PLACEMENT_3D('',#1863,#1477,#1478);
#1277=AXIS2_PLACEMENT_3D('',#1864,#1479,#1480);
#1278=AXIS2_PLACEMENT_3D('',#1866,#1481,#1482);
#1279=AXIS2_PLACEMENT_3D('',#1868,#1484,#1485);
#1280=AXIS2_PLACEMENT_3D('',#1870,#1486,#1487);
#1281=AXIS2_PLACEMENT_3D('',#1872,#1489,#1490);
#1282=AXIS2_PLACEMENT_3D('',#1874,#1491,#1492);
#1283=AXIS2_PLACEMENT_3D('',#1916,#1494,#1495);
#1284=AXIS2_PLACEMENT_3D('',#1918,#1496,#1497);
#1285=AXIS2_PLACEMENT_3D('',#1960,#1499,#1500);
#1286=AXIS2_PLACEMENT_3D('',#1970,#1504,#1505);
#1287=AXIS2_PLACEMENT_3D('',#1974,#1508,#1509);
#1288=AXIS2_PLACEMENT_3D('',#1982,#1512,#1513);
#1289=AXIS2_PLACEMENT_3D('',#1983,#1514,#1515);
#1290=AXIS2_PLACEMENT_3D('',#1985,#1517,#1518);
#1291=AXIS2_PLACEMENT_3D('',#1986,#1519,#1520);
#1292=AXIS2_PLACEMENT_3D('',#1988,#1521,#1522);
#1293=AXIS2_PLACEMENT_3D('',#1995,#1524,#1525);
#1294=AXIS2_PLACEMENT_3D('',#1999,#1526,#1527);
#1295=AXIS2_PLACEMENT_3D('',#2001,#1528,#1529);
#1296=AXIS2_PLACEMENT_3D('',#2043,#1531,#1532);
#1297=AXIS2_PLACEMENT_3D('',#2045,#1533,#1534);
#1298=AXIS2_PLACEMENT_3D('',#2087,#1536,#1537);
#1299=AXIS2_PLACEMENT_3D('',#2093,#1541,#1542);
#1300=AXIS2_PLACEMENT_3D('',#2097,#1545,#1546);
#1301=AXIS2_PLACEMENT_3D('',#2101,#1549,#1550);
#1302=AXIS2_PLACEMENT_3D('',#2103,#1552,#1553);
#1303=AXIS2_PLACEMENT_3D('',#2104,#1554,#1555);
#1304=AXIS2_PLACEMENT_3D('',#2106,#1556,#1557);
#1305=AXIS2_PLACEMENT_3D('',#2108,#1558,#1559);
#1306=AXIS2_PLACEMENT_3D('',#2109,#1560,#1561);
#1307=AXIS2_PLACEMENT_3D('',#2110,#1562,#1563);
#1308=AXIS2_PLACEMENT_3D('',#2112,#1564,#1565);
#1309=AXIS2_PLACEMENT_3D('',#2114,#1567,#1568);
#1310=AXIS2_PLACEMENT_3D('',#2117,#1569,#1570);
#1311=AXIS2_PLACEMENT_3D('',#2120,#1572,#1573);
#1312=AXIS2_PLACEMENT_3D('',#2121,#1574,#1575);
#1313=AXIS2_PLACEMENT_3D('',#2122,#1576,#1577);
#1314=AXIS2_PLACEMENT_3D('',#2124,#1578,#1579);
#1315=AXIS2_PLACEMENT_3D('',#2126,#1580,#1581);
#1316=AXIS2_PLACEMENT_3D('',#2127,#1582,#1583);
#1317=AXIS2_PLACEMENT_3D('',#2129,#1585,#1586);
#1318=AXIS2_PLACEMENT_3D('',#2131,#1588,#1589);
#1319=AXIS2_PLACEMENT_3D('',#2133,#1590,#1591);
#1320=AXIS2_PLACEMENT_3D('',#2136,#1593,#1594);
#1321=AXIS2_PLACEMENT_3D('',#2137,#1595,#1596);
#1322=AXIS2_PLACEMENT_3D('',#2138,#1597,#1598);
#1323=AXIS2_PLACEMENT_3D('',#2139,#1599,#1600);
#1324=AXIS2_PLACEMENT_3D('',#2140,#1601,#1602);
#1325=AXIS2_PLACEMENT_3D('',#2153,#1603,#1604);
#1326=AXIS2_PLACEMENT_3D('',#2163,#1605,#1606);
#1327=AXIS2_PLACEMENT_3D('',#2164,#1607,#1608);
#1328=AXIS2_PLACEMENT_3D('',#2177,#1609,#1610);
#1329=AXIS2_PLACEMENT_3D('',#2187,#1611,#1612);
#1330=AXIS2_PLACEMENT_3D('',#2188,#1613,#1614);
#1331=AXIS2_PLACEMENT_3D('',#2201,#1615,#1616);
#1332=AXIS2_PLACEMENT_3D('',#2211,#1617,#1618);
#1333=AXIS2_PLACEMENT_3D('',#2212,#1619,#1620);
#1334=AXIS2_PLACEMENT_3D('',#2225,#1621,#1622);
#1335=AXIS2_PLACEMENT_3D('',#2235,#1623,#1624);
#1336=AXIS2_PLACEMENT_3D('',#2236,#1625,#1626);
#1337=AXIS2_PLACEMENT_3D('',#2249,#1627,#1628);
#1338=AXIS2_PLACEMENT_3D('',#2259,#1629,#1630);
#1339=AXIS2_PLACEMENT_3D('',#2260,#1631,#1632);
#1340=AXIS2_PLACEMENT_3D('',#2273,#1633,#1634);
#1341=AXIS2_PLACEMENT_3D('',#2283,#1635,#1636);
#1342=AXIS2_PLACEMENT_3D('',#2284,#1637,#1638);
#1343=AXIS2_PLACEMENT_3D('',#2297,#1639,#1640);
#1344=AXIS2_PLACEMENT_3D('',#2307,#1641,#1642);
#1345=AXIS2_PLACEMENT_3D('',#2308,#1643,#1644);
#1346=AXIS2_PLACEMENT_3D('',#2321,#1645,#1646);
#1347=AXIS2_PLACEMENT_3D('',#2331,#1647,#1648);
#1348=AXIS2_PLACEMENT_3D('',#2332,#1649,#1650);
#1349=AXIS2_PLACEMENT_3D('',#2345,#1651,#1652);
#1350=AXIS2_PLACEMENT_3D('',#2355,#1653,#1654);
#1351=AXIS2_PLACEMENT_3D('',#2356,#1655,#1656);
#1352=AXIS2_PLACEMENT_3D('',#2369,#1657,#1658);
#1353=AXIS2_PLACEMENT_3D('',#2379,#1659,#1660);
#1354=AXIS2_PLACEMENT_3D('',#2380,#1661,#1662);
#1355=AXIS2_PLACEMENT_3D('',#2393,#1663,#1664);
#1356=AXIS2_PLACEMENT_3D('',#2403,#1665,#1666);
#1357=AXIS2_PLACEMENT_3D('',#2404,#1667,#1668);
#1358=AXIS2_PLACEMENT_3D('',#2417,#1669,#1670);
#1359=AXIS2_PLACEMENT_3D('',#2427,#1671,#1672);
#1360=AXIS2_PLACEMENT_3D('',#2428,#1673,#1674);
#1361=AXIS2_PLACEMENT_3D('',#2441,#1675,#1676);
#1362=AXIS2_PLACEMENT_3D('',#2451,#1677,#1678);
#1363=AXIS2_PLACEMENT_3D('',#2452,#1679,#1680);
#1364=AXIS2_PLACEMENT_3D('',#2465,#1681,#1682);
#1365=AXIS2_PLACEMENT_3D('',#2475,#1683,#1684);
#1366=AXIS2_PLACEMENT_3D('',#2476,#1685,#1686);
#1367=AXIS2_PLACEMENT_3D('',#2489,#1687,#1688);
#1368=AXIS2_PLACEMENT_3D('',#2499,#1689,#1690);
#1369=AXIS2_PLACEMENT_3D('',#2500,#1691,#1692);
#1370=AXIS2_PLACEMENT_3D('',#2513,#1693,#1694);
#1371=AXIS2_PLACEMENT_3D('',#2523,#1695,#1696);
#1372=AXIS2_PLACEMENT_3D('',#2524,#1697,#1698);
#1373=AXIS2_PLACEMENT_3D('',#2537,#1699,#1700);
#1374=AXIS2_PLACEMENT_3D('',#2547,#1701,#1702);
#1375=AXIS2_PLACEMENT_3D('',#2548,#1703,#1704);
#1376=AXIS2_PLACEMENT_3D('',#2550,#1705,#1706);
#1377=AXIS2_PLACEMENT_3D('',#2552,#1707,#1708);
#1378=AXIS2_PLACEMENT_3D('',#2553,#1709,#1710);
#1379=AXIS2_PLACEMENT_3D('',#2554,#1711,#1712);
#1380=AXIS2_PLACEMENT_3D('',#2555,#1713,#1714);
#1381=AXIS2_PLACEMENT_3D('',#2556,#1715,#1716);
#1382=AXIS2_PLACEMENT_3D('',#2557,#1717,#1718);
#1383=AXIS2_PLACEMENT_3D('',#2558,#1719,#1720);
#1384=AXIS2_PLACEMENT_3D('',#2559,#1721,#1722);
#1385=AXIS2_PLACEMENT_3D('',#2560,#1723,#1724);
#1386=AXIS2_PLACEMENT_3D('',#2561,#1725,#1726);
#1387=AXIS2_PLACEMENT_3D('',#2562,#1727,#1728);
#1388=AXIS2_PLACEMENT_3D('',#2563,#1729,#1730);
#1389=AXIS2_PLACEMENT_3D('',#2564,#1731,#1732);
#1390=AXIS2_PLACEMENT_3D('',#2565,#1733,#1734);
#1391=AXIS2_PLACEMENT_3D('',#2566,#1735,#1736);
#1392=AXIS2_PLACEMENT_3D('',#2567,#1737,#1738);
#1393=AXIS2_PLACEMENT_3D('',#2568,#1739,#1740);
#1394=AXIS2_PLACEMENT_3D('',#2569,#1741,#1742);
#1395=AXIS2_PLACEMENT_3D('',#2570,#1743,#1744);
#1396=AXIS2_PLACEMENT_3D('',#2572,#1745,#1746);
#1397=AXIS2_PLACEMENT_3D('',#2582,#1747,#1748);
#1398=AXIS2_PLACEMENT_3D('',#2592,#1749,#1750);
#1399=AXIS2_PLACEMENT_3D('',#2593,#1751,#1752);
#1400=AXIS2_PLACEMENT_3D('',#2594,#1753,#1754);
#1401=AXIS2_PLACEMENT_3D('',#2595,#1755,#1756);
#1402=AXIS2_PLACEMENT_3D('',#2596,#1757,#1758);
#1403=AXIS2_PLACEMENT_3D('',#2597,#1759,#1760);
#1404=AXIS2_PLACEMENT_3D('',#2598,#1761,#1762);
#1405=AXIS2_PLACEMENT_3D('',#2599,#1763,#1764);
#1406=AXIS2_PLACEMENT_3D('',#2600,#1765,#1766);
#1407=AXIS2_PLACEMENT_3D('',#2601,#1767,#1768);
#1408=AXIS2_PLACEMENT_3D('',#2602,#1769,#1770);
#1409=AXIS2_PLACEMENT_3D('',#2603,#1771,#1772);
#1410=AXIS2_PLACEMENT_3D('',#2604,#1773,#1774);
#1411=AXIS2_PLACEMENT_3D('',#2605,#1775,#1776);
#1412=AXIS2_PLACEMENT_3D('',#2606,#1777,#1778);
#1413=AXIS2_PLACEMENT_3D('',#2607,#1779,#1780);
#1414=AXIS2_PLACEMENT_3D('',#2608,#1781,#1782);
#1415=AXIS2_PLACEMENT_3D('',#2609,#1783,#1784);
#1416=AXIS2_PLACEMENT_3D('',#2610,#1785,#1786);
#1417=AXIS2_PLACEMENT_3D('',#2611,#1787,#1788);
#1418=AXIS2_PLACEMENT_3D('',#2612,#1789,#1790);
#1419=AXIS2_PLACEMENT_3D('',#2613,#1791,#1792);
#1420=AXIS2_PLACEMENT_3D('',#2614,#1793,#1794);
#1421=AXIS2_PLACEMENT_3D('',#2615,#1795,#1796);
#1422=AXIS2_PLACEMENT_3D('',#2616,#1797,#1798);
#1423=AXIS2_PLACEMENT_3D('',#2617,#1799,#1800);
#1424=AXIS2_PLACEMENT_3D('',#2618,#1801,#1802);
#1425=AXIS2_PLACEMENT_3D('',#2619,#1803,#1804);
#1426=AXIS2_PLACEMENT_3D('',#2620,#1805,#1806);
#1427=AXIS2_PLACEMENT_3D('',#2621,#1807,#1808);
#1428=AXIS2_PLACEMENT_3D('',#2622,#1809,#1810);
#1429=AXIS2_PLACEMENT_3D('',#2623,#1811,#1812);
#1430=AXIS2_PLACEMENT_3D('',#2624,#1813,#1814);
#1431=AXIS2_PLACEMENT_3D('',#2625,#1815,#1816);
#1432=AXIS2_PLACEMENT_3D('',#2626,#1817,#1818);
#1433=AXIS2_PLACEMENT_3D('',#2627,#1819,#1820);
#1434=AXIS2_PLACEMENT_3D('',#2628,#1821,#1822);
#1435=DIRECTION('axis',(0.,0.,1.));
#1436=DIRECTION('refdir',(1.,0.,0.));
#1437=DIRECTION('center_axis',(0.,1.,0.));
#1438=DIRECTION('ref_axis',(1.,0.,0.));
#1439=DIRECTION('center_axis',(0.,1.,0.));
#1440=DIRECTION('ref_axis',(1.,0.,0.));
#1441=DIRECTION('',(0.,-1.,0.));
#1442=DIRECTION('center_axis',(0.,-1.,0.));
#1443=DIRECTION('ref_axis',(1.,0.,0.));
#1444=DIRECTION('center_axis',(0.,-1.,0.));
#1445=DIRECTION('ref_axis',(0.,0.,-1.));
#1446=DIRECTION('center_axis',(0.,-1.,0.));
#1447=DIRECTION('ref_axis',(-1.,0.,0.));
#1448=DIRECTION('center_axis',(0.,-1.,0.));
#1449=DIRECTION('ref_axis',(0.,0.,-1.));
#1450=DIRECTION('center_axis',(0.,1.,0.));
#1451=DIRECTION('ref_axis',(-1.,0.,0.));
#1452=DIRECTION('center_axis',(0.,1.,0.));
#1453=DIRECTION('ref_axis',(-1.,0.,0.));
#1454=DIRECTION('',(0.,1.,0.));
#1455=DIRECTION('center_axis',(0.,-1.,0.));
#1456=DIRECTION('ref_axis',(-1.,0.,0.));
#1457=DIRECTION('center_axis',(0.,-1.,0.));
#1458=DIRECTION('ref_axis',(-1.,0.,0.));
#1459=DIRECTION('',(0.,-1.,0.));
#1460=DIRECTION('center_axis',(0.,-1.,0.));
#1461=DIRECTION('ref_axis',(-1.,0.,0.));
#1462=DIRECTION('',(0.,-1.,0.));
#1463=DIRECTION('center_axis',(0.,-1.,0.));
#1464=DIRECTION('ref_axis',(-1.,0.,0.));
#1465=DIRECTION('',(0.,1.,0.));
#1466=DIRECTION('center_axis',(0.,-1.,0.));
#1467=DIRECTION('ref_axis',(-1.,0.,0.));
#1468=DIRECTION('',(0.,-1.,0.));
#1469=DIRECTION('center_axis',(0.,-1.,0.));
#1470=DIRECTION('ref_axis',(-1.,0.,0.));
#1471=DIRECTION('center_axis',(0.,1.,0.));
#1472=DIRECTION('ref_axis',(0.,0.,1.));
#1473=DIRECTION('center_axis',(0.,1.,0.));
#1474=DIRECTION('ref_axis',(0.,0.,1.));
#1475=DIRECTION('center_axis',(-1.,0.,-1.22464679914735E-16));
#1476=DIRECTION('ref_axis',(1.22464679914735E-16,0.,-1.));
#1477=DIRECTION('center_axis',(0.,-1.,0.));
#1478=DIRECTION('ref_axis',(0.,0.,1.));
#1479=DIRECTION('center_axis',(0.,-1.,0.));
#1480=DIRECTION('ref_axis',(0.,0.,1.));
#1481=DIRECTION('center_axis',(0.,1.,0.));
#1482=DIRECTION('ref_axis',(0.,0.,1.));
#1483=DIRECTION('',(6.12323399573677E-17,-0.866025403784438,-0.5));
#1484=DIRECTION('center_axis',(0.,1.,0.));
#1485=DIRECTION('ref_axis',(0.,0.,1.));
#1486=DIRECTION('center_axis',(0.,-1.,0.));
#1487=DIRECTION('ref_axis',(0.,0.,1.));
#1488=DIRECTION('',(-6.12323399573681E-17,-0.866025403784436,0.500000000000004));
#1489=DIRECTION('center_axis',(-1.,0.,0.));
#1490=DIRECTION('ref_axis',(0.,0.,-1.));
#1491=DIRECTION('center_axis',(1.,0.,0.));
#1492=DIRECTION('ref_axis',(0.,0.,-1.));
#1493=DIRECTION('',(1.,0.,0.));
#1494=DIRECTION('center_axis',(-1.,0.,0.));
#1495=DIRECTION('ref_axis',(0.,0.,-1.));
#1496=DIRECTION('center_axis',(1.,0.,0.));
#1497=DIRECTION('ref_axis',(0.,0.,-1.));
#1498=DIRECTION('',(1.,0.,0.));
#1499=DIRECTION('center_axis',(0.,2.22044604925031E-16,-1.));
#1500=DIRECTION('ref_axis',(0.,1.,2.22044604925031E-16));
#1501=DIRECTION('',(1.,0.,0.));
#1502=DIRECTION('',(0.,-1.,-2.22044604925031E-16));
#1503=DIRECTION('',(1.,0.,0.));
#1504=DIRECTION('center_axis',(0.,1.,0.));
#1505=DIRECTION('ref_axis',(0.,0.,1.));
#1506=DIRECTION('',(0.,0.,-1.));
#1507=DIRECTION('',(1.,0.,0.));
#1508=DIRECTION('center_axis',(0.,2.22044604925031E-16,1.));
#1509=DIRECTION('ref_axis',(0.,-1.,2.22044604925031E-16));
#1510=DIRECTION('',(0.,1.,-2.22044604925031E-16));
#1511=DIRECTION('',(1.,0.,0.));
#1512=DIRECTION('center_axis',(0.,-1.,0.));
#1513=DIRECTION('ref_axis',(0.,0.,-1.));
#1514=DIRECTION('center_axis',(0.,1.,0.));
#1515=DIRECTION('ref_axis',(0.,0.,1.));
#1516=DIRECTION('',(0.,0.,1.));
#1517=DIRECTION('center_axis',(1.,0.,0.));
#1518=DIRECTION('ref_axis',(0.,0.,-1.));
#1519=DIRECTION('center_axis',(0.,-1.,0.));
#1520=DIRECTION('ref_axis',(0.,0.,1.));
#1521=DIRECTION('center_axis',(0.,1.,0.));
#1522=DIRECTION('ref_axis',(0.,0.,1.));
#1523=DIRECTION('',(4.9463008836769E-17,-0.914804856614682,-0.403896118221246));
#1524=DIRECTION('center_axis',(0.,1.,0.));
#1525=DIRECTION('ref_axis',(0.,0.,1.));
#1526=DIRECTION('center_axis',(-1.,0.,0.));
#1527=DIRECTION('ref_axis',(0.,0.,-1.));
#1528=DIRECTION('center_axis',(-1.,0.,0.));
#1529=DIRECTION('ref_axis',(0.,0.,-1.));
#1530=DIRECTION('',(-1.,0.,0.));
#1531=DIRECTION('center_axis',(-1.,0.,0.));
#1532=DIRECTION('ref_axis',(0.,0.,-1.));
#1533=DIRECTION('center_axis',(-1.,0.,0.));
#1534=DIRECTION('ref_axis',(0.,0.,-1.));
#1535=DIRECTION('',(-1.,0.,0.));
#1536=DIRECTION('center_axis',(0.,-2.22044604925031E-16,1.));
#1537=DIRECTION('ref_axis',(0.,1.,2.22044604925031E-16));
#1538=DIRECTION('',(-1.,0.,0.));
#1539=DIRECTION('',(0.,-1.,-2.22044604925031E-16));
#1540=DIRECTION('',(-1.,0.,0.));
#1541=DIRECTION('center_axis',(0.,-1.,0.));
#1542=DIRECTION('ref_axis',(0.,0.,1.));
#1543=DIRECTION('',(-1.,0.,0.));
#1544=DIRECTION('',(0.,0.,-1.));
#1545=DIRECTION('center_axis',(0.,-2.22044604925031E-16,-1.));
#1546=DIRECTION('ref_axis',(0.,-1.,2.22044604925031E-16));
#1547=DIRECTION('',(0.,1.,-2.22044604925031E-16));
#1548=DIRECTION('',(-1.,0.,0.));
#1549=DIRECTION('center_axis',(0.,1.,0.));
#1550=DIRECTION('ref_axis',(0.,0.,-1.));
#1551=DIRECTION('',(0.,0.,1.));
#1552=DIRECTION('center_axis',(1.,0.,0.));
#1553=DIRECTION('ref_axis',(0.,0.,-1.));
#1554=DIRECTION('center_axis',(0.,1.,0.));
#1555=DIRECTION('ref_axis',(1.,0.,-1.43391311854164E-16));
#1556=DIRECTION('center_axis',(0.,1.,0.));
#1557=DIRECTION('ref_axis',(1.,0.,-1.43391311854164E-16));
#1558=DIRECTION('center_axis',(2.658559917689E-16,0.,1.));
#1559=DIRECTION('ref_axis',(-1.,0.,2.658559917689E-16));
#1560=DIRECTION('center_axis',(0.,-1.,0.));
#1561=DIRECTION('ref_axis',(1.,0.,0.));
#1562=DIRECTION('center_axis',(0.,-1.,0.));
#1563=DIRECTION('ref_axis',(1.,0.,0.));
#1564=DIRECTION('center_axis',(0.,-1.,0.));
#1565=DIRECTION('ref_axis',(1.,0.,0.));
#1566=DIRECTION('',(0.,1.,0.));
#1567=DIRECTION('center_axis',(0.,-1.,0.));
#1568=DIRECTION('ref_axis',(0.,0.,1.));
#1569=DIRECTION('center_axis',(0.,1.,0.));
#1570=DIRECTION('ref_axis',(-1.,0.,0.));
#1571=DIRECTION('',(-4.94630088367691E-17,0.914804856614682,0.403896118221247));
#1572=DIRECTION('center_axis',(0.,-1.,0.));
#1573=DIRECTION('ref_axis',(0.,0.,1.));
#1574=DIRECTION('center_axis',(0.,1.,0.));
#1575=DIRECTION('ref_axis',(-1.,0.,0.));
#1576=DIRECTION('center_axis',(0.,1.,0.));
#1577=DIRECTION('ref_axis',(0.,0.,1.));
#1578=DIRECTION('center_axis',(0.,1.,0.));
#1579=DIRECTION('ref_axis',(-1.,0.,0.));
#1580=DIRECTION('center_axis',(0.,1.,0.));
#1581=DIRECTION('ref_axis',(-1.,0.,0.));
#1582=DIRECTION('center_axis',(0.,1.,0.));
#1583=DIRECTION('ref_axis',(-1.,0.,0.));
#1584=DIRECTION('',(0.,-1.,0.));
#1585=DIRECTION('center_axis',(0.,1.,0.));
#1586=DIRECTION('ref_axis',(-1.,0.,0.));
#1587=DIRECTION('',(0.,1.,0.));
#1588=DIRECTION('center_axis',(0.,1.,0.));
#1589=DIRECTION('ref_axis',(0.,0.,1.));
#1590=DIRECTION('center_axis',(0.,-1.,0.));
#1591=DIRECTION('ref_axis',(1.,0.,0.));
#1592=DIRECTION('',(6.12323399573682E-17,0.866025403784436,-0.500000000000004));
#1593=DIRECTION('center_axis',(0.,1.,0.));
#1594=DIRECTION('ref_axis',(0.,0.,1.));
#1595=DIRECTION('center_axis',(0.,-1.,0.));
#1596=DIRECTION('ref_axis',(0.,0.,-1.));
#1597=DIRECTION('center_axis',(0.,1.,0.));
#1598=DIRECTION('ref_axis',(0.,0.,1.));
#1599=DIRECTION('center_axis',(0.,1.,0.));
#1600=DIRECTION('ref_axis',(0.,0.,1.));
#1601=DIRECTION('center_axis',(0.,1.,0.));
#1602=DIRECTION('ref_axis',(-0.342020143325669,0.,0.939692620785908));
#1603=DIRECTION('center_axis',(0.,1.,0.));
#1604=DIRECTION('ref_axis',(0.939692620785908,0.,0.342020143325669));
#1605=DIRECTION('center_axis',(0.,-1.,0.));
#1606=DIRECTION('ref_axis',(0.939692620785908,0.,0.342020143325669));
#1607=DIRECTION('center_axis',(0.,1.,0.));
#1608=DIRECTION('ref_axis',(-0.64278760968654,0.,0.766044443118978));
#1609=DIRECTION('center_axis',(0.,1.,0.));
#1610=DIRECTION('ref_axis',(0.766044443118978,0.,0.64278760968654));
#1611=DIRECTION('center_axis',(0.,-1.,0.));
#1612=DIRECTION('ref_axis',(0.766044443118978,0.,0.64278760968654));
#1613=DIRECTION('center_axis',(0.,1.,0.));
#1614=DIRECTION('ref_axis',(-0.866025403784439,0.,0.499999999999999));
#1615=DIRECTION('center_axis',(0.,1.,0.));
#1616=DIRECTION('ref_axis',(0.5,0.,0.866025403784439));
#1617=DIRECTION('center_axis',(0.,-1.,0.));
#1618=DIRECTION('ref_axis',(0.5,0.,0.866025403784439));
#1619=DIRECTION('center_axis',(0.,1.,0.));
#1620=DIRECTION('ref_axis',(-0.984807753012208,0.,0.17364817766693));
#1621=DIRECTION('center_axis',(0.,1.,0.));
#1622=DIRECTION('ref_axis',(0.17364817766693,0.,0.984807753012208));
#1623=DIRECTION('center_axis',(0.,-1.,0.));
#1624=DIRECTION('ref_axis',(0.17364817766693,0.,0.984807753012208));
#1625=DIRECTION('center_axis',(0.,1.,0.));
#1626=DIRECTION('ref_axis',(-0.984807753012208,0.,-0.17364817766693));
#1627=DIRECTION('center_axis',(0.,1.,0.));
#1628=DIRECTION('ref_axis',(-0.17364817766693,0.,0.984807753012208));
#1629=DIRECTION('center_axis',(0.,-1.,0.));
#1630=DIRECTION('ref_axis',(-0.17364817766693,0.,0.984807753012208));
#1631=DIRECTION('center_axis',(0.,1.,0.));
#1632=DIRECTION('ref_axis',(-0.866025403784438,0.,-0.5));
#1633=DIRECTION('center_axis',(0.,1.,0.));
#1634=DIRECTION('ref_axis',(-0.5,0.,0.866025403784438));
#1635=DIRECTION('center_axis',(0.,-1.,0.));
#1636=DIRECTION('ref_axis',(-0.5,0.,0.866025403784438));
#1637=DIRECTION('center_axis',(0.,1.,0.));
#1638=DIRECTION('ref_axis',(-0.642787609686539,0.,-0.766044443118978));
#1639=DIRECTION('center_axis',(0.,1.,0.));
#1640=DIRECTION('ref_axis',(-0.766044443118978,0.,0.642787609686539));
#1641=DIRECTION('center_axis',(0.,-1.,0.));
#1642=DIRECTION('ref_axis',(-0.766044443118978,0.,0.642787609686539));
#1643=DIRECTION('center_axis',(0.,1.,0.));
#1644=DIRECTION('ref_axis',(-0.34202014332567,0.,-0.939692620785908));
#1645=DIRECTION('center_axis',(0.,1.,0.));
#1646=DIRECTION('ref_axis',(-0.939692620785908,0.,0.342020143325669));
#1647=DIRECTION('center_axis',(0.,-1.,0.));
#1648=DIRECTION('ref_axis',(-0.939692620785909,0.,0.342020143325669));
#1649=DIRECTION('center_axis',(0.,1.,0.));
#1650=DIRECTION('ref_axis',(-8.10632881579348E-16,0.,-1.));
#1651=DIRECTION('center_axis',(0.,1.,0.));
#1652=DIRECTION('ref_axis',(-1.,0.,-1.38777878078145E-16));
#1653=DIRECTION('center_axis',(0.,-1.,0.));
#1654=DIRECTION('ref_axis',(-1.,0.,-1.38777878078145E-16));
#1655=DIRECTION('center_axis',(0.,1.,0.));
#1656=DIRECTION('ref_axis',(0.342020143325669,0.,-0.939692620785908));
#1657=DIRECTION('center_axis',(0.,1.,0.));
#1658=DIRECTION('ref_axis',(-0.939692620785908,0.,-0.342020143325669));
#1659=DIRECTION('center_axis',(0.,-1.,0.));
#1660=DIRECTION('ref_axis',(-0.939692620785908,0.,-0.342020143325669));
#1661=DIRECTION('center_axis',(0.,1.,0.));
#1662=DIRECTION('ref_axis',(0.64278760968654,0.,-0.766044443118978));
#1663=DIRECTION('center_axis',(0.,1.,0.));
#1664=DIRECTION('ref_axis',(-0.766044443118978,0.,-0.642787609686539));
#1665=DIRECTION('center_axis',(0.,-1.,0.));
#1666=DIRECTION('ref_axis',(-0.766044443118978,0.,-0.64278760968654));
#1667=DIRECTION('center_axis',(0.,1.,0.));
#1668=DIRECTION('ref_axis',(0.866025403784439,0.,-0.499999999999999));
#1669=DIRECTION('center_axis',(0.,1.,0.));
#1670=DIRECTION('ref_axis',(-0.5,0.,-0.866025403784439));
#1671=DIRECTION('center_axis',(0.,-1.,0.));
#1672=DIRECTION('ref_axis',(-0.5,0.,-0.866025403784439));
#1673=DIRECTION('center_axis',(0.,1.,0.));
#1674=DIRECTION('ref_axis',(0.984807753012208,0.,-0.17364817766693));
#1675=DIRECTION('center_axis',(0.,1.,0.));
#1676=DIRECTION('ref_axis',(-0.17364817766693,0.,-0.984807753012208));
#1677=DIRECTION('center_axis',(0.,-1.,0.));
#1678=DIRECTION('ref_axis',(-0.17364817766693,0.,-0.984807753012208));
#1679=DIRECTION('center_axis',(0.,1.,0.));
#1680=DIRECTION('ref_axis',(0.984807753012208,0.,0.17364817766693));
#1681=DIRECTION('center_axis',(0.,1.,0.));
#1682=DIRECTION('ref_axis',(0.17364817766693,0.,-0.984807753012208));
#1683=DIRECTION('center_axis',(0.,-1.,0.));
#1684=DIRECTION('ref_axis',(0.17364817766693,0.,-0.984807753012208));
#1685=DIRECTION('center_axis',(0.,1.,0.));
#1686=DIRECTION('ref_axis',(0.866025403784439,0.,0.499999999999999));
#1687=DIRECTION('center_axis',(0.,1.,0.));
#1688=DIRECTION('ref_axis',(0.5,0.,-0.866025403784439));
#1689=DIRECTION('center_axis',(0.,-1.,0.));
#1690=DIRECTION('ref_axis',(0.5,0.,-0.866025403784439));
#1691=DIRECTION('center_axis',(0.,1.,0.));
#1692=DIRECTION('ref_axis',(0.642787609686539,0.,0.766044443118978));
#1693=DIRECTION('center_axis',(0.,1.,0.));
#1694=DIRECTION('ref_axis',(0.766044443118978,0.,-0.642787609686539));
#1695=DIRECTION('center_axis',(0.,-1.,0.));
#1696=DIRECTION('ref_axis',(0.766044443118978,0.,-0.642787609686539));
#1697=DIRECTION('center_axis',(0.,1.,0.));
#1698=DIRECTION('ref_axis',(0.34202014332567,0.,0.939692620785908));
#1699=DIRECTION('center_axis',(0.,1.,0.));
#1700=DIRECTION('ref_axis',(0.939692620785908,0.,-0.342020143325669));
#1701=DIRECTION('center_axis',(0.,-1.,0.));
#1702=DIRECTION('ref_axis',(0.939692620785909,0.,-0.342020143325669));
#1703=DIRECTION('center_axis',(0.,-1.,0.));
#1704=DIRECTION('ref_axis',(0.,0.,-1.));
#1705=DIRECTION('center_axis',(0.,1.,0.));
#1706=DIRECTION('ref_axis',(1.,0.,0.));
#1707=DIRECTION('center_axis',(0.,-1.,0.));
#1708=DIRECTION('ref_axis',(1.,0.,0.));
#1709=DIRECTION('center_axis',(0.,1.,0.));
#1710=DIRECTION('ref_axis',(1.,0.,0.));
#1711=DIRECTION('center_axis',(0.,1.,0.));
#1712=DIRECTION('ref_axis',(1.,0.,0.));
#1713=DIRECTION('center_axis',(0.,1.,0.));
#1714=DIRECTION('ref_axis',(1.,0.,0.));
#1715=DIRECTION('center_axis',(0.,1.,0.));
#1716=DIRECTION('ref_axis',(1.,0.,0.));
#1717=DIRECTION('center_axis',(0.,1.,0.));
#1718=DIRECTION('ref_axis',(1.,0.,0.));
#1719=DIRECTION('center_axis',(0.,1.,0.));
#1720=DIRECTION('ref_axis',(1.,0.,0.));
#1721=DIRECTION('center_axis',(0.,1.,0.));
#1722=DIRECTION('ref_axis',(1.,0.,0.));
#1723=DIRECTION('center_axis',(0.,1.,0.));
#1724=DIRECTION('ref_axis',(1.,0.,0.));
#1725=DIRECTION('center_axis',(0.,1.,0.));
#1726=DIRECTION('ref_axis',(1.,0.,0.));
#1727=DIRECTION('center_axis',(0.,1.,0.));
#1728=DIRECTION('ref_axis',(1.,0.,0.));
#1729=DIRECTION('center_axis',(0.,1.,0.));
#1730=DIRECTION('ref_axis',(1.,0.,0.));
#1731=DIRECTION('center_axis',(0.,1.,0.));
#1732=DIRECTION('ref_axis',(1.,0.,0.));
#1733=DIRECTION('center_axis',(0.,1.,0.));
#1734=DIRECTION('ref_axis',(1.,0.,0.));
#1735=DIRECTION('center_axis',(0.,1.,0.));
#1736=DIRECTION('ref_axis',(1.,0.,0.));
#1737=DIRECTION('center_axis',(0.,1.,0.));
#1738=DIRECTION('ref_axis',(1.,0.,0.));
#1739=DIRECTION('center_axis',(0.,1.,0.));
#1740=DIRECTION('ref_axis',(1.,0.,0.));
#1741=DIRECTION('center_axis',(0.,1.,0.));
#1742=DIRECTION('ref_axis',(1.,0.,0.));
#1743=DIRECTION('center_axis',(0.,-1.,0.));
#1744=DIRECTION('ref_axis',(1.,0.,0.));
#1745=DIRECTION('center_axis',(0.,-1.,0.));
#1746=DIRECTION('ref_axis',(1.,0.,0.));
#1747=DIRECTION('center_axis',(0.,-1.,0.));
#1748=DIRECTION('ref_axis',(1.,0.,0.));
#1749=DIRECTION('center_axis',(0.,-1.,0.));
#1750=DIRECTION('ref_axis',(1.,0.,0.));
#1751=DIRECTION('center_axis',(0.,-1.,0.));
#1752=DIRECTION('ref_axis',(1.,0.,0.));
#1753=DIRECTION('center_axis',(0.,-1.,0.));
#1754=DIRECTION('ref_axis',(1.,0.,0.));
#1755=DIRECTION('center_axis',(0.,-1.,0.));
#1756=DIRECTION('ref_axis',(1.,0.,0.));
#1757=DIRECTION('center_axis',(0.,-1.,0.));
#1758=DIRECTION('ref_axis',(1.,0.,0.));
#1759=DIRECTION('center_axis',(0.,-1.,0.));
#1760=DIRECTION('ref_axis',(1.,0.,0.));
#1761=DIRECTION('center_axis',(0.,-1.,0.));
#1762=DIRECTION('ref_axis',(1.,0.,0.));
#1763=DIRECTION('center_axis',(0.,-1.,0.));
#1764=DIRECTION('ref_axis',(-1.,0.,1.22464679914735E-16));
#1765=DIRECTION('center_axis',(0.,-1.,0.));
#1766=DIRECTION('ref_axis',(1.,0.,0.));
#1767=DIRECTION('center_axis',(0.,-1.,0.));
#1768=DIRECTION('ref_axis',(1.,0.,0.));
#1769=DIRECTION('center_axis',(0.,-1.,0.));
#1770=DIRECTION('ref_axis',(1.,0.,0.));
#1771=DIRECTION('center_axis',(0.,-1.,0.));
#1772=DIRECTION('ref_axis',(1.,0.,0.));
#1773=DIRECTION('center_axis',(0.,-1.,0.));
#1774=DIRECTION('ref_axis',(1.,0.,0.));
#1775=DIRECTION('center_axis',(0.,-1.,0.));
#1776=DIRECTION('ref_axis',(1.,0.,0.));
#1777=DIRECTION('center_axis',(0.,-1.,0.));
#1778=DIRECTION('ref_axis',(1.,0.,0.));
#1779=DIRECTION('center_axis',(0.,-1.,0.));
#1780=DIRECTION('ref_axis',(1.,0.,0.));
#1781=DIRECTION('center_axis',(0.,-1.,0.));
#1782=DIRECTION('ref_axis',(1.,0.,0.));
#1783=DIRECTION('center_axis',(0.,-1.,0.));
#1784=DIRECTION('ref_axis',(1.,0.,0.));
#1785=DIRECTION('center_axis',(0.,-1.,0.));
#1786=DIRECTION('ref_axis',(1.,0.,0.));
#1787=DIRECTION('center_axis',(0.,-1.,0.));
#1788=DIRECTION('ref_axis',(1.,0.,0.));
#1789=DIRECTION('center_axis',(0.,-1.,0.));
#1790=DIRECTION('ref_axis',(1.,0.,0.));
#1791=DIRECTION('center_axis',(0.,-1.,0.));
#1792=DIRECTION('ref_axis',(1.,0.,0.));
#1793=DIRECTION('center_axis',(0.,-1.,0.));
#1794=DIRECTION('ref_axis',(1.,0.,0.));
#1795=DIRECTION('center_axis',(0.,-1.,0.));
#1796=DIRECTION('ref_axis',(1.,0.,0.));
#1797=DIRECTION('center_axis',(0.,-1.,0.));
#1798=DIRECTION('ref_axis',(1.,0.,0.));
#1799=DIRECTION('center_axis',(0.,-1.,0.));
#1800=DIRECTION('ref_axis',(1.,0.,0.));
#1801=DIRECTION('center_axis',(0.,-1.,0.));
#1802=DIRECTION('ref_axis',(1.,0.,0.));
#1803=DIRECTION('center_axis',(0.,-1.,0.));
#1804=DIRECTION('ref_axis',(1.,0.,0.));
#1805=DIRECTION('center_axis',(0.,-1.,0.));
#1806=DIRECTION('ref_axis',(1.,0.,0.));
#1807=DIRECTION('center_axis',(0.,-1.,0.));
#1808=DIRECTION('ref_axis',(1.,0.,0.));
#1809=DIRECTION('center_axis',(0.,-1.,0.));
#1810=DIRECTION('ref_axis',(1.,0.,0.));
#1811=DIRECTION('center_axis',(0.,1.,0.));
#1812=DIRECTION('ref_axis',(6.12323399573677E-17,0.,1.));
#1813=DIRECTION('center_axis',(0.,1.,0.));
#1814=DIRECTION('ref_axis',(1.,0.,0.));
#1815=DIRECTION('center_axis',(0.,-1.,0.));
#1816=DIRECTION('ref_axis',(0.,0.,-1.));
#1817=DIRECTION('center_axis',(0.,-1.,0.));
#1818=DIRECTION('ref_axis',(1.,0.,0.));
#1819=DIRECTION('center_axis',(0.,-1.,0.));
#1820=DIRECTION('ref_axis',(1.,0.,0.));
#1821=DIRECTION('center_axis',(0.,1.,0.));
#1822=DIRECTION('ref_axis',(0.,0.,1.));
#1823=CARTESIAN_POINT('',(0.,0.,0.));
#1824=CARTESIAN_POINT('Origin',(0.,0.7,0.));
#1825=CARTESIAN_POINT('',(-25.,1.7,3.06161699786838E-15));
#1826=CARTESIAN_POINT('Origin',(0.,1.7,0.));
#1827=CARTESIAN_POINT('',(-25.,0.7,3.06161699786838E-15));
#1828=CARTESIAN_POINT('',(-25.,0.7,3.06161699786838E-15));
#1829=CARTESIAN_POINT('Origin',(0.,0.7,0.));
#1830=CARTESIAN_POINT('Origin',(0.,0.7,0.));
#1831=CARTESIAN_POINT('',(23.,0.7,2.81668763803891E-15));
#1832=CARTESIAN_POINT('Origin',(0.,0.7,0.));
#1833=CARTESIAN_POINT('Origin',(0.,1.7,0.));
#1834=CARTESIAN_POINT('',(23.,1.7,2.81668763803891E-15));
#1835=CARTESIAN_POINT('Origin',(0.,1.7,0.));
#1836=CARTESIAN_POINT('Origin',(0.,0.,0.));
#1837=CARTESIAN_POINT('',(-19.3067345763078,10.,-12.5));
#1838=CARTESIAN_POINT('',(-19.3067345763078,12.,-12.5));
#1839=CARTESIAN_POINT('',(-19.3067345763078,0.,-12.5));
#1840=CARTESIAN_POINT('',(2.81668763803891E-15,12.,-23.));
#1841=CARTESIAN_POINT('Origin',(0.,12.,0.));
#1842=CARTESIAN_POINT('',(19.3067345763078,12.,-12.5));
#1843=CARTESIAN_POINT('Origin',(0.,12.,0.));
#1844=CARTESIAN_POINT('',(19.3067345763078,10.,-12.5));
#1845=CARTESIAN_POINT('',(19.3067345763078,0.,-12.5));
#1846=CARTESIAN_POINT('',(23.,10.,-2.81668763803891E-15));
#1847=CARTESIAN_POINT('Origin',(0.,10.,0.));
#1848=CARTESIAN_POINT('',(23.,0.,-2.81668763803891E-15));
#1849=CARTESIAN_POINT('',(19.3067345763078,10.,12.5));
#1850=CARTESIAN_POINT('Origin',(0.,10.,0.));
#1851=CARTESIAN_POINT('',(19.3067345763078,12.,12.5));
#1852=CARTESIAN_POINT('',(19.3067345763078,0.,12.5));
#1853=CARTESIAN_POINT('',(-19.3067345763078,12.,12.5));
#1854=CARTESIAN_POINT('Origin',(0.,12.,0.));
#1855=CARTESIAN_POINT('',(-19.3067345763078,10.,12.5));
#1856=CARTESIAN_POINT('',(-19.3067345763078,0.,12.5));
#1857=CARTESIAN_POINT('Origin',(0.,10.,0.));
#1858=CARTESIAN_POINT('Origin',(0.,22.6698729810778,0.));
#1859=CARTESIAN_POINT('',(-1.55483024259546E-15,21.1698729810778,-12.6961524227066));
#1860=CARTESIAN_POINT('Origin',(0.,21.1698729810778,0.));
#1861=CARTESIAN_POINT('',(9.18485099360516E-16,21.1698729810778,-7.50000000000001));
#1862=CARTESIAN_POINT('Origin',(1.23665767097799E-15,22.6698729810778,-10.0980762113533));
#1863=CARTESIAN_POINT('Origin',(0.,21.1698729810778,0.));
#1864=CARTESIAN_POINT('Origin',(0.,21.75,0.));
#1865=CARTESIAN_POINT('',(7.18380923446167E-16,24.,-5.86602540378444));
#1866=CARTESIAN_POINT('Origin',(0.,24.,0.));
#1867=CARTESIAN_POINT('',(8.77467209254903E-16,21.75,-7.1650635094611));
#1868=CARTESIAN_POINT('Origin',(0.,21.75,0.));
#1869=CARTESIAN_POINT('',(1.75493441850981E-15,24.,-14.3301270189222));
#1870=CARTESIAN_POINT('Origin',(0.,24.,0.));
#1871=CARTESIAN_POINT('',(1.59584813270107E-15,21.75,-13.0310889132456));
#1872=CARTESIAN_POINT('Origin',(-25.,15.,6.5));
#1873=CARTESIAN_POINT('',(-25.,15.,7.8));
#1874=CARTESIAN_POINT('Origin',(-25.,15.,6.5));
#1875=CARTESIAN_POINT('',(-18.4551412667773,14.9999999999894,7.8));
#1876=CARTESIAN_POINT('',(-25.,15.,7.8));
#1877=CARTESIAN_POINT('',(-18.3573012023622,15.2207422135098,7.78112172535431));
#1878=CARTESIAN_POINT('Ctrl Pts',(-18.3573012023622,15.2207422135098,7.78112172535431));
#1879=CARTESIAN_POINT('Ctrl Pts',(-18.2963691296233,15.3706362415264,7.75529440630924));
#1880=CARTESIAN_POINT('Ctrl Pts',(-18.2435361619128,15.5311126571181,7.69863021504058));
#1881=CARTESIAN_POINT('Ctrl Pts',(-18.1785808219876,15.8209926835251,7.52213792859898));
#1882=CARTESIAN_POINT('Ctrl Pts',(-18.1664673927115,15.9502716248042,7.4021018618362));
#1883=CARTESIAN_POINT('Ctrl Pts',(-18.1798791255883,16.1462646426765,7.13560650652677));
#1884=CARTESIAN_POINT('Ctrl Pts',(-18.2066779879697,16.2224387136806,6.97440344710509));
#1885=CARTESIAN_POINT('Ctrl Pts',(-18.2927296358425,16.303646774538,6.64113867672689));
#1886=CARTESIAN_POINT('Ctrl Pts',(-18.3518043970682,16.3088374608665,6.46906922361405));
#1887=CARTESIAN_POINT('Ctrl Pts',(-18.4815031964537,16.2635074942192,6.15259601579844));
#1888=CARTESIAN_POINT('Ctrl Pts',(-18.5622373656549,16.206435840579,5.98684503291681));
#1889=CARTESIAN_POINT('Ctrl Pts',(-18.7335520547215,16.0342180516961,5.69426523134622));
#1890=CARTESIAN_POINT('Ctrl Pts',(-18.824243278405,15.9191441720581,5.56745871762526));
#1891=CARTESIAN_POINT('Ctrl Pts',(-18.9939048534699,15.6709147133974,5.37542829604376));
#1892=CARTESIAN_POINT('Ctrl Pts',(-19.0858826834745,15.5184848726809,5.29578115579099));
#1893=CARTESIAN_POINT('Ctrl Pts',(-19.2612257004085,15.1909942417846,5.20289131944593));
#1894=CARTESIAN_POINT('Ctrl Pts',(-19.3446843841834,15.0159707470499,5.1896936568084));
#1895=CARTESIAN_POINT('Ctrl Pts',(-19.4820337418678,14.6938809104789,5.22654104476187));
#1896=CARTESIAN_POINT('Ctrl Pts',(-19.5460484640994,14.5242143097906,5.2773922064425));
#1897=CARTESIAN_POINT('Ctrl Pts',(-19.6405327830129,14.2155076759949,5.44847074252305));
#1898=CARTESIAN_POINT('Ctrl Pts',(-19.6708306722753,14.0765003984772,5.56885197590343));
#1899=CARTESIAN_POINT('Ctrl Pts',(-19.6885013011946,13.866243850264,5.84127335499426));
#1900=CARTESIAN_POINT('Ctrl Pts',(-19.6768859488496,13.7843893439051,6.0064305476026));
#1901=CARTESIAN_POINT('Ctrl Pts',(-19.6096296495105,13.6966879104316,6.34934262791688));
#1902=CARTESIAN_POINT('Ctrl Pts',(-19.5539981886125,13.6906051022014,6.52703900528816));
#1903=CARTESIAN_POINT('Ctrl Pts',(-19.4184770592563,13.7379699837796,6.85771906352595));
#1904=CARTESIAN_POINT('Ctrl Pts',(-19.32750369111,13.800027219824,7.03001244691429));
#1905=CARTESIAN_POINT('Ctrl Pts',(-19.1291391150325,13.983695187265,7.32944098412359));
#1906=CARTESIAN_POINT('Ctrl Pts',(-19.021869565427,14.1052517970213,7.45668990614412));
#1907=CARTESIAN_POINT('Ctrl Pts',(-18.8229136581056,14.3650901850182,7.64572450586487));
#1908=CARTESIAN_POINT('Ctrl Pts',(-18.7157747589112,14.5234939695732,7.72220384017234));
#1909=CARTESIAN_POINT('Ctrl Pts',(-18.5593993757472,14.7934342383223,7.78754000091032));
#1910=CARTESIAN_POINT('Ctrl Pts',(-18.504603170145,14.8968092290847,7.79999999999832));
#1911=CARTESIAN_POINT('Ctrl Pts',(-18.4551412667773,14.9999999999789,7.8));
#1912=CARTESIAN_POINT('Ctrl Pts',(-18.4551412667773,14.9999999999789,7.8));
#1913=CARTESIAN_POINT('Ctrl Pts',(-18.4195454175631,15.0742624701011,7.80000000000121));
#1914=CARTESIAN_POINT('Ctrl Pts',(-18.3866989584997,15.1484231886676,7.79358257220953));
#1915=CARTESIAN_POINT('Ctrl Pts',(-18.3573012023622,15.2207422135098,7.78112172535431));
#1916=CARTESIAN_POINT('Origin',(-25.,15.,-6.49999999999999));
#1917=CARTESIAN_POINT('',(-25.,15.,-5.19999999999999));
#1918=CARTESIAN_POINT('Origin',(-25.,15.,-6.49999999999999));
#1919=CARTESIAN_POINT('',(-19.3492180507643,15.0000000000087,-5.19999999999999));
#1920=CARTESIAN_POINT('',(-25.,15.,-5.19999999999999));
#1921=CARTESIAN_POINT('',(-19.4145033209874,14.8522424972504,-5.20842432649836));
#1922=CARTESIAN_POINT('Ctrl Pts',(-19.4145033209874,14.8522424972504,-5.20842432649836));
#1923=CARTESIAN_POINT('Ctrl Pts',(-19.3938417206747,14.9006947913144,-5.2028813373261));
#1924=CARTESIAN_POINT('Ctrl Pts',(-19.3720094551672,14.9501474745155,-5.19999999999933));
#1925=CARTESIAN_POINT('Ctrl Pts',(-19.3492180507643,15.0000000000173,-5.19999999999999));
#1926=CARTESIAN_POINT('Ctrl Pts',(-19.3492180507643,15.0000000000173,-5.19999999999999));
#1927=CARTESIAN_POINT('Ctrl Pts',(-19.2949935609677,15.1186073360388,-5.20000000000158));
#1928=CARTESIAN_POINT('Ctrl Pts',(-19.2352809675082,15.2394515861061,-5.21663581885778));
#1929=CARTESIAN_POINT('Ctrl Pts',(-19.0858826834745,15.518484872681,-5.29578115579099));
#1930=CARTESIAN_POINT('Ctrl Pts',(-18.9939048534699,15.6709147133974,-5.37542829604376));
#1931=CARTESIAN_POINT('Ctrl Pts',(-18.824243278405,15.9191441720581,-5.56745871762526));
#1932=CARTESIAN_POINT('Ctrl Pts',(-18.7335520547215,16.0342180516961,-5.69426523134621));
#1933=CARTESIAN_POINT('Ctrl Pts',(-18.5622373656549,16.206435840579,-5.98684503291681));
#1934=CARTESIAN_POINT('Ctrl Pts',(-18.4815031964537,16.2635074942192,-6.15259601579844));
#1935=CARTESIAN_POINT('Ctrl Pts',(-18.3518043970682,16.3088374608665,-6.46906922361405));
#1936=CARTESIAN_POINT('Ctrl Pts',(-18.2927296358425,16.303646774538,-6.64113867672688));
#1937=CARTESIAN_POINT('Ctrl Pts',(-18.2066779879697,16.2224387136806,-6.97440344710508));
#1938=CARTESIAN_POINT('Ctrl Pts',(-18.1798791255883,16.1462646426765,-7.13560650652677));
#1939=CARTESIAN_POINT('Ctrl Pts',(-18.1664673927115,15.9502716248042,-7.40210186183619));
#1940=CARTESIAN_POINT('Ctrl Pts',(-18.1785808219876,15.8209926835251,-7.52213792859898));
#1941=CARTESIAN_POINT('Ctrl Pts',(-18.2435361619128,15.5311126571181,-7.69863021504058));
#1942=CARTESIAN_POINT('Ctrl Pts',(-18.2963691296233,15.3706362415264,-7.75529440630924));
#1943=CARTESIAN_POINT('Ctrl Pts',(-18.427548355421,15.0479329152968,-7.81089743381952));
#1944=CARTESIAN_POINT('Ctrl Pts',(-18.5180201845753,14.8648643429816,-7.80482889530603));
#1945=CARTESIAN_POINT('Ctrl Pts',(-18.7157747589112,14.5234939695732,-7.72220384017234));
#1946=CARTESIAN_POINT('Ctrl Pts',(-18.8229136581056,14.3650901850182,-7.64572450586487));
#1947=CARTESIAN_POINT('Ctrl Pts',(-19.021869565427,14.1052517970213,-7.45668990614412));
#1948=CARTESIAN_POINT('Ctrl Pts',(-19.1291391150325,13.983695187265,-7.32944098412359));
#1949=CARTESIAN_POINT('Ctrl Pts',(-19.32750369111,13.800027219824,-7.03001244691429));
#1950=CARTESIAN_POINT('Ctrl Pts',(-19.4184770592563,13.7379699837796,-6.85771906352595));
#1951=CARTESIAN_POINT('Ctrl Pts',(-19.5539981886125,13.6906051022014,-6.52703900528816));
#1952=CARTESIAN_POINT('Ctrl Pts',(-19.6096296495105,13.6966879104316,-6.34934262791688));
#1953=CARTESIAN_POINT('Ctrl Pts',(-19.6768859488496,13.7843893439051,-6.0064305476026));
#1954=CARTESIAN_POINT('Ctrl Pts',(-19.6885013011946,13.866243850264,-5.84127335499425));
#1955=CARTESIAN_POINT('Ctrl Pts',(-19.6708306722753,14.0765003984772,-5.56885197590342));
#1956=CARTESIAN_POINT('Ctrl Pts',(-19.6405327830129,14.2155076759949,-5.44847074252304));
#1957=CARTESIAN_POINT('Ctrl Pts',(-19.5460484640994,14.5242143097906,-5.2773922064425));
#1958=CARTESIAN_POINT('Ctrl Pts',(-19.4820337418678,14.6938809104789,-5.22654104476187));
#1959=CARTESIAN_POINT('Ctrl Pts',(-19.4145033209874,14.8522424972504,-5.20842432649836));
#1960=CARTESIAN_POINT('Origin',(-25.,10.,12.5));
#1961=CARTESIAN_POINT('',(-14.9248013716808,20.,12.5));
#1962=CARTESIAN_POINT('Ctrl Pts',(-14.9248013716808,20.,12.5));
#1963=CARTESIAN_POINT('Ctrl Pts',(-16.9335437843472,16.5120346584837,12.5));
#1964=CARTESIAN_POINT('Ctrl Pts',(-19.3067345763078,12.,12.5));
#1965=CARTESIAN_POINT('',(-25.,20.,12.5));
#1966=CARTESIAN_POINT('',(-25.,20.,12.5));
#1967=CARTESIAN_POINT('',(-25.,10.,12.5));
#1968=CARTESIAN_POINT('',(-25.,20.,12.5));
#1969=CARTESIAN_POINT('',(-25.,10.,12.5));
#1970=CARTESIAN_POINT('Origin',(-25.,10.,-12.5));
#1971=CARTESIAN_POINT('',(-25.,10.,-12.5));
#1972=CARTESIAN_POINT('',(-25.,10.,12.5));
#1973=CARTESIAN_POINT('',(-25.,10.,-12.5));
#1974=CARTESIAN_POINT('Origin',(-25.,20.,-12.5));
#1975=CARTESIAN_POINT('',(-25.,20.,-12.5));
#1976=CARTESIAN_POINT('',(-25.,10.,-12.5));
#1977=CARTESIAN_POINT('',(-14.9248013716808,20.,-12.5));
#1978=CARTESIAN_POINT('',(-25.,20.,-12.5));
#1979=CARTESIAN_POINT('Ctrl Pts',(-19.3067345763078,12.,-12.5));
#1980=CARTESIAN_POINT('Ctrl Pts',(-16.933543784347,16.512034658484,-12.5));
#1981=CARTESIAN_POINT('Ctrl Pts',(-14.9248013716808,20.,-12.5));
#1982=CARTESIAN_POINT('Origin',(-25.,20.,12.5));
#1983=CARTESIAN_POINT('Origin',(0.,20.,0.));
#1984=CARTESIAN_POINT('',(-25.,20.,-12.5));
#1985=CARTESIAN_POINT('Origin',(-25.,15.,0.));
#1986=CARTESIAN_POINT('Origin',(0.,18.,0.));
#1987=CARTESIAN_POINT('',(2.16785406249611E-15,24.,-17.7018717887104));
#1988=CARTESIAN_POINT('Origin',(0.,24.,0.));
#1989=CARTESIAN_POINT('',(2.49227085026751E-15,18.,-20.3509358943552));
#1990=CARTESIAN_POINT('',(14.9248013716808,20.,12.5));
#1991=CARTESIAN_POINT('Ctrl Pts',(19.3067345763078,12.,12.5));
#1992=CARTESIAN_POINT('Ctrl Pts',(16.933543784347,16.512034658484,12.5));
#1993=CARTESIAN_POINT('Ctrl Pts',(14.9248013716808,20.,12.5));
#1994=CARTESIAN_POINT('',(14.9248013716808,20.,-12.5));
#1995=CARTESIAN_POINT('Origin',(0.,20.,0.));
#1996=CARTESIAN_POINT('Ctrl Pts',(14.9248013716808,20.,-12.5));
#1997=CARTESIAN_POINT('Ctrl Pts',(16.9335437843469,16.5120346584843,-12.5));
#1998=CARTESIAN_POINT('Ctrl Pts',(19.3067345763078,12.,-12.5));
#1999=CARTESIAN_POINT('Origin',(25.,15.,6.5));
#2000=CARTESIAN_POINT('',(25.,15.,7.8));
#2001=CARTESIAN_POINT('Origin',(25.,15.,6.5));
#2002=CARTESIAN_POINT('',(18.4551412667773,14.9999999999894,7.8));
#2003=CARTESIAN_POINT('',(25.,15.,7.8));
#2004=CARTESIAN_POINT('',(18.3573012023622,15.2207422135098,7.78112172535431));
#2005=CARTESIAN_POINT('Ctrl Pts',(18.3573012023622,15.2207422135098,7.78112172535431));
#2006=CARTESIAN_POINT('Ctrl Pts',(18.3866989584997,15.1484231886676,7.79358257220953));
#2007=CARTESIAN_POINT('Ctrl Pts',(18.4195454175631,15.0742624701011,7.80000000000121));
#2008=CARTESIAN_POINT('Ctrl Pts',(18.4551412667773,14.9999999999788,7.8));
#2009=CARTESIAN_POINT('Ctrl Pts',(18.4551412667773,14.9999999999789,7.8));
#2010=CARTESIAN_POINT('Ctrl Pts',(18.504603170145,14.8968092290847,7.79999999999832));
#2011=CARTESIAN_POINT('Ctrl Pts',(18.5593993757472,14.7934342383223,7.78754000091032));
#2012=CARTESIAN_POINT('Ctrl Pts',(18.7157747589112,14.5234939695732,7.72220384017234));
#2013=CARTESIAN_POINT('Ctrl Pts',(18.8229136581056,14.3650901850182,7.64572450586487));
#2014=CARTESIAN_POINT('Ctrl Pts',(19.021869565427,14.1052517970213,7.45668990614412));
#2015=CARTESIAN_POINT('Ctrl Pts',(19.1291391150325,13.983695187265,7.32944098412359));
#2016=CARTESIAN_POINT('Ctrl Pts',(19.32750369111,13.800027219824,7.03001244691429));
#2017=CARTESIAN_POINT('Ctrl Pts',(19.4184770592563,13.7379699837796,6.85771906352595));
#2018=CARTESIAN_POINT('Ctrl Pts',(19.5539981886125,13.6906051022014,6.52703900528816));
#2019=CARTESIAN_POINT('Ctrl Pts',(19.6096296495105,13.6966879104316,6.34934262791688));
#2020=CARTESIAN_POINT('Ctrl Pts',(19.6768859488496,13.7843893439051,6.0064305476026));
#2021=CARTESIAN_POINT('Ctrl Pts',(19.6885013011946,13.866243850264,5.84127335499426));
#2022=CARTESIAN_POINT('Ctrl Pts',(19.6708306722753,14.0765003984772,5.56885197590343));
#2023=CARTESIAN_POINT('Ctrl Pts',(19.6405327830129,14.2155076759949,5.44847074252305));
#2024=CARTESIAN_POINT('Ctrl Pts',(19.5460484640994,14.5242143097906,5.2773922064425));
#2025=CARTESIAN_POINT('Ctrl Pts',(19.4820337418678,14.6938809104789,5.22654104476187));
#2026=CARTESIAN_POINT('Ctrl Pts',(19.3446843841834,15.0159707470499,5.1896936568084));
#2027=CARTESIAN_POINT('Ctrl Pts',(19.2612257004085,15.1909942417846,5.20289131944593));
#2028=CARTESIAN_POINT('Ctrl Pts',(19.0858826834745,15.5184848726809,5.29578115579099));
#2029=CARTESIAN_POINT('Ctrl Pts',(18.9939048534699,15.6709147133974,5.37542829604376));
#2030=CARTESIAN_POINT('Ctrl Pts',(18.824243278405,15.9191441720581,5.56745871762526));
#2031=CARTESIAN_POINT('Ctrl Pts',(18.7335520547215,16.0342180516961,5.69426523134622));
#2032=CARTESIAN_POINT('Ctrl Pts',(18.5622373656549,16.206435840579,5.98684503291681));
#2033=CARTESIAN_POINT('Ctrl Pts',(18.4815031964537,16.2635074942192,6.15259601579844));
#2034=CARTESIAN_POINT('Ctrl Pts',(18.3518043970682,16.3088374608665,6.46906922361405));
#2035=CARTESIAN_POINT('Ctrl Pts',(18.2927296358425,16.303646774538,6.64113867672689));
#2036=CARTESIAN_POINT('Ctrl Pts',(18.2066779879697,16.2224387136806,6.97440344710509));
#2037=CARTESIAN_POINT('Ctrl Pts',(18.1798791255883,16.1462646426765,7.13560650652677));
#2038=CARTESIAN_POINT('Ctrl Pts',(18.1664673927115,15.9502716248042,7.4021018618362));
#2039=CARTESIAN_POINT('Ctrl Pts',(18.1785808219876,15.8209926835251,7.52213792859898));
#2040=CARTESIAN_POINT('Ctrl Pts',(18.2435361619128,15.5311126571181,7.69863021504058));
#2041=CARTESIAN_POINT('Ctrl Pts',(18.2963691296233,15.3706362415264,7.75529440630924));
#2042=CARTESIAN_POINT('Ctrl Pts',(18.3573012023622,15.2207422135098,7.78112172535431));
#2043=CARTESIAN_POINT('Origin',(25.,15.,-6.49999999999999));
#2044=CARTESIAN_POINT('',(25.,15.,-5.19999999999999));
#2045=CARTESIAN_POINT('Origin',(25.,15.,-6.49999999999999));
#2046=CARTESIAN_POINT('',(19.3492180507643,15.0000000000087,-5.19999999999999));
#2047=CARTESIAN_POINT('',(25.,15.,-5.19999999999999));
#2048=CARTESIAN_POINT('',(19.4145033209874,14.8522424972504,-5.20842432649836));
#2049=CARTESIAN_POINT('Ctrl Pts',(19.4145033209874,14.8522424972504,-5.20842432649836));
#2050=CARTESIAN_POINT('Ctrl Pts',(19.4820337418678,14.6938809104789,-5.22654104476187));
#2051=CARTESIAN_POINT('Ctrl Pts',(19.5460484640994,14.5242143097906,-5.2773922064425));
#2052=CARTESIAN_POINT('Ctrl Pts',(19.6405327830129,14.2155076759949,-5.44847074252304));
#2053=CARTESIAN_POINT('Ctrl Pts',(19.6708306722753,14.0765003984772,-5.56885197590342));
#2054=CARTESIAN_POINT('Ctrl Pts',(19.6885013011946,13.866243850264,-5.84127335499425));
#2055=CARTESIAN_POINT('Ctrl Pts',(19.6768859488496,13.7843893439051,-6.0064305476026));
#2056=CARTESIAN_POINT('Ctrl Pts',(19.6096296495105,13.6966879104316,-6.34934262791688));
#2057=CARTESIAN_POINT('Ctrl Pts',(19.5539981886125,13.6906051022014,-6.52703900528816));
#2058=CARTESIAN_POINT('Ctrl Pts',(19.4184770592563,13.7379699837796,-6.85771906352594));
#2059=CARTESIAN_POINT('Ctrl Pts',(19.32750369111,13.800027219824,-7.03001244691429));
#2060=CARTESIAN_POINT('Ctrl Pts',(19.1291391150325,13.983695187265,-7.32944098412359));
#2061=CARTESIAN_POINT('Ctrl Pts',(19.021869565427,14.1052517970213,-7.45668990614412));
#2062=CARTESIAN_POINT('Ctrl Pts',(18.8229136581056,14.3650901850182,-7.64572450586487));
#2063=CARTESIAN_POINT('Ctrl Pts',(18.7157747589112,14.5234939695732,-7.72220384017234));
#2064=CARTESIAN_POINT('Ctrl Pts',(18.5180201845753,14.8648643429816,-7.80482889530603));
#2065=CARTESIAN_POINT('Ctrl Pts',(18.427548355421,15.0479329152968,-7.81089743381952));
#2066=CARTESIAN_POINT('Ctrl Pts',(18.2963691296233,15.3706362415264,-7.75529440630924));
#2067=CARTESIAN_POINT('Ctrl Pts',(18.2435361619128,15.5311126571181,-7.69863021504058));
#2068=CARTESIAN_POINT('Ctrl Pts',(18.1785808219876,15.8209926835251,-7.52213792859898));
#2069=CARTESIAN_POINT('Ctrl Pts',(18.1664673927115,15.9502716248042,-7.40210186183619));
#2070=CARTESIAN_POINT('Ctrl Pts',(18.1798791255883,16.1462646426765,-7.13560650652677));
#2071=CARTESIAN_POINT('Ctrl Pts',(18.2066779879697,16.2224387136806,-6.97440344710508));
#2072=CARTESIAN_POINT('Ctrl Pts',(18.2927296358425,16.303646774538,-6.64113867672689));
#2073=CARTESIAN_POINT('Ctrl Pts',(18.3518043970682,16.3088374608665,-6.46906922361405));
#2074=CARTESIAN_POINT('Ctrl Pts',(18.4815031964537,16.2635074942192,-6.15259601579844));
#2075=CARTESIAN_POINT('Ctrl Pts',(18.5622373656549,16.206435840579,-5.98684503291681));
#2076=CARTESIAN_POINT('Ctrl Pts',(18.7335520547215,16.0342180516961,-5.69426523134621));
#2077=CARTESIAN_POINT('Ctrl Pts',(18.824243278405,15.9191441720581,-5.56745871762526));
#2078=CARTESIAN_POINT('Ctrl Pts',(18.9939048534699,15.6709147133974,-5.37542829604376));
#2079=CARTESIAN_POINT('Ctrl Pts',(19.0858826834745,15.518484872681,-5.29578115579099));
#2080=CARTESIAN_POINT('Ctrl Pts',(19.2352809675082,15.2394515861061,-5.21663581885778));
#2081=CARTESIAN_POINT('Ctrl Pts',(19.2949935609677,15.1186073360388,-5.20000000000158));
#2082=CARTESIAN_POINT('Ctrl Pts',(19.3492180507643,15.0000000000173,-5.19999999999999));
#2083=CARTESIAN_POINT('Ctrl Pts',(19.3492180507643,15.0000000000173,-5.19999999999999));
#2084=CARTESIAN_POINT('Ctrl Pts',(19.3720094551672,14.9501474745155,-5.19999999999933));
#2085=CARTESIAN_POINT('Ctrl Pts',(19.3938417206747,14.9006947913144,-5.2028813373261));
#2086=CARTESIAN_POINT('Ctrl Pts',(19.4145033209874,14.8522424972504,-5.20842432649836));
#2087=CARTESIAN_POINT('Origin',(25.,10.,12.5));
#2088=CARTESIAN_POINT('',(25.,10.,12.5));
#2089=CARTESIAN_POINT('',(25.,10.,12.5));
#2090=CARTESIAN_POINT('',(25.,20.,12.5));
#2091=CARTESIAN_POINT('',(25.,20.,12.5));
#2092=CARTESIAN_POINT('',(25.,20.,12.5));
#2093=CARTESIAN_POINT('Origin',(25.,10.,-12.5));
#2094=CARTESIAN_POINT('',(25.,10.,-12.5));
#2095=CARTESIAN_POINT('',(25.,10.,-12.5));
#2096=CARTESIAN_POINT('',(25.,10.,12.5));
#2097=CARTESIAN_POINT('Origin',(25.,20.,-12.5));
#2098=CARTESIAN_POINT('',(25.,20.,-12.5));
#2099=CARTESIAN_POINT('',(25.,10.,-12.5));
#2100=CARTESIAN_POINT('',(25.,20.,-12.5));
#2101=CARTESIAN_POINT('Origin',(25.,20.,12.5));
#2102=CARTESIAN_POINT('',(25.,20.,-12.5));
#2103=CARTESIAN_POINT('Origin',(25.,15.,0.));
#2104=CARTESIAN_POINT('Origin',(0.,16.0915176591298,0.));
#2105=CARTESIAN_POINT('',(-5.,16.0915176591298,1.3292799588445E-15));
#2106=CARTESIAN_POINT('Origin',(0.,16.0915176591298,0.));
#2107=CARTESIAN_POINT('',(-7.59807621135332,18.,2.01999408670502E-15));
#2108=CARTESIAN_POINT('Origin',(-7.,16.0915176591298,1.8609919423823E-15));
#2109=CARTESIAN_POINT('Origin',(0.,18.,0.));
#2110=CARTESIAN_POINT('Origin',(0.,22.5,0.));
#2111=CARTESIAN_POINT('',(-5.,9.5,-6.12323399573677E-16));
#2112=CARTESIAN_POINT('Origin',(0.,9.5,0.));
#2113=CARTESIAN_POINT('',(-5.,22.5,-6.12323399573677E-16));
#2114=CARTESIAN_POINT('Origin',(0.,17.0918000207073,0.));
#2115=CARTESIAN_POINT('',(2.63299061816681E-15,11.6836000414147,-21.5));
#2116=CARTESIAN_POINT('',(21.5,11.6836000414147,-2.63299061816681E-15));
#2117=CARTESIAN_POINT('Origin',(0.,11.6836000414147,0.));
#2118=CARTESIAN_POINT('',(2.04815366319764E-15,22.5,-16.7244438529023));
#2119=CARTESIAN_POINT('',(2.34057214068223E-15,17.0918000207073,-19.1122219264512));
#2120=CARTESIAN_POINT('Origin',(0.,22.5,0.));
#2121=CARTESIAN_POINT('Origin',(0.,11.6836000414147,0.));
#2122=CARTESIAN_POINT('Origin',(0.,0.,0.));
#2123=CARTESIAN_POINT('',(23.,0.,-2.81668763803891E-15));
#2124=CARTESIAN_POINT('Origin',(0.,0.,0.));
#2125=CARTESIAN_POINT('',(21.5,0.,2.63299061816681E-15));
#2126=CARTESIAN_POINT('Origin',(0.,0.,0.));
#2127=CARTESIAN_POINT('Origin',(0.,0.,0.));
#2128=CARTESIAN_POINT('',(23.,0.,-2.81668763803891E-15));
#2129=CARTESIAN_POINT('Origin',(0.,0.,0.));
#2130=CARTESIAN_POINT('',(21.5,0.,-2.63299061816681E-15));
#2131=CARTESIAN_POINT('Origin',(0.,20.25,0.));
#2132=CARTESIAN_POINT('',(1.54281937076483E-15,18.,-12.5980762113533));
#2133=CARTESIAN_POINT('Origin',(0.,18.,0.));
#2134=CARTESIAN_POINT('',(1.8609919423823E-15,22.5,-15.1961524227067));
#2135=CARTESIAN_POINT('',(1.70190565657356E-15,20.25,-13.89711431703));
#2136=CARTESIAN_POINT('Origin',(0.,22.5,0.));
#2137=CARTESIAN_POINT('Origin',(0.,18.,7.59807621135332));
#2138=CARTESIAN_POINT('Origin',(0.,22.5,0.));
#2139=CARTESIAN_POINT('Origin',(0.,24.,0.));
#2140=CARTESIAN_POINT('Origin',(1.08499432473959,9.5,-2.98099740745843));
#2141=CARTESIAN_POINT('',(1.2662871225591,22.5,-2.71965382415501));
#2142=CARTESIAN_POINT('',(1.33490582006588,9.5,-2.98764906167213));
#2143=CARTESIAN_POINT('Ctrl Pts',(1.2662871225591,22.5,-2.71965382415502));
#2144=CARTESIAN_POINT('Ctrl Pts',(1.28651830936729,21.0983984488501,-2.7426198390497));
#2145=CARTESIAN_POINT('Ctrl Pts',(1.30197382625315,19.7245212253563,-2.76714151009919));
#2146=CARTESIAN_POINT('Ctrl Pts',(1.31344290829207,18.4384608342931,-2.79151724819215));
#2147=CARTESIAN_POINT('Ctrl Pts',(1.32879226173634,16.7172947090427,-2.82413989560056));
#2148=CARTESIAN_POINT('Ctrl Pts',(1.33988368219084,14.8240348399484,-2.86278682925331));
#2149=CARTESIAN_POINT('Ctrl Pts',(1.34343593367674,11.7741216304908,-2.93151902625206));
#2150=CARTESIAN_POINT('Ctrl Pts',(1.34151961074021,10.6173969325068,-2.95905770980498));
#2151=CARTESIAN_POINT('Ctrl Pts',(1.33490582006588,9.5,-2.98764906167213));
#2152=CARTESIAN_POINT('',(0.778127567173943,22.5,-2.89732937188784));
#2153=CARTESIAN_POINT('Origin',(1.08499432473959,22.5,-2.98099740745843));
#2154=CARTESIAN_POINT('',(0.897826613385817,9.5,-3.14673288292036));
#2155=CARTESIAN_POINT('Ctrl Pts',(0.897826613385817,9.5,-3.14673288292036));
#2156=CARTESIAN_POINT('Ctrl Pts',(0.874381989067397,10.6173969325068,-3.12908189939979));
#2157=CARTESIAN_POINT('Ctrl Pts',(0.855212475955757,11.7741216304908,-3.10921783253302));
#2158=CARTESIAN_POINT('Ctrl Pts',(0.813753453849756,14.8240348399484,-3.05428257171715));
#2159=CARTESIAN_POINT('Ctrl Pts',(0.797408204750856,16.7172947090427,-3.01754787530689));
#2160=CARTESIAN_POINT('Ctrl Pts',(0.78131446225348,19.7245212253577,-2.95664602078702));
#2161=CARTESIAN_POINT('Ctrl Pts',(0.777391848760007,21.0983984488483,-2.92792671618809));
#2162=CARTESIAN_POINT('Ctrl Pts',(0.778127567173944,22.5,-2.89732937188784));
#2163=CARTESIAN_POINT('Origin',(1.08499432473959,9.5,-2.98099740745843));
#2164=CARTESIAN_POINT('Origin',(2.03912232110476,9.5,-2.43013135191564));
#2165=CARTESIAN_POINT('',(2.12009705559871,22.5,-2.12254292650153));
#2166=CARTESIAN_POINT('',(2.27623730883997,9.5,-2.35090709684604));
#2167=CARTESIAN_POINT('Ctrl Pts',(2.12009705559871,22.5,-2.12254292650153));
#2168=CARTESIAN_POINT('Ctrl Pts',(2.146962992258,21.0983984488501,-2.13720444781514));
#2169=CARTESIAN_POINT('Ctrl Pts',(2.16987333287301,19.7245212253563,-2.15496118304922));
#2170=CARTESIAN_POINT('Ctrl Pts',(2.1889877380684,18.4384608342931,-2.17394422717861));
#2171=CARTESIAN_POINT('Ctrl Pts',(2.2145690147761,16.7172947090428,-2.19934970015383));
#2172=CARTESIAN_POINT('Ctrl Pts',(2.23820957051824,14.8240348399484,-2.23187244930979));
#2173=CARTESIAN_POINT('Ctrl Pts',(2.26505539089531,11.7741216304908,-2.29524464607758));
#2174=CARTESIAN_POINT('Ctrl Pts',(2.27267342086859,10.6173969325068,-2.32177796484383));
#2175=CARTESIAN_POINT('Ctrl Pts',(2.27623730883997,9.5,-2.35090709684604));
#2176=CARTESIAN_POINT('',(1.72214573993819,22.5,-2.45646372869879));
#2177=CARTESIAN_POINT('Origin',(2.03912232110476,22.5,-2.43013135191564));
#2178=CARTESIAN_POINT('',(1.91992707496787,9.5,-2.64988688267281));
#2179=CARTESIAN_POINT('Ctrl Pts',(1.91992707496787,9.5,-2.64988688267281));
#2180=CARTESIAN_POINT('Ctrl Pts',(1.89185934258521,10.6173969325068,-2.64131891747853));
#2181=CARTESIAN_POINT('Ctrl Pts',(1.86705198157334,11.7741216304908,-2.62920916004695));
#2182=CARTESIAN_POINT('Ctrl Pts',(1.80930427865745,14.8240348399484,-2.59176672152016));
#2183=CARTESIAN_POINT('Ctrl Pts',(1.78138076256305,16.7172947090428,-2.56283780281613));
#2184=CARTESIAN_POINT('Ctrl Pts',(1.74542793048575,19.7245212253577,-2.51111316364723));
#2185=CARTESIAN_POINT('Ctrl Pts',(1.7319192988566,21.0983984488483,-2.48546745787076));
#2186=CARTESIAN_POINT('Ctrl Pts',(1.72214573993819,22.5,-2.45646372869879));
#2187=CARTESIAN_POINT('Origin',(2.03912232110476,9.5,-2.43013135191564));
#2188=CARTESIAN_POINT('Origin',(2.74730207130436,9.5,-1.58615559041279));
#2189=CARTESIAN_POINT('',(2.71819199443298,22.5,-1.26942202651462));
#2190=CARTESIAN_POINT('',(2.94302098448311,9.5,-1.43061104044677));
#2191=CARTESIAN_POINT('Ctrl Pts',(2.71819199443298,22.5,-1.26942202651462));
#2192=CARTESIAN_POINT('Ctrl Pts',(2.74845225248326,21.0983984488501,-1.27401065839572));
#2193=CARTESIAN_POINT('Ctrl Pts',(2.77605409162864,19.7245212253563,-1.28286073348365));
#2194=CARTESIAN_POINT('Ctrl Pts',(2.80050834061535,18.4384608342931,-1.29416144836758));
#2195=CARTESIAN_POINT('Ctrl Pts',(2.8332360610761,16.7172947090427,-1.30928547192395));
#2196=CARTESIAN_POINT('Ctrl Pts',(2.86657435218593,14.8240348399484,-1.33176131305025));
#2197=CARTESIAN_POINT('Ctrl Pts',(2.91347573931459,11.7741216304908,-1.38212988738288));
#2198=CARTESIAN_POINT('Ctrl Pts',(2.92970927535274,10.6173969325068,-1.40445753152916));
#2199=CARTESIAN_POINT('Ctrl Pts',(2.94302098448311,9.5,-1.43061104044677));
#2200=CARTESIAN_POINT('',(2.45844772030167,22.5,-1.71931230628514));
#2201=CARTESIAN_POINT('Origin',(2.74730207130436,22.5,-1.58615559041279));
#2202=CARTESIAN_POINT('',(2.71045599620294,9.5,-1.83342541620967));
#2203=CARTESIAN_POINT('Ctrl Pts',(2.71045599620294,9.5,-1.83342541620967));
#2204=CARTESIAN_POINT('Ctrl Pts',(2.68115053851701,10.6173969325068,-1.8349738923938));
#2205=CARTESIAN_POINT('Ctrl Pts',(2.65369746346059,11.7741216304908,-1.83207905986465));
#2206=CARTESIAN_POINT('Ctrl Pts',(2.5866263049718,14.8240348399484,-1.81664555430481));
#2207=CARTESIAN_POINT('Ctrl Pts',(2.55049251003009,16.7172947090427,-1.79901166784809));
#2208=CARTESIAN_POINT('Ctrl Pts',(2.49901703052867,19.7245212253577,-1.7627029988883));
#2209=CARTESIAN_POINT('Ctrl Pts',(2.47755172110449,21.0983984488483,-1.74322414254124));
#2210=CARTESIAN_POINT('Ctrl Pts',(2.45844772030167,22.5,-1.71931230628514));
#2211=CARTESIAN_POINT('Origin',(2.74730207130436,9.5,-1.58615559041279));
#2212=CARTESIAN_POINT('Origin',(3.12411664584434,9.5,-0.550866055542789));
#2213=CARTESIAN_POINT('',(2.98843286249729,22.5,-0.263190095456229));
#2214=CARTESIAN_POINT('',(3.25483289503374,9.5,-0.337762178999318));
#2215=CARTESIAN_POINT('Ctrl Pts',(2.98843286249729,22.5,-0.263190095456229));
#2216=CARTESIAN_POINT('Ctrl Pts',(3.01843760822387,21.0983984488501,-0.257152381178972));
#2217=CARTESIAN_POINT('Ctrl Pts',(3.04740175673891,19.7245212253563,-0.256028346451944));
#2218=CARTESIAN_POINT('Ctrl Pts',(3.07424630618287,18.4384608342931,-0.258283699094629));
#2219=CARTESIAN_POINT('Ctrl Pts',(3.11017302429939,16.7172947090427,-0.261302092784426));
#2220=CARTESIAN_POINT('Ctrl Pts',(3.14918796084829,14.8240348399484,-0.27102010773315));
#2221=CARTESIAN_POINT('Ctrl Pts',(3.21048791525008,11.7741216304908,-0.302309866205111));
#2222=CARTESIAN_POINT('Ctrl Pts',(3.23337895332542,10.6173969325068,-0.317738792326454));
#2223=CARTESIAN_POINT('Ctrl Pts',(3.25483289503374,9.5,-0.337762178999317));
#2224=CARTESIAN_POINT('',(2.89822462277265,22.5,-0.774786445386302));
#2225=CARTESIAN_POINT('Origin',(3.12411664584434,22.5,-0.550866055542789));
#2226=CARTESIAN_POINT('',(3.17406392222578,9.5,-0.795825786074311));
#2227=CARTESIAN_POINT('Ctrl Pts',(3.17406392222578,9.5,-0.795825786074312));
#2228=CARTESIAN_POINT('Ctrl Pts',(3.14705540993598,10.6173969325068,-0.807303934555964));
#2229=CARTESIAN_POINT('Ctrl Pts',(3.12026786685107,11.7741216304908,-0.813973186455438));
#2230=CARTESIAN_POINT('Ctrl Pts',(3.05196302436799,14.8240348399484,-0.822410122407358));
#2231=CARTESIAN_POINT('Ctrl Pts',(3.01197721952696,16.7172947090427,-0.818198175153064));
#2232=CARTESIAN_POINT('Ctrl Pts',(2.95118779512647,19.7245212253577,-0.801684837737817));
#2233=CARTESIAN_POINT('Ctrl Pts',(2.92435484101804,21.0983984488483,-0.790722268372929));
#2234=CARTESIAN_POINT('Ctrl Pts',(2.89822462277265,22.5,-0.774786445386302));
#2235=CARTESIAN_POINT('Origin',(3.12411664584434,9.5,-0.550866055542789));
#2236=CARTESIAN_POINT('Origin',(3.12411664584434,9.5,0.55086605554279));
#2237=CARTESIAN_POINT('',(2.89822462277265,22.5,0.774786445386303));
#2238=CARTESIAN_POINT('',(3.17406392222578,9.5,0.795825786074313));
#2239=CARTESIAN_POINT('Ctrl Pts',(2.89822462277265,22.5,0.774786445386303));
#2240=CARTESIAN_POINT('Ctrl Pts',(2.924354841018,21.0983984488502,0.79072226837291));
#2241=CARTESIAN_POINT('Ctrl Pts',(2.9511877951265,19.7245212253564,0.801684837737826));
#2242=CARTESIAN_POINT('Ctrl Pts',(2.97718479618141,18.4384608342932,0.808746876150561));
#2243=CARTESIAN_POINT('Ctrl Pts',(3.01197721952695,16.7172947090428,0.818198175153065));
#2244=CARTESIAN_POINT('Ctrl Pts',(3.05196302436799,14.8240348399485,0.822410122407359));
#2245=CARTESIAN_POINT('Ctrl Pts',(3.12026786685107,11.7741216304909,0.813973186455439));
#2246=CARTESIAN_POINT('Ctrl Pts',(3.14705540993598,10.6173969325068,0.807303934555966));
#2247=CARTESIAN_POINT('Ctrl Pts',(3.17406392222578,9.5,0.795825786074313));
#2248=CARTESIAN_POINT('',(2.98843286249729,22.5,0.26319009545623));
#2249=CARTESIAN_POINT('Origin',(3.12411664584434,22.5,0.55086605554279));
#2250=CARTESIAN_POINT('',(3.25483289503374,9.5,0.337762178999319));
#2251=CARTESIAN_POINT('Ctrl Pts',(3.25483289503374,9.5,0.337762178999318));
#2252=CARTESIAN_POINT('Ctrl Pts',(3.23337895332542,10.6173969325068,0.317738792326454));
#2253=CARTESIAN_POINT('Ctrl Pts',(3.21048791525008,11.7741216304908,0.302309866205112));
#2254=CARTESIAN_POINT('Ctrl Pts',(3.14918796084829,14.8240348399484,0.271020107733151));
#2255=CARTESIAN_POINT('Ctrl Pts',(3.11017302429939,16.7172947090427,0.261302092784427));
#2256=CARTESIAN_POINT('Ctrl Pts',(3.04740175673888,19.7245212253577,0.256028346451942));
#2257=CARTESIAN_POINT('Ctrl Pts',(3.01843760822391,21.0983984488483,0.257152381178965));
#2258=CARTESIAN_POINT('Ctrl Pts',(2.98843286249729,22.5,0.26319009545623));
#2259=CARTESIAN_POINT('Origin',(3.12411664584434,9.5,0.55086605554279));
#2260=CARTESIAN_POINT('Origin',(2.74730207130436,9.5,1.58615559041279));
#2261=CARTESIAN_POINT('',(2.45844772030167,22.5,1.71931230628514));
#2262=CARTESIAN_POINT('',(2.71045599620294,9.5,1.83342541620967));
#2263=CARTESIAN_POINT('Ctrl Pts',(2.45844772030167,22.5,1.71931230628514));
#2264=CARTESIAN_POINT('Ctrl Pts',(2.47755172110447,21.0983984488501,1.74322414254121));
#2265=CARTESIAN_POINT('Ctrl Pts',(2.4990170305287,19.7245212253563,1.76270299888831));
#2266=CARTESIAN_POINT('Ctrl Pts',(2.52103086119246,18.4384608342931,1.77823064229931));
#2267=CARTESIAN_POINT('Ctrl Pts',(2.55049251003009,16.7172947090427,1.79901166784809));
#2268=CARTESIAN_POINT('Ctrl Pts',(2.5866263049718,14.8240348399484,1.81664555430481));
#2269=CARTESIAN_POINT('Ctrl Pts',(2.65369746346059,11.7741216304908,1.83207905986465));
#2270=CARTESIAN_POINT('Ctrl Pts',(2.681150538517,10.6173969325068,1.8349738923938));
#2271=CARTESIAN_POINT('Ctrl Pts',(2.71045599620294,9.5,1.83342541620967));
#2272=CARTESIAN_POINT('',(2.71819199443298,22.5,1.26942202651462));
#2273=CARTESIAN_POINT('Origin',(2.74730207130436,22.5,1.58615559041279));
#2274=CARTESIAN_POINT('',(2.94302098448311,9.5,1.43061104044677));
#2275=CARTESIAN_POINT('Ctrl Pts',(2.94302098448311,9.5,1.43061104044677));
#2276=CARTESIAN_POINT('Ctrl Pts',(2.92970927535274,10.6173969325068,1.40445753152916));
#2277=CARTESIAN_POINT('Ctrl Pts',(2.91347573931459,11.7741216304908,1.38212988738288));
#2278=CARTESIAN_POINT('Ctrl Pts',(2.86657435218593,14.8240348399484,1.33176131305025));
#2279=CARTESIAN_POINT('Ctrl Pts',(2.8332360610761,16.7172947090428,1.30928547192395));
#2280=CARTESIAN_POINT('Ctrl Pts',(2.77605409162861,19.7245212253577,1.28286073348364));
#2281=CARTESIAN_POINT('Ctrl Pts',(2.7484522524833,21.0983984488484,1.27401065839573));
#2282=CARTESIAN_POINT('Ctrl Pts',(2.71819199443298,22.5,1.26942202651462));
#2283=CARTESIAN_POINT('Origin',(2.74730207130436,9.5,1.58615559041279));
#2284=CARTESIAN_POINT('Origin',(2.03912232110476,9.5,2.43013135191564));
#2285=CARTESIAN_POINT('',(1.72214573993819,22.5,2.45646372869879));
#2286=CARTESIAN_POINT('',(1.91992707496787,9.5,2.64988688267281));
#2287=CARTESIAN_POINT('Ctrl Pts',(1.72214573993819,22.5,2.45646372869879));
#2288=CARTESIAN_POINT('Ctrl Pts',(1.73191929885658,21.0983984488501,2.48546745787072));
#2289=CARTESIAN_POINT('Ctrl Pts',(1.74542793048576,19.7245212253563,2.51111316364725));
#2290=CARTESIAN_POINT('Ctrl Pts',(1.7608033978908,18.4384608342931,2.53323354909752));
#2291=CARTESIAN_POINT('Ctrl Pts',(1.78138076256305,16.7172947090427,2.56283780281613));
#2292=CARTESIAN_POINT('Ctrl Pts',(1.80930427865745,14.8240348399484,2.59176672152016));
#2293=CARTESIAN_POINT('Ctrl Pts',(1.86705198157334,11.7741216304908,2.62920916004695));
#2294=CARTESIAN_POINT('Ctrl Pts',(1.89185934258521,10.6173969325068,2.64131891747853));
#2295=CARTESIAN_POINT('Ctrl Pts',(1.91992707496787,9.5,2.64988688267281));
#2296=CARTESIAN_POINT('',(2.12009705559871,22.5,2.12254292650153));
#2297=CARTESIAN_POINT('Origin',(2.03912232110476,22.5,2.43013135191564));
#2298=CARTESIAN_POINT('',(2.27623730883997,9.5,2.35090709684604));
#2299=CARTESIAN_POINT('Ctrl Pts',(2.27623730883997,9.5,2.35090709684604));
#2300=CARTESIAN_POINT('Ctrl Pts',(2.27267342086859,10.6173969325068,2.32177796484383));
#2301=CARTESIAN_POINT('Ctrl Pts',(2.26505539089531,11.7741216304908,2.29524464607759));
#2302=CARTESIAN_POINT('Ctrl Pts',(2.23820957051824,14.8240348399484,2.23187244930979));
#2303=CARTESIAN_POINT('Ctrl Pts',(2.2145690147761,16.7172947090427,2.19934970015383));
#2304=CARTESIAN_POINT('Ctrl Pts',(2.16987333287299,19.7245212253577,2.1549611830492));
#2305=CARTESIAN_POINT('Ctrl Pts',(2.14696299225803,21.0983984488483,2.13720444781516));
#2306=CARTESIAN_POINT('Ctrl Pts',(2.12009705559871,22.5,2.12254292650153));
#2307=CARTESIAN_POINT('Origin',(2.03912232110476,9.5,2.43013135191564));
#2308=CARTESIAN_POINT('Origin',(1.08499432473959,9.5,2.98099740745843));
#2309=CARTESIAN_POINT('',(0.778127567173941,22.5,2.89732937188784));
#2310=CARTESIAN_POINT('',(0.897826613385815,9.5,3.14673288292036));
#2311=CARTESIAN_POINT('Ctrl Pts',(0.778127567173941,22.5,2.89732937188784));
#2312=CARTESIAN_POINT('Ctrl Pts',(0.777391848760005,21.0983984488501,2.92792671618805));
#2313=CARTESIAN_POINT('Ctrl Pts',(0.781314462253484,19.7245212253564,2.95664602078704));
#2314=CARTESIAN_POINT('Ctrl Pts',(0.78819705811301,18.4384608342931,2.98269110332918));
#2315=CARTESIAN_POINT('Ctrl Pts',(0.797408204750853,16.7172947090428,3.01754787530689));
#2316=CARTESIAN_POINT('Ctrl Pts',(0.813753453849754,14.8240348399484,3.05428257171715));
#2317=CARTESIAN_POINT('Ctrl Pts',(0.855212475955755,11.7741216304908,3.10921783253302));
#2318=CARTESIAN_POINT('Ctrl Pts',(0.874381989067394,10.6173969325068,3.12908189939979));
#2319=CARTESIAN_POINT('Ctrl Pts',(0.897826613385815,9.5,3.14673288292036));
#2320=CARTESIAN_POINT('',(1.2662871225591,22.5,2.71965382415502));
#2321=CARTESIAN_POINT('Origin',(1.08499432473959,22.5,2.98099740745843));
#2322=CARTESIAN_POINT('',(1.33490582006587,9.5,2.98764906167213));
#2323=CARTESIAN_POINT('Ctrl Pts',(1.33490582006587,9.49999999999999,2.98764906167213));
#2324=CARTESIAN_POINT('Ctrl Pts',(1.34151961074021,10.6173969325068,2.95905770980498));
#2325=CARTESIAN_POINT('Ctrl Pts',(1.34343593367674,11.7741216304909,2.93151902625206));
#2326=CARTESIAN_POINT('Ctrl Pts',(1.33988368219084,14.8240348399484,2.86278682925331));
#2327=CARTESIAN_POINT('Ctrl Pts',(1.32879226173634,16.7172947090428,2.82413989560056));
#2328=CARTESIAN_POINT('Ctrl Pts',(1.30197382625314,19.7245212253577,2.76714151009917));
#2329=CARTESIAN_POINT('Ctrl Pts',(1.28651830936731,21.0983984488484,2.74261983904973));
#2330=CARTESIAN_POINT('Ctrl Pts',(1.2662871225591,22.5,2.71965382415502));
#2331=CARTESIAN_POINT('Origin',(1.08499432473959,9.5,2.98099740745843));
#2332=CARTESIAN_POINT('Origin',(-4.16333634234434E-16,9.5,3.17231118082558));
#2333=CARTESIAN_POINT('',(-0.259744274131305,22.5,2.98873433279976));
#2334=CARTESIAN_POINT('',(-0.232564988280163,9.5,3.26403645665644));
#2335=CARTESIAN_POINT('Ctrl Pts',(-0.259744274131304,22.5,2.98873433279976));
#2336=CARTESIAN_POINT('Ctrl Pts',(-0.2709005313788,21.0983984488501,3.01723480093693));
#2337=CARTESIAN_POINT('Ctrl Pts',(-0.277037061099944,19.7245212253563,3.04556373237196));
#2338=CARTESIAN_POINT('Ctrl Pts',(-0.279477479422884,18.4384608342931,3.07239209066689));
#2339=CARTESIAN_POINT('Ctrl Pts',(-0.282743551046016,16.7172947090427,3.10829713977204));
#2340=CARTESIAN_POINT('Ctrl Pts',(-0.279948047214131,14.8240348399484,3.14840686735506));
#2341=CARTESIAN_POINT('Ctrl Pts',(-0.259778275854001,11.7741216304908,3.21420894724753));
#2342=CARTESIAN_POINT('Ctrl Pts',(-0.248558736835738,10.6173969325068,3.23943142392295));
#2343=CARTESIAN_POINT('Ctrl Pts',(-0.232564988280163,9.5,3.26403645665644));
#2344=CARTESIAN_POINT('',(0.259744274131304,22.5,2.98873433279976));
#2345=CARTESIAN_POINT('Origin',(-4.16333634234434E-16,22.5,3.17231118082558));
#2346=CARTESIAN_POINT('',(0.232564988280162,9.5,3.26403645665644));
#2347=CARTESIAN_POINT('Ctrl Pts',(0.232564988280162,9.5,3.26403645665644));
#2348=CARTESIAN_POINT('Ctrl Pts',(0.248558736835737,10.6173969325068,3.23943142392295));
#2349=CARTESIAN_POINT('Ctrl Pts',(0.259778275854,11.7741216304908,3.21420894724753));
#2350=CARTESIAN_POINT('Ctrl Pts',(0.279948047214131,14.8240348399484,3.14840686735506));
#2351=CARTESIAN_POINT('Ctrl Pts',(0.282743551046015,16.7172947090428,3.10829713977204));
#2352=CARTESIAN_POINT('Ctrl Pts',(0.27703706109994,19.7245212253577,3.04556373237193));
#2353=CARTESIAN_POINT('Ctrl Pts',(0.270900531378813,21.0983984488484,3.01723480093697));
#2354=CARTESIAN_POINT('Ctrl Pts',(0.259744274131303,22.5,2.98873433279976));
#2355=CARTESIAN_POINT('Origin',(-4.16333634234434E-16,9.5,3.17231118082558));
#2356=CARTESIAN_POINT('Origin',(-1.08499432473959,9.5,2.98099740745843));
#2357=CARTESIAN_POINT('',(-1.2662871225591,22.5,2.71965382415502));
#2358=CARTESIAN_POINT('',(-1.33490582006587,9.5,2.98764906167213));
#2359=CARTESIAN_POINT('Ctrl Pts',(-1.2662871225591,22.5,2.71965382415502));
#2360=CARTESIAN_POINT('Ctrl Pts',(-1.28651830936728,21.0983984488502,2.7426198390497));
#2361=CARTESIAN_POINT('Ctrl Pts',(-1.30197382625315,19.7245212253564,2.76714151009919));
#2362=CARTESIAN_POINT('Ctrl Pts',(-1.31344290829207,18.4384608342931,2.79151724819215));
#2363=CARTESIAN_POINT('Ctrl Pts',(-1.32879226173634,16.7172947090428,2.82413989560056));
#2364=CARTESIAN_POINT('Ctrl Pts',(-1.33988368219084,14.8240348399484,2.86278682925331));
#2365=CARTESIAN_POINT('Ctrl Pts',(-1.34343593367674,11.7741216304909,2.93151902625206));
#2366=CARTESIAN_POINT('Ctrl Pts',(-1.34151961074021,10.6173969325068,2.95905770980498));
#2367=CARTESIAN_POINT('Ctrl Pts',(-1.33490582006588,9.5,2.98764906167213));
#2368=CARTESIAN_POINT('',(-0.778127567173941,22.5,2.89732937188784));
#2369=CARTESIAN_POINT('Origin',(-1.08499432473959,22.5,2.98099740745843));
#2370=CARTESIAN_POINT('',(-0.897826613385816,9.5,3.14673288292036));
#2371=CARTESIAN_POINT('Ctrl Pts',(-0.897826613385815,9.5,3.14673288292036));
#2372=CARTESIAN_POINT('Ctrl Pts',(-0.874381989067395,10.6173969325068,3.12908189939979));
#2373=CARTESIAN_POINT('Ctrl Pts',(-0.855212475955756,11.7741216304908,3.10921783253302));
#2374=CARTESIAN_POINT('Ctrl Pts',(-0.813753453849754,14.8240348399484,3.05428257171715));
#2375=CARTESIAN_POINT('Ctrl Pts',(-0.797408204750854,16.7172947090428,3.01754787530689));
#2376=CARTESIAN_POINT('Ctrl Pts',(-0.781314462253477,19.7245212253577,2.95664602078702));
#2377=CARTESIAN_POINT('Ctrl Pts',(-0.777391848760005,21.0983984488483,2.92792671618809));
#2378=CARTESIAN_POINT('Ctrl Pts',(-0.778127567173942,22.5,2.89732937188784));
#2379=CARTESIAN_POINT('Origin',(-1.08499432473959,9.5,2.98099740745843));
#2380=CARTESIAN_POINT('Origin',(-2.03912232110476,9.5,2.43013135191564));
#2381=CARTESIAN_POINT('',(-2.12009705559871,22.5,2.12254292650153));
#2382=CARTESIAN_POINT('',(-2.27623730883997,9.5,2.35090709684604));
#2383=CARTESIAN_POINT('Ctrl Pts',(-2.12009705559871,22.5,2.12254292650153));
#2384=CARTESIAN_POINT('Ctrl Pts',(-2.146962992258,21.0983984488501,2.13720444781514));
#2385=CARTESIAN_POINT('Ctrl Pts',(-2.16987333287301,19.7245212253563,2.15496118304922));
#2386=CARTESIAN_POINT('Ctrl Pts',(-2.1889877380684,18.4384608342931,2.17394422717861));
#2387=CARTESIAN_POINT('Ctrl Pts',(-2.2145690147761,16.7172947090427,2.19934970015383));
#2388=CARTESIAN_POINT('Ctrl Pts',(-2.23820957051824,14.8240348399484,2.23187244930979));
#2389=CARTESIAN_POINT('Ctrl Pts',(-2.26505539089531,11.7741216304908,2.29524464607758));
#2390=CARTESIAN_POINT('Ctrl Pts',(-2.27267342086859,10.6173969325068,2.32177796484383));
#2391=CARTESIAN_POINT('Ctrl Pts',(-2.27623730883997,9.5,2.35090709684604));
#2392=CARTESIAN_POINT('',(-1.72214573993819,22.5,2.45646372869879));
#2393=CARTESIAN_POINT('Origin',(-2.03912232110476,22.5,2.43013135191564));
#2394=CARTESIAN_POINT('',(-1.91992707496787,9.5,2.64988688267281));
#2395=CARTESIAN_POINT('Ctrl Pts',(-1.91992707496787,9.5,2.64988688267281));
#2396=CARTESIAN_POINT('Ctrl Pts',(-1.89185934258521,10.6173969325068,2.64131891747853));
#2397=CARTESIAN_POINT('Ctrl Pts',(-1.86705198157334,11.7741216304909,2.62920916004695));
#2398=CARTESIAN_POINT('Ctrl Pts',(-1.80930427865745,14.8240348399484,2.59176672152016));
#2399=CARTESIAN_POINT('Ctrl Pts',(-1.78138076256305,16.7172947090428,2.56283780281613));
#2400=CARTESIAN_POINT('Ctrl Pts',(-1.74542793048575,19.7245212253577,2.51111316364723));
#2401=CARTESIAN_POINT('Ctrl Pts',(-1.7319192988566,21.0983984488483,2.48546745787076));
#2402=CARTESIAN_POINT('Ctrl Pts',(-1.72214573993819,22.5,2.45646372869879));
#2403=CARTESIAN_POINT('Origin',(-2.03912232110476,9.5,2.43013135191564));
#2404=CARTESIAN_POINT('Origin',(-2.74730207130436,9.5,1.58615559041279));
#2405=CARTESIAN_POINT('',(-2.71819199443298,22.5,1.26942202651462));
#2406=CARTESIAN_POINT('',(-2.94302098448311,9.5,1.43061104044677));
#2407=CARTESIAN_POINT('Ctrl Pts',(-2.71819199443298,22.5,1.26942202651462));
#2408=CARTESIAN_POINT('Ctrl Pts',(-2.74845225248327,21.0983984488501,1.27401065839572));
#2409=CARTESIAN_POINT('Ctrl Pts',(-2.77605409162864,19.7245212253563,1.28286073348365));
#2410=CARTESIAN_POINT('Ctrl Pts',(-2.80050834061535,18.4384608342931,1.29416144836758));
#2411=CARTESIAN_POINT('Ctrl Pts',(-2.8332360610761,16.7172947090427,1.30928547192395));
#2412=CARTESIAN_POINT('Ctrl Pts',(-2.86657435218593,14.8240348399484,1.33176131305025));
#2413=CARTESIAN_POINT('Ctrl Pts',(-2.9134757393146,11.7741216304908,1.38212988738288));
#2414=CARTESIAN_POINT('Ctrl Pts',(-2.92970927535274,10.6173969325068,1.40445753152916));
#2415=CARTESIAN_POINT('Ctrl Pts',(-2.94302098448311,9.5,1.43061104044677));
#2416=CARTESIAN_POINT('',(-2.45844772030167,22.5,1.71931230628514));
#2417=CARTESIAN_POINT('Origin',(-2.74730207130436,22.5,1.58615559041279));
#2418=CARTESIAN_POINT('',(-2.71045599620294,9.5,1.83342541620967));
#2419=CARTESIAN_POINT('Ctrl Pts',(-2.71045599620294,9.5,1.83342541620967));
#2420=CARTESIAN_POINT('Ctrl Pts',(-2.68115053851701,10.6173969325068,1.8349738923938));
#2421=CARTESIAN_POINT('Ctrl Pts',(-2.65369746346059,11.7741216304908,1.83207905986465));
#2422=CARTESIAN_POINT('Ctrl Pts',(-2.5866263049718,14.8240348399484,1.81664555430481));
#2423=CARTESIAN_POINT('Ctrl Pts',(-2.55049251003009,16.7172947090427,1.79901166784809));
#2424=CARTESIAN_POINT('Ctrl Pts',(-2.49901703052867,19.7245212253577,1.76270299888829));
#2425=CARTESIAN_POINT('Ctrl Pts',(-2.47755172110449,21.0983984488483,1.74322414254124));
#2426=CARTESIAN_POINT('Ctrl Pts',(-2.45844772030167,22.5,1.71931230628514));
#2427=CARTESIAN_POINT('Origin',(-2.74730207130436,9.5,1.58615559041279));
#2428=CARTESIAN_POINT('Origin',(-3.12411664584434,9.5,0.55086605554279));
#2429=CARTESIAN_POINT('',(-2.98843286249729,22.5,0.26319009545623));
#2430=CARTESIAN_POINT('',(-3.25483289503374,9.5,0.337762178999319));
#2431=CARTESIAN_POINT('Ctrl Pts',(-2.98843286249729,22.5,0.263190095456231));
#2432=CARTESIAN_POINT('Ctrl Pts',(-3.01843760822387,21.0983984488501,0.257152381178973));
#2433=CARTESIAN_POINT('Ctrl Pts',(-3.04740175673891,19.7245212253563,0.256028346451945));
#2434=CARTESIAN_POINT('Ctrl Pts',(-3.07424630618287,18.4384608342931,0.25828369909463));
#2435=CARTESIAN_POINT('Ctrl Pts',(-3.11017302429939,16.7172947090427,0.261302092784427));
#2436=CARTESIAN_POINT('Ctrl Pts',(-3.14918796084829,14.8240348399484,0.271020107733152));
#2437=CARTESIAN_POINT('Ctrl Pts',(-3.21048791525008,11.7741216304908,0.302309866205112));
#2438=CARTESIAN_POINT('Ctrl Pts',(-3.23337895332542,10.6173969325068,0.317738792326455));
#2439=CARTESIAN_POINT('Ctrl Pts',(-3.25483289503374,9.5,0.337762178999319));
#2440=CARTESIAN_POINT('',(-2.89822462277265,22.5,0.774786445386303));
#2441=CARTESIAN_POINT('Origin',(-3.12411664584434,22.5,0.55086605554279));
#2442=CARTESIAN_POINT('',(-3.17406392222578,9.5,0.795825786074313));
#2443=CARTESIAN_POINT('Ctrl Pts',(-3.17406392222578,9.5,0.795825786074313));
#2444=CARTESIAN_POINT('Ctrl Pts',(-3.14705540993598,10.6173969325068,0.807303934555966));
#2445=CARTESIAN_POINT('Ctrl Pts',(-3.12026786685107,11.7741216304908,0.81397318645544));
#2446=CARTESIAN_POINT('Ctrl Pts',(-3.05196302436799,14.8240348399484,0.822410122407359));
#2447=CARTESIAN_POINT('Ctrl Pts',(-3.01197721952695,16.7172947090427,0.818198175153065));
#2448=CARTESIAN_POINT('Ctrl Pts',(-2.95118779512647,19.7245212253577,0.801684837737819));
#2449=CARTESIAN_POINT('Ctrl Pts',(-2.92435484101804,21.0983984488483,0.79072226837293));
#2450=CARTESIAN_POINT('Ctrl Pts',(-2.89822462277265,22.5,0.774786445386303));
#2451=CARTESIAN_POINT('Origin',(-3.12411664584434,9.5,0.55086605554279));
#2452=CARTESIAN_POINT('Origin',(-3.12411664584434,9.5,-0.55086605554279));
#2453=CARTESIAN_POINT('',(-2.89822462277265,22.5,-0.774786445386303));
#2454=CARTESIAN_POINT('',(-3.17406392222578,9.5,-0.795825786074313));
#2455=CARTESIAN_POINT('Ctrl Pts',(-2.89822462277265,22.5,-0.774786445386302));
#2456=CARTESIAN_POINT('Ctrl Pts',(-2.924354841018,21.0983984488501,-0.79072226837291));
#2457=CARTESIAN_POINT('Ctrl Pts',(-2.9511877951265,19.7245212253563,-0.801684837737826));
#2458=CARTESIAN_POINT('Ctrl Pts',(-2.97718479618141,18.4384608342931,-0.808746876150561));
#2459=CARTESIAN_POINT('Ctrl Pts',(-3.01197721952696,16.7172947090427,-0.818198175153065));
#2460=CARTESIAN_POINT('Ctrl Pts',(-3.05196302436799,14.8240348399484,-0.822410122407359));
#2461=CARTESIAN_POINT('Ctrl Pts',(-3.12026786685107,11.7741216304908,-0.81397318645544));
#2462=CARTESIAN_POINT('Ctrl Pts',(-3.14705540993598,10.6173969325068,-0.807303934555966));
#2463=CARTESIAN_POINT('Ctrl Pts',(-3.17406392222578,9.5,-0.795825786074313));
#2464=CARTESIAN_POINT('',(-2.98843286249729,22.5,-0.26319009545623));
#2465=CARTESIAN_POINT('Origin',(-3.12411664584434,22.5,-0.55086605554279));
#2466=CARTESIAN_POINT('',(-3.25483289503374,9.5,-0.337762178999319));
#2467=CARTESIAN_POINT('Ctrl Pts',(-3.25483289503374,9.5,-0.337762178999318));
#2468=CARTESIAN_POINT('Ctrl Pts',(-3.23337895332542,10.6173969325068,-0.317738792326455));
#2469=CARTESIAN_POINT('Ctrl Pts',(-3.21048791525008,11.7741216304908,-0.302309866205112));
#2470=CARTESIAN_POINT('Ctrl Pts',(-3.14918796084829,14.8240348399484,-0.271020107733152));
#2471=CARTESIAN_POINT('Ctrl Pts',(-3.11017302429939,16.7172947090427,-0.261302092784427));
#2472=CARTESIAN_POINT('Ctrl Pts',(-3.04740175673888,19.7245212253577,-0.256028346451942));
#2473=CARTESIAN_POINT('Ctrl Pts',(-3.01843760822391,21.0983984488483,-0.257152381178965));
#2474=CARTESIAN_POINT('Ctrl Pts',(-2.98843286249729,22.5,-0.263190095456231));
#2475=CARTESIAN_POINT('Origin',(-3.12411664584434,9.5,-0.55086605554279));
#2476=CARTESIAN_POINT('Origin',(-2.74730207130436,9.5,-1.58615559041279));
#2477=CARTESIAN_POINT('',(-2.45844772030167,22.5,-1.71931230628514));
#2478=CARTESIAN_POINT('',(-2.71045599620294,9.5,-1.83342541620967));
#2479=CARTESIAN_POINT('Ctrl Pts',(-2.45844772030167,22.5,-1.71931230628514));
#2480=CARTESIAN_POINT('Ctrl Pts',(-2.47755172110447,21.0983984488501,-1.74322414254121));
#2481=CARTESIAN_POINT('Ctrl Pts',(-2.4990170305287,19.7245212253563,-1.76270299888831));
#2482=CARTESIAN_POINT('Ctrl Pts',(-2.52103086119247,18.4384608342931,-1.7782306422993));
#2483=CARTESIAN_POINT('Ctrl Pts',(-2.55049251003009,16.7172947090428,-1.79901166784809));
#2484=CARTESIAN_POINT('Ctrl Pts',(-2.5866263049718,14.8240348399484,-1.81664555430481));
#2485=CARTESIAN_POINT('Ctrl Pts',(-2.65369746346059,11.7741216304908,-1.83207905986465));
#2486=CARTESIAN_POINT('Ctrl Pts',(-2.68115053851701,10.6173969325068,-1.8349738923938));
#2487=CARTESIAN_POINT('Ctrl Pts',(-2.71045599620294,9.5,-1.83342541620967));
#2488=CARTESIAN_POINT('',(-2.71819199443298,22.5,-1.26942202651462));
#2489=CARTESIAN_POINT('Origin',(-2.74730207130436,22.5,-1.58615559041279));
#2490=CARTESIAN_POINT('',(-2.94302098448311,9.5,-1.43061104044677));
#2491=CARTESIAN_POINT('Ctrl Pts',(-2.94302098448311,9.5,-1.43061104044677));
#2492=CARTESIAN_POINT('Ctrl Pts',(-2.92970927535274,10.6173969325068,-1.40445753152916));
#2493=CARTESIAN_POINT('Ctrl Pts',(-2.91347573931459,11.7741216304908,-1.38212988738288));
#2494=CARTESIAN_POINT('Ctrl Pts',(-2.86657435218593,14.8240348399484,-1.33176131305025));
#2495=CARTESIAN_POINT('Ctrl Pts',(-2.8332360610761,16.7172947090428,-1.30928547192395));
#2496=CARTESIAN_POINT('Ctrl Pts',(-2.77605409162861,19.7245212253577,-1.28286073348363));
#2497=CARTESIAN_POINT('Ctrl Pts',(-2.7484522524833,21.0983984488483,-1.27401065839573));
#2498=CARTESIAN_POINT('Ctrl Pts',(-2.71819199443298,22.5,-1.26942202651462));
#2499=CARTESIAN_POINT('Origin',(-2.74730207130436,9.5,-1.58615559041279));
#2500=CARTESIAN_POINT('Origin',(-2.03912232110476,9.5,-2.43013135191564));
#2501=CARTESIAN_POINT('',(-1.72214573993819,22.5,-2.45646372869879));
#2502=CARTESIAN_POINT('',(-1.91992707496787,9.5,-2.64988688267281));
#2503=CARTESIAN_POINT('Ctrl Pts',(-1.72214573993819,22.5,-2.45646372869879));
#2504=CARTESIAN_POINT('Ctrl Pts',(-1.73191929885658,21.0983984488501,-2.48546745787072));
#2505=CARTESIAN_POINT('Ctrl Pts',(-1.74542793048576,19.7245212253563,-2.51111316364725));
#2506=CARTESIAN_POINT('Ctrl Pts',(-1.7608033978908,18.4384608342931,-2.53323354909752));
#2507=CARTESIAN_POINT('Ctrl Pts',(-1.78138076256305,16.7172947090427,-2.56283780281613));
#2508=CARTESIAN_POINT('Ctrl Pts',(-1.80930427865745,14.8240348399484,-2.59176672152016));
#2509=CARTESIAN_POINT('Ctrl Pts',(-1.86705198157334,11.7741216304908,-2.62920916004695));
#2510=CARTESIAN_POINT('Ctrl Pts',(-1.89185934258521,10.6173969325068,-2.64131891747853));
#2511=CARTESIAN_POINT('Ctrl Pts',(-1.91992707496787,9.5,-2.64988688267281));
#2512=CARTESIAN_POINT('',(-2.12009705559871,22.5,-2.12254292650153));
#2513=CARTESIAN_POINT('Origin',(-2.03912232110476,22.5,-2.43013135191564));
#2514=CARTESIAN_POINT('',(-2.27623730883997,9.5,-2.35090709684604));
#2515=CARTESIAN_POINT('Ctrl Pts',(-2.27623730883997,9.5,-2.35090709684604));
#2516=CARTESIAN_POINT('Ctrl Pts',(-2.27267342086859,10.6173969325068,-2.32177796484383));
#2517=CARTESIAN_POINT('Ctrl Pts',(-2.26505539089531,11.7741216304908,-2.29524464607759));
#2518=CARTESIAN_POINT('Ctrl Pts',(-2.23820957051824,14.8240348399484,-2.23187244930979));
#2519=CARTESIAN_POINT('Ctrl Pts',(-2.2145690147761,16.7172947090427,-2.19934970015383));
#2520=CARTESIAN_POINT('Ctrl Pts',(-2.16987333287299,19.7245212253577,-2.1549611830492));
#2521=CARTESIAN_POINT('Ctrl Pts',(-2.14696299225803,21.0983984488483,-2.13720444781516));
#2522=CARTESIAN_POINT('Ctrl Pts',(-2.12009705559871,22.5,-2.12254292650153));
#2523=CARTESIAN_POINT('Origin',(-2.03912232110476,9.5,-2.43013135191564));
#2524=CARTESIAN_POINT('Origin',(-1.08499432473959,9.5,-2.98099740745843));
#2525=CARTESIAN_POINT('',(-0.778127567173941,22.5,-2.89732937188784));
#2526=CARTESIAN_POINT('',(-0.897826613385815,9.5,-3.14673288292036));
#2527=CARTESIAN_POINT('Ctrl Pts',(-0.778127567173941,22.5,-2.89732937188784));
#2528=CARTESIAN_POINT('Ctrl Pts',(-0.777391848760005,21.0983984488501,-2.92792671618805));
#2529=CARTESIAN_POINT('Ctrl Pts',(-0.781314462253484,19.7245212253564,-2.95664602078704));
#2530=CARTESIAN_POINT('Ctrl Pts',(-0.788197058113011,18.4384608342931,-2.98269110332918));
#2531=CARTESIAN_POINT('Ctrl Pts',(-0.797408204750853,16.7172947090428,-3.01754787530689));
#2532=CARTESIAN_POINT('Ctrl Pts',(-0.813753453849754,14.8240348399484,-3.05428257171715));
#2533=CARTESIAN_POINT('Ctrl Pts',(-0.855212475955755,11.7741216304908,-3.10921783253302));
#2534=CARTESIAN_POINT('Ctrl Pts',(-0.874381989067395,10.6173969325068,-3.12908189939979));
#2535=CARTESIAN_POINT('Ctrl Pts',(-0.897826613385815,9.5,-3.14673288292036));
#2536=CARTESIAN_POINT('',(-1.2662871225591,22.5,-2.71965382415502));
#2537=CARTESIAN_POINT('Origin',(-1.08499432473959,22.5,-2.98099740745843));
#2538=CARTESIAN_POINT('',(-1.33490582006587,9.5,-2.98764906167213));
#2539=CARTESIAN_POINT('Ctrl Pts',(-1.33490582006587,9.5,-2.98764906167213));
#2540=CARTESIAN_POINT('Ctrl Pts',(-1.34151961074021,10.6173969325068,-2.95905770980498));
#2541=CARTESIAN_POINT('Ctrl Pts',(-1.34343593367674,11.7741216304909,-2.93151902625206));
#2542=CARTESIAN_POINT('Ctrl Pts',(-1.33988368219084,14.8240348399484,-2.86278682925331));
#2543=CARTESIAN_POINT('Ctrl Pts',(-1.32879226173634,16.7172947090428,-2.82413989560056));
#2544=CARTESIAN_POINT('Ctrl Pts',(-1.30197382625314,19.7245212253577,-2.76714151009917));
#2545=CARTESIAN_POINT('Ctrl Pts',(-1.28651830936731,21.0983984488483,-2.74261983904973));
#2546=CARTESIAN_POINT('Ctrl Pts',(-1.2662871225591,22.5,-2.71965382415502));
#2547=CARTESIAN_POINT('Origin',(-1.08499432473959,9.5,-2.98099740745843));
#2548=CARTESIAN_POINT('Origin',(0.,9.5,0.));
#2549=CARTESIAN_POINT('',(0.232564988280162,9.5,-3.26403645665644));
#2550=CARTESIAN_POINT('Origin',(0.,9.5,0.));
#2551=CARTESIAN_POINT('',(-0.232564988280162,9.5,-3.26403645665644));
#2552=CARTESIAN_POINT('Origin',(0.,9.5,-3.17231118082558));
#2553=CARTESIAN_POINT('Origin',(0.,9.5,0.));
#2554=CARTESIAN_POINT('Origin',(0.,9.5,0.));
#2555=CARTESIAN_POINT('Origin',(0.,9.5,0.));
#2556=CARTESIAN_POINT('Origin',(0.,9.5,0.));
#2557=CARTESIAN_POINT('Origin',(0.,9.5,0.));
#2558=CARTESIAN_POINT('Origin',(0.,9.5,0.));
#2559=CARTESIAN_POINT('Origin',(0.,9.5,0.));
#2560=CARTESIAN_POINT('Origin',(0.,9.5,0.));
#2561=CARTESIAN_POINT('Origin',(0.,9.5,0.));
#2562=CARTESIAN_POINT('Origin',(0.,9.5,0.));
#2563=CARTESIAN_POINT('Origin',(0.,9.5,0.));
#2564=CARTESIAN_POINT('Origin',(0.,9.5,0.));
#2565=CARTESIAN_POINT('Origin',(0.,9.5,0.));
#2566=CARTESIAN_POINT('Origin',(0.,9.5,0.));
#2567=CARTESIAN_POINT('Origin',(0.,9.5,0.));
#2568=CARTESIAN_POINT('Origin',(0.,9.5,0.));
#2569=CARTESIAN_POINT('Origin',(0.,9.5,0.));
#2570=CARTESIAN_POINT('Origin',(0.,22.5,0.));
#2571=CARTESIAN_POINT('',(0.259744274131304,22.5,-2.98873433279976));
#2572=CARTESIAN_POINT('Origin',(0.,22.5,0.));
#2573=CARTESIAN_POINT('Ctrl Pts',(0.259744274131304,22.5,-2.98873433279976));
#2574=CARTESIAN_POINT('Ctrl Pts',(0.270900531378799,21.0983984488502,-3.01723480093693));
#2575=CARTESIAN_POINT('Ctrl Pts',(0.277037061099943,19.7245212253564,-3.04556373237196));
#2576=CARTESIAN_POINT('Ctrl Pts',(0.279477479422884,18.4384608342932,-3.07239209066689));
#2577=CARTESIAN_POINT('Ctrl Pts',(0.282743551046015,16.7172947090428,-3.10829713977204));
#2578=CARTESIAN_POINT('Ctrl Pts',(0.279948047214131,14.8240348399485,-3.14840686735506));
#2579=CARTESIAN_POINT('Ctrl Pts',(0.259778275854001,11.7741216304909,-3.21420894724753));
#2580=CARTESIAN_POINT('Ctrl Pts',(0.248558736835738,10.6173969325068,-3.23943142392295));
#2581=CARTESIAN_POINT('Ctrl Pts',(0.232564988280163,9.5,-3.26403645665644));
#2582=CARTESIAN_POINT('Origin',(0.,22.5,0.));
#2583=CARTESIAN_POINT('',(-0.259744274131304,22.5,-2.98873433279976));
#2584=CARTESIAN_POINT('Ctrl Pts',(-0.232564988280163,9.5,-3.26403645665644));
#2585=CARTESIAN_POINT('Ctrl Pts',(-0.248558736835738,10.6173969325068,-3.23943142392295));
#2586=CARTESIAN_POINT('Ctrl Pts',(-0.259778275854001,11.7741216304909,-3.21420894724753));
#2587=CARTESIAN_POINT('Ctrl Pts',(-0.279948047214131,14.8240348399485,-3.14840686735506));
#2588=CARTESIAN_POINT('Ctrl Pts',(-0.282743551046015,16.7172947090428,-3.10829713977204));
#2589=CARTESIAN_POINT('Ctrl Pts',(-0.27703706109994,19.7245212253578,-3.04556373237193));
#2590=CARTESIAN_POINT('Ctrl Pts',(-0.270900531378814,21.0983984488484,-3.01723480093697));
#2591=CARTESIAN_POINT('Ctrl Pts',(-0.259744274131304,22.5,-2.98873433279976));
#2592=CARTESIAN_POINT('Origin',(0.,22.5,0.));
#2593=CARTESIAN_POINT('Origin',(0.,22.5,0.));
#2594=CARTESIAN_POINT('Origin',(0.,22.5,0.));
#2595=CARTESIAN_POINT('Origin',(0.,22.5,0.));
#2596=CARTESIAN_POINT('Origin',(0.,22.5,0.));
#2597=CARTESIAN_POINT('Origin',(0.,22.5,0.));
#2598=CARTESIAN_POINT('Origin',(0.,22.5,0.));
#2599=CARTESIAN_POINT('Origin',(0.,22.5,0.));
#2600=CARTESIAN_POINT('Origin',(0.,22.5,0.));
#2601=CARTESIAN_POINT('Origin',(0.,22.5,0.));
#2602=CARTESIAN_POINT('Origin',(0.,22.5,0.));
#2603=CARTESIAN_POINT('Origin',(0.,22.5,0.));
#2604=CARTESIAN_POINT('Origin',(0.,22.5,0.));
#2605=CARTESIAN_POINT('Origin',(0.,22.5,0.));
#2606=CARTESIAN_POINT('Origin',(0.,22.5,0.));
#2607=CARTESIAN_POINT('Origin',(0.,22.5,0.));
#2608=CARTESIAN_POINT('Origin',(0.,22.5,0.));
#2609=CARTESIAN_POINT('Origin',(0.,22.5,0.));
#2610=CARTESIAN_POINT('Origin',(0.,22.5,0.));
#2611=CARTESIAN_POINT('Origin',(0.,22.5,0.));
#2612=CARTESIAN_POINT('Origin',(0.,22.5,0.));
#2613=CARTESIAN_POINT('Origin',(0.,22.5,0.));
#2614=CARTESIAN_POINT('Origin',(0.,22.5,0.));
#2615=CARTESIAN_POINT('Origin',(0.,22.5,0.));
#2616=CARTESIAN_POINT('Origin',(0.,22.5,0.));
#2617=CARTESIAN_POINT('Origin',(0.,22.5,0.));
#2618=CARTESIAN_POINT('Origin',(0.,22.5,0.));
#2619=CARTESIAN_POINT('Origin',(0.,22.5,0.));
#2620=CARTESIAN_POINT('Origin',(0.,22.5,0.));
#2621=CARTESIAN_POINT('Origin',(0.,22.5,0.));
#2622=CARTESIAN_POINT('Origin',(0.,22.5,0.));
#2623=CARTESIAN_POINT('Origin',(0.,9.5,-3.17231118082558));
#2624=CARTESIAN_POINT('Origin',(0.,22.5,-3.17231118082558));
#2625=CARTESIAN_POINT('Origin',(0.,22.5,0.));
#2626=CARTESIAN_POINT('Origin',(0.,22.5,0.));
#2627=CARTESIAN_POINT('Origin',(0.,22.5,0.));
#2628=CARTESIAN_POINT('Origin',(0.,24.,0.));
#2629=UNCERTAINTY_MEASURE_WITH_UNIT(LENGTH_MEASURE(0.01),#2633,
'DISTANCE_ACCURACY_VALUE',
'Maximum model space distance between geometric entities at asserted c
onnectivities');
#2630=UNCERTAINTY_MEASURE_WITH_UNIT(LENGTH_MEASURE(0.01),#2633,
'DISTANCE_ACCURACY_VALUE',
'Maximum model space distance between geometric entities at asserted c
onnectivities');
#2631=(
GEOMETRIC_REPRESENTATION_CONTEXT(3)
GLOBAL_UNCERTAINTY_ASSIGNED_CONTEXT((#2629))
GLOBAL_UNIT_ASSIGNED_CONTEXT((#2633,#2635,#2636))
REPRESENTATION_CONTEXT('','3D')
);
#2632=(
GEOMETRIC_REPRESENTATION_CONTEXT(3)
GLOBAL_UNCERTAINTY_ASSIGNED_CONTEXT((#2630))
GLOBAL_UNIT_ASSIGNED_CONTEXT((#2633,#2635,#2636))
REPRESENTATION_CONTEXT('','3D')
);
#2633=(
LENGTH_UNIT()
NAMED_UNIT(*)
SI_UNIT(.MILLI.,.METRE.)
);
#2634=(
LENGTH_UNIT()
NAMED_UNIT(*)
SI_UNIT(.CENTI.,.METRE.)
);
#2635=(
NAMED_UNIT(*)
PLANE_ANGLE_UNIT()
SI_UNIT($,.RADIAN.)
);
#2636=(
NAMED_UNIT(*)
SI_UNIT($,.STERADIAN.)
SOLID_ANGLE_UNIT()
);
#2637=SHAPE_DEFINITION_REPRESENTATION(#2638,#2639);
#2638=PRODUCT_DEFINITION_SHAPE('',$,#2641);
#2639=SHAPE_REPRESENTATION('',(#1258),#2631);
#2640=PRODUCT_DEFINITION_CONTEXT('part definition',#2645,'design');
#2641=PRODUCT_DEFINITION('volume_handle','volume_handle',#2642,#2640);
#2642=PRODUCT_DEFINITION_FORMATION('',$,#2647);
#2643=PRODUCT_RELATED_PRODUCT_CATEGORY('volume_handle','volume_handle',
(#2647));
#2644=APPLICATION_PROTOCOL_DEFINITION('international standard',
'automotive_design',2009,#2645);
#2645=APPLICATION_CONTEXT(
'Core Data for Automotive Mechanical Design Process');
#2646=PRODUCT_CONTEXT('part definition',#2645,'mechanical');
#2647=PRODUCT('volume_handle','volume_handle',$,(#2646));
#2648=PRESENTATION_STYLE_ASSIGNMENT((#2650));
#2649=PRESENTATION_STYLE_ASSIGNMENT((#2651));
#2650=SURFACE_STYLE_USAGE(.BOTH.,#2656);
#2651=SURFACE_STYLE_USAGE(.BOTH.,#2657);
#2652=SURFACE_STYLE_RENDERING_WITH_PROPERTIES($,#2664,(#2654));
#2653=SURFACE_STYLE_RENDERING_WITH_PROPERTIES($,#2665,(#2655));
#2654=SURFACE_STYLE_TRANSPARENT(0.);
#2655=SURFACE_STYLE_TRANSPARENT(0.);
#2656=SURFACE_SIDE_STYLE('',(#2658,#2652));
#2657=SURFACE_SIDE_STYLE('',(#2659,#2653));
#2658=SURFACE_STYLE_FILL_AREA(#2660);
#2659=SURFACE_STYLE_FILL_AREA(#2661);
#2660=FILL_AREA_STYLE('',(#2662));
#2661=FILL_AREA_STYLE('',(#2663));
#2662=FILL_AREA_STYLE_COLOUR('',#2664);
#2663=FILL_AREA_STYLE_COLOUR('',#2665);
#2664=COLOUR_RGB('',0.749019607843137,0.749019607843137,0.749019607843137);
#2665=COLOUR_RGB('',0.352941176470588,0.352941176470588,0.352941176470588);
ENDSEC;
END-ISO-10303-21;
