ISO-10303-21;
HEADER;
/* Generated by software containing ST-Developer
 * from STEP Tools, Inc. (www.steptools.com) 
 */

FILE_DESCRIPTION(
/* description */ (''),
/* implementation_level */ '2;1');

FILE_NAME(
/* name */ 'handle_monitor.stp',
/* time_stamp */ '2026-02-03T17:45:10+09:00',
/* author */ ('hibik'),
/* organization */ (''),
/* preprocessor_version */ 'ST-DEVELOPER v20.1',
/* originating_system */ 'Autodesk Inventor 2026',
/* authorisation */ '');

FILE_SCHEMA (('AUTOMOTIVE_DESIGN { 1 0 10303 214 3 1 1 }'));
ENDSEC;

DATA;
#10=MECHANICAL_DESIGN_GEOMETRIC_PRESENTATION_REPRESENTATION('',(#16),#7861);
#11=GEOMETRICALLY_BOUNDED_WIREFRAME_SHAPE_REPRESENTATION('',(#12),#7860);
#12=GEOMETRIC_CURVE_SET('\X2\30B930B130C330C1\X0\59',(#7857));
#13=SHAPE_REPRESENTATION_RELATIONSHIP('SRR','None',#7868,#15);
#14=SHAPE_REPRESENTATION_RELATIONSHIP('SRR','None',#7868,#11);
#15=ADVANCED_BREP_SHAPE_REPRESENTATION('',(#17),#7860);
#16=STYLED_ITEM('',(#7878),#17);
#17=MANIFOLD_SOLID_BREP('\X2\30BD30EA30C330C9\X0\1',#3387);
#18=CONICAL_SURFACE('',#3689,20.,0.523598775598299);
#19=(
BOUNDED_SURFACE()
B_SPLINE_SURFACE(1,2,((#6102,#6103,#6104),(#6105,#6106,#6107)),
 .UNSPECIFIED.,.F.,.F.,.F.)
B_SPLINE_SURFACE_WITH_KNOTS((2,2),(3,3),(-2.04661343591136E-16,0.0597749091553757),
(-1.5707963267949,2.66453525910038E-15),.UNSPECIFIED.)
GEOMETRIC_REPRESENTATION_ITEM()
RATIONAL_B_SPLINE_SURFACE(((1.,0.707106781186547,1.),(1.,0.707106781186547,
1.)))
REPRESENTATION_ITEM('')
SURFACE()
);
#20=(
BOUNDED_SURFACE()
B_SPLINE_SURFACE(1,2,((#6115,#6116,#6117),(#6118,#6119,#6120)),
 .UNSPECIFIED.,.F.,.F.,.F.)
B_SPLINE_SURFACE_WITH_KNOTS((2,2),(3,3),(0.,0.956398546486002),(-1.77635683940025E-15,
1.5707963267949),.UNSPECIFIED.)
GEOMETRIC_REPRESENTATION_ITEM()
RATIONAL_B_SPLINE_SURFACE(((1.,0.707106781186547,1.),(1.,0.707106781186547,
1.)))
REPRESENTATION_ITEM('')
SURFACE()
);
#21=(
BOUNDED_SURFACE()
B_SPLINE_SURFACE(1,2,((#6314,#6315,#6316),(#6317,#6318,#6319)),
 .UNSPECIFIED.,.F.,.F.,.F.)
B_SPLINE_SURFACE_WITH_KNOTS((2,2),(3,3),(-1.6595221916944E-14,0.650936203933435),
(1.46995789037101,1.93535819562455),.UNSPECIFIED.)
GEOMETRIC_REPRESENTATION_ITEM()
RATIONAL_B_SPLINE_SURFACE(((1.,0.973047272231259,1.),(1.,0.973047272231259,
1.)))
REPRESENTATION_ITEM('')
SURFACE()
);
#22=(
BOUNDED_SURFACE()
B_SPLINE_SURFACE(1,2,((#6496,#6497,#6498),(#6499,#6500,#6501)),
 .UNSPECIFIED.,.F.,.F.,.F.)
B_SPLINE_SURFACE_WITH_KNOTS((2,2),(3,3),(1.45565436822093E-14,0.321357081877466),
(-1.93251756312087,-1.45432022440782),.UNSPECIFIED.)
GEOMETRIC_REPRESENTATION_ITEM()
RATIONAL_B_SPLINE_SURFACE(((1.,0.971551828928286,1.),(1.,0.971551828928286,
1.)))
REPRESENTATION_ITEM('')
SURFACE()
);
#23=(
BOUNDED_SURFACE()
B_SPLINE_SURFACE(1,2,((#6807,#6808,#6809),(#6810,#6811,#6812)),
 .UNSPECIFIED.,.F.,.F.,.F.)
B_SPLINE_SURFACE_WITH_KNOTS((2,2),(3,3),(4.48936618719277,4.51428837697656),
(-2.81962665287204,-2.76142651074057),.UNSPECIFIED.)
GEOMETRIC_REPRESENTATION_ITEM()
RATIONAL_B_SPLINE_SURFACE(((1.,0.999576622810065,1.),(1.,0.999576622810065,
1.)))
REPRESENTATION_ITEM('')
SURFACE()
);
#24=B_SPLINE_SURFACE_WITH_KNOTS('',3,3,((#5060,#5061,#5062,#5063),(#5064,
#5065,#5066,#5067),(#5068,#5069,#5070,#5071),(#5072,#5073,#5074,#5075),
(#5076,#5077,#5078,#5079),(#5080,#5081,#5082,#5083)),.UNSPECIFIED.,.F.,
 .F.,.F.,(4,1,1,4),(4,4),(0.,0.285714285714286,0.571428571428571,1.),(0.,
0.25138775752266),.UNSPECIFIED.);
#25=B_SPLINE_SURFACE_WITH_KNOTS('',3,3,((#5095,#5096,#5097,#5098,#5099,
#5100,#5101),(#5102,#5103,#5104,#5105,#5106,#5107,#5108),(#5109,#5110,#5111,
#5112,#5113,#5114,#5115),(#5116,#5117,#5118,#5119,#5120,#5121,#5122),(#5123,
#5124,#5125,#5126,#5127,#5128,#5129),(#5130,#5131,#5132,#5133,#5134,#5135,
#5136)),.UNSPECIFIED.,.F.,.F.,.F.,(4,1,1,4),(4,1,1,1,4),(0.,0.285714285714286,
0.571428571428571,1.),(0.,0.123950264537817,0.247900529075635,0.413167548459391,
0.578434567843148),.UNSPECIFIED.);
#26=B_SPLINE_SURFACE_WITH_KNOTS('',3,3,((#5154,#5155,#5156,#5157,#5158,
#5159,#5160,#5161,#5162,#5163,#5164,#5165),(#5166,#5167,#5168,#5169,#5170,
#5171,#5172,#5173,#5174,#5175,#5176,#5177),(#5178,#5179,#5180,#5181,#5182,
#5183,#5184,#5185,#5186,#5187,#5188,#5189),(#5190,#5191,#5192,#5193,#5194,
#5195,#5196,#5197,#5198,#5199,#5200,#5201),(#5202,#5203,#5204,#5205,#5206,
#5207,#5208,#5209,#5210,#5211,#5212,#5213)),.UNSPECIFIED.,.F.,.F.,.F.,(4,
1,4),(4,2,1,1,1,1,1,1,4),(0.,0.571428571428571,1.),(-0.404279722579758,
-0.403096498042744,-0.322477198434195,-0.282167548629921,-0.241857898825646,
-0.201548249021372,-0.161238599217098,-0.0806192996085488,-1.36474519358302E-16),
 .UNSPECIFIED.);
#27=B_SPLINE_SURFACE_WITH_KNOTS('',3,3,((#5279,#5280,#5281,#5282,#5283,
#5284,#5285,#5286,#5287,#5288,#5289),(#5290,#5291,#5292,#5293,#5294,#5295,
#5296,#5297,#5298,#5299,#5300),(#5301,#5302,#5303,#5304,#5305,#5306,#5307,
#5308,#5309,#5310,#5311),(#5312,#5313,#5314,#5315,#5316,#5317,#5318,#5319,
#5320,#5321,#5322),(#5323,#5324,#5325,#5326,#5327,#5328,#5329,#5330,#5331,
#5332,#5333),(#5334,#5335,#5336,#5337,#5338,#5339,#5340,#5341,#5342,#5343,
#5344),(#5345,#5346,#5347,#5348,#5349,#5350,#5351,#5352,#5353,#5354,#5355)),
 .UNSPECIFIED.,.F.,.F.,.F.,(4,1,1,1,4),(4,1,1,1,1,1,1,1,4),(0.,0.285714285714286,
0.571428571428571,0.785714285714286,1.),(0.,0.134628198248905,0.26925639649781,
0.403884594746715,0.538512792995619,0.605826892120072,0.673140991244524,
0.807769189493429,0.942397387742334),.UNSPECIFIED.);
#28=B_SPLINE_SURFACE_WITH_KNOTS('',3,3,((#5527,#5528,#5529,#5530,#5531,
#5532,#5533,#5534,#5535,#5536,#5537),(#5538,#5539,#5540,#5541,#5542,#5543,
#5544,#5545,#5546,#5547,#5548),(#5549,#5550,#5551,#5552,#5553,#5554,#5555,
#5556,#5557,#5558,#5559),(#5560,#5561,#5562,#5563,#5564,#5565,#5566,#5567,
#5568,#5569,#5570),(#5571,#5572,#5573,#5574,#5575,#5576,#5577,#5578,#5579,
#5580,#5581),(#5582,#5583,#5584,#5585,#5586,#5587,#5588,#5589,#5590,#5591,
#5592),(#5593,#5594,#5595,#5596,#5597,#5598,#5599,#5600,#5601,#5602,#5603)),
 .UNSPECIFIED.,.F.,.F.,.F.,(4,1,1,1,4),(4,1,1,1,1,1,1,1,4),(0.,0.285714285714286,
0.571428571428571,0.785714285714286,1.),(2.14435599771125E-16,0.134628198248905,
0.26925639649781,0.336570495622262,0.403884594746715,0.53851279299562,0.673140991244525,
0.807769189493429,0.942397387742334),.UNSPECIFIED.);
#29=B_SPLINE_SURFACE_WITH_KNOTS('',3,3,((#5625,#5626,#5627,#5628),(#5629,
#5630,#5631,#5632),(#5633,#5634,#5635,#5636),(#5637,#5638,#5639,#5640),
(#5641,#5642,#5643,#5644),(#5645,#5646,#5647,#5648)),.UNSPECIFIED.,.F.,
 .F.,.F.,(4,1,1,4),(4,4),(0.,0.285714285714286,0.571428571428571,1.),(-2.66453525910127E-15,
0.950000000000066),.UNSPECIFIED.);
#30=B_SPLINE_SURFACE_WITH_KNOTS('',3,3,((#5927,#5928,#5929,#5930,#5931,
#5932,#5933,#5934,#5935,#5936),(#5937,#5938,#5939,#5940,#5941,#5942,#5943,
#5944,#5945,#5946),(#5947,#5948,#5949,#5950,#5951,#5952,#5953,#5954,#5955,
#5956),(#5957,#5958,#5959,#5960,#5961,#5962,#5963,#5964,#5965,#5966),(#5967,
#5968,#5969,#5970,#5971,#5972,#5973,#5974,#5975,#5976)),.UNSPECIFIED.,.F.,
 .F.,.F.,(4,1,4),(4,1,1,1,1,1,1,4),(0.,0.571428571428571,1.),(0.167381967801825,
0.336758500382953,0.449676188770371,0.506135032964081,0.534364455060935,
0.548479166109363,0.555536521633576,0.56259387715779),.UNSPECIFIED.);
#31=B_SPLINE_SURFACE_WITH_KNOTS('',3,3,((#5993,#5994,#5995,#5996),(#5997,
#5998,#5999,#6000),(#6001,#6002,#6003,#6004),(#6005,#6006,#6007,#6008),
(#6009,#6010,#6011,#6012)),.UNSPECIFIED.,.F.,.F.,.F.,(4,1,4),(4,4),(0.,
0.571428571428571,1.),(2.83903685018017,3.05461602503996),.UNSPECIFIED.);
#32=B_SPLINE_SURFACE_WITH_KNOTS('',3,3,((#6019,#6020,#6021,#6022),(#6023,
#6024,#6025,#6026),(#6027,#6028,#6029,#6030),(#6031,#6032,#6033,#6034)),
 .UNSPECIFIED.,.F.,.F.,.F.,(4,4),(4,4),(0.,1.),(-9.98175952503065E-16,0.147835349147947),
 .UNSPECIFIED.);
#33=B_SPLINE_SURFACE_WITH_KNOTS('',3,3,((#6050,#6051,#6052,#6053,#6054,
#6055,#6056),(#6057,#6058,#6059,#6060,#6061,#6062,#6063),(#6064,#6065,#6066,
#6067,#6068,#6069,#6070),(#6071,#6072,#6073,#6074,#6075,#6076,#6077),(#6078,
#6079,#6080,#6081,#6082,#6083,#6084)),.UNSPECIFIED.,.F.,.F.,.F.,(4,1,4),
(4,1,1,1,4),(0.,0.571428571428571,1.),(6.67226094790139,7.02953788309447,
7.38681481828754,7.86318406521165,8.33955331213575),.UNSPECIFIED.);
#34=B_SPLINE_SURFACE_WITH_KNOTS('',3,1,((#6138,#6139),(#6140,#6141),(#6142,
#6143),(#6144,#6145),(#6146,#6147),(#6148,#6149),(#6150,#6151),(#6152,#6153),
(#6154,#6155),(#6156,#6157),(#6158,#6159),(#6160,#6161),(#6162,#6163),(#6164,
#6165),(#6166,#6167),(#6168,#6169),(#6170,#6171),(#6172,#6173),(#6174,#6175),
(#6176,#6177),(#6178,#6179),(#6180,#6181),(#6182,#6183),(#6184,#6185),(#6186,
#6187),(#6188,#6189),(#6190,#6191),(#6192,#6193),(#6194,#6195),(#6196,#6197),
(#6198,#6199),(#6200,#6201)),.UNSPECIFIED.,.F.,.F.,.F.,(4,1,1,1,1,1,1,1,
1,1,1,1,1,1,1,1,1,1,1,1,1,1,1,1,1,1,1,1,1,4),(2,2),(-0.614666047666529,
-0.605300769374538,-0.595935491082547,-0.591252851936551,-0.58188757364456,
-0.577204934498564,-0.567839656206573,-0.563157017060578,-0.549109099622591,
-0.5397438213306,-0.521013264746617,-0.511647986454626,-0.483552151578653,
-0.46482159499467,-0.427360481826706,-0.408629925242723,-0.38053409036675,
-0.371168812074759,-0.352438255490776,-0.343072977198785,-0.329025059760798,
-0.324342420614803,-0.314977142322812,-0.310294503176816,-0.296246585738829,
-0.286881307446838,-0.258785472570865,-0.240054915986882,-0.202593802818918,
-0.165132689650953),(0.,3.07500000000001),.UNSPECIFIED.);
#35=B_SPLINE_SURFACE_WITH_KNOTS('',3,1,((#6242,#6243),(#6244,#6245),(#6246,
#6247),(#6248,#6249),(#6250,#6251),(#6252,#6253),(#6254,#6255),(#6256,#6257),
(#6258,#6259),(#6260,#6261),(#6262,#6263),(#6264,#6265),(#6266,#6267),(#6268,
#6269),(#6270,#6271),(#6272,#6273),(#6274,#6275),(#6276,#6277),(#6278,#6279),
(#6280,#6281),(#6282,#6283),(#6284,#6285),(#6286,#6287),(#6288,#6289),(#6290,
#6291),(#6292,#6293),(#6294,#6295)),.UNSPECIFIED.,.F.,.F.,.F.,(4,1,1,1,
1,1,1,1,1,1,1,1,1,1,1,1,1,1,1,1,1,1,1,1,4),(2,2),(-1.8576699932712,-1.80257485224864,
-1.74747971122608,-1.7199321407148,-1.63728942918096,-1.5821942881584,-1.49955157662455,
-1.47200400611327,-1.41690886509071,-1.38936129457943,-1.35492683144033,
-1.34803993881251,-1.33426615355687,-1.32737926092905,-1.30671858304559,
-1.29294479778995,-1.25162344202303,-1.22407587151175,-1.16898073048918,
-1.1414331599779,-1.08633801895534,-1.05879044844406,-1.0036953074215,-0.976147736910219,
-0.972406171154203),(0.,3.07500000000001),.UNSPECIFIED.);
#36=B_SPLINE_SURFACE_WITH_KNOTS('',3,1,((#6348,#6349),(#6350,#6351),(#6352,
#6353),(#6354,#6355),(#6356,#6357),(#6358,#6359),(#6360,#6361),(#6362,#6363),
(#6364,#6365),(#6366,#6367),(#6368,#6369),(#6370,#6371),(#6372,#6373),(#6374,
#6375),(#6376,#6377),(#6378,#6379),(#6380,#6381),(#6382,#6383),(#6384,#6385),
(#6386,#6387),(#6388,#6389),(#6390,#6391),(#6392,#6393),(#6394,#6395),(#6396,
#6397),(#6398,#6399),(#6400,#6401),(#6402,#6403),(#6404,#6405),(#6406,#6407),
(#6408,#6409),(#6410,#6411),(#6412,#6413),(#6414,#6415)),.UNSPECIFIED.,
 .F.,.F.,.F.,(4,1,1,1,1,1,1,1,1,1,1,1,1,1,1,1,1,1,1,1,1,1,1,1,1,1,1,1,1,
1,1,4),(2,2),(0.0940969642418717,0.137680471762864,0.181263979283857,0.203055733044353,
0.246639240565346,0.268430994325842,0.295670686526463,0.301118624966587,
0.312014501846835,0.317462440286959,0.328358317167207,0.333806255607331,
0.344702132487579,0.350150070927703,0.366493886248075,0.377389763128324,
0.39918151688882,0.410077393769068,0.442765024409813,0.464556778170309,
0.497244408811053,0.508140285691301,0.529932039451798,0.540827916332046,
0.557171731652418,0.562619670092542,0.57351554697279,0.578963485412914,
0.589859362293163,0.595307300733287,0.606203177613535,0.617099054493783),
(0.,0.5),.UNSPECIFIED.);
#37=B_SPLINE_SURFACE_WITH_KNOTS('',3,1,((#6507,#6508),(#6509,#6510),(#6511,
#6512),(#6513,#6514),(#6515,#6516),(#6517,#6518),(#6519,#6520),(#6521,#6522),
(#6523,#6524),(#6525,#6526),(#6527,#6528),(#6529,#6530),(#6531,#6532),(#6533,
#6534),(#6535,#6536),(#6537,#6538),(#6539,#6540),(#6541,#6542),(#6543,#6544),
(#6545,#6546),(#6547,#6548),(#6549,#6550),(#6551,#6552),(#6553,#6554),(#6555,
#6556),(#6557,#6558),(#6559,#6560),(#6561,#6562),(#6563,#6564),(#6565,#6566),
(#6567,#6568),(#6569,#6570)),.UNSPECIFIED.,.F.,.F.,.F.,(4,1,1,1,1,1,1,1,
1,1,1,1,1,1,1,1,1,1,1,1,1,1,1,1,1,1,1,1,1,4),(2,2),(0.535386608729727,0.64557689077485,
0.755767172819973,0.810862313842535,0.893505025376377,0.921052595887658,
0.976147736910219,1.0036953074215,1.05879044844406,1.08633801895534,1.1414331599779,
1.16898073048918,1.22407587151175,1.25162344202303,1.29294479778995,1.30671858304559,
1.32737926092905,1.33426615355687,1.34803993881251,1.35492683144033,1.38936129457943,
1.41690886509071,1.47200400611327,1.49955157662455,1.5821942881584,1.63728942918096,
1.7199321407148,1.74747971122608,1.80257485224864,1.8576699932712),(0.,
0.5),.UNSPECIFIED.);
#38=B_SPLINE_SURFACE_WITH_KNOTS('',3,3,((#6845,#6846,#6847,#6848),(#6849,
#6850,#6851,#6852),(#6853,#6854,#6855,#6856),(#6857,#6858,#6859,#6860),
(#6861,#6862,#6863,#6864)),.UNSPECIFIED.,.F.,.F.,.F.,(4,1,4),(4,4),(0.,
0.571428571428571,1.),(-0.929311324649554,-0.724152036644467),
 .UNSPECIFIED.);
#39=B_SPLINE_SURFACE_WITH_KNOTS('',3,3,((#6891,#6892,#6893,#6894,#6895,
#6896,#6897),(#6898,#6899,#6900,#6901,#6902,#6903,#6904),(#6905,#6906,#6907,
#6908,#6909,#6910,#6911),(#6912,#6913,#6914,#6915,#6916,#6917,#6918),(#6919,
#6920,#6921,#6922,#6923,#6924,#6925)),.UNSPECIFIED.,.F.,.F.,.F.,(4,1,4),
(4,1,1,1,4),(0.,0.571428571428571,1.),(-1.11022302462516E-16,0.448798950512827,
0.897597901025655,1.12199737628207,1.5707963267949),.UNSPECIFIED.);
#40=B_SPLINE_SURFACE_WITH_KNOTS('',3,3,((#6944,#6945,#6946,#6947,#6948,
#6949,#6950),(#6951,#6952,#6953,#6954,#6955,#6956,#6957),(#6958,#6959,#6960,
#6961,#6962,#6963,#6964),(#6965,#6966,#6967,#6968,#6969,#6970,#6971),(#6972,
#6973,#6974,#6975,#6976,#6977,#6978),(#6979,#6980,#6981,#6982,#6983,#6984,
#6985)),.UNSPECIFIED.,.F.,.F.,.F.,(4,1,1,4),(4,1,1,1,4),(0.,0.285714285714286,
0.571428571428571,1.),(4.71238898038469,5.16118793089752,5.60998688141035,
5.83438635666676,6.28318530717959),.UNSPECIFIED.);
#41=B_SPLINE_SURFACE_WITH_KNOTS('',3,3,((#7096,#7097,#7098,#7099,#7100,
#7101,#7102),(#7103,#7104,#7105,#7106,#7107,#7108,#7109),(#7110,#7111,#7112,
#7113,#7114,#7115,#7116),(#7117,#7118,#7119,#7120,#7121,#7122,#7123),(#7124,
#7125,#7126,#7127,#7128,#7129,#7130)),.UNSPECIFIED.,.F.,.F.,.F.,(4,1,4),
(4,1,1,1,4),(0.,0.571428571428571,1.),(-0.25554095830299,0.26626969458212,
0.788080347467231,1.04898567390979,1.5707963267949),.UNSPECIFIED.);
#42=B_SPLINE_SURFACE_WITH_KNOTS('',3,3,((#7175,#7176,#7177,#7178,#7179,
#7180),(#7181,#7182,#7183,#7184,#7185,#7186),(#7187,#7188,#7189,#7190,#7191,
#7192),(#7193,#7194,#7195,#7196,#7197,#7198),(#7199,#7200,#7201,#7202,#7203,
#7204),(#7205,#7206,#7207,#7208,#7209,#7210)),.UNSPECIFIED.,.F.,.F.,.F.,
(4,1,1,4),(4,1,1,4),(0.,0.285714285714286,0.571428571428571,1.),(4.71238898038469,
5.24227156347945,5.59552661887595,5.94878167427245),.UNSPECIFIED.);
#43=B_SPLINE_SURFACE_WITH_KNOTS('',3,3,((#7301,#7302,#7303,#7304,#7305),
(#7306,#7307,#7308,#7309,#7310),(#7311,#7312,#7313,#7314,#7315),(#7316,
#7317,#7318,#7319,#7320),(#7321,#7322,#7323,#7324,#7325)),.UNSPECIFIED.,
 .F.,.F.,.F.,(4,1,4),(4,1,4),(0.,0.571428571428571,1.),(0.481840094108441,
0.948535622402636,1.5707963267949),.UNSPECIFIED.);
#44=B_SPLINE_SURFACE_WITH_KNOTS('',3,3,((#7416,#7417,#7418,#7419),(#7420,
#7421,#7422,#7423),(#7424,#7425,#7426,#7427),(#7428,#7429,#7430,#7431)),
 .UNSPECIFIED.,.F.,.F.,.F.,(4,4),(4,4),(0.,0.0990316992696519),(0.,0.0283831177734801),
 .UNSPECIFIED.);
#45=B_SPLINE_SURFACE_WITH_KNOTS('',3,3,((#7434,#7435,#7436,#7437,#7438),
(#7439,#7440,#7441,#7442,#7443),(#7444,#7445,#7446,#7447,#7448),(#7449,
#7450,#7451,#7452,#7453),(#7454,#7455,#7456,#7457,#7458)),.UNSPECIFIED.,
 .F.,.F.,.F.,(4,1,4),(4,1,4),(0.,0.571428571428571,1.),(0.481840094117622,
1.10410079850464,1.5707963267949),.UNSPECIFIED.);
#46=B_SPLINE_SURFACE_WITH_KNOTS('',3,3,((#7463,#7464,#7465,#7466,#7467,
#7468),(#7469,#7470,#7471,#7472,#7473,#7474),(#7475,#7476,#7477,#7478,#7479,
#7480),(#7481,#7482,#7483,#7484,#7485,#7486),(#7487,#7488,#7489,#7490,#7491,
#7492),(#7493,#7494,#7495,#7496,#7497,#7498)),.UNSPECIFIED.,.F.,.F.,.F.,
(4,1,1,4),(4,1,1,4),(0.,0.285714285714286,0.571428571428571,1.),(4.71238898038469,
5.20390049931611,5.5315748452704,5.85924919122468),.UNSPECIFIED.);
#47=B_SPLINE_SURFACE_WITH_KNOTS('',3,3,((#7501,#7502,#7503,#7504),(#7505,
#7506,#7507,#7508),(#7509,#7510,#7511,#7512),(#7513,#7514,#7515,#7516),
(#7517,#7518,#7519,#7520),(#7521,#7522,#7523,#7524)),.UNSPECIFIED.,.F.,
 .F.,.F.,(4,1,1,4),(4,4),(0.,0.285714285714286,0.571428571428571,1.),(-1.5707963267949,
-0.923410754393756),.UNSPECIFIED.);
#48=B_SPLINE_SURFACE_WITH_KNOTS('',3,3,((#7528,#7529,#7530,#7531,#7532,
#7533,#7534),(#7535,#7536,#7537,#7538,#7539,#7540,#7541),(#7542,#7543,#7544,
#7545,#7546,#7547,#7548),(#7549,#7550,#7551,#7552,#7553,#7554,#7555),(#7556,
#7557,#7558,#7559,#7560,#7561,#7562),(#7563,#7564,#7565,#7566,#7567,#7568,
#7569)),.UNSPECIFIED.,.F.,.F.,.F.,(4,1,1,4),(4,1,1,1,4),(0.,0.285714285714286,
0.571428571428571,1.),(0.,0.315520691164576,0.631041382329151,1.05173563721525,
1.47242989210135),.UNSPECIFIED.);
#49=B_SPLINE_SURFACE_WITH_KNOTS('',3,3,((#7606,#7607,#7608,#7609,#7610),
(#7611,#7612,#7613,#7614,#7615),(#7616,#7617,#7618,#7619,#7620),(#7621,
#7622,#7623,#7624,#7625),(#7626,#7627,#7628,#7629,#7630)),.UNSPECIFIED.,
 .F.,.F.,.F.,(4,1,4),(4,1,4),(0.,0.5,1.),(5.26838611786135,5.69323011832481,
6.0118631186724),.UNSPECIFIED.);
#50=B_SPLINE_SURFACE_WITH_KNOTS('',3,3,((#7631,#7632,#7633,#7634),(#7635,
#7636,#7637,#7638),(#7639,#7640,#7641,#7642),(#7643,#7644,#7645,#7646),
(#7647,#7648,#7649,#7650)),.UNSPECIFIED.,.F.,.F.,.F.,(4,1,4),(4,4),(0.,
0.571428571428571,1.),(0.104612376583224,0.337584588404489),
 .UNSPECIFIED.);
#51=B_SPLINE_SURFACE_WITH_KNOTS('',3,3,((#7674,#7675,#7676,#7677,#7678,
#7679,#7680),(#7681,#7682,#7683,#7684,#7685,#7686,#7687),(#7688,#7689,#7690,
#7691,#7692,#7693,#7694),(#7695,#7696,#7697,#7698,#7699,#7700,#7701),(#7702,
#7703,#7704,#7705,#7706,#7707,#7708),(#7709,#7710,#7711,#7712,#7713,#7714,
#7715),(#7716,#7717,#7718,#7719,#7720,#7721,#7722)),.UNSPECIFIED.,.F.,.F.,
 .F.,(4,1,1,1,4),(4,1,1,1,4),(0.,0.285714285714286,0.571428571428571,0.785714285714286,
1.),(2.10522737144895,2.34632456876658,2.40659886809599,2.4668731674254,
2.52714746675481),.UNSPECIFIED.);
#52=B_SPLINE_SURFACE_WITH_KNOTS('',3,3,((#7761,#7762,#7763,#7764),(#7765,
#7766,#7767,#7768),(#7769,#7770,#7771,#7772),(#7773,#7774,#7775,#7776),
(#7777,#7778,#7779,#7780),(#7781,#7782,#7783,#7784)),.UNSPECIFIED.,.F.,
 .F.,.F.,(4,1,1,4),(4,4),(0.126880442847294,0.501074538769882,0.750537269384941,
1.),(0.434439108102197,0.653307410351253),.UNSPECIFIED.);
#53=B_SPLINE_SURFACE_WITH_KNOTS('',3,3,((#7794,#7795,#7796,#7797,#7798),
(#7799,#7800,#7801,#7802,#7803),(#7804,#7805,#7806,#7807,#7808),(#7809,
#7810,#7811,#7812,#7813),(#7814,#7815,#7816,#7817,#7818)),.UNSPECIFIED.,
 .F.,.F.,.F.,(4,1,4),(4,1,4),(0.325454120319863,0.614545211611351,1.),(1.40261948525986,
2.0783632044615,2.97935483006368),.UNSPECIFIED.);
#54=B_SPLINE_SURFACE_WITH_KNOTS('',3,3,((#7827,#7828,#7829,#7830,#7831),
(#7832,#7833,#7834,#7835,#7836),(#7837,#7838,#7839,#7840,#7841),(#7842,
#7843,#7844,#7845,#7846),(#7847,#7848,#7849,#7850,#7851)),.UNSPECIFIED.,
 .F.,.F.,.F.,(4,1,4),(4,1,4),(0.333333333333333,0.666666666666667,1.),(4.71498802466095,
4.974610262429,5.32077324611974),.UNSPECIFIED.);
#55=TOROIDAL_SURFACE('',#3478,5.,2.);
#56=TOROIDAL_SURFACE('',#3480,5.,2.);
#57=TOROIDAL_SURFACE('',#3489,7.5,5.);
#58=TOROIDAL_SURFACE('',#3491,3.,2.);
#59=TOROIDAL_SURFACE('',#3505,5.,2.);
#60=TOROIDAL_SURFACE('',#3711,21.,1.);
#61=TOROIDAL_SURFACE('',#3727,19.,1.);
#62=TOROIDAL_SURFACE('',#3731,19.,1.);
#63=TOROIDAL_SURFACE('',#3735,19.,1.);
#64=TOROIDAL_SURFACE('',#3745,51.3111137805625,1.);
#65=TOROIDAL_SURFACE('',#3749,51.3111137805625,1.);
#66=TOROIDAL_SURFACE('',#3753,53.0431645881314,3.);
#67=B_SPLINE_CURVE_WITH_KNOTS('',3,(#4719,#4720,#4721,#4722,#4723,#4724),
 .UNSPECIFIED.,.F.,.F.,(4,2,4),(0.360584084704622,0.445995756897695,0.559347439743498),
 .UNSPECIFIED.);
#68=B_SPLINE_CURVE_WITH_KNOTS('',3,(#4761,#4762,#4763,#4764),
 .UNSPECIFIED.,.F.,.F.,(4,4),(-3.05461602503996,-2.83903685018017),
 .UNSPECIFIED.);
#69=B_SPLINE_CURVE_WITH_KNOTS('',3,(#4767,#4768,#4769,#4770,#4771,#4772,
#4773),.UNSPECIFIED.,.F.,.F.,(4,1,1,1,4),(-8.33955331213575,-7.86318406521165,
-7.38681481828754,-7.02953788309447,-6.67226094790139),.UNSPECIFIED.);
#70=B_SPLINE_CURVE_WITH_KNOTS('',3,(#4801,#4802,#4803,#4804,#4805,#4806),
 .UNSPECIFIED.,.F.,.F.,(4,2,4),(0.95847471504001,1.04583820367205,1.07859031086653),
 .UNSPECIFIED.);
#71=B_SPLINE_CURVE_WITH_KNOTS('',3,(#4810,#4811,#4812,#4813,#4814,#4815,
#4816,#4817),.UNSPECIFIED.,.F.,.F.,(4,2,2,4),(-0.332512070158953,-0.227737332510047,
-0.113868666255024,0.),.UNSPECIFIED.);
#72=B_SPLINE_CURVE_WITH_KNOTS('',3,(#4826,#4827,#4828,#4829,#4830,#4831),
 .UNSPECIFIED.,.F.,.F.,(4,2,4),(0.83835911921349,0.871111226407974,0.95847471504001),
 .UNSPECIFIED.);
#73=B_SPLINE_CURVE_WITH_KNOTS('',3,(#4839,#4840,#4841,#4842,#4843,#4844,
#4845,#4846),.UNSPECIFIED.,.F.,.F.,(4,2,2,4),(0.,0.115208743480472,0.230417486960943,
0.332605730972332),.UNSPECIFIED.);
#74=B_SPLINE_CURVE_WITH_KNOTS('',3,(#4882,#4883,#4884,#4885,#4886,#4887,
#4888,#4889,#4890,#4891),.UNSPECIFIED.,.F.,.F.,(4,1,1,1,1,1,1,4),(-0.739435039165749,
-0.673140991244524,-0.605826892120072,-0.538512792995619,-0.403884594746715,
-0.26925639649781,-0.134628198248905,0.),.UNSPECIFIED.);
#75=B_SPLINE_CURVE_WITH_KNOTS('',3,(#4904,#4905,#4906,#4907,#4908,#4909,
#4910,#4911,#4912,#4913,#4914,#4915,#4916,#4917,#4918),.UNSPECIFIED.,.F.,
 .F.,(4,2,2,3,2,2,4),(-0.223545782507958,-0.190216035942517,-0.0951080179712587,
0.,0.0951080179712587,0.190216035942517,0.223545782361058),
 .UNSPECIFIED.);
#76=B_SPLINE_CURVE_WITH_KNOTS('',3,(#4924,#4925,#4926,#4927,#4928,#4929,
#4930,#4931,#4932,#4933,#4934,#4935,#4936,#4937,#4938,#4939,#4940,#4941),
 .UNSPECIFIED.,.F.,.F.,(4,2,2,2,2,2,2,2,4),(0.384390552103474,0.480357027935109,
0.576323503766744,0.672552303987142,0.76878110420754,0.865009904427937,
0.961238704648335,1.05720518047997,1.1531716563116),.UNSPECIFIED.);
#77=B_SPLINE_CURVE_WITH_KNOTS('',3,(#4958,#4959,#4960,#4961,#4962,#4963,
#4964,#4965,#4966,#4967),.UNSPECIFIED.,.F.,.F.,(4,2,2,2,4),(0.296557662780805,
0.370981022691384,0.445402446357762,0.519616897835154,0.593499720111324),
 .UNSPECIFIED.);
#78=B_SPLINE_CURVE_WITH_KNOTS('',3,(#4976,#4977,#4978,#4979,#4980,#4981,
#4982,#4983,#4984,#4985),.UNSPECIFIED.,.F.,.F.,(4,2,2,2,4),(-0.374557771754755,
-0.294047579951891,-0.207735984667902,-0.102466987395849,0.),
 .UNSPECIFIED.);
#79=B_SPLINE_CURVE_WITH_KNOTS('',3,(#4987,#4988,#4989,#4990,#4991,#4992,
#4993,#4994),.UNSPECIFIED.,.F.,.F.,(4,2,2,4),(0.655443202631774,0.68543766395085,
0.719554728681431,0.730848970342945),.UNSPECIFIED.);
#80=B_SPLINE_CURVE_WITH_KNOTS('',3,(#5009,#5010,#5011,#5012,#5013,#5014,
#5015,#5016,#5017,#5018,#5019),.UNSPECIFIED.,.F.,.F.,(4,1,1,1,1,1,1,1,4),
(-0.942397387742334,-0.807769189493429,-0.673140991244525,-0.53851279299562,
-0.403884594746715,-0.336570495622262,-0.26925639649781,-0.134628198248905,
-2.14435599771125E-16),.UNSPECIFIED.);
#81=B_SPLINE_CURVE_WITH_KNOTS('',3,(#5029,#5030,#5031,#5032,#5033,#5034,
#5035),.UNSPECIFIED.,.F.,.F.,(4,1,1,1,4),(0.,0.134628198248905,0.26925639649781,
0.403884594746715,0.471197026321176),.UNSPECIFIED.);
#82=B_SPLINE_CURVE_WITH_KNOTS('',3,(#5039,#5040,#5041,#5042,#5043,#5044,
#5045,#5046),.UNSPECIFIED.,.F.,.F.,(4,1,1,1,1,4),(0.471197026321176,0.538512792995619,
0.605826892120072,0.673140991244524,0.807769189493429,0.942397387742334),
 .UNSPECIFIED.);
#83=B_SPLINE_CURVE_WITH_KNOTS('',3,(#5085,#5086,#5087,#5088),
 .UNSPECIFIED.,.F.,.F.,(4,4),(-0.25138775752266,0.),.UNSPECIFIED.);
#84=B_SPLINE_CURVE_WITH_KNOTS('',3,(#5091,#5092,#5093,#5094),
 .UNSPECIFIED.,.F.,.F.,(4,4),(0.,0.25138775752266),.UNSPECIFIED.);
#85=B_SPLINE_CURVE_WITH_KNOTS('',3,(#5140,#5141,#5142,#5143,#5144,#5145,
#5146),.UNSPECIFIED.,.F.,.F.,(4,1,1,1,4),(-0.578434567843148,-0.413167548459391,
-0.247900529075635,-0.123950264537817,0.),.UNSPECIFIED.);
#86=B_SPLINE_CURVE_WITH_KNOTS('',3,(#5147,#5148,#5149,#5150,#5151,#5152,
#5153),.UNSPECIFIED.,.F.,.F.,(4,1,1,1,4),(0.,0.123950264537817,0.247900529075635,
0.413167548459391,0.578434567843148),.UNSPECIFIED.);
#87=B_SPLINE_CURVE_WITH_KNOTS('',3,(#5214,#5215,#5216,#5217,#5218,#5219,
#5220,#5221,#5222,#5223,#5224,#5225),.UNSPECIFIED.,.F.,.F.,(4,1,1,1,1,1,
1,2,4),(1.36474519358302E-16,0.0806192996085488,0.161238599217098,0.201548249021372,
0.241857898825646,0.282167548629921,0.322477198434195,0.403096498042744,
0.404279722579758),.UNSPECIFIED.);
#88=B_SPLINE_CURVE_WITH_KNOTS('',3,(#5226,#5227,#5228,#5229,#5230,#5231,
#5232,#5233,#5234,#5235,#5236,#5237),.UNSPECIFIED.,.F.,.F.,(4,2,1,1,1,1,
1,1,4),(-0.404279722579758,-0.403096498042744,-0.322477198434195,-0.282167548629921,
-0.241857898825646,-0.201548249021372,-0.161238599217098,-0.0806192996085488,
-1.36474519358302E-16),.UNSPECIFIED.);
#89=B_SPLINE_CURVE_WITH_KNOTS('',3,(#5243,#5244,#5245,#5246,#5247,#5248,
#5249,#5250),.UNSPECIFIED.,.F.,.F.,(4,2,2,4),(0.147944779002239,0.20052242071988,
0.27366472143108,0.340855531273235),.UNSPECIFIED.);
#90=B_SPLINE_CURVE_WITH_KNOTS('',3,(#5257,#5258,#5259,#5260,#5261,#5262,
#5263,#5264),.UNSPECIFIED.,.F.,.F.,(4,2,2,4),(-0.000565091366375013,0.,
0.0740783545626836,0.0855868306778776),.UNSPECIFIED.);
#91=B_SPLINE_CURVE_WITH_KNOTS('',3,(#5366,#5367,#5368,#5369,#5370,#5371,
#5372,#5373,#5374,#5375,#5376,#5377,#5378,#5379,#5380,#5381,#5382,#5383,
#5384,#5385,#5386,#5387,#5388,#5389,#5390,#5391,#5392,#5393,#5394,#5395,
#5396,#5397,#5398,#5399,#5400,#5401,#5402,#5403,#5404,#5405),
 .UNSPECIFIED.,.F.,.F.,(4,3,3,3,3,3,3,3,3,3,3,3,3,4),(0.223157865106522,
0.223758221855573,0.229590418807809,0.232506517283927,0.247087009664517,
0.258751403568989,0.282080191377933,0.293744585282406,0.328737766995822,
0.352066554804766,0.387059736518182,0.398724130422655,0.422052918231599,
0.445381706040543),.UNSPECIFIED.);
#92=B_SPLINE_CURVE_WITH_KNOTS('',3,(#5411,#5412,#5413,#5414,#5415,#5416,
#5417,#5418,#5419,#5420,#5421,#5422,#5423,#5424,#5425,#5426,#5427,#5428,
#5429,#5430,#5431,#5432,#5433,#5434,#5435,#5436,#5437,#5438,#5439,#5440,
#5441,#5442,#5443,#5444,#5445,#5446,#5447,#5448,#5449,#5450,#5451,#5452,
#5453,#5454,#5455,#5456,#5457,#5458,#5459,#5460,#5461,#5462,#5463,#5464,
#5465,#5466,#5467,#5468,#5469,#5470,#5471,#5472,#5473,#5474,#5475,#5476,
#5477,#5478,#5479,#5480,#5481,#5482,#5483,#5484,#5485,#5486,#5487,#5488,
#5489,#5490,#5491,#5492,#5493,#5494,#5495,#5496,#5497,#5498),
 .UNSPECIFIED.,.F.,.F.,(4,3,3,3,3,3,3,3,3,3,3,3,3,3,3,3,3,3,3,3,3,3,3,3,
3,3,3,3,3,4),(0.,0.0567442631691903,0.113488526338381,0.141860657922976,
0.184418855299869,0.198604921092166,0.219884019780613,0.226977052676761,
0.241163118469059,0.248256151365208,0.269535250053654,0.283721315845952,
0.312093447430547,0.326279513222845,0.368837710599737,0.397209842184333,
0.453954105353523,0.482326236938118,0.524884434315011,0.539070500107308,
0.567442631691904,0.581628697484201,0.602907796172648,0.610000829068796,
0.624186894861094,0.631279927757243,0.645465993549541,0.65255902644569,
0.666745092237987,0.680931158030284),.UNSPECIFIED.);
#93=B_SPLINE_CURVE_WITH_KNOTS('',3,(#5509,#5510,#5511,#5512,#5513,#5514,
#5515,#5516,#5517,#5518),.UNSPECIFIED.,.F.,.F.,(4,3,3,4),(0.,0.145058643230192,
0.241764405383654,0.338470167537115),.UNSPECIFIED.);
#94=B_SPLINE_CURVE_WITH_KNOTS('',3,(#5604,#5605,#5606,#5607,#5608,#5609,
#5610,#5611,#5612,#5613,#5614),.UNSPECIFIED.,.F.,.F.,(4,1,1,1,1,1,1,1,4),
(2.14435599771125E-16,0.134628198248905,0.26925639649781,0.336570495622262,
0.403884594746715,0.53851279299562,0.673140991244525,0.807769189493429,
0.942397387742334),.UNSPECIFIED.);
#95=B_SPLINE_CURVE_WITH_KNOTS('',3,(#5650,#5651,#5652,#5653),
 .UNSPECIFIED.,.F.,.F.,(4,4),(-0.950000000000066,2.66453525910127E-15),
 .UNSPECIFIED.);
#96=B_SPLINE_CURVE_WITH_KNOTS('',3,(#5655,#5656,#5657,#5658,#5659,#5660,
#5661,#5662,#5663,#5664),.UNSPECIFIED.,.F.,.F.,(4,3,3,4),(0.,0.0967057621534467,
0.193411524306893,0.338470167537064),.UNSPECIFIED.);
#97=B_SPLINE_CURVE_WITH_KNOTS('',3,(#5665,#5666,#5667,#5668),
 .UNSPECIFIED.,.F.,.F.,(4,4),(-2.66453525910127E-15,0.950000000000066),
 .UNSPECIFIED.);
#98=B_SPLINE_CURVE_WITH_KNOTS('',3,(#5732,#5733,#5734,#5735),
 .UNSPECIFIED.,.F.,.F.,(4,4),(2.82981323381076,2.83858615410305),
 .UNSPECIFIED.);
#99=B_SPLINE_CURVE_WITH_KNOTS('',3,(#5983,#5984,#5985,#5986,#5987,#5988,
#5989,#5990,#5991,#5992),.UNSPECIFIED.,.F.,.F.,(4,1,1,1,1,1,1,4),(0.167381967801825,
0.336758500382953,0.449676188770371,0.506135032964081,0.534364455060935,
0.548479166109363,0.555536521633576,0.56259387715779),.UNSPECIFIED.);
#100=B_SPLINE_CURVE_WITH_KNOTS('',3,(#6015,#6016,#6017,#6018),
 .UNSPECIFIED.,.F.,.F.,(4,4),(2.83903685018017,3.05461602503996),
 .UNSPECIFIED.);
#101=B_SPLINE_CURVE_WITH_KNOTS('',3,(#6038,#6039,#6040,#6041),
 .UNSPECIFIED.,.F.,.F.,(4,4),(-9.98175952503065E-16,0.147835349147947),
 .UNSPECIFIED.);
#102=B_SPLINE_CURVE_WITH_KNOTS('',3,(#6085,#6086,#6087,#6088,#6089,#6090,
#6091),.UNSPECIFIED.,.F.,.F.,(4,1,1,1,4),(6.67226094790139,7.02953788309447,
7.38681481828754,7.86318406521165,8.33955331213575),.UNSPECIFIED.);
#103=B_SPLINE_CURVE_WITH_KNOTS('',3,(#6122,#6123,#6124,#6125),
 .UNSPECIFIED.,.F.,.F.,(4,4),(0.,0.0283831177734801),.UNSPECIFIED.);
#104=B_SPLINE_CURVE_WITH_KNOTS('',3,(#6203,#6204,#6205,#6206,#6207,#6208,
#6209,#6210,#6211,#6212,#6213,#6214,#6215,#6216,#6217,#6218,#6219,#6220,
#6221,#6222,#6223,#6224,#6225,#6226,#6227,#6228,#6229,#6230,#6231,#6232,
#6233,#6234),.UNSPECIFIED.,.F.,.F.,(4,1,1,1,1,1,1,1,1,1,1,1,1,1,1,1,1,1,
1,1,1,1,1,1,1,1,1,1,1,4),(-0.614666047666529,-0.605300769374538,-0.595935491082547,
-0.591252851936551,-0.58188757364456,-0.577204934498564,-0.567839656206573,
-0.563157017060578,-0.549109099622591,-0.5397438213306,-0.521013264746617,
-0.511647986454626,-0.483552151578653,-0.46482159499467,-0.427360481826706,
-0.408629925242723,-0.38053409036675,-0.371168812074759,-0.352438255490776,
-0.343072977198785,-0.329025059760798,-0.324342420614803,-0.314977142322812,
-0.310294503176816,-0.296246585738829,-0.286881307446838,-0.258785472570865,
-0.240054915986882,-0.202593802818918,-0.165132689650953),.UNSPECIFIED.);
#105=B_SPLINE_CURVE_WITH_KNOTS('',3,(#6297,#6298,#6299,#6300,#6301,#6302,
#6303,#6304,#6305,#6306,#6307,#6308,#6309,#6310,#6311,#6312),
 .UNSPECIFIED.,.F.,.F.,(4,1,1,1,1,1,1,1,1,1,1,1,1,4),(-1.8576699932712,
-1.80257485224864,-1.74747971122608,-1.7199321407148,-1.63728942918096,
-1.5821942881584,-1.49955157662455,-1.47200400611327,-1.41690886509071,
-1.38936129457943,-1.35492683144033,-1.34803993881251,-1.33426615355687,
-1.33284830278877),.UNSPECIFIED.);
#106=B_SPLINE_CURVE_WITH_KNOTS('',3,(#6418,#6419,#6420,#6421,#6422,#6423,
#6424,#6425,#6426,#6427,#6428,#6429,#6430,#6431,#6432,#6433,#6434,#6435,
#6436,#6437,#6438,#6439,#6440,#6441,#6442,#6443,#6444,#6445,#6446,#6447,
#6448,#6449,#6450,#6451),.UNSPECIFIED.,.F.,.F.,(4,1,1,1,1,1,1,1,1,1,1,1,
1,1,1,1,1,1,1,1,1,1,1,1,1,1,1,1,1,1,1,4),(-0.617099054493783,-0.606203177613535,
-0.595307300733287,-0.589859362293163,-0.578963485412914,-0.57351554697279,
-0.562619670092542,-0.557171731652418,-0.540827916332046,-0.529932039451798,
-0.508140285691301,-0.497244408811053,-0.464556778170309,-0.442765024409813,
-0.410077393769068,-0.39918151688882,-0.377389763128324,-0.366493886248075,
-0.350150070927703,-0.344702132487579,-0.333806255607331,-0.328358317167207,
-0.317462440286959,-0.312014501846835,-0.301118624966587,-0.295670686526463,
-0.268430994325842,-0.246639240565346,-0.203055733044353,-0.181263979283857,
-0.137680471762864,-0.0940969642418717),.UNSPECIFIED.);
#107=B_SPLINE_CURVE_WITH_KNOTS('',3,(#6455,#6456,#6457,#6458,#6459,#6460,
#6461,#6462,#6463,#6464,#6465,#6466,#6467,#6468,#6469,#6470,#6471,#6472,
#6473,#6474,#6475,#6476,#6477,#6478,#6479,#6480,#6481,#6482,#6483,#6484,
#6485,#6486,#6487,#6488),.UNSPECIFIED.,.F.,.F.,(4,1,1,1,1,1,1,1,1,1,1,1,
1,1,1,1,1,1,1,1,1,1,1,1,1,1,1,1,1,1,1,4),(0.0940969642418717,0.137680471762864,
0.181263979283857,0.203055733044353,0.246639240565346,0.268430994325842,
0.295670686526463,0.301118624966587,0.312014501846835,0.317462440286959,
0.328358317167207,0.333806255607331,0.344702132487579,0.350150070927703,
0.366493886248075,0.377389763128324,0.39918151688882,0.410077393769068,
0.442765024409813,0.464556778170309,0.497244408811053,0.508140285691301,
0.529932039451798,0.540827916332046,0.557171731652418,0.562619670092542,
0.57351554697279,0.578963485412914,0.589859362293163,0.595307300733287,
0.606203177613535,0.617099054493783),.UNSPECIFIED.);
#108=B_SPLINE_CURVE_WITH_KNOTS('',3,(#6572,#6573,#6574,#6575,#6576,#6577,
#6578,#6579,#6580,#6581,#6582,#6583,#6584,#6585,#6586,#6587,#6588,#6589,
#6590,#6591,#6592,#6593,#6594,#6595,#6596,#6597,#6598,#6599,#6600,#6601,
#6602,#6603),.UNSPECIFIED.,.F.,.F.,(4,1,1,1,1,1,1,1,1,1,1,1,1,1,1,1,1,1,
1,1,1,1,1,1,1,1,1,1,1,4),(-1.8576699932712,-1.80257485224864,-1.74747971122608,
-1.7199321407148,-1.63728942918096,-1.5821942881584,-1.49955157662455,-1.47200400611327,
-1.41690886509071,-1.38936129457943,-1.35492683144033,-1.34803993881251,
-1.33426615355687,-1.32737926092905,-1.30671858304559,-1.29294479778995,
-1.25162344202303,-1.22407587151175,-1.16898073048918,-1.1414331599779,
-1.08633801895534,-1.05879044844406,-1.0036953074215,-0.976147736910219,
-0.921052595887658,-0.893505025376377,-0.810862313842535,-0.755767172819973,
-0.64557689077485,-0.535386608729727),.UNSPECIFIED.);
#109=B_SPLINE_CURVE_WITH_KNOTS('',3,(#6605,#6606,#6607,#6608,#6609,#6610,
#6611,#6612,#6613,#6614,#6615,#6616,#6617,#6618,#6619,#6620,#6621,#6622,
#6623,#6624,#6625,#6626,#6627,#6628,#6629,#6630,#6631,#6632,#6633,#6634,
#6635,#6636),.UNSPECIFIED.,.F.,.F.,(4,1,1,1,1,1,1,1,1,1,1,1,1,1,1,1,1,1,
1,1,1,1,1,1,1,1,1,1,1,4),(0.535386608729727,0.64557689077485,0.755767172819973,
0.810862313842535,0.893505025376377,0.921052595887658,0.976147736910219,
1.0036953074215,1.05879044844406,1.08633801895534,1.1414331599779,1.16898073048918,
1.22407587151175,1.25162344202303,1.29294479778995,1.30671858304559,1.32737926092905,
1.33426615355687,1.34803993881251,1.35492683144033,1.38936129457943,1.41690886509071,
1.47200400611327,1.49955157662455,1.5821942881584,1.63728942918096,1.7199321407148,
1.74747971122608,1.80257485224864,1.8576699932712),.UNSPECIFIED.);
#110=B_SPLINE_CURVE_WITH_KNOTS('',3,(#6666,#6667,#6668,#6669,#6670,#6671,
#6672,#6673,#6674,#6675,#6676,#6677,#6678,#6679,#6680,#6681,#6682,#6683),
 .UNSPECIFIED.,.F.,.F.,(4,2,2,2,2,2,2,2,4),(0.669287016899721,0.673245357437182,
0.805580846254334,0.937804959484439,1.07002907271454,1.20275340020454,1.33547772769454,
1.46731234548104,1.47080129622603),.UNSPECIFIED.);
#111=B_SPLINE_CURVE_WITH_KNOTS('',3,(#6697,#6698,#6699,#6700,#6701),
 .UNSPECIFIED.,.F.,.F.,(4,1,4),(-5.32077324611974,-4.974610262429,-4.71498802466095),
 .UNSPECIFIED.);
#112=B_SPLINE_CURVE_WITH_KNOTS('',3,(#6705,#6706,#6707,#6708,#6709),
 .UNSPECIFIED.,.F.,.F.,(4,1,4),(-6.0118631186724,-5.69323011832481,-5.27531888483497),
 .UNSPECIFIED.);
#113=B_SPLINE_CURVE_WITH_KNOTS('',3,(#6737,#6738,#6739,#6740,#6741,#6742,
#6743,#6744,#6745,#6746),.UNSPECIFIED.,.F.,.F.,(4,2,2,2,4),(-0.15340745881529,
-0.125139376755503,-0.096004471990399,-0.051221578689979,0.),
 .UNSPECIFIED.);
#114=B_SPLINE_CURVE_WITH_KNOTS('',3,(#6747,#6748,#6749,#6750),
 .UNSPECIFIED.,.F.,.F.,(4,4),(4.66983641587398,4.88740807059013),
 .UNSPECIFIED.);
#115=B_SPLINE_CURVE_WITH_KNOTS('',3,(#6758,#6759,#6760,#6761,#6762,#6763),
 .UNSPECIFIED.,.F.,.F.,(4,2,4),(0.0965512730423224,0.526627397839944,0.528658402959578),
 .UNSPECIFIED.);
#116=B_SPLINE_CURVE_WITH_KNOTS('',3,(#6771,#6772,#6773,#6774,#6775,#6776,
#6777,#6778,#6779,#6780,#6781,#6782),.UNSPECIFIED.,.F.,.F.,(4,2,2,2,2,4),
(-0.187043541045001,-0.162832013827655,-0.139312196707537,-0.104586584045617,
-0.0608149709791402,0.),.UNSPECIFIED.);
#117=B_SPLINE_CURVE_WITH_KNOTS('',3,(#6784,#6785,#6786,#6787,#6788,#6789),
 .UNSPECIFIED.,.F.,.F.,(4,2,4),(-0.181836685825563,-0.0923420276440927,
0.),.UNSPECIFIED.);
#118=B_SPLINE_CURVE_WITH_KNOTS('',3,(#6791,#6792,#6793,#6794,#6795,#6796,
#6797,#6798),.UNSPECIFIED.,.F.,.F.,(4,2,2,4),(-0.141508718968031,-0.0866849187742171,
-0.0403930858473917,0.),.UNSPECIFIED.);
#119=B_SPLINE_CURVE_WITH_KNOTS('',3,(#6801,#6802,#6803,#6804,#6805,#6806),
 .UNSPECIFIED.,.F.,.F.,(4,1,1,4),(2.10522737144895,2.34632456876658,2.40659886809599,
2.41994410906566),.UNSPECIFIED.);
#120=B_SPLINE_CURVE_WITH_KNOTS('',3,(#6814,#6815,#6816,#6817),
 .UNSPECIFIED.,.F.,.F.,(4,4),(0.170169314725556,0.256102291630234),
 .UNSPECIFIED.);
#121=B_SPLINE_CURVE_WITH_KNOTS('',3,(#6818,#6819,#6820,#6821,#6822,#6823,
#6824,#6825,#6826,#6827),.UNSPECIFIED.,.F.,.F.,(4,2,2,2,4),(-0.263621705417178,
-0.224348172945324,-0.186503696149265,-0.148895591679331,-0.136461081664828),
 .UNSPECIFIED.);
#122=B_SPLINE_CURVE_WITH_KNOTS('',3,(#6830,#6831,#6832,#6833),
 .UNSPECIFIED.,.F.,.F.,(4,4),(-0.929311324649554,-0.724159536371238),
 .UNSPECIFIED.);
#123=B_SPLINE_CURVE_WITH_KNOTS('',3,(#6834,#6835,#6836,#6837,#6838),
 .UNSPECIFIED.,.F.,.F.,(4,1,4),(5.3218513697572,5.69323011832481,6.0118631186724),
 .UNSPECIFIED.);
#124=B_SPLINE_CURVE_WITH_KNOTS('',3,(#6876,#6877,#6878,#6879,#6880,#6881,
#6882,#6883,#6884,#6885,#6886,#6887),.UNSPECIFIED.,.F.,.F.,(4,2,2,2,2,4),
(-1.06159888274688,-0.967185148897517,-0.930858413828526,-0.911745527438472,
-0.89730968151996,-0.896676335991339),.UNSPECIFIED.);
#125=B_SPLINE_CURVE_WITH_KNOTS('',3,(#6927,#6928,#6929,#6930,#6931,#6932),
 .UNSPECIFIED.,.F.,.F.,(4,2,4),(0.,0.0287348797134847,0.0884916584231573),
 .UNSPECIFIED.);
#126=B_SPLINE_CURVE_WITH_KNOTS('',3,(#6987,#6988,#6989,#6990,#6991,#6992,
#6993,#6994,#6995,#6996),.UNSPECIFIED.,.F.,.F.,(4,2,2,2,4),(-0.00200822936514362,
0.,0.299505259584959,0.547055952731492,0.742875721015273),.UNSPECIFIED.);
#127=B_SPLINE_CURVE_WITH_KNOTS('',3,(#7001,#7002,#7003,#7004),
 .UNSPECIFIED.,.F.,.F.,(4,4),(0.583360392421716,0.600377607071086),
 .UNSPECIFIED.);
#128=B_SPLINE_CURVE_WITH_KNOTS('',3,(#7006,#7007,#7008,#7009,#7010,#7011,
#7012,#7013,#7014,#7015,#7016,#7017),.UNSPECIFIED.,.F.,.F.,(4,2,2,2,2,4),
(0.105252537282136,0.200864036391109,0.25718633612195,0.273563558334762,
0.283248408060925,0.28577128394617),.UNSPECIFIED.);
#129=B_SPLINE_CURVE_WITH_KNOTS('',3,(#7019,#7020,#7021,#7022,#7023,#7024,
#7025),.UNSPECIFIED.,.F.,.F.,(4,1,1,1,4),(0.,0.315520691164576,0.631041382329151,
1.05173563721525,1.4608589627212),.UNSPECIFIED.);
#130=B_SPLINE_CURVE_WITH_KNOTS('',3,(#7032,#7033,#7034,#7035,#7036,#7037,
#7038,#7039,#7040,#7041),.UNSPECIFIED.,.F.,.F.,(4,2,2,2,4),(-2.72900029730845,
-2.70619780739322,-2.69506289836311,-2.69094859049613,-2.68918435777378),
 .UNSPECIFIED.);
#131=B_SPLINE_CURVE_WITH_KNOTS('',3,(#7047,#7048,#7049,#7050,#7051,#7052,
#7053,#7054,#7055,#7056,#7057,#7058,#7059,#7060,#7061,#7062,#7063,#7064,
#7065,#7066,#7067,#7068,#7069,#7070,#7071,#7072,#7073,#7074,#7075,#7076,
#7077,#7078,#7079,#7080,#7081,#7082,#7083,#7084,#7085,#7086,#7087,#7088,
#7089,#7090,#7091,#7092,#7093,#7094,#7095),.UNSPECIFIED.,.F.,.F.,(4,3,3,
3,3,3,3,3,3,3,3,3,3,3,3,3,4),(-0.000476637733951037,0.,0.0131213831240715,
0.0265699790471111,0.0353600383386304,0.0487919480893581,0.0621120811910004,
0.0707038688969395,0.0802297829757265,0.0935027858096343,0.10687207538846,
0.109754846925499,0.123141872714548,0.134032368063092,0.147412859868126,
0.148767721600297,0.157163198529452),.UNSPECIFIED.);
#132=B_SPLINE_CURVE_WITH_KNOTS('',3,(#7133,#7134,#7135,#7136,#7137,#7138,
#7139,#7140,#7141,#7142,#7143,#7144,#7145,#7146,#7147,#7148,#7149,#7150,
#7151,#7152,#7153,#7154),.UNSPECIFIED.,.F.,.F.,(4,2,2,2,2,2,2,2,2,2,4),
(0.,0.0751256567131041,0.284548864402412,0.324972513646071,0.344317707670301,
0.359373424330678,0.375595445402485,0.400967672888485,0.449845554217456,
0.578268509322507,0.718938555486455),.UNSPECIFIED.);
#133=B_SPLINE_CURVE_WITH_KNOTS('',3,(#7161,#7162,#7163,#7164,#7165,#7166,
#7167,#7168),.UNSPECIFIED.,.F.,.F.,(4,2,2,4),(-0.00204376604494843,0.,0.278996398519036,
0.532858117351239),.UNSPECIFIED.);
#134=B_SPLINE_CURVE_WITH_KNOTS('',3,(#7222,#7223,#7224,#7225,#7226,#7227,
#7228,#7229,#7230,#7231),.UNSPECIFIED.,.F.,.F.,(4,2,2,2,4),(-2.72900029730845,
-2.70619780739321,-2.69506289836311,-2.69094859049614,-2.68918435777378),
 .UNSPECIFIED.);
#135=B_SPLINE_CURVE_WITH_KNOTS('',3,(#7238,#7239,#7240,#7241,#7242,#7243,
#7244,#7245,#7246,#7247,#7248,#7249,#7250,#7251,#7252,#7253,#7254,#7255,
#7256),.UNSPECIFIED.,.F.,.F.,(4,3,3,3,3,3,4),(0.,0.0156259955200524,0.0299237358964539,
0.0396874367211914,0.042640999892705,0.0508753668047095,0.0520317469148978),
 .UNSPECIFIED.);
#136=B_SPLINE_CURVE_WITH_KNOTS('',3,(#7264,#7265,#7266,#7267,#7268,#7269,
#7270,#7271,#7272,#7273,#7274,#7275,#7276,#7277,#7278,#7279,#7280,#7281,
#7282,#7283,#7284,#7285,#7286,#7287,#7288,#7289,#7290,#7291,#7292,#7293,
#7294,#7295,#7296,#7297,#7298,#7299,#7300),.UNSPECIFIED.,.F.,.F.,(4,3,3,
3,3,3,3,3,3,3,3,3,4),(0.,0.0131174389776866,0.0265503209808159,0.038998568918196,
0.0524226310556886,0.065727981965648,0.0737812792805205,0.0781062554768926,
0.0914534434240306,0.103353633707298,0.116713085813847,0.128602502290414,
0.129052951132491),.UNSPECIFIED.);
#137=B_SPLINE_CURVE_WITH_KNOTS('',3,(#7329,#7330,#7331,#7332,#7333,#7334,
#7335,#7336,#7337,#7338,#7339,#7340,#7341,#7342,#7343,#7344,#7345,#7346,
#7347,#7348,#7349,#7350,#7351,#7352,#7353,#7354,#7355,#7356,#7357,#7358,
#7359,#7360,#7361,#7362,#7363,#7364,#7365),.UNSPECIFIED.,.F.,.F.,(4,3,3,
3,3,3,3,3,3,3,3,3,4),(-0.129030850667479,-0.128580396646454,-0.115327563424971,
-0.101942148000173,-0.0974503708871322,-0.084093371147851,-0.0737143865400125,
-0.0663246640141384,-0.0530417364828565,-0.0396186818420544,-0.0272522611080251,
-0.0136261305540125,0.),.UNSPECIFIED.);
#138=B_SPLINE_CURVE_WITH_KNOTS('',3,(#7368,#7369,#7370,#7371,#7372,#7373,
#7374,#7375,#7376,#7377,#7378,#7379,#7380,#7381,#7382,#7383,#7384,#7385,
#7386,#7387,#7388,#7389,#7390,#7391,#7392,#7393,#7394,#7395,#7396,#7397,
#7398,#7399,#7400,#7401,#7402,#7403,#7404,#7405,#7406,#7407,#7408,#7409,
#7410,#7411,#7412,#7413),.UNSPECIFIED.,.F.,.F.,(4,3,3,3,3,3,3,3,3,3,3,3,
3,3,3,4),(-0.157779753046633,-0.157317286367467,-0.144183205904986,-0.130656760585722,
-0.117130315266459,-0.103677149998159,-0.0904221745238222,-0.0780028912918762,
-0.077576768356396,-0.064388191246554,-0.0510100602655996,-0.0389729846104595,
-0.0255972177003127,-0.024164454524677,-0.0107778693443775,0.),
 .UNSPECIFIED.);
#139=B_SPLINE_CURVE_WITH_KNOTS('',3,(#7571,#7572,#7573,#7574,#7575,#7576,
#7577,#7578,#7579,#7580,#7581,#7582,#7583,#7584,#7585,#7586,#7587,#7588,
#7589,#7590,#7591,#7592,#7593,#7594,#7595,#7596,#7597,#7598),
 .UNSPECIFIED.,.F.,.F.,(4,3,3,3,3,3,3,3,3,4),(-0.0960864217185862,-0.0955220217985174,
-0.0814199856527898,-0.0673179495070622,-0.0546487109022418,-0.0411867333775058,
-0.0392390524909663,-0.0272519419734178,-0.0136259709867089,0.),
 .UNSPECIFIED.);
#140=B_SPLINE_CURVE_WITH_KNOTS('',3,(#7599,#7600,#7601,#7602,#7603,#7604,
#7605),.UNSPECIFIED.,.F.,.F.,(4,1,1,1,4),(-1.47242989210135,-1.05173563721525,
-0.631041382329151,-0.315520691164576,0.),.UNSPECIFIED.);
#141=B_SPLINE_CURVE_WITH_KNOTS('',3,(#7652,#7653,#7654,#7655),
 .UNSPECIFIED.,.F.,.F.,(4,4),(-0.337584588404489,-0.104612376583224),
 .UNSPECIFIED.);
#142=B_SPLINE_CURVE_WITH_KNOTS('',3,(#7656,#7657,#7658,#7659,#7660,#7661,
#7662,#7663,#7664,#7665,#7666,#7667),.UNSPECIFIED.,.F.,.F.,(4,2,2,2,2,4),
(-0.166579534263467,-0.165854216377325,-0.118759549032889,-0.0765602291908984,
-0.035747601614635,0.),.UNSPECIFIED.);
#143=B_SPLINE_CURVE_WITH_KNOTS('',3,(#7723,#7724,#7725,#7726,#7727,#7728,
#7729,#7730,#7731,#7732,#7733,#7734,#7735,#7736,#7737,#7738,#7739,#7740,
#7741,#7742,#7743,#7744,#7745,#7746,#7747,#7748,#7749,#7750,#7751,#7752,
#7753,#7754,#7755,#7756),.UNSPECIFIED.,.F.,.F.,(4,3,3,3,3,3,3,3,3,3,3,4),
(-2.52714746675481,-2.50238819122178,-2.47336087618933,-2.46979396809246,
-2.46688858474687,-2.40657954563253,-2.34631339132734,-2.28862996240733,
-2.20486058887318,-2.1819332712023,-2.12377347631886,-2.10522737144895),
 .UNSPECIFIED.);
#144=B_SPLINE_CURVE_WITH_KNOTS('',3,(#7786,#7787,#7788,#7789),
 .UNSPECIFIED.,.F.,.F.,(4,4),(-0.653307410351253,-0.605721694507321),
 .UNSPECIFIED.);
#145=B_SPLINE_CURVE_WITH_KNOTS('',3,(#7790,#7791,#7792,#7793),
 .UNSPECIFIED.,.F.,.F.,(4,4),(0.434439108102197,0.60572169451434),
 .UNSPECIFIED.);
#146=B_SPLINE_CURVE_WITH_KNOTS('',3,(#7820,#7821,#7822,#7823,#7824),
 .UNSPECIFIED.,.F.,.F.,(4,1,4),(-2.97935483006368,-2.0783632044615,-1.40261948525986),
 .UNSPECIFIED.);
#147=ELLIPSE('',#3420,5.59016994374947,2.5);
#148=ELLIPSE('',#3454,5.27387022247908,5.);
#149=ELLIPSE('',#3457,7.07106781186548,5.);
#150=ELLIPSE('',#3471,7.07106781186548,5.);
#151=ELLIPSE('',#3473,7.07106781186548,5.);
#152=ELLIPSE('',#3484,2.10954808899163,2.);
#153=ELLIPSE('',#3486,6.28810795680062,2.);
#154=ELLIPSE('',#3496,2.10954808899163,2.);
#155=ELLIPSE('',#3500,14.5943641521148,12.0255521485622);
#156=ELLIPSE('',#3519,15.7202698920016,5.);
#157=ELLIPSE('',#3524,21.0954808899163,20.);
#158=ELLIPSE('',#3525,5.27387022247908,5.);
#159=ELLIPSE('',#3529,21.0954808899163,20.);
#160=ELLIPSE('',#3549,20.991186980828,20.);
#161=ELLIPSE('',#3608,7.07106781186548,5.);
#162=ELLIPSE('',#3624,8.36471367443373,8.);
#163=ELLIPSE('',#3626,2.09117841860843,2.);
#164=ELLIPSE('',#3633,14.5943641521148,12.0255521485622);
#165=ELLIPSE('',#3652,15.5590160664539,12.937386168381);
#166=ELLIPSE('',#3653,15.5590160664539,12.937386168381);
#167=ELLIPSE('',#3679,93.1317279763579,56.281192615135);
#168=ELLIPSE('',#3680,10.1542661188574,10.);
#169=ELLIPSE('',#3683,10.1542661188574,10.);
#170=ELLIPSE('',#3687,87.6813402584227,52.9874244477694);
#171=ELLIPSE('',#3699,22.1502549344121,21.);
#172=ELLIPSE('',#3701,21.204570112583,20.);
#173=ELLIPSE('',#3704,21.204570112583,20.);
#174=ELLIPSE('',#3705,22.1502549344121,21.);
#175=ELLIPSE('',#3707,20.0407068454205,19.);
#176=ELLIPSE('',#3708,20.0407068454205,19.);
#177=ELLIPSE('',#3713,22.1502549344121,21.);
#178=ELLIPSE('',#3715,21.204570112583,20.);
#179=ELLIPSE('',#3718,21.204570112583,20.);
#180=ELLIPSE('',#3719,22.1502549344121,21.);
#181=ELLIPSE('',#3721,20.0407068454205,19.);
#182=ELLIPSE('',#3722,20.0407068454205,19.);
#183=ELLIPSE('',#3730,20.991186980828,20.);
#184=ELLIPSE('',#3738,20.991186980828,20.);
#185=ELLIPSE('',#3744,20.991186980828,20.);
#186=FACE_BOUND('',#487,.T.);
#187=FACE_BOUND('',#504,.T.);
#188=FACE_BOUND('',#527,.T.);
#189=FACE_BOUND('',#528,.T.);
#190=FACE_BOUND('',#546,.T.);
#191=FACE_BOUND('',#549,.T.);
#192=FACE_BOUND('',#550,.T.);
#193=FACE_BOUND('',#551,.T.);
#194=FACE_BOUND('',#553,.T.);
#195=FACE_BOUND('',#554,.T.);
#196=FACE_BOUND('',#555,.T.);
#197=FACE_BOUND('',#568,.T.);
#198=FACE_BOUND('',#571,.T.);
#199=FACE_BOUND('',#574,.T.);
#200=FACE_BOUND('',#577,.T.);
#201=FACE_BOUND('',#583,.T.);
#202=FACE_BOUND('',#584,.T.);
#203=FACE_BOUND('',#585,.T.);
#204=FACE_BOUND('',#586,.T.);
#205=FACE_BOUND('',#590,.T.);
#206=FACE_BOUND('',#595,.T.);
#207=FACE_BOUND('',#599,.T.);
#208=FACE_BOUND('',#632,.T.);
#209=FACE_BOUND('',#634,.T.);
#210=FACE_BOUND('',#636,.T.);
#211=FACE_BOUND('',#647,.T.);
#212=FACE_BOUND('',#650,.T.);
#213=FACE_BOUND('',#653,.T.);
#214=FACE_BOUND('',#658,.T.);
#215=FACE_BOUND('',#661,.T.);
#216=FACE_BOUND('',#662,.T.);
#217=FACE_BOUND('',#681,.T.);
#218=FACE_BOUND('',#682,.T.);
#219=FACE_BOUND('',#708,.T.);
#220=FACE_BOUND('',#709,.T.);
#221=FACE_BOUND('',#710,.T.);
#222=PLANE('',#3413);
#223=PLANE('',#3417);
#224=PLANE('',#3419);
#225=PLANE('',#3428);
#226=PLANE('',#3449);
#227=PLANE('',#3450);
#228=PLANE('',#3451);
#229=PLANE('',#3461);
#230=PLANE('',#3463);
#231=PLANE('',#3464);
#232=PLANE('',#3466);
#233=PLANE('',#3468);
#234=PLANE('',#3497);
#235=PLANE('',#3498);
#236=PLANE('',#3517);
#237=PLANE('',#3522);
#238=PLANE('',#3526);
#239=PLANE('',#3527);
#240=PLANE('',#3528);
#241=PLANE('',#3531);
#242=PLANE('',#3533);
#243=PLANE('',#3536);
#244=PLANE('',#3537);
#245=PLANE('',#3538);
#246=PLANE('',#3546);
#247=PLANE('',#3547);
#248=PLANE('',#3554);
#249=PLANE('',#3558);
#250=PLANE('',#3562);
#251=PLANE('',#3566);
#252=PLANE('',#3570);
#253=PLANE('',#3574);
#254=PLANE('',#3578);
#255=PLANE('',#3582);
#256=PLANE('',#3583);
#257=PLANE('',#3584);
#258=PLANE('',#3585);
#259=PLANE('',#3586);
#260=PLANE('',#3587);
#261=PLANE('',#3592);
#262=PLANE('',#3599);
#263=PLANE('',#3604);
#264=PLANE('',#3606);
#265=PLANE('',#3612);
#266=PLANE('',#3622);
#267=PLANE('',#3625);
#268=PLANE('',#3627);
#269=PLANE('',#3628);
#270=PLANE('',#3629);
#271=PLANE('',#3632);
#272=PLANE('',#3637);
#273=PLANE('',#3641);
#274=PLANE('',#3645);
#275=PLANE('',#3646);
#276=PLANE('',#3647);
#277=PLANE('',#3648);
#278=PLANE('',#3649);
#279=PLANE('',#3650);
#280=PLANE('',#3651);
#281=PLANE('',#3657);
#282=PLANE('',#3661);
#283=PLANE('',#3665);
#284=PLANE('',#3671);
#285=PLANE('',#3678);
#286=PLANE('',#3684);
#287=PLANE('',#3690);
#288=PLANE('',#3696);
#289=PLANE('',#3706);
#290=PLANE('',#3720);
#291=PLANE('',#3723);
#292=PLANE('',#3725);
#293=PLANE('',#3757);
#294=FACE_OUTER_BOUND('',#485,.T.);
#295=FACE_OUTER_BOUND('',#486,.T.);
#296=FACE_OUTER_BOUND('',#488,.T.);
#297=FACE_OUTER_BOUND('',#489,.T.);
#298=FACE_OUTER_BOUND('',#490,.T.);
#299=FACE_OUTER_BOUND('',#491,.T.);
#300=FACE_OUTER_BOUND('',#492,.T.);
#301=FACE_OUTER_BOUND('',#493,.T.);
#302=FACE_OUTER_BOUND('',#494,.T.);
#303=FACE_OUTER_BOUND('',#495,.T.);
#304=FACE_OUTER_BOUND('',#496,.T.);
#305=FACE_OUTER_BOUND('',#497,.T.);
#306=FACE_OUTER_BOUND('',#498,.T.);
#307=FACE_OUTER_BOUND('',#499,.T.);
#308=FACE_OUTER_BOUND('',#500,.T.);
#309=FACE_OUTER_BOUND('',#501,.T.);
#310=FACE_OUTER_BOUND('',#502,.T.);
#311=FACE_OUTER_BOUND('',#503,.T.);
#312=FACE_OUTER_BOUND('',#505,.T.);
#313=FACE_OUTER_BOUND('',#506,.T.);
#314=FACE_OUTER_BOUND('',#507,.T.);
#315=FACE_OUTER_BOUND('',#508,.T.);
#316=FACE_OUTER_BOUND('',#509,.T.);
#317=FACE_OUTER_BOUND('',#510,.T.);
#318=FACE_OUTER_BOUND('',#511,.T.);
#319=FACE_OUTER_BOUND('',#512,.T.);
#320=FACE_OUTER_BOUND('',#513,.T.);
#321=FACE_OUTER_BOUND('',#514,.T.);
#322=FACE_OUTER_BOUND('',#515,.T.);
#323=FACE_OUTER_BOUND('',#516,.T.);
#324=FACE_OUTER_BOUND('',#517,.T.);
#325=FACE_OUTER_BOUND('',#518,.T.);
#326=FACE_OUTER_BOUND('',#519,.T.);
#327=FACE_OUTER_BOUND('',#520,.T.);
#328=FACE_OUTER_BOUND('',#521,.T.);
#329=FACE_OUTER_BOUND('',#522,.T.);
#330=FACE_OUTER_BOUND('',#523,.T.);
#331=FACE_OUTER_BOUND('',#524,.T.);
#332=FACE_OUTER_BOUND('',#525,.T.);
#333=FACE_OUTER_BOUND('',#526,.T.);
#334=FACE_OUTER_BOUND('',#529,.T.);
#335=FACE_OUTER_BOUND('',#530,.T.);
#336=FACE_OUTER_BOUND('',#531,.T.);
#337=FACE_OUTER_BOUND('',#532,.T.);
#338=FACE_OUTER_BOUND('',#533,.T.);
#339=FACE_OUTER_BOUND('',#534,.T.);
#340=FACE_OUTER_BOUND('',#535,.T.);
#341=FACE_OUTER_BOUND('',#536,.T.);
#342=FACE_OUTER_BOUND('',#537,.T.);
#343=FACE_OUTER_BOUND('',#538,.T.);
#344=FACE_OUTER_BOUND('',#539,.T.);
#345=FACE_OUTER_BOUND('',#540,.T.);
#346=FACE_OUTER_BOUND('',#541,.T.);
#347=FACE_OUTER_BOUND('',#542,.T.);
#348=FACE_OUTER_BOUND('',#543,.T.);
#349=FACE_OUTER_BOUND('',#544,.T.);
#350=FACE_OUTER_BOUND('',#545,.T.);
#351=FACE_OUTER_BOUND('',#547,.T.);
#352=FACE_OUTER_BOUND('',#548,.T.);
#353=FACE_OUTER_BOUND('',#552,.T.);
#354=FACE_OUTER_BOUND('',#556,.T.);
#355=FACE_OUTER_BOUND('',#557,.T.);
#356=FACE_OUTER_BOUND('',#558,.T.);
#357=FACE_OUTER_BOUND('',#559,.T.);
#358=FACE_OUTER_BOUND('',#560,.T.);
#359=FACE_OUTER_BOUND('',#561,.T.);
#360=FACE_OUTER_BOUND('',#562,.T.);
#361=FACE_OUTER_BOUND('',#563,.T.);
#362=FACE_OUTER_BOUND('',#564,.T.);
#363=FACE_OUTER_BOUND('',#565,.T.);
#364=FACE_OUTER_BOUND('',#566,.T.);
#365=FACE_OUTER_BOUND('',#567,.T.);
#366=FACE_OUTER_BOUND('',#569,.T.);
#367=FACE_OUTER_BOUND('',#570,.T.);
#368=FACE_OUTER_BOUND('',#572,.T.);
#369=FACE_OUTER_BOUND('',#573,.T.);
#370=FACE_OUTER_BOUND('',#575,.T.);
#371=FACE_OUTER_BOUND('',#576,.T.);
#372=FACE_OUTER_BOUND('',#578,.T.);
#373=FACE_OUTER_BOUND('',#579,.T.);
#374=FACE_OUTER_BOUND('',#580,.T.);
#375=FACE_OUTER_BOUND('',#581,.T.);
#376=FACE_OUTER_BOUND('',#582,.T.);
#377=FACE_OUTER_BOUND('',#587,.T.);
#378=FACE_OUTER_BOUND('',#588,.T.);
#379=FACE_OUTER_BOUND('',#589,.T.);
#380=FACE_OUTER_BOUND('',#591,.T.);
#381=FACE_OUTER_BOUND('',#592,.T.);
#382=FACE_OUTER_BOUND('',#593,.T.);
#383=FACE_OUTER_BOUND('',#594,.T.);
#384=FACE_OUTER_BOUND('',#596,.T.);
#385=FACE_OUTER_BOUND('',#597,.T.);
#386=FACE_OUTER_BOUND('',#598,.T.);
#387=FACE_OUTER_BOUND('',#600,.T.);
#388=FACE_OUTER_BOUND('',#601,.T.);
#389=FACE_OUTER_BOUND('',#602,.T.);
#390=FACE_OUTER_BOUND('',#603,.T.);
#391=FACE_OUTER_BOUND('',#604,.T.);
#392=FACE_OUTER_BOUND('',#605,.T.);
#393=FACE_OUTER_BOUND('',#606,.T.);
#394=FACE_OUTER_BOUND('',#607,.T.);
#395=FACE_OUTER_BOUND('',#608,.T.);
#396=FACE_OUTER_BOUND('',#609,.T.);
#397=FACE_OUTER_BOUND('',#610,.T.);
#398=FACE_OUTER_BOUND('',#611,.T.);
#399=FACE_OUTER_BOUND('',#612,.T.);
#400=FACE_OUTER_BOUND('',#613,.T.);
#401=FACE_OUTER_BOUND('',#614,.T.);
#402=FACE_OUTER_BOUND('',#615,.T.);
#403=FACE_OUTER_BOUND('',#616,.T.);
#404=FACE_OUTER_BOUND('',#617,.T.);
#405=FACE_OUTER_BOUND('',#618,.T.);
#406=FACE_OUTER_BOUND('',#619,.T.);
#407=FACE_OUTER_BOUND('',#620,.T.);
#408=FACE_OUTER_BOUND('',#621,.T.);
#409=FACE_OUTER_BOUND('',#622,.T.);
#410=FACE_OUTER_BOUND('',#623,.T.);
#411=FACE_OUTER_BOUND('',#624,.T.);
#412=FACE_OUTER_BOUND('',#625,.T.);
#413=FACE_OUTER_BOUND('',#626,.T.);
#414=FACE_OUTER_BOUND('',#627,.T.);
#415=FACE_OUTER_BOUND('',#628,.T.);
#416=FACE_OUTER_BOUND('',#629,.T.);
#417=FACE_OUTER_BOUND('',#630,.T.);
#418=FACE_OUTER_BOUND('',#631,.T.);
#419=FACE_OUTER_BOUND('',#633,.T.);
#420=FACE_OUTER_BOUND('',#635,.T.);
#421=FACE_OUTER_BOUND('',#637,.T.);
#422=FACE_OUTER_BOUND('',#638,.T.);
#423=FACE_OUTER_BOUND('',#639,.T.);
#424=FACE_OUTER_BOUND('',#640,.T.);
#425=FACE_OUTER_BOUND('',#641,.T.);
#426=FACE_OUTER_BOUND('',#642,.T.);
#427=FACE_OUTER_BOUND('',#643,.T.);
#428=FACE_OUTER_BOUND('',#644,.T.);
#429=FACE_OUTER_BOUND('',#645,.T.);
#430=FACE_OUTER_BOUND('',#646,.T.);
#431=FACE_OUTER_BOUND('',#648,.T.);
#432=FACE_OUTER_BOUND('',#649,.T.);
#433=FACE_OUTER_BOUND('',#651,.T.);
#434=FACE_OUTER_BOUND('',#652,.T.);
#435=FACE_OUTER_BOUND('',#654,.T.);
#436=FACE_OUTER_BOUND('',#655,.T.);
#437=FACE_OUTER_BOUND('',#656,.T.);
#438=FACE_OUTER_BOUND('',#657,.T.);
#439=FACE_OUTER_BOUND('',#659,.T.);
#440=FACE_OUTER_BOUND('',#660,.T.);
#441=FACE_OUTER_BOUND('',#663,.T.);
#442=FACE_OUTER_BOUND('',#664,.T.);
#443=FACE_OUTER_BOUND('',#665,.T.);
#444=FACE_OUTER_BOUND('',#666,.T.);
#445=FACE_OUTER_BOUND('',#667,.T.);
#446=FACE_OUTER_BOUND('',#668,.T.);
#447=FACE_OUTER_BOUND('',#669,.T.);
#448=FACE_OUTER_BOUND('',#670,.T.);
#449=FACE_OUTER_BOUND('',#671,.T.);
#450=FACE_OUTER_BOUND('',#672,.T.);
#451=FACE_OUTER_BOUND('',#673,.T.);
#452=FACE_OUTER_BOUND('',#674,.T.);
#453=FACE_OUTER_BOUND('',#675,.T.);
#454=FACE_OUTER_BOUND('',#676,.T.);
#455=FACE_OUTER_BOUND('',#677,.T.);
#456=FACE_OUTER_BOUND('',#678,.T.);
#457=FACE_OUTER_BOUND('',#679,.T.);
#458=FACE_OUTER_BOUND('',#680,.T.);
#459=FACE_OUTER_BOUND('',#683,.T.);
#460=FACE_OUTER_BOUND('',#684,.T.);
#461=FACE_OUTER_BOUND('',#685,.T.);
#462=FACE_OUTER_BOUND('',#686,.T.);
#463=FACE_OUTER_BOUND('',#687,.T.);
#464=FACE_OUTER_BOUND('',#688,.T.);
#465=FACE_OUTER_BOUND('',#689,.T.);
#466=FACE_OUTER_BOUND('',#690,.T.);
#467=FACE_OUTER_BOUND('',#691,.T.);
#468=FACE_OUTER_BOUND('',#692,.T.);
#469=FACE_OUTER_BOUND('',#693,.T.);
#470=FACE_OUTER_BOUND('',#694,.T.);
#471=FACE_OUTER_BOUND('',#695,.T.);
#472=FACE_OUTER_BOUND('',#696,.T.);
#473=FACE_OUTER_BOUND('',#697,.T.);
#474=FACE_OUTER_BOUND('',#698,.T.);
#475=FACE_OUTER_BOUND('',#699,.T.);
#476=FACE_OUTER_BOUND('',#700,.T.);
#477=FACE_OUTER_BOUND('',#701,.T.);
#478=FACE_OUTER_BOUND('',#702,.T.);
#479=FACE_OUTER_BOUND('',#703,.T.);
#480=FACE_OUTER_BOUND('',#704,.T.);
#481=FACE_OUTER_BOUND('',#705,.T.);
#482=FACE_OUTER_BOUND('',#706,.T.);
#483=FACE_OUTER_BOUND('',#707,.T.);
#484=FACE_OUTER_BOUND('',#711,.T.);
#485=EDGE_LOOP('',(#2130,#2131,#2132,#2133));
#486=EDGE_LOOP('',(#2134));
#487=EDGE_LOOP('',(#2135));
#488=EDGE_LOOP('',(#2136,#2137,#2138,#2139));
#489=EDGE_LOOP('',(#2140,#2141,#2142,#2143,#2144));
#490=EDGE_LOOP('',(#2145,#2146,#2147,#2148));
#491=EDGE_LOOP('',(#2149,#2150,#2151,#2152,#2153));
#492=EDGE_LOOP('',(#2154,#2155,#2156,#2157));
#493=EDGE_LOOP('',(#2158,#2159,#2160,#2161));
#494=EDGE_LOOP('',(#2162,#2163,#2164,#2165,#2166,#2167,#2168,#2169,#2170,
#2171,#2172,#2173,#2174,#2175,#2176,#2177,#2178,#2179));
#495=EDGE_LOOP('',(#2180,#2181,#2182,#2183));
#496=EDGE_LOOP('',(#2184,#2185,#2186,#2187));
#497=EDGE_LOOP('',(#2188,#2189,#2190,#2191));
#498=EDGE_LOOP('',(#2192,#2193,#2194,#2195));
#499=EDGE_LOOP('',(#2196,#2197,#2198,#2199,#2200,#2201));
#500=EDGE_LOOP('',(#2202,#2203,#2204,#2205,#2206,#2207));
#501=EDGE_LOOP('',(#2208,#2209,#2210,#2211));
#502=EDGE_LOOP('',(#2212,#2213,#2214,#2215));
#503=EDGE_LOOP('',(#2216,#2217,#2218,#2219,#2220,#2221,#2222,#2223,#2224,
#2225,#2226,#2227,#2228));
#504=EDGE_LOOP('',(#2229));
#505=EDGE_LOOP('',(#2230,#2231,#2232,#2233,#2234,#2235,#2236,#2237,#2238,
#2239,#2240,#2241,#2242));
#506=EDGE_LOOP('',(#2243,#2244,#2245,#2246,#2247,#2248,#2249,#2250));
#507=EDGE_LOOP('',(#2251,#2252,#2253,#2254,#2255,#2256));
#508=EDGE_LOOP('',(#2257,#2258,#2259,#2260,#2261,#2262,#2263));
#509=EDGE_LOOP('',(#2264,#2265,#2266));
#510=EDGE_LOOP('',(#2267,#2268,#2269,#2270,#2271,#2272,#2273,#2274,#2275));
#511=EDGE_LOOP('',(#2276,#2277,#2278,#2279));
#512=EDGE_LOOP('',(#2280,#2281,#2282,#2283,#2284,#2285,#2286,#2287));
#513=EDGE_LOOP('',(#2288,#2289,#2290,#2291));
#514=EDGE_LOOP('',(#2292,#2293,#2294,#2295,#2296,#2297,#2298,#2299,#2300,
#2301));
#515=EDGE_LOOP('',(#2302,#2303,#2304));
#516=EDGE_LOOP('',(#2305,#2306,#2307,#2308));
#517=EDGE_LOOP('',(#2309,#2310,#2311,#2312,#2313));
#518=EDGE_LOOP('',(#2314,#2315,#2316,#2317));
#519=EDGE_LOOP('',(#2318,#2319,#2320,#2321));
#520=EDGE_LOOP('',(#2322,#2323,#2324));
#521=EDGE_LOOP('',(#2325,#2326,#2327,#2328,#2329,#2330));
#522=EDGE_LOOP('',(#2331,#2332,#2333,#2334,#2335));
#523=EDGE_LOOP('',(#2336,#2337,#2338,#2339));
#524=EDGE_LOOP('',(#2340,#2341,#2342,#2343,#2344,#2345));
#525=EDGE_LOOP('',(#2346,#2347,#2348,#2349,#2350,#2351));
#526=EDGE_LOOP('',(#2352,#2353,#2354,#2355,#2356,#2357,#2358,#2359,#2360,
#2361,#2362,#2363,#2364,#2365,#2366));
#527=EDGE_LOOP('',(#2367));
#528=EDGE_LOOP('',(#2368,#2369,#2370,#2371,#2372,#2373,#2374,#2375,#2376,
#2377));
#529=EDGE_LOOP('',(#2378,#2379,#2380,#2381,#2382));
#530=EDGE_LOOP('',(#2383,#2384,#2385,#2386));
#531=EDGE_LOOP('',(#2387,#2388,#2389,#2390,#2391,#2392));
#532=EDGE_LOOP('',(#2393,#2394,#2395,#2396));
#533=EDGE_LOOP('',(#2397,#2398,#2399,#2400));
#534=EDGE_LOOP('',(#2401,#2402,#2403,#2404,#2405,#2406,#2407,#2408));
#535=EDGE_LOOP('',(#2409,#2410,#2411,#2412));
#536=EDGE_LOOP('',(#2413,#2414,#2415,#2416,#2417));
#537=EDGE_LOOP('',(#2418,#2419,#2420,#2421,#2422,#2423,#2424,#2425,#2426,
#2427,#2428,#2429,#2430,#2431));
#538=EDGE_LOOP('',(#2432,#2433,#2434,#2435));
#539=EDGE_LOOP('',(#2436,#2437,#2438,#2439,#2440,#2441));
#540=EDGE_LOOP('',(#2442,#2443,#2444,#2445,#2446));
#541=EDGE_LOOP('',(#2447,#2448,#2449,#2450,#2451,#2452,#2453));
#542=EDGE_LOOP('',(#2454,#2455,#2456,#2457,#2458));
#543=EDGE_LOOP('',(#2459,#2460,#2461,#2462));
#544=EDGE_LOOP('',(#2463,#2464,#2465,#2466));
#545=EDGE_LOOP('',(#2467,#2468,#2469,#2470,#2471,#2472,#2473,#2474));
#546=EDGE_LOOP('',(#2475));
#547=EDGE_LOOP('',(#2476,#2477,#2478,#2479));
#548=EDGE_LOOP('',(#2480,#2481,#2482,#2483,#2484,#2485,#2486,#2487,#2488,
#2489,#2490,#2491,#2492,#2493,#2494));
#549=EDGE_LOOP('',(#2495));
#550=EDGE_LOOP('',(#2496));
#551=EDGE_LOOP('',(#2497));
#552=EDGE_LOOP('',(#2498,#2499,#2500,#2501,#2502,#2503,#2504,#2505,#2506,
#2507,#2508,#2509));
#553=EDGE_LOOP('',(#2510));
#554=EDGE_LOOP('',(#2511));
#555=EDGE_LOOP('',(#2512));
#556=EDGE_LOOP('',(#2513,#2514,#2515,#2516,#2517));
#557=EDGE_LOOP('',(#2518,#2519,#2520,#2521,#2522));
#558=EDGE_LOOP('',(#2523,#2524,#2525,#2526));
#559=EDGE_LOOP('',(#2527));
#560=EDGE_LOOP('',(#2528,#2529,#2530,#2531));
#561=EDGE_LOOP('',(#2532));
#562=EDGE_LOOP('',(#2533,#2534,#2535,#2536));
#563=EDGE_LOOP('',(#2537));
#564=EDGE_LOOP('',(#2538,#2539,#2540,#2541));
#565=EDGE_LOOP('',(#2542));
#566=EDGE_LOOP('',(#2543,#2544,#2545,#2546));
#567=EDGE_LOOP('',(#2547));
#568=EDGE_LOOP('',(#2548));
#569=EDGE_LOOP('',(#2549,#2550,#2551,#2552));
#570=EDGE_LOOP('',(#2553));
#571=EDGE_LOOP('',(#2554));
#572=EDGE_LOOP('',(#2555,#2556,#2557,#2558));
#573=EDGE_LOOP('',(#2559));
#574=EDGE_LOOP('',(#2560));
#575=EDGE_LOOP('',(#2561,#2562,#2563,#2564));
#576=EDGE_LOOP('',(#2565));
#577=EDGE_LOOP('',(#2566));
#578=EDGE_LOOP('',(#2567,#2568,#2569,#2570,#2571,#2572,#2573,#2574));
#579=EDGE_LOOP('',(#2575,#2576,#2577,#2578));
#580=EDGE_LOOP('',(#2579,#2580,#2581,#2582));
#581=EDGE_LOOP('',(#2583,#2584,#2585,#2586));
#582=EDGE_LOOP('',(#2587,#2588,#2589,#2590));
#583=EDGE_LOOP('',(#2591));
#584=EDGE_LOOP('',(#2592));
#585=EDGE_LOOP('',(#2593));
#586=EDGE_LOOP('',(#2594));
#587=EDGE_LOOP('',(#2595,#2596,#2597,#2598));
#588=EDGE_LOOP('',(#2599,#2600,#2601,#2602));
#589=EDGE_LOOP('',(#2603,#2604,#2605,#2606));
#590=EDGE_LOOP('',(#2607));
#591=EDGE_LOOP('',(#2608,#2609,#2610,#2611));
#592=EDGE_LOOP('',(#2612,#2613,#2614,#2615));
#593=EDGE_LOOP('',(#2616,#2617,#2618,#2619));
#594=EDGE_LOOP('',(#2620,#2621,#2622,#2623));
#595=EDGE_LOOP('',(#2624));
#596=EDGE_LOOP('',(#2625,#2626,#2627,#2628));
#597=EDGE_LOOP('',(#2629,#2630,#2631,#2632));
#598=EDGE_LOOP('',(#2633,#2634));
#599=EDGE_LOOP('',(#2635));
#600=EDGE_LOOP('',(#2636,#2637,#2638,#2639));
#601=EDGE_LOOP('',(#2640,#2641,#2642,#2643,#2644,#2645));
#602=EDGE_LOOP('',(#2646,#2647,#2648,#2649));
#603=EDGE_LOOP('',(#2650,#2651,#2652,#2653,#2654,#2655));
#604=EDGE_LOOP('',(#2656,#2657,#2658,#2659,#2660,#2661,#2662,#2663));
#605=EDGE_LOOP('',(#2664,#2665,#2666,#2667));
#606=EDGE_LOOP('',(#2668,#2669,#2670,#2671));
#607=EDGE_LOOP('',(#2672,#2673,#2674,#2675));
#608=EDGE_LOOP('',(#2676,#2677,#2678,#2679));
#609=EDGE_LOOP('',(#2680,#2681,#2682,#2683));
#610=EDGE_LOOP('',(#2684,#2685,#2686,#2687));
#611=EDGE_LOOP('',(#2688,#2689,#2690,#2691));
#612=EDGE_LOOP('',(#2692,#2693,#2694,#2695));
#613=EDGE_LOOP('',(#2696,#2697,#2698,#2699,#2700,#2701,#2702));
#614=EDGE_LOOP('',(#2703,#2704,#2705,#2706));
#615=EDGE_LOOP('',(#2707,#2708,#2709,#2710));
#616=EDGE_LOOP('',(#2711,#2712,#2713,#2714,#2715,#2716));
#617=EDGE_LOOP('',(#2717,#2718,#2719,#2720));
#618=EDGE_LOOP('',(#2721,#2722,#2723,#2724));
#619=EDGE_LOOP('',(#2725,#2726,#2727,#2728));
#620=EDGE_LOOP('',(#2729,#2730,#2731,#2732));
#621=EDGE_LOOP('',(#2733,#2734,#2735,#2736));
#622=EDGE_LOOP('',(#2737,#2738,#2739,#2740));
#623=EDGE_LOOP('',(#2741,#2742,#2743,#2744));
#624=EDGE_LOOP('',(#2745,#2746,#2747,#2748));
#625=EDGE_LOOP('',(#2749,#2750,#2751,#2752));
#626=EDGE_LOOP('',(#2753));
#627=EDGE_LOOP('',(#2754,#2755,#2756,#2757));
#628=EDGE_LOOP('',(#2758));
#629=EDGE_LOOP('',(#2759,#2760,#2761,#2762));
#630=EDGE_LOOP('',(#2763));
#631=EDGE_LOOP('',(#2764));
#632=EDGE_LOOP('',(#2765));
#633=EDGE_LOOP('',(#2766));
#634=EDGE_LOOP('',(#2767));
#635=EDGE_LOOP('',(#2768));
#636=EDGE_LOOP('',(#2769));
#637=EDGE_LOOP('',(#2770,#2771,#2772,#2773,#2774,#2775,#2776));
#638=EDGE_LOOP('',(#2777,#2778,#2779,#2780,#2781,#2782,#2783,#2784,#2785,
#2786,#2787,#2788,#2789));
#639=EDGE_LOOP('',(#2790,#2791,#2792,#2793));
#640=EDGE_LOOP('',(#2794,#2795,#2796,#2797));
#641=EDGE_LOOP('',(#2798,#2799,#2800,#2801));
#642=EDGE_LOOP('',(#2802,#2803,#2804,#2805));
#643=EDGE_LOOP('',(#2806,#2807,#2808,#2809));
#644=EDGE_LOOP('',(#2810,#2811,#2812,#2813));
#645=EDGE_LOOP('',(#2814,#2815,#2816,#2817));
#646=EDGE_LOOP('',(#2818,#2819,#2820,#2821,#2822,#2823,#2824));
#647=EDGE_LOOP('',(#2825,#2826,#2827,#2828,#2829,#2830,#2831,#2832,#2833));
#648=EDGE_LOOP('',(#2834,#2835,#2836,#2837));
#649=EDGE_LOOP('',(#2838));
#650=EDGE_LOOP('',(#2839));
#651=EDGE_LOOP('',(#2840,#2841,#2842,#2843,#2844,#2845));
#652=EDGE_LOOP('',(#2846));
#653=EDGE_LOOP('',(#2847));
#654=EDGE_LOOP('',(#2848,#2849,#2850,#2851,#2852,#2853));
#655=EDGE_LOOP('',(#2854,#2855,#2856,#2857));
#656=EDGE_LOOP('',(#2858,#2859,#2860,#2861));
#657=EDGE_LOOP('',(#2862,#2863,#2864,#2865,#2866,#2867,#2868,#2869,#2870,
#2871));
#658=EDGE_LOOP('',(#2872));
#659=EDGE_LOOP('',(#2873,#2874,#2875,#2876,#2877));
#660=EDGE_LOOP('',(#2878,#2879,#2880,#2881,#2882,#2883,#2884,#2885,#2886,
#2887,#2888,#2889,#2890,#2891));
#661=EDGE_LOOP('',(#2892));
#662=EDGE_LOOP('',(#2893));
#663=EDGE_LOOP('',(#2894,#2895,#2896));
#664=EDGE_LOOP('',(#2897,#2898,#2899,#2900));
#665=EDGE_LOOP('',(#2901,#2902,#2903,#2904,#2905,#2906));
#666=EDGE_LOOP('',(#2907,#2908,#2909,#2910));
#667=EDGE_LOOP('',(#2911,#2912,#2913,#2914));
#668=EDGE_LOOP('',(#2915,#2916,#2917,#2918,#2919,#2920,#2921));
#669=EDGE_LOOP('',(#2922,#2923,#2924,#2925,#2926));
#670=EDGE_LOOP('',(#2927,#2928,#2929,#2930));
#671=EDGE_LOOP('',(#2931,#2932,#2933,#2934));
#672=EDGE_LOOP('',(#2935,#2936,#2937,#2938,#2939,#2940,#2941,#2942,#2943,
#2944,#2945));
#673=EDGE_LOOP('',(#2946,#2947,#2948,#2949));
#674=EDGE_LOOP('',(#2950,#2951,#2952,#2953));
#675=EDGE_LOOP('',(#2954,#2955,#2956,#2957,#2958));
#676=EDGE_LOOP('',(#2959,#2960,#2961,#2962));
#677=EDGE_LOOP('',(#2963,#2964,#2965,#2966,#2967));
#678=EDGE_LOOP('',(#2968,#2969,#2970,#2971,#2972,#2973,#2974,#2975,#2976));
#679=EDGE_LOOP('',(#2977,#2978,#2979,#2980,#2981,#2982,#2983));
#680=EDGE_LOOP('',(#2984,#2985,#2986,#2987,#2988,#2989,#2990,#2991,#2992,
#2993,#2994));
#681=EDGE_LOOP('',(#2995));
#682=EDGE_LOOP('',(#2996,#2997,#2998,#2999,#3000,#3001,#3002));
#683=EDGE_LOOP('',(#3003,#3004,#3005,#3006));
#684=EDGE_LOOP('',(#3007,#3008,#3009,#3010,#3011));
#685=EDGE_LOOP('',(#3012,#3013,#3014,#3015));
#686=EDGE_LOOP('',(#3016,#3017,#3018,#3019));
#687=EDGE_LOOP('',(#3020,#3021,#3022,#3023,#3024,#3025));
#688=EDGE_LOOP('',(#3026,#3027,#3028));
#689=EDGE_LOOP('',(#3029,#3030,#3031,#3032,#3033));
#690=EDGE_LOOP('',(#3034,#3035,#3036,#3037));
#691=EDGE_LOOP('',(#3038,#3039,#3040,#3041));
#692=EDGE_LOOP('',(#3042,#3043,#3044,#3045,#3046));
#693=EDGE_LOOP('',(#3047,#3048,#3049,#3050));
#694=EDGE_LOOP('',(#3051,#3052,#3053,#3054));
#695=EDGE_LOOP('',(#3055,#3056,#3057,#3058));
#696=EDGE_LOOP('',(#3059,#3060,#3061,#3062));
#697=EDGE_LOOP('',(#3063,#3064,#3065,#3066));
#698=EDGE_LOOP('',(#3067,#3068,#3069,#3070));
#699=EDGE_LOOP('',(#3071,#3072,#3073,#3074,#3075));
#700=EDGE_LOOP('',(#3076,#3077,#3078,#3079,#3080,#3081));
#701=EDGE_LOOP('',(#3082,#3083,#3084,#3085,#3086));
#702=EDGE_LOOP('',(#3087,#3088,#3089,#3090,#3091));
#703=EDGE_LOOP('',(#3092,#3093,#3094,#3095,#3096));
#704=EDGE_LOOP('',(#3097,#3098,#3099,#3100,#3101));
#705=EDGE_LOOP('',(#3102,#3103,#3104,#3105,#3106,#3107));
#706=EDGE_LOOP('',(#3108,#3109,#3110,#3111,#3112,#3113));
#707=EDGE_LOOP('',(#3114,#3115,#3116,#3117));
#708=EDGE_LOOP('',(#3118));
#709=EDGE_LOOP('',(#3119));
#710=EDGE_LOOP('',(#3120));
#711=EDGE_LOOP('',(#3121,#3122,#3123,#3124,#3125));
#712=LINE('',#4688,#936);
#713=LINE('',#4695,#937);
#714=LINE('',#4702,#938);
#715=LINE('',#4704,#939);
#716=LINE('',#4706,#940);
#717=LINE('',#4707,#941);
#718=LINE('',#4713,#942);
#719=LINE('',#4715,#943);
#720=LINE('',#4716,#944);
#721=LINE('',#4729,#945);
#722=LINE('',#4732,#946);
#723=LINE('',#4735,#947);
#724=LINE('',#4739,#948);
#725=LINE('',#4741,#949);
#726=LINE('',#4743,#950);
#727=LINE('',#4745,#951);
#728=LINE('',#4747,#952);
#729=LINE('',#4749,#953);
#730=LINE('',#4751,#954);
#731=LINE('',#4757,#955);
#732=LINE('',#4759,#956);
#733=LINE('',#4766,#957);
#734=LINE('',#4778,#958);
#735=LINE('',#4784,#959);
#736=LINE('',#4790,#960);
#737=LINE('',#4796,#961);
#738=LINE('',#4808,#962);
#739=LINE('',#4821,#963);
#740=LINE('',#4835,#964);
#741=LINE('',#4847,#965);
#742=LINE('',#4849,#966);
#743=LINE('',#4850,#967);
#744=LINE('',#4852,#968);
#745=LINE('',#4853,#969);
#746=LINE('',#4856,#970);
#747=LINE('',#4860,#971);
#748=LINE('',#4862,#972);
#749=LINE('',#4864,#973);
#750=LINE('',#4866,#974);
#751=LINE('',#4868,#975);
#752=LINE('',#4870,#976);
#753=LINE('',#4872,#977);
#754=LINE('',#4873,#978);
#755=LINE('',#4876,#979);
#756=LINE('',#4880,#980);
#757=LINE('',#4895,#981);
#758=LINE('',#4899,#982);
#759=LINE('',#4902,#983);
#760=LINE('',#4920,#984);
#761=LINE('',#4946,#985);
#762=LINE('',#4947,#986);
#763=LINE('',#4948,#987);
#764=LINE('',#4951,#988);
#765=LINE('',#4953,#989);
#766=LINE('',#4955,#990);
#767=LINE('',#4957,#991);
#768=LINE('',#4971,#992);
#769=LINE('',#4974,#993);
#770=LINE('',#4995,#994);
#771=LINE('',#4999,#995);
#772=LINE('',#5003,#996);
#773=LINE('',#5007,#997);
#774=LINE('',#5020,#998);
#775=LINE('',#5027,#999);
#776=LINE('',#5058,#1000);
#777=LINE('',#5269,#1001);
#778=LINE('',#5270,#1002);
#779=LINE('',#5273,#1003);
#780=LINE('',#5275,#1004);
#781=LINE('',#5277,#1005);
#782=LINE('',#5278,#1006);
#783=LINE('',#5358,#1007);
#784=LINE('',#5360,#1008);
#785=LINE('',#5362,#1009);
#786=LINE('',#5363,#1010);
#787=LINE('',#5409,#1011);
#788=LINE('',#5502,#1012);
#789=LINE('',#5618,#1013);
#790=LINE('',#5623,#1014);
#791=LINE('',#5624,#1015);
#792=LINE('',#5672,#1016);
#793=LINE('',#5676,#1017);
#794=LINE('',#5678,#1018);
#795=LINE('',#5679,#1019);
#796=LINE('',#5686,#1020);
#797=LINE('',#5693,#1021);
#798=LINE('',#5695,#1022);
#799=LINE('',#5697,#1023);
#800=LINE('',#5700,#1024);
#801=LINE('',#5702,#1025);
#802=LINE('',#5705,#1026);
#803=LINE('',#5706,#1027);
#804=LINE('',#5709,#1028);
#805=LINE('',#5710,#1029);
#806=LINE('',#5713,#1030);
#807=LINE('',#5714,#1031);
#808=LINE('',#5715,#1032);
#809=LINE('',#5721,#1033);
#810=LINE('',#5723,#1034);
#811=LINE('',#5725,#1035);
#812=LINE('',#5729,#1036);
#813=LINE('',#5730,#1037);
#814=LINE('',#5736,#1038);
#815=LINE('',#5738,#1039);
#816=LINE('',#5741,#1040);
#817=LINE('',#5745,#1041);
#818=LINE('',#5746,#1042);
#819=LINE('',#5749,#1043);
#820=LINE('',#5750,#1044);
#821=LINE('',#5755,#1045);
#822=LINE('',#5761,#1046);
#823=LINE('',#5764,#1047);
#824=LINE('',#5766,#1048);
#825=LINE('',#5767,#1049);
#826=LINE('',#5776,#1050);
#827=LINE('',#5778,#1051);
#828=LINE('',#5780,#1052);
#829=LINE('',#5782,#1053);
#830=LINE('',#5783,#1054);
#831=LINE('',#5785,#1055);
#832=LINE('',#5787,#1056);
#833=LINE('',#5789,#1057);
#834=LINE('',#5791,#1058);
#835=LINE('',#5792,#1059);
#836=LINE('',#5795,#1060);
#837=LINE('',#5796,#1061);
#838=LINE('',#5805,#1062);
#839=LINE('',#5812,#1063);
#840=LINE('',#5819,#1064);
#841=LINE('',#5826,#1065);
#842=LINE('',#5833,#1066);
#843=LINE('',#5840,#1067);
#844=LINE('',#5847,#1068);
#845=LINE('',#5854,#1069);
#846=LINE('',#5859,#1070);
#847=LINE('',#5861,#1071);
#848=LINE('',#5862,#1072);
#849=LINE('',#5865,#1073);
#850=LINE('',#5866,#1074);
#851=LINE('',#5869,#1075);
#852=LINE('',#5870,#1076);
#853=LINE('',#5872,#1077);
#854=LINE('',#5877,#1078);
#855=LINE('',#5881,#1079);
#856=LINE('',#5883,#1080);
#857=LINE('',#5887,#1081);
#858=LINE('',#5890,#1082);
#859=LINE('',#5893,#1083);
#860=LINE('',#5897,#1084);
#861=LINE('',#5900,#1085);
#862=LINE('',#5901,#1086);
#863=LINE('',#5905,#1087);
#864=LINE('',#5908,#1088);
#865=LINE('',#5911,#1089);
#866=LINE('',#5913,#1090);
#867=LINE('',#5915,#1091);
#868=LINE('',#5918,#1092);
#869=LINE('',#5922,#1093);
#870=LINE('',#5926,#1094);
#871=LINE('',#5980,#1095);
#872=LINE('',#6042,#1096);
#873=LINE('',#6046,#1097);
#874=LINE('',#6048,#1098);
#875=LINE('',#6049,#1099);
#876=LINE('',#6094,#1100);
#877=LINE('',#6098,#1101);
#878=LINE('',#6100,#1102);
#879=LINE('',#6109,#1103);
#880=LINE('',#6113,#1104);
#881=LINE('',#6114,#1105);
#882=LINE('',#6127,#1106);
#883=LINE('',#6130,#1107);
#884=LINE('',#6134,#1108);
#885=LINE('',#6136,#1109);
#886=LINE('',#6137,#1110);
#887=LINE('',#6235,#1111);
#888=LINE('',#6239,#1112);
#889=LINE('',#6241,#1113);
#890=LINE('',#6313,#1114);
#891=LINE('',#6325,#1115);
#892=LINE('',#6332,#1116);
#893=LINE('',#6339,#1117);
#894=LINE('',#6346,#1118);
#895=LINE('',#6453,#1119);
#896=LINE('',#6489,#1120);
#897=LINE('',#6492,#1121);
#898=LINE('',#6494,#1122);
#899=LINE('',#6495,#1123);
#900=LINE('',#6506,#1124);
#901=LINE('',#6637,#1125);
#902=LINE('',#6643,#1126);
#903=LINE('',#6646,#1127);
#904=LINE('',#6648,#1128);
#905=LINE('',#6649,#1129);
#906=LINE('',#6658,#1130);
#907=LINE('',#6687,#1131);
#908=LINE('',#6695,#1132);
#909=LINE('',#6703,#1133);
#910=LINE('',#6710,#1134);
#911=LINE('',#6713,#1135);
#912=LINE('',#6717,#1136);
#913=LINE('',#6725,#1137);
#914=LINE('',#6727,#1138);
#915=LINE('',#6729,#1139);
#916=LINE('',#6735,#1140);
#917=LINE('',#6765,#1141);
#918=LINE('',#6767,#1142);
#919=LINE('',#6768,#1143);
#920=LINE('',#6843,#1144);
#921=LINE('',#6868,#1145);
#922=LINE('',#6872,#1146);
#923=LINE('',#6889,#1147);
#924=LINE('',#6942,#1148);
#925=LINE('',#6943,#1149);
#926=LINE('',#7029,#1150);
#927=LINE('',#7173,#1151);
#928=LINE('',#7174,#1152);
#929=LINE('',#7215,#1153);
#930=LINE('',#7219,#1154);
#931=LINE('',#7233,#1155);
#932=LINE('',#7235,#1156);
#933=LINE('',#7258,#1157);
#934=LINE('',#7260,#1158);
#935=LINE('',#7855,#1159);
#936=VECTOR('',#3765,3.);
#937=VECTOR('',#3774,1.15);
#938=VECTOR('',#3781,10.);
#939=VECTOR('',#3782,10.);
#940=VECTOR('',#3783,10.);
#941=VECTOR('',#3784,10.);
#942=VECTOR('',#3789,10.);
#943=VECTOR('',#3790,10.);
#944=VECTOR('',#3791,10.);
#945=VECTOR('',#3800,2.5);
#946=VECTOR('',#3803,2.5);
#947=VECTOR('',#3806,2.5);
#948=VECTOR('',#3811,10.);
#949=VECTOR('',#3812,10.);
#950=VECTOR('',#3813,10.);
#951=VECTOR('',#3814,10.);
#952=VECTOR('',#3815,10.);
#953=VECTOR('',#3816,10.);
#954=VECTOR('',#3817,10.);
#955=VECTOR('',#3822,10.);
#956=VECTOR('',#3823,10.);
#957=VECTOR('',#3824,2.5);
#958=VECTOR('',#3829,0.799999999999997);
#959=VECTOR('',#3836,0.800000000000002);
#960=VECTOR('',#3843,0.8);
#961=VECTOR('',#3850,0.8);
#962=VECTOR('',#3855,10.);
#963=VECTOR('',#3858,10.);
#964=VECTOR('',#3865,10.);
#965=VECTOR('',#3868,10.);
#966=VECTOR('',#3871,10.);
#967=VECTOR('',#3872,10.);
#968=VECTOR('',#3875,10.);
#969=VECTOR('',#3876,10.);
#970=VECTOR('',#3879,10.);
#971=VECTOR('',#3882,10.);
#972=VECTOR('',#3883,10.);
#973=VECTOR('',#3884,10.);
#974=VECTOR('',#3885,10.);
#975=VECTOR('',#3886,10.);
#976=VECTOR('',#3887,10.);
#977=VECTOR('',#3888,10.);
#978=VECTOR('',#3889,10.);
#979=VECTOR('',#3892,10.);
#980=VECTOR('',#3895,10.);
#981=VECTOR('',#3898,10.);
#982=VECTOR('',#3901,10.);
#983=VECTOR('',#3904,10.);
#984=VECTOR('',#3907,2.5);
#985=VECTOR('',#3916,10.);
#986=VECTOR('',#3917,10.);
#987=VECTOR('',#3918,10.);
#988=VECTOR('',#3921,10.);
#989=VECTOR('',#3922,10.);
#990=VECTOR('',#3923,10.);
#991=VECTOR('',#3924,10.);
#992=VECTOR('',#3929,10.);
#993=VECTOR('',#3934,10.);
#994=VECTOR('',#3935,10.);
#995=VECTOR('',#3940,10.);
#996=VECTOR('',#3943,10.);
#997=VECTOR('',#3946,10.);
#998=VECTOR('',#3947,10.);
#999=VECTOR('',#3956,3.);
#1000=VECTOR('',#3977,10.);
#1001=VECTOR('',#4000,10.);
#1002=VECTOR('',#4001,10.);
#1003=VECTOR('',#4004,10.);
#1004=VECTOR('',#4005,10.);
#1005=VECTOR('',#4006,10.);
#1006=VECTOR('',#4007,10.);
#1007=VECTOR('',#4012,10.);
#1008=VECTOR('',#4013,10.);
#1009=VECTOR('',#4014,10.);
#1010=VECTOR('',#4015,10.);
#1011=VECTOR('',#4018,10.);
#1012=VECTOR('',#4021,10.);
#1013=VECTOR('',#4042,3.);
#1014=VECTOR('',#4047,2.);
#1015=VECTOR('',#4048,10.);
#1016=VECTOR('',#4053,3.);
#1017=VECTOR('',#4058,10.);
#1018=VECTOR('',#4059,10.);
#1019=VECTOR('',#4060,10.);
#1020=VECTOR('',#4067,10.);
#1021=VECTOR('',#4074,10.);
#1022=VECTOR('',#4075,10.);
#1023=VECTOR('',#4076,10.);
#1024=VECTOR('',#4079,10.);
#1025=VECTOR('',#4080,10.);
#1026=VECTOR('',#4083,10.);
#1027=VECTOR('',#4084,10.);
#1028=VECTOR('',#4087,10.);
#1029=VECTOR('',#4088,10.);
#1030=VECTOR('',#4091,10.);
#1031=VECTOR('',#4092,10.);
#1032=VECTOR('',#4093,10.);
#1033=VECTOR('',#4098,10.);
#1034=VECTOR('',#4099,10.);
#1035=VECTOR('',#4100,10.);
#1036=VECTOR('',#4105,10.);
#1037=VECTOR('',#4106,10.);
#1038=VECTOR('',#4109,10.);
#1039=VECTOR('',#4112,10.);
#1040=VECTOR('',#4115,10.);
#1041=VECTOR('',#4120,10.);
#1042=VECTOR('',#4121,10.);
#1043=VECTOR('',#4124,10.);
#1044=VECTOR('',#4125,10.);
#1045=VECTOR('',#4130,10.);
#1046=VECTOR('',#4135,10.);
#1047=VECTOR('',#4138,10.);
#1048=VECTOR('',#4139,10.);
#1049=VECTOR('',#4140,10.);
#1050=VECTOR('',#4149,10.);
#1051=VECTOR('',#4150,10.);
#1052=VECTOR('',#4151,10.);
#1053=VECTOR('',#4152,10.);
#1054=VECTOR('',#4153,10.);
#1055=VECTOR('',#4154,10.);
#1056=VECTOR('',#4155,10.);
#1057=VECTOR('',#4156,10.);
#1058=VECTOR('',#4157,10.);
#1059=VECTOR('',#4158,10.);
#1060=VECTOR('',#4161,10.);
#1061=VECTOR('',#4162,10.);
#1062=VECTOR('',#4173,0.799999999999999);
#1063=VECTOR('',#4182,0.8);
#1064=VECTOR('',#4191,0.799999999999998);
#1065=VECTOR('',#4200,0.8);
#1066=VECTOR('',#4209,2.);
#1067=VECTOR('',#4218,2.);
#1068=VECTOR('',#4227,2.);
#1069=VECTOR('',#4236,2.);
#1070=VECTOR('',#4243,10.);
#1071=VECTOR('',#4244,10.);
#1072=VECTOR('',#4245,10.);
#1073=VECTOR('',#4248,10.);
#1074=VECTOR('',#4249,10.);
#1075=VECTOR('',#4252,10.);
#1076=VECTOR('',#4253,10.);
#1077=VECTOR('',#4256,10.);
#1078=VECTOR('',#4263,1.3);
#1079=VECTOR('',#4268,10.);
#1080=VECTOR('',#4271,10.);
#1081=VECTOR('',#4276,1.3);
#1082=VECTOR('',#4279,10.);
#1083=VECTOR('',#4282,10.);
#1084=VECTOR('',#4287,10.);
#1085=VECTOR('',#4290,10.);
#1086=VECTOR('',#4291,10.);
#1087=VECTOR('',#4296,1.3);
#1088=VECTOR('',#4299,10.);
#1089=VECTOR('',#4304,10.);
#1090=VECTOR('',#4307,10.);
#1091=VECTOR('',#4310,10.);
#1092=VECTOR('',#4313,10.);
#1093=VECTOR('',#4318,10.);
#1094=VECTOR('',#4325,10.);
#1095=VECTOR('',#4328,10.);
#1096=VECTOR('',#4335,10.);
#1097=VECTOR('',#4340,2.5);
#1098=VECTOR('',#4343,10.);
#1099=VECTOR('',#4344,10.);
#1100=VECTOR('',#4347,10.);
#1101=VECTOR('',#4352,10.);
#1102=VECTOR('',#4353,10.);
#1103=VECTOR('',#4356,10.);
#1104=VECTOR('',#4361,10.);
#1105=VECTOR('',#4362,10.);
#1106=VECTOR('',#4363,10.);
#1107=VECTOR('',#4368,10.);
#1108=VECTOR('',#4373,10.);
#1109=VECTOR('',#4374,10.);
#1110=VECTOR('',#4375,10.);
#1111=VECTOR('',#4376,10.);
#1112=VECTOR('',#4381,10.);
#1113=VECTOR('',#4384,10.);
#1114=VECTOR('',#4385,10.);
#1115=VECTOR('',#4392,1.3);
#1116=VECTOR('',#4401,1.3);
#1117=VECTOR('',#4410,1.3);
#1118=VECTOR('',#4423,10.);
#1119=VECTOR('',#4426,10.);
#1120=VECTOR('',#4427,10.);
#1121=VECTOR('',#4430,10.);
#1122=VECTOR('',#4431,10.);
#1123=VECTOR('',#4432,10.);
#1124=VECTOR('',#4437,10.);
#1125=VECTOR('',#4438,10.);
#1126=VECTOR('',#4445,10.);
#1127=VECTOR('',#4448,10.);
#1128=VECTOR('',#4449,10.);
#1129=VECTOR('',#4450,10.);
#1130=VECTOR('',#4463,3.5);
#1131=VECTOR('',#4474,3.5);
#1132=VECTOR('',#4485,10.);
#1133=VECTOR('',#4486,10.);
#1134=VECTOR('',#4487,10.);
#1135=VECTOR('',#4490,1.75);
#1136=VECTOR('',#4495,1.75);
#1137=VECTOR('',#4504,10.);
#1138=VECTOR('',#4505,10.);
#1139=VECTOR('',#4506,10.);
#1140=VECTOR('',#4513,10.);
#1141=VECTOR('',#4520,10.);
#1142=VECTOR('',#4521,10.);
#1143=VECTOR('',#4522,10.);
#1144=VECTOR('',#4533,10.);
#1145=VECTOR('',#4540,10.);
#1146=VECTOR('',#4545,10.);
#1147=VECTOR('',#4548,10.);
#1148=VECTOR('',#4561,10.);
#1149=VECTOR('',#4562,10.);
#1150=VECTOR('',#4571,10.);
#1151=VECTOR('',#4592,10.);
#1152=VECTOR('',#4593,10.);
#1153=VECTOR('',#4600,10.);
#1154=VECTOR('',#4603,10.);
#1155=VECTOR('',#4608,10.);
#1156=VECTOR('',#4609,10.);
#1157=VECTOR('',#4614,10.);
#1158=VECTOR('',#4617,10.);
#1159=VECTOR('',#4680,10.);
#1160=CIRCLE('',#3411,3.);
#1161=CIRCLE('',#3412,3.);
#1162=CIRCLE('',#3414,1.15);
#1163=CIRCLE('',#3416,1.15);
#1164=CIRCLE('',#3418,2.5);
#1165=CIRCLE('',#3422,5.);
#1166=CIRCLE('',#3423,5.);
#1167=CIRCLE('',#3425,2.5);
#1168=CIRCLE('',#3427,2.5);
#1169=CIRCLE('',#3429,2.5);
#1170=CIRCLE('',#3430,2.5);
#1171=CIRCLE('',#3432,0.799999999999997);
#1172=CIRCLE('',#3433,0.799999999999997);
#1173=CIRCLE('',#3435,0.800000000000002);
#1174=CIRCLE('',#3436,0.800000000000002);
#1175=CIRCLE('',#3438,0.8);
#1176=CIRCLE('',#3439,0.8);
#1177=CIRCLE('',#3441,0.8);
#1178=CIRCLE('',#3442,0.8);
#1179=CIRCLE('',#3444,3.);
#1180=CIRCLE('',#3445,3.);
#1181=CIRCLE('',#3447,3.);
#1182=CIRCLE('',#3448,3.);
#1183=CIRCLE('',#3452,7.5);
#1184=CIRCLE('',#3455,5.);
#1185=CIRCLE('',#3456,5.);
#1186=CIRCLE('',#3459,2.5);
#1187=CIRCLE('',#3460,2.5);
#1188=CIRCLE('',#3462,5.);
#1189=CIRCLE('',#3465,3.);
#1190=CIRCLE('',#3467,5.);
#1191=CIRCLE('',#3470,5.);
#1192=CIRCLE('',#3475,3.);
#1193=CIRCLE('',#3476,3.);
#1194=CIRCLE('',#3477,3.);
#1195=CIRCLE('',#3479,2.);
#1196=CIRCLE('',#3481,2.);
#1197=CIRCLE('',#3482,5.);
#1198=CIRCLE('',#3485,2.);
#1199=CIRCLE('',#3487,2.);
#1200=CIRCLE('',#3488,2.);
#1201=CIRCLE('',#3490,4.99999999999999);
#1202=CIRCLE('',#3492,3.);
#1203=CIRCLE('',#3493,2.00000000000001);
#1204=CIRCLE('',#3494,1.);
#1205=CIRCLE('',#3499,5.);
#1206=CIRCLE('',#3501,13.1044273896816);
#1207=CIRCLE('',#3502,2.);
#1208=CIRCLE('',#3503,3.);
#1209=CIRCLE('',#3504,3.);
#1210=CIRCLE('',#3506,2.);
#1211=CIRCLE('',#3507,3.);
#1212=CIRCLE('',#3508,3.);
#1213=CIRCLE('',#3509,2.);
#1214=CIRCLE('',#3511,3.);
#1215=CIRCLE('',#3513,2.);
#1216=CIRCLE('',#3515,3.);
#1217=CIRCLE('',#3516,3.);
#1218=CIRCLE('',#3520,5.);
#1219=CIRCLE('',#3521,5.);
#1220=CIRCLE('',#3523,21.);
#1221=CIRCLE('',#3530,21.);
#1222=CIRCLE('',#3535,5.);
#1223=CIRCLE('',#3539,3.);
#1224=CIRCLE('',#3540,3.);
#1225=CIRCLE('',#3541,5.);
#1226=CIRCLE('',#3542,41.5208333333333);
#1227=CIRCLE('',#3543,1.3);
#1228=CIRCLE('',#3544,1.3);
#1229=CIRCLE('',#3545,1.3);
#1230=CIRCLE('',#3550,20.);
#1231=CIRCLE('',#3552,0.799999999999999);
#1232=CIRCLE('',#3553,0.799999999999999);
#1233=CIRCLE('',#3556,0.8);
#1234=CIRCLE('',#3557,0.8);
#1235=CIRCLE('',#3560,0.799999999999998);
#1236=CIRCLE('',#3561,0.799999999999998);
#1237=CIRCLE('',#3564,0.8);
#1238=CIRCLE('',#3565,0.8);
#1239=CIRCLE('',#3568,2.);
#1240=CIRCLE('',#3569,2.);
#1241=CIRCLE('',#3572,2.);
#1242=CIRCLE('',#3573,2.);
#1243=CIRCLE('',#3576,2.);
#1244=CIRCLE('',#3577,2.);
#1245=CIRCLE('',#3580,2.);
#1246=CIRCLE('',#3581,2.);
#1247=CIRCLE('',#3589,1.3);
#1248=CIRCLE('',#3591,3.);
#1249=CIRCLE('',#3594,1.3);
#1250=CIRCLE('',#3596,3.);
#1251=CIRCLE('',#3598,5.);
#1252=CIRCLE('',#3601,1.3);
#1253=CIRCLE('',#3603,41.5208333333333);
#1254=CIRCLE('',#3610,5.);
#1255=CIRCLE('',#3613,2.5);
#1256=CIRCLE('',#3614,2.50000000000001);
#1257=CIRCLE('',#3615,2.49999999999997);
#1258=CIRCLE('',#3616,2.5);
#1259=CIRCLE('',#3618,2.5);
#1260=CIRCLE('',#3621,1.);
#1261=CIRCLE('',#3623,19.);
#1262=CIRCLE('',#3631,13.1044273896816);
#1263=CIRCLE('',#3635,1.3);
#1264=CIRCLE('',#3636,1.3);
#1265=CIRCLE('',#3639,1.3);
#1266=CIRCLE('',#3640,1.3);
#1267=CIRCLE('',#3643,1.3);
#1268=CIRCLE('',#3644,1.3);
#1269=CIRCLE('',#3655,7.43663125288917);
#1270=CIRCLE('',#3656,7.43663125288917);
#1271=CIRCLE('',#3659,14.1044273896817);
#1272=CIRCLE('',#3660,14.1044273896817);
#1273=CIRCLE('',#3663,3.5);
#1274=CIRCLE('',#3664,3.5);
#1275=CIRCLE('',#3666,1.75);
#1276=CIRCLE('',#3668,3.5);
#1277=CIRCLE('',#3669,3.5);
#1278=CIRCLE('',#3670,3.5);
#1279=CIRCLE('',#3672,1.75);
#1280=CIRCLE('',#3675,1.75);
#1281=CIRCLE('',#3677,1.75);
#1282=CIRCLE('',#3681,53.0431645881314);
#1283=CIRCLE('',#3685,51.3111137805625);
#1284=CIRCLE('',#3686,51.3111137805625);
#1285=CIRCLE('',#3688,29.8496691413899);
#1286=CIRCLE('',#3691,1.);
#1287=CIRCLE('',#3692,1.);
#1288=CIRCLE('',#3693,0.999999999999997);
#1289=CIRCLE('',#3695,1.);
#1290=CIRCLE('',#3697,21.);
#1291=CIRCLE('',#3698,19.);
#1292=CIRCLE('',#3700,0.999999999999994);
#1293=CIRCLE('',#3703,0.999999999999994);
#1294=CIRCLE('',#3710,0.999999999999996);
#1295=CIRCLE('',#3712,20.);
#1296=CIRCLE('',#3714,1.00000000000001);
#1297=CIRCLE('',#3717,1.);
#1298=CIRCLE('',#3724,19.);
#1299=CIRCLE('',#3728,20.);
#1300=CIRCLE('',#3729,1.00000000000001);
#1301=CIRCLE('',#3732,0.999999999999996);
#1302=CIRCLE('',#3734,0.999999999999996);
#1303=CIRCLE('',#3736,20.);
#1304=CIRCLE('',#3737,1.00000000000002);
#1305=CIRCLE('',#3740,0.999999999999999);
#1306=CIRCLE('',#3742,0.999999999999997);
#1307=CIRCLE('',#3743,0.999999999999998);
#1308=CIRCLE('',#3746,0.999999999999996);
#1309=CIRCLE('',#3747,50.4450883767781);
#1310=CIRCLE('',#3748,1.);
#1311=CIRCLE('',#3750,50.4450883767781);
#1312=CIRCLE('',#3751,0.999999999999999);
#1313=CIRCLE('',#3752,3.00000000000001);
#1314=CIRCLE('',#3754,3.);
#1315=VERTEX_POINT('',#4685);
#1316=VERTEX_POINT('',#4687);
#1317=VERTEX_POINT('',#4691);
#1318=VERTEX_POINT('',#4694);
#1319=VERTEX_POINT('',#4698);
#1320=VERTEX_POINT('',#4699);
#1321=VERTEX_POINT('',#4701);
#1322=VERTEX_POINT('',#4703);
#1323=VERTEX_POINT('',#4705);
#1324=VERTEX_POINT('',#4709);
#1325=VERTEX_POINT('',#4710);
#1326=VERTEX_POINT('',#4712);
#1327=VERTEX_POINT('',#4714);
#1328=VERTEX_POINT('',#4718);
#1329=VERTEX_POINT('',#4728);
#1330=VERTEX_POINT('',#4730);
#1331=VERTEX_POINT('',#4734);
#1332=VERTEX_POINT('',#4738);
#1333=VERTEX_POINT('',#4740);
#1334=VERTEX_POINT('',#4742);
#1335=VERTEX_POINT('',#4744);
#1336=VERTEX_POINT('',#4746);
#1337=VERTEX_POINT('',#4748);
#1338=VERTEX_POINT('',#4750);
#1339=VERTEX_POINT('',#4752);
#1340=VERTEX_POINT('',#4754);
#1341=VERTEX_POINT('',#4756);
#1342=VERTEX_POINT('',#4758);
#1343=VERTEX_POINT('',#4760);
#1344=VERTEX_POINT('',#4765);
#1345=VERTEX_POINT('',#4775);
#1346=VERTEX_POINT('',#4777);
#1347=VERTEX_POINT('',#4781);
#1348=VERTEX_POINT('',#4783);
#1349=VERTEX_POINT('',#4787);
#1350=VERTEX_POINT('',#4789);
#1351=VERTEX_POINT('',#4793);
#1352=VERTEX_POINT('',#4795);
#1353=VERTEX_POINT('',#4799);
#1354=VERTEX_POINT('',#4800);
#1355=VERTEX_POINT('',#4807);
#1356=VERTEX_POINT('',#4809);
#1357=VERTEX_POINT('',#4818);
#1358=VERTEX_POINT('',#4820);
#1359=VERTEX_POINT('',#4824);
#1360=VERTEX_POINT('',#4825);
#1361=VERTEX_POINT('',#4832);
#1362=VERTEX_POINT('',#4834);
#1363=VERTEX_POINT('',#4836);
#1364=VERTEX_POINT('',#4838);
#1365=VERTEX_POINT('',#4855);
#1366=VERTEX_POINT('',#4857);
#1367=VERTEX_POINT('',#4859);
#1368=VERTEX_POINT('',#4861);
#1369=VERTEX_POINT('',#4863);
#1370=VERTEX_POINT('',#4865);
#1371=VERTEX_POINT('',#4867);
#1372=VERTEX_POINT('',#4869);
#1373=VERTEX_POINT('',#4871);
#1374=VERTEX_POINT('',#4875);
#1375=VERTEX_POINT('',#4877);
#1376=VERTEX_POINT('',#4879);
#1377=VERTEX_POINT('',#4881);
#1378=VERTEX_POINT('',#4892);
#1379=VERTEX_POINT('',#4894);
#1380=VERTEX_POINT('',#4896);
#1381=VERTEX_POINT('',#4898);
#1382=VERTEX_POINT('',#4900);
#1383=VERTEX_POINT('',#4919);
#1384=VERTEX_POINT('',#4921);
#1385=VERTEX_POINT('',#4923);
#1386=VERTEX_POINT('',#4945);
#1387=VERTEX_POINT('',#4950);
#1388=VERTEX_POINT('',#4952);
#1389=VERTEX_POINT('',#4954);
#1390=VERTEX_POINT('',#4956);
#1391=VERTEX_POINT('',#4969);
#1392=VERTEX_POINT('',#4975);
#1393=VERTEX_POINT('',#4986);
#1394=VERTEX_POINT('',#4998);
#1395=VERTEX_POINT('',#5000);
#1396=VERTEX_POINT('',#5002);
#1397=VERTEX_POINT('',#5004);
#1398=VERTEX_POINT('',#5006);
#1399=VERTEX_POINT('',#5008);
#1400=VERTEX_POINT('',#5024);
#1401=VERTEX_POINT('',#5026);
#1402=VERTEX_POINT('',#5028);
#1403=VERTEX_POINT('',#5037);
#1404=VERTEX_POINT('',#5053);
#1405=VERTEX_POINT('',#5055);
#1406=VERTEX_POINT('',#5057);
#1407=VERTEX_POINT('',#5084);
#1408=VERTEX_POINT('',#5089);
#1409=VERTEX_POINT('',#5137);
#1410=VERTEX_POINT('',#5138);
#1411=VERTEX_POINT('',#5241);
#1412=VERTEX_POINT('',#5242);
#1413=VERTEX_POINT('',#5251);
#1414=VERTEX_POINT('',#5253);
#1415=VERTEX_POINT('',#5255);
#1416=VERTEX_POINT('',#5266);
#1417=VERTEX_POINT('',#5267);
#1418=VERTEX_POINT('',#5272);
#1419=VERTEX_POINT('',#5274);
#1420=VERTEX_POINT('',#5276);
#1421=VERTEX_POINT('',#5359);
#1422=VERTEX_POINT('',#5361);
#1423=VERTEX_POINT('',#5364);
#1424=VERTEX_POINT('',#5365);
#1425=VERTEX_POINT('',#5406);
#1426=VERTEX_POINT('',#5408);
#1427=VERTEX_POINT('',#5410);
#1428=VERTEX_POINT('',#5499);
#1429=VERTEX_POINT('',#5501);
#1430=VERTEX_POINT('',#5503);
#1431=VERTEX_POINT('',#5505);
#1432=VERTEX_POINT('',#5507);
#1433=VERTEX_POINT('',#5520);
#1434=VERTEX_POINT('',#5522);
#1435=VERTEX_POINT('',#5524);
#1436=VERTEX_POINT('',#5616);
#1437=VERTEX_POINT('',#5620);
#1438=VERTEX_POINT('',#5621);
#1439=VERTEX_POINT('',#5649);
#1440=VERTEX_POINT('',#5654);
#1441=VERTEX_POINT('',#5670);
#1442=VERTEX_POINT('',#5675);
#1443=VERTEX_POINT('',#5677);
#1444=VERTEX_POINT('',#5681);
#1445=VERTEX_POINT('',#5683);
#1446=VERTEX_POINT('',#5685);
#1447=VERTEX_POINT('',#5689);
#1448=VERTEX_POINT('',#5690);
#1449=VERTEX_POINT('',#5692);
#1450=VERTEX_POINT('',#5694);
#1451=VERTEX_POINT('',#5696);
#1452=VERTEX_POINT('',#5699);
#1453=VERTEX_POINT('',#5701);
#1454=VERTEX_POINT('',#5704);
#1455=VERTEX_POINT('',#5708);
#1456=VERTEX_POINT('',#5712);
#1457=VERTEX_POINT('',#5717);
#1458=VERTEX_POINT('',#5718);
#1459=VERTEX_POINT('',#5720);
#1460=VERTEX_POINT('',#5722);
#1461=VERTEX_POINT('',#5724);
#1462=VERTEX_POINT('',#5728);
#1463=VERTEX_POINT('',#5740);
#1464=VERTEX_POINT('',#5744);
#1465=VERTEX_POINT('',#5748);
#1466=VERTEX_POINT('',#5752);
#1467=VERTEX_POINT('',#5754);
#1468=VERTEX_POINT('',#5756);
#1469=VERTEX_POINT('',#5758);
#1470=VERTEX_POINT('',#5760);
#1471=VERTEX_POINT('',#5763);
#1472=VERTEX_POINT('',#5765);
#1473=VERTEX_POINT('',#5768);
#1474=VERTEX_POINT('',#5770);
#1475=VERTEX_POINT('',#5772);
#1476=VERTEX_POINT('',#5775);
#1477=VERTEX_POINT('',#5777);
#1478=VERTEX_POINT('',#5779);
#1479=VERTEX_POINT('',#5781);
#1480=VERTEX_POINT('',#5784);
#1481=VERTEX_POINT('',#5786);
#1482=VERTEX_POINT('',#5788);
#1483=VERTEX_POINT('',#5790);
#1484=VERTEX_POINT('',#5794);
#1485=VERTEX_POINT('',#5798);
#1486=VERTEX_POINT('',#5802);
#1487=VERTEX_POINT('',#5804);
#1488=VERTEX_POINT('',#5809);
#1489=VERTEX_POINT('',#5811);
#1490=VERTEX_POINT('',#5816);
#1491=VERTEX_POINT('',#5818);
#1492=VERTEX_POINT('',#5823);
#1493=VERTEX_POINT('',#5825);
#1494=VERTEX_POINT('',#5830);
#1495=VERTEX_POINT('',#5832);
#1496=VERTEX_POINT('',#5837);
#1497=VERTEX_POINT('',#5839);
#1498=VERTEX_POINT('',#5844);
#1499=VERTEX_POINT('',#5846);
#1500=VERTEX_POINT('',#5851);
#1501=VERTEX_POINT('',#5853);
#1502=VERTEX_POINT('',#5858);
#1503=VERTEX_POINT('',#5860);
#1504=VERTEX_POINT('',#5864);
#1505=VERTEX_POINT('',#5868);
#1506=VERTEX_POINT('',#5875);
#1507=VERTEX_POINT('',#5879);
#1508=VERTEX_POINT('',#5885);
#1509=VERTEX_POINT('',#5889);
#1510=VERTEX_POINT('',#5891);
#1511=VERTEX_POINT('',#5895);
#1512=VERTEX_POINT('',#5899);
#1513=VERTEX_POINT('',#5903);
#1514=VERTEX_POINT('',#5907);
#1515=VERTEX_POINT('',#5917);
#1516=VERTEX_POINT('',#5921);
#1517=VERTEX_POINT('',#5977);
#1518=VERTEX_POINT('',#5979);
#1519=VERTEX_POINT('',#5981);
#1520=VERTEX_POINT('',#6013);
#1521=VERTEX_POINT('',#6035);
#1522=VERTEX_POINT('',#6036);
#1523=VERTEX_POINT('',#6044);
#1524=VERTEX_POINT('',#6093);
#1525=VERTEX_POINT('',#6097);
#1526=VERTEX_POINT('',#6099);
#1527=VERTEX_POINT('',#6108);
#1528=VERTEX_POINT('',#6112);
#1529=VERTEX_POINT('',#6121);
#1530=VERTEX_POINT('',#6126);
#1531=VERTEX_POINT('',#6133);
#1532=VERTEX_POINT('',#6135);
#1533=VERTEX_POINT('',#6202);
#1534=VERTEX_POINT('',#6237);
#1535=VERTEX_POINT('',#6296);
#1536=VERTEX_POINT('',#6322);
#1537=VERTEX_POINT('',#6324);
#1538=VERTEX_POINT('',#6329);
#1539=VERTEX_POINT('',#6331);
#1540=VERTEX_POINT('',#6336);
#1541=VERTEX_POINT('',#6338);
#1542=VERTEX_POINT('',#6416);
#1543=VERTEX_POINT('',#6417);
#1544=VERTEX_POINT('',#6452);
#1545=VERTEX_POINT('',#6454);
#1546=VERTEX_POINT('',#6491);
#1547=VERTEX_POINT('',#6493);
#1548=VERTEX_POINT('',#6502);
#1549=VERTEX_POINT('',#6504);
#1550=VERTEX_POINT('',#6571);
#1551=VERTEX_POINT('',#6604);
#1552=VERTEX_POINT('',#6639);
#1553=VERTEX_POINT('',#6641);
#1554=VERTEX_POINT('',#6645);
#1555=VERTEX_POINT('',#6647);
#1556=VERTEX_POINT('',#6655);
#1557=VERTEX_POINT('',#6657);
#1558=VERTEX_POINT('',#6661);
#1559=VERTEX_POINT('',#6664);
#1560=VERTEX_POINT('',#6665);
#1561=VERTEX_POINT('',#6684);
#1562=VERTEX_POINT('',#6686);
#1563=VERTEX_POINT('',#6691);
#1564=VERTEX_POINT('',#6694);
#1565=VERTEX_POINT('',#6696);
#1566=VERTEX_POINT('',#6702);
#1567=VERTEX_POINT('',#6704);
#1568=VERTEX_POINT('',#6712);
#1569=VERTEX_POINT('',#6716);
#1570=VERTEX_POINT('',#6720);
#1571=VERTEX_POINT('',#6722);
#1572=VERTEX_POINT('',#6724);
#1573=VERTEX_POINT('',#6726);
#1574=VERTEX_POINT('',#6728);
#1575=VERTEX_POINT('',#6732);
#1576=VERTEX_POINT('',#6733);
#1577=VERTEX_POINT('',#6736);
#1578=VERTEX_POINT('',#6752);
#1579=VERTEX_POINT('',#6753);
#1580=VERTEX_POINT('',#6755);
#1581=VERTEX_POINT('',#6757);
#1582=VERTEX_POINT('',#6764);
#1583=VERTEX_POINT('',#6766);
#1584=VERTEX_POINT('',#6769);
#1585=VERTEX_POINT('',#6783);
#1586=VERTEX_POINT('',#6790);
#1587=VERTEX_POINT('',#6799);
#1588=VERTEX_POINT('',#6813);
#1589=VERTEX_POINT('',#6829);
#1590=VERTEX_POINT('',#6840);
#1591=VERTEX_POINT('',#6842);
#1592=VERTEX_POINT('',#6867);
#1593=VERTEX_POINT('',#6871);
#1594=VERTEX_POINT('',#6873);
#1595=VERTEX_POINT('',#6875);
#1596=VERTEX_POINT('',#6888);
#1597=VERTEX_POINT('',#6926);
#1598=VERTEX_POINT('',#6933);
#1599=VERTEX_POINT('',#6935);
#1600=VERTEX_POINT('',#6939);
#1601=VERTEX_POINT('',#6940);
#1602=VERTEX_POINT('',#6986);
#1603=VERTEX_POINT('',#7000);
#1604=VERTEX_POINT('',#7005);
#1605=VERTEX_POINT('',#7018);
#1606=VERTEX_POINT('',#7026);
#1607=VERTEX_POINT('',#7028);
#1608=VERTEX_POINT('',#7030);
#1609=VERTEX_POINT('',#7045);
#1610=VERTEX_POINT('',#7131);
#1611=VERTEX_POINT('',#7132);
#1612=VERTEX_POINT('',#7155);
#1613=VERTEX_POINT('',#7157);
#1614=VERTEX_POINT('',#7159);
#1615=VERTEX_POINT('',#7170);
#1616=VERTEX_POINT('',#7171);
#1617=VERTEX_POINT('',#7214);
#1618=VERTEX_POINT('',#7216);
#1619=VERTEX_POINT('',#7218);
#1620=VERTEX_POINT('',#7220);
#1621=VERTEX_POINT('',#7234);
#1622=VERTEX_POINT('',#7236);
#1623=VERTEX_POINT('',#7262);
#1624=VERTEX_POINT('',#7327);
#1625=VERTEX_POINT('',#7525);
#1626=VERTEX_POINT('',#7570);
#1627=VERTEX_POINT('',#7651);
#1628=VERTEX_POINT('',#7669);
#1629=VERTEX_POINT('',#7671);
#1630=VERTEX_POINT('',#7758);
#1631=VERTEX_POINT('',#7785);
#1632=EDGE_CURVE('',#1315,#1315,#1160,.T.);
#1633=EDGE_CURVE('',#1315,#1316,#712,.T.);
#1634=EDGE_CURVE('',#1316,#1316,#1161,.T.);
#1635=EDGE_CURVE('',#1317,#1317,#1162,.T.);
#1636=EDGE_CURVE('',#1317,#1318,#713,.T.);
#1637=EDGE_CURVE('',#1318,#1318,#1163,.T.);
#1638=EDGE_CURVE('',#1319,#1320,#1164,.T.);
#1639=EDGE_CURVE('',#1321,#1319,#714,.T.);
#1640=EDGE_CURVE('',#1321,#1322,#715,.T.);
#1641=EDGE_CURVE('',#1323,#1322,#716,.T.);
#1642=EDGE_CURVE('',#1320,#1323,#717,.T.);
#1643=EDGE_CURVE('',#1324,#1325,#147,.T.);
#1644=EDGE_CURVE('',#1326,#1324,#718,.T.);
#1645=EDGE_CURVE('',#1327,#1326,#719,.T.);
#1646=EDGE_CURVE('',#1325,#1327,#720,.T.);
#1647=EDGE_CURVE('',#1325,#1328,#67,.T.);
#1648=EDGE_CURVE('',#1322,#1327,#1165,.T.);
#1649=EDGE_CURVE('',#1328,#1321,#1166,.T.);
#1650=EDGE_CURVE('',#1320,#1329,#721,.T.);
#1651=EDGE_CURVE('',#1330,#1329,#1167,.T.);
#1652=EDGE_CURVE('',#1330,#1319,#722,.T.);
#1653=EDGE_CURVE('',#1328,#1331,#723,.T.);
#1654=EDGE_CURVE('',#1324,#1331,#1168,.T.);
#1655=EDGE_CURVE('',#1332,#1330,#724,.T.);
#1656=EDGE_CURVE('',#1332,#1333,#725,.T.);
#1657=EDGE_CURVE('',#1333,#1334,#726,.T.);
#1658=EDGE_CURVE('',#1334,#1335,#727,.T.);
#1659=EDGE_CURVE('',#1336,#1335,#728,.T.);
#1660=EDGE_CURVE('',#1337,#1336,#729,.T.);
#1661=EDGE_CURVE('',#1338,#1337,#730,.T.);
#1662=EDGE_CURVE('',#1338,#1339,#1169,.T.);
#1663=EDGE_CURVE('',#1339,#1340,#1170,.T.);
#1664=EDGE_CURVE('',#1341,#1340,#731,.T.);
#1665=EDGE_CURVE('',#1342,#1341,#732,.T.);
#1666=EDGE_CURVE('',#1343,#1342,#68,.T.);
#1667=EDGE_CURVE('',#1344,#1343,#733,.T.);
#1668=EDGE_CURVE('',#1331,#1344,#69,.T.);
#1669=EDGE_CURVE('',#1345,#1345,#1171,.T.);
#1670=EDGE_CURVE('',#1345,#1346,#734,.T.);
#1671=EDGE_CURVE('',#1346,#1346,#1172,.T.);
#1672=EDGE_CURVE('',#1347,#1347,#1173,.T.);
#1673=EDGE_CURVE('',#1347,#1348,#735,.T.);
#1674=EDGE_CURVE('',#1348,#1348,#1174,.T.);
#1675=EDGE_CURVE('',#1349,#1349,#1175,.T.);
#1676=EDGE_CURVE('',#1349,#1350,#736,.T.);
#1677=EDGE_CURVE('',#1350,#1350,#1176,.T.);
#1678=EDGE_CURVE('',#1351,#1351,#1177,.T.);
#1679=EDGE_CURVE('',#1351,#1352,#737,.T.);
#1680=EDGE_CURVE('',#1352,#1352,#1178,.T.);
#1681=EDGE_CURVE('',#1353,#1354,#70,.T.);
#1682=EDGE_CURVE('',#1353,#1355,#738,.T.);
#1683=EDGE_CURVE('',#1356,#1355,#71,.T.);
#1684=EDGE_CURVE('',#1357,#1356,#1179,.T.);
#1685=EDGE_CURVE('',#1358,#1357,#739,.T.);
#1686=EDGE_CURVE('',#1354,#1358,#1180,.T.);
#1687=EDGE_CURVE('',#1359,#1360,#72,.T.);
#1688=EDGE_CURVE('',#1361,#1359,#1181,.T.);
#1689=EDGE_CURVE('',#1361,#1362,#740,.T.);
#1690=EDGE_CURVE('',#1363,#1362,#1182,.T.);
#1691=EDGE_CURVE('',#1364,#1363,#73,.T.);
#1692=EDGE_CURVE('',#1360,#1364,#741,.T.);
#1693=EDGE_CURVE('',#1362,#1357,#742,.T.);
#1694=EDGE_CURVE('',#1358,#1361,#743,.T.);
#1695=EDGE_CURVE('',#1360,#1353,#744,.T.);
#1696=EDGE_CURVE('',#1355,#1364,#745,.T.);
#1697=EDGE_CURVE('',#1365,#1359,#746,.T.);
#1698=EDGE_CURVE('',#1366,#1365,#1183,.T.);
#1699=EDGE_CURVE('',#1367,#1366,#747,.T.);
#1700=EDGE_CURVE('',#1367,#1368,#748,.T.);
#1701=EDGE_CURVE('',#1369,#1368,#749,.T.);
#1702=EDGE_CURVE('',#1370,#1369,#750,.T.);
#1703=EDGE_CURVE('',#1371,#1370,#751,.T.);
#1704=EDGE_CURVE('',#1372,#1371,#752,.T.);
#1705=EDGE_CURVE('',#1373,#1372,#753,.T.);
#1706=EDGE_CURVE('',#1354,#1373,#754,.T.);
#1707=EDGE_CURVE('',#1363,#1374,#755,.T.);
#1708=EDGE_CURVE('',#1374,#1375,#148,.T.);
#1709=EDGE_CURVE('',#1375,#1376,#756,.T.);
#1710=EDGE_CURVE('',#1377,#1376,#74,.T.);
#1711=EDGE_CURVE('',#1377,#1378,#1184,.T.);
#1712=EDGE_CURVE('',#1378,#1379,#757,.T.);
#1713=EDGE_CURVE('',#1379,#1380,#1185,.T.);
#1714=EDGE_CURVE('',#1380,#1381,#758,.T.);
#1715=EDGE_CURVE('',#1381,#1382,#149,.T.);
#1716=EDGE_CURVE('',#1382,#1356,#759,.T.);
#1717=EDGE_CURVE('',#1340,#1338,#75,.T.);
#1718=EDGE_CURVE('',#1339,#1383,#760,.T.);
#1719=EDGE_CURVE('',#1384,#1383,#1186,.T.);
#1720=EDGE_CURVE('',#1385,#1384,#76,.T.);
#1721=EDGE_CURVE('',#1383,#1385,#1187,.T.);
#1722=EDGE_CURVE('',#1335,#1372,#1188,.T.);
#1723=EDGE_CURVE('',#1334,#1386,#761,.T.);
#1724=EDGE_CURVE('',#1380,#1386,#762,.T.);
#1725=EDGE_CURVE('',#1379,#1372,#763,.T.);
#1726=EDGE_CURVE('',#1386,#1387,#764,.T.);
#1727=EDGE_CURVE('',#1333,#1388,#765,.T.);
#1728=EDGE_CURVE('',#1388,#1389,#766,.T.);
#1729=EDGE_CURVE('',#1390,#1389,#767,.T.);
#1730=EDGE_CURVE('',#1387,#1390,#77,.T.);
#1731=EDGE_CURVE('',#1389,#1391,#1189,.T.);
#1732=EDGE_CURVE('',#1391,#1388,#768,.T.);
#1733=EDGE_CURVE('',#1373,#1332,#1190,.T.);
#1734=EDGE_CURVE('',#1373,#1378,#769,.T.);
#1735=EDGE_CURVE('',#1392,#1377,#78,.T.);
#1736=EDGE_CURVE('',#1393,#1392,#79,.T.);
#1737=EDGE_CURVE('',#1391,#1393,#770,.T.);
#1738=EDGE_CURVE('',#1384,#1394,#771,.T.);
#1739=EDGE_CURVE('',#1395,#1394,#1191,.T.);
#1740=EDGE_CURVE('',#1395,#1396,#772,.T.);
#1741=EDGE_CURVE('',#1396,#1397,#150,.T.);
#1742=EDGE_CURVE('',#1397,#1398,#773,.T.);
#1743=EDGE_CURVE('',#1399,#1398,#80,.T.);
#1744=EDGE_CURVE('',#1399,#1385,#774,.T.);
#1745=EDGE_CURVE('',#1336,#1371,#151,.T.);
#1746=EDGE_CURVE('',#1400,#1400,#1192,.T.);
#1747=EDGE_CURVE('',#1400,#1401,#775,.T.);
#1748=EDGE_CURVE('',#1402,#1401,#81,.T.);
#1749=EDGE_CURVE('',#1390,#1402,#1193,.T.);
#1750=EDGE_CURVE('',#1403,#1393,#1194,.T.);
#1751=EDGE_CURVE('',#1401,#1403,#82,.T.);
#1752=EDGE_CURVE('',#1392,#1403,#1195,.T.);
#1753=EDGE_CURVE('',#1402,#1376,#1196,.T.);
#1754=EDGE_CURVE('',#1376,#1387,#1197,.T.);
#1755=EDGE_CURVE('',#1367,#1404,#152,.F.);
#1756=EDGE_CURVE('',#1366,#1405,#1198,.T.);
#1757=EDGE_CURVE('',#1405,#1406,#776,.T.);
#1758=EDGE_CURVE('',#1404,#1406,#153,.F.);
#1759=EDGE_CURVE('',#1366,#1407,#83,.T.);
#1760=EDGE_CURVE('',#1407,#1408,#1199,.T.);
#1761=EDGE_CURVE('',#1408,#1405,#84,.T.);
#1762=EDGE_CURVE('',#1409,#1410,#1200,.T.);
#1763=EDGE_CURVE('',#1410,#1408,#85,.T.);
#1764=EDGE_CURVE('',#1407,#1409,#86,.T.);
#1765=EDGE_CURVE('',#1409,#1329,#87,.T.);
#1766=EDGE_CURVE('',#1329,#1410,#88,.T.);
#1767=EDGE_CURVE('',#1365,#1330,#1201,.T.);
#1768=EDGE_CURVE('',#1411,#1412,#89,.F.);
#1769=EDGE_CURVE('',#1411,#1413,#1202,.T.);
#1770=EDGE_CURVE('',#1413,#1414,#1203,.T.);
#1771=EDGE_CURVE('',#1414,#1415,#1204,.T.);
#1772=EDGE_CURVE('',#1415,#1412,#90,.T.);
#1773=EDGE_CURVE('',#1416,#1417,#154,.T.);
#1774=EDGE_CURVE('',#1417,#1414,#777,.T.);
#1775=EDGE_CURVE('',#1413,#1416,#778,.T.);
#1776=EDGE_CURVE('',#1411,#1418,#779,.T.);
#1777=EDGE_CURVE('',#1418,#1419,#780,.T.);
#1778=EDGE_CURVE('',#1419,#1420,#781,.T.);
#1779=EDGE_CURVE('',#1420,#1416,#782,.T.);
#1780=EDGE_CURVE('',#1398,#1399,#1205,.T.);
#1781=EDGE_CURVE('',#1381,#1397,#783,.T.);
#1782=EDGE_CURVE('',#1421,#1375,#784,.T.);
#1783=EDGE_CURVE('',#1422,#1421,#785,.T.);
#1784=EDGE_CURVE('',#1394,#1422,#786,.T.);
#1785=EDGE_CURVE('',#1423,#1424,#91,.T.);
#1786=EDGE_CURVE('',#1424,#1425,#155,.T.);
#1787=EDGE_CURVE('',#1425,#1426,#787,.T.);
#1788=EDGE_CURVE('',#1426,#1427,#92,.T.);
#1789=EDGE_CURVE('',#1427,#1428,#1206,.T.);
#1790=EDGE_CURVE('',#1428,#1429,#788,.T.);
#1791=EDGE_CURVE('',#1430,#1429,#1207,.T.);
#1792=EDGE_CURVE('',#1430,#1431,#1208,.T.);
#1793=EDGE_CURVE('',#1431,#1432,#1209,.T.);
#1794=EDGE_CURVE('',#1423,#1432,#93,.T.);
#1795=EDGE_CURVE('',#1399,#1433,#1210,.T.);
#1796=EDGE_CURVE('',#1433,#1434,#1211,.T.);
#1797=EDGE_CURVE('',#1434,#1435,#1212,.T.);
#1798=EDGE_CURVE('',#1435,#1398,#1213,.T.);
#1799=EDGE_CURVE('',#1435,#1433,#94,.T.);
#1800=EDGE_CURVE('',#1436,#1436,#1214,.T.);
#1801=EDGE_CURVE('',#1436,#1434,#789,.T.);
#1802=EDGE_CURVE('',#1437,#1438,#1215,.F.);
#1803=EDGE_CURVE('',#1437,#1430,#790,.T.);
#1804=EDGE_CURVE('',#1438,#1429,#791,.T.);
#1805=EDGE_CURVE('',#1432,#1439,#95,.T.);
#1806=EDGE_CURVE('',#1439,#1440,#96,.T.);
#1807=EDGE_CURVE('',#1440,#1423,#97,.T.);
#1808=EDGE_CURVE('',#1441,#1441,#1216,.T.);
#1809=EDGE_CURVE('',#1441,#1431,#792,.T.);
#1810=EDGE_CURVE('',#1439,#1437,#1217,.T.);
#1811=EDGE_CURVE('',#1417,#1442,#793,.T.);
#1812=EDGE_CURVE('',#1443,#1442,#794,.T.);
#1813=EDGE_CURVE('',#1414,#1443,#795,.T.);
#1814=EDGE_CURVE('',#1444,#1420,#156,.T.);
#1815=EDGE_CURVE('',#1445,#1419,#1218,.T.);
#1816=EDGE_CURVE('',#1446,#1445,#796,.T.);
#1817=EDGE_CURVE('',#1444,#1446,#1219,.T.);
#1818=EDGE_CURVE('',#1447,#1448,#1220,.T.);
#1819=EDGE_CURVE('',#1449,#1447,#797,.T.);
#1820=EDGE_CURVE('',#1450,#1449,#798,.T.);
#1821=EDGE_CURVE('',#1451,#1450,#799,.T.);
#1822=EDGE_CURVE('',#1442,#1451,#157,.T.);
#1823=EDGE_CURVE('',#1452,#1444,#800,.T.);
#1824=EDGE_CURVE('',#1453,#1452,#801,.T.);
#1825=EDGE_CURVE('',#1421,#1453,#158,.T.);
#1826=EDGE_CURVE('',#1421,#1454,#802,.T.);
#1827=EDGE_CURVE('',#1448,#1454,#803,.T.);
#1828=EDGE_CURVE('',#1375,#1455,#804,.T.);
#1829=EDGE_CURVE('',#1455,#1454,#805,.T.);
#1830=EDGE_CURVE('',#1456,#1406,#806,.T.);
#1831=EDGE_CURVE('',#1456,#1448,#807,.T.);
#1832=EDGE_CURVE('',#1455,#1404,#808,.T.);
#1833=EDGE_CURVE('',#1457,#1458,#159,.T.);
#1834=EDGE_CURVE('',#1459,#1457,#809,.T.);
#1835=EDGE_CURVE('',#1460,#1459,#810,.T.);
#1836=EDGE_CURVE('',#1461,#1460,#811,.T.);
#1837=EDGE_CURVE('',#1458,#1461,#1221,.T.);
#1838=EDGE_CURVE('',#1462,#1374,#812,.T.);
#1839=EDGE_CURVE('',#1368,#1462,#813,.T.);
#1840=EDGE_CURVE('',#1458,#1456,#98,.T.);
#1841=EDGE_CURVE('',#1461,#1447,#814,.T.);
#1842=EDGE_CURVE('',#1449,#1460,#815,.T.);
#1843=EDGE_CURVE('',#1453,#1463,#816,.T.);
#1844=EDGE_CURVE('',#1422,#1463,#1222,.T.);
#1845=EDGE_CURVE('',#1464,#1382,#817,.T.);
#1846=EDGE_CURVE('',#1462,#1464,#818,.T.);
#1847=EDGE_CURVE('',#1465,#1452,#819,.T.);
#1848=EDGE_CURVE('',#1465,#1463,#820,.T.);
#1849=EDGE_CURVE('',#1446,#1466,#1223,.T.);
#1850=EDGE_CURVE('',#1466,#1467,#821,.T.);
#1851=EDGE_CURVE('',#1467,#1468,#1224,.T.);
#1852=EDGE_CURVE('',#1468,#1469,#1225,.T.);
#1853=EDGE_CURVE('',#1469,#1470,#822,.T.);
#1854=EDGE_CURVE('',#1470,#1369,#1226,.T.);
#1855=EDGE_CURVE('',#1464,#1471,#823,.T.);
#1856=EDGE_CURVE('',#1471,#1472,#824,.T.);
#1857=EDGE_CURVE('',#1472,#1465,#825,.T.);
#1858=EDGE_CURVE('',#1473,#1473,#1227,.T.);
#1859=EDGE_CURVE('',#1474,#1474,#1228,.T.);
#1860=EDGE_CURVE('',#1475,#1475,#1229,.T.);
#1861=EDGE_CURVE('',#1476,#1457,#826,.T.);
#1862=EDGE_CURVE('',#1477,#1476,#827,.T.);
#1863=EDGE_CURVE('',#1478,#1477,#828,.T.);
#1864=EDGE_CURVE('',#1479,#1478,#829,.T.);
#1865=EDGE_CURVE('',#1451,#1479,#830,.T.);
#1866=EDGE_CURVE('',#1450,#1480,#831,.T.);
#1867=EDGE_CURVE('',#1480,#1481,#832,.T.);
#1868=EDGE_CURVE('',#1481,#1482,#833,.T.);
#1869=EDGE_CURVE('',#1482,#1483,#834,.T.);
#1870=EDGE_CURVE('',#1483,#1459,#835,.T.);
#1871=EDGE_CURVE('',#1484,#1408,#836,.F.);
#1872=EDGE_CURVE('',#1456,#1484,#837,.T.);
#1873=EDGE_CURVE('',#1485,#1479,#160,.T.);
#1874=EDGE_CURVE('',#1443,#1485,#1230,.T.);
#1875=EDGE_CURVE('',#1486,#1486,#1231,.T.);
#1876=EDGE_CURVE('',#1486,#1487,#838,.T.);
#1877=EDGE_CURVE('',#1487,#1487,#1232,.T.);
#1878=EDGE_CURVE('',#1488,#1488,#1233,.T.);
#1879=EDGE_CURVE('',#1488,#1489,#839,.T.);
#1880=EDGE_CURVE('',#1489,#1489,#1234,.T.);
#1881=EDGE_CURVE('',#1490,#1490,#1235,.T.);
#1882=EDGE_CURVE('',#1490,#1491,#840,.T.);
#1883=EDGE_CURVE('',#1491,#1491,#1236,.T.);
#1884=EDGE_CURVE('',#1492,#1492,#1237,.T.);
#1885=EDGE_CURVE('',#1492,#1493,#841,.T.);
#1886=EDGE_CURVE('',#1493,#1493,#1238,.T.);
#1887=EDGE_CURVE('',#1494,#1494,#1239,.T.);
#1888=EDGE_CURVE('',#1494,#1495,#842,.T.);
#1889=EDGE_CURVE('',#1495,#1495,#1240,.T.);
#1890=EDGE_CURVE('',#1496,#1496,#1241,.T.);
#1891=EDGE_CURVE('',#1496,#1497,#843,.T.);
#1892=EDGE_CURVE('',#1497,#1497,#1242,.T.);
#1893=EDGE_CURVE('',#1498,#1498,#1243,.T.);
#1894=EDGE_CURVE('',#1498,#1499,#844,.T.);
#1895=EDGE_CURVE('',#1499,#1499,#1244,.T.);
#1896=EDGE_CURVE('',#1500,#1500,#1245,.T.);
#1897=EDGE_CURVE('',#1500,#1501,#845,.T.);
#1898=EDGE_CURVE('',#1501,#1501,#1246,.T.);
#1899=EDGE_CURVE('',#1483,#1502,#846,.T.);
#1900=EDGE_CURVE('',#1502,#1503,#847,.T.);
#1901=EDGE_CURVE('',#1480,#1503,#848,.T.);
#1902=EDGE_CURVE('',#1482,#1504,#849,.T.);
#1903=EDGE_CURVE('',#1504,#1502,#850,.T.);
#1904=EDGE_CURVE('',#1481,#1505,#851,.T.);
#1905=EDGE_CURVE('',#1505,#1504,#852,.T.);
#1906=EDGE_CURVE('',#1503,#1505,#853,.T.);
#1907=EDGE_CURVE('',#1506,#1506,#1247,.T.);
#1908=EDGE_CURVE('',#1506,#1475,#854,.T.);
#1909=EDGE_CURVE('',#1507,#1445,#1248,.T.);
#1910=EDGE_CURVE('',#1466,#1507,#855,.T.);
#1911=EDGE_CURVE('',#1418,#1507,#856,.T.);
#1912=EDGE_CURVE('',#1508,#1508,#1249,.T.);
#1913=EDGE_CURVE('',#1508,#1474,#857,.T.);
#1914=EDGE_CURVE('',#1467,#1509,#858,.T.);
#1915=EDGE_CURVE('',#1510,#1509,#1250,.T.);
#1916=EDGE_CURVE('',#1468,#1510,#859,.T.);
#1917=EDGE_CURVE('',#1511,#1510,#1251,.T.);
#1918=EDGE_CURVE('',#1511,#1469,#860,.T.);
#1919=EDGE_CURVE('',#1509,#1512,#861,.T.);
#1920=EDGE_CURVE('',#1511,#1512,#862,.T.);
#1921=EDGE_CURVE('',#1513,#1513,#1252,.T.);
#1922=EDGE_CURVE('',#1513,#1473,#863,.T.);
#1923=EDGE_CURVE('',#1514,#1470,#864,.T.);
#1924=EDGE_CURVE('',#1370,#1514,#1253,.T.);
#1925=EDGE_CURVE('',#1370,#1514,#865,.T.);
#1926=EDGE_CURVE('',#1396,#1382,#866,.T.);
#1927=EDGE_CURVE('',#1472,#1395,#867,.T.);
#1928=EDGE_CURVE('',#1371,#1515,#868,.T.);
#1929=EDGE_CURVE('',#1515,#1337,#161,.T.);
#1930=EDGE_CURVE('',#1515,#1516,#869,.T.);
#1931=EDGE_CURVE('',#1516,#1341,#1254,.T.);
#1932=EDGE_CURVE('',#1515,#1514,#870,.T.);
#1933=EDGE_CURVE('',#1517,#1342,#1255,.T.);
#1934=EDGE_CURVE('',#1518,#1342,#871,.T.);
#1935=EDGE_CURVE('',#1518,#1519,#1256,.T.);
#1936=EDGE_CURVE('',#1519,#1517,#99,.T.);
#1937=EDGE_CURVE('',#1520,#1343,#1257,.T.);
#1938=EDGE_CURVE('',#1517,#1520,#100,.T.);
#1939=EDGE_CURVE('',#1521,#1522,#1258,.T.);
#1940=EDGE_CURVE('',#1522,#1519,#101,.T.);
#1941=EDGE_CURVE('',#1521,#1518,#872,.T.);
#1942=EDGE_CURVE('',#1523,#1344,#1259,.T.);
#1943=EDGE_CURVE('',#1520,#1523,#873,.T.);
#1944=EDGE_CURVE('',#1522,#1415,#874,.T.);
#1945=EDGE_CURVE('',#1412,#1521,#875,.T.);
#1946=EDGE_CURVE('',#1523,#1324,#102,.T.);
#1947=EDGE_CURVE('',#1410,#1524,#876,.T.);
#1948=EDGE_CURVE('',#1524,#1484,#1260,.T.);
#1949=EDGE_CURVE('',#1525,#1323,#877,.T.);
#1950=EDGE_CURVE('',#1525,#1526,#878,.T.);
#1951=EDGE_CURVE('',#1524,#1526,#1261,.T.);
#1952=EDGE_CURVE('',#1527,#1523,#879,.T.);
#1953=EDGE_CURVE('',#1326,#1527,#162,.T.);
#1954=EDGE_CURVE('',#1528,#1520,#880,.T.);
#1955=EDGE_CURVE('',#1528,#1527,#881,.T.);
#1956=EDGE_CURVE('',#1529,#1519,#103,.T.);
#1957=EDGE_CURVE('',#1530,#1529,#882,.T.);
#1958=EDGE_CURVE('',#1528,#1530,#163,.T.);
#1959=EDGE_CURVE('',#1471,#1396,#883,.T.);
#1960=EDGE_CURVE('',#1531,#1425,#884,.T.);
#1961=EDGE_CURVE('',#1532,#1531,#885,.T.);
#1962=EDGE_CURVE('',#1532,#1426,#886,.T.);
#1963=EDGE_CURVE('',#1533,#1532,#104,.T.);
#1964=EDGE_CURVE('',#1533,#1427,#887,.T.);
#1965=EDGE_CURVE('',#1534,#1533,#1262,.T.);
#1966=EDGE_CURVE('',#1534,#1428,#888,.T.);
#1967=EDGE_CURVE('',#1438,#1534,#889,.T.);
#1968=EDGE_CURVE('',#1535,#1440,#105,.T.);
#1969=EDGE_CURVE('',#1535,#1424,#890,.T.);
#1970=EDGE_CURVE('',#1531,#1535,#164,.T.);
#1971=EDGE_CURVE('',#1536,#1536,#1263,.T.);
#1972=EDGE_CURVE('',#1536,#1537,#891,.T.);
#1973=EDGE_CURVE('',#1537,#1537,#1264,.T.);
#1974=EDGE_CURVE('',#1538,#1538,#1265,.T.);
#1975=EDGE_CURVE('',#1538,#1539,#892,.T.);
#1976=EDGE_CURVE('',#1539,#1539,#1266,.T.);
#1977=EDGE_CURVE('',#1540,#1540,#1267,.T.);
#1978=EDGE_CURVE('',#1540,#1541,#893,.T.);
#1979=EDGE_CURVE('',#1541,#1541,#1268,.T.);
#1980=EDGE_CURVE('',#1516,#1512,#894,.T.);
#1981=EDGE_CURVE('',#1542,#1543,#106,.T.);
#1982=EDGE_CURVE('',#1542,#1544,#895,.T.);
#1983=EDGE_CURVE('',#1545,#1544,#107,.T.);
#1984=EDGE_CURVE('',#1543,#1545,#896,.T.);
#1985=EDGE_CURVE('',#1543,#1546,#897,.T.);
#1986=EDGE_CURVE('',#1547,#1545,#898,.T.);
#1987=EDGE_CURVE('',#1546,#1547,#899,.T.);
#1988=EDGE_CURVE('',#1546,#1548,#165,.T.);
#1989=EDGE_CURVE('',#1549,#1547,#166,.T.);
#1990=EDGE_CURVE('',#1548,#1549,#900,.T.);
#1991=EDGE_CURVE('',#1548,#1550,#108,.T.);
#1992=EDGE_CURVE('',#1551,#1549,#109,.T.);
#1993=EDGE_CURVE('',#1550,#1551,#901,.T.);
#1994=EDGE_CURVE('',#1550,#1552,#1269,.T.);
#1995=EDGE_CURVE('',#1553,#1551,#1270,.T.);
#1996=EDGE_CURVE('',#1552,#1553,#902,.T.);
#1997=EDGE_CURVE('',#1552,#1554,#903,.T.);
#1998=EDGE_CURVE('',#1555,#1553,#904,.T.);
#1999=EDGE_CURVE('',#1554,#1555,#905,.T.);
#2000=EDGE_CURVE('',#1554,#1542,#1271,.T.);
#2001=EDGE_CURVE('',#1544,#1555,#1272,.T.);
#2002=EDGE_CURVE('',#1556,#1556,#1273,.T.);
#2003=EDGE_CURVE('',#1556,#1557,#906,.T.);
#2004=EDGE_CURVE('',#1557,#1557,#1274,.T.);
#2005=EDGE_CURVE('',#1558,#1558,#1275,.T.);
#2006=EDGE_CURVE('',#1559,#1560,#110,.T.);
#2007=EDGE_CURVE('',#1561,#1559,#1276,.T.);
#2008=EDGE_CURVE('',#1561,#1562,#907,.T.);
#2009=EDGE_CURVE('',#1562,#1562,#1277,.T.);
#2010=EDGE_CURVE('',#1560,#1561,#1278,.T.);
#2011=EDGE_CURVE('',#1563,#1563,#1279,.T.);
#2012=EDGE_CURVE('',#1560,#1564,#908,.T.);
#2013=EDGE_CURVE('',#1565,#1564,#111,.T.);
#2014=EDGE_CURVE('',#1565,#1566,#909,.T.);
#2015=EDGE_CURVE('',#1567,#1566,#112,.T.);
#2016=EDGE_CURVE('',#1567,#1559,#910,.T.);
#2017=EDGE_CURVE('',#1563,#1568,#911,.T.);
#2018=EDGE_CURVE('',#1568,#1568,#1280,.T.);
#2019=EDGE_CURVE('',#1558,#1569,#912,.T.);
#2020=EDGE_CURVE('',#1569,#1569,#1281,.T.);
#2021=EDGE_CURVE('',#1570,#1567,#167,.T.);
#2022=EDGE_CURVE('',#1570,#1571,#168,.T.);
#2023=EDGE_CURVE('',#1571,#1572,#913,.T.);
#2024=EDGE_CURVE('',#1573,#1572,#914,.T.);
#2025=EDGE_CURVE('',#1574,#1573,#915,.T.);
#2026=EDGE_CURVE('',#1564,#1574,#1282,.T.);
#2027=EDGE_CURVE('',#1575,#1576,#169,.T.);
#2028=EDGE_CURVE('',#1571,#1575,#916,.T.);
#2029=EDGE_CURVE('',#1577,#1570,#113,.T.);
#2030=EDGE_CURVE('',#1576,#1577,#114,.T.);
#2031=EDGE_CURVE('',#1578,#1579,#1283,.T.);
#2032=EDGE_CURVE('',#1580,#1578,#1284,.T.);
#2033=EDGE_CURVE('',#1580,#1581,#115,.T.);
#2034=EDGE_CURVE('',#1582,#1581,#917,.T.);
#2035=EDGE_CURVE('',#1583,#1582,#918,.T.);
#2036=EDGE_CURVE('',#1583,#1575,#919,.T.);
#2037=EDGE_CURVE('',#1584,#1576,#170,.T.);
#2038=EDGE_CURVE('',#1566,#1584,#116,.T.);
#2039=EDGE_CURVE('',#1585,#1565,#117,.T.);
#2040=EDGE_CURVE('',#1586,#1585,#118,.T.);
#2041=EDGE_CURVE('',#1587,#1586,#1285,.T.);
#2042=EDGE_CURVE('',#1579,#1587,#119,.T.);
#2043=EDGE_CURVE('',#1588,#1586,#120,.T.);
#2044=EDGE_CURVE('',#1587,#1588,#121,.T.);
#2045=EDGE_CURVE('',#1589,#1577,#122,.T.);
#2046=EDGE_CURVE('',#1584,#1589,#123,.T.);
#2047=EDGE_CURVE('',#1590,#1583,#1286,.T.);
#2048=EDGE_CURVE('',#1591,#1590,#920,.T.);
#2049=EDGE_CURVE('',#1572,#1591,#1287,.T.);
#2050=EDGE_CURVE('',#1589,#1567,#1288,.T.);
#2051=EDGE_CURVE('',#1591,#1592,#921,.T.);
#2052=EDGE_CURVE('',#1592,#1573,#1289,.T.);
#2053=EDGE_CURVE('',#1593,#1590,#922,.T.);
#2054=EDGE_CURVE('',#1594,#1593,#1290,.T.);
#2055=EDGE_CURVE('',#1595,#1594,#124,.T.);
#2056=EDGE_CURVE('',#1595,#1596,#923,.T.);
#2057=EDGE_CURVE('',#1592,#1596,#1291,.T.);
#2058=EDGE_CURVE('',#1597,#1580,#125,.T.);
#2059=EDGE_CURVE('',#1597,#1598,#171,.T.);
#2060=EDGE_CURVE('',#1598,#1599,#1292,.T.);
#2061=EDGE_CURVE('',#1599,#1581,#172,.T.);
#2062=EDGE_CURVE('',#1600,#1601,#1293,.T.);
#2063=EDGE_CURVE('',#1601,#1599,#924,.T.);
#2064=EDGE_CURVE('',#1598,#1600,#925,.T.);
#2065=EDGE_CURVE('',#1602,#1525,#126,.T.);
#2066=EDGE_CURVE('',#1602,#1601,#173,.T.);
#2067=EDGE_CURVE('',#1600,#1525,#174,.T.);
#2068=EDGE_CURVE('',#1603,#1597,#127,.F.);
#2069=EDGE_CURVE('',#1604,#1603,#128,.F.);
#2070=EDGE_CURVE('',#1605,#1604,#129,.T.);
#2071=EDGE_CURVE('',#1606,#1605,#175,.T.);
#2072=EDGE_CURVE('',#1607,#1606,#926,.T.);
#2073=EDGE_CURVE('',#1608,#1607,#176,.T.);
#2074=EDGE_CURVE('',#1526,#1608,#130,.T.);
#2075=EDGE_CURVE('',#1582,#1593,#1294,.T.);
#2076=EDGE_CURVE('',#1582,#1609,#1295,.T.);
#2077=EDGE_CURVE('',#1609,#1594,#131,.T.);
#2078=EDGE_CURVE('',#1610,#1611,#132,.T.);
#2079=EDGE_CURVE('',#1611,#1612,#177,.T.);
#2080=EDGE_CURVE('',#1612,#1613,#1296,.T.);
#2081=EDGE_CURVE('',#1613,#1614,#178,.T.);
#2082=EDGE_CURVE('',#1614,#1610,#133,.T.);
#2083=EDGE_CURVE('',#1615,#1616,#1297,.T.);
#2084=EDGE_CURVE('',#1616,#1613,#927,.T.);
#2085=EDGE_CURVE('',#1612,#1615,#928,.T.);
#2086=EDGE_CURVE('',#1609,#1616,#179,.T.);
#2087=EDGE_CURVE('',#1615,#1595,#180,.T.);
#2088=EDGE_CURVE('',#1617,#1611,#929,.T.);
#2089=EDGE_CURVE('',#1618,#1617,#181,.T.);
#2090=EDGE_CURVE('',#1619,#1618,#930,.T.);
#2091=EDGE_CURVE('',#1620,#1619,#182,.T.);
#2092=EDGE_CURVE('',#1596,#1620,#134,.T.);
#2093=EDGE_CURVE('',#1530,#1610,#931,.T.);
#2094=EDGE_CURVE('',#1621,#1529,#932,.T.);
#2095=EDGE_CURVE('',#1622,#1621,#1298,.T.);
#2096=EDGE_CURVE('',#1617,#1622,#135,.T.);
#2097=EDGE_CURVE('',#1602,#1614,#933,.T.);
#2098=EDGE_CURVE('',#1613,#1601,#934,.T.);
#2099=EDGE_CURVE('',#1623,#1573,#1299,.T.);
#2100=EDGE_CURVE('',#1620,#1623,#136,.T.);
#2101=EDGE_CURVE('',#1607,#1476,#1300,.T.);
#2102=EDGE_CURVE('',#1476,#1624,#183,.T.);
#2103=EDGE_CURVE('',#1624,#1608,#137,.T.);
#2104=EDGE_CURVE('',#1621,#1443,#1301,.T.);
#2105=EDGE_CURVE('',#1485,#1622,#138,.T.);
#2106=EDGE_CURVE('',#1529,#1522,#1302,.T.);
#2107=EDGE_CURVE('',#1624,#1484,#1303,.T.);
#2108=EDGE_CURVE('',#1619,#1478,#1304,.T.);
#2109=EDGE_CURVE('',#1478,#1623,#184,.T.);
#2110=EDGE_CURVE('',#1618,#1479,#1305,.T.);
#2111=EDGE_CURVE('',#1606,#1477,#1306,.T.);
#2112=EDGE_CURVE('',#1605,#1625,#1307,.T.);
#2113=EDGE_CURVE('',#1625,#1477,#185,.T.);
#2114=EDGE_CURVE('',#1604,#1626,#139,.F.);
#2115=EDGE_CURVE('',#1626,#1625,#140,.T.);
#2116=EDGE_CURVE('',#1585,#1627,#141,.T.);
#2117=EDGE_CURVE('',#1627,#1588,#142,.T.);
#2118=EDGE_CURVE('',#1579,#1628,#1308,.T.);
#2119=EDGE_CURVE('',#1628,#1629,#1309,.T.);
#2120=EDGE_CURVE('',#1629,#1578,#1310,.T.);
#2121=EDGE_CURVE('',#1627,#1628,#143,.T.);
#2122=EDGE_CURVE('',#1629,#1630,#1311,.T.);
#2123=EDGE_CURVE('',#1630,#1603,#1312,.T.);
#2124=EDGE_CURVE('',#1630,#1631,#144,.T.);
#2125=EDGE_CURVE('',#1626,#1631,#145,.T.);
#2126=EDGE_CURVE('',#1574,#1630,#1313,.T.);
#2127=EDGE_CURVE('',#1574,#1625,#146,.T.);
#2128=EDGE_CURVE('',#1628,#1564,#1314,.T.);
#2129=EDGE_CURVE('',#1599,#1616,#935,.T.);
#2130=ORIENTED_EDGE('',*,*,#1632,.F.);
#2131=ORIENTED_EDGE('',*,*,#1633,.T.);
#2132=ORIENTED_EDGE('',*,*,#1634,.T.);
#2133=ORIENTED_EDGE('',*,*,#1633,.F.);
#2134=ORIENTED_EDGE('',*,*,#1634,.F.);
#2135=ORIENTED_EDGE('',*,*,#1635,.F.);
#2136=ORIENTED_EDGE('',*,*,#1635,.T.);
#2137=ORIENTED_EDGE('',*,*,#1636,.T.);
#2138=ORIENTED_EDGE('',*,*,#1637,.F.);
#2139=ORIENTED_EDGE('',*,*,#1636,.F.);
#2140=ORIENTED_EDGE('',*,*,#1638,.F.);
#2141=ORIENTED_EDGE('',*,*,#1639,.F.);
#2142=ORIENTED_EDGE('',*,*,#1640,.T.);
#2143=ORIENTED_EDGE('',*,*,#1641,.F.);
#2144=ORIENTED_EDGE('',*,*,#1642,.F.);
#2145=ORIENTED_EDGE('',*,*,#1643,.F.);
#2146=ORIENTED_EDGE('',*,*,#1644,.F.);
#2147=ORIENTED_EDGE('',*,*,#1645,.F.);
#2148=ORIENTED_EDGE('',*,*,#1646,.F.);
#2149=ORIENTED_EDGE('',*,*,#1647,.F.);
#2150=ORIENTED_EDGE('',*,*,#1646,.T.);
#2151=ORIENTED_EDGE('',*,*,#1648,.F.);
#2152=ORIENTED_EDGE('',*,*,#1640,.F.);
#2153=ORIENTED_EDGE('',*,*,#1649,.F.);
#2154=ORIENTED_EDGE('',*,*,#1638,.T.);
#2155=ORIENTED_EDGE('',*,*,#1650,.T.);
#2156=ORIENTED_EDGE('',*,*,#1651,.F.);
#2157=ORIENTED_EDGE('',*,*,#1652,.T.);
#2158=ORIENTED_EDGE('',*,*,#1643,.T.);
#2159=ORIENTED_EDGE('',*,*,#1647,.T.);
#2160=ORIENTED_EDGE('',*,*,#1653,.T.);
#2161=ORIENTED_EDGE('',*,*,#1654,.F.);
#2162=ORIENTED_EDGE('',*,*,#1649,.T.);
#2163=ORIENTED_EDGE('',*,*,#1639,.T.);
#2164=ORIENTED_EDGE('',*,*,#1652,.F.);
#2165=ORIENTED_EDGE('',*,*,#1655,.F.);
#2166=ORIENTED_EDGE('',*,*,#1656,.T.);
#2167=ORIENTED_EDGE('',*,*,#1657,.T.);
#2168=ORIENTED_EDGE('',*,*,#1658,.T.);
#2169=ORIENTED_EDGE('',*,*,#1659,.F.);
#2170=ORIENTED_EDGE('',*,*,#1660,.F.);
#2171=ORIENTED_EDGE('',*,*,#1661,.F.);
#2172=ORIENTED_EDGE('',*,*,#1662,.T.);
#2173=ORIENTED_EDGE('',*,*,#1663,.T.);
#2174=ORIENTED_EDGE('',*,*,#1664,.F.);
#2175=ORIENTED_EDGE('',*,*,#1665,.F.);
#2176=ORIENTED_EDGE('',*,*,#1666,.F.);
#2177=ORIENTED_EDGE('',*,*,#1667,.F.);
#2178=ORIENTED_EDGE('',*,*,#1668,.F.);
#2179=ORIENTED_EDGE('',*,*,#1653,.F.);
#2180=ORIENTED_EDGE('',*,*,#1669,.F.);
#2181=ORIENTED_EDGE('',*,*,#1670,.T.);
#2182=ORIENTED_EDGE('',*,*,#1671,.F.);
#2183=ORIENTED_EDGE('',*,*,#1670,.F.);
#2184=ORIENTED_EDGE('',*,*,#1672,.F.);
#2185=ORIENTED_EDGE('',*,*,#1673,.T.);
#2186=ORIENTED_EDGE('',*,*,#1674,.F.);
#2187=ORIENTED_EDGE('',*,*,#1673,.F.);
#2188=ORIENTED_EDGE('',*,*,#1675,.F.);
#2189=ORIENTED_EDGE('',*,*,#1676,.T.);
#2190=ORIENTED_EDGE('',*,*,#1677,.F.);
#2191=ORIENTED_EDGE('',*,*,#1676,.F.);
#2192=ORIENTED_EDGE('',*,*,#1678,.F.);
#2193=ORIENTED_EDGE('',*,*,#1679,.T.);
#2194=ORIENTED_EDGE('',*,*,#1680,.F.);
#2195=ORIENTED_EDGE('',*,*,#1679,.F.);
#2196=ORIENTED_EDGE('',*,*,#1681,.F.);
#2197=ORIENTED_EDGE('',*,*,#1682,.T.);
#2198=ORIENTED_EDGE('',*,*,#1683,.F.);
#2199=ORIENTED_EDGE('',*,*,#1684,.F.);
#2200=ORIENTED_EDGE('',*,*,#1685,.F.);
#2201=ORIENTED_EDGE('',*,*,#1686,.F.);
#2202=ORIENTED_EDGE('',*,*,#1687,.F.);
#2203=ORIENTED_EDGE('',*,*,#1688,.F.);
#2204=ORIENTED_EDGE('',*,*,#1689,.T.);
#2205=ORIENTED_EDGE('',*,*,#1690,.F.);
#2206=ORIENTED_EDGE('',*,*,#1691,.F.);
#2207=ORIENTED_EDGE('',*,*,#1692,.F.);
#2208=ORIENTED_EDGE('',*,*,#1693,.F.);
#2209=ORIENTED_EDGE('',*,*,#1689,.F.);
#2210=ORIENTED_EDGE('',*,*,#1694,.F.);
#2211=ORIENTED_EDGE('',*,*,#1685,.T.);
#2212=ORIENTED_EDGE('',*,*,#1695,.F.);
#2213=ORIENTED_EDGE('',*,*,#1692,.T.);
#2214=ORIENTED_EDGE('',*,*,#1696,.F.);
#2215=ORIENTED_EDGE('',*,*,#1682,.F.);
#2216=ORIENTED_EDGE('',*,*,#1686,.T.);
#2217=ORIENTED_EDGE('',*,*,#1694,.T.);
#2218=ORIENTED_EDGE('',*,*,#1688,.T.);
#2219=ORIENTED_EDGE('',*,*,#1697,.F.);
#2220=ORIENTED_EDGE('',*,*,#1698,.F.);
#2221=ORIENTED_EDGE('',*,*,#1699,.F.);
#2222=ORIENTED_EDGE('',*,*,#1700,.T.);
#2223=ORIENTED_EDGE('',*,*,#1701,.F.);
#2224=ORIENTED_EDGE('',*,*,#1702,.F.);
#2225=ORIENTED_EDGE('',*,*,#1703,.F.);
#2226=ORIENTED_EDGE('',*,*,#1704,.F.);
#2227=ORIENTED_EDGE('',*,*,#1705,.F.);
#2228=ORIENTED_EDGE('',*,*,#1706,.F.);
#2229=ORIENTED_EDGE('',*,*,#1669,.T.);
#2230=ORIENTED_EDGE('',*,*,#1683,.T.);
#2231=ORIENTED_EDGE('',*,*,#1696,.T.);
#2232=ORIENTED_EDGE('',*,*,#1691,.T.);
#2233=ORIENTED_EDGE('',*,*,#1707,.T.);
#2234=ORIENTED_EDGE('',*,*,#1708,.T.);
#2235=ORIENTED_EDGE('',*,*,#1709,.T.);
#2236=ORIENTED_EDGE('',*,*,#1710,.F.);
#2237=ORIENTED_EDGE('',*,*,#1711,.T.);
#2238=ORIENTED_EDGE('',*,*,#1712,.T.);
#2239=ORIENTED_EDGE('',*,*,#1713,.T.);
#2240=ORIENTED_EDGE('',*,*,#1714,.T.);
#2241=ORIENTED_EDGE('',*,*,#1715,.T.);
#2242=ORIENTED_EDGE('',*,*,#1716,.T.);
#2243=ORIENTED_EDGE('',*,*,#1717,.F.);
#2244=ORIENTED_EDGE('',*,*,#1663,.F.);
#2245=ORIENTED_EDGE('',*,*,#1718,.T.);
#2246=ORIENTED_EDGE('',*,*,#1719,.F.);
#2247=ORIENTED_EDGE('',*,*,#1720,.F.);
#2248=ORIENTED_EDGE('',*,*,#1721,.F.);
#2249=ORIENTED_EDGE('',*,*,#1718,.F.);
#2250=ORIENTED_EDGE('',*,*,#1662,.F.);
#2251=ORIENTED_EDGE('',*,*,#1722,.F.);
#2252=ORIENTED_EDGE('',*,*,#1658,.F.);
#2253=ORIENTED_EDGE('',*,*,#1723,.T.);
#2254=ORIENTED_EDGE('',*,*,#1724,.F.);
#2255=ORIENTED_EDGE('',*,*,#1713,.F.);
#2256=ORIENTED_EDGE('',*,*,#1725,.T.);
#2257=ORIENTED_EDGE('',*,*,#1726,.F.);
#2258=ORIENTED_EDGE('',*,*,#1723,.F.);
#2259=ORIENTED_EDGE('',*,*,#1657,.F.);
#2260=ORIENTED_EDGE('',*,*,#1727,.T.);
#2261=ORIENTED_EDGE('',*,*,#1728,.T.);
#2262=ORIENTED_EDGE('',*,*,#1729,.F.);
#2263=ORIENTED_EDGE('',*,*,#1730,.F.);
#2264=ORIENTED_EDGE('',*,*,#1731,.F.);
#2265=ORIENTED_EDGE('',*,*,#1728,.F.);
#2266=ORIENTED_EDGE('',*,*,#1732,.F.);
#2267=ORIENTED_EDGE('',*,*,#1733,.F.);
#2268=ORIENTED_EDGE('',*,*,#1734,.T.);
#2269=ORIENTED_EDGE('',*,*,#1711,.F.);
#2270=ORIENTED_EDGE('',*,*,#1735,.F.);
#2271=ORIENTED_EDGE('',*,*,#1736,.F.);
#2272=ORIENTED_EDGE('',*,*,#1737,.F.);
#2273=ORIENTED_EDGE('',*,*,#1732,.T.);
#2274=ORIENTED_EDGE('',*,*,#1727,.F.);
#2275=ORIENTED_EDGE('',*,*,#1656,.F.);
#2276=ORIENTED_EDGE('',*,*,#1712,.F.);
#2277=ORIENTED_EDGE('',*,*,#1734,.F.);
#2278=ORIENTED_EDGE('',*,*,#1705,.T.);
#2279=ORIENTED_EDGE('',*,*,#1725,.F.);
#2280=ORIENTED_EDGE('',*,*,#1720,.T.);
#2281=ORIENTED_EDGE('',*,*,#1738,.T.);
#2282=ORIENTED_EDGE('',*,*,#1739,.F.);
#2283=ORIENTED_EDGE('',*,*,#1740,.T.);
#2284=ORIENTED_EDGE('',*,*,#1741,.T.);
#2285=ORIENTED_EDGE('',*,*,#1742,.T.);
#2286=ORIENTED_EDGE('',*,*,#1743,.F.);
#2287=ORIENTED_EDGE('',*,*,#1744,.T.);
#2288=ORIENTED_EDGE('',*,*,#1722,.T.);
#2289=ORIENTED_EDGE('',*,*,#1704,.T.);
#2290=ORIENTED_EDGE('',*,*,#1745,.F.);
#2291=ORIENTED_EDGE('',*,*,#1659,.T.);
#2292=ORIENTED_EDGE('',*,*,#1746,.F.);
#2293=ORIENTED_EDGE('',*,*,#1747,.T.);
#2294=ORIENTED_EDGE('',*,*,#1748,.F.);
#2295=ORIENTED_EDGE('',*,*,#1749,.F.);
#2296=ORIENTED_EDGE('',*,*,#1729,.T.);
#2297=ORIENTED_EDGE('',*,*,#1731,.T.);
#2298=ORIENTED_EDGE('',*,*,#1737,.T.);
#2299=ORIENTED_EDGE('',*,*,#1750,.F.);
#2300=ORIENTED_EDGE('',*,*,#1751,.F.);
#2301=ORIENTED_EDGE('',*,*,#1747,.F.);
#2302=ORIENTED_EDGE('',*,*,#1736,.T.);
#2303=ORIENTED_EDGE('',*,*,#1752,.T.);
#2304=ORIENTED_EDGE('',*,*,#1750,.T.);
#2305=ORIENTED_EDGE('',*,*,#1730,.T.);
#2306=ORIENTED_EDGE('',*,*,#1749,.T.);
#2307=ORIENTED_EDGE('',*,*,#1753,.T.);
#2308=ORIENTED_EDGE('',*,*,#1754,.T.);
#2309=ORIENTED_EDGE('',*,*,#1755,.F.);
#2310=ORIENTED_EDGE('',*,*,#1699,.T.);
#2311=ORIENTED_EDGE('',*,*,#1756,.T.);
#2312=ORIENTED_EDGE('',*,*,#1757,.T.);
#2313=ORIENTED_EDGE('',*,*,#1758,.F.);
#2314=ORIENTED_EDGE('',*,*,#1756,.F.);
#2315=ORIENTED_EDGE('',*,*,#1759,.T.);
#2316=ORIENTED_EDGE('',*,*,#1760,.T.);
#2317=ORIENTED_EDGE('',*,*,#1761,.T.);
#2318=ORIENTED_EDGE('',*,*,#1762,.T.);
#2319=ORIENTED_EDGE('',*,*,#1763,.T.);
#2320=ORIENTED_EDGE('',*,*,#1760,.F.);
#2321=ORIENTED_EDGE('',*,*,#1764,.T.);
#2322=ORIENTED_EDGE('',*,*,#1762,.F.);
#2323=ORIENTED_EDGE('',*,*,#1765,.T.);
#2324=ORIENTED_EDGE('',*,*,#1766,.T.);
#2325=ORIENTED_EDGE('',*,*,#1765,.F.);
#2326=ORIENTED_EDGE('',*,*,#1764,.F.);
#2327=ORIENTED_EDGE('',*,*,#1759,.F.);
#2328=ORIENTED_EDGE('',*,*,#1698,.T.);
#2329=ORIENTED_EDGE('',*,*,#1767,.T.);
#2330=ORIENTED_EDGE('',*,*,#1651,.T.);
#2331=ORIENTED_EDGE('',*,*,#1768,.F.);
#2332=ORIENTED_EDGE('',*,*,#1769,.T.);
#2333=ORIENTED_EDGE('',*,*,#1770,.T.);
#2334=ORIENTED_EDGE('',*,*,#1771,.T.);
#2335=ORIENTED_EDGE('',*,*,#1772,.T.);
#2336=ORIENTED_EDGE('',*,*,#1773,.T.);
#2337=ORIENTED_EDGE('',*,*,#1774,.T.);
#2338=ORIENTED_EDGE('',*,*,#1770,.F.);
#2339=ORIENTED_EDGE('',*,*,#1775,.T.);
#2340=ORIENTED_EDGE('',*,*,#1775,.F.);
#2341=ORIENTED_EDGE('',*,*,#1769,.F.);
#2342=ORIENTED_EDGE('',*,*,#1776,.T.);
#2343=ORIENTED_EDGE('',*,*,#1777,.T.);
#2344=ORIENTED_EDGE('',*,*,#1778,.T.);
#2345=ORIENTED_EDGE('',*,*,#1779,.T.);
#2346=ORIENTED_EDGE('',*,*,#1735,.T.);
#2347=ORIENTED_EDGE('',*,*,#1710,.T.);
#2348=ORIENTED_EDGE('',*,*,#1753,.F.);
#2349=ORIENTED_EDGE('',*,*,#1748,.T.);
#2350=ORIENTED_EDGE('',*,*,#1751,.T.);
#2351=ORIENTED_EDGE('',*,*,#1752,.F.);
#2352=ORIENTED_EDGE('',*,*,#1719,.T.);
#2353=ORIENTED_EDGE('',*,*,#1721,.T.);
#2354=ORIENTED_EDGE('',*,*,#1744,.F.);
#2355=ORIENTED_EDGE('',*,*,#1780,.F.);
#2356=ORIENTED_EDGE('',*,*,#1742,.F.);
#2357=ORIENTED_EDGE('',*,*,#1781,.F.);
#2358=ORIENTED_EDGE('',*,*,#1714,.F.);
#2359=ORIENTED_EDGE('',*,*,#1724,.T.);
#2360=ORIENTED_EDGE('',*,*,#1726,.T.);
#2361=ORIENTED_EDGE('',*,*,#1754,.F.);
#2362=ORIENTED_EDGE('',*,*,#1709,.F.);
#2363=ORIENTED_EDGE('',*,*,#1782,.F.);
#2364=ORIENTED_EDGE('',*,*,#1783,.F.);
#2365=ORIENTED_EDGE('',*,*,#1784,.F.);
#2366=ORIENTED_EDGE('',*,*,#1738,.F.);
#2367=ORIENTED_EDGE('',*,*,#1632,.T.);
#2368=ORIENTED_EDGE('',*,*,#1785,.T.);
#2369=ORIENTED_EDGE('',*,*,#1786,.T.);
#2370=ORIENTED_EDGE('',*,*,#1787,.T.);
#2371=ORIENTED_EDGE('',*,*,#1788,.T.);
#2372=ORIENTED_EDGE('',*,*,#1789,.T.);
#2373=ORIENTED_EDGE('',*,*,#1790,.T.);
#2374=ORIENTED_EDGE('',*,*,#1791,.F.);
#2375=ORIENTED_EDGE('',*,*,#1792,.T.);
#2376=ORIENTED_EDGE('',*,*,#1793,.T.);
#2377=ORIENTED_EDGE('',*,*,#1794,.F.);
#2378=ORIENTED_EDGE('',*,*,#1795,.T.);
#2379=ORIENTED_EDGE('',*,*,#1796,.T.);
#2380=ORIENTED_EDGE('',*,*,#1797,.T.);
#2381=ORIENTED_EDGE('',*,*,#1798,.T.);
#2382=ORIENTED_EDGE('',*,*,#1780,.T.);
#2383=ORIENTED_EDGE('',*,*,#1795,.F.);
#2384=ORIENTED_EDGE('',*,*,#1743,.T.);
#2385=ORIENTED_EDGE('',*,*,#1798,.F.);
#2386=ORIENTED_EDGE('',*,*,#1799,.T.);
#2387=ORIENTED_EDGE('',*,*,#1800,.F.);
#2388=ORIENTED_EDGE('',*,*,#1801,.T.);
#2389=ORIENTED_EDGE('',*,*,#1796,.F.);
#2390=ORIENTED_EDGE('',*,*,#1799,.F.);
#2391=ORIENTED_EDGE('',*,*,#1797,.F.);
#2392=ORIENTED_EDGE('',*,*,#1801,.F.);
#2393=ORIENTED_EDGE('',*,*,#1802,.F.);
#2394=ORIENTED_EDGE('',*,*,#1803,.T.);
#2395=ORIENTED_EDGE('',*,*,#1791,.T.);
#2396=ORIENTED_EDGE('',*,*,#1804,.F.);
#2397=ORIENTED_EDGE('',*,*,#1794,.T.);
#2398=ORIENTED_EDGE('',*,*,#1805,.T.);
#2399=ORIENTED_EDGE('',*,*,#1806,.T.);
#2400=ORIENTED_EDGE('',*,*,#1807,.T.);
#2401=ORIENTED_EDGE('',*,*,#1808,.F.);
#2402=ORIENTED_EDGE('',*,*,#1809,.T.);
#2403=ORIENTED_EDGE('',*,*,#1792,.F.);
#2404=ORIENTED_EDGE('',*,*,#1803,.F.);
#2405=ORIENTED_EDGE('',*,*,#1810,.F.);
#2406=ORIENTED_EDGE('',*,*,#1805,.F.);
#2407=ORIENTED_EDGE('',*,*,#1793,.F.);
#2408=ORIENTED_EDGE('',*,*,#1809,.F.);
#2409=ORIENTED_EDGE('',*,*,#1774,.F.);
#2410=ORIENTED_EDGE('',*,*,#1811,.T.);
#2411=ORIENTED_EDGE('',*,*,#1812,.F.);
#2412=ORIENTED_EDGE('',*,*,#1813,.F.);
#2413=ORIENTED_EDGE('',*,*,#1814,.T.);
#2414=ORIENTED_EDGE('',*,*,#1778,.F.);
#2415=ORIENTED_EDGE('',*,*,#1815,.F.);
#2416=ORIENTED_EDGE('',*,*,#1816,.F.);
#2417=ORIENTED_EDGE('',*,*,#1817,.F.);
#2418=ORIENTED_EDGE('',*,*,#1818,.F.);
#2419=ORIENTED_EDGE('',*,*,#1819,.F.);
#2420=ORIENTED_EDGE('',*,*,#1820,.F.);
#2421=ORIENTED_EDGE('',*,*,#1821,.F.);
#2422=ORIENTED_EDGE('',*,*,#1822,.F.);
#2423=ORIENTED_EDGE('',*,*,#1811,.F.);
#2424=ORIENTED_EDGE('',*,*,#1773,.F.);
#2425=ORIENTED_EDGE('',*,*,#1779,.F.);
#2426=ORIENTED_EDGE('',*,*,#1814,.F.);
#2427=ORIENTED_EDGE('',*,*,#1823,.F.);
#2428=ORIENTED_EDGE('',*,*,#1824,.F.);
#2429=ORIENTED_EDGE('',*,*,#1825,.F.);
#2430=ORIENTED_EDGE('',*,*,#1826,.T.);
#2431=ORIENTED_EDGE('',*,*,#1827,.F.);
#2432=ORIENTED_EDGE('',*,*,#1782,.T.);
#2433=ORIENTED_EDGE('',*,*,#1828,.T.);
#2434=ORIENTED_EDGE('',*,*,#1829,.T.);
#2435=ORIENTED_EDGE('',*,*,#1826,.F.);
#2436=ORIENTED_EDGE('',*,*,#1830,.F.);
#2437=ORIENTED_EDGE('',*,*,#1831,.T.);
#2438=ORIENTED_EDGE('',*,*,#1827,.T.);
#2439=ORIENTED_EDGE('',*,*,#1829,.F.);
#2440=ORIENTED_EDGE('',*,*,#1832,.T.);
#2441=ORIENTED_EDGE('',*,*,#1758,.T.);
#2442=ORIENTED_EDGE('',*,*,#1833,.F.);
#2443=ORIENTED_EDGE('',*,*,#1834,.F.);
#2444=ORIENTED_EDGE('',*,*,#1835,.F.);
#2445=ORIENTED_EDGE('',*,*,#1836,.F.);
#2446=ORIENTED_EDGE('',*,*,#1837,.F.);
#2447=ORIENTED_EDGE('',*,*,#1708,.F.);
#2448=ORIENTED_EDGE('',*,*,#1838,.F.);
#2449=ORIENTED_EDGE('',*,*,#1839,.F.);
#2450=ORIENTED_EDGE('',*,*,#1700,.F.);
#2451=ORIENTED_EDGE('',*,*,#1755,.T.);
#2452=ORIENTED_EDGE('',*,*,#1832,.F.);
#2453=ORIENTED_EDGE('',*,*,#1828,.F.);
#2454=ORIENTED_EDGE('',*,*,#1840,.F.);
#2455=ORIENTED_EDGE('',*,*,#1837,.T.);
#2456=ORIENTED_EDGE('',*,*,#1841,.T.);
#2457=ORIENTED_EDGE('',*,*,#1818,.T.);
#2458=ORIENTED_EDGE('',*,*,#1831,.F.);
#2459=ORIENTED_EDGE('',*,*,#1841,.F.);
#2460=ORIENTED_EDGE('',*,*,#1836,.T.);
#2461=ORIENTED_EDGE('',*,*,#1842,.F.);
#2462=ORIENTED_EDGE('',*,*,#1819,.T.);
#2463=ORIENTED_EDGE('',*,*,#1825,.T.);
#2464=ORIENTED_EDGE('',*,*,#1843,.T.);
#2465=ORIENTED_EDGE('',*,*,#1844,.F.);
#2466=ORIENTED_EDGE('',*,*,#1783,.T.);
#2467=ORIENTED_EDGE('',*,*,#1684,.T.);
#2468=ORIENTED_EDGE('',*,*,#1716,.F.);
#2469=ORIENTED_EDGE('',*,*,#1845,.F.);
#2470=ORIENTED_EDGE('',*,*,#1846,.F.);
#2471=ORIENTED_EDGE('',*,*,#1838,.T.);
#2472=ORIENTED_EDGE('',*,*,#1707,.F.);
#2473=ORIENTED_EDGE('',*,*,#1690,.T.);
#2474=ORIENTED_EDGE('',*,*,#1693,.T.);
#2475=ORIENTED_EDGE('',*,*,#1671,.T.);
#2476=ORIENTED_EDGE('',*,*,#1824,.T.);
#2477=ORIENTED_EDGE('',*,*,#1847,.F.);
#2478=ORIENTED_EDGE('',*,*,#1848,.T.);
#2479=ORIENTED_EDGE('',*,*,#1843,.F.);
#2480=ORIENTED_EDGE('',*,*,#1823,.T.);
#2481=ORIENTED_EDGE('',*,*,#1817,.T.);
#2482=ORIENTED_EDGE('',*,*,#1849,.T.);
#2483=ORIENTED_EDGE('',*,*,#1850,.T.);
#2484=ORIENTED_EDGE('',*,*,#1851,.T.);
#2485=ORIENTED_EDGE('',*,*,#1852,.T.);
#2486=ORIENTED_EDGE('',*,*,#1853,.T.);
#2487=ORIENTED_EDGE('',*,*,#1854,.T.);
#2488=ORIENTED_EDGE('',*,*,#1701,.T.);
#2489=ORIENTED_EDGE('',*,*,#1839,.T.);
#2490=ORIENTED_EDGE('',*,*,#1846,.T.);
#2491=ORIENTED_EDGE('',*,*,#1855,.T.);
#2492=ORIENTED_EDGE('',*,*,#1856,.T.);
#2493=ORIENTED_EDGE('',*,*,#1857,.T.);
#2494=ORIENTED_EDGE('',*,*,#1847,.T.);
#2495=ORIENTED_EDGE('',*,*,#1858,.T.);
#2496=ORIENTED_EDGE('',*,*,#1859,.T.);
#2497=ORIENTED_EDGE('',*,*,#1860,.T.);
#2498=ORIENTED_EDGE('',*,*,#1834,.T.);
#2499=ORIENTED_EDGE('',*,*,#1861,.F.);
#2500=ORIENTED_EDGE('',*,*,#1862,.F.);
#2501=ORIENTED_EDGE('',*,*,#1863,.F.);
#2502=ORIENTED_EDGE('',*,*,#1864,.F.);
#2503=ORIENTED_EDGE('',*,*,#1865,.F.);
#2504=ORIENTED_EDGE('',*,*,#1821,.T.);
#2505=ORIENTED_EDGE('',*,*,#1866,.T.);
#2506=ORIENTED_EDGE('',*,*,#1867,.T.);
#2507=ORIENTED_EDGE('',*,*,#1868,.T.);
#2508=ORIENTED_EDGE('',*,*,#1869,.T.);
#2509=ORIENTED_EDGE('',*,*,#1870,.T.);
#2510=ORIENTED_EDGE('',*,*,#1672,.T.);
#2511=ORIENTED_EDGE('',*,*,#1675,.T.);
#2512=ORIENTED_EDGE('',*,*,#1678,.T.);
#2513=ORIENTED_EDGE('',*,*,#1761,.F.);
#2514=ORIENTED_EDGE('',*,*,#1871,.F.);
#2515=ORIENTED_EDGE('',*,*,#1872,.F.);
#2516=ORIENTED_EDGE('',*,*,#1830,.T.);
#2517=ORIENTED_EDGE('',*,*,#1757,.F.);
#2518=ORIENTED_EDGE('',*,*,#1822,.T.);
#2519=ORIENTED_EDGE('',*,*,#1865,.T.);
#2520=ORIENTED_EDGE('',*,*,#1873,.F.);
#2521=ORIENTED_EDGE('',*,*,#1874,.F.);
#2522=ORIENTED_EDGE('',*,*,#1812,.T.);
#2523=ORIENTED_EDGE('',*,*,#1875,.F.);
#2524=ORIENTED_EDGE('',*,*,#1876,.T.);
#2525=ORIENTED_EDGE('',*,*,#1877,.T.);
#2526=ORIENTED_EDGE('',*,*,#1876,.F.);
#2527=ORIENTED_EDGE('',*,*,#1877,.F.);
#2528=ORIENTED_EDGE('',*,*,#1878,.F.);
#2529=ORIENTED_EDGE('',*,*,#1879,.T.);
#2530=ORIENTED_EDGE('',*,*,#1880,.T.);
#2531=ORIENTED_EDGE('',*,*,#1879,.F.);
#2532=ORIENTED_EDGE('',*,*,#1880,.F.);
#2533=ORIENTED_EDGE('',*,*,#1881,.F.);
#2534=ORIENTED_EDGE('',*,*,#1882,.T.);
#2535=ORIENTED_EDGE('',*,*,#1883,.T.);
#2536=ORIENTED_EDGE('',*,*,#1882,.F.);
#2537=ORIENTED_EDGE('',*,*,#1883,.F.);
#2538=ORIENTED_EDGE('',*,*,#1884,.F.);
#2539=ORIENTED_EDGE('',*,*,#1885,.T.);
#2540=ORIENTED_EDGE('',*,*,#1886,.T.);
#2541=ORIENTED_EDGE('',*,*,#1885,.F.);
#2542=ORIENTED_EDGE('',*,*,#1886,.F.);
#2543=ORIENTED_EDGE('',*,*,#1887,.F.);
#2544=ORIENTED_EDGE('',*,*,#1888,.T.);
#2545=ORIENTED_EDGE('',*,*,#1889,.F.);
#2546=ORIENTED_EDGE('',*,*,#1888,.F.);
#2547=ORIENTED_EDGE('',*,*,#1887,.T.);
#2548=ORIENTED_EDGE('',*,*,#1884,.T.);
#2549=ORIENTED_EDGE('',*,*,#1890,.F.);
#2550=ORIENTED_EDGE('',*,*,#1891,.T.);
#2551=ORIENTED_EDGE('',*,*,#1892,.F.);
#2552=ORIENTED_EDGE('',*,*,#1891,.F.);
#2553=ORIENTED_EDGE('',*,*,#1890,.T.);
#2554=ORIENTED_EDGE('',*,*,#1875,.T.);
#2555=ORIENTED_EDGE('',*,*,#1893,.F.);
#2556=ORIENTED_EDGE('',*,*,#1894,.T.);
#2557=ORIENTED_EDGE('',*,*,#1895,.F.);
#2558=ORIENTED_EDGE('',*,*,#1894,.F.);
#2559=ORIENTED_EDGE('',*,*,#1893,.T.);
#2560=ORIENTED_EDGE('',*,*,#1881,.T.);
#2561=ORIENTED_EDGE('',*,*,#1896,.F.);
#2562=ORIENTED_EDGE('',*,*,#1897,.T.);
#2563=ORIENTED_EDGE('',*,*,#1898,.F.);
#2564=ORIENTED_EDGE('',*,*,#1897,.F.);
#2565=ORIENTED_EDGE('',*,*,#1896,.T.);
#2566=ORIENTED_EDGE('',*,*,#1878,.T.);
#2567=ORIENTED_EDGE('',*,*,#1835,.T.);
#2568=ORIENTED_EDGE('',*,*,#1870,.F.);
#2569=ORIENTED_EDGE('',*,*,#1899,.T.);
#2570=ORIENTED_EDGE('',*,*,#1900,.T.);
#2571=ORIENTED_EDGE('',*,*,#1901,.F.);
#2572=ORIENTED_EDGE('',*,*,#1866,.F.);
#2573=ORIENTED_EDGE('',*,*,#1820,.T.);
#2574=ORIENTED_EDGE('',*,*,#1842,.T.);
#2575=ORIENTED_EDGE('',*,*,#1869,.F.);
#2576=ORIENTED_EDGE('',*,*,#1902,.T.);
#2577=ORIENTED_EDGE('',*,*,#1903,.T.);
#2578=ORIENTED_EDGE('',*,*,#1899,.F.);
#2579=ORIENTED_EDGE('',*,*,#1868,.F.);
#2580=ORIENTED_EDGE('',*,*,#1904,.T.);
#2581=ORIENTED_EDGE('',*,*,#1905,.T.);
#2582=ORIENTED_EDGE('',*,*,#1902,.F.);
#2583=ORIENTED_EDGE('',*,*,#1867,.F.);
#2584=ORIENTED_EDGE('',*,*,#1901,.T.);
#2585=ORIENTED_EDGE('',*,*,#1906,.T.);
#2586=ORIENTED_EDGE('',*,*,#1904,.F.);
#2587=ORIENTED_EDGE('',*,*,#1906,.F.);
#2588=ORIENTED_EDGE('',*,*,#1900,.F.);
#2589=ORIENTED_EDGE('',*,*,#1903,.F.);
#2590=ORIENTED_EDGE('',*,*,#1905,.F.);
#2591=ORIENTED_EDGE('',*,*,#1889,.T.);
#2592=ORIENTED_EDGE('',*,*,#1892,.T.);
#2593=ORIENTED_EDGE('',*,*,#1895,.T.);
#2594=ORIENTED_EDGE('',*,*,#1898,.T.);
#2595=ORIENTED_EDGE('',*,*,#1907,.F.);
#2596=ORIENTED_EDGE('',*,*,#1908,.T.);
#2597=ORIENTED_EDGE('',*,*,#1860,.F.);
#2598=ORIENTED_EDGE('',*,*,#1908,.F.);
#2599=ORIENTED_EDGE('',*,*,#1849,.F.);
#2600=ORIENTED_EDGE('',*,*,#1816,.T.);
#2601=ORIENTED_EDGE('',*,*,#1909,.F.);
#2602=ORIENTED_EDGE('',*,*,#1910,.F.);
#2603=ORIENTED_EDGE('',*,*,#1911,.T.);
#2604=ORIENTED_EDGE('',*,*,#1909,.T.);
#2605=ORIENTED_EDGE('',*,*,#1815,.T.);
#2606=ORIENTED_EDGE('',*,*,#1777,.F.);
#2607=ORIENTED_EDGE('',*,*,#1907,.T.);
#2608=ORIENTED_EDGE('',*,*,#1912,.F.);
#2609=ORIENTED_EDGE('',*,*,#1913,.T.);
#2610=ORIENTED_EDGE('',*,*,#1859,.F.);
#2611=ORIENTED_EDGE('',*,*,#1913,.F.);
#2612=ORIENTED_EDGE('',*,*,#1851,.F.);
#2613=ORIENTED_EDGE('',*,*,#1914,.T.);
#2614=ORIENTED_EDGE('',*,*,#1915,.F.);
#2615=ORIENTED_EDGE('',*,*,#1916,.F.);
#2616=ORIENTED_EDGE('',*,*,#1852,.F.);
#2617=ORIENTED_EDGE('',*,*,#1916,.T.);
#2618=ORIENTED_EDGE('',*,*,#1917,.F.);
#2619=ORIENTED_EDGE('',*,*,#1918,.T.);
#2620=ORIENTED_EDGE('',*,*,#1917,.T.);
#2621=ORIENTED_EDGE('',*,*,#1915,.T.);
#2622=ORIENTED_EDGE('',*,*,#1919,.T.);
#2623=ORIENTED_EDGE('',*,*,#1920,.F.);
#2624=ORIENTED_EDGE('',*,*,#1912,.T.);
#2625=ORIENTED_EDGE('',*,*,#1921,.F.);
#2626=ORIENTED_EDGE('',*,*,#1922,.T.);
#2627=ORIENTED_EDGE('',*,*,#1858,.F.);
#2628=ORIENTED_EDGE('',*,*,#1922,.F.);
#2629=ORIENTED_EDGE('',*,*,#1854,.F.);
#2630=ORIENTED_EDGE('',*,*,#1923,.F.);
#2631=ORIENTED_EDGE('',*,*,#1924,.F.);
#2632=ORIENTED_EDGE('',*,*,#1702,.T.);
#2633=ORIENTED_EDGE('',*,*,#1925,.F.);
#2634=ORIENTED_EDGE('',*,*,#1924,.T.);
#2635=ORIENTED_EDGE('',*,*,#1921,.T.);
#2636=ORIENTED_EDGE('',*,*,#1926,.T.);
#2637=ORIENTED_EDGE('',*,*,#1715,.F.);
#2638=ORIENTED_EDGE('',*,*,#1781,.T.);
#2639=ORIENTED_EDGE('',*,*,#1741,.F.);
#2640=ORIENTED_EDGE('',*,*,#1739,.T.);
#2641=ORIENTED_EDGE('',*,*,#1784,.T.);
#2642=ORIENTED_EDGE('',*,*,#1844,.T.);
#2643=ORIENTED_EDGE('',*,*,#1848,.F.);
#2644=ORIENTED_EDGE('',*,*,#1857,.F.);
#2645=ORIENTED_EDGE('',*,*,#1927,.T.);
#2646=ORIENTED_EDGE('',*,*,#1928,.T.);
#2647=ORIENTED_EDGE('',*,*,#1929,.T.);
#2648=ORIENTED_EDGE('',*,*,#1660,.T.);
#2649=ORIENTED_EDGE('',*,*,#1745,.T.);
#2650=ORIENTED_EDGE('',*,*,#1717,.T.);
#2651=ORIENTED_EDGE('',*,*,#1661,.T.);
#2652=ORIENTED_EDGE('',*,*,#1929,.F.);
#2653=ORIENTED_EDGE('',*,*,#1930,.T.);
#2654=ORIENTED_EDGE('',*,*,#1931,.T.);
#2655=ORIENTED_EDGE('',*,*,#1664,.T.);
#2656=ORIENTED_EDGE('',*,*,#1681,.T.);
#2657=ORIENTED_EDGE('',*,*,#1706,.T.);
#2658=ORIENTED_EDGE('',*,*,#1733,.T.);
#2659=ORIENTED_EDGE('',*,*,#1655,.T.);
#2660=ORIENTED_EDGE('',*,*,#1767,.F.);
#2661=ORIENTED_EDGE('',*,*,#1697,.T.);
#2662=ORIENTED_EDGE('',*,*,#1687,.T.);
#2663=ORIENTED_EDGE('',*,*,#1695,.T.);
#2664=ORIENTED_EDGE('',*,*,#1925,.T.);
#2665=ORIENTED_EDGE('',*,*,#1932,.F.);
#2666=ORIENTED_EDGE('',*,*,#1928,.F.);
#2667=ORIENTED_EDGE('',*,*,#1703,.T.);
#2668=ORIENTED_EDGE('',*,*,#1933,.T.);
#2669=ORIENTED_EDGE('',*,*,#1934,.F.);
#2670=ORIENTED_EDGE('',*,*,#1935,.T.);
#2671=ORIENTED_EDGE('',*,*,#1936,.T.);
#2672=ORIENTED_EDGE('',*,*,#1937,.T.);
#2673=ORIENTED_EDGE('',*,*,#1666,.T.);
#2674=ORIENTED_EDGE('',*,*,#1933,.F.);
#2675=ORIENTED_EDGE('',*,*,#1938,.T.);
#2676=ORIENTED_EDGE('',*,*,#1939,.T.);
#2677=ORIENTED_EDGE('',*,*,#1940,.T.);
#2678=ORIENTED_EDGE('',*,*,#1935,.F.);
#2679=ORIENTED_EDGE('',*,*,#1941,.F.);
#2680=ORIENTED_EDGE('',*,*,#1942,.T.);
#2681=ORIENTED_EDGE('',*,*,#1667,.T.);
#2682=ORIENTED_EDGE('',*,*,#1937,.F.);
#2683=ORIENTED_EDGE('',*,*,#1943,.T.);
#2684=ORIENTED_EDGE('',*,*,#1944,.F.);
#2685=ORIENTED_EDGE('',*,*,#1939,.F.);
#2686=ORIENTED_EDGE('',*,*,#1945,.F.);
#2687=ORIENTED_EDGE('',*,*,#1772,.F.);
#2688=ORIENTED_EDGE('',*,*,#1654,.T.);
#2689=ORIENTED_EDGE('',*,*,#1668,.T.);
#2690=ORIENTED_EDGE('',*,*,#1942,.F.);
#2691=ORIENTED_EDGE('',*,*,#1946,.T.);
#2692=ORIENTED_EDGE('',*,*,#1763,.F.);
#2693=ORIENTED_EDGE('',*,*,#1947,.T.);
#2694=ORIENTED_EDGE('',*,*,#1948,.T.);
#2695=ORIENTED_EDGE('',*,*,#1871,.T.);
#2696=ORIENTED_EDGE('',*,*,#1642,.T.);
#2697=ORIENTED_EDGE('',*,*,#1949,.F.);
#2698=ORIENTED_EDGE('',*,*,#1950,.T.);
#2699=ORIENTED_EDGE('',*,*,#1951,.F.);
#2700=ORIENTED_EDGE('',*,*,#1947,.F.);
#2701=ORIENTED_EDGE('',*,*,#1766,.F.);
#2702=ORIENTED_EDGE('',*,*,#1650,.F.);
#2703=ORIENTED_EDGE('',*,*,#1946,.F.);
#2704=ORIENTED_EDGE('',*,*,#1952,.F.);
#2705=ORIENTED_EDGE('',*,*,#1953,.F.);
#2706=ORIENTED_EDGE('',*,*,#1644,.T.);
#2707=ORIENTED_EDGE('',*,*,#1943,.F.);
#2708=ORIENTED_EDGE('',*,*,#1954,.F.);
#2709=ORIENTED_EDGE('',*,*,#1955,.T.);
#2710=ORIENTED_EDGE('',*,*,#1952,.T.);
#2711=ORIENTED_EDGE('',*,*,#1938,.F.);
#2712=ORIENTED_EDGE('',*,*,#1936,.F.);
#2713=ORIENTED_EDGE('',*,*,#1956,.F.);
#2714=ORIENTED_EDGE('',*,*,#1957,.F.);
#2715=ORIENTED_EDGE('',*,*,#1958,.F.);
#2716=ORIENTED_EDGE('',*,*,#1954,.T.);
#2717=ORIENTED_EDGE('',*,*,#1926,.F.);
#2718=ORIENTED_EDGE('',*,*,#1959,.F.);
#2719=ORIENTED_EDGE('',*,*,#1855,.F.);
#2720=ORIENTED_EDGE('',*,*,#1845,.T.);
#2721=ORIENTED_EDGE('',*,*,#1740,.F.);
#2722=ORIENTED_EDGE('',*,*,#1927,.F.);
#2723=ORIENTED_EDGE('',*,*,#1856,.F.);
#2724=ORIENTED_EDGE('',*,*,#1959,.T.);
#2725=ORIENTED_EDGE('',*,*,#1787,.F.);
#2726=ORIENTED_EDGE('',*,*,#1960,.F.);
#2727=ORIENTED_EDGE('',*,*,#1961,.F.);
#2728=ORIENTED_EDGE('',*,*,#1962,.T.);
#2729=ORIENTED_EDGE('',*,*,#1788,.F.);
#2730=ORIENTED_EDGE('',*,*,#1962,.F.);
#2731=ORIENTED_EDGE('',*,*,#1963,.F.);
#2732=ORIENTED_EDGE('',*,*,#1964,.T.);
#2733=ORIENTED_EDGE('',*,*,#1789,.F.);
#2734=ORIENTED_EDGE('',*,*,#1964,.F.);
#2735=ORIENTED_EDGE('',*,*,#1965,.F.);
#2736=ORIENTED_EDGE('',*,*,#1966,.T.);
#2737=ORIENTED_EDGE('',*,*,#1790,.F.);
#2738=ORIENTED_EDGE('',*,*,#1966,.F.);
#2739=ORIENTED_EDGE('',*,*,#1967,.F.);
#2740=ORIENTED_EDGE('',*,*,#1804,.T.);
#2741=ORIENTED_EDGE('',*,*,#1807,.F.);
#2742=ORIENTED_EDGE('',*,*,#1968,.F.);
#2743=ORIENTED_EDGE('',*,*,#1969,.T.);
#2744=ORIENTED_EDGE('',*,*,#1785,.F.);
#2745=ORIENTED_EDGE('',*,*,#1786,.F.);
#2746=ORIENTED_EDGE('',*,*,#1969,.F.);
#2747=ORIENTED_EDGE('',*,*,#1970,.F.);
#2748=ORIENTED_EDGE('',*,*,#1960,.T.);
#2749=ORIENTED_EDGE('',*,*,#1971,.F.);
#2750=ORIENTED_EDGE('',*,*,#1972,.T.);
#2751=ORIENTED_EDGE('',*,*,#1973,.T.);
#2752=ORIENTED_EDGE('',*,*,#1972,.F.);
#2753=ORIENTED_EDGE('',*,*,#1973,.F.);
#2754=ORIENTED_EDGE('',*,*,#1974,.F.);
#2755=ORIENTED_EDGE('',*,*,#1975,.T.);
#2756=ORIENTED_EDGE('',*,*,#1976,.T.);
#2757=ORIENTED_EDGE('',*,*,#1975,.F.);
#2758=ORIENTED_EDGE('',*,*,#1976,.F.);
#2759=ORIENTED_EDGE('',*,*,#1977,.F.);
#2760=ORIENTED_EDGE('',*,*,#1978,.T.);
#2761=ORIENTED_EDGE('',*,*,#1979,.T.);
#2762=ORIENTED_EDGE('',*,*,#1978,.F.);
#2763=ORIENTED_EDGE('',*,*,#1979,.F.);
#2764=ORIENTED_EDGE('',*,*,#1808,.T.);
#2765=ORIENTED_EDGE('',*,*,#1977,.T.);
#2766=ORIENTED_EDGE('',*,*,#1800,.T.);
#2767=ORIENTED_EDGE('',*,*,#1974,.T.);
#2768=ORIENTED_EDGE('',*,*,#1746,.T.);
#2769=ORIENTED_EDGE('',*,*,#1971,.T.);
#2770=ORIENTED_EDGE('',*,*,#1920,.T.);
#2771=ORIENTED_EDGE('',*,*,#1980,.F.);
#2772=ORIENTED_EDGE('',*,*,#1930,.F.);
#2773=ORIENTED_EDGE('',*,*,#1932,.T.);
#2774=ORIENTED_EDGE('',*,*,#1923,.T.);
#2775=ORIENTED_EDGE('',*,*,#1853,.F.);
#2776=ORIENTED_EDGE('',*,*,#1918,.F.);
#2777=ORIENTED_EDGE('',*,*,#1931,.F.);
#2778=ORIENTED_EDGE('',*,*,#1980,.T.);
#2779=ORIENTED_EDGE('',*,*,#1919,.F.);
#2780=ORIENTED_EDGE('',*,*,#1914,.F.);
#2781=ORIENTED_EDGE('',*,*,#1850,.F.);
#2782=ORIENTED_EDGE('',*,*,#1910,.T.);
#2783=ORIENTED_EDGE('',*,*,#1911,.F.);
#2784=ORIENTED_EDGE('',*,*,#1776,.F.);
#2785=ORIENTED_EDGE('',*,*,#1768,.T.);
#2786=ORIENTED_EDGE('',*,*,#1945,.T.);
#2787=ORIENTED_EDGE('',*,*,#1941,.T.);
#2788=ORIENTED_EDGE('',*,*,#1934,.T.);
#2789=ORIENTED_EDGE('',*,*,#1665,.T.);
#2790=ORIENTED_EDGE('',*,*,#1981,.F.);
#2791=ORIENTED_EDGE('',*,*,#1982,.T.);
#2792=ORIENTED_EDGE('',*,*,#1983,.F.);
#2793=ORIENTED_EDGE('',*,*,#1984,.F.);
#2794=ORIENTED_EDGE('',*,*,#1985,.F.);
#2795=ORIENTED_EDGE('',*,*,#1984,.T.);
#2796=ORIENTED_EDGE('',*,*,#1986,.F.);
#2797=ORIENTED_EDGE('',*,*,#1987,.F.);
#2798=ORIENTED_EDGE('',*,*,#1988,.F.);
#2799=ORIENTED_EDGE('',*,*,#1987,.T.);
#2800=ORIENTED_EDGE('',*,*,#1989,.F.);
#2801=ORIENTED_EDGE('',*,*,#1990,.F.);
#2802=ORIENTED_EDGE('',*,*,#1991,.F.);
#2803=ORIENTED_EDGE('',*,*,#1990,.T.);
#2804=ORIENTED_EDGE('',*,*,#1992,.F.);
#2805=ORIENTED_EDGE('',*,*,#1993,.F.);
#2806=ORIENTED_EDGE('',*,*,#1994,.F.);
#2807=ORIENTED_EDGE('',*,*,#1993,.T.);
#2808=ORIENTED_EDGE('',*,*,#1995,.F.);
#2809=ORIENTED_EDGE('',*,*,#1996,.F.);
#2810=ORIENTED_EDGE('',*,*,#1997,.F.);
#2811=ORIENTED_EDGE('',*,*,#1996,.T.);
#2812=ORIENTED_EDGE('',*,*,#1998,.F.);
#2813=ORIENTED_EDGE('',*,*,#1999,.F.);
#2814=ORIENTED_EDGE('',*,*,#2000,.F.);
#2815=ORIENTED_EDGE('',*,*,#1999,.T.);
#2816=ORIENTED_EDGE('',*,*,#2001,.F.);
#2817=ORIENTED_EDGE('',*,*,#1982,.F.);
#2818=ORIENTED_EDGE('',*,*,#2001,.T.);
#2819=ORIENTED_EDGE('',*,*,#1998,.T.);
#2820=ORIENTED_EDGE('',*,*,#1995,.T.);
#2821=ORIENTED_EDGE('',*,*,#1992,.T.);
#2822=ORIENTED_EDGE('',*,*,#1989,.T.);
#2823=ORIENTED_EDGE('',*,*,#1986,.T.);
#2824=ORIENTED_EDGE('',*,*,#1983,.T.);
#2825=ORIENTED_EDGE('',*,*,#1963,.T.);
#2826=ORIENTED_EDGE('',*,*,#1961,.T.);
#2827=ORIENTED_EDGE('',*,*,#1970,.T.);
#2828=ORIENTED_EDGE('',*,*,#1968,.T.);
#2829=ORIENTED_EDGE('',*,*,#1806,.F.);
#2830=ORIENTED_EDGE('',*,*,#1810,.T.);
#2831=ORIENTED_EDGE('',*,*,#1802,.T.);
#2832=ORIENTED_EDGE('',*,*,#1967,.T.);
#2833=ORIENTED_EDGE('',*,*,#1965,.T.);
#2834=ORIENTED_EDGE('',*,*,#2002,.F.);
#2835=ORIENTED_EDGE('',*,*,#2003,.T.);
#2836=ORIENTED_EDGE('',*,*,#2004,.T.);
#2837=ORIENTED_EDGE('',*,*,#2003,.F.);
#2838=ORIENTED_EDGE('',*,*,#2004,.F.);
#2839=ORIENTED_EDGE('',*,*,#2005,.F.);
#2840=ORIENTED_EDGE('',*,*,#2006,.F.);
#2841=ORIENTED_EDGE('',*,*,#2007,.F.);
#2842=ORIENTED_EDGE('',*,*,#2008,.T.);
#2843=ORIENTED_EDGE('',*,*,#2009,.T.);
#2844=ORIENTED_EDGE('',*,*,#2008,.F.);
#2845=ORIENTED_EDGE('',*,*,#2010,.F.);
#2846=ORIENTED_EDGE('',*,*,#2009,.F.);
#2847=ORIENTED_EDGE('',*,*,#2011,.F.);
#2848=ORIENTED_EDGE('',*,*,#2006,.T.);
#2849=ORIENTED_EDGE('',*,*,#2012,.T.);
#2850=ORIENTED_EDGE('',*,*,#2013,.F.);
#2851=ORIENTED_EDGE('',*,*,#2014,.T.);
#2852=ORIENTED_EDGE('',*,*,#2015,.F.);
#2853=ORIENTED_EDGE('',*,*,#2016,.T.);
#2854=ORIENTED_EDGE('',*,*,#2011,.T.);
#2855=ORIENTED_EDGE('',*,*,#2017,.T.);
#2856=ORIENTED_EDGE('',*,*,#2018,.F.);
#2857=ORIENTED_EDGE('',*,*,#2017,.F.);
#2858=ORIENTED_EDGE('',*,*,#2005,.T.);
#2859=ORIENTED_EDGE('',*,*,#2019,.T.);
#2860=ORIENTED_EDGE('',*,*,#2020,.F.);
#2861=ORIENTED_EDGE('',*,*,#2019,.F.);
#2862=ORIENTED_EDGE('',*,*,#2010,.T.);
#2863=ORIENTED_EDGE('',*,*,#2007,.T.);
#2864=ORIENTED_EDGE('',*,*,#2016,.F.);
#2865=ORIENTED_EDGE('',*,*,#2021,.F.);
#2866=ORIENTED_EDGE('',*,*,#2022,.T.);
#2867=ORIENTED_EDGE('',*,*,#2023,.T.);
#2868=ORIENTED_EDGE('',*,*,#2024,.F.);
#2869=ORIENTED_EDGE('',*,*,#2025,.F.);
#2870=ORIENTED_EDGE('',*,*,#2026,.F.);
#2871=ORIENTED_EDGE('',*,*,#2012,.F.);
#2872=ORIENTED_EDGE('',*,*,#2002,.T.);
#2873=ORIENTED_EDGE('',*,*,#2027,.F.);
#2874=ORIENTED_EDGE('',*,*,#2028,.F.);
#2875=ORIENTED_EDGE('',*,*,#2022,.F.);
#2876=ORIENTED_EDGE('',*,*,#2029,.F.);
#2877=ORIENTED_EDGE('',*,*,#2030,.F.);
#2878=ORIENTED_EDGE('',*,*,#2031,.F.);
#2879=ORIENTED_EDGE('',*,*,#2032,.F.);
#2880=ORIENTED_EDGE('',*,*,#2033,.T.);
#2881=ORIENTED_EDGE('',*,*,#2034,.F.);
#2882=ORIENTED_EDGE('',*,*,#2035,.F.);
#2883=ORIENTED_EDGE('',*,*,#2036,.T.);
#2884=ORIENTED_EDGE('',*,*,#2027,.T.);
#2885=ORIENTED_EDGE('',*,*,#2037,.F.);
#2886=ORIENTED_EDGE('',*,*,#2038,.F.);
#2887=ORIENTED_EDGE('',*,*,#2014,.F.);
#2888=ORIENTED_EDGE('',*,*,#2039,.F.);
#2889=ORIENTED_EDGE('',*,*,#2040,.F.);
#2890=ORIENTED_EDGE('',*,*,#2041,.F.);
#2891=ORIENTED_EDGE('',*,*,#2042,.F.);
#2892=ORIENTED_EDGE('',*,*,#2018,.T.);
#2893=ORIENTED_EDGE('',*,*,#2020,.T.);
#2894=ORIENTED_EDGE('',*,*,#2041,.T.);
#2895=ORIENTED_EDGE('',*,*,#2043,.F.);
#2896=ORIENTED_EDGE('',*,*,#2044,.F.);
#2897=ORIENTED_EDGE('',*,*,#2037,.T.);
#2898=ORIENTED_EDGE('',*,*,#2030,.T.);
#2899=ORIENTED_EDGE('',*,*,#2045,.F.);
#2900=ORIENTED_EDGE('',*,*,#2046,.F.);
#2901=ORIENTED_EDGE('',*,*,#2036,.F.);
#2902=ORIENTED_EDGE('',*,*,#2047,.F.);
#2903=ORIENTED_EDGE('',*,*,#2048,.F.);
#2904=ORIENTED_EDGE('',*,*,#2049,.F.);
#2905=ORIENTED_EDGE('',*,*,#2023,.F.);
#2906=ORIENTED_EDGE('',*,*,#2028,.T.);
#2907=ORIENTED_EDGE('',*,*,#2029,.T.);
#2908=ORIENTED_EDGE('',*,*,#2021,.T.);
#2909=ORIENTED_EDGE('',*,*,#2050,.F.);
#2910=ORIENTED_EDGE('',*,*,#2045,.T.);
#2911=ORIENTED_EDGE('',*,*,#2049,.T.);
#2912=ORIENTED_EDGE('',*,*,#2051,.T.);
#2913=ORIENTED_EDGE('',*,*,#2052,.T.);
#2914=ORIENTED_EDGE('',*,*,#2024,.T.);
#2915=ORIENTED_EDGE('',*,*,#2048,.T.);
#2916=ORIENTED_EDGE('',*,*,#2053,.F.);
#2917=ORIENTED_EDGE('',*,*,#2054,.F.);
#2918=ORIENTED_EDGE('',*,*,#2055,.F.);
#2919=ORIENTED_EDGE('',*,*,#2056,.T.);
#2920=ORIENTED_EDGE('',*,*,#2057,.F.);
#2921=ORIENTED_EDGE('',*,*,#2051,.F.);
#2922=ORIENTED_EDGE('',*,*,#2058,.F.);
#2923=ORIENTED_EDGE('',*,*,#2059,.T.);
#2924=ORIENTED_EDGE('',*,*,#2060,.T.);
#2925=ORIENTED_EDGE('',*,*,#2061,.T.);
#2926=ORIENTED_EDGE('',*,*,#2033,.F.);
#2927=ORIENTED_EDGE('',*,*,#2062,.T.);
#2928=ORIENTED_EDGE('',*,*,#2063,.T.);
#2929=ORIENTED_EDGE('',*,*,#2060,.F.);
#2930=ORIENTED_EDGE('',*,*,#2064,.T.);
#2931=ORIENTED_EDGE('',*,*,#2065,.F.);
#2932=ORIENTED_EDGE('',*,*,#2066,.T.);
#2933=ORIENTED_EDGE('',*,*,#2062,.F.);
#2934=ORIENTED_EDGE('',*,*,#2067,.T.);
#2935=ORIENTED_EDGE('',*,*,#2067,.F.);
#2936=ORIENTED_EDGE('',*,*,#2064,.F.);
#2937=ORIENTED_EDGE('',*,*,#2059,.F.);
#2938=ORIENTED_EDGE('',*,*,#2068,.F.);
#2939=ORIENTED_EDGE('',*,*,#2069,.F.);
#2940=ORIENTED_EDGE('',*,*,#2070,.F.);
#2941=ORIENTED_EDGE('',*,*,#2071,.F.);
#2942=ORIENTED_EDGE('',*,*,#2072,.F.);
#2943=ORIENTED_EDGE('',*,*,#2073,.F.);
#2944=ORIENTED_EDGE('',*,*,#2074,.F.);
#2945=ORIENTED_EDGE('',*,*,#1950,.F.);
#2946=ORIENTED_EDGE('',*,*,#2047,.T.);
#2947=ORIENTED_EDGE('',*,*,#2035,.T.);
#2948=ORIENTED_EDGE('',*,*,#2075,.T.);
#2949=ORIENTED_EDGE('',*,*,#2053,.T.);
#2950=ORIENTED_EDGE('',*,*,#2054,.T.);
#2951=ORIENTED_EDGE('',*,*,#2075,.F.);
#2952=ORIENTED_EDGE('',*,*,#2076,.T.);
#2953=ORIENTED_EDGE('',*,*,#2077,.T.);
#2954=ORIENTED_EDGE('',*,*,#2078,.T.);
#2955=ORIENTED_EDGE('',*,*,#2079,.T.);
#2956=ORIENTED_EDGE('',*,*,#2080,.T.);
#2957=ORIENTED_EDGE('',*,*,#2081,.T.);
#2958=ORIENTED_EDGE('',*,*,#2082,.T.);
#2959=ORIENTED_EDGE('',*,*,#2083,.T.);
#2960=ORIENTED_EDGE('',*,*,#2084,.T.);
#2961=ORIENTED_EDGE('',*,*,#2080,.F.);
#2962=ORIENTED_EDGE('',*,*,#2085,.T.);
#2963=ORIENTED_EDGE('',*,*,#2086,.T.);
#2964=ORIENTED_EDGE('',*,*,#2083,.F.);
#2965=ORIENTED_EDGE('',*,*,#2087,.T.);
#2966=ORIENTED_EDGE('',*,*,#2055,.T.);
#2967=ORIENTED_EDGE('',*,*,#2077,.F.);
#2968=ORIENTED_EDGE('',*,*,#2087,.F.);
#2969=ORIENTED_EDGE('',*,*,#2085,.F.);
#2970=ORIENTED_EDGE('',*,*,#2079,.F.);
#2971=ORIENTED_EDGE('',*,*,#2088,.F.);
#2972=ORIENTED_EDGE('',*,*,#2089,.F.);
#2973=ORIENTED_EDGE('',*,*,#2090,.F.);
#2974=ORIENTED_EDGE('',*,*,#2091,.F.);
#2975=ORIENTED_EDGE('',*,*,#2092,.F.);
#2976=ORIENTED_EDGE('',*,*,#2056,.F.);
#2977=ORIENTED_EDGE('',*,*,#2078,.F.);
#2978=ORIENTED_EDGE('',*,*,#2093,.F.);
#2979=ORIENTED_EDGE('',*,*,#1957,.T.);
#2980=ORIENTED_EDGE('',*,*,#2094,.F.);
#2981=ORIENTED_EDGE('',*,*,#2095,.F.);
#2982=ORIENTED_EDGE('',*,*,#2096,.F.);
#2983=ORIENTED_EDGE('',*,*,#2088,.T.);
#2984=ORIENTED_EDGE('',*,*,#2093,.T.);
#2985=ORIENTED_EDGE('',*,*,#2082,.F.);
#2986=ORIENTED_EDGE('',*,*,#2097,.F.);
#2987=ORIENTED_EDGE('',*,*,#2065,.T.);
#2988=ORIENTED_EDGE('',*,*,#1949,.T.);
#2989=ORIENTED_EDGE('',*,*,#1641,.T.);
#2990=ORIENTED_EDGE('',*,*,#1648,.T.);
#2991=ORIENTED_EDGE('',*,*,#1645,.T.);
#2992=ORIENTED_EDGE('',*,*,#1953,.T.);
#2993=ORIENTED_EDGE('',*,*,#1955,.F.);
#2994=ORIENTED_EDGE('',*,*,#1958,.T.);
#2995=ORIENTED_EDGE('',*,*,#1637,.T.);
#2996=ORIENTED_EDGE('',*,*,#1981,.T.);
#2997=ORIENTED_EDGE('',*,*,#1985,.T.);
#2998=ORIENTED_EDGE('',*,*,#1988,.T.);
#2999=ORIENTED_EDGE('',*,*,#1991,.T.);
#3000=ORIENTED_EDGE('',*,*,#1994,.T.);
#3001=ORIENTED_EDGE('',*,*,#1997,.T.);
#3002=ORIENTED_EDGE('',*,*,#2000,.T.);
#3003=ORIENTED_EDGE('',*,*,#2066,.F.);
#3004=ORIENTED_EDGE('',*,*,#2097,.T.);
#3005=ORIENTED_EDGE('',*,*,#2081,.F.);
#3006=ORIENTED_EDGE('',*,*,#2098,.T.);
#3007=ORIENTED_EDGE('',*,*,#2099,.T.);
#3008=ORIENTED_EDGE('',*,*,#2052,.F.);
#3009=ORIENTED_EDGE('',*,*,#2057,.T.);
#3010=ORIENTED_EDGE('',*,*,#2092,.T.);
#3011=ORIENTED_EDGE('',*,*,#2100,.T.);
#3012=ORIENTED_EDGE('',*,*,#2073,.T.);
#3013=ORIENTED_EDGE('',*,*,#2101,.T.);
#3014=ORIENTED_EDGE('',*,*,#2102,.T.);
#3015=ORIENTED_EDGE('',*,*,#2103,.T.);
#3016=ORIENTED_EDGE('',*,*,#2095,.T.);
#3017=ORIENTED_EDGE('',*,*,#2104,.T.);
#3018=ORIENTED_EDGE('',*,*,#1874,.T.);
#3019=ORIENTED_EDGE('',*,*,#2105,.T.);
#3020=ORIENTED_EDGE('',*,*,#1771,.F.);
#3021=ORIENTED_EDGE('',*,*,#1813,.T.);
#3022=ORIENTED_EDGE('',*,*,#2104,.F.);
#3023=ORIENTED_EDGE('',*,*,#2094,.T.);
#3024=ORIENTED_EDGE('',*,*,#2106,.T.);
#3025=ORIENTED_EDGE('',*,*,#1944,.T.);
#3026=ORIENTED_EDGE('',*,*,#1940,.F.);
#3027=ORIENTED_EDGE('',*,*,#2106,.F.);
#3028=ORIENTED_EDGE('',*,*,#1956,.T.);
#3029=ORIENTED_EDGE('',*,*,#2107,.T.);
#3030=ORIENTED_EDGE('',*,*,#1948,.F.);
#3031=ORIENTED_EDGE('',*,*,#1951,.T.);
#3032=ORIENTED_EDGE('',*,*,#2074,.T.);
#3033=ORIENTED_EDGE('',*,*,#2103,.F.);
#3034=ORIENTED_EDGE('',*,*,#2091,.T.);
#3035=ORIENTED_EDGE('',*,*,#2108,.T.);
#3036=ORIENTED_EDGE('',*,*,#2109,.T.);
#3037=ORIENTED_EDGE('',*,*,#2100,.F.);
#3038=ORIENTED_EDGE('',*,*,#2110,.T.);
#3039=ORIENTED_EDGE('',*,*,#1864,.T.);
#3040=ORIENTED_EDGE('',*,*,#2108,.F.);
#3041=ORIENTED_EDGE('',*,*,#2090,.T.);
#3042=ORIENTED_EDGE('',*,*,#1873,.T.);
#3043=ORIENTED_EDGE('',*,*,#2110,.F.);
#3044=ORIENTED_EDGE('',*,*,#2089,.T.);
#3045=ORIENTED_EDGE('',*,*,#2096,.T.);
#3046=ORIENTED_EDGE('',*,*,#2105,.F.);
#3047=ORIENTED_EDGE('',*,*,#2111,.T.);
#3048=ORIENTED_EDGE('',*,*,#1862,.T.);
#3049=ORIENTED_EDGE('',*,*,#2101,.F.);
#3050=ORIENTED_EDGE('',*,*,#2072,.T.);
#3051=ORIENTED_EDGE('',*,*,#2112,.T.);
#3052=ORIENTED_EDGE('',*,*,#2113,.T.);
#3053=ORIENTED_EDGE('',*,*,#2111,.F.);
#3054=ORIENTED_EDGE('',*,*,#2071,.T.);
#3055=ORIENTED_EDGE('',*,*,#2114,.T.);
#3056=ORIENTED_EDGE('',*,*,#2115,.T.);
#3057=ORIENTED_EDGE('',*,*,#2112,.F.);
#3058=ORIENTED_EDGE('',*,*,#2070,.T.);
#3059=ORIENTED_EDGE('',*,*,#2038,.T.);
#3060=ORIENTED_EDGE('',*,*,#2046,.T.);
#3061=ORIENTED_EDGE('',*,*,#2050,.T.);
#3062=ORIENTED_EDGE('',*,*,#2015,.T.);
#3063=ORIENTED_EDGE('',*,*,#2040,.T.);
#3064=ORIENTED_EDGE('',*,*,#2116,.T.);
#3065=ORIENTED_EDGE('',*,*,#2117,.T.);
#3066=ORIENTED_EDGE('',*,*,#2043,.T.);
#3067=ORIENTED_EDGE('',*,*,#2118,.T.);
#3068=ORIENTED_EDGE('',*,*,#2119,.T.);
#3069=ORIENTED_EDGE('',*,*,#2120,.T.);
#3070=ORIENTED_EDGE('',*,*,#2031,.T.);
#3071=ORIENTED_EDGE('',*,*,#2121,.T.);
#3072=ORIENTED_EDGE('',*,*,#2118,.F.);
#3073=ORIENTED_EDGE('',*,*,#2042,.T.);
#3074=ORIENTED_EDGE('',*,*,#2044,.T.);
#3075=ORIENTED_EDGE('',*,*,#2117,.F.);
#3076=ORIENTED_EDGE('',*,*,#2068,.T.);
#3077=ORIENTED_EDGE('',*,*,#2058,.T.);
#3078=ORIENTED_EDGE('',*,*,#2032,.T.);
#3079=ORIENTED_EDGE('',*,*,#2120,.F.);
#3080=ORIENTED_EDGE('',*,*,#2122,.T.);
#3081=ORIENTED_EDGE('',*,*,#2123,.T.);
#3082=ORIENTED_EDGE('',*,*,#2069,.T.);
#3083=ORIENTED_EDGE('',*,*,#2123,.F.);
#3084=ORIENTED_EDGE('',*,*,#2124,.T.);
#3085=ORIENTED_EDGE('',*,*,#2125,.F.);
#3086=ORIENTED_EDGE('',*,*,#2114,.F.);
#3087=ORIENTED_EDGE('',*,*,#2125,.T.);
#3088=ORIENTED_EDGE('',*,*,#2124,.F.);
#3089=ORIENTED_EDGE('',*,*,#2126,.F.);
#3090=ORIENTED_EDGE('',*,*,#2127,.T.);
#3091=ORIENTED_EDGE('',*,*,#2115,.F.);
#3092=ORIENTED_EDGE('',*,*,#2122,.F.);
#3093=ORIENTED_EDGE('',*,*,#2119,.F.);
#3094=ORIENTED_EDGE('',*,*,#2128,.T.);
#3095=ORIENTED_EDGE('',*,*,#2026,.T.);
#3096=ORIENTED_EDGE('',*,*,#2126,.T.);
#3097=ORIENTED_EDGE('',*,*,#2039,.T.);
#3098=ORIENTED_EDGE('',*,*,#2013,.T.);
#3099=ORIENTED_EDGE('',*,*,#2128,.F.);
#3100=ORIENTED_EDGE('',*,*,#2121,.F.);
#3101=ORIENTED_EDGE('',*,*,#2116,.F.);
#3102=ORIENTED_EDGE('',*,*,#2113,.F.);
#3103=ORIENTED_EDGE('',*,*,#2127,.F.);
#3104=ORIENTED_EDGE('',*,*,#2025,.T.);
#3105=ORIENTED_EDGE('',*,*,#2099,.F.);
#3106=ORIENTED_EDGE('',*,*,#2109,.F.);
#3107=ORIENTED_EDGE('',*,*,#1863,.T.);
#3108=ORIENTED_EDGE('',*,*,#1840,.T.);
#3109=ORIENTED_EDGE('',*,*,#1872,.T.);
#3110=ORIENTED_EDGE('',*,*,#2107,.F.);
#3111=ORIENTED_EDGE('',*,*,#2102,.F.);
#3112=ORIENTED_EDGE('',*,*,#1861,.T.);
#3113=ORIENTED_EDGE('',*,*,#1833,.T.);
#3114=ORIENTED_EDGE('',*,*,#2063,.F.);
#3115=ORIENTED_EDGE('',*,*,#2098,.F.);
#3116=ORIENTED_EDGE('',*,*,#2084,.F.);
#3117=ORIENTED_EDGE('',*,*,#2129,.F.);
#3118=ORIENTED_EDGE('',*,*,#1674,.T.);
#3119=ORIENTED_EDGE('',*,*,#1677,.T.);
#3120=ORIENTED_EDGE('',*,*,#1680,.T.);
#3121=ORIENTED_EDGE('',*,*,#2061,.F.);
#3122=ORIENTED_EDGE('',*,*,#2129,.T.);
#3123=ORIENTED_EDGE('',*,*,#2086,.F.);
#3124=ORIENTED_EDGE('',*,*,#2076,.F.);
#3125=ORIENTED_EDGE('',*,*,#2034,.T.);
#3126=CYLINDRICAL_SURFACE('',#3410,3.);
#3127=CYLINDRICAL_SURFACE('',#3415,1.15);
#3128=CYLINDRICAL_SURFACE('',#3421,5.);
#3129=CYLINDRICAL_SURFACE('',#3424,2.5);
#3130=CYLINDRICAL_SURFACE('',#3426,2.5);
#3131=CYLINDRICAL_SURFACE('',#3431,0.799999999999997);
#3132=CYLINDRICAL_SURFACE('',#3434,0.800000000000002);
#3133=CYLINDRICAL_SURFACE('',#3437,0.8);
#3134=CYLINDRICAL_SURFACE('',#3440,0.8);
#3135=CYLINDRICAL_SURFACE('',#3443,3.);
#3136=CYLINDRICAL_SURFACE('',#3446,3.);
#3137=CYLINDRICAL_SURFACE('',#3453,5.);
#3138=CYLINDRICAL_SURFACE('',#3458,2.5);
#3139=CYLINDRICAL_SURFACE('',#3469,5.);
#3140=CYLINDRICAL_SURFACE('',#3472,5.);
#3141=CYLINDRICAL_SURFACE('',#3474,3.);
#3142=CYLINDRICAL_SURFACE('',#3483,2.);
#3143=CYLINDRICAL_SURFACE('',#3495,2.);
#3144=CYLINDRICAL_SURFACE('',#3510,3.);
#3145=CYLINDRICAL_SURFACE('',#3512,2.);
#3146=CYLINDRICAL_SURFACE('',#3514,3.);
#3147=CYLINDRICAL_SURFACE('',#3518,5.);
#3148=CYLINDRICAL_SURFACE('',#3532,21.);
#3149=CYLINDRICAL_SURFACE('',#3534,5.);
#3150=CYLINDRICAL_SURFACE('',#3548,20.);
#3151=CYLINDRICAL_SURFACE('',#3551,0.799999999999999);
#3152=CYLINDRICAL_SURFACE('',#3555,0.8);
#3153=CYLINDRICAL_SURFACE('',#3559,0.799999999999998);
#3154=CYLINDRICAL_SURFACE('',#3563,0.8);
#3155=CYLINDRICAL_SURFACE('',#3567,2.);
#3156=CYLINDRICAL_SURFACE('',#3571,2.);
#3157=CYLINDRICAL_SURFACE('',#3575,2.);
#3158=CYLINDRICAL_SURFACE('',#3579,2.);
#3159=CYLINDRICAL_SURFACE('',#3588,1.3);
#3160=CYLINDRICAL_SURFACE('',#3590,3.);
#3161=CYLINDRICAL_SURFACE('',#3593,1.3);
#3162=CYLINDRICAL_SURFACE('',#3595,3.);
#3163=CYLINDRICAL_SURFACE('',#3597,5.);
#3164=CYLINDRICAL_SURFACE('',#3600,1.3);
#3165=CYLINDRICAL_SURFACE('',#3602,41.5208333333333);
#3166=CYLINDRICAL_SURFACE('',#3605,5.);
#3167=CYLINDRICAL_SURFACE('',#3607,5.);
#3168=CYLINDRICAL_SURFACE('',#3609,5.);
#3169=CYLINDRICAL_SURFACE('',#3611,5.);
#3170=CYLINDRICAL_SURFACE('',#3617,2.5);
#3171=CYLINDRICAL_SURFACE('',#3619,2.5);
#3172=CYLINDRICAL_SURFACE('',#3620,1.);
#3173=CYLINDRICAL_SURFACE('',#3630,13.1044273896816);
#3174=CYLINDRICAL_SURFACE('',#3634,1.3);
#3175=CYLINDRICAL_SURFACE('',#3638,1.3);
#3176=CYLINDRICAL_SURFACE('',#3642,1.3);
#3177=CYLINDRICAL_SURFACE('',#3654,7.43663125288917);
#3178=CYLINDRICAL_SURFACE('',#3658,14.1044273896817);
#3179=CYLINDRICAL_SURFACE('',#3662,3.5);
#3180=CYLINDRICAL_SURFACE('',#3667,3.5);
#3181=CYLINDRICAL_SURFACE('',#3673,10.);
#3182=CYLINDRICAL_SURFACE('',#3674,1.75);
#3183=CYLINDRICAL_SURFACE('',#3676,1.75);
#3184=CYLINDRICAL_SURFACE('',#3682,10.);
#3185=CYLINDRICAL_SURFACE('',#3694,1.);
#3186=CYLINDRICAL_SURFACE('',#3702,1.);
#3187=CYLINDRICAL_SURFACE('',#3709,1.);
#3188=CYLINDRICAL_SURFACE('',#3716,1.);
#3189=CYLINDRICAL_SURFACE('',#3726,20.);
#3190=CYLINDRICAL_SURFACE('',#3733,1.);
#3191=CYLINDRICAL_SURFACE('',#3739,1.);
#3192=CYLINDRICAL_SURFACE('',#3741,1.);
#3193=CYLINDRICAL_SURFACE('',#3755,20.);
#3194=CYLINDRICAL_SURFACE('',#3756,20.);
#3195=CYLINDRICAL_SURFACE('',#3758,20.);
#3196=ADVANCED_FACE('',(#294),#3126,.F.);
#3197=ADVANCED_FACE('',(#295,#186),#222,.T.);
#3198=ADVANCED_FACE('',(#296),#3127,.F.);
#3199=ADVANCED_FACE('',(#297),#223,.T.);
#3200=ADVANCED_FACE('',(#298),#224,.T.);
#3201=ADVANCED_FACE('',(#299),#3128,.T.);
#3202=ADVANCED_FACE('',(#300),#3129,.F.);
#3203=ADVANCED_FACE('',(#301),#3130,.F.);
#3204=ADVANCED_FACE('',(#302),#225,.F.);
#3205=ADVANCED_FACE('',(#303),#3131,.F.);
#3206=ADVANCED_FACE('',(#304),#3132,.F.);
#3207=ADVANCED_FACE('',(#305),#3133,.F.);
#3208=ADVANCED_FACE('',(#306),#3134,.F.);
#3209=ADVANCED_FACE('',(#307),#3135,.F.);
#3210=ADVANCED_FACE('',(#308),#3136,.F.);
#3211=ADVANCED_FACE('',(#309),#226,.F.);
#3212=ADVANCED_FACE('',(#310),#227,.F.);
#3213=ADVANCED_FACE('',(#311,#187),#228,.T.);
#3214=ADVANCED_FACE('',(#312),#3137,.F.);
#3215=ADVANCED_FACE('',(#313),#3138,.F.);
#3216=ADVANCED_FACE('',(#314),#229,.F.);
#3217=ADVANCED_FACE('',(#315),#230,.F.);
#3218=ADVANCED_FACE('',(#316),#231,.F.);
#3219=ADVANCED_FACE('',(#317),#232,.F.);
#3220=ADVANCED_FACE('',(#318),#233,.F.);
#3221=ADVANCED_FACE('',(#319),#3139,.F.);
#3222=ADVANCED_FACE('',(#320),#3140,.T.);
#3223=ADVANCED_FACE('',(#321),#3141,.T.);
#3224=ADVANCED_FACE('',(#322),#55,.F.);
#3225=ADVANCED_FACE('',(#323),#56,.F.);
#3226=ADVANCED_FACE('',(#324),#3142,.F.);
#3227=ADVANCED_FACE('',(#325),#24,.T.);
#3228=ADVANCED_FACE('',(#326),#25,.T.);
#3229=ADVANCED_FACE('',(#327),#26,.T.);
#3230=ADVANCED_FACE('',(#328),#57,.T.);
#3231=ADVANCED_FACE('',(#329),#58,.F.);
#3232=ADVANCED_FACE('',(#330),#3143,.F.);
#3233=ADVANCED_FACE('',(#331),#234,.T.);
#3234=ADVANCED_FACE('',(#332),#27,.T.);
#3235=ADVANCED_FACE('',(#333,#188,#189),#235,.T.);
#3236=ADVANCED_FACE('',(#334),#59,.F.);
#3237=ADVANCED_FACE('',(#335),#28,.T.);
#3238=ADVANCED_FACE('',(#336),#3144,.T.);
#3239=ADVANCED_FACE('',(#337),#3145,.F.);
#3240=ADVANCED_FACE('',(#338),#29,.T.);
#3241=ADVANCED_FACE('',(#339),#3146,.T.);
#3242=ADVANCED_FACE('',(#340),#236,.T.);
#3243=ADVANCED_FACE('',(#341),#3147,.F.);
#3244=ADVANCED_FACE('',(#342),#237,.F.);
#3245=ADVANCED_FACE('',(#343),#238,.F.);
#3246=ADVANCED_FACE('',(#344),#239,.F.);
#3247=ADVANCED_FACE('',(#345),#240,.T.);
#3248=ADVANCED_FACE('',(#346),#241,.T.);
#3249=ADVANCED_FACE('',(#347),#3148,.T.);
#3250=ADVANCED_FACE('',(#348),#242,.F.);
#3251=ADVANCED_FACE('',(#349),#3149,.F.);
#3252=ADVANCED_FACE('',(#350,#190),#243,.F.);
#3253=ADVANCED_FACE('',(#351),#244,.F.);
#3254=ADVANCED_FACE('',(#352,#191,#192,#193),#245,.T.);
#3255=ADVANCED_FACE('',(#353,#194,#195,#196),#246,.T.);
#3256=ADVANCED_FACE('',(#354),#247,.T.);
#3257=ADVANCED_FACE('',(#355),#3150,.T.);
#3258=ADVANCED_FACE('',(#356),#3151,.F.);
#3259=ADVANCED_FACE('',(#357),#248,.T.);
#3260=ADVANCED_FACE('',(#358),#3152,.F.);
#3261=ADVANCED_FACE('',(#359),#249,.T.);
#3262=ADVANCED_FACE('',(#360),#3153,.F.);
#3263=ADVANCED_FACE('',(#361),#250,.T.);
#3264=ADVANCED_FACE('',(#362),#3154,.F.);
#3265=ADVANCED_FACE('',(#363),#251,.T.);
#3266=ADVANCED_FACE('',(#364),#3155,.T.);
#3267=ADVANCED_FACE('',(#365,#197),#252,.T.);
#3268=ADVANCED_FACE('',(#366),#3156,.T.);
#3269=ADVANCED_FACE('',(#367,#198),#253,.T.);
#3270=ADVANCED_FACE('',(#368),#3157,.T.);
#3271=ADVANCED_FACE('',(#369,#199),#254,.T.);
#3272=ADVANCED_FACE('',(#370),#3158,.T.);
#3273=ADVANCED_FACE('',(#371,#200),#255,.T.);
#3274=ADVANCED_FACE('',(#372),#256,.F.);
#3275=ADVANCED_FACE('',(#373),#257,.F.);
#3276=ADVANCED_FACE('',(#374),#258,.F.);
#3277=ADVANCED_FACE('',(#375),#259,.F.);
#3278=ADVANCED_FACE('',(#376,#201,#202,#203,#204),#260,.F.);
#3279=ADVANCED_FACE('',(#377),#3159,.F.);
#3280=ADVANCED_FACE('',(#378),#3160,.T.);
#3281=ADVANCED_FACE('',(#379,#205),#261,.F.);
#3282=ADVANCED_FACE('',(#380),#3161,.F.);
#3283=ADVANCED_FACE('',(#381),#3162,.T.);
#3284=ADVANCED_FACE('',(#382),#3163,.F.);
#3285=ADVANCED_FACE('',(#383,#206),#262,.F.);
#3286=ADVANCED_FACE('',(#384),#3164,.F.);
#3287=ADVANCED_FACE('',(#385),#3165,.T.);
#3288=ADVANCED_FACE('',(#386,#207),#263,.F.);
#3289=ADVANCED_FACE('',(#387),#3166,.F.);
#3290=ADVANCED_FACE('',(#388),#264,.F.);
#3291=ADVANCED_FACE('',(#389),#3167,.T.);
#3292=ADVANCED_FACE('',(#390),#3168,.T.);
#3293=ADVANCED_FACE('',(#391),#3169,.T.);
#3294=ADVANCED_FACE('',(#392),#265,.T.);
#3295=ADVANCED_FACE('',(#393),#30,.T.);
#3296=ADVANCED_FACE('',(#394),#31,.T.);
#3297=ADVANCED_FACE('',(#395),#32,.T.);
#3298=ADVANCED_FACE('',(#396),#3170,.F.);
#3299=ADVANCED_FACE('',(#397),#3171,.F.);
#3300=ADVANCED_FACE('',(#398),#33,.T.);
#3301=ADVANCED_FACE('',(#399),#3172,.T.);
#3302=ADVANCED_FACE('',(#400),#266,.T.);
#3303=ADVANCED_FACE('',(#401),#19,.F.);
#3304=ADVANCED_FACE('',(#402),#267,.T.);
#3305=ADVANCED_FACE('',(#403),#20,.F.);
#3306=ADVANCED_FACE('',(#404),#268,.F.);
#3307=ADVANCED_FACE('',(#405),#269,.F.);
#3308=ADVANCED_FACE('',(#406),#270,.F.);
#3309=ADVANCED_FACE('',(#407),#34,.F.);
#3310=ADVANCED_FACE('',(#408),#3173,.F.);
#3311=ADVANCED_FACE('',(#409),#271,.F.);
#3312=ADVANCED_FACE('',(#410),#35,.F.);
#3313=ADVANCED_FACE('',(#411),#21,.T.);
#3314=ADVANCED_FACE('',(#412),#3174,.F.);
#3315=ADVANCED_FACE('',(#413),#272,.T.);
#3316=ADVANCED_FACE('',(#414),#3175,.F.);
#3317=ADVANCED_FACE('',(#415),#273,.T.);
#3318=ADVANCED_FACE('',(#416),#3176,.F.);
#3319=ADVANCED_FACE('',(#417),#274,.T.);
#3320=ADVANCED_FACE('',(#418,#208),#275,.T.);
#3321=ADVANCED_FACE('',(#419,#209),#276,.T.);
#3322=ADVANCED_FACE('',(#420,#210),#277,.T.);
#3323=ADVANCED_FACE('',(#421),#278,.T.);
#3324=ADVANCED_FACE('',(#422),#279,.T.);
#3325=ADVANCED_FACE('',(#423),#36,.T.);
#3326=ADVANCED_FACE('',(#424),#280,.T.);
#3327=ADVANCED_FACE('',(#425),#22,.F.);
#3328=ADVANCED_FACE('',(#426),#37,.T.);
#3329=ADVANCED_FACE('',(#427),#3177,.T.);
#3330=ADVANCED_FACE('',(#428),#281,.T.);
#3331=ADVANCED_FACE('',(#429),#3178,.T.);
#3332=ADVANCED_FACE('',(#430,#211),#282,.T.);
#3333=ADVANCED_FACE('',(#431),#3179,.F.);
#3334=ADVANCED_FACE('',(#432,#212),#283,.T.);
#3335=ADVANCED_FACE('',(#433),#3180,.F.);
#3336=ADVANCED_FACE('',(#434,#213),#284,.T.);
#3337=ADVANCED_FACE('',(#435),#3181,.T.);
#3338=ADVANCED_FACE('',(#436),#3182,.F.);
#3339=ADVANCED_FACE('',(#437),#3183,.F.);
#3340=ADVANCED_FACE('',(#438,#214),#285,.T.);
#3341=ADVANCED_FACE('',(#439),#3184,.F.);
#3342=ADVANCED_FACE('',(#440,#215,#216),#286,.F.);
#3343=ADVANCED_FACE('',(#441),#23,.F.);
#3344=ADVANCED_FACE('',(#442),#18,.F.);
#3345=ADVANCED_FACE('',(#443),#287,.F.);
#3346=ADVANCED_FACE('',(#444),#38,.F.);
#3347=ADVANCED_FACE('',(#445),#3185,.T.);
#3348=ADVANCED_FACE('',(#446),#288,.T.);
#3349=ADVANCED_FACE('',(#447),#39,.F.);
#3350=ADVANCED_FACE('',(#448),#3186,.T.);
#3351=ADVANCED_FACE('',(#449),#40,.F.);
#3352=ADVANCED_FACE('',(#450),#289,.T.);
#3353=ADVANCED_FACE('',(#451),#3187,.T.);
#3354=ADVANCED_FACE('',(#452),#60,.T.);
#3355=ADVANCED_FACE('',(#453),#41,.F.);
#3356=ADVANCED_FACE('',(#454),#3188,.T.);
#3357=ADVANCED_FACE('',(#455),#42,.F.);
#3358=ADVANCED_FACE('',(#456),#290,.T.);
#3359=ADVANCED_FACE('',(#457),#291,.T.);
#3360=ADVANCED_FACE('',(#458,#217,#218),#292,.F.);
#3361=ADVANCED_FACE('',(#459),#3189,.F.);
#3362=ADVANCED_FACE('',(#460),#61,.T.);
#3363=ADVANCED_FACE('',(#461),#43,.F.);
#3364=ADVANCED_FACE('',(#462),#62,.T.);
#3365=ADVANCED_FACE('',(#463),#3190,.T.);
#3366=ADVANCED_FACE('',(#464),#44,.F.);
#3367=ADVANCED_FACE('',(#465),#63,.T.);
#3368=ADVANCED_FACE('',(#466),#45,.F.);
#3369=ADVANCED_FACE('',(#467),#3191,.T.);
#3370=ADVANCED_FACE('',(#468),#46,.F.);
#3371=ADVANCED_FACE('',(#469),#3192,.T.);
#3372=ADVANCED_FACE('',(#470),#47,.F.);
#3373=ADVANCED_FACE('',(#471),#48,.F.);
#3374=ADVANCED_FACE('',(#472),#49,.F.);
#3375=ADVANCED_FACE('',(#473),#50,.F.);
#3376=ADVANCED_FACE('',(#474),#64,.T.);
#3377=ADVANCED_FACE('',(#475),#51,.F.);
#3378=ADVANCED_FACE('',(#476),#65,.T.);
#3379=ADVANCED_FACE('',(#477),#52,.F.);
#3380=ADVANCED_FACE('',(#478),#53,.F.);
#3381=ADVANCED_FACE('',(#479),#66,.T.);
#3382=ADVANCED_FACE('',(#480),#54,.F.);
#3383=ADVANCED_FACE('',(#481),#3193,.T.);
#3384=ADVANCED_FACE('',(#482),#3194,.T.);
#3385=ADVANCED_FACE('',(#483,#219,#220,#221),#293,.T.);
#3386=ADVANCED_FACE('',(#484),#3195,.F.);
#3387=CLOSED_SHELL('',(#3196,#3197,#3198,#3199,#3200,#3201,#3202,#3203,
#3204,#3205,#3206,#3207,#3208,#3209,#3210,#3211,#3212,#3213,#3214,#3215,
#3216,#3217,#3218,#3219,#3220,#3221,#3222,#3223,#3224,#3225,#3226,#3227,
#3228,#3229,#3230,#3231,#3232,#3233,#3234,#3235,#3236,#3237,#3238,#3239,
#3240,#3241,#3242,#3243,#3244,#3245,#3246,#3247,#3248,#3249,#3250,#3251,
#3252,#3253,#3254,#3255,#3256,#3257,#3258,#3259,#3260,#3261,#3262,#3263,
#3264,#3265,#3266,#3267,#3268,#3269,#3270,#3271,#3272,#3273,#3274,#3275,
#3276,#3277,#3278,#3279,#3280,#3281,#3282,#3283,#3284,#3285,#3286,#3287,
#3288,#3289,#3290,#3291,#3292,#3293,#3294,#3295,#3296,#3297,#3298,#3299,
#3300,#3301,#3302,#3303,#3304,#3305,#3306,#3307,#3308,#3309,#3310,#3311,
#3312,#3313,#3314,#3315,#3316,#3317,#3318,#3319,#3320,#3321,#3322,#3323,
#3324,#3325,#3326,#3327,#3328,#3329,#3330,#3331,#3332,#3333,#3334,#3335,
#3336,#3337,#3338,#3339,#3340,#3341,#3342,#3343,#3344,#3345,#3346,#3347,
#3348,#3349,#3350,#3351,#3352,#3353,#3354,#3355,#3356,#3357,#3358,#3359,
#3360,#3361,#3362,#3363,#3364,#3365,#3366,#3367,#3368,#3369,#3370,#3371,
#3372,#3373,#3374,#3375,#3376,#3377,#3378,#3379,#3380,#3381,#3382,#3383,
#3384,#3385,#3386));
#3388=DERIVED_UNIT_ELEMENT(#3391,1.);
#3389=DERIVED_UNIT_ELEMENT(#7863,-3.);
#3390=DIMENSIONAL_EXPONENTS(0.,1.,0.,0.,0.,0.,0.);
#3391=(
CONVERSION_BASED_UNIT('gram',#3393)
MASS_UNIT()
NAMED_UNIT(#3390)
);
#3392=(
MASS_UNIT()
NAMED_UNIT(*)
SI_UNIT(.KILO.,.GRAM.)
);
#3393=MASS_MEASURE_WITH_UNIT(MASS_MEASURE(0.001),#3392);
#3394=DERIVED_UNIT((#3388,#3389));
#3395=MEASURE_REPRESENTATION_ITEM('density measure',
POSITIVE_RATIO_MEASURE(1.),#3394);
#3396=PROPERTY_DEFINITION_REPRESENTATION(#3401,#3398);
#3397=PROPERTY_DEFINITION_REPRESENTATION(#3402,#3399);
#3398=REPRESENTATION('material name',(#3400),#7860);
#3399=REPRESENTATION('density',(#3395),#7860);
#3400=DESCRIPTIVE_REPRESENTATION_ITEM('\X2\4E00822C\X0\','\X2\4E00822C\X0\');
#3401=PROPERTY_DEFINITION('material property','material name',#7870);
#3402=PROPERTY_DEFINITION('material property','density of part',#7870);
#3403=DATE_TIME_ROLE('creation_date');
#3404=APPLIED_DATE_AND_TIME_ASSIGNMENT(#3405,#3403,(#7870));
#3405=DATE_AND_TIME(#3406,#3407);
#3406=CALENDAR_DATE(2026,20,1);
#3407=LOCAL_TIME(0,0,0.,#3408);
#3408=COORDINATED_UNIVERSAL_TIME_OFFSET(0,0,.BEHIND.);
#3409=AXIS2_PLACEMENT_3D('',#4683,#3759,#3760);
#3410=AXIS2_PLACEMENT_3D('',#4684,#3761,#3762);
#3411=AXIS2_PLACEMENT_3D('',#4686,#3763,#3764);
#3412=AXIS2_PLACEMENT_3D('',#4689,#3766,#3767);
#3413=AXIS2_PLACEMENT_3D('',#4690,#3768,#3769);
#3414=AXIS2_PLACEMENT_3D('',#4692,#3770,#3771);
#3415=AXIS2_PLACEMENT_3D('',#4693,#3772,#3773);
#3416=AXIS2_PLACEMENT_3D('',#4696,#3775,#3776);
#3417=AXIS2_PLACEMENT_3D('',#4697,#3777,#3778);
#3418=AXIS2_PLACEMENT_3D('',#4700,#3779,#3780);
#3419=AXIS2_PLACEMENT_3D('',#4708,#3785,#3786);
#3420=AXIS2_PLACEMENT_3D('',#4711,#3787,#3788);
#3421=AXIS2_PLACEMENT_3D('',#4717,#3792,#3793);
#3422=AXIS2_PLACEMENT_3D('',#4725,#3794,#3795);
#3423=AXIS2_PLACEMENT_3D('',#4726,#3796,#3797);
#3424=AXIS2_PLACEMENT_3D('',#4727,#3798,#3799);
#3425=AXIS2_PLACEMENT_3D('',#4731,#3801,#3802);
#3426=AXIS2_PLACEMENT_3D('',#4733,#3804,#3805);
#3427=AXIS2_PLACEMENT_3D('',#4736,#3807,#3808);
#3428=AXIS2_PLACEMENT_3D('',#4737,#3809,#3810);
#3429=AXIS2_PLACEMENT_3D('',#4753,#3818,#3819);
#3430=AXIS2_PLACEMENT_3D('',#4755,#3820,#3821);
#3431=AXIS2_PLACEMENT_3D('',#4774,#3825,#3826);
#3432=AXIS2_PLACEMENT_3D('',#4776,#3827,#3828);
#3433=AXIS2_PLACEMENT_3D('',#4779,#3830,#3831);
#3434=AXIS2_PLACEMENT_3D('',#4780,#3832,#3833);
#3435=AXIS2_PLACEMENT_3D('',#4782,#3834,#3835);
#3436=AXIS2_PLACEMENT_3D('',#4785,#3837,#3838);
#3437=AXIS2_PLACEMENT_3D('',#4786,#3839,#3840);
#3438=AXIS2_PLACEMENT_3D('',#4788,#3841,#3842);
#3439=AXIS2_PLACEMENT_3D('',#4791,#3844,#3845);
#3440=AXIS2_PLACEMENT_3D('',#4792,#3846,#3847);
#3441=AXIS2_PLACEMENT_3D('',#4794,#3848,#3849);
#3442=AXIS2_PLACEMENT_3D('',#4797,#3851,#3852);
#3443=AXIS2_PLACEMENT_3D('',#4798,#3853,#3854);
#3444=AXIS2_PLACEMENT_3D('',#4819,#3856,#3857);
#3445=AXIS2_PLACEMENT_3D('',#4822,#3859,#3860);
#3446=AXIS2_PLACEMENT_3D('',#4823,#3861,#3862);
#3447=AXIS2_PLACEMENT_3D('',#4833,#3863,#3864);
#3448=AXIS2_PLACEMENT_3D('',#4837,#3866,#3867);
#3449=AXIS2_PLACEMENT_3D('',#4848,#3869,#3870);
#3450=AXIS2_PLACEMENT_3D('',#4851,#3873,#3874);
#3451=AXIS2_PLACEMENT_3D('',#4854,#3877,#3878);
#3452=AXIS2_PLACEMENT_3D('',#4858,#3880,#3881);
#3453=AXIS2_PLACEMENT_3D('',#4874,#3890,#3891);
#3454=AXIS2_PLACEMENT_3D('',#4878,#3893,#3894);
#3455=AXIS2_PLACEMENT_3D('',#4893,#3896,#3897);
#3456=AXIS2_PLACEMENT_3D('',#4897,#3899,#3900);
#3457=AXIS2_PLACEMENT_3D('',#4901,#3902,#3903);
#3458=AXIS2_PLACEMENT_3D('',#4903,#3905,#3906);
#3459=AXIS2_PLACEMENT_3D('',#4922,#3908,#3909);
#3460=AXIS2_PLACEMENT_3D('',#4942,#3910,#3911);
#3461=AXIS2_PLACEMENT_3D('',#4943,#3912,#3913);
#3462=AXIS2_PLACEMENT_3D('',#4944,#3914,#3915);
#3463=AXIS2_PLACEMENT_3D('',#4949,#3919,#3920);
#3464=AXIS2_PLACEMENT_3D('',#4968,#3925,#3926);
#3465=AXIS2_PLACEMENT_3D('',#4970,#3927,#3928);
#3466=AXIS2_PLACEMENT_3D('',#4972,#3930,#3931);
#3467=AXIS2_PLACEMENT_3D('',#4973,#3932,#3933);
#3468=AXIS2_PLACEMENT_3D('',#4996,#3936,#3937);
#3469=AXIS2_PLACEMENT_3D('',#4997,#3938,#3939);
#3470=AXIS2_PLACEMENT_3D('',#5001,#3941,#3942);
#3471=AXIS2_PLACEMENT_3D('',#5005,#3944,#3945);
#3472=AXIS2_PLACEMENT_3D('',#5021,#3948,#3949);
#3473=AXIS2_PLACEMENT_3D('',#5022,#3950,#3951);
#3474=AXIS2_PLACEMENT_3D('',#5023,#3952,#3953);
#3475=AXIS2_PLACEMENT_3D('',#5025,#3954,#3955);
#3476=AXIS2_PLACEMENT_3D('',#5036,#3957,#3958);
#3477=AXIS2_PLACEMENT_3D('',#5038,#3959,#3960);
#3478=AXIS2_PLACEMENT_3D('',#5047,#3961,#3962);
#3479=AXIS2_PLACEMENT_3D('',#5048,#3963,#3964);
#3480=AXIS2_PLACEMENT_3D('',#5049,#3965,#3966);
#3481=AXIS2_PLACEMENT_3D('',#5050,#3967,#3968);
#3482=AXIS2_PLACEMENT_3D('',#5051,#3969,#3970);
#3483=AXIS2_PLACEMENT_3D('',#5052,#3971,#3972);
#3484=AXIS2_PLACEMENT_3D('',#5054,#3973,#3974);
#3485=AXIS2_PLACEMENT_3D('',#5056,#3975,#3976);
#3486=AXIS2_PLACEMENT_3D('',#5059,#3978,#3979);
#3487=AXIS2_PLACEMENT_3D('',#5090,#3980,#3981);
#3488=AXIS2_PLACEMENT_3D('',#5139,#3982,#3983);
#3489=AXIS2_PLACEMENT_3D('',#5238,#3984,#3985);
#3490=AXIS2_PLACEMENT_3D('',#5239,#3986,#3987);
#3491=AXIS2_PLACEMENT_3D('',#5240,#3988,#3989);
#3492=AXIS2_PLACEMENT_3D('',#5252,#3990,#3991);
#3493=AXIS2_PLACEMENT_3D('',#5254,#3992,#3993);
#3494=AXIS2_PLACEMENT_3D('',#5256,#3994,#3995);
#3495=AXIS2_PLACEMENT_3D('',#5265,#3996,#3997);
#3496=AXIS2_PLACEMENT_3D('',#5268,#3998,#3999);
#3497=AXIS2_PLACEMENT_3D('',#5271,#4002,#4003);
#3498=AXIS2_PLACEMENT_3D('',#5356,#4008,#4009);
#3499=AXIS2_PLACEMENT_3D('',#5357,#4010,#4011);
#3500=AXIS2_PLACEMENT_3D('',#5407,#4016,#4017);
#3501=AXIS2_PLACEMENT_3D('',#5500,#4019,#4020);
#3502=AXIS2_PLACEMENT_3D('',#5504,#4022,#4023);
#3503=AXIS2_PLACEMENT_3D('',#5506,#4024,#4025);
#3504=AXIS2_PLACEMENT_3D('',#5508,#4026,#4027);
#3505=AXIS2_PLACEMENT_3D('',#5519,#4028,#4029);
#3506=AXIS2_PLACEMENT_3D('',#5521,#4030,#4031);
#3507=AXIS2_PLACEMENT_3D('',#5523,#4032,#4033);
#3508=AXIS2_PLACEMENT_3D('',#5525,#4034,#4035);
#3509=AXIS2_PLACEMENT_3D('',#5526,#4036,#4037);
#3510=AXIS2_PLACEMENT_3D('',#5615,#4038,#4039);
#3511=AXIS2_PLACEMENT_3D('',#5617,#4040,#4041);
#3512=AXIS2_PLACEMENT_3D('',#5619,#4043,#4044);
#3513=AXIS2_PLACEMENT_3D('',#5622,#4045,#4046);
#3514=AXIS2_PLACEMENT_3D('',#5669,#4049,#4050);
#3515=AXIS2_PLACEMENT_3D('',#5671,#4051,#4052);
#3516=AXIS2_PLACEMENT_3D('',#5673,#4054,#4055);
#3517=AXIS2_PLACEMENT_3D('',#5674,#4056,#4057);
#3518=AXIS2_PLACEMENT_3D('',#5680,#4061,#4062);
#3519=AXIS2_PLACEMENT_3D('',#5682,#4063,#4064);
#3520=AXIS2_PLACEMENT_3D('',#5684,#4065,#4066);
#3521=AXIS2_PLACEMENT_3D('',#5687,#4068,#4069);
#3522=AXIS2_PLACEMENT_3D('',#5688,#4070,#4071);
#3523=AXIS2_PLACEMENT_3D('',#5691,#4072,#4073);
#3524=AXIS2_PLACEMENT_3D('',#5698,#4077,#4078);
#3525=AXIS2_PLACEMENT_3D('',#5703,#4081,#4082);
#3526=AXIS2_PLACEMENT_3D('',#5707,#4085,#4086);
#3527=AXIS2_PLACEMENT_3D('',#5711,#4089,#4090);
#3528=AXIS2_PLACEMENT_3D('',#5716,#4094,#4095);
#3529=AXIS2_PLACEMENT_3D('',#5719,#4096,#4097);
#3530=AXIS2_PLACEMENT_3D('',#5726,#4101,#4102);
#3531=AXIS2_PLACEMENT_3D('',#5727,#4103,#4104);
#3532=AXIS2_PLACEMENT_3D('',#5731,#4107,#4108);
#3533=AXIS2_PLACEMENT_3D('',#5737,#4110,#4111);
#3534=AXIS2_PLACEMENT_3D('',#5739,#4113,#4114);
#3535=AXIS2_PLACEMENT_3D('',#5742,#4116,#4117);
#3536=AXIS2_PLACEMENT_3D('',#5743,#4118,#4119);
#3537=AXIS2_PLACEMENT_3D('',#5747,#4122,#4123);
#3538=AXIS2_PLACEMENT_3D('',#5751,#4126,#4127);
#3539=AXIS2_PLACEMENT_3D('',#5753,#4128,#4129);
#3540=AXIS2_PLACEMENT_3D('',#5757,#4131,#4132);
#3541=AXIS2_PLACEMENT_3D('',#5759,#4133,#4134);
#3542=AXIS2_PLACEMENT_3D('',#5762,#4136,#4137);
#3543=AXIS2_PLACEMENT_3D('',#5769,#4141,#4142);
#3544=AXIS2_PLACEMENT_3D('',#5771,#4143,#4144);
#3545=AXIS2_PLACEMENT_3D('',#5773,#4145,#4146);
#3546=AXIS2_PLACEMENT_3D('',#5774,#4147,#4148);
#3547=AXIS2_PLACEMENT_3D('',#5793,#4159,#4160);
#3548=AXIS2_PLACEMENT_3D('',#5797,#4163,#4164);
#3549=AXIS2_PLACEMENT_3D('',#5799,#4165,#4166);
#3550=AXIS2_PLACEMENT_3D('',#5800,#4167,#4168);
#3551=AXIS2_PLACEMENT_3D('',#5801,#4169,#4170);
#3552=AXIS2_PLACEMENT_3D('',#5803,#4171,#4172);
#3553=AXIS2_PLACEMENT_3D('',#5806,#4174,#4175);
#3554=AXIS2_PLACEMENT_3D('',#5807,#4176,#4177);
#3555=AXIS2_PLACEMENT_3D('',#5808,#4178,#4179);
#3556=AXIS2_PLACEMENT_3D('',#5810,#4180,#4181);
#3557=AXIS2_PLACEMENT_3D('',#5813,#4183,#4184);
#3558=AXIS2_PLACEMENT_3D('',#5814,#4185,#4186);
#3559=AXIS2_PLACEMENT_3D('',#5815,#4187,#4188);
#3560=AXIS2_PLACEMENT_3D('',#5817,#4189,#4190);
#3561=AXIS2_PLACEMENT_3D('',#5820,#4192,#4193);
#3562=AXIS2_PLACEMENT_3D('',#5821,#4194,#4195);
#3563=AXIS2_PLACEMENT_3D('',#5822,#4196,#4197);
#3564=AXIS2_PLACEMENT_3D('',#5824,#4198,#4199);
#3565=AXIS2_PLACEMENT_3D('',#5827,#4201,#4202);
#3566=AXIS2_PLACEMENT_3D('',#5828,#4203,#4204);
#3567=AXIS2_PLACEMENT_3D('',#5829,#4205,#4206);
#3568=AXIS2_PLACEMENT_3D('',#5831,#4207,#4208);
#3569=AXIS2_PLACEMENT_3D('',#5834,#4210,#4211);
#3570=AXIS2_PLACEMENT_3D('',#5835,#4212,#4213);
#3571=AXIS2_PLACEMENT_3D('',#5836,#4214,#4215);
#3572=AXIS2_PLACEMENT_3D('',#5838,#4216,#4217);
#3573=AXIS2_PLACEMENT_3D('',#5841,#4219,#4220);
#3574=AXIS2_PLACEMENT_3D('',#5842,#4221,#4222);
#3575=AXIS2_PLACEMENT_3D('',#5843,#4223,#4224);
#3576=AXIS2_PLACEMENT_3D('',#5845,#4225,#4226);
#3577=AXIS2_PLACEMENT_3D('',#5848,#4228,#4229);
#3578=AXIS2_PLACEMENT_3D('',#5849,#4230,#4231);
#3579=AXIS2_PLACEMENT_3D('',#5850,#4232,#4233);
#3580=AXIS2_PLACEMENT_3D('',#5852,#4234,#4235);
#3581=AXIS2_PLACEMENT_3D('',#5855,#4237,#4238);
#3582=AXIS2_PLACEMENT_3D('',#5856,#4239,#4240);
#3583=AXIS2_PLACEMENT_3D('',#5857,#4241,#4242);
#3584=AXIS2_PLACEMENT_3D('',#5863,#4246,#4247);
#3585=AXIS2_PLACEMENT_3D('',#5867,#4250,#4251);
#3586=AXIS2_PLACEMENT_3D('',#5871,#4254,#4255);
#3587=AXIS2_PLACEMENT_3D('',#5873,#4257,#4258);
#3588=AXIS2_PLACEMENT_3D('',#5874,#4259,#4260);
#3589=AXIS2_PLACEMENT_3D('',#5876,#4261,#4262);
#3590=AXIS2_PLACEMENT_3D('',#5878,#4264,#4265);
#3591=AXIS2_PLACEMENT_3D('',#5880,#4266,#4267);
#3592=AXIS2_PLACEMENT_3D('',#5882,#4269,#4270);
#3593=AXIS2_PLACEMENT_3D('',#5884,#4272,#4273);
#3594=AXIS2_PLACEMENT_3D('',#5886,#4274,#4275);
#3595=AXIS2_PLACEMENT_3D('',#5888,#4277,#4278);
#3596=AXIS2_PLACEMENT_3D('',#5892,#4280,#4281);
#3597=AXIS2_PLACEMENT_3D('',#5894,#4283,#4284);
#3598=AXIS2_PLACEMENT_3D('',#5896,#4285,#4286);
#3599=AXIS2_PLACEMENT_3D('',#5898,#4288,#4289);
#3600=AXIS2_PLACEMENT_3D('',#5902,#4292,#4293);
#3601=AXIS2_PLACEMENT_3D('',#5904,#4294,#4295);
#3602=AXIS2_PLACEMENT_3D('',#5906,#4297,#4298);
#3603=AXIS2_PLACEMENT_3D('',#5909,#4300,#4301);
#3604=AXIS2_PLACEMENT_3D('',#5910,#4302,#4303);
#3605=AXIS2_PLACEMENT_3D('',#5912,#4305,#4306);
#3606=AXIS2_PLACEMENT_3D('',#5914,#4308,#4309);
#3607=AXIS2_PLACEMENT_3D('',#5916,#4311,#4312);
#3608=AXIS2_PLACEMENT_3D('',#5919,#4314,#4315);
#3609=AXIS2_PLACEMENT_3D('',#5920,#4316,#4317);
#3610=AXIS2_PLACEMENT_3D('',#5923,#4319,#4320);
#3611=AXIS2_PLACEMENT_3D('',#5924,#4321,#4322);
#3612=AXIS2_PLACEMENT_3D('',#5925,#4323,#4324);
#3613=AXIS2_PLACEMENT_3D('',#5978,#4326,#4327);
#3614=AXIS2_PLACEMENT_3D('',#5982,#4329,#4330);
#3615=AXIS2_PLACEMENT_3D('',#6014,#4331,#4332);
#3616=AXIS2_PLACEMENT_3D('',#6037,#4333,#4334);
#3617=AXIS2_PLACEMENT_3D('',#6043,#4336,#4337);
#3618=AXIS2_PLACEMENT_3D('',#6045,#4338,#4339);
#3619=AXIS2_PLACEMENT_3D('',#6047,#4341,#4342);
#3620=AXIS2_PLACEMENT_3D('',#6092,#4345,#4346);
#3621=AXIS2_PLACEMENT_3D('',#6095,#4348,#4349);
#3622=AXIS2_PLACEMENT_3D('',#6096,#4350,#4351);
#3623=AXIS2_PLACEMENT_3D('',#6101,#4354,#4355);
#3624=AXIS2_PLACEMENT_3D('',#6110,#4357,#4358);
#3625=AXIS2_PLACEMENT_3D('',#6111,#4359,#4360);
#3626=AXIS2_PLACEMENT_3D('',#6128,#4364,#4365);
#3627=AXIS2_PLACEMENT_3D('',#6129,#4366,#4367);
#3628=AXIS2_PLACEMENT_3D('',#6131,#4369,#4370);
#3629=AXIS2_PLACEMENT_3D('',#6132,#4371,#4372);
#3630=AXIS2_PLACEMENT_3D('',#6236,#4377,#4378);
#3631=AXIS2_PLACEMENT_3D('',#6238,#4379,#4380);
#3632=AXIS2_PLACEMENT_3D('',#6240,#4382,#4383);
#3633=AXIS2_PLACEMENT_3D('',#6320,#4386,#4387);
#3634=AXIS2_PLACEMENT_3D('',#6321,#4388,#4389);
#3635=AXIS2_PLACEMENT_3D('',#6323,#4390,#4391);
#3636=AXIS2_PLACEMENT_3D('',#6326,#4393,#4394);
#3637=AXIS2_PLACEMENT_3D('',#6327,#4395,#4396);
#3638=AXIS2_PLACEMENT_3D('',#6328,#4397,#4398);
#3639=AXIS2_PLACEMENT_3D('',#6330,#4399,#4400);
#3640=AXIS2_PLACEMENT_3D('',#6333,#4402,#4403);
#3641=AXIS2_PLACEMENT_3D('',#6334,#4404,#4405);
#3642=AXIS2_PLACEMENT_3D('',#6335,#4406,#4407);
#3643=AXIS2_PLACEMENT_3D('',#6337,#4408,#4409);
#3644=AXIS2_PLACEMENT_3D('',#6340,#4411,#4412);
#3645=AXIS2_PLACEMENT_3D('',#6341,#4413,#4414);
#3646=AXIS2_PLACEMENT_3D('',#6342,#4415,#4416);
#3647=AXIS2_PLACEMENT_3D('',#6343,#4417,#4418);
#3648=AXIS2_PLACEMENT_3D('',#6344,#4419,#4420);
#3649=AXIS2_PLACEMENT_3D('',#6345,#4421,#4422);
#3650=AXIS2_PLACEMENT_3D('',#6347,#4424,#4425);
#3651=AXIS2_PLACEMENT_3D('',#6490,#4428,#4429);
#3652=AXIS2_PLACEMENT_3D('',#6503,#4433,#4434);
#3653=AXIS2_PLACEMENT_3D('',#6505,#4435,#4436);
#3654=AXIS2_PLACEMENT_3D('',#6638,#4439,#4440);
#3655=AXIS2_PLACEMENT_3D('',#6640,#4441,#4442);
#3656=AXIS2_PLACEMENT_3D('',#6642,#4443,#4444);
#3657=AXIS2_PLACEMENT_3D('',#6644,#4446,#4447);
#3658=AXIS2_PLACEMENT_3D('',#6650,#4451,#4452);
#3659=AXIS2_PLACEMENT_3D('',#6651,#4453,#4454);
#3660=AXIS2_PLACEMENT_3D('',#6652,#4455,#4456);
#3661=AXIS2_PLACEMENT_3D('',#6653,#4457,#4458);
#3662=AXIS2_PLACEMENT_3D('',#6654,#4459,#4460);
#3663=AXIS2_PLACEMENT_3D('',#6656,#4461,#4462);
#3664=AXIS2_PLACEMENT_3D('',#6659,#4464,#4465);
#3665=AXIS2_PLACEMENT_3D('',#6660,#4466,#4467);
#3666=AXIS2_PLACEMENT_3D('',#6662,#4468,#4469);
#3667=AXIS2_PLACEMENT_3D('',#6663,#4470,#4471);
#3668=AXIS2_PLACEMENT_3D('',#6685,#4472,#4473);
#3669=AXIS2_PLACEMENT_3D('',#6688,#4475,#4476);
#3670=AXIS2_PLACEMENT_3D('',#6689,#4477,#4478);
#3671=AXIS2_PLACEMENT_3D('',#6690,#4479,#4480);
#3672=AXIS2_PLACEMENT_3D('',#6692,#4481,#4482);
#3673=AXIS2_PLACEMENT_3D('',#6693,#4483,#4484);
#3674=AXIS2_PLACEMENT_3D('',#6711,#4488,#4489);
#3675=AXIS2_PLACEMENT_3D('',#6714,#4491,#4492);
#3676=AXIS2_PLACEMENT_3D('',#6715,#4493,#4494);
#3677=AXIS2_PLACEMENT_3D('',#6718,#4496,#4497);
#3678=AXIS2_PLACEMENT_3D('',#6719,#4498,#4499);
#3679=AXIS2_PLACEMENT_3D('',#6721,#4500,#4501);
#3680=AXIS2_PLACEMENT_3D('',#6723,#4502,#4503);
#3681=AXIS2_PLACEMENT_3D('',#6730,#4507,#4508);
#3682=AXIS2_PLACEMENT_3D('',#6731,#4509,#4510);
#3683=AXIS2_PLACEMENT_3D('',#6734,#4511,#4512);
#3684=AXIS2_PLACEMENT_3D('',#6751,#4514,#4515);
#3685=AXIS2_PLACEMENT_3D('',#6754,#4516,#4517);
#3686=AXIS2_PLACEMENT_3D('',#6756,#4518,#4519);
#3687=AXIS2_PLACEMENT_3D('',#6770,#4523,#4524);
#3688=AXIS2_PLACEMENT_3D('',#6800,#4525,#4526);
#3689=AXIS2_PLACEMENT_3D('',#6828,#4527,#4528);
#3690=AXIS2_PLACEMENT_3D('',#6839,#4529,#4530);
#3691=AXIS2_PLACEMENT_3D('',#6841,#4531,#4532);
#3692=AXIS2_PLACEMENT_3D('',#6844,#4534,#4535);
#3693=AXIS2_PLACEMENT_3D('',#6865,#4536,#4537);
#3694=AXIS2_PLACEMENT_3D('',#6866,#4538,#4539);
#3695=AXIS2_PLACEMENT_3D('',#6869,#4541,#4542);
#3696=AXIS2_PLACEMENT_3D('',#6870,#4543,#4544);
#3697=AXIS2_PLACEMENT_3D('',#6874,#4546,#4547);
#3698=AXIS2_PLACEMENT_3D('',#6890,#4549,#4550);
#3699=AXIS2_PLACEMENT_3D('',#6934,#4551,#4552);
#3700=AXIS2_PLACEMENT_3D('',#6936,#4553,#4554);
#3701=AXIS2_PLACEMENT_3D('',#6937,#4555,#4556);
#3702=AXIS2_PLACEMENT_3D('',#6938,#4557,#4558);
#3703=AXIS2_PLACEMENT_3D('',#6941,#4559,#4560);
#3704=AXIS2_PLACEMENT_3D('',#6997,#4563,#4564);
#3705=AXIS2_PLACEMENT_3D('',#6998,#4565,#4566);
#3706=AXIS2_PLACEMENT_3D('',#6999,#4567,#4568);
#3707=AXIS2_PLACEMENT_3D('',#7027,#4569,#4570);
#3708=AXIS2_PLACEMENT_3D('',#7031,#4572,#4573);
#3709=AXIS2_PLACEMENT_3D('',#7042,#4574,#4575);
#3710=AXIS2_PLACEMENT_3D('',#7043,#4576,#4577);
#3711=AXIS2_PLACEMENT_3D('',#7044,#4578,#4579);
#3712=AXIS2_PLACEMENT_3D('',#7046,#4580,#4581);
#3713=AXIS2_PLACEMENT_3D('',#7156,#4582,#4583);
#3714=AXIS2_PLACEMENT_3D('',#7158,#4584,#4585);
#3715=AXIS2_PLACEMENT_3D('',#7160,#4586,#4587);
#3716=AXIS2_PLACEMENT_3D('',#7169,#4588,#4589);
#3717=AXIS2_PLACEMENT_3D('',#7172,#4590,#4591);
#3718=AXIS2_PLACEMENT_3D('',#7211,#4594,#4595);
#3719=AXIS2_PLACEMENT_3D('',#7212,#4596,#4597);
#3720=AXIS2_PLACEMENT_3D('',#7213,#4598,#4599);
#3721=AXIS2_PLACEMENT_3D('',#7217,#4601,#4602);
#3722=AXIS2_PLACEMENT_3D('',#7221,#4604,#4605);
#3723=AXIS2_PLACEMENT_3D('',#7232,#4606,#4607);
#3724=AXIS2_PLACEMENT_3D('',#7237,#4610,#4611);
#3725=AXIS2_PLACEMENT_3D('',#7257,#4612,#4613);
#3726=AXIS2_PLACEMENT_3D('',#7259,#4615,#4616);
#3727=AXIS2_PLACEMENT_3D('',#7261,#4618,#4619);
#3728=AXIS2_PLACEMENT_3D('',#7263,#4620,#4621);
#3729=AXIS2_PLACEMENT_3D('',#7326,#4622,#4623);
#3730=AXIS2_PLACEMENT_3D('',#7328,#4624,#4625);
#3731=AXIS2_PLACEMENT_3D('',#7366,#4626,#4627);
#3732=AXIS2_PLACEMENT_3D('',#7367,#4628,#4629);
#3733=AXIS2_PLACEMENT_3D('',#7414,#4630,#4631);
#3734=AXIS2_PLACEMENT_3D('',#7415,#4632,#4633);
#3735=AXIS2_PLACEMENT_3D('',#7432,#4634,#4635);
#3736=AXIS2_PLACEMENT_3D('',#7433,#4636,#4637);
#3737=AXIS2_PLACEMENT_3D('',#7459,#4638,#4639);
#3738=AXIS2_PLACEMENT_3D('',#7460,#4640,#4641);
#3739=AXIS2_PLACEMENT_3D('',#7461,#4642,#4643);
#3740=AXIS2_PLACEMENT_3D('',#7462,#4644,#4645);
#3741=AXIS2_PLACEMENT_3D('',#7499,#4646,#4647);
#3742=AXIS2_PLACEMENT_3D('',#7500,#4648,#4649);
#3743=AXIS2_PLACEMENT_3D('',#7526,#4650,#4651);
#3744=AXIS2_PLACEMENT_3D('',#7527,#4652,#4653);
#3745=AXIS2_PLACEMENT_3D('',#7668,#4654,#4655);
#3746=AXIS2_PLACEMENT_3D('',#7670,#4656,#4657);
#3747=AXIS2_PLACEMENT_3D('',#7672,#4658,#4659);
#3748=AXIS2_PLACEMENT_3D('',#7673,#4660,#4661);
#3749=AXIS2_PLACEMENT_3D('',#7757,#4662,#4663);
#3750=AXIS2_PLACEMENT_3D('',#7759,#4664,#4665);
#3751=AXIS2_PLACEMENT_3D('',#7760,#4666,#4667);
#3752=AXIS2_PLACEMENT_3D('',#7819,#4668,#4669);
#3753=AXIS2_PLACEMENT_3D('',#7825,#4670,#4671);
#3754=AXIS2_PLACEMENT_3D('',#7826,#4672,#4673);
#3755=AXIS2_PLACEMENT_3D('',#7852,#4674,#4675);
#3756=AXIS2_PLACEMENT_3D('',#7853,#4676,#4677);
#3757=AXIS2_PLACEMENT_3D('',#7854,#4678,#4679);
#3758=AXIS2_PLACEMENT_3D('',#7856,#4681,#4682);
#3759=DIRECTION('axis',(0.,0.,1.));
#3760=DIRECTION('refdir',(1.,0.,0.));
#3761=DIRECTION('center_axis',(0.,1.,0.));
#3762=DIRECTION('ref_axis',(1.,0.,0.));
#3763=DIRECTION('center_axis',(0.,1.,0.));
#3764=DIRECTION('ref_axis',(1.,0.,0.));
#3765=DIRECTION('',(0.,1.,0.));
#3766=DIRECTION('center_axis',(0.,1.,0.));
#3767=DIRECTION('ref_axis',(1.,0.,0.));
#3768=DIRECTION('center_axis',(0.,-1.,0.));
#3769=DIRECTION('ref_axis',(0.,0.,-1.));
#3770=DIRECTION('center_axis',(0.,-1.,0.));
#3771=DIRECTION('ref_axis',(1.,0.,0.));
#3772=DIRECTION('center_axis',(0.,1.,0.));
#3773=DIRECTION('ref_axis',(1.,0.,0.));
#3774=DIRECTION('',(0.,1.,0.));
#3775=DIRECTION('center_axis',(0.,-1.,-2.368475785867E-16));
#3776=DIRECTION('ref_axis',(1.,0.,0.));
#3777=DIRECTION('center_axis',(-1.,0.,-2.22044604925031E-16));
#3778=DIRECTION('ref_axis',(-2.22044604925031E-16,-2.368475785867E-16,1.));
#3779=DIRECTION('center_axis',(1.,0.,2.22044604925031E-16));
#3780=DIRECTION('ref_axis',(0.,0.,-1.));
#3781=DIRECTION('',(2.22044604925031E-16,2.368475785867E-16,-1.));
#3782=DIRECTION('',(0.,1.,0.));
#3783=DIRECTION('',(-2.22044604925031E-16,0.,1.));
#3784=DIRECTION('',(0.,1.,0.));
#3785=DIRECTION('center_axis',(0.447213595499958,0.,0.894427190999916));
#3786=DIRECTION('ref_axis',(0.894427190999916,1.05921457205217E-16,-0.447213595499958));
#3787=DIRECTION('center_axis',(-0.447213595499958,0.,-0.894427190999916));
#3788=DIRECTION('ref_axis',(0.894427190999916,0.,-0.447213595499958));
#3789=DIRECTION('',(0.,-1.,0.));
#3790=DIRECTION('',(0.894427190999916,0.,-0.447213595499958));
#3791=DIRECTION('',(0.,1.,0.));
#3792=DIRECTION('center_axis',(0.,1.,0.));
#3793=DIRECTION('ref_axis',(0.447213595499957,0.,0.894427190999916));
#3794=DIRECTION('center_axis',(0.,1.,0.));
#3795=DIRECTION('ref_axis',(-1.,0.,0.));
#3796=DIRECTION('center_axis',(0.,-1.,-2.368475785867E-16));
#3797=DIRECTION('ref_axis',(-1.,0.,0.));
#3798=DIRECTION('center_axis',(-1.,0.,0.));
#3799=DIRECTION('ref_axis',(0.,0.,-1.));
#3800=DIRECTION('',(-1.,0.,0.));
#3801=DIRECTION('center_axis',(1.,0.,1.83129571072191E-16));
#3802=DIRECTION('ref_axis',(0.,-0.707106781186548,-0.707106781186547));
#3803=DIRECTION('',(1.,0.,0.));
#3804=DIRECTION('center_axis',(-1.,0.,0.));
#3805=DIRECTION('ref_axis',(0.,0.,-1.));
#3806=DIRECTION('',(1.,0.,0.));
#3807=DIRECTION('center_axis',(-1.,0.,-1.77635683940025E-15));
#3808=DIRECTION('ref_axis',(1.77635683940025E-15,0.,-1.));
#3809=DIRECTION('center_axis',(0.,-1.,-2.368475785867E-16));
#3810=DIRECTION('ref_axis',(0.,2.368475785867E-16,-1.));
#3811=DIRECTION('',(1.83129571072191E-16,2.368475785867E-16,-1.));
#3812=DIRECTION('',(1.,0.,0.));
#3813=DIRECTION('',(3.01691039300314E-16,-2.368475785867E-16,1.));
#3814=DIRECTION('',(-1.,0.,0.));
#3815=DIRECTION('',(1.83129571072191E-16,2.368475785867E-16,-1.));
#3816=DIRECTION('',(-1.,0.,0.));
#3817=DIRECTION('',(-4.57823927680477E-17,-2.368475785867E-16,1.));
#3818=DIRECTION('center_axis',(0.,-1.,-2.368475785867E-16));
#3819=DIRECTION('ref_axis',(1.,0.,0.));
#3820=DIRECTION('center_axis',(0.,-1.,-2.368475785867E-16));
#3821=DIRECTION('ref_axis',(1.,0.,0.));
#3822=DIRECTION('',(-4.57823927680477E-17,-2.368475785867E-16,1.));
#3823=DIRECTION('',(1.,-1.83456024470003E-32,7.74574203226853E-17));
#3824=DIRECTION('',(0.,2.368475785867E-16,-1.));
#3825=DIRECTION('center_axis',(1.,0.,0.));
#3826=DIRECTION('ref_axis',(0.,0.,1.));
#3827=DIRECTION('center_axis',(1.,0.,1.83129571072191E-16));
#3828=DIRECTION('ref_axis',(0.,0.,1.));
#3829=DIRECTION('',(1.,0.,0.));
#3830=DIRECTION('center_axis',(-1.,0.,-4.01570030183816E-16));
#3831=DIRECTION('ref_axis',(0.,0.,1.));
#3832=DIRECTION('center_axis',(1.,0.,-2.97362246112027E-16));
#3833=DIRECTION('ref_axis',(2.97362246112027E-16,0.,1.));
#3834=DIRECTION('center_axis',(1.,0.,-2.79880460187057E-16));
#3835=DIRECTION('ref_axis',(2.97362246112027E-16,0.,1.));
#3836=DIRECTION('',(1.,0.,-2.97362246112027E-16));
#3837=DIRECTION('center_axis',(-1.,0.,0.));
#3838=DIRECTION('ref_axis',(2.97362246112027E-16,0.,1.));
#3839=DIRECTION('center_axis',(1.,0.,-2.78777105730026E-16));
#3840=DIRECTION('ref_axis',(2.78777105730026E-16,0.,1.));
#3841=DIRECTION('center_axis',(1.,0.,-2.79880460187057E-16));
#3842=DIRECTION('ref_axis',(2.78777105730026E-16,0.,1.));
#3843=DIRECTION('',(1.,0.,-2.78777105730026E-16));
#3844=DIRECTION('center_axis',(-1.,0.,0.));
#3845=DIRECTION('ref_axis',(2.78777105730026E-16,0.,1.));
#3846=DIRECTION('center_axis',(1.,0.,-2.97362246112027E-16));
#3847=DIRECTION('ref_axis',(2.97362246112027E-16,0.,1.));
#3848=DIRECTION('center_axis',(1.,0.,-2.79880460187057E-16));
#3849=DIRECTION('ref_axis',(2.97362246112027E-16,0.,1.));
#3850=DIRECTION('',(1.,0.,-2.97362246112027E-16));
#3851=DIRECTION('center_axis',(-1.,0.,0.));
#3852=DIRECTION('ref_axis',(2.97362246112027E-16,0.,1.));
#3853=DIRECTION('center_axis',(1.,0.,2.77555756156289E-16));
#3854=DIRECTION('ref_axis',(0.,-1.,0.));
#3855=DIRECTION('',(1.,0.,2.77555756156289E-16));
#3856=DIRECTION('center_axis',(-1.,0.,-4.01570030183816E-16));
#3857=DIRECTION('ref_axis',(0.,-1.,0.));
#3858=DIRECTION('',(1.,0.,2.77555756156289E-16));
#3859=DIRECTION('center_axis',(1.,0.,1.83129571072191E-16));
#3860=DIRECTION('ref_axis',(0.,-1.,0.));
#3861=DIRECTION('center_axis',(1.,0.,2.77555756156289E-16));
#3862=DIRECTION('ref_axis',(-8.21730109605221E-31,1.,2.96059473233375E-15));
#3863=DIRECTION('center_axis',(1.,0.,1.83129571072191E-16));
#3864=DIRECTION('ref_axis',(-8.21730109605221E-31,1.,2.96059473233375E-15));
#3865=DIRECTION('',(1.,0.,2.77555756156289E-16));
#3866=DIRECTION('center_axis',(-1.,0.,-4.01570030183816E-16));
#3867=DIRECTION('ref_axis',(-8.21730109605221E-31,1.,2.96059473233375E-15));
#3868=DIRECTION('',(1.,0.,2.77555756156289E-16));
#3869=DIRECTION('center_axis',(2.20106279358541E-32,-1.,-7.93016446160825E-17));
#3870=DIRECTION('ref_axis',(1.83129571072191E-16,7.93016446160825E-17,-1.));
#3871=DIRECTION('',(-4.01570030183816E-16,-7.93016446160825E-17,1.));
#3872=DIRECTION('',(1.83129571072191E-16,7.93016446160825E-17,-1.));
#3873=DIRECTION('center_axis',(0.,1.,0.));
#3874=DIRECTION('ref_axis',(-1.83129571072191E-16,0.,1.));
#3875=DIRECTION('',(-1.83129571072191E-16,-2.368475785867E-16,1.));
#3876=DIRECTION('',(4.01570030183816E-16,0.,-1.));
#3877=DIRECTION('center_axis',(-1.,0.,-1.83129571072191E-16));
#3878=DIRECTION('ref_axis',(1.83129571072191E-16,2.368475785867E-16,-1.));
#3879=DIRECTION('',(-1.83129571072191E-16,-2.368475785867E-16,1.));
#3880=DIRECTION('center_axis',(-1.,0.,-1.83129571072191E-16));
#3881=DIRECTION('ref_axis',(1.2949216154093E-16,-0.707106781186548,-0.707106781186547));
#3882=DIRECTION('',(-1.83129571072191E-16,-2.368475785867E-16,1.));
#3883=DIRECTION('',(5.82463190296009E-17,-0.948070352335985,-0.318060697071364));
#3884=DIRECTION('',(1.83129571072191E-16,0.,-1.));
#3885=DIRECTION('',(0.,-1.,0.));
#3886=DIRECTION('',(0.,-1.,0.));
#3887=DIRECTION('',(-1.83129571072191E-16,-2.368475785867E-16,1.));
#3888=DIRECTION('',(-1.83129571072191E-16,-2.368475785867E-16,1.));
#3889=DIRECTION('',(-1.83129571072191E-16,-2.368475785867E-16,1.));
#3890=DIRECTION('center_axis',(-4.01570030183816E-16,0.,1.));
#3891=DIRECTION('ref_axis',(-0.707106781186547,0.707106781186547,0.));
#3892=DIRECTION('',(4.01570030183816E-16,0.,-1.));
#3893=DIRECTION('center_axis',(4.93038065763132E-32,0.318060697071364,-0.948070352335985));
#3894=DIRECTION('ref_axis',(-1.999882114843E-15,0.948070352335985,0.318060697071364));
#3895=DIRECTION('',(-4.01570030183816E-16,0.,1.));
#3896=DIRECTION('center_axis',(0.,-2.22044604925031E-16,1.));
#3897=DIRECTION('ref_axis',(-0.707106781186547,0.707106781186547,0.));
#3898=DIRECTION('',(-4.01570030183816E-16,0.,1.));
#3899=DIRECTION('center_axis',(0.,2.22044604925031E-16,-1.));
#3900=DIRECTION('ref_axis',(-0.707106781186547,0.707106781186547,0.));
#3901=DIRECTION('',(-4.01570030183816E-16,0.,1.));
#3902=DIRECTION('center_axis',(0.707106781186547,0.,0.707106781186548));
#3903=DIRECTION('ref_axis',(0.707106781186548,0.,-0.707106781186547));
#3904=DIRECTION('',(4.01570030183816E-16,0.,-1.));
#3905=DIRECTION('center_axis',(0.,-1.,0.));
#3906=DIRECTION('ref_axis',(1.,0.,0.));
#3907=DIRECTION('',(0.,-1.,0.));
#3908=DIRECTION('center_axis',(0.,1.,0.));
#3909=DIRECTION('ref_axis',(1.,0.,0.));
#3910=DIRECTION('center_axis',(0.,1.,0.));
#3911=DIRECTION('ref_axis',(1.,0.,0.));
#3912=DIRECTION('center_axis',(0.,-2.22044604925031E-16,1.));
#3913=DIRECTION('ref_axis',(-1.,0.,0.));
#3914=DIRECTION('center_axis',(0.,-2.22044604925031E-16,1.));
#3915=DIRECTION('ref_axis',(-0.707106781186547,0.707106781186547,0.));
#3916=DIRECTION('',(0.,-1.,-2.22044604925031E-16));
#3917=DIRECTION('',(1.,0.,0.));
#3918=DIRECTION('',(-1.,0.,0.));
#3919=DIRECTION('center_axis',(1.,6.69888676308603E-32,-3.01691039300314E-16));
#3920=DIRECTION('ref_axis',(3.01691039300314E-16,-2.368475785867E-16,1.));
#3921=DIRECTION('',(-3.01691039300314E-16,0.,-1.));
#3922=DIRECTION('',(0.,-1.,-2.22044604925031E-16));
#3923=DIRECTION('',(3.01691039300314E-16,-2.368475785867E-16,1.));
#3924=DIRECTION('',(0.,-1.,0.));
#3925=DIRECTION('center_axis',(0.,-1.,-2.22044604925031E-16));
#3926=DIRECTION('ref_axis',(0.,2.22044604925031E-16,-1.));
#3927=DIRECTION('center_axis',(0.,-1.,-2.22044604925031E-16));
#3928=DIRECTION('ref_axis',(1.,0.,0.));
#3929=DIRECTION('',(1.,0.,0.));
#3930=DIRECTION('center_axis',(0.,2.22044604925031E-16,-1.));
#3931=DIRECTION('ref_axis',(1.,0.,0.));
#3932=DIRECTION('center_axis',(0.,2.22044604925031E-16,-1.));
#3933=DIRECTION('ref_axis',(-0.707106781186547,0.707106781186547,0.));
#3934=DIRECTION('',(1.,0.,0.));
#3935=DIRECTION('',(0.,1.,0.));
#3936=DIRECTION('center_axis',(0.,-1.,-2.22044604925031E-16));
#3937=DIRECTION('ref_axis',(0.,2.22044604925031E-16,-1.));
#3938=DIRECTION('center_axis',(3.30704730739613E-16,0.,-1.));
#3939=DIRECTION('ref_axis',(0.707106781186547,0.707106781186547,0.));
#3940=DIRECTION('',(3.30704730739613E-16,0.,-1.));
#3941=DIRECTION('center_axis',(-1.11022302462677E-16,0.,1.));
#3942=DIRECTION('ref_axis',(0.707106781186547,0.707106781186547,0.));
#3943=DIRECTION('',(-3.30704730739613E-16,0.,1.));
#3944=DIRECTION('center_axis',(-0.707106781186548,0.,0.707106781186547));
#3945=DIRECTION('ref_axis',(0.707106781186547,0.,0.707106781186548));
#3946=DIRECTION('',(3.30704730739613E-16,0.,-1.));
#3947=DIRECTION('',(3.30704730739613E-16,0.,-1.));
#3948=DIRECTION('center_axis',(1.83129571072191E-16,2.368475785867E-16,
-1.));
#3949=DIRECTION('ref_axis',(-0.707106781186547,0.707106781186547,0.));
#3950=DIRECTION('center_axis',(0.707106781186548,-1.57009245868378E-16,
0.707106781186548));
#3951=DIRECTION('ref_axis',(0.707106781186547,1.57009245868377E-16,-0.707106781186547));
#3952=DIRECTION('center_axis',(0.,-1.,0.));
#3953=DIRECTION('ref_axis',(1.,0.,0.));
#3954=DIRECTION('center_axis',(0.,-1.,0.));
#3955=DIRECTION('ref_axis',(1.,0.,0.));
#3956=DIRECTION('',(0.,1.,0.));
#3957=DIRECTION('center_axis',(0.,1.,0.));
#3958=DIRECTION('ref_axis',(1.,0.,0.));
#3959=DIRECTION('center_axis',(0.,1.,0.));
#3960=DIRECTION('ref_axis',(1.,0.,0.));
#3961=DIRECTION('center_axis',(0.,1.,0.));
#3962=DIRECTION('ref_axis',(0.,0.,1.));
#3963=DIRECTION('center_axis',(-0.800000000004366,-6.66133814778729E-16,
-0.599999999994179));
#3964=DIRECTION('ref_axis',(-8.32667268468867E-16,1.,0.));
#3965=DIRECTION('center_axis',(0.,1.,0.));
#3966=DIRECTION('ref_axis',(0.96790404451489,0.,-0.251320036232127));
#3967=DIRECTION('center_axis',(-0.800000000004366,-4.99600361076473E-16,
0.599999999994179));
#3968=DIRECTION('ref_axis',(0.599999999994179,0.,0.800000000004366));
#3969=DIRECTION('center_axis',(0.,-1.,0.));
#3970=DIRECTION('ref_axis',(1.,0.,0.));
#3971=DIRECTION('center_axis',(-1.83129571072191E-16,-2.368475785867E-16,
1.));
#3972=DIRECTION('ref_axis',(0.707106781186548,0.707106781186548,0.));
#3973=DIRECTION('center_axis',(4.93038065763132E-32,0.318060697071364,-0.948070352335985));
#3974=DIRECTION('ref_axis',(0.,0.948070352335985,0.318060697071364));
#3975=DIRECTION('center_axis',(0.,0.,1.));
#3976=DIRECTION('ref_axis',(1.,0.,0.));
#3977=DIRECTION('',(1.83129571072191E-16,2.368475785867E-16,-1.));
#3978=DIRECTION('center_axis',(-7.22652114767409E-16,-0.948070352335984,
-0.318060697071365));
#3979=DIRECTION('ref_axis',(4.63467780716005E-16,0.318060697071365,-0.948070352335984));
#3980=DIRECTION('center_axis',(0.161144654289867,-6.70755443565542E-13,
0.986930798178778));
#3981=DIRECTION('ref_axis',(0.96640673486513,-0.202877375760102,-0.157793514480198));
#3982=DIRECTION('center_axis',(0.83247158826133,0.554067734792109,-1.23027751273621E-15));
#3983=DIRECTION('ref_axis',(0.533893715083222,-0.802160676482694,-0.267386892160897));
#3984=DIRECTION('center_axis',(-1.,0.,-1.83129571072191E-16));
#3985=DIRECTION('ref_axis',(-2.1316282072803E-16,0.,1.));
#3986=DIRECTION('center_axis',(0.,0.,-1.));
#3987=DIRECTION('ref_axis',(-1.,0.,0.));
#3988=DIRECTION('center_axis',(-1.,0.,-1.83129571072191E-16));
#3989=DIRECTION('ref_axis',(0.,0.,1.));
#3990=DIRECTION('center_axis',(-1.,0.,-1.83129571072191E-16));
#3991=DIRECTION('ref_axis',(1.19039010114183E-16,-0.759911839462659,-0.650026150431256));
#3992=DIRECTION('center_axis',(0.,0.,1.));
#3993=DIRECTION('ref_axis',(1.,0.,0.));
#3994=DIRECTION('center_axis',(1.,0.,1.83129571072191E-16));
#3995=DIRECTION('ref_axis',(0.,-0.759911839462659,-0.650026150431256));
#3996=DIRECTION('center_axis',(-1.83129571072191E-16,-2.368475785867E-16,
1.));
#3997=DIRECTION('ref_axis',(0.707106781186548,0.707106781186548,0.));
#3998=DIRECTION('center_axis',(-4.93038065763132E-32,-0.318060697071364,
0.948070352335985));
#3999=DIRECTION('ref_axis',(0.,0.948070352335985,0.318060697071364));
#4000=DIRECTION('',(1.83129571072191E-16,2.368475785867E-16,-1.));
#4001=DIRECTION('',(-1.83129571072191E-16,-2.368475785867E-16,1.));
#4002=DIRECTION('center_axis',(-1.,0.,-1.83129571072191E-16));
#4003=DIRECTION('ref_axis',(1.83129571072191E-16,2.368475785867E-16,-1.));
#4004=DIRECTION('',(0.,-1.,0.));
#4005=DIRECTION('',(-1.83129571072191E-16,0.,1.));
#4006=DIRECTION('',(0.,-1.,0.));
#4007=DIRECTION('',(-5.82463190296009E-17,0.948070352335985,0.318060697071364));
#4008=DIRECTION('center_axis',(0.,-1.,0.));
#4009=DIRECTION('ref_axis',(0.,0.,-1.));
#4010=DIRECTION('center_axis',(0.,-1.,0.));
#4011=DIRECTION('ref_axis',(-1.,0.,-9.25185853854296E-17));
#4012=DIRECTION('',(1.,0.,0.));
#4013=DIRECTION('',(-4.01570030183816E-16,0.,1.));
#4014=DIRECTION('',(-4.01570030183816E-16,0.,1.));
#4015=DIRECTION('',(-1.,0.,-1.11022302462677E-16));
#4016=DIRECTION('center_axis',(0.,1.,0.));
#4017=DIRECTION('ref_axis',(-0.176571633875713,-2.84300219809115E-16,0.984287792320143));
#4018=DIRECTION('',(0.395866484492939,0.,0.918308078182481));
#4019=DIRECTION('center_axis',(0.,1.,0.));
#4020=DIRECTION('ref_axis',(0.667303353726003,-2.15122888227745E-16,0.744786032432154));
#4021=DIRECTION('',(-0.0104804674504931,0.,-0.999945078392818));
#4022=DIRECTION('center_axis',(0.,-1.,0.));
#4023=DIRECTION('ref_axis',(-0.977647394107292,0.,-0.210251213540426));
#4024=DIRECTION('center_axis',(0.,1.,0.));
#4025=DIRECTION('ref_axis',(1.,0.,0.));
#4026=DIRECTION('center_axis',(0.,1.,0.));
#4027=DIRECTION('ref_axis',(1.,0.,0.));
#4028=DIRECTION('center_axis',(0.,1.,0.));
#4029=DIRECTION('ref_axis',(-1.,0.,-1.90323947078598E-16));
#4030=DIRECTION('center_axis',(0.800000000004366,-4.16333634230394E-16,
0.599999999994179));
#4031=DIRECTION('ref_axis',(0.,1.,6.93889390390722E-16));
#4032=DIRECTION('center_axis',(0.,1.,0.));
#4033=DIRECTION('ref_axis',(-1.,0.,-9.25185853854296E-17));
#4034=DIRECTION('center_axis',(0.,1.,0.));
#4035=DIRECTION('ref_axis',(-1.,0.,-9.25185853854296E-17));
#4036=DIRECTION('center_axis',(0.800000000004366,0.,-0.599999999994179));
#4037=DIRECTION('ref_axis',(-0.599999999994179,0.,-0.800000000004366));
#4038=DIRECTION('center_axis',(0.,-1.,0.));
#4039=DIRECTION('ref_axis',(1.,0.,0.));
#4040=DIRECTION('center_axis',(0.,-1.,0.));
#4041=DIRECTION('ref_axis',(1.,0.,0.));
#4042=DIRECTION('',(0.,1.,0.));
#4043=DIRECTION('center_axis',(0.,1.,0.));
#4044=DIRECTION('ref_axis',(-0.977647394107292,0.,-0.210251213540426));
#4045=DIRECTION('center_axis',(0.,1.,2.368475785867E-16));
#4046=DIRECTION('ref_axis',(-0.977647394107292,0.,-0.210251213540426));
#4047=DIRECTION('',(0.,-1.,0.));
#4048=DIRECTION('',(0.,-1.,-2.88838510471585E-16));
#4049=DIRECTION('center_axis',(0.,-1.,0.));
#4050=DIRECTION('ref_axis',(1.,0.,0.));
#4051=DIRECTION('center_axis',(0.,-1.,0.));
#4052=DIRECTION('ref_axis',(1.,0.,0.));
#4053=DIRECTION('',(0.,1.,0.));
#4054=DIRECTION('center_axis',(0.,1.,2.368475785867E-16));
#4055=DIRECTION('ref_axis',(-1.,0.,0.));
#4056=DIRECTION('center_axis',(0.,-1.,-2.368475785867E-16));
#4057=DIRECTION('ref_axis',(0.,2.368475785867E-16,-1.));
#4058=DIRECTION('',(-1.,1.23171104063472E-47,-5.20043754715373E-32));
#4059=DIRECTION('',(2.79880460187057E-16,-2.368475785867E-16,1.));
#4060=DIRECTION('',(-1.,8.67125308685505E-33,-3.66111114101209E-17));
#4061=DIRECTION('center_axis',(0.,1.,0.));
#4062=DIRECTION('ref_axis',(-0.25,0.,0.968245836551854));
#4063=DIRECTION('center_axis',(-4.93038065763132E-32,-0.318060697071364,
0.948070352335985));
#4064=DIRECTION('ref_axis',(-1.76559154558478E-17,0.948070352335985,0.318060697071364));
#4065=DIRECTION('center_axis',(0.,-1.,0.));
#4066=DIRECTION('ref_axis',(-0.25,0.,0.968245836551854));
#4067=DIRECTION('',(0.,1.,0.));
#4068=DIRECTION('center_axis',(0.,1.,0.));
#4069=DIRECTION('ref_axis',(-0.25,0.,0.968245836551854));
#4070=DIRECTION('center_axis',(4.93038065763132E-32,0.318060697071364,-0.948070352335985));
#4071=DIRECTION('ref_axis',(-1.,0.,-5.20043754715373E-32));
#4072=DIRECTION('center_axis',(-6.93889390390723E-18,-0.318060697071364,
0.948070352335985));
#4073=DIRECTION('ref_axis',(0.163681941111115,0.935283882693489,0.313771064516614));
#4074=DIRECTION('',(5.01131222905343E-17,-0.948070352335985,-0.318060697071364));
#4075=DIRECTION('',(1.,-1.56816030879339E-32,4.67434772723105E-32));
#4076=DIRECTION('',(8.90189742637493E-17,0.948070352335985,0.318060697071364));
#4077=DIRECTION('center_axis',(4.93038065763132E-32,0.318060697071364,-0.948070352335985));
#4078=DIRECTION('ref_axis',(-1.57885430119184E-15,-0.948070352335985,-0.318060697071364));
#4079=DIRECTION('',(-1.,0.,-5.20043754715373E-32));
#4080=DIRECTION('',(1.27723643723233E-16,-0.948070352335985,-0.318060697071364));
#4081=DIRECTION('center_axis',(-4.93038065763132E-32,-0.318060697071364,
0.948070352335985));
#4082=DIRECTION('ref_axis',(-1.999882114843E-15,0.948070352335985,0.318060697071364));
#4083=DIRECTION('',(5.60807420632158E-16,0.948070352335985,0.318060697071364));
#4084=DIRECTION('',(1.,-6.85125045063882E-16,-2.29847235363017E-16));
#4085=DIRECTION('center_axis',(1.,-5.31684888871364E-16,-1.78370799129058E-16));
#4086=DIRECTION('ref_axis',(-5.60807420632158E-16,-0.948070352335985,-0.318060697071364));
#4087=DIRECTION('',(5.60807420632158E-16,0.948070352335985,0.318060697071364));
#4088=DIRECTION('',(0.,0.318060697071365,-0.948070352335984));
#4089=DIRECTION('center_axis',(7.22652114767409E-16,0.948070352335984,0.318060697071365));
#4090=DIRECTION('ref_axis',(1.,-6.85125045063882E-16,-2.29847235363017E-16));
#4091=DIRECTION('',(1.,5.38131259596703E-31,-2.27205725643387E-15));
#4092=DIRECTION('',(0.,0.318060697071365,-0.948070352335984));
#4093=DIRECTION('',(-1.,6.85125045063882E-16,2.29847235363017E-16));
#4094=DIRECTION('center_axis',(4.93038065763132E-32,0.318060697071364,-0.948070352335985));
#4095=DIRECTION('ref_axis',(-1.,0.,-5.20043754715373E-32));
#4096=DIRECTION('center_axis',(-4.93038065763132E-32,-0.318060697071364,
0.948070352335985));
#4097=DIRECTION('ref_axis',(-1.57885430119184E-15,-0.948070352335985,-0.318060697071364));
#4098=DIRECTION('',(-8.90189742637493E-17,-0.948070352335985,-0.318060697071364));
#4099=DIRECTION('',(-1.,1.56816030879339E-32,-4.67434772723105E-32));
#4100=DIRECTION('',(-5.01131222905343E-17,0.948070352335985,0.318060697071364));
#4101=DIRECTION('center_axis',(6.93889390390723E-18,0.318060697071364,-0.948070352335985));
#4102=DIRECTION('ref_axis',(0.163681941111115,0.935283882693489,0.313771064516614));
#4103=DIRECTION('center_axis',(4.93038065763132E-32,0.318060697071364,-0.948070352335985));
#4104=DIRECTION('ref_axis',(-1.,0.,-5.20043754715373E-32));
#4105=DIRECTION('',(-1.27723643723233E-16,0.948070352335985,0.318060697071364));
#4106=DIRECTION('',(1.,0.,5.20043754715373E-32));
#4107=DIRECTION('center_axis',(0.,0.318060697071365,-0.948070352335984));
#4108=DIRECTION('ref_axis',(0.163681941111115,0.935283882693489,0.313771064516614));
#4109=DIRECTION('',(0.,0.318060697071365,-0.948070352335984));
#4110=DIRECTION('center_axis',(1.,4.75107655066432E-17,1.59390146081499E-17));
#4111=DIRECTION('ref_axis',(5.01131222905343E-17,-0.948070352335985,-0.318060697071364));
#4112=DIRECTION('',(-4.93038065763132E-32,-0.318060697071364,0.948070352335985));
#4113=DIRECTION('center_axis',(-4.01570030183816E-16,0.,1.));
#4114=DIRECTION('ref_axis',(-0.707106781186547,0.707106781186547,0.));
#4115=DIRECTION('',(4.01570030183816E-16,0.,-1.));
#4116=DIRECTION('center_axis',(-1.11022302462677E-16,0.,1.));
#4117=DIRECTION('ref_axis',(-0.707106781186547,0.707106781186547,0.));
#4118=DIRECTION('center_axis',(-1.,0.,-4.01570030183816E-16));
#4119=DIRECTION('ref_axis',(-4.01570030183816E-16,0.,1.));
#4120=DIRECTION('',(0.,1.,0.));
#4121=DIRECTION('',(-4.01570030183816E-16,0.,1.));
#4122=DIRECTION('center_axis',(-1.,0.,-4.01570030183816E-16));
#4123=DIRECTION('ref_axis',(-4.01570030183816E-16,0.,1.));
#4124=DIRECTION('',(-4.01570030183816E-16,0.,1.));
#4125=DIRECTION('',(0.,1.,0.));
#4126=DIRECTION('center_axis',(0.,-1.,0.));
#4127=DIRECTION('ref_axis',(0.,0.,-1.));
#4128=DIRECTION('center_axis',(0.,-1.,0.));
#4129=DIRECTION('ref_axis',(-0.249999999999999,0.,0.968245836551854));
#4130=DIRECTION('',(1.,0.,1.81260901979617E-16));
#4131=DIRECTION('center_axis',(0.,-1.,0.));
#4132=DIRECTION('ref_axis',(0.,0.,-1.));
#4133=DIRECTION('center_axis',(0.,1.,0.));
#4134=DIRECTION('ref_axis',(1.,0.,0.));
#4135=DIRECTION('',(-4.57823927680477E-17,0.,1.));
#4136=DIRECTION('center_axis',(0.,-1.,0.));
#4137=DIRECTION('ref_axis',(0.517812343201204,0.,0.855494229804315));
#4138=DIRECTION('',(1.,0.,0.));
#4139=DIRECTION('',(3.30704730739613E-16,0.,-1.));
#4140=DIRECTION('',(-1.,0.,-1.11022302462677E-16));
#4141=DIRECTION('center_axis',(0.,1.,0.));
#4142=DIRECTION('ref_axis',(-1.,0.,0.));
#4143=DIRECTION('center_axis',(0.,1.,0.));
#4144=DIRECTION('ref_axis',(-1.,0.,0.));
#4145=DIRECTION('center_axis',(0.,1.,0.));
#4146=DIRECTION('ref_axis',(-1.,0.,0.));
#4147=DIRECTION('center_axis',(-1.,0.,2.79880460187057E-16));
#4148=DIRECTION('ref_axis',(2.79880460187057E-16,0.,1.));
#4149=DIRECTION('',(-2.79880460187057E-16,2.368475785867E-16,-1.));
#4150=DIRECTION('',(-8.90189742637493E-17,-0.948070352335985,-0.318060697071364));
#4151=DIRECTION('',(2.79880460187057E-16,0.,1.));
#4152=DIRECTION('',(8.90189742637493E-17,0.948070352335985,0.318060697071364));
#4153=DIRECTION('',(-2.79880460187057E-16,2.368475785867E-16,-1.));
#4154=DIRECTION('',(-2.653463665015E-16,0.318060697071364,-0.948070352335985));
#4155=DIRECTION('',(8.90189742637493E-17,0.948070352335985,0.318060697071364));
#4156=DIRECTION('',(2.653463665015E-16,-0.318060697071364,0.948070352335985));
#4157=DIRECTION('',(-8.90189742637494E-17,-0.948070352335985,-0.318060697071364));
#4158=DIRECTION('',(-2.653463665015E-16,0.318060697071364,-0.948070352335985));
#4159=DIRECTION('center_axis',(0.,-1.,-2.368475785867E-16));
#4160=DIRECTION('ref_axis',(0.,2.368475785867E-16,-1.));
#4161=DIRECTION('',(-1.,0.,0.));
#4162=DIRECTION('',(2.79880460187057E-16,-2.368475785867E-16,1.));
#4163=DIRECTION('center_axis',(-2.79880460187057E-16,2.368475785867E-16,
-1.));
#4164=DIRECTION('ref_axis',(-0.707106781186547,-0.707106781186548,0.));
#4165=DIRECTION('center_axis',(-1.85647233594266E-17,0.303658920997609,
-0.952780803594703));
#4166=DIRECTION('ref_axis',(-1.69247869691472E-15,-0.952780803594703,-0.303658920997609));
#4167=DIRECTION('center_axis',(3.66111114101209E-17,0.,-1.));
#4168=DIRECTION('ref_axis',(-0.273861278752582,-0.961769203083567,-6.93889390390723E-18));
#4169=DIRECTION('center_axis',(1.,0.,0.));
#4170=DIRECTION('ref_axis',(0.,0.,1.));
#4171=DIRECTION('center_axis',(1.,0.,0.));
#4172=DIRECTION('ref_axis',(0.,0.,1.));
#4173=DIRECTION('',(1.,0.,0.));
#4174=DIRECTION('center_axis',(1.,0.,0.));
#4175=DIRECTION('ref_axis',(0.,0.,1.));
#4176=DIRECTION('center_axis',(-1.,0.,0.));
#4177=DIRECTION('ref_axis',(0.,0.,1.));
#4178=DIRECTION('center_axis',(1.,0.,0.));
#4179=DIRECTION('ref_axis',(0.,0.,1.));
#4180=DIRECTION('center_axis',(1.,0.,0.));
#4181=DIRECTION('ref_axis',(0.,0.,1.));
#4182=DIRECTION('',(1.,0.,0.));
#4183=DIRECTION('center_axis',(1.,0.,0.));
#4184=DIRECTION('ref_axis',(0.,0.,1.));
#4185=DIRECTION('center_axis',(-1.,0.,0.));
#4186=DIRECTION('ref_axis',(0.,0.,1.));
#4187=DIRECTION('center_axis',(1.,0.,0.));
#4188=DIRECTION('ref_axis',(0.,0.,1.));
#4189=DIRECTION('center_axis',(1.,0.,0.));
#4190=DIRECTION('ref_axis',(0.,0.,1.));
#4191=DIRECTION('',(1.,0.,0.));
#4192=DIRECTION('center_axis',(1.,0.,0.));
#4193=DIRECTION('ref_axis',(0.,0.,1.));
#4194=DIRECTION('center_axis',(-1.,0.,0.));
#4195=DIRECTION('ref_axis',(0.,0.,1.));
#4196=DIRECTION('center_axis',(1.,0.,0.));
#4197=DIRECTION('ref_axis',(0.,0.,1.));
#4198=DIRECTION('center_axis',(1.,0.,0.));
#4199=DIRECTION('ref_axis',(0.,0.,1.));
#4200=DIRECTION('',(1.,0.,0.));
#4201=DIRECTION('center_axis',(1.,0.,0.));
#4202=DIRECTION('ref_axis',(0.,0.,1.));
#4203=DIRECTION('center_axis',(-1.,0.,0.));
#4204=DIRECTION('ref_axis',(0.,0.,1.));
#4205=DIRECTION('center_axis',(-1.,0.,0.));
#4206=DIRECTION('ref_axis',(0.,0.,1.));
#4207=DIRECTION('center_axis',(-1.,0.,0.));
#4208=DIRECTION('ref_axis',(0.,0.,1.));
#4209=DIRECTION('',(1.,0.,0.));
#4210=DIRECTION('center_axis',(1.,0.,0.));
#4211=DIRECTION('ref_axis',(0.,0.,1.));
#4212=DIRECTION('center_axis',(-1.,0.,0.));
#4213=DIRECTION('ref_axis',(0.,0.,1.));
#4214=DIRECTION('center_axis',(-1.,0.,0.));
#4215=DIRECTION('ref_axis',(0.,0.,1.));
#4216=DIRECTION('center_axis',(-1.,0.,0.));
#4217=DIRECTION('ref_axis',(0.,0.,1.));
#4218=DIRECTION('',(1.,0.,0.));
#4219=DIRECTION('center_axis',(1.,0.,0.));
#4220=DIRECTION('ref_axis',(0.,0.,1.));
#4221=DIRECTION('center_axis',(-1.,0.,0.));
#4222=DIRECTION('ref_axis',(0.,0.,1.));
#4223=DIRECTION('center_axis',(-1.,0.,0.));
#4224=DIRECTION('ref_axis',(0.,0.,1.));
#4225=DIRECTION('center_axis',(-1.,0.,0.));
#4226=DIRECTION('ref_axis',(0.,0.,1.));
#4227=DIRECTION('',(1.,0.,0.));
#4228=DIRECTION('center_axis',(1.,0.,0.));
#4229=DIRECTION('ref_axis',(0.,0.,1.));
#4230=DIRECTION('center_axis',(-1.,0.,0.));
#4231=DIRECTION('ref_axis',(0.,0.,1.));
#4232=DIRECTION('center_axis',(-1.,0.,0.));
#4233=DIRECTION('ref_axis',(0.,0.,1.));
#4234=DIRECTION('center_axis',(-1.,0.,0.));
#4235=DIRECTION('ref_axis',(0.,0.,1.));
#4236=DIRECTION('',(1.,0.,0.));
#4237=DIRECTION('center_axis',(1.,0.,0.));
#4238=DIRECTION('ref_axis',(0.,0.,1.));
#4239=DIRECTION('center_axis',(-1.,0.,0.));
#4240=DIRECTION('ref_axis',(0.,0.,1.));
#4241=DIRECTION('center_axis',(0.,-0.948070352335985,-0.318060697071364));
#4242=DIRECTION('ref_axis',(-2.653463665015E-16,0.318060697071364,-0.948070352335985));
#4243=DIRECTION('',(1.,0.,0.));
#4244=DIRECTION('',(-2.653463665015E-16,0.318060697071364,-0.948070352335985));
#4245=DIRECTION('',(1.,0.,0.));
#4246=DIRECTION('center_axis',(0.,-0.318060697071364,0.948070352335985));
#4247=DIRECTION('ref_axis',(-8.90189742637494E-17,-0.948070352335985,-0.318060697071364));
#4248=DIRECTION('',(1.,0.,0.));
#4249=DIRECTION('',(-8.90189742637494E-17,-0.948070352335985,-0.318060697071364));
#4250=DIRECTION('center_axis',(0.,0.948070352335985,0.318060697071364));
#4251=DIRECTION('ref_axis',(2.653463665015E-16,-0.318060697071364,0.948070352335985));
#4252=DIRECTION('',(1.,0.,0.));
#4253=DIRECTION('',(2.653463665015E-16,-0.318060697071364,0.948070352335985));
#4254=DIRECTION('center_axis',(0.,0.318060697071364,-0.948070352335985));
#4255=DIRECTION('ref_axis',(8.90189742637493E-17,0.948070352335985,0.318060697071364));
#4256=DIRECTION('',(8.90189742637493E-17,0.948070352335985,0.318060697071364));
#4257=DIRECTION('center_axis',(1.,0.,0.));
#4258=DIRECTION('ref_axis',(0.,0.,-1.));
#4259=DIRECTION('center_axis',(0.,1.,0.));
#4260=DIRECTION('ref_axis',(-1.,0.,0.));
#4261=DIRECTION('center_axis',(0.,-1.,0.));
#4262=DIRECTION('ref_axis',(-1.,0.,0.));
#4263=DIRECTION('',(0.,-1.,0.));
#4264=DIRECTION('center_axis',(0.,1.,0.));
#4265=DIRECTION('ref_axis',(-0.249999999999999,0.,0.968245836551854));
#4266=DIRECTION('center_axis',(0.,1.,0.));
#4267=DIRECTION('ref_axis',(-0.249999999999999,0.,0.968245836551854));
#4268=DIRECTION('',(0.,1.,0.));
#4269=DIRECTION('center_axis',(0.,-1.,0.));
#4270=DIRECTION('ref_axis',(0.,0.,-1.));
#4271=DIRECTION('',(-1.,0.,-1.81260901979617E-16));
#4272=DIRECTION('center_axis',(0.,1.,0.));
#4273=DIRECTION('ref_axis',(-1.,0.,0.));
#4274=DIRECTION('center_axis',(0.,-1.,0.));
#4275=DIRECTION('ref_axis',(-1.,0.,0.));
#4276=DIRECTION('',(0.,-1.,0.));
#4277=DIRECTION('center_axis',(0.,1.,0.));
#4278=DIRECTION('ref_axis',(0.,0.,-1.));
#4279=DIRECTION('',(0.,1.,0.));
#4280=DIRECTION('center_axis',(0.,1.,0.));
#4281=DIRECTION('ref_axis',(0.,0.,-1.));
#4282=DIRECTION('',(0.,1.,0.));
#4283=DIRECTION('center_axis',(0.,1.,0.));
#4284=DIRECTION('ref_axis',(1.,0.,0.));
#4285=DIRECTION('center_axis',(0.,-1.,0.));
#4286=DIRECTION('ref_axis',(1.,0.,0.));
#4287=DIRECTION('',(0.,-1.,0.));
#4288=DIRECTION('center_axis',(0.,-1.,0.));
#4289=DIRECTION('ref_axis',(0.,0.,-1.));
#4290=DIRECTION('',(-1.,0.,-1.81260901979617E-16));
#4291=DIRECTION('',(4.57823927680477E-17,0.,-1.));
#4292=DIRECTION('center_axis',(0.,1.,0.));
#4293=DIRECTION('ref_axis',(-1.,0.,0.));
#4294=DIRECTION('center_axis',(0.,-1.,0.));
#4295=DIRECTION('ref_axis',(-1.,0.,0.));
#4296=DIRECTION('',(0.,-1.,0.));
#4297=DIRECTION('center_axis',(0.,1.,0.));
#4298=DIRECTION('ref_axis',(0.517812343201204,0.,0.855494229804315));
#4299=DIRECTION('',(0.,-1.,0.));
#4300=DIRECTION('center_axis',(0.,1.,0.));
#4301=DIRECTION('ref_axis',(0.517812343201204,0.,0.855494229804315));
#4302=DIRECTION('center_axis',(0.,-1.,0.));
#4303=DIRECTION('ref_axis',(0.,0.,-1.));
#4304=DIRECTION('',(1.,0.,0.));
#4305=DIRECTION('center_axis',(1.,0.,0.));
#4306=DIRECTION('ref_axis',(0.,0.707106781186547,0.707106781186547));
#4307=DIRECTION('',(-1.,0.,0.));
#4308=DIRECTION('center_axis',(1.11022302462677E-16,0.,-1.));
#4309=DIRECTION('ref_axis',(-1.,0.,-1.11022302462677E-16));
#4310=DIRECTION('',(0.,1.,0.));
#4311=DIRECTION('center_axis',(-1.,0.,0.));
#4312=DIRECTION('ref_axis',(0.,0.707106781186547,0.707106781186547));
#4313=DIRECTION('',(1.,0.,0.));
#4314=DIRECTION('center_axis',(-0.707106781186548,0.,0.707106781186548));
#4315=DIRECTION('ref_axis',(0.707106781186547,0.,0.707106781186547));
#4316=DIRECTION('center_axis',(-4.57823927680477E-17,-2.368475785867E-16,
1.));
#4317=DIRECTION('ref_axis',(0.707106781186547,0.707106781186547,0.));
#4318=DIRECTION('',(4.57823927680477E-17,2.368475785867E-16,-1.));
#4319=DIRECTION('center_axis',(-7.74574203226853E-17,0.,1.));
#4320=DIRECTION('ref_axis',(0.707106781186547,0.707106781186547,0.));
#4321=DIRECTION('center_axis',(1.83129571072191E-16,2.368475785867E-16,
-1.));
#4322=DIRECTION('ref_axis',(-0.707106781186547,0.707106781186547,0.));
#4323=DIRECTION('center_axis',(0.,0.,1.));
#4324=DIRECTION('ref_axis',(-1.,0.,0.));
#4325=DIRECTION('',(0.,-1.,0.));
#4326=DIRECTION('center_axis',(0.448142832986586,0.,0.893961968566201));
#4327=DIRECTION('ref_axis',(-0.893961968566201,0.,0.448142832986586));
#4328=DIRECTION('',(1.,-1.83456024470003E-32,7.74574203226853E-17));
#4329=DIRECTION('center_axis',(-0.782253282028712,-0.57095274262802,-0.249184205841482));
#4330=DIRECTION('ref_axis',(0.,-0.400000000000003,0.916515138991167));
#4331=DIRECTION('center_axis',(2.84217094304043E-14,0.,1.));
#4332=DIRECTION('ref_axis',(-1.,0.,2.84217094304043E-14));
#4333=DIRECTION('center_axis',(-1.,5.29262253019987E-15,-2.62808727109948E-15));
#4334=DIRECTION('ref_axis',(-3.5527136788005E-15,-0.183095189484538,0.983095189484528));
#4335=DIRECTION('',(1.,-1.83456024470003E-32,7.74574203226853E-17));
#4336=DIRECTION('center_axis',(0.,-2.368475785867E-16,1.));
#4337=DIRECTION('ref_axis',(-1.,0.,0.));
#4338=DIRECTION('center_axis',(0.,0.,1.));
#4339=DIRECTION('ref_axis',(-1.,0.,0.));
#4340=DIRECTION('',(0.,-2.368475785867E-16,1.));
#4341=DIRECTION('center_axis',(-1.,8.67125308685505E-33,-3.66111114101209E-17));
#4342=DIRECTION('ref_axis',(0.,0.154932007511045,0.987925135346094));
#4343=DIRECTION('',(-1.,8.67125308685505E-33,-3.66111114101209E-17));
#4344=DIRECTION('',(1.,-1.83456024470003E-32,7.74574203226853E-17));
#4345=DIRECTION('center_axis',(-1.,0.,0.));
#4346=DIRECTION('ref_axis',(0.,-0.707106781186548,0.707106781186548));
#4347=DIRECTION('',(-1.,0.,0.));
#4348=DIRECTION('center_axis',(1.,0.,0.));
#4349=DIRECTION('ref_axis',(0.,0.,1.));
#4350=DIRECTION('center_axis',(0.,0.,1.));
#4351=DIRECTION('ref_axis',(-1.,0.,0.));
#4352=DIRECTION('',(1.,0.,0.));
#4353=DIRECTION('',(-1.,0.,0.));
#4354=DIRECTION('center_axis',(0.,0.,-1.));
#4355=DIRECTION('ref_axis',(-0.273861278752582,-0.961769203083567,0.));
#4356=DIRECTION('',(0.,-1.,0.));
#4357=DIRECTION('center_axis',(0.,1.,2.368475785867E-16));
#4358=DIRECTION('ref_axis',(6.63634804391745E-17,-2.58093368729246E-16,
1.));
#4359=DIRECTION('center_axis',(1.,0.,0.));
#4360=DIRECTION('ref_axis',(0.,0.,-1.));
#4361=DIRECTION('',(0.,-1.,0.));
#4362=DIRECTION('',(0.,0.,1.));
#4363=DIRECTION('',(0.,-1.,0.));
#4364=DIRECTION('center_axis',(0.,1.,2.368475785867E-16));
#4365=DIRECTION('ref_axis',(-1.32726960878349E-16,2.34630335208405E-16,
-1.));
#4366=DIRECTION('center_axis',(0.,0.,1.));
#4367=DIRECTION('ref_axis',(1.,0.,0.));
#4368=DIRECTION('',(0.,1.,0.));
#4369=DIRECTION('center_axis',(1.,0.,3.30704730739613E-16));
#4370=DIRECTION('ref_axis',(3.30704730739613E-16,0.,-1.));
#4371=DIRECTION('center_axis',(-0.918308078182481,-1.14341485726563E-16,
0.395866484492939));
#4372=DIRECTION('ref_axis',(-0.395866484492939,2.17499044714127E-16,-0.918308078182481));
#4373=DIRECTION('',(0.,-1.,-2.88838510471585E-16));
#4374=DIRECTION('',(-0.395866484492939,2.17499044714127E-16,-0.918308078182481));
#4375=DIRECTION('',(0.,-1.,-2.88838510471585E-16));
#4376=DIRECTION('',(0.,-1.,-2.88838510471585E-16));
#4377=DIRECTION('center_axis',(0.,-1.,-2.88838510471585E-16));
#4378=DIRECTION('ref_axis',(0.667303353726003,-2.15122888227745E-16,0.744786032432154));
#4379=DIRECTION('center_axis',(0.,-1.,-2.368475785867E-16));
#4380=DIRECTION('ref_axis',(0.667303353726003,-2.15122888227745E-16,0.744786032432154));
#4381=DIRECTION('',(0.,-1.,-2.88838510471585E-16));
#4382=DIRECTION('center_axis',(0.999945078392818,3.02716260744635E-18,-0.0104804674504931));
#4383=DIRECTION('ref_axis',(0.0104804674504931,-2.36834570537027E-16,0.999945078392818));
#4384=DIRECTION('',(0.0104804674504931,-2.36834570537027E-16,0.999945078392818));
#4385=DIRECTION('',(0.,-1.,-2.88838510471585E-16));
#4386=DIRECTION('center_axis',(0.,-1.,-2.368475785867E-16));
#4387=DIRECTION('ref_axis',(-0.176571633875713,-2.84300219809115E-16,0.984287792320143));
#4388=DIRECTION('center_axis',(0.,1.,0.));
#4389=DIRECTION('ref_axis',(1.,0.,0.));
#4390=DIRECTION('center_axis',(0.,1.,0.));
#4391=DIRECTION('ref_axis',(1.,0.,0.));
#4392=DIRECTION('',(0.,1.,0.));
#4393=DIRECTION('center_axis',(0.,1.,0.));
#4394=DIRECTION('ref_axis',(1.,0.,0.));
#4395=DIRECTION('center_axis',(0.,-1.,0.));
#4396=DIRECTION('ref_axis',(0.,0.,-1.));
#4397=DIRECTION('center_axis',(0.,1.,0.));
#4398=DIRECTION('ref_axis',(1.,0.,0.));
#4399=DIRECTION('center_axis',(0.,1.,0.));
#4400=DIRECTION('ref_axis',(1.,0.,0.));
#4401=DIRECTION('',(0.,1.,0.));
#4402=DIRECTION('center_axis',(0.,1.,0.));
#4403=DIRECTION('ref_axis',(1.,0.,0.));
#4404=DIRECTION('center_axis',(0.,-1.,0.));
#4405=DIRECTION('ref_axis',(0.,0.,-1.));
#4406=DIRECTION('center_axis',(0.,1.,0.));
#4407=DIRECTION('ref_axis',(1.,0.,0.));
#4408=DIRECTION('center_axis',(0.,1.,0.));
#4409=DIRECTION('ref_axis',(1.,0.,0.));
#4410=DIRECTION('',(0.,1.,0.));
#4411=DIRECTION('center_axis',(0.,1.,0.));
#4412=DIRECTION('ref_axis',(1.,0.,0.));
#4413=DIRECTION('center_axis',(0.,-1.,0.));
#4414=DIRECTION('ref_axis',(0.,0.,-1.));
#4415=DIRECTION('center_axis',(0.,-1.,0.));
#4416=DIRECTION('ref_axis',(0.,0.,-1.));
#4417=DIRECTION('center_axis',(0.,-1.,0.));
#4418=DIRECTION('ref_axis',(0.,0.,-1.));
#4419=DIRECTION('center_axis',(0.,-1.,0.));
#4420=DIRECTION('ref_axis',(0.,0.,-1.));
#4421=DIRECTION('center_axis',(1.,0.,4.57823927680477E-17));
#4422=DIRECTION('ref_axis',(-4.57823927680477E-17,-2.368475785867E-16,1.));
#4423=DIRECTION('',(0.,-1.,0.));
#4424=DIRECTION('center_axis',(7.74574203226853E-17,0.,-1.));
#4425=DIRECTION('ref_axis',(1.,-1.83456024470003E-32,7.74574203226853E-17));
#4426=DIRECTION('',(0.,1.,0.));
#4427=DIRECTION('',(0.,1.,0.));
#4428=DIRECTION('center_axis',(-0.918308078182487,0.,0.395866484492925));
#4429=DIRECTION('ref_axis',(0.395866484492925,-2.17499044714128E-16,0.918308078182487));
#4430=DIRECTION('',(-0.395866484492925,2.17499044714128E-16,-0.918308078182487));
#4431=DIRECTION('',(0.395866484492925,-2.17499044714128E-16,0.918308078182487));
#4432=DIRECTION('',(0.,1.,0.));
#4433=DIRECTION('center_axis',(0.,-1.,-2.368475785867E-16));
#4434=DIRECTION('ref_axis',(-0.176444192583689,0.,0.984310645529901));
#4435=DIRECTION('center_axis',(1.718739250428E-14,1.,5.56122677936705E-15));
#4436=DIRECTION('ref_axis',(-0.176444192583689,-2.44135912810031E-15,0.984310645529901));
#4437=DIRECTION('',(0.,1.,0.));
#4438=DIRECTION('',(0.,1.,0.));
#4439=DIRECTION('center_axis',(0.,1.,0.));
#4440=DIRECTION('ref_axis',(0.523481170518344,0.,-0.852037243383612));
#4441=DIRECTION('center_axis',(0.,-1.,-2.368475785867E-16));
#4442=DIRECTION('ref_axis',(0.523481170518344,0.,-0.852037243383612));
#4443=DIRECTION('center_axis',(1.23259516440783E-32,1.,2.368475785867E-16));
#4444=DIRECTION('ref_axis',(0.523481170518344,2.01802957961095E-16,-0.852037243383612));
#4445=DIRECTION('',(0.,1.,0.));
#4446=DIRECTION('center_axis',(0.999945078392818,0.,-0.0104804674505424));
#4447=DIRECTION('ref_axis',(-0.0104804674505424,2.36834570537027E-16,-0.999945078392818));
#4448=DIRECTION('',(0.0104804674505424,-2.36834570537027E-16,0.999945078392818));
#4449=DIRECTION('',(-0.0104804674505424,2.36834570537027E-16,-0.999945078392818));
#4450=DIRECTION('',(0.,1.,0.));
#4451=DIRECTION('center_axis',(0.,1.,0.));
#4452=DIRECTION('ref_axis',(0.665353448924033,0.,0.746528491087175));
#4453=DIRECTION('center_axis',(0.,-1.,-2.368475785867E-16));
#4454=DIRECTION('ref_axis',(0.665353448924033,0.,0.746528491087175));
#4455=DIRECTION('center_axis',(0.,1.,2.368475785867E-16));
#4456=DIRECTION('ref_axis',(0.665353448924033,-1.7681346545998E-16,0.746528491087175));
#4457=DIRECTION('center_axis',(0.,1.,2.368475785867E-16));
#4458=DIRECTION('ref_axis',(0.,-2.368475785867E-16,1.));
#4459=DIRECTION('center_axis',(0.,-1.,0.));
#4460=DIRECTION('ref_axis',(1.,0.,0.));
#4461=DIRECTION('center_axis',(0.,-1.,0.));
#4462=DIRECTION('ref_axis',(1.,0.,0.));
#4463=DIRECTION('',(0.,-1.,0.));
#4464=DIRECTION('center_axis',(0.,-1.,0.));
#4465=DIRECTION('ref_axis',(1.,0.,0.));
#4466=DIRECTION('center_axis',(0.,1.,0.));
#4467=DIRECTION('ref_axis',(0.,0.,1.));
#4468=DIRECTION('center_axis',(0.,1.,0.));
#4469=DIRECTION('ref_axis',(1.,0.,0.));
#4470=DIRECTION('center_axis',(0.,-1.,0.));
#4471=DIRECTION('ref_axis',(1.,0.,0.));
#4472=DIRECTION('center_axis',(0.,-1.,0.));
#4473=DIRECTION('ref_axis',(1.,0.,0.));
#4474=DIRECTION('',(0.,-1.,0.));
#4475=DIRECTION('center_axis',(0.,-1.,0.));
#4476=DIRECTION('ref_axis',(1.,0.,0.));
#4477=DIRECTION('center_axis',(0.,-1.,0.));
#4478=DIRECTION('ref_axis',(1.,0.,0.));
#4479=DIRECTION('center_axis',(0.,1.,0.));
#4480=DIRECTION('ref_axis',(0.,0.,1.));
#4481=DIRECTION('center_axis',(0.,1.,0.));
#4482=DIRECTION('ref_axis',(1.,0.,0.));
#4483=DIRECTION('center_axis',(0.898852945491477,0.,-0.438250364952838));
#4484=DIRECTION('ref_axis',(0.348498685324395,0.606341256850526,0.714771954240017));
#4485=DIRECTION('',(-0.898852945491477,0.,0.438250364952838));
#4486=DIRECTION('',(0.898852945491477,0.,-0.438250364952838));
#4487=DIRECTION('',(-0.898852945491477,0.,0.438250364952838));
#4488=DIRECTION('center_axis',(0.,-1.,0.));
#4489=DIRECTION('ref_axis',(1.,0.,0.));
#4490=DIRECTION('',(0.,-1.,0.));
#4491=DIRECTION('center_axis',(0.,1.,0.));
#4492=DIRECTION('ref_axis',(1.,0.,0.));
#4493=DIRECTION('center_axis',(0.,-1.,0.));
#4494=DIRECTION('ref_axis',(1.,0.,0.));
#4495=DIRECTION('',(0.,-1.,0.));
#4496=DIRECTION('center_axis',(0.,1.,0.));
#4497=DIRECTION('ref_axis',(1.,0.,0.));
#4498=DIRECTION('center_axis',(0.,1.,0.));
#4499=DIRECTION('ref_axis',(0.,0.,1.));
#4500=DIRECTION('center_axis',(0.,1.,0.));
#4501=DIRECTION('ref_axis',(-0.790477999681644,0.,-0.612490434226778));
#4502=DIRECTION('center_axis',(0.,-1.,0.));
#4503=DIRECTION('ref_axis',(0.,0.,1.));
#4504=DIRECTION('',(0.,0.,-1.));
#4505=DIRECTION('',(1.,0.,-2.96059473233375E-16));
#4506=DIRECTION('',(-2.79880460187057E-16,0.,-1.));
#4507=DIRECTION('center_axis',(0.,1.,0.));
#4508=DIRECTION('ref_axis',(0.391283879795893,0.,-0.920270028530688));
#4509=DIRECTION('center_axis',(0.,0.984807753012208,-0.173648177666931));
#4510=DIRECTION('ref_axis',(0.,0.173648177666931,0.984807753012208));
#4511=DIRECTION('center_axis',(0.,1.,0.));
#4512=DIRECTION('ref_axis',(0.,0.,1.));
#4513=DIRECTION('',(0.,-0.984807753012208,0.173648177666931));
#4514=DIRECTION('center_axis',(0.,1.,0.));
#4515=DIRECTION('ref_axis',(0.,0.,1.));
#4516=DIRECTION('center_axis',(0.,-1.,0.));
#4517=DIRECTION('ref_axis',(0.400609306120624,0.,-0.916248974815007));
#4518=DIRECTION('center_axis',(0.,-1.,0.));
#4519=DIRECTION('ref_axis',(0.,0.,-1.));
#4520=DIRECTION('',(0.,0.,1.));
#4521=DIRECTION('',(-1.,0.,2.96059473233375E-16));
#4522=DIRECTION('',(0.,0.,1.));
#4523=DIRECTION('center_axis',(0.,-1.,0.));
#4524=DIRECTION('ref_axis',(0.790477999681644,0.,0.612490434226778));
#4525=DIRECTION('center_axis',(0.,1.,0.));
#4526=DIRECTION('ref_axis',(-1.5989501971808E-15,0.,-1.));
#4527=DIRECTION('center_axis',(0.545429641838343,0.723809581759848,0.422618261740699));
#4528=DIRECTION('ref_axis',(-0.798635510047293,0.601815023152048,0.));
#4529=DIRECTION('center_axis',(-1.,0.,0.));
#4530=DIRECTION('ref_axis',(0.,0.173648177666931,0.984807753012208));
#4531=DIRECTION('center_axis',(-1.,0.,0.));
#4532=DIRECTION('ref_axis',(0.,-0.707106781186541,-0.707106781186554));
#4533=DIRECTION('',(0.,-1.,0.));
#4534=DIRECTION('center_axis',(-1.,0.,0.));
#4535=DIRECTION('ref_axis',(0.,0.707106781186541,-0.707106781186554));
#4536=DIRECTION('center_axis',(0.468527398468523,-4.90412691993845E-16,
0.883448966768493));
#4537=DIRECTION('ref_axis',(0.837253344994269,0.319133071709176,-0.444028060867073));
#4538=DIRECTION('center_axis',(-1.,0.,2.96059473233375E-16));
#4539=DIRECTION('ref_axis',(0.,0.707106781186541,-0.707106781186554));
#4540=DIRECTION('',(-1.,0.,2.96059473233375E-16));
#4541=DIRECTION('center_axis',(1.,0.,0.));
#4542=DIRECTION('ref_axis',(0.,0.,-1.));
#4543=DIRECTION('center_axis',(-2.96059473233375E-16,0.,-1.));
#4544=DIRECTION('ref_axis',(-1.,0.,2.96059473233375E-16));
#4545=DIRECTION('',(1.,0.,-2.96059473233375E-16));
#4546=DIRECTION('center_axis',(-2.96059473233375E-16,0.,-1.));
#4547=DIRECTION('ref_axis',(1.48029736616687E-17,1.,-4.38256058456116E-33));
#4548=DIRECTION('',(-1.,0.,2.96059473233375E-16));
#4549=DIRECTION('center_axis',(2.96059473233375E-16,0.,1.));
#4550=DIRECTION('ref_axis',(-0.273861278752583,0.961769203083567,8.10792259265082E-17));
#4551=DIRECTION('center_axis',(0.,-0.318060697071364,0.948070352335985));
#4552=DIRECTION('ref_axis',(0.,0.948070352335985,0.318060697071364));
#4553=DIRECTION('center_axis',(-7.06236618233894E-16,0.948070352335987,
0.318060697071358));
#4554=DIRECTION('ref_axis',(-4.44089209850065E-15,-0.318060697071358,0.948070352335987));
#4555=DIRECTION('center_axis',(5.23577237704215E-17,0.332245619097314,-0.94319290104975));
#4556=DIRECTION('ref_axis',(0.,0.94319290104975,0.332245619097314));
#4557=DIRECTION('center_axis',(0.,-0.948070352335985,-0.318060697071364));
#4558=DIRECTION('ref_axis',(0.70710678118655,-0.224902875728065,0.670386975178697));
#4559=DIRECTION('center_axis',(0.,0.948070352335987,0.318060697071358));
#4560=DIRECTION('ref_axis',(0.,-0.318060697071358,0.948070352335987));
#4561=DIRECTION('',(0.,0.948070352335985,0.318060697071364));
#4562=DIRECTION('',(0.,-0.948070352335985,-0.318060697071364));
#4563=DIRECTION('center_axis',(-1.47546694461071E-16,0.332245619097314,
-0.94319290104975));
#4564=DIRECTION('ref_axis',(0.,-0.94319290104975,-0.332245619097314));
#4565=DIRECTION('center_axis',(0.,-0.318060697071364,0.948070352335985));
#4566=DIRECTION('ref_axis',(0.,-0.948070352335985,-0.318060697071364));
#4567=DIRECTION('center_axis',(0.,-0.318060697071364,0.948070352335985));
#4568=DIRECTION('ref_axis',(1.6142551273918E-16,-0.948070352335985,-0.318060697071364));
#4569=DIRECTION('center_axis',(0.,0.318060697071364,-0.948070352335985));
#4570=DIRECTION('ref_axis',(2.54832624052017E-15,0.948070352335985,0.318060697071364));
#4571=DIRECTION('',(8.90189742637493E-17,0.948070352335985,0.318060697071364));
#4572=DIRECTION('center_axis',(0.,0.318060697071364,-0.948070352335985));
#4573=DIRECTION('ref_axis',(-1.71735029252446E-15,-0.948070352335985,-0.318060697071364));
#4574=DIRECTION('center_axis',(-1.,0.,2.96059473233375E-16));
#4575=DIRECTION('ref_axis',(0.,-0.707106781186541,-0.707106781186554));
#4576=DIRECTION('center_axis',(1.,-9.86076131526267E-30,-2.22044604925031E-15));
#4577=DIRECTION('ref_axis',(0.,-1.,4.44089209850064E-15));
#4578=DIRECTION('center_axis',(2.96059473233375E-16,0.,1.));
#4579=DIRECTION('ref_axis',(1.,0.,-3.22973970800046E-16));
#4580=DIRECTION('center_axis',(2.96059473233375E-16,0.,1.));
#4581=DIRECTION('ref_axis',(1.48029736616687E-17,1.,0.));
#4582=DIRECTION('center_axis',(0.,0.318060697071364,-0.948070352335985));
#4583=DIRECTION('ref_axis',(0.,-0.948070352335985,-0.318060697071364));
#4584=DIRECTION('center_axis',(8.42055627302316E-15,-0.948070352335985,
-0.318060697071362));
#4585=DIRECTION('ref_axis',(0.,0.318060697071362,-0.948070352335985));
#4586=DIRECTION('center_axis',(1.47546694461071E-16,-0.332245619097314,
0.94319290104975));
#4587=DIRECTION('ref_axis',(0.,-0.94319290104975,-0.332245619097314));
#4588=DIRECTION('center_axis',(0.,0.948070352335985,0.318060697071364));
#4589=DIRECTION('ref_axis',(0.707106781186545,0.224902875728089,-0.670386975178695));
#4590=DIRECTION('center_axis',(0.,-0.948070352335982,-0.318060697071373));
#4591=DIRECTION('ref_axis',(0.,0.318060697071373,-0.948070352335982));
#4592=DIRECTION('',(0.,-0.948070352335985,-0.318060697071364));
#4593=DIRECTION('',(0.,0.948070352335985,0.318060697071364));
#4594=DIRECTION('center_axis',(0.,-0.332245619097314,0.94319290104975));
#4595=DIRECTION('ref_axis',(0.,0.94319290104975,0.332245619097314));
#4596=DIRECTION('center_axis',(0.,0.318060697071364,-0.948070352335985));
#4597=DIRECTION('ref_axis',(0.,0.948070352335985,0.318060697071364));
#4598=DIRECTION('center_axis',(0.,0.318060697071364,-0.948070352335985));
#4599=DIRECTION('ref_axis',(-1.6142551273918E-16,0.948070352335985,0.318060697071364));
#4600=DIRECTION('',(1.,-8.67125308685505E-33,3.66111114101209E-17));
#4601=DIRECTION('center_axis',(0.,-0.318060697071364,0.948070352335985));
#4602=DIRECTION('ref_axis',(-1.71735029252446E-15,-0.948070352335985,-0.318060697071364));
#4603=DIRECTION('',(-8.90189742637493E-17,-0.948070352335985,-0.318060697071364));
#4604=DIRECTION('center_axis',(0.,-0.318060697071364,0.948070352335985));
#4605=DIRECTION('ref_axis',(2.54832624052017E-15,0.948070352335985,0.318060697071364));
#4606=DIRECTION('center_axis',(3.66111114101209E-17,0.,-1.));
#4607=DIRECTION('ref_axis',(1.,-8.67125308685505E-33,3.66111114101209E-17));
#4608=DIRECTION('',(-1.,0.,0.));
#4609=DIRECTION('',(1.,-8.67125308685505E-33,3.66111114101209E-17));
#4610=DIRECTION('center_axis',(-3.66111114101209E-17,0.,1.));
#4611=DIRECTION('ref_axis',(-0.273861278752582,-0.961769203083567,-1.0026365787329E-17));
#4612=DIRECTION('center_axis',(0.,-1.,-2.368475785867E-16));
#4613=DIRECTION('ref_axis',(0.,2.368475785867E-16,-1.));
#4614=DIRECTION('',(0.,2.368475785867E-16,-1.));
#4615=DIRECTION('center_axis',(0.,-2.368475785867E-16,1.));
#4616=DIRECTION('ref_axis',(-0.707106781186547,-0.707106781186547,-3.14018491736755E-16));
#4617=DIRECTION('',(0.,-2.368475785867E-16,1.));
#4618=DIRECTION('center_axis',(2.96059473233375E-16,0.,1.));
#4619=DIRECTION('ref_axis',(1.,0.,-3.5527136788005E-16));
#4620=DIRECTION('center_axis',(-2.96059473233375E-16,0.,-1.));
#4621=DIRECTION('ref_axis',(-0.273861278752583,0.961769203083567,8.32667268468868E-17));
#4622=DIRECTION('center_axis',(9.83302950949094E-15,-0.948070352335982,
-0.318060697071371));
#4623=DIRECTION('ref_axis',(0.,-0.318060697071371,0.948070352335982));
#4624=DIRECTION('center_axis',(-1.16286926930324E-16,-0.303658920997609,
0.952780803594703));
#4625=DIRECTION('ref_axis',(-1.69247869691472E-15,-0.952780803594703,-0.303658920997609));
#4626=DIRECTION('center_axis',(-3.66111114101209E-17,0.,1.));
#4627=DIRECTION('ref_axis',(1.,0.,0.));
#4628=DIRECTION('center_axis',(-1.,0.,0.));
#4629=DIRECTION('ref_axis',(0.,0.,-1.));
#4630=DIRECTION('center_axis',(1.,-8.67125308685505E-33,3.66111114101209E-17));
#4631=DIRECTION('ref_axis',(0.,-0.707106781186551,-0.707106781186544));
#4632=DIRECTION('center_axis',(-1.,0.,-2.22044604925032E-15));
#4633=DIRECTION('ref_axis',(2.22044604925032E-15,0.,-1.));
#4634=DIRECTION('center_axis',(0.,0.,-1.));
#4635=DIRECTION('ref_axis',(-1.,0.,0.));
#4636=DIRECTION('center_axis',(0.,0.,1.));
#4637=DIRECTION('ref_axis',(-0.273861278752582,-0.961769203083568,0.));
#4638=DIRECTION('center_axis',(-1.41247323646783E-15,0.948070352335983,
0.318060697071369));
#4639=DIRECTION('ref_axis',(0.,0.318060697071369,-0.948070352335983));
#4640=DIRECTION('center_axis',(1.74430390395486E-16,0.303658920997609,-0.952780803594703));
#4641=DIRECTION('ref_axis',(2.75027788248642E-15,0.952780803594703,0.303658920997609));
#4642=DIRECTION('center_axis',(-8.90189742637493E-17,-0.948070352335985,
-0.318060697071364));
#4643=DIRECTION('ref_axis',(-0.707106781186544,0.224902875728078,-0.670386975178699));
#4644=DIRECTION('center_axis',(0.,0.948070352335987,0.318060697071357));
#4645=DIRECTION('ref_axis',(0.,0.318060697071357,-0.948070352335987));
#4646=DIRECTION('center_axis',(8.90189742637493E-17,0.948070352335985,0.318060697071364));
#4647=DIRECTION('ref_axis',(-0.707106781186549,-0.224902875728088,0.67038697517869));
#4648=DIRECTION('center_axis',(-7.06236618233889E-16,-0.948070352335987,
-0.318060697071357));
#4649=DIRECTION('ref_axis',(0.,-0.318060697071357,0.948070352335987));
#4650=DIRECTION('center_axis',(-0.58260336461861,-0.770550452859545,-0.258505936359353));
#4651=DIRECTION('ref_axis',(0.,-0.318060697071357,0.948070352335987));
#4652=DIRECTION('center_axis',(-1.5760512559731E-17,-0.303658920997609,
0.952780803594703));
#4653=DIRECTION('ref_axis',(2.75027788248642E-15,0.952780803594703,0.303658920997609));
#4654=DIRECTION('center_axis',(0.,1.,0.));
#4655=DIRECTION('ref_axis',(0.,0.,1.));
#4656=DIRECTION('center_axis',(-0.811308422854807,0.,-0.584618373817352));
#4657=DIRECTION('ref_axis',(0.,-1.,0.));
#4658=DIRECTION('center_axis',(0.,1.,0.));
#4659=DIRECTION('ref_axis',(0.400609306120624,0.,-0.916248974815007));
#4660=DIRECTION('center_axis',(0.975288994936776,-2.03297651786613E-16,
0.220932968013407));
#4661=DIRECTION('ref_axis',(-0.191333562833104,0.500000000000006,0.844625045646638));
#4662=DIRECTION('center_axis',(0.,-1.,0.));
#4663=DIRECTION('ref_axis',(0.,0.,-1.));
#4664=DIRECTION('center_axis',(0.,1.,0.));
#4665=DIRECTION('ref_axis',(0.198624155150995,0.,-0.980075734313708));
#4666=DIRECTION('center_axis',(0.980075734313708,0.,0.198624155150993));
#4667=DIRECTION('ref_axis',(-0.172013564165981,0.500000000000008,0.848770483548355));
#4668=DIRECTION('center_axis',(0.980075734313708,1.83764258579461E-16,0.198624155150995));
#4669=DIRECTION('ref_axis',(0.,1.,-9.25185853854295E-16));
#4670=DIRECTION('center_axis',(0.,-1.,0.));
#4671=DIRECTION('ref_axis',(0.,0.,-1.));
#4672=DIRECTION('center_axis',(-0.811308422854809,-1.36876206276417E-15,
-0.58461837381735));
#4673=DIRECTION('ref_axis',(-0.58461837381735,0.,0.811308422854809));
#4674=DIRECTION('center_axis',(2.79880460187057E-16,0.,1.));
#4675=DIRECTION('ref_axis',(-0.707106781186548,0.707106781186547,1.57009245868377E-16));
#4676=DIRECTION('center_axis',(-2.79880460187057E-16,2.368475785867E-16,
-1.));
#4677=DIRECTION('ref_axis',(-0.707106781186547,-0.707106781186548,0.));
#4678=DIRECTION('center_axis',(1.,0.,0.));
#4679=DIRECTION('ref_axis',(0.,0.,-1.));
#4680=DIRECTION('',(0.,0.,-1.));
#4681=DIRECTION('center_axis',(0.,0.,-1.));
#4682=DIRECTION('ref_axis',(-0.707106781186547,0.707106781186547,0.));
#4683=CARTESIAN_POINT('',(0.,0.,0.));
#4684=CARTESIAN_POINT('Origin',(7.,25.5,-25.8386073573896));
#4685=CARTESIAN_POINT('',(4.,25.5,-25.8386073573896));
#4686=CARTESIAN_POINT('Origin',(7.,25.5,-25.8386073573896));
#4687=CARTESIAN_POINT('',(4.,29.,-25.8386073573896));
#4688=CARTESIAN_POINT('',(4.,25.5,-25.8386073573896));
#4689=CARTESIAN_POINT('Origin',(7.,29.,-25.8386073573896));
#4690=CARTESIAN_POINT('Origin',(7.,29.,-25.8386073573896));
#4691=CARTESIAN_POINT('',(5.85,29.,-25.8386073573896));
#4692=CARTESIAN_POINT('Origin',(7.,29.,-25.8386073573896));
#4693=CARTESIAN_POINT('Origin',(7.,25.5,-25.8386073573896));
#4694=CARTESIAN_POINT('',(5.85,30.,-25.8386073573896));
#4695=CARTESIAN_POINT('',(5.85,25.5,-25.8386073573896));
#4696=CARTESIAN_POINT('Origin',(7.,30.,-25.8386073573896));
#4697=CARTESIAN_POINT('Origin',(2.,27.,-30.8386073573896));
#4698=CARTESIAN_POINT('',(2.,27.,-28.3386073573897));
#4699=CARTESIAN_POINT('',(2.,29.5,-30.8386073573896));
#4700=CARTESIAN_POINT('Origin',(2.,29.5,-28.3386073573897));
#4701=CARTESIAN_POINT('',(2.,27.,-25.8386073573896));
#4702=CARTESIAN_POINT('',(2.,27.,-24.0886073573897));
#4703=CARTESIAN_POINT('',(2.,30.,-25.8386073573896));
#4704=CARTESIAN_POINT('',(2.,27.,-25.8386073573896));
#4705=CARTESIAN_POINT('',(2.,30.,-30.8386073573896));
#4706=CARTESIAN_POINT('',(2.,30.,-28.3386073573896));
#4707=CARTESIAN_POINT('',(2.,28.5,-30.8386073573897));
#4708=CARTESIAN_POINT('Origin',(10.,27.,-29.8386073573896));
#4709=CARTESIAN_POINT('',(12.,29.5,-30.8386073573897));
#4710=CARTESIAN_POINT('',(10.,27.5,-29.8386073573896));
#4711=CARTESIAN_POINT('Origin',(7.00000000000002,29.5,-28.3386073573897));
#4712=CARTESIAN_POINT('',(12.,30.,-30.8386073573897));
#4713=CARTESIAN_POINT('',(12.,30.,-30.8386073573897));
#4714=CARTESIAN_POINT('',(10.,30.,-29.8386073573896));
#4715=CARTESIAN_POINT('',(8.,30.,-28.8386073573896));
#4716=CARTESIAN_POINT('',(10.,27.,-29.8386073573896));
#4717=CARTESIAN_POINT('Origin',(7.,27.,-25.8386073573896));
#4718=CARTESIAN_POINT('',(11.3301270189222,27.,-28.3386073573897));
#4719=CARTESIAN_POINT('Ctrl Pts',(10.,27.5,-29.8386073573896));
#4720=CARTESIAN_POINT('Ctrl Pts',(10.2154599539977,27.3788037758763,-29.6770123918914));
#4721=CARTESIAN_POINT('Ctrl Pts',(10.4324216702976,27.2670627316931,-29.4861534886798));
#4722=CARTESIAN_POINT('Ctrl Pts',(10.9014671153246,27.06709548539,-28.9898324627243));
#4723=CARTESIAN_POINT('Ctrl Pts',(11.1412075475125,27.,-28.6658254804103));
#4724=CARTESIAN_POINT('Ctrl Pts',(11.3301270189222,27.,-28.3386073573896));
#4725=CARTESIAN_POINT('Origin',(7.,30.,-25.8386073573896));
#4726=CARTESIAN_POINT('Origin',(7.,27.,-25.8386073573896));
#4727=CARTESIAN_POINT('Origin',(12.,29.5,-28.3386073573897));
#4728=CARTESIAN_POINT('',(-5.00000000000001,29.5,-30.8386073573897));
#4729=CARTESIAN_POINT('',(12.,29.5,-30.8386073573897));
#4730=CARTESIAN_POINT('',(-5.00000000000001,27.,-28.3386073573897));
#4731=CARTESIAN_POINT('Origin',(-5.00000000000001,29.5,-28.3386073573897));
#4732=CARTESIAN_POINT('',(12.,27.,-28.3386073573897));
#4733=CARTESIAN_POINT('Origin',(12.,29.5,-28.3386073573897));
#4734=CARTESIAN_POINT('',(12.,27.,-28.3386073573897));
#4735=CARTESIAN_POINT('',(12.,27.,-28.3386073573897));
#4736=CARTESIAN_POINT('Origin',(12.,29.5,-28.3386073573897));
#4737=CARTESIAN_POINT('Origin',(11.5,27.,-17.3386073573897));
#4738=CARTESIAN_POINT('',(-5.,27.,4.17639264261036));
#4739=CARTESIAN_POINT('',(-5.,27.,6.91139264261034));
#4740=CARTESIAN_POINT('',(-0.905000000000006,27.,4.17639264261036));
#4741=CARTESIAN_POINT('',(0.75,27.,4.17639264261036));
#4742=CARTESIAN_POINT('',(-0.905000000000002,27.,18.8963926426104));
#4743=CARTESIAN_POINT('',(-0.90500000000001,27.,-6.58110735738964));
#4744=CARTESIAN_POINT('',(-5.00000000000001,27.,18.8963926426104));
#4745=CARTESIAN_POINT('',(5.2975,27.,18.8963926426104));
#4746=CARTESIAN_POINT('',(-5.00000000000001,27.,26.1613926426103));
#4747=CARTESIAN_POINT('',(-5.,27.,6.91139264261034));
#4748=CARTESIAN_POINT('',(28.,27.,26.1613926426103));
#4749=CARTESIAN_POINT('',(22.25,27.,26.1613926426103));
#4750=CARTESIAN_POINT('',(28.,27.,-36.9426073573897));
#4751=CARTESIAN_POINT('',(28.,27.,-41.5886073573897));
#4752=CARTESIAN_POINT('',(24.,27.,-38.9426073573897));
#4753=CARTESIAN_POINT('Origin',(26.5,27.,-38.9426073573897));
#4754=CARTESIAN_POINT('',(28.,27.,-40.9426073573897));
#4755=CARTESIAN_POINT('Origin',(26.5,27.,-38.9426073573897));
#4756=CARTESIAN_POINT('',(28.,27.,-65.8386073573896));
#4757=CARTESIAN_POINT('',(28.,27.,-41.5886073573897));
#4758=CARTESIAN_POINT('',(22.0063174630851,27.,-65.8386073573896));
#4759=CARTESIAN_POINT('',(-9.99999999999999,27.,-65.8386073573896));
#4760=CARTESIAN_POINT('',(22.5,27.,-63.7474289387814));
#4761=CARTESIAN_POINT('Ctrl Pts',(22.5,27.,-63.7474289387814));
#4762=CARTESIAN_POINT('Ctrl Pts',(22.5,27.,-64.4704726865863));
#4763=CARTESIAN_POINT('Ctrl Pts',(22.328351670267,27.,-65.1962087455912));
#4764=CARTESIAN_POINT('Ctrl Pts',(22.0063174630851,27.,-65.8386073573896));
#4765=CARTESIAN_POINT('',(22.5,27.,-39.2033210318234));
#4766=CARTESIAN_POINT('',(22.5,27.,-34.9215898594717));
#4767=CARTESIAN_POINT('Ctrl Pts',(12.,27.,-28.3386073573897));
#4768=CARTESIAN_POINT('Ctrl Pts',(13.5885304204863,27.,-28.3386073573897));
#4769=CARTESIAN_POINT('Ctrl Pts',(16.7932294809824,27.,-29.1093262880122));
#4770=CARTESIAN_POINT('Ctrl Pts',(20.2360691633342,27.,-32.0222871238524));
#4771=CARTESIAN_POINT('Ctrl Pts',(22.113697320482,27.,-35.6060115420432));
#4772=CARTESIAN_POINT('Ctrl Pts',(22.5,27.,-38.0123979145131));
#4773=CARTESIAN_POINT('Ctrl Pts',(22.5,27.,-39.2033210318234));
#4774=CARTESIAN_POINT('Origin',(-10.,18.5,-39.4716016390964));
#4775=CARTESIAN_POINT('',(-10.,18.5,-40.2716016390964));
#4776=CARTESIAN_POINT('Origin',(-10.,18.5,-39.4716016390964));
#4777=CARTESIAN_POINT('',(-8.49999999997088,18.5,-40.2716016390964));
#4778=CARTESIAN_POINT('',(-10.,18.5,-40.2716016390964));
#4779=CARTESIAN_POINT('Origin',(-8.49999999997087,18.5,-39.4716016390964));
#4780=CARTESIAN_POINT('Origin',(-40.6495122307728,51.,-53.519611610163));
#4781=CARTESIAN_POINT('',(-40.6495122307728,51.,-54.319611610163));
#4782=CARTESIAN_POINT('Origin',(-40.6495122307728,51.,-53.519611610163));
#4783=CARTESIAN_POINT('',(-35.6495122307728,51.,-54.319611610163));
#4784=CARTESIAN_POINT('',(-40.6495122307728,51.,-54.319611610163));
#4785=CARTESIAN_POINT('Origin',(-35.6495122307728,51.,-53.519611610163));
#4786=CARTESIAN_POINT('Origin',(-40.6495122307728,106.,-11.0548079742758));
#4787=CARTESIAN_POINT('',(-40.6495122307728,106.,-11.8548079742758));
#4788=CARTESIAN_POINT('Origin',(-40.6495122307728,106.,-11.0548079742758));
#4789=CARTESIAN_POINT('',(-35.6495122307728,106.,-11.8548079742758));
#4790=CARTESIAN_POINT('',(-40.6495122307728,106.,-11.8548079742758));
#4791=CARTESIAN_POINT('Origin',(-35.6495122307728,106.,-11.0548079742758));
#4792=CARTESIAN_POINT('Origin',(-40.6495122307728,106.,-34.0548079742758));
#4793=CARTESIAN_POINT('',(-40.6495122307728,106.,-34.8548079742758));
#4794=CARTESIAN_POINT('Origin',(-40.6495122307728,106.,-34.0548079742758));
#4795=CARTESIAN_POINT('',(-35.6495122307728,106.,-34.8548079742758));
#4796=CARTESIAN_POINT('',(-40.6495122307728,106.,-34.8548079742758));
#4797=CARTESIAN_POINT('Origin',(-35.6495122307728,106.,-34.0548079742758));
#4798=CARTESIAN_POINT('Origin',(-10.,19.265,-5.08860735738967));
#4799=CARTESIAN_POINT('',(-9.99297256151083,22.265,-5.08860735738967));
#4800=CARTESIAN_POINT('',(-10.,22.,-3.85581580972235));
#4801=CARTESIAN_POINT('Ctrl Pts',(-9.99297256151083,22.265,-5.08860735738967));
#4802=CARTESIAN_POINT('Ctrl Pts',(-9.99297256151083,22.265,-4.79739572861621));
#4803=CARTESIAN_POINT('Ctrl Pts',(-9.99605770032922,22.2198805589942,-4.48285250696437));
#4804=CARTESIAN_POINT('Ctrl Pts',(-9.99931698370089,22.0899231107519,-4.07193670697841));
#4805=CARTESIAN_POINT('Ctrl Pts',(-10.,22.0478432643014,-3.9619581077547));
#4806=CARTESIAN_POINT('Ctrl Pts',(-10.,22.,-3.85581580972235));
#4807=CARTESIAN_POINT('',(-8.1781166081798,22.265,-5.08860735738967));
#4808=CARTESIAN_POINT('',(-10.,22.265,-5.08860735738967));
#4809=CARTESIAN_POINT('',(-8.49999999997089,20.5,-2.35460388262962));
#4810=CARTESIAN_POINT('Ctrl Pts',(-8.49999999997089,20.5,-2.35460388262962));
#4811=CARTESIAN_POINT('Ctrl Pts',(-8.49999999997089,20.8352643292087,-2.50604898882472));
#4812=CARTESIAN_POINT('Ctrl Pts',(-8.4649411231683,21.1413428137283,-2.7223094839987));
#4813=CARTESIAN_POINT('Ctrl Pts',(-8.37286233698414,21.6525607103723,-3.23352738064266));
#4814=CARTESIAN_POINT('Ctrl Pts',(-8.30777990997863,21.8824423319652,-3.56925239888376));
#4815=CARTESIAN_POINT('Ctrl Pts',(-8.20893689631289,22.1887302824911,-4.30678738625433));
#4816=CARTESIAN_POINT('Ctrl Pts',(-8.1781166081798,22.265,-4.70904513653959));
#4817=CARTESIAN_POINT('Ctrl Pts',(-8.1781166081798,22.265,-5.08860735738967));
#4818=CARTESIAN_POINT('',(-8.49999999997089,16.265,-5.08860735738967));
#4819=CARTESIAN_POINT('Origin',(-8.49999999997089,19.265,-5.08860735738967));
#4820=CARTESIAN_POINT('',(-10.,16.265,-5.08860735738967));
#4821=CARTESIAN_POINT('',(-10.,16.265,-5.08860735738967));
#4822=CARTESIAN_POINT('Origin',(-10.,19.265,-5.08860735738967));
#4823=CARTESIAN_POINT('Origin',(-10.,19.265,-12.0886073573897));
#4824=CARTESIAN_POINT('',(-10.,22.,-13.321398905057));
#4825=CARTESIAN_POINT('',(-9.99297256151083,22.265,-12.0886073573897));
#4826=CARTESIAN_POINT('Ctrl Pts',(-10.,22.,-13.321398905057));
#4827=CARTESIAN_POINT('Ctrl Pts',(-10.,22.0478432643014,-13.2152566070246));
#4828=CARTESIAN_POINT('Ctrl Pts',(-9.99931698370089,22.0899231107519,-13.1052780078009));
#4829=CARTESIAN_POINT('Ctrl Pts',(-9.99605770032922,22.2198805589942,-12.694362207815));
#4830=CARTESIAN_POINT('Ctrl Pts',(-9.99297256151083,22.265,-12.3798189861631));
#4831=CARTESIAN_POINT('Ctrl Pts',(-9.99297256151083,22.265,-12.0886073573897));
#4832=CARTESIAN_POINT('',(-10.,16.265,-12.0886073573897));
#4833=CARTESIAN_POINT('Origin',(-10.,19.265,-12.0886073573897));
#4834=CARTESIAN_POINT('',(-8.49999999997089,16.265,-12.0886073573897));
#4835=CARTESIAN_POINT('',(-10.,16.265,-12.0886073573897));
#4836=CARTESIAN_POINT('',(-8.49999999997089,20.5,-14.8226108321497));
#4837=CARTESIAN_POINT('Origin',(-8.49999999997088,19.265,-12.0886073573897));
#4838=CARTESIAN_POINT('',(-8.17811660817979,22.265,-12.0886073573897));
#4839=CARTESIAN_POINT('Ctrl Pts',(-8.17811660817979,22.265,-12.0886073573897));
#4840=CARTESIAN_POINT('Ctrl Pts',(-8.17811660817979,22.265,-12.4726365023246));
#4841=CARTESIAN_POINT('Ctrl Pts',(-8.20969187398779,22.1869513218434,-12.8792467763938));
#4842=CARTESIAN_POINT('Ctrl Pts',(-8.31028978644357,21.8740859507147,-13.6233983694206));
#4843=CARTESIAN_POINT('Ctrl Pts',(-8.37626007162122,21.6394066783273,-13.961406887293));
#4844=CARTESIAN_POINT('Ctrl Pts',(-8.46662334841676,21.1265544620443,-14.4653357578467));
#4845=CARTESIAN_POINT('Ctrl Pts',(-8.49999999997089,20.8272726596203,-14.6747757111038));
#4846=CARTESIAN_POINT('Ctrl Pts',(-8.49999999997089,20.5,-14.8226108321497));
#4847=CARTESIAN_POINT('',(-10.,22.265,-12.0886073573897));
#4848=CARTESIAN_POINT('Origin',(-10.,16.265,-5.08860735738967));
#4849=CARTESIAN_POINT('',(-8.49999999997088,16.265,-34.7136073573751));
#4850=CARTESIAN_POINT('',(-10.,16.265,13.0363926426103));
#4851=CARTESIAN_POINT('Origin',(-10.,22.265,-12.0886073573897));
#4852=CARTESIAN_POINT('',(-9.99297256151083,22.265,6.91139264261034));
#4853=CARTESIAN_POINT('',(-8.17811660817978,22.265,-40.8386073573751));
#4854=CARTESIAN_POINT('Origin',(-10.,27.,31.1613926426103));
#4855=CARTESIAN_POINT('',(-10.,22.,-28.3386073573897));
#4856=CARTESIAN_POINT('',(-10.,22.,6.91139264261034));
#4857=CARTESIAN_POINT('',(-10.,25.,-34.3386073573896));
#4858=CARTESIAN_POINT('Origin',(-10.,29.5,-28.3386073573897));
#4859=CARTESIAN_POINT('',(-10.,25.,-43.6873739296404));
#4860=CARTESIAN_POINT('',(-10.,25.,-8.58860735738966));
#4861=CARTESIAN_POINT('',(-9.99999999999999,14.5,-47.2099366920141));
#4862=CARTESIAN_POINT('',(-10.,44.2735217891951,-37.221451057791));
#4863=CARTESIAN_POINT('',(-10.,14.5,31.1613926426103));
#4864=CARTESIAN_POINT('',(-10.,14.5,31.1613926426103));
#4865=CARTESIAN_POINT('',(-10.,19.5,31.1613926426103));
#4866=CARTESIAN_POINT('',(-10.,27.,31.1613926426103));
#4867=CARTESIAN_POINT('',(-10.,22.,31.1613926426103));
#4868=CARTESIAN_POINT('',(-10.,27.,31.1613926426103));
#4869=CARTESIAN_POINT('',(-10.,22.,18.8963926426104));
#4870=CARTESIAN_POINT('',(-10.,22.,6.91139264261034));
#4871=CARTESIAN_POINT('',(-10.,22.,4.17639264261036));
#4872=CARTESIAN_POINT('',(-10.,22.,6.91139264261034));
#4873=CARTESIAN_POINT('',(-10.,22.,6.91139264261034));
#4874=CARTESIAN_POINT('Origin',(-3.49999999997088,20.5,-40.8386073573751));
#4875=CARTESIAN_POINT('',(-8.49999999997087,20.5,-45.1970436849434));
#4876=CARTESIAN_POINT('',(-8.49999999997088,20.5,-40.8386073573751));
#4877=CARTESIAN_POINT('',(-3.49999999997087,25.5,-43.5196328457178));
#4878=CARTESIAN_POINT('Origin',(-3.49999999997088,20.5,-45.1970436849434));
#4879=CARTESIAN_POINT('',(-3.49999999997089,25.5,-2.33860735741149));
#4880=CARTESIAN_POINT('',(-3.49999999997088,25.5,-40.8386073573751));
#4881=CARTESIAN_POINT('',(-5.7023867579181,24.9888186161192,4.17639264223981));
#4882=CARTESIAN_POINT('Ctrl Pts',(-5.70243164231848,24.9880509299962,4.17667787483814));
#4883=CARTESIAN_POINT('Ctrl Pts',(-5.88229181356066,24.8996518865206,3.99131546064432));
#4884=CARTESIAN_POINT('Ctrl Pts',(-6.20359652994268,24.7148305187111,3.60446549186975));
#4885=CARTESIAN_POINT('Ctrl Pts',(-6.55999347419872,24.4600629605725,2.98710378831152));
#4886=CARTESIAN_POINT('Ctrl Pts',(-6.85800478558373,24.2055223663668,2.11751854131088));
#4887=CARTESIAN_POINT('Ctrl Pts',(-6.8562825712369,24.2112033407536,0.977274102562818));
#4888=CARTESIAN_POINT('Ctrl Pts',(-6.26422986992576,24.7083172800443,-0.303590489351631));
#4889=CARTESIAN_POINT('Ctrl Pts',(-5.16493236759196,25.2861835611004,-1.43522481778457));
#4890=CARTESIAN_POINT('Ctrl Pts',(-4.09834754774707,25.5,-2.0693509609163));
#4891=CARTESIAN_POINT('Ctrl Pts',(-3.4999999999709,25.5,-2.33860735741149));
#4892=CARTESIAN_POINT('',(-8.26969600705562,22.,4.17639264261036));
#4893=CARTESIAN_POINT('Origin',(-3.4999999999709,20.5,4.17639264261036));
#4894=CARTESIAN_POINT('',(-8.26969600705563,22.,18.8963926426104));
#4895=CARTESIAN_POINT('',(-8.2696960070556,22.,-40.8386073573751));
#4896=CARTESIAN_POINT('',(-3.4999999999709,25.5,18.8963926426104));
#4897=CARTESIAN_POINT('Origin',(-3.4999999999709,20.5,18.8963926426104));
#4898=CARTESIAN_POINT('',(-3.4999999999709,25.5,24.6613926425812));
#4899=CARTESIAN_POINT('',(-3.49999999997088,25.5,-40.8386073573751));
#4900=CARTESIAN_POINT('',(-8.49999999997091,20.5,29.6613926425812));
#4901=CARTESIAN_POINT('Origin',(-3.4999999999709,20.5,24.6613926425812));
#4902=CARTESIAN_POINT('',(-8.49999999997088,20.5,-40.8386073573751));
#4903=CARTESIAN_POINT('Origin',(26.5,27.,-38.9426073573897));
#4904=CARTESIAN_POINT('Ctrl Pts',(28.,27.,-40.9426073573897));
#4905=CARTESIAN_POINT('Ctrl Pts',(28.0920558159647,27.,-40.8735654954162));
#4906=CARTESIAN_POINT('Ctrl Pts',(28.178164254211,26.9974504659627,-40.7989724126223));
#4907=CARTESIAN_POINT('Ctrl Pts',(28.4824999003195,26.9817783717404,-40.4982632996443));
#4908=CARTESIAN_POINT('Ctrl Pts',(28.6773063433496,26.9556476937715,-40.216163040944));
#4909=CARTESIAN_POINT('Ctrl Pts',(28.9360792906755,26.9133434804026,-39.5969191464));
#4910=CARTESIAN_POINT('Ctrl Pts',(29.,26.8989794855664,-39.2596340839606));
#4911=CARTESIAN_POINT('Ctrl Pts',(29.,26.8989794855664,-38.9426073573897));
#4912=CARTESIAN_POINT('Ctrl Pts',(29.,26.8989794855664,-38.6255806308188));
#4913=CARTESIAN_POINT('Ctrl Pts',(28.9360792906755,26.9133434804026,-38.2882955683795));
#4914=CARTESIAN_POINT('Ctrl Pts',(28.6773063433496,26.9556476937715,-37.6690516738354));
#4915=CARTESIAN_POINT('Ctrl Pts',(28.4824999003195,26.9817783717404,-37.3869514151351));
#4916=CARTESIAN_POINT('Ctrl Pts',(28.1781642545591,26.9974504659447,-37.0862423025011));
#4917=CARTESIAN_POINT('Ctrl Pts',(28.092055816147,27.,-37.0116492194999));
#4918=CARTESIAN_POINT('Ctrl Pts',(28.,27.,-36.9426073573897));
#4919=CARTESIAN_POINT('',(24.,25.5,-38.9426073573897));
#4920=CARTESIAN_POINT('',(24.,27.,-38.9426073573897));
#4921=CARTESIAN_POINT('',(26.4999999999709,25.5,-41.4426073573897));
#4922=CARTESIAN_POINT('Origin',(26.5,25.5,-38.9426073573897));
#4923=CARTESIAN_POINT('',(26.4999999999709,25.5,-36.4426073573897));
#4924=CARTESIAN_POINT('Ctrl Pts',(26.5,25.5,-36.4426073573897));
#4925=CARTESIAN_POINT('Ctrl Pts',(26.8198882527722,25.4999999999981,-36.4426073573897));
#4926=CARTESIAN_POINT('Ctrl Pts',(27.1573626887228,25.4664799208727,-36.507697592717));
#4927=CARTESIAN_POINT('Ctrl Pts',(27.7718518952867,25.3456621025909,-36.7646946575786));
#4928=CARTESIAN_POINT('Ctrl Pts',(28.0492416745163,25.2596665251666,-36.9563151259731));
#4929=CARTESIAN_POINT('Ctrl Pts',(28.4868895703279,25.0942511688594,-37.3939630217849));
#4930=CARTESIAN_POINT('Ctrl Pts',(28.6780717743407,25.0029900311376,-37.6711514586204));
#4931=CARTESIAN_POINT('Ctrl Pts',(28.9347139611919,24.8695635898661,-38.2847608542314));
#4932=CARTESIAN_POINT('Ctrl Pts',(29.,24.8301270189054,-38.6218446899884));
#4933=CARTESIAN_POINT('Ctrl Pts',(29.,24.8301270189054,-39.263370024791));
#4934=CARTESIAN_POINT('Ctrl Pts',(28.9347139611919,24.8695635898661,-39.600453860548));
#4935=CARTESIAN_POINT('Ctrl Pts',(28.6780717743407,25.0029900311376,-40.2140632561591));
#4936=CARTESIAN_POINT('Ctrl Pts',(28.4868895703279,25.0942511688594,-40.4912516929945));
#4937=CARTESIAN_POINT('Ctrl Pts',(28.0492416745163,25.2596665251666,-40.9288995888063));
#4938=CARTESIAN_POINT('Ctrl Pts',(27.7718518952866,25.3456621025909,-41.1205200572008));
#4939=CARTESIAN_POINT('Ctrl Pts',(27.1573626887227,25.4664799208727,-41.3775171220624));
#4940=CARTESIAN_POINT('Ctrl Pts',(26.8198882527721,25.4999999999981,-41.4426073573897));
#4941=CARTESIAN_POINT('Ctrl Pts',(26.5,25.5,-41.4426073573897));
#4942=CARTESIAN_POINT('Origin',(26.5,25.5,-38.9426073573897));
#4943=CARTESIAN_POINT('Origin',(-0.905000000000002,27.,18.8963926426104));
#4944=CARTESIAN_POINT('Origin',(-5.00000000000001,22.,18.8963926426104));
#4945=CARTESIAN_POINT('',(-0.905000000000002,25.5,18.8963926426104));
#4946=CARTESIAN_POINT('',(-0.905000000000002,27.,18.8963926426104));
#4947=CARTESIAN_POINT('',(5.2975,25.5,18.8963926426104));
#4948=CARTESIAN_POINT('',(-10.,22.,18.8963926426104));
#4949=CARTESIAN_POINT('Origin',(-0.905000000000006,27.,4.17639264261036));
#4950=CARTESIAN_POINT('',(-0.905000000000006,25.5,6.6449631497869));
#4951=CARTESIAN_POINT('',(-0.90500000000001,25.5,-6.58110735738964));
#4952=CARTESIAN_POINT('',(-0.905000000000006,22.,4.17639264261036));
#4953=CARTESIAN_POINT('',(-0.905000000000006,27.,4.17639264261036));
#4954=CARTESIAN_POINT('',(-0.905000000000006,22.,4.63392943800918));
#4955=CARTESIAN_POINT('',(-0.905000000000002,22.,18.8963926426104));
#4956=CARTESIAN_POINT('',(-0.905000000000006,23.5,4.63392943800918));
#4957=CARTESIAN_POINT('',(-0.905000000000006,25.5,4.63392943800918));
#4958=CARTESIAN_POINT('Ctrl Pts',(-0.905000000000006,25.5,6.6449631497869));
#4959=CARTESIAN_POINT('Ctrl Pts',(-0.905000000000006,25.5,6.3968852834183));
#4960=CARTESIAN_POINT('Ctrl Pts',(-0.905000000000006,25.4420273555169,6.10489117988586));
#4961=CARTESIAN_POINT('Ctrl Pts',(-0.905000000000006,25.2526522583457,5.64630511466297));
#4962=CARTESIAN_POINT('Ctrl Pts',(-0.905000000000006,25.0877235927875,5.39848399351775));
#4963=CARTESIAN_POINT('Ctrl Pts',(-0.905000000000006,24.7381332641213,5.04739967998111));
#4964=CARTESIAN_POINT('Ctrl Pts',(-0.905000000000006,24.4917676295927,4.88178406763508));
#4965=CARTESIAN_POINT('Ctrl Pts',(-0.905000000000006,24.03604337615,4.6920125990091));
#4966=CARTESIAN_POINT('Ctrl Pts',(-0.905000000000006,23.7462760742539,4.63392943800918));
#4967=CARTESIAN_POINT('Ctrl Pts',(-0.905000000000006,23.5,4.63392943800918));
#4968=CARTESIAN_POINT('Origin',(-5.4525,22.,11.5363926426104));
#4969=CARTESIAN_POINT('',(-2.13547393742605,22.,4.17639264261036));
#4970=CARTESIAN_POINT('Origin',(-0.499999999999998,22.,1.66139264261034));
#4971=CARTESIAN_POINT('',(-0.905000000000007,22.,4.17639264261036));
#4972=CARTESIAN_POINT('Origin',(-10.,27.,4.17639264261036));
#4973=CARTESIAN_POINT('Origin',(-5.,22.,4.17639264261036));
#4974=CARTESIAN_POINT('',(-0.905000000000007,22.,4.17639264261036));
#4975=CARTESIAN_POINT('',(-2.38624999997143,24.2445373982792,4.17639264261036));
#4976=CARTESIAN_POINT('Ctrl Pts',(-2.38624999997143,24.2445373982792,4.17639264261036));
#4977=CARTESIAN_POINT('Ctrl Pts',(-2.51588073484578,24.4384514062255,4.17639264261036));
#4978=CARTESIAN_POINT('Ctrl Pts',(-2.69224507041377,24.620529751012,4.17639264261037));
#4979=CARTESIAN_POINT('Ctrl Pts',(-3.14188502140125,24.9441610951966,4.17639264261037));
#4980=CARTESIAN_POINT('Ctrl Pts',(-3.4047601585669,25.0700111532867,4.17639264261037));
#4981=CARTESIAN_POINT('Ctrl Pts',(-4.0164232143557,25.2527767746029,4.17639264261037));
#4982=CARTESIAN_POINT('Ctrl Pts',(-4.37101900549307,25.288478287362,4.17639264261036));
#4983=CARTESIAN_POINT('Ctrl Pts',(-5.06161551815489,25.2299166822277,4.17639264261036));
#4984=CARTESIAN_POINT('Ctrl Pts',(-5.39574961013506,25.1392665738677,4.17639264261036));
#4985=CARTESIAN_POINT('Ctrl Pts',(-5.70238675719925,24.9888186164719,4.17639264261036));
#4986=CARTESIAN_POINT('',(-2.13547393742605,23.5,4.17639264261036));
#4987=CARTESIAN_POINT('Ctrl Pts',(-2.13547393742605,23.5,4.17639264261036));
#4988=CARTESIAN_POINT('Ctrl Pts',(-2.13547393742605,23.5999815377302,4.17639264261036));
#4989=CARTESIAN_POINT('Ctrl Pts',(-2.15318854800729,23.7186444044119,4.17639264261036));
#4990=CARTESIAN_POINT('Ctrl Pts',(-2.21210582858898,23.9240674269454,4.17639264261036));
#4991=CARTESIAN_POINT('Ctrl Pts',(-2.2679873941661,24.0485697816297,4.17639264261036));
#4992=CARTESIAN_POINT('Ctrl Pts',(-2.34412274695278,24.1794001838593,4.17639264261036));
#4993=CARTESIAN_POINT('Ctrl Pts',(-2.36452177467614,24.2120342480298,4.17639264261036));
#4994=CARTESIAN_POINT('Ctrl Pts',(-2.38624999997143,24.2445373982792,4.17639264261036));
#4995=CARTESIAN_POINT('',(-2.13547393742605,25.5,4.17639264261036));
#4996=CARTESIAN_POINT('Origin',(-5.4525,22.,11.5363926426104));
#4997=CARTESIAN_POINT('Origin',(26.4999999999709,20.5,6.16139264259578));
#4998=CARTESIAN_POINT('',(26.4999999999709,25.5,-64.3386073573605));
#4999=CARTESIAN_POINT('',(26.4999999999709,25.5,6.16139264259578));
#5000=CARTESIAN_POINT('',(31.4999999999709,20.5,-64.3386073573605));
#5001=CARTESIAN_POINT('Origin',(26.4999999999709,20.5,-64.3386073573605));
#5002=CARTESIAN_POINT('',(31.4999999999709,20.5,29.6613926425812));
#5003=CARTESIAN_POINT('',(31.4999999999709,20.5,6.16139264259578));
#5004=CARTESIAN_POINT('',(26.4999999999709,25.5,24.6613926425812));
#5005=CARTESIAN_POINT('Origin',(26.4999999999709,20.5,24.6613926425812));
#5006=CARTESIAN_POINT('',(26.4999999999709,25.5,5.66139264263217));
#5007=CARTESIAN_POINT('',(26.4999999999709,25.5,6.16139264259578));
#5008=CARTESIAN_POINT('',(26.4999999999709,25.5,-2.33860735741149));
#5009=CARTESIAN_POINT('Ctrl Pts',(26.4999999999709,25.5,-2.33860735741149));
#5010=CARTESIAN_POINT('Ctrl Pts',(27.0983475477471,25.5,-2.0693509609163));
#5011=CARTESIAN_POINT('Ctrl Pts',(28.1649560314811,25.2858022404824,-1.43523445474969));
#5012=CARTESIAN_POINT('Ctrl Pts',(29.2640890265609,24.7086993060556,-0.303587282969832));
#5013=CARTESIAN_POINT('Ctrl Pts',(29.8567346016401,24.2094765430707,0.977427742803522));
#5014=CARTESIAN_POINT('Ctrl Pts',(29.8577189259146,24.2064263431126,2.11727305712459));
#5015=CARTESIAN_POINT('Ctrl Pts',(29.5599441985576,24.4602457899626,2.98713585043901));
#5016=CARTESIAN_POINT('Ctrl Pts',(29.0821299677141,24.8019752584598,3.81429171008074));
#5017=CARTESIAN_POINT('Ctrl Pts',(28.1646337881438,25.2869812653999,4.75843862850123));
#5018=CARTESIAN_POINT('Ctrl Pts',(27.098347547747,25.5,5.39213624613698));
#5019=CARTESIAN_POINT('Ctrl Pts',(26.4999999999709,25.5,5.66139264263216));
#5020=CARTESIAN_POINT('',(26.4999999999709,25.5,6.16139264259578));
#5021=CARTESIAN_POINT('Origin',(-5.,22.,6.91139264261034));
#5022=CARTESIAN_POINT('Origin',(-5.00000000000001,22.,26.1613926426103));
#5023=CARTESIAN_POINT('Origin',(-0.499999999999998,25.5,1.66139264261034));
#5024=CARTESIAN_POINT('',(-3.5,17.5,1.66139264261034));
#5025=CARTESIAN_POINT('Origin',(-0.499999999999998,17.5,1.66139264261034));
#5026=CARTESIAN_POINT('',(-3.49982514392601,22.7368211566257,1.66141401321192));
#5027=CARTESIAN_POINT('',(-3.5,25.5,1.66139264261034));
#5028=CARTESIAN_POINT('',(-2.29999999998254,23.5,-0.738607357402762));
#5029=CARTESIAN_POINT('Ctrl Pts',(-2.29999999998254,23.5,-0.738607357402767));
#5030=CARTESIAN_POINT('Ctrl Pts',(-2.51540511718199,23.5,-0.577053519505629));
#5031=CARTESIAN_POINT('Ctrl Pts',(-2.89937565232611,23.3717101366602,-0.196577833626615));
#5032=CARTESIAN_POINT('Ctrl Pts',(-3.2951227531663,23.0249903680266,0.48240276343318));
#5033=CARTESIAN_POINT('Ctrl Pts',(-3.47273768355604,22.7764346298652,1.12283188634677));
#5034=CARTESIAN_POINT('Ctrl Pts',(-3.49965948922789,22.7376166309314,1.52675923128356));
#5035=CARTESIAN_POINT('Ctrl Pts',(-3.49971798803235,22.7372827224339,1.66142710961663));
#5036=CARTESIAN_POINT('Origin',(-0.499999999999998,23.5,1.66139264261034));
#5037=CARTESIAN_POINT('',(-2.29999999998254,23.5,4.06139264262344));
#5038=CARTESIAN_POINT('Origin',(-0.499999999999998,23.5,1.66139264261034));
#5039=CARTESIAN_POINT('Ctrl Pts',(-3.49971798803235,22.7372827224339,1.66142710961663));
#5040=CARTESIAN_POINT('Ctrl Pts',(-3.49977648973522,22.7369487973924,1.79610166028092));
#5041=CARTESIAN_POINT('Ctrl Pts',(-3.48206136920673,22.7614935631034,2.06550273758849));
#5042=CARTESIAN_POINT('Ctrl Pts',(-3.40159765070454,22.8760377763435,2.45681933003108));
#5043=CARTESIAN_POINT('Ctrl Pts',(-3.22965861879319,23.0808865552811,2.95321609287147));
#5044=CARTESIAN_POINT('Ctrl Pts',(-2.89917193399419,23.3721456892975,3.51961596324255));
#5045=CARTESIAN_POINT('Ctrl Pts',(-2.51540511718196,23.5,3.89983880472631));
#5046=CARTESIAN_POINT('Ctrl Pts',(-2.29999999998253,23.5,4.06139264262343));
#5047=CARTESIAN_POINT('Origin',(-0.499999999999998,23.5,1.66139264261034));
#5048=CARTESIAN_POINT('Origin',(-3.49999999997089,23.5,5.66139264263217));
#5049=CARTESIAN_POINT('Origin',(-0.499999999999998,23.5,1.66139264261034));
#5050=CARTESIAN_POINT('Origin',(-3.49999999997089,23.5,-2.33860735741149));
#5051=CARTESIAN_POINT('Origin',(-0.499999999999998,25.5,1.66139264261034));
#5052=CARTESIAN_POINT('Origin',(-12.,25.,-8.58860735738966));
#5053=CARTESIAN_POINT('',(-11.7792184391386,26.9877765222438,-43.0205103527664));
#5054=CARTESIAN_POINT('Origin',(-12.,25.,-43.6873739296403));
#5055=CARTESIAN_POINT('',(-12.,27.,-34.3386073573896));
#5056=CARTESIAN_POINT('Origin',(-12.,25.,-34.3386073573896));
#5057=CARTESIAN_POINT('',(-12.,27.,-43.0569459041244));
#5058=CARTESIAN_POINT('',(-12.,27.,-8.58860735738966));
#5059=CARTESIAN_POINT('Origin',(-12.,25.,-37.0953771779937));
#5060=CARTESIAN_POINT('Ctrl Pts',(-9.83203367432566,24.5942452484798,-32.1541943863528));
#5061=CARTESIAN_POINT('Ctrl Pts',(-9.92848556308454,24.7448914919979,-32.9386022236955));
#5062=CARTESIAN_POINT('Ctrl Pts',(-10.,24.8850798822754,-33.6538749892803));
#5063=CARTESIAN_POINT('Ctrl Pts',(-10.,25.,-34.3386073573896));
#5064=CARTESIAN_POINT('Ctrl Pts',(-9.76433473802622,24.9253266391373,-32.1652481721966));
#5065=CARTESIAN_POINT('Ctrl Pts',(-9.88865472007131,25.0669286224947,-32.9433812396084));
#5066=CARTESIAN_POINT('Ctrl Pts',(-9.98276470351504,25.1952208639801,-33.6538974897522));
#5067=CARTESIAN_POINT('Ctrl Pts',(-10.,25.2991993003419,-34.3386073573896));
#5068=CARTESIAN_POINT('Ctrl Pts',(-9.79864280362506,25.6216127012072,-32.1596464001367));
#5069=CARTESIAN_POINT('Ctrl Pts',(-9.96680635812435,25.7288318686329,-32.9314956307279));
#5070=CARTESIAN_POINT('Ctrl Pts',(-10.0953409693682,25.8224336257286,-33.643407383581));
#5071=CARTESIAN_POINT('Ctrl Pts',(-10.1367348871944,25.896739459779,-34.3386073573896));
#5072=CARTESIAN_POINT('Ctrl Pts',(-10.4351234903952,26.6614072718207,-32.0557227406247));
#5073=CARTESIAN_POINT('Ctrl Pts',(-10.6216205912998,26.6922159384668,-32.840677917337));
#5074=CARTESIAN_POINT('Ctrl Pts',(-10.7627022736823,26.7176778711437,-33.5921396599007));
#5075=CARTESIAN_POINT('Ctrl Pts',(-10.8060054904468,26.7376380861616,-34.3386073573896));
#5076=CARTESIAN_POINT('Ctrl Pts',(-11.2643063416688,27.,-31.920334946305));
#5077=CARTESIAN_POINT('Ctrl Pts',(-11.4192269822083,26.9993668539337,-32.731407213259));
#5078=CARTESIAN_POINT('Ctrl Pts',(-11.5346852183697,27.0003289150533,-33.5350729915808));
#5079=CARTESIAN_POINT('Ctrl Pts',(-11.5512010494872,27.,-34.3386073573896));
#5080=CARTESIAN_POINT('Ctrl Pts',(-11.7648471440559,27.,-31.8386073573924));
#5081=CARTESIAN_POINT('Ctrl Pts',(-11.8998797883183,27.,-32.6656150913397));
#5082=CARTESIAN_POINT('Ctrl Pts',(-12.,27.,-33.5006481656474));
#5083=CARTESIAN_POINT('Ctrl Pts',(-12.,27.,-34.3386073573896));
#5084=CARTESIAN_POINT('',(-9.83203367432566,24.5942452484798,-32.1541943863528));
#5085=CARTESIAN_POINT('Ctrl Pts',(-10.,25.,-34.3386073573896));
#5086=CARTESIAN_POINT('Ctrl Pts',(-10.,24.8850798822754,-33.6538749892803));
#5087=CARTESIAN_POINT('Ctrl Pts',(-9.92848556308454,24.7448914919979,-32.9386022236955));
#5088=CARTESIAN_POINT('Ctrl Pts',(-9.83203367432566,24.5942452484798,-32.1541943863528));
#5089=CARTESIAN_POINT('',(-11.7648471440559,27.,-31.838607357391));
#5090=CARTESIAN_POINT('Origin',(-11.7648471440559,25.,-31.8386073573924));
#5091=CARTESIAN_POINT('Ctrl Pts',(-11.7648471440559,27.,-31.8386073573924));
#5092=CARTESIAN_POINT('Ctrl Pts',(-11.8998797883183,27.,-32.6656150913397));
#5093=CARTESIAN_POINT('Ctrl Pts',(-12.,27.,-33.5006481656474));
#5094=CARTESIAN_POINT('Ctrl Pts',(-12.,27.,-34.3386073573896));
#5095=CARTESIAN_POINT('Ctrl Pts',(-11.7648471440559,27.,-31.8386073573906));
#5096=CARTESIAN_POINT('Ctrl Pts',(-11.6982674022957,26.9999999999999,-31.7026847645964));
#5097=CARTESIAN_POINT('Ctrl Pts',(-11.5159338256283,27.0565152303545,-31.4336256433544));
#5098=CARTESIAN_POINT('Ctrl Pts',(-10.9799153715817,27.3042501997941,-31.0770643420225));
#5099=CARTESIAN_POINT('Ctrl Pts',(-10.0636056024025,27.6661314686487,-30.8676188040501));
#5100=CARTESIAN_POINT('Ctrl Pts',(-9.19585633262794,27.8982565299269,-30.8386073573897));
#5101=CARTESIAN_POINT('Ctrl Pts',(-8.73725600558256,28.,-30.8386073573897));
#5102=CARTESIAN_POINT('Ctrl Pts',(-11.4311532757978,27.,-31.8930924166656));
#5103=CARTESIAN_POINT('Ctrl Pts',(-11.3637334908689,26.9926049499909,-31.7710584496272));
#5104=CARTESIAN_POINT('Ctrl Pts',(-11.1835237748611,27.0227721905397,-31.5344412013627));
#5105=CARTESIAN_POINT('Ctrl Pts',(-10.6805241581642,27.1790507971234,-31.2061687663617));
#5106=CARTESIAN_POINT('Ctrl Pts',(-9.83936274913482,27.4457143380521,-30.9479445143219));
#5107=CARTESIAN_POINT('Ctrl Pts',(-9.03173754722587,27.6758880818074,-30.8596481458266));
#5108=CARTESIAN_POINT('Ctrl Pts',(-8.60004602078473,27.7938457578426,-30.8386073573897));
#5109=CARTESIAN_POINT('Ctrl Pts',(-10.7652142120334,26.824701612048,-32.0018259979932));
#5110=CARTESIAN_POINT('Ctrl Pts',(-10.6961510631311,26.7992723038477,-31.8835110107082));
#5111=CARTESIAN_POINT('Ctrl Pts',(-10.5201854056639,26.7812931956656,-31.6611412943075));
#5112=CARTESIAN_POINT('Ctrl Pts',(-10.083016468481,26.8053615998897,-31.3244833966924));
#5113=CARTESIAN_POINT('Ctrl Pts',(-9.3915484187696,26.9607258042336,-30.9585037478589));
#5114=CARTESIAN_POINT('Ctrl Pts',(-8.70379968739097,27.2220536254668,-30.7867085714866));
#5115=CARTESIAN_POINT('Ctrl Pts',(-8.32582570835575,27.3818372529493,-30.7454007229325));
#5116=CARTESIAN_POINT('Ctrl Pts',(-9.88947326240605,25.9822535289793,-32.1448157322647));
#5117=CARTESIAN_POINT('Ctrl Pts',(-9.82338473530375,25.9232333211473,-31.947427269011));
#5118=CARTESIAN_POINT('Ctrl Pts',(-9.66193739412028,25.8616605820264,-31.5662958684256));
#5119=CARTESIAN_POINT('Ctrl Pts',(-9.30300980576177,25.8884673298078,-30.9955688250591));
#5120=CARTESIAN_POINT('Ctrl Pts',(-8.77147735691469,26.1416750617553,-30.4569313479657));
#5121=CARTESIAN_POINT('Ctrl Pts',(-8.22227773174694,26.5243220140742,-30.2810180710568));
#5122=CARTESIAN_POINT('Ctrl Pts',(-7.9108311777813,26.7583193429655,-30.2793545058635));
#5123=CARTESIAN_POINT('Ctrl Pts',(-9.73048526987642,25.0908673344661,-32.1707750651181));
#5124=CARTESIAN_POINT('Ctrl Pts',(-9.67470398912747,25.0170435955359,-31.8572053203931));
#5125=CARTESIAN_POINT('Ctrl Pts',(-9.53144997371625,24.9774704420509,-31.234532131518));
#5126=CARTESIAN_POINT('Ctrl Pts',(-9.17095283025834,25.2118005249244,-30.3548729923301));
#5127=CARTESIAN_POINT('Ctrl Pts',(-8.59705301644819,25.7443735662687,-29.7313555305516));
#5128=CARTESIAN_POINT('Ctrl Pts',(-8.03296626740488,26.2171245693037,-29.6548422665102));
#5129=CARTESIAN_POINT('Ctrl Pts',(-7.72450080252892,26.478363060209,-29.73131770403));
#5130=CARTESIAN_POINT('Ctrl Pts',(-9.83203367432566,24.5942452484798,-32.1541943863528));
#5131=CARTESIAN_POINT('Ctrl Pts',(-9.78447671592551,24.5199670023162,-31.7674310852983));
#5132=CARTESIAN_POINT('Ctrl Pts',(-9.65423844687735,24.5138823478004,-30.9934432136598));
#5133=CARTESIAN_POINT('Ctrl Pts',(-9.27136812255825,24.9110586366046,-29.9272836175564));
#5134=CARTESIAN_POINT('Ctrl Pts',(-8.61686114457313,25.6300705835889,-29.2636097144391));
#5135=CARTESIAN_POINT('Ctrl Pts',(-7.99704023759113,26.1362902122735,-29.2492810021834));
#5136=CARTESIAN_POINT('Ctrl Pts',(-7.66946857541612,26.3956786470346,-29.3733811417114));
#5137=CARTESIAN_POINT('',(-7.66946857541612,26.3956786470346,-29.3733811417114));
#5138=CARTESIAN_POINT('',(-8.73725600558256,28.,-30.8386073573897));
#5139=CARTESIAN_POINT('Origin',(-8.73725600558256,28.,-28.8386073573897));
#5140=CARTESIAN_POINT('Ctrl Pts',(-8.73725600558256,28.,-30.8386073573897));
#5141=CARTESIAN_POINT('Ctrl Pts',(-9.19585633262794,27.8982565299269,-30.8386073573897));
#5142=CARTESIAN_POINT('Ctrl Pts',(-10.0636056024025,27.6661314686487,-30.8676188040501));
#5143=CARTESIAN_POINT('Ctrl Pts',(-10.9799153715817,27.3042501997941,-31.0770643420225));
#5144=CARTESIAN_POINT('Ctrl Pts',(-11.5159338256283,27.0565152303545,-31.4336256433544));
#5145=CARTESIAN_POINT('Ctrl Pts',(-11.6982674022957,26.9999999999999,-31.7026847645964));
#5146=CARTESIAN_POINT('Ctrl Pts',(-11.7648471440559,27.,-31.8386073573906));
#5147=CARTESIAN_POINT('Ctrl Pts',(-9.83203367432566,24.5942452484798,-32.1541943863528));
#5148=CARTESIAN_POINT('Ctrl Pts',(-9.78447671592551,24.5199670023162,-31.7674310852983));
#5149=CARTESIAN_POINT('Ctrl Pts',(-9.65423844687735,24.5138823478004,-30.9934432136598));
#5150=CARTESIAN_POINT('Ctrl Pts',(-9.27136812255825,24.9110586366046,-29.9272836175564));
#5151=CARTESIAN_POINT('Ctrl Pts',(-8.61686114457313,25.6300705835889,-29.2636097144391));
#5152=CARTESIAN_POINT('Ctrl Pts',(-7.99704023759113,26.1362902122735,-29.2492810021834));
#5153=CARTESIAN_POINT('Ctrl Pts',(-7.66946857541612,26.3956786470346,-29.3733811417114));
#5154=CARTESIAN_POINT('Ctrl Pts',(-5.00000000000001,29.5,-30.8386073573897));
#5155=CARTESIAN_POINT('Ctrl Pts',(-5.00272167500641,29.4949082123017,-30.8386073573897));
#5156=CARTESIAN_POINT('Ctrl Pts',(-5.00544335036694,29.4898168403611,-30.8385934982054));
#5157=CARTESIAN_POINT('Ctrl Pts',(-5.19360679256764,29.1377656810821,-30.8368023956156));
#5158=CARTESIAN_POINT('Ctrl Pts',(-5.47225458079523,28.6224937965891,-30.7338598293239));
#5159=CARTESIAN_POINT('Ctrl Pts',(-5.84101474603433,28.069580023337,-30.485425033145));
#5160=CARTESIAN_POINT('Ctrl Pts',(-6.11529457453779,27.7224389907079,-30.2794239923765));
#5161=CARTESIAN_POINT('Ctrl Pts',(-6.38650820155157,27.4344537022245,-30.0764246122592));
#5162=CARTESIAN_POINT('Ctrl Pts',(-6.74297536588672,27.1089743925973,-29.8284424319766));
#5163=CARTESIAN_POINT('Ctrl Pts',(-7.17859177886567,26.7718554973615,-29.5762480573676));
#5164=CARTESIAN_POINT('Ctrl Pts',(-7.50967506020268,26.5222115391687,-29.433918727295));
#5165=CARTESIAN_POINT('Ctrl Pts',(-7.66946857541612,26.3956786470346,-29.3733811417114));
#5166=CARTESIAN_POINT('Ctrl Pts',(-5.00000000000001,29.5,-30.8386073573897));
#5167=CARTESIAN_POINT('Ctrl Pts',(-5.00292953305759,29.4956905468961,-30.838600349199));
#5168=CARTESIAN_POINT('Ctrl Pts',(-5.00585734551248,29.4913590130017,-30.8386089843331));
#5169=CARTESIAN_POINT('Ctrl Pts',(-5.20842083424019,29.1937811436581,-30.8366208846818));
#5170=CARTESIAN_POINT('Ctrl Pts',(-5.50799359577552,28.7542464141964,-30.7742850686138));
#5171=CARTESIAN_POINT('Ctrl Pts',(-5.89770838536821,28.254730149804,-30.6161541075927));
#5172=CARTESIAN_POINT('Ctrl Pts',(-6.1836118129418,27.9245000667161,-30.4823926291348));
#5173=CARTESIAN_POINT('Ctrl Pts',(-6.46241070838164,27.6357178340528,-30.347173281516));
#5174=CARTESIAN_POINT('Ctrl Pts',(-6.82424820966589,27.2937578154656,-30.1780314053823));
#5175=CARTESIAN_POINT('Ctrl Pts',(-7.25938933629566,26.9216025533584,-29.9998316545958));
#5176=CARTESIAN_POINT('Ctrl Pts',(-7.5858229426512,26.6448015302168,-29.8953995995722));
#5177=CARTESIAN_POINT('Ctrl Pts',(-7.74284487823319,26.5059245312671,-29.8506298914695));
#5178=CARTESIAN_POINT('Ctrl Pts',(-5.00000000000001,29.5,-30.8386073573896));
#5179=CARTESIAN_POINT('Ctrl Pts',(-5.00329231559013,29.4970435907993,-30.8386047532581));
#5180=CARTESIAN_POINT('Ctrl Pts',(-5.00658328031753,29.4940814478321,-30.838609173443));
#5181=CARTESIAN_POINT('Ctrl Pts',(-5.23422184593253,29.2897808797727,-30.8380261963116));
#5182=CARTESIAN_POINT('Ctrl Pts',(-5.57093959542847,28.9877053620912,-30.8238650989741));
#5183=CARTESIAN_POINT('Ctrl Pts',(-6.00785209085903,28.6149426049668,-30.7865082451046));
#5184=CARTESIAN_POINT('Ctrl Pts',(-6.32756340720244,28.3515588749922,-30.754301290308));
#5185=CARTESIAN_POINT('Ctrl Pts',(-6.63828627759473,28.1036084231226,-30.7209784706967));
#5186=CARTESIAN_POINT('Ctrl Pts',(-7.04008166854217,27.7891970705909,-30.6783361969098));
#5187=CARTESIAN_POINT('Ctrl Pts',(-7.52053270914359,27.4152840499917,-30.6318323498824));
#5188=CARTESIAN_POINT('Ctrl Pts',(-7.87877975988212,27.1191116522202,-30.6035399629643));
#5189=CARTESIAN_POINT('Ctrl Pts',(-8.05077945733083,26.9685877979491,-30.5912916758798));
#5190=CARTESIAN_POINT('Ctrl Pts',(-5.00000000000001,29.5,-30.8386073573897));
#5191=CARTESIAN_POINT('Ctrl Pts',(-5.0036549744402,29.4983989656756,-30.8386073573897));
#5192=CARTESIAN_POINT('Ctrl Pts',(-5.00730941117272,29.4968005720516,-30.8386073573897));
#5193=CARTESIAN_POINT('Ctrl Pts',(-5.26000610861225,29.3860668535807,-30.8386073573896));
#5194=CARTESIAN_POINT('Ctrl Pts',(-5.63408930026381,29.2225644437318,-30.8386073573897));
#5195=CARTESIAN_POINT('Ctrl Pts',(-6.12655208592011,29.0038481982785,-30.8386073573897));
#5196=CARTESIAN_POINT('Ctrl Pts',(-6.49126351527216,28.8382008956817,-30.8386073573897));
#5197=CARTESIAN_POINT('Ctrl Pts',(-6.85027933525245,28.6688856142508,-30.8386073573897));
#5198=CARTESIAN_POINT('Ctrl Pts',(-7.3201748192901,28.4353444193611,-30.8386073573897));
#5199=CARTESIAN_POINT('Ctrl Pts',(-7.89125225145042,28.1217305014114,-30.8386073573897));
#5200=CARTESIAN_POINT('Ctrl Pts',(-8.32322230370423,27.8401431243834,-30.8386073573897));
#5201=CARTESIAN_POINT('Ctrl Pts',(-8.53144102838582,27.6907686367638,-30.8386073573897));
#5202=CARTESIAN_POINT('Ctrl Pts',(-5.00000000000001,29.5,-30.8386073573897));
#5203=CARTESIAN_POINT('Ctrl Pts',(-5.00381034500989,29.4989816424601,-30.8386073573897));
#5204=CARTESIAN_POINT('Ctrl Pts',(-5.00762069051372,29.4979632738556,-30.8386073573897));
#5205=CARTESIAN_POINT('Ctrl Pts',(-5.27104950959309,29.4275590437819,-30.8386073573896));
#5206=CARTESIAN_POINT('Ctrl Pts',(-5.661156413113,29.323150585208,-30.8386073573897));
#5207=CARTESIAN_POINT('Ctrl Pts',(-6.17742064444747,29.1705578874013,-30.8386073573897));
#5208=CARTESIAN_POINT('Ctrl Pts',(-6.56141240435251,29.046736872345,-30.8386073573897));
#5209=CARTESIAN_POINT('Ctrl Pts',(-6.9411114821718,28.9111105370341,-30.8386073573897));
#5210=CARTESIAN_POINT('Ctrl Pts',(-7.44016551224116,28.7121558420989,-30.8386073573897));
#5211=CARTESIAN_POINT('Ctrl Pts',(-8.05002849041175,28.4242912385811,-30.8386073573897));
#5212=CARTESIAN_POINT('Ctrl Pts',(-8.51354508428378,28.1488951757154,-30.8386073573897));
#5213=CARTESIAN_POINT('Ctrl Pts',(-8.73725600558256,28.,-30.8386073573897));
#5214=CARTESIAN_POINT('Ctrl Pts',(-7.66946857541612,26.3956786470346,-29.3733811417114));
#5215=CARTESIAN_POINT('Ctrl Pts',(-7.50967506020268,26.5222115391687,-29.433918727295));
#5216=CARTESIAN_POINT('Ctrl Pts',(-7.17859177886567,26.7718554973615,-29.5762480573676));
#5217=CARTESIAN_POINT('Ctrl Pts',(-6.74297536588672,27.1089743925973,-29.8284424319766));
#5218=CARTESIAN_POINT('Ctrl Pts',(-6.38650820155157,27.4344537022245,-30.0764246122592));
#5219=CARTESIAN_POINT('Ctrl Pts',(-6.11529457453779,27.7224389907079,-30.2794239923765));
#5220=CARTESIAN_POINT('Ctrl Pts',(-5.84101474603433,28.069580023337,-30.485425033145));
#5221=CARTESIAN_POINT('Ctrl Pts',(-5.47225458079523,28.6224937965891,-30.7338598293239));
#5222=CARTESIAN_POINT('Ctrl Pts',(-5.19360679256764,29.1377656810821,-30.8368023956156));
#5223=CARTESIAN_POINT('Ctrl Pts',(-5.00544335036694,29.4898168403611,-30.8385934982054));
#5224=CARTESIAN_POINT('Ctrl Pts',(-5.00272167500641,29.4949082123017,-30.8386073573897));
#5225=CARTESIAN_POINT('Ctrl Pts',(-5.00000000000001,29.5,-30.8386073573897));
#5226=CARTESIAN_POINT('Ctrl Pts',(-5.00000000000001,29.5,-30.8386073573897));
#5227=CARTESIAN_POINT('Ctrl Pts',(-5.00381034500989,29.4989816424601,-30.8386073573897));
#5228=CARTESIAN_POINT('Ctrl Pts',(-5.00762069051372,29.4979632738556,-30.8386073573897));
#5229=CARTESIAN_POINT('Ctrl Pts',(-5.27104950959309,29.4275590437819,-30.8386073573896));
#5230=CARTESIAN_POINT('Ctrl Pts',(-5.661156413113,29.323150585208,-30.8386073573897));
#5231=CARTESIAN_POINT('Ctrl Pts',(-6.17742064444747,29.1705578874013,-30.8386073573897));
#5232=CARTESIAN_POINT('Ctrl Pts',(-6.56141240435251,29.046736872345,-30.8386073573897));
#5233=CARTESIAN_POINT('Ctrl Pts',(-6.9411114821718,28.9111105370341,-30.8386073573897));
#5234=CARTESIAN_POINT('Ctrl Pts',(-7.44016551224116,28.7121558420989,-30.8386073573897));
#5235=CARTESIAN_POINT('Ctrl Pts',(-8.05002849041175,28.4242912385811,-30.8386073573897));
#5236=CARTESIAN_POINT('Ctrl Pts',(-8.51354508428378,28.1488951757154,-30.8386073573897));
#5237=CARTESIAN_POINT('Ctrl Pts',(-8.73725600558256,28.,-30.8386073573897));
#5238=CARTESIAN_POINT('Origin',(-5.00000000000001,29.5,-28.3386073573897));
#5239=CARTESIAN_POINT('Origin',(-5.00000000000001,22.,-28.3386073573897));
#5240=CARTESIAN_POINT('Origin',(-12.,28.,-64.8386073573897));
#5241=CARTESIAN_POINT('',(-9.99999999999999,25.1715728752538,-65.8386073573896));
#5242=CARTESIAN_POINT('',(-10.7812787955243,26.9999999999999,-65.8386073573897));
#5243=CARTESIAN_POINT('Ctrl Pts',(-10.7812787955243,26.9999999999999,-65.8386073573896));
#5244=CARTESIAN_POINT('Ctrl Pts',(-10.6551487594536,26.8629139742593,-65.8386073573896));
#5245=CARTESIAN_POINT('Ctrl Pts',(-10.5418594566435,26.7195554701638,-65.8386073573897));
#5246=CARTESIAN_POINT('Ctrl Pts',(-10.3104337806313,26.370186228884,-65.8386073573896));
#5247=CARTESIAN_POINT('Ctrl Pts',(-10.1815405156567,26.1075395751885,-65.8386073573896));
#5248=CARTESIAN_POINT('Ctrl Pts',(-10.0423704828546,25.6609446170781,-65.8386073573896));
#5249=CARTESIAN_POINT('Ctrl Pts',(-10.,25.3955422413943,-65.8386073573896));
#5250=CARTESIAN_POINT('Ctrl Pts',(-10.,25.1715728752538,-65.8386073573896));
#5251=CARTESIAN_POINT('',(-9.99999999999999,25.,-64.8386073573897));
#5252=CARTESIAN_POINT('Origin',(-9.99999999999999,28.,-64.8386073573897));
#5253=CARTESIAN_POINT('',(-12.,27.,-64.8386073573897));
#5254=CARTESIAN_POINT('Origin',(-12.,25.,-64.8386073573897));
#5255=CARTESIAN_POINT('',(-12.,27.845067992489,-65.8265324927358));
#5256=CARTESIAN_POINT('Origin',(-12.,28.,-64.8386073573897));
#5257=CARTESIAN_POINT('Ctrl Pts',(-12.,27.845067992489,-65.8265324927358));
#5258=CARTESIAN_POINT('Ctrl Pts',(-11.9983830945134,27.8441133744117,-65.8263827841295));
#5259=CARTESIAN_POINT('Ctrl Pts',(-11.9967661850834,27.8431586672068,-65.826233628618));
#5260=CARTESIAN_POINT('Ctrl Pts',(-11.7831880118126,27.71703879858,-65.806604608788));
#5261=CARTESIAN_POINT('Ctrl Pts',(-11.3430082131388,27.4668780769137,-65.7762335036275));
#5262=CARTESIAN_POINT('Ctrl Pts',(-10.8965196786978,27.102382384426,-65.8212370081599));
#5263=CARTESIAN_POINT('Ctrl Pts',(-10.8379548768326,27.051927880601,-65.8289361218472));
#5264=CARTESIAN_POINT('Ctrl Pts',(-10.7812787955243,26.9999999999999,-65.8386073573897));
#5265=CARTESIAN_POINT('Origin',(-12.,25.,-8.58860735738966));
#5266=CARTESIAN_POINT('',(-9.99999999999999,25.,-52.1255662856069));
#5267=CARTESIAN_POINT('',(-12.,27.,-51.4546019499166));
#5268=CARTESIAN_POINT('Origin',(-12.,25.,-52.1255662856069));
#5269=CARTESIAN_POINT('',(-12.,27.,-8.58860735738966));
#5270=CARTESIAN_POINT('',(-10.,25.,-8.58860735738966));
#5271=CARTESIAN_POINT('Origin',(-10.,27.,31.1613926426103));
#5272=CARTESIAN_POINT('',(-9.99999999999999,19.5,-65.8386073573896));
#5273=CARTESIAN_POINT('',(-9.99999999999999,27.,-65.8386073573896));
#5274=CARTESIAN_POINT('',(-9.99999999999999,19.5,-55.0926406649748));
#5275=CARTESIAN_POINT('',(-10.,19.5,-14.652115684286));
#5276=CARTESIAN_POINT('',(-9.99999999999999,16.1557910859283,-55.0926406649748));
#5277=CARTESIAN_POINT('',(-9.99999999999999,14.5,-55.0926406649748));
#5278=CARTESIAN_POINT('',(-9.99999999999999,46.818007365766,-44.8060138764789));
#5279=CARTESIAN_POINT('Ctrl Pts',(-3.4999999999709,25.5,-2.33860735741149));
#5280=CARTESIAN_POINT('Ctrl Pts',(-4.09834754774707,25.5,-2.0693509609163));
#5281=CARTESIAN_POINT('Ctrl Pts',(-5.16493236759196,25.2861835611004,-1.43522481778457));
#5282=CARTESIAN_POINT('Ctrl Pts',(-6.26422986992576,24.7083172800443,-0.303590489351631));
#5283=CARTESIAN_POINT('Ctrl Pts',(-6.8562825712369,24.2112033407536,0.977274102562818));
#5284=CARTESIAN_POINT('Ctrl Pts',(-6.85800478558373,24.2055223663668,2.11751854131088));
#5285=CARTESIAN_POINT('Ctrl Pts',(-6.55999347419872,24.4600629605725,2.98710378831152));
#5286=CARTESIAN_POINT('Ctrl Pts',(-6.08238505222261,24.8014775921353,3.81443172637909));
#5287=CARTESIAN_POINT('Ctrl Pts',(-5.16436648333669,25.2869094821625,4.75843151033058));
#5288=CARTESIAN_POINT('Ctrl Pts',(-4.09834754774708,25.5,5.39213624613697));
#5289=CARTESIAN_POINT('Ctrl Pts',(-3.4999999999709,25.5,5.66139264263217));
#5290=CARTESIAN_POINT('Ctrl Pts',(-3.32048041976751,25.5,-2.09924791713668));
#5291=CARTESIAN_POINT('Ctrl Pts',(-3.88919869333427,25.52152252853,-1.83518109130181));
#5292=CARTESIAN_POINT('Ctrl Pts',(-4.90412598614689,25.3680876184273,-1.2126031391869));
#5293=CARTESIAN_POINT('Ctrl Pts',(-5.96107404962421,24.8998939620968,-0.11534555124722));
#5294=CARTESIAN_POINT('Ctrl Pts',(-6.5299798490419,24.5054984737379,1.06616564708792));
#5295=CARTESIAN_POINT('Ctrl Pts',(-6.53106051384095,24.5025988632215,2.05829905542756));
#5296=CARTESIAN_POINT('Ctrl Pts',(-6.24552453183888,24.7023560777474,2.84734355596803));
#5297=CARTESIAN_POINT('Ctrl Pts',(-5.78566005239391,24.9765035396429,3.62107833312307));
#5298=CARTESIAN_POINT('Ctrl Pts',(-4.90367377294651,25.3682173616569,4.53534067800257));
#5299=CARTESIAN_POINT('Ctrl Pts',(-3.88919869333426,25.52152252853,5.15796637652249));
#5300=CARTESIAN_POINT('Ctrl Pts',(-3.32048041976751,25.5,5.42203320235735));
#5301=CARTESIAN_POINT('Ctrl Pts',(-2.96151253427849,25.363427176928,-1.62062406981073));
#5302=CARTESIAN_POINT('Ctrl Pts',(-3.45446520641644,25.4151895551909,-1.36688389610335));
#5303=CARTESIAN_POINT('Ctrl Pts',(-4.32745678942472,25.3544147795374,-0.767267143937054));
#5304=CARTESIAN_POINT('Ctrl Pts',(-5.22224846699539,25.072972059483,0.261652882004439));
#5305=CARTESIAN_POINT('Ctrl Pts',(-5.67456492991059,24.8700512253507,1.2443671129704));
#5306=CARTESIAN_POINT('Ctrl Pts',(-5.67286072121547,24.8728095345509,1.9396715430122));
#5307=CARTESIAN_POINT('Ctrl Pts',(-5.44913330157554,24.9699147014332,2.5674988310245));
#5308=CARTESIAN_POINT('Ctrl Pts',(-5.07224150129104,25.1220850936069,3.23400655405982));
#5309=CARTESIAN_POINT('Ctrl Pts',(-4.32770070343675,25.3532734176939,4.08907387118995));
#5310=CARTESIAN_POINT('Ctrl Pts',(-3.45446520641643,25.4151895551909,4.68966918132403));
#5311=CARTESIAN_POINT('Ctrl Pts',(-2.96151253427849,25.363427176928,4.9434093550314));
#5312=CARTESIAN_POINT('Ctrl Pts',(-2.56583493334917,24.8373134254499,-1.09305393523031));
#5313=CARTESIAN_POINT('Ctrl Pts',(-2.93922736837901,24.8908703543387,-0.862485966051679));
#5314=CARTESIAN_POINT('Ctrl Pts',(-3.58346705238474,24.8591862006082,-0.317373458010121));
#5315=CARTESIAN_POINT('Ctrl Pts',(-4.19145835849909,24.6617226597437,0.593601240551692));
#5316=CARTESIAN_POINT('Ctrl Pts',(-4.43944466054788,24.5491331606224,1.38059576505934));
#5317=CARTESIAN_POINT('Ctrl Pts',(-4.43493292966434,24.5541795603799,1.84890096030419));
#5318=CARTESIAN_POINT('Ctrl Pts',(-4.31667573415947,24.6033980883999,2.33230506080582));
#5319=CARTESIAN_POINT('Ctrl Pts',(-4.08728675225779,24.6983475930569,2.88304362752831));
#5320=CARTESIAN_POINT('Ctrl Pts',(-3.58442558603422,24.8575494332377,3.63869229236616));
#5321=CARTESIAN_POINT('Ctrl Pts',(-2.93922736837899,24.8908703543387,4.18527125127236));
#5322=CARTESIAN_POINT('Ctrl Pts',(-2.56583493334917,24.8373134254499,4.41583922045098));
#5323=CARTESIAN_POINT('Ctrl Pts',(-2.34579781112153,24.1730549280037,-0.799671105589009));
#5324=CARTESIAN_POINT('Ctrl Pts',(-2.62245933091589,24.2037874399533,-0.600985754146465));
#5325=CARTESIAN_POINT('Ctrl Pts',(-3.09404214762623,24.1353770176983,-0.132304380109446));
#5326=CARTESIAN_POINT('Ctrl Pts',(-3.51820797306273,23.888329255864,0.653532689504551));
#5327=CARTESIAN_POINT('Ctrl Pts',(-3.67466891752458,23.7127468293683,1.37113248103592));
#5328=CARTESIAN_POINT('Ctrl Pts',(-3.67107044590338,23.7146229384502,1.85511272403357));
#5329=CARTESIAN_POINT('Ctrl Pts',(-3.59729885009885,23.7993673846466,2.30839967304775));
#5330=CARTESIAN_POINT('Ctrl Pts',(-3.44524155055693,23.9311549140397,2.80153236994589));
#5331=CARTESIAN_POINT('Ctrl Pts',(-3.09482869694101,24.134531996618,3.45413771267664));
#5332=CARTESIAN_POINT('Ctrl Pts',(-2.62245933091586,24.2037874399533,3.92377103936715));
#5333=CARTESIAN_POINT('Ctrl Pts',(-2.34579781112152,24.1730549280037,4.12245639080968));
#5334=CARTESIAN_POINT('Ctrl Pts',(-2.29999999998254,23.7243994752564,-0.738607357402767));
#5335=CARTESIAN_POINT('Ctrl Pts',(-2.53257406034347,23.7346730894004,-0.564149162777033));
#5336=CARTESIAN_POINT('Ctrl Pts',(-2.93765410498998,23.6263307227965,-0.153257896143731));
#5337=CARTESIAN_POINT('Ctrl Pts',(-3.32746588163771,23.3130198938084,0.558544319095747));
#5338=CARTESIAN_POINT('Ctrl Pts',(-3.50802720371237,23.0558659108019,1.29927435576999));
#5339=CARTESIAN_POINT('Ctrl Pts',(-3.5069904187194,23.0542574211104,1.90292117128788));
#5340=CARTESIAN_POINT('Ctrl Pts',(-3.41800514064203,23.1841642289497,2.39361991056248));
#5341=CARTESIAN_POINT('Ctrl Pts',(-3.26195197116221,23.3645011586445,2.88316210021171));
#5342=CARTESIAN_POINT('Ctrl Pts',(-2.93784781483211,23.6263228675112,3.47584828745153));
#5343=CARTESIAN_POINT('Ctrl Pts',(-2.53257406034345,23.7346730894004,3.88693444799771));
#5344=CARTESIAN_POINT('Ctrl Pts',(-2.29999999998253,23.7243994752564,4.06139264262343));
#5345=CARTESIAN_POINT('Ctrl Pts',(-2.29999999998254,23.5,-0.738607357402767));
#5346=CARTESIAN_POINT('Ctrl Pts',(-2.51540511718199,23.5,-0.577053519505629));
#5347=CARTESIAN_POINT('Ctrl Pts',(-2.89937565232611,23.3717101366602,-0.196577833626615));
#5348=CARTESIAN_POINT('Ctrl Pts',(-3.2951227531663,23.0249903680266,0.48240276343318));
#5349=CARTESIAN_POINT('Ctrl Pts',(-3.5082617256383,22.7267220044522,1.25092151858185));
#5350=CARTESIAN_POINT('Ctrl Pts',(-3.50888172280315,22.7233134198201,1.93506818183071));
#5351=CARTESIAN_POINT('Ctrl Pts',(-3.40159765070454,22.8760377763435,2.45681933003108));
#5352=CARTESIAN_POINT('Ctrl Pts',(-3.22965861879319,23.0808865552811,2.95321609287147));
#5353=CARTESIAN_POINT('Ctrl Pts',(-2.89917193399419,23.3721456892975,3.51961596324255));
#5354=CARTESIAN_POINT('Ctrl Pts',(-2.51540511718196,23.5,3.89983880472631));
#5355=CARTESIAN_POINT('Ctrl Pts',(-2.29999999998253,23.5,4.06139264262343));
#5356=CARTESIAN_POINT('Origin',(11.5,25.5,-17.3386073573897));
#5357=CARTESIAN_POINT('Origin',(23.5,25.5,1.66139264261034));
#5358=CARTESIAN_POINT('',(1.50000000001455,25.5,24.6613926425812));
#5359=CARTESIAN_POINT('',(-3.49999999997087,25.5,-51.9578252016843));
#5360=CARTESIAN_POINT('',(-3.49999999997088,25.5,-40.8386073573751));
#5361=CARTESIAN_POINT('',(-3.49999999997087,25.5,-64.3386073573605));
#5362=CARTESIAN_POINT('',(-3.49999999997088,25.5,-40.8386073573751));
#5363=CARTESIAN_POINT('',(21.4999999999855,25.5,-64.3386073573605));
#5364=CARTESIAN_POINT('',(6.23753231725227,25.5,-56.5096802572678));
#5365=CARTESIAN_POINT('',(4.59206532636603,25.5,-54.1664945241127));
#5366=CARTESIAN_POINT('Ctrl Pts',(6.23753231726132,25.5,-56.5096802572777));
#5367=CARTESIAN_POINT('Ctrl Pts',(6.23490217456887,25.5,-56.5068167463032));
#5368=CARTESIAN_POINT('Ctrl Pts',(6.23227515693836,25.5,-56.5039535575625));
#5369=CARTESIAN_POINT('Ctrl Pts',(6.22965169396467,25.5,-56.5010911667874));
#5370=CARTESIAN_POINT('Ctrl Pts',(6.20416592607139,25.5,-56.473284322305));
#5371=CARTESIAN_POINT('Ctrl Pts',(6.17901562011246,25.5,-56.4455527838474));
#5372=CARTESIAN_POINT('Ctrl Pts',(6.15416239644038,25.5,-56.4178677615159));
#5373=CARTESIAN_POINT('Ctrl Pts',(6.14173578460433,25.5,-56.4040252503502));
#5374=CARTESIAN_POINT('Ctrl Pts',(6.12938344333999,25.5,-56.3901943682161));
#5375=CARTESIAN_POINT('Ctrl Pts',(6.11710882959988,25.5,-56.3763804593662));
#5376=CARTESIAN_POINT('Ctrl Pts',(6.05573576089934,25.5,-56.3073109151169));
#5377=CARTESIAN_POINT('Ctrl Pts',(5.99630588030449,25.5,-56.2386657029746));
#5378=CARTESIAN_POINT('Ctrl Pts',(5.93876617743055,25.5,-56.1705863107498));
#5379=CARTESIAN_POINT('Ctrl Pts',(5.89273441513141,25.5,-56.1161227969701));
#5380=CARTESIAN_POINT('Ctrl Pts',(5.84791236657365,25.5,-56.0620214079376));
#5381=CARTESIAN_POINT('Ctrl Pts',(5.80430487619452,25.5,-56.0083907261407));
#5382=CARTESIAN_POINT('Ctrl Pts',(5.71708989543624,25.5,-55.9011293625469));
#5383=CARTESIAN_POINT('Ctrl Pts',(5.63473314739242,25.5,-55.7957508278957));
#5384=CARTESIAN_POINT('Ctrl Pts',(5.55715010040607,25.5,-55.6929988305964));
#5385=CARTESIAN_POINT('Ctrl Pts',(5.51835857691289,25.5,-55.6416228319468));
#5386=CARTESIAN_POINT('Ctrl Pts',(5.48076047868408,25.5,-55.5909034676351));
#5387=CARTESIAN_POINT('Ctrl Pts',(5.44434835621935,25.5,-55.5409385313625));
#5388=CARTESIAN_POINT('Ctrl Pts',(5.33511198882515,25.5,-55.391043722545));
#5389=CARTESIAN_POINT('Ctrl Pts',(5.23654940330765,25.5,-55.24793876608));
#5390=CARTESIAN_POINT('Ctrl Pts',(5.14836435066758,25.5,-55.1141669104865));
#5391=CARTESIAN_POINT('Ctrl Pts',(5.08957431557419,25.5,-55.0249856734241));
#5392=CARTESIAN_POINT('Ctrl Pts',(5.03539651731522,25.5,-54.9399524811935));
#5393=CARTESIAN_POINT('Ctrl Pts',(4.98574053591813,25.5,-54.8598371373616));
#5394=CARTESIAN_POINT('Ctrl Pts',(4.91125656382249,25.5,-54.7396641216136));
#5395=CARTESIAN_POINT('Ctrl Pts',(4.84694667966608,25.5,-54.6305562647625));
#5396=CARTESIAN_POINT('Ctrl Pts',(4.79223754580377,25.5,-54.5346141194985));
#5397=CARTESIAN_POINT('Ctrl Pts',(4.77400116784966,25.5,-54.5026334044105));
#5398=CARTESIAN_POINT('Ctrl Pts',(4.75683153992824,25.5,-54.4721155461655));
#5399=CARTESIAN_POINT('Ctrl Pts',(4.74069888678083,25.5,-54.4431220933158));
#5400=CARTESIAN_POINT('Ctrl Pts',(4.70843358048602,25.5,-54.3851351876164));
#5401=CARTESIAN_POINT('Ctrl Pts',(4.68031617328729,25.5,-54.3332459034982));
#5402=CARTESIAN_POINT('Ctrl Pts',(4.65591731084484,25.5,-54.287553114003));
#5403=CARTESIAN_POINT('Ctrl Pts',(4.6315184484024,25.5,-54.2418603245078));
#5404=CARTESIAN_POINT('Ctrl Pts',(4.61083813071624,25.5,-54.2023640296357));
#5405=CARTESIAN_POINT('Ctrl Pts',(4.59206532636603,25.5,-54.1664945241127));
#5406=CARTESIAN_POINT('',(2.6960915545991,25.5,-47.7274434943182));
#5407=CARTESIAN_POINT('Origin',(14.7319826217947,25.5,-47.060954569807));
#5408=CARTESIAN_POINT('',(8.48021154999666,25.5,-34.309777879726));
#5409=CARTESIAN_POINT('',(11.8015701546551,25.5,-26.6050830983391));
#5410=CARTESIAN_POINT('',(12.7261274972673,25.5,-35.7335734004192));
#5411=CARTESIAN_POINT('Ctrl Pts',(8.48021154999666,25.5,-34.309777879726));
#5412=CARTESIAN_POINT('Ctrl Pts',(8.58329323304715,25.5,-34.3094857641989));
#5413=CARTESIAN_POINT('Ctrl Pts',(8.68639512734095,25.5,-34.311428071025));
#5414=CARTESIAN_POINT('Ctrl Pts',(8.78940555836357,25.5,-34.3156019876933));
#5415=CARTESIAN_POINT('Ctrl Pts',(8.89241598938619,25.5,-34.3197759043615));
#5416=CARTESIAN_POINT('Ctrl Pts',(8.99533495713764,25.5,-34.3261814308719));
#5417=CARTESIAN_POINT('Ctrl Pts',(9.09805312055968,25.5,-34.3348138478932));
#5418=CARTESIAN_POINT('Ctrl Pts',(9.1494122022707,25.5,-34.3391300564039));
#5419=CARTESIAN_POINT('Ctrl Pts',(9.20072108289937,25.5,-34.3440029875423));
#5420=CARTESIAN_POINT('Ctrl Pts',(9.25196415416925,25.5,-34.3494315043148));
#5421=CARTESIAN_POINT('Ctrl Pts',(9.32882876107407,25.5,-34.3575742794735));
#5422=CARTESIAN_POINT('Ctrl Pts',(9.40554529692162,25.5,-34.366967122309));
#5423=CARTESIAN_POINT('Ctrl Pts',(9.48207391931499,25.5,-34.3776076823942));
#5424=CARTESIAN_POINT('Ctrl Pts',(9.50758346011279,25.5,-34.381154535756));
#5425=CARTESIAN_POINT('Ctrl Pts',(9.53307212163789,25.5,-34.3848400243677));
#5426=CARTESIAN_POINT('Ctrl Pts',(9.55853684575424,25.5,-34.388663789481));
#5427=CARTESIAN_POINT('Ctrl Pts',(9.59673393192876,25.5,-34.3943994371509));
#5428=CARTESIAN_POINT('Ctrl Pts',(9.63487715893358,25.5,-34.4004462069494));
#5429=CARTESIAN_POINT('Ctrl Pts',(9.67296511608946,25.5,-34.4068042398905));
#5430=CARTESIAN_POINT('Ctrl Pts',(9.68566110180808,25.5,-34.4089235842042));
#5431=CARTESIAN_POINT('Ctrl Pts',(9.69835094643238,25.5,-34.4110775133115));
#5432=CARTESIAN_POINT('Ctrl Pts',(9.71103571306281,25.5,-34.4132662657785));
#5433=CARTESIAN_POINT('Ctrl Pts',(9.73640524632367,25.5,-34.4176437707124));
#5434=CARTESIAN_POINT('Ctrl Pts',(9.76175446760907,25.5,-34.4221605690847));
#5435=CARTESIAN_POINT('Ctrl Pts',(9.7870195069883,25.5,-34.4268049987421));
#5436=CARTESIAN_POINT('Ctrl Pts',(9.79965202667792,25.5,-34.4291272135708));
#5437=CARTESIAN_POINT('Ctrl Pts',(9.81226350089099,25.5,-34.4314813362208));
#5438=CARTESIAN_POINT('Ctrl Pts',(9.8249592157962,25.5,-34.4338866972263));
#5439=CARTESIAN_POINT('Ctrl Pts',(9.86304636051182,25.5,-34.4411027802429));
#5440=CARTESIAN_POINT('Ctrl Pts',(9.90189167145667,25.5,-34.4487800084596));
#5441=CARTESIAN_POINT('Ctrl Pts',(9.94132268550717,25.5,-34.4569103063228));
#5442=CARTESIAN_POINT('Ctrl Pts',(9.9676100282075,25.5,-34.4623305048983));
#5443=CARTESIAN_POINT('Ctrl Pts',(9.99415768339923,25.5,-34.4679520677612));
#5444=CARTESIAN_POINT('Ctrl Pts',(10.0209662579974,25.5,-34.4737915567063));
#5445=CARTESIAN_POINT('Ctrl Pts',(10.0745834071938,25.5,-34.4854705345966));
#5446=CARTESIAN_POINT('Ctrl Pts',(10.1292442340161,25.5,-34.4980212168157));
#5447=CARTESIAN_POINT('Ctrl Pts',(10.1848904243221,25.5,-34.5115317655028));
#5448=CARTESIAN_POINT('Ctrl Pts',(10.2127135194751,25.5,-34.5182870398464));
#5449=CARTESIAN_POINT('Ctrl Pts',(10.2407829554991,25.5,-34.525282280807));
#5450=CARTESIAN_POINT('Ctrl Pts',(10.2690949810441,25.5,-34.532530133358));
#5451=CARTESIAN_POINT('Ctrl Pts',(10.3540310576792,25.5,-34.5542736910109));
#5452=CARTESIAN_POINT('Ctrl Pts',(10.4411504400039,25.5,-34.5782907529771));
#5453=CARTESIAN_POINT('Ctrl Pts',(10.5302546450817,25.5,-34.6048978544135));
#5454=CARTESIAN_POINT('Ctrl Pts',(10.5896574484669,25.5,-34.6226359220377));
#5455=CARTESIAN_POINT('Ctrl Pts',(10.6499423952979,25.5,-34.6415251183154));
#5456=CARTESIAN_POINT('Ctrl Pts',(10.7110569996072,25.5,-34.6616623161523));
#5457=CARTESIAN_POINT('Ctrl Pts',(10.8332862082257,25.5,-34.701936711826));
#5458=CARTESIAN_POINT('Ctrl Pts',(10.9588340467572,25.5,-34.7472031137366));
#5459=CARTESIAN_POINT('Ctrl Pts',(11.087251650651,25.5,-34.7982477690367));
#5460=CARTESIAN_POINT('Ctrl Pts',(11.151460452598,25.5,-34.8237700966868));
#5461=CARTESIAN_POINT('Ctrl Pts',(11.2163866958854,25.5,-34.8507369876843));
#5462=CARTESIAN_POINT('Ctrl Pts',(11.2819817362643,25.5,-34.8792533539474));
#5463=CARTESIAN_POINT('Ctrl Pts',(11.3803742968327,25.5,-34.922027903342));
#5464=CARTESIAN_POINT('Ctrl Pts',(11.4802716508567,25.5,-34.9682887720843));
#5465=CARTESIAN_POINT('Ctrl Pts',(11.5814863810508,25.5,-35.0183880241639));
#5466=CARTESIAN_POINT('Ctrl Pts',(11.6152246244488,25.5,-35.0350877748572));
#5467=CARTESIAN_POINT('Ctrl Pts',(11.6491092429769,25.5,-35.0522140125879));
#5468=CARTESIAN_POINT('Ctrl Pts',(11.6831378296114,25.5,-35.0697829474759));
#5469=CARTESIAN_POINT('Ctrl Pts',(11.7511950028803,25.5,-35.104920817252));
#5470=CARTESIAN_POINT('Ctrl Pts',(11.8198280485748,25.5,-35.1418294756573));
#5471=CARTESIAN_POINT('Ctrl Pts',(11.8889519797814,25.5,-35.1805997892738));
#5472=CARTESIAN_POINT('Ctrl Pts',(11.9235139453847,25.5,-35.199984946082));
#5473=CARTESIAN_POINT('Ctrl Pts',(11.958198632366,25.5,-35.2198355166931));
#5474=CARTESIAN_POINT('Ctrl Pts',(11.9930237664896,25.5,-35.2401813658102));
#5475=CARTESIAN_POINT('Ctrl Pts',(12.045261467675,25.5,-35.2707001394858));
#5476=CARTESIAN_POINT('Ctrl Pts',(12.0978151749307,25.5,-35.3023332897998));
#5477=CARTESIAN_POINT('Ctrl Pts',(12.1505552616229,25.5,-35.3350617979861));
#5478=CARTESIAN_POINT('Ctrl Pts',(12.1681352905203,25.5,-35.3459713007148));
#5479=CARTESIAN_POINT('Ctrl Pts',(12.1857360282439,25.5,-35.3570025098738));
#5480=CARTESIAN_POINT('Ctrl Pts',(12.2033857204533,25.5,-35.3681759210516));
#5481=CARTESIAN_POINT('Ctrl Pts',(12.238685104872,25.5,-35.390522743407));
#5482=CARTESIAN_POINT('Ctrl Pts',(12.2741803072335,25.5,-35.4134383738374));
#5483=CARTESIAN_POINT('Ctrl Pts',(12.3096562282113,25.5,-35.4368039604296));
#5484=CARTESIAN_POINT('Ctrl Pts',(12.3273941887003,25.5,-35.4484867537257));
#5485=CARTESIAN_POINT('Ctrl Pts',(12.3451273288433,25.5,-35.4602820360622));
#5486=CARTESIAN_POINT('Ctrl Pts',(12.3628121748884,25.5,-35.4721628498059));
#5487=CARTESIAN_POINT('Ctrl Pts',(12.3981818669786,25.5,-35.4959244772932));
#5488=CARTESIAN_POINT('Ctrl Pts',(12.4333583826769,25.5,-35.520028230409));
#5489=CARTESIAN_POINT('Ctrl Pts',(12.4682823014578,25.5,-35.544434934189));
#5490=CARTESIAN_POINT('Ctrl Pts',(12.4857442608482,25.5,-35.556638286079));
#5491=CARTESIAN_POINT('Ctrl Pts',(12.5031430710092,25.5,-35.5689173756351));
#5492=CARTESIAN_POINT('Ctrl Pts',(12.5204939845157,25.5,-35.5812821419358));
#5493=CARTESIAN_POINT('Ctrl Pts',(12.5551958115285,25.5,-35.6060116745371));
#5494=CARTESIAN_POINT('Ctrl Pts',(12.5897060519229,25.5,-35.6310839141169));
#5495=CARTESIAN_POINT('Ctrl Pts',(12.6239829351014,25.5,-35.6564692437647));
#5496=CARTESIAN_POINT('Ctrl Pts',(12.6582598182799,25.5,-35.6818545734124));
#5497=CARTESIAN_POINT('Ctrl Pts',(12.6923033442426,25.5,-35.7075529931282));
#5498=CARTESIAN_POINT('Ctrl Pts',(12.7261274972673,25.5,-35.7335734004192));
#5499=CARTESIAN_POINT('',(16.080130901496,25.5,-40.4587762301831));
#5500=CARTESIAN_POINT('Origin',(3.98149915147378,25.5,-45.4935678832755));
#5501=CARTESIAN_POINT('',(15.8826302089028,25.5,-59.3023866388408));
#5502=CARTESIAN_POINT('',(16.1022774485853,25.5,-38.3457663983233));
#5503=CARTESIAN_POINT('',(14.4329421823219,25.5,-57.7878537167684));
#5504=CARTESIAN_POINT('Origin',(16.3882369705365,25.5,-57.3673512896875));
#5505=CARTESIAN_POINT('',(8.5,25.5,-58.4186073573897));
#5506=CARTESIAN_POINT('Origin',(11.5,25.5,-58.4186073573897));
#5507=CARTESIAN_POINT('',(9.22629563925672,25.4999999999997,-56.461500186094));
#5508=CARTESIAN_POINT('Origin',(11.5,25.5,-58.4186073573897));
#5509=CARTESIAN_POINT('Ctrl Pts',(6.23753231725273,25.5,-56.5096802572674));
#5510=CARTESIAN_POINT('Ctrl Pts',(6.56376776449511,25.5,-56.8648620449783));
#5511=CARTESIAN_POINT('Ctrl Pts',(7.02305990476487,25.5,-57.0945579421276));
#5512=CARTESIAN_POINT('Ctrl Pts',(7.50214390636579,25.5,-57.145468853169));
#5513=CARTESIAN_POINT('Ctrl Pts',(7.8215332407664,25.5,-57.1794094605299));
#5514=CARTESIAN_POINT('Ctrl Pts',(8.14971895798086,25.5,-57.133890074065));
#5515=CARTESIAN_POINT('Ctrl Pts',(8.44847329712813,25.5,-57.0153315216087));
#5516=CARTESIAN_POINT('Ctrl Pts',(8.74722763627539,25.5,-56.8967729691523));
#5517=CARTESIAN_POINT('Ctrl Pts',(9.01655059735546,25.5,-56.7051752507045));
#5518=CARTESIAN_POINT('Ctrl Pts',(9.22629563925672,25.5,-56.461500186094));
#5519=CARTESIAN_POINT('Origin',(23.5,23.5,1.66139264261034));
#5520=CARTESIAN_POINT('',(25.2999999999825,23.5,-0.738607357402761));
#5521=CARTESIAN_POINT('Origin',(26.4999999999709,23.5,-2.33860735741149));
#5522=CARTESIAN_POINT('',(20.5,23.5,1.66139264261034));
#5523=CARTESIAN_POINT('Origin',(23.5,23.5,1.66139264261034));
#5524=CARTESIAN_POINT('',(25.2999999999825,23.5,4.06139264262344));
#5525=CARTESIAN_POINT('Origin',(23.5,23.5,1.66139264261034));
#5526=CARTESIAN_POINT('Origin',(26.4999999999709,23.5,5.66139264263217));
#5527=CARTESIAN_POINT('Ctrl Pts',(26.4999999999709,25.5,5.66139264263216));
#5528=CARTESIAN_POINT('Ctrl Pts',(27.098347547747,25.5,5.39213624613698));
#5529=CARTESIAN_POINT('Ctrl Pts',(28.1646337881438,25.2869812653999,4.75843862850123));
#5530=CARTESIAN_POINT('Ctrl Pts',(29.0821299677141,24.8019752584598,3.81429171008074));
#5531=CARTESIAN_POINT('Ctrl Pts',(29.5599441985576,24.4602457899626,2.98713585043901));
#5532=CARTESIAN_POINT('Ctrl Pts',(29.8577189259146,24.2064263431126,2.11727305712459));
#5533=CARTESIAN_POINT('Ctrl Pts',(29.8567346016401,24.2094765430707,0.977427742803522));
#5534=CARTESIAN_POINT('Ctrl Pts',(29.2640890265609,24.7086993060556,-0.303587282969832));
#5535=CARTESIAN_POINT('Ctrl Pts',(28.1649560314811,25.2858022404824,-1.43523445474969));
#5536=CARTESIAN_POINT('Ctrl Pts',(27.0983475477471,25.5,-2.0693509609163));
#5537=CARTESIAN_POINT('Ctrl Pts',(26.4999999999709,25.5,-2.33860735741149));
#5538=CARTESIAN_POINT('Ctrl Pts',(26.3204804197675,25.5,5.42203320235735));
#5539=CARTESIAN_POINT('Ctrl Pts',(26.8891986933343,25.52152252853,5.15796637652248));
#5540=CARTESIAN_POINT('Ctrl Pts',(27.9040401058156,25.3683009935428,4.53532910273514));
#5541=CARTESIAN_POINT('Ctrl Pts',(28.7855246240569,24.9768138372162,3.62106014425306));
#5542=CARTESIAN_POINT('Ctrl Pts',(29.2455768178553,24.7024969132605,2.84741069747713));
#5543=CARTESIAN_POINT('Ctrl Pts',(29.530930207335,24.5030925059373,2.05818829634259));
#5544=CARTESIAN_POINT('Ctrl Pts',(29.5303397313361,24.5044951507246,1.06605007285782));
#5545=CARTESIAN_POINT('Ctrl Pts',(28.961006672291,24.9001281142162,-0.11533938076028));
#5546=CARTESIAN_POINT('Ctrl Pts',(27.9041420599778,25.3678703642111,-1.21268011892757));
#5547=CARTESIAN_POINT('Ctrl Pts',(26.8891986933342,25.52152252853,-1.83518109130181));
#5548=CARTESIAN_POINT('Ctrl Pts',(26.3204804197675,25.5,-2.09924791713668));
#5549=CARTESIAN_POINT('Ctrl Pts',(25.961516448175,25.3634047323671,4.94341457356003));
#5550=CARTESIAN_POINT('Ctrl Pts',(26.4544691203129,25.4151671106299,4.68967439985262));
#5551=CARTESIAN_POINT('Ctrl Pts',(27.3279276821061,25.3533309496961,4.08903054653092));
#5552=CARTESIAN_POINT('Ctrl Pts',(28.0722199802494,25.1219137897106,3.23425573756768));
#5553=CARTESIAN_POINT('Ctrl Pts',(28.4491376884278,24.9698927845579,2.56765883974413));
#5554=CARTESIAN_POINT('Ctrl Pts',(28.6730755035162,24.8723820169547,1.93987357430483));
#5555=CARTESIAN_POINT('Ctrl Pts',(28.6741826346634,24.8704488986101,1.24390408369234));
#5556=CARTESIAN_POINT('Ctrl Pts',(28.2222855044339,25.0728368639448,0.261730111112104));
#5557=CARTESIAN_POINT('Ctrl Pts',(27.3273085846232,25.3544761780217,-0.767408472378271));
#5558=CARTESIAN_POINT('Ctrl Pts',(26.4544691203129,25.4151671106299,-1.36688911463199));
#5559=CARTESIAN_POINT('Ctrl Pts',(25.961516448175,25.3634047323671,-1.62062928833936));
#5560=CARTESIAN_POINT('Ctrl Pts',(25.5658383564157,24.8373051149287,4.41584378453973));
#5561=CARTESIAN_POINT('Ctrl Pts',(25.9392307914456,24.8908620438175,4.18527581536104));
#5562=CARTESIAN_POINT('Ctrl Pts',(26.5845910886284,24.8576254455685,3.63865159016203));
#5563=CARTESIAN_POINT('Ctrl Pts',(27.0875667018084,24.6980006990004,2.88340057368623));
#5564=CARTESIAN_POINT('Ctrl Pts',(27.3167659714171,24.6033448077792,2.33249870201572));
#5565=CARTESIAN_POINT('Ctrl Pts',(27.4356220580788,24.5534178287911,1.84924277211475));
#5566=CARTESIAN_POINT('Ctrl Pts',(27.4383310043938,24.5501735005849,1.3799045643882));
#5567=CARTESIAN_POINT('Ctrl Pts',(27.1916930879514,24.6614708964063,0.593686154341126));
#5568=CARTESIAN_POINT('Ctrl Pts',(26.5831766900629,24.8594052999956,-0.317564711112353));
#5569=CARTESIAN_POINT('Ctrl Pts',(25.9392307914455,24.8908620438175,-0.862490530140439));
#5570=CARTESIAN_POINT('Ctrl Pts',(25.5658383564157,24.8373051149287,-1.09305849931905));
#5571=CARTESIAN_POINT('Ctrl Pts',(25.3458013467863,24.1730466013008,4.12246110502932));
#5572=CARTESIAN_POINT('Ctrl Pts',(25.6224628665807,24.2037791132503,3.9237757535867));
#5573=CARTESIAN_POINT('Ctrl Pts',(26.094927553702,24.1345695042059,3.45413298822511));
#5574=CARTESIAN_POINT('Ctrl Pts',(26.4454833455229,23.931021344757,2.80173352247935));
#5575=CARTESIAN_POINT('Ctrl Pts',(26.5973629256959,23.7993484873162,2.30853597665627));
#5576=CARTESIAN_POINT('Ctrl Pts',(26.6716223800683,23.7143279917609,1.85529525969353));
#5577=CARTESIAN_POINT('Ctrl Pts',(26.6737450349511,23.7130007154872,1.37068287954499));
#5578=CARTESIAN_POINT('Ctrl Pts',(26.5184009471612,23.8882406535756,0.653581042628638));
#5579=CARTESIAN_POINT('Ctrl Pts',(26.093804686534,24.1354205972324,-0.132440244994284));
#5580=CARTESIAN_POINT('Ctrl Pts',(25.6224628665806,24.2037791132503,-0.60099046836612));
#5581=CARTESIAN_POINT('Ctrl Pts',(25.3458013467862,24.1730466013008,-0.799675819808643));
#5582=CARTESIAN_POINT('Ctrl Pts',(25.2999999999825,23.7243994752564,4.06139264262344));
#5583=CARTESIAN_POINT('Ctrl Pts',(25.5325740603436,23.7346730894004,3.88693444799762));
#5584=CARTESIAN_POINT('Ctrl Pts',(25.9379151369335,23.6263940263423,3.47585679829858));
#5585=CARTESIAN_POINT('Ctrl Pts',(26.2619740339071,23.3646800183207,2.88318126275056));
#5586=CARTESIAN_POINT('Ctrl Pts',(26.4179976688254,23.1842584491266,2.39368699820073));
#5587=CARTESIAN_POINT('Ctrl Pts',(26.5071297648736,23.0545370771969,1.9029021238271));
#5588=CARTESIAN_POINT('Ctrl Pts',(26.5077465515961,23.0552863907796,1.29921517952782));
#5589=CARTESIAN_POINT('Ctrl Pts',(26.3275011194082,23.313157188807,0.558578233817492));
#5590=CARTESIAN_POINT('Ctrl Pts',(25.9375596468565,23.6262042714532,-0.153292012351549));
#5591=CARTESIAN_POINT('Ctrl Pts',(25.5325740603434,23.7346730894004,-0.564149162777047));
#5592=CARTESIAN_POINT('Ctrl Pts',(25.2999999999825,23.7243994752564,-0.73860735740276));
#5593=CARTESIAN_POINT('Ctrl Pts',(25.2999999999825,23.5,4.06139264262344));
#5594=CARTESIAN_POINT('Ctrl Pts',(25.5154051171821,23.5,3.89983880472622));
#5595=CARTESIAN_POINT('Ctrl Pts',(25.8992681637248,23.3721887592399,3.51962023414488));
#5596=CARTESIAN_POINT('Ctrl Pts',(26.2295667883701,23.0811851550759,2.95313208309253));
#5597=CARTESIAN_POINT('Ctrl Pts',(26.4015799114738,22.8761474739776,2.45683856730751));
#5598=CARTESIAN_POINT('Ctrl Pts',(26.5087788133223,22.7238558058676,1.93492089131887));
#5599=CARTESIAN_POINT('Ctrl Pts',(26.5084244565835,22.7256859258424,1.25101370272624));
#5600=CARTESIAN_POINT('Ctrl Pts',(26.2950720495549,23.0252195836334,0.482404687262227));
#5601=CARTESIAN_POINT('Ctrl Pts',(25.8993841713262,23.3714813442894,-0.19658361580568));
#5602=CARTESIAN_POINT('Ctrl Pts',(25.515405117182,23.5,-0.577053519505642));
#5603=CARTESIAN_POINT('Ctrl Pts',(25.2999999999825,23.5,-0.73860735740276));
#5604=CARTESIAN_POINT('Ctrl Pts',(25.2999999999825,23.5,4.06139264262344));
#5605=CARTESIAN_POINT('Ctrl Pts',(25.5154051171821,23.5,3.89983880472622));
#5606=CARTESIAN_POINT('Ctrl Pts',(25.8992681637248,23.3721887592399,3.51962023414488));
#5607=CARTESIAN_POINT('Ctrl Pts',(26.2295667883701,23.0811851550759,2.95313208309253));
#5608=CARTESIAN_POINT('Ctrl Pts',(26.4015799114738,22.8761474739776,2.45683856730751));
#5609=CARTESIAN_POINT('Ctrl Pts',(26.5087788133223,22.7238558058676,1.93492089131887));
#5610=CARTESIAN_POINT('Ctrl Pts',(26.5084244565835,22.7256859258424,1.25101370272624));
#5611=CARTESIAN_POINT('Ctrl Pts',(26.2950720495549,23.0252195836334,0.482404687262227));
#5612=CARTESIAN_POINT('Ctrl Pts',(25.8993841713262,23.3714813442894,-0.19658361580568));
#5613=CARTESIAN_POINT('Ctrl Pts',(25.515405117182,23.5,-0.577053519505642));
#5614=CARTESIAN_POINT('Ctrl Pts',(25.2999999999825,23.5,-0.73860735740276));
#5615=CARTESIAN_POINT('Origin',(23.5,25.5,1.66139264261034));
#5616=CARTESIAN_POINT('',(20.5,17.5,1.66139264261034));
#5617=CARTESIAN_POINT('Origin',(23.5,17.5,1.66139264261034));
#5618=CARTESIAN_POINT('',(20.5,25.5,1.66139264261034));
#5619=CARTESIAN_POINT('Origin',(16.3882369705365,35.,-57.3673512896875));
#5620=CARTESIAN_POINT('',(14.4329421823219,35.,-57.7878537167684));
#5621=CARTESIAN_POINT('',(15.8826302089028,35.,-59.3023866388408));
#5622=CARTESIAN_POINT('Origin',(16.3882369705365,35.,-57.3673512896875));
#5623=CARTESIAN_POINT('',(14.4329421823219,35.,-57.7878537167684));
#5624=CARTESIAN_POINT('',(15.8826302089028,35.,-59.3023866388408));
#5625=CARTESIAN_POINT('Ctrl Pts',(9.22629563925672,35.,-56.461500186094));
#5626=CARTESIAN_POINT('Ctrl Pts',(9.22629563925672,31.8333333333342,-56.461500186094));
#5627=CARTESIAN_POINT('Ctrl Pts',(9.22629563925672,28.6666666666666,-56.461500186094));
#5628=CARTESIAN_POINT('Ctrl Pts',(9.22629563925672,25.4999999999997,-56.461500186094));
#5629=CARTESIAN_POINT('Ctrl Pts',(9.01655059735546,35.,-56.7051752507045));
#5630=CARTESIAN_POINT('Ctrl Pts',(9.01655059735546,31.8333333333342,-56.7051752507045));
#5631=CARTESIAN_POINT('Ctrl Pts',(9.01655059735546,28.6666666666666,-56.7051752507045));
#5632=CARTESIAN_POINT('Ctrl Pts',(9.01655059735546,25.4999999999997,-56.7051752507045));
#5633=CARTESIAN_POINT('Ctrl Pts',(8.47790467519533,35.,-57.0883706876001));
#5634=CARTESIAN_POINT('Ctrl Pts',(8.47790467519533,31.8333333333342,-57.0883706876001));
#5635=CARTESIAN_POINT('Ctrl Pts',(8.47790467519533,28.6666666666666,-57.0883706876001));
#5636=CARTESIAN_POINT('Ctrl Pts',(8.47790467519533,25.4999999999997,-57.0883706876001));
#5637=CARTESIAN_POINT('Ctrl Pts',(7.32925466494471,35.,-57.2476885402272));
#5638=CARTESIAN_POINT('Ctrl Pts',(7.32925466494471,31.8333333333342,-57.2476885402272));
#5639=CARTESIAN_POINT('Ctrl Pts',(7.32925466494471,28.6666666666666,-57.2476885402272));
#5640=CARTESIAN_POINT('Ctrl Pts',(7.32925466494471,25.4999999999997,-57.2476885402272));
#5641=CARTESIAN_POINT('Ctrl Pts',(6.56376776449511,35.,-56.8648620449783));
#5642=CARTESIAN_POINT('Ctrl Pts',(6.56376776449511,31.8333333333342,-56.8648620449783));
#5643=CARTESIAN_POINT('Ctrl Pts',(6.56376776449511,28.6666666666666,-56.8648620449783));
#5644=CARTESIAN_POINT('Ctrl Pts',(6.56376776449511,25.4999999999997,-56.8648620449783));
#5645=CARTESIAN_POINT('Ctrl Pts',(6.23753231725273,35.,-56.5096802572674));
#5646=CARTESIAN_POINT('Ctrl Pts',(6.23753231725273,31.8333333333342,-56.5096802572674));
#5647=CARTESIAN_POINT('Ctrl Pts',(6.23753231725273,28.6666666666666,-56.5096802572674));
#5648=CARTESIAN_POINT('Ctrl Pts',(6.23753231725273,25.4999999999997,-56.5096802572674));
#5649=CARTESIAN_POINT('',(9.22629563925672,35.,-56.461500186094));
#5650=CARTESIAN_POINT('Ctrl Pts',(9.22629563925672,25.4999999999997,-56.461500186094));
#5651=CARTESIAN_POINT('Ctrl Pts',(9.22629563925672,28.6666666666666,-56.461500186094));
#5652=CARTESIAN_POINT('Ctrl Pts',(9.22629563925672,31.8333333333342,-56.461500186094));
#5653=CARTESIAN_POINT('Ctrl Pts',(9.22629563925672,35.,-56.461500186094));
#5654=CARTESIAN_POINT('',(6.23753231725226,35.,-56.5096802572678));
#5655=CARTESIAN_POINT('Ctrl Pts',(9.22629563925672,35.,-56.461500186094));
#5656=CARTESIAN_POINT('Ctrl Pts',(9.01655059735546,35.,-56.7051752507045));
#5657=CARTESIAN_POINT('Ctrl Pts',(8.74722763627539,35.,-56.8967729691523));
#5658=CARTESIAN_POINT('Ctrl Pts',(8.44847329712813,35.,-57.0153315216087));
#5659=CARTESIAN_POINT('Ctrl Pts',(8.14971895798086,35.,-57.133890074065));
#5660=CARTESIAN_POINT('Ctrl Pts',(7.8215332407664,35.,-57.1794094605299));
#5661=CARTESIAN_POINT('Ctrl Pts',(7.50214390636579,35.,-57.145468853169));
#5662=CARTESIAN_POINT('Ctrl Pts',(7.02305990476487,35.,-57.0945579421276));
#5663=CARTESIAN_POINT('Ctrl Pts',(6.56376776449511,35.,-56.8648620449783));
#5664=CARTESIAN_POINT('Ctrl Pts',(6.23753231725273,35.,-56.5096802572674));
#5665=CARTESIAN_POINT('Ctrl Pts',(6.23753231725273,35.,-56.5096802572674));
#5666=CARTESIAN_POINT('Ctrl Pts',(6.23753231725273,31.8333333333342,-56.5096802572674));
#5667=CARTESIAN_POINT('Ctrl Pts',(6.23753231725273,28.6666666666666,-56.5096802572674));
#5668=CARTESIAN_POINT('Ctrl Pts',(6.23753231725273,25.4999999999997,-56.5096802572674));
#5669=CARTESIAN_POINT('Origin',(11.5,25.5,-58.4186073573897));
#5670=CARTESIAN_POINT('',(8.5,17.5,-58.4186073573897));
#5671=CARTESIAN_POINT('Origin',(11.5,17.5,-58.4186073573897));
#5672=CARTESIAN_POINT('',(8.5,25.5,-58.4186073573897));
#5673=CARTESIAN_POINT('Origin',(11.5,35.,-58.4186073573897));
#5674=CARTESIAN_POINT('Origin',(-10.3247561153864,27.,-48.3386073573897));
#5675=CARTESIAN_POINT('',(-20.6495122307728,27.,-51.4546019499166));
#5676=CARTESIAN_POINT('',(-15.2982738123981,27.,-51.4546019499166));
#5677=CARTESIAN_POINT('',(-20.6495122307728,27.,-64.8386073573897));
#5678=CARTESIAN_POINT('',(-20.6495122307728,27.,-40.3144989651336));
#5679=CARTESIAN_POINT('',(-25.4871341730796,27.,-64.8386073573897));
#5680=CARTESIAN_POINT('Origin',(-15.,14.5,-55.0926406649748));
#5681=CARTESIAN_POINT('',(-10.0309525403408,14.5,-55.6481290479807));
#5682=CARTESIAN_POINT('Origin',(-15.,16.1557910859282,-55.0926406649748));
#5683=CARTESIAN_POINT('',(-13.75,19.5,-59.9338698477341));
#5684=CARTESIAN_POINT('Origin',(-15.,19.5,-55.0926406649748));
#5685=CARTESIAN_POINT('',(-13.75,14.5,-59.9338698477341));
#5686=CARTESIAN_POINT('',(-13.75,14.5,-59.9338698477341));
#5687=CARTESIAN_POINT('Origin',(-15.,14.5,-55.0926406649748));
#5688=CARTESIAN_POINT('Origin',(-22.0747561153718,41.7236641039588,-46.5150751976971));
#5689=CARTESIAN_POINT('',(-38.1495122307728,47.6361213941427,-44.5315512086946));
#5690=CARTESIAN_POINT('',(-20.6495122307728,29.5322620988147,-50.6050731714543));
#5691=CARTESIAN_POINT('Origin',(-17.2121914674394,49.173223635378,-44.0158808166054));
#5692=CARTESIAN_POINT('',(-38.1495122307728,68.311206813775,-37.5954287317333));
#5693=CARTESIAN_POINT('',(-38.1495122307728,68.311206813775,-37.5954287317333));
#5694=CARTESIAN_POINT('',(-40.6495122307728,68.3112068137749,-37.5954287317333));
#5695=CARTESIAN_POINT('',(-31.3621341730723,68.311206813775,-37.5954287317333));
#5696=CARTESIAN_POINT('',(-40.6495122307728,47.,-44.7449585930142));
#5697=CARTESIAN_POINT('',(-40.6495122307728,83.5413834741049,-32.4859760490616));
#5698=CARTESIAN_POINT('Origin',(-20.6495122307728,47.,-44.7449585930142));
#5699=CARTESIAN_POINT('',(-8.49999999997087,14.5,-55.6481290479807));
#5700=CARTESIAN_POINT('',(-4.3858957547049,14.5,-55.6481290479807));
#5701=CARTESIAN_POINT('',(-8.49999999997087,20.5,-53.6352360409099));
#5702=CARTESIAN_POINT('',(-8.49999999997087,13.7800340791873,-55.8896647758695));
#5703=CARTESIAN_POINT('Origin',(-3.49999999997087,20.5,-53.6352360409099));
#5704=CARTESIAN_POINT('',(-3.49999999997087,29.5322620988147,-50.6050731714543));
#5705=CARTESIAN_POINT('',(-3.49999999997089,1.82899596033812,-59.8990249519807));
#5706=CARTESIAN_POINT('',(-20.6495122307728,29.5322620988147,-50.6050731714543));
#5707=CARTESIAN_POINT('Origin',(-3.49999999997087,28.896140704672,-48.7089324667823));
#5708=CARTESIAN_POINT('',(-3.49999999997087,26.9877765222438,-43.0205103527664));
#5709=CARTESIAN_POINT('',(-3.49999999997087,26.9877765222438,-43.0205103527664));
#5710=CARTESIAN_POINT('',(-3.49999999997087,28.896140704672,-48.7089324667823));
#5711=CARTESIAN_POINT('Origin',(-20.6495122307728,28.896140704672,-48.7089324667823));
#5712=CARTESIAN_POINT('',(-20.6495122307728,27.,-43.0569459041244));
#5713=CARTESIAN_POINT('',(-15.4871341730796,27.,-43.0569459041244));
#5714=CARTESIAN_POINT('',(-20.6495122307728,28.896140704672,-48.7089324667823));
#5715=CARTESIAN_POINT('',(-20.6495122307728,26.9877765222438,-43.0205103527664));
#5716=CARTESIAN_POINT('Origin',(-22.0747561153718,39.1791785273879,-38.9305123790093));
#5717=CARTESIAN_POINT('',(-40.6495122307728,47.,-36.3067662370477));
#5718=CARTESIAN_POINT('',(-20.7272752035949,27.0001511775699,-43.0163588765712));
#5719=CARTESIAN_POINT('Origin',(-20.6495122307728,47.,-36.3067662370477));
#5720=CARTESIAN_POINT('',(-40.6495122307728,65.766721237204,-30.0108659130454));
#5721=CARTESIAN_POINT('',(-40.6495122307728,80.996897897534,-24.9014132303737));
#5722=CARTESIAN_POINT('',(-38.1495122307728,65.766721237204,-30.0108659130454));
#5723=CARTESIAN_POINT('',(-31.3621341730723,65.766721237204,-30.0108659130454));
#5724=CARTESIAN_POINT('',(-38.1495122307728,45.0916358175718,-36.9469883900067));
#5725=CARTESIAN_POINT('',(-38.1495122307728,65.766721237204,-30.0108659130454));
#5726=CARTESIAN_POINT('Origin',(-17.2121914674394,46.6287380588071,-36.4313179979175));
#5727=CARTESIAN_POINT('Origin',(-22.0747561153718,39.1791785273879,-38.9305123790093));
#5728=CARTESIAN_POINT('',(-8.49999999997087,14.5,-47.2099366920141));
#5729=CARTESIAN_POINT('',(-8.49999999997088,24.2570660398076,-43.9366150251714));
#5730=CARTESIAN_POINT('',(-5.28737805768591,14.5,-47.2099366920141));
#5731=CARTESIAN_POINT('Origin',(-17.2121914674394,48.5371022412353,-42.1197401119334));
#5732=CARTESIAN_POINT('Ctrl Pts',(-20.7272752035949,27.0001511775699,-43.0163588765712));
#5733=CARTESIAN_POINT('Ctrl Pts',(-20.7013580546261,27.0000504070807,-43.0298930319647));
#5734=CARTESIAN_POINT('Ctrl Pts',(-20.675435113216,27.,-43.0434229627275));
#5735=CARTESIAN_POINT('Ctrl Pts',(-20.6495122307728,27.,-43.0569459041244));
#5736=CARTESIAN_POINT('',(-38.1495122307728,47.,-42.6354105040226));
#5737=CARTESIAN_POINT('Origin',(-38.1495122307728,67.6750854196322,-35.6992880270613));
#5738=CARTESIAN_POINT('',(-38.1495122307728,65.5281757144005,-29.2998131487934));
#5739=CARTESIAN_POINT('Origin',(-3.49999999997088,20.5,-40.8386073573751));
#5740=CARTESIAN_POINT('',(-8.49999999997087,20.5,-64.3386073573605));
#5741=CARTESIAN_POINT('',(-8.49999999997088,20.5,-40.8386073573751));
#5742=CARTESIAN_POINT('Origin',(-3.49999999997087,20.5,-64.3386073573606));
#5743=CARTESIAN_POINT('Origin',(-8.49999999997087,14.5,-64.3386073573605));
#5744=CARTESIAN_POINT('',(-8.49999999997091,14.5,29.6613926425812));
#5745=CARTESIAN_POINT('',(-8.49999999997091,14.5,29.6613926425812));
#5746=CARTESIAN_POINT('',(-8.49999999997088,14.5,-40.8386073573751));
#5747=CARTESIAN_POINT('Origin',(-8.49999999997087,14.5,-64.3386073573605));
#5748=CARTESIAN_POINT('',(-8.49999999997087,14.5,-64.3386073573605));
#5749=CARTESIAN_POINT('',(-8.49999999997088,14.5,-40.8386073573751));
#5750=CARTESIAN_POINT('',(-8.49999999997087,14.5,-64.3386073573605));
#5751=CARTESIAN_POINT('Origin',(11.5,14.5,-17.3386073573897));
#5752=CARTESIAN_POINT('',(-13.,14.5,-65.8386073573896));
#5753=CARTESIAN_POINT('Origin',(-13.,14.5,-62.8386073573897));
#5754=CARTESIAN_POINT('',(36.,14.5,-65.8386073573896));
#5755=CARTESIAN_POINT('',(-13.,14.5,-65.8386073573896));
#5756=CARTESIAN_POINT('',(36.75,14.5,-59.9338698477341));
#5757=CARTESIAN_POINT('Origin',(36.,14.5,-62.8386073573896));
#5758=CARTESIAN_POINT('',(33.,14.5,-55.0926406649748));
#5759=CARTESIAN_POINT('Origin',(38.,14.5,-55.0926406649748));
#5760=CARTESIAN_POINT('',(33.,14.5,31.1613926426103));
#5761=CARTESIAN_POINT('',(33.,14.5,-65.8386073573896));
#5762=CARTESIAN_POINT('Origin',(11.5,14.5,-4.35944069072302));
#5763=CARTESIAN_POINT('',(31.4999999999709,14.5,29.6613926425812));
#5764=CARTESIAN_POINT('',(1.50000000001455,14.5,29.6613926425812));
#5765=CARTESIAN_POINT('',(31.4999999999709,14.5,-64.3386073573605));
#5766=CARTESIAN_POINT('',(31.4999999999709,14.5,6.16139264259578));
#5767=CARTESIAN_POINT('',(21.4999999999855,14.5,-64.3386073573605));
#5768=CARTESIAN_POINT('',(12.8,14.5,34.1613926426103));
#5769=CARTESIAN_POINT('Origin',(11.5,14.5,34.1613926426103));
#5770=CARTESIAN_POINT('',(37.3,14.5,-62.8386073573896));
#5771=CARTESIAN_POINT('Origin',(36.,14.5,-62.8386073573896));
#5772=CARTESIAN_POINT('',(-11.7,14.5,-62.8386073573897));
#5773=CARTESIAN_POINT('Origin',(-13.,14.5,-62.8386073573897));
#5774=CARTESIAN_POINT('Origin',(-40.6495122307728,130.,-32.2903905728775));
#5775=CARTESIAN_POINT('',(-40.6495122307728,47.,-26.1901845485184));
#5776=CARTESIAN_POINT('',(-40.6495122307728,47.,-40.3144989651336));
#5777=CARTESIAN_POINT('',(-40.6495122307728,113.,-4.0483614707404));
#5778=CARTESIAN_POINT('',(-40.6495122307728,125.04104214718,-0.00880654809015196));
#5779=CARTESIAN_POINT('',(-40.6495122307728,113.,-36.9388133817488));
#5780=CARTESIAN_POINT('',(-40.6495122307728,113.,-16.4232938043992));
#5781=CARTESIAN_POINT('',(-40.6495122307728,47.,-59.0806364595268));
#5782=CARTESIAN_POINT('',(-40.6495122307728,79.6819393029286,-48.1164286127976));
#5783=CARTESIAN_POINT('',(-40.6495122307728,47.,-40.3144989651336));
#5784=CARTESIAN_POINT('',(-40.6495122307728,71.9689048300956,-48.4982377835971));
#5785=CARTESIAN_POINT('',(-40.6495122307728,68.1666849893464,-37.1646403373551));
#5786=CARTESIAN_POINT('',(-40.6495122307728,96.6187339908312,-40.2286596597417));
#5787=CARTESIAN_POINT('',(-40.6495122307728,100.492852845334,-38.9289618679435));
#5788=CARTESIAN_POINT('',(-40.6495122307728,88.0310951699044,-14.6307601466701));
#5789=CARTESIAN_POINT('',(-40.6495122307728,97.1103335605454,-41.6940119700354));
#5790=CARTESIAN_POINT('',(-40.6495122307728,63.3812660091688,-22.9003382705255));
#5791=CARTESIAN_POINT('',(-40.6495122307728,104.230128604775,-9.19627329294423));
#5792=CARTESIAN_POINT('',(-40.6495122307728,68.1666849893464,-37.1646403373551));
#5793=CARTESIAN_POINT('Origin',(-10.3247561153864,27.,-48.3386073573897));
#5794=CARTESIAN_POINT('',(-20.6495122307728,27.,-31.8386073573897));
#5795=CARTESIAN_POINT('',(0.8376219423068,27.,-31.8386073573897));
#5796=CARTESIAN_POINT('',(-20.6495122307728,27.,-40.3144989651336));
#5797=CARTESIAN_POINT('Origin',(-20.6495122307728,47.,-40.3144989651336));
#5798=CARTESIAN_POINT('',(-29.2284386828827,28.9334004049105,-64.8386073573897));
#5799=CARTESIAN_POINT('Origin',(-20.6495122307728,47.,-59.0806364595268));
#5800=CARTESIAN_POINT('Origin',(-20.6495122307728,47.,-64.8386073573897));
#5801=CARTESIAN_POINT('Origin',(-38.6495122307728,66.3251734925128,-24.4441675128678));
#5802=CARTESIAN_POINT('',(-38.6495122307728,66.3251734925128,-25.2441675128678));
#5803=CARTESIAN_POINT('Origin',(-38.6495122307728,66.3251734925128,-24.4441675128678));
#5804=CARTESIAN_POINT('',(-36.6495122307728,66.3251734925128,-25.2441675128678));
#5805=CARTESIAN_POINT('',(-38.6495122307728,66.3251734925128,-25.2441675128678));
#5806=CARTESIAN_POINT('Origin',(-36.6495122307728,66.3251734925128,-24.4441675128678));
#5807=CARTESIAN_POINT('Origin',(-36.6495122307728,66.3251734925128,-24.4441675128678));
#5808=CARTESIAN_POINT('Origin',(-38.6495122307728,86.6138790325029,-17.6376685955406));
#5809=CARTESIAN_POINT('',(-38.6495122307728,86.6138790325029,-18.4376685955406));
#5810=CARTESIAN_POINT('Origin',(-38.6495122307728,86.6138790325029,-17.6376685955406));
#5811=CARTESIAN_POINT('',(-36.6495122307728,86.6138790325029,-18.4376685955406));
#5812=CARTESIAN_POINT('',(-38.6495122307728,86.6138790325029,-18.4376685955406));
#5813=CARTESIAN_POINT('Origin',(-36.6495122307728,86.6138790325029,-17.6376685955406));
#5814=CARTESIAN_POINT('Origin',(-36.6495122307728,86.6138790325029,-17.6376685955406));
#5815=CARTESIAN_POINT('Origin',(-38.6495122307728,93.6748265074872,-38.6848304173994));
#5816=CARTESIAN_POINT('',(-38.6495122307728,93.6748265074872,-39.4848304173994));
#5817=CARTESIAN_POINT('Origin',(-38.6495122307728,93.6748265074872,-38.6848304173994));
#5818=CARTESIAN_POINT('',(-36.6495122307728,93.6748265074872,-39.4848304173994));
#5819=CARTESIAN_POINT('',(-38.6495122307728,93.6748265074872,-39.4848304173994));
#5820=CARTESIAN_POINT('Origin',(-36.6495122307728,93.6748265074872,-38.6848304173994));
#5821=CARTESIAN_POINT('Origin',(-36.6495122307728,93.6748265074872,-38.6848304173994));
#5822=CARTESIAN_POINT('Origin',(-38.6495122307728,73.3861209674971,-45.4913293347266));
#5823=CARTESIAN_POINT('',(-38.6495122307728,73.3861209674971,-46.2913293347266));
#5824=CARTESIAN_POINT('Origin',(-38.6495122307728,73.3861209674971,-45.4913293347266));
#5825=CARTESIAN_POINT('',(-36.6495122307728,73.3861209674971,-46.2913293347266));
#5826=CARTESIAN_POINT('',(-38.6495122307728,73.3861209674971,-46.2913293347266));
#5827=CARTESIAN_POINT('Origin',(-36.6495122307728,73.3861209674971,-45.4913293347266));
#5828=CARTESIAN_POINT('Origin',(-36.6495122307728,73.3861209674971,-45.4913293347266));
#5829=CARTESIAN_POINT('Origin',(-37.1495122307728,73.3861209674971,-45.4913293347266));
#5830=CARTESIAN_POINT('',(-38.6495122307728,73.3861209674971,-47.4913293347266));
#5831=CARTESIAN_POINT('Origin',(-38.6495122307728,73.3861209674971,-45.4913293347266));
#5832=CARTESIAN_POINT('',(-37.1495122307728,73.3861209674971,-47.4913293347266));
#5833=CARTESIAN_POINT('',(-37.1495122307728,73.3861209674971,-47.4913293347266));
#5834=CARTESIAN_POINT('Origin',(-37.1495122307728,73.3861209674971,-45.4913293347266));
#5835=CARTESIAN_POINT('Origin',(-38.6495122307728,73.3861209674971,-45.4913293347266));
#5836=CARTESIAN_POINT('Origin',(-37.1495122307728,66.3251734925128,-24.4441675128678));
#5837=CARTESIAN_POINT('',(-38.6495122307728,66.3251734925128,-26.4441675128678));
#5838=CARTESIAN_POINT('Origin',(-38.6495122307728,66.3251734925128,-24.4441675128678));
#5839=CARTESIAN_POINT('',(-37.1495122307728,66.3251734925128,-26.4441675128678));
#5840=CARTESIAN_POINT('',(-37.1495122307728,66.3251734925128,-26.4441675128678));
#5841=CARTESIAN_POINT('Origin',(-37.1495122307728,66.3251734925128,-24.4441675128678));
#5842=CARTESIAN_POINT('Origin',(-38.6495122307728,66.3251734925128,-24.4441675128678));
#5843=CARTESIAN_POINT('Origin',(-37.1495122307728,93.6748265074872,-38.6848304173994));
#5844=CARTESIAN_POINT('',(-38.6495122307728,93.6748265074872,-40.6848304173994));
#5845=CARTESIAN_POINT('Origin',(-38.6495122307728,93.6748265074872,-38.6848304173994));
#5846=CARTESIAN_POINT('',(-37.1495122307728,93.6748265074872,-40.6848304173994));
#5847=CARTESIAN_POINT('',(-37.1495122307728,93.6748265074872,-40.6848304173994));
#5848=CARTESIAN_POINT('Origin',(-37.1495122307728,93.6748265074872,-38.6848304173994));
#5849=CARTESIAN_POINT('Origin',(-38.6495122307728,93.6748265074872,-38.6848304173994));
#5850=CARTESIAN_POINT('Origin',(-37.1495122307728,86.6138790325029,-17.6376685955406));
#5851=CARTESIAN_POINT('',(-38.6495122307728,86.6138790325029,-19.6376685955406));
#5852=CARTESIAN_POINT('Origin',(-38.6495122307728,86.6138790325029,-17.6376685955406));
#5853=CARTESIAN_POINT('',(-37.1495122307728,86.6138790325029,-19.6376685955406));
#5854=CARTESIAN_POINT('',(-37.1495122307728,86.6138790325029,-19.6376685955406));
#5855=CARTESIAN_POINT('Origin',(-37.1495122307728,86.6138790325029,-17.6376685955406));
#5856=CARTESIAN_POINT('Origin',(-38.6495122307728,86.6138790325029,-17.6376685955406));
#5857=CARTESIAN_POINT('Origin',(-40.6495122307728,63.3812660091688,-22.9003382705255));
#5858=CARTESIAN_POINT('',(-37.1495122307728,63.3812660091688,-22.9003382705255));
#5859=CARTESIAN_POINT('',(-40.6495122307728,63.3812660091688,-22.9003382705255));
#5860=CARTESIAN_POINT('',(-37.1495122307728,71.9689048300956,-48.4982377835971));
#5861=CARTESIAN_POINT('',(-37.1495122307728,71.9689048300956,-48.4982377835971));
#5862=CARTESIAN_POINT('',(-40.6495122307728,71.9689048300956,-48.4982377835971));
#5863=CARTESIAN_POINT('Origin',(-40.6495122307728,88.0310951699044,-14.6307601466701));
#5864=CARTESIAN_POINT('',(-37.1495122307728,88.0310951699044,-14.6307601466701));
#5865=CARTESIAN_POINT('',(-40.6495122307728,88.0310951699044,-14.6307601466701));
#5866=CARTESIAN_POINT('',(-37.1495122307728,63.3812660091688,-22.9003382705255));
#5867=CARTESIAN_POINT('Origin',(-40.6495122307728,96.6187339908312,-40.2286596597417));
#5868=CARTESIAN_POINT('',(-37.1495122307728,96.6187339908312,-40.2286596597417));
#5869=CARTESIAN_POINT('',(-40.6495122307728,96.6187339908312,-40.2286596597417));
#5870=CARTESIAN_POINT('',(-37.1495122307728,88.0310951699044,-14.6307601466701));
#5871=CARTESIAN_POINT('Origin',(-40.6495122307728,71.9689048300956,-48.4982377835971));
#5872=CARTESIAN_POINT('',(-37.1495122307728,96.6187339908312,-40.2286596597417));
#5873=CARTESIAN_POINT('Origin',(-37.1495122307728,80.,-31.5644989651336));
#5874=CARTESIAN_POINT('Origin',(-13.,14.5,-62.8386073573897));
#5875=CARTESIAN_POINT('',(-11.7,19.5,-62.8386073573897));
#5876=CARTESIAN_POINT('Origin',(-13.,19.5,-62.8386073573897));
#5877=CARTESIAN_POINT('',(-11.7,14.5,-62.8386073573897));
#5878=CARTESIAN_POINT('Origin',(-13.,14.5,-62.8386073573897));
#5879=CARTESIAN_POINT('',(-13.,19.5,-65.8386073573896));
#5880=CARTESIAN_POINT('Origin',(-13.,19.5,-62.8386073573897));
#5881=CARTESIAN_POINT('',(-13.,14.5,-65.8386073573896));
#5882=CARTESIAN_POINT('Origin',(-13.,19.5,-60.4656240111822));
#5883=CARTESIAN_POINT('',(-13.,19.5,-65.8386073573896));
#5884=CARTESIAN_POINT('Origin',(36.,14.5,-62.8386073573896));
#5885=CARTESIAN_POINT('',(37.3,19.5,-62.8386073573896));
#5886=CARTESIAN_POINT('Origin',(36.,19.5,-62.8386073573896));
#5887=CARTESIAN_POINT('',(37.3,14.5,-62.8386073573896));
#5888=CARTESIAN_POINT('Origin',(36.,14.5,-62.8386073573896));
#5889=CARTESIAN_POINT('',(36.,19.5,-65.8386073573896));
#5890=CARTESIAN_POINT('',(36.,14.5,-65.8386073573896));
#5891=CARTESIAN_POINT('',(36.75,19.5,-59.9338698477341));
#5892=CARTESIAN_POINT('Origin',(36.,19.5,-62.8386073573896));
#5893=CARTESIAN_POINT('',(36.75,14.5,-59.9338698477341));
#5894=CARTESIAN_POINT('Origin',(38.,14.5,-55.0926406649748));
#5895=CARTESIAN_POINT('',(33.,19.5,-55.0926406649748));
#5896=CARTESIAN_POINT('Origin',(38.,19.5,-55.0926406649748));
#5897=CARTESIAN_POINT('',(33.,14.5,-55.0926406649748));
#5898=CARTESIAN_POINT('Origin',(36.,19.5,-60.4656240111822));
#5899=CARTESIAN_POINT('',(33.,19.5,-65.8386073573896));
#5900=CARTESIAN_POINT('',(-13.,19.5,-65.8386073573896));
#5901=CARTESIAN_POINT('',(33.,19.5,-63.1521156842859));
#5902=CARTESIAN_POINT('Origin',(11.5,14.5,34.1613926426103));
#5903=CARTESIAN_POINT('',(12.8,19.5,34.1613926426103));
#5904=CARTESIAN_POINT('Origin',(11.5,19.5,34.1613926426103));
#5905=CARTESIAN_POINT('',(12.8,14.5,34.1613926426103));
#5906=CARTESIAN_POINT('Origin',(11.5,14.5,-4.35944069072302));
#5907=CARTESIAN_POINT('',(33.,19.5,31.1613926426103));
#5908=CARTESIAN_POINT('',(33.,27.,31.1613926426103));
#5909=CARTESIAN_POINT('Origin',(11.5,19.5,-4.35944069072302));
#5910=CARTESIAN_POINT('Origin',(11.5,19.5,34.1613926426103));
#5911=CARTESIAN_POINT('',(22.25,19.5,31.1613926426103));
#5912=CARTESIAN_POINT('Origin',(1.50000000001455,20.5,24.6613926425812));
#5913=CARTESIAN_POINT('',(1.50000000001455,20.5,29.6613926425812));
#5914=CARTESIAN_POINT('Origin',(31.4999999999709,14.5,-64.3386073573605));
#5915=CARTESIAN_POINT('',(31.4999999999709,14.5,-64.3386073573605));
#5916=CARTESIAN_POINT('Origin',(22.25,22.,26.1613926426103));
#5917=CARTESIAN_POINT('',(33.,22.,31.1613926426103));
#5918=CARTESIAN_POINT('',(22.25,22.,31.1613926426103));
#5919=CARTESIAN_POINT('Origin',(28.,22.,26.1613926426103));
#5920=CARTESIAN_POINT('Origin',(28.,22.,-41.5886073573897));
#5921=CARTESIAN_POINT('',(33.,22.,-65.8386073573896));
#5922=CARTESIAN_POINT('',(33.,22.,-41.5886073573897));
#5923=CARTESIAN_POINT('Origin',(28.,22.,-65.8386073573896));
#5924=CARTESIAN_POINT('Origin',(-5.,22.,6.91139264261034));
#5925=CARTESIAN_POINT('Origin',(33.,27.,31.1613926426103));
#5926=CARTESIAN_POINT('',(33.,27.,31.1613926426103));
#5927=CARTESIAN_POINT('Ctrl Pts',(19.3416640105386,27.,-65.8386073573896));
#5928=CARTESIAN_POINT('Ctrl Pts',(19.784004490182,27.,-65.8386073573896));
#5929=CARTESIAN_POINT('Ctrl Pts',(20.5112429874082,27.,-65.8386073573896));
#5930=CARTESIAN_POINT('Ctrl Pts',(21.2868605454683,27.,-65.8386073573896));
#5931=CARTESIAN_POINT('Ctrl Pts',(21.6771354759872,27.,-65.8386073573896));
#5932=CARTESIAN_POINT('Ctrl Pts',(21.8498124078489,27.,-65.8386073573897));
#5933=CARTESIAN_POINT('Ctrl Pts',(21.9302276482547,27.,-65.8386073573896));
#5934=CARTESIAN_POINT('Ctrl Pts',(21.974327407658,27.,-65.8386073573896));
#5935=CARTESIAN_POINT('Ctrl Pts',(21.9957634615711,27.,-65.8386073573896));
#5936=CARTESIAN_POINT('Ctrl Pts',(22.0063174630851,27.,-65.8386073573896));
#5937=CARTESIAN_POINT('Ctrl Pts',(19.1906985815547,27.1737416821427,-65.7627802707432));
#5938=CARTESIAN_POINT('Ctrl Pts',(19.5789944011614,27.2184075229317,-65.7140027115606));
#5939=CARTESIAN_POINT('Ctrl Pts',(20.2082911565567,27.2631144958041,-65.5938270330069));
#5940=CARTESIAN_POINT('Ctrl Pts',(20.8240516273476,27.1773648026524,-65.4699145681466));
#5941=CARTESIAN_POINT('Ctrl Pts',(21.1090531650792,27.0889576992595,-65.4577808944411));
#5942=CARTESIAN_POINT('Ctrl Pts',(21.2301077961943,27.0431585362594,-65.4732875429611));
#5943=CARTESIAN_POINT('Ctrl Pts',(21.2855700721337,27.0210195060536,-65.4865077295751));
#5944=CARTESIAN_POINT('Ctrl Pts',(21.3157911390784,27.0088155188862,-65.4956493521663));
#5945=CARTESIAN_POINT('Ctrl Pts',(21.3304376959623,27.0029102411958,-65.500733460224));
#5946=CARTESIAN_POINT('Ctrl Pts',(21.337635474267,27.,-65.5033973021826));
#5947=CARTESIAN_POINT('Ctrl Pts',(18.9265409758716,27.5026086052596,-65.6870504216481));
#5948=CARTESIAN_POINT('Ctrl Pts',(19.2203512390882,27.6502785403791,-65.5881219740847));
#5949=CARTESIAN_POINT('Ctrl Pts',(19.6736983360496,27.8466146303986,-65.3390416871981));
#5950=CARTESIAN_POINT('Ctrl Pts',(20.0134548945872,27.8438427770617,-65.0211975599355));
#5951=CARTESIAN_POINT('Ctrl Pts',(20.1196928925651,27.7508301739898,-64.9229321156042));
#5952=CARTESIAN_POINT('Ctrl Pts',(20.154208498624,27.6914317672024,-64.9102359669368));
#5953=CARTESIAN_POINT('Ctrl Pts',(20.1680657313952,27.660120010882,-64.9134121050216));
#5954=CARTESIAN_POINT('Ctrl Pts',(20.1752260119494,27.6421000112445,-64.9180808335263));
#5955=CARTESIAN_POINT('Ctrl Pts',(20.178590172127,27.6330820012831,-64.9213347758468));
#5956=CARTESIAN_POINT('Ctrl Pts',(20.1802301911073,27.6285903226861,-64.9231904245447));
#5957=CARTESIAN_POINT('Ctrl Pts',(18.6817418108236,27.8507850375873,-65.7163353381402));
#5958=CARTESIAN_POINT('Ctrl Pts',(18.9007690895015,28.1210972724936,-65.6351539875283));
#5959=CARTESIAN_POINT('Ctrl Pts',(19.2470665919386,28.5395247415984,-65.430579654096));
#5960=CARTESIAN_POINT('Ctrl Pts',(19.550520730194,28.8544168956436,-65.0922510974313));
#5961=CARTESIAN_POINT('Ctrl Pts',(19.6764651944841,28.9360340743982,-64.8956745787755));
#5962=CARTESIAN_POINT('Ctrl Pts',(19.7272813937798,28.9474940273239,-64.8041664846397));
#5963=CARTESIAN_POINT('Ctrl Pts',(19.7501217980243,28.9457969067808,-64.7604307149606));
#5964=CARTESIAN_POINT('Ctrl Pts',(19.7624939010414,28.9426397058627,-64.7361054767336));
#5965=CARTESIAN_POINT('Ctrl Pts',(19.7684751155937,28.940333854316,-64.7241635465433));
#5966=CARTESIAN_POINT('Ctrl Pts',(19.7714125416696,28.939001311859,-64.7182502749232));
#5967=CARTESIAN_POINT('Ctrl Pts',(18.5828656306233,28.,-65.7478320195935));
#5968=CARTESIAN_POINT('Ctrl Pts',(18.7758916455192,28.3228564402732,-65.6863442184764));
#5969=CARTESIAN_POINT('Ctrl Pts',(19.0955341121489,28.8372834888162,-65.5295579620156));
#5970=CARTESIAN_POINT('Ctrl Pts',(19.443396400956,29.287880402622,-65.2119379109214));
#5971=CARTESIAN_POINT('Ctrl Pts',(19.6206932866689,29.4439266043665,-64.9781547387914));
#5972=CARTESIAN_POINT('Ctrl Pts',(19.6996129929168,29.4854831093949,-64.8511633490295));
#5973=CARTESIAN_POINT('Ctrl Pts',(19.7364714748353,29.4963373314594,-64.7853802627911));
#5974=CARTESIAN_POINT('Ctrl Pts',(19.756713311897,29.4994666614057,-64.7472027076578));
#5975=CARTESIAN_POINT('Ctrl Pts',(19.7665615633176,29.5,-64.7279270784729));
#5976=CARTESIAN_POINT('Ctrl Pts',(19.7714125416696,29.5,-64.7182502749232));
#5977=CARTESIAN_POINT('',(19.7714125416696,29.5,-64.7182502749232));
#5978=CARTESIAN_POINT('Origin',(22.0063174630851,29.5,-65.8386073573896));
#5979=CARTESIAN_POINT('',(19.3416640105386,27.,-65.8386073573896));
#5980=CARTESIAN_POINT('',(-9.99999999999999,27.,-65.8386073573896));
#5981=CARTESIAN_POINT('',(18.5828656306233,28.,-65.7478320195935));
#5982=CARTESIAN_POINT('Origin',(19.3416640105386,28.,-68.1298952048676));
#5983=CARTESIAN_POINT('Ctrl Pts',(18.5828656306233,28.,-65.7478320195935));
#5984=CARTESIAN_POINT('Ctrl Pts',(18.7758916455192,28.3228564402732,-65.6863442184764));
#5985=CARTESIAN_POINT('Ctrl Pts',(19.0955341121489,28.8372834888162,-65.5295579620156));
#5986=CARTESIAN_POINT('Ctrl Pts',(19.443396400956,29.287880402622,-65.2119379109214));
#5987=CARTESIAN_POINT('Ctrl Pts',(19.6206932866689,29.4439266043665,-64.9781547387914));
#5988=CARTESIAN_POINT('Ctrl Pts',(19.6996129929168,29.4854831093949,-64.8511633490295));
#5989=CARTESIAN_POINT('Ctrl Pts',(19.7364714748353,29.4963373314594,-64.7853802627911));
#5990=CARTESIAN_POINT('Ctrl Pts',(19.756713311897,29.4994666614057,-64.7472027076578));
#5991=CARTESIAN_POINT('Ctrl Pts',(19.7665615633176,29.5,-64.7279270784729));
#5992=CARTESIAN_POINT('Ctrl Pts',(19.7714125416696,29.5,-64.7182502749232));
#5993=CARTESIAN_POINT('Ctrl Pts',(22.0063174630851,27.,-65.8386073573896));
#5994=CARTESIAN_POINT('Ctrl Pts',(22.328351670267,27.,-65.1962087455912));
#5995=CARTESIAN_POINT('Ctrl Pts',(22.5,27.,-64.4704726865863));
#5996=CARTESIAN_POINT('Ctrl Pts',(22.5,27.,-63.7474289387814));
#5997=CARTESIAN_POINT('Ctrl Pts',(21.337635474267,27.,-65.5033973021826));
#5998=CARTESIAN_POINT('Ctrl Pts',(21.6073720297201,27.,-64.965322821553));
#5999=CARTESIAN_POINT('Ctrl Pts',(21.7520017491453,27.,-64.3545557480382));
#6000=CARTESIAN_POINT('Ctrl Pts',(21.7520017491453,27.,-63.7474289387813));
#6001=CARTESIAN_POINT('Ctrl Pts',(20.1802301911073,27.6285903226861,-64.9231904245447));
#6002=CARTESIAN_POINT('Ctrl Pts',(20.360140521366,27.6285903226861,-64.5643026299287));
#6003=CARTESIAN_POINT('Ctrl Pts',(20.45730988992,27.6285903226861,-64.1554573051512));
#6004=CARTESIAN_POINT('Ctrl Pts',(20.45730988992,27.6285903226861,-63.7474289387813));
#6005=CARTESIAN_POINT('Ctrl Pts',(19.7714125416696,28.939001311859,-64.7182502749232));
#6006=CARTESIAN_POINT('Ctrl Pts',(19.9192973704377,28.939001311859,-64.4232474255736));
#6007=CARTESIAN_POINT('Ctrl Pts',(20.,28.939001311859,-64.0844732749788));
#6008=CARTESIAN_POINT('Ctrl Pts',(20.,28.939001311859,-63.7474289387813));
#6009=CARTESIAN_POINT('Ctrl Pts',(19.7714125416696,29.5,-64.7182502749232));
#6010=CARTESIAN_POINT('Ctrl Pts',(19.9194304252725,29.5,-64.4229820058161));
#6011=CARTESIAN_POINT('Ctrl Pts',(20.,29.5,-64.0847681889682));
#6012=CARTESIAN_POINT('Ctrl Pts',(20.,29.5,-63.7474289387813));
#6013=CARTESIAN_POINT('',(20.,29.5,-63.7474289387813));
#6014=CARTESIAN_POINT('Origin',(22.5,29.5,-63.7474289387814));
#6015=CARTESIAN_POINT('Ctrl Pts',(19.7714125416696,29.5,-64.7182502749232));
#6016=CARTESIAN_POINT('Ctrl Pts',(19.9194304252725,29.5,-64.4229820058161));
#6017=CARTESIAN_POINT('Ctrl Pts',(20.,29.5,-64.0847681889682));
#6018=CARTESIAN_POINT('Ctrl Pts',(20.,29.5,-63.7474289387813));
#6019=CARTESIAN_POINT('Ctrl Pts',(18.,27.,-65.8386073573896));
#6020=CARTESIAN_POINT('Ctrl Pts',(18.4927844971594,27.,-65.8386073573896));
#6021=CARTESIAN_POINT('Ctrl Pts',(18.9561817203022,27.,-65.8386073573896));
#6022=CARTESIAN_POINT('Ctrl Pts',(19.3416640105386,27.,-65.8386073573896));
#6023=CARTESIAN_POINT('Ctrl Pts',(18.,27.2782917812781,-65.7867772935564));
#6024=CARTESIAN_POINT('Ctrl Pts',(18.398145196659,27.2782917812781,-65.7867772935564));
#6025=CARTESIAN_POINT('Ctrl Pts',(18.7714462319556,27.2982233056491,-65.7532479469979));
#6026=CARTESIAN_POINT('Ctrl Pts',(19.0774745098168,27.3040479437498,-65.7059099557583));
#6027=CARTESIAN_POINT('Ctrl Pts',(18.,27.5654089639171,-65.7826747821006));
#6028=CARTESIAN_POINT('Ctrl Pts',(18.3035297523837,27.5654089639171,-65.7826747821006));
#6029=CARTESIAN_POINT('Ctrl Pts',(18.5866880073616,27.6133416297783,-65.7407423083589));
#6030=CARTESIAN_POINT('Ctrl Pts',(18.8135767177572,27.6518317543703,-65.6743397628692));
#6031=CARTESIAN_POINT('Ctrl Pts',(18.,27.845067992489,-65.8265324927357));
#6032=CARTESIAN_POINT('Ctrl Pts',(18.2143093312903,27.845067992489,-65.8265324927357));
#6033=CARTESIAN_POINT('Ctrl Pts',(18.4146510680376,27.9196123828063,-65.801416214319));
#6034=CARTESIAN_POINT('Ctrl Pts',(18.5828656306233,28.,-65.7478320195935));
#6035=CARTESIAN_POINT('',(18.,27.,-65.8386073573896));
#6036=CARTESIAN_POINT('',(18.,27.845067992489,-65.8265324927358));
#6037=CARTESIAN_POINT('Origin',(18.,27.4577379737114,-68.296345331101));
#6038=CARTESIAN_POINT('Ctrl Pts',(18.,27.845067992489,-65.8265324927357));
#6039=CARTESIAN_POINT('Ctrl Pts',(18.2143093312903,27.845067992489,-65.8265324927357));
#6040=CARTESIAN_POINT('Ctrl Pts',(18.4146510680376,27.9196123828063,-65.801416214319));
#6041=CARTESIAN_POINT('Ctrl Pts',(18.5828656306233,28.,-65.7478320195935));
#6042=CARTESIAN_POINT('',(-9.99999999999999,27.,-65.8386073573896));
#6043=CARTESIAN_POINT('Origin',(22.5,29.5,-34.9215898594717));
#6044=CARTESIAN_POINT('',(20.,29.5,-39.2033210318234));
#6045=CARTESIAN_POINT('Origin',(22.5,29.5,-39.2033210318234));
#6046=CARTESIAN_POINT('',(20.,29.5,-34.9215898594717));
#6047=CARTESIAN_POINT('Origin',(-9.99999999999999,27.4577379737114,-68.296345331101));
#6048=CARTESIAN_POINT('',(-9.99999999999999,27.845067992489,-65.8265324927358));
#6049=CARTESIAN_POINT('',(-9.99999999999999,27.,-65.8386073573896));
#6050=CARTESIAN_POINT('Ctrl Pts',(22.5,27.,-39.2033210318234));
#6051=CARTESIAN_POINT('Ctrl Pts',(22.5,27.,-38.0123979145131));
#6052=CARTESIAN_POINT('Ctrl Pts',(22.113697320482,27.,-35.6060115420432));
#6053=CARTESIAN_POINT('Ctrl Pts',(20.2360691633342,27.,-32.0222871238524));
#6054=CARTESIAN_POINT('Ctrl Pts',(16.7932294809824,27.,-29.1093262880122));
#6055=CARTESIAN_POINT('Ctrl Pts',(13.5885304204863,27.,-28.3386073573897));
#6056=CARTESIAN_POINT('Ctrl Pts',(12.,27.,-28.3386073573897));
#6057=CARTESIAN_POINT('Ctrl Pts',(21.7520017491453,27.,-39.2033210318234));
#6058=CARTESIAN_POINT('Ctrl Pts',(21.7520017491453,27.,-38.0919617581779));
#6059=CARTESIAN_POINT('Ctrl Pts',(21.3909045559065,27.,-35.8452275368677));
#6060=CARTESIAN_POINT('Ctrl Pts',(19.6400710548941,27.,-32.5056200374216));
#6061=CARTESIAN_POINT('Ctrl Pts',(16.4402917140106,27.,-29.800254568909));
#6062=CARTESIAN_POINT('Ctrl Pts',(13.4709565386237,27.,-29.0866056082444));
#6063=CARTESIAN_POINT('Ctrl Pts',(12.,27.,-29.0866056082444));
#6064=CARTESIAN_POINT('Ctrl Pts',(20.457220504159,27.6284584273285,-39.2033210318234));
#6065=CARTESIAN_POINT('Ctrl Pts',(20.457220504159,27.6284584273285,-38.2286202792031));
#6066=CARTESIAN_POINT('Ctrl Pts',(20.1409283996307,27.6284584273286,-36.2596363489088));
#6067=CARTESIAN_POINT('Ctrl Pts',(18.6098017768522,27.6284584273285,-33.3413198997329));
#6068=CARTESIAN_POINT('Ctrl Pts',(15.829475864206,27.6284584273285,-30.9949922782092));
#6069=CARTESIAN_POINT('Ctrl Pts',(13.2690121369147,27.6284584273285,-30.3813868532307));
#6070=CARTESIAN_POINT('Ctrl Pts',(12.,27.6284584273285,-30.3813868532307));
#6071=CARTESIAN_POINT('Ctrl Pts',(20.,28.939001311859,-39.2033210318234));
#6072=CARTESIAN_POINT('Ctrl Pts',(20.,28.939001311859,-38.2773427726546));
#6073=CARTESIAN_POINT('Ctrl Pts',(19.6990175859208,28.939001311859,-36.4058321052041));
#6074=CARTESIAN_POINT('Ctrl Pts',(18.2453765755779,28.939001311859,-33.636839910883));
#6075=CARTESIAN_POINT('Ctrl Pts',(15.6137297963368,28.939001311859,-31.4174323776221));
#6076=CARTESIAN_POINT('Ctrl Pts',(13.1970134447292,28.939001311859,-30.8386073573897));
#6077=CARTESIAN_POINT('Ctrl Pts',(12.,28.939001311859,-30.8386073573897));
#6078=CARTESIAN_POINT('Ctrl Pts',(20.,29.5,-39.2033210318234));
#6079=CARTESIAN_POINT('Ctrl Pts',(20.,29.5,-38.2771403476178));
#6080=CARTESIAN_POINT('Ctrl Pts',(19.6992405975291,29.5,-36.4058942165692));
#6081=CARTESIAN_POINT('Ctrl Pts',(18.2456424914102,29.5,-33.6366600986849));
#6082=CARTESIAN_POINT('Ctrl Pts',(15.6137521382057,29.5,-31.4171939510996));
#6083=CARTESIAN_POINT('Ctrl Pts',(13.1973125742869,29.5,-30.8386073573897));
#6084=CARTESIAN_POINT('Ctrl Pts',(12.,29.5,-30.8386073573897));
#6085=CARTESIAN_POINT('Ctrl Pts',(20.,29.5,-39.2033210318234));
#6086=CARTESIAN_POINT('Ctrl Pts',(20.,29.5,-38.2771403476178));
#6087=CARTESIAN_POINT('Ctrl Pts',(19.6992405975291,29.5,-36.4058942165692));
#6088=CARTESIAN_POINT('Ctrl Pts',(18.2456424914102,29.5,-33.6366600986849));
#6089=CARTESIAN_POINT('Ctrl Pts',(15.6137521382057,29.5,-31.4171939510996));
#6090=CARTESIAN_POINT('Ctrl Pts',(13.1973125742869,29.5,-30.8386073573897));
#6091=CARTESIAN_POINT('Ctrl Pts',(12.,29.5,-30.8386073573897));
#6092=CARTESIAN_POINT('Origin',(0.8376219423068,28.,-31.8386073573897));
#6093=CARTESIAN_POINT('',(-20.6495122307728,28.,-30.8386073573897));
#6094=CARTESIAN_POINT('',(0.8376219423068,28.,-30.8386073573897));
#6095=CARTESIAN_POINT('Origin',(-20.6495122307728,28.,-31.8386073573897));
#6096=CARTESIAN_POINT('Origin',(12.,30.,-30.8386073573897));
#6097=CARTESIAN_POINT('',(-22.9721664815095,30.,-30.8386073573897));
#6098=CARTESIAN_POINT('',(22.9669609930822,30.,-30.8386073573897));
#6099=CARTESIAN_POINT('',(-29.1347936050113,30.,-30.8386073573897));
#6100=CARTESIAN_POINT('',(12.,30.,-30.8386073573897));
#6101=CARTESIAN_POINT('Origin',(-20.6495122307728,47.,-30.8386073573897));
#6102=CARTESIAN_POINT('Ctrl Pts',(20.,30.,-39.2033210318234));
#6103=CARTESIAN_POINT('Ctrl Pts',(20.,30.,-30.8386073573897));
#6104=CARTESIAN_POINT('Ctrl Pts',(12.,30.,-30.8386073573897));
#6105=CARTESIAN_POINT('Ctrl Pts',(20.,29.5,-39.2033210318234));
#6106=CARTESIAN_POINT('Ctrl Pts',(20.,29.5,-30.8386073573897));
#6107=CARTESIAN_POINT('Ctrl Pts',(12.,29.5,-30.8386073573897));
#6108=CARTESIAN_POINT('',(20.,30.,-39.2033210318234));
#6109=CARTESIAN_POINT('',(20.,30.,-39.2033210318234));
#6110=CARTESIAN_POINT('Origin',(12.,30.,-39.2033210318234));
#6111=CARTESIAN_POINT('Origin',(20.,34.8882671350761,-34.9215898594717));
#6112=CARTESIAN_POINT('',(20.,30.,-63.7474289387812));
#6113=CARTESIAN_POINT('',(20.,30.,-63.7474289387812));
#6114=CARTESIAN_POINT('',(20.,30.,-17.4607949297359));
#6115=CARTESIAN_POINT('Ctrl Pts',(18.,30.,-65.8386073573896));
#6116=CARTESIAN_POINT('Ctrl Pts',(20.,30.,-65.8386073573896));
#6117=CARTESIAN_POINT('Ctrl Pts',(20.,30.,-63.7474289387812));
#6118=CARTESIAN_POINT('Ctrl Pts',(18.,28.,-65.8386073573896));
#6119=CARTESIAN_POINT('Ctrl Pts',(20.,28.,-65.8386073573896));
#6120=CARTESIAN_POINT('Ctrl Pts',(20.,28.,-63.7474289387812));
#6121=CARTESIAN_POINT('',(18.,28.,-65.8386073573896));
#6122=CARTESIAN_POINT('Ctrl Pts',(18.,28.,-65.8386073573896));
#6123=CARTESIAN_POINT('Ctrl Pts',(18.198259268442,28.,-65.8386073573896));
#6124=CARTESIAN_POINT('Ctrl Pts',(18.3963635087723,28.,-65.8072416560743));
#6125=CARTESIAN_POINT('Ctrl Pts',(18.5828656306233,28.,-65.7478320195935));
#6126=CARTESIAN_POINT('',(18.,30.,-65.8386073573896));
#6127=CARTESIAN_POINT('',(18.,30.,-65.8386073573896));
#6128=CARTESIAN_POINT('Origin',(18.,30.,-63.7474289387812));
#6129=CARTESIAN_POINT('Origin',(-8.4999999999709,14.5,29.6613926425812));
#6130=CARTESIAN_POINT('',(31.4999999999709,14.5,29.6613926425812));
#6131=CARTESIAN_POINT('Origin',(31.4999999999709,14.5,29.6613926425812));
#6132=CARTESIAN_POINT('Origin',(8.48021154999666,35.,-34.309777879726));
#6133=CARTESIAN_POINT('',(2.6960915545991,35.,-47.7274434943182));
#6134=CARTESIAN_POINT('',(2.6960915545991,35.,-47.7274434943182));
#6135=CARTESIAN_POINT('',(8.48021154999666,35.,-34.309777879726));
#6136=CARTESIAN_POINT('',(6.22705242446081,35.,-39.5365255521399));
#6137=CARTESIAN_POINT('',(8.48021154999666,35.,-34.309777879726));
#6138=CARTESIAN_POINT('Ctrl Pts',(12.7261274972673,35.,-35.7335734004192));
#6139=CARTESIAN_POINT('Ctrl Pts',(12.7261274972673,4.24999999999996,-35.7335734004192));
#6140=CARTESIAN_POINT('Ctrl Pts',(12.6923033442426,35.,-35.7075529931282));
#6141=CARTESIAN_POINT('Ctrl Pts',(12.6923033442426,4.24999999999996,-35.7075529931282));
#6142=CARTESIAN_POINT('Ctrl Pts',(12.6242162923172,35.,-35.6561561536967));
#6143=CARTESIAN_POINT('Ctrl Pts',(12.6242162923172,4.24999999999996,-35.6561561536967));
#6144=CARTESIAN_POINT('Ctrl Pts',(12.5379406913313,35.,-35.5934755547472));
#6145=CARTESIAN_POINT('Ctrl Pts',(12.5379406913313,4.24999999999996,-35.5934755547472));
#6146=CARTESIAN_POINT('Ctrl Pts',(12.4509466405261,35.,-35.5320801069669));
#6147=CARTESIAN_POINT('Ctrl Pts',(12.4509466405261,4.24999999999996,-35.5320801069669));
#6148=CARTESIAN_POINT('Ctrl Pts',(12.3805936091294,35.,-35.4838726007353));
#6149=CARTESIAN_POINT('Ctrl Pts',(12.3805936091294,4.24999999999996,-35.4838726007353));
#6150=CARTESIAN_POINT('Ctrl Pts',(12.2919279084142,35.,-35.4248961890526));
#6151=CARTESIAN_POINT('Ctrl Pts',(12.2919279084142,4.24999999999996,-35.4248961890526));
#6152=CARTESIAN_POINT('Ctrl Pts',(12.2209375036913,35.,-35.3790649281918));
#6153=CARTESIAN_POINT('Ctrl Pts',(12.2209375036913,4.24999999999996,-35.3790649281918));
#6154=CARTESIAN_POINT('Ctrl Pts',(12.1153330773493,35.,-35.3128776732378));
#6155=CARTESIAN_POINT('Ctrl Pts',(12.1153330773493,4.24999999999996,-35.3128776732379));
#6156=CARTESIAN_POINT('Ctrl Pts',(12.0102256628379,35.,-35.2496113726097));
#6157=CARTESIAN_POINT('Ctrl Pts',(12.0102256628379,4.24999999999996,-35.2496113726097));
#6158=CARTESIAN_POINT('Ctrl Pts',(11.8541445714221,35.,-35.1602838048599));
#6159=CARTESIAN_POINT('Ctrl Pts',(11.8541445714221,4.24999999999996,-35.1602838048599));
#6160=CARTESIAN_POINT('Ctrl Pts',(11.716878480033,35.,-35.0864664880493));
#6161=CARTESIAN_POINT('Ctrl Pts',(11.716878480033,4.24999999999996,-35.0864664880493));
#6162=CARTESIAN_POINT('Ctrl Pts',(11.5135707688647,35.,-34.983709061665));
#6163=CARTESIAN_POINT('Ctrl Pts',(11.5135707688647,4.24999999999996,-34.983709061665));
#6164=CARTESIAN_POINT('Ctrl Pts',(11.3137760608167,35.,-34.8911873241805));
#6165=CARTESIAN_POINT('Ctrl Pts',(11.3137760608167,4.24999999999996,-34.8911873241806));
#6166=CARTESIAN_POINT('Ctrl Pts',(11.021607966023,35.,-34.7698363146919));
#6167=CARTESIAN_POINT('Ctrl Pts',(11.021607966023,4.24999999999996,-34.7698363146919));
#6168=CARTESIAN_POINT('Ctrl Pts',(10.77051228896,35.,-34.6793035108707));
#6169=CARTESIAN_POINT('Ctrl Pts',(10.77051228896,4.24999999999996,-34.6793035108707));
#6170=CARTESIAN_POINT('Ctrl Pts',(10.4992300282204,35.,-34.5943021276212));
#6171=CARTESIAN_POINT('Ctrl Pts',(10.4992300282204,4.24999999999996,-34.5943021276213));
#6172=CARTESIAN_POINT('Ctrl Pts',(10.3249912635709,35.,-34.5462680036888));
#6173=CARTESIAN_POINT('Ctrl Pts',(10.3249912635709,4.24999999999996,-34.5462680036888));
#6174=CARTESIAN_POINT('Ctrl Pts',(10.1565746474272,35.,-34.5042965579252));
#6175=CARTESIAN_POINT('Ctrl Pts',(10.1565746474272,4.24999999999996,-34.5042965579252));
#6176=CARTESIAN_POINT('Ctrl Pts',(10.0472529937827,35.,-34.479195193487));
#6177=CARTESIAN_POINT('Ctrl Pts',(10.0472529937827,4.24999999999996,-34.479195193487));
#6178=CARTESIAN_POINT('Ctrl Pts',(9.9277885454199,35.,-34.453898160604));
#6179=CARTESIAN_POINT('Ctrl Pts',(9.9277885454199,4.24999999999996,-34.453898160604));
#6180=CARTESIAN_POINT('Ctrl Pts',(9.8500979235302,35.,-34.4385437041707));
#6181=CARTESIAN_POINT('Ctrl Pts',(9.8500979235302,4.24999999999996,-34.4385437041707));
#6182=CARTESIAN_POINT('Ctrl Pts',(9.77442907825178,35.,-34.4244189682709));
#6183=CARTESIAN_POINT('Ctrl Pts',(9.77442907825178,4.24999999999996,-34.4244189682709));
#6184=CARTESIAN_POINT('Ctrl Pts',(9.72373063568097,35.,-34.4153853715262));
#6185=CARTESIAN_POINT('Ctrl Pts',(9.72373063568097,4.24999999999996,-34.4153853715262));
#6186=CARTESIAN_POINT('Ctrl Pts',(9.64759156793519,35.,-34.4024617968822));
#6187=CARTESIAN_POINT('Ctrl Pts',(9.64759156793519,4.24999999999996,-34.4024617968822));
#6188=CARTESIAN_POINT('Ctrl Pts',(9.57130511392555,35.,-34.3903682572853));
#6189=CARTESIAN_POINT('Ctrl Pts',(9.57130511392555,4.24999999999996,-34.3903682572853));
#6190=CARTESIAN_POINT('Ctrl Pts',(9.43111747553747,35.,-34.3700980699208));
#6191=CARTESIAN_POINT('Ctrl Pts',(9.43111747553747,4.24999999999996,-34.3700980699208));
#6192=CARTESIAN_POINT('Ctrl Pts',(9.27768440384238,35.,-34.3513123842499));
#6193=CARTESIAN_POINT('Ctrl Pts',(9.27768440384238,4.24999999999996,-34.3513123842499));
#6194=CARTESIAN_POINT('Ctrl Pts',(9.04679444101337,35.,-34.329384194127));
#6195=CARTESIAN_POINT('Ctrl Pts',(9.04679444101337,4.24999999999996,-34.329384194127));
#6196=CARTESIAN_POINT('Ctrl Pts',(8.78949702163474,35.,-34.3133703778512));
#6197=CARTESIAN_POINT('Ctrl Pts',(8.78949702163474,4.24999999999996,-34.3133703778512));
#6198=CARTESIAN_POINT('Ctrl Pts',(8.58329323304715,35.,-34.3094857641989));
#6199=CARTESIAN_POINT('Ctrl Pts',(8.58329323304715,4.24999999999996,-34.3094857641989));
#6200=CARTESIAN_POINT('Ctrl Pts',(8.48021154999666,35.,-34.309777879726));
#6201=CARTESIAN_POINT('Ctrl Pts',(8.48021154999666,4.24999999999996,-34.309777879726));
#6202=CARTESIAN_POINT('',(12.7261274972673,35.,-35.7335734004192));
#6203=CARTESIAN_POINT('Ctrl Pts',(12.7261274972673,35.,-35.7335734004192));
#6204=CARTESIAN_POINT('Ctrl Pts',(12.6923033442426,35.,-35.7075529931282));
#6205=CARTESIAN_POINT('Ctrl Pts',(12.6242162923172,35.,-35.6561561536967));
#6206=CARTESIAN_POINT('Ctrl Pts',(12.5379406913313,35.,-35.5934755547472));
#6207=CARTESIAN_POINT('Ctrl Pts',(12.4509466405261,35.,-35.5320801069669));
#6208=CARTESIAN_POINT('Ctrl Pts',(12.3805936091294,35.,-35.4838726007353));
#6209=CARTESIAN_POINT('Ctrl Pts',(12.2919279084142,35.,-35.4248961890526));
#6210=CARTESIAN_POINT('Ctrl Pts',(12.2209375036913,35.,-35.3790649281918));
#6211=CARTESIAN_POINT('Ctrl Pts',(12.1153330773493,35.,-35.3128776732378));
#6212=CARTESIAN_POINT('Ctrl Pts',(12.0102256628379,35.,-35.2496113726097));
#6213=CARTESIAN_POINT('Ctrl Pts',(11.8541445714221,35.,-35.1602838048599));
#6214=CARTESIAN_POINT('Ctrl Pts',(11.716878480033,35.,-35.0864664880493));
#6215=CARTESIAN_POINT('Ctrl Pts',(11.5135707688647,35.,-34.983709061665));
#6216=CARTESIAN_POINT('Ctrl Pts',(11.3137760608167,35.,-34.8911873241805));
#6217=CARTESIAN_POINT('Ctrl Pts',(11.021607966023,35.,-34.7698363146919));
#6218=CARTESIAN_POINT('Ctrl Pts',(10.77051228896,35.,-34.6793035108707));
#6219=CARTESIAN_POINT('Ctrl Pts',(10.4992300282204,35.,-34.5943021276212));
#6220=CARTESIAN_POINT('Ctrl Pts',(10.3249912635709,35.,-34.5462680036888));
#6221=CARTESIAN_POINT('Ctrl Pts',(10.1565746474272,35.,-34.5042965579252));
#6222=CARTESIAN_POINT('Ctrl Pts',(10.0472529937827,35.,-34.479195193487));
#6223=CARTESIAN_POINT('Ctrl Pts',(9.9277885454199,35.,-34.453898160604));
#6224=CARTESIAN_POINT('Ctrl Pts',(9.8500979235302,35.,-34.4385437041707));
#6225=CARTESIAN_POINT('Ctrl Pts',(9.77442907825178,35.,-34.4244189682709));
#6226=CARTESIAN_POINT('Ctrl Pts',(9.72373063568097,35.,-34.4153853715262));
#6227=CARTESIAN_POINT('Ctrl Pts',(9.64759156793519,35.,-34.4024617968822));
#6228=CARTESIAN_POINT('Ctrl Pts',(9.57130511392555,35.,-34.3903682572853));
#6229=CARTESIAN_POINT('Ctrl Pts',(9.43111747553747,35.,-34.3700980699208));
#6230=CARTESIAN_POINT('Ctrl Pts',(9.27768440384238,35.,-34.3513123842499));
#6231=CARTESIAN_POINT('Ctrl Pts',(9.04679444101337,35.,-34.329384194127));
#6232=CARTESIAN_POINT('Ctrl Pts',(8.78949702163474,35.,-34.3133703778512));
#6233=CARTESIAN_POINT('Ctrl Pts',(8.58329323304715,35.,-34.3094857641989));
#6234=CARTESIAN_POINT('Ctrl Pts',(8.48021154999666,35.,-34.309777879726));
#6235=CARTESIAN_POINT('',(12.7261274972673,35.,-35.7335734004192));
#6236=CARTESIAN_POINT('Origin',(3.98149915147378,35.,-45.4935678832755));
#6237=CARTESIAN_POINT('',(16.080130901496,35.,-40.4587762301831));
#6238=CARTESIAN_POINT('Origin',(3.98149915147378,35.,-45.4935678832755));
#6239=CARTESIAN_POINT('',(16.080130901496,35.,-40.4587762301831));
#6240=CARTESIAN_POINT('Origin',(15.8826302089028,35.,-59.3023866388408));
#6241=CARTESIAN_POINT('',(15.9462455707323,35.,-53.2328226358914));
#6242=CARTESIAN_POINT('Ctrl Pts',(4.59206532636603,35.,-54.1664945241127));
#6243=CARTESIAN_POINT('Ctrl Pts',(4.59206532636603,4.24999999999996,-54.1664945241127));
#6244=CARTESIAN_POINT('Ctrl Pts',(4.61083813071624,35.,-54.2023640296357));
#6245=CARTESIAN_POINT('Ctrl Pts',(4.61083813071624,4.24999999999996,-54.2023640296357));
#6246=CARTESIAN_POINT('Ctrl Pts',(4.65219876608855,35.,-54.2813566193799));
#6247=CARTESIAN_POINT('Ctrl Pts',(4.65219876608855,4.24999999999996,-54.28135661938));
#6248=CARTESIAN_POINT('Ctrl Pts',(4.72249228408539,35.,-54.4110798296755));
#6249=CARTESIAN_POINT('Ctrl Pts',(4.72249228408539,4.24999999999996,-54.4110798296755));
#6250=CARTESIAN_POINT('Ctrl Pts',(4.82551005161394,35.,-54.5941869791455));
#6251=CARTESIAN_POINT('Ctrl Pts',(4.82551005161394,4.24999999999996,-54.5941869791455));
#6252=CARTESIAN_POINT('Ctrl Pts',(4.95412981992677,35.,-54.8124026928476));
#6253=CARTESIAN_POINT('Ctrl Pts',(4.95412981992677,4.24999999999996,-54.8124026928476));
#6254=CARTESIAN_POINT('Ctrl Pts',(5.17084101296265,35.,-55.15253546177));
#6255=CARTESIAN_POINT('Ctrl Pts',(5.17084101296265,4.24999999999996,-55.1525354617701));
#6256=CARTESIAN_POINT('Ctrl Pts',(5.36796618399765,35.,-55.4387453746999));
#6257=CARTESIAN_POINT('Ctrl Pts',(5.36796618399765,4.24999999999996,-55.4387453747));
#6258=CARTESIAN_POINT('Ctrl Pts',(5.59355477337051,35.,-55.7430615605701));
#6259=CARTESIAN_POINT('Ctrl Pts',(5.59355477337051,4.24999999999996,-55.7430615605702));
#6260=CARTESIAN_POINT('Ctrl Pts',(5.75826826945815,35.,-55.9538186298725));
#6261=CARTESIAN_POINT('Ctrl Pts',(5.75826826945815,4.24999999999996,-55.9538186298725));
#6262=CARTESIAN_POINT('Ctrl Pts',(5.9487619758286,35.,-56.1837495332607));
#6263=CARTESIAN_POINT('Ctrl Pts',(5.9487619758286,4.24999999999996,-56.1837495332607));
#6264=CARTESIAN_POINT('Ctrl Pts',(6.06762173701832,35.,-56.3210399575453));
#6265=CARTESIAN_POINT('Ctrl Pts',(6.06762173701832,4.24999999999996,-56.3210399575453));
#6266=CARTESIAN_POINT('Ctrl Pts',(6.166440467133,35.,-56.4316870146185));
#6267=CARTESIAN_POINT('Ctrl Pts',(6.166440467133,4.24999999999996,-56.4316870146185));
#6268=CARTESIAN_POINT('Ctrl Pts',(6.21674107905085,35.,-56.4871500915339));
#6269=CARTESIAN_POINT('Ctrl Pts',(6.21674107905085,4.24999999999996,-56.4871500915339));
#6270=CARTESIAN_POINT('Ctrl Pts',(6.29370157563222,35.,-56.570683584018));
#6271=CARTESIAN_POINT('Ctrl Pts',(6.29370157563222,4.24999999999996,-56.570683584018));
#6272=CARTESIAN_POINT('Ctrl Pts',(6.37149330307841,35.,-56.653360478712));
#6273=CARTESIAN_POINT('Ctrl Pts',(6.37149330307841,4.24999999999996,-56.653360478712));
#6274=CARTESIAN_POINT('Ctrl Pts',(6.51565897869823,35.,-56.8026036495113));
#6275=CARTESIAN_POINT('Ctrl Pts',(6.51565897869823,4.24999999999996,-56.8026036495113));
#6276=CARTESIAN_POINT('Ctrl Pts',(6.67588784630241,35.,-56.9616318550791));
#6277=CARTESIAN_POINT('Ctrl Pts',(6.67588784630241,4.24999999999996,-56.9616318550791));
#6278=CARTESIAN_POINT('Ctrl Pts',(6.92160191263472,35.,-57.1929686451404));
#6279=CARTESIAN_POINT('Ctrl Pts',(6.92160191263472,4.24999999999996,-57.1929686451404));
#6280=CARTESIAN_POINT('Ctrl Pts',(7.1458482107168,35.,-57.391068318921));
#6281=CARTESIAN_POINT('Ctrl Pts',(7.1458482107168,4.24999999999996,-57.391068318921));
#6282=CARTESIAN_POINT('Ctrl Pts',(7.43346840470782,35.,-57.6293720114681));
#6283=CARTESIAN_POINT('Ctrl Pts',(7.43346840470782,4.24999999999996,-57.6293720114682));
#6284=CARTESIAN_POINT('Ctrl Pts',(7.66941492193471,35.,-57.8125929362213));
#6285=CARTESIAN_POINT('Ctrl Pts',(7.66941492193471,4.24999999999996,-57.8125929362213));
#6286=CARTESIAN_POINT('Ctrl Pts',(7.97183736522143,35.,-58.0325116366664));
#6287=CARTESIAN_POINT('Ctrl Pts',(7.97183736522143,4.24999999999996,-58.0325116366664));
#6288=CARTESIAN_POINT('Ctrl Pts',(8.21956522438237,35.,-58.2010523623518));
#6289=CARTESIAN_POINT('Ctrl Pts',(8.21956522438237,4.24999999999996,-58.2010523623518));
#6290=CARTESIAN_POINT('Ctrl Pts',(8.41879703376552,35.,-58.3276830273755));
#6291=CARTESIAN_POINT('Ctrl Pts',(8.41879703376552,4.24999999999996,-58.3276830273755));
#6292=CARTESIAN_POINT('Ctrl Pts',(8.49156309861958,35.,-58.3727572546182));
#6293=CARTESIAN_POINT('Ctrl Pts',(8.49156309861958,4.24999999999996,-58.3727572546182));
#6294=CARTESIAN_POINT('Ctrl Pts',(8.50027300316502,35.,-58.3781358308621));
#6295=CARTESIAN_POINT('Ctrl Pts',(8.50027300316502,4.24999999999996,-58.3781358308621));
#6296=CARTESIAN_POINT('',(4.59206532636603,35.,-54.1664945241127));
#6297=CARTESIAN_POINT('Ctrl Pts',(4.59206532636603,35.,-54.1664945241127));
#6298=CARTESIAN_POINT('Ctrl Pts',(4.61083813071624,35.,-54.2023640296357));
#6299=CARTESIAN_POINT('Ctrl Pts',(4.65219876608855,35.,-54.2813566193799));
#6300=CARTESIAN_POINT('Ctrl Pts',(4.72249228408539,35.,-54.4110798296755));
#6301=CARTESIAN_POINT('Ctrl Pts',(4.82551005161394,35.,-54.5941869791455));
#6302=CARTESIAN_POINT('Ctrl Pts',(4.95412981992677,35.,-54.8124026928476));
#6303=CARTESIAN_POINT('Ctrl Pts',(5.17084101296265,35.,-55.15253546177));
#6304=CARTESIAN_POINT('Ctrl Pts',(5.36796618399765,35.,-55.4387453746999));
#6305=CARTESIAN_POINT('Ctrl Pts',(5.59355477337051,35.,-55.7430615605701));
#6306=CARTESIAN_POINT('Ctrl Pts',(5.75826826945815,35.,-55.9538186298725));
#6307=CARTESIAN_POINT('Ctrl Pts',(5.9487619758286,35.,-56.1837495332607));
#6308=CARTESIAN_POINT('Ctrl Pts',(6.06762173701832,35.,-56.3210399575453));
#6309=CARTESIAN_POINT('Ctrl Pts',(6.166440467133,35.,-56.4316870146185));
#6310=CARTESIAN_POINT('Ctrl Pts',(6.20675485714299,35.,-56.4761389611986));
#6311=CARTESIAN_POINT('Ctrl Pts',(6.23490217456267,35.,-56.5068167462965));
#6312=CARTESIAN_POINT('Ctrl Pts',(6.237532317252,35.,-56.5096802572675));
#6313=CARTESIAN_POINT('',(4.59206532636603,35.,-54.1664945241127));
#6314=CARTESIAN_POINT('Ctrl Pts',(2.6960915545991,35.,-47.7274434943182));
#6315=CARTESIAN_POINT('Ctrl Pts',(3.02131687651142,35.,-51.1652303136357));
#6316=CARTESIAN_POINT('Ctrl Pts',(4.59206532636603,35.,-54.1664945241127));
#6317=CARTESIAN_POINT('Ctrl Pts',(2.69609155459911,25.5,-47.7274434943182));
#6318=CARTESIAN_POINT('Ctrl Pts',(3.02131687651143,25.5,-51.1652303136357));
#6319=CARTESIAN_POINT('Ctrl Pts',(4.59206532636603,25.5,-54.1664945241127));
#6320=CARTESIAN_POINT('Origin',(14.7319826217947,35.,-47.060954569807));
#6321=CARTESIAN_POINT('Origin',(-0.499999999999998,17.5,1.66139264261034));
#6322=CARTESIAN_POINT('',(-1.8,17.5,1.66139264261034));
#6323=CARTESIAN_POINT('Origin',(-0.499999999999998,17.5,1.66139264261034));
#6324=CARTESIAN_POINT('',(-1.8,25.5,1.66139264261034));
#6325=CARTESIAN_POINT('',(-1.8,17.5,1.66139264261034));
#6326=CARTESIAN_POINT('Origin',(-0.499999999999998,25.5,1.66139264261034));
#6327=CARTESIAN_POINT('Origin',(-0.499999999999998,25.5,1.66139264261034));
#6328=CARTESIAN_POINT('Origin',(23.5,17.5,1.66139264261034));
#6329=CARTESIAN_POINT('',(22.2,17.5,1.66139264261034));
#6330=CARTESIAN_POINT('Origin',(23.5,17.5,1.66139264261034));
#6331=CARTESIAN_POINT('',(22.2,25.5,1.66139264261034));
#6332=CARTESIAN_POINT('',(22.2,17.5,1.66139264261034));
#6333=CARTESIAN_POINT('Origin',(23.5,25.5,1.66139264261034));
#6334=CARTESIAN_POINT('Origin',(23.5,25.5,1.66139264261034));
#6335=CARTESIAN_POINT('Origin',(11.5,17.5,-58.4186073573897));
#6336=CARTESIAN_POINT('',(10.2,17.5,-58.4186073573897));
#6337=CARTESIAN_POINT('Origin',(11.5,17.5,-58.4186073573897));
#6338=CARTESIAN_POINT('',(10.2,25.5,-58.4186073573897));
#6339=CARTESIAN_POINT('',(10.2,17.5,-58.4186073573897));
#6340=CARTESIAN_POINT('Origin',(11.5,25.5,-58.4186073573897));
#6341=CARTESIAN_POINT('Origin',(11.5,25.5,-58.4186073573897));
#6342=CARTESIAN_POINT('Origin',(11.5,17.5,-58.4186073573897));
#6343=CARTESIAN_POINT('Origin',(23.5,17.5,1.66139264261034));
#6344=CARTESIAN_POINT('Origin',(-0.499999999999998,17.5,1.66139264261034));
#6345=CARTESIAN_POINT('Origin',(33.,27.,-65.8386073573896));
#6346=CARTESIAN_POINT('',(33.,27.,-65.8386073573896));
#6347=CARTESIAN_POINT('Origin',(-9.99999999999999,27.,-65.8386073573896));
#6348=CARTESIAN_POINT('Ctrl Pts',(7.80966299265218,30.,-33.3391732490527));
#6349=CARTESIAN_POINT('Ctrl Pts',(7.80966299265218,35.,-33.3391732490527));
#6350=CARTESIAN_POINT('Ctrl Pts',(7.94588114116193,30.,-33.3275358202964));
#6351=CARTESIAN_POINT('Ctrl Pts',(7.94588114116193,35.,-33.3275358202964));
#6352=CARTESIAN_POINT('Ctrl Pts',(8.21892632110101,30.,-33.3111683922657));
#6353=CARTESIAN_POINT('Ctrl Pts',(8.21892632110101,35.,-33.3111683922657));
#6354=CARTESIAN_POINT('Ctrl Pts',(8.56086855092155,30.,-33.3079630942656));
#6355=CARTESIAN_POINT('Ctrl Pts',(8.56086855092155,35.,-33.3079630942656));
#6356=CARTESIAN_POINT('Ctrl Pts',(8.90262178019675,30.,-33.3176819331875));
#6357=CARTESIAN_POINT('Ctrl Pts',(8.90262178019675,35.,-33.3176819331875));
#6358=CARTESIAN_POINT('Ctrl Pts',(9.17560500040233,30.,-33.3357880107863));
#6359=CARTESIAN_POINT('Ctrl Pts',(9.17560500040233,35.,-33.3357880107863));
#6360=CARTESIAN_POINT('Ctrl Pts',(9.46464286075098,30.,-33.3659828099297));
#6361=CARTESIAN_POINT('Ctrl Pts',(9.46464286075098,35.,-33.3659828099297));
#6362=CARTESIAN_POINT('Ctrl Pts',(9.63408921319731,30.,-33.3885718485508));
#6363=CARTESIAN_POINT('Ctrl Pts',(9.63408921319731,35.,-33.3885718485508));
#6364=CARTESIAN_POINT('Ctrl Pts',(9.76926421131263,30.,-33.4092152610811));
#6365=CARTESIAN_POINT('Ctrl Pts',(9.76926421131263,35.,-33.4092152610811));
#6366=CARTESIAN_POINT('Ctrl Pts',(9.83674599942232,30.,-33.4201787239676));
#6367=CARTESIAN_POINT('Ctrl Pts',(9.83674599942232,35.,-33.4201787239676));
#6368=CARTESIAN_POINT('Ctrl Pts',(9.9209828592109,30.,-33.4346895749146));
#6369=CARTESIAN_POINT('Ctrl Pts',(9.9209828592109,35.,-33.4346895749146));
#6370=CARTESIAN_POINT('Ctrl Pts',(9.98820608561636,30.,-33.4469307708073));
#6371=CARTESIAN_POINT('Ctrl Pts',(9.98820608561636,35.,-33.4469307708073));
#6372=CARTESIAN_POINT('Ctrl Pts',(10.0723140916686,30.,-33.4630754993829));
#6373=CARTESIAN_POINT('Ctrl Pts',(10.0723140916686,35.,-33.4630754993829));
#6374=CARTESIAN_POINT('Ctrl Pts',(10.1412198197013,30.,-33.4769497142838));
#6375=CARTESIAN_POINT('Ctrl Pts',(10.1412198197013,35.,-33.4769497142838));
#6376=CARTESIAN_POINT('Ctrl Pts',(10.2465140645255,30.,-33.4992201624263));
#6377=CARTESIAN_POINT('Ctrl Pts',(10.2465140645255,35.,-33.4992201624263));
#6378=CARTESIAN_POINT('Ctrl Pts',(10.3545081077599,30.,-33.5235282850474));
#6379=CARTESIAN_POINT('Ctrl Pts',(10.3545081077599,35.,-33.5235282850474));
#6380=CARTESIAN_POINT('Ctrl Pts',(10.5212100970588,30.,-33.564153016771));
#6381=CARTESIAN_POINT('Ctrl Pts',(10.5212100970588,35.,-33.564153016771));
#6382=CARTESIAN_POINT('Ctrl Pts',(10.6742725785303,30.,-33.6049661830318));
#6383=CARTESIAN_POINT('Ctrl Pts',(10.6742725785303,35.,-33.6049661830318));
#6384=CARTESIAN_POINT('Ctrl Pts',(10.9106170111877,30.,-33.6740027348301));
#6385=CARTESIAN_POINT('Ctrl Pts',(10.9106170111877,35.,-33.6740027348301));
#6386=CARTESIAN_POINT('Ctrl Pts',(11.1555967839638,30.,-33.7539742597228));
#6387=CARTESIAN_POINT('Ctrl Pts',(11.1555967839638,35.,-33.7539742597228));
#6388=CARTESIAN_POINT('Ctrl Pts',(11.4947643756634,30.,-33.881399636996));
#6389=CARTESIAN_POINT('Ctrl Pts',(11.4947643756634,35.,-33.881399636996));
#6390=CARTESIAN_POINT('Ctrl Pts',(11.7576085371176,30.,-33.9938609570724));
#6391=CARTESIAN_POINT('Ctrl Pts',(11.7576085371176,35.,-33.9938609570724));
#6392=CARTESIAN_POINT('Ctrl Pts',(12.0261290090793,30.,-34.1214149960264));
#6393=CARTESIAN_POINT('Ctrl Pts',(12.0261290090793,35.,-34.1214149960264));
#6394=CARTESIAN_POINT('Ctrl Pts',(12.2077952840362,30.,-34.2142611636915));
#6395=CARTESIAN_POINT('Ctrl Pts',(12.2077952840362,35.,-34.2142611636915));
#6396=CARTESIAN_POINT('Ctrl Pts',(12.4147604248649,30.,-34.3281129258557));
#6397=CARTESIAN_POINT('Ctrl Pts',(12.4147604248649,35.,-34.3281129258557));
#6398=CARTESIAN_POINT('Ctrl Pts',(12.554038188424,30.,-34.4093899781211));
#6399=CARTESIAN_POINT('Ctrl Pts',(12.554038188424,35.,-34.4093899781211));
#6400=CARTESIAN_POINT('Ctrl Pts',(12.6942736059128,30.,-34.4952065951184));
#6401=CARTESIAN_POINT('Ctrl Pts',(12.6942736059128,35.,-34.4952065951184));
#6402=CARTESIAN_POINT('Ctrl Pts',(12.7881393328342,30.,-34.5546707008231));
#6403=CARTESIAN_POINT('Ctrl Pts',(12.7881393328342,35.,-34.5546707008231));
#6404=CARTESIAN_POINT('Ctrl Pts',(12.90623827809,30.,-34.6321287356035));
#6405=CARTESIAN_POINT('Ctrl Pts',(12.90623827809,35.,-34.6321287356035));
#6406=CARTESIAN_POINT('Ctrl Pts',(13.0001565699148,30.,-34.6958984638119));
#6407=CARTESIAN_POINT('Ctrl Pts',(13.0001565699148,35.,-34.6958984638119));
#6408=CARTESIAN_POINT('Ctrl Pts',(13.1161103137523,30.,-34.77738773095));
#6409=CARTESIAN_POINT('Ctrl Pts',(13.1161103137523,35.,-34.77738773095));
#6410=CARTESIAN_POINT('Ctrl Pts',(13.2308107400034,30.,-34.8607674280989));
#6411=CARTESIAN_POINT('Ctrl Pts',(13.2308107400034,35.,-34.8607674280989));
#6412=CARTESIAN_POINT('Ctrl Pts',(13.321131381514,30.,-34.9294101932693));
#6413=CARTESIAN_POINT('Ctrl Pts',(13.321131381514,35.,-34.9294101932693));
#6414=CARTESIAN_POINT('Ctrl Pts',(13.3659285602971,30.,-34.9642109864078));
#6415=CARTESIAN_POINT('Ctrl Pts',(13.3659285602971,35.,-34.9642109864078));
#6416=CARTESIAN_POINT('',(13.3659285602971,30.,-34.9642109864078));
#6417=CARTESIAN_POINT('',(7.80966299265218,30.,-33.3391732490527));
#6418=CARTESIAN_POINT('Ctrl Pts',(13.3659285602971,30.,-34.9642109864078));
#6419=CARTESIAN_POINT('Ctrl Pts',(13.321131381514,30.,-34.9294101932693));
#6420=CARTESIAN_POINT('Ctrl Pts',(13.2308107400034,30.,-34.8607674280989));
#6421=CARTESIAN_POINT('Ctrl Pts',(13.1161103137523,30.,-34.77738773095));
#6422=CARTESIAN_POINT('Ctrl Pts',(13.0001565699148,30.,-34.6958984638119));
#6423=CARTESIAN_POINT('Ctrl Pts',(12.90623827809,30.,-34.6321287356035));
#6424=CARTESIAN_POINT('Ctrl Pts',(12.7881393328342,30.,-34.5546707008231));
#6425=CARTESIAN_POINT('Ctrl Pts',(12.6942736059128,30.,-34.4952065951184));
#6426=CARTESIAN_POINT('Ctrl Pts',(12.554038188424,30.,-34.4093899781211));
#6427=CARTESIAN_POINT('Ctrl Pts',(12.4147604248649,30.,-34.3281129258557));
#6428=CARTESIAN_POINT('Ctrl Pts',(12.2077952840362,30.,-34.2142611636915));
#6429=CARTESIAN_POINT('Ctrl Pts',(12.0261290090793,30.,-34.1214149960264));
#6430=CARTESIAN_POINT('Ctrl Pts',(11.7576085371176,30.,-33.9938609570724));
#6431=CARTESIAN_POINT('Ctrl Pts',(11.4947643756634,30.,-33.881399636996));
#6432=CARTESIAN_POINT('Ctrl Pts',(11.1555967839638,30.,-33.7539742597228));
#6433=CARTESIAN_POINT('Ctrl Pts',(10.9106170111877,30.,-33.6740027348301));
#6434=CARTESIAN_POINT('Ctrl Pts',(10.6742725785303,30.,-33.6049661830318));
#6435=CARTESIAN_POINT('Ctrl Pts',(10.5212100970588,30.,-33.564153016771));
#6436=CARTESIAN_POINT('Ctrl Pts',(10.3545081077599,30.,-33.5235282850474));
#6437=CARTESIAN_POINT('Ctrl Pts',(10.2465140645255,30.,-33.4992201624263));
#6438=CARTESIAN_POINT('Ctrl Pts',(10.1412198197013,30.,-33.4769497142838));
#6439=CARTESIAN_POINT('Ctrl Pts',(10.0723140916686,30.,-33.4630754993829));
#6440=CARTESIAN_POINT('Ctrl Pts',(9.98820608561636,30.,-33.4469307708073));
#6441=CARTESIAN_POINT('Ctrl Pts',(9.9209828592109,30.,-33.4346895749146));
#6442=CARTESIAN_POINT('Ctrl Pts',(9.83674599942232,30.,-33.4201787239676));
#6443=CARTESIAN_POINT('Ctrl Pts',(9.76926421131263,30.,-33.4092152610811));
#6444=CARTESIAN_POINT('Ctrl Pts',(9.63408921319731,30.,-33.3885718485508));
#6445=CARTESIAN_POINT('Ctrl Pts',(9.46464286075098,30.,-33.3659828099297));
#6446=CARTESIAN_POINT('Ctrl Pts',(9.17560500040233,30.,-33.3357880107863));
#6447=CARTESIAN_POINT('Ctrl Pts',(8.90262178019675,30.,-33.3176819331875));
#6448=CARTESIAN_POINT('Ctrl Pts',(8.56086855092155,30.,-33.3079630942656));
#6449=CARTESIAN_POINT('Ctrl Pts',(8.21892632110101,30.,-33.3111683922657));
#6450=CARTESIAN_POINT('Ctrl Pts',(7.94588114116193,30.,-33.3275358202964));
#6451=CARTESIAN_POINT('Ctrl Pts',(7.80966299265218,30.,-33.3391732490527));
#6452=CARTESIAN_POINT('',(13.3659285602971,35.,-34.9642109864078));
#6453=CARTESIAN_POINT('',(13.3659285602971,30.,-34.9642109864078));
#6454=CARTESIAN_POINT('',(7.80966299265218,35.,-33.3391732490527));
#6455=CARTESIAN_POINT('Ctrl Pts',(7.80966299265218,35.,-33.3391732490527));
#6456=CARTESIAN_POINT('Ctrl Pts',(7.94588114116193,35.,-33.3275358202964));
#6457=CARTESIAN_POINT('Ctrl Pts',(8.21892632110101,35.,-33.3111683922657));
#6458=CARTESIAN_POINT('Ctrl Pts',(8.56086855092155,35.,-33.3079630942656));
#6459=CARTESIAN_POINT('Ctrl Pts',(8.90262178019675,35.,-33.3176819331875));
#6460=CARTESIAN_POINT('Ctrl Pts',(9.17560500040233,35.,-33.3357880107863));
#6461=CARTESIAN_POINT('Ctrl Pts',(9.46464286075098,35.,-33.3659828099297));
#6462=CARTESIAN_POINT('Ctrl Pts',(9.63408921319731,35.,-33.3885718485508));
#6463=CARTESIAN_POINT('Ctrl Pts',(9.76926421131263,35.,-33.4092152610811));
#6464=CARTESIAN_POINT('Ctrl Pts',(9.83674599942232,35.,-33.4201787239676));
#6465=CARTESIAN_POINT('Ctrl Pts',(9.9209828592109,35.,-33.4346895749146));
#6466=CARTESIAN_POINT('Ctrl Pts',(9.98820608561636,35.,-33.4469307708073));
#6467=CARTESIAN_POINT('Ctrl Pts',(10.0723140916686,35.,-33.4630754993829));
#6468=CARTESIAN_POINT('Ctrl Pts',(10.1412198197013,35.,-33.4769497142838));
#6469=CARTESIAN_POINT('Ctrl Pts',(10.2465140645255,35.,-33.4992201624263));
#6470=CARTESIAN_POINT('Ctrl Pts',(10.3545081077599,35.,-33.5235282850474));
#6471=CARTESIAN_POINT('Ctrl Pts',(10.5212100970588,35.,-33.564153016771));
#6472=CARTESIAN_POINT('Ctrl Pts',(10.6742725785303,35.,-33.6049661830318));
#6473=CARTESIAN_POINT('Ctrl Pts',(10.9106170111877,35.,-33.6740027348301));
#6474=CARTESIAN_POINT('Ctrl Pts',(11.1555967839638,35.,-33.7539742597228));
#6475=CARTESIAN_POINT('Ctrl Pts',(11.4947643756634,35.,-33.881399636996));
#6476=CARTESIAN_POINT('Ctrl Pts',(11.7576085371176,35.,-33.9938609570724));
#6477=CARTESIAN_POINT('Ctrl Pts',(12.0261290090793,35.,-34.1214149960264));
#6478=CARTESIAN_POINT('Ctrl Pts',(12.2077952840362,35.,-34.2142611636915));
#6479=CARTESIAN_POINT('Ctrl Pts',(12.4147604248649,35.,-34.3281129258557));
#6480=CARTESIAN_POINT('Ctrl Pts',(12.554038188424,35.,-34.4093899781211));
#6481=CARTESIAN_POINT('Ctrl Pts',(12.6942736059128,35.,-34.4952065951184));
#6482=CARTESIAN_POINT('Ctrl Pts',(12.7881393328342,35.,-34.5546707008231));
#6483=CARTESIAN_POINT('Ctrl Pts',(12.90623827809,35.,-34.6321287356035));
#6484=CARTESIAN_POINT('Ctrl Pts',(13.0001565699148,35.,-34.6958984638119));
#6485=CARTESIAN_POINT('Ctrl Pts',(13.1161103137523,35.,-34.77738773095));
#6486=CARTESIAN_POINT('Ctrl Pts',(13.2308107400034,35.,-34.8607674280989));
#6487=CARTESIAN_POINT('Ctrl Pts',(13.321131381514,35.,-34.9294101932693));
#6488=CARTESIAN_POINT('Ctrl Pts',(13.3659285602971,35.,-34.9642109864078));
#6489=CARTESIAN_POINT('',(7.80966299265218,30.,-33.3391732490527));
#6490=CARTESIAN_POINT('Origin',(1.67790892916884,30.,-47.5632601836608));
#6491=CARTESIAN_POINT('',(1.67790892916884,30.,-47.5632601836608));
#6492=CARTESIAN_POINT('',(0.596508500535389,30.,-50.0718300885774));
#6493=CARTESIAN_POINT('',(1.67790892916884,35.,-47.5632601836608));
#6494=CARTESIAN_POINT('',(1.67790892916884,35.,-47.5632601836608));
#6495=CARTESIAN_POINT('',(1.67790892916884,30.,-47.5632601836608));
#6496=CARTESIAN_POINT('Ctrl Pts',(3.70623758233984,30.,-54.630508894691));
#6497=CARTESIAN_POINT('Ctrl Pts',(1.98182949061382,30.,-51.3358168325481));
#6498=CARTESIAN_POINT('Ctrl Pts',(1.67790892916883,30.,-47.5632601836608));
#6499=CARTESIAN_POINT('Ctrl Pts',(3.70623758233984,35.,-54.630508894691));
#6500=CARTESIAN_POINT('Ctrl Pts',(1.98182949061382,35.,-51.3358168325481));
#6501=CARTESIAN_POINT('Ctrl Pts',(1.67790892916883,35.,-47.5632601836608));
#6502=CARTESIAN_POINT('',(3.70623758233984,30.,-54.630508894691));
#6503=CARTESIAN_POINT('Origin',(14.6450707351017,30.,-47.0757903169013));
#6504=CARTESIAN_POINT('',(3.70623758233984,35.,-54.630508894691));
#6505=CARTESIAN_POINT('Origin',(14.6450707351017,34.9999999999998,-47.0757903169013));
#6506=CARTESIAN_POINT('',(3.70623758233984,30.,-54.630508894691));
#6507=CARTESIAN_POINT('Ctrl Pts',(11.6582093199595,30.,-60.7140382677127));
#6508=CARTESIAN_POINT('Ctrl Pts',(11.6582093199595,35.,-60.7140382677127));
#6509=CARTESIAN_POINT('Ctrl Pts',(11.3185508759332,30.,-60.6411481570061));
#6510=CARTESIAN_POINT('Ctrl Pts',(11.3185508759332,35.,-60.6411481570061));
#6511=CARTESIAN_POINT('Ctrl Pts',(10.6546795492801,30.,-60.4671584663898));
#6512=CARTESIAN_POINT('Ctrl Pts',(10.6546795492801,35.,-60.4671584663898));
#6513=CARTESIAN_POINT('Ctrl Pts',(9.86284850885177,30.,-60.1830443952227));
#6514=CARTESIAN_POINT('Ctrl Pts',(9.86284850885177,35.,-60.1830443952227));
#6515=CARTESIAN_POINT('Ctrl Pts',(9.17556288035921,30.,-59.8849130208525));
#6516=CARTESIAN_POINT('Ctrl Pts',(9.17556288035921,35.,-59.8849130208525));
#6517=CARTESIAN_POINT('Ctrl Pts',(8.73135374771028,30.,-59.6632525307824));
#6518=CARTESIAN_POINT('Ctrl Pts',(8.73135374771028,35.,-59.6632525307824));
#6519=CARTESIAN_POINT('Ctrl Pts',(8.29836158904296,30.,-59.4241325494727));
#6520=CARTESIAN_POINT('Ctrl Pts',(8.29836158904296,35.,-59.4241325494727));
#6521=CARTESIAN_POINT('Ctrl Pts',(8.01516707962841,30.,-59.2560548860118));
#6522=CARTESIAN_POINT('Ctrl Pts',(8.01516707962841,35.,-59.2560548860118));
#6523=CARTESIAN_POINT('Ctrl Pts',(7.66859232872552,30.,-59.035776116217));
#6524=CARTESIAN_POINT('Ctrl Pts',(7.66859232872552,35.,-59.035776116217));
#6525=CARTESIAN_POINT('Ctrl Pts',(7.39778327463781,30.,-58.8515387399603));
#6526=CARTESIAN_POINT('Ctrl Pts',(7.39778327463781,35.,-58.8515387399603));
#6527=CARTESIAN_POINT('Ctrl Pts',(7.06714060115785,30.,-58.6110965654696));
#6528=CARTESIAN_POINT('Ctrl Pts',(7.06714060115785,35.,-58.6110965654696));
#6529=CARTESIAN_POINT('Ctrl Pts',(6.80899050655341,30.,-58.4106369736694));
#6530=CARTESIAN_POINT('Ctrl Pts',(6.80899050655341,35.,-58.4106369736694));
#6531=CARTESIAN_POINT('Ctrl Pts',(6.49427939446391,30.,-58.1498865199706));
#6532=CARTESIAN_POINT('Ctrl Pts',(6.49427939446391,35.,-58.1498865199706));
#6533=CARTESIAN_POINT('Ctrl Pts',(6.24890727757631,30.,-57.9331237752154));
#6534=CARTESIAN_POINT('Ctrl Pts',(6.24890727757631,35.,-57.9331237752154));
#6535=CARTESIAN_POINT('Ctrl Pts',(5.98012439141272,30.,-57.6800666275463));
#6536=CARTESIAN_POINT('Ctrl Pts',(5.98012439141272,35.,-57.6800666275463));
#6537=CARTESIAN_POINT('Ctrl Pts',(5.80493864273038,30.,-57.5061917738163));
#6538=CARTESIAN_POINT('Ctrl Pts',(5.80493864273038,35.,-57.5061917738163));
#6539=CARTESIAN_POINT('Ctrl Pts',(5.64738382175127,30.,-57.3430879120588));
#6540=CARTESIAN_POINT('Ctrl Pts',(5.64738382175127,35.,-57.3430879120588));
#6541=CARTESIAN_POINT('Ctrl Pts',(5.5623935152001,30.,-57.2527599173124));
#6542=CARTESIAN_POINT('Ctrl Pts',(5.5623935152001,35.,-57.2527599173124));
#6543=CARTESIAN_POINT('Ctrl Pts',(5.47834663729463,30.,-57.1615348725717));
#6544=CARTESIAN_POINT('Ctrl Pts',(5.47834663729463,35.,-57.1615348725717));
#6545=CARTESIAN_POINT('Ctrl Pts',(5.42341971138105,30.,-57.100970539625));
#6546=CARTESIAN_POINT('Ctrl Pts',(5.42341971138105,35.,-57.100970539625));
#6547=CARTESIAN_POINT('Ctrl Pts',(5.31556824608097,30.,-56.9802093940962));
#6548=CARTESIAN_POINT('Ctrl Pts',(5.31556824608097,35.,-56.9802093940962));
#6549=CARTESIAN_POINT('Ctrl Pts',(5.18588399452589,30.,-56.8304151026894));
#6550=CARTESIAN_POINT('Ctrl Pts',(5.18588399452589,35.,-56.8304151026894));
#6551=CARTESIAN_POINT('Ctrl Pts',(4.97822432858151,30.,-56.5797613650175));
#6552=CARTESIAN_POINT('Ctrl Pts',(4.97822432858151,35.,-56.5797613650175));
#6553=CARTESIAN_POINT('Ctrl Pts',(4.7987512379984,30.,-56.3501177801831));
#6554=CARTESIAN_POINT('Ctrl Pts',(4.7987512379984,35.,-56.3501177801831));
#6555=CARTESIAN_POINT('Ctrl Pts',(4.55296549103987,30.,-56.0185558455028));
#6556=CARTESIAN_POINT('Ctrl Pts',(4.55296549103987,35.,-56.0185558455028));
#6557=CARTESIAN_POINT('Ctrl Pts',(4.33808809838927,30.,-55.7065799864125));
#6558=CARTESIAN_POINT('Ctrl Pts',(4.33808809838927,35.,-55.7065799864125));
#6559=CARTESIAN_POINT('Ctrl Pts',(4.10132933069512,30.,-55.3350116984863));
#6560=CARTESIAN_POINT('Ctrl Pts',(4.10132933069512,35.,-55.3350116984863));
#6561=CARTESIAN_POINT('Ctrl Pts',(3.96016921798972,30.,-55.0955382212315));
#6562=CARTESIAN_POINT('Ctrl Pts',(3.96016921798972,35.,-55.0955382212315));
#6563=CARTESIAN_POINT('Ctrl Pts',(3.84684047006213,30.,-54.8941079224668));
#6564=CARTESIAN_POINT('Ctrl Pts',(3.84684047006213,35.,-54.8941079224668));
#6565=CARTESIAN_POINT('Ctrl Pts',(3.76946589555311,30.,-54.7513080255864));
#6566=CARTESIAN_POINT('Ctrl Pts',(3.76946589555311,35.,-54.7513080255864));
#6567=CARTESIAN_POINT('Ctrl Pts',(3.72486621254106,30.,-54.6661029243004));
#6568=CARTESIAN_POINT('Ctrl Pts',(3.72486621254106,35.,-54.6661029243004));
#6569=CARTESIAN_POINT('Ctrl Pts',(3.70623758233984,30.,-54.630508894691));
#6570=CARTESIAN_POINT('Ctrl Pts',(3.70623758233984,35.,-54.630508894691));
#6571=CARTESIAN_POINT('',(11.6582093199595,30.,-60.7140382677127));
#6572=CARTESIAN_POINT('Ctrl Pts',(3.70623758233984,30.,-54.630508894691));
#6573=CARTESIAN_POINT('Ctrl Pts',(3.72486621254106,30.,-54.6661029243004));
#6574=CARTESIAN_POINT('Ctrl Pts',(3.76946589555311,30.,-54.7513080255864));
#6575=CARTESIAN_POINT('Ctrl Pts',(3.84684047006213,30.,-54.8941079224668));
#6576=CARTESIAN_POINT('Ctrl Pts',(3.96016921798972,30.,-55.0955382212315));
#6577=CARTESIAN_POINT('Ctrl Pts',(4.10132933069512,30.,-55.3350116984863));
#6578=CARTESIAN_POINT('Ctrl Pts',(4.33808809838927,30.,-55.7065799864125));
#6579=CARTESIAN_POINT('Ctrl Pts',(4.55296549103987,30.,-56.0185558455028));
#6580=CARTESIAN_POINT('Ctrl Pts',(4.7987512379984,30.,-56.3501177801831));
#6581=CARTESIAN_POINT('Ctrl Pts',(4.97822432858151,30.,-56.5797613650175));
#6582=CARTESIAN_POINT('Ctrl Pts',(5.18588399452589,30.,-56.8304151026894));
#6583=CARTESIAN_POINT('Ctrl Pts',(5.31556824608097,30.,-56.9802093940962));
#6584=CARTESIAN_POINT('Ctrl Pts',(5.42341971138105,30.,-57.100970539625));
#6585=CARTESIAN_POINT('Ctrl Pts',(5.47834663729463,30.,-57.1615348725717));
#6586=CARTESIAN_POINT('Ctrl Pts',(5.5623935152001,30.,-57.2527599173124));
#6587=CARTESIAN_POINT('Ctrl Pts',(5.64738382175127,30.,-57.3430879120588));
#6588=CARTESIAN_POINT('Ctrl Pts',(5.80493864273038,30.,-57.5061917738163));
#6589=CARTESIAN_POINT('Ctrl Pts',(5.98012439141272,30.,-57.6800666275463));
#6590=CARTESIAN_POINT('Ctrl Pts',(6.24890727757631,30.,-57.9331237752154));
#6591=CARTESIAN_POINT('Ctrl Pts',(6.49427939446391,30.,-58.1498865199706));
#6592=CARTESIAN_POINT('Ctrl Pts',(6.80899050655341,30.,-58.4106369736694));
#6593=CARTESIAN_POINT('Ctrl Pts',(7.06714060115785,30.,-58.6110965654696));
#6594=CARTESIAN_POINT('Ctrl Pts',(7.39778327463781,30.,-58.8515387399603));
#6595=CARTESIAN_POINT('Ctrl Pts',(7.66859232872552,30.,-59.035776116217));
#6596=CARTESIAN_POINT('Ctrl Pts',(8.01516707962841,30.,-59.2560548860118));
#6597=CARTESIAN_POINT('Ctrl Pts',(8.29836158904296,30.,-59.4241325494727));
#6598=CARTESIAN_POINT('Ctrl Pts',(8.73135374771028,30.,-59.6632525307824));
#6599=CARTESIAN_POINT('Ctrl Pts',(9.17556288035921,30.,-59.8849130208525));
#6600=CARTESIAN_POINT('Ctrl Pts',(9.86284850885177,30.,-60.1830443952227));
#6601=CARTESIAN_POINT('Ctrl Pts',(10.6546795492801,30.,-60.4671584663898));
#6602=CARTESIAN_POINT('Ctrl Pts',(11.3185508759332,30.,-60.6411481570061));
#6603=CARTESIAN_POINT('Ctrl Pts',(11.6582093199595,30.,-60.7140382677127));
#6604=CARTESIAN_POINT('',(11.6582093199595,35.,-60.7140382677127));
#6605=CARTESIAN_POINT('Ctrl Pts',(11.6582093199595,35.,-60.7140382677127));
#6606=CARTESIAN_POINT('Ctrl Pts',(11.3185508759332,35.,-60.6411481570061));
#6607=CARTESIAN_POINT('Ctrl Pts',(10.6546795492801,35.,-60.4671584663898));
#6608=CARTESIAN_POINT('Ctrl Pts',(9.86284850885177,35.,-60.1830443952227));
#6609=CARTESIAN_POINT('Ctrl Pts',(9.17556288035921,35.,-59.8849130208525));
#6610=CARTESIAN_POINT('Ctrl Pts',(8.73135374771028,35.,-59.6632525307824));
#6611=CARTESIAN_POINT('Ctrl Pts',(8.29836158904296,35.,-59.4241325494727));
#6612=CARTESIAN_POINT('Ctrl Pts',(8.01516707962841,35.,-59.2560548860118));
#6613=CARTESIAN_POINT('Ctrl Pts',(7.66859232872552,35.,-59.035776116217));
#6614=CARTESIAN_POINT('Ctrl Pts',(7.39778327463781,35.,-58.8515387399603));
#6615=CARTESIAN_POINT('Ctrl Pts',(7.06714060115785,35.,-58.6110965654696));
#6616=CARTESIAN_POINT('Ctrl Pts',(6.80899050655341,35.,-58.4106369736694));
#6617=CARTESIAN_POINT('Ctrl Pts',(6.49427939446391,35.,-58.1498865199706));
#6618=CARTESIAN_POINT('Ctrl Pts',(6.24890727757631,35.,-57.9331237752154));
#6619=CARTESIAN_POINT('Ctrl Pts',(5.98012439141272,35.,-57.6800666275463));
#6620=CARTESIAN_POINT('Ctrl Pts',(5.80493864273038,35.,-57.5061917738163));
#6621=CARTESIAN_POINT('Ctrl Pts',(5.64738382175127,35.,-57.3430879120588));
#6622=CARTESIAN_POINT('Ctrl Pts',(5.5623935152001,35.,-57.2527599173124));
#6623=CARTESIAN_POINT('Ctrl Pts',(5.47834663729463,35.,-57.1615348725717));
#6624=CARTESIAN_POINT('Ctrl Pts',(5.42341971138105,35.,-57.100970539625));
#6625=CARTESIAN_POINT('Ctrl Pts',(5.31556824608097,35.,-56.9802093940962));
#6626=CARTESIAN_POINT('Ctrl Pts',(5.18588399452589,35.,-56.8304151026894));
#6627=CARTESIAN_POINT('Ctrl Pts',(4.97822432858151,35.,-56.5797613650175));
#6628=CARTESIAN_POINT('Ctrl Pts',(4.7987512379984,35.,-56.3501177801831));
#6629=CARTESIAN_POINT('Ctrl Pts',(4.55296549103987,35.,-56.0185558455028));
#6630=CARTESIAN_POINT('Ctrl Pts',(4.33808809838927,35.,-55.7065799864125));
#6631=CARTESIAN_POINT('Ctrl Pts',(4.10132933069512,35.,-55.3350116984863));
#6632=CARTESIAN_POINT('Ctrl Pts',(3.96016921798972,35.,-55.0955382212315));
#6633=CARTESIAN_POINT('Ctrl Pts',(3.84684047006213,35.,-54.8941079224668));
#6634=CARTESIAN_POINT('Ctrl Pts',(3.76946589555311,35.,-54.7513080255864));
#6635=CARTESIAN_POINT('Ctrl Pts',(3.72486621254106,35.,-54.6661029243004));
#6636=CARTESIAN_POINT('Ctrl Pts',(3.70623758233984,35.,-54.630508894691));
#6637=CARTESIAN_POINT('',(11.6582093199595,30.,-60.7140382677127));
#6638=CARTESIAN_POINT('Origin',(13.2185725899926,30.,-53.4429481942107));
#6639=CARTESIAN_POINT('',(16.8762339137801,30.,-59.9178997795059));
#6640=CARTESIAN_POINT('Origin',(13.2185725899926,30.,-53.4429481942107));
#6641=CARTESIAN_POINT('',(16.8762339137801,35.,-59.9178997795059));
#6642=CARTESIAN_POINT('Origin',(13.2185725899926,35.,-53.4429481942107));
#6643=CARTESIAN_POINT('',(16.8762339137801,30.,-59.9178997795059));
#6644=CARTESIAN_POINT('Origin',(17.0821856855617,30.,-40.2679689390041));
#6645=CARTESIAN_POINT('',(17.0821856855617,30.,-40.2679689390041));
#6646=CARTESIAN_POINT('',(17.0383907847268,30.,-44.4464558008936));
#6647=CARTESIAN_POINT('',(17.0821856855617,35.,-40.2679689390041));
#6648=CARTESIAN_POINT('',(17.0989505480118,35.,-38.6684275277059));
#6649=CARTESIAN_POINT('',(17.0821856855617,30.,-40.2679689390041));
#6650=CARTESIAN_POINT('Origin',(3.98149915147378,30.,-45.4935678832755));
#6651=CARTESIAN_POINT('Origin',(3.98149915147378,30.,-45.4935678832755));
#6652=CARTESIAN_POINT('Origin',(3.98149915147378,35.,-45.4935678832755));
#6653=CARTESIAN_POINT('Origin',(9.38004730736527,35.,-47.0937712706827));
#6654=CARTESIAN_POINT('Origin',(8.11952779030267,133.,-3.38670189351773));
#6655=CARTESIAN_POINT('',(4.61952779030267,133.,-3.38670189351773));
#6656=CARTESIAN_POINT('Origin',(8.11952779030267,133.,-3.38670189351773));
#6657=CARTESIAN_POINT('',(4.61952779030267,131.5,-3.38670189351773));
#6658=CARTESIAN_POINT('',(4.61952779030267,133.,-3.38670189351773));
#6659=CARTESIAN_POINT('Origin',(8.11952779030267,131.5,-3.38670189351773));
#6660=CARTESIAN_POINT('Origin',(8.11952779030267,131.5,-3.38670189351773));
#6661=CARTESIAN_POINT('',(6.36952779030267,131.5,-3.38670189351773));
#6662=CARTESIAN_POINT('Origin',(8.11952779030267,131.5,-3.38670189351773));
#6663=CARTESIAN_POINT('Origin',(16.7928891479732,133.,0.));
#6664=CARTESIAN_POINT('',(20.2834753144792,133.,-0.256531117403767));
#6665=CARTESIAN_POINT('',(14.4410237271245,133.,2.5920511264665));
#6666=CARTESIAN_POINT('Ctrl Pts',(20.2834753144792,133.,-0.256531117403767));
#6667=CARTESIAN_POINT('Ctrl Pts',(20.2844993539638,133.,-0.242597142862807));
#6668=CARTESIAN_POINT('Ctrl Pts',(20.2854400305811,132.999974751918,-0.228656018711674));
#6669=CARTESIAN_POINT('Ctrl Pts',(20.3149543712999,132.998248539934,0.25155410894167));
#6670=CARTESIAN_POINT('Ctrl Pts',(20.2452203147556,132.967444940058,0.724320814835157));
#6671=CARTESIAN_POINT('Ctrl Pts',(19.9590022004186,132.893876368505,1.55519585626806));
#6672=CARTESIAN_POINT('Ctrl Pts',(19.7237950943524,132.846437044886,1.96909555035125));
#6673=CARTESIAN_POINT('Ctrl Pts',(19.1058565902591,132.776006384586,2.66790691715411));
#6674=CARTESIAN_POINT('Ctrl Pts',(18.7229322041143,132.754810798465,2.95282775629131));
#6675=CARTESIAN_POINT('Ctrl Pts',(17.9290999162989,132.754810798465,3.33987359242221));
#6676=CARTESIAN_POINT('Ctrl Pts',(17.4670196281537,132.776172955733,3.46621166692533));
#6677=CARTESIAN_POINT('Ctrl Pts',(16.5325457892297,132.84701957297,3.52154764619748));
#6678=CARTESIAN_POINT('Ctrl Pts',(16.0600239495557,132.894684507352,3.45069350824461));
#6679=CARTESIAN_POINT('Ctrl Pts',(15.2299461442274,132.968016057129,3.16211780264523));
#6680=CARTESIAN_POINT('Ctrl Pts',(14.8165499788449,132.998467555677,2.925879956535));
#6681=CARTESIAN_POINT('Ctrl Pts',(14.4593134197684,132.999980374085,2.60855823879358));
#6682=CARTESIAN_POINT('Ctrl Pts',(14.4501464472666,133.,2.60032851336958));
#6683=CARTESIAN_POINT('Ctrl Pts',(14.4410237271245,133.,2.5920511264665));
#6684=CARTESIAN_POINT('',(13.2928891479732,133.,-4.28626379701574E-16));
#6685=CARTESIAN_POINT('Origin',(16.7928891479732,133.,0.));
#6686=CARTESIAN_POINT('',(13.2928891479732,131.5,-4.28626379701574E-16));
#6687=CARTESIAN_POINT('',(13.2928891479732,133.,-4.28626379701574E-16));
#6688=CARTESIAN_POINT('Origin',(16.7928891479732,131.5,0.));
#6689=CARTESIAN_POINT('Origin',(16.7928891479732,133.,0.));
#6690=CARTESIAN_POINT('Origin',(16.7928891479732,131.5,0.));
#6691=CARTESIAN_POINT('',(15.0428891479732,131.5,2.14313189850787E-16));
#6692=CARTESIAN_POINT('Origin',(16.7928891479732,131.5,0.));
#6693=CARTESIAN_POINT('Origin',(2.73204610048857,123.,8.30095350458798));
#6694=CARTESIAN_POINT('',(-0.175157359986127,133.,9.71840781002894));
#6695=CARTESIAN_POINT('',(2.73204610048857,133.,8.30095350458798));
#6696=CARTESIAN_POINT('',(5.07333700258434,129.999999968002,15.1044656137056));
#6697=CARTESIAN_POINT('Ctrl Pts',(5.07333699188516,129.999999951692,15.1044656018144));
#6698=CARTESIAN_POINT('Ctrl Pts',(4.30154418003172,131.131664724903,14.2466891902209));
#6699=CARTESIAN_POINT('Ctrl Pts',(2.61982919932656,132.585592306659,12.436542910025));
#6700=CARTESIAN_POINT('Ctrl Pts',(0.670161532384768,133.,10.5180579804613));
#6701=CARTESIAN_POINT('Ctrl Pts',(-0.17515735998627,133.,9.71840781002879));
#6702=CARTESIAN_POINT('',(29.0233274047393,129.999999999995,3.42725840230771));
#6703=CARTESIAN_POINT('',(5.86177971558205,130.,14.7200474826003));
#6704=CARTESIAN_POINT('',(24.4913897191094,133.,-2.30816818748218));
#6705=CARTESIAN_POINT('Ctrl Pts',(24.4913897191094,133.,-2.30816818748218));
#6706=CARTESIAN_POINT('Ctrl Pts',(25.0407064130319,133.,-1.26383377534982));
#6707=CARTESIAN_POINT('Ctrl Pts',(26.4765252354528,132.507086411346,1.0633229794139));
#6708=CARTESIAN_POINT('Ctrl Pts',(28.1135577743818,131.024682168419,2.75296618118977));
#6709=CARTESIAN_POINT('Ctrl Pts',(29.0233285428521,129.999996096712,3.42725093504549));
#6710=CARTESIAN_POINT('',(2.73204610048857,133.,8.30095350458798));
#6711=CARTESIAN_POINT('Origin',(16.7928891479732,133.,0.));
#6712=CARTESIAN_POINT('',(15.0428891479732,130.,-2.14313189850787E-16));
#6713=CARTESIAN_POINT('',(15.0428891479732,133.,-2.14313189850787E-16));
#6714=CARTESIAN_POINT('Origin',(16.7928891479732,130.,0.));
#6715=CARTESIAN_POINT('Origin',(8.11952779030267,133.,-3.38670189351773));
#6716=CARTESIAN_POINT('',(6.36952779030267,130.,-3.38670189351773));
#6717=CARTESIAN_POINT('',(6.36952779030267,133.,-3.38670189351773));
#6718=CARTESIAN_POINT('Origin',(8.11952779030267,130.,-3.38670189351773));
#6719=CARTESIAN_POINT('Origin',(-2.82475611538639,133.,-0.556197035920918));
#6720=CARTESIAN_POINT('',(18.3471452406421,133.,-16.5630737299244));
#6721=CARTESIAN_POINT('Origin',(96.1627076937275,133.,-3.8198449253801));
#6722=CARTESIAN_POINT('',(1.,133.,-23.4514884342259));
#6723=CARTESIAN_POINT('Origin',(11.,133.,-23.4514884342259));
#6724=CARTESIAN_POINT('',(1.,133.,-31.2903905728776));
#6725=CARTESIAN_POINT('',(1.,133.,-20.0705311857472));
#6726=CARTESIAN_POINT('',(-20.6495122307728,133.,-31.2903905728775));
#6727=CARTESIAN_POINT('',(3.25914172369325,133.,-31.2903905728776));
#6728=CARTESIAN_POINT('',(-20.6495122307728,133.,0.766455531218124));
#6729=CARTESIAN_POINT('',(-20.6495122307728,133.,-16.4232938043992));
#6730=CARTESIAN_POINT('Origin',(-31.1851659836255,133.,52.7527740152539));
#6731=CARTESIAN_POINT('Origin',(11.,134.119861432148,-23.6489502193684));
#6732=CARTESIAN_POINT('',(1.,130.,-22.9225074921005));
#6733=CARTESIAN_POINT('',(19.4663162830678,130.,-17.518616507068));
#6734=CARTESIAN_POINT('Origin',(11.,130.,-22.9225074921005));
#6735=CARTESIAN_POINT('',(1.,134.119861432148,-23.6489502193684));
#6736=CARTESIAN_POINT('',(19.1199427620237,132.159909027162,-17.3766639625124));
#6737=CARTESIAN_POINT('Ctrl Pts',(19.1199427621151,132.159909027313,-17.3766639662067));
#6738=CARTESIAN_POINT('Ctrl Pts',(19.1055290042783,132.252302750597,-17.3725937373408));
#6739=CARTESIAN_POINT('Ctrl Pts',(19.0820376477415,132.341212309857,-17.3552038463765));
#6740=CARTESIAN_POINT('Ctrl Pts',(19.0177731507069,132.51020857207,-17.2964461390665));
#6741=CARTESIAN_POINT('Ctrl Pts',(18.9771980392846,132.588052868869,-17.2550479694166));
#6742=CARTESIAN_POINT('Ctrl Pts',(18.8588901751917,132.761890702902,-17.1292977853654));
#6743=CARTESIAN_POINT('Ctrl Pts',(18.7737352031688,132.844002566253,-17.0348805971295));
#6744=CARTESIAN_POINT('Ctrl Pts',(18.5763447496723,132.966844856169,-16.8160606747251));
#6745=CARTESIAN_POINT('Ctrl Pts',(18.4620103863675,133.,-16.6893973869974));
#6746=CARTESIAN_POINT('Ctrl Pts',(18.3471452406421,133.,-16.5630737299244));
#6747=CARTESIAN_POINT('Ctrl Pts',(19.4663162830678,130.,-17.518616507068));
#6748=CARTESIAN_POINT('Ctrl Pts',(19.3494421830088,130.712381451401,-17.455428020451));
#6749=CARTESIAN_POINT('Ctrl Pts',(19.2333231620202,131.433128585095,-17.4086808893261));
#6750=CARTESIAN_POINT('Ctrl Pts',(19.1199427621111,132.159909027339,-17.3766639662056));
#6751=CARTESIAN_POINT('Origin',(-2.82475611538639,130.,-0.556197035920918));
#6752=CARTESIAN_POINT('',(-19.8488493240123,130.,2.70960942712247));
#6753=CARTESIAN_POINT('',(-1.18774608647606,130.,11.123635219022));
#6754=CARTESIAN_POINT('Origin',(-31.1851659836255,130.,52.7527740152539));
#6755=CARTESIAN_POINT('',(-19.9914506805491,130.,2.67751929649614));
#6756=CARTESIAN_POINT('Origin',(-31.1851659836255,130.,52.7527740152539));
#6757=CARTESIAN_POINT('',(-15.6495122307728,130.,1.99031755047178));
#6758=CARTESIAN_POINT('Ctrl Pts',(-19.9914506805491,130.,2.67751929649614));
#6759=CARTESIAN_POINT('Ctrl Pts',(-18.5532114559832,130.,2.58556616576433));
#6760=CARTESIAN_POINT('Ctrl Pts',(-17.0773893743659,130.,2.30910005213052));
#6761=CARTESIAN_POINT('Ctrl Pts',(-15.662809213091,130.,1.99328967835421));
#6762=CARTESIAN_POINT('Ctrl Pts',(-15.6561605906979,130.,1.99180416894493));
#6763=CARTESIAN_POINT('Ctrl Pts',(-15.6495122307728,130.,1.99031755047178));
#6764=CARTESIAN_POINT('',(-15.6495122307728,130.,-31.2903905728775));
#6765=CARTESIAN_POINT('',(-15.6495122307728,130.,-16.0603480005273));
#6766=CARTESIAN_POINT('',(1.,130.,-31.2903905728776));
#6767=CARTESIAN_POINT('',(3.25914172369325,130.,-31.2903905728776));
#6768=CARTESIAN_POINT('',(1.,130.,-20.0705311857472));
#6769=CARTESIAN_POINT('',(29.1931076878052,129.999999996791,2.0857612466201));
#6770=CARTESIAN_POINT('Origin',(92.2843286576275,130.,-6.82495077383336));
#6771=CARTESIAN_POINT('Ctrl Pts',(29.0233274047296,130.,3.42725840230051));
#6772=CARTESIAN_POINT('Ctrl Pts',(29.081191574449,130.,3.39904578573803));
#6773=CARTESIAN_POINT('Ctrl Pts',(29.1353805560842,130.,3.36418389245506));
#6774=CARTESIAN_POINT('Ctrl Pts',(29.2316880113871,130.,3.2816335620883));
#6775=CARTESIAN_POINT('Ctrl Pts',(29.2732173113707,130.000000000005,3.23509519482013));
#6776=CARTESIAN_POINT('Ctrl Pts',(29.3589480328962,130.000000000005,3.1062464260055));
#6777=CARTESIAN_POINT('Ctrl Pts',(29.3927990194456,130.,3.02080674474556));
#6778=CARTESIAN_POINT('Ctrl Pts',(29.4325316352854,130.,2.81579033954888));
#6779=CARTESIAN_POINT('Ctrl Pts',(29.4279733286362,130.,2.69813408696876));
#6780=CARTESIAN_POINT('Ctrl Pts',(29.3730269139201,130.,2.42442966952218));
#6781=CARTESIAN_POINT('Ctrl Pts',(29.3025747640451,130.,2.2563806006635));
#6782=CARTESIAN_POINT('Ctrl Pts',(29.1931076815047,130.,2.08576124195976));
#6783=CARTESIAN_POINT('',(3.11880746983757,129.999999999957,15.2605004635637));
#6784=CARTESIAN_POINT('Ctrl Pts',(3.1188074698496,130.,15.2605004635109));
#6785=CARTESIAN_POINT('Ctrl Pts',(3.53582719612162,130.,15.3554776930346));
#6786=CARTESIAN_POINT('Ctrl Pts',(3.89157954554155,129.999999999772,15.3700321316163));
#6787=CARTESIAN_POINT('Ctrl Pts',(4.49705031192284,129.999999999772,15.3159139553214));
#6788=CARTESIAN_POINT('Ctrl Pts',(4.79666394713737,130.,15.2393619895831));
#6789=CARTESIAN_POINT('Ctrl Pts',(5.0733369589392,130.,15.104465565198));
#6790=CARTESIAN_POINT('',(2.13117691795384,129.999999999996,14.3122194324622));
#6791=CARTESIAN_POINT('Ctrl Pts',(2.13117691794992,130.,14.312219432454));
#6792=CARTESIAN_POINT('Ctrl Pts',(2.19952653046567,130.,14.4832622051594));
#6793=CARTESIAN_POINT('Ctrl Pts',(2.29204530614631,129.999999999987,14.6456325630023));
#6794=CARTESIAN_POINT('Ctrl Pts',(2.5054273953186,129.999999999987,14.9091876842053));
#6795=CARTESIAN_POINT('Ctrl Pts',(2.62016612077262,129.999999999999,15.0165335827969));
#6796=CARTESIAN_POINT('Ctrl Pts',(2.86313219035263,129.999999999999,15.1746337234758));
#6797=CARTESIAN_POINT('Ctrl Pts',(2.98752567427492,130.,15.2306007238931));
#6798=CARTESIAN_POINT('Ctrl Pts',(3.11880746981772,130.,15.2605004635037));
#6799=CARTESIAN_POINT('',(1.53382090972169,130.,12.6811557084446));
#6800=CARTESIAN_POINT('Origin',(29.8496691413898,130.,3.23576076058858));
#6801=CARTESIAN_POINT('Ctrl Pts',(-1.18774608647607,130.,11.123635219022));
#6802=CARTESIAN_POINT('Ctrl Pts',(-0.535732130107786,130.,11.5934680571146));
#6803=CARTESIAN_POINT('Ctrl Pts',(0.302503316596628,130.,12.1572433578652));
#6804=CARTESIAN_POINT('Ctrl Pts',(1.26022422522016,130.,12.5848115432732));
#6805=CARTESIAN_POINT('Ctrl Pts',(1.49151245255201,130.,12.6673066635419));
#6806=CARTESIAN_POINT('Ctrl Pts',(1.53366816404789,130.,12.681606015827));
#6807=CARTESIAN_POINT('Ctrl Pts',(1.53382089302787,130.,12.6811557140132));
#6808=CARTESIAN_POINT('Ctrl Pts',(1.80876016928666,129.850706258448,13.4773890022927));
#6809=CARTESIAN_POINT('Ctrl Pts',(2.13117691795328,129.704562043451,14.2568248156094));
#6810=CARTESIAN_POINT('Ctrl Pts',(1.53382089302787,130.731177411713,12.8182514787094));
#6811=CARTESIAN_POINT('Ctrl Pts',(1.80876016928666,130.581883670161,13.6144847669889));
#6812=CARTESIAN_POINT('Ctrl Pts',(2.13117691795328,130.435739455164,14.3939205803057));
#6813=CARTESIAN_POINT('',(1.85361011682676,130.566441484809,13.696843088864));
#6814=CARTESIAN_POINT('Ctrl Pts',(1.85364619052804,130.566536470387,13.6969039308672));
#6815=CARTESIAN_POINT('Ctrl Pts',(1.94636202782193,130.3917656728,13.9147775280693));
#6816=CARTESIAN_POINT('Ctrl Pts',(2.0392301190006,130.201896961596,14.1199014886372));
#6817=CARTESIAN_POINT('Ctrl Pts',(2.13121085085737,130.000048436556,14.3122540323583));
#6818=CARTESIAN_POINT('Ctrl Pts',(1.53382089302788,130.,12.6811557140132));
#6819=CARTESIAN_POINT('Ctrl Pts',(1.57529106506487,130.000000002221,12.8054769422897));
#6820=CARTESIAN_POINT('Ctrl Pts',(1.61676482017804,130.016350720527,12.9300731444217));
#6821=CARTESIAN_POINT('Ctrl Pts',(1.6941614580299,130.084910105333,13.1654852041375));
#6822=CARTESIAN_POINT('Ctrl Pts',(1.73009295337554,130.135694821774,13.2762329041117));
#6823=CARTESIAN_POINT('Ctrl Pts',(1.79277912829914,130.273755875714,13.4764076036077));
#6824=CARTESIAN_POINT('Ctrl Pts',(1.81904714336312,130.359703470199,13.5642925250807));
#6825=CARTESIAN_POINT('Ctrl Pts',(1.84395347260112,130.495109085255,13.6573380062486));
#6826=CARTESIAN_POINT('Ctrl Pts',(1.84925426705146,130.530162283167,13.6782640022157));
#6827=CARTESIAN_POINT('Ctrl Pts',(1.85361011682675,130.566441484809,13.696843088864));
#6828=CARTESIAN_POINT('Origin',(31.2375599322202,99.611047087397,-54.126155740733));
#6829=CARTESIAN_POINT('',(25.3286430641037,132.319133071709,-2.75219624834925));
#6830=CARTESIAN_POINT('Ctrl Pts',(25.3286430641037,132.319133071709,-2.75219624834925));
#6831=CARTESIAN_POINT('Ctrl Pts',(22.7445226364271,132.268392241053,-7.66124759260935));
#6832=CARTESIAN_POINT('Ctrl Pts',(20.6615748135463,132.214540874288,-12.5710757762693));
#6833=CARTESIAN_POINT('Ctrl Pts',(19.1199427631884,132.15990902735,-17.3766639628844));
#6834=CARTESIAN_POINT('Ctrl Pts',(29.1930474237835,129.999961212292,2.08534371882919));
#6835=CARTESIAN_POINT('Ctrl Pts',(28.4370298878117,130.769674264036,1.5246247438072));
#6836=CARTESIAN_POINT('Ctrl Pts',(27.0329835196019,131.93778946871,0.112901470546924));
#6837=CARTESIAN_POINT('Ctrl Pts',(25.8189014860305,132.328759604319,-1.82085274770644));
#6838=CARTESIAN_POINT('Ctrl Pts',(25.3286430641037,132.319133071709,-2.75219624834925));
#6839=CARTESIAN_POINT('Origin',(1.,131.309929634881,-39.5848653355735));
#6840=CARTESIAN_POINT('',(1.,131.,-32.2903905728776));
#6841=CARTESIAN_POINT('Origin',(1.,131.,-31.2903905728776));
#6842=CARTESIAN_POINT('',(1.,132.,-32.2903905728776));
#6843=CARTESIAN_POINT('',(1.,130.654964817441,-32.2903905728776));
#6844=CARTESIAN_POINT('Origin',(1.,132.,-31.2903905728776));
#6845=CARTESIAN_POINT('Ctrl Pts',(25.3286430641037,132.319133071709,-2.75219624834925));
#6846=CARTESIAN_POINT('Ctrl Pts',(22.7444281688268,132.268390386122,-7.66142705262817));
#6847=CARTESIAN_POINT('Ctrl Pts',(20.6614225217143,132.214536936999,-12.5714347531057));
#6848=CARTESIAN_POINT('Ctrl Pts',(19.1197736931913,132.159903035823,-17.3771909956257));
#6849=CARTESIAN_POINT('Ctrl Pts',(25.2617308109091,132.544052928912,-2.71671007416809));
#6850=CARTESIAN_POINT('Ctrl Pts',(22.683605376686,132.507124505009,-7.6336890476077));
#6851=CARTESIAN_POINT('Ctrl Pts',(20.6086571859701,132.466817664242,-12.5516407881312));
#6852=CARTESIAN_POINT('Ctrl Pts',(19.0788980387603,132.425057021157,-17.363999309803));
#6853=CARTESIAN_POINT('Ctrl Pts',(25.0158249626756,132.886635883169,-2.58629662452368));
#6854=CARTESIAN_POINT('Ctrl Pts',(22.4301592806979,132.8766248576,-7.51621045477692));
#6855=CARTESIAN_POINT('Ctrl Pts',(20.3511059372125,132.86562471645,-12.4500003858045));
#6856=CARTESIAN_POINT('Ctrl Pts',(18.8198820564839,132.853731236184,-17.2804078050596));
#6857=CARTESIAN_POINT('Ctrl Pts',(24.6486413308811,133.,-2.39156484234258));
#6858=CARTESIAN_POINT('Ctrl Pts',(22.0367674803596,133.000054108539,-7.3327354931507));
#6859=CARTESIAN_POINT('Ctrl Pts',(19.9301612390033,132.99990799518,-12.2824230557184));
#6860=CARTESIAN_POINT('Ctrl Pts',(18.3720720252386,133.,-17.1358873240375));
#6861=CARTESIAN_POINT('Ctrl Pts',(24.4913897191095,133.,-2.30816818748219));
#6862=CARTESIAN_POINT('Ctrl Pts',(21.8683307546121,133.,-7.25417292388119));
#6863=CARTESIAN_POINT('Ctrl Pts',(19.7498834592289,133.,-12.2106734495449));
#6864=CARTESIAN_POINT('Ctrl Pts',(18.180351207273,133.,-17.0740137997726));
#6865=CARTESIAN_POINT('Origin',(24.4913897191094,132.,-2.30816818748218));
#6866=CARTESIAN_POINT('Origin',(3.25914172369325,132.,-31.2903905728776));
#6867=CARTESIAN_POINT('',(-20.6495122307728,132.,-32.2903905728775));
#6868=CARTESIAN_POINT('',(3.25914172369325,132.,-32.2903905728776));
#6869=CARTESIAN_POINT('Origin',(-20.6495122307728,132.,-31.2903905728775));
#6870=CARTESIAN_POINT('Origin',(9.3430395627729,130.,-32.2903905728776));
#6871=CARTESIAN_POINT('',(-15.6495122307728,131.,-32.2903905728776));
#6872=CARTESIAN_POINT('',(3.25914172369325,131.,-32.2903905728776));
#6873=CARTESIAN_POINT('',(-22.4897709163635,129.854744045547,-32.2903905728775));
#6874=CARTESIAN_POINT('Origin',(-15.6495122307728,110.,-32.2903905728775));
#6875=CARTESIAN_POINT('',(-22.9721664815095,130.,-32.2903905728775));
#6876=CARTESIAN_POINT('Ctrl Pts',(-22.9721664815094,130.,-32.2903905728775));
#6877=CARTESIAN_POINT('Ctrl Pts',(-22.875259579207,130.,-32.2903905728775));
#6878=CARTESIAN_POINT('Ctrl Pts',(-22.7605558936169,129.994089760333,-32.2903905728775));
#6879=CARTESIAN_POINT('Ctrl Pts',(-22.6302806395681,129.96222378069,-32.2903905728775));
#6880=CARTESIAN_POINT('Ctrl Pts',(-22.5915886773598,129.949478998208,-32.2903905728775));
#6881=CARTESIAN_POINT('Ctrl Pts',(-22.5422752804192,129.920917769798,-32.2903905728775));
#6882=CARTESIAN_POINT('Ctrl Pts',(-22.526108808635,129.908885231021,-32.2903905728776));
#6883=CARTESIAN_POINT('Ctrl Pts',(-22.5033197327238,129.882974341838,-32.2903905728776));
#6884=CARTESIAN_POINT('Ctrl Pts',(-22.4955488272821,129.870520048421,-32.2903905728776));
#6885=CARTESIAN_POINT('Ctrl Pts',(-22.4902030126168,129.855970162678,-32.2903905728776));
#6886=CARTESIAN_POINT('Ctrl Pts',(-22.4899841025782,129.855357611106,-32.2903905728775));
#6887=CARTESIAN_POINT('Ctrl Pts',(-22.4897709163634,129.854744045547,-32.2903905728775));
#6888=CARTESIAN_POINT('',(-29.1347936050114,130.,-32.2903905728775));
#6889=CARTESIAN_POINT('',(19.3504877692272,130.,-32.2903905728776));
#6890=CARTESIAN_POINT('Origin',(-20.6495122307728,113.,-32.2903905728775));
#6891=CARTESIAN_POINT('Ctrl Pts',(-15.6495122307728,130.681939302929,2.93838790280776));
#6892=CARTESIAN_POINT('Ctrl Pts',(-18.7911048843626,130.681939302929,2.93838790280776));
#6893=CARTESIAN_POINT('Ctrl Pts',(-25.0739357241338,129.248262019091,2.4574147396356));
#6894=CARTESIAN_POINT('Ctrl Pts',(-31.3658976608496,124.225453678017,0.772352108701597));
#6895=CARTESIAN_POINT('Ctrl Pts',(-35.5699800332607,117.53056075275,-1.47366508335787));
#6896=CARTESIAN_POINT('Ctrl Pts',(-36.6495122307728,112.823531956518,-3.05278930802717));
#6897=CARTESIAN_POINT('Ctrl Pts',(-36.6495122307728,109.681939302929,-4.10673762193978));
#6898=CARTESIAN_POINT('Ctrl Pts',(-15.6495122307728,130.456729602479,2.86283406428131));
#6899=CARTESIAN_POINT('Ctrl Pts',(-18.7535572249576,130.456729602479,2.86283406428131));
#6900=CARTESIAN_POINT('Ctrl Pts',(-24.9615975310429,129.035851828965,2.38589019297825));
#6901=CARTESIAN_POINT('Ctrl Pts',(-31.1700740889064,124.060630137056,0.716613250834784));
#6902=CARTESIAN_POINT('Ctrl Pts',(-35.3068992877427,117.43566798982,-1.50550814690333));
#6903=CARTESIAN_POINT('Ctrl Pts',(-36.3595725600646,112.783244365624,-3.06669900596988));
#6904=CARTESIAN_POINT('Ctrl Pts',(-36.3503129304309,109.681939302929,-4.10673762193978));
#6905=CARTESIAN_POINT('Ctrl Pts',(-15.6495122307728,130.113572822857,2.58448144647847));
#6906=CARTESIAN_POINT('Ctrl Pts',(-18.6883332945569,130.113572822857,2.58448144647847));
#6907=CARTESIAN_POINT('Ctrl Pts',(-24.7655284223787,128.716870457991,2.10980171155632));
#6908=CARTESIAN_POINT('Ctrl Pts',(-30.8287451904392,123.831898563375,0.448454632130062));
#6909=CARTESIAN_POINT('Ctrl Pts',(-34.850222800561,117.338790345649,-1.76198304366724));
#6910=CARTESIAN_POINT('Ctrl Pts',(-35.8565062317489,112.788481518272,-3.31247949424313));
#6911=CARTESIAN_POINT('Ctrl Pts',(-35.8325068413983,109.761865194028,-4.34497946833212));
#6912=CARTESIAN_POINT('Ctrl Pts',(-15.6495122307728,130.,2.16847656042365));
#6913=CARTESIAN_POINT('Ctrl Pts',(-18.6503992418844,130.,2.16847656042365));
#6914=CARTESIAN_POINT('Ctrl Pts',(-24.6520249380622,128.626075479374,1.68940286743022));
#6915=CARTESIAN_POINT('Ctrl Pts',(-30.651464372457,123.816946782728,0.0114437507612395));
#6916=CARTESIAN_POINT('Ctrl Pts',(-34.6461828720853,117.415991844888,-2.22396348284824));
#6917=CARTESIAN_POINT('Ctrl Pts',(-35.6602904060384,112.922642015693,-3.794501743122));
#6918=CARTESIAN_POINT('Ctrl Pts',(-35.6495122307728,109.928627346477,-4.84206148470541));
#6919=CARTESIAN_POINT('Ctrl Pts',(-15.6495122307728,130.,1.99031755047178));
#6920=CARTESIAN_POINT('Ctrl Pts',(-18.6415052341916,130.,1.99031755047178));
#6921=CARTESIAN_POINT('Ctrl Pts',(-24.6251536530214,128.634593063012,1.50934438729961));
#6922=CARTESIAN_POINT('Ctrl Pts',(-30.6174983546555,123.850966071513,-0.175718243634386));
#6923=CARTESIAN_POINT('Ctrl Pts',(-34.6213863283803,117.474877571259,-2.42173543569385));
#6924=CARTESIAN_POINT('Ctrl Pts',(-35.6495122307728,112.991993003419,-4.00085966036316));
#6925=CARTESIAN_POINT('Ctrl Pts',(-35.6495122307728,110.,-5.05480797427577));
#6926=CARTESIAN_POINT('',(-20.860949335423,130.025019780197,2.71800311722183));
#6927=CARTESIAN_POINT('Ctrl Pts',(-20.8609493353726,130.025019780202,2.71800311722348));
#6928=CARTESIAN_POINT('Ctrl Pts',(-20.7652982981397,130.020255860049,2.71640490696313));
#6929=CARTESIAN_POINT('Ctrl Pts',(-20.6701600360392,130.015879270555,2.71353204011147));
#6930=CARTESIAN_POINT('Ctrl Pts',(-20.3755489750836,130.004430714517,2.70164572048791));
#6931=CARTESIAN_POINT('Ctrl Pts',(-20.1835982698756,129.999999999983,2.68980415987877));
#6932=CARTESIAN_POINT('Ctrl Pts',(-19.9914506805522,130.,2.67751929649634));
#6933=CARTESIAN_POINT('',(-36.6495122307728,109.681939302929,-4.10673762193979));
#6934=CARTESIAN_POINT('Origin',(-15.6495122307728,109.681939302929,-4.10673762193979));
#6935=CARTESIAN_POINT('',(-35.6495122307728,110.,-5.05480797427577));
#6936=CARTESIAN_POINT('Origin',(-36.6495122307728,110.,-5.05480797427577));
#6937=CARTESIAN_POINT('Origin',(-15.6495122307728,110.,-5.05480797427577));
#6938=CARTESIAN_POINT('Origin',(-36.6495122307728,102.679551422125,-7.51068793277986));
#6939=CARTESIAN_POINT('',(-36.6495122307728,49.6819393029287,-24.2356676926471));
#6940=CARTESIAN_POINT('',(-35.6495122307728,50.,-25.183738044983));
#6941=CARTESIAN_POINT('Origin',(-36.6495122307728,50.,-25.183738044983));
#6942=CARTESIAN_POINT('',(-35.6495122307728,102.679551422125,-7.51068793277986));
#6943=CARTESIAN_POINT('',(-36.6495122307728,102.361490725054,-6.56261758044388));
#6944=CARTESIAN_POINT('Ctrl Pts',(-36.6495122307728,49.6819393029286,-24.235667692647));
#6945=CARTESIAN_POINT('Ctrl Pts',(-36.6495122307728,46.5403466493389,-25.2896160065597));
#6946=CARTESIAN_POINT('Ctrl Pts',(-35.2161161142485,40.2573797883097,-27.3974393495968));
#6947=CARTESIAN_POINT('Ctrl Pts',(-30.1931717793707,33.9653842693354,-29.5082916463741));
#6948=CARTESIAN_POINT('Ctrl Pts',(-23.4982981451146,29.7612114713831,-30.9187166506266));
#6949=CARTESIAN_POINT('Ctrl Pts',(-18.7911048843626,28.6819393029287,-31.2807932173946));
#6950=CARTESIAN_POINT('Ctrl Pts',(-15.6495122307728,28.6819393029287,-31.2807932173946));
#6951=CARTESIAN_POINT('Ctrl Pts',(-36.4999125806018,49.6819393029286,-24.235667692647));
#6952=CARTESIAN_POINT('Ctrl Pts',(-36.4953739942746,46.5604650875325,-25.2828484280479));
#6953=CARTESIAN_POINT('Ctrl Pts',(-35.0619024303522,40.3216286620617,-27.3758886944849));
#6954=CARTESIAN_POINT('Ctrl Pts',(-30.0693459560802,34.084012178747,-29.4684865784407));
#6955=CARTESIAN_POINT('Ctrl Pts',(-23.4274249214465,29.920641731536,-30.8652089167435));
#6956=CARTESIAN_POINT('Ctrl Pts',(-18.7626165365409,28.8529964387979,-31.2234065986278));
#6957=CARTESIAN_POINT('Ctrl Pts',(-15.6495122307728,28.8529964387979,-31.2234065986278));
#6958=CARTESIAN_POINT('Ctrl Pts',(-36.2012441843323,49.703721662432,-24.3005962092452));
#6959=CARTESIAN_POINT('Ctrl Pts',(-36.1876794633663,46.6237860731453,-25.3382968042136));
#6960=CARTESIAN_POINT('Ctrl Pts',(-34.7541842520034,40.4757527877991,-27.410198441899));
#6961=CARTESIAN_POINT('Ctrl Pts',(-29.8223329042452,34.3496669879686,-29.4757874241757));
#6962=CARTESIAN_POINT('Ctrl Pts',(-23.2861285656326,30.2698403443792,-30.8518547848213));
#6963=CARTESIAN_POINT('Ctrl Pts',(-18.7057736060667,29.225860313009,-31.2040790598676));
#6964=CARTESIAN_POINT('Ctrl Pts',(-15.6495122307728,29.225860313009,-31.2040790598676));
#6965=CARTESIAN_POINT('Ctrl Pts',(-35.7806675918093,49.8101090853242,-24.6177141758293));
#6966=CARTESIAN_POINT('Ctrl Pts',(-35.7605195742261,46.7927853520928,-25.6546653392178));
#6967=CARTESIAN_POINT('Ctrl Pts',(-34.3410274196297,40.7763985371623,-27.7244836827578));
#6968=CARTESIAN_POINT('Ctrl Pts',(-29.5027465476318,34.7970453705435,-29.7864773641289));
#6969=CARTESIAN_POINT('Ctrl Pts',(-23.1081227754669,30.8214018679298,-31.159416526467));
#6970=CARTESIAN_POINT('Ctrl Pts',(-18.6345089636858,29.8059377530029,-31.5106049671374));
#6971=CARTESIAN_POINT('Ctrl Pts',(-15.6495122307728,29.8059377530029,-31.5106049671374));
#6972=CARTESIAN_POINT('Ctrl Pts',(-35.6495122307728,49.9286273464775,-24.9709915554127));
#6973=CARTESIAN_POINT('Ctrl Pts',(-35.6386870628569,46.9346262353001,-26.0184556087208));
#6974=CARTESIAN_POINT('Ctrl Pts',(-34.2497824296633,40.9559158844481,-28.1119143186436));
#6975=CARTESIAN_POINT('Ctrl Pts',(-29.454310345421,34.9927222466628,-30.2041474826034));
#6976=CARTESIAN_POINT('Ctrl Pts',(-23.0910374737053,31.0182725303259,-31.6002336262673));
#6977=CARTESIAN_POINT('Ctrl Pts',(-18.6275345842061,30.,-31.9582236291696));
#6978=CARTESIAN_POINT('Ctrl Pts',(-15.6495122307728,30.,-31.9582236291696));
#6979=CARTESIAN_POINT('Ctrl Pts',(-35.6495122307728,50.,-25.183738044983));
#6980=CARTESIAN_POINT('Ctrl Pts',(-35.6495122307728,47.0080069965812,-26.2376863588956));
#6981=CARTESIAN_POINT('Ctrl Pts',(-34.2843730721782,41.0242290336962,-28.3455097019328));
#6982=CARTESIAN_POINT('Ctrl Pts',(-29.5006165627708,35.0318523489588,-30.4563619987101));
#6983=CARTESIAN_POINT('Ctrl Pts',(-23.1245464349078,31.0278782556709,-31.8667870029626));
#6984=CARTESIAN_POINT('Ctrl Pts',(-18.6415052341916,30.,-32.2288635697306));
#6985=CARTESIAN_POINT('Ctrl Pts',(-15.6495122307728,30.,-32.2288635697306));
#6986=CARTESIAN_POINT('',(-15.6495122307728,30.,-32.2288635697306));
#6987=CARTESIAN_POINT('Ctrl Pts',(-15.6495122307728,30.,-32.2288635697306));
#6988=CARTESIAN_POINT('Ctrl Pts',(-15.6560450013859,30.,-32.2274027978133));
#6989=CARTESIAN_POINT('Ctrl Pts',(-15.6625775314911,30.,-32.2259409521797));
#6990=CARTESIAN_POINT('Ctrl Pts',(-16.6433291853059,30.,-32.0063013120259));
#6991=CARTESIAN_POINT('Ctrl Pts',(-17.6153891285598,30.,-31.7633986524303));
#6992=CARTESIAN_POINT('Ctrl Pts',(-19.3077693813435,30.,-31.3644341635261));
#6993=CARTESIAN_POINT('Ctrl Pts',(-20.1774601120378,29.9999999994674,-31.168803632842));
#6994=CARTESIAN_POINT('Ctrl Pts',(-21.6174751208061,29.9999999994674,-30.927294301318));
#6995=CARTESIAN_POINT('Ctrl Pts',(-22.3252070362793,30.,-30.8386073573896));
#6996=CARTESIAN_POINT('Ctrl Pts',(-22.9721664815095,30.,-30.8386073573896));
#6997=CARTESIAN_POINT('Origin',(-15.6495122307728,50.,-25.183738044983));
#6998=CARTESIAN_POINT('Origin',(-15.6495122307728,49.6819393029286,-24.235667692647));
#6999=CARTESIAN_POINT('Origin',(-40.6495122307728,130.,2.70960942712247));
#7000=CARTESIAN_POINT('',(-21.0457022772317,130.035100992678,2.72138518423971));
#7001=CARTESIAN_POINT('Ctrl Pts',(-20.8609493354226,130.025019780204,2.71800311722431));
#7002=CARTESIAN_POINT('Ctrl Pts',(-20.9223604640632,130.028078374463,2.71902922105692));
#7003=CARTESIAN_POINT('Ctrl Pts',(-20.9839699936864,130.031435706494,2.72015554608466));
#7004=CARTESIAN_POINT('Ctrl Pts',(-21.0457022772317,130.035100992678,2.7213851842397));
#7005=CARTESIAN_POINT('',(-23.2423086113703,130.654939506768,2.92932995266033));
#7006=CARTESIAN_POINT('Ctrl Pts',(-21.0457022772317,130.035100992678,2.72138518423971));
#7007=CARTESIAN_POINT('Ctrl Pts',(-21.4943975493131,130.061741779111,2.73032269302529));
#7008=CARTESIAN_POINT('Ctrl Pts',(-21.9548567210888,130.107785641668,2.7457695878519));
#7009=CARTESIAN_POINT('Ctrl Pts',(-22.5688030169615,130.232247234537,2.78752423284098));
#7010=CARTESIAN_POINT('Ctrl Pts',(-22.8444638457415,130.304567375355,2.81178635046132));
#7011=CARTESIAN_POINT('Ctrl Pts',(-23.0867245010718,130.446954174598,2.85955458254402));
#7012=CARTESIAN_POINT('Ctrl Pts',(-23.1413002088511,130.486616807932,2.87286068875747));
#7013=CARTESIAN_POINT('Ctrl Pts',(-23.2054341027521,130.562058807646,2.89817013436801));
#7014=CARTESIAN_POINT('Ctrl Pts',(-23.2247354695708,130.593341957792,2.90866507339612));
#7015=CARTESIAN_POINT('Ctrl Pts',(-23.2384858826704,130.636798369377,2.92324392456143));
#7016=CARTESIAN_POINT('Ctrl Pts',(-23.2407085866855,130.645840404746,2.92627736618864));
#7017=CARTESIAN_POINT('Ctrl Pts',(-23.2423086113703,130.654939506768,2.92932995266034));
#7018=CARTESIAN_POINT('',(-35.8051147803214,124.140896993754,0.743984848959031));
#7019=CARTESIAN_POINT('Ctrl Pts',(-35.8051147791005,124.140896995368,0.743984849500773));
#7020=CARTESIAN_POINT('Ctrl Pts',(-35.1923700581104,124.951312366873,1.01586475518811));
#7021=CARTESIAN_POINT('Ctrl Pts',(-33.7227113706379,126.400365256131,1.50199615979875));
#7022=CARTESIAN_POINT('Ctrl Pts',(-30.7666972484737,128.222317064822,2.11322850228762));
#7023=CARTESIAN_POINT('Ctrl Pts',(-27.2048656439892,129.555889597838,2.56061830664249));
#7024=CARTESIAN_POINT('Ctrl Pts',(-24.5636203890352,130.335362165992,2.82211745358267));
#7025=CARTESIAN_POINT('Ctrl Pts',(-23.2423186231222,130.654976708803,2.92934243327963));
#7026=CARTESIAN_POINT('',(-39.6495122307728,112.681939302929,-3.10029111840442));
#7027=CARTESIAN_POINT('Origin',(-20.6495122307728,112.681939302929,-3.10029111840442));
#7028=CARTESIAN_POINT('',(-39.6495122307728,46.6819393029287,-25.2421141961824));
#7029=CARTESIAN_POINT('',(-39.6495122307728,124.722981450108,0.939263804245832));
#7030=CARTESIAN_POINT('',(-29.518920082348,29.8791536897508,-30.8791491395281));
#7031=CARTESIAN_POINT('Origin',(-20.6495122307728,46.6819393029287,-25.2421141961824));
#7032=CARTESIAN_POINT('Ctrl Pts',(-29.1347936050113,30.,-30.8386073573896));
#7033=CARTESIAN_POINT('Ctrl Pts',(-29.2108019047288,30.,-30.8386073573896));
#7034=CARTESIAN_POINT('Ctrl Pts',(-29.3018226431001,29.9944328062745,-30.8404750516095));
#7035=CARTESIAN_POINT('Ctrl Pts',(-29.4103836433492,29.9642773330361,-30.8505916751439));
#7036=CARTESIAN_POINT('Ctrl Pts',(-29.4512018513939,29.9473800414103,-30.8562604151692));
#7037=CARTESIAN_POINT('Ctrl Pts',(-29.4901058275085,29.9163643282008,-30.866665633874));
#7038=CARTESIAN_POINT('Ctrl Pts',(-29.5013624431419,29.9049823863897,-30.8704840723871));
#7039=CARTESIAN_POINT('Ctrl Pts',(-29.5125672186744,29.8897416627938,-30.8755970633786));
#7040=CARTESIAN_POINT('Ctrl Pts',(-29.5159329296901,29.8845611994568,-30.8773350164493));
#7041=CARTESIAN_POINT('Ctrl Pts',(-29.5189200823481,29.8791536897509,-30.8791491395281));
#7042=CARTESIAN_POINT('Origin',(3.25914172369325,131.,-31.2903905728776));
#7043=CARTESIAN_POINT('Origin',(-15.6495122307728,131.,-31.2903905728776));
#7044=CARTESIAN_POINT('Origin',(-15.6495122307728,110.,-31.2903905728776));
#7045=CARTESIAN_POINT('',(-22.2136301550223,128.892124175871,-31.2903905728776));
#7046=CARTESIAN_POINT('Origin',(-15.6495122307728,110.,-31.2903905728776));
#7047=CARTESIAN_POINT('Ctrl Pts',(-22.2136301550223,128.892124175871,-31.2903905728776));
#7048=CARTESIAN_POINT('Ctrl Pts',(-22.2135479165173,128.892152749855,-31.2919769781832));
#7049=CARTESIAN_POINT('Ctrl Pts',(-22.2134669953292,128.892185097082,-31.2935633121708));
#7050=CARTESIAN_POINT('Ctrl Pts',(-22.2133873894969,128.892221210394,-31.2951495631356));
#7051=CARTESIAN_POINT('Ctrl Pts',(-22.2111959167086,128.893215375507,-31.3388175423111));
#7052=CARTESIAN_POINT('Ctrl Pts',(-22.2100060497196,128.897056581065,-31.3822971114044));
#7053=CARTESIAN_POINT('Ctrl Pts',(-22.2097703261649,128.903572729434,-31.4253470449206));
#7054=CARTESIAN_POINT('Ctrl Pts',(-22.2095287242844,128.910251373411,-31.4694705306004));
#7055=CARTESIAN_POINT('Ctrl Pts',(-22.2102894305372,128.919740323345,-31.5131437339373));
#7056=CARTESIAN_POINT('Ctrl Pts',(-22.2120194767305,128.931905532475,-31.5561025218058));
#7057=CARTESIAN_POINT('Ctrl Pts',(-22.2131502422545,128.939856764719,-31.5841805676194));
#7058=CARTESIAN_POINT('Ctrl Pts',(-22.2146954796401,128.948952329993,-31.6119532942548));
#7059=CARTESIAN_POINT('Ctrl Pts',(-22.2166500562378,128.959165243239,-31.6393426211771));
#7060=CARTESIAN_POINT('Ctrl Pts',(-22.2196368047442,128.974771387004,-31.6811956912365));
#7061=CARTESIAN_POINT('Ctrl Pts',(-22.2235607320943,128.992893521319,-31.7219104261756));
#7062=CARTESIAN_POINT('Ctrl Pts',(-22.2283860287162,129.013383679453,-31.7612296011225));
#7063=CARTESIAN_POINT('Ctrl Pts',(-22.2331711705502,129.033703324142,-31.8002215727378));
#7064=CARTESIAN_POINT('Ctrl Pts',(-22.2388428203755,129.05635229886,-31.8378421161387));
#7065=CARTESIAN_POINT('Ctrl Pts',(-22.2453826920456,129.081228746243,-31.8738192244346));
#7066=CARTESIAN_POINT('Ctrl Pts',(-22.2496010574766,129.097274618545,-31.8970252745839));
#7067=CARTESIAN_POINT('Ctrl Pts',(-22.2541809825622,129.114248073939,-31.9195471013653));
#7068=CARTESIAN_POINT('Ctrl Pts',(-22.259121069882,129.13212969453,-31.9413040130089));
#7069=CARTESIAN_POINT('Ctrl Pts',(-22.2645982591423,129.15195546155,-31.9654264049989));
#7070=CARTESIAN_POINT('Ctrl Pts',(-22.270493981871,129.172810667994,-31.9885028107666));
#7071=CARTESIAN_POINT('Ctrl Pts',(-22.2767997707623,129.194649537331,-32.0104410637487));
#7072=CARTESIAN_POINT('Ctrl Pts',(-22.2855859883507,129.225078887438,-32.0410088907933));
#7073=CARTESIAN_POINT('Ctrl Pts',(-22.2951677353371,129.257416787746,-32.0693690140018));
#7074=CARTESIAN_POINT('Ctrl Pts',(-22.3054518765372,129.291387140659,-32.0954105768252));
#7075=CARTESIAN_POINT('Ctrl Pts',(-22.315810622293,129.325603925728,-32.1216410537436));
#7076=CARTESIAN_POINT('Ctrl Pts',(-22.3268822664768,129.361477932664,-32.1455198008762));
#7077=CARTESIAN_POINT('Ctrl Pts',(-22.3385846868851,129.398752759026,-32.1668903670889));
#7078=CARTESIAN_POINT('Ctrl Pts',(-22.3411080374543,129.406790194961,-32.1714984249551));
#7079=CARTESIAN_POINT('Ctrl Pts',(-22.3436607548425,129.414892824041,-32.1759896879655));
#7080=CARTESIAN_POINT('Ctrl Pts',(-22.3462420750983,129.423058160764,-32.1803622846913));
#7081=CARTESIAN_POINT('Ctrl Pts',(-22.3582292202432,129.460976383517,-32.200667766545));
#7082=CARTESIAN_POINT('Ctrl Pts',(-22.3707542320512,129.499998067536,-32.2182856001628));
#7083=CARTESIAN_POINT('Ctrl Pts',(-22.3837282906047,129.539841702188,-32.2331044032743));
#7084=CARTESIAN_POINT('Ctrl Pts',(-22.3942828324838,129.57225494503,-32.2451596655036));
#7085=CARTESIAN_POINT('Ctrl Pts',(-22.4051349212312,129.605213046931,-32.2553619132089));
#7086=CARTESIAN_POINT('Ctrl Pts',(-22.4162424524225,129.638574052269,-32.2636283285199));
#7087=CARTESIAN_POINT('Ctrl Pts',(-22.4298896030179,129.679562698262,-32.2737847721698));
#7088=CARTESIAN_POINT('Ctrl Pts',(-22.4439224246233,129.721160208871,-32.2810204712144));
#7089=CARTESIAN_POINT('Ctrl Pts',(-22.4582446838148,129.763100806916,-32.2853237832455));
#7090=CARTESIAN_POINT('Ctrl Pts',(-22.4596949056138,129.767347564968,-32.2857595215485));
#7091=CARTESIAN_POINT('Ctrl Pts',(-22.4611480985688,129.771597837452,-32.2861651505993));
#7092=CARTESIAN_POINT('Ctrl Pts',(-22.4626041647725,129.77585134503,-32.2865406286492));
#7093=CARTESIAN_POINT('Ctrl Pts',(-22.4716266565719,129.802208139209,-32.2888672726009));
#7094=CARTESIAN_POINT('Ctrl Pts',(-22.480722567879,129.828581175653,-32.2900273845819));
#7095=CARTESIAN_POINT('Ctrl Pts',(-22.4898673729612,129.854903101725,-32.2900348648877));
#7096=CARTESIAN_POINT('Ctrl Pts',(-10.3413666496752,30.,-65.8386073573896));
#7097=CARTESIAN_POINT('Ctrl Pts',(-13.8754268222413,29.0767176962395,-66.1483521061883));
#7098=CARTESIAN_POINT('Ctrl Pts',(-21.435579353785,29.1167106304854,-66.134935189909));
#7099=CARTESIAN_POINT('Ctrl Pts',(-29.5913654557116,33.8724787097165,-64.5394598049199));
#7100=CARTESIAN_POINT('Ctrl Pts',(-35.1808090075373,41.1972500717076,-62.0821296294292));
#7101=CARTESIAN_POINT('Ctrl Pts',(-36.6495122307728,46.6653861268756,-60.2476674915694));
#7102=CARTESIAN_POINT('Ctrl Pts',(-36.6495122307728,50.3180606970714,-59.0222603083274));
#7103=CARTESIAN_POINT('Ctrl Pts',(-10.4050233519763,30.2190103786196,-65.7651332807898));
#7104=CARTESIAN_POINT('Ctrl Pts',(-13.8961794548727,29.3041397572248,-66.0719910581138));
#7105=CARTESIAN_POINT('Ctrl Pts',(-21.3677985121745,29.3437689470832,-66.0585178889116));
#7106=CARTESIAN_POINT('Ctrl Pts',(-29.4207381909724,34.0559820180654,-64.477407957546));
#7107=CARTESIAN_POINT('Ctrl Pts',(-34.9261212573491,41.3063701160283,-62.0455188531492));
#7108=CARTESIAN_POINT('Ctrl Pts',(-36.3610789390837,46.7122278008226,-60.2314949302107));
#7109=CARTESIAN_POINT('Ctrl Pts',(-36.3503129304309,50.3180606970714,-59.0222603083274));
#7110=CARTESIAN_POINT('Ctrl Pts',(-10.5159141115321,30.5504106924639,-65.4877482017797));
#7111=CARTESIAN_POINT('Ctrl Pts',(-13.9326008039676,29.6515629181592,-65.7933571265344));
#7112=CARTESIAN_POINT('Ctrl Pts',(-21.2493805268059,29.6906250014577,-65.7801369095486));
#7113=CARTESIAN_POINT('Ctrl Pts',(-29.123042547229,34.3201039563857,-64.2061867670145));
#7114=CARTESIAN_POINT('Ctrl Pts',(-34.4838135333317,41.4299514024227,-61.786437217472));
#7115=CARTESIAN_POINT('Ctrl Pts',(-35.860405595533,46.7191424963443,-59.9844919211961));
#7116=CARTESIAN_POINT('Ctrl Pts',(-35.8325019261207,50.2381361089226,-58.784022345749));
#7117=CARTESIAN_POINT('Ctrl Pts',(-10.5794435732953,30.6533043029737,-65.069606840705));
#7118=CARTESIAN_POINT('Ctrl Pts',(-13.9543717185233,29.7688524365985,-65.3781190348493));
#7119=CARTESIAN_POINT('Ctrl Pts',(-21.1780828331859,29.8072597588478,-65.3647725916541));
#7120=CARTESIAN_POINT('Ctrl Pts',(-28.9614753539917,34.3628643241587,-63.7757502746084));
#7121=CARTESIAN_POINT('Ctrl Pts',(-34.2790360178489,41.3689173441105,-61.3296250456222));
#7122=CARTESIAN_POINT('Ctrl Pts',(-35.662043825746,46.5902844123272,-59.5049157480249));
#7123=CARTESIAN_POINT('Ctrl Pts',(-35.6495122307728,50.0713726535225,-58.2869364455618));
#7124=CARTESIAN_POINT('Ctrl Pts',(-10.5941354868704,30.6494660027892,-64.8905370050537));
#7125=CARTESIAN_POINT('Ctrl Pts',(-13.9599070797904,29.7701495230173,-65.2002817538523));
#7126=CARTESIAN_POINT('Ctrl Pts',(-21.1600523479273,29.8082380318229,-65.186864837573));
#7127=CARTESIAN_POINT('Ctrl Pts',(-28.9274676830954,34.337540964424,-63.5913894525839));
#7128=CARTESIAN_POINT('Ctrl Pts',(-34.2507472562628,41.3135136901298,-61.1340592770932));
#7129=CARTESIAN_POINT('Ctrl Pts',(-35.6495122307728,46.5212623140993,-59.2995971392334));
#7130=CARTESIAN_POINT('Ctrl Pts',(-35.6495122307728,50.,-58.0741899559914));
#7131=CARTESIAN_POINT('',(-10.3413666496755,30.,-65.8386073573896));
#7132=CARTESIAN_POINT('',(-20.9576578118702,30.,-65.8386073573896));
#7133=CARTESIAN_POINT('Ctrl Pts',(-10.3413666496753,30.,-65.8386073573896));
#7134=CARTESIAN_POINT('Ctrl Pts',(-10.5917855053856,30.,-65.8386073573896));
#7135=CARTESIAN_POINT('Ctrl Pts',(-10.905692117929,29.9785084704457,-65.8386073573896));
#7136=CARTESIAN_POINT('Ctrl Pts',(-12.0000407280714,29.8901315107403,-65.8386073573896));
#7137=CARTESIAN_POINT('Ctrl Pts',(-13.0512634501775,29.7742680448185,-65.8386073573896));
#7138=CARTESIAN_POINT('Ctrl Pts',(-14.5825394931036,29.7117422026582,-65.8386073573896));
#7139=CARTESIAN_POINT('Ctrl Pts',(-14.8295195671818,29.7043822135818,-65.8386073573896));
#7140=CARTESIAN_POINT('Ctrl Pts',(-15.1959846691689,29.697749498853,-65.8386073573896));
#7141=CARTESIAN_POINT('Ctrl Pts',(-15.3145317987978,29.6962659594583,-65.8386073573896));
#7142=CARTESIAN_POINT('Ctrl Pts',(-15.5254841213577,29.6948170849973,-65.8386073573896));
#7143=CARTESIAN_POINT('Ctrl Pts',(-15.6177762226644,29.6945886153711,-65.8386073573896));
#7144=CARTESIAN_POINT('Ctrl Pts',(-15.8095807083362,29.6949577449129,-65.8386073573896));
#7145=CARTESIAN_POINT('Ctrl Pts',(-15.909014150488,29.6956205434539,-65.8386073573896));
#7146=CARTESIAN_POINT('Ctrl Pts',(-16.1640672934842,29.6985241249516,-65.8386073573896));
#7147=CARTESIAN_POINT('Ctrl Pts',(-16.3194553518468,29.7014407768591,-65.8386073573896));
#7148=CARTESIAN_POINT('Ctrl Pts',(-16.7746437152578,29.7132738058717,-65.8386073573896));
#7149=CARTESIAN_POINT('Ctrl Pts',(-17.0724653610251,29.7251786662695,-65.8386073573897));
#7150=CARTESIAN_POINT('Ctrl Pts',(-18.1590837822804,29.7823030655401,-65.8386073573897));
#7151=CARTESIAN_POINT('Ctrl Pts',(-18.9167519212641,29.8504158807216,-65.8386073573896));
#7152=CARTESIAN_POINT('Ctrl Pts',(-20.0791496535875,29.9547314992191,-65.8386073573896));
#7153=CARTESIAN_POINT('Ctrl Pts',(-20.5888586084137,30.,-65.8386073573896));
#7154=CARTESIAN_POINT('Ctrl Pts',(-20.9576578118703,30.,-65.8386073573896));
#7155=CARTESIAN_POINT('',(-36.6495122307728,50.3180606970714,-59.0222603083274));
#7156=CARTESIAN_POINT('Origin',(-15.6495122307728,50.3180606970714,-59.0222603083274));
#7157=CARTESIAN_POINT('',(-35.6495122307728,50.,-58.0741899559914));
#7158=CARTESIAN_POINT('Origin',(-36.6495122307728,50.,-58.0741899559914));
#7159=CARTESIAN_POINT('',(-15.6495122307728,30.,-65.119315480739));
#7160=CARTESIAN_POINT('Origin',(-15.6495122307728,50.,-58.0741899559914));
#7161=CARTESIAN_POINT('Ctrl Pts',(-15.6495122307728,30.,-65.119315480739));
#7162=CARTESIAN_POINT('Ctrl Pts',(-15.6428638593316,30.,-65.1208021017872));
#7163=CARTESIAN_POINT('Ctrl Pts',(-15.6362152599806,30.,-65.1222876060536));
#7164=CARTESIAN_POINT('Ctrl Pts',(-14.7219228538229,30.,-65.3264068452242));
#7165=CARTESIAN_POINT('Ctrl Pts',(-13.8020386488036,30.,-65.5097978626585));
#7166=CARTESIAN_POINT('Ctrl Pts',(-12.0465527247523,30.,-65.7595196326969));
#7167=CARTESIAN_POINT('Ctrl Pts',(-11.1841708912243,30.,-65.8386073573897));
#7168=CARTESIAN_POINT('Ctrl Pts',(-10.3413666496754,30.,-65.8386073573897));
#7169=CARTESIAN_POINT('Origin',(-36.6495122307728,57.3204485778746,-55.6183099974873));
#7170=CARTESIAN_POINT('',(-36.6495122307728,110.318060697071,-38.8933302376201));
#7171=CARTESIAN_POINT('',(-35.6495122307728,110.,-37.9452598852842));
#7172=CARTESIAN_POINT('Origin',(-36.6495122307728,110.,-37.9452598852842));
#7173=CARTESIAN_POINT('',(-35.6495122307728,57.3204485778746,-55.6183099974873));
#7174=CARTESIAN_POINT('',(-36.6495122307728,57.6385092749459,-56.5663803498233));
#7175=CARTESIAN_POINT('Ctrl Pts',(-36.6495122307728,110.318060697071,-38.8933302376201));
#7176=CARTESIAN_POINT('Ctrl Pts',(-36.6495122307728,114.027238778735,-37.6489671338601));
#7177=CARTESIAN_POINT('Ctrl Pts',(-34.9688477059097,120.200480670205,-35.5779545614773));
#7178=CARTESIAN_POINT('Ctrl Pts',(-29.2553777698214,126.885494985094,-33.3352514670427));
#7179=CARTESIAN_POINT('Ctrl Pts',(-24.8776444815415,129.3432083374,-32.5107324636691));
#7180=CARTESIAN_POINT('Ctrl Pts',(-22.5418360512347,130.154791081736,-32.2384609252135));
#7181=CARTESIAN_POINT('Ctrl Pts',(-36.4999125806018,110.318060697071,-38.8933302376201));
#7182=CARTESIAN_POINT('Ctrl Pts',(-36.4945540167194,114.003485581483,-37.6569573976053));
#7183=CARTESIAN_POINT('Ctrl Pts',(-34.8156128620281,120.132484636384,-35.600744015169));
#7184=CARTESIAN_POINT('Ctrl Pts',(-29.1381920473725,126.759107098682,-33.3776747652398));
#7185=CARTESIAN_POINT('Ctrl Pts',(-24.7959911576495,129.192417603271,-32.5613129920993));
#7186=CARTESIAN_POINT('Ctrl Pts',(-22.4803577909929,129.995750806967,-32.2918161013679));
#7187=CARTESIAN_POINT('Ctrl Pts',(-36.2012554347095,110.296275631507,-38.8283936548363));
#7188=CARTESIAN_POINT('Ctrl Pts',(-36.185240002017,113.932657187105,-37.6032137137679));
#7189=CARTESIAN_POINT('Ctrl Pts',(-34.5098485511215,119.970743768953,-35.5682595214885));
#7190=CARTESIAN_POINT('Ctrl Pts',(-28.9044752098694,126.477521015112,-33.3742505906542));
#7191=CARTESIAN_POINT('Ctrl Pts',(-24.6331766957527,128.861015207828,-32.5702764715377));
#7192=CARTESIAN_POINT('Ctrl Pts',(-22.3578070409148,129.647456908235,-32.3049858840969));
#7193=CARTESIAN_POINT('Ctrl Pts',(-35.7806851259863,110.189888329895,-38.5112760497634));
#7194=CARTESIAN_POINT('Ctrl Pts',(-35.7568970052943,113.752346067309,-37.2869809386194));
#7195=CARTESIAN_POINT('Ctrl Pts',(-34.1006492610598,119.659575104727,-35.2542269870395));
#7196=CARTESIAN_POINT('Ctrl Pts',(-28.6036069190553,126.00982183161,-33.0640973650884));
#7197=CARTESIAN_POINT('Ctrl Pts',(-24.4262008035844,128.331420449318,-32.2620920222178));
#7198=CARTESIAN_POINT('Ctrl Pts',(-22.202487766086,129.097265415306,-31.9974625539591));
#7199=CARTESIAN_POINT('Ctrl Pts',(-35.6495122307728,110.071372653523,-38.1580063748545));
#7200=CARTESIAN_POINT('Ctrl Pts',(-35.636731300846,113.606294116165,-36.9212990304376));
#7201=CARTESIAN_POINT('Ctrl Pts',(-34.0124021813589,119.478803699032,-34.8646873339441));
#7202=CARTESIAN_POINT('Ctrl Pts',(-28.5613727445023,125.812595815825,-32.6421208656634));
#7203=CARTESIAN_POINT('Ctrl Pts',(-24.4023007713645,128.135395647952,-31.8261078392381));
#7204=CARTESIAN_POINT('Ctrl Pts',(-22.1859241677543,128.901750693564,-31.5567738852484));
#7205=CARTESIAN_POINT('Ctrl Pts',(-35.6495122307728,110.,-37.9452598852842));
#7206=CARTESIAN_POINT('Ctrl Pts',(-35.6495122307728,113.532550553965,-36.7008967815242));
#7207=CARTESIAN_POINT('Ctrl Pts',(-34.0488793499508,119.411828545842,-34.6298842091413));
#7208=CARTESIAN_POINT('Ctrl Pts',(-28.6074794108191,125.778508845736,-32.3871811147067));
#7209=CARTESIAN_POINT('Ctrl Pts',(-24.4382096124573,128.119188228885,-31.5626621113331));
#7210=CARTESIAN_POINT('Ctrl Pts',(-22.2136301550223,128.892124175871,-31.2903905728776));
#7211=CARTESIAN_POINT('Origin',(-15.6495122307728,110.,-37.9452598852842));
#7212=CARTESIAN_POINT('Origin',(-15.6495122307728,110.318060697071,-38.8933302376201));
#7213=CARTESIAN_POINT('Origin',(-40.6495122307728,30.,-65.8386073573897));
#7214=CARTESIAN_POINT('',(-28.4651871019884,30.,-65.8386073573896));
#7215=CARTESIAN_POINT('',(-40.6495122307728,30.,-65.8386073573896));
#7216=CARTESIAN_POINT('',(-39.6495122307728,47.3180606970714,-60.0287068118628));
#7217=CARTESIAN_POINT('Origin',(-20.6495122307728,47.3180606970714,-60.0287068118628));
#7218=CARTESIAN_POINT('',(-39.6495122307728,113.318060697071,-37.8868837340848));
#7219=CARTESIAN_POINT('',(-39.6495122307728,80.,-49.0644989651336));
#7220=CARTESIAN_POINT('',(-29.518920082348,130.120846310249,-32.2498487907391));
#7221=CARTESIAN_POINT('Origin',(-20.6495122307728,113.318060697071,-37.8868837340848));
#7222=CARTESIAN_POINT('Ctrl Pts',(-29.1347936050113,130.,-32.2903905728775));
#7223=CARTESIAN_POINT('Ctrl Pts',(-29.2108019047287,130.,-32.2903905728775));
#7224=CARTESIAN_POINT('Ctrl Pts',(-29.3018226431002,130.005567193726,-32.2885228786577));
#7225=CARTESIAN_POINT('Ctrl Pts',(-29.4103836433493,130.035722666964,-32.2784062551233));
#7226=CARTESIAN_POINT('Ctrl Pts',(-29.4512018513939,130.05261995859,-32.2727375150979));
#7227=CARTESIAN_POINT('Ctrl Pts',(-29.4901058275085,130.083635671799,-32.2623322963932));
#7228=CARTESIAN_POINT('Ctrl Pts',(-29.5013624431419,130.09501761361,-32.2585138578801));
#7229=CARTESIAN_POINT('Ctrl Pts',(-29.5125672186744,130.110258337206,-32.2534008668886));
#7230=CARTESIAN_POINT('Ctrl Pts',(-29.5159329296901,130.115438800543,-32.2516629138179));
#7231=CARTESIAN_POINT('Ctrl Pts',(-29.5189200823481,130.120846310249,-32.2498487907391));
#7232=CARTESIAN_POINT('Origin',(-40.6495122307728,30.,-65.8386073573896));
#7233=CARTESIAN_POINT('',(5.46696099308217,30.,-65.8386073573896));
#7234=CARTESIAN_POINT('',(-20.6495122307728,28.,-65.8386073573896));
#7235=CARTESIAN_POINT('',(-25.4871341730796,28.,-65.8386073573896));
#7236=CARTESIAN_POINT('',(-28.863848814439,29.8674381807553,-65.8386073573896));
#7237=CARTESIAN_POINT('Origin',(-20.6495122307728,47.,-65.8386073573896));
#7238=CARTESIAN_POINT('Ctrl Pts',(-28.4651871019884,30.,-65.8386073573897));
#7239=CARTESIAN_POINT('Ctrl Pts',(-28.517273753722,30.,-65.8386073573897));
#7240=CARTESIAN_POINT('Ctrl Pts',(-28.5676308415026,29.99764430331,-65.8385844607141));
#7241=CARTESIAN_POINT('Ctrl Pts',(-28.6142500709716,29.9919858776931,-65.8385491827427));
#7242=CARTESIAN_POINT('Ctrl Pts',(-28.6569065301163,29.9868084347388,-65.8385169035017));
#7243=CARTESIAN_POINT('Ctrl Pts',(-28.6964341841627,29.9788640193131,-65.8384745130211));
#7244=CARTESIAN_POINT('Ctrl Pts',(-28.7312579223022,29.9674158403986,-65.8384316376783));
#7245=CARTESIAN_POINT('Ctrl Pts',(-28.7550385024387,29.9595980600385,-65.8384023587846));
#7246=CARTESIAN_POINT('Ctrl Pts',(-28.7789079985429,29.94939304413,-65.8383706278391));
#7247=CARTESIAN_POINT('Ctrl Pts',(-28.8002686537282,29.9358772266664,-65.8383411358982));
#7248=CARTESIAN_POINT('Ctrl Pts',(-28.8067303474658,29.9317886314288,-65.8383322144541));
#7249=CARTESIAN_POINT('Ctrl Pts',(-28.8129621229053,29.9273970282649,-65.8383235532831));
#7250=CARTESIAN_POINT('Ctrl Pts',(-28.8188910926138,29.9226768822814,-65.8383155423019));
#7251=CARTESIAN_POINT('Ctrl Pts',(-28.8354207245042,29.9095173825011,-65.8382932081396));
#7252=CARTESIAN_POINT('Ctrl Pts',(-28.8494362369145,29.8939418966439,-65.8382751450129));
#7253=CARTESIAN_POINT('Ctrl Pts',(-28.8596726294515,29.8754655655185,-65.8382647537985));
#7254=CARTESIAN_POINT('Ctrl Pts',(-28.8611101633589,29.8728708670072,-65.8382632945224));
#7255=CARTESIAN_POINT('Ctrl Pts',(-28.8624584257812,29.8702455150863,-65.838262000089));
#7256=CARTESIAN_POINT('Ctrl Pts',(-28.863719133031,29.8675905375502,-65.8382608630417));
#7257=CARTESIAN_POINT('Origin',(-10.3247561153864,30.,-48.3386073573897));
#7258=CARTESIAN_POINT('',(-15.6495122307728,30.,-39.9515531612616));
#7259=CARTESIAN_POINT('Origin',(-15.6495122307728,50.,-39.9515531612616));
#7260=CARTESIAN_POINT('',(-35.6495122307728,50.,-39.9515531612616));
#7261=CARTESIAN_POINT('Origin',(-20.6495122307728,113.,-31.2903905728775));
#7262=CARTESIAN_POINT('',(-29.9177231703857,130.722874089121,-31.2903905728775));
#7263=CARTESIAN_POINT('Origin',(-20.6495122307728,113.,-31.2903905728775));
#7264=CARTESIAN_POINT('Ctrl Pts',(-29.5189169008074,130.12084263823,-32.2498500226361));
#7265=CARTESIAN_POINT('Ctrl Pts',(-29.5392033271687,130.157565648476,-32.2375305926855));
#7266=CARTESIAN_POINT('Ctrl Pts',(-29.559219330807,130.193277799216,-32.2223884234625));
#7267=CARTESIAN_POINT('Ctrl Pts',(-29.578853317222,130.22782437332,-32.2046580873716));
#7268=CARTESIAN_POINT('Ctrl Pts',(-29.5989594540381,130.263201709882,-32.1865013791154));
#7269=CARTESIAN_POINT('Ctrl Pts',(-29.6186654848571,130.297357547698,-32.1656300094186));
#7270=CARTESIAN_POINT('Ctrl Pts',(-29.6378514108059,130.330106392131,-32.1422445653814));
#7271=CARTESIAN_POINT('Ctrl Pts',(-29.6556310029338,130.360454736967,-32.1205732810336));
#7272=CARTESIAN_POINT('Ctrl Pts',(-29.6729642681039,130.389595081733,-32.0967420143786));
#7273=CARTESIAN_POINT('Ctrl Pts',(-29.689749743147,130.417356216068,-32.070878717007));
#7274=CARTESIAN_POINT('Ctrl Pts',(-29.7078510262449,130.447293536901,-32.0429880039731));
#7275=CARTESIAN_POINT('Ctrl Pts',(-29.725197752078,130.475432231877,-32.0129163134887));
#7276=CARTESIAN_POINT('Ctrl Pts',(-29.7416786232237,130.501594525573,-31.9808732570783));
#7277=CARTESIAN_POINT('Ctrl Pts',(-29.7580137512682,130.527525461729,-31.949113562777));
#7278=CARTESIAN_POINT('Ctrl Pts',(-29.7734987605053,130.551515475515,-31.915416445335));
#7279=CARTESIAN_POINT('Ctrl Pts',(-29.7880165066301,130.573359512619,-31.8799482531875));
#7280=CARTESIAN_POINT('Ctrl Pts',(-29.7968036274416,130.586580999714,-31.8584805069763));
#7281=CARTESIAN_POINT('Ctrl Pts',(-29.8052361908538,130.599015649057,-31.8363632510626));
#7282=CARTESIAN_POINT('Ctrl Pts',(-29.8132854904225,130.610610617747,-31.8136283163738));
#7283=CARTESIAN_POINT('Ctrl Pts',(-29.8176083196527,130.616837627831,-31.8014186527403));
#7284=CARTESIAN_POINT('Ctrl Pts',(-29.8218205663229,130.622822350809,-31.7890307784135));
#7285=CARTESIAN_POINT('Ctrl Pts',(-29.8259199545071,130.6285622605,-31.7764742982034));
#7286=CARTESIAN_POINT('Ctrl Pts',(-29.8385709616059,130.646276035089,-31.7377240961886));
#7287=CARTESIAN_POINT('Ctrl Pts',(-29.8500814848708,130.661568548474,-31.6975739511338));
#7288=CARTESIAN_POINT('Ctrl Pts',(-29.8604065292506,130.674413291515,-31.65633470506));
#7289=CARTESIAN_POINT('Ctrl Pts',(-29.8696122131212,130.685865508037,-31.6195662953124));
#7290=CARTESIAN_POINT('Ctrl Pts',(-29.8778754714033,130.695371444842,-31.5819310959944));
#7291=CARTESIAN_POINT('Ctrl Pts',(-29.8851518053,130.702882543064,-31.5436362832723));
#7292=CARTESIAN_POINT('Ctrl Pts',(-29.893320400246,130.711314690331,-31.5006455659549));
#7293=CARTESIAN_POINT('Ctrl Pts',(-29.9002119131368,130.717198911611,-31.4570004765061));
#7294=CARTESIAN_POINT('Ctrl Pts',(-29.9057736538462,130.720486294483,-31.4129998443963));
#7295=CARTESIAN_POINT('Ctrl Pts',(-29.9107233966277,130.723411943212,-31.3738409151069));
#7296=CARTESIAN_POINT('Ctrl Pts',(-29.914619806907,130.724280294737,-31.3343995340028));
#7297=CARTESIAN_POINT('Ctrl Pts',(-29.917410744585,130.723025817637,-31.2948821085799));
#7298=CARTESIAN_POINT('Ctrl Pts',(-29.9175164835544,130.722978289841,-31.293384930097));
#7299=CARTESIAN_POINT('Ctrl Pts',(-29.9176206263833,130.722927714704,-31.2918877477582));
#7300=CARTESIAN_POINT('Ctrl Pts',(-29.9177231703857,130.722874089121,-31.2903905728775));
#7301=CARTESIAN_POINT('Ctrl Pts',(-29.4543126232505,29.8452089181828,-30.8905370050808));
#7302=CARTESIAN_POINT('Ctrl Pts',(-32.0735215504691,31.2149292417469,-30.4310202615899));
#7303=CARTESIAN_POINT('Ctrl Pts',(-37.4310045143771,35.8611327103892,-28.8723018496803));
#7304=CARTESIAN_POINT('Ctrl Pts',(-39.6495122307728,42.7409548417777,-26.5642442066533));
#7305=CARTESIAN_POINT('Ctrl Pts',(-39.6495122307728,46.6819393029287,-25.2421141961824));
#7306=CARTESIAN_POINT('Ctrl Pts',(-29.5725376204733,29.642006586772,-30.9587077637336));
#7307=CARTESIAN_POINT('Ctrl Pts',(-32.2283720940199,31.0258699815037,-30.4943339293086));
#7308=CARTESIAN_POINT('Ctrl Pts',(-37.6654997279325,35.7209632751027,-28.9193504528751));
#7309=CARTESIAN_POINT('Ctrl Pts',(-39.935873034831,42.6850960108703,-26.583530032589));
#7310=CARTESIAN_POINT('Ctrl Pts',(-39.9487115311147,46.6819393029287,-25.2421141961824));
#7311=CARTESIAN_POINT('Ctrl Pts',(-29.7784072408028,29.3405549367263,-31.2335858776645));
#7312=CARTESIAN_POINT('Ctrl Pts',(-32.4976763324313,30.7513163788538,-30.7670704243655));
#7313=CARTESIAN_POINT('Ctrl Pts',(-38.0733278989411,35.5389872422731,-29.1839880165736));
#7314=CARTESIAN_POINT('Ctrl Pts',(-40.4332679702625,42.6614590319587,-26.8322040288398));
#7315=CARTESIAN_POINT('Ctrl Pts',(-40.4665431762929,46.7618584195604,-25.4803358493482));
#7316=CARTESIAN_POINT('Ctrl Pts',(-29.8927321066825,29.2640567862642,-31.6572040388514));
#7317=CARTESIAN_POINT('Ctrl Pts',(-32.6441656462319,30.6979475593004,-31.1956017894996));
#7318=CARTESIAN_POINT('Ctrl Pts',(-38.2783340829703,35.5629271648173,-29.6295899087272));
#7319=CARTESIAN_POINT('Ctrl Pts',(-40.634568267724,42.7830256944785,-27.3084258386117));
#7320=CARTESIAN_POINT('Ctrl Pts',(-40.6495122307728,46.9286273464775,-25.977438058948));
#7321=CARTESIAN_POINT('Ctrl Pts',(-29.917723170223,29.2771259107939,-31.8386073574168));
#7322=CARTESIAN_POINT('Ctrl Pts',(-32.6747851988742,30.7189367777034,-31.3790906139259));
#7323=CARTESIAN_POINT('Ctrl Pts',(-38.3142409503563,35.6096772710111,-29.8203722020163));
#7324=CARTESIAN_POINT('Ctrl Pts',(-40.6495122307728,42.8515953040516,-27.5123145589893));
#7325=CARTESIAN_POINT('Ctrl Pts',(-40.6495122307728,47.,-26.1901845485184));
#7326=CARTESIAN_POINT('Origin',(-39.6495122307728,47.,-26.1901845485184));
#7327=CARTESIAN_POINT('',(-29.917723170223,29.2771259107939,-31.8386073573896));
#7328=CARTESIAN_POINT('Origin',(-20.6495122307728,47.,-26.1901845485184));
#7329=CARTESIAN_POINT('Ctrl Pts',(-29.917723170223,29.2771259107939,-31.8386073574168));
#7330=CARTESIAN_POINT('Ctrl Pts',(-29.9176206262191,29.2770722852107,-31.8371101825127));
#7331=CARTESIAN_POINT('Ctrl Pts',(-29.9175164838187,29.2770217096266,-31.8356129998275));
#7332=CARTESIAN_POINT('Ctrl Pts',(-29.9174107453055,29.2769741807386,-31.8341158206052));
#7333=CARTESIAN_POINT('Ctrl Pts',(-29.9142998065297,29.2755758306386,-31.7900672260565));
#7334=CARTESIAN_POINT('Ctrl Pts',(-29.909817472385,29.2768144730707,-31.7461335534682));
#7335=CARTESIAN_POINT('Ctrl Pts',(-29.9040383039314,29.2805946900025,-31.702599965847));
#7336=CARTESIAN_POINT('Ctrl Pts',(-29.8982013203016,29.2844127244698,-31.6586308653911));
#7337=CARTESIAN_POINT('Ctrl Pts',(-29.891041162469,29.2908235552857,-31.6150687556555));
#7338=CARTESIAN_POINT('Ctrl Pts',(-29.8826119078978,29.2997756417648,-31.5722127967337));
#7339=CARTESIAN_POINT('Ctrl Pts',(-29.879783281997,29.302779715668,-31.5578315161134));
#7340=CARTESIAN_POINT('Ctrl Pts',(-29.8768115741685,29.3060703363837,-31.5435298749862));
#7341=CARTESIAN_POINT('Ctrl Pts',(-29.8736983415779,29.3096466870259,-31.5293196612911));
#7342=CARTESIAN_POINT('Ctrl Pts',(-29.8644406589606,29.320281523393,-31.4870633747829));
#7343=CARTESIAN_POINT('Ctrl Pts',(-29.8539798946274,29.3333858726269,-31.4458281876133));
#7344=CARTESIAN_POINT('Ctrl Pts',(-29.8423788426201,29.3488921323253,-31.405905602939));
#7345=CARTESIAN_POINT('Ctrl Pts',(-29.8333643077269,29.3609411877925,-31.3748839738361));
#7346=CARTESIAN_POINT('Ctrl Pts',(-29.8236607722331,29.3744414782503,-31.3446548213121));
#7347=CARTESIAN_POINT('Ctrl Pts',(-29.8132899809104,29.3893797464809,-31.3153634941437));
#7348=CARTESIAN_POINT('Ctrl Pts',(-29.8059060919132,29.4000156286421,-31.2945083923812));
#7349=CARTESIAN_POINT('Ctrl Pts',(-29.7981837938162,29.4113808379308,-31.2741288863342));
#7350=CARTESIAN_POINT('Ctrl Pts',(-29.7901417279018,29.4234431577323,-31.2542561326084));
#7351=CARTESIAN_POINT('Ctrl Pts',(-29.7756862218434,29.4451250164519,-31.2185351232384));
#7352=CARTESIAN_POINT('Ctrl Pts',(-29.7602815799886,29.4689324825024,-31.18465444138));
#7353=CARTESIAN_POINT('Ctrl Pts',(-29.7440557422826,29.4946340447561,-31.1527581563909));
#7354=CARTESIAN_POINT('Ctrl Pts',(-29.7276587314875,29.5206067434456,-31.1205253842674));
#7355=CARTESIAN_POINT('Ctrl Pts',(-29.7104226135127,29.5485144064796,-31.0903183412916));
#7356=CARTESIAN_POINT('Ctrl Pts',(-29.6924659299577,29.578157402908,-31.062318306039));
#7357=CARTESIAN_POINT('Ctrl Pts',(-29.6759227577981,29.6054669665997,-31.0365223731633));
#7358=CARTESIAN_POINT('Ctrl Pts',(-29.6587675432375,29.6342502819094,-31.012599569194));
#7359=CARTESIAN_POINT('Ctrl Pts',(-29.6410885120925,29.6643725622539,-30.9907242014815));
#7360=CARTESIAN_POINT('Ctrl Pts',(-29.6216086001898,29.697563259335,-30.9666204917034));
#7361=CARTESIAN_POINT('Ctrl Pts',(-29.6016020245623,29.7321918479309,-30.9451379222399));
#7362=CARTESIAN_POINT('Ctrl Pts',(-29.5811981251989,29.7680529942285,-30.9264693974591));
#7363=CARTESIAN_POINT('Ctrl Pts',(-29.5607942258355,29.8039141405261,-30.9078008726782));
#7364=CARTESIAN_POINT('Ctrl Pts',(-29.5399924355355,29.8410086786445,-30.8919456026542));
#7365=CARTESIAN_POINT('Ctrl Pts',(-29.5189193839272,29.879155753224,-30.8791484472697));
#7366=CARTESIAN_POINT('Origin',(-20.6495122307728,47.,-64.8386073573897));
#7367=CARTESIAN_POINT('Origin',(-20.6495122307728,28.,-64.8386073573897));
#7368=CARTESIAN_POINT('Ctrl Pts',(-29.2284118239637,28.9334301844457,-64.8385978664118));
#7369=CARTESIAN_POINT('Ctrl Pts',(-29.2285114937432,28.9334775627272,-64.8401356270408));
#7370=CARTESIAN_POINT('Ctrl Pts',(-29.2286095412396,28.9335283256277,-64.8416733228994));
#7371=CARTESIAN_POINT('Ctrl Pts',(-29.2287059687721,28.9335824668325,-64.8432109432884));
#7372=CARTESIAN_POINT('Ctrl Pts',(-29.2314445162776,28.935120080183,-64.886879451358));
#7373=CARTESIAN_POINT('Ctrl Pts',(-29.2328695570661,28.9393734296603,-64.9303455969748));
#7374=CARTESIAN_POINT('Ctrl Pts',(-29.2330470380144,28.9461708120475,-64.9733682081758));
#7375=CARTESIAN_POINT('Ctrl Pts',(-29.2332298209925,28.9531712580581,-65.017676068141));
#7376=CARTESIAN_POINT('Ctrl Pts',(-29.2320894325598,28.9628702792334,-65.0615145536108));
#7377=CARTESIAN_POINT('Ctrl Pts',(-29.2296732369152,28.9751305352792,-65.1046173641126));
#7378=CARTESIAN_POINT('Ctrl Pts',(-29.2272570412707,28.9873907913249,-65.1477201746144));
#7379=CARTESIAN_POINT('Ctrl Pts',(-29.2235649748337,29.0022127852051,-65.1900884071489));
#7380=CARTESIAN_POINT('Ctrl Pts',(-29.2186204498028,29.0195024094303,-65.2314366386836));
#7381=CARTESIAN_POINT('Ctrl Pts',(-29.2137027119312,29.0366983664343,-65.2725608645433));
#7382=CARTESIAN_POINT('Ctrl Pts',(-29.2075779387772,29.0562231108016,-65.3124080389798));
#7383=CARTESIAN_POINT('Ctrl Pts',(-29.2002946729207,29.0779337257922,-65.3507212277378));
#7384=CARTESIAN_POINT('Ctrl Pts',(-29.1931187029257,29.0993245036124,-65.3884699929692));
#7385=CARTESIAN_POINT('Ctrl Pts',(-29.1848179918501,29.1228378116349,-65.4247305872943));
#7386=CARTESIAN_POINT('Ctrl Pts',(-29.1754166254585,29.1483752929736,-65.4592356299778));
#7387=CARTESIAN_POINT('Ctrl Pts',(-29.1666079911301,29.1723027015449,-65.4915652181273));
#7388=CARTESIAN_POINT('Ctrl Pts',(-29.1568328786668,29.1980077355758,-65.5223541203909));
#7389=CARTESIAN_POINT('Ctrl Pts',(-29.1460941961837,29.2254342704987,-65.5513536251585));
#7390=CARTESIAN_POINT('Ctrl Pts',(-29.1457257370048,29.2263753131783,-65.5523486386281));
#7391=CARTESIAN_POINT('Ctrl Pts',(-29.1453562175349,29.2273181915509,-65.5533413379484));
#7392=CARTESIAN_POINT('Ctrl Pts',(-29.144985638994,29.2282629014561,-65.5543317150579));
#7393=CARTESIAN_POINT('Ctrl Pts',(-29.1335161703124,29.2575018332145,-65.5849840545331));
#7394=CARTESIAN_POINT('Ctrl Pts',(-29.1210341697065,29.2884921959733,-65.6134146657774));
#7395=CARTESIAN_POINT('Ctrl Pts',(-29.1076687698225,29.320959831301,-65.6395305365987));
#7396=CARTESIAN_POINT('Ctrl Pts',(-29.0941112746681,29.353894110294,-65.6660217598458));
#7397=CARTESIAN_POINT('Ctrl Pts',(-29.0796444598722,29.3883493620508,-65.6901318412209));
#7398=CARTESIAN_POINT('Ctrl Pts',(-29.0643818990744,29.4240684257935,-65.7117243304376));
#7399=CARTESIAN_POINT('Ctrl Pts',(-29.050649293281,29.4562069265463,-65.731152337732));
#7400=CARTESIAN_POINT('Ctrl Pts',(-29.0362720092932,29.4893694495125,-65.7485419736533));
#7401=CARTESIAN_POINT('Ctrl Pts',(-29.0213219616244,29.5233787318142,-65.7637609276817));
#7402=CARTESIAN_POINT('Ctrl Pts',(-29.0047092594497,29.5611703222204,-65.7806724423661));
#7403=CARTESIAN_POINT('Ctrl Pts',(-28.9874984544916,29.5997602124379,-65.7947936020955));
#7404=CARTESIAN_POINT('Ctrl Pts',(-28.9698015884344,29.6388841352673,-65.8060038829909));
#7405=CARTESIAN_POINT('Ctrl Pts',(-28.96790596494,29.6430749466273,-65.8072046872337));
#7406=CARTESIAN_POINT('Ctrl Pts',(-28.9660047484398,29.647271902807,-65.8083720491106));
#7407=CARTESIAN_POINT('Ctrl Pts',(-28.9640980657037,29.6514746900855,-65.8095057886662));
#7408=CARTESIAN_POINT('Ctrl Pts',(-28.9462835578398,29.6907421495338,-65.8200985379713));
#7409=CARTESIAN_POINT('Ctrl Pts',(-28.9279927908116,29.7305182776988,-65.8277604540855));
#7410=CARTESIAN_POINT('Ctrl Pts',(-28.9093538533041,29.7705473791388,-65.8325032129631));
#7411=CARTESIAN_POINT('Ctrl Pts',(-28.8943471857733,29.8027757943382,-65.8363217249156));
#7412=CARTESIAN_POINT('Ctrl Pts',(-28.8791144541579,29.8351686093176,-65.8382469936725));
#7413=CARTESIAN_POINT('Ctrl Pts',(-28.863719133031,29.8675905375502,-65.8382608630417));
#7414=CARTESIAN_POINT('Origin',(-25.4871341730796,28.,-64.8386073573897));
#7415=CARTESIAN_POINT('Origin',(18.,28.,-64.8386073573897));
#7416=CARTESIAN_POINT('Ctrl Pts',(18.,28.,-65.8386073573896));
#7417=CARTESIAN_POINT('Ctrl Pts',(18.198259268442,28.,-65.8386073573896));
#7418=CARTESIAN_POINT('Ctrl Pts',(18.3963635087723,28.,-65.8072416560743));
#7419=CARTESIAN_POINT('Ctrl Pts',(18.5828656306233,28.,-65.7478320195935));
#7420=CARTESIAN_POINT('Ctrl Pts',(18.,27.948147123517,-65.8386073573896));
#7421=CARTESIAN_POINT('Ctrl Pts',(18.1982594488716,27.948147123517,-65.8386073573896));
#7422=CARTESIAN_POINT('Ctrl Pts',(18.3963633410393,27.948147123517,-65.807241709505));
#7423=CARTESIAN_POINT('Ctrl Pts',(18.5828656306233,27.948147123517,-65.7478320195935));
#7424=CARTESIAN_POINT('Ctrl Pts',(18.,27.8962947525065,-65.8345661629845));
#7425=CARTESIAN_POINT('Ctrl Pts',(18.1978405832694,27.8962947525065,-65.8345661629845));
#7426=CARTESIAN_POINT('Ctrl Pts',(18.3955261509659,27.8962947525065,-65.8032671182347));
#7427=CARTESIAN_POINT('Ctrl Pts',(18.5816390499163,27.8962947525065,-65.7439814674267));
#7428=CARTESIAN_POINT('Ctrl Pts',(18.,27.845067992489,-65.8265324927358));
#7429=CARTESIAN_POINT('Ctrl Pts',(18.1970077222945,27.845067992489,-65.8265324927358));
#7430=CARTESIAN_POINT('Ctrl Pts',(18.3938620303269,27.845067992489,-65.795365798197));
#7431=CARTESIAN_POINT('Ctrl Pts',(18.5792006755285,27.845067992489,-65.7363267833698));
#7432=CARTESIAN_POINT('Origin',(-20.6495122307728,47.,-31.8386073573896));
#7433=CARTESIAN_POINT('Origin',(-20.6495122307728,47.,-31.8386073573896));
#7434=CARTESIAN_POINT('Ctrl Pts',(-29.454312623405,130.154791081736,-32.2384609252135));
#7435=CARTESIAN_POINT('Ctrl Pts',(-32.9465911929837,128.328497316968,-32.8511499165402));
#7436=CARTESIAN_POINT('Ctrl Pts',(-38.014452088092,123.174099023896,-34.5803586298369));
#7437=CARTESIAN_POINT('Ctrl Pts',(-39.6495122307728,116.27379904291,-36.89528622624));
#7438=CARTESIAN_POINT('Ctrl Pts',(-39.6495122307728,113.318060697071,-37.8868837340848));
#7439=CARTESIAN_POINT('Ctrl Pts',(-29.57253762063,130.357993413146,-32.1702901665609));
#7440=CARTESIAN_POINT('Ctrl Pts',(-33.1136502519787,128.512842220154,-32.7894552791333));
#7441=CARTESIAN_POINT('Ctrl Pts',(-38.2592482897623,123.303926122043,-34.5363570902443));
#7442=CARTESIAN_POINT('Ctrl Pts',(-39.939082658902,116.31569316609,-36.8808218567883));
#7443=CARTESIAN_POINT('Ctrl Pts',(-39.9487115311147,113.318060697071,-37.8868837340848));
#7444=CARTESIAN_POINT('Ctrl Pts',(-29.7783996492765,130.65942625926,-31.8953992741789));
#7445=CARTESIAN_POINT('Ctrl Pts',(-33.4040917714002,128.778411003073,-32.5174198785833));
#7446=CARTESIAN_POINT('Ctrl Pts',(-38.6855470797205,123.466282204412,-34.2739081726695));
#7447=CARTESIAN_POINT('Ctrl Pts',(-40.4415470225464,116.313430584322,-36.6347295384004));
#7448=CARTESIAN_POINT('Ctrl Pts',(-40.466503427069,113.238131043646,-37.6486306730106));
#7449=CARTESIAN_POINT('Ctrl Pts',(-29.8927321068448,130.735943213651,-31.471793891443));
#7450=CARTESIAN_POINT('Ctrl Pts',(-33.561310159529,128.824088849586,-32.0872635572511));
#7451=CARTESIAN_POINT('Ctrl Pts',(-38.8941308665251,123.426624109519,-33.8246698487922));
#7452=CARTESIAN_POINT('Ctrl Pts',(-40.6383042584863,116.180573892496,-36.1533190365798));
#7453=CARTESIAN_POINT('Ctrl Pts',(-40.6495122307728,113.071372653523,-37.1515598713192));
#7454=CARTESIAN_POINT('Ctrl Pts',(-29.9177231703857,130.722874089121,-31.2903905728775));
#7455=CARTESIAN_POINT('Ctrl Pts',(-33.5938058752053,128.800459599891,-31.9030795642042));
#7456=CARTESIAN_POINT('Ctrl Pts',(-38.9283962911088,123.374777186132,-33.6322882775009));
#7457=CARTESIAN_POINT('Ctrl Pts',(-40.6495122307728,116.111303521935,-35.947215873904));
#7458=CARTESIAN_POINT('Ctrl Pts',(-40.6495122307728,113.,-36.9388133817488));
#7459=CARTESIAN_POINT('Origin',(-39.6495122307728,113.,-36.9388133817488));
#7460=CARTESIAN_POINT('Origin',(-20.6495122307728,113.,-36.9388133817488));
#7461=CARTESIAN_POINT('Origin',(-39.6495122307728,79.6819393029286,-48.1164286127976));
#7462=CARTESIAN_POINT('Origin',(-39.6495122307728,47.,-59.0806364595268));
#7463=CARTESIAN_POINT('Ctrl Pts',(-39.6495122307728,47.3180606970714,-60.0287068118628));
#7464=CARTESIAN_POINT('Ctrl Pts',(-39.6495122307728,44.2051544105057,-61.0730313611785));
#7465=CARTESIAN_POINT('Ctrl Pts',(-38.3457488630876,39.0223987604523,-62.81175346207));
#7466=CARTESIAN_POINT('Ctrl Pts',(-33.8548607769152,33.1868392981661,-64.7694796010669));
#7467=CARTESIAN_POINT('Ctrl Pts',(-30.3567485060249,30.8536653838723,-65.5522178437938));
#7468=CARTESIAN_POINT('Ctrl Pts',(-28.4651871019884,30.,-65.8386073573897));
#7469=CARTESIAN_POINT('Ctrl Pts',(-39.7991118809437,47.3180606970714,-60.0287068118628));
#7470=CARTESIAN_POINT('Ctrl Pts',(-39.8040824082967,44.18312128386,-61.0804430157513));
#7471=CARTESIAN_POINT('Ctrl Pts',(-38.4994609712439,38.9596957521352,-62.83276671093));
#7472=CARTESIAN_POINT('Ctrl Pts',(-33.9788570206445,33.0691202434206,-64.8089915090546));
#7473=CARTESIAN_POINT('Ctrl Pts',(-30.4506168801891,30.7110287612274,-65.6000617849634));
#7474=CARTESIAN_POINT('Ctrl Pts',(-28.5415263008684,29.8479587252045,-65.88961449386));
#7475=CARTESIAN_POINT('Ctrl Pts',(-40.0977737330875,47.2962767580915,-59.9637735871856));
#7476=CARTESIAN_POINT('Ctrl Pts',(-40.1126294198004,44.1158454532658,-61.0258921643356));
#7477=CARTESIAN_POINT('Ctrl Pts',(-38.8061841816081,38.8088334972899,-62.7977289524307));
#7478=CARTESIAN_POINT('Ctrl Pts',(-34.226171562187,32.8052939240782,-64.8012284395959));
#7479=CARTESIAN_POINT('Ctrl Pts',(-30.6377929575067,30.3962971022374,-65.6048964700045));
#7480=CARTESIAN_POINT('Ctrl Pts',(-28.6937145724707,29.5139641289588,-65.8992301933317));
#7481=CARTESIAN_POINT('Ctrl Pts',(-40.5183466087916,47.1898894065919,-59.6466558334077));
#7482=CARTESIAN_POINT('Ctrl Pts',(-40.5404121299218,43.9408874234309,-60.7095951661628));
#7483=CARTESIAN_POINT('Ctrl Pts',(-39.2184935866899,38.513045763734,-62.4834223787658));
#7484=CARTESIAN_POINT('Ctrl Pts',(-34.5466283752032,32.3603736123214,-64.4904585115804));
#7485=CARTESIAN_POINT('Ctrl Pts',(-30.8770372139069,29.8874000128266,-65.2960714866756));
#7486=CARTESIAN_POINT('Ctrl Pts',(-28.8874274505131,28.9813750240812,-65.5911425193668));
#7487=CARTESIAN_POINT('Ctrl Pts',(-40.6495122307728,47.0713726535225,-59.2933829490971));
#7488=CARTESIAN_POINT('Ctrl Pts',(-40.6613676388992,43.7968284150195,-60.3448088714781));
#7489=CARTESIAN_POINT('Ctrl Pts',(-39.3107283057946,38.3359761641929,-62.0967379001539));
#7490=CARTESIAN_POINT('Ctrl Pts',(-34.5955424949384,32.1645819316308,-64.0733430669591));
#7491=CARTESIAN_POINT('Ctrl Pts',(-30.9070376572734,29.6912829326712,-64.8647278356301));
#7492=CARTESIAN_POINT('Ctrl Pts',(-28.9097350809056,28.7854441465886,-65.1544535026812));
#7493=CARTESIAN_POINT('Ctrl Pts',(-40.6495122307728,47.,-59.0806364595268));
#7494=CARTESIAN_POINT('Ctrl Pts',(-40.6495122307728,43.7232565404572,-60.1249610088425));
#7495=CARTESIAN_POINT('Ctrl Pts',(-39.2771297384726,38.2677242772431,-61.863683109734));
#7496=CARTESIAN_POINT('Ctrl Pts',(-34.549879121449,32.1250301064155,-63.8214092487309));
#7497=CARTESIAN_POINT('Ctrl Pts',(-30.8676556784066,29.6690575650536,-64.6041474914579));
#7498=CARTESIAN_POINT('Ctrl Pts',(-28.8765384109998,28.7704624241354,-64.8905370050537));
#7499=CARTESIAN_POINT('Origin',(-39.6495122307728,125.04104214718,-0.00880654809015224));
#7500=CARTESIAN_POINT('Origin',(-39.6495122307728,113.,-4.04836147074041));
#7501=CARTESIAN_POINT('Ctrl Pts',(-39.6495122307728,112.681939302929,-3.10029111840442));
#7502=CARTESIAN_POINT('Ctrl Pts',(-39.6495122307728,116.782047928136,-1.72477778841942));
#7503=CARTESIAN_POINT('Ctrl Pts',(-38.2779027415816,120.870390849889,-0.353211642135301));
#7504=CARTESIAN_POINT('Ctrl Pts',(-35.8051147803146,124.140896993762,0.743984848962043));
#7505=CARTESIAN_POINT('Ctrl Pts',(-39.7991118809437,112.681939302929,-3.10029111840442));
#7506=CARTESIAN_POINT('Ctrl Pts',(-39.8056587218042,116.811068465307,-1.71501566067018));
#7507=CARTESIAN_POINT('Ctrl Pts',(-38.4309040719838,120.932735630261,-0.332323193420059));
#7508=CARTESIAN_POINT('Ctrl Pts',(-35.9416436503448,124.233681943248,0.775112544958936));
#7509=CARTESIAN_POINT('Ctrl Pts',(-40.0977718776173,112.703723686969,-3.16522566971183));
#7510=CARTESIAN_POINT('Ctrl Pts',(-40.1173387786473,116.892771677611,-1.76627525544471));
#7511=CARTESIAN_POINT('Ctrl Pts',(-38.7361630417922,121.082852117894,-0.36749091894494));
#7512=CARTESIAN_POINT('Ctrl Pts',(-36.2139697593484,124.446328734316,0.755008659322149));
#7513=CARTESIAN_POINT('Ctrl Pts',(-40.5183437310518,112.81011101866,-3.48234336444368));
#7514=CARTESIAN_POINT('Ctrl Pts',(-40.5474069360369,117.089475647131,-2.08231190666748));
#7515=CARTESIAN_POINT('Ctrl Pts',(-39.1467883577447,121.376842146961,-0.681769493004665));
#7516=CARTESIAN_POINT('Ctrl Pts',(-36.5739185974987,124.823271856628,0.442651076569258));
#7517=CARTESIAN_POINT('Ctrl Pts',(-40.6495122307728,112.928627346477,-3.83561498117005));
#7518=CARTESIAN_POINT('Ctrl Pts',(-40.6651273687306,117.241634497978,-2.45074820515262));
#7519=CARTESIAN_POINT('Ctrl Pts',(-39.2385540783674,121.552265457647,-1.06830702428082));
#7520=CARTESIAN_POINT('Ctrl Pts',(-36.6420622147634,125.010103571553,0.0393235425202603));
#7521=CARTESIAN_POINT('Ctrl Pts',(-40.6495122307728,113.,-4.0483614707404));
#7522=CARTESIAN_POINT('Ctrl Pts',(-40.6495122307728,117.315903816008,-2.6728481407554));
#7523=CARTESIAN_POINT('Ctrl Pts',(-39.2057127684663,121.619422681011,-1.30128199447129));
#7524=CARTESIAN_POINT('Ctrl Pts',(-36.6027780723958,125.062060727194,-0.204085503373943));
#7525=CARTESIAN_POINT('',(-36.6027780725168,125.062060727152,-0.204085502978321));
#7526=CARTESIAN_POINT('Origin',(-35.8051147803214,124.458957690825,-0.204085503376954));
#7527=CARTESIAN_POINT('Origin',(-20.6495122307728,113.,-4.0483614707404));
#7528=CARTESIAN_POINT('Ctrl Pts',(-35.8051147791005,124.140896995368,0.743984849500773));
#7529=CARTESIAN_POINT('Ctrl Pts',(-35.1923700581104,124.951312366873,1.01586475518811));
#7530=CARTESIAN_POINT('Ctrl Pts',(-33.7227113706379,126.400365256131,1.50199615979875));
#7531=CARTESIAN_POINT('Ctrl Pts',(-30.7666972484737,128.222317064822,2.11322850228762));
#7532=CARTESIAN_POINT('Ctrl Pts',(-27.1688817753077,129.569362188413,2.56513812053517));
#7533=CARTESIAN_POINT('Ctrl Pts',(-24.4899498506271,130.357063703333,2.8293979323755));
#7534=CARTESIAN_POINT('Ctrl Pts',(-23.1301645336629,130.681939302931,2.93838790280853));
#7535=CARTESIAN_POINT('Ctrl Pts',(-35.9416436491308,124.23368194487,0.77511254550301));
#7536=CARTESIAN_POINT('Ctrl Pts',(-35.3092100978122,125.049775834353,1.04883369587943));
#7537=CARTESIAN_POINT('Ctrl Pts',(-33.8052293715138,126.500367385666,1.53548761452511));
#7538=CARTESIAN_POINT('Ctrl Pts',(-30.8091991286897,128.309408049284,2.14233455187174));
#7539=CARTESIAN_POINT('Ctrl Pts',(-27.1919999833109,129.637283831511,2.58789572955489));
#7540=CARTESIAN_POINT('Ctrl Pts',(-24.5138877145244,130.431394714634,2.85432422481653));
#7541=CARTESIAN_POINT('Ctrl Pts',(-23.1523100769846,130.765253828288,2.96633844038835));
#7542=CARTESIAN_POINT('Ctrl Pts',(-36.2139696560721,124.44632868957,0.75500856815992));
#7543=CARTESIAN_POINT('Ctrl Pts',(-35.5423516900751,125.269604183747,1.04505437522501));
#7544=CARTESIAN_POINT('Ctrl Pts',(-33.9700318249295,126.716827085779,1.55259761976755));
#7545=CARTESIAN_POINT('Ctrl Pts',(-30.8940803715539,128.492772908317,2.17276948734799));
#7546=CARTESIAN_POINT('Ctrl Pts',(-27.238213710174,129.778496371719,2.61729192726565));
#7547=CARTESIAN_POINT('Ctrl Pts',(-24.5617535813163,130.586386195745,2.88520977851484));
#7548=CARTESIAN_POINT('Ctrl Pts',(-23.1965885732658,130.939738233669,2.99866731677807));
#7549=CARTESIAN_POINT('Ctrl Pts',(-36.5739184385609,124.823271769144,0.442650987494048));
#7550=CARTESIAN_POINT('Ctrl Pts',(-35.8677393013107,125.654778709283,0.796419651379376));
#7551=CARTESIAN_POINT('Ctrl Pts',(-34.218618847997,127.09737115009,1.40352957995058));
#7552=CARTESIAN_POINT('Ctrl Pts',(-31.0322437218287,128.820326409601,2.12384897843042));
#7553=CARTESIAN_POINT('Ctrl Pts',(-27.3150316415075,130.032244487738,2.60989782708082));
#7554=CARTESIAN_POINT('Ctrl Pts',(-24.6404895608229,130.864300013061,2.86997117141388));
#7555=CARTESIAN_POINT('Ctrl Pts',(-23.2684202386244,131.250334961993,2.96903473236113));
#7556=CARTESIAN_POINT('Ctrl Pts',(-36.6420622135078,125.010103573257,0.0393235429943543));
#7557=CARTESIAN_POINT('Ctrl Pts',(-35.9616467981178,125.854204567422,0.445829156019504));
#7558=CARTESIAN_POINT('Ctrl Pts',(-34.3268713102092,127.317600422668,1.15372778735352));
#7559=CARTESIAN_POINT('Ctrl Pts',(-31.1108618353308,129.034899677222,1.99937303395265));
#7560=CARTESIAN_POINT('Ctrl Pts',(-27.3625302151729,130.207757749706,2.55216412053885));
#7561=CARTESIAN_POINT('Ctrl Pts',(-24.6878989593679,131.054284057895,2.79745415801536));
#7562=CARTESIAN_POINT('Ctrl Pts',(-23.309875887298,131.456284814939,2.87235336296987));
#7563=CARTESIAN_POINT('Ctrl Pts',(-36.6027780711192,125.062060728882,-0.204085502915215));
#7564=CARTESIAN_POINT('Ctrl Pts',(-35.9549687770732,125.918852459149,0.219230054709265));
#7565=CARTESIAN_POINT('Ctrl Pts',(-34.3569732653735,127.409038188716,0.974719233708188));
#7566=CARTESIAN_POINT('Ctrl Pts',(-31.1480418922131,129.145518509845,1.89851717541522));
#7567=CARTESIAN_POINT('Ctrl Pts',(-27.387029556338,130.305352352964,2.50077510728335));
#7568=CARTESIAN_POINT('Ctrl Pts',(-24.7112330534214,131.157888812036,2.73440520655079));
#7569=CARTESIAN_POINT('Ctrl Pts',(-23.3291560557076,131.564028082695,2.79173797452474));
#7570=CARTESIAN_POINT('',(-23.3291560557076,131.564028082695,2.79173797452473));
#7571=CARTESIAN_POINT('Ctrl Pts',(-23.3291560557185,131.564028082693,2.79173797452401));
#7572=CARTESIAN_POINT('Ctrl Pts',(-23.3291503539383,131.562489913569,2.79282193141005));
#7573=CARTESIAN_POINT('Ctrl Pts',(-23.3291435884121,131.560948776863,2.79390164270682));
#7574=CARTESIAN_POINT('Ctrl Pts',(-23.3291357603646,131.559404693472,2.79497710104371));
#7575=CARTESIAN_POINT('Ctrl Pts',(-23.3289401696067,131.520824390717,2.8218483882299));
#7576=CARTESIAN_POINT('Ctrl Pts',(-23.328082818192,131.480496145863,2.84600697416294));
#7577=CARTESIAN_POINT('Ctrl Pts',(-23.3265849799584,131.438750858173,2.86734933464246));
#7578=CARTESIAN_POINT('Ctrl Pts',(-23.3250871417249,131.397005570482,2.88869169512198));
#7579=CARTESIAN_POINT('Ctrl Pts',(-23.3229485602568,131.353841954598,2.90721847270123));
#7580=CARTESIAN_POINT('Ctrl Pts',(-23.3201809605685,131.309563341918,2.92277234684908));
#7581=CARTESIAN_POINT('Ctrl Pts',(-23.3176945550273,131.269783532581,2.93674591355762));
#7582=CARTESIAN_POINT('Ctrl Pts',(-23.3147105891921,131.229266896219,2.9482618118635));
#7583=CARTESIAN_POINT('Ctrl Pts',(-23.311242868177,131.188241384463,2.95722554292308));
#7584=CARTESIAN_POINT('Ctrl Pts',(-23.3075581651081,131.144648826581,2.96675015208277));
#7585=CARTESIAN_POINT('Ctrl Pts',(-23.3033270993477,131.100480834215,2.97339395788269));
#7586=CARTESIAN_POINT('Ctrl Pts',(-23.2985800895831,131.056035815134,2.97712482376003));
#7587=CARTESIAN_POINT('Ctrl Pts',(-23.2978932915127,131.049605503243,2.97766460598342));
#7588=CARTESIAN_POINT('Ctrl Pts',(-23.2971956885087,131.043169391601,2.97814332462368));
#7589=CARTESIAN_POINT('Ctrl Pts',(-23.2964873686479,131.03672838759,2.97856079148135));
#7590=CARTESIAN_POINT('Ctrl Pts',(-23.2921279746053,130.997086869589,2.98113011451309));
#7591=CARTESIAN_POINT('Ctrl Pts',(-23.287384071076,130.957451691756,2.98136952136918));
#7592=CARTESIAN_POINT('Ctrl Pts',(-23.282283929231,130.918035303472,2.97928373630798));
#7593=CARTESIAN_POINT('Ctrl Pts',(-23.2764865033455,130.873229963406,2.9769127857201));
#7594=CARTESIAN_POINT('Ctrl Pts',(-23.2702285992672,130.82870633624,2.97153846437198));
#7595=CARTESIAN_POINT('Ctrl Pts',(-23.26355279448,130.78476196867,2.96320816567003));
#7596=CARTESIAN_POINT('Ctrl Pts',(-23.2568769896928,130.7408176011,2.95487786696809));
#7597=CARTESIAN_POINT('Ctrl Pts',(-23.2497829911838,130.697451286487,2.94359146453603));
#7598=CARTESIAN_POINT('Ctrl Pts',(-23.242314402874,130.654977729654,2.92934277575698));
#7599=CARTESIAN_POINT('Ctrl Pts',(-23.3291560557076,131.564028082695,2.79173797452474));
#7600=CARTESIAN_POINT('Ctrl Pts',(-24.7112330534214,131.157888812036,2.73440520655079));
#7601=CARTESIAN_POINT('Ctrl Pts',(-27.387029556338,130.305352352964,2.50077510728335));
#7602=CARTESIAN_POINT('Ctrl Pts',(-31.1480418922131,129.145518509845,1.89851717541522));
#7603=CARTESIAN_POINT('Ctrl Pts',(-34.3569732653735,127.409038188716,0.974719233708188));
#7604=CARTESIAN_POINT('Ctrl Pts',(-35.9549687770732,125.918852459149,0.219230054709265));
#7605=CARTESIAN_POINT('Ctrl Pts',(-36.6027780711192,125.062060728882,-0.204085502915215));
#7606=CARTESIAN_POINT('Ctrl Pts',(29.5194231857053,129.659011244683,2.31499181582744));
#7607=CARTESIAN_POINT('Ctrl Pts',(28.6557542166391,130.583986628133,1.74026403865314));
#7608=CARTESIAN_POINT('Ctrl Pts',(27.1270561232194,131.907495322535,0.262737551665998));
#7609=CARTESIAN_POINT('Ctrl Pts',(25.8189014860305,132.328759604319,-1.82085274770644));
#7610=CARTESIAN_POINT('Ctrl Pts',(25.3286430641037,132.319133071709,-2.75219624834925));
#7611=CARTESIAN_POINT('Ctrl Pts',(29.5571121421776,129.801978183545,2.48882616297324));
#7612=CARTESIAN_POINT('Ctrl Pts',(28.6716785759676,130.743035082686,1.89370089673358));
#7613=CARTESIAN_POINT('Ctrl Pts',(27.1079514233634,132.090905945379,0.372435098910051));
#7614=CARTESIAN_POINT('Ctrl Pts',(25.7712814805999,132.523918369523,-1.7655885121041));
#7615=CARTESIAN_POINT('Ctrl Pts',(25.2700948425585,132.515937946762,-2.72114584594074));
#7616=CARTESIAN_POINT('Ctrl Pts',(29.5076072920981,130.021243267668,2.91686204962242));
#7617=CARTESIAN_POINT('Ctrl Pts',(28.5869614494259,131.003229008697,2.27274143038754));
#7618=CARTESIAN_POINT('Ctrl Pts',(26.9616425700041,132.409842465721,0.65408180656386));
#7619=CARTESIAN_POINT('Ctrl Pts',(25.5662946851215,132.870015620892,-1.59557128278384));
#7620=CARTESIAN_POINT('Ctrl Pts',(25.0411356783715,132.866151303231,-2.59971988293982));
#7621=CARTESIAN_POINT('Ctrl Pts',(29.2323094617648,130.010791610408,3.31415853215259));
#7622=CARTESIAN_POINT('Ctrl Pts',(28.3052582682347,131.039163580738,2.64088688936896));
#7623=CARTESIAN_POINT('Ctrl Pts',(26.6548731068363,132.514073591479,0.956710112647246));
#7624=CARTESIAN_POINT('Ctrl Pts',(25.21844751355,133.000816033932,-1.36971059143814));
#7625=CARTESIAN_POINT('Ctrl Pts',(24.674849932843,133.,-2.40546428481931));
#7626=CARTESIAN_POINT('Ctrl Pts',(29.0685892206435,129.94884932444,3.46057307771219));
#7627=CARTESIAN_POINT('Ctrl Pts',(28.1443929359599,130.996688064732,2.78471743671027));
#7628=CARTESIAN_POINT('Ctrl Pts',(26.4900399666188,132.502446832497,1.08522748256617));
#7629=CARTESIAN_POINT('Ctrl Pts',(25.0407064130319,133.,-1.26383377534982));
#7630=CARTESIAN_POINT('Ctrl Pts',(24.4913897191094,133.,-2.30816818748218));
#7631=CARTESIAN_POINT('Ctrl Pts',(1.64217917173999,130.938781234033,13.1760158249268));
#7632=CARTESIAN_POINT('Ctrl Pts',(1.89127020509526,130.532333886781,13.8193957163898));
#7633=CARTESIAN_POINT('Ctrl Pts',(2.1473096440563,129.997432708694,14.3691876476009));
#7634=CARTESIAN_POINT('Ctrl Pts',(2.38958155143147,129.396210768853,14.8249576133811));
#7635=CARTESIAN_POINT('Ctrl Pts',(1.67618861334086,131.180320533958,13.3195529108546));
#7636=CARTESIAN_POINT('Ctrl Pts',(1.93731513693509,130.731456177114,13.978770245207));
#7637=CARTESIAN_POINT('Ctrl Pts',(2.19850866722641,130.1597081018,14.5279339036759));
#7638=CARTESIAN_POINT('Ctrl Pts',(2.44381347675804,129.528601807713,14.9770379476587));
#7639=CARTESIAN_POINT('Ctrl Pts',(1.9458926350774,131.612944664417,13.4955761607384));
#7640=CARTESIAN_POINT('Ctrl Pts',(2.18220341013474,131.091453698116,14.1931353338783));
#7641=CARTESIAN_POINT('Ctrl Pts',(2.42291549916897,130.452697569529,14.7495586229743));
#7642=CARTESIAN_POINT('Ctrl Pts',(2.64712872373237,129.768357831361,15.1961705292494));
#7643=CARTESIAN_POINT('Ctrl Pts',(2.4234532134318,131.816846887722,13.4424691592505));
#7644=CARTESIAN_POINT('Ctrl Pts',(2.6021920829827,131.305100902183,14.1888821745676));
#7645=CARTESIAN_POINT('Ctrl Pts',(2.79234850313469,130.650753496773,14.7887599250141));
#7646=CARTESIAN_POINT('Ctrl Pts',(2.97242481789728,129.944412939022,15.2628379122003));
#7647=CARTESIAN_POINT('Ctrl Pts',(2.62510692643726,131.845162930982,13.382547000022));
#7648=CARTESIAN_POINT('Ctrl Pts',(2.78556967028787,131.355524506085,14.1469513972821));
#7649=CARTESIAN_POINT('Ctrl Pts',(2.95647986030362,130.707127486366,14.7696870434304));
#7650=CARTESIAN_POINT('Ctrl Pts',(3.11880746983111,129.999999999942,15.2605004635441));
#7651=CARTESIAN_POINT('',(2.62510692644824,131.845162930982,13.3825470000202));
#7652=CARTESIAN_POINT('Ctrl Pts',(3.11880746983111,129.999999999942,15.2605004635441));
#7653=CARTESIAN_POINT('Ctrl Pts',(2.95647986030362,130.707127486366,14.7696870434304));
#7654=CARTESIAN_POINT('Ctrl Pts',(2.78556967028787,131.355524506085,14.1469513972821));
#7655=CARTESIAN_POINT('Ctrl Pts',(2.62510692643726,131.845162930982,13.382547000022));
#7656=CARTESIAN_POINT('Ctrl Pts',(2.62510692644824,131.845162930982,13.3825470000201));
#7657=CARTESIAN_POINT('Ctrl Pts',(2.62369482020034,131.844151962103,13.3842551840348));
#7658=CARTESIAN_POINT('Ctrl Pts',(2.62228176432635,131.843136025462,13.3859596393099));
#7659=CARTESIAN_POINT('Ctrl Pts',(2.5290582338473,131.775828250584,13.4980866938907));
#7660=CARTESIAN_POINT('Ctrl Pts',(2.43388303725428,131.688968370874,13.5920948045927));
#7661=CARTESIAN_POINT('Ctrl Pts',(2.25867779012587,131.488599407852,13.7291227341899));
#7662=CARTESIAN_POINT('Ctrl Pts',(2.17898228253191,131.379785941433,13.775686440412));
#7663=CARTESIAN_POINT('Ctrl Pts',(2.03902001178993,131.14474215142,13.8238269979478));
#7664=CARTESIAN_POINT('Ctrl Pts',(1.97912799215848,131.020690464052,13.8264720166272));
#7665=CARTESIAN_POINT('Ctrl Pts',(1.89405645783586,130.782935306336,13.7870851618693));
#7666=CARTESIAN_POINT('Ctrl Pts',(1.86627206220015,130.67190087691,13.7508503187648));
#7667=CARTESIAN_POINT('Ctrl Pts',(1.85361011682676,130.566441484809,13.696843088864));
#7668=CARTESIAN_POINT('Origin',(-31.1851659836255,131.,52.7527740152539));
#7669=CARTESIAN_POINT('',(-1.69404044972104,131.5,11.8262489235186));
#7670=CARTESIAN_POINT('Origin',(-1.18774608647606,131.,11.123635219022));
#7671=CARTESIAN_POINT('',(-20.0401828868454,131.5,3.5542344727691));
#7672=CARTESIAN_POINT('Origin',(-31.1851659836255,131.5,52.7527740152539));
#7673=CARTESIAN_POINT('Origin',(-19.8488493240123,131.,2.70960942712246));
#7674=CARTESIAN_POINT('Ctrl Pts',(-1.18774608647607,130.,11.123635219022));
#7675=CARTESIAN_POINT('Ctrl Pts',(-0.535732130107786,130.,11.5934680571146));
#7676=CARTESIAN_POINT('Ctrl Pts',(0.302503316596628,130.,12.1572433578652));
#7677=CARTESIAN_POINT('Ctrl Pts',(1.40303499770559,130.,12.648568471099));
#7678=CARTESIAN_POINT('Ctrl Pts',(1.98248002328041,130.,12.8237556205948));
#7679=CARTESIAN_POINT('Ctrl Pts',(2.38490510265699,130.,12.8644536319342));
#7680=CARTESIAN_POINT('Ctrl Pts',(2.58539174433573,130.,12.8495157397707));
#7681=CARTESIAN_POINT('Ctrl Pts',(-1.30435769208484,130.,11.2854638273418));
#7682=CARTESIAN_POINT('Ctrl Pts',(-0.646903487926141,130.,11.7592168377471));
#7683=CARTESIAN_POINT('Ctrl Pts',(0.192302255694113,130.000537975153,12.3333266540621));
#7684=CARTESIAN_POINT('Ctrl Pts',(1.32291005877052,130.000331199346,12.8576264831979));
#7685=CARTESIAN_POINT('Ctrl Pts',(1.93196672903312,130.000190893886,13.0532318387769));
#7686=CARTESIAN_POINT('Ctrl Pts',(2.37345075510431,130.000101761027,13.1076345699744));
#7687=CARTESIAN_POINT('Ctrl Pts',(2.60363234401412,130.,13.0943291667049));
#7688=CARTESIAN_POINT('Ctrl Pts',(-1.53740441503443,130.123129444866,11.608876121097));
#7689=CARTESIAN_POINT('Ctrl Pts',(-0.869047103694756,130.123129444866,12.090485769755));
#7690=CARTESIAN_POINT('Ctrl Pts',(-0.0285829569599613,130.130991632704,
12.6839278008435));
#7691=CARTESIAN_POINT('Ctrl Pts',(1.16213584342788,130.155197067396,13.2744802989445));
#7692=CARTESIAN_POINT('Ctrl Pts',(1.83047368506897,130.170756132693,13.5111082080961));
#7693=CARTESIAN_POINT('Ctrl Pts',(2.35022691724791,130.183338034396,13.5929694007728));
#7694=CARTESIAN_POINT('Ctrl Pts',(2.64004481644012,130.18963395461,13.5830336125524));
#7695=CARTESIAN_POINT('Ctrl Pts',(-1.74627036567349,130.571446411863,11.8987313712743));
#7696=CARTESIAN_POINT('Ctrl Pts',(-1.06815858218777,130.571446411863,12.38736996661));
#7697=CARTESIAN_POINT('Ctrl Pts',(-0.21768057957245,130.604848365683,12.9913553979848));
#7698=CARTESIAN_POINT('Ctrl Pts',(1.03770424243176,130.702082230859,13.6009718219233));
#7699=CARTESIAN_POINT('Ctrl Pts',(1.75869483663843,130.762976894163,13.8445648190257));
#7700=CARTESIAN_POINT('Ctrl Pts',(2.33583989749643,130.810746675257,13.9243142216002));
#7701=CARTESIAN_POINT('Ctrl Pts',(2.66410577407186,130.834238718277,13.9059640861662));
#7702=CARTESIAN_POINT('Ctrl Pts',(-1.79053186313705,131.077415960673,11.9601555880088));
#7703=CARTESIAN_POINT('Ctrl Pts',(-1.11035515007126,131.077415960673,12.4502821449373));
#7704=CARTESIAN_POINT('Ctrl Pts',(-0.24295331942079,131.13252692234,13.0428068459641));
#7705=CARTESIAN_POINT('Ctrl Pts',(1.04327280220088,131.278393070229,13.5912292034837));
#7706=CARTESIAN_POINT('Ctrl Pts',(1.77399972008275,131.365882716242,13.7895738658823));
#7707=CARTESIAN_POINT('Ctrl Pts',(2.34256376842347,131.431065151303,13.828529819168));
#7708=CARTESIAN_POINT('Ctrl Pts',(2.65560251967888,131.462139670042,13.7918389540575));
#7709=CARTESIAN_POINT('Ctrl Pts',(-1.73776980182433,131.370442902555,11.8869346516385));
#7710=CARTESIAN_POINT('Ctrl Pts',(-1.06005146454354,131.370442902555,12.3752897347191));
#7711=CARTESIAN_POINT('Ctrl Pts',(-0.180241416402868,131.431888466874,12.9504595540129));
#7712=CARTESIAN_POINT('Ctrl Pts',(1.10587599243316,131.578393937591,13.431111593716));
#7713=CARTESIAN_POINT('Ctrl Pts',(1.82135584341193,131.661867210184,13.5838431319008));
#7714=CARTESIAN_POINT('Ctrl Pts',(2.35527584170327,131.720121917649,13.5867690442403));
#7715=CARTESIAN_POINT('Ctrl Pts',(2.63666913546355,131.746749702315,13.5377274251088));
#7716=CARTESIAN_POINT('Ctrl Pts',(-1.69404044972104,131.5,11.8262489235186));
#7717=CARTESIAN_POINT('Ctrl Pts',(-1.01837134898411,131.5,12.3131273532057));
#7718=CARTESIAN_POINT('Ctrl Pts',(-0.132313194591282,131.561846881121,12.8781767171168));
#7719=CARTESIAN_POINT('Ctrl Pts',(1.14849768447879,131.69877299022,13.3221021911535));
#7720=CARTESIAN_POINT('Ctrl Pts',(1.85162251400342,131.773766466926,13.4511728659884));
#7721=CARTESIAN_POINT('Ctrl Pts',(2.36295020016236,131.823344568188,13.4366745451134));
#7722=CARTESIAN_POINT('Ctrl Pts',(2.62510692644824,131.845162930982,13.3825470000202));
#7723=CARTESIAN_POINT('Ctrl Pts',(2.62510692644824,131.845162930982,13.3825470000202));
#7724=CARTESIAN_POINT('Ctrl Pts',(2.51741906128571,131.836200456725,13.4047813323608));
#7725=CARTESIAN_POINT('Ctrl Pts',(2.4107442483581,131.826729494073,13.4191180287303));
#7726=CARTESIAN_POINT('Ctrl Pts',(2.30546099813276,131.81695486825,13.4270397490868));
#7727=CARTESIAN_POINT('Ctrl Pts',(2.18202886992473,131.805495278379,13.4363270269831));
#7728=CARTESIAN_POINT('Ctrl Pts',(2.06051035001758,131.793618621559,13.4367982867366));
#7729=CARTESIAN_POINT('Ctrl Pts',(1.94149808827689,131.781657656116,13.430912109928));
#7730=CARTESIAN_POINT('Ctrl Pts',(1.92687373188863,131.780187879651,13.4301888101087));
#7731=CARTESIAN_POINT('Ctrl Pts',(1.91228718960851,131.77871682892,13.4293695698533));
#7732=CARTESIAN_POINT('Ctrl Pts',(1.89773953452354,131.777245119258,13.4284589893195));
#7733=CARTESIAN_POINT('Ctrl Pts',(1.88588991192226,131.776046355336,13.4277172865771));
#7734=CARTESIAN_POINT('Ctrl Pts',(1.8740643850166,131.774846972524,13.4269148871557));
#7735=CARTESIAN_POINT('Ctrl Pts',(1.86226341468074,131.773647292303,13.4260542123029));
#7736=CARTESIAN_POINT('Ctrl Pts',(1.61730256204404,131.748744705345,13.4081885928007));
#7737=CARTESIAN_POINT('Ctrl Pts',(1.38292047564636,131.723712938711,13.3652110408876));
#7738=CARTESIAN_POINT('Ctrl Pts',(1.1589168855535,131.699761985297,13.3067113826046));
#7739=CARTESIAN_POINT('Ctrl Pts',(0.935072580890358,131.67582806303,13.2482533225085));
#7740=CARTESIAN_POINT('Ctrl Pts',(0.721594352569031,131.652973699236,13.1742949173659));
#7741=CARTESIAN_POINT('Ctrl Pts',(0.515280765544027,131.632225283974,13.0924631734536));
#7742=CARTESIAN_POINT('Ctrl Pts',(0.317808813507333,131.612366048706,13.0141383551907));
#7743=CARTESIAN_POINT('Ctrl Pts',(0.126899952414713,131.594436489223,12.9286031233405));
#7744=CARTESIAN_POINT('Ctrl Pts',(-0.0585834449753925,131.578682240483,
12.8370574771187));
#7745=CARTESIAN_POINT('Ctrl Pts',(-0.327947251726551,131.55580351132,12.7041125122065));
#7746=CARTESIAN_POINT('Ctrl Pts',(-0.585385305464265,131.53740184805,12.5588584623818));
#7747=CARTESIAN_POINT('Ctrl Pts',(-0.834427248420943,131.524168697997,12.4051039447028));
#7748=CARTESIAN_POINT('Ctrl Pts',(-0.902588958347242,131.520546841675,12.3630219937291));
#7749=CARTESIAN_POINT('Ctrl Pts',(-0.970121444796817,131.517312144519,12.3203031720767));
#7750=CARTESIAN_POINT('Ctrl Pts',(-1.03709647136145,131.514478728095,12.2770252302119));
#7751=CARTESIAN_POINT('Ctrl Pts',(-1.20699222032026,131.507291192231,12.1672419464469));
#7752=CARTESIAN_POINT('Ctrl Pts',(-1.37334085341231,131.502681506751,12.0538398415569));
#7753=CARTESIAN_POINT('Ctrl Pts',(-1.53755378523669,131.500870299606,11.9379011372016));
#7754=CARTESIAN_POINT('Ctrl Pts',(-1.58991831404418,131.500292738463,11.9009303849187));
#7755=CARTESIAN_POINT('Ctrl Pts',(-1.64206543657678,131.5,11.863701446884));
#7756=CARTESIAN_POINT('Ctrl Pts',(-1.69404044972103,131.5,11.8262489235186));
#7757=CARTESIAN_POINT('Origin',(-31.1851659836255,131.,52.7527740152539));
#7758=CARTESIAN_POINT('',(-21.1655529232707,131.5,3.3127669818632));
#7759=CARTESIAN_POINT('Origin',(-31.1851659836255,131.5,52.7527740152539));
#7760=CARTESIAN_POINT('Origin',(-20.9935393591047,131.,2.46399649831485));
#7761=CARTESIAN_POINT('Ctrl Pts',(-23.1956804176253,130.037666415055,2.25417686949733));
#7762=CARTESIAN_POINT('Ctrl Pts',(-22.4796976539341,130.035904520448,2.42552845742137));
#7763=CARTESIAN_POINT('Ctrl Pts',(-21.7632527103492,130.035100992678,2.5759649441845));
#7764=CARTESIAN_POINT('Ctrl Pts',(-21.0457022772317,130.035100992678,2.72138518423971));
#7765=CARTESIAN_POINT('Ctrl Pts',(-23.2584507636893,130.111254821735,2.50697878207961));
#7766=CARTESIAN_POINT('Ctrl Pts',(-22.5349419676616,130.106252633264,2.67421350693776));
#7767=CARTESIAN_POINT('Ctrl Pts',(-21.8157538895864,130.103707309696,2.82251638930524));
#7768=CARTESIAN_POINT('Ctrl Pts',(-21.0957688902216,130.103707309696,2.96843002354124));
#7769=CARTESIAN_POINT('Ctrl Pts',(-23.3495430973737,130.419796775065,2.87384494772856));
#7770=CARTESIAN_POINT('Ctrl Pts',(-22.6159985472107,130.400099866998,3.03835790921033));
#7771=CARTESIAN_POINT('Ctrl Pts',(-21.8927882985849,130.391145948605,3.18440345852386));
#7772=CARTESIAN_POINT('Ctrl Pts',(-21.1692553843074,130.391145948605,3.3310361204609));
#7773=CARTESIAN_POINT('Ctrl Pts',(-23.3826080415802,131.061449409058,3.00701103106195));
#7774=CARTESIAN_POINT('Ctrl Pts',(-22.6499484853421,131.021111750285,3.18886326689127));
#7775=CARTESIAN_POINT('Ctrl Pts',(-21.9263720169285,131.001786797997,3.34213143543046));
#7776=CARTESIAN_POINT('Ctrl Pts',(-21.2012847013017,131.001786797997,3.48907911552778));
#7777=CARTESIAN_POINT('Ctrl Pts',(-23.3536827122365,131.415021275316,2.89051687357068));
#7778=CARTESIAN_POINT('Ctrl Pts',(-22.6283789939373,131.371130462075,3.08996111575717));
#7779=CARTESIAN_POINT('Ctrl Pts',(-21.9070418899272,131.349174885937,3.25134448435272));
#7780=CARTESIAN_POINT('Ctrl Pts',(-21.1828489002279,131.349174885937,3.39811091852633));
#7781=CARTESIAN_POINT('Ctrl Pts',(-23.3291560557185,131.564028082693,2.791737974524));
#7782=CARTESIAN_POINT('Ctrl Pts',(-22.6086576730066,131.521851323176,3.0003200640169));
#7783=CARTESIAN_POINT('Ctrl Pts',(-21.8889057537544,131.5,3.16617081607657));
#7784=CARTESIAN_POINT('Ctrl Pts',(-21.1655529232707,131.5,3.3127669818632));
#7785=CARTESIAN_POINT('',(-21.6368259245018,131.503053800819,3.21385717460897));
#7786=CARTESIAN_POINT('Ctrl Pts',(-21.1655529232707,131.5,3.3127669818632));
#7787=CARTESIAN_POINT('Ctrl Pts',(-21.3228222121197,131.5,3.28089446575534));
#7788=CARTESIAN_POINT('Ctrl Pts',(-21.4799212851607,131.501032916502,3.24811178142855));
#7789=CARTESIAN_POINT('Ctrl Pts',(-21.6368948218916,131.50308306743,3.21417765005738));
#7790=CARTESIAN_POINT('Ctrl Pts',(-23.3291560557185,131.564028082693,2.791737974524));
#7791=CARTESIAN_POINT('Ctrl Pts',(-22.76530635602,131.531021272742,2.95497074692856));
#7792=CARTESIAN_POINT('Ctrl Pts',(-22.2019138173905,131.510462491006,3.09203331146649));
#7793=CARTESIAN_POINT('Ctrl Pts',(-21.6368948218221,131.503083067429,3.21417765007239));
#7794=CARTESIAN_POINT('Ctrl Pts',(-35.2607137893808,124.162154638246,2.45458738897662));
#7795=CARTESIAN_POINT('Ctrl Pts',(-33.8339609944682,126.103446070616,2.35453549270686));
#7796=CARTESIAN_POINT('Ctrl Pts',(-29.6362169275325,129.931645835154,2.18941851746415));
#7797=CARTESIAN_POINT('Ctrl Pts',(-24.2148436182555,131.438445627954,2.73029206814938));
#7798=CARTESIAN_POINT('Ctrl Pts',(-21.1692007549268,131.467730485506,3.33076656145223));
#7799=CARTESIAN_POINT('Ctrl Pts',(-35.5957020053605,124.406113246418,2.23872616495132));
#7800=CARTESIAN_POINT('Ctrl Pts',(-34.1274824164035,126.387231944836,2.13492504545922));
#7801=CARTESIAN_POINT('Ctrl Pts',(-29.8123128147919,130.289572303762,1.96187186521205));
#7802=CARTESIAN_POINT('Ctrl Pts',(-24.2507216240118,131.828304147287,2.50577788896762));
#7803=CARTESIAN_POINT('Ctrl Pts',(-21.1250730125905,131.863775357751,3.11302602812723));
#7804=CARTESIAN_POINT('Ctrl Pts',(-36.2869821282178,124.897110878755,1.50533888378452));
#7805=CARTESIAN_POINT('Ctrl Pts',(-34.7307757229497,126.961079721334,1.40209536962741));
#7806=CARTESIAN_POINT('Ctrl Pts',(-30.162116422262,131.022428582911,1.23137232805257));
#7807=CARTESIAN_POINT('Ctrl Pts',(-24.285764724366,132.626543970771,1.78263126824111));
#7808=CARTESIAN_POINT('Ctrl Pts',(-20.9797417620443,132.668723166062,2.39591469798947));
#7809=CARTESIAN_POINT('Ctrl Pts',(-36.5898429998871,125.079168637283,0.418554364399824));
#7810=CARTESIAN_POINT('Ctrl Pts',(-34.9936616242258,127.185329114384,0.331530381836027));
#7811=CARTESIAN_POINT('Ctrl Pts',(-30.2907515297698,131.346579205485,0.198140815509656));
#7812=CARTESIAN_POINT('Ctrl Pts',(-24.1967584438389,132.978980996122,0.757099010949229));
#7813=CARTESIAN_POINT('Ctrl Pts',(-20.7697733898126,133.,1.35986293257766));
#7814=CARTESIAN_POINT('Ctrl Pts',(-36.6027780724533,125.062060727117,-0.204085502610198));
#7815=CARTESIAN_POINT('Ctrl Pts',(-35.005400220606,127.174750597999,-0.281634377110632));
#7816=CARTESIAN_POINT('Ctrl Pts',(-30.2803996536683,131.365946163017,-0.393387629689722));
#7817=CARTESIAN_POINT('Ctrl Pts',(-24.1124143055671,133.,0.16992652977361));
#7818=CARTESIAN_POINT('Ctrl Pts',(-20.6495122307728,133.,0.766455531218128));
#7819=CARTESIAN_POINT('Origin',(-20.6495122307728,130.,0.766455531218127));
#7820=CARTESIAN_POINT('Ctrl Pts',(-20.6495122307728,133.,0.766455531218128));
#7821=CARTESIAN_POINT('Ctrl Pts',(-24.1124143055671,133.,0.16992652977361));
#7822=CARTESIAN_POINT('Ctrl Pts',(-30.2803996536683,131.365946163017,-0.393387629689722));
#7823=CARTESIAN_POINT('Ctrl Pts',(-35.005400220606,127.174750597999,-0.281634377110632));
#7824=CARTESIAN_POINT('Ctrl Pts',(-36.6027780724533,125.062060727117,-0.204085502610198));
#7825=CARTESIAN_POINT('Origin',(-31.1851659836255,130.,52.7527740152539));
#7826=CARTESIAN_POINT('Origin',(-0.17515735998612,130.,9.71840781002894));
#7827=CARTESIAN_POINT('Ctrl Pts',(-1.69404044972117,131.5,11.8262489235185));
#7828=CARTESIAN_POINT('Ctrl Pts',(-0.924592318361095,131.455378340601,12.4124573603602));
#7829=CARTESIAN_POINT('Ctrl Pts',(0.823515115563815,131.020153893026,13.8170080961474));
#7830=CARTESIAN_POINT('Ctrl Pts',(2.2939217599173,129.767004895838,15.1505581851407));
#7831=CARTESIAN_POINT('Ctrl Pts',(2.96433788587435,128.813870370763,15.7856044773498));
#7832=CARTESIAN_POINT('Ctrl Pts',(-1.54098771735966,131.953449841059,11.6138488750988));
#7833=CARTESIAN_POINT('Ctrl Pts',(-0.742230943873429,131.898327688373,12.2412220626954));
#7834=CARTESIAN_POINT('Ctrl Pts',(1.06976697122663,131.42481685961,13.7398117657736));
#7835=CARTESIAN_POINT('Ctrl Pts',(2.59182783815951,130.101759347036,15.1561448933355));
#7836=CARTESIAN_POINT('Ctrl Pts',(3.28598014330389,129.099277663001,15.8299188112187));
#7837=CARTESIAN_POINT('Ctrl Pts',(-1.09294604794707,132.719135609407,10.9920757723979));
#7838=CARTESIAN_POINT('Ctrl Pts',(-0.251830491308966,132.657196601668,11.7075649803208));
#7839=CARTESIAN_POINT('Ctrl Pts',(1.65855772279353,132.138049193581,13.4074842028849));
#7840=CARTESIAN_POINT('Ctrl Pts',(3.26820058591266,130.699720283103,14.9984818099335));
#7841=CARTESIAN_POINT('Ctrl Pts',(4.0031096258781,129.611995770539,15.7534281126726));
#7842=CARTESIAN_POINT('Ctrl Pts',(-0.481262824709304,133.,10.1432079068682));
#7843=CARTESIAN_POINT('Ctrl Pts',(0.367239285836276,132.972851020453,10.9240239389576));
#7844=CARTESIAN_POINT('Ctrl Pts',(2.31230879046823,132.506929701206,12.7868952126769));
#7845=CARTESIAN_POINT('Ctrl Pts',(3.97474453708568,131.041547143164,14.5337849389608));
#7846=CARTESIAN_POINT('Ctrl Pts',(4.73632598604589,129.914971753032,15.361503754215));
#7847=CARTESIAN_POINT('Ctrl Pts',(-0.17515735998627,133.,9.71840781002879));
#7848=CARTESIAN_POINT('Ctrl Pts',(0.670161532384768,133.,10.5180579804613));
#7849=CARTESIAN_POINT('Ctrl Pts',(2.61982919932656,132.585592306659,12.436542910025));
#7850=CARTESIAN_POINT('Ctrl Pts',(4.30154418003172,131.131664724903,14.2466891902209));
#7851=CARTESIAN_POINT('Ctrl Pts',(5.07333699188516,129.999999951692,15.1044656018144));
#7852=CARTESIAN_POINT('Origin',(-20.6495122307728,113.,-16.4232938043992));
#7853=CARTESIAN_POINT('Origin',(-20.6495122307728,47.,-40.3144989651336));
#7854=CARTESIAN_POINT('Origin',(-35.6495122307728,80.,-31.5644989651336));
#7855=CARTESIAN_POINT('',(-35.6495122307728,110.,-16.0603480005273));
#7856=CARTESIAN_POINT('Origin',(-15.6495122307728,110.,-16.0603480005273));
#7857=CARTESIAN_POINT('',(0.,27.,8.88178419700125E-15));
#7858=UNCERTAINTY_MEASURE_WITH_UNIT(LENGTH_MEASURE(0.01),#7862,
'DISTANCE_ACCURACY_VALUE',
'Maximum model space distance between geometric entities at asserted c
onnectivities');
#7859=UNCERTAINTY_MEASURE_WITH_UNIT(LENGTH_MEASURE(0.01),#7862,
'DISTANCE_ACCURACY_VALUE',
'Maximum model space distance between geometric entities at asserted c
onnectivities');
#7860=(
GEOMETRIC_REPRESENTATION_CONTEXT(3)
GLOBAL_UNCERTAINTY_ASSIGNED_CONTEXT((#7858))
GLOBAL_UNIT_ASSIGNED_CONTEXT((#7862,#7864,#7865))
REPRESENTATION_CONTEXT('','3D')
);
#7861=(
GEOMETRIC_REPRESENTATION_CONTEXT(3)
GLOBAL_UNCERTAINTY_ASSIGNED_CONTEXT((#7859))
GLOBAL_UNIT_ASSIGNED_CONTEXT((#7862,#7864,#7865))
REPRESENTATION_CONTEXT('','3D')
);
#7862=(
LENGTH_UNIT()
NAMED_UNIT(*)
SI_UNIT(.MILLI.,.METRE.)
);
#7863=(
LENGTH_UNIT()
NAMED_UNIT(*)
SI_UNIT(.CENTI.,.METRE.)
);
#7864=(
NAMED_UNIT(*)
PLANE_ANGLE_UNIT()
SI_UNIT($,.RADIAN.)
);
#7865=(
NAMED_UNIT(*)
SI_UNIT($,.STERADIAN.)
SOLID_ANGLE_UNIT()
);
#7866=SHAPE_DEFINITION_REPRESENTATION(#7867,#7868);
#7867=PRODUCT_DEFINITION_SHAPE('',$,#7870);
#7868=SHAPE_REPRESENTATION('',(#3409),#7860);
#7869=PRODUCT_DEFINITION_CONTEXT('part definition',#7874,'design');
#7870=PRODUCT_DEFINITION('handle_monitor','handle_monitor',#7871,#7869);
#7871=PRODUCT_DEFINITION_FORMATION('',$,#7876);
#7872=PRODUCT_RELATED_PRODUCT_CATEGORY('handle_monitor',
'handle_monitor',(#7876));
#7873=APPLICATION_PROTOCOL_DEFINITION('international standard',
'automotive_design',2009,#7874);
#7874=APPLICATION_CONTEXT(
'Core Data for Automotive Mechanical Design Process');
#7875=PRODUCT_CONTEXT('part definition',#7874,'mechanical');
#7876=PRODUCT('handle_monitor','handle_monitor',$,(#7875));
#7877=PRESENTATION_STYLE_ASSIGNMENT((#7880));
#7878=PRESENTATION_STYLE_ASSIGNMENT((#7881));
#7879=PRESENTATION_STYLE_ASSIGNMENT((#7882));
#7880=SURFACE_STYLE_USAGE(.BOTH.,#7887);
#7881=SURFACE_STYLE_USAGE(.BOTH.,#7888);
#7882=SURFACE_STYLE_USAGE(.BOTH.,#7889);
#7883=SURFACE_STYLE_RENDERING_WITH_PROPERTIES($,#7899,(#7885));
#7884=SURFACE_STYLE_RENDERING_WITH_PROPERTIES($,#7900,(#7886));
#7885=SURFACE_STYLE_TRANSPARENT(0.);
#7886=SURFACE_STYLE_TRANSPARENT(0.);
#7887=SURFACE_SIDE_STYLE('',(#7890,#7883));
#7888=SURFACE_SIDE_STYLE('',(#7891,#7884));
#7889=SURFACE_SIDE_STYLE('',(#7892));
#7890=SURFACE_STYLE_FILL_AREA(#7893);
#7891=SURFACE_STYLE_FILL_AREA(#7894);
#7892=SURFACE_STYLE_FILL_AREA(#7895);
#7893=FILL_AREA_STYLE('',(#7896));
#7894=FILL_AREA_STYLE('',(#7897));
#7895=FILL_AREA_STYLE('',(#7898));
#7896=FILL_AREA_STYLE_COLOUR('',#7899);
#7897=FILL_AREA_STYLE_COLOUR('',#7900);
#7898=FILL_AREA_STYLE_COLOUR('',#7901);
#7899=COLOUR_RGB('',0.749019607843137,0.749019607843137,0.749019607843137);
#7900=COLOUR_RGB('',0.352941176470588,0.352941176470588,0.352941176470588);
#7901=COLOUR_RGB('',1.,1.,0.);
ENDSEC;
END-ISO-10303-21;
